t_s,t_capture,in_J1_deg,filt_J1_deg,target_J1_deg,cmd_J1_deg,act_J1_deg,ratelim_J1,rangeclamp_J1,halted_J1,in_J2_deg,filt_J2_deg,target_J2_deg,cmd_J2_deg,act_J2_deg,ratelim_J2,rangeclamp_J2,halted_J2,in_J3_deg,filt_J3_deg,target_J3_deg,cmd_J3_deg,act_J3_deg,ratelim_J3,rangeclamp_J3,halted_J3,in_J4_deg,filt_J4_deg,target_J4_deg,cmd_J4_deg,act_J4_deg,ratelim_J4,rangeclamp_J4,halted_J4,in_J5_deg,filt_J5_deg,target_J5_deg,cmd_J5_deg,act_J5_deg,ratelim_J5,rangeclamp_J5,halted_J5,in_J6_deg,filt_J6_deg,target_J6_deg,cmd_J6_deg,act_J6_deg,ratelim_J6,rangeclamp_J6,halted_J6
0.001005,1788532541.543394,0.0000,0.0000,0.0000,0.0000,0.0000,0,0,0,0.0000,0.0000,0.0000,0.0000,0.0000,0,0,0,0.0000,0.0000,0.0000,0.0000,0.0000,0,0,0,0.0000,0.0000,0.0000,0.0000,0.0000,0,0,0,0.0000,0.0000,0.0000,0.0000,0.0000,0,0,0,0.0000,0.0000,0.0000,0.0000,0.0000,0,0,0
0.008592,1788532541.543394,0.0000,0.0000,0.0000,0.0000,0.0000,0,0,0,0.0000,0.0000,0.0000,0.0000,0.0000,0,0,0,0.0000,0.0000,0.0000,0.0000,0.0000,0,0,0,0.0000,0.0000,0.0000,0.0000,0.0000,0,0,0,0.0000,0.0000,0.0000,0.0000,0.0000,0,0,0,0.0000,0.0000,0.0000,0.0000,0.0000,0,0,0
0.016244,1788532541.563239,0.0000,0.0000,0.0000,0.0000,0.0000,0,0,0,0.0000,0.0000,0.0000,0.0000,0.0000,0,0,0,0.0000,0.0000,0.0000,0.0000,0.0000,0,0,0,0.0000,0.0000,0.0000,0.0000,0.0000,0,0,0,0.0000,0.0000,0.0000,0.0000,0.0000,0,0,0,0.0000,0.0000,0.0000,0.0000,0.0000,0,0,0
0.024866,1788532541.570171,-0.0886,-0.0037,-0.0037,-0.0037,0.0000,0,0,0,0.1125,0.0047,-0.0103,-0.0103,0.0000,0,0,0,-0.1046,-0.0044,-0.0065,-0.0065,0.0000,0,0,0,-0.0855,-0.0036,0.0043,0.0043,0.0000,0,0,0,-0.0841,-0.0035,-0.0042,-0.0042,0.0000,0,0,0,0.2469,0.0103,0.0124,0.0124,0.0000,0,0,0
0.032436,1788532541.577834,-0.0886,-0.0076,-0.0076,-0.0076,0.0000,0,0,0,0.1125,0.0096,-0.0212,-0.0212,0.0000,0,0,0,-0.1046,-0.0090,-0.0135,-0.0135,0.0000,0,0,0,-0.0855,-0.0073,0.0088,0.0088,0.0000,0,0,0,-0.0841,-0.0072,-0.0087,-0.0087,0.0000,0,0,0,0.2469,0.0212,0.0254,0.0254,0.0000,0,0,0
0.041068,1788532541.585523,-0.1606,-0.0147,-0.0147,-0.0147,0.0000,0,0,0,0.1691,0.0170,-0.0374,-0.0374,0.0000,0,0,0,-0.1463,-0.0153,-0.0230,-0.0230,0.0000,0,0,0,-0.1194,-0.0125,0.0150,0.0150,0.0000,0,0,0,-0.0841,-0.0108,-0.0129,-0.0129,0.0000,0,0,0,0.3621,0.0369,0.0443,0.0443,0.0000,0,0,0
0.048683,1788532541.593080,-0.1606,-0.0213,-0.0213,-0.0213,0.0000,0,0,0,0.1691,0.0239,-0.0526,-0.0526,0.0000,0,0,0,-0.1463,-0.0212,-0.0319,-0.0319,0.0000,0,0,0,-0.1194,-0.0173,0.0208,0.0208,0.0000,0,0,0,-0.0841,-0.0141,-0.0169,-0.0169,0.0000,0,0,0,0.3621,0.0517,0.0620,0.0620,0.0000,0,0,0
0.056418,1788532541.600819,-0.2557,-0.0321,-0.0321,-0.0321,-0.0000,0,0,0,0.4512,0.0437,-0.0962,-0.0962,-0.0000,0,0,0,-0.1519,-0.0273,-0.0410,-0.0410,-0.0000,0,0,0,-0.0529,-0.0190,0.0228,0.0228,0.0000,0,0,0,-0.0619,-0.0163,-0.0196,-0.0196,-0.0000,0,0,0,0.3740,0.0666,0.0799,0.0799,0.0000,0,0,0
0.064302,1788532541.609956,-0.2557,-0.0443,-0.0443,-0.0443,-0.0000,0,0,0,0.4512,0.0659,-0.1449,-0.1449,-0.0000,0,0,0,-0.1519,-0.0341,-0.0511,-0.0511,-0.0000,0,0,0,-0.0529,-0.0208,0.0250,0.0250,0.0000,0,0,0,-0.0619,-0.0188,-0.0225,-0.0225,-0.0000,0,0,0,0.3740,0.0833,0.1000,0.1000,0.0000,0,0,0
0.072787,1788532541.618169,-0.3460,-0.0591,-0.0591,-0.0591,-0.0000,0,0,0,0.5357,0.0889,-0.1957,-0.1957,-0.0000,0,0,0,-0.1782,-0.0411,-0.0617,-0.0617,-0.0000,0,0,0,-0.0848,-0.0240,0.0288,0.0288,0.0000,0,0,0,-0.0570,-0.0207,-0.0248,-0.0248,-0.0000,0,0,0,0.4540,0.1015,0.1218,0.1218,0.0001,0,0,0
0.080756,1788532541.626164,-0.3460,-0.0728,-0.0728,-0.0728,-0.0000,0,0,0,0.5357,0.1103,-0.2428,-0.2428,-0.0001,0,0,0,-0.1782,-0.0477,-0.0716,-0.0716,-0.0001,0,0,0,-0.0848,-0.0269,0.0323,0.0323,0.0000,0,0,0,-0.0570,-0.0224,-0.0269,-0.0269,-0.0000,0,0,0,0.4540,0.1184,0.1421,0.1421,0.0001,0,0,0
0.088813,1788532541.634119,-0.4600,-0.0913,-0.0913,-0.0913,-0.0001,0,0,0,0.6096,0.1342,-0.2951,-0.2951,-0.0003,0,0,0,-0.1728,-0.0537,-0.0805,-0.0805,-0.0002,0,0,0,-0.0854,-0.0297,0.0356,0.0356,0.0001,0,0,0,-0.0088,-0.0217,-0.0261,-0.0261,-0.0001,0,0,0,0.4932,0.1363,0.1635,0.1635,0.0003,0,0,0
0.096513,1788532541.641885,-0.4705,-0.1090,-0.1090,-0.1090,-0.0002,0,0,0,0.6443,0.1579,-0.3475,-0.3475,-0.0006,0,0,0,-0.1727,-0.0592,-0.0888,-0.0888,-0.0003,0,0,0,-0.0854,-0.0323,0.0387,0.0387,0.0002,0,0,0,-0.0088,-0.0211,-0.0254,-0.0254,-0.0002,0,0,0,0.4932,0.1529,0.1835,0.1835,0.0006,0,0,0
0.104649,1788532541.650373,-0.5408,-0.1309,-0.1309,-0.1309,-0.0005,0,0,0,0.7249,0.1867,-0.4108,-0.4108,-0.0013,0,0,0,-0.1728,-0.0650,-0.0974,-0.0974,-0.0006,0,0,0,-0.0411,-0.0327,0.0393,0.0393,0.0004,0,0,0,-0.0135,-0.0208,-0.0249,-0.0249,-0.0003,0,0,0,0.3404,0.1624,0.1949,0.1949,0.0012,0,0,0
0.112336,1788532541.656783,-0.5408,-0.1468,-0.1468,-0.1468,-0.0008,0,0,0,0.7249,0.2076,-0.4567,-0.4567,-0.0025,0,0,0,-0.1728,-0.0691,-0.1037,-0.1037,-0.0010,0,0,0,-0.0411,-0.0330,0.0396,0.0396,0.0006,0,0,0,-0.0135,-0.0205,-0.0246,-0.0246,-0.0005,0,0,0,0.3404,0.1693,0.2032,0.2032,0.0020,0,0,0
0.121008,1788532541.665390,-0.5017,-0.1650,-0.1650,-0.1650,-0.0014,0,0,0,1.0683,0.2519,-0.5541,-0.5541,-0.0044,0,0,0,-0.2047,-0.0761,-0.1142,-0.1142,-0.0017,0,0,0,-0.0497,-0.0339,0.0407,0.0407,0.0009,0,0,0,-0.0992,-0.0245,-0.0294,-0.0294,-0.0008,0,0,0,0.4757,0.1851,0.2221,0.2221,0.0033,0,0,0
0.128666,1788532541.673082,-0.5017,-0.1806,-0.1806,-0.1806,-0.0023,0,0,0,1.0683,0.2897,-0.6372,-0.6372,-0.0072,0,0,0,-0.2047,-0.0820,-0.1231,-0.1231,-0.0025,0,0,0,-0.0497,-0.0346,0.0415,0.0415,0.0013,0,0,0,-0.0992,-0.0280,-0.0335,-0.0335,-0.0011,0,0,0,0.4757,0.1985,0.2382,0.2382,0.0050,0,0,0
0.137128,1788532541.682015,-0.5017,-0.1977,-0.1977,-0.1977,-0.0032,0,0,0,1.0683,0.3312,-0.7286,-0.7286,-0.0101,0,0,0,-0.2047,-0.0886,-0.1328,-0.1328,-0.0033,0,0,0,-0.0497,-0.0354,0.0425,0.0425,0.0017,0,0,0,-0.0992,-0.0317,-0.0381,-0.0381,-0.0014,0,0,0,0.4757,0.2133,0.2559,0.2559,0.0066,0,0,0
0.145188,1788532541.689598,-0.4988,-0.2114,-0.2114,-0.2114,-0.0048,0,0,0,1.1730,0.3696,-0.8132,-0.8132,-0.0153,0,0,0,-0.2139,-0.0943,-0.1414,-0.1414,-0.0047,0,0,0,-0.0473,-0.0360,0.0432,0.0432,0.0023,0,0,0,-0.0950,-0.0346,-0.0415,-0.0415,-0.0018,0,0,0,0.3736,0.2206,0.2647,0.2647,0.0094,0,0,0
0.153193,1788532541.698602,-0.4988,-0.2268,-0.2268,-0.2268,-0.0070,0,0,0,1.1730,0.4128,-0.9083,-0.9083,-0.0224,0,0,0,-0.2139,-0.1007,-0.1510,-0.1510,-0.0064,0,0,0,-0.0473,-0.0366,0.0439,0.0439,0.0030,0,0,0,-0.0950,-0.0379,-0.0454,-0.0454,-0.0023,0,0,0,0.3736,0.2288,0.2746,0.2746,0.0128,0,0,0
0.160653,1788532541.705543,-0.4988,-0.2382,-0.2382,-0.2382,-0.0097,0,0,0,1.1730,0.4448,-0.9785,-0.9785,-0.0317,0,0,0,-0.2139,-0.1054,-0.1581,-0.1581,-0.0085,0,0,0,-0.0473,-0.0370,0.0444,0.0444,0.0038,0,0,0,-0.0950,-0.0402,-0.0483,-0.0483,-0.0030,0,0,0,0.3736,0.2349,0.2818,0.2818,0.0170,0,0,0
0.168725,1788532541.713607,-0.4988,-0.2508,-0.2508,-0.2508,-0.0132,0,0,0,1.1730,0.4801,-1.0562,-1.0562,-0.0435,0,0,0,-0.2139,-0.1107,-0.1660,-0.1660,-0.0111,0,0,0,-0.0473,-0.0375,0.0450,0.0450,0.0048,0,0,0,-0.0950,-0.0429,-0.0515,-0.0515,-0.0037,0,0,0,0.3736,0.2416,0.2899,0.2899,0.0219,0,0,0
0.176362,1788532541.721850,-0.4788,-0.2621,-0.2621,-0.2621,-0.0173,0,0,0,1.0931,0.5104,-1.1229,-1.1229,-0.0584,0,0,0,-0.2578,-0.1179,-0.1769,-0.1769,-0.0141,0,0,0,-0.0485,-0.0381,0.0457,0.0457,0.0058,0,0,0,-0.1147,-0.0464,-0.0557,-0.0557,-0.0046,0,0,0,0.3834,0.2486,0.2983,0.2983,0.0277,0,0,0
0.184448,1788532541.729846,-0.4788,-0.2725,-0.2725,-0.2725,-0.0223,0,0,0,1.0931,0.5384,-1.1846,-1.1846,-0.0766,0,0,0,-0.2578,-0.1246,-0.1869,-0.1869,-0.0175,0,0,0,-0.0485,-0.0386,0.0463,0.0463,0.0070,0,0,0,-0.1147,-0.0497,-0.0596,-0.0596,-0.0056,0,0,0,0.3834,0.2550,0.3060,0.3060,0.0344,0,0,0
0.193158,1788532541.738549,-0.4375,-0.2810,-0.2810,-0.2810,-0.0280,0,0,0,1.1101,0.5683,-1.2502,-1.2502,-0.0985,0,0,0,-0.2626,-0.1318,-0.1977,-0.1977,-0.0215,0,0,0,-0.0550,-0.0394,0.0473,0.0473,0.0083,0,0,0,-0.1298,-0.0538,-0.0646,-0.0646,-0.0068,0,0,0,0.6594,0.2760,0.3313,0.3313,0.0418,0,0,0
0.200859,1788532541.746636,-0.4375,-0.2886,-0.2886,-0.2886,-0.0346,0,0,0,1.1101,0.5946,-1.3081,-1.3081,-0.1244,0,0,0,-0.2626,-0.1381,-0.2072,-0.2072,-0.0260,0,0,0,-0.0550,-0.0402,0.0482,0.0482,0.0097,0,0,0,-0.1298,-0.0575,-0.0690,-0.0690,-0.0082,0,0,0,0.6594,0.2946,0.3536,0.3536,0.0501,0,0,0
0.208917,1788532541.753683,-0.3638,-0.2918,-0.2918,-0.2918,-0.0421,0,0,0,1.6250,0.6386,-1.4048,-1.4048,-0.1545,0,0,0,-0.2989,-0.1449,-0.2174,-0.2174,-0.0311,0,0,0,-0.0226,-0.0394,0.0473,0.0473,0.0112,0,0,0,-0.1781,-0.0626,-0.0752,-0.0752,-0.0097,0,0,0,0.6149,0.3082,0.3699,0.3699,0.0592,0,0,0
0.217144,1788532541.762330,-0.3638,-0.2955,-0.2955,-0.2955,-0.0504,0,0,0,1.6250,0.6897,-1.5174,-1.5174,-0.1889,0,0,0,-0.2989,-0.1529,-0.2293,-0.2293,-0.0368,0,0,0,-0.0226,-0.0386,0.0463,0.0463,0.0127,0,0,0,-0.1781,-0.0686,-0.0823,-0.0823,-0.0115,0,0,0,0.6149,0.3241,0.3889,0.3889,0.0691,0,0,0
0.224861,1788532541.770277,-0.3638,-0.2988,-0.2988,-0.2988,-0.0595,0,0,0,1.6250,0.7345,-1.6159,-1.6159,-0.2278,0,0,0,-0.2989,-0.1598,-0.2397,-0.2397,-0.0431,0,0,0,-0.0226,-0.0378,0.0454,0.0454,0.0144,0,0,0,-0.1781,-0.0738,-0.0886,-0.0886,-0.0134,0,0,0,0.6149,0.3380,0.4056,0.4056,0.0801,0,0,0
0.232508,1788532541.777965,-0.3638,-0.3018,-0.3018,-0.3018,-0.0669,0,0,0,1.6250,0.7758,-1.7068,-1.7068,-0.2598,0,0,0,-0.2989,-0.1662,-0.2494,-0.2494,-0.0482,0,0,0,-0.0226,-0.0371,0.0445,0.0445,0.0157,0,0,0,-0.1781,-0.0786,-0.0943,-0.0943,-0.0151,0,0,0,0.6149,0.3508,0.4209,0.4209,0.0889,0,0,0
0.241182,1788532541.785524,-0.3284,-0.3030,-0.3030,-0.3030,-0.0772,0,0,0,1.7452,0.8201,-1.8043,-1.8043,-0.3068,0,0,0,-0.2933,-0.1720,-0.2580,-0.2580,-0.0556,0,0,0,-0.0611,-0.0382,0.0458,0.0458,0.0174,0,0,0,-0.1722,-0.0829,-0.0994,-0.0994,-0.0175,0,0,0,0.5286,0.3588,0.4306,0.4306,0.1015,0,0,0
0.249169,1788532541.794622,-0.2984,-0.3028,-0.3028,-0.3028,-0.0882,0,0,0,1.7445,0.8705,-1.9151,-1.9151,-0.3589,0,0,0,-0.2983,-0.1789,-0.2683,-0.2683,-0.0636,0,0,0,-0.0611,-0.0394,0.0473,0.0473,0.0192,0,0,0,-0.1840,-0.0883,-0.1060,-0.1060,-0.0202,0,0,0,0.5340,0.3683,0.4420,0.4420,0.1151,0,0,0
0.256352,1788532541.801982,-0.2984,-0.3026,-0.3026,-0.3026,-0.0996,0,0,0,1.7445,0.9094,-2.0008,-2.0008,-0.4162,0,0,0,-0.2983,-0.1841,-0.2762,-0.2762,-0.0722,0,0,0,-0.0611,-0.0404,0.0485,0.0485,0.0209,0,0,0,-0.1840,-0.0926,-0.1111,-0.1111,-0.0233,0,0,0,0.5340,0.3757,0.4508,0.4508,0.1297,0,0,0
0.265156,1788532541.810087,-0.2984,-0.3024,-0.3024,-0.3024,-0.1114,0,0,0,1.7445,0.9502,-2.0905,-2.0905,-0.4785,0,0,0,-0.2983,-0.1897,-0.2845,-0.2845,-0.0814,0,0,0,-0.0611,-0.0414,0.0497,0.0497,0.0227,0,0,0,-0.1840,-0.0970,-0.1164,-0.1164,-0.0266,0,0,0,0.5340,0.3834,0.4601,0.4601,0.1450,0,0,0
0.273217,1788532541.817544,-0.2984,-0.3022,-0.3022,-0.3022,-0.1204,0,0,0,1.7445,0.9861,-2.1694,-2.1694,-0.5284,0,0,0,-0.2983,-0.1945,-0.2918,-0.2918,-0.0886,0,0,0,-0.0611,-0.0423,0.0507,0.0507,0.0240,0,0,0,-0.1840,-0.1009,-0.1211,-0.1211,-0.0292,0,0,0,0.5340,0.3901,0.4682,0.4682,0.1571,0,0,0
0.281169,1788532541.826646,0.0860,-0.2812,-0.2812,-0.2812,-0.1356,0,0,0,1.7500,1.0278,-2.2611,-2.2611,-0.6183,0,0,0,-0.2721,-0.1988,-0.2981,-0.2981,-0.1013,0,0,0,0.0199,-0.0389,0.0467,0.0467,0.0261,0,0,0,-0.2510,-0.1090,-0.1308,-0.1308,-0.0341,0,0,0,0.3124,0.3859,0.4631,0.4631,0.1780,0,0,0
0.288500,1788532541.833904,0.0860,-0.2651,-0.2651,-0.2651,-0.1478,0,0,0,1.7500,1.0595,-2.3310,-2.3310,-0.6960,0,0,0,-0.2721,-0.2020,-0.3029,-0.3029,-0.1119,0,0,0,0.0199,-0.0363,0.0436,0.0436,0.0279,0,0,0,-0.2510,-0.1152,-0.1383,-0.1383,-0.0383,0,0,0,0.3124,0.3827,0.4592,0.4592,0.1953,0,0,0
0.296530,1788532541.841923,0.0860,-0.2483,-0.2483,-0.2483,-0.1599,0,0,0,1.7500,1.0929,-2.4045,-2.4045,-0.7785,0,0,0,-0.2721,-0.2053,-0.3080,-0.3080,-0.1230,0,0,0,0.0199,-0.0336,0.0404,0.0404,0.0296,0,0,0,-0.2510,-0.1217,-0.1461,-0.1461,-0.0428,0,0,0,0.3124,0.3793,0.4552,0.4552,0.2131,0,0,0
0.304627,1788532541.851049,0.0860,-0.2301,-0.2301,-0.2301,-0.1687,0,0,0,1.7500,1.1289,-2.4835,-2.4835,-0.8433,0,0,0,-0.2721,-0.2090,-0.3134,-0.3134,-0.1315,0,0,0,0.0199,-0.0307,0.0369,0.0369,0.0308,0,0,0,-0.2510,-0.1288,-0.1545,-0.1545,-0.0464,0,0,0,0.3124,0.3757,0.4508,0.4508,0.2266,0,0,0
0.312590,1788532541.859011,0.0860,-0.2151,-0.2151,-0.2151,-0.1798,0,0,0,1.7500,1.1587,-2.5492,-2.5492,-0.9338,0,0,0,-0.2721,-0.2120,-0.3179,-0.3179,-0.1432,0,0,0,0.0199,-0.0283,0.0340,0.0340,0.0324,0,0,0,-0.2510,-0.1346,-0.1615,-0.1615,-0.0515,0,0,0,0.3124,0.3727,0.4472,0.4472,0.2446,0,0,0
0.320941,1788532541.865293,0.0860,-0.2036,-0.2036,-0.2036,-0.1899,0,0,0,1.7500,1.1814,-2.5990,-2.5990,-1.0283,0,0,0,-0.2721,-0.2142,-0.3214,-0.3214,-0.1550,0,0,0,0.0199,-0.0265,0.0318,0.0318,0.0338,0,0,0,-0.2510,-0.1390,-0.1668,-0.1668,-0.0570,0,0,0,0.3124,0.3704,0.4445,0.4445,0.2623,0,0,0
0.328887,1788532541.874298,0.7151,-0.1544,-0.1544,-0.1544,-0.1989,0,0,0,1.6976,1.2093,-2.6604,-2.6604,-1.1263,0,0,0,-0.2685,-0.2172,-0.3257,-0.3257,-0.1669,0,0,0,0.0301,-0.0235,0.0282,0.0282,0.0350,0,0,0,-0.2372,-0.1443,-0.1731,-0.1731,-0.0629,0,0,0,0.1734,0.3598,0.4318,0.4318,0.2795,0,0,0
0.337414,1788532541.882785,0.7151,-0.1103,-0.1103,-0.1103,-0.2065,0,0,0,1.6976,1.2342,-2.7152,-2.7152,-1.2271,0,0,0,-0.2685,-0.2198,-0.3296,-0.3296,-0.1789,0,0,0,0.0301,-0.0208,0.0249,0.0249,0.0360,0,0,0,-0.2372,-0.1490,-0.1788,-0.1788,-0.0691,0,0,0,0.1734,0.3504,0.4204,0.4204,0.2961,0,0,0
0.345473,1788532541.889847,0.7151,-0.0752,-0.0752,-0.0752,-0.2127,0,0,0,1.6976,1.2541,-2.7589,-2.7589,-1.3298,0,0,0,-0.2685,-0.2218,-0.3328,-0.3328,-0.1908,0,0,0,0.0301,-0.0186,0.0223,0.0223,0.0368,0,0,0,-0.2372,-0.1527,-0.1833,-0.1833,-0.0756,0,0,0,0.1734,0.3428,0.4114,0.4114,0.3119,0,0,0
0.353200,1788532541.898938,0.9776,-0.0182,-0.0182,-0.0182,-0.2172,0,0,0,1.7547,1.2813,-2.8189,-2.8189,-1.4336,0,0,0,-0.2601,-0.2239,-0.3359,-0.3359,-0.2025,0,0,0,-0.0005,-0.0176,0.0211,0.0211,0.0373,0,0,0,-0.2145,-0.1561,-0.1873,-0.1873,-0.0824,0,0,0,0.3473,0.3431,0.4117,0.4117,0.3266,0,0,0
0.360592,1788532541.905184,0.9776,0.0195,0.0195,0.0195,-0.2193,0,0,0,1.7547,1.2994,-2.8586,-2.8586,-1.5380,0,0,0,-0.2601,-0.2253,-0.3379,-0.3379,-0.2140,0,0,0,-0.0005,-0.0170,0.0204,0.0204,0.0375,0,0,0,-0.2145,-0.1583,-0.1899,-0.1899,-0.0894,0,0,0,0.3473,0.3432,0.4119,0.4119,0.3401,0,0,0
0.369264,1788532541.913595,0.9776,0.0678,0.0678,0.0678,-0.2192,0,0,0,1.7547,1.3224,-2.9093,-2.9093,-1.6160,0,0,0,-0.2601,-0.2270,-0.3405,-0.3405,-0.2225,0,0,0,-0.0005,-0.0161,0.0194,0.0194,0.0375,0,0,0,-0.2145,-0.1611,-0.1933,-0.1933,-0.0948,0,0,0,0.3473,0.3434,0.4121,0.4121,0.3493,0,0,0
0.377541,1788532541.921916,1.2238,0.1255,0.1255,0.1255,-0.2166,0,0,0,1.7628,1.3445,-2.9578,-2.9578,-1.7179,0,0,0,-0.2857,-0.2299,-0.3449,-0.3449,-0.2333,0,0,0,-0.0998,-0.0203,0.0244,0.0244,0.0372,0,0,0,-0.2415,-0.1651,-0.1981,-0.1981,-0.1020,0,0,0,0.7543,0.3639,0.4367,0.4367,0.3601,0,0,0
0.384613,1788532541.930970,1.2238,0.1848,0.1848,0.1848,-0.2109,0,0,0,1.7628,1.3672,-3.0078,-3.0078,-1.8169,0,0,0,-0.2857,-0.2329,-0.3494,-0.3494,-0.2435,0,0,0,-0.0998,-0.0246,0.0295,0.0295,0.0367,0,0,0,-0.2415,-0.1692,-0.2031,-0.2031,-0.1091,0,0,0,0.7543,0.3849,0.4619,0.4619,0.3695,0,0,0
0.392934,1788532541.937708,1.2238,0.2273,0.2273,0.2273,-0.2023,0,0,0,1.7628,1.3834,-3.0434,-3.0434,-1.9127,0,0,0,-0.2857,-0.2351,-0.3526,-0.3526,-0.2532,0,0,0,-0.0998,-0.0276,0.0332,0.0332,0.0360,0,0,0,-0.2415,-0.1722,-0.2066,-0.2066,-0.1160,0,0,0,0.7543,0.4000,0.4799,0.4799,0.3776,0,0,0
0.400942,1788532541.946341,1.2238,0.2788,0.2788,0.2788,-0.1906,0,0,0,1.7628,1.4030,-3.0867,-3.0867,-2.0051,0,0,0,-0.2857,-0.2377,-0.3565,-0.3565,-0.2623,0,0,0,-0.0998,-0.0313,0.0376,0.0376,0.0352,0,0,0,-0.2415,-0.1757,-0.2109,-0.2109,-0.1229,0,0,0,0.7543,0.4182,0.5019,0.5019,0.3846,0,0,0
0.408893,1788532541.954303,1.2238,0.3241,0.3241,0.3241,-0.1757,0,0,0,1.7628,1.4203,-3.1247,-3.1247,-2.0941,0,0,0,-0.2857,-0.2400,-0.3600,-0.3600,-0.2708,0,0,0,-0.0998,-0.0346,0.0415,0.0415,0.0345,0,0,0,-0.2415,-0.1789,-0.2147,-0.2147,-0.1295,0,0,0,0.7543,0.4343,0.5211,0.5211,0.3911,0,0,0
0.416651,1788532541.962355,1.2238,0.3677,0.3677,0.3677,-0.1576,0,0,0,1.7628,1.4369,-3.1612,-3.1612,-2.1797,0,0,0,-0.2857,-0.2422,-0.3633,-0.3633,-0.2789,0,0,0,-0.0998,-0.0377,0.0453,0.0453,0.0338,0,0,0,-0.2415,-0.1819,-0.2183,-0.2183,-0.1360,0,0,0,0.7543,0.4497,0.5396,0.5396,0.3975,0,0,0
0.425559,1788532541.970051,1.2238,0.4075,0.4075,0.4075,-0.1365,0,0,0,1.7628,1.4521,-3.1946,-3.1946,-2.2619,0,0,0,-0.2857,-0.2442,-0.3663,-0.3663,-0.2865,0,0,0,-0.0998,-0.0406,0.0487,0.0487,0.0332,0,0,0,-0.2415,-0.1846,-0.2216,-0.2216,-0.1423,0,0,0,0.7543,0.4638,0.5565,0.5565,0.4040,0,0,0
0.433347,1788532541.979607,1.2238,0.4540,0.4540,0.4540,-0.1126,0,0,0,1.7628,1.4698,-3.2336,-3.2336,-2.3407,0,0,0,-0.2857,-0.2466,-0.3698,-0.3698,-0.2937,0,0,0,-0.0998,-0.0440,0.0528,0.0528,0.0329,0,0,0,-0.2415,-0.1879,-0.2254,-0.2254,-0.1485,0,0,0,0.7543,0.4803,0.5763,0.5763,0.4109,0,0,0
0.441365,1788532541.986750,1.2238,0.4873,0.4873,0.4873,-0.0862,0,0,0,1.7628,1.4825,-3.2614,-3.2614,-2.4160,0,0,0,-0.2857,-0.2482,-0.3724,-0.3724,-0.3005,0,0,0,-0.0998,-0.0464,0.0556,0.0556,0.0328,0,0,0,-0.2415,-0.1902,-0.2282,-0.2282,-0.1545,0,0,0,0.7543,0.4921,0.5905,0.5905,0.4183,0,0,0
0.449300,1788532541.994697,1.2238,0.5226,0.5226,0.5226,-0.0648,0,0,0,1.7628,1.4959,-3.2910,-3.2910,-2.4703,0,0,0,-0.2857,-0.2500,-0.3750,-0.3750,-0.3053,0,0,0,-0.0998,-0.0489,0.0587,0.0587,0.0329,0,0,0,-0.2415,-0.1926,-0.2311,-0.2311,-0.1588,0,0,0,0.7543,0.5046,0.6055,0.6055,0.4242,0,0,0
0.457337,1788532542.001750,2.3841,0.6022,0.6022,0.6022,-0.0345,0,0,0,1.7008,1.5047,-3.3102,-3.3102,-2.5399,0,0,0,-0.2080,-0.2482,-0.3724,-0.3724,-0.3115,0,0,0,-0.0332,-0.0482,0.0579,0.0579,0.0333,0,0,0,-0.1901,-0.1925,-0.2310,-0.2310,-0.1645,0,0,0,0.4398,0.5018,0.6022,0.6022,0.4326,0,0,0
0.464862,1788532542.010777,2.4894,0.7044,0.7044,0.7044,-0.0022,0,0,0,1.6876,1.5145,-3.3320,-3.3320,-2.6064,0,0,0,-0.2714,-0.2495,-0.3742,-0.3742,-0.3173,0,0,0,-0.1155,-0.0518,0.0622,0.0622,0.0339,0,0,0,-0.2528,-0.1958,-0.2349,-0.2349,-0.1700,0,0,0,0.6523,0.5099,0.6119,0.6119,0.4417,0,0,0
0.473435,1788532542.018844,2.5728,0.7955,0.7955,0.7955,0.0321,0,0,0,1.6843,1.5228,-3.3501,-3.3501,-2.6702,0,0,0,-0.2719,-0.2506,-0.3758,-0.3758,-0.3228,0,0,0,-0.1155,-0.0549,0.0659,0.0659,0.0348,0,0,0,-0.2528,-0.1985,-0.2382,-0.2382,-0.1753,0,0,0,0.6523,0.5168,0.6202,0.6202,0.4515,0,0,0
0.481446,1788532542.026862,2.6405,0.8849,0.8849,0.8849,0.0690,0,0,0,1.6537,1.5291,-3.3640,-3.3640,-2.7312,0,0,0,-0.2714,-0.2516,-0.3773,-0.3773,-0.3280,0,0,0,-0.0719,-0.0557,0.0669,0.0669,0.0359,0,0,0,-0.2415,-0.2006,-0.2407,-0.2407,-0.1805,0,0,0,0.6380,0.5226,0.6272,0.6272,0.4619,0,0,0
0.489617,1788532542.034420,2.6713,0.9668,0.9668,0.9668,0.1088,0,0,0,1.6407,1.5342,-3.3752,-3.3752,-2.7894,0,0,0,-0.2509,-0.2515,-0.3773,-0.3773,-0.3329,0,0,0,-0.0433,-0.0552,0.0662,0.0662,0.0372,0,0,0,-0.2415,-0.2024,-0.2429,-0.2429,-0.1855,0,0,0,0.4273,0.5183,0.6220,0.6220,0.4726,0,0,0
0.497626,1788532542.041975,2.7835,1.0502,1.0502,1.0502,0.1518,0,0,0,1.6041,1.5374,-3.3822,-3.3822,-2.8446,0,0,0,-0.2416,-0.2511,-0.3766,-0.3766,-0.3374,0,0,0,0.0176,-0.0519,0.0622,0.0622,0.0388,0,0,0,-0.3073,-0.2072,-0.2486,-0.2486,-0.1903,0,0,0,0.2067,0.5042,0.6050,0.6050,0.4836,0,0,0
0.505415,1788532542.049096,2.7835,1.1254,1.1254,1.1254,0.1863,0,0,0,1.6041,1.5402,-3.3885,-3.3885,-2.8840,0,0,0,-0.2416,-0.2507,-0.3760,-0.3760,-0.3407,0,0,0,0.0176,-0.0489,0.0587,0.0587,0.0400,0,0,0,-0.3073,-0.2115,-0.2538,-0.2538,-0.1938,0,0,0,0.2067,0.4914,0.5897,0.5897,0.4919,0,0,0
0.513530,1788532542.058284,2.9662,1.2272,1.2272,1.2272,0.2478,0,0,0,1.5700,1.5419,-3.3921,-3.3921,-2.9459,0,0,0,-0.1971,-0.2477,-0.3716,-0.3716,-0.3456,0,0,0,0.0520,-0.0434,0.0521,0.0521,0.0422,0,0,0,-0.2982,-0.2162,-0.2595,-0.2595,-0.1994,0,0,0,0.0588,0.4678,0.5613,0.5613,0.5054,0,0,0
0.521206,1788532542.066602,2.9662,1.3148,1.3148,1.3148,0.3006,0,0,0,1.5700,1.5433,-3.3952,-3.3952,-2.9918,0,0,0,-0.1971,-0.2452,-0.3678,-0.3678,-0.3492,0,0,0,0.0520,-0.0387,0.0464,0.0464,0.0439,0,0,0,-0.2982,-0.2203,-0.2643,-0.2643,-0.2037,0,0,0,0.0588,0.4474,0.5369,0.5369,0.5156,0,0,0
0.529770,1788532542.074639,2.9662,1.3953,1.3953,1.3953,0.3421,0,0,0,1.5700,1.5446,-3.3981,-3.3981,-3.0243,0,0,0,-0.1971,-0.2429,-0.3644,-0.3644,-0.3517,0,0,0,0.0520,-0.0343,0.0412,0.0412,0.0452,0,0,0,-0.2982,-0.2240,-0.2688,-0.2688,-0.2069,0,0,0,0.0588,0.4287,0.5145,0.5145,0.5227,0,0,0
0.537296,1788532542.082183,2.9662,1.4675,1.4675,1.4675,0.3999,0,0,0,1.5700,1.5457,-3.4006,-3.4006,-3.0648,0,0,0,-0.1971,-0.2408,-0.3613,-0.3613,-0.3548,0,0,0,0.0520,-0.0304,0.0365,0.0365,0.0466,0,0,0,-0.2982,-0.2274,-0.2729,-0.2729,-0.2112,0,0,0,0.0588,0.4120,0.4944,0.4944,0.5309,0,0,0
0.544866,1788532542.090255,3.0915,1.5471,1.5471,1.5471,0.4607,0,0,0,1.5558,1.5462,-3.4017,-3.4017,-3.1022,0,0,0,-0.2467,-0.2411,-0.3617,-0.3617,-0.3573,0,0,0,-0.0427,-0.0310,0.0372,0.0372,0.0477,0,0,0,-0.2919,-0.2305,-0.2766,-0.2766,-0.2154,0,0,0,0.2687,0.4051,0.4861,0.4861,0.5376,0,0,0
0.552882,1788532542.099295,3.0915,1.6314,1.6314,1.6314,0.5241,0,0,0,1.5558,1.5467,-3.4028,-3.4028,-3.1365,0,0,0,-0.2467,-0.2414,-0.3621,-0.3621,-0.3595,0,0,0,-0.0427,-0.0316,0.0379,0.0379,0.0485,0,0,0,-0.2919,-0.2338,-0.2806,-0.2806,-0.2196,0,0,0,0.2687,0.3977,0.4773,0.4773,0.5425,0,0,0
0.560899,1788532542.106295,3.0915,1.6939,1.6939,1.6939,0.5898,0,0,0,1.5558,1.5471,-3.4037,-3.4037,-3.1680,0,0,0,-0.2467,-0.2416,-0.3625,-0.3625,-0.3613,0,0,0,-0.0427,-0.0321,0.0385,0.0385,0.0490,0,0,0,-0.2919,-0.2363,-0.2835,-0.2835,-0.2238,0,0,0,0.2687,0.3923,0.4708,0.4708,0.5456,0,0,0
0.569427,1788532542.114311,3.0915,1.7620,1.7620,1.7620,0.6575,0,0,0,1.5558,1.5475,-3.4046,-3.4046,-3.1966,0,0,0,-0.2467,-0.2419,-0.3628,-0.3628,-0.3626,0,0,0,-0.0427,-0.0326,0.0391,0.0391,0.0491,0,0,0,-0.2919,-0.2389,-0.2867,-0.2867,-0.2280,0,0,0,0.2687,0.3864,0.4637,0.4637,0.5470,0,0,0
0.576971,1788532542.123374,3.0915,1.8347,1.8347,1.8347,0.7270,0,0,0,1.5558,1.5480,-3.4056,-3.4056,-3.2226,0,0,0,-0.2467,-0.2421,-0.3632,-0.3632,-0.3637,0,0,0,-0.0427,-0.0331,0.0398,0.0398,0.0490,0,0,0,-0.2919,-0.2418,-0.2902,-0.2902,-0.2321,0,0,0,0.2687,0.3800,0.4560,0.4560,0.5469,0,0,0
0.584957,1788532542.129500,3.0915,1.8821,1.8821,1.8821,0.7978,0,0,0,1.5558,1.5483,-3.4062,-3.4062,-3.2460,0,0,0,-0.2467,-0.2423,-0.3635,-0.3635,-0.3645,0,0,0,-0.0427,-0.0335,0.0402,0.0402,0.0488,0,0,0,-0.2919,-0.2437,-0.2924,-0.2924,-0.2363,0,0,0,0.2687,0.3759,0.4511,0.4511,0.5456,0,0,0
0.593466,1788532542.138866,3.0915,1.9504,1.9504,1.9504,0.8517,0,0,0,1.5558,1.5487,-3.4071,-3.4071,-3.2621,0,0,0,-0.2467,-0.2426,-0.3638,-0.3638,-0.3649,0,0,0,-0.0427,-0.0340,0.0408,0.0408,0.0485,0,0,0,-0.2919,-0.2463,-0.2956,-0.2956,-0.2394,0,0,0,0.2687,0.3700,0.4439,0.4439,0.5439,0,0,0
0.601782,1788532542.146122,3.0915,2.0010,2.0010,2.0010,0.9424,0,0,0,1.5558,1.5490,-3.4078,-3.4078,-3.2860,0,0,0,-0.2467,-0.2427,-0.3641,-0.3641,-0.3655,0,0,0,-0.0427,-0.0344,0.0413,0.0413,0.0480,0,0,0,-0.2919,-0.2483,-0.2980,-0.2980,-0.2444,0,0,0,0.2687,0.3655,0.4386,0.4386,0.5397,0,0,0
0.609547,1788532542.155863,3.0915,2.0649,2.0649,2.0649,0.9971,0,0,0,1.5558,1.5494,-3.4087,-3.4087,-3.2988,0,0,0,-0.2467,-0.2430,-0.3645,-0.3645,-0.3657,0,0,0,-0.0427,-0.0349,0.0418,0.0418,0.0476,0,0,0,-0.2919,-0.2508,-0.3010,-0.3010,-0.2474,0,0,0,0.2687,0.3599,0.4319,0.4319,0.5367,0,0,0
0.616941,1788532542.162316,3.0915,2.1056,2.1056,2.1056,1.0701,0,0,0,1.5558,1.5496,-3.4092,-3.4092,-3.3143,0,0,0,-0.2467,-0.2431,-0.3647,-0.3647,-0.3660,0,0,0,-0.0427,-0.0352,0.0422,0.0422,0.0471,0,0,0,-0.2919,-0.2524,-0.3029,-0.3029,-0.2514,0,0,0,0.2687,0.3564,0.4277,0.4277,0.5320,0,0,0
0.625875,1788532542.171021,3.0915,2.1575,2.1575,2.1575,1.1429,0,0,0,1.5558,1.5500,-3.4099,-3.4099,-3.3279,0,0,0,-0.2467,-0.2433,-0.3650,-0.3650,-0.3661,0,0,0,-0.0427,-0.0356,0.0427,0.0427,0.0466,0,0,0,-0.2919,-0.2545,-0.3054,-0.3054,-0.2553,0,0,0,0.2687,0.3518,0.4222,0.4222,0.5267,0,0,0
0.632921,1788532542.177402,3.0915,2.1941,2.1941,2.1941,1.2154,0,0,0,1.5558,1.5502,-3.4104,-3.4104,-3.3400,0,0,0,-0.2467,-0.2434,-0.3651,-0.3651,-0.3662,0,0,0,-0.0427,-0.0358,0.0430,0.0430,0.0461,0,0,0,-0.2919,-0.2559,-0.3071,-0.3071,-0.2591,0,0,0,0.2687,0.3486,0.4184,0.4184,0.5211,0,0,0
0.641770,1788532542.186186,3.0915,2.2418,2.2418,2.2418,1.2871,0,0,0,1.5558,1.5505,-3.4111,-3.4111,-3.3507,0,0,0,-0.2467,-0.2436,-0.3654,-0.3654,-0.3662,0,0,0,-0.0427,-0.0362,0.0434,0.0434,0.0457,0,0,0,-0.2919,-0.2578,-0.3094,-0.3094,-0.2628,0,0,0,0.2687,0.3444,0.4133,0.4133,0.5150,0,0,0
0.649057,1788532542.194546,3.0915,2.2849,2.2849,2.2849,1.3579,0,0,0,1.5558,1.5508,-3.4117,-3.4117,-3.3600,0,0,0,-0.2467,-0.2438,-0.3656,-0.3656,-0.3662,0,0,0,-0.0427,-0.0365,0.0438,0.0438,0.0453,0,0,0,-0.2919,-0.2595,-0.3114,-0.3114,-0.2664,0,0,0,0.2687,0.3407,0.4088,0.4088,0.5087,0,0,0
0.657392,1788532542.201693,3.0915,2.3201,2.3201,2.3201,1.4275,0,0,0,1.5558,1.5510,-3.4121,-3.4121,-3.3682,0,0,0,-0.2467,-0.2439,-0.3658,-0.3658,-0.3662,0,0,0,-0.0427,-0.0368,0.0441,0.0441,0.0449,0,0,0,-0.2919,-0.2609,-0.3131,-0.3131,-0.2699,0,0,0,0.2687,0.3376,0.4051,0.4051,0.5023,0,0,0
0.664941,1788532542.210724,3.0915,2.3621,2.3621,2.3621,1.4956,0,0,0,1.5558,1.5512,-3.4127,-3.4127,-3.3753,0,0,0,-0.2467,-0.2440,-0.3661,-0.3661,-0.3662,0,0,0,-0.0427,-0.0371,0.0445,0.0445,0.0446,0,0,0,-0.2919,-0.2626,-0.3151,-0.3151,-0.2734,0,0,0,0.2687,0.3339,0.4006,0.4006,0.4957,0,0,0
0.673751,1788532542.218141,3.0915,2.3951,2.3951,2.3951,1.5623,0,0,0,1.5558,1.5514,-3.4132,-3.4132,-3.3815,0,0,0,-0.2467,-0.2442,-0.3662,-0.3662,-0.3661,0,0,0,-0.0427,-0.0373,0.0448,0.0448,0.0443,0,0,0,-0.2919,-0.2639,-0.3167,-0.3167,-0.2767,0,0,0,0.2687,0.3310,0.3972,0.3972,0.4891,0,0,0
0.681780,1788532542.227282,3.0915,2.4335,2.4335,2.4335,1.6112,0,0,0,1.5558,1.5517,-3.4137,-3.4137,-3.3856,0,0,0,-0.2467,-0.2443,-0.3664,-0.3664,-0.3661,0,0,0,-0.0427,-0.0376,0.0452,0.0452,0.0442,0,0,0,-0.2919,-0.2654,-0.3185,-0.3185,-0.2791,0,0,0,0.2687,0.3276,0.3931,0.3931,0.4842,0,0,0
0.689902,1788532542.234318,3.0915,2.4618,2.4618,2.4618,1.6748,0,0,0,1.5558,1.5518,-3.4141,-3.4141,-3.3905,0,0,0,-0.2467,-0.2444,-0.3666,-0.3666,-0.3661,0,0,0,-0.0427,-0.0379,0.0454,0.0454,0.0440,0,0,0,-0.2919,-0.2665,-0.3198,-0.3198,-0.2822,0,0,0,0.2687,0.3251,0.3901,0.3901,0.4776,0,0,0
0.697819,1788532542.243209,4.0169,2.5453,2.5453,2.5453,1.7367,0,0,0,1.2240,1.5345,-3.3758,-3.3758,-3.3946,0,0,0,-0.2932,-0.2470,-0.3705,-0.3705,-0.3660,0,0,0,-0.0429,-0.0381,0.0457,0.0457,0.0439,0,0,0,-0.3562,-0.2713,-0.3255,-0.3255,-0.2853,0,0,0,0.2341,0.3203,0.3843,0.3843,0.4712,0,0,0
0.706021,1788532542.249345,4.0169,2.6008,2.6008,2.6008,1.7967,0,0,0,1.2240,1.5229,-3.3505,-3.3505,-3.3982,0,0,0,-0.2932,-0.2487,-0.3730,-0.3730,-0.3660,0,0,0,-0.0429,-0.0383,0.0460,0.0460,0.0438,0,0,0,-0.3562,-0.2744,-0.3293,-0.3293,-0.2882,0,0,0,0.2341,0.3171,0.3805,0.3805,0.4648,0,0,0
0.713638,1788532542.257975,4.0169,2.6747,2.6747,2.6747,1.8547,0,0,0,1.2240,1.5075,-3.3166,-3.3166,-3.4012,0,0,0,-0.2932,-0.2510,-0.3765,-0.3765,-0.3660,0,0,0,-0.0429,-0.0385,0.0462,0.0462,0.0438,0,0,0,-0.3562,-0.2786,-0.3344,-0.3344,-0.2910,0,0,0,0.2341,0.3128,0.3754,0.3754,0.4585,0,0,0
0.721475,1788532542.266171,4.0618,2.7437,2.7437,2.7437,1.9111,0,0,0,1.0985,1.4875,-3.2725,-3.2725,-3.4037,0,0,0,-0.2796,-0.2524,-0.3786,-0.3786,-0.3660,0,0,0,-0.0542,-0.0393,0.0472,0.0472,0.0438,0,0,0,-0.3007,-0.2797,-0.3357,-0.3357,-0.2937,0,0,0,0.3350,0.3139,0.3767,0.3767,0.4524,0,0,0
0.730074,1788532542.274435,4.0947,2.8115,2.8115,2.8115,1.9664,0,0,0,1.0045,1.4636,-3.2200,-3.2200,-3.4050,0,0,0,-0.2833,-0.2539,-0.3809,-0.3809,-0.3662,0,0,0,-0.0794,-0.0413,0.0495,0.0495,0.0438,0,0,0,-0.2969,-0.2806,-0.3367,-0.3367,-0.2964,0,0,0,0.5099,0.3236,0.3883,0.3883,0.4465,0,0,0
0.737607,1788532542.283497,4.0947,2.8817,2.8817,2.8817,2.0211,0,0,0,1.0045,1.4389,-3.1656,-3.1656,-3.4049,0,0,0,-0.2833,-0.2555,-0.3832,-0.3832,-0.3664,0,0,0,-0.0794,-0.0433,0.0520,0.0520,0.0439,0,0,0,-0.2969,-0.2815,-0.3377,-0.3377,-0.2991,0,0,0,0.5099,0.3336,0.4003,0.4003,0.4406,0,0,0
0.745760,1788532542.290047,4.0691,2.9294,2.9294,2.9294,2.0754,0,0,0,0.9673,1.4203,-3.1246,-3.1246,-3.4031,0,0,0,-0.2993,-0.2572,-0.3858,-0.3858,-0.3667,0,0,0,-0.1081,-0.0459,0.0551,0.0551,0.0440,0,0,0,-0.2937,-0.2819,-0.3383,-0.3383,-0.3019,0,0,0,0.6529,0.3462,0.4155,0.4155,0.4350,0,0,0
0.753661,1788532542.299074,4.0691,2.9916,2.9916,2.9916,2.1298,0,0,0,0.9673,1.3959,-3.0711,-3.0711,-3.3992,0,0,0,-0.2993,-0.2595,-0.3892,-0.3892,-0.3672,0,0,0,-0.1081,-0.0492,0.0591,0.0591,0.0441,0,0,0,-0.2937,-0.2826,-0.3391,-0.3391,-0.3046,0,0,0,0.6529,0.3627,0.4352,0.4352,0.4296,0,0,0
0.761220,1788532542.306096,3.9941,3.0346,3.0346,3.0346,2.1708,0,0,0,0.9959,1.3790,-3.0338,-3.0338,-3.3947,0,0,0,-0.3236,-0.2622,-0.3933,-0.3933,-0.3677,0,0,0,-0.1262,-0.0525,0.0630,0.0630,0.0443,0,0,0,-0.3061,-0.2836,-0.3403,-0.3403,-0.3066,0,0,0,0.6778,0.3760,0.4512,0.4512,0.4258,0,0,0
0.769763,1788532542.314640,3.9941,3.0843,3.0843,3.0843,2.2258,0,0,0,0.9959,1.3595,-2.9908,-2.9908,-3.3863,0,0,0,-0.3236,-0.2653,-0.3980,-0.3980,-0.3684,0,0,0,-0.1262,-0.0562,0.0675,0.0675,0.0446,0,0,0,-0.3061,-0.2847,-0.3417,-0.3417,-0.3093,0,0,0,0.6778,0.3914,0.4697,0.4697,0.4215,0,0,0
0.777330,1788532542.323834,3.9941,3.1348,3.1348,3.1348,2.2812,0,0,0,0.9959,1.3396,-2.9471,-2.9471,-3.3750,0,0,0,-0.3236,-0.2685,-0.4028,-0.4028,-0.3693,0,0,0,-0.1262,-0.0601,0.0721,0.0721,0.0450,0,0,0,-0.3061,-0.2859,-0.3431,-0.3431,-0.3119,0,0,0,0.6778,0.4070,0.4885,0.4885,0.4180,0,0,0
0.785339,1788532542.330888,3.9941,3.1718,3.1718,3.1718,2.3374,0,0,0,0.9959,1.3250,-2.9150,-2.9150,-3.3604,0,0,0,-0.3236,-0.2708,-0.4063,-0.4063,-0.3704,0,0,0,-0.1262,-0.0629,0.0754,0.0754,0.0456,0,0,0,-0.3061,-0.2867,-0.3441,-0.3441,-0.3144,0,0,0,0.6778,0.4185,0.5023,0.5023,0.4158,0,0,0
0.793419,1788532542.338403,3.9941,3.2095,3.2095,3.2095,2.3944,0,0,0,0.9959,1.3101,-2.8823,-2.8823,-3.3425,0,0,0,-0.3236,-0.2732,-0.4098,-0.4098,-0.3718,0,0,0,-0.1262,-0.0657,0.0789,0.0789,0.0465,0,0,0,-0.3061,-0.2876,-0.3451,-0.3451,-0.3168,0,0,0,0.6778,0.4302,0.5163,0.5163,0.4150,0,0,0
0.801980,1788532542.346857,3.9941,3.2496,3.2496,3.2496,2.4518,0,0,0,0.9959,1.2942,-2.8473,-2.8473,-3.3217,0,0,0,-0.3236,-0.2758,-0.4137,-0.4137,-0.3734,0,0,0,-0.1262,-0.0688,0.0825,0.0825,0.0476,0,0,0,-0.3061,-0.2885,-0.3463,-0.3463,-0.3192,0,0,0,0.6778,0.4427,0.5313,0.5313,0.4156,0,0,0
0.810196,1788532542.355981,3.9941,3.2906,3.2906,3.2906,2.5092,0,0,0,0.9959,1.2780,-2.8117,-2.8117,-3.2984,0,0,0,-0.3236,-0.2784,-0.4175,-0.4175,-0.3752,0,0,0,-0.1262,-0.0719,0.0863,0.0863,0.0490,0,0,0,-0.3061,-0.2895,-0.3474,-0.3474,-0.3215,0,0,0,0.6778,0.4555,0.5466,0.5466,0.4177,0,0,0
0.817403,1788532542.362656,3.9941,3.3193,3.3193,3.3193,2.5662,0,0,0,0.9959,1.2667,-2.7866,-2.7866,-3.2729,0,0,0,-0.3236,-0.2802,-0.4203,-0.4203,-0.3772,0,0,0,-0.1262,-0.0741,0.0889,0.0889,0.0506,0,0,0,-0.3061,-0.2902,-0.3482,-0.3482,-0.3237,0,0,0,0.6778,0.4645,0.5574,0.5574,0.4210,0,0,0
0.825419,1788532542.369888,3.7393,3.3379,3.3379,3.3379,2.6227,0,0,0,0.9923,1.2547,-2.7604,-2.7604,-3.2455,0,0,0,-0.2883,-0.2805,-0.4208,-0.4208,-0.3794,0,0,0,-0.1284,-0.0764,0.0917,0.0917,0.0524,0,0,0,-0.2645,-0.2891,-0.3469,-0.3469,-0.3258,0,0,0,0.7814,0.4783,0.5739,0.5739,0.4255,0,0,0
0.833443,1788532542.378846,3.7393,3.3596,3.3596,3.3596,2.6785,0,0,0,0.9923,1.2407,-2.7295,-2.7295,-3.2166,0,0,0,-0.2883,-0.2810,-0.4214,-0.4214,-0.3818,0,0,0,-0.1284,-0.0792,0.0951,0.0951,0.0544,0,0,0,-0.2645,-0.2877,-0.3453,-0.3453,-0.3278,0,0,0,0.7814,0.4944,0.5933,0.5933,0.4311,0,0,0
0.841540,1788532542.386949,3.7393,3.3782,3.3782,3.3782,2.7332,0,0,0,0.9923,1.2286,-2.7030,-2.7030,-3.1865,0,0,0,-0.2883,-0.2813,-0.4220,-0.4220,-0.3843,0,0,0,-0.1284,-0.0816,0.0979,0.0979,0.0565,0,0,0,-0.2645,-0.2866,-0.3439,-0.3439,-0.3297,0,0,0,0.7814,0.5084,0.6100,0.6100,0.4377,0,0,0
0.849536,1788532542.394948,3.7393,3.3957,3.3957,3.3957,2.7866,0,0,0,0.9923,1.2173,-2.6781,-2.6781,-3.1556,0,0,0,-0.2883,-0.2816,-0.4225,-0.4225,-0.3869,0,0,0,-0.1284,-0.0838,0.1006,0.1006,0.0588,0,0,0,-0.2645,-0.2856,-0.3427,-0.3427,-0.3315,0,0,0,0.7814,0.5215,0.6257,0.6257,0.4452,0,0,0
0.857555,1788532542.402953,3.7393,3.4124,3.4124,3.4124,2.8255,0,0,0,0.9923,1.2065,-2.6543,-2.6543,-3.1319,0,0,0,-0.2883,-0.2820,-0.4229,-0.4229,-0.3889,0,0,0,-0.1284,-0.0860,0.1032,0.1032,0.0606,0,0,0,-0.2645,-0.2845,-0.3415,-0.3415,-0.3328,0,0,0,0.7814,0.5339,0.6407,0.6407,0.4515,0,0,0
0.865535,1788532542.410967,3.7393,3.4282,3.4282,3.4282,2.8757,0,0,0,0.9923,1.1962,-2.6316,-2.6316,-3.1000,0,0,0,-0.2883,-0.2823,-0.4234,-0.4234,-0.3916,0,0,0,-0.1284,-0.0880,0.1056,0.1056,0.0631,0,0,0,-0.2645,-0.2836,-0.3403,-0.3403,-0.3343,0,0,0,0.7814,0.5458,0.6550,0.6550,0.4606,0,0,0
0.873590,1788532542.418478,3.7393,3.4424,3.4424,3.4424,2.9240,0,0,0,0.9923,1.1870,-2.6114,-2.6114,-3.0678,0,0,0,-0.2883,-0.2825,-0.4238,-0.4238,-0.3942,0,0,0,-0.1284,-0.0898,0.1078,0.1078,0.0657,0,0,0,-0.2645,-0.2827,-0.3393,-0.3393,-0.3357,0,0,0,0.7814,0.5565,0.6677,0.6677,0.4706,0,0,0
0.881517,1788532542.427545,3.7393,3.4586,3.4586,3.4586,2.9702,0,0,0,0.9923,1.1765,-2.5882,-2.5882,-3.0355,0,0,0,-0.2883,-0.2828,-0.4243,-0.4243,-0.3967,0,0,0,-0.1284,-0.0919,0.1103,0.1103,0.0684,0,0,0,-0.2645,-0.2817,-0.3381,-0.3381,-0.3368,0,0,0,0.7814,0.5686,0.6823,0.6823,0.4812,0,0,0
0.890275,1788532542.434955,3.4091,3.4564,3.4564,3.4564,3.0033,0,0,0,0.8693,1.1628,-2.5581,-2.5581,-3.0113,0,0,0,-0.2461,-0.2812,-0.4218,-0.4218,-0.3985,0,0,0,0.0212,-0.0869,0.1043,0.1043,0.0705,0,0,0,-0.2242,-0.2792,-0.3350,-0.3350,-0.3376,0,0,0,0.1039,0.5479,0.6575,0.6575,0.4896,0,0,0
0.898153,1788532542.443552,3.4091,3.4539,3.4539,3.4539,3.0559,0,0,0,0.8693,1.1477,-2.5249,-2.5249,-2.9714,0,0,0,-0.2461,-0.2794,-0.4191,-0.4191,-0.4015,0,0,0,0.0212,-0.0813,0.0976,0.0976,0.0739,0,0,0,-0.2242,-0.2764,-0.3316,-0.3316,-0.3386,0,0,0,0.1039,0.5251,0.6301,0.6301,0.5043,0,0,0
0.906143,1788532542.451564,3.4091,3.4518,3.4518,3.4518,3.0955,0,0,0,0.8693,1.1343,-2.4955,-2.4955,-2.9400,0,0,0,-0.2461,-0.2778,-0.4167,-0.4167,-0.4037,0,0,0,0.0212,-0.0764,0.0917,0.0917,0.0767,0,0,0,-0.2242,-0.2739,-0.3286,-0.3286,-0.3392,0,0,0,0.1039,0.5049,0.6059,0.6059,0.5166,0,0,0
0.914211,1788532542.458071,3.2982,3.4457,3.4457,3.4457,3.1327,0,0,0,0.8977,1.1250,-2.4750,-2.4750,-2.9088,0,0,0,-0.2646,-0.2773,-0.4159,-0.4159,-0.4058,0,0,0,0.0302,-0.0722,0.0867,0.0867,0.0794,0,0,0,-0.3440,-0.2766,-0.3319,-0.3319,-0.3396,0,0,0,0.0518,0.4871,0.5845,0.5845,0.5287,0,0,0
0.921851,1788532542.466347,3.2982,3.4383,3.4383,3.4383,3.1674,0,0,0,0.8977,1.1137,-2.4502,-2.4502,-2.8780,0,0,0,-0.2646,-0.2767,-0.4150,-0.4150,-0.4076,0,0,0,0.0302,-0.0672,0.0806,0.0806,0.0818,0,0,0,-0.3440,-0.2800,-0.3359,-0.3359,-0.3398,0,0,0,0.0518,0.4656,0.5587,0.5587,0.5401,0,0,0
0.929520,1788532542.474827,3.1731,3.4248,3.4248,3.4248,3.1995,0,0,0,0.9932,1.1076,-2.4368,-2.4368,-2.8473,0,0,0,-0.2890,-0.2773,-0.4159,-0.4159,-0.4092,0,0,0,0.0107,-0.0632,0.0759,0.0759,0.0839,0,0,0,-0.3430,-0.2831,-0.3398,-0.3398,-0.3398,0,0,0,0.0847,0.4463,0.5356,0.5356,0.5503,0,0,0
0.938315,1788532542.481979,3.1731,3.4139,3.4139,3.4139,3.2289,0,0,0,0.9932,1.1027,-2.4259,-2.4259,-2.8169,0,0,0,-0.2890,-0.2778,-0.4167,-0.4167,-0.4106,0,0,0,0.0107,-0.0600,0.0721,0.0721,0.0856,0,0,0,-0.3430,-0.2857,-0.3429,-0.3429,-0.3396,0,0,0,0.0847,0.4308,0.5169,0.5169,0.5589,0,0,0
0.946259,1788532542.490137,3.1731,3.4021,3.4021,3.4021,3.2492,0,0,0,0.9932,1.0973,-2.4141,-2.4141,-2.7944,0,0,0,-0.2890,-0.2783,-0.4175,-0.4175,-0.4115,0,0,0,0.0107,-0.0566,0.0679,0.0679,0.0866,0,0,0,-0.3430,-0.2885,-0.3462,-0.3462,-0.3395,0,0,0,0.0847,0.4139,0.4966,0.4966,0.5643,0,0,0
0.954508,1788532542.498318,3.1731,3.3908,3.3908,3.3908,3.2737,0,0,0,0.9932,1.0922,-2.4029,-2.4029,-2.7648,0,0,0,-0.2890,-0.2789,-0.4183,-0.4183,-0.4126,0,0,0,0.0107,-0.0533,0.0640,0.0640,0.0876,0,0,0,-0.3430,-0.2912,-0.3494,-0.3494,-0.3393,0,0,0,0.0847,0.3978,0.4773,0.4773,0.5697,0,0,0
0.961663,1788532542.506541,3.0830,3.3756,3.3756,3.3756,3.2955,0,0,0,0.9230,1.0839,-2.3846,-2.3846,-2.7358,0,0,0,-0.2316,-0.2765,-0.4148,-0.4148,-0.4134,0,0,0,-0.0415,-0.0527,0.0633,0.0633,0.0881,0,0,0,-0.1872,-0.2861,-0.3433,-0.3433,-0.3392,0,0,0,0.4475,0.4002,0.4803,0.4803,0.5732,0,0,0
0.970405,1788532542.513767,3.0830,3.3628,3.3628,3.3628,3.3144,0,0,0,0.9230,1.0769,-2.3691,-2.3691,-2.7077,0,0,0,-0.2316,-0.2746,-0.4119,-0.4119,-0.4142,0,0,0,-0.0415,-0.0522,0.0627,0.0627,0.0882,0,0,0,-0.1872,-0.2818,-0.3381,-0.3381,-0.3392,0,0,0,0.4475,0.4023,0.4827,0.4827,0.5748,0,0,0
0.978056,1788532542.522468,3.0830,3.3482,3.3482,3.3482,3.3306,0,0,0,0.9230,1.0689,-2.3516,-2.3516,-2.6805,0,0,0,-0.2316,-0.2724,-0.4085,-0.4085,-0.4148,0,0,0,-0.0415,-0.0517,0.0620,0.0620,0.0878,0,0,0,-0.1872,-0.2769,-0.3322,-0.3322,-0.3393,0,0,0,0.4475,0.4046,0.4855,0.4855,0.5745,0,0,0
0.986084,1788532542.531476,2.9339,3.3259,3.3259,3.3259,3.3442,0,0,0,0.7625,1.0524,-2.3153,-2.3153,-2.6542,0,0,0,-0.2247,-0.2698,-0.4047,-0.4047,-0.4153,0,0,0,-0.0809,-0.0532,0.0639,0.0639,0.0872,0,0,0,-0.1469,-0.2699,-0.3239,-0.3239,-0.3396,0,0,0,0.6759,0.4191,0.5030,0.5030,0.5726,0,0,0
0.994063,1788532542.538491,2.9339,3.3093,3.3093,3.3093,3.3501,0,0,0,0.7625,1.0402,-2.2883,-2.2883,-2.6414,0,0,0,-0.2247,-0.2679,-0.4019,-0.4019,-0.4155,0,0,0,-0.0809,-0.0544,0.0653,0.0653,0.0867,0,0,0,-0.1469,-0.2647,-0.3177,-0.3177,-0.3397,0,0,0,0.6759,0.4300,0.5160,0.5160,0.5712,0,0,0
1.002507,1788532542.546896,2.9339,3.2904,3.2904,3.2904,3.3640,0,0,0,0.7625,1.0262,-2.2576,-2.2576,-2.6043,0,0,0,-0.2247,-0.2657,-0.3986,-0.3986,-0.4159,0,0,0,-0.0809,-0.0557,0.0669,0.0669,0.0851,0,0,0,-0.1469,-0.2588,-0.3106,-0.3106,-0.3398,0,0,0,0.6759,0.4423,0.5308,0.5308,0.5656,0,0,0
1.010188,1788532542.554639,2.9006,3.2723,3.2723,3.2723,3.3701,0,0,0,0.5191,1.0026,-2.2057,-2.2057,-2.5803,0,0,0,-0.2618,-0.2656,-0.3983,-0.3983,-0.4159,0,0,0,-0.0685,-0.0563,0.0676,0.0676,0.0838,0,0,0,-0.1754,-0.2549,-0.3059,-0.3059,-0.3397,0,0,0,0.6843,0.4536,0.5443,0.5443,0.5615,0,0,0
1.018731,1788532542.563118,2.9006,3.2534,3.2534,3.2534,3.3737,0,0,0,0.5191,0.9781,-2.1517,-2.1517,-2.5561,0,0,0,-0.2618,-0.2654,-0.3980,-0.3980,-0.4156,0,0,0,-0.0685,-0.0570,0.0683,0.0683,0.0825,0,0,0,-0.1754,-0.2509,-0.3011,-0.3011,-0.3391,0,0,0,0.6843,0.4652,0.5583,0.5583,0.5575,0,0,0
1.026724,1788532542.571233,2.8798,3.2352,3.2352,3.2352,3.3748,0,0,0,0.2658,0.9434,-2.0755,-2.0755,-2.5377,0,0,0,-0.2467,-0.2645,-0.3967,-0.3967,-0.4152,0,0,0,-0.0195,-0.0551,0.0662,0.0662,0.0815,0,0,0,-0.2229,-0.2495,-0.2995,-0.2995,-0.3384,0,0,0,0.5196,0.4679,0.5614,0.5614,0.5549,0,0,0
1.034356,1788532542.579137,2.8798,3.2184,3.2184,3.2184,3.3743,0,0,0,0.2658,0.9112,-2.0047,-2.0047,-2.5126,0,0,0,-0.2467,-0.2636,-0.3954,-0.3954,-0.4146,0,0,0,-0.0195,-0.0534,0.0641,0.0641,0.0802,0,0,0,-0.2229,-0.2483,-0.2979,-0.2979,-0.3371,0,0,0,0.5196,0.4703,0.5644,0.5644,0.5520,0,0,0
1.042122,1788532542.586519,2.8798,3.2034,3.2034,3.2034,3.3718,0,0,0,0.2658,0.8825,-1.9415,-1.9415,-2.4864,0,0,0,-0.2467,-0.2629,-0.3943,-0.3943,-0.4137,0,0,0,-0.0195,-0.0519,0.0623,0.0623,0.0790,0,0,0,-0.2229,-0.2472,-0.2966,-0.2966,-0.3354,0,0,0,0.5196,0.4725,0.5670,0.5670,0.5498,0,0,0
1.050671,1788532542.595526,2.8798,3.1860,3.1860,3.1860,3.3673,0,0,0,0.2658,0.8493,-1.8685,-1.8685,-2.4585,0,0,0,-0.2467,-0.2620,-0.3930,-0.3930,-0.4128,0,0,0,-0.0195,-0.0502,0.0602,0.0602,0.0779,0,0,0,-0.2229,-0.2459,-0.2950,-0.2950,-0.3335,0,0,0,0.5196,0.4750,0.5700,0.5700,0.5483,0,0,0
1.057968,1788532542.602641,2.7928,3.1692,3.1692,3.1692,3.3612,0,0,0,-0.0665,0.8099,-1.7819,-1.7819,-2.4285,0,0,0,-0.1992,-0.2593,-0.3890,-0.3890,-0.4118,0,0,0,0.0495,-0.0459,0.0551,0.0551,0.0767,0,0,0,-0.2706,-0.2469,-0.2963,-0.2963,-0.3314,0,0,0,0.2093,0.4637,0.5564,0.5564,0.5474,0,0,0
1.065991,1788532542.610402,2.7928,3.1516,3.1516,3.1516,3.3536,0,0,0,-0.0665,0.7690,-1.6917,-1.6917,-2.3962,0,0,0,-0.1992,-0.2565,-0.3848,-0.3848,-0.4106,0,0,0,0.0495,-0.0415,0.0498,0.0498,0.0755,0,0,0,-0.2706,-0.2480,-0.2976,-0.2976,-0.3291,0,0,0,0.2093,0.4518,0.5422,0.5422,0.5471,0,0,0
1.074187,1788532542.618996,2.7928,3.1333,3.1333,3.1333,3.3446,0,0,0,-0.0665,0.7259,-1.5971,-1.5971,-2.3614,0,0,0,-0.1992,-0.2536,-0.3804,-0.3804,-0.4094,0,0,0,0.0495,-0.0368,0.0442,0.0442,0.0743,0,0,0,-0.2706,-0.2492,-0.2990,-0.2990,-0.3268,0,0,0,0.2093,0.4394,0.5273,0.5273,0.5472,0,0,0
1.082255,1788532542.627560,2.7928,3.1159,3.1159,3.1159,3.3345,0,0,0,-0.0665,0.6852,-1.5075,-1.5075,-2.3238,0,0,0,-0.1992,-0.2508,-0.3762,-0.3762,-0.4081,0,0,0,0.0495,-0.0324,0.0389,0.0389,0.0730,0,0,0,-0.2706,-0.2503,-0.3003,-0.3003,-0.3244,0,0,0,0.2093,0.4276,0.5132,0.5132,0.5473,0,0,0
1.089848,1788532542.635583,2.7928,3.1004,3.1004,3.1004,3.3233,0,0,0,-0.0665,0.6489,-1.4277,-1.4277,-2.2829,0,0,0,-0.1992,-0.2483,-0.3725,-0.3725,-0.4067,0,0,0,0.0495,-0.0285,0.0342,0.0342,0.0716,0,0,0,-0.2706,-0.2512,-0.3015,-0.3015,-0.3221,0,0,0,0.2093,0.4172,0.5006,0.5006,0.5473,0,0,0
1.098601,1788532542.642886,2.8246,3.0883,3.0883,3.0883,3.3112,0,0,0,-0.6213,0.5928,-1.3043,-1.3043,-2.2387,0,0,0,-0.1239,-0.2429,-0.3643,-0.3643,-0.4050,0,0,0,0.0456,-0.0252,0.0303,0.0303,0.0700,0,0,0,-0.1331,-0.2461,-0.2953,-0.2953,-0.3199,0,0,0,0.1582,0.4058,0.4870,0.4870,0.5469,0,0,0
1.105766,1788532542.652293,2.8246,3.0735,3.0735,3.0735,3.3015,0,0,0,-0.6213,0.5246,-1.1542,-1.1542,-2.2033,0,0,0,-0.1239,-0.2362,-0.3543,-0.3543,-0.4037,0,0,0,0.0456,-0.0213,0.0255,0.0255,0.0686,0,0,0,-0.1331,-0.2398,-0.2877,-0.2877,-0.3183,0,0,0,0.1582,0.3920,0.4704,0.4704,0.5462,0,0,0
1.114498,1788532542.659231,2.8246,3.0631,3.0631,3.0631,3.2881,0,0,0,-0.6213,0.4764,-1.0480,-1.0480,-2.1531,0,0,0,-0.1239,-0.2315,-0.3473,-0.3473,-0.4018,0,0,0,0.0456,-0.0185,0.0222,0.0222,0.0666,0,0,0,-0.1331,-0.2353,-0.2824,-0.2824,-0.3164,0,0,0,0.1582,0.3822,0.4586,0.4586,0.5448,0,0,0
1.122824,1788532542.666914,2.8246,3.0521,3.0521,3.0521,3.2741,0,0,0,-0.6213,0.4254,-0.9359,-0.9359,-2.0990,0,0,0,-0.1239,-0.2266,-0.3399,-0.3399,-0.3997,0,0,0,0.0456,-0.0155,0.0186,0.0186,0.0644,0,0,0,-0.1331,-0.2306,-0.2767,-0.2767,-0.3145,0,0,0,0.1582,0.3719,0.4462,0.4462,0.5426,0,0,0
1.130362,1788532542.675779,2.8246,3.0401,3.0401,3.0401,3.2596,0,0,0,-0.6213,0.3697,-0.8134,-0.8134,-2.0404,0,0,0,-0.1239,-0.2212,-0.3317,-0.3317,-0.3972,0,0,0,0.0456,-0.0123,0.0148,0.0148,0.0621,0,0,0,-0.1331,-0.2254,-0.2705,-0.2705,-0.3125,0,0,0,0.1582,0.3606,0.4327,0.4327,0.5397,0,0,0
1.138207,1788532542.682790,2.8246,3.0310,3.0310,3.0310,3.2449,0,0,0,-0.6213,0.3276,-0.7207,-0.7207,-1.9774,0,0,0,-0.1239,-0.2170,-0.3256,-0.3256,-0.3944,0,0,0,0.0456,-0.0099,0.0118,0.0118,0.0595,0,0,0,-0.1331,-0.2215,-0.2659,-0.2659,-0.3105,0,0,0,0.1582,0.3520,0.4224,0.4224,0.5360,0,0,0
1.146385,1788532542.691662,2.7343,3.0153,3.0153,3.0153,3.2301,0,0,0,-0.9355,0.2603,-0.5726,-0.5726,-1.9099,0,0,0,-0.2009,-0.2162,-0.3243,-0.3243,-0.3913,0,0,0,0.0510,-0.0067,0.0080,0.0080,0.0568,0,0,0,-0.1207,-0.2162,-0.2595,-0.2595,-0.3083,0,0,0,0.3927,0.3542,0.4250,0.4250,0.5316,0,0,0
1.154285,1788532542.699701,2.7343,3.0018,3.0018,3.0018,3.2152,0,0,0,-0.9355,0.2022,-0.4449,-0.4449,-1.8382,0,0,0,-0.2009,-0.2155,-0.3232,-0.3232,-0.3878,0,0,0,0.0510,-0.0039,0.0047,0.0047,0.0539,0,0,0,-0.1207,-0.2116,-0.2540,-0.2540,-0.3059,0,0,0,0.3927,0.3560,0.4272,0.4272,0.5264,0,0,0
1.162407,1788532542.707785,2.6767,2.9861,2.9861,2.9861,3.2003,0,0,0,-1.0723,0.1400,-0.3080,-0.3080,-1.7625,0,0,0,-0.2502,-0.2171,-0.3257,-0.3257,-0.3840,0,0,0,-0.0178,-0.0046,0.0055,0.0055,0.0510,0,0,0,-0.1207,-0.2072,-0.2487,-0.2487,-0.3034,0,0,0,0.5491,0.3654,0.4385,0.4385,0.5206,0,0,0
1.170765,1788532542.714784,2.6767,2.9730,2.9730,2.9730,3.1854,0,0,0,-1.0723,0.0884,-0.1945,-0.1945,-1.6827,0,0,0,-0.2502,-0.2185,-0.3278,-0.3278,-0.3800,0,0,0,-0.0178,-0.0051,0.0061,0.0061,0.0479,0,0,0,-0.1207,-0.2036,-0.2443,-0.2443,-0.3006,0,0,0,0.5491,0.3731,0.4477,0.4477,0.5143,0,0,0
1.178559,1788532542.722984,2.6767,2.9585,2.9585,2.9585,3.1706,0,0,0,-1.0723,0.0309,-0.0681,-0.0681,-1.5988,0,0,0,-0.2502,-0.2201,-0.3301,-0.3301,-0.3759,0,0,0,-0.0178,-0.0057,0.0069,0.0069,0.0448,0,0,0,-0.1207,-0.1995,-0.2394,-0.2394,-0.2977,0,0,0,0.5491,0.3817,0.4581,0.4581,0.5080,0,0,0
1.186504,1788532542.731967,2.5922,2.9389,2.9389,2.9389,3.1595,0,0,0,-1.0602,-0.0280,0.0615,0.0615,-1.5332,0,0,0,-0.2157,-0.2198,-0.3298,-0.3298,-0.3728,0,0,0,0.0393,-0.0033,0.0040,0.0040,0.0424,0,0,0,-0.1542,-0.1971,-0.2365,-0.2365,-0.2953,0,0,0,0.5065,0.3884,0.4661,0.4661,0.5033,0,0,0
1.194653,1788532542.739454,2.5922,2.9233,2.9233,2.9233,3.1522,0,0,0,-1.1235,-0.0777,0.1710,0.1710,-1.4882,0,0,0,-0.2052,-0.2192,-0.3288,-0.3288,-0.3708,0,0,0,0.0393,-0.0014,0.0017,0.0017,0.0409,0,0,0,-0.0884,-0.1922,-0.2306,-0.2306,-0.2937,0,0,0,0.3499,0.3867,0.4640,0.4640,0.5003,0,0,0
1.202722,1788532542.747131,2.5922,2.9080,2.9080,2.9080,3.1301,0,0,0,-1.1319,-0.1268,0.2790,0.2790,-1.3479,0,0,0,-0.1950,-0.2181,-0.3271,-0.3271,-0.3650,0,0,0,0.0494,0.0009,-0.0011,-0.0011,0.0363,0,0,0,-0.0839,-0.1872,-0.2247,-0.2247,-0.2885,0,0,0,0.3081,0.3831,0.4597,0.4597,0.4920,0,0,0
1.210795,1788532542.754228,2.5922,2.8945,2.8945,2.8945,3.1153,0,0,0,-1.1319,-0.1702,0.3745,0.3745,-1.2502,0,0,0,-0.1950,-0.2171,-0.3256,-0.3256,-0.3614,0,0,0,0.0494,0.0030,-0.0036,-0.0036,0.0335,0,0,0,-0.0839,-0.1828,-0.2194,-0.2194,-0.2849,0,0,0,0.3081,0.3799,0.4558,0.4558,0.4873,0,0,0
1.218374,1788532542.762787,2.5355,2.8761,2.8761,2.8761,3.1006,0,0,0,-1.1622,-0.2214,0.4871,0.4871,-1.1496,0,0,0,-0.1872,-0.2156,-0.3233,-0.3233,-0.3580,0,0,0,0.0662,0.0062,-0.0075,-0.0075,0.0307,0,0,0,-0.0191,-0.1744,-0.2093,-0.2093,-0.2812,0,0,0,0.3611,0.3789,0.4547,0.4547,0.4833,0,0,0
1.226935,1788532542.771693,2.5355,2.8580,2.8580,2.8580,3.0857,0,0,0,-1.1622,-0.2719,0.5981,0.5981,-1.0465,0,0,0,-0.1872,-0.2141,-0.3211,-0.3211,-0.3548,0,0,0,0.0662,0.0094,-0.0113,-0.0113,0.0279,0,0,0,-0.0191,-0.1662,-0.1994,-0.1994,-0.2773,0,0,0,0.3611,0.3780,0.4536,0.4536,0.4797,0,0,0
1.234181,1788532542.779562,2.5355,2.8428,2.8428,2.8428,3.0708,0,0,0,-1.1622,-0.3143,0.6914,0.6914,-0.9416,0,0,0,-0.1872,-0.2128,-0.3192,-0.3192,-0.3519,0,0,0,0.0662,0.0121,-0.0145,-0.0145,0.0252,0,0,0,-0.0191,-0.1593,-0.1911,-0.1911,-0.2733,0,0,0,0.3611,0.3772,0.4526,0.4526,0.4765,0,0,0
1.242875,1788532542.787256,2.5355,2.8286,2.8286,2.8286,3.0559,0,0,0,-1.1622,-0.3539,0.7785,0.7785,-0.8352,0,0,0,-0.1872,-0.2116,-0.3174,-0.3174,-0.3491,0,0,0,0.0662,0.0146,-0.0175,-0.0175,0.0226,0,0,0,-0.0191,-0.1528,-0.1834,-0.1834,-0.2691,0,0,0,0.3611,0.3764,0.4517,0.4517,0.4737,0,0,0
1.250752,1788532542.795158,2.5355,2.8147,2.8147,2.8147,3.0408,0,0,0,-1.1622,-0.3925,0.8636,0.8636,-0.7276,0,0,0,-0.1872,-0.2105,-0.3157,-0.3157,-0.3464,0,0,0,0.0662,0.0170,-0.0204,-0.0204,0.0200,0,0,0,-0.0191,-0.1465,-0.1758,-0.1758,-0.2646,0,0,0,0.3611,0.3757,0.4508,0.4508,0.4711,0,0,0
1.258827,1788532542.802417,2.5355,2.8025,2.8025,2.8025,3.0295,0,0,0,-1.1622,-0.4265,0.9383,0.9383,-0.6463,0,0,0,-0.1872,-0.2094,-0.3142,-0.3142,-0.3444,0,0,0,0.0662,0.0192,-0.0230,-0.0230,0.0180,0,0,0,-0.0191,-0.1409,-0.1691,-0.1691,-0.2611,0,0,0,0.3611,0.3751,0.4501,0.4501,0.4693,0,0,0
1.266853,1788532542.812148,2.5355,2.7870,2.7870,2.7870,3.0143,0,0,0,-1.1622,-0.4694,1.0326,1.0326,-0.5377,0,0,0,-0.1872,-0.2082,-0.3122,-0.3122,-0.3420,0,0,0,0.0662,0.0219,-0.0263,-0.0263,0.0153,0,0,0,-0.0191,-0.1339,-0.1607,-0.1607,-0.2562,0,0,0,0.3611,0.3743,0.4491,0.4491,0.4672,0,0,0
1.274973,1788532542.819347,2.4468,2.7723,2.7723,2.7723,2.9991,0,0,0,-1.3691,-0.5088,1.1193,1.1193,-0.4291,0,0,0,-0.2474,-0.2099,-0.3148,-0.3148,-0.3396,0,0,0,0.1101,0.0257,-0.0308,-0.0308,0.0127,0,0,0,-0.0857,-0.1318,-0.1581,-0.1581,-0.2510,0,0,0,0.1929,0.3664,0.4397,0.4397,0.4652,0,0,0
1.282985,1788532542.827484,2.4468,2.7564,2.7564,2.7564,2.9839,0,0,0,-1.3691,-0.5511,1.2125,1.2125,-0.3210,0,0,0,-0.2474,-0.2117,-0.3175,-0.3175,-0.3373,0,0,0,0.1101,0.0298,-0.0358,-0.0358,0.0100,0,0,0,-0.0857,-0.1295,-0.1555,-0.1555,-0.2455,0,0,0,0.1929,0.3580,0.4296,0.4296,0.4634,0,0,0
1.291001,1788532542.836540,2.4102,2.7377,2.7377,2.7377,2.9687,0,0,0,-1.3691,-0.5957,1.3105,1.3105,-0.2138,0,0,0,-0.2695,-0.2148,-0.3222,-0.3222,-0.3351,0,0,0,0.0760,0.0323,-0.0388,-0.0388,0.0073,0,0,0,-0.0993,-0.1279,-0.1535,-0.1535,-0.2399,0,0,0,0.3102,0.3554,0.4265,0.4265,0.4617,0,0,0
1.299015,1788532542.843421,2.3942,2.7234,2.7234,2.7234,2.9535,0,0,0,-1.3943,-0.6292,1.3842,1.3842,-0.1076,0,0,0,-0.3108,-0.2188,-0.3282,-0.3282,-0.3330,0,0,0,0.0760,0.0341,-0.0409,-0.0409,0.0045,0,0,0,-0.0986,-0.1267,-0.1520,-0.1520,-0.2341,0,0,0,0.4338,0.3586,0.4304,0.4304,0.4602,0,0,0
1.306907,1788532542.852549,2.3942,2.7055,2.7055,2.7055,2.9384,0,0,0,-1.3943,-0.6711,1.4765,1.4765,-0.0024,0,0,0,-0.3108,-0.2238,-0.3357,-0.3357,-0.3311,0,0,0,0.0760,0.0364,-0.0437,-0.0437,0.0017,0,0,0,-0.0986,-0.1252,-0.1502,-0.1502,-0.2282,0,0,0,0.4338,0.3627,0.4353,0.4353,0.4585,0,0,0
1.314892,1788532542.860550,2.2560,2.6839,2.6839,2.6839,2.9232,0,0,0,-1.1922,-0.6964,1.5320,1.5320,0.1019,0,0,0,-0.3091,-0.2279,-0.3418,-0.3418,-0.3294,0,0,0,-0.0242,0.0335,-0.0402,-0.0402,-0.0011,0,0,0,-0.0722,-0.1226,-0.1472,-0.1472,-0.2223,0,0,0,0.6845,0.3781,0.4537,0.4537,0.4566,0,0,0
1.322785,1788532542.867305,2.2560,2.6664,2.6664,2.6664,2.9080,0,0,0,-1.1922,-0.7168,1.5769,1.5769,0.2050,0,0,0,-0.3091,-0.2312,-0.3467,-0.3467,-0.3279,0,0,0,-0.0242,0.0311,-0.0374,-0.0374,-0.0040,0,0,0,-0.0722,-0.1206,-0.1447,-0.1447,-0.2165,0,0,0,0.6845,0.3906,0.4687,0.4687,0.4547,0,0,0
1.330365,1788532542.875737,2.2448,2.6451,2.6451,2.6451,2.8927,0,0,0,-1.2373,-0.7433,1.6352,1.6352,0.3070,0,0,0,-0.3887,-0.2391,-0.3586,-0.3586,-0.3269,0,0,0,-0.0689,0.0261,-0.0313,-0.0313,-0.0070,0,0,0,-0.0579,-0.1174,-0.1409,-0.1409,-0.2108,0,0,0,0.9565,0.4191,0.5029,0.5029,0.4528,0,0,0
1.339061,1788532542.883798,2.2448,2.6258,2.6258,2.6258,2.8812,0,0,0,-1.2373,-0.7673,1.6882,1.6882,0.3826,0,0,0,-0.3887,-0.2463,-0.3695,-0.3695,-0.3264,0,0,0,-0.0689,0.0215,-0.0258,-0.0258,-0.0092,0,0,0,-0.0579,-0.1146,-0.1375,-0.1375,-0.2067,0,0,0,0.9565,0.4450,0.5340,0.5340,0.4516,0,0,0
1.346937,1788532542.891469,2.2518,2.6085,2.6085,2.6085,2.8657,0,0,0,-1.4490,-0.7990,1.7579,1.7579,0.4817,0,0,0,-0.3785,-0.2524,-0.3786,-0.3786,-0.3261,0,0,0,-0.1025,0.0158,-0.0190,-0.0190,-0.0120,0,0,0,-0.0543,-0.1118,-0.1341,-0.1341,-0.2013,0,0,0,0.9837,0.4698,0.5638,0.5638,0.4503,0,0,0
1.354973,1788532542.899363,2.2518,2.5916,2.5916,2.5916,2.8501,0,0,0,-1.4490,-0.8301,1.8262,1.8262,0.5785,0,0,0,-0.3785,-0.2583,-0.3875,-0.3875,-0.3264,0,0,0,-0.1025,0.0102,-0.0123,-0.0123,-0.0146,0,0,0,-0.0543,-0.1091,-0.1309,-0.1309,-0.1960,0,0,0,0.9837,0.4941,0.5930,0.5930,0.4498,0,0,0
1.363088,1788532542.908400,2.2855,2.5751,2.5751,2.5751,2.8342,0,0,0,-1.7827,-0.8818,1.9400,1.9400,0.6728,0,0,0,-0.3480,-0.2632,-0.3948,-0.3948,-0.3271,0,0,0,-0.0741,0.0057,-0.0068,-0.0068,-0.0169,0,0,0,-0.0194,-0.1042,-0.1251,-0.1251,-0.1910,0,0,0,1.0722,0.5252,0.6303,0.6303,0.4505,0,0,0
1.369701,1788532542.915513,2.2855,2.5626,2.5626,2.5626,2.8180,0,0,0,-1.7827,-0.9208,2.0258,2.0258,0.7645,0,0,0,-0.3480,-0.2668,-0.4002,-0.4002,-0.3285,0,0,0,-0.0741,0.0023,-0.0027,-0.0027,-0.0189,0,0,0,-0.0194,-0.1006,-0.1207,-0.1207,-0.1861,0,0,0,1.0722,0.5487,0.6584,0.6584,0.4526,0,0,0
1.378424,1788532542.923778,2.2855,2.5489,2.5489,2.5489,2.8017,0,0,0,-1.7827,-0.9638,2.1204,2.1204,0.8537,0,0,0,-0.3480,-0.2708,-0.4062,-0.4062,-0.3305,0,0,0,-0.0741,-0.0015,0.0018,0.0018,-0.0203,0,0,0,-0.0194,-0.0966,-0.1159,-0.1159,-0.1813,0,0,0,1.0722,0.5746,0.6895,0.6895,0.4563,0,0,0
1.387008,1788532542.932287,2.3111,2.5368,2.5368,2.5368,2.7852,0,0,0,-1.9735,-1.0156,2.2344,2.2344,0.9410,0,0,0,-0.4109,-0.2779,-0.4169,-0.4169,-0.3330,0,0,0,-0.0912,-0.0060,0.0073,0.0073,-0.0214,0,0,0,-0.0177,-0.0926,-0.1111,-0.1111,-0.1767,0,0,0,1.0876,0.6007,0.7208,0.7208,0.4617,0,0,0
1.395543,1788532542.940416,2.3111,2.5258,2.5258,2.5258,2.7728,0,0,0,-2.0088,-1.0644,2.3418,2.3418,1.0055,0,0,0,-0.4057,-0.2841,-0.4262,-0.4262,-0.3353,0,0,0,-0.0992,-0.0106,0.0127,0.0127,-0.0218,0,0,0,-0.0605,-0.0910,-0.1092,-0.1092,-0.1733,0,0,0,1.0876,0.6244,0.7493,0.7493,0.4670,0,0,0
1.402363,1788532542.947029,2.3016,2.5168,2.5168,2.5168,2.7520,0,0,0,-2.0671,-1.1049,2.4308,2.4308,1.1118,0,0,0,-0.4109,-0.2892,-0.4338,-0.4338,-0.3397,0,0,0,-0.1103,-0.0146,0.0175,0.0175,-0.0219,0,0,0,-0.0605,-0.0898,-0.1078,-0.1078,-0.1678,0,0,0,1.2399,0.6490,0.7789,0.7789,0.4781,0,0,0
1.411531,1788532542.955928,2.2822,2.5043,2.5043,2.5043,2.7354,0,0,0,-2.1137,-1.1590,2.5497,2.5497,1.1968,0,0,0,-0.4129,-0.2958,-0.4436,-0.4436,-0.3438,0,0,0,-0.1103,-0.0196,0.0236,0.0236,-0.0215,0,0,0,-0.0463,-0.0875,-0.1050,-0.1050,-0.1633,0,0,0,1.2604,0.6815,0.8178,0.8178,0.4892,0,0,0
1.418773,1788532542.963778,2.2740,2.4934,2.4934,2.4934,2.7187,0,0,0,-2.1250,-1.2049,2.6508,2.6508,1.2835,0,0,0,-0.4353,-0.3023,-0.4535,-0.4535,-0.3484,0,0,0,-0.1015,-0.0235,0.0282,0.0282,-0.0205,0,0,0,-0.0463,-0.0856,-0.1027,-0.1027,-0.1589,0,0,0,1.2604,0.7088,0.8506,0.8506,0.5025,0,0,0
1.427438,1788532542.971224,2.2740,2.4836,2.4836,2.4836,2.7021,0,0,0,-2.1250,-1.2465,2.7424,2.7424,1.3717,0,0,0,-0.4353,-0.3083,-0.4624,-0.4624,-0.3535,0,0,0,-0.1015,-0.0270,0.0324,0.0324,-0.0191,0,0,0,-0.0463,-0.0838,-0.1006,-0.1006,-0.1546,0,0,0,1.2604,0.7336,0.8803,0.8803,0.5179,0,0,0
1.435447,1788532542.979759,2.2740,2.4729,2.4729,2.4729,2.6856,0,0,0,-2.1250,-1.2918,2.8419,2.8419,1.4616,0,0,0,-0.4353,-0.3147,-0.4721,-0.4721,-0.3592,0,0,0,-0.1015,-0.0308,0.0369,0.0369,-0.0172,0,0,0,-0.0463,-0.0819,-0.0983,-0.0983,-0.1503,0,0,0,1.2604,0.7605,0.9126,0.9126,0.5353,0,0,0
1.442972,1788532542.988388,2.2740,2.4626,2.4626,2.4626,2.6734,0,0,0,-2.1250,-1.3351,2.9373,2.9373,1.5299,0,0,0,-0.4353,-0.3209,-0.4814,-0.4814,-0.3637,0,0,0,-0.1015,-0.0344,0.0413,0.0413,-0.0156,0,0,0,-0.0463,-0.0801,-0.0961,-0.0961,-0.1472,0,0,0,1.2604,0.7863,0.9436,0.9436,0.5495,0,0,0
1.451153,1788532542.996446,2.2740,2.4535,2.4535,2.4535,2.6573,0,0,0,-2.1250,-1.3737,3.0220,3.0220,1.6222,0,0,0,-0.4353,-0.3265,-0.4897,-0.4897,-0.3701,0,0,0,-0.1015,-0.0376,0.0452,0.0452,-0.0130,0,0,0,-0.0463,-0.0784,-0.0941,-0.0941,-0.1431,0,0,0,1.2604,0.8093,0.9711,0.9711,0.5700,0,0,0
1.459052,1788532543.003467,2.2740,2.4459,2.4459,2.4459,2.6415,0,0,0,-2.1250,-1.4058,3.0927,3.0927,1.7156,0,0,0,-0.4353,-0.3311,-0.4966,-0.4966,-0.3768,0,0,0,-0.1015,-0.0403,0.0484,0.0484,-0.0102,0,0,0,-0.0463,-0.0771,-0.0925,-0.0925,-0.1391,0,0,0,1.2604,0.8284,0.9941,0.9941,0.5919,0,0,0
1.467106,1788532543.010596,2.2740,2.4385,2.4385,2.4385,2.6261,0,0,0,-2.1250,-1.4370,3.1614,3.1614,1.8098,0,0,0,-0.4353,-0.3355,-0.5033,-0.5033,-0.3839,0,0,0,-0.1015,-0.0430,0.0515,0.0515,-0.0070,0,0,0,-0.0463,-0.0758,-0.0909,-0.0909,-0.1353,0,0,0,1.2604,0.8470,1.0164,1.0164,0.6152,0,0,0
1.475326,1788532543.019071,2.2740,2.4302,2.4302,2.4302,2.6110,0,0,0,-2.1250,-1.4722,3.2388,3.2388,1.9045,0,0,0,-0.4353,-0.3406,-0.5109,-0.5109,-0.3913,0,0,0,-0.1015,-0.0459,0.0551,0.0551,-0.0037,0,0,0,-0.0463,-0.0743,-0.0891,-0.0891,-0.1315,0,0,0,1.2604,0.8680,1.0416,1.0416,0.6395,0,0,0
1.483839,1788532543.027710,2.3426,2.4256,2.4256,2.4256,2.5964,0,0,0,-2.3032,-1.5155,3.3340,3.3340,1.9992,0,0,0,-0.3960,-0.3434,-0.5152,-0.5152,-0.3990,0,0,0,-0.1440,-0.0510,0.0612,0.0612,-0.0002,0,0,0,-0.0024,-0.0706,-0.0847,-0.0847,-0.1279,0,0,0,1.3887,0.8949,1.0739,1.0739,0.6647,0,0,0
1.490872,1788532543.035351,2.3426,2.4218,2.4218,2.4218,2.5857,0,0,0,-2.3032,-1.5520,3.4143,3.4143,2.0699,0,0,0,-0.3960,-0.3459,-0.5188,-0.5188,-0.4048,0,0,0,-0.1440,-0.0552,0.0663,0.0663,0.0026,0,0,0,-0.0024,-0.0674,-0.0809,-0.0809,-0.1253,0,0,0,1.3887,0.9177,1.1012,1.1012,0.6841,0,0,0
1.499381,1788532543.043608,2.3426,2.4179,2.4179,2.4179,2.5718,0,0,0,-2.3032,-1.5895,3.4968,3.4968,2.1638,0,0,0,-0.3960,-0.3483,-0.5225,-0.5225,-0.4126,0,0,0,-0.1440,-0.0596,0.0715,0.0715,0.0063,0,0,0,-0.0024,-0.0642,-0.0771,-0.0771,-0.1220,0,0,0,1.3887,0.9410,1.1292,1.1292,0.7103,0,0,0
1.507430,1788532543.051837,2.3426,2.4142,2.4142,2.4142,2.5552,0,0,0,-2.3032,-1.6250,3.5749,3.5749,2.2803,0,0,0,-0.3960,-0.3507,-0.5260,-0.5260,-0.4225,0,0,0,-0.1440,-0.0638,0.0765,0.0765,0.0111,0,0,0,-0.0024,-0.0612,-0.0734,-0.0734,-0.1179,0,0,0,1.3887,0.9631,1.1558,1.1558,0.7437,0,0,0
1.515873,1788532543.059975,2.3426,2.4107,2.4107,2.4107,2.5425,0,0,0,-2.3032,-1.6583,3.6483,3.6483,2.3729,0,0,0,-0.3960,-0.3529,-0.5293,-0.5293,-0.4304,0,0,0,-0.1440,-0.0677,0.0812,0.0812,0.0151,0,0,0,-0.0024,-0.0583,-0.0700,-0.0700,-0.1148,0,0,0,1.3887,0.9839,1.1807,1.1807,0.7709,0,0,0
1.523804,1788532543.068341,2.3426,2.4073,2.4073,2.4073,2.5334,0,0,0,-2.3032,-1.6909,3.7200,3.7200,2.4419,0,0,0,-0.3960,-0.3550,-0.5326,-0.5326,-0.4362,0,0,0,-0.1440,-0.0715,0.0858,0.0858,0.0182,0,0,0,-0.0024,-0.0555,-0.0666,-0.0666,-0.1124,0,0,0,1.3887,1.0043,1.2051,1.2051,0.7915,0,0,0
1.531823,1788532543.076346,2.3388,2.4040,2.4040,2.4040,2.5218,0,0,0,-2.6638,-1.7380,3.8237,3.8237,2.5332,0,0,0,-0.4157,-0.3579,-0.5369,-0.5369,-0.4438,0,0,0,-0.0999,-0.0728,0.0874,0.0874,0.0224,0,0,0,0.1291,-0.0467,-0.0560,-0.0560,-0.1093,0,0,0,1.3797,1.0223,1.2268,1.2268,0.8191,0,0,0
1.539563,1788532543.084269,2.3388,2.4009,2.4009,2.4009,2.5108,0,0,0,-2.6638,-1.7824,3.9214,3.9214,2.6237,0,0,0,-0.4157,-0.3607,-0.5410,-0.5410,-0.4513,0,0,0,-0.0999,-0.0741,0.0890,0.0890,0.0266,0,0,0,0.1291,-0.0383,-0.0460,-0.0460,-0.1062,0,0,0,1.3797,1.0394,1.2472,1.2472,0.8469,0,0,0
1.547603,1788532543.093000,2.3344,2.3974,2.3974,2.3974,2.5005,0,0,0,-2.7510,-1.8334,4.0335,4.0335,2.7133,0,0,0,-0.3837,-0.3619,-0.5428,-0.5428,-0.4585,0,0,0,-0.0524,-0.0730,0.0876,0.0876,0.0310,0,0,0,0.1918,-0.0264,-0.0316,-0.0316,-0.1031,0,0,0,1.1957,1.0475,1.2570,1.2570,0.8747,0,0,0
1.555564,1788532543.100359,2.3344,2.3946,2.3946,2.3946,2.4907,0,0,0,-2.7510,-1.8744,4.1238,4.1238,2.8021,0,0,0,-0.3837,-0.3628,-0.5443,-0.5443,-0.4655,0,0,0,-0.0524,-0.0721,0.0865,0.0865,0.0354,0,0,0,0.1918,-0.0167,-0.0200,-0.0200,-0.0999,0,0,0,1.1957,1.0541,1.2649,1.2649,0.9025,0,0,0
1.563961,1788532543.108475,2.3344,2.3917,2.3917,2.3917,2.4815,0,0,0,-2.7510,-1.9175,4.2184,4.2184,2.8906,0,0,0,-0.3837,-0.3639,-0.5458,-0.5458,-0.4722,0,0,0,-0.0524,-0.0711,0.0854,0.0854,0.0397,0,0,0,0.1918,-0.0066,-0.0079,-0.0079,-0.0965,0,0,0,1.1957,1.0610,1.2732,1.2732,0.9302,0,0,0
1.572000,1788532543.116373,2.3940,2.3918,2.3918,2.3918,2.4728,0,0,0,-2.8016,-1.9598,4.3115,4.3115,2.9792,0,0,0,-0.3996,-0.3656,-0.5483,-0.5483,-0.4787,0,0,0,-0.0199,-0.0687,0.0825,0.0825,0.0439,0,0,0,0.2455,0.0054,0.0064,0.0064,-0.0928,0,0,0,1.1117,1.0634,1.2761,1.2761,0.9574,0,0,0
1.580055,1788532543.123557,2.3940,2.3919,2.3919,2.3919,2.4647,0,0,0,-2.8577,-1.9990,4.3978,4.3978,3.0679,0,0,0,-0.4003,-0.3671,-0.5506,-0.5506,-0.4850,0,0,0,-0.0199,-0.0666,0.0799,0.0799,0.0480,0,0,0,0.2529,0.0161,0.0193,0.0193,-0.0886,0,0,0,1.0980,1.0649,1.2779,1.2779,0.9841,0,0,0
1.587411,1788532543.133553,2.3856,2.3915,2.3915,2.3915,2.4590,0,0,0,-2.9094,-2.0535,4.5176,4.5176,3.1347,0,0,0,-0.4230,-0.3704,-0.5555,-0.5555,-0.4894,0,0,0,-0.0248,-0.0641,0.0770,0.0770,0.0509,0,0,0,0.2529,0.0301,0.0361,0.0361,-0.0853,0,0,0,1.0980,1.0669,1.2803,1.2803,1.0035,0,0,0
1.595072,1788532543.139842,2.3599,2.3903,2.3903,2.3903,2.4572,0,0,0,-2.9714,-2.0888,4.5953,4.5953,3.1569,0,0,0,-0.4230,-0.3724,-0.5585,-0.5585,-0.4909,0,0,0,-0.0248,-0.0626,0.0752,0.0752,0.0518,0,0,0,0.2819,0.0397,0.0476,0.0476,-0.0841,0,0,0,0.9655,1.0630,1.2756,1.2756,1.0099,0,0,0
1.603339,1788532543.148803,2.3599,2.3887,2.3887,2.3887,2.4451,0,0,0,-3.0077,-2.1383,4.7044,4.7044,3.3133,0,0,0,-0.4372,-0.3758,-0.5637,-0.5637,-0.5005,0,0,0,-0.0220,-0.0605,0.0726,0.0726,0.0578,0,0,0,0.2819,0.0526,0.0631,0.0631,-0.0748,0,0,0,0.7914,1.0485,1.2582,1.2582,1.0525,0,0,0
1.611318,1788532543.156731,2.3599,2.3873,2.3873,2.3873,2.4390,0,0,0,-3.0077,-2.1801,4.7962,4.7962,3.4037,0,0,0,-0.4372,-0.3787,-0.5681,-0.5681,-0.5057,0,0,0,-0.0220,-0.0586,0.0704,0.0704,0.0607,0,0,0,0.2819,0.0635,0.0762,0.0762,-0.0686,0,0,0,0.7914,1.0362,1.2435,1.2435,1.0751,0,0,0
1.619894,1788532543.164292,2.3599,2.3861,2.3861,2.3861,2.4333,0,0,0,-3.0077,-2.2181,4.8798,4.8798,3.4961,0,0,0,-0.4372,-0.3814,-0.5721,-0.5721,-0.5106,0,0,0,-0.0220,-0.0570,0.0684,0.0684,0.0632,0,0,0,0.2819,0.0734,0.0881,0.0881,-0.0617,0,0,0,0.7914,1.0251,1.2301,1.2301,1.0961,0,0,0
1.627907,1788532543.172329,2.3599,2.3848,2.3848,2.3848,2.4281,0,0,0,-3.0077,-2.2565,4.9643,4.9643,3.5901,0,0,0,-0.4372,-0.3841,-0.5761,-0.5761,-0.5155,0,0,0,-0.0220,-0.0553,0.0664,0.0664,0.0653,0,0,0,0.2819,0.0835,0.1002,0.1002,-0.0539,0,0,0,0.7914,1.0139,1.2166,1.2166,1.1152,0,0,0
1.636123,1788532543.180349,2.3599,2.3836,2.3836,2.3836,2.4233,0,0,0,-3.0077,-2.2930,5.0446,5.0446,3.6854,0,0,0,-0.4372,-0.3866,-0.5799,-0.5799,-0.5203,0,0,0,-0.0220,-0.0537,0.0644,0.0644,0.0671,0,0,0,0.2819,0.0930,0.1116,0.1116,-0.0455,0,0,0,0.7914,1.0032,1.2038,1.2038,1.1323,0,0,0
1.643662,1788532543.188061,2.2587,2.3778,2.3778,2.3778,2.4189,0,0,0,-3.3639,-2.3431,5.1548,5.1548,3.7813,0,0,0,-0.3863,-0.3866,-0.5799,-0.5799,-0.5249,0,0,0,0.0763,-0.0477,0.0572,0.0572,0.0684,0,0,0,0.2985,0.1025,0.1230,0.1230,-0.0365,0,0,0,0.9118,0.9989,1.1987,1.1987,1.1472,0,0,0
1.651667,1788532543.197077,2.2587,2.3714,2.3714,2.3714,2.4148,0,0,0,-3.3639,-2.3985,5.2767,5.2767,3.8776,0,0,0,-0.3863,-0.3866,-0.5799,-0.5799,-0.5295,0,0,0,0.0763,-0.0410,0.0493,0.0493,0.0694,0,0,0,0.2985,0.1131,0.1357,0.1357,-0.0270,0,0,0,0.9118,0.9942,1.1931,1.1931,1.1600,0,0,0
1.660195,1788532543.204593,2.2333,2.3652,2.3652,2.3652,2.4120,0,0,0,-3.4312,-2.4456,5.3804,5.3804,3.9500,0,0,0,-0.3754,-0.3861,-0.5791,-0.5791,-0.5328,0,0,0,0.1022,-0.0346,0.0415,0.0415,0.0699,0,0,0,0.3396,0.1233,0.1480,0.1480,-0.0195,0,0,0,0.8818,0.9892,1.1870,1.1870,1.1682,0,0,0
1.668194,1788532543.212612,2.2333,2.3589,2.3589,2.3589,2.4084,0,0,0,-3.4312,-2.4935,5.4857,5.4857,4.0470,0,0,0,-0.3754,-0.3856,-0.5784,-0.5784,-0.5371,0,0,0,0.1022,-0.0280,0.0336,0.0336,0.0702,0,0,0,0.3396,0.1337,0.1604,0.1604,-0.0093,0,0,0,0.8818,0.9840,1.1808,1.1808,1.1775,0,0,0
1.675337,1788532543.221677,2.2333,2.3521,2.3521,2.3521,2.4049,0,0,0,-3.4312,-2.5447,5.5983,5.5983,4.1445,0,0,0,-0.3754,-0.3850,-0.5775,-0.5775,-0.5413,0,0,0,0.1022,-0.0210,0.0252,0.0252,0.0701,0,0,0,0.3396,0.1448,0.1738,0.1738,0.0013,0,0,0,0.8818,0.9785,1.1742,1.1742,1.1850,0,0,0
1.684373,1788532543.227787,2.2333,2.3477,2.3477,2.3477,2.4014,0,0,0,-3.4312,-2.5779,5.6713,5.6713,4.2428,0,0,0,-0.3754,-0.3847,-0.5770,-0.5770,-0.5451,0,0,0,0.1022,-0.0164,0.0197,0.0197,0.0694,0,0,0,0.3396,0.1520,0.1824,0.1824,0.0122,0,0,0,0.8818,0.9749,1.1699,1.1699,1.1908,0,0,0
1.691944,1788532543.236342,2.2333,2.3418,2.3418,2.3418,2.3980,0,0,0,-3.4312,-2.6219,5.7683,5.7683,4.3417,0,0,0,-0.3754,-0.3842,-0.5763,-0.5763,-0.5487,0,0,0,0.1022,-0.0104,0.0125,0.0125,0.0683,0,0,0,0.3396,0.1616,0.1939,0.1939,0.0233,0,0,0,0.8818,0.9702,1.1642,1.1642,1.1952,0,0,0
1.699472,1788532543.244886,2.2333,2.3363,2.3363,2.3363,2.3945,0,0,0,-3.4312,-2.6637,5.8601,5.8601,4.4412,0,0,0,-0.3754,-0.3838,-0.5756,-0.5756,-0.5521,0,0,0,0.1022,-0.0047,0.0056,0.0056,0.0666,0,0,0,0.3396,0.1707,0.2049,0.2049,0.0347,0,0,0,0.8818,0.9657,1.1588,1.1588,1.1982,0,0,0
1.707571,1788532543.253962,2.2333,2.3307,2.3307,2.3307,2.3909,0,0,0,-3.4312,-2.7056,5.9523,5.9523,4.5408,0,0,0,-0.3754,-0.3833,-0.5750,-0.5750,-0.5551,0,0,0,0.1022,0.0011,-0.0013,-0.0013,0.0644,0,0,0,0.3396,0.1798,0.2158,0.2158,0.0462,0,0,0,0.8818,0.9611,1.1533,1.1533,1.2001,0,0,0
1.716175,1788532543.261046,2.1973,2.3250,2.3250,2.3250,2.3872,0,0,0,-4.1863,-2.7695,6.0929,6.0929,4.6405,0,0,0,-0.3996,-0.3840,-0.5760,-0.5760,-0.5578,0,0,0,0.1230,0.0063,-0.0076,-0.0076,0.0618,0,0,0,0.3502,0.1871,0.2245,0.2245,0.0578,0,0,0,0.9291,0.9598,1.1517,1.1517,1.2009,0,0,0
1.724231,1788532543.268635,2.1973,2.3192,2.3192,2.3192,2.3843,0,0,0,-4.1863,-2.8349,6.2367,6.2367,4.7151,0,0,0,-0.3996,-0.3847,-0.5771,-0.5771,-0.5597,0,0,0,0.1230,0.0116,-0.0140,-0.0140,0.0595,0,0,0,0.3502,0.1946,0.2335,0.2335,0.0666,0,0,0,0.9291,0.9584,1.1500,1.1500,1.2009,0,0,0
1.732252,1788532543.276658,2.1973,2.3134,2.3134,2.3134,2.3805,0,0,0,-4.1863,-2.9006,6.3813,6.3813,4.8146,0,0,0,-0.3996,-0.3854,-0.5781,-0.5781,-0.5619,0,0,0,0.1230,0.0170,-0.0204,-0.0204,0.0562,0,0,0,0.3502,0.2020,0.2425,0.2425,0.0783,0,0,0,0.9291,0.9570,1.1483,1.1483,1.2001,0,0,0
1.739816,1788532543.285686,2.1973,2.3071,2.3071,2.3071,2.3765,0,0,0,-4.1863,-2.9706,6.5353,6.5353,4.9146,0,0,0,-0.3996,-0.3862,-0.5793,-0.5793,-0.5639,0,0,0,0.1230,0.0227,-0.0272,-0.0272,0.0524,0,0,0,0.3502,0.2100,0.2520,0.2520,0.0900,0,0,0,0.9291,0.9555,1.1465,1.1465,1.1987,0,0,0
1.747828,1788532543.293244,2.1526,2.3001,2.3001,2.3001,2.3724,0,0,0,-4.6024,-3.0456,6.7003,6.7003,5.0158,0,0,0,-0.4187,-0.3877,-0.5815,-0.5815,-0.5657,0,0,0,0.1408,0.0280,-0.0336,-0.0336,0.0483,0,0,0,0.4079,0.2190,0.2628,0.2628,0.1016,0,0,0,0.9677,0.9560,1.1472,1.1472,1.1967,0,0,0
1.755839,1788532543.301250,2.1526,2.2930,2.2930,2.2930,2.3681,0,0,0,-4.6024,-3.1213,6.8668,6.8668,5.1186,0,0,0,-0.4187,-0.3891,-0.5837,-0.5837,-0.5673,0,0,0,0.1408,0.0334,-0.0401,-0.0401,0.0440,0,0,0,0.4079,0.2281,0.2737,0.2737,0.1132,0,0,0,0.9677,0.9566,1.1479,1.1479,1.1943,0,0,0
1.763872,1788532543.309286,2.1526,2.2863,2.2863,2.2863,2.3637,0,0,0,-4.7903,-3.2027,7.0459,7.0459,5.2237,0,0,0,-0.4269,-0.3910,-0.5864,-0.5864,-0.5688,0,0,0,0.0974,0.0365,-0.0438,-0.0438,0.0393,0,0,0,0.4795,0.2402,0.2882,0.2882,0.1246,0,0,0,0.8835,0.9531,1.1437,1.1437,1.1916,0,0,0
1.772420,1788532543.317307,2.1494,2.2797,2.2797,2.2797,2.3592,0,0,0,-5.0256,-3.2915,7.2414,7.2414,5.3315,0,0,0,-0.4052,-0.3916,-0.5875,-0.5875,-0.5701,0,0,0,0.1554,0.0422,-0.0507,-0.0507,0.0344,0,0,0,0.4813,0.2518,0.3021,0.3021,0.1360,0,0,0,0.8796,0.9495,1.1394,1.1394,1.1888,0,0,0
1.780097,1788532543.323395,2.0673,2.2718,2.2718,2.2718,2.3545,0,0,0,-5.0317,-3.3567,7.3848,7.3848,5.4425,0,0,0,-0.4052,-0.3921,-0.5882,-0.5882,-0.5714,0,0,0,0.1573,0.0465,-0.0558,-0.0558,0.0292,0,0,0,0.5171,0.2616,0.3139,0.3139,0.1473,0,0,0,0.8663,0.9465,1.1358,1.1358,1.1858,0,0,0
1.788342,1788532543.333123,2.0310,2.2579,2.2579,2.2579,2.3496,0,0,0,-5.0793,-3.4576,7.6066,7.5848,5.5573,1,0,0,-0.4052,-0.3929,-0.5893,-0.5893,-0.5727,0,0,0,0.1647,0.0533,-0.0639,-0.0639,0.0239,0,0,0,0.5183,0.2764,0.3317,0.3317,0.1586,0,0,0,0.8663,0.9418,1.1302,1.1302,1.1827,0,0,0
1.795910,1788532543.341326,2.0148,2.2460,2.2460,2.2460,2.3472,0,0,0,-5.1411,-3.5415,7.7912,7.7848,5.6162,1,0,0,-0.4138,-0.3939,-0.5909,-0.5909,-0.5734,0,0,0,0.1771,0.0594,-0.0712,-0.0712,0.0212,0,0,0,0.5171,0.2882,0.3459,0.3459,0.1642,0,0,0,0.8695,0.9383,1.1260,1.1260,1.1812,0,0,0
1.804507,1788532543.348971,2.0148,2.2354,2.2354,2.2354,2.3421,0,0,0,-5.1411,-3.6161,7.9553,7.9553,5.7370,0,0,0,-0.4138,-0.3948,-0.5922,-0.5922,-0.5746,0,0,0,0.1771,0.0648,-0.0777,-0.0777,0.0158,0,0,0,0.5171,0.2988,0.3585,0.3585,0.1755,0,0,0,0.8695,0.9351,1.1222,1.1222,1.1780,0,0,0
1.812252,1788532543.357025,2.0148,2.2247,2.2247,2.2247,2.3353,0,0,0,-5.1411,-3.6908,8.1198,8.1198,5.8937,0,0,0,-0.4138,-0.3957,-0.5936,-0.5936,-0.5761,0,0,0,0.1771,0.0702,-0.0842,-0.0842,0.0087,0,0,0,0.5171,0.3093,0.3712,0.3712,0.1898,0,0,0,0.8695,0.9320,1.1184,1.1184,1.1739,0,0,0
1.820121,1788532543.365551,2.0148,2.2140,2.2140,2.2140,2.3296,0,0,0,-5.1411,-3.7658,8.2848,8.2848,6.0242,0,0,0,-0.4138,-0.3967,-0.5950,-0.5950,-0.5773,0,0,0,0.1771,0.0756,-0.0907,-0.0907,0.0030,0,0,0,0.5171,0.3199,0.3839,0.3839,0.2014,0,0,0,0.8695,0.9288,1.1146,1.1146,1.1705,0,0,0
1.827706,1788532543.373122,1.9628,2.2026,2.2026,2.2026,2.3236,0,0,0,-5.4951,-3.8458,8.4607,8.4607,6.1590,0,0,0,-0.3738,-0.3956,-0.5934,-0.5934,-0.5785,0,0,0,0.1489,0.0790,-0.0947,-0.0947,-0.0029,0,0,0,0.5711,0.3313,0.3976,0.3976,0.2132,0,0,0,0.8247,0.9241,1.1089,1.1089,1.1670,0,0,0
1.835823,1788532543.381135,1.9628,2.1911,2.1911,2.1911,2.3171,0,0,0,-5.6347,-3.9331,8.6528,8.6528,6.2978,0,0,0,-0.3738,-0.3946,-0.5919,-0.5919,-0.5797,0,0,0,0.1489,0.0823,-0.0988,-0.0988,-0.0089,0,0,0,0.6343,0.3459,0.4151,0.4151,0.2250,0,0,0,0.8247,0.9193,1.1032,1.1032,1.1635,0,0,0
1.844372,1788532543.388869,1.9628,2.1805,2.1805,2.1805,2.3104,0,0,0,-5.6347,-4.0134,8.8296,8.8296,6.4402,0,0,0,-0.3738,-0.3936,-0.5904,-0.5904,-0.5809,0,0,0,0.1489,0.0854,-0.1025,-0.1025,-0.0150,0,0,0,0.6343,0.3593,0.4312,0.4312,0.2370,0,0,0,0.8247,0.9149,1.0979,1.0979,1.1599,0,0,0
1.852069,1788532543.396776,1.9628,2.1702,2.1702,2.1702,2.3033,0,0,0,-5.6347,-4.0916,9.0016,9.0016,6.5859,0,0,0,-0.3738,-0.3927,-0.5890,-0.5890,-0.5820,0,0,0,0.1489,0.0884,-0.1061,-0.1061,-0.0211,0,0,0,0.6343,0.3724,0.4468,0.4468,0.2492,0,0,0,0.8247,0.9107,1.0928,1.0928,1.1562,0,0,0
1.860111,1788532543.404543,1.9628,2.1605,2.1605,2.1605,2.2958,0,0,0,-5.6347,-4.1648,9.1626,9.1626,6.7349,0,0,0,-0.3738,-0.3918,-0.5877,-0.5877,-0.5831,0,0,0,0.1489,0.0912,-0.1095,-0.1095,-0.0272,0,0,0,0.6343,0.3846,0.4615,0.4615,0.2614,0,0,0,0.8247,0.9067,1.0880,1.0880,1.1524,0,0,0
1.868316,1788532543.413018,1.9628,2.1505,2.1505,2.1505,2.2880,0,0,0,-5.6347,-4.2406,9.3292,9.3292,6.8871,0,0,0,-0.3738,-0.3909,-0.5863,-0.5863,-0.5841,0,0,0,0.1489,0.0941,-0.1130,-0.1130,-0.0333,0,0,0,0.6343,0.3972,0.4767,0.4767,0.2739,0,0,0,0.8247,0.9025,1.0830,1.0830,1.1485,0,0,0
1.876618,1788532543.421016,1.9628,2.1415,2.1415,2.1415,2.2799,0,0,0,-5.6347,-4.3085,9.4788,9.4788,7.0421,0,0,0,-0.3738,-0.3901,-0.5851,-0.5851,-0.5849,0,0,0,0.1489,0.0968,-0.1161,-0.1161,-0.0393,0,0,0,0.6343,0.4086,0.4903,0.4903,0.2866,0,0,0,0.8247,0.8988,1.0785,1.0785,1.1445,0,0,0
1.884730,1788532543.429099,1.8979,2.1297,2.1297,2.1297,2.2715,0,0,0,-6.1148,-4.3975,9.6746,9.6746,7.1995,0,0,0,-0.3051,-0.3860,-0.5789,-0.5789,-0.5857,0,0,0,0.1862,0.1011,-0.1213,-0.1213,-0.0452,0,0,0,0.6071,0.4182,0.5019,0.5019,0.2995,0,0,0,0.7938,0.8937,1.0725,1.0725,1.1405,0,0,0
1.892670,1788532543.437140,1.8979,2.1185,2.1185,2.1185,2.2651,0,0,0,-6.1148,-4.4818,9.8599,9.8599,7.3188,0,0,0,-0.3051,-0.3821,-0.5731,-0.5731,-0.5861,0,0,0,0.1862,0.1052,-0.1262,-0.1262,-0.0495,0,0,0,0.6071,0.4274,0.5128,0.5128,0.3093,0,0,0,0.7938,0.8889,1.0667,1.0667,1.1374,0,0,0
1.900234,1788532543.445105,1.8544,2.1059,2.1059,2.1059,2.2541,0,0,0,-6.3229,-4.5713,10.0569,10.0569,7.5197,0,0,0,-0.3156,-0.3789,-0.5684,-0.5684,-0.5867,0,0,0,0.2016,0.1098,-0.1317,-0.1317,-0.0566,0,0,0,0.6580,0.4384,0.5261,0.5261,0.3259,0,0,0,0.7858,0.8840,1.0608,1.0608,1.1321,0,0,0
1.908245,1788532543.452650,1.8544,2.0945,2.0945,2.0945,2.2474,0,0,0,-6.3229,-4.6522,10.2348,10.2348,7.6413,0,0,0,-0.3156,-0.3760,-0.5641,-0.5641,-0.5869,0,0,0,0.2016,0.1139,-0.1367,-0.1367,-0.0608,0,0,0,0.6580,0.4484,0.5380,0.5380,0.3359,0,0,0,0.7858,0.8795,1.0555,1.0555,1.1288,0,0,0
1.916524,1788532543.461400,1.7674,2.0774,2.0774,2.0774,2.2383,0,0,0,-6.5068,-4.7508,10.4519,10.4348,7.8049,1,0,0,-0.3333,-0.3738,-0.5607,-0.5607,-0.5869,0,0,0,0.2668,0.1219,-0.1463,-0.1463,-0.0662,0,0,0,0.7000,0.4615,0.5538,0.5538,0.3494,0,0,0,0.7934,0.8751,1.0501,1.0501,1.1244,0,0,0
1.924680,1788532543.468955,1.7674,2.0633,2.0633,2.0633,2.2289,0,0,0,-6.5068,-4.8321,10.6306,10.6306,7.9702,0,0,0,-0.3333,-0.3720,-0.5580,-0.5580,-0.5867,0,0,0,0.2668,0.1285,-0.1542,-0.1542,-0.0715,0,0,0,0.7000,0.4723,0.5668,0.5668,0.3628,0,0,0,0.7934,0.8713,1.0456,1.0456,1.1200,0,0,0
1.932553,1788532543.478111,1.7270,2.0449,2.0449,2.0449,2.2194,0,0,0,-6.6495,-4.9330,10.8527,10.8306,8.1374,1,0,0,-0.3104,-0.3686,-0.5529,-0.5529,-0.5861,0,0,0,0.3188,0.1389,-0.1666,-0.1666,-0.0768,0,0,0,0.7576,0.4879,0.5855,0.5855,0.3763,0,0,0,0.7333,0.8638,1.0366,1.0366,1.1154,0,0,0
1.940220,1788532543.485069,1.7270,2.0316,2.0316,2.0316,2.2096,0,0,0,-6.6495,-5.0065,11.0142,11.0142,8.3062,0,0,0,-0.3104,-0.3662,-0.5493,-0.5493,-0.5853,0,0,0,0.3188,0.1464,-0.1757,-0.1757,-0.0820,0,0,0,0.7576,0.4992,0.5991,0.5991,0.3898,0,0,0,0.7333,0.8584,1.0300,1.0300,1.1107,0,0,0
1.948246,1788532543.492636,1.7270,2.0177,2.0177,2.0177,2.1995,0,0,0,-6.6495,-5.0827,11.1819,11.1819,8.4770,0,0,0,-0.3104,-0.3637,-0.5455,-0.5455,-0.5842,0,0,0,0.3188,0.1542,-0.1851,-0.1851,-0.0873,0,0,0,0.7576,0.5110,0.6132,0.6132,0.4033,0,0,0,0.7333,0.8527,1.0232,1.0232,1.1059,0,0,0
1.956370,1788532543.501822,1.6551,1.9979,1.9979,1.9979,2.1891,0,0,0,-6.8131,-5.1791,11.3941,11.3819,8.6497,1,0,0,-0.2718,-0.3586,-0.5380,-0.5380,-0.5828,0,0,0,0.2642,0.1603,-0.1923,-0.1923,-0.0927,0,0,0,0.7035,0.5215,0.6259,0.6259,0.4168,0,0,0,0.7713,0.8482,1.0179,1.0179,1.1011,0,0,0
1.964264,1788532543.509781,1.6551,1.9815,1.9815,1.9815,2.1784,0,0,0,-6.8131,-5.2586,11.5690,11.5690,8.8242,0,0,0,-0.2718,-0.3545,-0.5318,-0.5318,-0.5812,0,0,0,0.2642,0.1652,-0.1983,-0.1983,-0.0983,0,0,0,0.7035,0.5302,0.6363,0.6363,0.4305,0,0,0,0.7713,0.8446,1.0135,1.0135,1.0961,0,0,0
1.972448,1788532543.517243,1.6551,1.9668,1.9668,1.9668,2.1673,0,0,0,-6.8131,-5.3298,11.7255,11.7255,9.0003,0,0,0,-0.2718,-0.3508,-0.5262,-0.5262,-0.5793,0,0,0,0.2642,0.1697,-0.2036,-0.2036,-0.1041,0,0,0,0.7035,0.5380,0.6456,0.6456,0.4442,0,0,0,0.7713,0.8413,1.0095,1.0095,1.0910,0,0,0
1.980046,1788532543.525569,1.6551,1.9513,1.9513,1.9513,2.1559,0,0,0,-6.8131,-5.4051,11.8912,11.8912,9.1776,0,0,0,-0.2718,-0.3469,-0.5203,-0.5203,-0.5772,0,0,0,0.2642,0.1744,-0.2092,-0.2092,-0.1101,0,0,0,0.7035,0.5463,0.6555,0.6555,0.4580,0,0,0,0.7713,0.8378,1.0054,1.0054,1.0858,0,0,0
1.988102,1788532543.533479,1.6551,1.9372,1.9372,1.9372,2.1440,0,0,0,-6.8131,-5.4732,12.0411,12.0411,9.3561,0,0,0,-0.2718,-0.3433,-0.5150,-0.5150,-0.5748,0,0,0,0.2642,0.1786,-0.2143,-0.2143,-0.1162,0,0,0,0.7035,0.5537,0.6645,0.6645,0.4718,0,0,0,0.7713,0.8347,1.0016,1.0016,1.0806,0,0,0
1.996198,1788532543.540632,1.6551,1.9250,1.9250,1.9250,2.1349,0,0,0,-6.8131,-5.5321,12.1706,12.1706,9.4907,0,0,0,-0.2718,-0.3402,-0.5104,-0.5104,-0.5729,0,0,0,0.2642,0.1823,-0.2188,-0.2188,-0.1210,0,0,0,0.7035,0.5602,0.6722,0.6722,0.4821,0,0,0,0.7713,0.8319,0.9983,0.9983,1.0766,0,0,0
2.004545,1788532543.549962,1.4026,1.8960,1.8960,1.8960,2.1224,0,0,0,-7.5380,-5.6456,12.4203,12.3706,9.6705,1,0,0,-0.2485,-0.3352,-0.5027,-0.5027,-0.5700,0,0,0,0.3720,0.1928,-0.2314,-0.2314,-0.1273,0,0,0,0.9140,0.5799,0.6958,0.6958,0.4957,0,0,0,0.7171,0.8256,0.9907,0.9907,1.0712,0,0,0
2.012714,1788532543.556356,1.4026,1.8769,1.8769,1.8769,2.1097,0,0,0,-7.5380,-5.7203,12.5847,12.5706,9.8503,1,0,0,-0.2485,-0.3318,-0.4977,-0.4977,-0.5669,0,0,0,0.3720,0.1998,-0.2397,-0.2397,-0.1338,0,0,0,0.9140,0.5928,0.7114,0.7114,0.5092,0,0,0,0.7171,0.8214,0.9856,0.9856,1.0659,0,0,0
2.020494,1788532543.565059,1.4026,1.8522,1.8522,1.8522,2.0966,0,0,0,-7.5380,-5.8167,12.7967,12.7706,10.0296,1,0,0,-0.2485,-0.3275,-0.4912,-0.4912,-0.5635,0,0,0,0.3720,0.2087,-0.2504,-0.2504,-0.1402,0,0,0,0.9140,0.6095,0.7314,0.7314,0.5225,0,0,0,0.7171,0.8160,0.9791,0.9791,1.0605,0,0,0
2.028228,1788532543.573621,1.4026,1.8291,1.8291,1.8291,2.0833,0,0,0,-7.5380,-5.9065,12.9944,12.9706,10.2079,1,0,0,-0.2485,-0.3235,-0.4852,-0.4852,-0.5599,0,0,0,0.3720,0.2170,-0.2605,-0.2605,-0.1467,0,0,0,0.9140,0.6251,0.7501,0.7501,0.5356,0,0,0,0.7171,0.8109,0.9731,0.9731,1.0553,0,0,0
2.036245,1788532543.581654,1.4026,1.8085,1.8085,1.8085,2.0695,0,0,0,-7.5380,-5.9867,13.1707,13.1706,10.3858,1,0,0,-0.2485,-0.3198,-0.4798,-0.4798,-0.5561,0,0,0,0.3720,0.2245,-0.2694,-0.2694,-0.1532,0,0,0,0.9140,0.6390,0.7668,0.7668,0.5487,0,0,0,0.7171,0.8064,0.9677,0.9677,1.0500,0,0,0
2.044001,1788532543.588341,1.4026,1.7921,1.7921,1.7921,2.0553,0,0,0,-7.5380,-6.0507,13.3115,13.3115,10.5637,0,0,0,-0.2485,-0.3170,-0.4755,-0.4755,-0.5521,0,0,0,0.3720,0.2305,-0.2766,-0.2766,-0.1599,0,0,0,0.9140,0.6502,0.7802,0.7802,0.5618,0,0,0,0.7171,0.8028,0.9633,0.9633,1.0447,0,0,0
2.052320,1788532543.597087,1.2167,1.7620,1.7620,1.7620,2.0406,0,0,0,-7.9802,-6.1535,13.5376,13.5115,10.7421,1,0,0,-0.0609,-0.3036,-0.4554,-0.4554,-0.5478,0,0,0,0.3638,0.2374,-0.2849,-0.2849,-0.1667,0,0,0,1.0223,0.6696,0.8035,0.8035,0.5751,0,0,0,0.6214,0.7933,0.9520,0.9520,1.0395,0,0,0
2.060234,1788532543.604743,1.2167,1.7369,1.7369,1.7369,2.0253,0,0,0,-7.9802,-6.2393,13.7264,13.7115,10.9212,1,0,0,-0.0609,-0.2925,-0.4387,-0.4387,-0.5434,0,0,0,0.3638,0.2432,-0.2919,-0.2919,-0.1738,0,0,0,1.0223,0.6859,0.8230,0.8230,0.5886,0,0,0,0.6214,0.7854,0.9425,0.9425,1.0342,0,0,0
2.068293,1788532543.613687,1.2167,1.7090,1.7090,1.7090,2.0095,0,0,0,-7.9802,-6.3340,13.9348,13.9115,11.1008,1,0,0,-0.0609,-0.2801,-0.4202,-0.4202,-0.5388,0,0,0,0.3638,0.2497,-0.2996,-0.2996,-0.1809,0,0,0,1.0223,0.7038,0.8446,0.8446,0.6024,0,0,0,0.6214,0.7767,0.9320,0.9320,1.0288,0,0,0
2.076886,1788532543.621549,1.2167,1.6858,1.6858,1.6858,1.9974,0,0,0,-7.9802,-6.4133,14.1093,14.1093,11.2357,0,0,0,-0.0609,-0.2698,-0.4047,-0.4047,-0.5353,0,0,0,0.3638,0.2550,-0.3060,-0.3060,-0.1864,0,0,0,1.0223,0.7189,0.8626,0.8626,0.6128,0,0,0,0.6214,0.7694,0.9232,0.9232,1.0248,0,0,0
2.084065,1788532543.629866,1.1380,1.6584,1.6584,1.6584,1.9807,0,0,0,-7.9588,-6.4918,14.2820,14.2820,11.4159,0,0,0,-0.0213,-0.2574,-0.3862,-0.3862,-0.5302,0,0,0,0.2624,0.2554,-0.3065,-0.3065,-0.1938,0,0,0,1.1091,0.7383,0.8860,0.8860,0.6269,0,0,0,0.5430,0.7581,0.9097,0.9097,1.0194,0,0,0
2.091778,1788532543.637171,1.1380,1.6355,1.6355,1.6355,1.9633,0,0,0,-7.9588,-6.5577,14.4269,14.4269,11.5971,0,0,0,-0.0213,-0.2471,-0.3706,-0.3706,-0.5246,0,0,0,0.2624,0.2557,-0.3069,-0.3069,-0.2013,0,0,0,1.1091,0.7547,0.9056,0.9056,0.6415,0,0,0,0.5430,0.7487,0.8984,0.8984,1.0138,0,0,0
2.100408,1788532543.645818,1.1033,1.6079,1.6079,1.6079,1.9450,0,0,0,-8.0402,-6.6358,14.5988,14.5988,11.7819,0,0,0,-0.0576,-0.2373,-0.3559,-0.3559,-0.5182,0,0,0,0.2917,0.2576,-0.3091,-0.3091,-0.2090,0,0,0,1.1665,0.7760,0.9312,0.9312,0.6566,0,0,0,0.6028,0.7411,0.8894,0.8894,1.0078,0,0,0
2.108535,1788532543.653908,1.1033,1.5834,1.5834,1.5834,1.9257,0,0,0,-8.0402,-6.7053,14.7517,14.7517,11.9698,0,0,0,-0.0576,-0.2286,-0.3429,-0.3429,-0.5109,0,0,0,0.2917,0.2592,-0.3111,-0.3111,-0.2167,0,0,0,1.1665,0.7949,0.9539,0.9539,0.6724,0,0,0,0.6028,0.7344,0.8813,0.8813,1.0015,0,0,0
2.117060,1788532543.661073,1.1033,1.5626,1.5626,1.5626,1.9055,0,0,0,-8.0402,-6.7641,14.8811,14.8811,12.1595,0,0,0,-0.0576,-0.2212,-0.3318,-0.3318,-0.5027,0,0,0,0.2917,0.2606,-0.3127,-0.3127,-0.2243,0,0,0,1.1665,0.8110,0.9732,0.9732,0.6889,0,0,0,0.6028,0.7288,0.8745,0.8745,0.9947,0,0,0
2.124859,1788532543.668535,1.1033,1.5419,1.5419,1.5419,1.8846,0,0,0,-8.0402,-6.8226,15.0097,15.0097,12.3503,0,0,0,-0.0576,-0.2139,-0.3208,-0.3208,-0.4938,0,0,0,0.2917,0.2620,-0.3144,-0.3144,-0.2317,0,0,0,1.1665,0.8270,0.9924,0.9924,0.7060,0,0,0,0.6028,0.7231,0.8677,0.8677,0.9876,0,0,0
2.133043,1788532543.678458,1.0473,1.5127,1.5127,1.5127,1.8630,0,0,0,-8.2718,-6.9095,15.2009,15.2009,12.5411,0,0,0,-0.0658,-0.2052,-0.3078,-0.3078,-0.4842,0,0,0,0.2654,0.2622,-0.3147,-0.3147,-0.2388,0,0,0,1.1892,0.8483,1.0180,1.0180,0.7236,0,0,0,0.5374,0.7122,0.8546,0.8546,0.9802,0,0,0
2.140064,1788532543.685466,1.0473,1.4930,1.4930,1.4930,1.8409,0,0,0,-8.2718,-6.9682,15.3301,15.3301,12.7310,0,0,0,-0.0658,-0.1993,-0.2989,-0.2989,-0.4741,0,0,0,0.2654,0.2624,-0.3148,-0.3148,-0.2457,0,0,0,1.1892,0.8628,1.0353,1.0353,0.7417,0,0,0,0.5374,0.7048,0.8458,0.8458,0.9726,0,0,0
2.148699,1788532543.692989,1.0267,1.4718,1.4718,1.4718,1.8184,0,0,0,-8.3312,-7.0311,15.4685,15.4685,12.9193,0,0,0,-0.0772,-0.1938,-0.2906,-0.2906,-0.4635,0,0,0,0.3082,0.2644,-0.3173,-0.3173,-0.2523,0,0,0,1.1560,0.8761,1.0513,1.0513,0.7603,0,0,0,0.4514,0.6933,0.8320,0.8320,0.9648,0,0,0
2.157135,1788532543.701534,1.0267,1.4490,1.4490,1.4490,1.7955,0,0,0,-8.3312,-7.0988,15.6174,15.6174,13.1060,0,0,0,-0.0772,-0.1878,-0.2817,-0.2817,-0.4525,0,0,0,0.3082,0.2667,-0.3200,-0.3200,-0.2585,0,0,0,1.1560,0.8904,1.0685,1.0685,0.7793,0,0,0,0.4514,0.6810,0.8172,0.8172,0.9568,0,0,0
2.164516,1788532543.708911,0.9914,1.4286,1.4286,1.4286,1.7723,0,0,0,-8.3312,-7.1546,15.7402,15.7402,13.2907,0,0,0,-0.1322,-0.1853,-0.2780,-0.2780,-0.4412,0,0,0,0.3004,0.2682,-0.3218,-0.3218,-0.2644,0,0,0,1.1113,0.9002,1.0803,1.0803,0.7985,0,0,0,0.4434,0.6705,0.8045,0.8045,0.9486,0,0,0
2.171667,1788532543.718068,0.9710,1.4036,1.4036,1.4036,1.7490,0,0,0,-8.3276,-7.2198,15.8836,15.8836,13.4730,0,0,0,-0.1322,-0.1824,-0.2737,-0.2737,-0.4298,0,0,0,0.3004,0.2699,-0.3239,-0.3239,-0.2699,0,0,0,1.1204,0.9122,1.0947,1.0947,0.8180,0,0,0,0.4404,0.6579,0.7895,0.7895,0.9401,0,0,0
2.180321,1788532543.725838,0.9710,1.3833,1.3833,1.3833,1.7314,0,0,0,-8.3276,-7.2725,15.9994,15.9994,13.6081,0,0,0,-0.1322,-0.1801,-0.2702,-0.2702,-0.4211,0,0,0,0.3004,0.2713,-0.3256,-0.3256,-0.2738,0,0,0,1.1204,0.9220,1.1064,1.1064,0.8327,0,0,0,0.4404,0.6478,0.7773,0.7773,0.9336,0,0,0
2.188382,1788532543.733774,0.9710,1.3636,1.3636,1.3636,1.7079,0,0,0,-8.3276,-7.3236,16.1120,16.1120,13.7858,0,0,0,-0.1322,-0.1778,-0.2667,-0.2667,-0.4097,0,0,0,0.3004,0.2727,-0.3273,-0.3273,-0.2787,0,0,0,1.1204,0.9314,1.1177,1.1177,0.8523,0,0,0,0.4404,0.6379,0.7655,0.7655,0.9247,0,0,0
2.196513,1788532543.741929,0.8904,1.3404,1.3404,1.3404,1.6902,0,0,0,-8.3507,-7.3747,16.2244,16.2244,13.9171,0,0,0,-0.1120,-0.1746,-0.2619,-0.2619,-0.4012,0,0,0,0.3314,0.2756,-0.3307,-0.3307,-0.2822,0,0,0,1.1860,0.9439,1.1327,1.1327,0.8668,0,0,0,0.4417,0.6283,0.7540,0.7540,0.9177,0,0,0
2.204966,1788532543.749809,0.8904,1.3190,1.3190,1.3190,1.6607,0,0,0,-8.3507,-7.4217,16.3278,16.3278,14.1321,0,0,0,-0.1120,-0.1717,-0.2575,-0.2575,-0.3873,0,0,0,0.3314,0.2782,-0.3339,-0.3339,-0.2877,0,0,0,1.1860,0.9554,1.1464,1.1464,0.8909,0,0,0,0.4417,0.6195,0.7434,0.7434,0.9058,0,0,0
2.213049,1788532543.757471,0.8904,1.2992,1.2992,1.2992,1.6372,0,0,0,-8.3507,-7.4652,16.4235,16.4235,14.3001,0,0,0,-0.1120,-0.1689,-0.2534,-0.2534,-0.3766,0,0,0,0.3314,0.2807,-0.3368,-0.3368,-0.2918,0,0,0,1.1860,0.9660,1.1592,1.1592,0.9099,0,0,0,0.4417,0.6113,0.7336,0.7336,0.8959,0,0,0
2.220716,1788532543.765152,0.8904,1.2803,1.2803,1.2803,1.6138,0,0,0,-8.3507,-7.5068,16.5150,16.5150,14.4645,0,0,0,-0.1120,-0.1663,-0.2494,-0.2494,-0.3662,0,0,0,0.3314,0.2830,-0.3396,-0.3396,-0.2956,0,0,0,1.1860,0.9762,1.1714,1.1714,0.9285,0,0,0,0.4417,0.6035,0.7242,0.7242,0.8857,0,0,0
2.228705,1788532543.774062,0.8904,1.2595,1.2595,1.2595,1.5904,0,0,0,-8.3507,-7.5524,16.6153,16.6153,14.6250,0,0,0,-0.1120,-0.1634,-0.2451,-0.2451,-0.3562,0,0,0,0.3314,0.2856,-0.3427,-0.3427,-0.2993,0,0,0,1.1860,0.9873,1.1848,1.1848,0.9468,0,0,0,0.4417,0.5949,0.7139,0.7139,0.8753,0,0,0
2.236396,1788532543.781423,0.8904,1.2431,1.2431,1.2431,1.5672,0,0,0,-8.3507,-7.5884,16.6944,16.6944,14.7813,0,0,0,-0.1120,-0.1611,-0.2417,-0.2417,-0.3467,0,0,0,0.3314,0.2876,-0.3451,-0.3451,-0.3028,0,0,0,1.1860,0.9961,1.1954,1.1954,0.9647,0,0,0,0.4417,0.5881,0.7057,0.7057,0.8648,0,0,0
2.245091,1788532543.788936,0.7218,1.2195,1.2195,1.2195,1.5441,0,0,0,-8.5121,-7.6308,16.7878,16.7878,14.9333,0,0,0,-0.0513,-0.1562,-0.2343,-0.2343,-0.3375,0,0,0,0.3186,0.2890,-0.3468,-0.3468,-0.3062,0,0,0,1.2701,1.0085,1.2103,1.2103,0.9822,0,0,0,0.3859,0.5790,0.6948,0.6948,0.8542,0,0,0
2.252993,1788532543.798629,0.6979,1.1893,1.1893,1.1893,1.5269,0,0,0,-8.5246,-7.6830,16.9027,16.9027,15.0445,0,0,0,-0.0513,-0.1501,-0.2252,-0.2252,-0.3309,0,0,0,0.3186,0.2907,-0.3488,-0.3488,-0.3086,0,0,0,1.2935,1.0250,1.2300,1.2300,0.9952,0,0,0,0.3628,0.5665,0.6798,0.6798,0.8461,0,0,0
2.260854,1788532543.805265,0.6979,1.1695,1.1695,1.1695,1.5042,0,0,0,-8.5246,-7.7174,16.9782,16.9782,15.1887,0,0,0,-0.0513,-0.1462,-0.2193,-0.2193,-0.3225,0,0,0,0.3186,0.2918,-0.3502,-0.3502,-0.3118,0,0,0,1.2935,1.0358,1.2429,1.2429,1.0121,0,0,0,0.3628,0.5584,0.6700,0.6700,0.8354,0,0,0
2.268889,1788532543.814179,0.6979,1.1444,1.1444,1.1444,1.4817,0,0,0,-8.5246,-7.7609,17.0740,17.0740,15.3285,0,0,0,-0.0513,-0.1411,-0.2117,-0.2117,-0.3144,0,0,0,0.3186,0.2932,-0.3519,-0.3519,-0.3149,0,0,0,1.2935,1.0495,1.2594,1.2594,1.0286,0,0,0,0.3628,0.5480,0.6576,0.6576,0.8246,0,0,0
2.276536,1788532543.822178,0.6321,1.1197,1.1197,1.1197,1.4592,0,0,0,-8.5321,-7.7985,17.1566,17.1566,15.4642,0,0,0,-0.0134,-0.1350,-0.2025,-0.2025,-0.3066,0,0,0,0.3584,0.2964,-0.3556,-0.3556,-0.3178,0,0,0,1.3603,1.0644,1.2773,1.2773,1.0449,0,0,0,0.4187,0.5418,0.6501,0.6501,0.8139,0,0,0
2.284723,1788532543.829951,0.6321,1.0969,1.0969,1.0969,1.4368,0,0,0,-8.5321,-7.8332,17.2331,17.2331,15.5960,0,0,0,-0.0134,-0.1294,-0.1940,-0.1940,-0.2991,0,0,0,0.3584,0.2992,-0.3591,-0.3591,-0.3207,0,0,0,1.3603,1.0782,1.2939,1.2939,1.0609,0,0,0,0.4187,0.5360,0.6432,0.6432,0.8030,0,0,0
2.292863,1788532543.837256,0.6321,1.0763,1.0763,1.0763,1.4144,0,0,0,-8.5321,-7.8644,17.3017,17.3017,15.7238,0,0,0,-0.0134,-0.1243,-0.1864,-0.1864,-0.2917,0,0,0,0.3584,0.3018,-0.3622,-0.3622,-0.3235,0,0,0,1.3603,1.0907,1.3088,1.3088,1.0768,0,0,0,0.4187,0.5309,0.6370,0.6370,0.7921,0,0,0
2.300589,1788532543.846264,0.6321,1.0524,1.0524,1.0524,1.3920,0,0,0,-8.5321,-7.9008,17.3817,17.3817,15.8480,0,0,0,-0.0134,-0.1183,-0.1775,-0.1775,-0.2845,0,0,0,0.3584,0.3049,-0.3659,-0.3659,-0.3262,0,0,0,1.3603,1.1052,1.3262,1.3262,1.0925,0,0,0,0.4187,0.5248,0.6298,0.6298,0.7812,0,0,0
2.309157,1788532543.853025,0.6321,1.0352,1.0352,1.0352,1.3696,0,0,0,-8.5321,-7.9269,17.4392,17.4392,15.9685,0,0,0,-0.0134,-0.1140,-0.1710,-0.1710,-0.2774,0,0,0,0.3584,0.3071,-0.3685,-0.3685,-0.3288,0,0,0,1.3603,1.1156,1.3387,1.3387,1.1081,0,0,0,0.4187,0.5205,0.6246,0.6246,0.7703,0,0,0
2.316998,1788532543.861605,0.6321,1.0144,1.0144,1.0144,1.3471,0,0,0,-8.5321,-7.9584,17.5084,17.5084,16.0853,0,0,0,-0.0134,-0.1089,-0.1633,-0.1633,-0.2703,0,0,0,0.3584,0.3097,-0.3716,-0.3716,-0.3315,0,0,0,1.3603,1.1282,1.3538,1.3538,1.1237,0,0,0,0.4187,0.5153,0.6183,0.6183,0.7595,0,0,0
2.325690,1788532543.869451,0.6321,0.9963,0.9963,0.9963,1.3246,0,0,0,-8.5321,-7.9857,17.5686,17.5686,16.1985,0,0,0,-0.0134,-0.1044,-0.1566,-0.1566,-0.2632,0,0,0,0.3584,0.3120,-0.3744,-0.3744,-0.3341,0,0,0,1.3603,1.1391,1.3669,1.3669,1.1393,0,0,0,0.4187,0.5107,0.6129,0.6129,0.7489,0,0,0
2.333836,1788532543.878121,0.5380,0.9725,0.9725,0.9725,1.3022,0,0,0,-8.2741,-8.0008,17.6019,17.6019,16.3080,0,0,0,-0.1043,-0.1044,-0.1566,-0.1566,-0.2561,0,0,0,0.2921,0.3110,-0.3731,-0.3731,-0.3367,0,0,0,1.3903,1.1521,1.3826,1.3826,1.1548,0,0,0,0.5562,0.5131,0.6157,0.6157,0.7385,0,0,0
2.341387,1788532543.885263,0.5380,0.9537,0.9537,0.9537,1.2853,0,0,0,-8.2741,-8.0128,17.6281,17.6281,16.3878,0,0,0,-0.1043,-0.1044,-0.1566,-0.1566,-0.2508,0,0,0,0.2921,0.3101,-0.3722,-0.3722,-0.3387,0,0,0,1.3903,1.1624,1.3949,1.3949,1.1664,0,0,0,0.5562,0.5149,0.6179,0.6179,0.7308,0,0,0
2.349420,1788532543.893826,0.5380,0.9324,0.9324,0.9324,1.2630,0,0,0,-8.2741,-8.0263,17.6578,17.6578,16.4910,0,0,0,-0.1043,-0.1044,-0.1566,-0.1566,-0.2437,0,0,0,0.2921,0.3092,-0.3711,-0.3711,-0.3413,0,0,0,1.3903,1.1741,1.4089,1.4089,1.1818,0,0,0,0.5562,0.5171,0.6205,0.6205,0.7208,0,0,0
2.357476,1788532543.901852,0.5122,0.9121,0.9121,0.9121,1.2408,0,0,0,-8.1178,-8.0307,17.6676,17.6676,16.5906,0,0,0,-0.1579,-0.1069,-0.1604,-0.1604,-0.2366,0,0,0,0.4175,0.3144,-0.3773,-0.3773,-0.3440,0,0,0,1.3253,1.1814,1.4177,1.4177,1.1972,0,0,0,0.6688,0.5243,0.6292,0.6292,0.7112,0,0,0
2.364772,1788532543.909909,0.5122,0.8927,0.8927,0.8927,1.2188,0,0,0,-8.0966,-8.0339,17.6747,17.6747,16.6862,0,0,0,-0.1579,-0.1094,-0.1641,-0.1641,-0.2297,0,0,0,0.4175,0.3194,-0.3833,-0.3833,-0.3465,0,0,0,1.2998,1.1871,1.4245,1.4245,1.2125,0,0,0,0.6688,0.5313,0.6376,0.6376,0.7019,0,0,0
2.373858,1788532543.918727,0.5122,0.8726,0.8726,0.8726,1.1968,0,0,0,-8.0966,-8.0373,17.6820,17.6820,16.7774,0,0,0,-0.1579,-0.1119,-0.1679,-0.1679,-0.2230,0,0,0,0.4175,0.3245,-0.3895,-0.3895,-0.3490,0,0,0,1.2998,1.1930,1.4316,1.4316,1.2276,0,0,0,0.6688,0.5385,0.6463,0.6463,0.6933,0,0,0
2.381654,1788532543.925869,0.5122,0.8570,0.8570,0.8570,1.1749,0,0,0,-8.0966,-8.0399,17.6877,17.6877,16.8641,0,0,0,-0.1579,-0.1139,-0.1709,-0.1709,-0.2167,0,0,0,0.4175,0.3285,-0.3942,-0.3942,-0.3513,0,0,0,1.2998,1.1976,1.4372,1.4372,1.2427,0,0,0,0.6688,0.5441,0.6530,0.6530,0.6853,0,0,0
2.389617,1788532543.933968,0.5168,0.8404,0.8404,0.8404,1.1532,0,0,0,-8.0540,-8.0405,17.6892,17.6892,16.9459,0,0,0,-0.0881,-0.1127,-0.1690,-0.1690,-0.2108,0,0,0,0.4388,0.3339,-0.4007,-0.4007,-0.3536,0,0,0,1.3268,1.2039,1.4447,1.4447,1.2575,0,0,0,0.4692,0.5405,0.6486,0.6486,0.6781,0,0,0
2.398064,1788532543.942037,0.5168,0.8247,0.8247,0.8247,1.1369,0,0,0,-8.0540,-8.0412,17.6906,17.6906,17.0039,0,0,0,-0.0881,-0.1115,-0.1672,-0.1672,-0.2066,0,0,0,0.4388,0.3390,-0.4067,-0.4067,-0.3553,0,0,0,1.3268,1.2099,1.4518,1.4518,1.2685,0,0,0,0.4692,0.5371,0.6445,0.6445,0.6733,0,0,0
2.405782,1788532543.950077,0.5168,0.8098,0.8098,0.8098,1.1101,0,0,0,-8.0540,-8.0418,17.6920,17.6920,17.0939,0,0,0,-0.0881,-0.1104,-0.1655,-0.1655,-0.2004,0,0,0,0.4388,0.3438,-0.4125,-0.4125,-0.3584,0,0,0,1.3268,1.2155,1.4586,1.4586,1.2862,0,0,0,0.4692,0.5338,0.6406,0.6406,0.6665,0,0,0
2.413416,1788532543.958702,0.5168,0.7947,0.7947,0.7947,1.0887,0,0,0,-8.0540,-8.0425,17.6934,17.6934,17.1601,0,0,0,-0.0881,-0.1092,-0.1638,-0.1638,-0.1961,0,0,0,0.4388,0.3486,-0.4184,-0.4184,-0.3609,0,0,0,1.3268,1.2212,1.4655,1.4655,1.3000,0,0,0,0.4692,0.5305,0.6366,0.6366,0.6620,0,0,0
2.421626,1788532543.965614,0.5168,0.7831,0.7831,0.7831,1.0674,0,0,0,-8.0540,-8.0429,17.6945,17.6945,17.2211,0,0,0,-0.0881,-0.1083,-0.1625,-0.1625,-0.1922,0,0,0,0.4388,0.3524,-0.4229,-0.4229,-0.3638,0,0,0,1.3268,1.2257,1.4708,1.4708,1.3134,0,0,0,0.4692,0.5279,0.6335,0.6335,0.6582,0,0,0
2.430176,1788532543.974057,0.4345,0.7654,0.7654,0.7654,1.0515,0,0,0,-7.8606,-8.0337,17.6741,17.6741,17.2635,0,0,0,-0.1017,-0.1080,-0.1620,-0.1620,-0.1895,0,0,0,0.4711,0.3584,-0.4301,-0.4301,-0.3661,0,0,0,1.3951,1.2342,1.4811,1.4811,1.3233,0,0,0,0.6586,0.5345,0.6414,0.6414,0.6557,0,0,0
2.438171,1788532543.981696,0.4345,0.7502,0.7502,0.7502,1.0304,0,0,0,-7.8606,-8.0257,17.6565,17.6565,17.3156,0,0,0,-0.1017,-0.1077,-0.1616,-0.1616,-0.1862,0,0,0,0.4711,0.3636,-0.4363,-0.4363,-0.3693,0,0,0,1.3951,1.2416,1.4899,1.4899,1.3360,0,0,0,0.6586,0.5402,0.6482,0.6482,0.6527,0,0,0
2.445955,1788532543.990346,0.4345,0.7338,0.7338,0.7338,1.0096,0,0,0,-7.8606,-8.0171,17.6376,17.6376,17.3629,0,0,0,-0.1017,-0.1074,-0.1611,-0.1611,-0.1832,0,0,0,0.4711,0.3691,-0.4429,-0.4429,-0.3728,0,0,0,1.3951,1.2495,1.4994,1.4994,1.3483,0,0,0,0.6586,0.5463,0.6556,0.6556,0.6501,0,0,0
2.453755,1788532543.999018,0.4246,0.7177,0.7177,0.7177,0.9891,0,0,0,-7.7209,-8.0017,17.6037,17.6037,17.4053,0,0,0,-0.1040,-0.1072,-0.1608,-0.1608,-0.1805,0,0,0,0.4649,0.3741,-0.4489,-0.4489,-0.3766,0,0,0,1.3793,1.2563,1.5075,1.5075,1.3603,0,0,0,0.5198,0.5449,0.6539,0.6539,0.6479,0,0,0
2.461650,1788532544.007067,0.4246,0.7035,0.7035,0.7035,0.9689,0,0,0,-7.7209,-7.9881,17.5738,17.5738,17.4428,0,0,0,-0.1040,-0.1071,-0.1606,-0.1606,-0.1781,0,0,0,0.4649,0.3784,-0.4541,-0.4541,-0.3805,0,0,0,1.3793,1.2622,1.5146,1.5146,1.3719,0,0,0,0.5198,0.5437,0.6525,0.6525,0.6461,0,0,0
2.470057,1788532544.014589,0.4246,0.6909,0.6909,0.6909,0.9490,0,0,0,-7.7209,-7.9760,17.5471,17.5471,17.4755,0,0,0,-0.1040,-0.1069,-0.1604,-0.1604,-0.1759,0,0,0,0.4649,0.3823,-0.4588,-0.4588,-0.3847,0,0,0,1.3793,1.2675,1.5210,1.5210,1.3832,0,0,0,0.5198,0.5426,0.6512,0.6512,0.6449,0,0,0
2.477709,1788532544.022429,0.4326,0.6787,0.6787,0.6787,0.9295,0,0,0,-7.6710,-7.9616,17.5155,17.5155,17.5033,0,0,0,-0.1828,-0.1105,-0.1657,-0.1657,-0.1739,0,0,0,0.4134,0.3838,-0.4606,-0.4606,-0.3891,0,0,0,1.3676,1.2722,1.5267,1.5267,1.3941,0,0,0,0.6507,0.5477,0.6573,0.6573,0.6441,0,0,0
2.485680,1788532544.030083,0.4263,0.6671,0.6671,0.6671,0.9103,0,0,0,-7.6688,-7.9481,17.4858,17.4858,17.5262,0,0,0,-0.1828,-0.1138,-0.1707,-0.1707,-0.1722,0,0,0,0.4134,0.3852,-0.4622,-0.4622,-0.3936,0,0,0,1.3618,1.2763,1.5316,1.5316,1.4048,0,0,0,0.6507,0.5524,0.6629,0.6629,0.6437,0,0,0
2.493707,1788532544.039224,0.4263,0.6539,0.6539,0.6539,0.8961,0,0,0,-7.6688,-7.9328,17.4522,17.4522,17.5404,0,0,0,-0.1828,-0.1176,-0.1763,-0.1763,-0.1710,0,0,0,0.4134,0.3867,-0.4640,-0.4640,-0.3971,0,0,0,1.3618,1.2810,1.5372,1.5372,1.4126,0,0,0,0.6507,0.5578,0.6693,0.6693,0.6435,0,0,0
2.502347,1788532544.046752,0.4263,0.6436,0.6436,0.6436,0.8776,0,0,0,-7.6813,-7.9214,17.4271,17.4271,17.5553,0,0,0,-0.1840,-0.1206,-0.1808,-0.1808,-0.1696,0,0,0,0.4376,0.3890,-0.4668,-0.4668,-0.4019,0,0,0,1.3465,1.2840,1.5407,1.5407,1.4227,0,0,0,0.6132,0.5603,0.6723,0.6723,0.6435,0,0,0
2.509997,1788532544.054282,0.4263,0.6337,0.6337,0.6337,0.8595,0,0,0,-7.6813,-7.9105,17.4032,17.4032,17.5659,0,0,0,-0.1840,-0.1234,-0.1851,-0.1851,-0.1685,0,0,0,0.4376,0.3912,-0.4694,-0.4694,-0.4066,0,0,0,1.3465,1.2868,1.5441,1.5441,1.4325,0,0,0,0.6132,0.5627,0.6752,0.6752,0.6438,0,0,0
2.517624,1788532544.061420,0.4263,0.6248,0.6248,0.6248,0.8418,0,0,0,-7.6813,-7.9007,17.3815,17.3815,17.5723,0,0,0,-0.1840,-0.1260,-0.1890,-0.1890,-0.1677,0,0,0,0.4376,0.3932,-0.4718,-0.4718,-0.4113,0,0,0,1.3465,1.2894,1.5472,1.5472,1.4420,0,0,0,0.6132,0.5648,0.6778,0.6778,0.6444,0,0,0
2.526250,1788532544.070681,0.4263,0.6138,0.6138,0.6138,0.8246,0,0,0,-7.6813,-7.8886,17.3548,17.3548,17.5749,0,0,0,-0.1840,-0.1292,-0.1938,-0.1938,-0.1674,0,0,0,0.4376,0.3956,-0.4748,-0.4748,-0.4160,0,0,0,1.3465,1.2925,1.5510,1.5510,1.4511,0,0,0,0.6132,0.5675,0.6810,0.6810,0.6454,0,0,0
2.533779,1788532544.078312,0.4192,0.6049,0.6049,0.6049,0.8078,0,0,0,-7.6197,-7.8762,17.3277,17.3277,17.5741,0,0,0,-0.2177,-0.1333,-0.1999,-0.1999,-0.1674,0,0,0,0.4528,0.3983,-0.4779,-0.4779,-0.4205,0,0,0,1.3783,1.2964,1.5557,1.5557,1.4598,0,0,0,0.6076,0.5693,0.6832,0.6832,0.6467,0,0,0
2.542514,1788532544.086348,0.4192,0.5959,0.5959,0.5959,0.7916,0,0,0,-7.6197,-7.8639,17.3005,17.3005,17.5701,0,0,0,-0.2177,-0.1373,-0.2060,-0.2060,-0.1677,0,0,0,0.4528,0.4009,-0.4811,-0.4811,-0.4249,0,0,0,1.3783,1.3004,1.5605,1.5605,1.4681,0,0,0,0.6076,0.5712,0.6854,0.6854,0.6482,0,0,0
2.550045,1788532544.094026,0.3897,0.5864,0.5864,0.5864,0.7759,0,0,0,-7.6024,-7.8518,17.2740,17.2740,17.5634,0,0,0,-0.3000,-0.1448,-0.2172,-0.2172,-0.1684,0,0,0,0.4462,0.4030,-0.4836,-0.4836,-0.4293,0,0,0,1.3311,1.3018,1.5622,1.5622,1.4760,0,0,0,0.6957,0.5769,0.6923,0.6923,0.6500,0,0,0
2.558146,1788532544.102458,0.3897,0.5764,0.5764,0.5764,0.7606,0,0,0,-7.6024,-7.8392,17.2463,17.2463,17.5542,0,0,0,-0.3000,-0.1526,-0.2289,-0.2289,-0.1695,0,0,0,0.4462,0.4051,-0.4862,-0.4862,-0.4335,0,0,0,1.3311,1.3033,1.5639,1.5639,1.4836,0,0,0,0.6957,0.5829,0.6995,0.6995,0.6519,0,0,0
2.566152,1788532544.110529,0.3589,0.5659,0.5659,0.5659,0.7459,0,0,0,-7.5140,-7.8235,17.2117,17.2117,17.5427,0,0,0,-0.3000,-0.1597,-0.2396,-0.2396,-0.1710,0,0,0,0.4089,0.4053,-0.4864,-0.4864,-0.4376,0,0,0,1.3180,1.3040,1.5648,1.5648,1.4908,0,0,0,0.7955,0.5932,0.7118,0.7118,0.6540,0,0,0
2.574486,1788532544.117672,0.3589,0.5569,0.5569,0.5569,0.7316,0,0,0,-7.5140,-7.8102,17.1824,17.1824,17.5291,0,0,0,-0.3000,-0.1658,-0.2486,-0.2486,-0.1729,0,0,0,0.4089,0.4055,-0.4866,-0.4866,-0.4416,0,0,0,1.3180,1.3046,1.5655,1.5655,1.4977,0,0,0,0.7955,0.6018,0.7222,0.7222,0.6563,0,0,0
2.581630,1788532544.126030,0.3299,0.5456,0.5456,0.5456,0.7213,0,0,0,-7.4401,-7.7917,17.1418,17.1418,17.5177,0,0,0,-0.2712,-0.1710,-0.2565,-0.2565,-0.1746,0,0,0,0.4082,0.4056,-0.4867,-0.4867,-0.4445,0,0,0,1.3180,1.3053,1.5663,1.5663,1.5026,0,0,0,0.7497,0.6092,0.7311,0.7311,0.6581,0,0,0
2.590242,1788532544.134670,0.3169,0.5337,0.5337,0.5337,0.7078,0,0,0,-7.3770,-7.7704,17.0948,17.0948,17.5010,0,0,0,-0.1717,-0.1711,-0.2566,-0.2566,-0.1774,0,0,0,0.4414,0.4075,-0.4889,-0.4889,-0.4483,0,0,0,1.3593,1.3081,1.5697,1.5697,1.5089,0,0,0,0.7022,0.6140,0.7368,0.7368,0.6609,0,0,0
2.598249,1788532544.142652,0.3027,0.5227,0.5227,0.5227,0.6947,0,0,0,-7.3396,-7.7498,17.0495,17.0495,17.4826,0,0,0,-0.1717,-0.1711,-0.2566,-0.2566,-0.1808,0,0,0,0.4414,0.4091,-0.4909,-0.4909,-0.4519,0,0,0,1.3812,1.3116,1.5739,1.5739,1.5147,0,0,0,0.7022,0.6182,0.7419,0.7419,0.6640,0,0,0
2.605858,1788532544.151591,0.2836,0.5099,0.5099,0.5099,0.6819,0,0,0,-7.3084,-7.7263,16.9979,16.9979,17.4627,0,0,0,-0.2405,-0.1748,-0.2622,-0.2622,-0.1847,0,0,0,0.3838,0.4077,-0.4893,-0.4893,-0.4554,0,0,0,1.3918,1.3158,1.5790,1.5790,1.5202,0,0,0,0.7568,0.6256,0.7507,0.7507,0.6675,0,0,0
2.614256,1788532544.157834,0.2620,0.5005,0.5005,0.5005,0.6695,0,0,0,-7.3084,-7.7105,16.9632,16.9632,17.4411,0,0,0,-0.2405,-0.1773,-0.2659,-0.2659,-0.1889,0,0,0,0.3838,0.4068,-0.4882,-0.4882,-0.4586,0,0,0,1.3974,1.3189,1.5827,1.5827,1.5253,0,0,0,0.7568,0.6306,0.7567,0.7567,0.6714,0,0,0
2.622539,1788532544.166286,0.2233,0.4865,0.4865,0.4865,0.6574,0,0,0,-7.3170,-7.6907,16.9195,16.9195,17.4178,0,0,0,-0.2273,-0.1798,-0.2697,-0.2697,-0.1935,0,0,0,0.4193,0.4075,-0.4890,-0.4890,-0.4617,0,0,0,1.4583,1.3259,1.5911,1.5911,1.5301,0,0,0,0.6979,0.6340,0.7608,0.7608,0.6756,0,0,0
2.630045,1788532544.173958,0.2167,0.4740,0.4740,0.4740,0.6454,0,0,0,-7.3170,-7.6735,16.8816,16.8816,17.3928,0,0,0,-0.2273,-0.1820,-0.2730,-0.2730,-0.1982,0,0,0,0.4193,0.4080,-0.4896,-0.4896,-0.4646,0,0,0,1.4587,1.3321,1.5985,1.5985,1.5347,0,0,0,0.6979,0.6369,0.7643,0.7643,0.6802,0,0,0
2.638201,1788532544.182469,0.2163,0.4609,0.4609,0.4609,0.6336,0,0,0,-7.3088,-7.6549,16.8409,16.8409,17.3660,0,0,0,-0.2497,-0.1854,-0.2781,-0.2781,-0.2030,0,0,0,0.3774,0.4065,-0.4877,-0.4877,-0.4673,0,0,0,1.4587,1.3385,1.6062,1.6062,1.5391,0,0,0,0.7356,0.6419,0.7703,0.7703,0.6850,0,0,0
2.645890,1788532544.190204,0.2142,0.4494,0.4494,0.4494,0.6219,0,0,0,-7.2826,-7.6377,16.8029,16.8029,17.3377,0,0,0,-0.2762,-0.1896,-0.2844,-0.2844,-0.2079,0,0,0,0.3654,0.4045,-0.4855,-0.4855,-0.4698,0,0,0,1.4316,1.3428,1.6114,1.6114,1.5433,0,0,0,0.7468,0.6468,0.7761,0.7761,0.6901,0,0,0
2.654419,1788532544.197385,0.2115,0.4391,0.4391,0.4391,0.6104,0,0,0,-7.2497,-7.6209,16.7660,16.7660,17.3080,0,0,0,-0.2842,-0.1937,-0.2906,-0.2906,-0.2128,0,0,0,0.3654,0.4029,-0.4834,-0.4834,-0.4721,0,0,0,1.3935,1.3450,1.6140,1.6140,1.5475,0,0,0,0.7468,0.6511,0.7813,0.7813,0.6953,0,0,0
2.662080,1788532544.206554,0.1901,0.4255,0.4255,0.4255,0.6017,0,0,0,-7.2380,-7.6000,16.7200,16.7200,17.2848,0,0,0,-0.2916,-0.1990,-0.2986,-0.2986,-0.2165,0,0,0,0.3914,0.4022,-0.4827,-0.4827,-0.4736,0,0,0,1.3935,1.3477,1.6172,1.6172,1.5507,0,0,0,0.7156,0.6546,0.7855,0.7855,0.6993,0,0,0
2.670174,1788532544.215516,0.1901,0.4129,0.4129,0.4129,0.5902,0,0,0,-7.2380,-7.5807,16.6775,16.6775,17.2529,0,0,0,-0.2916,-0.2040,-0.3060,-0.3060,-0.2215,0,0,0,0.3914,0.4017,-0.4820,-0.4820,-0.4755,0,0,0,1.3935,1.3501,1.6201,1.6201,1.5550,0,0,0,0.7156,0.6579,0.7894,0.7894,0.7047,0,0,0
2.678380,1788532544.223143,0.1901,0.4026,0.4026,0.4026,0.5787,0,0,0,-7.2380,-7.5650,16.6429,16.6429,17.2200,0,0,0,-0.2916,-0.2080,-0.3120,-0.3120,-0.2265,0,0,0,0.3914,0.4012,-0.4814,-0.4814,-0.4772,0,0,0,1.3935,1.3521,1.6225,1.6225,1.5593,0,0,0,0.7156,0.6605,0.7926,0.7926,0.7102,0,0,0
2.686695,1788532544.231057,0.1901,0.3925,0.3925,0.3925,0.5672,0,0,0,-7.2380,-7.5494,16.6088,16.6088,17.1861,0,0,0,-0.2916,-0.2120,-0.3179,-0.3179,-0.2315,0,0,0,0.3914,0.4007,-0.4809,-0.4809,-0.4786,0,0,0,1.3935,1.3541,1.6249,1.6249,1.5637,0,0,0,0.7156,0.6631,0.7958,0.7958,0.7157,0,0,0
2.694148,1788532544.238109,0.1901,0.3839,0.3839,0.3839,0.5557,0,0,0,-7.2380,-7.5362,16.5796,16.5796,17.1514,0,0,0,-0.2916,-0.2153,-0.3230,-0.3230,-0.2367,0,0,0,0.3914,0.4003,-0.4804,-0.4804,-0.4797,0,0,0,1.3935,1.3557,1.6269,1.6269,1.5681,0,0,0,0.7156,0.6654,0.7984,0.7984,0.7213,0,0,0
2.702557,1788532544.246555,0.1901,0.3741,0.3741,0.3741,0.5442,0,0,0,-7.2380,-7.5211,16.5465,16.5465,17.1158,0,0,0,-0.2916,-0.2192,-0.3288,-0.3288,-0.2419,0,0,0,0.3914,0.3999,-0.4799,-0.4799,-0.4807,0,0,0,1.3935,1.3576,1.6292,1.6292,1.5724,0,0,0,0.7156,0.6679,0.8015,0.8015,0.7269,0,0,0
2.710576,1788532544.254090,0.1901,0.3658,0.3658,0.3658,0.5327,0,0,0,-7.2380,-7.5083,16.5183,16.5183,17.0796,0,0,0,-0.2916,-0.2225,-0.3337,-0.3337,-0.2473,0,0,0,0.3914,0.3995,-0.4794,-0.4794,-0.4814,0,0,0,1.3935,1.3593,1.6311,1.6311,1.5766,0,0,0,0.7156,0.6700,0.8041,0.8041,0.7324,0,0,0
2.718193,1788532544.262616,0.1901,0.3568,0.3568,0.3568,0.5212,0,0,0,-7.2380,-7.4945,16.4880,16.4880,17.0430,0,0,0,-0.2916,-0.2260,-0.3390,-0.3390,-0.2527,0,0,0,0.3914,0.3991,-0.4789,-0.4789,-0.4820,0,0,0,1.3935,1.3610,1.6332,1.6332,1.5808,0,0,0,0.7156,0.6724,0.8068,0.8068,0.7378,0,0,0
2.725910,1788532544.270367,0.1901,0.3490,0.3490,0.3490,0.5098,0,0,0,-7.2380,-7.4826,16.4617,16.4617,17.0062,0,0,0,-0.2916,-0.2290,-0.3435,-0.3435,-0.2582,0,0,0,0.3914,0.3987,-0.4785,-0.4785,-0.4824,0,0,0,1.3935,1.3625,1.6350,1.6350,1.5849,0,0,0,0.7156,0.6744,0.8092,0.8092,0.7431,0,0,0
2.733915,1788532544.279327,0.1901,0.3405,0.3405,0.3405,0.5013,0,0,0,-7.2380,-7.4695,16.4329,16.4329,16.9785,0,0,0,-0.2916,-0.2324,-0.3485,-0.3485,-0.2624,0,0,0,0.3914,0.3983,-0.4780,-0.4780,-0.4826,0,0,0,1.3935,1.3642,1.6370,1.6370,1.5879,0,0,0,0.7156,0.6766,0.8119,0.8119,0.7470,0,0,0
2.741962,1788532544.287378,0.1901,0.3333,0.3333,0.3333,0.4901,0,0,0,-7.2380,-7.4583,16.4084,16.4084,16.9417,0,0,0,-0.2916,-0.2352,-0.3528,-0.3528,-0.2680,0,0,0,0.3914,0.3980,-0.4776,-0.4776,-0.4828,0,0,0,1.3935,1.3656,1.6387,1.6387,1.5918,0,0,0,0.7156,0.6785,0.8141,0.8141,0.7520,0,0,0
2.750610,1788532544.294033,0.1901,0.3275,0.3275,0.3275,0.4790,0,0,0,-7.2380,-7.4495,16.3888,16.3888,16.9050,0,0,0,-0.2916,-0.2375,-0.3562,-0.3562,-0.2735,0,0,0,0.3914,0.3977,-0.4773,-0.4773,-0.4829,0,0,0,1.3935,1.3667,1.6400,1.6400,1.5955,0,0,0,0.7156,0.6799,0.8159,0.8159,0.7569,0,0,0
2.758751,1788532544.303485,0.1901,0.3198,0.3198,0.3198,0.4681,0,0,0,-7.2380,-7.4376,16.3627,16.3627,16.8685,0,0,0,-0.2916,-0.2405,-0.3608,-0.3608,-0.2791,0,0,0,0.3914,0.3974,-0.4769,-0.4769,-0.4829,0,0,0,1.3935,1.3682,1.6419,1.6419,1.5991,0,0,0,0.7156,0.6819,0.8183,0.8183,0.7617,0,0,0
2.766769,1788532544.311112,-0.4377,0.2850,0.2850,0.2850,0.4572,0,0,0,-7.2339,-7.4282,16.3421,16.3421,16.8321,0,0,0,-0.1462,-0.2362,-0.3543,-0.3543,-0.2848,0,0,0,0.4810,0.4012,-0.4814,-0.4814,-0.4828,0,0,0,1.5995,1.3788,1.6546,1.6546,1.6027,0,0,0,0.7455,0.6849,0.8218,0.8218,0.7663,0,0,0
2.774713,1788532544.319128,-0.4377,0.2502,0.2502,0.2502,0.4464,0,0,0,-7.2339,-7.4189,16.3216,16.3216,16.7958,0,0,0,-0.1462,-0.2319,-0.3478,-0.3478,-0.2904,0,0,0,0.4810,0.4050,-0.4860,-0.4860,-0.4826,0,0,0,1.5995,1.3894,1.6673,1.6673,1.6061,0,0,0,0.7455,0.6878,0.8253,0.8253,0.7708,0,0,0
2.782012,1788532544.326476,-0.4377,0.2197,0.2197,0.2197,0.4357,0,0,0,-7.2339,-7.4107,16.3036,16.3036,16.7600,0,0,0,-0.1462,-0.2281,-0.3422,-0.3422,-0.2961,0,0,0,0.4810,0.4084,-0.4901,-0.4901,-0.4824,0,0,0,1.5995,1.3987,1.6784,1.6784,1.6094,0,0,0,0.7455,0.6903,0.8284,0.8284,0.7751,0,0,0
2.790593,1788532544.335107,-0.7911,0.1675,0.1675,0.1675,0.4247,0,0,0,-7.1880,-7.3992,16.2783,16.2783,16.7247,0,0,0,-0.0316,-0.2180,-0.3270,-0.3270,-0.3015,0,0,0,0.4421,0.4101,-0.4921,-0.4921,-0.4822,0,0,0,1.7507,1.4168,1.7002,1.7002,1.6127,0,0,0,0.7524,0.6935,0.8322,0.8322,0.7793,0,0,0
2.799085,1788532544.342985,-0.9432,0.1148,0.1148,0.1148,0.4132,0,0,0,-7.1653,-7.3882,16.2540,16.2540,16.6901,0,0,0,0.0259,-0.2065,-0.3097,-0.3097,-0.3065,0,0,0,0.4412,0.4116,-0.4939,-0.4939,-0.4821,0,0,0,1.7551,1.4328,1.7194,1.7194,1.6163,0,0,0,0.6251,0.6903,0.8283,0.8283,0.7834,0,0,0
2.806794,1788532544.351117,-0.9432,0.0631,0.0631,0.0631,0.4039,0,0,0,-7.1653,-7.3773,16.2301,16.2301,16.6647,0,0,0,0.0259,-0.1952,-0.2928,-0.2928,-0.3100,0,0,0,0.4412,0.4130,-0.4956,-0.4956,-0.4821,0,0,0,1.7551,1.4485,1.7382,1.7382,1.6192,0,0,0,0.6251,0.6871,0.8245,0.8245,0.7864,0,0,0
2.814837,1788532544.359208,-1.2878,-0.0027,-0.0027,-0.0027,0.3869,0,0,0,-7.1548,-7.3665,16.2063,16.2063,16.6233,0,0,0,0.1247,-0.1797,-0.2696,-0.2696,-0.3149,0,0,0,0.4233,0.4135,-0.4962,-0.4962,-0.4824,0,0,0,1.8324,1.4671,1.7605,1.7605,1.6246,0,0,0,0.5164,0.6788,0.8146,0.8146,0.7912,0,0,0
2.823301,1788532544.367096,-1.4582,-0.0719,-0.0719,-0.0719,0.3714,0,0,0,-7.1548,-7.3565,16.1843,16.1843,16.5911,0,0,0,0.1277,-0.1652,-0.2478,-0.2478,-0.3178,0,0,0,0.4233,0.4140,-0.4968,-0.4968,-0.4827,0,0,0,1.8780,1.4866,1.7839,1.7839,1.6297,0,0,0,0.5099,0.6709,0.8050,0.8050,0.7949,0,0,0
2.830300,1788532544.374718,-1.4582,-0.1358,-0.1358,-0.1358,0.3538,0,0,0,-7.1548,-7.3472,16.1639,16.1639,16.5597,0,0,0,0.1277,-0.1518,-0.2277,-0.2277,-0.3196,0,0,0,0.4233,0.4144,-0.4973,-0.4973,-0.4833,0,0,0,1.8780,1.5045,1.8054,1.8054,1.6356,0,0,0,0.5099,0.6635,0.7962,0.7962,0.7983,0,0,0
2.839301,1788532544.383825,-1.4582,-0.2080,-0.2080,-0.2080,0.3392,0,0,0,-7.1548,-7.3368,16.1409,16.1409,16.5365,0,0,0,0.1277,-0.1367,-0.2050,-0.2050,-0.3202,0,0,0,0.4233,0.4149,-0.4979,-0.4979,-0.4837,0,0,0,1.8780,1.5248,1.8297,1.8297,1.6406,0,0,0,0.5099,0.6552,0.7862,0.7862,0.8005,0,0,0
2.846505,1788532544.390298,-1.4582,-0.2573,-0.2573,-0.2573,0.3172,0,0,0,-7.1548,-7.3297,16.1253,16.1253,16.5063,0,0,0,0.1277,-0.1263,-0.1895,-0.1895,-0.3197,0,0,0,0.4233,0.4152,-0.4983,-0.4983,-0.4844,0,0,0,1.8780,1.5386,1.8463,1.8463,1.6481,0,0,0,0.5099,0.6495,0.7794,0.7794,0.8030,0,0,0
2.854447,1788532544.398995,-1.4582,-0.3201,-0.3201,-0.3201,0.2925,0,0,0,-7.1548,-7.3206,16.1053,16.1053,16.4769,0,0,0,0.1277,-0.1131,-0.1697,-0.1697,-0.3178,0,0,0,0.4233,0.4156,-0.4988,-0.4988,-0.4852,0,0,0,1.8780,1.5562,1.8675,1.8675,1.6566,0,0,0,0.5099,0.6423,0.7707,0.7707,0.8049,0,0,0
2.862566,1788532544.406879,-1.4582,-0.3743,-0.3743,-0.3743,0.2648,0,0,0,-7.1548,-7.3127,16.0880,16.0880,16.4481,0,0,0,0.1277,-0.1018,-0.1526,-0.1526,-0.3145,0,0,0,0.4233,0.4160,-0.4992,-0.4992,-0.4860,0,0,0,1.8780,1.5715,1.8858,1.8858,1.6662,0,0,0,0.5099,0.6360,0.7632,0.7632,0.8061,0,0,0
2.870479,1788532544.415910,-2.9172,-0.5123,-0.5123,-0.5123,0.2343,0,0,0,-7.0406,-7.2981,16.0558,16.0558,16.4200,0,0,0,0.2569,-0.0825,-0.1237,-0.1237,-0.3098,0,0,0,0.4682,0.4188,-0.5026,-0.5026,-0.4869,0,0,0,2.1390,1.6020,1.9224,1.9224,1.6767,0,0,0,0.4105,0.6239,0.7487,0.7487,0.8066,0,0,0
2.878699,1788532544.423473,-2.9172,-0.6227,-0.6227,-0.6227,0.2010,0,0,0,-7.0406,-7.2864,16.0300,16.0300,16.3927,0,0,0,0.2569,-0.0671,-0.1006,-0.1006,-0.3038,0,0,0,0.4682,0.4210,-0.5053,-0.5053,-0.4877,0,0,0,2.1390,1.6265,1.9518,1.9518,1.6882,0,0,0,0.4105,0.6142,0.7371,0.7371,0.8064,0,0,0
2.886743,1788532544.431148,-2.9172,-0.7297,-0.7297,-0.7297,0.1652,0,0,0,-7.0406,-7.2750,16.0051,16.0051,16.3661,0,0,0,0.2569,-0.0521,-0.0782,-0.0782,-0.2965,0,0,0,0.4682,0.4232,-0.5079,-0.5079,-0.4886,0,0,0,2.1390,1.6501,1.9802,1.9802,1.7005,0,0,0,0.4105,0.6049,0.7258,0.7258,0.8055,0,0,0
2.895280,1788532544.438668,-2.9172,-0.8298,-0.8298,-0.8298,0.1260,0,0,0,-7.0406,-7.2644,15.9817,15.9817,16.3401,0,0,0,0.2569,-0.0382,-0.0572,-0.0572,-0.2879,0,0,0,0.4682,0.4252,-0.5103,-0.5103,-0.4895,0,0,0,2.1390,1.6723,2.0067,2.0067,1.7138,0,0,0,0.4105,0.5961,0.7153,0.7153,0.8039,0,0,0
2.902804,1788532544.447694,-4.2307,-1.0151,-1.0151,-1.0151,0.0829,0,0,0,-7.6945,-7.2876,16.0326,16.0326,16.3144,0,0,0,0.4986,-0.0093,-0.0139,-0.0139,-0.2781,0,0,0,0.5161,0.4301,-0.5161,-0.5161,-0.4905,0,0,0,2.4328,1.7133,2.0559,2.0559,1.7283,0,0,0,0.1082,0.5699,0.6838,0.6838,0.8016,0,0,0
2.910711,1788532544.455345,-4.6238,-1.1835,-1.1835,-1.1835,0.0355,0,0,0,-7.7684,-7.3097,16.0812,16.0812,16.2891,0,0,0,0.6075,0.0191,0.0286,0.0286,-0.2670,0,0,0,0.5351,0.4349,-0.5219,-0.5219,-0.4916,0,0,0,2.6113,1.7546,2.1056,2.1056,1.7438,0,0,0,-0.0067,0.5434,0.6521,0.6521,0.7984,0,0,0
2.918749,1788532544.463032,-4.6238,-1.3451,-1.3451,-1.3451,-0.0162,0,0,0,-7.7684,-7.3308,16.1278,16.1278,16.2641,0,0,0,0.6075,0.0463,0.0694,0.0694,-0.2547,0,0,0,0.5351,0.4396,-0.5275,-0.5275,-0.4927,0,0,0,2.6113,1.7943,2.1532,2.1532,1.7604,0,0,0,-0.0067,0.5180,0.6216,0.6216,0.7946,0,0,0
2.927433,1788532544.470897,-4.6238,-1.5026,-1.5026,-1.5026,-0.0732,0,0,0,-7.7684,-7.3515,16.1732,16.1732,16.2404,0,0,0,0.6075,0.0728,0.1091,0.1091,-0.2412,0,0,0,0.5351,0.4441,-0.5329,-0.5329,-0.4940,0,0,0,2.6113,1.8330,2.1996,2.1996,1.7784,0,0,0,-0.0067,0.4932,0.5919,0.5919,0.7898,0,0,0
2.935078,1788532544.479485,-4.6238,-1.6658,-1.6658,-1.6658,-0.1199,0,0,0,-7.7684,-7.3728,16.2202,16.2202,16.2239,0,0,0,0.6075,0.1002,0.1503,0.1503,-0.2300,0,0,0,0.5351,0.4487,-0.5385,-0.5385,-0.4950,0,0,0,2.6113,1.8730,2.2476,2.2476,1.7928,0,0,0,-0.0067,0.4676,0.5611,0.5611,0.7854,0,0,0
2.943667,1788532544.486501,-4.6238,-1.7936,-1.7936,-1.7936,-0.2059,0,0,0,-7.7684,-7.3895,16.2570,16.2570,16.2001,0,0,0,0.6075,0.1217,0.1826,0.1826,-0.2093,0,0,0,0.5351,0.4524,-0.5428,-0.5428,-0.4971,0,0,0,2.6113,1.9044,2.2853,2.2853,1.8190,0,0,0,-0.0067,0.4475,0.5370,0.5370,0.7764,0,0,0
2.951295,1788532544.494101,-4.6238,-1.9256,-1.9256,-1.9256,-0.2625,0,0,0,-7.7684,-7.4068,16.2950,16.2950,16.1883,0,0,0,0.6075,0.1439,0.2159,0.2159,-0.1956,0,0,0,0.5351,0.4561,-0.5474,-0.5474,-0.4985,0,0,0,2.6113,1.9368,2.3242,2.3242,1.8361,0,0,0,-0.0067,0.4268,0.5121,0.5121,0.7699,0,0,0
2.959637,1788532544.502698,-4.6238,-2.0672,-2.0672,-2.0672,-0.3439,0,0,0,-7.7684,-7.4253,16.3357,16.3357,16.1758,0,0,0,0.6075,0.1678,0.2517,0.2517,-0.1758,0,0,0,0.5351,0.4602,-0.5522,-0.5522,-0.5006,0,0,0,2.6113,1.9716,2.3659,2.3659,1.8604,0,0,0,-0.0067,0.4045,0.4854,0.4854,0.7599,0,0,0
2.967554,1788532544.510056,-4.6238,-2.1830,-2.1830,-2.1830,-0.4316,0,0,0,-7.7684,-7.4405,16.3691,16.3691,16.1671,0,0,0,0.6075,0.1873,0.2809,0.2809,-0.1544,0,0,0,0.5351,0.4635,-0.5562,-0.5562,-0.5029,0,0,0,2.6113,2.0000,2.4000,2.4000,1.8866,0,0,0,-0.0067,0.3863,0.4635,0.4635,0.7484,0,0,0
2.975080,1788532544.518966,-4.6238,-2.3157,-2.3157,-2.3157,-0.5250,0,0,0,-7.7684,-7.4579,16.4074,16.4074,16.1622,0,0,0,0.6075,0.2097,0.3145,0.3145,-0.1315,0,0,0,0.5351,0.4673,-0.5608,-0.5608,-0.5055,0,0,0,2.6113,2.0326,2.4392,2.4392,1.9142,0,0,0,-0.0067,0.3654,0.4384,0.4384,0.7356,0,0,0
2.982908,1788532544.527299,-8.9079,-2.6530,-2.6530,-2.5157,-0.6236,1,0,0,-8.9884,-7.5342,16.5751,16.5751,16.1610,0,0,0,1.0312,0.2507,0.3761,0.3761,-0.1073,0,0,0,0.6137,0.4746,-0.5695,-0.5695,-0.5082,0,0,0,3.3800,2.1001,2.5202,2.5202,1.9434,0,0,0,-0.4761,0.3233,0.3880,0.3880,0.7214,0,0,0
2.991542,1788532544.534911,-9.5219,-2.9766,-2.9766,-2.7157,-0.7269,1,0,0,-9.1097,-7.6062,16.7337,16.7337,16.1634,0,0,0,1.1177,0.2905,0.4357,0.4357,-0.0818,0,0,0,0.6230,0.4814,-0.5776,-0.5776,-0.5112,0,0,0,3.4427,2.1619,2.5943,2.5943,1.9738,0,0,0,-0.6521,0.2786,0.3344,0.3344,0.7060,0,0,0
2.999686,1788532544.543042,-10.2192,-3.3412,-3.3412,-2.9157,-0.8341,1,0,0,-9.1097,-7.6796,16.8951,16.8951,16.1693,0,0,0,1.1308,0.3315,0.4973,0.4973,-0.0553,0,0,0,0.6332,0.4888,-0.5865,-0.5865,-0.5144,0,0,0,3.6016,2.2325,2.6789,2.6789,2.0054,0,0,0,-0.6552,0.2330,0.2797,0.2797,0.6895,0,0,0
3.007002,1788532544.550693,-11.0736,-3.7098,-3.7098,-3.1157,-0.9454,1,0,0,-9.0684,-7.7435,17.0358,17.0358,16.1794,0,0,0,1.2048,0.3718,0.5577,0.5577,-0.0276,0,0,0,0.6413,0.4958,-0.5949,-0.5949,-0.5177,0,0,0,3.6323,2.2972,2.7567,2.7567,2.0383,0,0,0,-0.6552,0.1921,0.2305,0.2305,0.6719,0,0,0
3.015724,1788532544.558803,-11.9011,-4.1241,-4.1241,-3.3157,-1.0615,1,0,0,-8.8821,-7.7990,17.1578,17.1578,16.1956,0,0,0,1.2279,0.4135,0.6203,0.6203,0.0016,0,0,0,0.6413,0.5028,-0.6034,-0.6034,-0.5213,0,0,0,3.6773,2.3648,2.8377,2.8377,2.0730,0,0,0,-0.6552,0.1508,0.1810,0.1810,0.6526,0,0,0
3.023069,1788532544.566132,-12.7641,-4.5225,-4.5225,-3.5157,-1.1828,1,0,0,-8.8552,-7.8458,17.2607,17.2607,16.2190,0,0,0,1.2279,0.4496,0.6744,0.6744,0.0325,0,0,0,0.5838,0.5064,-0.6077,-0.6077,-0.5251,0,0,0,3.7184,2.4250,2.9099,2.9099,2.1100,0,0,0,-0.6067,0.1173,0.1407,0.1407,0.6316,0,0,0
3.031173,1788532544.575615,-12.7641,-5.0090,-5.0090,-3.7157,-1.3094,1,0,0,-8.8552,-7.9029,17.3863,17.3863,16.2502,0,0,0,1.2279,0.4937,0.7405,0.7405,0.0653,0,0,0,0.5838,0.5108,-0.6129,-0.6129,-0.5293,0,0,0,3.7184,2.4984,2.9981,2.9981,2.1495,0,0,0,-0.6067,0.0763,0.0916,0.0916,0.6086,0,0,0
3.039920,1788532544.583284,-14.4685,-5.4676,-5.4676,-3.9157,-1.4081,1,0,0,-8.5674,-7.9336,17.4539,17.4539,16.2789,0,0,0,1.2211,0.5273,0.7910,0.7910,0.0911,0,0,0,0.5419,0.5122,-0.6146,-0.6146,-0.5326,0,0,0,3.7767,2.5578,3.0694,3.0694,2.1808,0,0,0,-0.3352,0.0573,0.0688,0.0688,0.5901,0,0,0
3.047790,1788532544.592445,-15.4208,-6.0407,-6.0407,-4.1157,-1.5444,1,0,0,-8.5105,-7.9652,17.5234,17.5234,16.3237,0,0,0,1.1611,0.5620,0.8431,0.8431,0.1273,0,0,0,0.5419,0.5138,-0.6166,-0.6166,-0.5373,0,0,0,3.8622,2.6296,3.1555,3.1555,2.2249,0,0,0,-0.3352,0.0358,0.0430,0.0430,0.5636,0,0,0
3.055217,1788532544.598868,-15.4208,-6.4276,-6.4276,-4.3157,-1.6861,1,0,0,-8.5105,-7.9865,17.5702,17.5702,16.3756,0,0,0,1.1611,0.5854,0.8782,0.8782,0.1654,0,0,0,0.5419,0.5149,-0.6179,-0.6179,-0.5422,0,0,0,3.8622,2.6780,3.2136,3.2136,2.2718,0,0,0,-0.3352,0.0213,0.0256,0.0256,0.5354,0,0,0
3.063906,1788532544.606717,-15.4208,-6.8782,-6.8782,-4.5157,-1.8331,1,0,0,-8.5105,-8.0112,17.6247,17.6247,16.4340,0,0,0,1.1611,0.6127,0.9190,0.9190,0.2054,0,0,0,0.5419,0.5162,-0.6194,-0.6194,-0.5473,0,0,0,3.8622,2.7343,3.2811,3.2811,2.3213,0,0,0,-0.3352,0.0045,0.0054,0.0054,0.5055,0,0,0
3.071670,1788532544.615046,-18.4441,-7.4939,-7.4939,-4.7157,-1.9851,1,0,0,-7.8826,-8.0048,17.6106,17.6106,16.4977,0,0,0,1.0900,0.6366,0.9549,0.9549,0.2471,0,0,0,0.1980,0.5003,-0.6004,-0.6004,-0.5524,0,0,0,3.9065,2.7933,3.3519,3.3519,2.3734,0,0,0,0.2994,0.0192,0.0231,0.0231,0.4745,0,0,0
3.079974,1788532544.623624,-19.5139,-8.1547,-8.1547,-4.9157,-2.1419,1,0,0,-7.7356,-7.9910,17.5801,17.5801,16.5655,0,0,0,1.0580,0.6583,0.9874,0.9874,0.2902,0,0,0,0.1980,0.4849,-0.5818,-0.5818,-0.5575,0,0,0,3.9504,2.8532,3.4238,3.4238,2.4280,0,0,0,0.2994,0.0336,0.0404,0.0404,0.4426,0,0,0
3.087097,1788532544.631388,-19.5139,-8.7253,-8.7253,-5.1157,-2.3031,1,0,0,-7.7356,-7.9790,17.5539,17.5539,16.6363,0,0,0,1.0580,0.6770,1.0155,1.0155,0.3343,0,0,0,0.1980,0.4715,-0.5658,-0.5658,-0.5626,0,0,0,3.9504,2.9048,3.4858,3.4858,2.4846,0,0,0,0.2994,0.0460,0.0553,0.0553,0.4103,0,0,0
3.095615,1788532544.639031,-19.5139,-9.2610,-9.2610,-5.3157,-2.4686,1,0,0,-7.7356,-7.9678,17.5292,17.5292,16.7088,0,0,0,1.0580,0.6946,1.0419,1.0419,0.3791,0,0,0,0.1980,0.4590,-0.5508,-0.5508,-0.5675,0,0,0,3.9504,2.9533,3.5440,3.5440,2.5431,0,0,0,0.2994,0.0577,0.0692,0.0692,0.3781,0,0,0
3.103237,1788532544.647934,-19.5139,-9.8507,-9.8507,-5.5157,-2.5952,1,0,0,-7.7356,-7.9555,17.5020,17.5020,16.7631,0,0,0,1.0580,0.7140,1.0709,1.0709,0.4130,0,0,0,0.1980,0.4452,-0.5342,-0.5342,-0.5708,0,0,0,3.9504,3.0068,3.6082,3.6082,2.5880,0,0,0,0.2994,0.0706,0.0847,0.0847,0.3546,0,0,0
3.111840,1788532544.655905,-23.9353,-10.5841,-10.5841,-5.7157,-2.8107,1,0,0,-6.9185,-7.9059,17.3929,17.3929,16.8513,0,0,0,1.2085,0.7377,1.1065,1.1065,0.4696,0,0,0,0.3426,0.4403,-0.5283,-0.5283,-0.5753,0,0,0,3.7092,3.0407,3.6489,3.6489,2.6647,0,0,0,-0.5957,0.0386,0.0464,0.0464,0.3171,0,0,0
3.119392,1788532544.663904,-23.9353,-11.2847,-11.2847,-5.9157,-2.9878,1,0,0,-6.9185,-7.8585,17.2887,17.2887,16.9182,0,0,0,1.2085,0.7604,1.1406,1.1406,0.5147,0,0,0,0.3426,0.4356,-0.5227,-0.5227,-0.5777,0,0,0,3.7092,3.0731,3.6877,3.6877,2.7277,0,0,0,-0.5957,0.0082,0.0098,0.0098,0.2895,0,0,0
3.127975,1788532544.671834,-23.9353,-11.9457,-11.9457,-6.1157,-3.1246,1,0,0,-6.9185,-7.8138,17.1904,17.1904,16.9653,0,0,0,1.2085,0.7818,1.1727,1.1727,0.5486,0,0,0,0.3426,0.4312,-0.5174,-0.5174,-0.5786,0,0,0,3.7092,3.1037,3.7244,3.7244,2.7760,0,0,0,-0.5957,-0.0206,-0.0247,-0.0247,0.2702,0,0,0
3.136083,1788532544.679494,-23.9353,-12.5539,-12.5539,-6.3157,-3.3117,1,0,0,-6.9185,-7.7727,17.0998,17.0998,17.0224,0,0,0,1.2085,0.8015,1.2023,1.2023,0.5936,0,0,0,0.3426,0.4271,-0.5125,-0.5125,-0.5789,0,0,0,3.7092,3.1318,3.7582,3.7582,2.8414,0,0,0,-0.5957,-0.0471,-0.0566,-0.0566,0.2461,0,0,0
3.144071,1788532544.686841,-23.9353,-13.1104,-13.1104,-6.5157,-3.5033,1,0,0,-6.9185,-7.7350,17.0169,17.0169,17.0717,0,0,0,1.2085,0.8196,1.2294,1.2294,0.6382,0,0,0,0.3426,0.4234,-0.5081,-0.5081,-0.5781,0,0,0,3.7092,3.1576,3.7891,3.7891,2.9073,0,0,0,-0.5957,-0.0715,-0.0858,-0.0858,0.2231,0,0,0
3.151763,1788532544.695554,-28.7735,-14.0147,-14.0147,-6.7157,-3.6985,1,0,0,-5.9330,-7.6413,16.8109,16.8169,17.1123,1,0,0,0.9559,0.8267,1.2401,1.2401,0.6825,0,0,0,0.2738,0.4156,-0.4987,-0.4987,-0.5764,0,0,0,3.4863,3.1749,3.8098,3.8098,2.9731,0,0,0,-0.4842,-0.0930,-0.1116,-0.1116,0.2008,0,0,0
3.159786,1788532544.703199,-28.7735,-14.7712,-14.7712,-6.9157,-3.8967,1,0,0,-5.9330,-7.5629,16.6383,16.6383,17.1439,0,0,0,0.9559,0.8327,1.2490,1.2490,0.7261,0,0,0,0.2738,0.4091,-0.4909,-0.4909,-0.5740,0,0,0,3.4863,3.1893,3.8271,3.8271,3.0381,0,0,0,-0.4842,-0.1110,-0.1332,-0.1332,0.1790,0,0,0
3.167704,1788532544.712192,-28.7735,-15.6102,-15.6102,-7.1157,-4.0972,1,0,0,-5.9330,-7.4754,16.4459,16.4459,17.1661,0,0,0,0.9559,0.8393,1.2589,1.2589,0.7689,0,0,0,0.2738,0.4019,-0.4822,-0.4822,-0.5709,0,0,0,3.4863,3.2053,3.8464,3.8464,3.1020,0,0,0,-0.4842,-0.1311,-0.1573,-0.1573,0.1573,0,0,0
3.175245,1788532544.719237,-28.7735,-16.2385,-16.2385,-7.3157,-4.2995,1,0,0,-5.9330,-7.4098,16.3015,16.3015,17.1774,0,0,0,0.9559,0.8443,1.2664,1.2664,0.8105,0,0,0,0.2738,0.3964,-0.4757,-0.4757,-0.5673,0,0,0,3.4863,3.2174,3.8609,3.8609,3.1643,0,0,0,-0.4842,-0.1461,-0.1753,-0.1753,0.1357,0,0,0
3.184032,1788532544.726809,-33.8578,-17.1444,-17.1444,-7.5157,-4.5032,1,0,0,-5.2505,-7.3112,16.0846,16.1015,17.1769,1,0,0,0.5807,0.8322,1.2483,1.2483,0.8508,0,0,0,-0.1112,0.3734,-0.4480,-0.4480,-0.5631,0,0,0,3.5752,3.2338,3.8806,3.8806,3.2245,0,0,0,0.1172,-0.1341,-0.1609,-0.1609,0.1141,0,0,0
3.192052,1788532544.734565,-33.8578,-18.0277,-18.0277,-7.7157,-4.6566,1,0,0,-5.2505,-7.2148,15.8725,15.9015,17.1684,1,0,0,0.5807,0.8205,1.2307,1.2307,0.8798,0,0,0,-0.1112,0.3508,-0.4210,-0.4210,-0.5597,0,0,0,3.5752,3.2498,3.8998,3.8998,3.2682,0,0,0,0.1172,-0.1224,-0.1468,-0.1468,0.0979,0,0,0
3.199628,1788532544.744505,-36.7068,-19.2794,-19.2794,-7.9157,-4.8618,1,0,0,-4.6770,-7.0644,15.5418,15.7015,17.1462,1,0,0,0.5643,0.8054,1.2080,1.2080,0.9170,0,0,0,-0.1425,0.3218,-0.3861,-0.3861,-0.5547,0,0,0,3.5429,3.2672,3.9207,3.9207,3.3242,0,0,0,0.3614,-0.0938,-0.1126,-0.1126,0.0764,0,0,0
3.208069,1788532544.751613,-36.7068,-20.1353,-20.1353,-8.1157,-5.0676,1,0,0,-4.6770,-6.9614,15.3151,15.5015,17.1115,1,0,0,0.5643,0.7950,1.1925,1.1925,0.9519,0,0,0,-0.1425,0.3019,-0.3623,-0.3623,-0.5490,0,0,0,3.5429,3.2791,3.9349,3.9349,3.3775,0,0,0,0.3614,-0.0743,-0.0892,-0.0892,0.0554,0,0,0
3.215735,1788532544.759017,-39.4458,-21.1268,-21.1268,-8.3157,-5.2736,1,0,0,-4.4344,-6.8479,15.0654,15.3015,17.0643,1,0,0,0.2302,0.7698,1.1547,1.1547,0.9841,0,0,0,-0.3532,0.2727,-0.3272,-0.3272,-0.5425,0,0,0,3.2113,3.2761,3.9313,3.9313,3.4282,0,0,0,0.9088,-0.0305,-0.0366,-0.0366,0.0354,0,0,0
3.223802,1788532544.767600,-39.4458,-22.2129,-22.2129,-8.5157,-5.4798,1,0,0,-4.4344,-6.7229,14.7905,15.1015,17.0045,1,0,0,0.2302,0.7421,1.1132,1.1132,1.0133,0,0,0,-0.3532,0.2406,-0.2887,-0.2887,-0.5348,0,0,0,3.2113,3.2727,3.9273,3.9273,3.4764,0,0,0,0.9088,0.0176,0.0211,0.0211,0.0170,0,0,0
3.231961,1788532544.774835,-42.1773,-23.2259,-23.2259,-8.7157,-5.6860,1,0,0,-4.1187,-6.6082,14.5381,14.9015,16.9325,1,0,0,0.0287,0.7110,1.0665,1.0665,1.0392,0,0,0,-0.3669,0.2141,-0.2569,-0.2569,-0.5259,0,0,0,3.1210,3.2661,3.9193,3.9193,3.5219,0,0,0,1.2897,0.0730,0.0876,0.0876,0.0007,0,0,0
3.239984,1788532544.784523,-42.1773,-24.4954,-24.4954,-8.9157,-5.8920,1,0,0,-4.1187,-6.4634,14.2195,14.7015,16.8486,1,0,0,0.0287,0.6718,1.0077,1.0077,1.0617,0,0,0,-0.3669,0.1807,-0.2168,-0.2168,-0.5157,0,0,0,3.1210,3.2577,3.9092,3.9092,3.5646,0,0,0,1.2897,0.1428,0.1714,0.1714,-0.0130,0,0,0
3.247259,1788532544.792914,-42.1773,-25.5338,-25.5338,-9.1157,-6.0979,1,0,0,-4.1187,-6.3442,13.9573,14.5015,16.7536,1,0,0,0.0287,0.6396,0.9594,0.9594,1.0804,0,0,0,-0.3669,0.1531,-0.1838,-0.1838,-0.5039,0,0,0,3.1210,3.2508,3.9010,3.9010,3.6044,0,0,0,1.2897,0.2003,0.2404,0.2404,-0.0233,0,0,0
3.256238,1788532544.800364,-42.1773,-26.4102,-26.4102,-9.3157,-6.3035,1,0,0,-4.1187,-6.2431,13.7349,14.3015,16.6479,1,0,0,0.0287,0.6122,0.9184,0.9184,1.0950,0,0,0,-0.3669,0.1298,-0.1558,-0.1558,-0.4905,0,0,0,3.1210,3.2450,3.8939,3.8939,3.6409,0,0,0,1.2897,0.2491,0.2989,0.2989,-0.0297,0,0,0
3.262979,1788532544.807769,-47.3155,-27.5108,-27.5108,-9.5157,-6.5088,1,0,0,-3.8044,-6.1329,13.4923,14.1015,16.5323,1,0,0,-0.3398,0.5699,0.8549,0.8549,1.1051,0,0,0,-0.4754,0.1028,-0.1234,-0.1234,-0.4755,0,0,0,2.7344,3.2221,3.8665,3.8665,3.6743,0,0,0,1.8564,0.3208,0.3849,0.3849,-0.0316,0,0,0
3.272369,1788532544.815754,-47.3155,-28.6351,-28.6351,-9.7157,-6.6626,1,0,0,-3.8044,-6.0197,13.2432,13.9015,16.4395,1,0,0,-0.3398,0.5264,0.7896,0.7896,1.1097,0,0,0,-0.4754,0.0751,-0.0901,-0.0901,-0.4631,0,0,0,2.7344,3.1987,3.8384,3.8384,3.6971,0,0,0,1.8564,0.3944,0.4733,0.4733,-0.0299,0,0,0
3.279600,1788532544.822763,-47.3155,-29.5764,-29.5764,-9.9157,-6.8673,1,0,0,-3.8044,-5.9245,13.0338,13.7015,16.3082,1,0,0,-0.3398,0.4898,0.7348,0.7348,1.1120,0,0,0,-0.4754,0.0517,-0.0621,-0.0621,-0.4453,0,0,0,2.7344,3.1790,3.8148,3.8148,3.7247,0,0,0,1.8564,0.4564,0.5476,0.5476,-0.0234,0,0,0
3.287237,1788532544.832636,-47.3155,-30.8110,-30.8110,-10.1157,-7.0717,1,0,0,-3.8044,-5.7983,12.7563,13.5015,16.1689,1,0,0,-0.3398,0.4413,0.6619,0.6619,1.1099,0,0,0,-0.4754,0.0208,-0.0250,-0.0250,-0.4260,0,0,0,2.7344,3.1529,3.7835,3.7835,3.7490,0,0,0,1.8564,0.5386,0.6463,0.6463,-0.0119,0,0,0
3.295809,1788532544.839796,-47.3155,-31.6624,-31.6624,-10.3157,-7.2758,1,0,0,-3.8044,-5.7108,12.5638,13.3015,16.0223,1,0,0,-0.3398,0.4076,0.6114,0.6114,1.1032,0,0,0,-0.4754,-0.0006,0.0008,0.0008,-0.4054,0,0,0,2.7344,3.1349,3.7618,3.7618,3.7697,0,0,0,1.8564,0.5957,0.7148,0.7148,0.0047,0,0,0
3.303924,1788532544.847242,-53.2968,-32.8265,-32.8265,-10.5157,-7.4286,1,0,0,-2.9281,-5.5839,12.2846,13.1015,15.9079,1,0,0,-0.6487,0.3603,0.5404,0.5404,1.0952,0,0,0,-0.9086,-0.0414,0.0497,0.0497,-0.3891,0,0,0,2.3954,3.1017,3.7220,3.7220,3.7830,0,0,0,2.9173,0.7002,0.8402,0.8402,0.0206,0,0,0
3.311678,1788532544.856077,-54.5058,-34.2016,-34.2016,-10.7157,-7.6828,1,0,0,-2.7337,-5.4308,11.9478,12.9015,15.7097,1,0,0,-0.7801,0.3001,0.4501,0.4501,1.0765,0,0,0,-1.0282,-0.0936,0.1123,0.1123,-0.3606,0,0,0,2.3494,3.0620,3.6745,3.6745,3.8007,0,0,0,3.3564,0.8411,1.0093,1.0093,0.0535,0,0,0
3.319506,1788532544.863895,-54.5058,-35.3537,-35.3537,-10.9157,-7.8859,1,0,0,-2.7337,-5.3017,11.6638,12.7015,15.5450,1,0,0,-0.7801,0.2493,0.3739,0.3739,1.0567,0,0,0,-1.0282,-0.1376,0.1651,0.1651,-0.3365,0,0,0,2.3494,3.0286,3.6343,3.6343,3.8109,0,0,0,3.3564,0.9601,1.1521,1.1521,0.0855,0,0,0
3.328241,1788532544.872006,-54.5058,-36.4813,-36.4813,-11.1157,-8.0886,1,0,0,-2.7337,-5.1743,11.3835,12.5015,15.3755,1,0,0,-0.7801,0.1991,0.2987,0.2987,1.0328,0,0,0,-1.0282,-0.1811,0.2173,0.2173,-0.3114,0,0,0,2.3494,2.9956,3.5948,3.5948,3.8177,0,0,0,3.3564,1.0776,1.2931,1.2931,0.1225,0,0,0
3.336063,1788532544.880396,-56.5611,-37.7049,-37.7049,-11.3157,-8.2405,1,0,0,-2.3932,-5.0318,11.0699,12.3015,15.2455,1,0,0,-0.7689,0.1504,0.2256,0.2256,1.0122,0,0,0,-0.8676,-0.2157,0.2588,0.2588,-0.2917,0,0,0,2.0777,2.9497,3.5396,3.5396,3.8204,0,0,0,2.2397,1.1365,1.3638,1.3638,0.1542,0,0,0
3.344069,1788532544.888476,-56.5611,-38.8161,-38.8161,-11.5157,-8.4428,1,0,0,-2.3932,-4.9012,10.7826,12.1015,15.0687,1,0,0,-0.7689,0.1058,0.1587,0.1587,0.9810,0,0,0,-0.8676,-0.2474,0.2968,0.2968,-0.2641,0,0,0,2.0777,2.9075,3.4890,3.4890,3.8209,0,0,0,2.2397,1.1904,1.4285,1.4285,0.2020,0,0,0
3.352284,1788532544.896429,-56.5611,-39.8479,-39.8479,-11.7157,-8.6448,1,0,0,-2.3932,-4.7788,10.5134,11.9015,14.8885,1,0,0,-0.7689,0.0639,0.0959,0.0959,0.9458,0,0,0,-0.8676,-0.2771,0.3325,0.3325,-0.2348,0,0,0,2.0777,2.8680,3.4416,3.4416,3.8179,0,0,0,2.2397,1.2409,1.4891,1.4891,0.2565,0,0,0
3.359604,1788532544.902733,-56.5611,-40.6295,-40.6295,-11.9157,-8.8466,1,0,0,-2.3932,-4.6856,10.3083,11.7015,14.7052,1,0,0,-0.7689,0.0320,0.0480,0.0480,0.9066,0,0,0,-0.8676,-0.2997,0.3597,0.3597,-0.2039,0,0,0,2.0777,2.8379,3.4054,3.4054,3.8114,0,0,0,2.2397,1.2795,1.5354,1.5354,0.3173,0,0,0
3.367647,1788532544.912040,-56.5611,-41.7044,-41.7044,-12.1157,-9.0481,1,0,0,-2.3932,-4.5557,10.0225,11.5015,14.5192,1,0,0,-0.7689,-0.0126,-0.0188,-0.0188,0.8639,0,0,0,-0.8676,-0.3313,0.3976,0.3976,-0.1715,0,0,0,2.0777,2.7958,3.3549,3.3549,3.8014,0,0,0,2.2397,1.3332,1.5998,1.5998,0.3834,0,0,0
3.376224,1788532544.920099,-56.5611,-42.5798,-42.5798,-12.3157,-9.2495,1,0,0,-2.3932,-4.4487,9.7872,11.3015,14.3309,1,0,0,-0.7689,-0.0492,-0.0739,-0.0739,0.8179,0,0,0,-0.8676,-0.3573,0.4288,0.4288,-0.1379,0,0,0,2.0777,2.7611,3.3133,3.3133,3.7880,0,0,0,2.2397,1.3774,1.6529,1.6529,0.4536,0,0,0
3.383967,1788532544.927438,-56.5611,-43.3338,-43.3338,-12.5157,-9.4507,1,0,0,-2.3932,-4.3557,9.5826,11.1015,14.1405,1,0,0,-0.7689,-0.0812,-0.1218,-0.1218,0.7693,0,0,0,-0.8676,-0.3800,0.4560,0.4560,-0.1033,0,0,0,2.0777,2.7309,3.2771,3.2771,3.7713,0,0,0,2.2397,1.4159,1.6990,1.6990,0.5266,0,0,0
3.391594,1788532544.935349,-56.5611,-44.0988,-44.0988,-12.7157,-9.6517,1,0,0,-2.3932,-4.2603,9.3727,10.9015,13.9483,1,0,0,-0.7689,-0.1140,-0.1710,-0.1710,0.7183,0,0,0,-0.8676,-0.4032,0.4839,0.4839,-0.0680,0,0,0,2.0777,2.6999,3.2399,3.2399,3.7516,0,0,0,2.2397,1.4554,1.7464,1.7464,0.6016,0,0,0
3.399656,1788532544.944117,-62.6926,-45.2843,-45.2843,-12.9157,-9.8527,1,0,0,-1.5880,-4.1170,9.0575,10.7015,13.7547,1,0,0,-0.9422,-0.1575,-0.2363,-0.2363,0.6655,0,0,0,-0.9106,-0.4299,0.5159,0.5159,-0.0322,0,0,0,1.5709,2.6407,3.1689,3.1689,3.7292,0,0,0,2.2397,1.4968,1.7962,1.7962,0.6778,0,0,0
3.408127,1788532544.951260,-62.6926,-46.2011,-46.2011,-13.1157,-10.0534,1,0,0,-1.5880,-4.0054,8.8119,10.5015,13.5598,1,0,0,-0.9422,-0.1915,-0.2872,-0.2872,0.6111,0,0,0,-0.9106,-0.4507,0.5408,0.5408,0.0039,0,0,0,1.5709,2.5946,3.1135,3.1135,3.7042,0,0,0,2.2397,1.5291,1.8349,1.8349,0.7546,0,0,0
3.415749,1788532544.960216,-62.6926,-47.2752,-47.2752,-13.3157,-10.2541,1,0,0,-1.5880,-3.8730,8.5207,10.3015,13.3637,1,0,0,-0.9422,-0.2318,-0.3477,-0.3477,0.5556,0,0,0,-0.9106,-0.4754,0.5704,0.5704,0.0402,0,0,0,1.5709,2.5398,3.0478,3.0478,3.6771,0,0,0,2.2397,1.5674,1.8809,1.8809,0.8312,0,0,0
3.424381,1788532544.968133,-64.2362,-48.2600,-48.2600,-13.5157,-10.4045,1,0,0,-1.3312,-3.7492,8.2482,10.1015,13.2161,1,0,0,-1.2387,-0.2799,-0.4198,-0.4198,0.5134,0,0,0,-0.8824,-0.4948,0.5937,0.5937,0.0673,0,0,0,1.2892,2.4802,2.9763,2.9763,3.6555,0,0,0,1.7952,1.5783,1.8940,1.8940,0.8883,0,0,0
3.432432,1788532544.975809,-64.2362,-49.1615,-49.1615,-13.7157,-10.6050,1,0,0,-1.3312,-3.6347,7.9964,9.9015,13.0185,1,0,0,-1.2387,-0.3243,-0.4865,-0.4865,0.4565,0,0,0,-0.8824,-0.5127,0.6153,0.6153,0.1034,0,0,0,1.2892,2.4251,2.9101,2.9101,3.6247,0,0,0,1.7952,1.5884,1.9061,1.9061,0.9637,0,0,0
3.440488,1788532544.983865,-65.2653,-50.1126,-50.1126,-13.9157,-10.8060,1,0,0,-1.2234,-3.5152,7.7334,9.7015,12.8198,1,0,0,-1.3211,-0.3728,-0.5592,-0.5592,0.3989,0,0,0,-0.8103,-0.5272,0.6326,0.6326,0.1393,0,0,0,1.2462,2.3680,2.8415,2.8415,3.5915,0,0,0,1.7031,1.5940,1.9128,1.9128,1.0379,0,0,0
3.448047,1788532544.991904,-65.7392,-51.0335,-51.0335,-14.1157,-11.0096,1,0,0,-1.1597,-3.3987,7.4770,9.5015,12.6177,1,0,0,-1.4966,-0.4273,-0.6409,-0.6409,0.3398,0,0,0,-0.9091,-0.5456,0.6548,0.6548,0.1752,0,0,0,1.2815,2.3154,2.7784,2.7784,3.5551,0,0,0,1.6157,1.5951,1.9141,1.9141,1.1106,0,0,0
3.456044,1788532544.999443,-66.2667,-51.8789,-51.8789,-14.3157,-11.2159,1,0,0,-1.1529,-3.2941,7.2470,9.3015,12.4125,1,0,0,-1.5003,-0.4763,-0.7144,-0.7144,0.2792,0,0,0,-0.9783,-0.5653,0.6784,0.6784,0.2109,0,0,0,1.2815,2.2683,2.7219,2.7219,3.5154,0,0,0,1.6157,1.5960,1.9152,1.9152,1.1813,0,0,0
3.464098,1788532545.008489,-66.5957,-52.8463,-52.8463,-14.5157,-11.4242,1,0,0,-1.1252,-3.1740,6.9829,9.1015,12.2048,1,0,0,-1.5003,-0.5318,-0.7978,-0.7978,0.2172,0,0,0,-0.9783,-0.5877,0.7052,0.7052,0.2462,0,0,0,1.2815,2.2148,2.6578,2.6578,3.4727,0,0,0,1.6157,1.5971,1.9165,1.9165,1.2493,0,0,0
3.472378,1788532545.016517,-66.5957,-53.6536,-53.6536,-14.7157,-11.6338,1,0,0,-1.1252,-3.0728,6.7601,8.9015,11.9955,1,0,0,-1.5003,-0.5788,-0.8682,-0.8682,0.1538,0,0,0,-0.9783,-0.6066,0.7279,0.7279,0.2809,0,0,0,1.2815,2.1696,2.6036,2.6036,3.4272,0,0,0,1.6157,1.5980,1.9176,1.9176,1.3141,0,0,0
3.480051,1788532545.024299,-67.1215,-54.4208,-54.4208,-14.9157,-11.8443,1,0,0,-1.0295,-2.9747,6.5444,8.7015,11.7849,1,0,0,-1.3275,-0.6140,-0.9211,-0.9211,0.0892,0,0,0,-0.8567,-0.6183,0.7420,0.7420,0.3149,0,0,0,1.2865,2.1281,2.5538,2.5538,3.3793,0,0,0,1.4191,1.5896,1.9075,1.9075,1.3751,0,0,0
3.488085,1788532545.033501,-67.3356,-55.2796,-55.2796,-15.1157,-12.0554,1,0,0,-0.9871,-2.8629,6.2984,8.5015,11.5736,1,0,0,-1.3275,-0.6534,-0.9801,-0.9801,0.0232,0,0,0,-0.8585,-0.6315,0.7578,0.7578,0.3483,0,0,0,1.4806,2.0925,2.5110,2.5110,3.3294,0,0,0,1.4191,1.5802,1.8962,1.8962,1.4323,0,0,0
3.496123,1788532545.042526,-67.5141,-56.0763,-56.0763,-15.3157,-12.2139,1,0,0,-0.9526,-2.7575,6.0664,8.3015,11.4149,1,0,0,-1.3374,-0.6905,-1.0357,-1.0357,-0.0270,0,0,0,-0.9650,-0.6495,0.7794,0.7794,0.3729,0,0,0,1.5952,2.0656,2.4787,2.4787,3.2908,0,0,0,1.5257,1.5772,1.8927,1.8927,1.4726,0,0,0
3.504346,1788532545.050066,-67.5141,-56.7044,-56.7044,-15.5157,-12.3724,1,0,0,-0.9526,-2.6735,5.8816,8.1015,11.2561,1,0,0,-1.3374,-0.7200,-1.0800,-1.0800,-0.0776,0,0,0,-0.9650,-0.6639,0.7967,0.7967,0.3970,0,0,0,1.5952,2.0441,2.4529,2.4529,3.2514,0,0,0,1.5257,1.5749,1.8899,1.8899,1.5104,0,0,0
3.512384,1788532545.057778,-67.5141,-57.3096,-57.3096,-15.7157,-12.6363,1,0,0,-0.9526,-2.5916,5.7016,7.9015,10.9914,1,0,0,-1.3374,-0.7488,-1.1232,-1.1232,-0.1625,0,0,0,-0.9650,-0.6779,0.8135,0.8135,0.4361,0,0,0,1.5952,2.0232,2.4279,2.4279,3.1844,0,0,0,1.5257,1.5726,1.8871,1.8871,1.5681,0,0,0
3.521027,1788532545.066817,-67.9721,-58.0003,-58.0003,-15.9157,-12.8998,1,0,0,-0.8707,-2.4966,5.4924,7.7015,10.7272,1,0,0,-1.3970,-0.7840,-1.1760,-1.1760,-0.2476,0,0,0,-1.0402,-0.6975,0.8370,0.8370,0.4737,0,0,0,1.7076,2.0061,2.4073,2.4073,3.1168,0,0,0,1.6461,1.5766,1.8919,1.8919,1.6191,0,0,0
3.528692,1788532545.073985,-67.9721,-58.5186,-58.5186,-16.1157,-13.1100,1,0,0,-0.8707,-2.4245,5.3339,7.5015,10.5163,1,0,0,-1.3970,-0.8107,-1.2160,-1.2160,-0.3152,0,0,0,-1.0402,-0.7123,0.8548,0.8548,0.5028,0,0,0,1.7076,1.9932,2.3918,2.3918,3.0630,0,0,0,1.6461,1.5796,1.8955,1.8955,1.6553,0,0,0
3.536588,1788532545.083001,-68.2629,-59.1451,-59.1451,-16.3157,-13.2673,1,0,0,-0.8042,-2.3352,5.1375,7.3015,10.3585,1,0,0,-1.2989,-0.8371,-1.2556,-1.2556,-0.3656,0,0,0,-1.0283,-0.7294,0.8752,0.8752,0.5240,0,0,0,1.6796,1.9762,2.3715,2.3715,3.0230,0,0,0,1.1653,1.5573,1.8687,1.8687,1.6799,0,0,0
3.544337,1788532545.090666,-68.3993,-59.6547,-59.6547,-16.5157,-13.4765,1,0,0,-0.7991,-2.2627,4.9779,7.1015,10.1486,1,0,0,-1.2878,-0.8580,-1.2870,-1.2870,-0.4319,0,0,0,-1.0283,-0.7432,0.8918,0.8918,0.5515,0,0,0,1.6796,1.9625,2.3550,2.3550,2.9707,0,0,0,1.1653,1.5392,1.8470,1.8470,1.7096,0,0,0
3.552523,1788532545.098918,-68.3993,-60.1693,-60.1693,-16.7157,-13.6852,1,1,0,-0.7991,-2.1886,4.8148,6.9015,9.9393,1,0,0,-1.2878,-0.8794,-1.3190,-1.3190,-0.4973,0,0,0,-1.0283,-0.7573,0.9088,0.9088,0.5782,0,0,0,1.6796,1.9485,2.3381,2.3381,2.9197,0,0,0,1.1653,1.5206,1.8248,1.8248,1.7359,0,0,0
3.561069,1788532545.106962,-68.3993,-60.6406,-60.6406,-16.9157,-13.8931,1,1,0,-0.7991,-2.1199,4.6638,6.7015,9.7307,1,0,0,-1.2878,-0.8992,-1.3488,-1.3488,-0.5614,0,0,0,-1.0283,-0.7704,0.9245,0.9245,0.6042,0,0,0,1.6796,1.9354,2.3225,2.3225,2.8704,0,0,0,1.1653,1.5035,1.8042,1.8042,1.7590,0,0,0
3.569232,1788532545.114601,-68.3993,-61.0627,-61.0627,-17.1157,-14.1005,1,1,0,-0.7991,-2.0578,4.5272,6.5015,9.5227,1,0,0,-1.2878,-0.9171,-1.3757,-1.3757,-0.6241,0,0,0,-1.0283,-0.7823,0.9387,0.9387,0.6294,0,0,0,1.6796,1.9236,2.3084,2.3084,2.8230,0,0,0,1.1653,1.4879,1.7855,1.7855,1.7786,0,0,0
3.576617,1788532545.122515,-68.3993,-61.4740,-61.4740,-17.3157,-14.3072,1,1,0,-0.7991,-1.9966,4.3925,6.3015,9.3154,1,0,0,-1.2878,-0.9348,-1.4023,-1.4023,-0.6850,0,0,0,-1.0283,-0.7940,0.9528,0.9528,0.6539,0,0,0,1.6796,1.9120,2.2944,2.2944,2.7776,0,0,0,1.1653,1.4726,1.7671,1.7671,1.7949,0,0,0
3.584759,1788532545.131228,-68.7904,-61.9213,-61.9213,-17.5157,-14.5133,1,1,0,-0.8326,-1.9346,4.2562,6.1015,9.1087,1,0,0,-1.2281,-0.9502,-1.4253,-1.4253,-0.7440,0,0,0,-1.0379,-0.8067,0.9681,0.9681,0.6777,0,0,0,1.9427,1.9136,2.2963,2.2963,2.7342,0,0,0,0.9702,1.4465,1.7358,1.7358,1.8079,0,0,0
3.592888,1788532545.138290,-68.8177,-62.2663,-62.2663,-17.7157,-14.7189,1,1,0,-0.8216,-1.8861,4.1495,5.9015,8.9027,1,0,0,-1.1412,-0.9584,-1.4376,-1.4376,-0.8010,0,0,0,-1.1069,-0.8196,0.9835,0.9835,0.7008,0,0,0,2.1310,1.9229,2.3075,2.3075,2.6930,0,0,0,1.0946,1.4315,1.7178,1.7178,1.8177,0,0,0
3.600897,1788532545.147293,-68.8177,-62.6767,-62.6767,-17.9157,-14.9239,1,1,0,-0.8216,-1.8277,4.0210,5.7015,8.6972,1,0,0,-1.1412,-0.9682,-1.4524,-1.4524,-0.8560,0,0,0,-1.1069,-0.8350,1.0020,1.0020,0.7231,0,0,0,2.1310,1.9341,2.3209,2.3209,2.6539,0,0,0,1.0946,1.4134,1.6961,1.6961,1.8246,0,0,0
3.608990,1788532545.154392,-68.8177,-62.9833,-62.9833,-18.1157,-15.1283,1,1,0,-0.8216,-1.7837,3.9242,5.5015,8.4923,1,0,0,-1.1412,-0.9757,-1.4635,-1.4635,-0.9087,0,0,0,-1.1069,-0.8467,1.0160,1.0160,0.7448,0,0,0,2.1310,1.9425,2.3311,2.3311,2.6171,0,0,0,1.0946,1.3998,1.6797,1.6797,1.8286,0,0,0
3.616621,1788532545.161943,-68.8177,-63.2912,-63.2912,-18.3157,-15.2814,1,1,0,-0.8216,-1.7391,3.8260,5.3015,8.3389,1,0,0,-1.1412,-0.9832,-1.4749,-1.4749,-0.9467,0,0,0,-1.1069,-0.8585,1.0302,1.0302,0.7607,0,0,0,2.1310,1.9511,2.3413,2.3413,2.5911,0,0,0,1.0946,1.3859,1.6631,1.6631,1.8297,0,0,0
3.624398,1788532545.170191,-68.8177,-63.6071,-63.6071,-18.5157,-15.4850,1,1,0,-0.8216,-1.6928,3.7242,5.1015,8.1349,1,0,0,-1.1412,-0.9911,-1.4866,-1.4866,-0.9952,0,0,0,-1.1069,-0.8708,1.0450,1.0450,0.7813,0,0,0,2.1310,1.9600,2.3520,2.3520,2.5590,0,0,0,1.0946,1.3716,1.6459,1.6459,1.8291,0,0,0
3.632534,1788532545.177500,-68.8177,-63.8720,-63.8720,-18.7157,-15.6883,1,1,0,-0.8216,-1.6537,3.6381,4.9015,7.9313,1,0,0,-1.1412,-0.9977,-1.4966,-1.4966,-1.0412,0,0,0,-1.1069,-0.8812,1.0575,1.0575,0.8013,0,0,0,2.1310,1.9676,2.3611,2.3611,2.5299,0,0,0,1.0946,1.3594,1.6313,1.6313,1.8261,0,0,0
3.640700,1788532545.187090,-68.8177,-64.1952,-64.1952,-18.9157,-15.8911,1,1,0,-0.8216,-1.6054,3.5318,4.7015,7.7282,1,0,0,-1.1412,-1.0059,-1.5089,-1.5089,-1.0846,0,0,0,-1.1069,-0.8941,1.0730,1.0730,0.8209,0,0,0,2.1310,1.9769,2.3723,2.3723,2.5037,0,0,0,1.0946,1.3443,1.6132,1.6132,1.8211,0,0,0
3.649106,1788532545.194494,-68.9668,-64.4389,-64.4389,-19.1157,-16.0936,1,1,0,-0.8926,-1.5730,3.4606,4.5015,7.5254,1,0,0,-1.1538,-1.0125,-1.5188,-1.5188,-1.1255,0,0,0,-1.1053,-0.9036,1.0843,1.0843,0.8399,0,0,0,2.2287,1.9881,2.3857,2.3857,2.4806,0,0,0,0.9784,1.3281,1.5937,1.5937,1.8143,0,0,0
3.656702,1788532545.203152,-68.9533,-64.7051,-64.7051,-19.3157,-16.2958,1,1,0,-0.9335,-1.5393,3.3865,4.3015,7.3229,1,0,0,-1.1672,-1.0206,-1.5309,-1.5309,-1.1637,0,0,0,-1.0855,-0.9130,1.0956,1.0956,0.8585,0,0,0,2.2437,2.0013,2.4016,2.4016,2.4603,0,0,0,0.9341,1.3077,1.5693,1.5693,1.8059,0,0,0
3.664560,1788532545.210967,-68.9533,-64.9317,-64.9317,-19.5157,-16.4977,1,1,0,-0.9335,-1.5104,3.3228,4.1015,7.1208,1,0,0,-1.1672,-1.0275,-1.5412,-1.5412,-1.1996,0,0,0,-1.0855,-0.9211,1.1053,1.1053,0.8766,0,0,0,2.2437,2.0127,2.4153,2.4153,2.4428,0,0,0,0.9341,1.2902,1.5483,1.5483,1.7961,0,0,0
3.672686,1788532545.220098,-68.9533,-65.1792,-65.1792,-19.7157,-16.6993,1,1,0,-0.9335,-1.4784,3.2526,3.9015,6.9190,1,0,0,-1.1672,-1.0351,-1.5526,-1.5526,-1.2330,0,0,0,-1.0855,-0.9301,1.1161,1.1161,0.8943,0,0,0,2.2437,2.0253,2.4303,2.4303,2.4280,0,0,0,0.9341,1.2709,1.5251,1.5251,1.7851,0,0,0
3.681348,1788532545.226242,-68.9533,-65.3383,-65.3383,-19.9157,-16.9007,1,1,0,-0.9335,-1.4578,3.2071,3.7015,6.7174,1,0,0,-1.1672,-1.0400,-1.5601,-1.5601,-1.2643,0,0,0,-1.0855,-0.9359,1.1230,1.1230,0.9115,0,0,0,2.2437,2.0334,2.4401,2.4401,2.4159,0,0,0,0.9341,1.2584,1.5101,1.5101,1.7730,0,0,0
3.688487,1788532545.234792,-68.9334,-65.5451,-65.5451,-20.1157,-17.0517,1,1,0,-1.0679,-1.4375,3.1626,3.5015,6.5664,1,0,0,-1.2620,-1.0514,-1.5771,-1.5771,-1.2863,0,0,0,-1.1819,-0.9485,1.1382,1.1382,0.9241,0,0,0,2.3203,2.0481,2.4577,2.4577,2.4084,0,0,0,0.9398,1.2421,1.4906,1.4906,1.7632,0,0,0
3.697121,1788532545.243922,-68.9334,-65.7515,-65.7515,-20.3157,-17.2527,1,1,0,-1.0679,-1.4171,3.1177,3.3015,6.3652,1,0,0,-1.2620,-1.0629,-1.5944,-1.5944,-1.3140,0,0,0,-1.1819,-0.9612,1.1534,1.1534,0.9405,0,0,0,2.3203,2.0629,2.4754,2.4754,2.4006,0,0,0,0.9398,1.2257,1.4708,1.4708,1.7492,0,0,0
3.705263,1788532545.250566,-68.9334,-65.8946,-65.8946,-20.5157,-17.4034,1,1,0,-1.0679,-1.4029,3.0864,3.1015,6.2144,1,0,0,-1.2620,-1.0709,-1.6064,-1.6064,-1.3335,0,0,0,-1.1819,-0.9701,1.1641,1.1641,0.9525,0,0,0,2.3203,2.0732,2.4878,2.4878,2.3962,0,0,0,0.9398,1.2142,1.4571,1.4571,1.7381,0,0,0
3.713073,1788532545.257888,-68.9334,-66.0441,-66.0441,-20.7157,-17.6544,1,1,0,-1.0679,-1.3879,3.0534,3.0534,5.9633,0,0,0,-1.2620,-1.0794,-1.6191,-1.6191,-1.3639,0,0,0,-1.1819,-0.9794,1.1753,1.1753,0.9718,0,0,0,2.3203,2.0841,2.5009,2.5009,2.3916,0,0,0,0.9398,1.2022,1.4426,1.4426,1.7187,0,0,0
3.720953,1788532545.267208,-68.9334,-66.2219,-66.2219,-20.9157,-17.8561,1,1,0,-1.0679,-1.3699,3.0138,3.0138,5.7615,0,0,0,-1.2620,-1.0895,-1.6343,-1.6343,-1.3866,0,0,0,-1.1819,-0.9907,1.1888,1.1888,0.9868,0,0,0,2.3203,2.0971,2.5166,2.5166,2.3902,0,0,0,0.9398,1.1876,1.4251,1.4251,1.7024,0,0,0
3.728619,1788532545.274074,-68.9334,-66.3465,-66.3465,-21.1157,-18.0607,1,1,0,-1.0679,-1.3572,2.9859,2.9859,5.5576,0,0,0,-1.2620,-1.0967,-1.6450,-1.6450,-1.4082,0,0,0,-1.1819,-0.9986,1.1983,1.1983,1.0017,0,0,0,2.3203,2.1064,2.5277,2.5277,2.3908,0,0,0,0.9398,1.1774,1.4128,1.4128,1.6853,0,0,0
3.737236,1788532545.282630,-68.9334,-66.4925,-66.4925,-21.3157,-18.2676,1,1,0,-1.0679,-1.3422,2.9529,2.9529,5.3545,0,0,0,-1.2620,-1.1052,-1.6578,-1.6578,-1.4288,0,0,0,-1.1819,-1.0080,1.2096,1.2096,1.0164,0,0,0,2.3203,2.1173,2.5408,2.5408,2.3933,0,0,0,0.9398,1.1652,1.3983,1.3983,1.6676,0,0,0
3.744332,1788532545.290665,-68.7512,-66.6123,-66.6123,-21.5157,-18.4764,1,1,0,-1.1002,-1.3304,2.9270,2.9270,5.1548,0,0,0,-1.1429,-1.1070,-1.6605,-1.6605,-1.4485,0,0,0,-1.1047,-1.0127,1.2152,1.2152,1.0310,0,0,0,2.3145,2.1268,2.5521,2.5521,2.3974,0,0,0,0.7074,1.1432,1.3718,1.3718,1.6495,0,0,0
3.752933,1788532545.299444,-68.6518,-66.7294,-66.7294,-21.7157,-18.6864,1,1,0,-1.1811,-1.3225,2.9096,2.9096,4.9607,0,0,0,-1.1429,-1.1089,-1.6633,-1.6633,-1.4674,0,0,0,-1.1047,-1.0175,1.2210,1.2210,1.0453,0,0,0,2.3426,2.1381,2.5657,2.5657,2.4029,0,0,0,0.6884,1.1193,1.3432,1.3432,1.6312,0,0,0
3.761015,1788532545.306907,-68.5635,-66.8195,-66.8195,-21.9157,-18.8972,1,1,0,-1.2224,-1.3180,2.8996,2.8996,4.7740,0,0,0,-1.1141,-1.1091,-1.6637,-1.6637,-1.4855,0,0,0,-1.0708,-1.0199,1.2239,1.2239,1.0594,0,0,0,2.3400,2.1471,2.5765,2.5765,2.4097,0,0,0,0.6884,1.1000,1.3200,1.3200,1.6127,0,0,0
3.768712,1788532545.315585,-68.5201,-66.9155,-66.9155,-22.1157,-19.0556,1,1,0,-1.2347,-1.3136,2.8900,2.8900,4.6394,0,0,0,-1.1005,-1.1087,-1.6630,-1.6630,-1.4985,0,0,0,-1.0493,-1.0214,1.2257,1.2257,1.0697,0,0,0,2.3426,2.1572,2.5887,2.5887,2.4155,0,0,0,0.6884,1.0787,1.2944,1.2944,1.5987,0,0,0
3.777468,1788532545.323228,-68.5201,-66.9956,-66.9956,-22.3157,-19.2670,1,1,0,-1.2347,-1.3100,2.8819,2.8819,4.4682,0,0,0,-1.1005,-1.1083,-1.6624,-1.6624,-1.5150,0,0,0,-1.0493,-1.0227,1.2272,1.2272,1.0832,0,0,0,2.3426,2.1657,2.5989,2.5989,2.4241,0,0,0,0.6884,1.0607,1.2729,1.2729,1.5796,0,0,0
3.785335,1788532545.331715,-68.5201,-67.0794,-67.0794,-22.5157,-19.4783,1,1,0,-1.2347,-1.3061,2.8734,2.8734,4.3071,0,0,0,-1.1005,-1.1079,-1.6618,-1.6618,-1.5304,0,0,0,-1.0493,-1.0240,1.2289,1.2289,1.0961,0,0,0,2.3426,2.1747,2.6096,2.6096,2.4334,0,0,0,0.6884,1.0418,1.2502,1.2502,1.5602,0,0,0
3.793062,1788532545.338542,-68.5201,-67.1436,-67.1436,-22.7157,-19.6893,1,1,0,-1.2347,-1.3031,2.8669,2.8669,4.1565,0,0,0,-1.1005,-1.1076,-1.6614,-1.6614,-1.5448,0,0,0,-1.0493,-1.0251,1.2301,1.2301,1.1085,0,0,0,2.3426,2.1816,2.6179,2.6179,2.4434,0,0,0,0.6884,1.0273,1.2327,1.2327,1.5404,0,0,0
3.800788,1788532545.347593,-68.3117,-67.2114,-67.2114,-22.9157,-19.9000,1,1,0,-1.3264,-1.3044,2.8697,2.8697,4.0165,0,0,0,-1.0662,-1.1054,-1.6580,-1.6580,-1.5581,0,0,0,-1.1641,-1.0326,1.2391,1.2391,1.1203,0,0,0,2.3881,2.1927,2.6312,2.6312,2.4540,0,0,0,0.8099,1.0155,1.2186,1.2186,1.5203,0,0,0
3.809473,1788532545.355854,-68.2591,-67.2671,-67.2671,-23.1157,-20.1103,1,1,0,-1.3464,-1.3065,2.8743,2.8743,3.8872,0,0,0,-1.0957,-1.1049,-1.6573,-1.6573,-1.5704,0,0,0,-1.1641,-1.0391,1.2469,1.2469,1.1313,0,0,0,2.3881,2.2023,2.6428,2.6428,2.4649,0,0,0,0.8099,1.0053,1.2064,1.2064,1.4999,0,0,0
3.816342,1788532545.363243,-68.2591,-67.3143,-67.3143,-23.3157,-20.3200,1,1,0,-1.3464,-1.3083,2.8782,2.8782,3.7684,0,0,0,-1.0957,-1.1045,-1.6567,-1.6567,-1.5815,0,0,0,-1.1641,-1.0447,1.2536,1.2536,1.1417,0,0,0,2.3881,2.2106,2.6527,2.6527,2.4761,0,0,0,0.8099,0.9967,1.1960,1.1960,1.4793,0,0,0
3.824902,1788532545.371314,-68.2591,-67.3632,-67.3632,-23.5157,-20.5290,1,1,0,-1.3464,-1.3101,2.8823,2.8823,3.6599,0,0,0,-1.0957,-1.1040,-1.6561,-1.6561,-1.5915,0,0,0,-1.1641,-1.0504,1.2605,1.2605,1.1515,0,0,0,2.3881,2.2192,2.6630,2.6630,2.4876,0,0,0,0.8099,0.9876,1.1851,1.1851,1.4586,0,0,0
3.833290,1788532545.379271,-68.2591,-67.4087,-67.4087,-23.7157,-20.7375,1,1,0,-1.3464,-1.3119,2.8861,2.8861,3.5614,0,0,0,-1.0957,-1.1036,-1.6555,-1.6555,-1.6005,0,0,0,-1.1641,-1.0559,1.2670,1.2670,1.1609,0,0,0,2.3881,2.2272,2.6727,2.6727,2.4992,0,0,0,0.8099,0.9791,1.1750,1.1750,1.4381,0,0,0
3.841367,1788532545.386586,-68.2591,-67.4486,-67.4486,-23.9157,-20.9453,1,1,0,-1.3464,-1.3134,2.8895,2.8895,3.4726,0,0,0,-1.0957,-1.1033,-1.6549,-1.6549,-1.6085,0,0,0,-1.1641,-1.0606,1.2728,1.2728,1.1698,0,0,0,2.3881,2.2343,2.6812,2.6812,2.5110,0,0,0,0.8099,0.9717,1.1660,1.1660,1.4178,0,0,0
3.849577,1788532545.394870,-68.2591,-67.4912,-67.4912,-24.1157,-21.1525,1,1,0,-1.3464,-1.3151,2.8931,2.8931,3.3928,0,0,0,-1.0957,-1.1029,-1.6544,-1.6544,-1.6156,0,0,0,-1.1641,-1.0658,1.2789,1.2789,1.1783,0,0,0,2.3881,2.2419,2.6903,2.6903,2.5229,0,0,0,0.8099,0.9636,1.1564,1.1564,1.3980,0,0,0
3.857721,1788532545.403522,-68.2591,-67.5331,-67.5331,-24.3157,-21.3074,1,1,0,-1.3464,-1.3167,2.8967,2.8967,3.3387,0,0,0,-1.0957,-1.1025,-1.6538,-1.6538,-1.6203,0,0,0,-1.1641,-1.0709,1.2850,1.2850,1.1845,0,0,0,2.3881,2.2495,2.6994,2.6994,2.5318,0,0,0,0.8099,0.9557,1.1468,1.1468,1.3833,0,0,0
3.865746,1788532545.411149,-68.2591,-67.5683,-67.5683,-24.5157,-21.5135,1,1,0,-1.3464,-1.3180,2.8997,2.8997,3.2736,0,0,0,-1.0957,-1.1022,-1.6533,-1.6533,-1.6260,0,0,0,-1.1641,-1.0751,1.2902,1.2902,1.1925,0,0,0,2.3881,2.2558,2.7070,2.7070,2.5437,0,0,0,0.8099,0.9490,1.1388,1.1388,1.3643,0,0,0
3.872803,1788532545.420220,-68.0765,-67.5972,-67.5972,-24.7157,-21.7191,1,1,0,-1.4475,-1.3251,2.9152,2.9152,3.2161,0,0,0,-1.1215,-1.1033,-1.6549,-1.6549,-1.6309,0,0,0,-1.2643,-1.0854,1.3024,1.3024,1.2002,0,0,0,2.5327,2.2708,2.7249,2.7249,2.5554,0,0,0,1.2802,0.9669,1.1603,1.1603,1.3459,0,0,0
3.881402,1788532545.426812,-68.0765,-67.6173,-67.6173,-24.9157,-21.9240,1,1,0,-1.4475,-1.3300,2.9259,2.9259,3.1656,0,0,0,-1.1215,-1.1040,-1.6560,-1.6560,-1.6351,0,0,0,-1.2643,-1.0925,1.3110,1.3110,1.2077,0,0,0,2.5327,2.2812,2.7374,2.7374,2.5671,0,0,0,1.2802,0.9794,1.1753,1.1753,1.3280,0,0,0
3.888961,1788532545.435485,-68.0275,-67.6396,-67.6396,-25.1157,-22.1285,1,1,0,-1.4648,-1.3370,2.9414,2.9414,3.1215,0,0,0,-1.0916,-1.1034,-1.6550,-1.6550,-1.6387,0,0,0,-1.2335,-1.0998,1.3198,1.3198,1.2150,0,0,0,2.4890,2.2919,2.7503,2.7503,2.5786,0,0,0,0.9485,0.9778,1.1734,1.1734,1.3108,0,0,0
3.897543,1788532545.442955,-68.0275,-67.6578,-67.6578,-25.3157,-22.3325,1,1,0,-1.4648,-1.3427,2.9540,2.9540,3.0833,0,0,0,-1.0916,-1.1028,-1.6542,-1.6542,-1.6418,0,0,0,-1.2335,-1.1058,1.3270,1.3270,1.2221,0,0,0,2.4890,2.3008,2.7610,2.7610,2.5901,0,0,0,0.9485,0.9765,1.1718,1.1718,1.2947,0,0,0
3.905683,1788532545.452095,-67.9562,-67.6748,-67.6748,-25.5157,-22.5360,1,1,0,-1.4737,-1.3499,2.9698,2.9698,3.0507,0,0,0,-1.0970,-1.1025,-1.6538,-1.6538,-1.6445,0,0,0,-1.2213,-1.1121,1.3345,1.3345,1.2292,0,0,0,2.4253,2.3076,2.7691,2.7691,2.6016,0,0,0,0.6968,0.9613,1.1535,1.1535,1.2799,0,0,0
3.913054,1788532545.458560,-67.9562,-67.6862,-67.6862,-25.7157,-22.7391,1,1,0,-1.4737,-1.3547,2.9804,2.9804,3.0233,0,0,0,-1.0970,-1.1023,-1.6534,-1.6534,-1.6468,0,0,0,-1.2213,-1.1164,1.3396,1.3396,1.2363,0,0,0,2.4253,2.3122,2.7746,2.7746,2.6131,0,0,0,0.6968,0.9509,1.1411,1.1411,1.2665,0,0,0
3.921133,1788532545.467518,-67.9157,-67.6990,-67.6990,-25.9157,-22.9419,1,1,0,-1.4860,-1.3618,2.9959,2.9959,3.0006,0,0,0,-1.1254,-1.1035,-1.6553,-1.6553,-1.6487,0,0,0,-1.2213,-1.1220,1.3464,1.3464,1.2434,0,0,0,2.3992,2.3168,2.7802,2.7802,2.6246,0,0,0,0.7119,0.9382,1.1258,1.1258,1.2543,0,0,0
3.929793,1788532545.475588,-67.9157,-67.7099,-67.7099,-26.1157,-23.1443,1,1,0,-1.4860,-1.3678,3.0091,3.0091,2.9822,0,0,0,-1.1254,-1.1046,-1.6569,-1.6569,-1.6503,0,0,0,-1.2213,-1.1268,1.3521,1.3521,1.2505,0,0,0,2.3992,2.3208,2.7850,2.7850,2.6361,0,0,0,0.7119,0.9272,1.1127,1.1127,1.2432,0,0,0
3.936946,1788532545.483319,-67.9157,-67.7198,-67.7198,-26.3157,-23.3464,1,1,0,-1.4860,-1.3733,3.0212,3.0212,2.9678,0,0,0,-1.1254,-1.1056,-1.6583,-1.6583,-1.6516,0,0,0,-1.2213,-1.1312,1.3574,1.3574,1.2575,0,0,0,2.3992,2.3244,2.7893,2.7893,2.6475,0,0,0,0.7119,0.9172,1.1007,1.1007,1.2327,0,0,0
3.945610,1788532545.492005,-67.9157,-67.7303,-67.7303,-26.5157,-23.4978,1,1,0,-1.4860,-1.3791,3.0341,3.0341,2.9594,0,0,0,-1.1254,-1.1066,-1.6599,-1.6599,-1.6524,0,0,0,-1.2213,-1.1358,1.3630,1.3630,1.2628,0,0,0,2.3992,2.3283,2.7940,2.7940,2.6558,0,0,0,0.7119,0.9066,1.0879,1.0879,1.2252,0,0,0
3.953592,1788532545.500237,-67.8513,-67.7365,-67.7365,-26.7157,-23.6994,1,1,0,-1.5119,-1.3857,3.0485,3.0485,2.9510,0,0,0,-1.1175,-1.1071,-1.6607,-1.6607,-1.6533,0,0,0,-1.1713,-1.1376,1.3651,1.3651,1.2698,0,0,0,2.3890,2.3313,2.7976,2.7976,2.6668,0,0,0,0.6922,0.8960,1.0752,1.0752,1.2155,0,0,0
3.961615,1788532545.507123,-67.8513,-67.7414,-67.7414,-26.9157,-23.9008,1,1,0,-1.5119,-1.3909,3.0601,3.0601,2.9455,0,0,0,-1.1175,-1.1075,-1.6613,-1.6613,-1.6541,0,0,0,-1.1713,-1.1390,1.3668,1.3668,1.2768,0,0,0,2.3890,2.3337,2.8004,2.8004,2.6775,0,0,0,0.6922,0.8875,1.0650,1.0650,1.2061,0,0,0
3.969201,1788532545.515595,-67.6693,-67.7376,-67.7376,-27.1157,-24.1020,1,1,0,-1.5230,-1.3976,3.0748,3.0748,2.9427,0,0,0,-1.0982,-1.1071,-1.6606,-1.6606,-1.6549,0,0,0,-1.1366,-1.1389,1.3666,1.3666,1.2837,0,0,0,2.3890,2.3365,2.8038,2.8038,2.6878,0,0,0,0.6922,0.8776,1.0532,1.0532,1.1967,0,0,0
3.977849,1788532545.523607,-67.6693,-67.7342,-67.7342,-27.3157,-24.3030,1,1,0,-1.5230,-1.4037,3.0881,3.0881,2.9422,0,0,0,-1.0982,-1.1066,-1.6600,-1.6600,-1.6555,0,0,0,-1.1366,-1.1388,1.3665,1.3665,1.2905,0,0,0,2.3890,2.3390,2.8068,2.8068,2.6978,0,0,0,0.6922,0.8687,1.0425,1.0425,1.1874,0,0,0
3.985058,1788532545.530930,-67.6693,-67.7313,-67.7313,-27.5157,-24.5039,1,1,0,-1.5230,-1.4089,3.0996,3.0996,2.9438,0,0,0,-1.0982,-1.1063,-1.6594,-1.6594,-1.6561,0,0,0,-1.1366,-1.1387,1.3664,1.3664,1.2971,0,0,0,2.3890,2.3412,2.8095,2.8095,2.7073,0,0,0,0.6922,0.8609,1.0331,1.0331,1.1781,0,0,0
3.993106,1788532545.539509,-67.6693,-67.7280,-67.7280,-27.7157,-24.7046,1,1,0,-1.5230,-1.4148,3.1125,3.1125,2.9472,0,0,0,-1.0982,-1.1059,-1.6588,-1.6588,-1.6567,0,0,0,-1.1366,-1.1386,1.3663,1.3663,1.3035,0,0,0,2.3890,2.3437,2.8124,2.8124,2.7165,0,0,0,0.6922,0.8523,1.0227,1.0227,1.1687,0,0,0
4.001264,1788532545.548533,-67.6693,-67.7248,-67.7248,-27.9157,-24.9052,1,1,0,-1.5230,-1.4206,3.1253,3.1253,2.9522,0,0,0,-1.0982,-1.1055,-1.6582,-1.6582,-1.6572,0,0,0,-1.1366,-1.1385,1.3661,1.3661,1.3096,0,0,0,2.3890,2.3461,2.8153,2.8153,2.7251,0,0,0,0.6922,0.8437,1.0124,1.0124,1.1593,0,0,0
4.009669,1788532545.555549,-67.7901,-67.7276,-67.7276,-28.1157,-25.1057,1,1,0,-1.6139,-1.4288,3.1433,3.1433,2.9586,0,0,0,-1.2241,-1.1105,-1.6657,-1.6657,-1.6576,0,0,0,-0.9906,-1.1322,1.3586,1.3586,1.3153,0,0,0,2.0177,2.3322,2.7987,2.7987,2.7333,0,0,0,0.3899,0.8245,0.9894,0.9894,1.1498,0,0,0
4.017798,1788532545.563824,-67.7685,-67.7297,-67.7297,-28.3157,-25.2560,1,1,0,-1.6139,-1.4379,3.1634,3.1634,2.9641,0,0,0,-1.2008,-1.1149,-1.6724,-1.6724,-1.6579,0,0,0,-1.1624,-1.1337,1.3604,1.3604,1.3194,0,0,0,2.3237,2.3318,2.7982,2.7982,2.7392,0,0,0,1.1165,0.8389,1.0067,1.0067,1.1427,0,0,0
4.024771,1788532545.571167,-67.7685,-67.7315,-67.7315,-28.5157,-25.4564,1,1,0,-1.6139,-1.4457,3.1805,3.1805,2.9724,0,0,0,-1.2008,-1.1187,-1.6781,-1.6781,-1.6582,0,0,0,-1.1624,-1.1350,1.3620,1.3620,1.3245,0,0,0,2.3237,2.3314,2.7977,2.7977,2.7467,0,0,0,1.1165,0.8512,1.0214,1.0214,1.1331,0,0,0
4.033620,1788532545.579924,-67.7662,-67.7333,-67.7333,-28.7157,-25.6567,1,1,0,-1.6139,-1.4545,3.1999,3.1999,2.9817,0,0,0,-1.2008,-1.1230,-1.6845,-1.6845,-1.6585,0,0,0,-1.2352,-1.1402,1.3682,1.3682,1.3292,0,0,0,2.3846,2.3342,2.8011,2.8011,2.7536,0,0,0,1.3577,0.8777,1.0532,1.0532,1.1234,0,0,0
4.041526,1788532545.587920,-67.7662,-67.7349,-67.7349,-28.9157,-25.8569,1,1,0,-1.6139,-1.4621,3.2167,3.2167,2.9918,0,0,0,-1.2008,-1.1267,-1.6901,-1.6901,-1.6589,0,0,0,-1.2352,-1.1447,1.3737,1.3737,1.3334,0,0,0,2.3846,2.3366,2.8040,2.8040,2.7598,0,0,0,1.3577,0.9006,1.0808,1.0808,1.1136,0,0,0
4.049698,1788532545.595606,-67.7662,-67.7364,-67.7364,-29.1157,-26.0570,1,1,0,-1.6139,-1.4691,3.2321,3.2321,3.0028,0,0,0,-1.2008,-1.1302,-1.6952,-1.6952,-1.6594,0,0,0,-1.2352,-1.1489,1.3787,1.3787,1.3371,0,0,0,2.3846,2.3388,2.8066,2.8066,2.7653,0,0,0,1.3577,0.9217,1.1061,1.1061,1.1042,0,0,0
4.057865,1788532545.603143,-67.7662,-67.7378,-67.7378,-29.3157,-26.2572,1,1,0,-1.6139,-1.4757,3.2465,3.2465,3.0146,0,0,0,-1.2008,-1.1333,-1.7000,-1.7000,-1.6602,0,0,0,-1.2352,-1.1528,1.3834,1.3834,1.3405,0,0,0,2.3846,2.3409,2.8091,2.8091,2.7702,0,0,0,1.3577,0.9414,1.1297,1.1297,1.0955,0,0,0
4.065845,1788532545.612159,-67.7662,-67.7393,-67.7393,-29.5157,-26.4573,1,1,0,-1.6139,-1.4831,3.2628,3.2628,3.0271,0,0,0,-1.2008,-1.1370,-1.7055,-1.7055,-1.6612,0,0,0,-1.2352,-1.1572,1.3887,1.3887,1.3437,0,0,0,2.3846,2.3433,2.8119,2.8119,2.7746,0,0,0,1.3577,0.9638,1.1565,1.1565,1.0881,0,0,0
4.073398,1788532545.619883,-67.8737,-67.7456,-67.7456,-29.7157,-26.6573,1,1,0,-1.6367,-1.4902,3.2784,3.2784,3.0402,0,0,0,-1.0104,-1.1311,-1.6967,-1.6967,-1.6626,0,0,0,-0.9721,-1.1487,1.3784,1.3784,1.3467,0,0,0,2.2103,2.3371,2.8045,2.8045,2.7786,0,0,0,0.5116,0.9428,1.1314,1.1314,1.0822,0,0,0
4.081662,1788532545.628054,-67.8737,-67.7520,-67.7520,-29.9157,-26.8574,1,1,0,-1.6367,-1.4974,3.2942,3.2942,3.0539,0,0,0,-1.0104,-1.1252,-1.6878,-1.6878,-1.6642,0,0,0,-0.9721,-1.1400,1.3680,1.3680,1.3496,0,0,0,2.2103,2.3309,2.7971,2.7971,2.7821,0,0,0,0.5116,0.9217,1.1061,1.1061,1.0782,0,0,0
4.090017,1788532545.636072,-67.8174,-67.7552,-67.7552,-30.1157,-27.0074,1,1,0,-1.6419,-1.5043,3.3094,3.3094,3.0644,0,0,0,-1.1038,-1.1242,-1.6863,-1.6863,-1.6657,0,0,0,-0.9444,-1.1306,1.3568,1.3568,1.3518,0,0,0,2.1769,2.3235,2.7882,2.7882,2.7846,0,0,0,0.1149,0.8830,1.0596,1.0596,1.0764,0,0,0
4.098299,1788532545.644121,-67.8174,-67.7582,-67.7582,-30.3157,-27.2074,1,1,0,-1.6419,-1.5109,3.3240,3.3240,3.0788,0,0,0,-1.1038,-1.1232,-1.6848,-1.6848,-1.6678,0,0,0,-0.9444,-1.1217,1.3460,1.3460,1.3546,0,0,0,2.1769,2.3165,2.7797,2.7797,2.7877,0,0,0,0.1149,0.8460,1.0152,1.0152,1.0756,0,0,0
4.105668,1788532545.652078,-67.7946,-67.7600,-67.7600,-30.5157,-27.4079,1,1,0,-1.6241,-1.5163,3.3359,3.3359,3.0936,0,0,0,-1.1828,-1.1260,-1.6891,-1.6891,-1.6699,0,0,0,-0.9585,-1.1139,1.3367,1.3367,1.3573,0,0,0,2.1533,2.3087,2.7704,2.7704,2.7904,0,0,0,0.1750,0.8139,0.9767,0.9767,1.0758,0,0,0
4.114174,1788532545.659575,-67.7946,-67.7616,-67.7616,-30.7157,-27.6112,1,1,0,-1.6241,-1.5212,3.3465,3.3465,3.1088,0,0,0,-1.1828,-1.1286,-1.6929,-1.6929,-1.6719,0,0,0,-0.9585,-1.1069,1.3283,1.3283,1.3594,0,0,0,2.1533,2.3017,2.7620,2.7620,2.7924,0,0,0,0.1750,0.7851,0.9422,0.9422,1.0758,0,0,0
4.122459,1788532545.667785,-67.7946,-67.7632,-67.7632,-30.9157,-27.8172,1,1,0,-1.6241,-1.5262,3.3576,3.3576,3.1245,0,0,0,-1.1828,-1.1313,-1.6969,-1.6969,-1.6737,0,0,0,-0.9585,-1.0996,1.3196,1.3196,1.3608,0,0,0,2.1533,2.2944,2.7533,2.7533,2.7938,0,0,0,0.1750,0.7551,0.9061,0.9061,1.0748,0,0,0
4.129972,1788532545.675335,-67.7946,-67.7646,-67.7646,-31.1157,-28.0251,1,1,0,-1.6241,-1.5306,3.3674,3.3674,3.1404,0,0,0,-1.1828,-1.1336,-1.7004,-1.7004,-1.6754,0,0,0,-0.9585,-1.0932,1.3119,1.3119,1.3614,0,0,0,2.1533,2.2880,2.7456,2.7456,2.7945,0,0,0,0.1750,0.7288,0.8745,0.8745,1.0723,0,0,0
4.138022,1788532545.684447,-67.7535,-67.7640,-67.7640,-31.3157,-28.1821,1,1,0,-1.5460,-1.5315,3.3692,3.3692,3.1524,0,0,0,-1.1445,-1.1342,-1.7013,-1.7013,-1.6766,0,0,0,-0.8975,-1.0826,1.2992,1.2992,1.3615,0,0,0,2.0872,2.2771,2.7326,2.7326,2.7946,0,0,0,0.0122,0.6898,0.8278,0.8278,1.0693,0,0,0
4.146349,1788532545.691857,-67.7535,-67.7636,-67.7636,-31.5157,-28.3923,1,1,0,-1.5460,-1.5321,3.3707,3.3707,3.1685,0,0,0,-1.1445,-1.1346,-1.7020,-1.7020,-1.6782,0,0,0,-0.8975,-1.0744,1.2893,1.2893,1.3609,0,0,0,2.0872,2.2687,2.7224,2.7224,2.7940,0,0,0,0.0122,0.6596,0.7915,0.7915,1.0637,0,0,0
4.154115,1788532545.699456,-67.7535,-67.7631,-67.7631,-31.7157,-28.6031,1,1,0,-1.5460,-1.5327,3.3720,3.3720,3.1844,0,0,0,-1.1445,-1.1351,-1.7026,-1.7026,-1.6798,0,0,0,-0.8975,-1.0663,1.2796,1.2796,1.3596,0,0,0,2.0872,2.2604,2.7125,2.7125,2.7928,0,0,0,0.0122,0.6300,0.7560,0.7560,1.0562,0,0,0
4.161686,1788532545.707469,-67.7535,-67.7626,-67.7626,-31.9157,-28.8142,1,1,0,-1.5460,-1.5334,3.3734,3.3734,3.2001,0,0,0,-1.1445,-1.1355,-1.7033,-1.7033,-1.6814,0,0,0,-0.8975,-1.0582,1.2699,1.2699,1.3576,0,0,0,2.0872,2.2521,2.7025,2.7025,2.7908,0,0,0,0.0122,0.6002,0.7203,0.7203,1.0465,0,0,0
4.170215,1788532545.716130,-67.7535,-67.7621,-67.7621,-32.1157,-29.0254,1,1,0,-1.5460,-1.5340,3.3749,3.3749,3.2154,0,0,0,-1.1445,-1.1360,-1.7040,-1.7040,-1.6831,0,0,0,-0.8975,-1.0499,1.2599,1.2599,1.3549,0,0,0,2.0872,2.2436,2.6923,2.6923,2.7881,0,0,0,0.0122,0.5697,0.6837,0.6837,1.0347,0,0,0
4.178085,1788532545.722708,-67.7276,-67.7608,-67.7608,-32.3157,-29.2364,1,1,0,-1.4938,-1.5324,3.3714,3.3714,3.2300,0,0,0,-0.9846,-1.1300,-1.6950,-1.6950,-1.6847,0,0,0,-1.0233,-1.0489,1.2587,1.2587,1.3515,0,0,0,2.2919,2.2455,2.6946,2.6946,2.7847,0,0,0,0.5886,0.5705,0.6846,0.6846,1.0207,0,0,0
4.186426,1788532545.732240,-67.7276,-67.7589,-67.7589,-32.5157,-29.4472,1,1,0,-1.4938,-1.5303,3.3666,3.3666,3.2439,0,0,0,-0.9846,-1.1218,-1.6827,-1.6827,-1.6863,0,0,0,-1.0233,-1.0474,1.2569,1.2569,1.3475,0,0,0,2.2919,2.2481,2.6978,2.6978,2.7807,0,0,0,0.5886,0.5715,0.6858,0.6858,1.0048,0,0,0
4.193508,1788532545.738843,-67.6980,-67.7564,-67.7564,-32.7157,-29.6049,1,1,0,-1.4585,-1.5274,3.3603,3.3603,3.2539,0,0,0,-0.9616,-1.1154,-1.6731,-1.6731,-1.6874,0,0,0,-0.9281,-1.0427,1.2512,1.2512,1.3441,0,0,0,2.2655,2.2488,2.6986,2.6986,2.7773,0,0,0,0.5027,0.5688,0.6825,0.6825,0.9915,0,0,0
4.201802,1788532545.747691,-67.6980,-67.7533,-67.7533,-32.9157,-29.8149,1,1,0,-1.4585,-1.5238,3.3523,3.3523,3.2664,0,0,0,-0.9616,-1.1073,-1.6609,-1.6609,-1.6889,0,0,0,-0.9281,-1.0366,1.2440,1.2440,1.3391,0,0,0,2.2655,2.2497,2.6996,2.6996,2.7723,0,0,0,0.5027,0.5653,0.6783,0.6783,0.9725,0,0,0
4.209810,1788532545.755314,-67.6980,-67.7508,-67.7508,-33.1157,-30.0242,1,1,0,-1.3977,-1.5180,3.3396,3.3396,3.2779,0,0,0,-0.9889,-1.1019,-1.6528,-1.6528,-1.6900,0,0,0,-1.0227,-1.0360,1.2432,1.2432,1.3338,0,0,0,2.4069,2.2569,2.7083,2.7083,2.7671,0,0,0,1.0047,0.5854,0.7025,0.7025,0.9527,0,0,0
4.217884,1788532545.764342,-67.6980,-67.7479,-67.7479,-33.3157,-30.2329,1,1,0,-1.3977,-1.5115,3.3254,3.3254,3.2885,0,0,0,-0.9889,-1.0958,-1.6437,-1.6437,-1.6906,0,0,0,-1.0227,-1.0353,1.2423,1.2423,1.3283,0,0,0,2.4069,2.2649,2.7179,2.7179,2.7619,0,0,0,1.0047,0.6080,0.7296,0.7296,0.9325,0,0,0
4.225981,1788532545.771886,-67.8045,-67.7505,-67.7505,-33.5157,-30.4411,1,1,0,-1.3576,-1.5046,3.3101,3.3101,3.2979,0,0,0,-0.9900,-1.0910,-1.6365,-1.6365,-1.6907,0,0,0,-1.0679,-1.0368,1.2441,1.2441,1.3225,0,0,0,2.5200,2.2765,2.7318,2.7318,2.7566,0,0,0,1.0804,0.6294,0.7553,0.7553,0.9123,0,0,0
4.233907,1788532545.779465,-67.8045,-67.7530,-67.7530,-33.7157,-30.6486,1,1,0,-1.3576,-1.4979,3.2954,3.2954,3.3061,0,0,0,-0.9900,-1.0864,-1.6296,-1.6296,-1.6902,0,0,0,-1.0679,-1.0382,1.2458,1.2458,1.3167,0,0,0,2.5200,2.2876,2.7451,2.7451,2.7516,0,0,0,1.0804,0.6500,0.7800,0.7800,0.8927,0,0,0
4.241771,1788532545.787394,-67.7871,-67.7546,-67.7546,-33.9157,-30.8554,1,1,0,-1.3385,-1.4903,3.2787,3.2787,3.3130,0,0,0,-0.9317,-1.0791,-1.6186,-1.6186,-1.6891,0,0,0,-1.0044,-1.0366,1.2439,1.2439,1.3108,0,0,0,2.5808,2.3015,2.7618,2.7618,2.7471,0,0,0,1.0772,0.6703,0.8043,0.8043,0.8742,0,0,0
4.250531,1788532545.796173,-67.7871,-67.7563,-67.7563,-34.1157,-31.0617,1,1,0,-1.3385,-1.4824,3.2612,3.2612,3.3184,0,0,0,-0.9317,-1.0714,-1.6071,-1.6071,-1.6874,0,0,0,-1.0044,-1.0349,1.2419,1.2419,1.3050,0,0,0,2.5808,2.3161,2.7793,2.7793,2.7431,0,0,0,1.0772,0.6916,0.8299,0.8299,0.8575,0,0,0
4.257880,1788532545.804296,-67.7557,-67.7563,-67.7563,-34.3157,-31.2160,1,1,0,-1.3250,-1.4747,3.2444,3.2444,3.3216,0,0,0,-0.9080,-1.0634,-1.5952,-1.5952,-1.6857,0,0,0,-1.0044,-1.0334,1.2401,1.2401,1.3009,0,0,0,2.6362,2.3316,2.7980,2.7980,2.7406,0,0,0,1.0260,0.7078,0.8494,0.8494,0.8463,0,0,0
4.266419,1788532545.811831,-67.7557,-67.7563,-67.7563,-34.5157,-31.4213,1,1,0,-1.3250,-1.4680,3.2295,3.2295,3.3244,0,0,0,-0.9080,-1.0564,-1.5846,-1.5846,-1.6830,0,0,0,-1.0044,-1.0321,1.2385,1.2385,1.2955,0,0,0,2.6362,2.3454,2.8145,2.8145,2.7381,0,0,0,1.0260,0.7222,0.8667,0.8667,0.8334,0,0,0
4.274424,1788532545.819838,-67.7557,-67.7562,-67.7562,-34.7157,-31.6260,1,1,0,-1.3250,-1.4611,3.2144,3.2144,3.3258,0,0,0,-0.9080,-1.0493,-1.5739,-1.5739,-1.6797,0,0,0,-1.0044,-1.0308,1.2369,1.2369,1.2904,0,0,0,2.6362,2.3594,2.8312,2.8312,2.7366,0,0,0,1.0260,0.7368,0.8841,0.8841,0.8229,0,0,0
4.282780,1788532545.827530,-67.7557,-67.7562,-67.7562,-34.9157,-31.8302,1,1,0,-1.3250,-1.4548,3.2006,3.2006,3.3257,0,0,0,-0.9080,-1.0428,-1.5642,-1.5642,-1.6758,0,0,0,-1.0044,-1.0296,1.2355,1.2355,1.2856,0,0,0,2.6362,2.3721,2.8466,2.8466,2.7363,0,0,0,1.0260,0.7501,0.9001,0.9001,0.8149,0,0,0
4.290095,1788532545.836430,-67.6842,-67.7524,-67.7524,-35.1157,-32.0340,1,1,0,-1.2657,-1.4448,3.1786,3.1786,3.3241,0,0,0,-0.9844,-1.0397,-1.5595,-1.5595,-1.6713,0,0,0,-1.0546,-1.0309,1.2371,1.2371,1.2810,0,0,0,2.4528,2.3764,2.8517,2.8517,2.7372,0,0,0,1.1534,0.7715,0.9258,0.9258,0.8093,0,0,0
4.298544,1788532545.844447,-67.6842,-67.7491,-67.7491,-35.3157,-32.2374,1,1,0,-1.2657,-1.4362,3.1597,3.1597,3.3212,0,0,0,-0.9844,-1.0370,-1.5555,-1.5555,-1.6663,0,0,0,-1.0546,-1.0320,1.2384,1.2384,1.2767,0,0,0,2.4528,2.3801,2.8561,2.8561,2.7393,0,0,0,1.1534,0.7898,0.9477,0.9477,0.8060,0,0,0
4.306245,1788532545.850730,-67.6842,-67.7466,-67.7466,-35.5157,-32.3896,1,1,0,-1.2657,-1.4297,3.1454,3.1454,3.3181,0,0,0,-0.9844,-1.0350,-1.5525,-1.5525,-1.6621,0,0,0,-1.0546,-1.0329,1.2395,1.2395,1.2736,0,0,0,2.4528,2.3829,2.8594,2.8594,2.7417,0,0,0,1.1534,0.8036,0.9643,0.9643,0.8050,0,0,0
4.314092,1788532545.859511,-67.6842,-67.7433,-67.7433,-35.7157,-32.6429,1,1,0,-1.2657,-1.4211,3.1265,3.1265,3.3116,0,0,0,-0.9844,-1.0324,-1.5486,-1.5486,-1.6546,0,0,0,-1.0546,-1.0340,1.2408,1.2408,1.2688,0,0,0,2.4528,2.3865,2.8638,2.8638,2.7470,0,0,0,1.1534,0.8219,0.9863,0.9863,0.8057,0,0,0
4.322394,1788532545.868278,-67.6842,-67.7402,-67.7402,-35.9157,-32.8462,1,1,0,-1.2657,-1.4130,3.1086,3.1086,3.3048,0,0,0,-0.9844,-1.0299,-1.5448,-1.5448,-1.6481,0,0,0,-1.0546,-1.0351,1.2421,1.2421,1.2652,0,0,0,2.4528,2.3900,2.8680,2.8680,2.7523,0,0,0,1.1534,0.8392,1.0071,1.0071,0.8087,0,0,0
4.330694,1788532545.875627,-67.6842,-67.7378,-67.7378,-36.1157,-33.0522,1,1,0,-1.2657,-1.4065,3.0943,3.0943,3.2968,0,0,0,-0.9844,-1.0279,-1.5418,-1.5418,-1.6414,0,0,0,-1.0546,-1.0360,1.2431,1.2431,1.2620,0,0,0,2.4528,2.3928,2.8713,2.8713,2.7584,0,0,0,1.1534,0.8531,1.0237,1.0237,0.8138,0,0,0
4.338522,1788532545.884126,-67.6842,-67.7350,-67.7350,-36.3157,-33.2082,1,1,0,-1.2657,-1.3994,3.0786,3.0786,3.2899,0,0,0,-0.9844,-1.0257,-1.5385,-1.5385,-1.6363,0,0,0,-1.0546,-1.0369,1.2443,1.2443,1.2598,0,0,0,2.4528,2.3958,2.8750,2.8750,2.7633,0,0,0,1.1534,0.8684,1.0420,1.0420,0.8189,0,0,0
4.346231,1788532545.892746,-67.6842,-67.7324,-67.7324,-36.5157,-33.4178,1,1,0,-1.2657,-1.3925,3.0635,3.0635,3.2796,0,0,0,-0.9844,-1.0235,-1.5353,-1.5353,-1.6293,0,0,0,-1.0546,-1.0378,1.2454,1.2454,1.2572,0,0,0,2.4528,2.3987,2.8785,2.8785,2.7701,0,0,0,1.1534,0.8830,1.0596,1.0596,0.8274,0,0,0
4.354792,1788532545.900186,-67.6842,-67.7303,-67.7303,-36.7157,-33.6285,1,1,0,-1.2657,-1.3868,3.0510,3.0510,3.2684,0,0,0,-0.9844,-1.0218,-1.5327,-1.5327,-1.6224,0,0,0,-1.0546,-1.0386,1.2463,1.2463,1.2549,0,0,0,2.4528,2.4012,2.8814,2.8814,2.7773,0,0,0,1.1534,0.8951,1.0741,1.0741,0.8374,0,0,0
4.362359,1788532545.908207,-67.6842,-67.7280,-67.7280,-36.9157,-33.8401,1,1,0,-1.2657,-1.3810,3.0382,3.0382,3.2563,0,0,0,-0.9844,-1.0200,-1.5300,-1.5300,-1.6155,0,0,0,-1.0546,-1.0393,1.2472,1.2472,1.2530,0,0,0,2.4528,2.4036,2.8844,2.8844,2.7845,0,0,0,1.1534,0.9075,1.0890,1.0890,0.8488,0,0,0
4.370410,1788532545.916296,-67.6842,-67.7259,-67.7259,-37.1157,-34.0520,1,1,0,-1.2657,-1.3754,3.0259,3.0259,3.2435,0,0,0,-0.9844,-1.0183,-1.5274,-1.5274,-1.6087,0,0,0,-1.0546,-1.0401,1.2481,1.2481,1.2513,0,0,0,2.4528,2.4060,2.8872,2.8872,2.7919,0,0,0,1.1534,0.9194,1.1033,1.1033,0.8613,0,0,0
4.378732,1788532545.923620,-67.6842,-67.7241,-67.7241,-37.3157,-34.2640,1,1,0,-1.2657,-1.3706,3.0153,3.0153,3.2302,0,0,0,-0.9844,-1.0168,-1.5252,-1.5252,-1.6021,0,0,0,-1.0546,-1.0407,1.2488,1.2488,1.2499,0,0,0,2.4528,2.4081,2.8897,2.8897,2.7991,0,0,0,1.1534,0.9298,1.1157,1.1157,0.8749,0,0,0
4.386263,1788532545.932677,-67.6842,-67.7219,-67.7219,-37.5157,-34.4759,1,1,0,-1.2657,-1.3649,3.0028,3.0028,3.2164,0,0,0,-0.9844,-1.0150,-1.5226,-1.5226,-1.5956,0,0,0,-1.0546,-1.0415,1.2497,1.2497,1.2487,0,0,0,2.4528,2.4105,2.8926,2.8926,2.8063,0,0,0,1.1534,0.9418,1.1302,1.1302,0.8892,0,0,0
4.394901,1788532545.940336,-67.6842,-67.7202,-67.7202,-37.7157,-34.6874,1,1,0,-1.2657,-1.3604,2.9928,2.9928,3.2023,0,0,0,-0.9844,-1.0136,-1.5204,-1.5204,-1.5894,0,0,0,-1.0546,-1.0421,1.2505,1.2505,1.2478,0,0,0,2.4528,2.4124,2.8949,2.8949,2.8133,0,0,0,1.1534,0.9516,1.1419,1.1419,0.9041,0,0,0
4.402604,1788532545.947759,-67.5889,-67.7143,-67.7143,-37.9157,-34.8986,1,1,0,-1.0267,-1.3455,2.9600,2.9600,3.1881,0,0,0,-1.0076,-1.0134,-1.5200,-1.5200,-1.5834,0,0,0,-0.6681,-1.0254,1.2305,1.2305,1.2472,0,0,0,2.0129,2.3946,2.8735,2.8735,2.8202,0,0,0,-0.3372,0.8941,1.0729,1.0729,0.9194,0,0,0
4.410251,1788532545.955053,-67.5963,-67.7091,-67.7091,-38.1157,-34.9513,1,1,0,-0.9975,-1.3302,2.9264,2.9264,3.1845,0,0,0,-1.0025,-1.0129,-1.5193,-1.5193,-1.5820,0,0,0,-0.7001,-1.0111,1.2134,1.2134,1.2470,0,0,0,2.0570,2.3798,2.8558,2.8558,2.8218,0,0,0,-0.2733,0.8429,1.0115,1.0115,0.9233,0,0,0
4.418288,1788532545.963791,-67.5963,-67.7033,-67.7033,-38.3157,-35.3191,1,1,0,-0.9975,-1.3128,2.8883,2.8883,3.1592,0,0,0,-1.0025,-1.0123,-1.5185,-1.5185,-1.5722,0,0,0,-0.7001,-0.9949,1.1939,1.1939,1.2463,0,0,0,2.0570,2.3630,2.8356,2.8356,2.8330,0,0,0,-0.2733,0.7848,0.9417,0.9417,0.9507,0,0,0
4.426695,1788532545.971347,-67.6118,-67.6991,-67.6991,-38.5157,-35.4762,1,1,0,-0.9727,-1.2974,2.8543,2.8543,3.1482,0,0,0,-1.0085,-1.0122,-1.5183,-1.5183,-1.5683,0,0,0,-0.7326,-0.9830,1.1796,1.1796,1.2459,0,0,0,2.1006,2.3511,2.8213,2.8213,2.8373,0,0,0,-0.1988,0.7401,0.8882,0.8882,0.9617,0,0,0
4.433951,1788532545.979842,-67.6118,-67.6947,-67.6947,-38.7157,-35.6850,1,1,0,-0.9727,-1.2809,2.8180,2.8180,3.1330,0,0,0,-1.0085,-1.0120,-1.5180,-1.5180,-1.5633,0,0,0,-0.7326,-0.9703,1.1644,1.1644,1.2450,0,0,0,2.1006,2.3384,2.8061,2.8061,2.8423,0,0,0,-0.1988,0.6925,0.8310,0.8310,0.9744,0,0,0
4.442565,1788532545.988396,-67.6118,-67.6904,-67.6904,-38.9157,-35.8931,1,1,0,-0.9727,-1.2652,2.7833,2.7833,3.1171,0,0,0,-1.0085,-1.0118,-1.5177,-1.5177,-1.5587,0,0,0,-0.7326,-0.9582,1.1498,1.1498,1.2436,0,0,0,2.1006,2.3263,2.7915,2.7915,2.8461,0,0,0,-0.1988,0.6469,0.7763,0.7763,0.9842,0,0,0
4.450170,1788532545.995934,-67.6118,-67.6869,-67.6869,-39.1157,-36.1006,1,1,0,-0.9727,-1.2519,2.7542,2.7542,3.1002,0,0,0,-1.0085,-1.0117,-1.5175,-1.5175,-1.5543,0,0,0,-0.7326,-0.9480,1.1376,1.1376,1.2414,0,0,0,2.1006,2.3161,2.7793,2.7793,2.8488,0,0,0,-0.1988,0.6086,0.7303,0.7303,0.9903,0,0,0
4.458154,1788532546.004459,-67.6168,-67.6833,-67.6833,-39.3157,-36.3074,1,1,0,-0.9286,-1.2354,2.7179,2.7179,3.0823,0,0,0,-1.0066,-1.0114,-1.5171,-1.5171,-1.5503,0,0,0,-0.7864,-0.9397,1.1277,1.1277,1.2384,0,0,0,2.1999,2.3102,2.7722,2.7722,2.8502,0,0,0,0.0790,0.5816,0.6979,0.6979,0.9927,0,0,0
4.466910,1788532546.012325,-67.6168,-67.6802,-67.6802,-39.5157,-36.5136,1,1,0,-0.9286,-1.2209,2.6861,2.6861,3.0632,0,0,0,-1.0066,-1.0112,-1.5168,-1.5168,-1.5466,0,0,0,-0.7864,-0.9325,1.1190,1.1190,1.2346,0,0,0,2.1999,2.3050,2.7660,2.7660,2.8503,0,0,0,0.0790,0.5578,0.6694,0.6694,0.9909,0,0,0
4.474932,1788532546.020319,-67.6168,-67.6772,-67.6772,-39.7157,-36.7192,1,1,0,-0.9286,-1.2069,2.6552,2.6552,3.0430,0,0,0,-1.0066,-1.0110,-1.5164,-1.5164,-1.5432,0,0,0,-0.7864,-0.9255,1.1106,1.1106,1.2300,0,0,0,2.1999,2.2999,2.7599,2.7599,2.8492,0,0,0,0.0790,0.5348,0.6418,0.6418,0.9853,0,0,0
4.482573,1788532546.028875,-67.6168,-67.6741,-67.6741,-39.9157,-36.9242,1,1,0,-0.9286,-1.1927,2.6239,2.6239,3.0218,0,0,0,-1.0066,-1.0107,-1.5161,-1.5161,-1.5401,0,0,0,-0.7864,-0.9184,1.1021,1.1021,1.2246,0,0,0,2.1999,2.2948,2.7538,2.7538,2.8471,0,0,0,0.0790,0.5115,0.6138,0.6138,0.9760,0,0,0
4.491070,1788532546.037391,-67.6168,-67.6712,-67.6712,-40.1157,-37.1287,1,1,0,-0.9286,-1.1792,2.5943,2.5943,2.9995,0,0,0,-1.0066,-1.0105,-1.5158,-1.5158,-1.5372,0,0,0,-0.7864,-0.9117,1.0940,1.0940,1.2187,0,0,0,2.1999,2.2900,2.7480,2.7480,2.8440,0,0,0,0.0790,0.4894,0.5873,0.5873,0.9635,0,0,0
4.498609,1788532546.044514,-67.6168,-67.6688,-67.6688,-40.3157,-37.3327,1,1,0,-0.9286,-1.1685,2.5706,2.5706,2.9762,0,0,0,-1.0066,-1.0104,-1.5155,-1.5155,-1.5347,0,0,0,-0.7864,-0.9063,1.0876,1.0876,1.2121,0,0,0,2.1999,2.2861,2.7434,2.7434,2.8402,0,0,0,0.0790,0.4718,0.5661,0.5661,0.9483,0,0,0
4.506646,1788532546.052157,-67.6514,-67.6680,-67.6680,-40.5157,-37.5363,1,1,0,-0.8356,-1.1532,2.5370,2.5370,2.9519,0,0,0,-0.9960,-1.0097,-1.5145,-1.5145,-1.5323,0,0,0,-0.9871,-0.9100,1.0920,1.0920,1.2052,0,0,0,2.4383,2.2931,2.7517,2.7517,2.8357,0,0,0,0.8340,0.4884,0.5861,0.5861,0.9307,0,0,0
4.514774,1788532546.060184,-67.6514,-67.6672,-67.6672,-40.7157,-37.6886,1,1,0,-0.8356,-1.1379,2.5033,2.5033,2.9333,0,0,0,-0.9960,-1.0090,-1.5136,-1.5136,-1.5307,0,0,0,-0.9871,-0.9137,1.0965,1.0965,1.1997,0,0,0,2.4383,2.3001,2.7601,2.7601,2.8320,0,0,0,0.8340,0.5051,0.6061,0.6061,0.9161,0,0,0
4.522492,1788532546.067842,-67.6549,-67.6667,-67.6667,-40.9157,-37.8915,1,1,0,-0.7737,-1.1211,2.4664,2.4664,2.9077,0,0,0,-0.9481,-1.0062,-1.5094,-1.5094,-1.5288,0,0,0,-0.9770,-0.9166,1.1000,1.1000,1.1921,0,0,0,2.4905,2.3088,2.7706,2.7706,2.8267,0,0,0,0.8530,0.5211,0.6253,0.6253,0.8952,0,0,0
4.530529,1788532546.075430,-67.6549,-67.6661,-67.6661,-41.1157,-38.0940,1,1,0,-0.7737,-1.1052,2.4315,2.4315,2.8816,0,0,0,-0.9481,-1.0036,-1.5054,-1.5054,-1.5270,0,0,0,-0.9770,-0.9194,1.1033,1.1033,1.1844,0,0,0,2.4905,2.3171,2.7805,2.7805,2.8211,0,0,0,0.8530,0.5362,0.6435,0.6435,0.8734,0,0,0
4.539281,1788532546.084156,-67.6735,-67.6665,-67.6665,-41.3157,-38.2961,1,1,0,-0.7271,-1.0855,2.3882,2.3882,2.8549,0,0,0,-0.9217,-0.9993,-1.4990,-1.4990,-1.5254,0,0,0,-0.9246,-0.9197,1.1036,1.1036,1.1768,0,0,0,2.4847,2.3258,2.7910,2.7910,2.8157,0,0,0,0.6266,0.5409,0.6491,0.6491,0.8514,0,0,0
4.546967,1788532546.092373,-67.6735,-67.6669,-67.6669,-41.5157,-38.4980,1,1,0,-0.7271,-1.0679,2.3493,2.3493,2.8276,0,0,0,-0.9217,-0.9955,-1.4933,-1.4933,-1.5239,0,0,0,-0.9246,-0.9199,1.1039,1.1039,1.1695,0,0,0,2.4847,2.3336,2.8003,2.8003,2.8105,0,0,0,0.6266,0.5452,0.6542,0.6542,0.8301,0,0,0
4.554491,1788532546.099906,-67.7021,-67.6685,-67.6685,-41.7157,-38.6996,1,1,0,-0.6838,-1.0505,2.3110,2.3110,2.7997,0,0,0,-0.9246,-0.9923,-1.4885,-1.4885,-1.5224,0,0,0,-0.9022,-0.9191,1.1029,1.1029,1.1626,0,0,0,2.4429,2.3386,2.8063,2.8063,2.8059,0,0,0,0.5767,0.5466,0.6559,0.6559,0.8101,0,0,0
4.562697,1788532546.108347,-67.7021,-67.6701,-67.6701,-41.9157,-38.9010,1,1,0,-0.6838,-1.0319,2.2702,2.2702,2.7711,0,0,0,-0.9246,-0.9889,-1.4834,-1.4834,-1.5209,0,0,0,-0.9022,-0.9183,1.1019,1.1019,1.1562,0,0,0,2.4429,2.3438,2.8126,2.8126,2.8019,0,0,0,0.5767,0.5481,0.6577,0.6577,0.7916,0,0,0
4.570784,1788532546.117229,-67.7021,-67.6718,-67.6718,-42.1157,-39.1022,1,1,0,-0.6838,-1.0135,2.2296,2.2296,2.7417,0,0,0,-0.9246,-0.9855,-1.4783,-1.4783,-1.5193,0,0,0,-0.9022,-0.9174,1.1009,1.1009,1.1503,0,0,0,2.4429,2.3491,2.8189,2.8189,2.7987,0,0,0,0.5767,0.5496,0.6595,0.6595,0.7746,0,0,0
4.579192,1788532546.123886,-67.7021,-67.6731,-67.6731,-42.3157,-39.3032,1,1,0,-0.6838,-1.0002,2.2004,2.2004,2.7116,0,0,0,-0.9246,-0.9831,-1.4746,-1.4746,-1.5176,0,0,0,-0.9022,-0.9168,1.1001,1.1001,1.1448,0,0,0,2.4429,2.3528,2.8234,2.8234,2.7962,0,0,0,0.5767,0.5507,0.6608,0.6608,0.7593,0,0,0
4.586815,1788532546.132240,-67.6154,-67.6702,-67.6702,-42.5157,-39.5041,1,1,0,-0.5671,-0.9785,2.1527,2.1527,2.6807,0,0,0,-0.9331,-0.9806,-1.4708,-1.4708,-1.5157,0,0,0,-0.9320,-0.9175,1.1011,1.1011,1.1398,0,0,0,2.4451,2.3574,2.8289,2.8289,2.7946,0,0,0,0.6983,0.5581,0.6697,0.6697,0.7456,0,0,0
4.594593,1788532546.140897,-67.6154,-67.6673,-67.6673,-42.7157,-39.6546,1,1,0,-0.5496,-0.9563,2.1038,2.1038,2.6570,0,0,0,-0.9331,-0.9781,-1.4672,-1.4672,-1.5141,0,0,0,-0.8360,-0.9133,1.0960,1.0960,1.1363,0,0,0,2.2938,2.3541,2.8250,2.8250,2.7938,0,0,0,0.2760,0.5435,0.6522,0.6522,0.7362,0,0,0
4.603342,1788532546.149013,-67.6154,-67.6648,-67.6648,-42.9157,-39.8552,1,1,0,-0.5496,-0.9365,2.0602,2.0602,2.6249,0,0,0,-0.9331,-0.9759,-1.4639,-1.4639,-1.5119,0,0,0,-0.8360,-0.9096,1.0915,1.0915,1.1320,0,0,0,2.2938,2.3512,2.8215,2.8215,2.7934,0,0,0,0.2760,0.5305,0.6366,0.6366,0.7250,0,0,0
4.610832,1788532546.156176,-67.6310,-67.6634,-67.6634,-43.1157,-40.0557,1,1,0,-0.4918,-0.9172,2.0179,2.0179,2.5922,0,0,0,-0.9447,-0.9746,-1.4619,-1.4619,-1.5095,0,0,0,-0.6120,-0.8968,1.0761,1.0761,1.1282,0,0,0,2.0069,2.3364,2.8037,2.8037,2.7936,0,0,0,-0.7674,0.4745,0.5694,0.5694,0.7152,0,0,0
4.618561,1788532546.164938,-67.6310,-67.6617,-67.6617,-43.3157,-40.2562,1,1,0,-0.4918,-0.8949,1.9689,1.9689,2.5587,0,0,0,-0.9447,-0.9730,-1.4595,-1.4595,-1.5069,0,0,0,-0.6120,-0.8819,1.0583,1.0583,1.1246,0,0,0,2.0069,2.3192,2.7830,2.7830,2.7943,0,0,0,-0.7674,0.4095,0.4914,0.4914,0.7066,0,0,0
4.627567,1788532546.171453,-67.6310,-67.6605,-67.6605,-43.5157,-40.4565,1,1,0,-0.4918,-0.8790,1.9338,1.9338,2.5245,0,0,0,-0.9447,-0.9719,-1.4579,-1.4579,-1.5042,0,0,0,-0.6120,-0.8713,1.0455,1.0455,1.1213,0,0,0,2.0069,2.3069,2.7683,2.7683,2.7955,0,0,0,-0.7674,0.3630,0.4356,0.4356,0.6989,0,0,0
4.635355,1788532546.180750,-67.6815,-67.6616,-67.6616,-43.7157,-40.6568,1,1,0,-0.4269,-0.8540,1.8787,1.8787,2.4895,0,0,0,-0.9585,-0.9712,-1.4567,-1.4567,-1.5013,0,0,0,-0.6603,-0.8596,1.0315,1.0315,1.1182,0,0,0,2.0288,2.2915,2.7499,2.7499,2.7967,0,0,0,-0.6657,0.3060,0.3672,0.3672,0.6915,0,0,0
4.643336,1788532546.188766,-67.6815,-67.6626,-67.6626,-43.9157,-40.8570,1,1,0,-0.4269,-0.8334,1.8334,1.8334,2.4536,0,0,0,-0.9585,-0.9706,-1.4558,-1.4558,-1.4984,0,0,0,-0.6603,-0.8500,1.0200,1.0200,1.1149,0,0,0,2.0288,2.2789,2.7347,2.7347,2.7977,0,0,0,-0.6657,0.2592,0.3110,0.3110,0.6832,0,0,0
4.651096,1788532546.197767,-67.6815,-67.6636,-67.6636,-44.1157,-41.0071,1,1,0,-0.4269,-0.8115,1.7854,1.7854,2.4263,0,0,0,-0.9585,-0.9699,-1.4549,-1.4549,-1.4962,0,0,0,-0.6603,-0.8399,1.0078,1.0078,1.1122,0,0,0,2.0288,2.2655,2.7186,2.7186,2.7981,0,0,0,-0.6657,0.2094,0.2513,0.2513,0.6759,0,0,0
4.659717,1788532546.204525,-67.8011,-67.6692,-67.6692,-44.3157,-41.2572,1,1,0,-0.3715,-0.7935,1.7457,1.7457,2.3798,0,0,0,-1.0385,-0.9727,-1.4591,-1.4591,-1.4925,0,0,0,-0.9018,-0.8424,1.0109,1.0109,1.1073,0,0,0,2.2298,2.2641,2.7169,2.7169,2.7979,0,0,0,0.3707,0.2160,0.2592,0.2592,0.6610,0,0,0
4.667837,1788532546.212260,-67.8011,-67.6753,-67.6753,-44.5157,-41.4078,1,1,0,-0.3715,-0.7739,1.7025,1.7025,2.3513,0,0,0,-1.0385,-0.9758,-1.4636,-1.4636,-1.4903,0,0,0,-0.9018,-0.8451,1.0142,1.0142,1.1039,0,0,0,2.2298,2.2625,2.7150,2.7150,2.7972,0,0,0,0.3707,0.2232,0.2678,0.2678,0.6499,0,0,0
4.675800,1788532546.221181,-67.8011,-67.6820,-67.6820,-44.7157,-41.6112,1,1,0,-0.3715,-0.7524,1.6553,1.6553,2.3119,0,0,0,-1.0385,-0.9791,-1.4686,-1.4686,-1.4873,0,0,0,-0.9018,-0.8481,1.0178,1.0178,1.0989,0,0,0,2.2298,2.2608,2.7129,2.7129,2.7952,0,0,0,0.3707,0.2311,0.2773,0.2773,0.6321,0,0,0
4.683342,1788532546.228786,-67.8675,-67.6905,-67.6905,-44.9157,-41.8172,1,1,0,-0.3259,-0.7329,1.6123,1.6123,2.2713,0,0,0,-1.0170,-0.9808,-1.4712,-1.4712,-1.4846,0,0,0,-0.9045,-0.8507,1.0209,1.0209,1.0934,0,0,0,2.2134,2.2586,2.7103,2.7103,2.7923,0,0,0,0.3707,0.2375,0.2850,0.2850,0.6116,0,0,0
4.690991,1788532546.237816,-67.9045,-67.7020,-67.7020,-45.1157,-42.0252,1,1,0,-0.3078,-0.7099,1.5618,1.5618,2.2296,0,0,0,-1.0170,-0.9828,-1.4741,-1.4741,-1.4820,0,0,0,-0.9075,-0.8538,1.0245,1.0245,1.0877,0,0,0,2.1840,2.2546,2.7055,2.7055,2.7887,0,0,0,0.5769,0.2557,0.3069,0.3069,0.5896,0,0,0
4.699081,1788532546.244492,-67.9045,-67.7101,-67.7101,-45.3157,-42.2347,1,1,0,-0.3078,-0.6937,1.5261,1.5261,2.1870,0,0,0,-1.0170,-0.9841,-1.4762,-1.4762,-1.4798,0,0,0,-0.9075,-0.8559,1.0271,1.0271,1.0821,0,0,0,2.1840,2.2517,2.7021,2.7021,2.7845,0,0,0,0.5769,0.2687,0.3225,0.3225,0.5670,0,0,0
4.707739,1788532546.252156,-67.9557,-67.7214,-67.7214,-45.5157,-42.4451,1,1,0,-0.2663,-0.6739,1.4826,1.4826,2.1437,0,0,0,-1.0506,-0.9872,-1.4808,-1.4808,-1.4779,0,0,0,-0.9075,-0.8583,1.0300,1.0300,1.0766,0,0,0,2.1542,2.2473,2.6967,2.6967,2.7799,0,0,0,0.6064,0.2843,0.3411,0.3411,0.5444,0,0,0
4.715171,1788532546.260873,-67.9557,-67.7336,-67.7336,-45.7157,-42.6560,1,1,0,-0.2663,-0.6527,1.4358,1.4358,2.0998,0,0,0,-1.0506,-0.9905,-1.4857,-1.4857,-1.4764,0,0,0,-0.9075,-0.8609,1.0330,1.0330,1.0714,0,0,0,2.1542,2.2424,2.6909,2.6909,2.7751,0,0,0,0.6064,0.3010,0.3612,0.3612,0.5226,0,0,0
4.723858,1788532546.268642,-67.9557,-67.7439,-67.7439,-45.9157,-42.8672,1,1,0,-0.2663,-0.6346,1.3961,1.3961,2.0554,0,0,0,-1.0506,-0.9933,-1.4899,-1.4899,-1.4752,0,0,0,-0.9075,-0.8630,1.0356,1.0356,1.0666,0,0,0,2.1542,2.2383,2.6860,2.6860,2.7700,0,0,0,0.6064,0.3153,0.3783,0.3783,0.5020,0,0,0
4.731532,1788532546.275977,-67.9557,-67.7533,-67.7533,-46.1157,-43.0256,1,1,0,-0.2663,-0.6183,1.3602,1.3602,2.0220,0,0,0,-1.0506,-0.9958,-1.4937,-1.4937,-1.4745,0,0,0,-0.9075,-0.8650,1.0380,1.0380,1.0632,0,0,0,2.1542,2.2346,2.6815,2.6815,2.7661,0,0,0,0.6064,0.3281,0.3938,0.3938,0.4877,0,0,0
4.739476,1788532546.284887,-68.0254,-67.7677,-67.7677,-46.3157,-43.2366,1,1,0,-0.2222,-0.5972,1.3138,1.3138,1.9771,0,0,0,-1.0562,-0.9990,-1.4985,-1.4985,-1.4740,0,0,0,-0.9020,-0.8670,1.0404,1.0404,1.0591,0,0,0,2.0854,2.2267,2.6720,2.6720,2.7608,0,0,0,0.1654,0.3195,0.3834,0.3834,0.4703,0,0,0
4.747273,1788532546.292449,-68.0254,-67.7794,-67.7794,-46.5157,-43.4474,1,1,0,-0.2222,-0.5801,1.2762,1.2762,1.9321,0,0,0,-1.0562,-1.0016,-1.5024,-1.5024,-1.4738,0,0,0,-0.9020,-0.8686,1.0423,1.0423,1.0555,0,0,0,2.0854,2.2203,2.6643,2.6643,2.7553,0,0,0,0.1654,0.3125,0.3750,0.3750,0.4550,0,0,0
4.755822,1788532546.300333,-68.0700,-67.7932,-67.7932,-46.7157,-43.6576,1,1,0,-0.1841,-0.5613,1.2348,1.2348,1.8872,0,0,0,-1.0347,-1.0032,-1.5048,-1.5048,-1.4740,0,0,0,-1.0207,-0.8757,1.0509,1.0509,1.0524,0,0,0,2.2161,2.2201,2.6641,2.6641,2.7498,0,0,0,0.4508,0.3190,0.3828,0.3828,0.4419,0,0,0
4.763250,1788532546.309532,-68.0700,-67.8083,-67.8083,-46.9157,-43.8674,1,1,0,-0.1841,-0.5406,1.1893,1.1893,1.8422,0,0,0,-1.0347,-1.0049,-1.5073,-1.5073,-1.4745,0,0,0,-1.0207,-0.8837,1.0604,1.0604,1.0497,0,0,0,2.2161,2.2199,2.6638,2.6638,2.7441,0,0,0,0.4508,0.3262,0.3915,0.3915,0.4307,0,0,0
4.771247,1788532546.316552,-68.0700,-67.8194,-67.8194,-47.1157,-44.0766,1,1,0,-0.1841,-0.5254,1.1560,1.1560,1.7974,0,0,0,-1.0347,-1.0062,-1.5092,-1.5092,-1.4754,0,0,0,-1.0207,-0.8894,1.0673,1.0673,1.0475,0,0,0,2.2161,2.2197,2.6636,2.6636,2.7384,0,0,0,0.4508,0.3315,0.3978,0.3978,0.4210,0,0,0
4.779952,1788532546.325677,-68.0837,-67.8338,-67.8338,-47.3157,-44.2852,1,1,0,-0.0847,-0.5014,1.1031,1.1031,1.7528,0,0,0,-1.0276,-1.0073,-1.5110,-1.5110,-1.4766,0,0,0,-1.0947,-0.9006,1.0807,1.0807,1.0458,0,0,0,2.4965,2.2347,2.6817,2.6817,2.7326,0,0,0,0.6369,0.3481,0.4177,0.4177,0.4128,0,0,0
4.787726,1788532546.332156,-68.0837,-67.8435,-67.8435,-47.5157,-44.4931,1,1,0,-0.0847,-0.4850,1.0670,1.0670,1.7083,0,0,0,-1.0276,-1.0081,-1.5122,-1.5122,-1.4781,0,0,0,-1.0947,-0.9082,1.0898,1.0898,1.0446,0,0,0,2.4965,2.2450,2.6939,2.6939,2.7268,0,0,0,0.6369,0.3594,0.4313,0.4313,0.4059,0,0,0
4.796031,1788532546.340430,-68.0923,-67.8559,-67.8559,-47.7157,-44.7005,1,1,0,-0.0662,-0.4642,1.0213,1.0213,1.6640,0,0,0,-1.0368,-1.0095,-1.5143,-1.5143,-1.4798,0,0,0,-1.1980,-0.9225,1.1070,1.1070,1.0441,0,0,0,2.6375,2.2644,2.7172,2.7172,2.7213,0,0,0,0.9806,0.3901,0.4681,0.4681,0.4004,0,0,0
4.803708,1788532546.349574,-68.0923,-67.8687,-67.8687,-47.9157,-44.8556,1,1,0,-0.0662,-0.4425,0.9734,0.9734,1.6309,0,0,0,-1.0368,-1.0110,-1.5165,-1.5165,-1.4812,0,0,0,-1.1980,-0.9375,1.1250,1.1250,1.0442,0,0,0,2.6375,2.2846,2.7416,2.7416,2.7174,0,0,0,0.9806,0.4222,0.5066,0.5066,0.3972,0,0,0
4.811793,1788532546.356121,-68.0923,-67.8776,-67.8776,-48.1157,-45.1133,1,1,0,-0.0662,-0.4275,0.9406,0.9406,1.5759,0,0,0,-1.0368,-1.0120,-1.5180,-1.5180,-1.4836,0,0,0,-1.1980,-0.9478,1.1373,1.1373,1.0452,0,0,0,2.6375,2.2986,2.7583,2.7583,2.7117,0,0,0,0.9806,0.4443,0.5331,0.5331,0.3936,0,0,0
4.819275,1788532546.365024,-68.0923,-67.8890,-67.8890,-48.3157,-45.3188,1,1,0,-0.0662,-0.4083,0.8982,0.8982,1.5321,0,0,0,-1.0368,-1.0133,-1.5200,-1.5200,-1.4857,0,0,0,-1.1980,-0.9610,1.1533,1.1533,1.0469,0,0,0,2.6375,2.3165,2.7799,2.7799,2.7082,0,0,0,0.9806,0.4727,0.5672,0.5672,0.3927,0,0,0
4.828165,1788532546.374743,-68.0923,-67.9007,-67.9007,-48.5157,-45.4726,1,1,0,-0.0662,-0.3885,0.8547,0.8547,1.4993,0,0,0,-1.0368,-1.0147,-1.5220,-1.5220,-1.4873,0,0,0,-1.1980,-0.9747,1.1696,1.1696,1.0487,0,0,0,2.6375,2.3350,2.8020,2.8020,2.7064,0,0,0,0.9806,0.5020,0.6024,0.6024,0.3933,0,0,0
4.836099,1788532546.380494,-68.1597,-67.9098,-67.9098,-48.7157,-45.6772,1,1,0,-0.0416,-0.3763,0.8279,0.8279,1.4557,0,0,0,-1.0792,-1.0169,-1.5254,-1.5254,-1.4895,0,0,0,-1.1024,-0.9792,1.1750,1.1750,1.0520,0,0,0,2.4672,2.3396,2.8076,2.8076,2.7051,0,0,0,0.5703,0.5043,0.6052,0.6052,0.3959,0,0,0
4.843898,1788532546.389531,-68.1597,-67.9232,-67.9232,-48.9157,-45.8813,1,1,0,-0.0416,-0.3583,0.7882,0.7882,1.4122,0,0,0,-1.0792,-1.0203,-1.5304,-1.5304,-1.4917,0,0,0,-1.1024,-0.9858,1.1829,1.1829,1.0562,0,0,0,2.4672,2.3465,2.8158,2.8158,2.7053,0,0,0,0.5703,0.5079,0.6095,0.6095,0.4006,0,0,0
4.851736,1788532546.396609,-68.1597,-67.9333,-67.9333,-49.1157,-46.0850,1,1,0,-0.0416,-0.3447,0.7583,0.7583,1.3689,0,0,0,-1.0792,-1.0228,-1.5342,-1.5342,-1.4939,0,0,0,-1.1024,-0.9908,1.1889,1.1889,1.0613,0,0,0,2.4672,2.3516,2.8220,2.8220,2.7068,0,0,0,0.5703,0.5106,0.6127,0.6127,0.4075,0,0,0
4.859951,1788532546.404834,-68.1819,-67.9456,-67.9456,-49.3157,-46.2882,1,1,0,-0.0322,-0.3293,0.7244,0.7244,1.3259,0,0,0,-1.0751,-1.0254,-1.5380,-1.5380,-1.4962,0,0,0,-1.1375,-0.9980,1.1976,1.1976,1.0672,0,0,0,2.5437,2.3611,2.8333,2.8333,2.7098,0,0,0,0.9360,0.5315,0.6378,0.6378,0.4164,0,0,0
4.867976,1788532546.412382,-68.1819,-67.9563,-67.9563,-49.5157,-46.4910,1,1,0,-0.0322,-0.3157,0.6946,0.6946,1.2832,0,0,0,-1.0751,-1.0276,-1.5414,-1.5414,-1.4985,0,0,0,-1.1375,-1.0043,1.2052,1.2052,1.0738,0,0,0,2.5437,2.3694,2.8432,2.8432,2.7139,0,0,0,0.9360,0.5498,0.6598,0.6598,0.4266,0,0,0
4.875993,1788532546.421421,-68.1983,-67.9693,-67.9693,-49.7157,-46.6935,1,1,0,-0.0325,-0.3004,0.6610,0.6610,1.2410,0,0,0,-1.0751,-1.0302,-1.5453,-1.5453,-1.5009,0,0,0,-1.1466,-1.0120,1.2143,1.2143,1.0809,0,0,0,2.5460,2.3789,2.8547,2.8547,2.7189,0,0,0,0.9360,0.5706,0.6847,0.6847,0.4378,0,0,0
4.884084,1788532546.429501,-68.1983,-67.9804,-67.9804,-49.9157,-46.8957,1,1,0,-0.0325,-0.2874,0.6323,0.6323,1.1993,0,0,0,-1.0751,-1.0323,-1.5485,-1.5485,-1.5034,0,0,0,-1.1466,-1.0185,1.2222,1.2222,1.0884,0,0,0,2.5460,2.3870,2.8644,2.8644,2.7247,0,0,0,0.9360,0.5883,0.7060,0.7060,0.4498,0,0,0
4.891615,1788532546.437500,-68.2182,-67.9918,-67.9918,-50.1157,-47.0976,1,1,0,-0.0282,-0.2750,0.6049,0.6049,1.1582,0,0,0,-1.0450,-1.0329,-1.5494,-1.5494,-1.5060,0,0,0,-1.0992,-1.0223,1.2268,1.2268,1.0962,0,0,0,2.4491,2.3899,2.8679,2.8679,2.7312,0,0,0,0.5919,0.5885,0.7062,0.7062,0.4627,0,0,0
4.899621,1788532546.445023,-68.2182,-68.0021,-68.0021,-50.3157,-47.2993,1,1,0,-0.0282,-0.2638,0.5803,0.5803,1.1177,0,0,0,-1.0450,-1.0335,-1.5502,-1.5502,-1.5087,0,0,0,-1.0992,-1.0258,1.2310,1.2310,1.1043,0,0,0,2.4491,2.3926,2.8711,2.8711,2.7384,0,0,0,0.5919,0.5886,0.7064,0.7064,0.4764,0,0,0
4.907629,1788532546.453052,-68.2276,-68.0129,-68.0129,-50.5157,-47.4000,1,1,0,-0.0321,-0.2526,0.5557,0.5557,1.0977,0,0,0,-1.0243,-1.0331,-1.5496,-1.5496,-1.5101,0,0,0,-0.9412,-1.0217,1.2261,1.2261,1.1085,0,0,0,2.1589,2.3814,2.8577,2.8577,2.7422,0,0,0,0.0340,0.5620,0.6744,0.6744,0.4835,0,0,0
4.916164,1788532546.461573,-68.2276,-68.0239,-68.0239,-50.7157,-47.7019,1,1,0,-0.0321,-0.2413,0.5309,0.5309,1.0387,0,0,0,-1.0243,-1.0326,-1.5489,-1.5489,-1.5142,0,0,0,-0.9412,-1.0176,1.2212,1.2212,1.1211,0,0,0,2.1589,2.3701,2.8441,2.8441,2.7542,0,0,0,0.0340,0.5351,0.6421,0.6421,0.5060,0,0,0
4.924206,1788532546.469622,-68.2276,-68.0337,-68.0337,-50.9157,-47.8537,1,1,0,-0.0411,-0.2316,0.5096,0.5096,1.0097,0,0,0,-0.9566,-1.0289,-1.5434,-1.5434,-1.5163,0,0,0,-0.9150,-1.0127,1.2152,1.2152,1.1274,0,0,0,2.1578,2.3598,2.8318,2.8318,2.7604,0,0,0,-0.0940,0.5048,0.6058,0.6058,0.5173,0,0,0
4.931753,1788532546.477159,-68.2276,-68.0425,-68.0425,-51.1157,-48.0587,1,1,0,-0.0411,-0.2230,0.4906,0.4906,0.9715,0,0,0,-0.9566,-1.0257,-1.5385,-1.5385,-1.5191,0,0,0,-0.9150,-1.0083,1.2099,1.2099,1.1357,0,0,0,2.1578,2.3507,2.8208,2.8208,2.7684,0,0,0,-0.0940,0.4777,0.5733,0.5733,0.5317,0,0,0
4.939764,1788532546.486177,-68.2305,-68.0526,-68.0526,-51.3157,-48.2660,1,1,0,-0.0565,-0.2140,0.4709,0.4709,0.9338,0,0,0,-0.9504,-1.0216,-1.5325,-1.5325,-1.5218,0,0,0,-0.9089,-1.0029,1.2035,1.2035,1.1437,0,0,0,2.1313,2.3389,2.8067,2.8067,2.7760,0,0,0,-0.0949,0.4470,0.5364,0.5364,0.5448,0,0,0
4.947884,1788532546.494284,-68.2305,-68.0613,-68.0613,-51.5157,-48.4751,1,1,0,-0.0565,-0.2064,0.4540,0.4540,0.8970,0,0,0,-0.9504,-1.0182,-1.5273,-1.5273,-1.5242,0,0,0,-0.9089,-0.9984,1.1981,1.1981,1.1511,0,0,0,2.1313,2.3289,2.7946,2.7946,2.7829,0,0,0,-0.0949,0.4207,0.5049,0.5049,0.5559,0,0,0
4.955945,1788532546.500822,-68.2323,-68.0680,-68.0680,-51.7157,-48.6853,1,1,0,-0.0691,-0.2009,0.4420,0.4420,0.8610,0,0,0,-0.9877,-1.0170,-1.5255,-1.5255,-1.5263,0,0,0,-0.9031,-0.9946,1.1935,1.1935,1.1580,0,0,0,2.0580,2.3182,2.7818,2.7818,2.7888,0,0,0,-0.0949,0.4004,0.4804,0.4804,0.5647,0,0,0
4.963938,1788532546.509362,-68.2323,-68.0764,-68.0764,-51.9157,-48.8963,1,1,0,-0.0691,-0.1942,0.4272,0.4272,0.8259,0,0,0,-0.9877,-1.0155,-1.5232,-1.5232,-1.5281,0,0,0,-0.9031,-0.9900,1.1880,1.1880,1.1641,0,0,0,2.0580,2.3049,2.7659,2.7659,2.7937,0,0,0,-0.0949,0.3751,0.4501,0.4501,0.5710,0,0,0
4.972074,1788532546.517375,-68.2482,-68.0847,-68.0847,-52.1157,-49.1077,1,1,0,-0.0960,-0.1895,0.4168,0.4168,0.7921,0,0,0,-1.0374,-1.0165,-1.5248,-1.5248,-1.5294,0,0,0,-0.8657,-0.9840,1.1808,1.1808,1.1694,0,0,0,1.9525,2.2880,2.7456,2.7456,2.7976,0,0,0,-0.1528,0.3498,0.4197,0.4197,0.5747,0,0,0
4.980479,1788532546.525249,-68.2482,-68.0924,-68.0924,-52.3157,-49.3193,1,1,0,-0.0960,-0.1850,0.4071,0.4071,0.7594,0,0,0,-1.0374,-1.0175,-1.5263,-1.5263,-1.5304,0,0,0,-0.8657,-0.9784,1.1741,1.1741,1.1740,0,0,0,1.9525,2.2722,2.7266,2.7266,2.8002,0,0,0,-0.1528,0.3260,0.3912,0.3912,0.5758,0,0,0
4.988432,1788532546.533847,-68.2482,-68.1004,-68.1004,-52.5157,-49.5306,1,1,0,-0.0960,-0.1804,0.3970,0.3970,0.7281,0,0,0,-1.0374,-1.0185,-1.5278,-1.5278,-1.5311,0,0,0,-0.8657,-0.9726,1.1672,1.1672,1.1778,0,0,0,1.9525,2.2558,2.7070,2.7070,2.8016,0,0,0,-0.1528,0.3014,0.3617,0.3617,0.5743,0,0,0
4.995608,1788532546.541387,-68.2482,-68.1071,-68.1071,-52.7157,-49.6890,1,1,0,-0.0960,-0.1766,0.3886,0.3886,0.7055,0,0,0,-1.0374,-1.0194,-1.5291,-1.5291,-1.5314,0,0,0,-0.8657,-0.9678,1.1614,1.1614,1.1801,0,0,0,1.9525,2.2421,2.6905,2.6905,2.8017,0,0,0,-0.1528,0.2808,0.3370,0.3370,0.5716,0,0,0
5.004492,1788532546.549182,-68.2131,-68.1121,-68.1121,-52.9157,-49.8998,1,1,0,-0.1312,-0.1745,0.3839,0.3839,0.6766,0,0,0,-1.0184,-1.0193,-1.5290,-1.5290,-1.5316,0,0,0,-0.7695,-0.9585,1.1503,1.1503,1.1825,0,0,0,1.9245,2.2272,2.6727,2.6727,2.8007,0,0,0,-0.5159,0.2435,0.2922,0.2922,0.5659,0,0,0
5.011905,1788532546.557590,-68.2101,-68.1170,-68.1170,-53.1157,-50.1101,1,1,0,-0.1466,-0.1731,0.3808,0.3808,0.6491,0,0,0,-1.0184,-1.0193,-1.5290,-1.5290,-1.5318,0,0,0,-0.7695,-0.9491,1.1389,1.1389,1.1841,0,0,0,2.0279,2.2172,2.6606,2.6606,2.7983,0,0,0,-0.5159,0.2053,0.2464,0.2464,0.5578,0,0,0
5.020441,1788532546.563870,-68.2131,-68.1207,-68.1207,-53.3157,-50.3199,1,1,0,-0.1528,-0.1723,0.3791,0.3791,0.6231,0,0,0,-1.0228,-1.0194,-1.5292,-1.5292,-1.5318,0,0,0,-0.7672,-0.9422,1.1306,1.1306,1.1849,0,0,0,2.1263,2.2137,2.6565,2.6565,2.7945,0,0,0,-0.5339,0.1771,0.2126,0.2126,0.5476,0,0,0
5.027668,1788532546.574497,-68.1913,-68.1251,-68.1251,-53.5157,-50.5290,1,1,0,-0.1600,-0.1715,0.3774,0.3774,0.5987,0,0,0,-1.0216,-1.0196,-1.5294,-1.5294,-1.5318,0,0,0,-0.7672,-0.9312,1.1174,1.1174,1.1850,0,0,0,2.1340,2.2087,2.6505,2.6505,2.7894,0,0,0,-0.5706,0.1301,0.1562,0.1562,0.5352,0,0,0
5.036203,1788532546.581194,-68.1913,-68.1278,-68.1278,-53.7157,-50.7375,1,1,0,-0.1600,-0.1711,0.3764,0.3764,0.5757,0,0,0,-1.0216,-1.0197,-1.5295,-1.5295,-1.5318,0,0,0,-0.7672,-0.9246,1.1095,1.1095,1.1842,0,0,0,2.1340,2.2057,2.6469,2.6469,2.7833,0,0,0,-0.5706,0.1017,0.1221,0.1221,0.5206,0,0,0
5.044239,1788532546.588738,-68.2812,-68.1347,-68.1347,-53.9157,-50.9453,1,1,0,-0.1874,-0.1718,0.3780,0.3780,0.5544,0,0,0,-1.0227,-1.0198,-1.5297,-1.5297,-1.5317,0,0,0,-0.7958,-0.9187,1.1025,1.1025,1.1827,0,0,0,2.1340,2.2025,2.6430,2.6430,2.7762,0,0,0,-0.5813,0.0707,0.0848,0.0848,0.5037,0,0,0
5.052068,1788532546.597410,-68.2812,-68.1423,-68.1423,-54.1157,-51.1525,1,1,0,-0.1874,-0.1726,0.3798,0.3798,0.5346,0,0,0,-1.0227,-1.0199,-1.5299,-1.5299,-1.5316,0,0,0,-0.7958,-0.9124,1.0949,1.0949,1.1804,0,0,0,2.1340,2.1989,2.6387,2.6387,2.7685,0,0,0,-0.5813,0.0368,0.0442,0.0442,0.4845,0,0,0
5.060606,1788532546.606015,-68.2542,-68.1481,-68.1481,-54.3157,-51.3591,1,1,0,-0.2049,-0.1743,0.3834,0.3834,0.5164,0,0,0,-1.0153,-1.0197,-1.5296,-1.5296,-1.5315,0,0,0,-0.8079,-0.9070,1.0884,1.0884,1.1773,0,0,0,2.2059,2.1993,2.6391,2.6391,2.7604,0,0,0,-0.3027,0.0193,0.0232,0.0232,0.4631,0,0,0
5.068651,1788532546.612691,-68.2143,-68.1507,-68.1507,-54.5157,-51.5651,1,1,0,-0.2049,-0.1755,0.3861,0.3861,0.4998,0,0,0,-1.0109,-1.0193,-1.5290,-1.5290,-1.5313,0,0,0,-1.0012,-0.9108,1.0930,1.0930,1.1736,0,0,0,2.3935,2.2071,2.6485,2.6485,2.7520,0,0,0,0.5180,0.0395,0.0474,0.0474,0.4399,0,0,0
5.075546,1788532546.621056,-68.1932,-68.1529,-68.1529,-54.7157,-51.7705,1,1,0,-0.2039,-0.1769,0.3893,0.3893,0.4847,0,0,0,-1.0109,-1.0189,-1.5284,-1.5284,-1.5312,0,0,0,-1.0553,-0.9180,1.1016,1.1016,1.1694,0,0,0,2.4953,2.2215,2.6658,2.6658,2.7435,0,0,0,0.8573,0.0805,0.0966,0.0966,0.4149,0,0,0
5.084013,1788532546.628437,-68.1932,-68.1547,-68.1547,-54.9157,-51.9753,1,1,0,-0.2039,-0.1781,0.3919,0.3919,0.4712,0,0,0,-1.0109,-1.0186,-1.5279,-1.5279,-1.5311,0,0,0,-1.0553,-0.9241,1.1089,1.1089,1.1647,0,0,0,2.4953,2.2337,2.6804,2.6804,2.7350,0,0,0,0.8573,0.1150,0.1380,0.1380,0.3886,0,0,0
5.091699,1788532546.637392,-68.1932,-68.1567,-68.1567,-55.1157,-52.1796,1,1,0,-0.2039,-0.1795,0.3949,0.3949,0.4591,0,0,0,-1.0109,-1.0182,-1.5272,-1.5272,-1.5310,0,0,0,-1.0553,-0.9311,1.1173,1.1173,1.1598,0,0,0,2.4953,2.2476,2.6971,2.6971,2.7269,0,0,0,0.8573,0.1546,0.1855,0.1855,0.3622,0,0,0
5.100483,1788532546.645864,-68.1638,-68.1571,-68.1571,-55.3157,-52.3326,1,1,0,-0.1868,-0.1799,0.3957,0.3957,0.4510,0,0,0,-0.9255,-1.0135,-1.5202,-1.5202,-1.5308,0,0,0,-1.1173,-0.9405,1.1286,1.1286,1.1561,0,0,0,2.5198,2.2614,2.7136,2.7136,2.7212,0,0,0,0.9019,0.1924,0.2309,0.2309,0.3430,0,0,0
5.108330,1788532546.652993,-68.1638,-68.1574,-68.1574,-55.5157,-52.5361,1,1,0,-0.1868,-0.1802,0.3964,0.3964,0.4413,0,0,0,-0.9255,-1.0097,-1.5146,-1.5146,-1.5307,0,0,0,-1.1173,-0.9481,1.1377,1.1377,1.1514,0,0,0,2.5198,2.2724,2.7269,2.7269,2.7145,0,0,0,0.9019,0.2229,0.2675,0.2675,0.3191,0,0,0
5.116060,1788532546.661489,-68.0020,-68.1495,-68.1495,-55.7157,-52.7392,1,1,0,-0.1617,-0.1792,0.3943,0.3943,0.4330,0,0,0,-0.9191,-1.0051,-1.5077,-1.5077,-1.5305,0,0,0,-1.0360,-0.9526,1.1431,1.1431,1.1471,0,0,0,2.3833,2.2781,2.7337,2.7337,2.7089,0,0,0,0.1210,0.2177,0.2613,0.2613,0.2979,0,0,0
5.123737,1788532546.669009,-68.0020,-68.1428,-68.1428,-55.9157,-52.9420,1,1,0,-0.1617,-0.1784,0.3926,0.3926,0.4258,0,0,0,-0.9191,-1.0012,-1.5018,-1.5018,-1.5302,0,0,0,-1.0360,-0.9563,1.1476,1.1476,1.1434,0,0,0,2.3833,2.2828,2.7394,2.7394,2.7045,0,0,0,0.1210,0.2133,0.2560,0.2560,0.2800,0,0,0
5.132065,1788532546.676584,-67.8959,-68.1316,-68.1316,-56.1157,-53.1444,1,1,0,-0.1617,-0.1777,0.3909,0.3909,0.4196,0,0,0,-0.9944,-1.0009,-1.5014,-1.5014,-1.5297,0,0,0,-0.9732,-0.9571,1.1485,1.1485,1.1403,0,0,0,2.2902,2.2831,2.7398,2.7398,2.7013,0,0,0,-0.0837,0.1998,0.2398,0.2398,0.2655,0,0,0
5.139932,1788532546.685596,-67.8959,-68.1189,-68.1189,-56.3157,-53.3465,1,1,0,-0.1617,-0.1768,0.3890,0.3890,0.4144,0,0,0,-0.9944,-1.0006,-1.5009,-1.5009,-1.5290,0,0,0,-0.9732,-0.9579,1.1495,1.1495,1.1379,0,0,0,2.2902,2.2835,2.7402,2.7402,2.6994,0,0,0,-0.0837,0.1846,0.2215,0.2215,0.2542,0,0,0
5.147890,1788532546.693338,-67.7825,-68.1033,-68.1033,-56.5157,-53.5483,1,1,0,-0.1968,-0.1778,0.3911,0.3911,0.4100,0,0,0,-0.9178,-0.9967,-1.4951,-1.4951,-1.5280,0,0,0,-0.8982,-0.9552,1.1462,1.1462,1.1362,0,0,0,2.2706,2.2829,2.7395,2.7395,2.6986,0,0,0,0.1546,0.1832,0.2199,0.2199,0.2454,0,0,0
5.156250,1788532546.700742,-67.7825,-68.0891,-68.0891,-56.7157,-53.7498,1,1,0,-0.1968,-0.1786,0.3929,0.3929,0.4062,0,0,0,-0.9178,-0.9932,-1.4898,-1.4898,-1.5267,0,0,0,-0.8982,-0.9526,1.1432,1.1432,1.1351,0,0,0,2.2706,2.2824,2.7388,2.7388,2.6987,0,0,0,0.1546,0.1820,0.2183,0.2183,0.2384,0,0,0
5.164512,1788532546.708858,-67.7825,-68.0742,-68.0742,-56.9157,-53.9512,1,1,0,-0.1968,-0.1795,0.3949,0.3949,0.4029,0,0,0,-0.9178,-0.9896,-1.4843,-1.4843,-1.5253,0,0,0,-0.8982,-0.9500,1.1400,1.1400,1.1345,0,0,0,2.2706,2.2818,2.7382,2.7382,2.6995,0,0,0,0.1546,0.1806,0.2168,0.2168,0.2329,0,0,0
5.172509,1788532546.717795,-67.7825,-68.0587,-68.0587,-57.1157,-54.1021,1,1,0,-0.1968,-0.1804,0.3969,0.3969,0.4008,0,0,0,-0.9178,-0.9857,-1.4786,-1.4786,-1.5241,0,0,0,-0.8982,-0.9472,1.1367,1.1367,1.1342,0,0,0,2.2706,2.2812,2.7374,2.7374,2.7004,0,0,0,0.1546,0.1792,0.2151,0.2151,0.2293,0,0,0
5.180757,1788532546.724916,-67.7825,-68.0468,-68.0468,-57.3157,-54.3533,1,1,0,-0.1968,-0.1811,0.3984,0.3984,0.3979,0,0,0,-0.9178,-0.9828,-1.4742,-1.4742,-1.5219,0,0,0,-0.8982,-0.9451,1.1342,1.1342,1.1342,0,0,0,2.2706,2.2808,2.7369,2.7369,2.7025,0,0,0,0.1546,0.1782,0.2138,0.2138,0.2245,0,0,0
5.188744,1788532546.733157,-67.7825,-68.0338,-68.0338,-57.5157,-54.5541,1,1,0,-0.1968,-0.1819,0.4001,0.4001,0.3960,0,0,0,-0.9178,-0.9796,-1.4694,-1.4694,-1.5198,0,0,0,-0.8982,-0.9428,1.1314,1.1314,1.1342,0,0,0,2.2706,2.2803,2.7363,2.7363,2.7044,0,0,0,0.1546,0.1770,0.2124,0.2124,0.2215,0,0,0
5.197016,1788532546.741931,-67.7825,-68.0207,-68.0207,-57.7157,-54.7047,1,1,0,-0.1968,-0.1827,0.4019,0.4019,0.3949,0,0,0,-0.9178,-0.9764,-1.4646,-1.4646,-1.5181,0,0,0,-0.8982,-0.9405,1.1286,1.1286,1.1343,0,0,0,2.2706,2.2797,2.7357,2.7357,2.7060,0,0,0,0.1546,0.1759,0.2110,0.2110,0.2196,0,0,0
5.205139,1788532546.749543,-67.7825,-68.0098,-68.0098,-57.9157,-54.9053,1,1,0,-0.1968,-0.1833,0.4033,0.4033,0.3937,0,0,0,-0.9178,-0.9737,-1.4606,-1.4606,-1.5156,0,0,0,-0.8982,-0.9386,1.1263,1.1263,1.1345,0,0,0,2.2706,2.2793,2.7352,2.7352,2.7082,0,0,0,0.1546,0.1749,0.2099,0.2099,0.2174,0,0,0
5.213138,1788532546.758556,-67.7825,-67.9976,-67.9976,-58.1157,-55.1057,1,1,0,-0.1968,-0.1840,0.4049,0.4049,0.3929,0,0,0,-0.9178,-0.9707,-1.4561,-1.4561,-1.5129,0,0,0,-0.8982,-0.9364,1.1237,1.1237,1.1345,0,0,0,2.2706,2.2789,2.7346,2.7346,2.7104,0,0,0,0.1546,0.1738,0.2085,0.2085,0.2157,0,0,0
5.220794,1788532546.765103,-67.1518,-67.9641,-67.9641,-58.3157,-55.3062,1,1,0,-0.1780,-0.1838,0.4043,0.4043,0.3924,0,0,0,-0.6883,-0.9596,-1.4393,-1.4393,-1.5100,0,0,0,-0.6811,-0.9263,1.1116,1.1116,1.1345,0,0,0,2.3331,2.2810,2.7372,2.7372,2.7125,0,0,0,0.4169,0.1834,0.2201,0.2201,0.2143,0,0,0
5.229154,1788532546.773232,-67.1518,-67.9246,-67.9246,-58.5157,-55.5065,1,1,0,-0.1780,-0.1835,0.4037,0.4037,0.3922,0,0,0,-0.6883,-0.9464,-1.4195,-1.4195,-1.5069,0,0,0,-0.6811,-0.9144,1.0973,1.0973,1.1343,0,0,0,2.3331,2.2835,2.7402,2.7402,2.7146,0,0,0,0.4169,0.1948,0.2337,0.2337,0.2131,0,0,0
5.236721,1788532546.780381,-66.7350,-67.8733,-67.8733,-58.7157,-55.7067,1,1,0,-0.1707,-0.1830,0.4025,0.4025,0.3923,0,0,0,-0.6789,-0.9349,-1.4023,-1.4023,-1.5036,0,0,0,-0.6545,-0.9032,1.0839,1.0839,1.1341,0,0,0,2.3331,2.2857,2.7428,2.7428,2.7166,0,0,0,0.3725,0.2024,0.2429,0.2429,0.2121,0,0,0
5.244707,1788532546.790078,-66.7350,-67.8077,-67.8077,-58.9157,-55.9069,1,1,0,-0.1707,-0.1823,0.4010,0.4010,0.3925,0,0,0,-0.6789,-0.9201,-1.3802,-1.3802,-1.5001,0,0,0,-0.6545,-0.8889,1.0667,1.0667,1.1336,0,0,0,2.3331,2.2884,2.7461,2.7461,2.7185,0,0,0,0.3725,0.2122,0.2546,0.2546,0.2114,0,0,0
5.253186,1788532546.798025,-66.5875,-67.7495,-67.7495,-59.1157,-56.1071,1,1,0,-0.1885,-0.1826,0.4016,0.4016,0.3929,0,0,0,-0.7839,-0.9137,-1.3705,-1.3705,-1.4961,0,0,0,-0.7863,-0.8840,1.0608,1.0608,1.1327,0,0,0,2.2331,2.2858,2.7429,2.7429,2.7203,0,0,0,0.7573,0.2381,0.2857,0.2857,0.2111,0,0,0
5.260629,1788532546.806043,-66.5875,-67.6935,-67.6935,-59.3157,-56.3072,1,1,0,-0.1885,-0.1828,0.4022,0.4022,0.3934,0,0,0,-0.7839,-0.9074,-1.3611,-1.3611,-1.4915,0,0,0,-0.7863,-0.8793,1.0552,1.0552,1.1312,0,0,0,2.2331,2.2832,2.7399,2.7399,2.7221,0,0,0,0.7573,0.2630,0.3156,0.3156,0.2113,0,0,0
5.268713,1788532546.814098,-66.2646,-67.6243,-67.6243,-59.5157,-56.5073,1,1,0,-0.1737,-0.1824,0.4013,0.4013,0.3939,0,0,0,-0.8470,-0.9045,-1.3568,-1.3568,-1.4862,0,0,0,-0.8436,-0.8776,1.0531,1.0531,1.1291,0,0,0,2.2331,2.2808,2.7370,2.7370,2.7239,0,0,0,0.7573,0.2868,0.3442,0.3442,0.2121,0,0,0
5.276168,1788532546.822045,-66.1416,-67.5534,-67.5534,-59.7157,-56.6573,1,1,0,-0.1529,-0.1810,0.3982,0.3982,0.3943,0,0,0,-0.8582,-0.9023,-1.3535,-1.3535,-1.4817,0,0,0,-0.8436,-0.8760,1.0512,1.0512,1.1271,0,0,0,2.1715,2.2756,2.7307,2.7307,2.7252,0,0,0,0.7586,0.3093,0.3712,0.3712,0.2133,0,0,0
5.285111,1788532546.830479,-66.1416,-67.4818,-67.4818,-59.9157,-56.8574,1,1,0,-0.1529,-0.1796,0.3951,0.3951,0.3949,0,0,0,-0.8582,-0.9001,-1.3501,-1.3501,-1.4751,0,0,0,-0.8436,-0.8744,1.0492,1.0492,1.1239,0,0,0,2.1715,2.2704,2.7245,2.7245,2.7269,0,0,0,0.7586,0.3319,0.3983,0.3983,0.2158,0,0,0
5.292670,1788532546.838432,-66.1416,-67.4176,-67.4176,-60.0000,-57.0574,0,1,0,-0.1529,-0.1783,0.3923,0.3923,0.3954,0,0,0,-0.8582,-0.8981,-1.3471,-1.3471,-1.4679,0,0,0,-0.8436,-0.8729,1.0475,1.0475,1.1202,0,0,0,2.1715,2.2657,2.7188,2.7188,2.7284,0,0,0,0.7586,0.3523,0.4227,0.4227,0.2196,0,0,0
5.300720,1788532546.846130,-66.1416,-67.3582,-67.3582,-60.0000,-57.2574,0,1,0,-0.1529,-0.1771,0.3897,0.3897,0.3960,0,0,0,-0.8582,-0.8962,-1.3444,-1.3444,-1.4604,0,0,0,-0.8436,-0.8716,1.0459,1.0459,1.1161,0,0,0,2.1715,2.2613,2.7136,2.7136,2.7298,0,0,0,0.7586,0.3711,0.4453,0.4453,0.2248,0,0,0
5.308998,1788532546.854156,-66.1416,-67.2993,-67.2993,-60.0000,-57.4574,0,1,0,-0.1529,-0.1760,0.3871,0.3871,0.3964,0,0,0,-0.8582,-0.8944,-1.3416,-1.3416,-1.4526,0,0,0,-0.8436,-0.8702,1.0443,1.0443,1.1118,0,0,0,2.1715,2.2570,2.7084,2.7084,2.7308,0,0,0,0.7586,0.3897,0.4677,0.4677,0.2316,0,0,0
5.317322,1788532546.861408,-64.9126,-67.1943,-67.1943,-60.0000,-57.6568,0,1,0,-0.1414,-0.1745,0.3838,0.3838,0.3967,0,0,0,-0.8920,-0.8943,-1.3415,-1.3415,-1.4447,0,0,0,-0.7743,-0.8660,1.0392,1.0392,1.1073,0,0,0,2.1090,2.2506,2.7007,2.7007,2.7314,0,0,0,0.8447,0.4096,0.4915,0.4915,0.2399,0,0,0
5.325361,1788532546.869242,-64.9126,-67.0861,-67.0861,-60.0000,-57.8534,0,1,0,-0.1414,-0.1729,0.3804,0.3804,0.3969,0,0,0,-0.8920,-0.8942,-1.3413,-1.3413,-1.4369,0,0,0,-0.7743,-0.8617,1.0341,1.0341,1.1027,0,0,0,2.1090,2.2439,2.6927,2.6927,2.7317,0,0,0,0.8447,0.4300,0.5161,0.5161,0.2497,0,0,0
5.333484,1788532546.877798,-64.9126,-66.9739,-66.9739,-60.0000,-58.0445,0,1,0,-0.1414,-0.1713,0.3769,0.3769,0.3968,0,0,0,-0.8920,-0.8941,-1.3411,-1.3411,-1.4291,0,0,0,-0.7743,-0.8573,1.0287,1.0287,1.0982,0,0,0,2.1090,2.2370,2.6844,2.6844,2.7316,0,0,0,0.8447,0.4513,0.5415,0.5415,0.2608,0,0,0
5.341136,1788532546.884899,-63.7592,-66.8348,-66.8348,-60.0000,-58.2279,0,1,0,-0.3644,-0.1796,0.3950,0.3950,0.3966,0,0,0,-0.8211,-0.8910,-1.3365,-1.3365,-1.4215,0,0,0,-0.7104,-0.8510,1.0212,1.0212,1.0937,0,0,0,2.0305,2.2282,2.6738,2.6738,2.7311,0,0,0,0.1480,0.4383,0.5259,0.5259,0.2732,0,0,0
5.348747,1788532546.893140,-63.7592,-66.6811,-66.6811,-60.0000,-58.4022,0,1,0,-0.3644,-0.1887,0.4150,0.4150,0.3962,0,0,0,-0.8211,-0.8875,-1.3313,-1.3313,-1.4142,0,0,0,-0.7104,-0.8441,1.0129,1.0129,1.0891,0,0,0,2.0305,2.2185,2.6622,2.6622,2.7301,0,0,0,0.1480,0.4240,0.5087,0.5087,0.2868,0,0,0
5.357467,1788532546.901279,-63.7592,-66.5366,-66.5366,-60.0000,-58.5663,0,1,0,-0.3644,-0.1972,0.4339,0.4339,0.3956,0,0,0,-0.8211,-0.8843,-1.3264,-1.3264,-1.4071,0,0,0,-0.7104,-0.8375,1.0051,1.0051,1.0846,0,0,0,2.0305,2.2093,2.6512,2.6512,2.7286,0,0,0,0.1480,0.4105,0.4926,0.4926,0.3016,0,0,0
5.364938,1788532546.909946,-63.7592,-66.3907,-66.3907,-60.0000,-58.7195,0,1,0,-0.3644,-0.2058,0.4529,0.4529,0.3950,0,0,0,-0.8211,-0.8810,-1.3215,-1.3215,-1.4005,0,0,0,-0.7104,-0.8310,0.9972,0.9972,1.0801,0,0,0,2.0305,2.2001,2.6401,2.6401,2.7267,0,0,0,0.1480,0.3969,0.4763,0.4763,0.3171,0,0,0
5.373456,1788532546.918826,-63.7592,-66.2491,-66.2491,-60.0000,-58.8271,0,1,0,-0.3644,-0.2142,0.4713,0.4713,0.3946,0,0,0,-0.8211,-0.8779,-1.3168,-1.3168,-1.3957,0,0,0,-0.7104,-0.8246,0.9895,0.9895,1.0767,0,0,0,2.0305,2.1911,2.6293,2.6293,2.7249,0,0,0,0.1480,0.3838,0.4605,0.4605,0.3290,0,0,0
5.381048,1788532546.925194,-63.7592,-66.1514,-66.1514,-60.0000,-58.9608,0,1,0,-0.3644,-0.2200,0.4840,0.4840,0.3945,0,0,0,-0.8211,-0.8757,-1.3135,-1.3135,-1.3896,0,0,0,-0.7104,-0.8202,0.9842,0.9842,1.0720,0,0,0,2.0305,2.1849,2.6219,2.6219,2.7219,0,0,0,0.1480,0.3747,0.4496,0.4496,0.3445,0,0,0
5.389080,1788532546.933500,-61.9504,-65.9386,-65.9386,-60.0000,-59.0834,0,1,0,-0.3777,-0.2278,0.5012,0.5012,0.3951,0,0,0,-0.6514,-0.8645,-1.2968,-1.2968,-1.3837,0,0,0,-0.6515,-0.8118,0.9742,0.9742,1.0671,0,0,0,2.3099,2.1911,2.6293,2.6293,2.7184,0,0,0,0.5967,0.3857,0.4628,0.4628,0.3591,0,0,0
5.396633,1788532546.942154,-61.9504,-65.7283,-65.7283,-60.0000,-59.1951,0,1,0,-0.3777,-0.2356,0.5182,0.5182,0.3969,0,0,0,-0.6514,-0.8535,-1.2803,-1.2803,-1.3779,0,0,0,-0.6515,-0.8035,0.9642,0.9642,1.0620,0,0,0,2.3099,2.1972,2.6367,2.6367,2.7141,0,0,0,0.5967,0.3966,0.4759,0.4759,0.3724,0,0,0
5.405647,1788532546.950155,-61.3160,-65.5118,-65.5118,-60.0000,-59.2721,0,1,0,-0.3854,-0.2427,0.5340,0.5340,0.3990,0,0,0,-0.6493,-0.8437,-1.2656,-1.2656,-1.3737,0,0,0,-0.5634,-0.7920,0.9504,0.9504,1.0580,0,0,0,2.3069,2.2025,2.6430,2.6430,2.7105,0,0,0,0.3657,0.3951,0.4741,0.4741,0.3814,0,0,0
5.412731,1788532546.957778,-61.3160,-65.3149,-65.3149,-60.0000,-59.3880,0,1,0,-0.3854,-0.2493,0.5484,0.5484,0.4039,0,0,0,-0.6493,-0.8348,-1.2523,-1.2523,-1.3665,0,0,0,-0.5634,-0.7816,0.9379,0.9379,1.0510,0,0,0,2.3069,2.2073,2.6487,2.6487,2.7040,0,0,0,0.3657,0.3938,0.4725,0.4725,0.3948,0,0,0
5.421176,1788532546.965849,-61.3160,-65.1165,-65.1165,-60.0000,-59.4701,0,1,0,-0.3854,-0.2558,0.5628,0.5628,0.4090,0,0,0,-0.6493,-0.8259,-1.2388,-1.2388,-1.3606,0,0,0,-0.5634,-0.7710,0.9252,0.9252,1.0451,0,0,0,2.3069,2.2121,2.6545,2.6545,2.6987,0,0,0,0.3657,0.3924,0.4709,0.4709,0.4044,0,0,0
5.429743,1788532546.974114,-61.3160,-64.9233,-64.9233,-60.0000,-59.5260,0,1,0,-0.3854,-0.2622,0.5769,0.5769,0.4136,0,0,0,-0.6493,-0.8171,-1.2257,-1.2257,-1.3559,0,0,0,-0.5634,-0.7608,0.9129,0.9129,1.0405,0,0,0,2.3069,2.2168,2.6601,2.6601,2.6948,0,0,0,0.3657,0.3911,0.4693,0.4693,0.4111,0,0,0
5.436746,1788532546.981397,-59.8824,-64.6957,-64.6957,-60.0000,-59.5933,0,1,0,-0.5149,-0.2733,0.6013,0.6013,0.4205,0,0,0,-0.6745,-0.8109,-1.2163,-1.2163,-1.3493,0,0,0,-0.7134,-0.7587,0.9104,0.9104,1.0339,0,0,0,2.4481,2.2269,2.6723,2.6723,2.6900,0,0,0,0.6113,0.4007,0.4809,0.4809,0.4191,0,0,0
5.444994,1788532546.989204,-59.5202,-64.4455,-64.4455,-60.0000,-59.6530,0,1,0,-0.5539,-0.2864,0.6302,0.6302,0.4283,0,0,0,-0.6505,-0.8034,-1.2051,-1.2051,-1.3422,0,0,0,-0.7646,-0.7590,0.9107,0.9107,1.0269,0,0,0,2.4481,2.2372,2.6847,2.6847,2.6855,0,0,0,0.3236,0.3971,0.4766,0.4766,0.4264,0,0,0
5.453112,1788532546.997435,-59.1077,-64.1737,-64.1737,-60.0000,-59.7057,0,1,0,-0.5542,-0.2996,0.6592,0.6592,0.4370,0,0,0,-0.6745,-0.7970,-1.1956,-1.1956,-1.3348,0,0,0,-0.7939,-0.7607,0.9128,0.9128,1.0196,0,0,0,2.4675,2.2486,2.6983,2.6983,2.6816,0,0,0,0.0272,0.3789,0.4547,0.4547,0.4328,0,0,0
5.460783,1788532547.006180,-58.6315,-63.8742,-63.8742,-60.0000,-59.7520,0,1,0,-0.6249,-0.3166,0.6965,0.6965,0.4465,0,0,0,-0.7060,-0.7923,-1.1884,-1.1884,-1.3269,0,0,0,-0.9276,-0.7694,0.9233,0.9233,1.0119,0,0,0,2.4790,2.2606,2.7127,2.7127,2.6783,0,0,0,-0.0121,0.3586,0.4303,0.4303,0.4386,0,0,0
5.469471,1788532547.015316,-58.6315,-63.5784,-63.5784,-60.0000,-59.7925,0,1,0,-0.6249,-0.3333,0.7334,0.7334,0.4570,0,0,0,-0.7060,-0.7876,-1.1814,-1.1814,-1.3187,0,0,0,-0.9276,-0.7780,0.9336,0.9336,1.0042,0,0,0,2.4790,2.2724,2.7269,2.7269,2.6758,0,0,0,-0.0121,0.3384,0.4061,0.4061,0.4438,0,0,0
5.477216,1788532547.023006,-58.6315,-63.3411,-63.3411,-60.0000,-59.8277,0,1,0,-0.6249,-0.3468,0.7630,0.7630,0.4686,0,0,0,-0.7060,-0.7838,-1.1757,-1.1757,-1.3102,0,0,0,-0.9276,-0.7849,0.9419,0.9419,0.9965,0,0,0,2.4790,2.2820,2.7383,2.7383,2.6741,0,0,0,-0.0121,0.3223,0.3867,0.3867,0.4481,0,0,0
5.484787,1788532547.030209,-57.3634,-63.0710,-63.0710,-60.0000,-59.8583,0,1,0,-0.6630,-0.3605,0.7931,0.7931,0.4815,0,0,0,-0.7680,-0.7831,-1.1747,-1.1747,-1.3014,0,0,0,-0.9884,-0.7937,0.9524,0.9524,0.9892,0,0,0,2.5258,2.2925,2.7510,2.7510,2.6734,0,0,0,-0.0807,0.3048,0.3658,0.3658,0.4513,0,0,0
5.493678,1788532547.038096,-56.9979,-62.7712,-62.7712,-60.0000,-59.8784,0,1,0,-0.6590,-0.3746,0.8242,0.8242,0.4921,0,0,0,-0.6817,-0.7783,-1.1675,-1.1675,-1.2948,0,0,0,-0.8665,-0.7971,0.9566,0.9566,0.9841,0,0,0,2.5499,2.3047,2.7656,2.7656,2.6736,0,0,0,-0.2152,0.2802,0.3363,0.3363,0.4528,0,0,0
5.501030,1788532547.045355,-56.9979,-62.5073,-62.5073,-60.0000,-59.9019,0,1,0,-0.6590,-0.3871,0.8515,0.8515,0.5074,0,0,0,-0.6817,-0.7741,-1.1612,-1.1612,-1.2858,0,0,0,-0.8665,-0.8002,0.9602,0.9602,0.9779,0,0,0,2.5499,2.3154,2.7785,2.7785,2.6747,0,0,0,-0.2152,0.2586,0.3103,0.3103,0.4536,0,0,0
5.509548,1788532547.053970,-56.9979,-62.2106,-62.2106,-60.0000,-59.9220,0,1,0,-0.6590,-0.4011,0.8823,0.8823,0.5241,0,0,0,-0.6817,-0.7694,-1.1541,-1.1541,-1.2769,0,0,0,-0.8665,-0.8036,0.9643,0.9643,0.9725,0,0,0,2.5499,2.3274,2.7929,2.7929,2.6768,0,0,0,-0.2152,0.2342,0.2811,0.2811,0.4528,0,0,0
5.517310,1788532547.062078,-56.1304,-61.9009,-61.9009,-60.0000,-59.9390,0,1,0,-0.6733,-0.4143,0.9114,0.9114,0.5421,0,0,0,-0.6146,-0.7619,-1.1428,-1.1428,-1.2681,0,0,0,-0.7207,-0.7996,0.9595,0.9595,0.9680,0,0,0,2.6720,2.3442,2.8130,2.8130,2.6798,0,0,0,-0.1596,0.2151,0.2581,0.2581,0.4504,0,0,0
5.524439,1788532547.069747,-56.1304,-61.6217,-61.6217,-60.0000,-59.9534,0,1,0,-0.6733,-0.4262,0.9377,0.9377,0.5613,0,0,0,-0.6146,-0.7551,-1.1326,-1.1326,-1.2594,0,0,0,-0.7207,-0.7959,0.9551,0.9551,0.9643,0,0,0,2.6720,2.3593,2.8311,2.8311,2.6838,0,0,0,-0.1596,0.1979,0.2374,0.2374,0.4463,0,0,0
5.533180,1788532547.077619,-56.1304,-61.3490,-61.3490,-60.0000,-59.9654,0,1,0,-0.6733,-0.4379,0.9633,0.9633,0.5817,0,0,0,-0.6146,-0.7484,-1.1227,-1.1227,-1.2508,0,0,0,-0.7207,-0.7924,0.9509,0.9509,0.9614,0,0,0,2.6720,2.3740,2.8488,2.8488,2.6887,0,0,0,-0.1596,0.1810,0.2172,0.2172,0.4405,0,0,0
5.541520,1788532547.086188,-56.1304,-61.0679,-61.0679,-60.0000,-59.9754,0,1,0,-0.6733,-0.4499,0.9899,0.9899,0.6030,0,0,0,-0.6146,-0.7416,-1.1124,-1.1124,-1.2423,0,0,0,-0.7207,-0.7887,0.9465,0.9465,0.9591,0,0,0,2.6720,2.3893,2.8671,2.8671,2.6945,0,0,0,-0.1596,0.1635,0.1963,0.1963,0.4330,0,0,0
5.549066,1788532547.094459,-56.1304,-60.8105,-60.8105,-60.0000,-59.9818,0,1,0,-0.6733,-0.4610,1.0142,1.0142,0.6197,0,0,0,-0.6146,-0.7353,-1.1030,-1.1030,-1.2360,0,0,0,-0.7207,-0.7854,0.9424,0.9424,0.9577,0,0,0,2.6720,2.4033,2.8839,2.8839,2.6995,0,0,0,-0.1596,0.1475,0.1771,0.1771,0.4264,0,0,0
5.557001,1788532547.102414,-56.1304,-60.5752,-60.5752,-60.0000,-59.9889,0,1,0,-0.6733,-0.4711,1.0365,1.0365,0.6426,0,0,0,-0.6146,-0.7296,-1.0943,-1.0943,-1.2275,0,0,0,-0.7207,-0.7823,0.9387,0.9387,0.9561,0,0,0,2.6720,2.4161,2.8993,2.8993,2.7069,0,0,0,-0.1596,0.1329,0.1595,0.1595,0.4162,0,0,0
5.565896,1788532547.111430,-56.1304,-60.3236,-60.3236,-60.0000,-59.9946,0,1,0,-0.6733,-0.4820,1.0604,1.0604,0.6662,0,0,0,-0.6146,-0.7234,-1.0851,-1.0851,-1.2191,0,0,0,-0.7207,-0.7790,0.9348,0.9348,0.9548,0,0,0,2.6720,2.4298,2.9158,2.9158,2.7153,0,0,0,-0.1596,0.1172,0.1406,0.1406,0.4047,0,0,0
5.573225,1788532547.118647,-56.1304,-60.1314,-60.1314,-60.0000,-59.9992,0,1,0,-0.6733,-0.4903,1.0787,1.0787,0.6904,0,0,0,-0.6146,-0.7187,-1.0780,-1.0780,-1.2105,0,0,0,-0.7207,-0.7764,0.9317,0.9317,0.9536,0,0,0,2.6720,2.4404,2.9284,2.9284,2.7246,0,0,0,-0.1596,0.1051,0.1262,0.1262,0.3919,0,0,0
5.581712,1788532547.125209,-52.4982,-59.8110,-59.8110,-59.8110,-60.0027,0,0,0,-0.8113,-0.5031,1.1067,1.1067,0.7151,0,0,0,-0.7792,-0.7211,-1.0816,-1.0816,-1.2020,0,0,0,-1.0158,-0.7859,0.9431,0.9431,0.9525,0,0,0,2.7591,2.4530,2.9436,2.9436,2.7347,0,0,0,0.5653,0.1234,0.1481,0.1481,0.3782,0,0,0
5.589841,1788532547.135148,-52.0658,-59.3281,-59.3281,-59.6110,-60.0055,1,0,0,-0.8113,-0.5212,1.1467,1.1467,0.7401,0,0,0,-0.8135,-0.7265,-1.0898,-1.0898,-1.1934,0,0,0,-1.0158,-0.7994,0.9593,0.9593,0.9513,0,0,0,2.6511,2.4647,2.9576,2.9576,2.7455,0,0,0,0.6595,0.1550,0.1859,0.1859,0.3636,0,0,0
5.597204,1788532547.142900,-52.0658,-58.9693,-58.9693,-59.4110,-60.0075,1,0,0,-0.8113,-0.5347,1.1764,1.1764,0.7652,0,0,0,-0.8135,-0.7305,-1.0958,-1.0958,-1.1847,0,0,0,-1.0158,-0.8095,0.9714,0.9714,0.9501,0,0,0,2.6511,2.4734,2.9680,2.9680,2.7570,0,0,0,0.6595,0.1784,0.2141,0.2141,0.3482,0,0,0
5.605818,1788532547.150169,-52.0658,-58.6479,-58.6479,-59.2110,-60.0082,1,0,0,-0.8113,-0.5468,1.2031,1.2031,0.7842,0,0,0,-0.8135,-0.7342,-1.1013,-1.1013,-1.1783,0,0,0,-1.0158,-0.8185,0.9822,0.9822,0.9492,0,0,0,2.6511,2.4811,2.9774,2.9774,2.7659,0,0,0,0.6595,0.1994,0.2393,0.2393,0.3363,0,0,0
5.613605,1788532547.158237,-52.0658,-58.3090,-58.3090,-59.0110,-60.0042,1,0,0,-0.8113,-0.5596,1.2312,1.2312,0.8159,0,0,0,-0.8135,-0.7380,-1.1070,-1.1070,-1.1678,0,0,0,-1.0158,-0.8280,0.9936,0.9936,0.9480,0,0,0,2.6511,2.4894,2.9872,2.9872,2.7815,0,0,0,0.6595,0.2217,0.2660,0.2660,0.3170,0,0,0
5.621128,1788532547.165764,-50.0875,-57.9118,-57.9118,-58.8110,-59.9924,1,0,0,-1.0108,-0.5801,1.2762,1.2762,0.8418,0,0,0,-0.8917,-0.7450,-1.1174,-1.1174,-1.1600,0,0,0,-1.1163,-0.8410,1.0093,1.0093,0.9475,0,0,0,2.7043,2.4991,2.9989,2.9989,2.7944,0,0,0,0.6995,0.2432,0.2919,0.2919,0.3030,0,0,0
5.629591,1788532547.174557,-50.0875,-57.4731,-57.4731,-58.6110,-59.9691,1,0,0,-1.0108,-0.6027,1.3259,1.3259,0.8684,0,0,0,-0.8917,-0.7526,-1.1290,-1.1290,-1.1529,0,0,0,-1.1163,-0.8555,1.0266,1.0266,0.9478,0,0,0,2.7043,2.5099,3.0118,3.0118,2.8077,0,0,0,0.6995,0.2671,0.3206,0.3206,0.2909,0,0,0
5.637832,1788532547.182636,-49.1126,-57.0394,-57.0394,-58.4110,-59.9434,1,0,0,-1.1648,-0.6299,1.3859,1.3859,0.8889,0,0,0,-0.9499,-0.7622,-1.1433,-1.1433,-1.1480,0,0,0,-1.1163,-0.8681,1.0417,1.0417,0.9485,0,0,0,2.6285,2.5156,3.0187,3.0187,2.8179,0,0,0,0.5862,0.2825,0.3391,0.3391,0.2834,0,0,0
5.645957,1788532547.190407,-48.5977,-56.6164,-56.6164,-58.2110,-59.8982,1,0,0,-1.1984,-0.6565,1.4443,1.4443,0.9168,0,0,0,-1.0210,-0.7742,-1.1613,-1.1613,-1.1424,0,0,0,-1.0645,-0.8772,1.0527,1.0527,0.9503,0,0,0,2.5977,2.5194,3.0233,3.0233,2.8316,0,0,0,0.5862,0.2967,0.3560,0.3560,0.2755,0,0,0
5.653706,1788532547.198422,-48.1689,-56.1796,-56.1796,-58.0110,-59.8405,1,0,0,-1.2235,-0.6838,1.5044,1.5044,0.9458,0,0,0,-0.9499,-0.7827,-1.1740,-1.1740,-1.1378,0,0,0,-0.9816,-0.8822,1.0587,1.0587,0.9529,0,0,0,2.5977,2.5232,3.0278,3.0278,2.8455,0,0,0,0.4250,0.3028,0.3634,0.3634,0.2700,0,0,0
5.661388,1788532547.206777,-48.1689,-55.7482,-55.7482,-57.8110,-59.7705,1,0,0,-1.2235,-0.7108,1.5638,1.5638,0.9761,0,0,0,-0.9499,-0.7910,-1.1865,-1.1865,-1.1343,0,0,0,-0.9816,-0.8872,1.0646,1.0646,0.9566,0,0,0,2.5977,2.5269,3.0323,3.0323,2.8593,0,0,0,0.4250,0.3089,0.3707,0.3707,0.2670,0,0,0
5.669500,1788532547.214869,-48.1689,-55.3517,-55.3517,-57.6110,-59.6886,1,0,0,-1.2235,-0.7357,1.6186,1.6186,1.0080,0,0,0,-0.9499,-0.7987,-1.1980,-1.1980,-1.1320,0,0,0,-0.9816,-0.8918,1.0701,1.0701,0.9611,0,0,0,2.5977,2.5303,3.0364,3.0364,2.8730,0,0,0,0.4250,0.3146,0.3775,0.3775,0.2661,0,0,0
5.677513,1788532547.222925,-46.6782,-54.8989,-54.8989,-57.4110,-59.5954,1,0,0,-1.3575,-0.7658,1.6848,1.6848,1.0415,0,0,0,-0.8715,-0.8022,-1.2033,-1.2033,-1.1309,0,0,0,-0.9612,-0.8951,1.0741,1.0741,0.9663,0,0,0,2.5917,2.5333,3.0400,3.0400,2.8864,0,0,0,0.4553,0.3214,0.3856,0.3856,0.2672,0,0,0
5.685892,1788532547.230298,-46.1528,-54.4783,-54.4783,-57.2110,-59.4915,1,0,0,-1.4109,-0.7945,1.7479,1.7479,1.0768,0,0,0,-0.8715,-0.8053,-1.2079,-1.2079,-1.1310,0,0,0,-0.9426,-0.8972,1.0767,1.0767,0.9721,0,0,0,2.5604,2.5345,3.0414,3.0414,2.8994,0,0,0,0.3286,0.3217,0.3860,0.3860,0.2698,0,0,0
5.693623,1788532547.239329,-45.6720,-53.9644,-53.9644,-57.0110,-59.3776,1,0,0,-1.4262,-0.8286,1.8229,1.8229,1.1138,0,0,0,-0.8705,-0.8088,-1.2131,-1.2131,-1.1323,0,0,0,-0.9426,-0.8997,1.0796,1.0796,0.9783,0,0,0,2.5604,2.5359,3.0431,3.0431,2.9120,0,0,0,0.3286,0.3220,0.3865,0.3865,0.2737,0,0,0
5.701112,1788532547.247495,-45.1274,-53.4947,-53.4947,-56.8110,-59.2543,1,0,0,-1.4427,-0.8587,1.8892,1.8892,1.1527,0,0,0,-0.8658,-0.8115,-1.2173,-1.2173,-1.1345,0,0,0,-0.9385,-0.9016,1.0819,1.0819,0.9849,0,0,0,2.5537,2.5368,3.0441,3.0441,2.9240,0,0,0,0.3640,0.3241,0.3889,0.3889,0.2787,0,0,0
5.709655,1788532547.254004,-45.1274,-53.1356,-53.1356,-56.6110,-59.1223,1,0,0,-1.4427,-0.8818,1.9399,1.9399,1.1935,0,0,0,-0.8658,-0.8137,-1.2205,-1.2205,-1.1375,0,0,0,-0.9385,-0.9030,1.0836,1.0836,0.9916,0,0,0,2.5537,2.5374,3.0449,3.0449,2.9355,0,0,0,0.3640,0.3257,0.3908,0.3908,0.2845,0,0,0
5.717933,1788532547.262136,-44.6093,-52.6826,-52.6826,-56.4110,-59.0181,1,0,0,-1.5215,-0.9131,2.0087,2.0087,1.2254,0,0,0,-0.8658,-0.8162,-1.2243,-1.2243,-1.1402,0,0,0,-0.8889,-0.9023,1.0828,1.0828,0.9967,0,0,0,2.5291,2.5370,3.0444,3.0444,2.9436,0,0,0,0.3640,0.3275,0.3930,0.3930,0.2892,0,0,0
5.725007,1788532547.270349,-44.6093,-52.2493,-52.2493,-56.2110,-58.8727,1,0,0,-1.5215,-0.9431,2.0748,2.0748,1.2697,0,0,0,-0.8658,-0.8186,-1.2280,-1.2280,-1.1443,0,0,0,-0.8889,-0.9017,1.0820,1.0820,1.0034,0,0,0,2.5291,2.5366,3.0440,3.0440,2.9540,0,0,0,0.3640,0.3293,0.3952,0.3952,0.2957,0,0,0
5.733230,1788532547.278624,-44.6093,-51.8360,-51.8360,-56.0110,-58.7205,1,0,0,-1.5215,-0.9718,2.1380,2.1380,1.3158,0,0,0,-0.8658,-0.8210,-1.2315,-1.2315,-1.1488,0,0,0,-0.8889,-0.9010,1.0812,1.0812,1.0101,0,0,0,2.5291,2.5363,3.0435,3.0435,2.9636,0,0,0,0.3640,0.3310,0.3972,0.3972,0.3025,0,0,0
5.741899,1788532547.286767,-44.6093,-51.4509,-51.4509,-55.8110,-58.5623,1,0,0,-1.5215,-0.9987,2.1972,2.1972,1.3636,0,0,0,-0.8658,-0.8232,-1.2347,-1.2347,-1.1536,0,0,0,-0.8889,-0.9004,1.0805,1.0805,1.0166,0,0,0,2.5291,2.5359,3.0431,3.0431,2.9726,0,0,0,0.3640,0.3326,0.3992,0.3992,0.3094,0,0,0
5.749602,1788532547.295909,-44.6093,-51.0444,-51.0444,-55.6110,-58.3985,1,0,0,-1.5215,-1.0273,2.2601,2.2601,1.4130,0,0,0,-0.8658,-0.8255,-1.2382,-1.2382,-1.1587,0,0,0,-0.8889,-0.8998,1.0798,1.0798,1.0228,0,0,0,2.5291,2.5355,3.0427,3.0427,2.9808,0,0,0,0.3640,0.3343,0.4012,0.4012,0.3162,0,0,0
5.757668,1788532547.302983,-44.6093,-50.7444,-50.7444,-55.4110,-58.2298,1,0,0,-1.5215,-1.0485,2.3066,2.3066,1.4640,0,0,0,-0.8658,-0.8272,-1.2408,-1.2408,-1.1639,0,0,0,-0.8889,-0.8993,1.0792,1.0792,1.0287,0,0,0,2.5291,2.5353,3.0423,3.0423,2.9884,0,0,0,0.3640,0.3356,0.4027,0.4027,0.3230,0,0,0
5.765960,1788532547.310820,-41.5577,-50.2715,-50.2715,-55.2110,-58.0567,1,0,0,-1.6964,-1.0791,2.3739,2.3739,1.5164,0,0,0,-0.9451,-0.8327,-1.2491,-1.2491,-1.1691,0,0,0,-0.9159,-0.9001,1.0802,1.0802,1.0342,0,0,0,2.3221,2.5253,3.0303,3.0303,2.9952,0,0,0,0.5454,0.3455,0.4146,0.4146,0.3296,0,0,0
5.773957,1788532547.319363,-41.0494,-49.7556,-49.7556,-55.0110,-57.8796,1,0,0,-1.7976,-1.1159,2.4550,2.4550,1.5700,0,0,0,-0.9755,-0.8400,-1.2600,-1.2600,-1.1745,0,0,0,-0.9816,-0.9043,1.0851,1.0851,1.0393,0,0,0,2.3221,2.5149,3.0179,3.0179,3.0014,0,0,0,0.6083,0.3589,0.4306,0.4306,0.3360,0,0,0
5.781675,1788532547.327370,-40.4782,-49.2668,-49.2668,-54.8110,-57.6992,1,0,0,-1.8480,-1.1512,2.5326,2.5326,1.6245,0,0,0,-1.1155,-0.8532,-1.2798,-1.2798,-1.1798,0,0,0,-1.2036,-0.9186,1.1024,1.1024,1.0440,0,0,0,2.4207,2.5104,3.0125,3.0125,3.0069,0,0,0,0.7043,0.3754,0.4505,0.4505,0.3422,0,0,0
5.790194,1788532547.335050,-39.9499,-48.7941,-48.7941,-54.6110,-57.5157,1,0,0,-1.8942,-1.1856,2.6084,2.6084,1.6799,0,0,0,-1.1369,-0.8663,-1.2994,-1.2994,-1.1851,0,0,0,-1.2104,-0.9321,1.1185,1.1185,1.0483,0,0,0,2.4528,2.5077,3.0093,3.0093,3.0117,0,0,0,0.7600,0.3932,0.4718,0.4718,0.3482,0,0,0
5.797776,1788532547.343170,-39.9499,-48.3206,-48.3206,-54.4110,-57.3763,1,0,0,-1.8942,-1.2203,2.6846,2.6846,1.7221,0,0,0,-1.1369,-0.8794,-1.3191,-1.3191,-1.1891,0,0,0,-1.2104,-0.9456,1.1347,1.1347,1.0513,0,0,0,2.4528,2.5051,3.0061,3.0061,3.0147,0,0,0,0.7600,0.4110,0.4932,0.4932,0.3528,0,0,0
5.805904,1788532547.351305,-39.9499,-47.8713,-47.8713,-54.2110,-57.2355,1,0,0,-1.8942,-1.2533,2.7572,2.7572,1.7650,0,0,0,-1.1369,-0.8920,-1.3380,-1.3380,-1.1933,0,0,0,-1.2104,-0.9585,1.1502,1.1502,1.0542,0,0,0,2.4528,2.5025,3.0030,3.0030,3.0173,0,0,0,0.7600,0.4280,0.5136,0.5136,0.3574,0,0,0
5.813930,1788532547.359331,-39.9499,-47.4514,-47.4514,-54.0110,-56.9983,1,0,0,-1.8942,-1.2843,2.8254,2.8254,1.8380,0,0,0,-1.1369,-0.9037,-1.3556,-1.3556,-1.2008,0,0,0,-1.2104,-0.9706,1.1647,1.1647,1.0592,0,0,0,2.4528,2.5001,3.0002,3.0002,3.0204,0,0,0,0.7600,0.4440,0.5328,0.5328,0.3657,0,0,0
5.822093,1788532547.366861,-39.9499,-47.0768,-47.0768,-53.8110,-56.8064,1,0,0,-1.8942,-1.3120,2.8864,2.8864,1.8978,0,0,0,-1.1369,-0.9143,-1.3714,-1.3714,-1.2074,0,0,0,-1.2104,-0.9814,1.1777,1.1777,1.0635,0,0,0,2.4528,2.4980,2.9976,2.9976,3.0221,0,0,0,0.7600,0.4583,0.5499,0.5499,0.3729,0,0,0
5.829721,1788532547.374021,-39.9499,-46.7376,-46.7376,-53.6110,-56.6131,1,0,0,-1.8942,-1.3373,2.9420,2.9420,1.9589,0,0,0,-1.1369,-0.9239,-1.3858,-1.3858,-1.2146,0,0,0,-1.2104,-0.9913,1.1896,1.1896,1.0682,0,0,0,2.4528,2.4960,2.9953,2.9953,3.0231,0,0,0,0.7600,0.4713,0.5655,0.5655,0.3808,0,0,0
5.838067,1788532547.382847,-36.8803,-46.1648,-46.1648,-53.4110,-56.4183,1,0,0,-1.8141,-1.3625,2.9975,2.9975,2.0212,0,0,0,-1.2664,-0.9419,-1.4129,-1.4129,-1.2226,0,0,0,-1.3822,-1.0119,1.2143,1.2143,1.0735,0,0,0,2.5138,2.4970,2.9964,2.9964,3.0235,0,0,0,0.8244,0.4899,0.5879,0.5879,0.3895,0,0,0
5.845665,1788532547.390064,-36.8803,-45.7182,-45.7182,-53.2110,-56.2225,1,0,0,-1.8141,-1.3822,3.0409,3.0409,2.0844,0,0,0,-1.2664,-0.9560,-1.4340,-1.4340,-1.2313,0,0,0,-1.3822,-1.0280,1.2336,1.2336,1.0793,0,0,0,2.5138,2.4977,2.9973,2.9973,3.0234,0,0,0,0.8244,0.5044,0.6053,0.6053,0.3989,0,0,0
5.854173,1788532547.399047,-35.7945,-45.1304,-45.1304,-53.0110,-56.0257,1,0,0,-1.8421,-1.4070,3.0953,3.0953,2.1482,0,0,0,-1.2664,-0.9726,-1.4589,-1.4589,-1.2407,0,0,0,-1.4205,-1.0490,1.2588,1.2588,1.0856,0,0,0,2.5719,2.5017,3.0020,3.0020,3.0228,0,0,0,0.8244,0.5216,0.6259,0.6259,0.4090,0,0,0
5.861866,1788532547.406604,-35.7945,-44.6601,-44.6601,-52.8110,-55.8281,1,0,0,-1.8421,-1.4268,3.1391,3.1391,2.2124,0,0,0,-1.2664,-0.9860,-1.4790,-1.4790,-1.2507,0,0,0,-1.4205,-1.0659,1.2791,1.2791,1.0926,0,0,0,2.5719,2.5049,3.0058,3.0058,3.0219,0,0,0,0.8244,0.5353,0.6424,0.6424,0.4199,0,0,0
5.869984,1788532547.415412,-35.7945,-44.1438,-44.1438,-52.6110,-55.6298,1,0,0,-1.8421,-1.4488,3.1873,3.1873,2.2766,0,0,0,-1.2664,-1.0007,-1.5011,-1.5011,-1.2616,0,0,0,-1.4205,-1.0845,1.3014,1.3014,1.1004,0,0,0,2.5719,2.5084,3.0101,3.0101,3.0207,0,0,0,0.8244,0.5505,0.6606,0.6606,0.4314,0,0,0
5.877905,1788532547.423374,-34.2195,-43.6176,-43.6176,-52.4110,-55.4310,1,0,0,-1.9184,-1.4713,3.2369,3.2369,2.3406,0,0,0,-1.2428,-1.0123,-1.5184,-1.5184,-1.2733,0,0,0,-1.3577,-1.0976,1.3171,1.3171,1.1089,0,0,0,2.5833,2.5119,3.0143,3.0143,3.0195,0,0,0,0.7559,0.5603,0.6724,0.6724,0.4436,0,0,0
5.886272,1788532547.430664,-33.6933,-43.1329,-43.1329,-52.2110,-55.2317,1,0,0,-1.9496,-1.4924,3.2833,3.2833,2.4042,0,0,0,-1.1289,-1.0174,-1.5261,-1.5261,-1.2859,0,0,0,-1.2534,-1.1044,1.3253,1.3253,1.1184,0,0,0,2.5843,2.5151,3.0181,3.0181,3.0182,0,0,0,0.5274,0.5589,0.6707,0.6707,0.4565,0,0,0
5.894618,1788532547.439295,-33.6933,-42.5916,-42.5916,-52.0110,-55.0321,1,0,0,-1.9496,-1.5161,3.3354,3.3354,2.4671,0,0,0,-1.1289,-1.0231,-1.5347,-1.5347,-1.2993,0,0,0,-1.2534,-1.1121,1.3345,1.3345,1.1289,0,0,0,2.5843,2.5187,3.0224,3.0224,3.0170,0,0,0,0.5274,0.5573,0.6687,0.6687,0.4700,0,0,0
5.902526,1788532547.447132,-32.5799,-42.0668,-42.0668,-51.8110,-54.8321,1,0,0,-2.0855,-1.5430,3.3946,3.3946,2.5292,0,0,0,-1.0182,-1.0229,-1.5343,-1.5343,-1.3134,0,0,0,-1.2338,-1.1178,1.3414,1.3414,1.1401,0,0,0,2.6396,2.5244,3.0292,3.0292,3.0160,0,0,0,0.3984,0.5498,0.6598,0.6598,0.4839,0,0,0
5.910177,1788532547.454568,-32.0233,-41.5652,-41.5652,-51.6110,-54.6820,1,0,0,-2.0855,-1.5674,3.4483,3.4483,2.5752,0,0,0,-0.8596,-1.0156,-1.5234,-1.5234,-1.3244,0,0,0,-1.0615,-1.1153,1.3384,1.3384,1.1491,0,0,0,2.6243,2.5288,3.0346,3.0346,3.0154,0,0,0,0.3499,0.5409,0.6490,0.6490,0.4945,0,0,0
5.918218,1788532547.463611,-32.0233,-40.9917,-40.9917,-51.4110,-54.4817,1,0,0,-2.0855,-1.5954,3.5100,3.5100,2.6358,0,0,0,-0.8596,-1.0072,-1.5108,-1.5108,-1.3393,0,0,0,-1.0615,-1.1124,1.3349,1.3349,1.1614,0,0,0,2.6243,2.5340,3.0408,3.0408,3.0149,0,0,0,0.3499,0.5306,0.6367,0.6367,0.5086,0,0,0
5.925756,1788532547.471277,-32.0233,-40.5302,-40.5302,-51.2110,-54.2813,1,0,0,-2.0855,-1.6181,3.5599,3.5599,2.6957,0,0,0,-0.8596,-1.0004,-1.5006,-1.5006,-1.3543,0,0,0,-1.0615,-1.1101,1.3321,1.3321,1.1741,0,0,0,2.6243,2.5381,3.0457,3.0457,3.0146,0,0,0,0.3499,0.5223,0.6267,0.6267,0.5224,0,0,0
5.934012,1788532547.479418,-32.0233,-40.0668,-40.0668,-51.0110,-54.0808,1,0,0,-2.0855,-1.6410,3.6103,3.6103,2.7548,0,0,0,-0.8596,-0.9935,-1.4903,-1.4903,-1.3692,0,0,0,-1.0615,-1.1077,1.3292,1.3292,1.1869,0,0,0,2.6243,2.5423,3.0508,3.0508,3.0146,0,0,0,0.3499,0.5139,0.6166,0.6166,0.5355,0,0,0
5.942618,1788532547.487371,-32.0233,-39.6382,-39.6382,-50.8110,-53.8801,1,0,0,-2.0855,-1.6623,3.6571,3.6571,2.8134,0,0,0,-0.8596,-0.9872,-1.4807,-1.4807,-1.3835,0,0,0,-1.0615,-1.1055,1.3266,1.3266,1.1996,0,0,0,2.6243,2.5462,3.0555,3.0555,3.0150,0,0,0,0.3499,0.5060,0.6073,0.6073,0.5477,0,0,0
5.950601,1788532547.494914,-29.9317,-39.1458,-39.1458,-50.6110,-53.6795,1,0,0,-2.0265,-1.6789,3.6937,3.6937,2.8715,0,0,0,-0.8733,-0.9820,-1.4730,-1.4730,-1.3968,0,0,0,-0.9620,-1.0990,1.3188,1.3188,1.2118,0,0,0,2.5151,2.5448,3.0538,3.0538,3.0158,0,0,0,0.2637,0.4951,0.5941,0.5941,0.5588,0,0,0
5.957931,1788532547.502729,-29.9317,-38.6621,-38.6621,-50.4110,-53.4788,1,0,0,-2.0265,-1.6953,3.7297,3.7297,2.9292,0,0,0,-0.8733,-0.9769,-1.4654,-1.4654,-1.4090,0,0,0,-0.9620,-1.0926,1.3111,1.3111,1.2234,0,0,0,2.5151,2.5434,3.0521,3.0521,3.0170,0,0,0,0.2637,0.4842,0.5811,0.5811,0.5685,0,0,0
5.966598,1788532547.510121,-28.7542,-38.1681,-38.1681,-50.2110,-53.2781,1,0,0,-2.0083,-1.7093,3.7605,3.7605,2.9863,0,0,0,-0.8733,-0.9723,-1.4585,-1.4585,-1.4199,0,0,0,-0.9654,-1.0869,1.3043,1.3043,1.2344,0,0,0,2.5151,2.5422,3.0506,3.0506,3.0185,0,0,0,0.2637,0.4744,0.5693,0.5693,0.5770,0,0,0
5.974604,1788532547.519026,-28.1883,-37.5744,-37.5744,-50.0110,-53.0774,1,0,0,-1.9713,-1.7233,3.7912,3.7912,3.0427,0,0,0,-0.8082,-0.9636,-1.4454,-1.4454,-1.4294,0,0,0,-0.9654,-1.0805,1.2966,1.2966,1.2445,0,0,0,2.5526,2.5427,3.0513,3.0513,3.0203,0,0,0,0.2591,0.4630,0.5556,0.5556,0.5840,0,0,0
5.982421,1788532547.528744,-27.6495,-36.9339,-36.9339,-49.8110,-52.8768,1,0,0,-1.8994,-1.7335,3.8136,3.8136,3.0984,0,0,0,-0.8121,-0.9549,-1.4323,-1.4323,-1.4376,0,0,0,-0.9161,-1.0710,1.2852,1.2852,1.2537,0,0,0,2.4812,2.5392,3.0470,3.0470,3.0223,0,0,0,0.3242,0.4550,0.5460,0.5460,0.5897,0,0,0
5.990448,1788532547.535853,-27.0587,-36.4587,-36.4587,-49.6110,-52.6761,1,0,0,-1.8994,-1.7406,3.8294,3.8294,3.1530,0,0,0,-0.8121,-0.9488,-1.4232,-1.4232,-1.4445,0,0,0,-0.9161,-1.0644,1.2772,1.2772,1.2618,0,0,0,2.4288,2.5344,3.0413,3.0413,3.0244,0,0,0,0.3194,0.4492,0.5391,0.5391,0.5939,0,0,0
5.998519,1788532547.543482,-27.0587,-35.9747,-35.9747,-49.4110,-52.4755,1,0,0,-1.8994,-1.7479,3.8454,3.8454,3.2064,0,0,0,-0.8121,-0.9425,-1.4138,-1.4138,-1.4500,0,0,0,-0.9161,-1.0576,1.2691,1.2691,1.2689,0,0,0,2.4288,2.5296,3.0355,3.0355,3.0264,0,0,0,0.3194,0.4433,0.5320,0.5320,0.5967,0,0,0
6.006638,1788532547.552061,-25.8856,-35.3939,-35.3939,-49.2110,-52.3251,1,0,0,-1.8667,-1.7540,3.8589,3.8589,3.2455,0,0,0,-0.7984,-0.9352,-1.4027,-1.4027,-1.4533,0,0,0,-0.8857,-1.0488,1.2585,1.2585,1.2735,0,0,0,2.4176,2.5239,3.0287,3.0287,3.0280,0,0,0,0.3194,0.4370,0.5244,0.5244,0.5979,0,0,0
6.014066,1788532547.558952,-25.8856,-34.9487,-34.9487,-49.0110,-52.1240,1,0,0,-1.8667,-1.7587,3.8692,3.8692,3.2964,0,0,0,-0.7984,-0.9295,-1.3942,-1.3942,-1.4564,0,0,0,-0.8857,-1.0420,1.2504,1.2504,1.2785,0,0,0,2.4176,2.5195,3.0234,3.0234,3.0299,0,0,0,0.3194,0.4321,0.5185,0.5185,0.5983,0,0,0
6.022388,1788532547.566285,-25.8856,-34.4982,-34.4982,-48.8110,-51.9202,1,0,0,-1.8667,-1.7635,3.8797,3.8797,3.3456,0,0,0,-0.7984,-0.9237,-1.3856,-1.3856,-1.4582,0,0,0,-0.8857,-1.0351,1.2422,1.2422,1.2824,0,0,0,2.4176,2.5150,3.0180,3.0180,3.0315,0,0,0,0.3194,0.4271,0.5125,0.5125,0.5976,0,0,0
6.030162,1788532547.575488,-25.8856,-33.9681,-33.9681,-48.6110,-51.7137,1,0,0,-1.8667,-1.7692,3.8922,3.8922,3.3931,0,0,0,-0.7984,-0.9169,-1.3753,-1.3753,-1.4586,0,0,0,-0.8857,-1.0270,1.2324,1.2324,1.2849,0,0,0,2.4176,2.5097,3.0116,3.0116,3.0327,0,0,0,0.3194,0.4212,0.5055,0.5055,0.5957,0,0,0
6.038313,1788532547.583634,-23.6103,-33.3993,-33.3993,-48.4110,-51.5053,1,0,0,-1.6638,-1.7640,3.8809,3.8809,3.4385,0,0,0,-0.8521,-0.9137,-1.3706,-1.3706,-1.4578,0,0,0,-0.9934,-1.0253,1.2304,1.2304,1.2863,0,0,0,2.5885,2.5135,3.0162,3.0162,3.0335,0,0,0,0.1610,0.4085,0.4903,0.4903,0.5929,0,0,0
6.046641,1788532547.591419,-23.6103,-32.8840,-32.8840,-48.2110,-51.2955,1,0,0,-1.6638,-1.7593,3.8705,3.8705,3.4816,0,0,0,-0.8521,-0.9108,-1.3662,-1.3662,-1.4559,0,0,0,-0.9934,-1.0238,1.2286,1.2286,1.2867,0,0,0,2.5885,2.5170,3.0204,3.0204,3.0339,0,0,0,0.1610,0.3970,0.4764,0.4764,0.5893,0,0,0
6.053779,1788532547.598938,-23.6103,-32.4114,-32.4114,-48.0110,-51.0847,1,0,0,-1.6638,-1.7550,3.8610,3.8610,3.5224,0,0,0,-0.8521,-0.9082,-1.3623,-1.3623,-1.4531,0,0,0,-0.9934,-1.0225,1.2270,1.2270,1.2860,0,0,0,2.5885,2.5202,3.0243,3.0243,3.0338,0,0,0,0.1610,0.3863,0.4636,0.4636,0.5850,0,0,0
6.062132,1788532547.606272,-21.5680,-31.8708,-31.8708,-47.8110,-50.8734,1,0,0,-1.8901,-1.7610,3.8742,3.8742,3.5606,0,0,0,-0.8922,-0.9075,-1.3612,-1.3612,-1.4494,0,0,0,-1.0379,-1.0231,1.2278,1.2278,1.2845,0,0,0,2.5499,2.5215,3.0258,3.0258,3.0334,0,0,0,0.3869,0.3864,0.4636,0.4636,0.5800,0,0,0
6.070201,1788532547.615617,-20.9651,-31.1873,-31.1873,-47.6110,-50.7148,1,0,0,-1.9489,-1.7714,3.8972,3.8972,3.5873,0,0,0,-0.8829,-0.9061,-1.3592,-1.3592,-1.4462,0,0,0,-1.0256,-1.0233,1.2279,1.2279,1.2830,0,0,0,2.5463,2.5229,3.0275,3.0275,3.0330,0,0,0,0.3869,0.3864,0.4637,0.4637,0.5758,0,0,0
6.078143,1788532547.623631,-20.9651,-30.6325,-30.6325,-47.4110,-50.5033,1,0,0,-1.9489,-1.7800,3.9160,3.9160,3.6203,0,0,0,-0.8829,-0.9050,-1.3575,-1.3575,-1.4415,0,0,0,-1.0256,-1.0234,1.2281,1.2281,1.2804,0,0,0,2.5463,2.5240,3.0288,3.0288,3.0325,0,0,0,0.3869,0.3864,0.4637,0.4637,0.5696,0,0,0
6.086693,1788532547.631097,-20.9651,-30.1415,-30.1415,-47.2110,-50.2920,1,0,0,-1.9489,-1.7876,3.9327,3.9327,3.6504,0,0,0,-0.8829,-0.9040,-1.3560,-1.3560,-1.4364,0,0,0,-1.0256,-1.0235,1.2282,1.2282,1.2775,0,0,0,2.5463,2.5250,3.0300,3.0300,3.0319,0,0,0,0.3869,0.3864,0.4637,0.4637,0.5629,0,0,0
6.094899,1788532547.639752,-20.9651,-29.6059,-29.6059,-47.0110,-50.0810,1,0,0,-1.9489,-1.7959,3.9511,3.9511,3.6781,0,0,0,-0.8829,-0.9029,-1.3544,-1.3544,-1.4311,0,0,0,-1.0256,-1.0236,1.2283,1.2283,1.2744,0,0,0,2.5463,2.5261,3.0313,3.0313,3.0314,0,0,0,0.3869,0.3865,0.4638,0.4638,0.5559,0,0,0
6.102489,1788532547.647269,-20.9651,-29.1644,-29.1644,-46.8110,-49.8705,1,0,0,-1.9489,-1.8029,3.9663,3.9663,3.7039,0,0,0,-0.8829,-0.9020,-1.3530,-1.3530,-1.4257,0,0,0,-1.0256,-1.0237,1.2284,1.2284,1.2711,0,0,0,2.5463,2.5270,3.0324,3.0324,3.0309,0,0,0,0.3869,0.3865,0.4638,0.4638,0.5488,0,0,0
6.110815,1788532547.654904,-18.0150,-28.5854,-28.5854,-46.6110,-49.6606,1,0,0,-2.1478,-1.8187,4.0012,4.0012,3.7279,0,0,0,-0.8161,-0.8981,-1.3471,-1.3471,-1.4202,0,0,0,-0.8910,-1.0176,1.2211,1.2211,1.2678,0,0,0,2.4049,2.5214,3.0257,3.0257,3.0305,0,0,0,0.3159,0.3833,0.4599,0.4599,0.5418,0,0,0
6.118718,1788532547.663116,-17.3675,-27.9607,-27.9607,-46.4110,-49.4512,1,0,0,-2.2599,-1.8405,4.0490,4.0490,3.7505,0,0,0,-0.9034,-0.8983,-1.3475,-1.3475,-1.4148,0,0,0,-0.8910,-1.0114,1.2137,1.2137,1.2646,0,0,0,2.4049,2.5157,3.0189,3.0189,3.0302,0,0,0,0.3159,0.3799,0.4559,0.4559,0.5350,0,0,0
6.126612,1788532547.671738,-16.7123,-27.3044,-27.3044,-46.2110,-49.2424,1,0,0,-2.4099,-1.8698,4.1136,4.1136,3.7718,0,0,0,-0.9034,-0.8986,-1.3479,-1.3479,-1.4095,0,0,0,-1.0714,-1.0145,1.2174,1.2174,1.2614,0,0,0,2.4338,2.5115,3.0138,3.0138,3.0300,0,0,0,0.9231,0.4079,0.4894,0.4894,0.5284,0,0,0
6.134120,1788532547.679147,-16.7123,-26.7683,-26.7683,-46.0110,-49.0343,1,0,0,-2.4099,-1.8940,4.1667,4.1667,3.7924,0,0,0,-0.9034,-0.8988,-1.3482,-1.3482,-1.4043,0,0,0,-1.0714,-1.0170,1.2204,1.2204,1.2582,0,0,0,2.4338,2.5081,3.0097,3.0097,3.0298,0,0,0,0.9231,0.4308,0.5169,0.5169,0.5221,0,0,0
6.142214,1788532547.687565,-16.7123,-26.1940,-26.1940,-45.8110,-48.8269,1,0,0,-2.4099,-1.9200,4.2240,4.2240,3.8127,0,0,0,-0.9034,-0.8990,-1.3486,-1.3486,-1.3993,0,0,0,-1.0714,-1.0198,1.2237,1.2237,1.2550,0,0,0,2.4338,2.5043,3.0052,3.0052,3.0295,0,0,0,0.9231,0.4555,0.5466,0.5466,0.5161,0,0,0
6.150179,1788532547.695580,-16.7123,-25.6769,-25.6769,-45.6110,-48.6201,1,0,0,-2.4099,-1.9436,4.2759,4.2759,3.8335,0,0,0,-0.9034,-0.8993,-1.3489,-1.3489,-1.3944,0,0,0,-1.0714,-1.0222,1.2267,1.2267,1.2519,0,0,0,2.4338,2.5009,3.0011,3.0011,3.0290,0,0,0,0.9231,0.4780,0.5736,0.5736,0.5107,0,0,0
6.158851,1788532547.702718,-16.7123,-25.2389,-25.2389,-45.4110,-48.4654,1,0,0,-2.4099,-1.9637,4.3202,4.3202,3.8497,0,0,0,-0.9034,-0.8994,-1.3491,-1.3491,-1.3910,0,0,0,-1.0714,-1.0243,1.2292,1.2292,1.2495,0,0,0,2.4338,2.4981,2.9977,2.9977,3.0285,0,0,0,0.9231,0.4971,0.5965,0.5965,0.5074,0,0,0
6.166412,1788532547.711816,-16.7123,-24.7156,-24.7156,-45.2110,-48.2596,1,0,0,-2.4099,-1.9880,4.3735,4.3735,3.8726,0,0,0,-0.9034,-0.8996,-1.3495,-1.3495,-1.3866,0,0,0,-1.0714,-1.0269,1.2323,1.2323,1.2467,0,0,0,2.4338,2.4946,2.9935,2.9935,3.0276,0,0,0,0.9231,0.5202,0.6242,0.6242,0.5043,0,0,0
6.175184,1788532547.719583,-16.7123,-24.2928,-24.2928,-45.0110,-48.0544,1,0,0,-2.4099,-2.0077,4.4169,4.4169,3.8970,0,0,0,-0.9034,-0.8998,-1.3497,-1.3497,-1.3825,0,0,0,-1.0714,-1.0290,1.2347,1.2347,1.2440,0,0,0,2.4338,2.4918,2.9901,2.9901,3.0265,0,0,0,0.9231,0.5389,0.6467,0.6467,0.5028,0,0,0
6.182516,1788532547.728356,-12.8126,-23.6118,-23.6118,-44.8110,-47.8497,1,0,0,-2.5867,-2.0381,4.4838,4.4838,3.9230,0,0,0,-1.1240,-0.9115,-1.3673,-1.3673,-1.3787,0,0,0,-1.0036,-1.0276,1.2332,1.2332,1.2417,0,0,0,2.4561,2.4899,2.9879,2.9879,3.0252,0,0,0,1.2722,0.5773,0.6928,0.6928,0.5031,0,0,0
6.190274,1788532547.736665,-12.2644,-22.9717,-22.9717,-44.6110,-47.6456,1,0,0,-2.7595,-2.0741,4.5630,4.5630,3.9508,0,0,0,-1.1240,-0.9221,-1.3831,-1.3831,-1.3753,0,0,0,-1.0036,-1.0264,1.2317,1.2317,1.2397,0,0,0,2.3682,2.4839,2.9806,2.9806,3.0236,0,0,0,1.2722,0.6119,0.7343,0.7343,0.5052,0,0,0
6.199034,1788532547.743271,-12.2644,-22.4850,-22.4850,-44.4110,-47.4419,1,0,0,-2.7595,-2.1015,4.6234,4.6234,3.9802,0,0,0,-1.1240,-0.9301,-1.3952,-1.3952,-1.3721,0,0,0,-1.0036,-1.0255,1.2306,1.2306,1.2380,0,0,0,2.3682,2.4792,2.9751,2.9751,3.0219,0,0,0,1.2722,0.6383,0.7659,0.7659,0.5091,0,0,0
6.206446,1788532547.751854,-12.2644,-21.8897,-21.8897,-44.2110,-47.2894,1,0,0,-2.7595,-2.1354,4.6979,4.6979,4.0034,0,0,0,-1.1240,-0.9401,-1.4101,-1.4101,-1.3700,0,0,0,-1.0036,-1.0244,1.2293,1.2293,1.2369,0,0,0,2.3682,2.4736,2.9683,2.9683,3.0204,0,0,0,1.2722,0.6708,0.8050,0.8050,0.5133,0,0,0
6.215176,1788532547.758960,-12.2644,-21.4204,-21.4204,-44.0110,-47.0357,1,0,0,-2.7595,-2.1622,4.7569,4.7569,4.0447,0,0,0,-1.1240,-0.9479,-1.4219,-1.4219,-1.3674,0,0,0,-1.0036,-1.0235,1.2282,1.2282,1.2354,0,0,0,2.3682,2.4691,2.9629,2.9629,3.0177,0,0,0,1.2722,0.6966,0.8359,0.8359,0.5229,0,0,0
6.223302,1788532547.767723,-9.4766,-20.7098,-20.7098,-43.8110,-46.8332,1,0,0,-3.2217,-2.2179,4.8793,4.8793,4.0802,0,0,0,-1.0439,-0.9529,-1.4294,-1.4294,-1.3662,0,0,0,-0.9070,-1.0174,1.2209,1.2209,1.2344,0,0,0,2.3219,2.4614,2.9536,2.9536,3.0154,0,0,0,1.0239,0.7137,0.8565,0.8565,0.5331,0,0,0
6.231047,1788532547.775489,-9.4766,-20.1130,-20.1130,-43.6110,-46.6310,1,0,0,-3.2217,-2.2649,4.9828,4.9828,4.1181,0,0,0,-1.0439,-0.9572,-1.4357,-1.4357,-1.3659,0,0,0,-0.9070,-1.0123,1.2148,1.2148,1.2336,0,0,0,2.3219,2.4549,2.9458,2.9458,3.0127,0,0,0,1.0239,0.7282,0.8739,0.8739,0.5455,0,0,0
6.238449,1788532547.783192,-8.4302,-19.4961,-19.4961,-43.4110,-46.4291,1,0,0,-2.8479,-2.2920,5.0424,5.0424,4.1583,0,0,0,-1.0768,-0.9627,-1.4440,-1.4440,-1.3665,0,0,0,-0.9284,-1.0084,1.2101,1.2101,1.2329,0,0,0,2.2983,2.4476,2.9372,2.9372,3.0099,0,0,0,1.1830,0.7493,0.8991,0.8991,0.5600,0,0,0
6.247112,1788532547.790864,-8.4302,-18.9135,-18.9135,-43.2110,-46.2778,1,0,0,-2.8479,-2.3177,5.0990,5.0990,4.1903,0,0,0,-1.0768,-0.9679,-1.4519,-1.4519,-1.3676,0,0,0,-0.9284,-1.0047,1.2057,1.2057,1.2323,0,0,0,2.2983,2.4408,2.9289,2.9289,3.0076,0,0,0,1.1830,0.7693,0.9232,0.9232,0.5720,0,0,0
6.255054,1788532547.799486,-7.3618,-18.2341,-18.2341,-43.0110,-46.0763,1,0,0,-2.9231,-2.3491,5.1679,5.1679,4.2356,0,0,0,-0.9196,-0.9655,-1.4482,-1.4482,-1.3697,0,0,0,-0.6985,-0.9890,1.1868,1.1868,1.2315,0,0,0,2.3097,2.4340,2.9208,2.9208,3.0042,0,0,0,0.4754,0.7542,0.9050,0.9050,0.5895,0,0,0
6.263160,1788532547.807506,-7.3618,-17.6367,-17.6367,-42.8110,-45.8750,1,0,0,-2.9231,-2.3768,5.2290,5.2290,4.2843,0,0,0,-0.9196,-0.9633,-1.4449,-1.4449,-1.3725,0,0,0,-0.6985,-0.9751,1.1701,1.1701,1.2306,0,0,0,2.3097,2.4281,2.9137,2.9137,3.0005,0,0,0,0.4754,0.7407,0.8889,0.8889,0.6082,0,0,0
6.271192,1788532547.816664,-7.3618,-16.9973,-16.9973,-42.6110,-45.6740,1,0,0,-2.9231,-2.4067,5.2948,5.2948,4.3358,0,0,0,-0.9196,-0.9609,-1.4413,-1.4413,-1.3761,0,0,0,-0.6985,-0.9600,1.1520,1.1520,1.2295,0,0,0,2.3097,2.4216,2.9059,2.9059,2.9965,0,0,0,0.4754,0.7263,0.8715,0.8715,0.6279,0,0,0
6.278846,1788532547.823159,-7.3618,-16.5639,-16.5639,-42.4110,-45.4730,1,0,0,-2.9231,-2.4271,5.3397,5.3397,4.3897,0,0,0,-0.9196,-0.9593,-1.4389,-1.4389,-1.3801,0,0,0,-0.6985,-0.9497,1.1397,1.1397,1.2282,0,0,0,2.3097,2.4172,2.9007,2.9007,2.9921,0,0,0,0.4754,0.7164,0.8597,0.8597,0.6484,0,0,0
6.286498,1788532547.831897,-7.3618,-16.0161,-16.0161,-42.2110,-45.2723,1,0,0,-2.9231,-2.4531,5.3969,5.3969,4.4456,0,0,0,-0.9196,-0.9572,-1.4358,-1.4358,-1.3844,0,0,0,-0.6985,-0.9366,1.1240,1.1240,1.2263,0,0,0,2.3097,2.4116,2.8939,2.8939,2.9875,0,0,0,0.4754,0.7038,0.8446,0.8446,0.6688,0,0,0
6.294435,1788532547.839837,-4.6645,-15.3982,-15.3982,-42.0110,-45.0716,1,0,0,-3.0234,-2.4804,5.4569,5.4569,4.5032,0,0,0,-0.8049,-0.9500,-1.4249,-1.4249,-1.3888,0,0,0,-0.7154,-0.9261,1.1113,1.1113,1.2238,0,0,0,2.2819,2.4054,2.8865,2.8865,2.9825,0,0,0,0.6817,0.7028,0.8433,0.8433,0.6886,0,0,0
6.303420,1788532547.847747,-4.6645,-14.8158,-14.8158,-41.8110,-44.8711,1,0,0,-3.0234,-2.5063,5.5139,5.5139,4.5622,0,0,0,-0.8049,-0.9431,-1.4146,-1.4146,-1.3932,0,0,0,-0.7154,-0.9161,1.0994,1.0994,1.2205,0,0,0,2.2819,2.3996,2.8795,2.8795,2.9772,0,0,0,0.6817,0.7018,0.8421,0.8421,0.7072,0,0,0
6.311335,1788532547.855734,-3.5754,-14.1998,-14.1998,-41.6110,-44.6706,1,0,0,-3.0373,-2.5319,5.5701,5.5701,4.6222,0,0,0,-0.7892,-0.9357,-1.4036,-1.4036,-1.3974,0,0,0,-0.8008,-0.9106,1.0927,1.0927,1.2165,0,0,0,2.2885,2.3943,2.8731,2.8731,2.9718,0,0,0,0.7231,0.7028,0.8434,0.8434,0.7243,0,0,0
6.319504,1788532547.863290,-3.1100,-13.6226,-13.6226,-41.4110,-44.5204,1,0,0,-3.0464,-2.5554,5.6218,5.6218,4.6675,0,0,0,-0.7980,-0.9295,-1.3942,-1.3942,-1.4004,0,0,0,-0.8111,-0.9061,1.0873,1.0873,1.2130,0,0,0,2.2883,2.3895,2.8674,2.8674,2.9676,0,0,0,0.7231,0.7037,0.8445,0.8445,0.7360,0,0,0
6.327242,1788532547.871959,-2.6741,-12.9739,-12.9739,-41.2110,-44.3201,1,0,0,-3.0795,-2.5826,5.6818,5.6818,4.7285,0,0,0,-0.8153,-0.9236,-1.3854,-1.3854,-1.4039,0,0,0,-0.8236,-0.9018,1.0822,1.0822,1.2076,0,0,0,2.2869,2.3842,2.8610,2.8610,2.9618,0,0,0,0.6922,0.7031,0.8438,0.8438,0.7503,0,0,0
6.335411,1788532547.879832,-2.6741,-12.4166,-12.4166,-41.0110,-44.1193,1,0,0,-3.0795,-2.6062,5.7337,5.7337,4.7900,0,0,0,-0.8153,-0.9185,-1.3777,-1.3777,-1.4069,0,0,0,-0.8236,-0.8981,1.0778,1.0778,1.2015,0,0,0,2.2869,2.3796,2.8555,2.8555,2.9558,0,0,0,0.6922,0.7026,0.8431,0.8431,0.7631,0,0,0
6.342582,1788532547.887930,-2.6741,-11.8754,-11.8754,-40.8110,-43.9158,1,0,0,-3.0795,-2.6293,5.7845,5.7845,4.8524,0,0,0,-0.8153,-0.9135,-1.3702,-1.3702,-1.4090,0,0,0,-0.8236,-0.8945,1.0734,1.0734,1.1948,0,0,0,2.2869,2.3751,2.8501,2.8501,2.9496,0,0,0,0.6922,0.7021,0.8425,0.8425,0.7745,0,0,0
6.351100,1788532547.896006,-1.8337,-11.3191,-11.3191,-40.6110,-43.7097,1,0,0,-3.0795,-2.6512,5.8326,5.8326,4.9156,0,0,0,-0.7019,-0.9033,-1.3549,-1.3549,-1.4102,0,0,0,-0.7960,-0.8898,1.0677,1.0677,1.1876,0,0,0,2.3068,2.3718,2.8461,2.8461,2.9432,0,0,0,0.5132,0.6930,0.8316,0.8316,0.7846,0,0,0
6.359440,1788532547.903540,-1.8337,-10.8271,-10.8271,-40.4110,-43.5016,1,0,0,-3.0795,-2.6707,5.8755,5.8755,4.9792,0,0,0,-0.7019,-0.8942,-1.3412,-1.3412,-1.4106,0,0,0,-0.7960,-0.8855,1.0626,1.0626,1.1800,0,0,0,2.3068,2.3688,2.8426,2.8426,2.9367,0,0,0,0.5132,0.6848,0.8218,0.8218,0.7935,0,0,0
6.367548,1788532547.911868,-0.9995,-10.2669,-10.2669,-40.2110,-43.3446,1,0,0,-3.0498,-2.6897,5.9173,5.9173,5.0270,0,0,0,-0.7019,-0.8846,-1.3269,-1.3269,-1.4104,0,0,0,-0.8873,-0.8856,1.0627,1.0627,1.1742,0,0,0,2.3068,2.3658,2.8389,2.8389,2.9318,0,0,0,0.6992,0.6856,0.8227,0.8227,0.7995,0,0,0
6.375256,1788532547.919625,-0.9995,-9.7731,-9.7731,-40.0110,-43.0816,1,0,0,-3.0498,-2.7065,5.9544,5.9544,5.1065,0,0,0,-0.7019,-0.8761,-1.3141,-1.3141,-1.4089,0,0,0,-0.8873,-0.8857,1.0628,1.0628,1.1644,0,0,0,2.3068,2.3630,2.8356,2.8356,2.9235,0,0,0,0.6992,0.6862,0.8234,0.8234,0.8079,0,0,0
6.383101,1788532547.928742,-0.3071,-9.1866,-9.1866,-39.8110,-42.8706,1,0,0,-2.8726,-2.7156,5.9743,5.9743,5.1696,0,0,0,-0.6542,-0.8641,-1.2961,-1.2961,-1.4068,0,0,0,-0.9386,-0.8886,1.0663,1.0663,1.1565,0,0,0,2.3676,2.3633,2.8359,2.8359,2.9169,0,0,0,0.7294,0.6885,0.8262,0.8262,0.8134,0,0,0
6.390726,1788532547.935518,-0.3071,-8.7709,-8.7709,-39.6110,-42.6594,1,0,0,-2.8726,-2.7220,5.9885,5.9885,5.2319,0,0,0,-0.6542,-0.8555,-1.2832,-1.2832,-1.4037,0,0,0,-0.9386,-0.8906,1.0687,1.0687,1.1486,0,0,0,2.3676,2.3634,2.8361,2.8361,2.9104,0,0,0,0.7294,0.6902,0.8282,0.8282,0.8178,0,0,0
6.398633,1788532547.943269,0.3137,-8.2879,-8.2879,-39.4110,-42.4482,1,0,0,-2.7220,-2.7220,5.9885,5.9885,5.2932,0,0,0,-0.6126,-0.8442,-1.2663,-1.2663,-1.3997,0,0,0,-0.8759,-0.8899,1.0679,1.0679,1.1410,0,0,0,2.2958,2.3603,2.8323,2.8323,2.9040,0,0,0,0.6534,0.6885,0.8262,0.8262,0.8214,0,0,0
6.407531,1788532547.952046,0.3137,-7.7744,-7.7744,-39.2110,-42.3427,1,0,0,-2.7220,-2.7220,5.9885,5.9885,5.3232,0,0,0,-0.6126,-0.8321,-1.2481,-1.2481,-1.3974,0,0,0,-0.8759,-0.8892,1.0670,1.0670,1.1373,0,0,0,2.2958,2.3569,2.8283,2.8283,2.9009,0,0,0,0.6534,0.6867,0.8240,0.8240,0.8229,0,0,0
6.414918,1788532547.959582,0.3137,-7.3566,-7.3566,-39.0110,-42.0266,1,0,0,-2.7220,-2.7220,5.9885,5.9885,5.4106,0,0,0,-0.6126,-0.8221,-1.2332,-1.2332,-1.3890,0,0,0,-0.8759,-0.8886,1.0663,1.0663,1.1269,0,0,0,2.2958,2.3542,2.8250,2.8250,2.8919,0,0,0,0.6534,0.6852,0.8222,0.8222,0.8265,0,0,0
6.423650,1788532547.966963,0.3137,-6.9685,-6.9685,-38.8110,-41.8689,1,0,0,-2.7220,-2.7220,5.9885,5.9885,5.4523,0,0,0,-0.6126,-0.8128,-1.2193,-1.2193,-1.3841,0,0,0,-0.8759,-0.8880,1.0656,1.0656,1.1221,0,0,0,2.2958,2.3516,2.8219,2.8219,2.8877,0,0,0,0.6534,0.6837,0.8205,0.8205,0.8279,0,0,0
6.431160,1788532547.975566,0.3137,-6.5433,-6.5433,-38.6110,-41.6591,1,0,0,-2.7220,-2.7220,5.9885,5.9885,5.5053,0,0,0,-0.6126,-0.8026,-1.2038,-1.2038,-1.3768,0,0,0,-0.8759,-0.8874,1.0649,1.0649,1.1161,0,0,0,2.2958,2.3487,2.8184,2.8184,2.8822,0,0,0,0.6534,0.6822,0.8186,0.8186,0.8293,0,0,0
6.439305,1788532547.984751,1.7949,-6.0265,-6.0265,-38.4110,-41.4499,1,0,0,-2.6689,-2.7191,5.9821,5.9821,5.5551,0,0,0,-0.6321,-0.7932,-1.1899,-1.1899,-1.3686,0,0,0,-0.8752,-0.8867,1.0641,1.0641,1.1106,0,0,0,2.3449,2.3485,2.8182,2.8182,2.8769,0,0,0,0.5167,0.6732,0.8078,0.8078,0.8303,0,0,0
6.447305,1788532547.991722,1.7949,-5.6531,-5.6531,-38.2110,-41.2413,1,0,0,-2.6689,-2.7170,5.9774,5.9774,5.6017,0,0,0,-0.6321,-0.7865,-1.1797,-1.1797,-1.3597,0,0,0,-0.8752,-0.8862,1.0635,1.0635,1.1054,0,0,0,2.3449,2.3483,2.8180,2.8180,2.8719,0,0,0,0.5167,0.6666,0.7999,0.7999,0.8310,0,0,0
6.455502,1788532548.000665,1.7949,-5.2038,-5.2038,-38.0110,-41.0334,1,0,0,-2.6689,-2.7144,5.9718,5.9718,5.6447,0,0,0,-0.6321,-0.7782,-1.1674,-1.1674,-1.3501,0,0,0,-0.8752,-0.8857,1.0628,1.0628,1.1007,0,0,0,2.3449,2.3482,2.8178,2.8178,2.8670,0,0,0,0.5167,0.6586,0.7903,0.7903,0.8312,0,0,0
6.463597,1788532548.007009,1.7949,-4.8991,-4.8991,-37.8110,-40.8261,1,0,0,-2.6689,-2.7127,5.9679,5.9679,5.6843,0,0,0,-0.6321,-0.7726,-1.1590,-1.1590,-1.3399,0,0,0,-0.8752,-0.8853,1.0623,1.0623,1.0964,0,0,0,2.3449,2.3480,2.8176,2.8176,2.8623,0,0,0,0.5167,0.6532,0.7838,0.7838,0.8311,0,0,0
6.471519,1788532548.017025,1.7949,-4.4516,-4.4516,-37.6110,-40.6710,1,0,0,-2.6689,-2.7101,5.9622,5.9622,5.7117,0,0,0,-0.6321,-0.7643,-1.1465,-1.1465,-1.3318,0,0,0,-0.8752,-0.8847,1.0616,1.0616,1.0934,0,0,0,2.3449,2.3478,2.8174,2.8174,2.8590,0,0,0,0.5167,0.6451,0.7741,0.7741,0.8307,0,0,0
6.479151,1788532548.023535,2.8231,-4.1279,-4.1279,-37.4110,-40.4647,1,0,0,-2.3962,-2.6977,5.9349,5.9349,5.7452,0,0,0,-0.6823,-0.7611,-1.1416,-1.1416,-1.3208,0,0,0,-0.9978,-0.8891,1.0669,1.0669,1.0897,0,0,0,2.2483,2.3439,2.8127,2.8127,2.8548,0,0,0,0.6505,0.6453,0.7744,0.7744,0.8297,0,0,0
6.487571,1788532548.031765,2.8231,-3.7420,-3.7420,-37.2110,-40.2591,1,0,0,-2.3962,-2.6828,5.9022,5.9022,5.7752,0,0,0,-0.6823,-0.7572,-1.1358,-1.1358,-1.3094,0,0,0,-0.9978,-0.8945,1.0733,1.0733,1.0864,0,0,0,2.2483,2.3392,2.8071,2.8071,2.8509,0,0,0,0.6505,0.6456,0.7747,0.7747,0.8281,0,0,0
6.495191,1788532548.040684,2.8231,-3.3496,-3.3496,-37.0110,-40.0540,1,0,0,-2.3962,-2.6676,5.8687,5.8687,5.8020,0,0,0,-0.6823,-0.7532,-1.1298,-1.1298,-1.2977,0,0,0,-0.9978,-0.8999,1.0799,1.0799,1.0833,0,0,0,2.2483,2.3344,2.8013,2.8013,2.8472,0,0,0,0.6505,0.6458,0.7750,0.7750,0.8261,0,0,0
6.503270,1788532548.048148,2.8231,-3.0383,-3.0383,-36.8110,-39.8494,1,0,0,-2.3962,-2.6554,5.8419,5.8419,5.8255,0,0,0,-0.6823,-0.7500,-1.1250,-1.1250,-1.2860,0,0,0,-0.9978,-0.9043,1.0852,1.0852,1.0806,0,0,0,2.2483,2.3305,2.7966,2.7966,2.8438,0,0,0,0.6505,0.6460,0.7752,0.7752,0.8236,0,0,0
6.511302,1788532548.056704,3.3812,-2.6704,-2.6704,-36.6110,-39.6453,1,0,0,-2.2529,-2.6348,5.7966,5.7966,5.8455,0,0,0,-0.9067,-0.7580,-1.1371,-1.1371,-1.2742,0,0,0,-1.1421,-0.9165,1.0998,1.0998,1.0783,0,0,0,2.1066,2.3191,2.7829,2.7829,2.8405,0,0,0,0.7544,0.6516,0.7819,0.7819,0.8208,0,0,0
6.519441,1788532548.064804,3.3812,-2.3417,-2.3417,-36.4110,-39.4416,1,0,0,-2.2529,-2.6163,5.7558,5.7558,5.8619,0,0,0,-0.9067,-0.7652,-1.1479,-1.1479,-1.2625,0,0,0,-1.1421,-0.9274,1.1129,1.1129,1.0765,0,0,0,2.1066,2.3088,2.7706,2.7706,2.8373,0,0,0,0.7544,0.6565,0.7878,0.7878,0.8178,0,0,0
6.526834,1788532548.072712,3.3812,-2.0383,-2.0383,-36.2110,-39.2384,1,0,0,-2.2529,-2.5991,5.7179,5.7179,5.8745,0,0,0,-0.9067,-0.7719,-1.1579,-1.1579,-1.2511,0,0,0,-1.1421,-0.9376,1.1251,1.1251,1.0752,0,0,0,2.1066,2.2992,2.7591,2.7591,2.8342,0,0,0,0.7544,0.6612,0.7934,0.7934,0.8147,0,0,0
6.535619,1788532548.079269,3.7203,-1.7830,-1.7830,-36.0110,-39.0356,1,0,0,-2.1668,-2.5819,5.6803,5.6803,5.8834,0,0,0,-0.8006,-0.7731,-1.1596,-1.1596,-1.2400,0,0,0,-1.1248,-0.9450,1.1340,1.1340,1.0744,0,0,0,2.2464,2.2971,2.7565,2.7565,2.8309,0,0,0,0.6732,0.6616,0.7940,0.7940,0.8116,0,0,0
6.543793,1788532548.088563,3.8275,-1.4376,-1.4376,-35.8110,-38.8331,1,0,0,-2.1466,-2.5579,5.6274,5.6274,5.8886,0,0,0,-0.7834,-0.7737,-1.1605,-1.1605,-1.2297,0,0,0,-1.0851,-0.9527,1.1432,1.1432,1.0744,0,0,0,2.2621,2.2952,2.7542,2.7542,2.8275,0,0,0,0.6084,0.6587,0.7905,0.7905,0.8088,0,0,0
6.551787,1788532548.096300,3.8275,-1.1655,-1.1655,-35.6110,-38.6309,1,0,0,-2.1466,-2.5388,5.5854,5.5854,5.8899,0,0,0,-0.7834,-0.7741,-1.1612,-1.1612,-1.2202,0,0,0,-1.0851,-0.9588,1.1506,1.1506,1.0752,0,0,0,2.2621,2.2937,2.7524,2.7524,2.8237,0,0,0,0.6084,0.6564,0.7877,0.7877,0.8062,0,0,0
6.559074,1788532548.105428,3.8275,-0.8645,-0.8645,-35.4110,-38.4290,1,0,0,-2.1466,-2.5176,5.5386,5.5386,5.8877,0,0,0,-0.7834,-0.7746,-1.1619,-1.1619,-1.2118,0,0,0,-1.0851,-0.9657,1.1588,1.1588,1.0767,0,0,0,2.2621,2.2919,2.7503,2.7503,2.8196,0,0,0,0.6084,0.6538,0.7845,0.7845,0.8040,0,0,0
6.566977,1788532548.112499,3.8275,-0.6427,-0.6427,-35.2110,-38.2777,1,0,0,-2.1466,-2.5018,5.5039,5.5039,5.8836,0,0,0,-0.7834,-0.7750,-1.1625,-1.1625,-1.2061,0,0,0,-1.0851,-0.9708,1.1649,1.1649,1.0783,0,0,0,2.2621,2.2907,2.7488,2.7488,2.8163,0,0,0,0.6084,0.6518,0.7822,0.7822,0.8025,0,0,0
6.575803,1788532548.120515,4.0430,-0.3937,-0.3937,-35.0110,-38.0763,1,0,0,-2.2765,-2.4910,5.4801,5.4801,5.8751,0,0,0,-0.7378,-0.7732,-1.1598,-1.1598,-1.1993,0,0,0,-1.0406,-0.9741,1.1690,1.1690,1.0811,0,0,0,2.3317,2.2926,2.7512,2.7512,2.8119,0,0,0,0.6646,0.6525,0.7829,0.7829,0.8008,0,0,0
6.583229,1788532548.128112,4.0430,-0.1699,-0.1699,-34.8110,-37.8750,1,0,0,-2.2765,-2.4812,5.4586,5.4586,5.8632,0,0,0,-0.7378,-0.7716,-1.1574,-1.1574,-1.1933,0,0,0,-1.0406,-0.9772,1.1726,1.1726,1.0846,0,0,0,2.3317,2.2944,2.7533,2.7533,2.8074,0,0,0,0.6646,0.6530,0.7836,0.7836,0.7991,0,0,0
6.591246,1788532548.135714,4.1588,0.0482,0.0482,-34.6110,-37.6739,1,0,0,-2.3129,-2.4735,5.4417,5.4417,5.8482,0,0,0,-0.7689,-0.7715,-1.1572,-1.1572,-1.1880,0,0,0,-0.9856,-0.9775,1.1730,1.1730,1.0886,0,0,0,2.2136,2.2907,2.7489,2.7489,2.8028,0,0,0,0.6766,0.6541,0.7849,0.7849,0.7976,0,0,0
6.599496,1788532548.144271,4.1588,0.2793,0.2793,-34.4110,-37.4730,1,0,0,-2.3129,-2.4653,5.4237,5.4237,5.8303,0,0,0,-0.7689,-0.7713,-1.1570,-1.1570,-1.1835,0,0,0,-0.9856,-0.9780,1.1735,1.1735,1.0930,0,0,0,2.2136,2.2868,2.7442,2.7442,2.7984,0,0,0,0.6766,0.6552,0.7863,0.7863,0.7961,0,0,0
6.607030,1788532548.152310,4.1588,0.4845,0.4845,-34.2110,-37.3224,1,0,0,-2.3129,-2.4580,5.4076,5.4076,5.8153,0,0,0,-0.7689,-0.7712,-1.1568,-1.1568,-1.1804,0,0,0,-0.9856,-0.9783,1.1740,1.1740,1.0966,0,0,0,2.2136,2.2833,2.7399,2.7399,2.7951,0,0,0,0.6766,0.6563,0.7875,0.7875,0.7951,0,0,0
6.615783,1788532548.162075,4.1588,0.7172,0.7172,-34.0110,-37.0716,1,0,0,-2.3129,-2.4496,5.3891,5.3891,5.7882,0,0,0,-0.7689,-0.7711,-1.1566,-1.1566,-1.1760,0,0,0,-0.9856,-0.9787,1.1745,1.1745,1.1030,0,0,0,2.2136,2.2792,2.7351,2.7351,2.7899,0,0,0,0.6766,0.6574,0.7889,0.7889,0.7935,0,0,0
6.623925,1788532548.169621,4.3139,0.8955,0.8955,-33.8110,-36.8700,1,0,0,-2.2081,-2.4386,5.3650,5.3650,5.7648,0,0,0,-0.9455,-0.7790,-1.1685,-1.1685,-1.1729,0,0,0,-1.1353,-0.9858,1.1830,1.1830,1.1082,0,0,0,1.9997,2.2666,2.7199,2.7199,2.7860,0,0,0,0.8004,0.6639,0.7967,0.7967,0.7924,0,0,0
6.631634,1788532548.177031,4.3139,1.0618,1.0618,-33.6110,-36.6656,1,0,0,-2.2081,-2.4284,5.3424,5.3424,5.7402,0,0,0,-0.9455,-0.7864,-1.1796,-1.1796,-1.1703,0,0,0,-1.1353,-0.9925,1.1910,1.1910,1.1134,0,0,0,1.9997,2.2547,2.7056,2.7056,2.7821,0,0,0,0.8004,0.6700,0.8040,0.8040,0.7914,0,0,0
6.640038,1788532548.184374,4.3139,1.2184,1.2184,-33.4110,-36.4587,1,0,0,-2.2081,-2.4187,5.3210,5.3210,5.7148,0,0,0,-0.9455,-0.7934,-1.1901,-1.1901,-1.1680,0,0,0,-1.1353,-0.9988,1.1985,1.1985,1.1186,0,0,0,1.9997,2.2434,2.6921,2.6921,2.7781,0,0,0,0.8004,0.6757,0.8109,0.8109,0.7907,0,0,0
6.647037,1788532548.193453,4.3139,1.4001,1.4001,-33.2110,-36.2500,1,0,0,-2.2081,-2.4073,5.2960,5.2960,5.6888,0,0,0,-0.9455,-0.8016,-1.2024,-1.2024,-1.1663,0,0,0,-1.1353,-1.0062,1.2074,1.2074,1.1238,0,0,0,1.9997,2.2303,2.6763,2.6763,2.7740,0,0,0,0.8004,0.6825,0.8190,0.8190,0.7902,0,0,0
6.655451,1788532548.199925,4.4897,1.5315,1.5315,-33.0110,-36.0926,1,0,0,-2.1291,-2.3964,5.2721,5.2721,5.6689,0,0,0,-0.9217,-0.8063,-1.2095,-1.2095,-1.1654,0,0,0,-1.1396,-1.0114,1.2137,1.2137,1.1277,0,0,0,2.1003,2.2252,2.6702,2.6702,2.7706,0,0,0,0.7848,0.6865,0.8238,0.8238,0.7901,0,0,0
6.663520,1788532548.208902,4.4897,1.7027,1.7027,-32.8110,-35.8820,1,0,0,-2.1291,-2.3821,5.2406,5.2406,5.6422,0,0,0,-0.9217,-0.8125,-1.2187,-1.2187,-1.1649,0,0,0,-1.1396,-1.0182,1.2219,1.2219,1.1331,0,0,0,2.1003,2.2185,2.6622,2.6622,2.7658,0,0,0,0.7848,0.6917,0.8301,0.8301,0.7903,0,0,0
6.672076,1788532548.216940,4.4897,1.8477,1.8477,-32.6110,-35.6709,1,0,0,-2.1291,-2.3699,5.2138,5.2138,5.6153,0,0,0,-0.9217,-0.8177,-1.2266,-1.2266,-1.1651,0,0,0,-1.1396,-1.0241,1.2289,1.2289,1.1385,0,0,0,2.1003,2.2128,2.6554,2.6554,2.7605,0,0,0,0.7848,0.6962,0.8354,0.8354,0.7910,0,0,0
6.679812,1788532548.224580,4.4897,1.9785,1.9785,-32.4110,-35.4596,1,0,0,-2.1291,-2.3589,5.1895,5.1895,5.5883,0,0,0,-0.9217,-0.8225,-1.2337,-1.2337,-1.1661,0,0,0,-1.1396,-1.0294,1.2352,1.2352,1.1441,0,0,0,2.1003,2.2076,2.6492,2.6492,2.7548,0,0,0,0.7848,0.7003,0.8403,0.8403,0.7921,0,0,0
6.687464,1788532548.231977,4.6133,2.1048,2.1048,-32.2110,-35.2483,1,0,0,-2.0888,-2.3468,5.1631,5.1631,5.5611,0,0,0,-0.8917,-0.8256,-1.2383,-1.2383,-1.1677,0,0,0,-1.1146,-1.0332,1.2398,1.2398,1.1498,0,0,0,2.1080,2.2032,2.6438,2.6438,2.7487,0,0,0,0.8626,0.7075,0.8490,0.8490,0.7936,0,0,0
6.696098,1788532548.240880,4.6133,2.2478,2.2478,-32.0110,-35.0373,1,0,0,-2.0888,-2.3332,5.1329,5.1329,5.5339,0,0,0,-0.8917,-0.8291,-1.2436,-1.2436,-1.1700,0,0,0,-1.1146,-1.0375,1.2450,1.2450,1.1557,0,0,0,2.1080,2.1982,2.6378,2.6378,2.7423,0,0,0,0.8626,0.7157,0.8588,0.8588,0.7955,0,0,0
6.703357,1788532548.249272,4.6333,2.3761,2.3761,-31.8110,-34.8266,1,0,0,-2.1079,-2.3218,5.1081,5.1081,5.5066,0,0,0,-0.8886,-0.8320,-1.2481,-1.2481,-1.1730,0,0,0,-1.1075,-1.0410,1.2492,1.2492,1.1616,0,0,0,2.1132,2.1939,2.6327,2.6327,2.7357,0,0,0,0.8626,0.7231,0.8677,0.8677,0.7978,0,0,0
6.711421,1788532548.256816,4.6333,2.4857,2.4857,-31.6110,-34.6164,1,0,0,-2.1079,-2.3121,5.0867,5.0867,5.4792,0,0,0,-0.8886,-0.8346,-1.2519,-1.2519,-1.1764,0,0,0,-1.1075,-1.0440,1.2528,1.2528,1.1676,0,0,0,2.1132,2.1902,2.6283,2.6283,2.7290,0,0,0,0.8626,0.7294,0.8753,0.8753,0.8005,0,0,0
6.719804,1788532548.265203,4.6333,2.6007,2.6007,-31.4110,-34.4067,1,0,0,-2.1079,-2.3019,5.0642,5.0642,5.4518,0,0,0,-0.8886,-0.8373,-1.2560,-1.2560,-1.1802,0,0,0,-1.1075,-1.0472,1.2566,1.2566,1.1737,0,0,0,2.1132,2.1864,2.6237,2.6237,2.7221,0,0,0,0.8626,0.7361,0.8833,0.8833,0.8036,0,0,0
6.728211,1788532548.273979,4.6422,2.7146,2.7146,-31.2110,-34.1976,1,0,0,-2.2141,-2.2973,5.0541,5.0541,5.4245,0,0,0,-0.8011,-0.8354,-1.2531,-1.2531,-1.1844,0,0,0,-1.0133,-1.0454,1.2545,1.2545,1.1797,0,0,0,2.2344,2.1889,2.6267,2.6267,2.7152,0,0,0,0.2791,0.7122,0.8546,0.8546,0.8071,0,0,0
6.735829,1788532548.280606,4.6470,2.7971,2.7971,-31.0110,-34.0412,1,0,0,-2.1756,-2.2924,5.0433,5.0433,5.4040,0,0,0,-0.8011,-0.8340,-1.2511,-1.2511,-1.1877,0,0,0,-0.9998,-1.0436,1.2523,1.2523,1.1842,0,0,0,2.2240,2.1903,2.6284,2.6284,2.7100,0,0,0,0.2791,0.6948,0.8338,0.8338,0.8100,0,0,0
6.744102,1788532548.288554,4.6477,2.8908,2.8908,-30.8110,-33.8333,1,0,0,-2.1263,-2.2845,5.0259,5.0259,5.3768,0,0,0,-0.8312,-0.8339,-1.2509,-1.2509,-1.1923,0,0,0,-0.9845,-1.0408,1.2489,1.2489,1.1901,0,0,0,2.1353,2.1877,2.6252,2.6252,2.7031,0,0,0,0.2796,0.6751,0.8101,0.8101,0.8142,0,0,0
6.751698,1788532548.296091,4.6477,2.9753,2.9753,-30.6110,-33.6259,1,0,0,-2.1263,-2.2773,5.0102,5.0102,5.3500,0,0,0,-0.8312,-0.8338,-1.2507,-1.2507,-1.1970,0,0,0,-0.9845,-1.0382,1.2459,1.2459,1.1959,0,0,0,2.1353,2.1853,2.6224,2.6224,2.6963,0,0,0,0.2796,0.6572,0.7887,0.7887,0.8184,0,0,0
6.760098,1788532548.304814,4.6477,3.0674,3.0674,-30.4110,-33.4192,1,0,0,-2.1263,-2.2695,4.9929,4.9929,5.3238,0,0,0,-0.8312,-0.8337,-1.2505,-1.2505,-1.2016,0,0,0,-0.9845,-1.0354,1.2425,1.2425,1.2014,0,0,0,2.1353,2.1827,2.6192,2.6192,2.6899,0,0,0,0.2796,0.6376,0.7651,0.7651,0.8220,0,0,0
6.768045,1788532548.312443,4.6477,3.1440,3.1440,-30.2110,-33.2131,1,0,0,-2.1263,-2.2629,4.9784,4.9784,5.2981,0,0,0,-0.8312,-0.8335,-1.2503,-1.2503,-1.2060,0,0,0,-0.9845,-1.0331,1.2397,1.2397,1.2065,0,0,0,2.1353,2.1805,2.6166,2.6166,2.6837,0,0,0,0.2796,0.6212,0.7454,0.7454,0.8247,0,0,0
6.775566,1788532548.319556,4.6914,3.2141,3.2141,-30.0110,-33.0076,1,0,0,-2.0804,-2.2551,4.9612,4.9612,5.2731,0,0,0,-0.8193,-0.8329,-1.2494,-1.2494,-1.2103,0,0,0,-0.9581,-1.0299,1.2359,1.2359,1.2113,0,0,0,2.1950,2.1812,2.6174,2.6174,2.6778,0,0,0,0.3294,0.6087,0.7304,0.7304,0.8263,0,0,0
6.784109,1788532548.327998,4.6914,3.2926,3.2926,-29.8110,-32.8026,1,0,0,-2.0804,-2.2463,4.9418,4.9418,5.2488,0,0,0,-0.8193,-0.8322,-1.2484,-1.2484,-1.2143,0,0,0,-0.9581,-1.0263,1.2315,1.2315,1.2155,0,0,0,2.1950,2.1818,2.6182,2.6182,2.6722,0,0,0,0.3294,0.5946,0.7135,0.7135,0.8266,0,0,0
6.791981,1788532548.336542,4.7040,3.3684,3.3684,-29.6110,-32.5982,1,0,0,-2.0631,-2.2369,4.9212,4.9212,5.2252,0,0,0,-0.7089,-0.8260,-1.2389,-1.2389,-1.2181,0,0,0,-0.9719,-1.0235,1.2282,1.2282,1.2193,0,0,0,2.2873,2.1872,2.6247,2.6247,2.6669,0,0,0,0.1845,0.5737,0.6884,0.6884,0.8255,0,0,0
6.800528,1788532548.344126,4.7040,3.4324,3.4324,-29.4110,-32.4452,1,0,0,-2.0631,-2.2290,4.9038,4.9038,5.2078,0,0,0,-0.7089,-0.8206,-1.2310,-1.2310,-1.2208,0,0,0,-0.9719,-1.0212,1.2254,1.2254,1.2218,0,0,0,2.2873,2.1918,2.6301,2.6301,2.6631,0,0,0,0.1845,0.5560,0.6672,0.6672,0.8238,0,0,0
6.807749,1788532548.352725,4.7860,3.5053,3.5053,-29.2110,-32.1907,1,0,0,-1.9779,-2.2161,4.8754,4.8754,5.1797,0,0,0,-0.6836,-0.8136,-1.2204,-1.2204,-1.2248,0,0,0,-0.9208,-1.0160,1.2192,1.2192,1.2252,0,0,0,2.2820,2.1964,2.6357,2.6357,2.6572,0,0,0,0.0990,0.5325,0.6390,0.6390,0.8193,0,0,0
6.816607,1788532548.360441,4.7860,3.5674,3.5674,-29.0110,-31.9876,1,0,0,-1.9779,-2.2051,4.8511,4.8511,5.1577,0,0,0,-0.6836,-0.8076,-1.2114,-1.2114,-1.2276,0,0,0,-0.9208,-1.0116,1.2139,1.2139,1.2274,0,0,0,2.2820,2.2004,2.6404,2.6404,2.6529,0,0,0,0.0990,0.5124,0.6149,0.6149,0.8142,0,0,0
6.824192,1788532548.369565,4.7881,3.6367,3.6367,-28.8110,-31.7848,1,0,0,-1.9519,-2.1913,4.8209,4.8209,5.1362,0,0,0,-0.6627,-0.7997,-1.1996,-1.1996,-1.2299,0,0,0,-0.9116,-1.0062,1.2074,1.2074,1.2291,0,0,0,2.3043,2.2060,2.6472,2.6472,2.6492,0,0,0,0.0505,0.4873,0.5848,0.5848,0.8078,0,0,0
6.831964,1788532548.376239,4.7881,3.6852,3.6852,-28.6110,-31.5824,1,0,0,-1.9519,-2.1816,4.7996,4.7996,5.1150,0,0,0,-0.6627,-0.7942,-1.1913,-1.1913,-1.2316,0,0,0,-0.9116,-1.0024,1.2029,1.2029,1.2303,0,0,0,2.3043,2.2100,2.6520,2.6520,2.6460,0,0,0,0.0505,0.4697,0.5636,0.5636,0.7999,0,0,0
6.840147,1788532548.385130,4.7881,3.7462,3.7462,-28.4110,-31.3803,1,0,0,-1.9519,-2.1695,4.7728,4.7728,5.0939,0,0,0,-0.6627,-0.7873,-1.1809,-1.1809,-1.2325,0,0,0,-0.9116,-0.9976,1.1971,1.1971,1.2309,0,0,0,2.3043,2.2150,2.6579,2.6579,2.6434,0,0,0,0.0505,0.4475,0.5369,0.5369,0.7907,0,0,0
6.848186,1788532548.392581,4.7881,3.7948,3.7948,-28.2110,-31.2289,1,0,0,-1.9519,-2.1597,4.7513,4.7513,5.0781,0,0,0,-0.6627,-0.7817,-1.1725,-1.1725,-1.2328,0,0,0,-0.9116,-0.9937,1.1925,1.1925,1.2311,0,0,0,2.3043,2.2190,2.6627,2.6627,2.6418,0,0,0,0.0505,0.4296,0.5156,0.5156,0.7828,0,0,0
6.855900,1788532548.400696,4.7803,3.8446,3.8446,-28.0110,-31.0273,1,0,0,-1.9412,-2.1491,4.7280,4.7280,5.0570,0,0,0,-0.6476,-0.7752,-1.1628,-1.1628,-1.2325,0,0,0,-0.7995,-0.9843,1.1812,1.1812,1.2308,0,0,0,2.2846,2.2221,2.6666,2.6666,2.6402,0,0,0,-0.1077,0.4035,0.4842,0.4842,0.7711,0,0,0
6.864727,1788532548.408023,4.7570,3.8864,3.8864,-27.8110,-30.8259,1,0,0,-1.9352,-2.1396,4.7072,4.7072,5.0358,0,0,0,-0.6462,-0.7695,-1.1542,-1.1542,-1.2315,0,0,0,-0.8027,-0.9763,1.1716,1.1716,1.2301,0,0,0,2.2811,2.2247,2.6697,2.6697,2.6393,0,0,0,-0.1254,0.3801,0.4562,0.4562,0.7581,0,0,0
6.872690,1788532548.417136,4.7570,3.9354,3.9354,-27.6110,-30.6247,1,0,0,-1.9352,-2.1285,4.6828,4.6828,5.0144,0,0,0,-0.6462,-0.7628,-1.1442,-1.1442,-1.2297,0,0,0,-0.8027,-0.9669,1.1603,1.1603,1.2289,0,0,0,2.2811,2.2278,2.6733,2.6733,2.6389,0,0,0,-0.1254,0.3527,0.4232,0.4232,0.7439,0,0,0
6.880888,1788532548.425008,4.7570,3.9756,3.9756,-27.4110,-30.4236,1,0,0,-1.9352,-2.1194,4.6627,4.6627,4.9929,0,0,0,-0.6462,-0.7573,-1.1360,-1.1360,-1.2272,0,0,0,-0.8027,-0.9592,1.1510,1.1510,1.2273,0,0,0,2.2811,2.2303,2.6764,2.6764,2.6390,0,0,0,-0.1254,0.3301,0.3961,0.3961,0.7286,0,0,0
6.888432,1788532548.432832,4.7537,4.0134,4.0134,-27.2110,-30.2228,1,0,0,-1.9364,-2.1108,4.6438,4.6438,4.9714,0,0,0,-0.5873,-0.7493,-1.1240,-1.1240,-1.2241,0,0,0,-0.8263,-0.9529,1.1435,1.1435,1.2251,0,0,0,2.3256,2.2348,2.6817,2.6817,2.6397,0,0,0,-0.2213,0.3041,0.3650,0.3650,0.7121,0,0,0
6.896516,1788532548.441408,4.7464,4.0522,4.0522,-27.0110,-30.0221,1,0,0,-1.9315,-2.1016,4.6236,4.6236,4.9497,0,0,0,-0.5635,-0.7398,-1.1097,-1.1097,-1.2204,0,0,0,-0.8263,-0.9465,1.1357,1.1357,1.2223,0,0,0,2.3256,2.2394,2.6873,2.6873,2.6407,0,0,0,-0.2267,0.2769,0.3323,0.3323,0.6944,0,0,0
6.904140,1788532548.448541,4.7264,4.0821,4.0821,-26.8110,-29.8214,1,0,0,-1.9045,-2.0931,4.6049,4.6049,4.9279,0,0,0,-0.5635,-0.7323,-1.0984,-1.0984,-1.2160,0,0,0,-0.8178,-0.9409,1.1291,1.1291,1.2190,0,0,0,2.3231,2.2430,2.6916,2.6916,2.6421,0,0,0,-0.2289,0.2551,0.3061,0.3061,0.6757,0,0,0
6.912163,1788532548.457560,4.6941,4.1160,4.1160,-26.6110,-29.6209,1,0,0,-1.8814,-2.0818,4.5799,4.5799,4.9061,0,0,0,-0.5635,-0.7232,-1.0848,-1.0848,-1.2112,0,0,0,-0.8178,-0.9343,1.1212,1.1212,1.2152,0,0,0,2.3040,2.2463,2.6955,2.6955,2.6439,0,0,0,-0.2289,0.2290,0.2748,0.2748,0.6559,0,0,0
6.920704,1788532548.465588,4.6941,4.1446,4.1446,-26.4110,-29.4205,1,0,0,-1.8814,-2.0721,4.5586,4.5586,4.8843,0,0,0,-0.5635,-0.7155,-1.0733,-1.0733,-1.2057,0,0,0,-0.8178,-0.9287,1.1145,1.1145,1.2109,0,0,0,2.3040,2.2490,2.6989,2.6989,2.6459,0,0,0,-0.2289,0.2069,0.2483,0.2483,0.6351,0,0,0
6.928256,1788532548.473131,4.6648,4.1689,4.1689,-26.2110,-29.2202,1,0,0,-1.8933,-2.0640,4.5408,4.5408,4.8626,0,0,0,-0.5693,-0.7089,-1.0634,-1.0634,-1.1997,0,0,0,-0.8229,-0.9239,1.1087,1.1087,1.2062,0,0,0,2.2940,2.2511,2.7013,2.7013,2.6483,0,0,0,-0.2374,0.1867,0.2241,0.2241,0.6133,0,0,0
6.936609,1788532548.480683,4.6648,4.1920,4.1920,-26.0110,-29.0700,1,0,0,-1.8933,-2.0562,4.5237,4.5237,4.8464,0,0,0,-0.5693,-0.7026,-1.0539,-1.0539,-1.1948,0,0,0,-0.8229,-0.9193,1.1032,1.1032,1.2024,0,0,0,2.2940,2.2530,2.7036,2.7036,2.6503,0,0,0,-0.2374,0.1674,0.2009,0.2009,0.5964,0,0,0
6.944169,1788532548.488571,4.6648,4.2150,4.2150,-25.8110,-28.8698,1,0,0,-1.8933,-2.0485,4.5068,4.5068,4.8247,0,0,0,-0.5693,-0.6963,-1.0444,-1.0444,-1.1878,0,0,0,-0.8229,-0.9148,1.0977,1.0977,1.1970,0,0,0,2.2940,2.2550,2.7060,2.7060,2.6531,0,0,0,-0.2374,0.1482,0.1779,0.1779,0.5732,0,0,0
6.952468,1788532548.497592,4.5454,4.2332,4.2332,-25.6110,-28.6696,1,0,0,-1.8899,-2.0400,4.4880,4.4880,4.8030,0,0,0,-0.6062,-0.6914,-1.0371,-1.0371,-1.1803,0,0,0,-0.9023,-0.9141,1.0969,1.0969,1.1914,0,0,0,2.2824,2.2564,2.7077,2.7077,2.6561,0,0,0,-0.1265,0.1334,0.1601,0.1601,0.5493,0,0,0
6.960526,1788532548.504905,4.5454,4.2473,4.2473,-25.4110,-28.4695,1,0,0,-1.8899,-2.0334,4.4734,4.4734,4.7815,0,0,0,-0.6062,-0.6877,-1.0315,-1.0315,-1.1723,0,0,0,-0.9380,-0.9152,1.0982,1.0982,1.1855,0,0,0,2.2824,2.2576,2.7091,2.7091,2.6593,0,0,0,-0.0861,0.1237,0.1485,0.1485,0.5248,0,0,0
6.968651,1788532548.512952,4.5454,4.2620,4.2620,-25.2110,-28.2694,1,0,0,-1.8899,-2.0265,4.4582,4.4582,4.7600,0,0,0,-0.6062,-0.6838,-1.0256,-1.0256,-1.1640,0,0,0,-0.9380,-0.9163,1.0995,1.0995,1.1794,0,0,0,2.2824,2.2588,2.7105,2.7105,2.6625,0,0,0,-0.0861,0.1136,0.1363,0.1363,0.5000,0,0,0
6.976617,1788532548.521076,4.5454,4.2761,4.2761,-25.0110,-28.0693,1,0,0,-1.8899,-2.0198,4.4436,4.4436,4.7388,0,0,0,-0.6062,-0.6800,-1.0200,-1.0200,-1.1554,0,0,0,-0.9380,-0.9173,1.1008,1.1008,1.1733,0,0,0,2.2824,2.2599,2.7119,2.7119,2.6658,0,0,0,-0.0861,0.1039,0.1246,0.1246,0.4749,0,0,0
6.984336,1788532548.529039,4.5454,4.2892,4.2892,-24.8110,-27.8693,1,0,0,-1.8899,-2.0136,4.4299,4.4299,4.7178,0,0,0,-0.6062,-0.6765,-1.0147,-1.0147,-1.1466,0,0,0,-0.9380,-0.9183,1.1020,1.1020,1.1671,0,0,0,2.2824,2.2610,2.7132,2.7132,2.6691,0,0,0,-0.0861,0.0948,0.1137,0.1137,0.4497,0,0,0
6.992290,1788532548.536701,4.5676,4.3023,4.3023,-24.6110,-27.6693,1,0,0,-1.8370,-2.0055,4.4120,4.4120,4.6970,0,0,0,-0.5445,-0.6704,-1.0056,-1.0056,-1.1377,0,0,0,-0.9615,-0.9203,1.1044,1.1044,1.1611,0,0,0,2.3313,2.2642,2.7171,2.7171,2.6724,0,0,0,-0.0383,0.0886,0.1064,0.1064,0.4247,0,0,0
7.000455,1788532548.544708,4.5676,4.3153,4.3153,-24.4110,-27.5193,1,0,0,-1.8370,-1.9974,4.3942,4.3942,4.6817,0,0,0,-0.5445,-0.6644,-0.9965,-0.9965,-1.1309,0,0,0,-0.9615,-0.9223,1.1067,1.1067,1.1568,0,0,0,2.3313,2.2674,2.7209,2.7209,2.6749,0,0,0,-0.0383,0.0825,0.0990,0.0990,0.4062,0,0,0
7.008147,1788532548.553539,4.5676,4.3288,4.3288,-24.2110,-27.3193,1,0,0,-1.8370,-1.9889,4.3757,4.3757,4.6615,0,0,0,-0.5445,-0.6580,-0.9871,-0.9871,-1.1220,0,0,0,-0.9615,-0.9243,1.1092,1.1092,1.1513,0,0,0,2.3313,2.2708,2.7250,2.7250,2.6780,0,0,0,-0.0383,0.0762,0.0914,0.0914,0.3820,0,0,0
7.016164,1788532548.560575,4.5676,4.3391,4.3391,-24.0110,-27.1188,1,0,0,-1.8370,-1.9825,4.3615,4.3615,4.6416,0,0,0,-0.5445,-0.6532,-0.9799,-0.9799,-1.1131,0,0,0,-0.9615,-0.9259,1.1111,1.1111,1.1461,0,0,0,2.3313,2.2734,2.7280,2.7280,2.6812,0,0,0,-0.0383,0.0713,0.0855,0.0855,0.3584,0,0,0
7.024972,1788532548.568946,4.5676,4.3507,4.3507,-23.8110,-26.9155,1,0,0,-1.8370,-1.9752,4.3454,4.3454,4.6218,0,0,0,-0.5445,-0.6478,-0.9717,-0.9717,-1.1042,0,0,0,-0.9615,-0.9277,1.1132,1.1132,1.1414,0,0,0,2.3313,2.2763,2.7315,2.7315,2.6843,0,0,0,-0.0383,0.0658,0.0789,0.0789,0.3355,0,0,0
7.032940,1788532548.576341,4.5676,4.3605,4.3605,-23.6110,-26.7095,1,0,0,-1.8370,-1.9690,4.3319,4.3319,4.6021,0,0,0,-0.5445,-0.6432,-0.9648,-0.9648,-1.0952,0,0,0,-0.9615,-0.9292,1.1150,1.1150,1.1371,0,0,0,2.3313,2.2787,2.7344,2.7344,2.6874,0,0,0,-0.0383,0.0612,0.0734,0.0734,0.3133,0,0,0
7.040761,1788532548.585008,4.5676,4.3714,4.3714,-23.4110,-26.5015,1,0,0,-1.8370,-1.9622,4.3169,4.3169,4.5825,0,0,0,-0.5445,-0.6381,-0.9571,-0.9571,-1.0861,0,0,0,-0.9615,-0.9309,1.1170,1.1170,1.1333,0,0,0,2.3313,2.2814,2.7377,2.7377,2.6906,0,0,0,-0.0383,0.0560,0.0672,0.0672,0.2920,0,0,0
7.049001,1788532548.593111,4.5676,4.3811,4.3811,-23.2110,-26.2921,1,0,0,-1.8370,-1.9561,4.3035,4.3035,4.5630,0,0,0,-0.5445,-0.6336,-0.9503,-0.9503,-1.0770,0,0,0,-0.9615,-0.9323,1.1188,1.1188,1.1300,0,0,0,2.3313,2.2838,2.7406,2.7406,2.6938,0,0,0,-0.0383,0.0514,0.0617,0.0617,0.2716,0,0,0
7.056550,1788532548.601956,4.4562,4.3851,4.3851,-23.0110,-26.0818,1,0,0,-1.8251,-1.9492,4.2883,4.2883,4.5438,0,0,0,-0.6126,-0.6325,-0.9487,-0.9487,-1.0680,0,0,0,-1.0647,-0.9393,1.1272,1.1272,1.1272,0,0,0,2.2232,2.2806,2.7368,2.7368,2.6970,0,0,0,0.0051,0.0490,0.0588,0.0588,0.2523,0,0,0
7.065145,1788532548.608688,4.4562,4.3880,4.3880,-22.8110,-25.8708,1,0,0,-1.8251,-1.9442,4.2772,4.2772,4.5248,0,0,0,-0.6126,-0.6316,-0.9475,-0.9475,-1.0590,0,0,0,-1.0647,-0.9444,1.1333,1.1333,1.1248,0,0,0,2.2232,2.2783,2.7340,2.7340,2.7002,0,0,0,0.0051,0.0472,0.0566,0.0566,0.2339,0,0,0
7.073140,1788532548.617563,4.4562,4.3917,4.3917,-22.6110,-25.6597,1,0,0,-1.8251,-1.9379,4.2633,4.2633,4.5061,0,0,0,-0.6126,-0.6306,-0.9460,-0.9460,-1.0501,0,0,0,-1.0647,-0.9508,1.1409,1.1409,1.1228,0,0,0,2.2232,2.2754,2.7305,2.7305,2.7034,0,0,0,0.0051,0.0450,0.0539,0.0539,0.2165,0,0,0
7.080832,1788532548.625570,4.4562,4.3948,4.3948,-22.4110,-25.4485,1,0,0,-1.8251,-1.9324,4.2514,4.2514,4.4877,0,0,0,-0.6126,-0.6298,-0.9447,-0.9447,-1.0413,0,0,0,-1.0647,-0.9562,1.1475,1.1475,1.1213,0,0,0,2.2232,2.2729,2.7275,2.7275,2.7065,0,0,0,0.0051,0.0430,0.0516,0.0516,0.2002,0,0,0
7.088998,1788532548.631777,4.3550,4.3933,4.3933,-22.2110,-25.2375,1,0,0,-1.7288,-1.9248,4.2345,4.2345,4.4697,0,0,0,-0.6600,-0.6309,-0.9464,-0.9464,-1.0329,0,0,0,-1.0833,-0.9610,1.1532,1.1532,1.1204,0,0,0,2.2415,2.2717,2.7261,2.7261,2.7094,0,0,0,0.1157,0.0458,0.0549,0.0549,0.1850,0,0,0
7.097017,1788532548.641434,4.3550,4.3911,4.3911,-22.0110,-25.0795,1,0,0,-1.7288,-1.9135,4.2098,4.2098,4.4563,0,0,0,-0.6600,-0.6326,-0.9489,-0.9489,-1.0267,0,0,0,-1.0833,-0.9680,1.1616,1.1616,1.1201,0,0,0,2.2415,2.2700,2.7240,2.7240,2.7114,0,0,0,0.1157,0.0498,0.0597,0.0597,0.1742,0,0,0
7.104068,1788532548.649380,4.3550,4.3894,4.3894,-21.8110,-24.8692,1,0,0,-1.7288,-1.9047,4.1904,4.1904,4.4389,0,0,0,-0.6600,-0.6339,-0.9508,-0.9508,-1.0189,0,0,0,-1.0833,-0.9735,1.1682,1.1682,1.1201,0,0,0,2.2415,2.2686,2.7224,2.7224,2.7138,0,0,0,0.1157,0.0529,0.0635,0.0635,0.1608,0,0,0
7.113172,1788532548.656968,4.3044,4.3854,4.3854,-21.6110,-24.6594,1,0,0,-1.7248,-1.8965,4.1724,4.1724,4.4218,0,0,0,-0.6479,-0.6345,-0.9518,-0.9518,-1.0115,0,0,0,-1.1009,-0.9793,1.1751,1.1751,1.1207,0,0,0,2.2751,2.2689,2.7227,2.7227,2.7159,0,0,0,0.1343,0.0566,0.0680,0.0680,0.1485,0,0,0
7.120510,1788532548.665128,4.3044,4.3814,4.3814,-21.4110,-24.4502,1,0,0,-1.7248,-1.8881,4.1539,4.1539,4.4049,0,0,0,-0.6479,-0.6352,-0.9528,-0.9528,-1.0046,0,0,0,-1.1009,-0.9852,1.1822,1.1822,1.1218,0,0,0,2.2751,2.2692,2.7231,2.7231,2.7177,0,0,0,0.1343,0.0604,0.0725,0.0725,0.1373,0,0,0
7.128660,1788532548.673042,4.2633,4.3758,4.3758,-21.2110,-24.2416,1,0,0,-1.6827,-1.8784,4.1324,4.1324,4.3880,0,0,0,-0.6223,-0.6346,-0.9518,-0.9518,-0.9983,0,0,0,-1.0851,-0.9899,1.1879,1.1879,1.1235,0,0,0,2.3288,2.2721,2.7265,2.7265,2.7191,0,0,0,0.1474,0.0646,0.0775,0.0775,0.1272,0,0,0
7.136965,1788532548.682128,4.2500,4.3689,4.3689,-21.0110,-24.0337,1,0,0,-1.6777,-1.8675,4.1085,4.1085,4.3711,0,0,0,-0.6172,-0.6336,-0.9504,-0.9504,-0.9925,0,0,0,-1.0530,-0.9933,1.1920,1.1920,1.1256,0,0,0,2.3185,2.2746,2.7295,2.7295,2.7204,0,0,0,0.1424,0.0688,0.0825,0.0825,0.1183,0,0,0
7.144645,1788532548.688421,4.2500,4.3644,4.3644,-20.8110,-23.8263,1,0,0,-1.6777,-1.8603,4.0926,4.0926,4.3542,0,0,0,-0.6172,-0.6330,-0.9495,-0.9495,-0.9873,0,0,0,-1.0530,-0.9956,1.1947,1.1947,1.1283,0,0,0,2.3185,2.2762,2.7315,2.7315,2.7214,0,0,0,0.1424,0.0716,0.0859,0.0859,0.1105,0,0,0
7.152787,1788532548.697078,4.2500,4.3584,4.3584,-20.6110,-23.6196,1,0,0,-1.6777,-1.8508,4.0719,4.0719,4.3372,0,0,0,-0.6172,-0.6322,-0.9483,-0.9483,-0.9826,0,0,0,-1.0530,-0.9986,1.1983,1.1983,1.1314,0,0,0,2.3185,2.2784,2.7341,2.7341,2.7222,0,0,0,0.1424,0.0752,0.0903,0.0903,0.1038,0,0,0
7.160532,1788532548.705193,4.1891,4.3501,4.3501,-20.4110,-23.4650,1,0,0,-1.6647,-1.8418,4.0519,4.0519,4.3244,0,0,0,-0.5754,-0.6294,-0.9441,-0.9441,-0.9794,0,0,0,-1.0123,-0.9992,1.1991,1.1991,1.1339,0,0,0,2.3360,2.2812,2.7374,2.7374,2.7228,0,0,0,0.1363,0.0782,0.0938,0.0938,0.0995,0,0,0
7.169215,1788532548.712596,4.1670,4.3419,4.3419,-20.2110,-23.2593,1,0,0,-1.6647,-1.8339,4.0346,4.0346,4.3071,0,0,0,-0.5754,-0.6270,-0.9405,-0.9405,-0.9755,0,0,0,-0.9991,-0.9992,1.1991,1.1991,1.1376,0,0,0,2.3301,2.2834,2.7401,2.7401,2.7236,0,0,0,0.1403,0.0810,0.0972,0.0972,0.0946,0,0,0
7.177335,1788532548.721645,4.1670,4.3325,4.3325,-20.0110,-23.0542,1,0,0,-1.6647,-1.8248,4.0145,4.0145,4.2897,0,0,0,-0.5754,-0.6242,-0.9364,-0.9364,-0.9720,0,0,0,-0.9991,-0.9992,1.1991,1.1991,1.1415,0,0,0,2.3301,2.2859,2.7431,2.7431,2.7243,0,0,0,0.1403,0.0842,0.1010,0.1010,0.0907,0,0,0
7.184695,1788532548.729493,4.1670,4.3246,4.3246,-19.8110,-22.8495,1,0,0,-1.6647,-1.8172,3.9979,3.9979,4.2722,0,0,0,-0.5754,-0.6219,-0.9329,-0.9329,-0.9688,0,0,0,-0.9991,-0.9992,1.1991,1.1991,1.1455,0,0,0,2.3301,2.2880,2.7456,2.7456,2.7251,0,0,0,0.1403,0.0868,0.1042,0.1042,0.0877,0,0,0
7.192791,1788532548.736209,4.1670,4.3182,4.3182,-19.6110,-22.6454,1,0,0,-1.6647,-1.8110,3.9843,3.9843,4.2545,0,0,0,-0.5754,-0.6201,-0.9301,-0.9301,-0.9659,0,0,0,-0.9991,-0.9992,1.1991,1.1991,1.1496,0,0,0,2.3301,2.2897,2.7476,2.7476,2.7260,0,0,0,0.1403,0.0890,0.1068,0.1068,0.0854,0,0,0
7.200689,1788532548.745838,4.1574,4.3090,4.3090,-19.4110,-22.4418,1,0,0,-1.7147,-1.8055,3.9722,3.9722,4.2366,0,0,0,-0.5582,-0.6165,-0.9248,-0.9248,-0.9631,0,0,0,-0.9601,-0.9970,1.1964,1.1964,1.1537,0,0,0,2.3714,2.2943,2.7532,2.7532,2.7269,0,0,0,0.0824,0.0886,0.1063,0.1063,0.0839,0,0,0
7.209217,1788532548.753224,4.1376,4.3013,4.3013,-19.2110,-22.2385,1,0,0,-1.7243,-1.8019,3.9642,3.9642,4.2186,0,0,0,-0.5582,-0.6139,-0.9209,-0.9209,-0.9604,0,0,0,-0.9601,-0.9954,1.1944,1.1944,1.1576,0,0,0,2.4133,2.2996,2.7595,2.7595,2.7279,0,0,0,0.0558,0.0871,0.1046,0.1046,0.0831,0,0,0
7.217344,1788532548.760721,4.1269,4.2935,4.2935,-19.0110,-22.0357,1,0,0,-1.7243,-1.7984,3.9565,3.9565,4.2006,0,0,0,-0.5493,-0.6110,-0.9165,-0.9165,-0.9578,0,0,0,-0.9615,-0.9938,1.1926,1.1926,1.1615,0,0,0,2.4186,2.3050,2.7660,2.7660,2.7291,0,0,0,0.0444,0.0852,0.1023,0.1023,0.0828,0,0,0
7.224997,1788532548.769393,4.1218,4.2845,4.2845,-18.8110,-21.8332,1,0,0,-1.7427,-1.7955,3.9502,3.9502,4.1827,0,0,0,-0.5493,-0.6078,-0.9118,-0.9118,-0.9553,0,0,0,-0.9615,-0.9922,1.1906,1.1906,1.1651,0,0,0,2.4213,2.3110,2.7732,2.7732,2.7303,0,0,0,0.0420,0.0830,0.0996,0.0996,0.0830,0,0,0
7.232746,1788532548.778193,4.1218,4.2760,4.2760,-18.6110,-21.6310,1,0,0,-1.7427,-1.7928,3.9441,3.9441,4.1649,0,0,0,-0.5493,-0.6048,-0.9072,-0.9072,-0.9527,0,0,0,-0.9615,-0.9905,1.1887,1.1887,1.1684,0,0,0,2.4213,2.3168,2.7801,2.7801,2.7318,0,0,0,0.0420,0.0808,0.0970,0.0970,0.0835,0,0,0
7.241496,1788532548.784569,4.0785,4.2683,4.2683,-18.4110,-21.4795,1,0,0,-1.6764,-1.7883,3.9342,3.9342,4.1518,0,0,0,-0.5493,-0.6026,-0.9039,-0.9039,-0.9508,0,0,0,-0.9519,-0.9891,1.1869,1.1869,1.1708,0,0,0,2.4429,2.3216,2.7860,2.7860,2.7330,0,0,0,0.0653,0.0802,0.0963,0.0963,0.0841,0,0,0
7.249013,1788532548.793913,4.0785,4.2578,4.2578,-18.2110,-21.2778,1,0,0,-1.6764,-1.7821,3.9205,3.9205,4.1347,0,0,0,-0.5493,-0.5997,-0.8995,-0.8995,-0.9482,0,0,0,-0.9519,-0.9870,1.1844,1.1844,1.1736,0,0,0,2.4429,2.3284,2.7940,2.7940,2.7348,0,0,0,0.0653,0.0794,0.0953,0.0953,0.0850,0,0,0
7.257079,1788532548.801472,4.0785,4.2496,4.2496,-18.0110,-21.0763,1,0,0,-1.6764,-1.7773,3.9100,3.9100,4.1181,0,0,0,-0.5493,-0.5974,-0.8961,-0.8961,-0.9454,0,0,0,-0.9519,-0.9854,1.1825,1.1825,1.1761,0,0,0,2.4429,2.3336,2.8003,2.8003,2.7370,0,0,0,0.0653,0.0788,0.0945,0.0945,0.0859,0,0,0
7.265608,1788532548.808197,4.0785,4.2427,4.2427,-17.8110,-20.8751,1,0,0,-1.6764,-1.7732,3.9009,3.9009,4.1020,0,0,0,-0.5493,-0.5954,-0.8932,-0.8932,-0.9426,0,0,0,-0.9519,-0.9840,1.1809,1.1809,1.1782,0,0,0,2.4429,2.3380,2.8056,2.8056,2.7394,0,0,0,0.0653,0.0782,0.0939,0.0939,0.0868,0,0,0
7.272679,1788532548.817104,4.0395,4.2319,4.2319,-17.6110,-20.6740,1,0,0,-1.6916,-1.7688,3.8914,3.8914,4.0864,0,0,0,-0.5386,-0.5924,-0.8886,-0.8886,-0.9398,0,0,0,-1.0004,-0.9849,1.1819,1.1819,1.1801,0,0,0,2.3514,2.3387,2.8065,2.8065,2.7422,0,0,0,-0.0063,0.0737,0.0885,0.0885,0.0877,0,0,0
7.280606,1788532548.826111,4.0395,4.2215,4.2215,-17.4110,-20.4731,1,0,0,-1.6916,-1.7647,3.8823,3.8823,4.0713,0,0,0,-0.5386,-0.5895,-0.8843,-0.8843,-0.9368,0,0,0,-1.0004,-0.9857,1.1829,1.1829,1.1816,0,0,0,2.3514,2.3394,2.8073,2.8073,2.7453,0,0,0,-0.0063,0.0694,0.0833,0.0833,0.0885,0,0,0
7.289385,1788532548.833716,4.0395,4.2132,4.2132,-17.2110,-20.2723,1,0,0,-1.6916,-1.7613,3.8750,3.8750,4.0567,0,0,0,-0.5386,-0.5872,-0.8808,-0.8808,-0.9338,0,0,0,-1.0004,-0.9864,1.1837,1.1837,1.1828,0,0,0,2.3514,2.3399,2.8079,2.8079,2.7487,0,0,0,-0.0063,0.0660,0.0792,0.0792,0.0893,0,0,0
7.297296,1788532548.841818,3.9931,4.2025,4.2025,-17.0110,-20.1218,1,0,0,-1.7350,-1.7601,3.8721,3.8721,4.0460,0,0,0,-0.5529,-0.5855,-0.8783,-0.8783,-0.9314,0,0,0,-0.9763,-0.9859,1.1831,1.1831,1.1834,0,0,0,2.3410,2.3400,2.8080,2.8080,2.7514,0,0,0,0.0646,0.0659,0.0791,0.0791,0.0897,0,0,0
7.304888,1788532548.849243,3.9931,4.1932,4.1932,-16.8110,-19.9212,1,0,0,-1.7350,-1.7589,3.8697,3.8697,4.0321,0,0,0,-0.5529,-0.5841,-0.8761,-0.8761,-0.9283,0,0,0,-0.9763,-0.9855,1.1826,1.1826,1.1842,0,0,0,2.3410,2.3400,2.8080,2.8080,2.7552,0,0,0,0.0646,0.0659,0.0790,0.0790,0.0902,0,0,0
7.312877,1788532548.857324,3.9752,4.1826,4.1826,-16.6110,-19.7203,1,0,0,-1.7508,-1.7585,3.8688,3.8688,4.0187,0,0,0,-0.5565,-0.5828,-0.8741,-0.8741,-0.9250,0,0,0,-0.9697,-0.9847,1.1817,1.1817,1.1847,0,0,0,2.3374,2.3399,2.8079,2.8079,2.7590,0,0,0,0.0881,0.0669,0.0803,0.0803,0.0905,0,0,0
7.320969,1788532548.864705,3.9589,4.1727,4.1727,-16.4110,-19.5166,1,0,0,-1.7281,-1.7572,3.8658,3.8658,4.0056,0,0,0,-0.5581,-0.5817,-0.8725,-0.8725,-0.9217,0,0,0,-0.9697,-0.9841,1.1809,1.1809,1.1851,0,0,0,2.3484,2.3403,2.8083,2.8083,2.7629,0,0,0,0.0952,0.0682,0.0818,0.0818,0.0905,0,0,0
7.329549,1788532548.873330,3.9589,4.1617,4.1617,-16.2110,-19.3103,1,0,0,-1.7281,-1.7557,3.8625,3.8625,3.9931,0,0,0,-0.5581,-0.5805,-0.8707,-0.8707,-0.9183,0,0,0,-0.9697,-0.9833,1.1800,1.1800,1.1854,0,0,0,2.3484,2.3407,2.8088,2.8088,2.7667,0,0,0,0.0952,0.0696,0.0835,0.0835,0.0904,0,0,0
7.337105,1788532548.881921,3.9589,4.1513,4.1513,-16.0110,-19.1020,1,0,0,-1.7281,-1.7543,3.8594,3.8594,3.9811,0,0,0,-0.5581,-0.5793,-0.8690,-0.8690,-0.9149,0,0,0,-0.9697,-0.9826,1.1792,1.1792,1.1855,0,0,0,2.3484,2.3411,2.8093,2.8093,2.7704,0,0,0,0.0952,0.0709,0.0851,0.0851,0.0901,0,0,0
7.345203,1788532548.888681,3.9589,4.1435,4.1435,-15.8110,-18.8924,1,0,0,-1.7281,-1.7532,3.8571,3.8571,3.9697,0,0,0,-0.5581,-0.5784,-0.8677,-0.8677,-0.9115,0,0,0,-0.9697,-0.9821,1.1785,1.1785,1.1855,0,0,0,2.3484,2.3414,2.8097,2.8097,2.7739,0,0,0,0.0952,0.0719,0.0863,0.0863,0.0897,0,0,0
7.353277,1788532548.897698,3.9441,4.1328,4.1328,-15.6110,-18.6819,1,0,0,-1.7786,-1.7546,3.8601,3.8601,3.9589,0,0,0,-0.5583,-0.5774,-0.8660,-0.8660,-0.9081,0,0,0,-0.9863,-0.9823,1.1788,1.1788,1.1855,0,0,0,2.3594,2.3424,2.8108,2.8108,2.7773,0,0,0,0.0029,0.0682,0.0818,0.0818,0.0893,0,0,0
7.361444,1788532548.905377,3.9334,4.1236,4.1236,-15.4110,-18.4708,1,0,0,-1.7991,-1.7566,3.8646,3.8646,3.9488,0,0,0,-0.5667,-0.5769,-0.8653,-0.8653,-0.9048,0,0,0,-0.9844,-0.9824,1.1789,1.1789,1.1853,0,0,0,2.3476,2.3426,2.8111,2.8111,2.7805,0,0,0,0.0029,0.0652,0.0782,0.0782,0.0889,0,0,0
7.369119,1788532548.912863,3.9252,4.1147,4.1147,-15.2110,-18.3124,1,0,0,-1.8204,-1.7595,3.8709,3.8709,3.9416,0,0,0,-0.5667,-0.5764,-0.8646,-0.8646,-0.9023,0,0,0,-0.9670,-0.9817,1.1781,1.1781,1.1851,0,0,0,2.3473,2.3428,2.8114,2.8114,2.7828,0,0,0,-0.0366,0.0606,0.0727,0.0727,0.0886,0,0,0
7.376698,1788532548.921522,3.9113,4.1042,4.1042,-15.0110,-18.1011,1,0,0,-1.8628,-1.7648,3.8826,3.8826,3.9326,0,0,0,-0.5560,-0.5754,-0.8630,-0.8630,-0.8991,0,0,0,-0.9495,-0.9801,1.1761,1.1761,1.1848,0,0,0,2.3200,2.3416,2.8100,2.8100,2.7857,0,0,0,-0.0554,0.0546,0.0655,0.0655,0.0882,0,0,0
7.384807,1788532548.929679,3.9113,4.0948,4.0948,-14.8110,-17.8900,1,0,0,-1.8628,-1.7696,3.8932,3.8932,3.9244,0,0,0,-0.5560,-0.5744,-0.8616,-0.8616,-0.8961,0,0,0,-0.9495,-0.9786,1.1743,1.1743,1.1845,0,0,0,2.3200,2.3406,2.8087,2.8087,2.7884,0,0,0,-0.0554,0.0492,0.0591,0.0591,0.0877,0,0,0
7.392845,1788532548.938254,3.9113,4.0854,4.0854,-14.6110,-17.6792,1,0,0,-1.8628,-1.7744,3.9036,3.9036,3.9170,0,0,0,-0.5560,-0.5735,-0.8602,-0.8602,-0.8931,0,0,0,-0.9495,-0.9771,1.1725,1.1725,1.1841,0,0,0,2.3200,2.3395,2.8074,2.8074,2.7909,0,0,0,-0.0554,0.0439,0.0527,0.0527,0.0871,0,0,0
7.401415,1788532548.945554,3.9113,4.0778,4.0778,-14.4110,-17.4689,1,0,0,-1.8628,-1.7783,3.9122,3.9122,3.9106,0,0,0,-0.5560,-0.5727,-0.8591,-0.8591,-0.8903,0,0,0,-0.9495,-0.9759,1.1711,1.1711,1.1837,0,0,0,2.3200,2.3387,2.8064,2.8064,2.7931,0,0,0,-0.0554,0.0395,0.0474,0.0474,0.0863,0,0,0
7.409625,1788532548.952815,3.9113,4.0705,4.0705,-14.2110,-17.2591,1,0,0,-1.8628,-1.7820,3.9203,3.9203,3.9052,0,0,0,-0.5560,-0.5720,-0.8580,-0.8580,-0.8876,0,0,0,-0.9495,-0.9747,1.1697,1.1697,1.1832,0,0,0,2.3200,2.3379,2.8054,2.8054,2.7952,0,0,0,-0.0554,0.0354,0.0425,0.0425,0.0852,0,0,0
7.417528,1788532548.960922,3.9113,4.0628,4.0628,-14.0110,-17.0499,1,0,0,-1.8628,-1.7859,3.9289,3.9289,3.9009,0,0,0,-0.5560,-0.5712,-0.8568,-0.8568,-0.8850,0,0,0,-0.9495,-0.9735,1.1682,1.1682,1.1827,0,0,0,2.3200,2.3370,2.8044,2.8044,2.7971,0,0,0,-0.0554,0.0310,0.0372,0.0372,0.0839,0,0,0
7.424882,1788532548.969495,3.9113,4.0550,4.0550,-13.8110,-16.8413,1,0,0,-1.8628,-1.7898,3.9376,3.9376,3.8977,0,0,0,-0.5560,-0.5704,-0.8556,-0.8556,-0.8826,0,0,0,-0.9495,-0.9723,1.1667,1.1667,1.1820,0,0,0,2.3200,2.3361,2.8033,2.8033,2.7987,0,0,0,-0.0554,0.0266,0.0319,0.0319,0.0822,0,0,0
7.433425,1788532548.977822,3.9113,4.0479,4.0479,-13.6110,-16.6333,1,0,0,-1.8628,-1.7934,3.9456,3.9456,3.8956,0,0,0,-0.5560,-0.5697,-0.8546,-0.8546,-0.8802,0,0,0,-0.9495,-0.9711,1.1654,1.1654,1.1813,0,0,0,2.3200,2.3353,2.8024,2.8024,2.8000,0,0,0,-0.0554,0.0225,0.0270,0.0270,0.0802,0,0,0
7.440985,1788532548.985360,3.7699,4.0353,4.0353,-13.4110,-16.4260,1,0,0,-1.7098,-1.7897,3.9372,3.9372,3.8944,0,0,0,-0.5797,-0.5702,-0.8552,-0.8552,-0.8780,0,0,0,-0.9230,-0.9690,1.1628,1.1628,1.1806,0,0,0,2.3350,2.3353,2.8024,2.8024,2.8012,0,0,0,-0.1665,0.0139,0.0167,0.0167,0.0779,0,0,0
7.449111,1788532548.993553,3.7699,4.0223,4.0223,-13.2110,-16.2193,1,0,0,-1.7098,-1.7857,3.9286,3.9286,3.8943,0,0,0,-0.5797,-0.5706,-0.8559,-0.8559,-0.8759,0,0,0,-0.9230,-0.9667,1.1601,1.1601,1.1797,0,0,0,2.3350,2.3353,2.8023,2.8023,2.8021,0,0,0,-0.1665,0.0051,0.0061,0.0061,0.0753,0,0,0
7.457509,1788532549.002561,3.7699,4.0088,4.0088,-13.0110,-16.0646,1,0,0,-1.7098,-1.7817,3.9197,3.9197,3.8947,0,0,0,-0.5797,-0.5711,-0.8567,-0.8567,-0.8743,0,0,0,-0.9230,-0.9644,1.1573,1.1573,1.1791,0,0,0,2.3350,2.3353,2.8023,2.8023,2.8027,0,0,0,-0.1665,-0.0041,-0.0049,-0.0049,0.0733,0,0,0
7.465150,1788532549.010487,3.7699,3.9974,3.9974,-12.8110,-15.8590,1,0,0,-1.7098,-1.7783,3.9122,3.9122,3.8960,0,0,0,-0.5797,-0.5715,-0.8573,-0.8573,-0.8724,0,0,0,-0.9230,-0.9624,1.1549,1.1549,1.1781,0,0,0,2.3350,2.3353,2.8023,2.8023,2.8033,0,0,0,-0.1665,-0.0118,-0.0142,-0.0142,0.0702,0,0,0
7.473149,1788532549.016595,3.7699,3.9890,3.9890,-12.6110,-15.6539,1,0,0,-1.7098,-1.7757,3.9066,3.9066,3.8976,0,0,0,-0.5797,-0.5718,-0.8577,-0.8577,-0.8706,0,0,0,-0.9230,-0.9610,1.1531,1.1531,1.1771,0,0,0,2.3350,2.3353,2.8023,2.8023,2.8038,0,0,0,-0.1665,-0.0175,-0.0211,-0.0211,0.0668,0,0,0
7.481789,1788532549.025526,3.7699,3.9773,3.9773,-12.4110,-15.4493,1,0,0,-1.7098,-1.7722,3.8989,3.8989,3.8993,0,0,0,-0.5797,-0.5722,-0.8584,-0.8584,-0.8689,0,0,0,-0.9230,-0.9589,1.1507,1.1507,1.1759,0,0,0,2.3350,2.3352,2.8023,2.8023,2.8041,0,0,0,-0.1665,-0.0255,-0.0306,-0.0306,0.0630,0,0,0
7.489119,1788532549.033854,3.7699,3.9670,3.9670,-12.2110,-15.2452,1,0,0,-1.7098,-1.7691,3.8921,3.8921,3.9009,0,0,0,-0.5797,-0.5726,-0.8589,-0.8589,-0.8674,0,0,0,-0.9230,-0.9572,1.1486,1.1486,1.1747,0,0,0,2.3350,2.3352,2.8023,2.8023,2.8044,0,0,0,-0.1665,-0.0325,-0.0390,-0.0390,0.0587,0,0,0
7.496737,1788532549.041530,3.7699,3.9579,3.9579,-12.0110,-15.0415,1,0,0,-1.7098,-1.7664,3.8861,3.8861,3.9023,0,0,0,-0.5797,-0.5729,-0.8594,-0.8594,-0.8660,0,0,0,-0.9230,-0.9556,1.1467,1.1467,1.1734,0,0,0,2.3350,2.3352,2.8023,2.8023,2.8045,0,0,0,-0.1665,-0.0387,-0.0464,-0.0464,0.0541,0,0,0
7.505478,1788532549.049876,3.6826,3.9442,3.9442,-11.8110,-14.8891,1,0,0,-1.7366,-1.7649,3.8828,3.8828,3.9032,0,0,0,-0.6617,-0.5774,-0.8660,-0.8660,-0.8651,0,0,0,-0.8759,-0.9516,1.1419,1.1419,1.1724,0,0,0,2.1951,2.3282,2.7939,2.7939,2.8046,0,0,0,-0.2065,-0.0470,-0.0565,-0.0565,0.0504,0,0,0
7.514035,1788532549.057889,3.6513,3.9301,3.9301,-11.6110,-14.6355,1,0,0,-1.7094,-1.7622,3.8769,3.8769,3.9042,0,0,0,-0.6620,-0.5814,-0.8721,-0.8721,-0.8638,0,0,0,-0.8759,-0.9480,1.1376,1.1376,1.1705,0,0,0,2.2075,2.3224,2.7869,2.7869,2.8046,0,0,0,-0.2005,-0.0544,-0.0653,-0.0653,0.0437,0,0,0
7.521570,1788532549.065461,3.6256,3.9163,3.9163,-11.4110,-14.4330,1,0,0,-1.6613,-1.7577,3.8668,3.8668,3.9045,0,0,0,-0.6646,-0.5852,-0.8778,-0.8778,-0.8629,0,0,0,-0.8460,-0.9433,1.1320,1.1320,1.1689,0,0,0,2.2202,2.3178,2.7814,2.7814,2.8046,0,0,0,-0.2104,-0.0615,-0.0738,-0.0738,0.0380,0,0,0
7.530159,1788532549.072986,3.6103,3.9024,3.9024,-11.2110,-14.2308,1,0,0,-1.6348,-1.7521,3.8546,3.8546,3.9044,0,0,0,-0.6620,-0.5887,-0.8830,-0.8830,-0.8622,0,0,0,-0.8460,-0.9389,1.1267,1.1267,1.1673,0,0,0,2.2202,2.3134,2.7761,2.7761,2.8044,0,0,0,-0.2062,-0.0680,-0.0817,-0.0817,0.0319,0,0,0
7.537771,1788532549.081611,3.6103,3.8874,3.8874,-11.0110,-14.0289,1,0,0,-1.6348,-1.7461,3.8414,3.8414,3.9039,0,0,0,-0.6620,-0.5924,-0.8887,-0.8887,-0.8618,0,0,0,-0.8460,-0.9342,1.1210,1.1210,1.1655,0,0,0,2.2202,2.3086,2.7703,2.7703,2.8041,0,0,0,-0.2062,-0.0752,-0.0902,-0.0902,0.0256,0,0,0
7.545395,1788532549.089810,3.6232,3.8744,3.8744,-10.8110,-13.8273,1,0,0,-1.6314,-1.7404,3.8290,3.8290,3.9030,0,0,0,-0.6320,-0.5944,-0.8916,-0.8916,-0.8617,0,0,0,-0.8600,-0.9305,1.1166,1.1166,1.1636,0,0,0,2.2181,2.3042,2.7650,2.7650,2.8035,0,0,0,-0.1664,-0.0796,-0.0956,-0.0956,0.0190,0,0,0
7.553937,1788532549.097811,3.6232,3.8623,3.8623,-10.6110,-13.6762,1,0,0,-1.6314,-1.7352,3.8175,3.8175,3.9019,0,0,0,-0.6320,-0.5962,-0.8943,-0.8943,-0.8618,0,0,0,-0.8600,-0.9272,1.1126,1.1126,1.1621,0,0,0,2.2181,2.3000,2.7601,2.7601,2.8028,0,0,0,-0.1664,-0.0838,-0.1006,-0.1006,0.0139,0,0,0
7.561866,1788532549.106020,3.6708,3.8529,3.8529,-10.4110,-13.4750,1,0,0,-1.7326,-1.7351,3.8172,3.8172,3.9000,0,0,0,-0.6047,-0.5966,-0.8949,-0.8949,-0.8623,0,0,0,-0.8247,-0.9221,1.1066,1.1066,1.1598,0,0,0,2.1781,2.2941,2.7529,2.7529,2.8017,0,0,0,-0.2339,-0.0912,-0.1094,-0.1094,0.0069,0,0,0
7.570081,1788532549.113261,3.6763,3.8452,3.8452,-10.2110,-13.2739,1,0,0,-1.7552,-1.7360,3.8191,3.8191,3.8974,0,0,0,-0.5979,-0.5966,-0.8950,-0.8950,-0.8632,0,0,0,-0.8066,-0.9171,1.1005,1.1005,1.1574,0,0,0,2.1661,2.2885,2.7462,2.7462,2.8002,0,0,0,-0.2453,-0.0979,-0.1175,-0.1175,-0.0003,0,0,0
7.578159,1788532549.121629,3.6763,3.8368,3.8368,-10.0110,-13.0730,1,0,0,-1.7571,-1.7370,3.8215,3.8215,3.8941,0,0,0,-0.5880,-0.5962,-0.8943,-0.8943,-0.8644,0,0,0,-0.8066,-0.9116,1.0939,1.0939,1.1547,0,0,0,2.1661,2.2824,2.7389,2.7389,2.7984,0,0,0,-0.2453,-0.1053,-0.1263,-0.1263,-0.0076,0,0,0
7.585680,1788532549.130135,3.6763,3.8286,3.8286,-9.8110,-12.8722,1,0,0,-1.7571,-1.7380,3.8237,3.8237,3.8903,0,0,0,-0.5880,-0.5958,-0.8937,-0.8937,-0.8658,0,0,0,-0.8066,-0.9062,1.0875,1.0875,1.1519,0,0,0,2.1661,2.2765,2.7318,2.7318,2.7963,0,0,0,-0.2453,-0.1124,-0.1349,-0.1349,-0.0149,0,0,0
7.593699,1788532549.138118,3.6763,3.8213,3.8213,-9.6110,-12.6716,1,0,0,-1.7571,-1.7390,3.8257,3.8257,3.8860,0,0,0,-0.5880,-0.5954,-0.8931,-0.8931,-0.8675,0,0,0,-0.8066,-0.9015,1.0818,1.0818,1.1489,0,0,0,2.1661,2.2712,2.7254,2.7254,2.7939,0,0,0,-0.2453,-0.1187,-0.1425,-0.1425,-0.0224,0,0,0
7.601778,1788532549.145632,3.6763,3.8148,3.8148,-9.4110,-12.4711,1,0,0,-1.7571,-1.7398,3.8275,3.8275,3.8815,0,0,0,-0.5880,-0.5951,-0.8926,-0.8926,-0.8692,0,0,0,-0.8066,-0.8972,1.0766,1.0766,1.1457,0,0,0,2.1661,2.2665,2.7197,2.7197,2.7912,0,0,0,-0.2453,-0.1245,-0.1493,-0.1493,-0.0299,0,0,0
7.609788,1788532549.153189,3.6763,3.8085,3.8085,-9.2110,-12.2706,1,0,0,-1.7571,-1.7406,3.8292,3.8292,3.8769,0,0,0,-0.5880,-0.5948,-0.8922,-0.8922,-0.8710,0,0,0,-0.8066,-0.8931,1.0717,1.0717,1.1422,0,0,0,2.1661,2.2619,2.7143,2.7143,2.7881,0,0,0,-0.2453,-0.1299,-0.1559,-0.1559,-0.0375,0,0,0
7.617775,1788532549.162192,3.6763,3.8014,3.8014,-9.0110,-12.1204,1,0,0,-1.7571,-1.7414,3.8312,3.8312,3.8735,0,0,0,-0.5880,-0.5944,-0.8916,-0.8916,-0.8724,0,0,0,-0.8066,-0.8885,1.0661,1.0661,1.1395,0,0,0,2.1661,2.2568,2.7081,2.7081,2.7855,0,0,0,-0.2453,-0.1361,-0.1633,-0.1633,-0.0432,0,0,0
7.625517,1788532549.169729,3.7484,3.7990,3.7990,-8.8110,-11.9201,1,0,0,-1.7830,-1.7433,3.8353,3.8353,3.8692,0,0,0,-0.5686,-0.5932,-0.8899,-0.8899,-0.8742,0,0,0,-0.8895,-0.8885,1.0662,1.0662,1.1356,0,0,0,2.2311,2.2556,2.7067,2.7067,2.7819,0,0,0,-0.1925,-0.1387,-0.1664,-0.1664,-0.0509,0,0,0
7.634183,1788532549.176954,3.7484,3.7968,3.7968,-8.6110,-11.7193,1,0,0,-1.7830,-1.7450,3.8391,3.8391,3.8650,0,0,0,-0.5686,-0.5922,-0.8883,-0.8883,-0.8759,0,0,0,-0.8895,-0.8885,1.0663,1.0663,1.1316,0,0,0,2.2311,2.2545,2.7055,2.7055,2.7779,0,0,0,-0.1925,-0.1410,-0.1692,-0.1692,-0.0586,0,0,0
7.641796,1788532549.185623,3.7484,3.7943,3.7943,-8.4110,-11.5159,1,0,0,-1.7830,-1.7470,3.8434,3.8434,3.8612,0,0,0,-0.5686,-0.5910,-0.8864,-0.8864,-0.8775,0,0,0,-0.8895,-0.8886,1.0663,1.0663,1.1273,0,0,0,2.2311,2.2533,2.7040,2.7040,2.7736,0,0,0,-0.1925,-0.1437,-0.1724,-0.1724,-0.0665,0,0,0
7.649878,1788532549.193207,3.7484,3.7922,3.7922,-8.2110,-11.3097,1,0,0,-1.7830,-1.7486,3.8470,3.8470,3.8578,0,0,0,-0.5686,-0.5899,-0.8849,-0.8849,-0.8790,0,0,0,-0.8895,-0.8886,1.0664,1.0664,1.1229,0,0,0,2.2311,2.2523,2.7028,2.7028,2.7691,0,0,0,-0.1925,-0.1459,-0.1751,-0.1751,-0.0744,0,0,0
7.657491,1788532549.202234,3.7484,3.7898,3.7898,-8.0110,-11.1016,1,0,0,-1.7830,-1.7505,3.8511,3.8511,3.8548,0,0,0,-0.5686,-0.5888,-0.8832,-0.8832,-0.8803,0,0,0,-0.8895,-0.8887,1.0664,1.0664,1.1185,0,0,0,2.2311,2.2512,2.7014,2.7014,2.7645,0,0,0,-0.1925,-0.1484,-0.1781,-0.1781,-0.0822,0,0,0
7.666292,1788532549.209802,3.7484,3.7879,3.7879,-7.8110,-10.8921,1,0,0,-1.7830,-1.7520,3.8543,3.8543,3.8522,0,0,0,-0.5686,-0.5879,-0.8818,-0.8818,-0.8814,0,0,0,-0.8895,-0.8887,1.0665,1.0665,1.1141,0,0,0,2.2311,2.2503,2.7003,2.7003,2.7598,0,0,0,-0.1925,-0.1504,-0.1805,-0.1805,-0.0899,0,0,0
7.674302,1788532549.218808,3.6396,3.7800,3.7800,-7.6110,-10.6816,1,0,0,-1.9783,-1.7641,3.8810,3.8810,3.8501,0,0,0,-0.5405,-0.5853,-0.8780,-0.8780,-0.8824,0,0,0,-0.9243,-0.8906,1.0688,1.0688,1.1099,0,0,0,2.2801,2.2519,2.7022,2.7022,2.7552,0,0,0,-0.2277,-0.1546,-0.1855,-0.1855,-0.0973,0,0,0
7.681969,1788532549.226222,3.6396,3.7737,3.7737,-7.4110,-10.4707,1,0,0,-1.9783,-1.7736,3.9020,3.9020,3.8485,0,0,0,-0.5405,-0.5833,-0.8750,-0.8750,-0.8831,0,0,0,-0.9243,-0.8921,1.0706,1.0706,1.1058,0,0,0,2.2801,2.2531,2.7037,2.7037,2.7506,0,0,0,-0.2277,-0.1578,-0.1894,-0.1894,-0.1046,0,0,0
7.689563,1788532549.234072,3.6236,3.7667,3.7667,-7.2110,-10.2594,1,0,0,-1.9702,-1.7829,3.9223,3.9223,3.8474,0,0,0,-0.5292,-0.5808,-0.8712,-0.8712,-0.8837,0,0,0,-0.8838,-0.8917,1.0701,1.0701,1.1019,0,0,0,2.2562,2.2533,2.7039,2.7039,2.7462,0,0,0,-0.3010,-0.1646,-0.1975,-0.1975,-0.1116,0,0,0
7.697754,1788532549.242621,3.6236,3.7593,3.7593,-7.0110,-10.1010,1,0,0,-1.9702,-1.7924,3.9433,3.9433,3.8471,0,0,0,-0.5292,-0.5782,-0.8672,-0.8672,-0.8840,0,0,0,-0.8838,-0.8913,1.0696,1.0696,1.0992,0,0,0,2.2562,2.2534,2.7041,2.7041,2.7430,0,0,0,-0.3010,-0.1715,-0.2058,-0.2058,-0.1167,0,0,0
7.706155,1788532549.250531,3.6479,3.7541,3.7541,-6.8110,-9.8900,1,0,0,-1.9743,-1.8010,3.9623,3.9623,3.8475,0,0,0,-0.5123,-0.5750,-0.8626,-0.8626,-0.8841,0,0,0,-0.9063,-0.8920,1.0704,1.0704,1.0958,0,0,0,2.2760,2.2545,2.7054,2.7054,2.7389,0,0,0,-0.2983,-0.1775,-0.2130,-0.2130,-0.1233,0,0,0
7.714260,1788532549.258684,3.6479,3.7489,3.7489,-6.6110,-9.6792,1,0,0,-1.9743,-1.8095,3.9809,3.9809,3.8491,0,0,0,-0.5123,-0.5720,-0.8580,-0.8580,-0.8841,0,0,0,-0.9063,-0.8927,1.0713,1.0713,1.0927,0,0,0,2.2760,2.2555,2.7066,2.7066,2.7351,0,0,0,-0.2983,-0.1834,-0.2201,-0.2201,-0.1297,0,0,0
7.722313,1788532549.266621,3.6479,3.7441,3.7441,-6.4110,-9.5214,1,0,0,-1.9743,-1.8173,3.9981,3.9981,3.8510,0,0,0,-0.5123,-0.5692,-0.8537,-0.8537,-0.8838,0,0,0,-0.9063,-0.8934,1.0721,1.0721,1.0906,0,0,0,2.2760,2.2565,2.7078,2.7078,2.7325,0,0,0,-0.2983,-0.1889,-0.2267,-0.2267,-0.1344,0,0,0
7.730311,1788532549.274728,3.6505,3.7395,3.7395,-6.2110,-9.2591,1,0,0,-1.9595,-1.8242,4.0133,4.0133,3.8558,0,0,0,-0.4982,-0.5657,-0.8486,-0.8486,-0.8831,0,0,0,-0.9403,-0.8957,1.0748,1.0748,1.0874,0,0,0,2.2618,2.2568,2.7081,2.7081,2.7284,0,0,0,-0.2488,-0.1918,-0.2302,-0.2302,-0.1422,0,0,0
7.737627,1788532549.282373,3.6438,3.7351,3.7351,-6.0110,-9.0499,1,0,0,-1.9595,-1.8304,4.0269,4.0269,3.8611,0,0,0,-0.4933,-0.5624,-0.8436,-0.8436,-0.8822,0,0,0,-0.9386,-0.8976,1.0771,1.0771,1.0851,0,0,0,2.2699,2.2574,2.7088,2.7088,2.7256,0,0,0,-0.2279,-0.1935,-0.2321,-0.2321,-0.1484,0,0,0
7.745888,1788532549.289755,3.6407,3.7309,3.7309,-5.8110,-8.8414,1,0,0,-1.9500,-1.8357,4.0386,4.0386,3.8674,0,0,0,-0.4982,-0.5595,-0.8393,-0.8393,-0.8810,0,0,0,-0.9393,-0.8995,1.0794,1.0794,1.0831,0,0,0,2.2699,2.2579,2.7095,2.7095,2.7230,0,0,0,-0.2244,-0.1948,-0.2338,-0.2338,-0.1545,0,0,0
7.753997,1788532549.298326,3.5928,3.7239,3.7239,-5.6110,-8.6334,1,0,0,-1.8241,-1.8351,4.0373,4.0373,3.8749,0,0,0,-0.5156,-0.5573,-0.8359,-0.8359,-0.8796,0,0,0,-0.9393,-0.9015,1.0818,1.0818,1.0814,0,0,0,2.2700,2.2585,2.7102,2.7102,2.7207,0,0,0,-0.1831,-0.1942,-0.2331,-0.2331,-0.1607,0,0,0
7.761714,1788532549.305444,3.5928,3.7182,3.7182,-5.4110,-8.4261,1,0,0,-1.8241,-1.8347,4.0362,4.0362,3.8833,0,0,0,-0.5156,-0.5555,-0.8333,-0.8333,-0.8778,0,0,0,-0.9393,-0.9031,1.0837,1.0837,1.0799,0,0,0,2.2700,2.2590,2.7108,2.7108,2.7187,0,0,0,-0.1831,-0.1938,-0.2325,-0.2325,-0.1667,0,0,0
7.769741,1788532549.314122,3.4730,3.7055,3.7055,-5.2110,-8.2194,1,0,0,-1.5784,-1.8214,4.0071,4.0071,3.8926,0,0,0,-0.5268,-0.5540,-0.8310,-0.8310,-0.8758,0,0,0,-0.9550,-0.9058,1.0870,1.0870,1.0788,0,0,0,2.3399,2.2632,2.7159,2.7159,2.7170,0,0,0,-0.1476,-0.1914,-0.2296,-0.2296,-0.1725,0,0,0
7.778184,1788532549.322575,3.4675,3.6935,3.6935,-5.0110,-8.0133,1,0,0,-1.5644,-1.8084,3.9786,3.9786,3.9023,0,0,0,-0.5313,-0.5529,-0.8293,-0.8293,-0.8736,0,0,0,-0.9480,-0.9079,1.0895,1.0895,1.0779,0,0,0,2.3506,2.2676,2.7211,2.7211,2.7156,0,0,0,-0.1476,-0.1892,-0.2270,-0.2270,-0.1782,0,0,0
7.786732,1788532549.330614,3.4132,3.6800,3.6800,-4.8110,-7.8591,1,0,0,-1.5327,-1.7952,3.9494,3.9494,3.9098,0,0,0,-0.5236,-0.5515,-0.8272,-0.8272,-0.8717,0,0,0,-0.9480,-0.9099,1.0918,1.0918,1.0775,0,0,0,2.3576,2.2719,2.7263,2.7263,2.7146,0,0,0,-0.1641,-0.1879,-0.2255,-0.2255,-0.1822,0,0,0
7.794547,1788532549.338314,3.4132,3.6677,3.6677,-4.6110,-7.6540,1,0,0,-1.5327,-1.7831,3.9227,3.9227,3.9195,0,0,0,-0.5236,-0.5502,-0.8253,-0.8253,-0.8692,0,0,0,-0.9480,-0.9116,1.0939,1.0939,1.0771,0,0,0,2.3576,2.2759,2.7311,2.7311,2.7136,0,0,0,-0.1641,-0.1868,-0.2242,-0.2242,-0.1873,0,0,0
7.802508,1788532549.346082,3.3990,3.6551,3.6551,-4.4110,-7.4494,1,0,0,-1.5265,-1.7711,3.8965,3.8965,3.9283,0,0,0,-0.5236,-0.5489,-0.8234,-0.8234,-0.8665,0,0,0,-0.9627,-0.9140,1.0968,1.0968,1.0770,0,0,0,2.3576,2.2797,2.7356,2.7356,2.7129,0,0,0,-0.1724,-0.1862,-0.2234,-0.2234,-0.1920,0,0,0
7.810176,1788532549.354942,3.3990,3.6416,3.6416,-4.2110,-7.2453,1,0,0,-1.5265,-1.7582,3.8681,3.8681,3.9359,0,0,0,-0.5236,-0.5476,-0.8214,-0.8214,-0.8637,0,0,0,-0.9627,-0.9166,1.0999,1.0999,1.0772,0,0,0,2.3576,2.2838,2.7406,2.7406,2.7125,0,0,0,-0.1724,-0.1854,-0.2225,-0.2225,-0.1963,0,0,0
7.818264,1788532549.361594,3.3990,3.6318,3.6318,-4.0110,-7.0416,1,0,0,-1.5265,-1.7489,3.8476,3.8476,3.9418,0,0,0,-0.5236,-0.5466,-0.8200,-0.8200,-0.8609,0,0,0,-0.9627,-0.9184,1.1021,1.1021,1.0776,0,0,0,2.3576,2.2868,2.7441,2.7441,2.7125,0,0,0,-0.1724,-0.1849,-0.2219,-0.2219,-0.2002,0,0,0
7.826267,1788532549.370141,3.3835,3.6192,3.6192,-3.8110,-6.8384,1,0,0,-1.5636,-1.7395,3.8268,3.8268,3.9459,0,0,0,-0.5227,-0.5454,-0.8181,-0.8181,-0.8581,0,0,0,-0.9810,-0.9216,1.1059,1.1059,1.0782,0,0,0,2.3792,2.2915,2.7498,2.7498,2.7129,0,0,0,-0.1743,-0.1844,-0.2213,-0.2213,-0.2036,0,0,0
7.833711,1788532549.378128,3.3835,3.6079,3.6079,-3.6110,-6.6356,1,0,0,-1.5636,-1.7311,3.8083,3.8083,3.9480,0,0,0,-0.5227,-0.5443,-0.8165,-0.8165,-0.8552,0,0,0,-0.9810,-0.9244,1.1093,1.1093,1.0791,0,0,0,2.3792,2.2957,2.7548,2.7548,2.7136,0,0,0,-0.1743,-0.1839,-0.2207,-0.2207,-0.2066,0,0,0
7.842530,1788532549.386197,3.3598,3.5959,3.5959,-3.4110,-6.4331,1,0,0,-1.5140,-1.7206,3.7853,3.7853,3.9481,0,0,0,-0.5131,-0.5428,-0.8142,-0.8142,-0.8524,0,0,0,-0.9928,-0.9277,1.1133,1.1133,1.0801,0,0,0,2.3889,2.3002,2.7602,2.7602,2.7146,0,0,0,-0.1433,-0.1819,-0.2183,-0.2183,-0.2092,0,0,0
7.850549,1788532549.394949,3.3598,3.5835,3.5835,-3.2110,-6.2309,1,0,0,-1.5140,-1.7098,3.7615,3.7615,3.9462,0,0,0,-0.5131,-0.5413,-0.8119,-0.8119,-0.8496,0,0,0,-0.9928,-0.9311,1.1174,1.1174,1.0813,0,0,0,2.3889,2.3048,2.7658,2.7658,2.7160,0,0,0,-0.1433,-0.1799,-0.2159,-0.2159,-0.2115,0,0,0
7.858783,1788532549.402608,3.3532,3.5729,3.5729,-3.0110,-6.0290,1,0,0,-1.5448,-1.7022,3.7449,3.7449,3.9425,0,0,0,-0.4986,-0.5393,-0.8090,-0.8090,-0.8469,0,0,0,-1.0202,-0.9352,1.1223,1.1223,1.0828,0,0,0,2.3896,2.3087,2.7704,2.7704,2.7178,0,0,0,-0.0970,-0.1761,-0.2113,-0.2113,-0.2134,0,0,0
7.866780,1788532549.410191,3.3532,3.5629,3.5629,-2.8110,-5.8273,1,0,0,-1.5448,-1.6950,3.7291,3.7291,3.9370,0,0,0,-0.4986,-0.5375,-0.8062,-0.8062,-0.8442,0,0,0,-1.0202,-0.9391,1.1269,1.1269,1.0844,0,0,0,2.3896,2.3124,2.7749,2.7749,2.7198,0,0,0,-0.0970,-0.1725,-0.2070,-0.2070,-0.2150,0,0,0
7.874767,1788532549.418205,3.3429,3.5523,3.5523,-2.6110,-5.6763,1,0,0,-1.5338,-1.6873,3.7121,3.7121,3.9319,0,0,0,-0.4682,-0.5341,-0.8012,-0.8012,-0.8422,0,0,0,-1.0423,-0.9440,1.1329,1.1329,1.0857,0,0,0,2.4432,2.3187,2.7824,2.7824,2.7215,0,0,0,-0.0503,-0.1667,-0.2000,-0.2000,-0.2160,0,0,0
7.882421,1788532549.426846,3.3429,3.5415,3.5415,-2.4110,-5.4750,1,0,0,-1.5338,-1.6794,3.6947,3.6947,3.9236,0,0,0,-0.4682,-0.5307,-0.7961,-0.7961,-0.8396,0,0,0,-1.0423,-0.9491,1.1389,1.1389,1.0876,0,0,0,2.4432,2.3251,2.7901,2.7901,2.7241,0,0,0,-0.0503,-0.1607,-0.1928,-0.1928,-0.2171,0,0,0
7.890051,1788532549.434447,3.3562,3.5330,3.5330,-2.2110,-5.2739,1,0,0,-1.5600,-1.6739,3.6827,3.6827,3.9140,0,0,0,-0.4610,-0.5276,-0.7914,-0.7914,-0.8370,0,0,0,-1.0752,-0.9549,1.1458,1.1458,1.0898,0,0,0,2.4611,2.3313,2.7975,2.7975,2.7269,0,0,0,-0.0421,-0.1553,-0.1863,-0.1863,-0.2178,0,0,0
7.898726,1788532549.441992,3.3562,3.5250,3.5250,-2.0110,-5.0730,1,0,0,-1.5600,-1.6688,3.6713,3.6713,3.9031,0,0,0,-0.4610,-0.5246,-0.7868,-0.7868,-0.8344,0,0,0,-1.0752,-0.9603,1.1524,1.1524,1.0921,0,0,0,2.4611,2.3372,2.8046,2.8046,2.7300,0,0,0,-0.0421,-0.1501,-0.1802,-0.1802,-0.2181,0,0,0
7.906761,1788532549.450157,3.3628,3.5171,3.5171,-1.8110,-4.8723,1,0,0,-1.5914,-1.6650,3.6630,3.6630,3.8913,0,0,0,-0.4609,-0.5214,-0.7822,-0.7822,-0.8318,0,0,0,-1.0771,-0.9660,1.1592,1.1592,1.0947,0,0,0,2.4734,2.3438,2.8126,2.8126,2.7333,0,0,0,-0.0142,-0.1435,-0.1722,-0.1722,-0.2180,0,0,0
7.914865,1788532549.458236,3.3628,3.5096,3.5096,-1.6110,-4.6716,1,0,0,-1.5914,-1.6614,3.6552,3.6552,3.8785,0,0,0,-0.4609,-0.5185,-0.7778,-0.7778,-0.8291,0,0,0,-1.0771,-0.9714,1.1657,1.1657,1.0975,0,0,0,2.4734,2.3501,2.8201,2.8201,2.7370,0,0,0,-0.0142,-0.1373,-0.1647,-0.1647,-0.2175,0,0,0
7.922241,1788532549.466018,3.3628,3.5028,3.5028,-1.4110,-4.5212,1,0,0,-1.5914,-1.6582,3.6480,3.6480,3.8685,0,0,0,-0.4609,-0.5158,-0.7737,-0.7737,-0.8270,0,0,0,-1.0771,-0.9763,1.1716,1.1716,1.0998,0,0,0,2.4734,2.3558,2.8270,2.8270,2.7399,0,0,0,-0.0142,-0.1315,-0.1578,-0.1578,-0.2168,0,0,0
7.930459,1788532549.474755,3.3749,3.4961,3.4961,-1.2110,-4.2707,1,0,0,-1.6033,-1.6553,3.6417,3.6417,3.8512,0,0,0,-0.4526,-0.5125,-0.7688,-0.7688,-0.8235,0,0,0,-1.0254,-0.9789,1.1746,1.1746,1.1039,0,0,0,2.4414,2.3603,2.8323,2.8323,2.7451,0,0,0,-0.0593,-0.1278,-0.1533,-0.1533,-0.2151,0,0,0
7.938897,1788532549.482769,3.3749,3.4903,3.4903,-1.0110,-4.0693,1,0,0,-1.6002,-1.6527,3.6359,3.6359,3.8370,0,0,0,-0.4542,-0.5097,-0.7646,-0.7646,-0.8204,0,0,0,-0.9993,-0.9798,1.1758,1.1758,1.1075,0,0,0,2.4217,2.3632,2.8359,2.8359,2.7497,0,0,0,-0.1627,-0.1294,-0.1553,-0.1553,-0.2131,0,0,0
7.946742,1788532549.489427,3.3632,3.4851,3.4851,-0.8110,-3.8649,1,0,0,-1.5971,-1.6504,3.6309,3.6309,3.8226,0,0,0,-0.4542,-0.5075,-0.7613,-0.7613,-0.8173,0,0,0,-0.9857,-0.9801,1.1761,1.1761,1.1114,0,0,0,2.4141,2.3653,2.8383,2.8383,2.7546,0,0,0,-0.2077,-0.1326,-0.1591,-0.1591,-0.2106,0,0,0
7.954190,1788532549.497718,3.3632,3.4791,3.4791,-0.6110,-3.7100,1,0,0,-1.5971,-1.6478,3.6251,3.6251,3.8117,0,0,0,-0.4542,-0.5049,-0.7573,-0.7573,-0.8148,0,0,0,-0.9857,-0.9804,1.1764,1.1764,1.1146,0,0,0,2.4141,2.3677,2.8412,2.8412,2.7584,0,0,0,-0.2077,-0.1363,-0.1636,-0.1636,-0.2085,0,0,0
7.962928,1788532549.506614,3.3632,3.4729,3.4729,-0.4110,-3.5019,1,0,0,-1.5971,-1.6451,3.6192,3.6192,3.7973,0,0,0,-0.4542,-0.5022,-0.7533,-0.7533,-0.8113,0,0,0,-0.9857,-0.9806,1.1768,1.1768,1.1189,0,0,0,2.4141,2.3702,2.8442,2.8442,2.7638,0,0,0,-0.2077,-0.1401,-0.1681,-0.1681,-0.2053,0,0,0
7.970925,1788532549.514345,3.3632,3.4678,3.4678,-0.2110,-3.2923,1,0,0,-1.5971,-1.6429,3.6143,3.6143,3.7832,0,0,0,-0.4542,-0.5000,-0.7499,-0.7499,-0.8077,0,0,0,-0.9857,-0.9809,1.1771,1.1771,1.1232,0,0,0,2.4141,2.3722,2.8466,2.8466,2.7693,0,0,0,-0.2077,-0.1432,-0.1719,-0.1719,-0.2021,0,0,0
7.978642,1788532549.523984,3.3616,3.4618,3.4618,-0.0110,-3.0818,1,0,0,-1.5942,-1.6401,3.6082,3.6082,3.7694,0,0,0,-0.4833,-0.4990,-0.7485,-0.7485,-0.8041,0,0,0,-1.0316,-0.9838,1.1805,1.1805,1.1276,0,0,0,2.2952,2.3678,2.8414,2.8414,2.7748,0,0,0,-0.1099,-0.1413,-0.1696,-0.1696,-0.1989,0,0,0
7.986362,1788532549.531085,3.3592,3.4574,3.4574,0.1890,-2.8707,1,0,0,-1.5942,-1.6381,3.6039,3.6039,3.7560,0,0,0,-0.4678,-0.4977,-0.7465,-0.7465,-0.8003,0,0,0,-1.0316,-0.9858,1.1830,1.1830,1.1318,0,0,0,2.2952,2.3647,2.8376,2.8376,2.7804,0,0,0,-0.0730,-0.1384,-0.1661,-0.1661,-0.1958,0,0,0
7.994278,1788532549.538752,3.3496,3.4524,3.4524,0.3890,-2.6595,1,0,0,-1.5942,-1.6361,3.5994,3.5994,3.7431,0,0,0,-0.4588,-0.4959,-0.7438,-0.7438,-0.7965,0,0,0,-1.0410,-0.9884,1.1860,1.1860,1.1359,0,0,0,2.3293,2.3631,2.8357,2.8357,2.7859,0,0,0,-0.0195,-0.1329,-0.1595,-0.1595,-0.1930,0,0,0
8.003068,1788532549.545957,3.3496,3.4479,3.4479,0.5890,-2.5010,1,0,0,-1.5942,-1.6343,3.5954,3.5954,3.7337,0,0,0,-0.4588,-0.4943,-0.7414,-0.7414,-0.7936,0,0,0,-1.0410,-0.9906,1.1888,1.1888,1.1389,0,0,0,2.3293,2.3616,2.8339,2.8339,2.7898,0,0,0,-0.0195,-0.1280,-0.1536,-0.1536,-0.1910,0,0,0
8.011074,1788532549.554536,3.3496,3.4429,3.4429,0.7890,-2.2372,1,0,0,-1.5942,-1.6322,3.5909,3.5909,3.7187,0,0,0,-0.4588,-0.4925,-0.7387,-0.7387,-0.7889,0,0,0,-1.0410,-0.9932,1.1919,1.1919,1.1438,0,0,0,2.3293,2.3599,2.8319,2.8319,2.7960,0,0,0,-0.0195,-0.1225,-0.1470,-0.1470,-0.1879,0,0,0
8.018561,1788532549.562130,3.3404,3.4382,3.4382,0.9890,-2.0266,1,0,0,-1.5634,-1.6291,3.5840,3.5840,3.7072,0,0,0,-0.4366,-0.4899,-0.7349,-0.7349,-0.7852,0,0,0,-1.0410,-0.9954,1.1945,1.1945,1.1476,0,0,0,2.3260,2.3584,2.8301,2.8301,2.8006,0,0,0,-0.0148,-0.1176,-0.1411,-0.1411,-0.1855,0,0,0
8.026747,1788532549.570382,3.3170,3.4322,3.4322,1.1890,-1.8689,1,0,0,-1.5485,-1.6251,3.5753,3.5753,3.6990,0,0,0,-0.4438,-0.4876,-0.7315,-0.7315,-0.7824,0,0,0,-1.0578,-0.9985,1.1982,1.1982,1.1503,0,0,0,2.3218,2.3566,2.8279,2.8279,2.8037,0,0,0,0.0116,-0.1112,-0.1334,-0.1334,-0.1836,0,0,0
8.035124,1788532549.578640,3.3170,3.4265,3.4265,1.3890,-1.6591,1,0,0,-1.5485,-1.6213,3.5669,3.5669,3.6886,0,0,0,-0.4438,-0.4855,-0.7282,-0.7282,-0.7787,0,0,0,-1.0578,-1.0014,1.2017,1.2017,1.1539,0,0,0,2.3218,2.3549,2.8259,2.8259,2.8075,0,0,0,0.0116,-0.1051,-0.1262,-0.1262,-0.1811,0,0,0
8.042916,1788532549.586176,3.2317,3.4177,3.4177,1.5890,-1.4499,1,0,0,-1.4036,-1.6115,3.5453,3.5453,3.6786,0,0,0,-0.4454,-0.4837,-0.7255,-0.7255,-0.7751,0,0,0,-1.0488,-1.0035,1.2043,1.2043,1.1574,0,0,0,2.3218,2.3534,2.8241,2.8241,2.8109,0,0,0,0.0337,-0.0988,-0.1186,-0.1186,-0.1785,0,0,0
8.050958,1788532549.594404,3.2317,3.4085,3.4085,1.7890,-1.2413,1,0,0,-1.4036,-1.6013,3.5228,3.5228,3.6690,0,0,0,-0.4454,-0.4818,-0.7227,-0.7227,-0.7716,0,0,0,-1.0488,-1.0058,1.2069,1.2069,1.1608,0,0,0,2.3218,2.3518,2.8222,2.8222,2.8138,0,0,0,0.0337,-0.0923,-0.1108,-0.1108,-0.1757,0,0,0
8.059244,1788532549.603956,3.1405,3.3933,3.3933,1.9890,-1.0333,1,0,0,-1.2114,-1.5792,3.4741,3.4741,3.6598,0,0,0,-0.4574,-0.4804,-0.7206,-0.7206,-0.7681,0,0,0,-1.0277,-1.0070,1.2084,1.2084,1.1642,0,0,0,2.3757,2.3532,2.8238,2.8238,2.8163,0,0,0,0.0121,-0.0864,-0.1037,-0.1037,-0.1726,0,0,0
8.066945,1788532549.610239,3.1405,3.3837,3.3837,2.1890,-0.8260,1,0,0,-1.2114,-1.5652,3.4434,3.4434,3.6507,0,0,0,-0.4574,-0.4795,-0.7193,-0.7193,-0.7646,0,0,0,-1.0277,-1.0078,1.2094,1.2094,1.1675,0,0,0,2.3757,2.3540,2.8248,2.8248,2.8185,0,0,0,0.0121,-0.0827,-0.0992,-0.0992,-0.1694,0,0,0
8.074921,1788532549.619325,3.1499,3.3711,3.3711,2.3890,-0.6193,1,0,0,-1.2175,-1.5464,3.4020,3.4020,3.6415,0,0,0,-0.4479,-0.4778,-0.7167,-0.7167,-0.7612,0,0,0,-1.0148,-1.0082,1.2098,1.2098,1.1708,0,0,0,2.3857,2.3557,2.8269,2.8269,2.8202,0,0,0,-0.0667,-0.0818,-0.0982,-0.0982,-0.1658,0,0,0
8.082592,1788532549.627015,3.1499,3.3608,3.3608,2.5890,-0.4132,1,0,0,-1.2175,-1.5312,3.3686,3.3686,3.6315,0,0,0,-0.4479,-0.4764,-0.7147,-0.7147,-0.7578,0,0,0,-1.0148,-1.0085,1.2102,1.2102,1.1740,0,0,0,2.3857,2.3571,2.8286,2.8286,2.8216,0,0,0,-0.0667,-0.0811,-0.0973,-0.0973,-0.1620,0,0,0
8.090397,1788532549.634166,3.1692,3.3526,3.3526,2.7890,-0.2077,1,0,0,-1.3048,-1.5214,3.3471,3.3471,3.6207,0,0,0,-0.4362,-0.4747,-0.7121,-0.7121,-0.7545,0,0,0,-0.9803,-1.0073,1.2087,1.2087,1.1771,0,0,0,2.3454,2.3566,2.8279,2.8279,2.8227,0,0,0,-0.1700,-0.0849,-0.1019,-0.1019,-0.1580,0,0,0
8.097921,1788532549.642810,3.1692,3.3431,3.3431,2.9890,-0.0539,1,0,0,-1.3048,-1.5102,3.3225,3.3225,3.6117,0,0,0,-0.4362,-0.4727,-0.7091,-0.7091,-0.7520,0,0,0,-0.9803,-1.0059,1.2071,1.2071,1.1794,0,0,0,2.3454,2.3560,2.8273,2.8273,2.8235,0,0,0,-0.1700,-0.0893,-0.1072,-0.1072,-0.1548,0,0,0
8.106707,1788532549.650023,3.1639,3.3353,3.3353,3.1890,0.1507,1,0,0,-1.3132,-1.5017,3.3037,3.3037,3.5985,0,0,0,-0.4235,-0.4706,-0.7059,-0.7059,-0.7489,0,0,0,-0.9663,-1.0042,1.2050,1.2050,1.1823,0,0,0,2.3467,2.3556,2.8268,2.8268,2.8243,0,0,0,-0.2394,-0.0958,-0.1150,-0.1150,-0.1505,0,0,0
8.115271,1788532549.659565,3.1643,3.3256,3.3256,3.3256,0.3548,0,0,0,-1.3074,-1.4907,3.2795,3.2795,3.5841,0,0,0,-0.4235,-0.4679,-0.7019,-0.7019,-0.7458,0,0,0,-0.9516,-1.0012,1.2014,1.2014,1.1850,0,0,0,2.3467,2.3551,2.8262,2.8262,2.8251,0,0,0,-0.2394,-0.1039,-0.1247,-0.1247,-0.1463,0,0,0
8.122505,1788532549.666674,3.1643,3.3187,3.3187,3.3187,0.5076,0,0,0,-1.3074,-1.4828,3.2622,3.2622,3.5724,0,0,0,-0.4384,-0.4667,-0.7000,-0.7000,-0.7435,0,0,0,-0.9516,-0.9991,1.1989,1.1989,1.1870,0,0,0,2.3185,2.3536,2.8243,2.8243,2.8255,0,0,0,-0.2335,-0.1095,-0.1314,-0.1314,-0.1433,0,0,0
8.130713,1788532549.673915,3.1655,3.3120,3.3120,3.3120,0.7616,0,0,0,-1.3674,-1.4778,3.2511,3.2511,3.5517,0,0,0,-0.4423,-0.4656,-0.6984,-0.6984,-0.7397,0,0,0,-0.9516,-0.9970,1.1964,1.1964,1.1899,0,0,0,2.3124,2.3518,2.8221,2.8221,2.8262,0,0,0,-0.2335,-0.1149,-0.1379,-0.1379,-0.1386,0,0,0
8.138820,1788532549.682229,3.1810,3.3055,3.3055,3.3055,0.9639,0,0,0,-1.3742,-1.4726,3.2398,3.2398,3.5342,0,0,0,-0.4499,-0.4648,-0.6972,-0.6972,-0.7368,0,0,0,-0.9545,-0.9949,1.1939,1.1939,1.1919,0,0,0,2.3028,2.3493,2.8192,2.8192,2.8266,0,0,0,-0.2331,-0.1208,-0.1449,-0.1449,-0.1354,0,0,0
8.147137,1788532549.690556,3.1810,3.2993,3.2993,3.2993,1.1631,0,0,0,-1.3742,-1.4677,3.2290,3.2290,3.5159,0,0,0,-0.4499,-0.4641,-0.6961,-0.6961,-0.7338,0,0,0,-0.9545,-0.9929,1.1915,1.1915,1.1937,0,0,0,2.3028,2.3470,2.8164,2.8164,2.8269,0,0,0,-0.2331,-0.1263,-0.1516,-0.1516,-0.1328,0,0,0
8.155104,1788532549.699164,3.1829,3.2933,3.2933,3.2933,1.3563,0,0,0,-1.3815,-1.4633,3.2192,3.2192,3.4970,0,0,0,-0.4586,-0.4638,-0.6957,-0.6957,-0.7309,0,0,0,-0.9576,-0.9911,1.1893,1.1893,1.1951,0,0,0,2.2919,2.3442,2.8130,2.8130,2.8271,0,0,0,-0.2582,-0.1331,-0.1597,-0.1597,-0.1307,0,0,0
8.163290,1788532549.707118,3.1829,3.2880,3.2880,3.2880,1.5413,0,0,0,-1.3815,-1.4594,3.2106,3.2106,3.4779,0,0,0,-0.4586,-0.4635,-0.6953,-0.6953,-0.7281,0,0,0,-0.9576,-0.9895,1.1874,1.1874,1.1962,0,0,0,2.2919,2.3417,2.8101,2.8101,2.8271,0,0,0,-0.2582,-0.1391,-0.1669,-0.1669,-0.1293,0,0,0
8.171270,1788532549.715663,3.2117,3.2841,3.2841,3.2841,1.7167,0,0,0,-1.4270,-1.4577,3.2070,3.2070,3.4587,0,0,0,-0.4493,-0.4628,-0.6942,-0.6942,-0.7253,0,0,0,-0.9420,-0.9871,1.1845,1.1845,1.1970,0,0,0,2.2535,2.3372,2.8047,2.8047,2.8269,0,0,0,-0.1958,-0.1420,-0.1703,-0.1703,-0.1285,0,0,0
8.178834,1788532549.723707,3.2117,3.2807,3.2807,3.2807,1.8812,0,0,0,-1.4270,-1.4563,3.2038,3.2038,3.4397,0,0,0,-0.4493,-0.4622,-0.6933,-0.6933,-0.7227,0,0,0,-0.9420,-0.9849,1.1819,1.1819,1.1975,0,0,0,2.2535,2.3332,2.7998,2.7998,2.8266,0,0,0,-0.1958,-0.1445,-0.1735,-0.1735,-0.1284,0,0,0
8.187383,1788532549.730374,3.2542,3.2796,3.2796,3.2796,1.9972,0,0,0,-1.4571,-1.4563,3.2038,3.2038,3.4255,0,0,0,-0.4256,-0.4607,-0.6911,-0.6911,-0.7207,0,0,0,-0.9515,-0.9835,1.1803,1.1803,1.1977,0,0,0,2.2535,2.3300,2.7960,2.7960,2.8262,0,0,0,-0.1733,-0.1457,-0.1748,-0.1748,-0.1287,0,0,0
8.195429,1788532549.738806,3.2542,3.2783,3.2783,3.2783,2.1416,0,0,0,-1.4571,-1.4563,3.2039,3.2039,3.4070,0,0,0,-0.4256,-0.4589,-0.6884,-0.6884,-0.7183,0,0,0,-0.9515,-0.9819,1.1783,1.1783,1.1978,0,0,0,2.2535,2.3261,2.7914,2.7914,2.8255,0,0,0,-0.1733,-0.1471,-0.1765,-0.1765,-0.1297,0,0,0
8.203528,1788532549.746387,3.2654,3.2777,3.2777,3.2777,2.2744,0,0,0,-1.4571,-1.4564,3.2040,3.2040,3.3890,0,0,0,-0.4096,-0.4567,-0.6850,-0.6850,-0.7159,0,0,0,-0.9714,-0.9815,1.1777,1.1777,1.1976,0,0,0,2.2669,2.3234,2.7881,2.7881,2.8246,0,0,0,-0.1733,-0.1483,-0.1779,-0.1779,-0.1311,0,0,0
8.211538,1788532549.754942,3.2754,3.2776,3.2776,3.2776,2.3958,0,0,0,-1.3956,-1.4533,3.1972,3.1972,3.3717,0,0,0,-0.4090,-0.4543,-0.6814,-0.6814,-0.7136,0,0,0,-0.9510,-0.9799,1.1759,1.1759,1.1971,0,0,0,2.2511,2.3197,2.7837,2.7837,2.8235,0,0,0,-0.2072,-0.1513,-0.1815,-0.1815,-0.1330,0,0,0
8.219083,1788532549.762964,3.2754,3.2775,3.2775,3.2775,2.4795,0,0,0,-1.3956,-1.4505,3.1911,3.1911,3.3593,0,0,0,-0.4090,-0.4521,-0.6781,-0.6781,-0.7120,0,0,0,-0.9510,-0.9785,1.1742,1.1742,1.1967,0,0,0,2.2511,2.3165,2.7797,2.7797,2.8225,0,0,0,-0.2072,-0.1540,-0.1848,-0.1848,-0.1347,0,0,0
8.226626,1788532549.770508,3.2754,3.2774,3.2774,3.2774,2.6056,0,0,0,-1.3956,-1.4480,3.1856,3.1856,3.3398,0,0,0,-0.4109,-0.4502,-0.6753,-0.6753,-0.7094,0,0,0,-0.9302,-0.9763,1.1716,1.1716,1.1957,0,0,0,2.2154,2.3119,2.7743,2.7743,2.8204,0,0,0,-0.2976,-0.1605,-0.1926,-0.1926,-0.1377,0,0,0
8.235186,1788532549.779063,3.2754,3.2773,3.2773,3.2773,2.6737,0,0,0,-1.3956,-1.4453,3.1797,3.1797,3.3288,0,0,0,-0.4109,-0.4482,-0.6723,-0.6723,-0.7078,0,0,0,-0.9302,-0.9740,1.1688,1.1688,1.1950,0,0,0,2.2154,2.3070,2.7683,2.7683,2.8190,0,0,0,-0.2976,-0.1675,-0.2010,-0.2010,-0.1397,0,0,0
8.243014,1788532549.787800,3.2754,3.2772,3.2772,3.2772,2.7561,0,0,0,-1.3956,-1.4427,3.1740,3.1740,3.3149,0,0,0,-0.4109,-0.4463,-0.6694,-0.6694,-0.7057,0,0,0,-0.9302,-0.9717,1.1660,1.1660,1.1939,0,0,0,2.2154,2.3022,2.7626,2.7626,2.8169,0,0,0,-0.2976,-0.1743,-0.2091,-0.2091,-0.1425,0,0,0
8.250189,1788532549.795554,3.2754,3.2771,3.2771,3.2771,2.8296,0,0,0,-1.3956,-1.4405,3.1692,3.1692,3.3018,0,0,0,-0.4109,-0.4446,-0.6669,-0.6669,-0.7035,0,0,0,-0.9302,-0.9698,1.1637,1.1637,1.1926,0,0,0,2.2154,2.2982,2.7578,2.7578,2.8146,0,0,0,-0.2976,-0.1800,-0.2160,-0.2160,-0.1456,0,0,0
8.258744,1788532549.802163,3.2754,3.2770,3.2770,3.2770,2.8948,0,0,0,-1.3956,-1.4387,3.1652,3.1652,3.2894,0,0,0,-0.4109,-0.4433,-0.6649,-0.6649,-0.7012,0,0,0,-0.9302,-0.9682,1.1618,1.1618,1.1912,0,0,0,2.2154,2.2949,2.7538,2.7538,2.8119,0,0,0,-0.2976,-0.1847,-0.2216,-0.2216,-0.1489,0,0,0
8.267425,1788532549.810822,3.2754,3.2770,3.2770,3.2770,2.9524,0,0,0,-1.3956,-1.4365,3.1603,3.1603,3.2777,0,0,0,-0.4109,-0.4416,-0.6624,-0.6624,-0.6989,0,0,0,-0.9302,-0.9662,1.1595,1.1595,1.1897,0,0,0,2.2154,2.2908,2.7489,2.7489,2.8089,0,0,0,-0.2976,-0.1905,-0.2286,-0.2286,-0.1526,0,0,0
8.275449,1788532549.819956,3.0636,3.2654,3.2654,3.2654,3.0031,0,0,0,-1.4026,-1.4347,3.1563,3.1563,3.2667,0,0,0,-0.4408,-0.4416,-0.6623,-0.6623,-0.6965,0,0,0,-0.8599,-0.9605,1.1526,1.1526,1.1881,0,0,0,2.0903,2.2799,2.7358,2.7358,2.8058,0,0,0,-0.5219,-0.2085,-0.2502,-0.2502,-0.1566,0,0,0
8.283649,1788532549.826412,3.0636,3.2575,3.2575,3.2575,3.0475,0,0,0,-1.4026,-1.4334,3.1535,3.1535,3.2563,0,0,0,-0.4408,-0.4415,-0.6623,-0.6623,-0.6941,0,0,0,-0.8599,-0.9565,1.1478,1.1478,1.1863,0,0,0,2.0903,2.2725,2.7270,2.7270,2.8024,0,0,0,-0.5219,-0.2207,-0.2649,-0.2649,-0.1608,0,0,0
8.290781,1788532549.834765,3.0634,3.2478,3.2478,3.2478,3.0862,0,0,0,-1.3847,-1.4310,3.1482,3.1482,3.2465,0,0,0,-0.4549,-0.4422,-0.6633,-0.6633,-0.6917,0,0,0,-0.8592,-0.9517,1.1420,1.1420,1.1845,0,0,0,2.0903,2.2634,2.7161,2.7161,2.7988,0,0,0,-0.4625,-0.2328,-0.2794,-0.2794,-0.1654,0,0,0
8.299368,1788532549.843748,3.0634,3.2379,3.2379,3.2379,3.1195,0,0,0,-1.3847,-1.4285,3.1427,3.1427,3.2373,0,0,0,-0.4549,-0.4429,-0.6643,-0.6643,-0.6893,0,0,0,-0.8592,-0.9467,1.1361,1.1361,1.1825,0,0,0,2.0903,2.2541,2.7049,2.7049,2.7948,0,0,0,-0.4625,-0.2451,-0.2941,-0.2941,-0.1704,0,0,0
8.307741,1788532549.851414,2.9842,3.2262,3.2262,3.2262,3.1480,0,0,0,-1.2092,-1.4184,3.1205,3.1205,3.2287,0,0,0,-0.5292,-0.4468,-0.6703,-0.6703,-0.6869,0,0,0,-0.9259,-0.9458,1.1349,1.1349,1.1804,0,0,0,2.0400,2.2443,2.6931,2.6931,2.7906,0,0,0,-0.3987,-0.2522,-0.3026,-0.3026,-0.1759,0,0,0
8.314785,1788532549.859192,2.9842,3.2150,3.2150,3.2150,3.1719,0,0,0,-1.2092,-1.4087,3.0990,3.0990,3.2205,0,0,0,-0.5650,-0.4524,-0.6785,-0.6785,-0.6847,0,0,0,-1.0085,-0.9487,1.1384,1.1384,1.1780,0,0,0,1.9637,2.2312,2.6774,2.6774,2.7860,0,0,0,-0.3033,-0.2546,-0.3055,-0.3055,-0.1820,0,0,0
8.323439,1788532549.867852,3.0008,3.2039,3.2039,3.2039,3.1872,0,0,0,-1.2562,-1.4008,3.0817,3.0817,3.2146,0,0,0,-0.5650,-0.4582,-0.6873,-0.6873,-0.6831,0,0,0,-1.0377,-0.9533,1.1440,1.1440,1.1761,0,0,0,1.9327,2.2158,2.6589,2.6589,2.7823,0,0,0,-0.2988,-0.2568,-0.3082,-0.3082,-0.1870,0,0,0
8.331466,1788532549.875869,3.0008,3.1941,3.1941,3.1941,3.2043,0,0,0,-1.2562,-1.3938,3.0664,3.0664,3.2069,0,0,0,-0.5650,-0.4633,-0.6949,-0.6949,-0.6812,0,0,0,-1.0377,-0.9573,1.1488,1.1488,1.1734,0,0,0,1.9327,2.2022,2.6426,2.6426,2.7769,0,0,0,-0.2988,-0.2589,-0.3106,-0.3106,-0.1942,0,0,0
8.339491,1788532549.883988,3.0629,3.1877,3.1877,3.1877,3.2178,0,0,0,-1.3514,-1.3918,3.0619,3.0619,3.1992,0,0,0,-0.5491,-0.4675,-0.7012,-0.7012,-0.6796,0,0,0,-1.0295,-0.9608,1.1530,1.1530,1.1707,0,0,0,1.9014,2.1875,2.6251,2.6251,2.7711,0,0,0,-0.3149,-0.2616,-0.3139,-0.3139,-0.2017,0,0,0
8.347023,1788532549.891416,3.0629,3.1822,3.1822,3.1822,3.2282,0,0,0,-1.3514,-1.3900,3.0579,3.0579,3.1911,0,0,0,-0.5172,-0.4697,-0.7045,-0.7045,-0.6784,0,0,0,-1.0245,-0.9637,1.1564,1.1564,1.1681,0,0,0,1.9481,2.1768,2.6122,2.6122,2.7647,0,0,0,-0.3493,-0.2655,-0.3186,-0.3186,-0.2094,0,0,0
8.355759,1788532549.899451,3.0629,3.1764,3.1764,3.1764,3.2341,0,0,0,-1.3514,-1.3881,3.0539,3.0539,3.1849,0,0,0,-0.5172,-0.4720,-0.7079,-0.7079,-0.6779,0,0,0,-1.0245,-0.9666,1.1599,1.1599,1.1663,0,0,0,1.9481,2.1658,2.5990,2.5990,2.7594,0,0,0,-0.3493,-0.2695,-0.3234,-0.3234,-0.2152,0,0,0
8.363108,1788532549.905989,3.0073,3.1697,3.1697,3.1697,3.2409,0,0,0,-1.2973,-1.3845,3.0460,3.0460,3.1741,0,0,0,-0.5211,-0.4739,-0.7108,-0.7108,-0.6776,0,0,0,-1.0245,-0.9689,1.1627,1.1627,1.1636,0,0,0,2.0153,2.1599,2.5919,2.5919,2.7498,0,0,0,-0.2887,-0.2703,-0.3243,-0.3243,-0.2249,0,0,0
8.371677,1788532549.916070,3.0073,3.1600,3.1600,3.1600,3.2439,0,0,0,-1.2973,-1.3793,3.0345,3.0345,3.1653,0,0,0,-0.5211,-0.4767,-0.7151,-0.7151,-0.6780,0,0,0,-1.0245,-0.9722,1.1666,1.1666,1.1618,0,0,0,2.0153,2.1513,2.5815,2.5815,2.7414,0,0,0,-0.2887,-0.2714,-0.3257,-0.3257,-0.2326,0,0,0
8.379209,1788532549.923621,3.0124,3.1533,3.1533,3.1533,3.2450,0,0,0,-1.3412,-1.3776,3.0307,3.0307,3.1566,0,0,0,-0.5211,-0.4787,-0.7181,-0.7181,-0.6788,0,0,0,-1.0095,-0.9739,1.1687,1.1687,1.1603,0,0,0,1.9935,2.1441,2.5729,2.5729,2.7324,0,0,0,-0.3733,-0.2760,-0.3312,-0.3312,-0.2401,0,0,0
8.387746,1788532549.931628,3.0124,3.1466,3.1466,3.1466,3.2447,0,0,0,-1.3412,-1.3758,3.0269,3.0269,3.1478,0,0,0,-0.5211,-0.4808,-0.7211,-0.7211,-0.6799,0,0,0,-1.0095,-0.9756,1.1707,1.1707,1.1592,0,0,0,1.9935,2.1369,2.5642,2.5642,2.7230,0,0,0,-0.3733,-0.2807,-0.3368,-0.3368,-0.2475,0,0,0
8.395303,1788532549.939179,3.0124,3.1405,3.1405,3.1405,3.2430,0,0,0,-1.3412,-1.3743,3.0234,3.0234,3.1391,0,0,0,-0.5211,-0.4826,-0.7239,-0.7239,-0.6814,0,0,0,-1.0095,-0.9771,1.1726,1.1726,1.1585,0,0,0,1.9935,2.1304,2.5564,2.5564,2.7132,0,0,0,-0.3733,-0.2849,-0.3418,-0.3418,-0.2546,0,0,0
8.403759,1788532549.947735,2.9991,3.1333,3.1333,3.1333,3.2409,0,0,0,-1.4540,-1.3783,3.0324,3.0324,3.1325,0,0,0,-0.4795,-0.4824,-0.7236,-0.7236,-0.6828,0,0,0,-1.0087,-0.9787,1.1745,1.1745,1.1581,0,0,0,2.0338,2.1254,2.5505,2.5505,2.7057,0,0,0,-0.4764,-0.2947,-0.3536,-0.3536,-0.2598,0,0,0
8.411787,1788532549.955188,2.9991,3.1272,3.1272,3.1272,3.2373,0,0,0,-1.4540,-1.3817,3.0398,3.0398,3.1239,0,0,0,-0.4795,-0.4823,-0.7234,-0.7234,-0.6847,0,0,0,-1.0087,-0.9801,1.1761,1.1761,1.1579,0,0,0,2.0338,2.1213,2.5456,2.5456,2.6955,0,0,0,-0.4764,-0.3028,-0.3634,-0.3634,-0.2665,0,0,0
8.419341,1788532549.963734,2.9991,3.1207,3.1207,3.1207,3.2328,0,0,0,-1.4540,-1.3854,3.0479,3.0479,3.1154,0,0,0,-0.4795,-0.4821,-0.7232,-0.7232,-0.6870,0,0,0,-1.0087,-0.9815,1.1779,1.1779,1.1580,0,0,0,2.0338,2.1169,2.5402,2.5402,2.6851,0,0,0,-0.4764,-0.3117,-0.3740,-0.3740,-0.2730,0,0,0
8.427903,1788532549.971762,2.9991,3.1149,3.1149,3.1149,3.2277,0,0,0,-1.4540,-1.3887,3.0552,3.0552,3.1073,0,0,0,-0.4795,-0.4820,-0.7230,-0.7230,-0.6893,0,0,0,-1.0087,-0.9829,1.1794,1.1794,1.1584,0,0,0,2.0338,2.1129,2.5354,2.5354,2.6748,0,0,0,-0.4764,-0.3196,-0.3835,-0.3835,-0.2794,0,0,0
8.435937,1788532549.978320,2.9991,3.1103,3.1103,3.1103,3.2219,0,0,0,-1.4540,-1.3913,3.0609,3.0609,3.0997,0,0,0,-0.4795,-0.4819,-0.7229,-0.7229,-0.6918,0,0,0,-1.0087,-0.9839,1.1806,1.1806,1.1589,0,0,0,2.0338,2.1097,2.5317,2.5317,2.6644,0,0,0,-0.4764,-0.3258,-0.3910,-0.3910,-0.2858,0,0,0
8.444038,1788532549.986886,2.9991,3.1046,3.1046,3.1046,3.2157,0,0,0,-1.4540,-1.3945,3.0679,3.0679,3.0927,0,0,0,-0.4795,-0.4818,-0.7227,-0.7227,-0.6942,0,0,0,-1.0087,-0.9851,1.1822,1.1822,1.1597,0,0,0,2.0338,2.1058,2.5270,2.5270,2.6543,0,0,0,-0.4764,-0.3335,-0.4002,-0.4002,-0.2922,0,0,0
8.451128,1788532549.996006,2.9991,3.0988,3.0988,3.0988,3.2092,0,0,0,-1.4540,-1.3977,3.0750,3.0750,3.0866,0,0,0,-0.4795,-0.4817,-0.7225,-0.7225,-0.6967,0,0,0,-1.0087,-0.9864,1.1837,1.1837,1.1606,0,0,0,2.0338,2.1019,2.5223,2.5223,2.6443,0,0,0,-0.4764,-0.3413,-0.4095,-0.4095,-0.2987,0,0,0
8.459203,1788532550.004586,2.9991,3.0937,3.0937,3.0937,3.2024,0,0,0,-1.4540,-1.4006,3.0814,3.0814,3.0813,0,0,0,-0.4795,-0.4816,-0.7223,-0.7223,-0.6990,0,0,0,-1.0087,-0.9876,1.1851,1.1851,1.1617,0,0,0,2.0338,2.0984,2.5181,2.5181,2.6345,0,0,0,-0.4764,-0.3482,-0.4178,-0.4178,-0.3053,0,0,0
8.467415,1788532550.011131,2.9991,3.0900,3.0900,3.0900,3.1954,0,0,0,-1.4540,-1.4027,3.0860,3.0860,3.0769,0,0,0,-0.4795,-0.4815,-0.7222,-0.7222,-0.7013,0,0,0,-1.0087,-0.9884,1.1861,1.1861,1.1628,0,0,0,2.0338,2.0959,2.5151,2.5151,2.6251,0,0,0,-0.4764,-0.3532,-0.4239,-0.4239,-0.3121,0,0,0
8.475447,1788532550.018830,3.0261,3.0870,3.0870,3.0870,3.1884,0,0,0,-1.3839,-1.4019,3.0841,3.0841,3.0733,0,0,0,-0.4223,-0.4788,-0.7181,-0.7181,-0.7034,0,0,0,-0.9352,-0.9859,1.1831,1.1831,1.1641,0,0,0,2.0425,2.0934,2.5121,2.5121,2.6160,0,0,0,-0.6062,-0.3649,-0.4379,-0.4379,-0.3190,0,0,0
8.484072,1788532550.027408,3.0261,3.0839,3.0839,3.0839,3.1812,0,0,0,-1.3839,-1.4009,3.0821,3.0821,3.0706,0,0,0,-0.4223,-0.4759,-0.7138,-0.7138,-0.7054,0,0,0,-0.9352,-0.9833,1.1800,1.1800,1.1654,0,0,0,2.0425,2.0908,2.5090,2.5090,2.6072,0,0,0,-0.6062,-0.3773,-0.4528,-0.4528,-0.3260,0,0,0
8.491612,1788532550.036026,2.9085,3.0749,3.0749,3.0749,3.1759,0,0,0,-1.4296,-1.4024,3.0853,3.0853,3.0692,0,0,0,-0.4223,-0.4731,-0.7097,-0.7097,-0.7068,0,0,0,-0.9807,-0.9832,1.1798,1.1798,1.1665,0,0,0,2.0409,2.0882,2.5059,2.5059,2.6008,0,0,0,-0.5566,-0.3865,-0.4638,-0.4638,-0.3314,0,0,0
8.499216,1788532550.043026,2.9085,3.0679,3.0679,3.0679,3.1688,0,0,0,-1.4296,-1.4036,3.0878,3.0878,3.0678,0,0,0,-0.4223,-0.4710,-0.7065,-0.7065,-0.7086,0,0,0,-0.9807,-0.9831,1.1797,1.1797,1.1679,0,0,0,2.0409,2.0862,2.5035,2.5035,2.5926,0,0,0,-0.5566,-0.3937,-0.4724,-0.4724,-0.3387,0,0,0
8.507737,1788532550.051619,2.9085,3.0597,3.0597,3.0597,3.1618,0,0,0,-1.4296,-1.4049,3.0908,3.0908,3.0670,0,0,0,-0.4223,-0.4685,-0.7027,-0.7027,-0.7101,0,0,0,-0.9807,-0.9830,1.1796,1.1796,1.1692,0,0,0,2.0409,2.0839,2.5007,2.5007,2.5848,0,0,0,-0.5566,-0.4021,-0.4825,-0.4825,-0.3461,0,0,0
8.515761,1788532550.059172,2.9085,3.0528,3.0528,3.0528,3.1549,0,0,0,-1.4296,-1.4060,3.0932,3.0932,3.0667,0,0,0,-0.4223,-0.4664,-0.6996,-0.6996,-0.7113,0,0,0,-0.9807,-0.9829,1.1795,1.1795,1.1705,0,0,0,2.0409,2.0820,2.4984,2.4984,2.5774,0,0,0,-0.5566,-0.4091,-0.4909,-0.4909,-0.3538,0,0,0
8.523753,1788532550.068171,2.8542,3.0422,3.0422,3.0422,3.1498,0,0,0,-1.2512,-1.3977,3.0750,3.0750,3.0667,0,0,0,-0.4691,-0.4665,-0.6998,-0.6998,-0.7120,0,0,0,-1.0051,-0.9841,1.1809,1.1809,1.1714,0,0,0,2.0110,2.0782,2.4938,2.4938,2.5720,0,0,0,-0.5673,-0.4176,-0.5011,-0.5011,-0.3598,0,0,0
8.531286,1788532550.074709,2.8542,3.0347,3.0347,3.0347,3.1414,0,0,0,-1.2512,-1.3919,3.0623,3.0623,3.0672,0,0,0,-0.4691,-0.4666,-0.6999,-0.6999,-0.7128,0,0,0,-1.0051,-0.9849,1.1819,1.1819,1.1727,0,0,0,2.0110,2.0755,2.4906,2.4906,2.5636,0,0,0,-0.5673,-0.4235,-0.5082,-0.5082,-0.3700,0,0,0
8.539818,1788532550.082702,2.8387,3.0253,3.0253,3.0253,3.1347,0,0,0,-1.2114,-1.3833,3.0433,3.0433,3.0679,0,0,0,-0.4691,-0.4667,-0.7001,-0.7001,-0.7131,0,0,0,-0.9642,-0.9839,1.1807,1.1807,1.1736,0,0,0,1.9775,2.0708,2.4850,2.4850,2.5572,0,0,0,-0.6538,-0.4345,-0.5214,-0.5214,-0.3785,0,0,0
8.547889,1788532550.092765,2.8387,3.0142,3.0142,3.0142,3.1295,0,0,0,-1.2114,-1.3731,3.0208,3.0208,3.0684,0,0,0,-0.4691,-0.4669,-0.7003,-0.7003,-0.7131,0,0,0,-0.9642,-0.9827,1.1793,1.1793,1.1742,0,0,0,1.9775,2.0653,2.4783,2.4783,2.5526,0,0,0,-0.6538,-0.4476,-0.5371,-0.5371,-0.3851,0,0,0
8.555417,1788532550.099304,2.8387,3.0073,3.0073,3.0073,3.1224,0,0,0,-1.2114,-1.3667,3.0067,3.0067,3.0688,0,0,0,-0.4691,-0.4670,-0.7005,-0.7005,-0.7129,0,0,0,-0.9642,-0.9820,1.1784,1.1784,1.1751,0,0,0,1.9775,2.0618,2.4741,2.4741,2.5467,0,0,0,-0.6538,-0.4557,-0.5469,-0.5469,-0.3940,0,0,0
8.563975,1788532550.106851,2.8387,2.9996,2.9996,2.9996,3.1153,0,0,0,-1.2114,-1.3596,2.9912,2.9912,3.0686,0,0,0,-0.4691,-0.4671,-0.7006,-0.7006,-0.7125,0,0,0,-0.9642,-0.9812,1.1774,1.1774,1.1758,0,0,0,1.9775,2.0580,2.4696,2.4696,2.5410,0,0,0,-0.6538,-0.4647,-0.5577,-0.5577,-0.4033,0,0,0
8.571726,1788532550.114523,2.8387,2.9922,2.9922,2.9922,3.1079,0,0,0,-1.2114,-1.3528,2.9762,2.9762,3.0677,0,0,0,-0.4691,-0.4672,-0.7007,-0.7007,-0.7120,0,0,0,-0.9642,-0.9804,1.1765,1.1765,1.1764,0,0,0,1.9775,2.0543,2.4651,2.4651,2.5355,0,0,0,-0.6538,-0.4734,-0.5681,-0.5681,-0.4128,0,0,0
8.579846,1788532550.124281,2.8368,2.9832,2.9832,2.9832,3.1004,0,0,0,-1.2261,-1.3455,2.9601,2.9601,3.0659,0,0,0,-0.4527,-0.4663,-0.6995,-0.6995,-0.7114,0,0,0,-0.9418,-0.9782,1.1738,1.1738,1.1770,0,0,0,2.0328,2.0530,2.4636,2.4636,2.5301,0,0,0,-0.5245,-0.4764,-0.5717,-0.5717,-0.4226,0,0,0
8.587358,1788532550.130904,2.8368,2.9774,2.9774,2.9774,3.0927,0,0,0,-1.2261,-1.3407,2.9496,2.9496,3.0632,0,0,0,-0.4527,-0.4658,-0.6987,-0.6987,-0.7108,0,0,0,-0.9418,-0.9767,1.1721,1.1721,1.1774,0,0,0,2.0328,2.0522,2.4627,2.4627,2.5249,0,0,0,-0.5245,-0.4783,-0.5740,-0.5740,-0.4326,0,0,0
8.595870,1788532550.138677,2.8368,2.9708,2.9708,2.9708,3.0870,0,0,0,-1.2261,-1.3354,2.9378,2.9378,3.0606,0,0,0,-0.4527,-0.4652,-0.6978,-0.6978,-0.7103,0,0,0,-0.9418,-0.9751,1.1701,1.1701,1.1776,0,0,0,2.0328,2.0513,2.4616,2.4616,2.5210,0,0,0,-0.5245,-0.4805,-0.5766,-0.5766,-0.4402,0,0,0
8.603612,1788532550.147286,2.8137,2.9627,2.9627,2.9627,3.0792,0,0,0,-1.1159,-1.3241,2.9130,2.9130,3.0563,0,0,0,-0.4455,-0.4642,-0.6963,-0.6963,-0.7096,0,0,0,-0.9479,-0.9737,1.1684,1.1684,1.1778,0,0,0,2.0519,2.0513,2.4616,2.4616,2.5159,0,0,0,-0.5596,-0.4845,-0.5815,-0.5815,-0.4504,0,0,0
8.611646,1788532550.155042,2.8137,2.9558,2.9558,2.9558,3.0714,0,0,0,-1.1159,-1.3144,2.8917,2.8917,3.0511,0,0,0,-0.4334,-0.4627,-0.6941,-0.6941,-0.7088,0,0,0,-0.9371,-0.9720,1.1664,1.1664,1.1779,0,0,0,2.0706,2.0522,2.4627,2.4627,2.5111,0,0,0,-0.5541,-0.4878,-0.5853,-0.5853,-0.4605,0,0,0
8.619812,1788532550.163729,2.8137,2.9484,2.9484,2.9484,3.0635,0,0,0,-1.1159,-1.3041,2.8691,2.8691,3.0451,0,0,0,-0.4334,-0.4612,-0.6918,-0.6918,-0.7080,0,0,0,-0.9371,-0.9702,1.1642,1.1642,1.1778,0,0,0,2.0706,2.0532,2.4638,2.4638,2.5064,0,0,0,-0.5541,-0.4912,-0.5895,-0.5895,-0.4704,0,0,0
8.628025,1788532550.171350,2.8128,2.9422,2.9422,2.9422,3.0557,0,0,0,-1.1144,-1.2955,2.8500,2.8500,3.0382,0,0,0,-0.4267,-0.4596,-0.6895,-0.6895,-0.7072,0,0,0,-0.9371,-0.9687,1.1624,1.1624,1.1776,0,0,0,2.0706,2.0540,2.4648,2.4648,2.5020,0,0,0,-0.5541,-0.4941,-0.5929,-0.5929,-0.4801,0,0,0
8.635663,1788532550.179554,2.8128,2.9358,2.9358,2.9358,3.0478,0,0,0,-1.1144,-1.2866,2.8304,2.8304,3.0304,0,0,0,-0.4267,-0.4580,-0.6870,-0.6870,-0.7064,0,0,0,-0.9371,-0.9671,1.1606,1.1606,1.1773,0,0,0,2.0706,2.0548,2.4658,2.4658,2.4978,0,0,0,-0.5541,-0.4970,-0.5965,-0.5965,-0.4894,0,0,0
8.644205,1788532550.186980,2.8128,2.9304,2.9304,2.9304,3.0400,0,0,0,-1.1144,-1.2789,2.8135,2.8135,3.0216,0,0,0,-0.4267,-0.4566,-0.6849,-0.6849,-0.7055,0,0,0,-0.9371,-0.9658,1.1590,1.1590,1.1768,0,0,0,2.0706,2.0555,2.4666,2.4666,2.4940,0,0,0,-0.5541,-0.4996,-0.5995,-0.5995,-0.4985,0,0,0
8.651884,1788532550.194401,2.8128,2.9251,2.9251,2.9251,3.0322,0,0,0,-1.1144,-1.2715,2.7974,2.7974,3.0118,0,0,0,-0.4267,-0.4553,-0.6829,-0.6829,-0.7045,0,0,0,-0.9371,-0.9645,1.1574,1.1574,1.1762,0,0,0,2.0706,2.0562,2.4674,2.4674,2.4905,0,0,0,-0.5541,-0.5020,-0.6024,-0.6024,-0.5072,0,0,0
8.659652,1788532550.203423,2.8114,2.9190,2.9190,2.9190,3.0245,0,0,0,-1.0802,-1.2613,2.7748,2.7748,3.0011,0,0,0,-0.4121,-0.4530,-0.6795,-0.6795,-0.7035,0,0,0,-0.9018,-0.9612,1.1534,1.1534,1.1754,0,0,0,2.0871,2.0578,2.4694,2.4694,2.4873,0,0,0,-0.4872,-0.5012,-0.6015,-0.6015,-0.5155,0,0,0
8.668212,1788532550.212704,2.8114,2.9131,2.9131,2.9131,3.0187,0,0,0,-1.0802,-1.2513,2.7528,2.7528,2.9925,0,0,0,-0.4121,-0.4507,-0.6761,-0.6761,-0.7026,0,0,0,-0.9018,-0.9579,1.1495,1.1495,1.1748,0,0,0,2.0871,2.0594,2.4713,2.4713,2.4851,0,0,0,-0.4872,-0.5005,-0.6005,-0.6005,-0.5215,0,0,0
8.676234,1788532550.219633,2.8114,2.9088,2.9088,2.9088,3.0111,0,0,0,-1.0127,-1.2413,2.7309,2.7309,2.9803,0,0,0,-0.4152,-0.4492,-0.6739,-0.6739,-0.7014,0,0,0,-0.9014,-0.9555,1.1466,1.1466,1.1738,0,0,0,2.0579,2.0594,2.4713,2.4713,2.4825,0,0,0,-0.4900,-0.5000,-0.6000,-0.6000,-0.5292,0,0,0
8.683897,1788532550.227672,2.8114,2.9041,2.9041,2.9041,3.0036,0,0,0,-1.0127,-1.2303,2.7066,2.7066,2.9674,0,0,0,-0.4152,-0.4476,-0.6714,-0.6714,-0.7001,0,0,0,-0.9014,-0.9529,1.1435,1.1435,1.1728,0,0,0,2.0579,2.0593,2.4712,2.4712,2.4802,0,0,0,-0.4900,-0.4995,-0.5994,-0.5994,-0.5365,0,0,0
8.691553,1788532550.235078,2.8114,2.9000,2.9000,2.9000,2.9962,0,0,0,-1.0127,-1.2206,2.6853,2.6853,2.9538,0,0,0,-0.4152,-0.4462,-0.6692,-0.6692,-0.6987,0,0,0,-0.9014,-0.9506,1.1408,1.1408,1.1716,0,0,0,2.0579,2.0593,2.4711,2.4711,2.4783,0,0,0,-0.4900,-0.4991,-0.5989,-0.5989,-0.5433,0,0,0
8.700093,1788532550.243968,2.8114,2.8953,2.8953,2.8953,2.9890,0,0,0,-1.0127,-1.2096,2.6611,2.6611,2.9395,0,0,0,-0.4152,-0.4445,-0.6668,-0.6668,-0.6972,0,0,0,-0.9014,-0.9480,1.1376,1.1376,1.1702,0,0,0,2.0579,2.0592,2.4710,2.4710,2.4766,0,0,0,-0.4900,-0.4986,-0.5984,-0.5984,-0.5496,0,0,0
8.707621,1788532550.252029,2.8367,2.8925,2.8925,2.8925,2.9819,0,0,0,-1.0394,-1.2014,2.6430,2.6430,2.9245,0,0,0,-0.4010,-0.4424,-0.6636,-0.6636,-0.6956,0,0,0,-0.8964,-0.9455,1.1346,1.1346,1.1687,0,0,0,2.0603,2.0592,2.4711,2.4711,2.4752,0,0,0,-0.4245,-0.4951,-0.5941,-0.5941,-0.5554,0,0,0
8.716307,1788532550.260042,2.8367,2.8898,2.8898,2.8898,2.9749,0,0,0,-1.0394,-1.1936,2.6259,2.6259,2.9087,0,0,0,-0.4010,-0.4404,-0.6607,-0.6607,-0.6939,0,0,0,-0.8964,-0.9432,1.1318,1.1318,1.1671,0,0,0,2.0603,2.0593,2.4711,2.4711,2.4741,0,0,0,-0.4245,-0.4917,-0.5900,-0.5900,-0.5607,0,0,0
8.724523,1788532550.267933,2.8313,2.8870,2.8870,2.8870,2.9699,0,0,0,-0.9892,-1.1839,2.6046,2.6046,2.8965,0,0,0,-0.4323,-0.4401,-0.6601,-0.6601,-0.6926,0,0,0,-0.8962,-0.9410,1.1292,1.1292,1.1658,0,0,0,2.0186,2.0574,2.4688,2.4688,2.4734,0,0,0,-0.4928,-0.4917,-0.5901,-0.5901,-0.5644,0,0,0
8.732072,1788532550.275465,2.8313,2.8845,2.8845,2.8845,2.9616,0,0,0,-0.9892,-1.1751,2.5852,2.5852,2.8753,0,0,0,-0.4323,-0.4397,-0.6596,-0.6596,-0.6903,0,0,0,-0.8962,-0.9389,1.1267,1.1267,1.1635,0,0,0,2.0186,2.0556,2.4667,2.4667,2.4724,0,0,0,-0.4928,-0.4918,-0.5901,-0.5901,-0.5698,0,0,0
8.740151,1788532550.283030,2.8313,2.8821,2.8821,2.8821,2.9552,0,0,0,-0.9892,-1.1666,2.5666,2.5666,2.8578,0,0,0,-0.4323,-0.4394,-0.6591,-0.6591,-0.6884,0,0,0,-0.8962,-0.9370,1.1244,1.1244,1.1615,0,0,0,2.0186,2.0539,2.4647,2.4647,2.4717,0,0,0,-0.4928,-0.4918,-0.5902,-0.5902,-0.5736,0,0,0
8.747714,1788532550.291584,2.8313,2.8795,2.8795,2.8795,2.9491,0,0,0,-0.9892,-1.1576,2.5466,2.5466,2.8400,0,0,0,-0.4323,-0.4390,-0.6585,-0.6585,-0.6864,0,0,0,-0.8962,-0.9349,1.1219,1.1219,1.1594,0,0,0,2.0186,2.0521,2.4626,2.4626,2.4712,0,0,0,-0.4928,-0.4919,-0.5902,-0.5902,-0.5768,0,0,0
8.755790,1788532550.299135,2.8386,2.8776,2.8776,2.8776,2.9446,0,0,0,-0.9837,-1.1497,2.5293,2.5293,2.8263,0,0,0,-0.4137,-0.4379,-0.6568,-0.6568,-0.6848,0,0,0,-0.8943,-0.9331,1.1197,1.1197,1.1577,0,0,0,2.0514,2.0521,2.4625,2.4625,2.4708,0,0,0,-0.4827,-0.4915,-0.5897,-0.5897,-0.5789,0,0,0
8.764046,1788532550.307931,2.8386,2.8756,2.8756,2.8756,2.9389,0,0,0,-0.9856,-1.1411,2.5103,2.5103,2.8078,0,0,0,-0.4171,-0.4368,-0.6552,-0.6552,-0.6828,0,0,0,-0.8917,-0.9309,1.1171,1.1171,1.1555,0,0,0,2.0514,2.0521,2.4625,2.4625,2.4704,0,0,0,-0.4824,-0.4910,-0.5892,-0.5892,-0.5813,0,0,0
8.772293,1788532550.315154,2.8386,2.8740,2.8740,2.8740,2.9334,0,0,0,-0.9856,-1.1343,2.4955,2.4955,2.7891,0,0,0,-0.4171,-0.4359,-0.6539,-0.6539,-0.6808,0,0,0,-0.8917,-0.9292,1.1150,1.1150,1.1532,0,0,0,2.0514,2.0520,2.4624,2.4624,2.4699,0,0,0,-0.4817,-0.4906,-0.5887,-0.5887,-0.5834,0,0,0
8.780430,1788532550.323791,2.8386,2.8721,2.8721,2.8721,2.9282,0,0,0,-0.9856,-1.1266,2.4786,2.4786,2.7702,0,0,0,-0.4171,-0.4350,-0.6524,-0.6524,-0.6788,0,0,0,-0.8917,-0.9273,1.1127,1.1127,1.1508,0,0,0,2.0514,2.0520,2.4624,2.4624,2.4694,0,0,0,-0.4817,-0.4901,-0.5881,-0.5881,-0.5851,0,0,0
8.787849,1788532550.331097,2.8386,2.8707,2.8707,2.8707,2.9232,0,0,0,-0.9856,-1.1204,2.4649,2.4649,2.7511,0,0,0,-0.4171,-0.4342,-0.6513,-0.6513,-0.6769,0,0,0,-0.8917,-0.9257,1.1109,1.1109,1.1484,0,0,0,2.0514,2.0520,2.4624,2.4624,2.4689,0,0,0,-0.4817,-0.4897,-0.5877,-0.5877,-0.5865,0,0,0
8.795835,1788532550.339277,2.8458,2.8695,2.8695,2.8695,2.9185,0,0,0,-1.0688,-1.1179,2.4594,2.4594,2.7319,0,0,0,-0.4370,-0.4343,-0.6515,-0.6515,-0.6750,0,0,0,-0.8579,-0.9224,1.1069,1.1069,1.1460,0,0,0,2.0278,2.0508,2.4609,2.4609,2.4684,0,0,0,-0.4318,-0.4869,-0.5843,-0.5843,-0.5876,0,0,0
8.803847,1788532550.347263,2.8458,2.8683,2.8683,2.8683,2.9151,0,0,0,-1.0688,-1.1155,2.4542,2.4542,2.7175,0,0,0,-0.4370,-0.4344,-0.6517,-0.6517,-0.6736,0,0,0,-0.8579,-0.9193,1.1032,1.1032,1.1442,0,0,0,2.0278,2.0497,2.4596,2.4596,2.4681,0,0,0,-0.4318,-0.4843,-0.5811,-0.5811,-0.5884,0,0,0
8.812012,1788532550.356264,2.8458,2.8671,2.8671,2.8671,2.9108,0,0,0,-1.0688,-1.1130,2.4487,2.4487,2.6984,0,0,0,-0.4370,-0.4346,-0.6519,-0.6519,-0.6718,0,0,0,-0.8579,-0.9160,1.0992,1.0992,1.1417,0,0,0,2.0278,2.0485,2.4582,2.4582,2.4676,0,0,0,-0.4318,-0.4815,-0.5778,-0.5778,-0.5891,0,0,0
8.820044,1788532550.363450,2.8510,2.8664,2.8664,2.8664,2.9068,0,0,0,-1.0113,-1.1086,2.4390,2.4390,2.6794,0,0,0,-0.4428,-0.4349,-0.6524,-0.6524,-0.6700,0,0,0,-0.8940,-0.9151,1.0981,1.0981,1.1392,0,0,0,1.9989,2.0464,2.4556,2.4556,2.4671,0,0,0,-0.4364,-0.4795,-0.5754,-0.5754,-0.5897,0,0,0
8.828072,1788532550.372492,2.8551,2.8658,2.8658,2.8658,2.9029,0,0,0,-1.0284,-1.1043,2.4295,2.4295,2.6606,0,0,0,-0.4647,-0.4365,-0.6548,-0.6548,-0.6683,0,0,0,-0.8940,-0.9139,1.0967,1.0967,1.1367,0,0,0,1.9807,2.0428,2.4514,2.4514,2.4666,0,0,0,-0.4539,-0.4781,-0.5738,-0.5738,-0.5900,0,0,0
8.836642,1788532550.379492,2.8551,2.8654,2.8654,2.8654,2.8993,0,0,0,-1.0284,-1.1011,2.4224,2.4224,2.6422,0,0,0,-0.4647,-0.4377,-0.6566,-0.6566,-0.6667,0,0,0,-0.8940,-0.9131,1.0957,1.0957,1.1341,0,0,0,1.9807,2.0402,2.4483,2.4483,2.4660,0,0,0,-0.4539,-0.4771,-0.5725,-0.5725,-0.5900,0,0,0
8.844167,1788532550.388044,2.8551,2.8648,2.8648,2.8648,2.8959,0,0,0,-1.0284,-1.0974,2.4143,2.4143,2.6243,0,0,0,-0.4647,-0.4391,-0.6586,-0.6586,-0.6652,0,0,0,-0.8940,-0.9121,1.0945,1.0945,1.1314,0,0,0,1.9807,2.0372,2.4446,2.4446,2.4654,0,0,0,-0.4539,-0.4759,-0.5711,-0.5711,-0.5897,0,0,0
8.851987,1788532550.395373,2.8551,2.8644,2.8644,2.8644,2.8927,0,0,0,-1.0284,-1.0944,2.4076,2.4076,2.6069,0,0,0,-0.4647,-0.4402,-0.6603,-0.6603,-0.6638,0,0,0,-0.8940,-0.9113,1.0936,1.0936,1.1287,0,0,0,1.9807,2.0347,2.4416,2.4416,2.4647,0,0,0,-0.4539,-0.4750,-0.5700,-0.5700,-0.5893,0,0,0
8.860741,1788532550.402962,2.8551,2.8640,2.8640,2.8640,2.8898,0,0,0,-1.0284,-1.0913,2.4010,2.4010,2.5901,0,0,0,-0.4647,-0.4413,-0.6620,-0.6620,-0.6626,0,0,0,-0.8940,-0.9105,1.0926,1.0926,1.1260,0,0,0,1.9807,2.0322,2.4387,2.4387,2.4639,0,0,0,-0.4539,-0.4740,-0.5688,-0.5688,-0.5886,0,0,0
8.868788,1788532550.412156,2.8917,2.8655,2.8655,2.8655,2.8870,0,0,0,-1.0829,-1.0909,2.3999,2.3999,2.5739,0,0,0,-0.4414,-0.4413,-0.6620,-0.6620,-0.6616,0,0,0,-0.8151,-0.9053,1.0864,1.0864,1.1233,0,0,0,1.9582,2.0282,2.4338,2.4338,2.4629,0,0,0,-0.5853,-0.4801,-0.5761,-0.5761,-0.5878,0,0,0
8.876334,1788532550.420205,2.9216,2.8682,2.8682,2.8682,2.8845,0,0,0,-1.0754,-1.0901,2.3983,2.3983,2.5584,0,0,0,-0.4414,-0.4413,-0.6620,-0.6620,-0.6608,0,0,0,-0.8151,-0.9010,1.0812,1.0812,1.1207,0,0,0,1.9875,2.0262,2.4315,2.4315,2.4617,0,0,0,-0.6204,-0.4868,-0.5842,-0.5842,-0.5869,0,0,0
8.883860,1788532550.427746,2.9378,2.8713,2.8713,2.8713,2.8821,0,0,0,-1.0754,-1.0895,2.3968,2.3968,2.5435,0,0,0,-0.4511,-0.4418,-0.6627,-0.6627,-0.6602,0,0,0,-0.8361,-0.8980,1.0776,1.0776,1.1182,0,0,0,1.9824,2.0242,2.4291,2.4291,2.4604,0,0,0,-0.6497,-0.4942,-0.5931,-0.5931,-0.5858,0,0,0
8.892712,1788532550.436598,2.9611,2.8761,2.8761,2.8761,2.8800,0,0,0,-1.1542,-1.0929,2.4043,2.4043,2.5294,0,0,0,-0.4769,-0.4436,-0.6654,-0.6654,-0.6598,0,0,0,-0.8428,-0.8951,1.0742,1.0742,1.1157,0,0,0,1.9950,2.0227,2.4272,2.4272,2.4590,0,0,0,-0.6204,-0.5009,-0.6010,-0.6010,-0.5849,0,0,0
8.900795,1788532550.443663,2.9611,2.8797,2.8797,2.8797,2.8781,0,0,0,-1.1542,-1.0955,2.4101,2.4101,2.5160,0,0,0,-0.4769,-0.4450,-0.6676,-0.6676,-0.6594,0,0,0,-0.8428,-0.8929,1.0715,1.0715,1.1131,0,0,0,1.9950,2.0215,2.4258,2.4258,2.4573,0,0,0,-0.6204,-0.5059,-0.6071,-0.6071,-0.5841,0,0,0
8.908317,1788532550.451745,3.1153,2.8911,2.8911,2.8911,2.8766,0,0,0,-1.2408,-1.1025,2.4256,2.4256,2.5036,0,0,0,-0.5003,-0.4477,-0.6716,-0.6716,-0.6593,0,0,0,-0.8637,-0.8915,1.0698,1.0698,1.1105,0,0,0,1.9597,2.0185,2.4222,2.4222,2.4556,0,0,0,-0.5433,-0.5078,-0.6093,-0.6093,-0.5836,0,0,0
8.916125,1788532550.459734,3.1153,2.9018,2.9018,2.9018,2.8756,0,0,0,-1.2408,-1.1091,2.4401,2.4401,2.4948,0,0,0,-0.5003,-0.4502,-0.6753,-0.6753,-0.6592,0,0,0,-0.8637,-0.8902,1.0682,1.0682,1.1085,0,0,0,1.9597,2.0157,2.4189,2.4189,2.4542,0,0,0,-0.5433,-0.5095,-0.6113,-0.6113,-0.5835,0,0,0
8.924153,1788532550.468554,3.1153,2.9130,2.9130,2.9130,2.8746,0,0,0,-1.2408,-1.1161,2.4553,2.4553,2.4842,0,0,0,-0.5003,-0.4529,-0.6793,-0.6793,-0.6593,0,0,0,-0.8637,-0.8888,1.0665,1.0665,1.1058,0,0,0,1.9597,2.0128,2.4153,2.4153,2.4522,0,0,0,-0.5433,-0.5112,-0.6135,-0.6135,-0.5838,0,0,0
8.932690,1788532550.476578,3.1153,2.9227,2.9227,2.9227,2.8741,0,0,0,-1.2408,-1.1220,2.4685,2.4685,2.4747,0,0,0,-0.5003,-0.4551,-0.6827,-0.6827,-0.6596,0,0,0,-0.8637,-0.8876,1.0651,1.0651,1.1030,0,0,0,1.9597,2.0102,2.4123,2.4123,2.4502,0,0,0,-0.5433,-0.5128,-0.6153,-0.6153,-0.5844,0,0,0
8.940771,1788532550.484659,3.2030,2.9363,2.9363,2.9363,2.8741,0,0,0,-1.2058,-1.1261,2.4774,2.4774,2.4667,0,0,0,-0.5312,-0.4588,-0.6882,-0.6882,-0.6600,0,0,0,-0.7264,-0.8798,1.0557,1.0557,1.1003,0,0,0,1.9198,2.0059,2.4070,2.4070,2.4481,0,0,0,-0.5294,-0.5136,-0.6163,-0.6163,-0.5854,0,0,0
8.948516,1788532550.492187,3.2030,2.9483,2.9483,2.9483,2.8748,0,0,0,-1.2058,-1.1297,2.4853,2.4853,2.4601,0,0,0,-0.5312,-0.4621,-0.6931,-0.6931,-0.6607,0,0,0,-0.7264,-0.8728,1.0474,1.0474,1.0976,0,0,0,1.9198,2.0020,2.4024,2.4024,2.4459,0,0,0,-0.5294,-0.5143,-0.6172,-0.6172,-0.5866,0,0,0
8.956055,1788532550.499928,3.2030,2.9601,2.9601,2.9601,2.8761,0,0,0,-1.2058,-1.1332,2.4931,2.4931,2.4551,0,0,0,-0.5312,-0.4653,-0.6979,-0.6979,-0.6616,0,0,0,-0.7264,-0.8660,1.0393,1.0393,1.0949,0,0,0,1.9198,1.9982,2.3978,2.3978,2.4436,0,0,0,-0.5294,-0.5150,-0.6180,-0.6180,-0.5881,0,0,0
8.964563,1788532550.508470,3.2030,2.9725,2.9725,2.9725,2.8781,0,0,0,-1.2058,-1.1369,2.5012,2.5012,2.4515,0,0,0,-0.5312,-0.4686,-0.7030,-0.7030,-0.6627,0,0,0,-0.7264,-0.8589,1.0307,1.0307,1.0921,0,0,0,1.9198,1.9942,2.3930,2.3930,2.4412,0,0,0,-0.5294,-0.5157,-0.6189,-0.6189,-0.5897,0,0,0
8.972579,1788532550.514990,3.1528,2.9796,2.9796,2.9796,2.8808,0,0,0,-1.2824,-1.1427,2.5138,2.5138,2.4492,0,0,0,-0.5857,-0.4733,-0.7099,-0.7099,-0.6641,0,0,0,-0.7435,-0.8544,1.0253,1.0253,1.0892,0,0,0,1.8823,1.9898,2.3877,2.3877,2.4387,0,0,0,-0.2011,-0.5033,-0.6040,-0.6040,-0.5914,0,0,0
8.980211,1788532550.524005,3.1528,2.9889,2.9889,2.9889,2.8843,0,0,0,-1.2824,-1.1501,2.5303,2.5303,2.4482,0,0,0,-0.5857,-0.4793,-0.7189,-0.7189,-0.6658,0,0,0,-0.7435,-0.8484,1.0181,1.0181,1.0861,0,0,0,1.8823,1.9840,2.3808,2.3808,2.4360,0,0,0,-0.2011,-0.4871,-0.5846,-0.5846,-0.5932,0,0,0
8.988993,1788532550.532624,3.1528,2.9973,2.9973,2.9973,2.8885,0,0,0,-1.2824,-1.1569,2.5453,2.5453,2.4483,0,0,0,-0.5857,-0.4848,-0.7271,-0.7271,-0.6677,0,0,0,-0.7435,-0.8430,1.0116,1.0116,1.0828,0,0,0,1.8823,1.9788,2.3745,2.3745,2.4332,0,0,0,-0.2011,-0.4724,-0.5669,-0.5669,-0.5951,0,0,0
8.996414,1788532550.540367,3.0109,2.9980,2.9980,2.9980,2.8920,0,0,0,-1.3411,-1.1655,2.5641,2.5641,2.4491,0,0,0,-0.5906,-0.4897,-0.7345,-0.7345,-0.6693,0,0,0,-0.8836,-0.8449,1.0139,1.0139,1.0801,0,0,0,1.9756,1.9786,2.3743,2.3743,2.4310,0,0,0,-0.2002,-0.4598,-0.5518,-0.5518,-0.5964,0,0,0
9.004166,1788532550.547852,2.9145,2.9942,2.9942,2.9942,2.8973,0,0,0,-1.2893,-1.1710,2.5763,2.5763,2.4510,0,0,0,-0.4727,-0.4889,-0.7334,-0.7334,-0.6718,0,0,0,-0.8138,-0.8435,1.0122,1.0122,1.0764,0,0,0,2.0806,1.9832,2.3798,2.3798,2.4279,0,0,0,-0.2410,-0.4500,-0.5400,-0.5400,-0.5977,0,0,0
9.013008,1788532550.555613,2.9145,2.9905,2.9905,2.9905,2.9031,0,0,0,-1.2893,-1.1765,2.5884,2.5884,2.4541,0,0,0,-0.4727,-0.4882,-0.7322,-0.7322,-0.6746,0,0,0,-0.8135,-0.8421,1.0105,1.0105,1.0723,0,0,0,2.0806,1.9877,2.3853,2.3853,2.4246,0,0,0,-0.2981,-0.4429,-0.5315,-0.5315,-0.5984,0,0,0
9.020759,1788532550.564439,2.9145,2.9865,2.9865,2.9865,2.9092,0,0,0,-1.2893,-1.1825,2.6014,2.6014,2.4582,0,0,0,-0.4727,-0.4873,-0.7310,-0.7310,-0.6778,0,0,0,-0.8135,-0.8406,1.0087,1.0087,1.0682,0,0,0,2.0806,1.9926,2.3911,2.3911,2.4211,0,0,0,-0.2981,-0.4353,-0.5224,-0.5224,-0.5982,0,0,0
9.028617,1788532550.571874,2.9145,2.9833,2.9833,2.9833,2.9140,0,0,0,-1.2893,-1.1872,2.6119,2.6119,2.4620,0,0,0,-0.4727,-0.4867,-0.7300,-0.7300,-0.6803,0,0,0,-0.8135,-0.8394,1.0073,1.0073,1.0650,0,0,0,2.0806,1.9965,2.3959,2.3959,2.4185,0,0,0,-0.2981,-0.4292,-0.5150,-0.5150,-0.5975,0,0,0
9.036196,1788532550.580463,3.0522,2.9868,2.9868,2.9868,2.9219,0,0,0,-1.5130,-1.2039,2.6487,2.6487,2.4695,0,0,0,-0.5412,-0.4895,-0.7342,-0.7342,-0.6848,0,0,0,-0.8474,-0.8398,1.0078,1.0078,1.0597,0,0,0,2.0421,1.9989,2.3987,2.3987,2.4143,0,0,0,0.0985,-0.4021,-0.4825,-0.4825,-0.5953,0,0,0
9.044756,1788532550.587651,3.0522,2.9897,2.9897,2.9897,2.9279,0,0,0,-1.5130,-1.2173,2.6781,2.6781,2.4765,0,0,0,-0.5412,-0.4917,-0.7376,-0.7376,-0.6885,0,0,0,-0.8474,-0.8401,1.0082,1.0082,1.0555,0,0,0,2.0421,2.0007,2.4009,2.4009,2.4113,0,0,0,0.0985,-0.3805,-0.4566,-0.4566,-0.5927,0,0,0
9.052800,1788532550.596017,3.0522,2.9928,2.9928,2.9928,2.9337,0,0,0,-1.5130,-1.2321,2.7106,2.7106,2.4842,0,0,0,-0.5412,-0.4942,-0.7413,-0.7413,-0.6920,0,0,0,-0.8474,-0.8405,1.0086,1.0086,1.0515,0,0,0,2.0421,2.0028,2.4034,2.4034,2.4086,0,0,0,0.0985,-0.3565,-0.4278,-0.4278,-0.5893,0,0,0
9.060827,1788532550.604849,3.0522,2.9959,2.9959,2.9959,2.9391,0,0,0,-1.5130,-1.2469,2.7431,2.7431,2.4928,0,0,0,-0.5412,-0.4967,-0.7450,-0.7450,-0.6955,0,0,0,-0.8474,-0.8409,1.0090,1.0090,1.0475,0,0,0,2.0421,2.0049,2.4059,2.4059,2.4063,0,0,0,0.0985,-0.3325,-0.3990,-0.3990,-0.5851,0,0,0
9.068564,1788532550.611245,3.0754,2.9990,2.9990,2.9990,2.9429,0,0,0,-1.7148,-1.2650,2.7829,2.7829,2.4999,0,0,0,-0.6572,-0.5029,-0.7543,-0.7543,-0.6981,0,0,0,-0.9742,-0.8460,1.0152,1.0152,1.0446,0,0,0,1.9059,2.0011,2.4013,2.4013,2.4048,0,0,0,0.5000,-0.3003,-0.3604,-0.3604,-0.5812,0,0,0
9.077035,1788532550.619969,3.0754,3.0030,3.0030,3.0030,2.9478,0,0,0,-1.7148,-1.2884,2.8344,2.8344,2.5105,0,0,0,-0.6572,-0.5109,-0.7663,-0.7663,-0.7015,0,0,0,-0.9742,-0.8527,1.0232,1.0232,1.0410,0,0,0,1.9059,1.9961,2.3953,2.3953,2.4032,0,0,0,0.5000,-0.2586,-0.3103,-0.3103,-0.5750,0,0,0
9.084596,1788532550.628991,3.0754,3.0068,3.0068,3.0068,2.9523,0,0,0,-1.7148,-1.3113,2.8849,2.8849,2.5224,0,0,0,-0.6572,-0.5187,-0.7781,-0.7781,-0.7049,0,0,0,-0.9742,-0.8592,1.0310,1.0310,1.0376,0,0,0,1.9059,1.9913,2.3895,2.3895,2.4019,0,0,0,0.5000,-0.2178,-0.2613,-0.2613,-0.5675,0,0,0
9.092470,1788532550.637040,3.0754,3.0101,3.0101,3.0101,2.9567,0,0,0,-1.7148,-1.3308,2.9277,2.9277,2.5357,0,0,0,-0.6572,-0.5254,-0.7881,-0.7881,-0.7082,0,0,0,-0.9742,-0.8647,1.0377,1.0377,1.0345,0,0,0,1.9059,1.9872,2.3846,2.3846,2.4010,0,0,0,0.5000,-0.1831,-0.2197,-0.2197,-0.5585,0,0,0
9.100105,1788532550.643895,3.0754,3.0128,3.0128,3.0128,2.9609,0,0,0,-1.7148,-1.3467,2.9626,2.9626,2.5506,0,0,0,-0.6572,-0.5309,-0.7963,-0.7963,-0.7117,0,0,0,-0.9742,-0.8693,1.0431,1.0431,1.0317,0,0,0,1.9059,1.9838,2.3806,2.3806,2.4002,0,0,0,0.5000,-0.1548,-0.1857,-0.1857,-0.5478,0,0,0
9.108525,1788532550.652184,3.0754,3.0159,3.0159,3.0159,2.9649,0,0,0,-1.7148,-1.3649,3.0028,3.0028,2.5674,0,0,0,-0.6572,-0.5371,-0.8057,-0.8057,-0.7155,0,0,0,-0.9742,-0.8745,1.0493,1.0493,1.0295,0,0,0,1.9059,1.9799,2.3759,2.3759,2.3995,0,0,0,0.5000,-0.1222,-0.1467,-0.1467,-0.5351,0,0,0
9.116629,1788532550.659471,3.0754,3.0185,3.0185,3.0185,2.9687,0,0,0,-1.7148,-1.3803,3.0366,3.0366,2.5863,0,0,0,-0.6572,-0.5424,-0.8136,-0.8136,-0.7195,0,0,0,-0.9742,-0.8788,1.0546,1.0546,1.0278,0,0,0,1.9059,1.9767,2.3720,2.3720,2.3988,0,0,0,0.5000,-0.0949,-0.1138,-0.1138,-0.5202,0,0,0
9.124639,1788532550.669061,3.0754,3.0218,3.0218,3.0218,2.9716,0,0,0,-1.7148,-1.3993,3.0785,3.0785,2.6017,0,0,0,-0.6572,-0.5489,-0.8234,-0.8234,-0.7228,0,0,0,-0.9742,-0.8842,1.0611,1.0611,1.0269,0,0,0,1.9059,1.9727,2.3672,2.3672,2.3981,0,0,0,0.5000,-0.0609,-0.0731,-0.0731,-0.5077,0,0,0
9.132861,1788532550.677185,3.0901,3.0251,3.0251,3.0251,2.9761,0,0,0,-2.2177,-1.4392,3.1662,3.1662,2.6298,0,0,0,-0.5771,-0.5503,-0.8254,-0.8254,-0.7286,0,0,0,-1.1056,-0.8950,1.0740,1.0740,1.0260,0,0,0,2.1308,1.9804,2.3764,2.3764,2.3969,0,0,0,0.6208,-0.0276,-0.0332,-0.0332,-0.4842,0,0,0
9.141304,1788532550.684585,3.0994,3.0284,3.0284,3.0284,2.9788,0,0,0,-2.3262,-1.4787,3.2532,3.2532,2.6480,0,0,0,-0.5130,-0.5486,-0.8229,-0.8229,-0.7324,0,0,0,-1.0800,-0.9032,1.0839,1.0839,1.0260,0,0,0,2.1308,1.9870,2.3844,2.3844,2.3961,0,0,0,0.5048,-0.0039,-0.0046,-0.0046,-0.4687,0,0,0
9.148903,1788532550.692707,3.0994,3.0319,3.0319,3.0319,2.9824,0,0,0,-2.3262,-1.5201,3.3441,3.3441,2.6743,0,0,0,-0.5130,-0.5469,-0.8203,-0.8203,-0.7379,0,0,0,-1.0800,-0.9118,1.0942,1.0942,1.0265,0,0,0,2.1308,1.9940,2.3928,2.3928,2.3948,0,0,0,0.5048,0.0209,0.0251,0.0251,-0.4459,0,0,0
9.156436,1788532550.700213,3.1349,3.0365,3.0365,3.0365,2.9859,0,0,0,-2.4688,-1.5630,3.4385,3.4385,2.7034,0,0,0,-0.5114,-0.5453,-0.8179,-0.8179,-0.7437,0,0,0,-1.0518,-0.9181,1.1017,1.1017,1.0277,0,0,0,2.0130,1.9949,2.3938,2.3938,2.3934,0,0,0,0.5490,0.0449,0.0538,0.0538,-0.4209,0,0,0
9.165020,1788532550.708895,3.1349,3.0416,3.0416,3.0416,2.9894,0,0,0,-2.4688,-1.6101,3.5421,3.5421,2.7357,0,0,0,-0.5114,-0.5435,-0.8153,-0.8153,-0.7496,0,0,0,-1.0518,-0.9250,1.1100,1.1100,1.0296,0,0,0,2.0130,1.9958,2.3950,2.3950,2.3922,0,0,0,0.5490,0.0711,0.0853,0.0853,-0.3941,0,0,0
9.173083,1788532550.716478,3.1349,3.0458,3.0458,3.0458,2.9928,0,0,0,-2.4688,-1.6493,3.6285,3.6285,2.7716,0,0,0,-0.5114,-0.5421,-0.8131,-0.8131,-0.7554,0,0,0,-1.0518,-0.9308,1.1170,1.1170,1.0322,0,0,0,2.0130,1.9966,2.3959,2.3959,2.3912,0,0,0,0.5490,0.0929,0.1115,0.1115,-0.3658,0,0,0
9.180883,1788532550.723648,3.1349,3.0497,3.0497,3.0497,2.9963,0,0,0,-2.4688,-1.6848,3.7066,3.7066,2.8112,0,0,0,-0.5114,-0.5408,-0.8111,-0.8111,-0.7611,0,0,0,-1.0518,-0.9360,1.1232,1.1232,1.0355,0,0,0,2.0130,1.9973,2.3968,2.3968,2.3905,0,0,0,0.5490,0.1127,0.1352,0.1352,-0.3365,0,0,0
9.188583,1788532550.733296,3.1349,3.0546,3.0546,3.0546,2.9998,0,0,0,-2.4688,-1.7299,3.8058,3.8058,2.8549,0,0,0,-0.5114,-0.5391,-0.8086,-0.8086,-0.7665,0,0,0,-1.0518,-0.9426,1.1312,1.1312,1.0393,0,0,0,2.0130,1.9982,2.3978,2.3978,2.3900,0,0,0,0.5490,0.1378,0.1653,0.1653,-0.3062,0,0,0
9.196576,1788532550.740021,3.1349,3.0578,3.0578,3.0578,3.0034,0,0,0,-2.4688,-1.7600,3.8721,3.8721,2.9024,0,0,0,-0.5114,-0.5380,-0.8069,-0.8069,-0.7715,0,0,0,-1.0518,-0.9471,1.1365,1.1365,1.0437,0,0,0,2.0130,1.9988,2.3986,2.3986,2.3898,0,0,0,0.5490,0.1545,0.1854,0.1854,-0.2752,0,0,0
9.205079,1788532550.748213,3.0584,3.0578,3.0578,3.0578,3.0060,0,0,0,-2.9129,-1.8168,3.9971,3.9971,2.9405,0,0,0,-0.3615,-0.5293,-0.7940,-0.7940,-0.7750,0,0,0,-0.8829,-0.9439,1.1327,1.1327,1.0472,0,0,0,2.2463,2.0109,2.4131,2.4131,2.3897,0,0,0,0.5273,0.1729,0.2075,0.2075,-0.2517,0,0,0
9.212719,1788532550.756506,3.0584,3.0579,3.0579,3.0579,3.0096,0,0,0,-3.0170,-1.8767,4.1287,4.1287,2.9945,0,0,0,-0.3617,-0.5210,-0.7815,-0.7815,-0.7793,0,0,0,-0.9191,-0.9427,1.1312,1.1312,1.0523,0,0,0,2.2413,2.0223,2.4268,2.4268,2.3897,0,0,0,0.5273,0.1905,0.2286,0.2286,-0.2201,0,0,0
9.220367,1788532550.763751,3.0584,3.0579,3.0579,3.0579,3.0133,0,0,0,-3.0170,-1.9267,4.2388,4.2388,3.0517,0,0,0,-0.3617,-0.5141,-0.7711,-0.7711,-0.7831,0,0,0,-0.9191,-0.9417,1.1300,1.1300,1.0577,0,0,0,2.2413,2.0319,2.4382,2.4382,2.3899,0,0,0,0.5273,0.2053,0.2463,0.2463,-0.1885,0,0,0
9.229004,1788532550.772475,3.1420,3.0623,3.0623,3.0623,3.0169,0,0,0,-3.0905,-1.9877,4.3729,4.3729,3.1123,0,0,0,-0.4738,-0.5120,-0.7680,-0.7680,-0.7863,0,0,0,-1.0343,-0.9465,1.1358,1.1358,1.0633,0,0,0,2.2206,2.0417,2.4500,2.4500,2.3904,0,0,0,0.5050,0.2209,0.2651,0.2651,-0.1569,0,0,0
9.237504,1788532550.780530,3.1420,3.0661,3.0661,3.0661,3.0204,0,0,0,-3.0905,-2.0413,4.4908,4.4908,3.1768,0,0,0,-0.4738,-0.5101,-0.7652,-0.7652,-0.7888,0,0,0,-1.0343,-0.9507,1.1409,1.1409,1.0688,0,0,0,2.2206,2.0503,2.4604,2.4604,2.3913,0,0,0,0.5050,0.2347,0.2816,0.2816,-0.1257,0,0,0
9.245262,1788532550.789691,3.1869,3.0727,3.0727,3.0727,3.0239,0,0,0,-3.1692,-2.1032,4.6270,4.6270,3.2452,0,0,0,-0.4738,-0.5082,-0.7622,-0.7622,-0.7905,0,0,0,-1.0343,-0.9553,1.1463,1.1463,1.0742,0,0,0,2.2267,2.0599,2.4719,2.4719,2.3928,0,0,0,0.4875,0.2485,0.2982,0.2982,-0.0948,0,0,0
9.253064,1788532550.797257,3.1869,3.0779,3.0779,3.0779,3.0272,0,0,0,-3.1692,-2.1520,4.7344,4.7344,3.3177,0,0,0,-0.4738,-0.5066,-0.7599,-0.7599,-0.7915,0,0,0,-1.0343,-0.9589,1.1506,1.1506,1.0795,0,0,0,2.2267,2.0675,2.4810,2.4810,2.3950,0,0,0,0.4875,0.2594,0.3113,0.3113,-0.0645,0,0,0
9.261163,1788532550.804435,3.1869,3.0826,3.0826,3.0826,3.0305,0,0,0,-3.1692,-2.1963,4.8319,4.8319,3.3943,0,0,0,-0.4738,-0.5052,-0.7578,-0.7578,-0.7918,0,0,0,-1.0343,-0.9621,1.1545,1.1545,1.0847,0,0,0,2.2267,2.0744,2.4892,2.4892,2.3977,0,0,0,0.4875,0.2693,0.3232,0.3232,-0.0349,0,0,0
9.268780,1788532550.814173,3.1869,3.0886,3.0886,3.0886,3.0337,0,0,0,-3.1692,-2.2529,4.9564,4.9564,3.4750,0,0,0,-0.4738,-0.5034,-0.7551,-0.7551,-0.7915,0,0,0,-1.0343,-0.9663,1.1595,1.1595,1.0898,0,0,0,2.2267,2.0832,2.4998,2.4998,2.4011,0,0,0,0.4875,0.2820,0.3383,0.3383,-0.0060,0,0,0
9.276448,1788532550.821288,3.1869,3.0928,3.0928,3.0928,3.0370,0,0,0,-3.1692,-2.2925,5.0435,5.0435,3.5595,0,0,0,-0.4738,-0.5021,-0.7532,-0.7532,-0.7908,0,0,0,-1.0343,-0.9692,1.1630,1.1630,1.0948,0,0,0,2.2267,2.0893,2.5072,2.5072,2.4051,0,0,0,0.4875,0.2908,0.3489,0.3489,0.0220,0,0,0
9.284976,1788532550.827982,3.1417,3.0948,3.0948,3.0948,3.0395,0,0,0,-3.5904,-2.3454,5.1600,5.1600,3.6251,0,0,0,-0.4829,-0.5013,-0.7520,-0.7520,-0.7899,0,0,0,-0.9631,-0.9690,1.1627,1.1627,1.0985,0,0,0,2.2881,2.0973,2.5168,2.5168,2.4085,0,0,0,0.5782,0.3024,0.3629,0.3629,0.0425,0,0,0
9.292804,1788532550.837249,3.1417,3.0974,3.0974,3.0974,3.0429,0,0,0,-3.5904,-2.4146,5.3122,5.3122,3.7152,0,0,0,-0.4829,-0.5003,-0.7505,-0.7505,-0.7885,0,0,0,-0.9631,-0.9686,1.1624,1.1624,1.1034,0,0,0,2.2881,2.1078,2.5294,2.5294,2.4134,0,0,0,0.5782,0.3177,0.3812,0.3812,0.0689,0,0,0
9.300216,1788532550.845171,3.1262,3.0987,3.0987,3.0987,3.0464,0,0,0,-3.7412,-2.4782,5.4521,5.4521,3.8080,0,0,0,-0.5065,-0.5006,-0.7509,-0.7509,-0.7868,0,0,0,-0.9633,-0.9684,1.1621,1.1621,1.1082,0,0,0,2.3683,2.1202,2.5443,2.5443,2.4188,0,0,0,0.5566,0.3291,0.3949,0.3949,0.0943,0,0,0
9.308840,1788532550.853192,3.1262,3.1001,3.1001,3.1001,3.0500,0,0,0,-3.7412,-2.5395,5.5869,5.5869,3.9031,0,0,0,-0.5065,-0.5009,-0.7513,-0.7513,-0.7849,0,0,0,-0.9633,-0.9681,1.1618,1.1618,1.1130,0,0,0,2.3683,2.1321,2.5586,2.5586,2.4247,0,0,0,0.5566,0.3400,0.4081,0.4081,0.1187,0,0,0
9.316900,1788532550.860771,3.1262,3.1013,3.1013,3.1013,3.0535,0,0,0,-3.7412,-2.5948,5.7085,5.7085,4.0006,0,0,0,-0.5065,-0.5012,-0.7517,-0.7517,-0.7828,0,0,0,-0.9633,-0.9679,1.1615,1.1615,1.1175,0,0,0,2.3683,2.1429,2.5715,2.5715,2.4310,0,0,0,0.5566,0.3499,0.4199,0.4199,0.1422,0,0,0
9.325454,1788532550.869847,3.1262,3.1026,3.1026,3.1026,3.0562,0,0,0,-3.7412,-2.6574,5.8462,5.8462,4.0756,0,0,0,-0.5065,-0.5014,-0.7522,-0.7522,-0.7812,0,0,0,-0.9633,-0.9677,1.1612,1.1612,1.1208,0,0,0,2.3683,2.1551,2.5861,2.5861,2.4361,0,0,0,0.5566,0.3611,0.4334,0.4334,0.1593,0,0,0
9.333309,1788532550.876868,3.2349,3.1082,3.1082,3.1082,3.0606,0,0,0,-4.0551,-2.7171,5.9777,5.9777,4.2040,0,0,0,-0.5290,-0.5026,-0.7539,-0.7539,-0.7784,0,0,0,-0.8544,-0.9629,1.1555,1.1555,1.1260,0,0,0,2.2685,2.1599,2.5918,2.5918,2.4451,0,0,0,0.6150,0.3719,0.4463,0.4463,0.1867,0,0,0
9.340846,1788532550.884729,3.2349,3.1142,3.1142,3.1142,3.0641,0,0,0,-4.0551,-2.7809,6.1180,6.1180,4.3096,0,0,0,-0.5290,-0.5038,-0.7558,-0.7558,-0.7762,0,0,0,-0.8544,-0.9578,1.1493,1.1493,1.1298,0,0,0,2.2685,2.1650,2.5980,2.5980,2.4528,0,0,0,0.6150,0.3834,0.4601,0.4601,0.2077,0,0,0
9.349105,1788532550.891898,3.2349,3.1194,3.1194,3.1194,3.0675,0,0,0,-4.0551,-2.8365,6.2404,6.2404,4.4178,0,0,0,-0.5290,-0.5049,-0.7574,-0.7574,-0.7740,0,0,0,-0.8544,-0.9533,1.1440,1.1440,1.1333,0,0,0,2.2685,2.1695,2.6033,2.6033,2.4611,0,0,0,0.6150,0.3934,0.4721,0.4721,0.2280,0,0,0
9.357518,1788532550.901162,3.1652,3.1219,3.1219,3.1219,3.0699,0,0,0,-4.2408,-2.9148,6.4126,6.4126,4.5005,0,0,0,-0.5251,-0.5060,-0.7591,-0.7591,-0.7725,0,0,0,-0.8929,-0.9500,1.1400,1.1400,1.1358,0,0,0,2.3237,2.1780,2.6135,2.6135,2.4676,0,0,0,0.6285,0.4064,0.4877,0.4877,0.2426,0,0,0
9.365633,1788532550.908932,3.1652,3.1239,3.1239,3.1239,3.0732,0,0,0,-4.2408,-2.9774,6.5502,6.5502,4.6128,0,0,0,-0.5251,-0.5069,-0.7604,-0.7604,-0.7705,0,0,0,-0.8929,-0.9473,1.1368,1.1368,1.1386,0,0,0,2.3237,2.1847,2.6217,2.6217,2.4765,0,0,0,0.6285,0.4168,0.5002,0.5002,0.2616,0,0,0
9.373364,1788532550.916795,3.1652,3.1259,3.1259,3.1259,3.0765,0,0,0,-4.2408,-3.0377,6.6828,6.6828,4.7273,0,0,0,-0.5251,-0.5078,-0.7617,-0.7617,-0.7688,0,0,0,-0.8929,-0.9448,1.1337,1.1337,1.1411,0,0,0,2.3237,2.1913,2.6296,2.6296,2.4856,0,0,0,0.6285,0.4268,0.5122,0.5122,0.2800,0,0,0
9.381371,1788532550.924795,3.1652,3.1277,3.1277,3.1277,3.0798,0,0,0,-4.2408,-3.0960,6.8113,6.8113,4.8439,0,0,0,-0.5251,-0.5086,-0.7629,-0.7629,-0.7672,0,0,0,-0.8929,-0.9423,1.1307,1.1307,1.1430,0,0,0,2.3237,2.1976,2.6372,2.6372,2.4948,0,0,0,0.6285,0.4365,0.5238,0.5238,0.2977,0,0,0
9.389714,1788532550.933757,3.1652,3.1297,3.1297,3.1297,3.0832,0,0,0,-4.2408,-3.1579,6.9474,6.9474,4.9629,0,0,0,-0.5251,-0.5095,-0.7642,-0.7642,-0.7658,0,0,0,-0.8929,-0.9397,1.1276,1.1276,1.1444,0,0,0,2.3237,2.2044,2.6453,2.6453,2.5041,0,0,0,0.6285,0.4468,0.5361,0.5361,0.3150,0,0,0
9.397323,1788532550.941154,3.1652,3.1313,3.1313,3.1313,3.0865,0,0,0,-4.2408,-3.2067,7.0547,7.0547,5.0841,0,0,0,-0.5251,-0.5102,-0.7653,-0.7653,-0.7647,0,0,0,-0.8929,-0.9376,1.1251,1.1251,1.1454,0,0,0,2.3237,2.2097,2.6516,2.6516,2.5135,0,0,0,0.6285,0.4549,0.5459,0.5459,0.3317,0,0,0
9.404981,1788532550.948771,3.1770,3.1334,3.1334,3.1334,3.0898,0,0,0,-4.9174,-3.2860,7.2291,7.2291,5.2073,0,0,0,-0.7362,-0.5205,-0.7808,-0.7808,-0.7637,0,0,0,-0.7058,-0.9270,1.1124,1.1124,1.1460,0,0,0,2.4006,2.2184,2.6621,2.6621,2.5228,0,0,0,0.8313,0.4721,0.5666,0.5666,0.3480,0,0,0
9.413054,1788532550.957535,3.1770,3.1357,3.1357,3.1357,3.0930,0,0,0,-4.9174,-3.3724,7.4193,7.4193,5.3321,0,0,0,-0.7362,-0.5318,-0.7977,-0.7977,-0.7630,0,0,0,-0.7058,-0.9154,1.0985,1.0985,1.1461,0,0,0,2.4006,2.2279,2.6735,2.6735,2.5322,0,0,0,0.8313,0.4910,0.5892,0.5892,0.3638,0,0,0
9.421677,1788532550.965056,3.1934,3.1383,3.1383,3.1383,3.0962,0,0,0,-5.1634,-3.4545,7.5998,7.5998,5.4582,0,0,0,-0.7981,-0.5438,-0.8157,-0.8157,-0.7624,0,0,0,-0.7058,-0.9060,1.0872,1.0872,1.1459,0,0,0,2.3914,2.2353,2.6824,2.6824,2.5415,0,0,0,0.8719,0.5082,0.6099,0.6099,0.3793,0,0,0
9.429544,1788532550.972209,3.1934,3.1407,3.1407,3.1407,3.0993,0,0,0,-5.1634,-3.5292,7.7642,7.7642,5.5854,0,0,0,-0.7981,-0.5547,-0.8321,-0.8321,-0.7621,0,0,0,-0.7058,-0.8974,1.0768,1.0768,1.1453,0,0,0,2.3914,2.2421,2.6905,2.6905,2.5507,0,0,0,0.8719,0.5239,0.6287,0.6287,0.3943,0,0,0
9.436950,1788532550.980836,3.2849,3.1481,3.1481,3.1481,3.1016,0,0,0,-5.2690,-3.6201,7.9642,7.9642,5.6818,1,0,0,-0.8688,-0.5709,-0.8564,-0.8564,-0.7622,0,0,0,-0.7421,-0.8894,1.0673,1.0673,1.1446,0,0,0,2.2699,2.2435,2.6922,2.6922,2.5576,0,0,0,0.9749,0.5472,0.6567,0.6567,0.4055,0,0,0
9.444973,1788532550.989479,3.2849,3.1551,3.1551,3.1551,3.1046,0,0,0,-5.4335,-3.7151,8.1732,8.1642,5.8123,1,0,0,-0.8861,-0.5872,-0.8807,-0.8807,-0.7628,0,0,0,-0.7409,-0.8817,1.0581,1.0581,1.1430,0,0,0,2.2699,2.2449,2.6938,2.6938,2.5668,0,0,0,0.9204,0.5665,0.6798,0.6798,0.4203,0,0,0
9.453820,1788532550.996708,3.2849,3.1608,3.1608,3.1608,3.1075,0,0,0,-5.4335,-3.7910,8.3403,8.3403,5.9459,0,0,0,-0.8861,-0.6002,-0.9002,-0.9002,-0.7643,0,0,0,-0.7409,-0.8756,1.0507,1.0507,1.1408,0,0,0,2.2699,2.2459,2.6951,2.6951,2.5760,0,0,0,0.9204,0.5820,0.6984,0.6984,0.4353,0,0,0
9.461381,1788532551.005778,3.2392,3.1650,3.1650,3.1650,3.1105,0,0,0,-5.6223,-3.8915,8.5613,8.5403,6.0850,1,0,0,-0.9129,-0.6170,-0.9256,-0.9256,-0.7669,0,0,0,-0.7488,-0.8688,1.0425,1.0425,1.1378,0,0,0,2.2225,2.2447,2.6936,2.6936,2.5852,0,0,0,0.9438,0.6016,0.7219,0.7219,0.4507,0,0,0
9.469149,1788532551.013410,3.2392,3.1684,3.1684,3.1684,3.1136,0,0,0,-5.6223,-3.9722,8.7387,8.7387,6.2298,0,0,0,-0.9129,-0.6306,-0.9459,-0.9459,-0.7710,0,0,0,-0.7488,-0.8633,1.0359,1.0359,1.1341,0,0,0,2.2225,2.2437,2.6924,2.6924,2.5943,0,0,0,0.9438,0.6173,0.7408,0.7408,0.4668,0,0,0
9.477679,1788532551.020558,3.2392,3.1715,3.1715,3.1715,3.1169,0,0,0,-5.6223,-4.0444,8.8977,8.8977,6.3798,0,0,0,-0.9129,-0.6428,-0.9641,-0.9641,-0.7765,0,0,0,-0.7488,-0.8583,1.0300,1.0300,1.1298,0,0,0,2.2225,2.2428,2.6913,2.6913,2.6032,0,0,0,0.9438,0.6314,0.7577,0.7577,0.4834,0,0,0
9.485813,1788532551.029128,3.1878,3.1723,3.1723,3.1723,3.1202,0,0,0,-5.9581,-4.1440,9.1168,9.0977,6.5347,1,0,0,-0.9788,-0.6600,-0.9899,-0.9899,-0.7833,0,0,0,-0.7793,-0.8543,1.0252,1.0252,1.1249,0,0,0,2.2752,2.2444,2.6933,2.6933,2.6117,0,0,0,1.0507,0.6529,0.7835,0.7835,0.5005,0,0,0
9.493446,1788532551.037758,3.1878,3.1731,3.1731,3.1731,3.1237,0,0,0,-5.9581,-4.2391,9.3260,9.2977,6.6940,1,0,0,-0.9788,-0.6764,-1.0146,-1.0146,-0.7915,0,0,0,-0.7793,-0.8504,1.0205,1.0205,1.1195,0,0,0,2.2752,2.2460,2.6952,2.6952,2.6197,0,0,0,1.0507,0.6735,0.8082,0.8082,0.5181,0,0,0
9.501750,1788532551.045875,3.1482,3.1719,3.1719,3.1719,3.1273,0,0,0,-6.2061,-4.3364,9.5401,9.4977,6.8570,1,0,0,-0.9101,-0.6877,-1.0316,-1.0316,-0.8009,0,0,0,-0.6586,-0.8411,1.0093,1.0093,1.1137,0,0,0,2.2706,2.2472,2.6966,2.6966,2.6273,0,0,0,0.9510,0.6870,0.8244,0.8244,0.5360,0,0,0
9.509329,1788532551.053724,3.1482,3.1708,3.1708,3.1708,3.1308,0,0,0,-6.2061,-4.4260,9.7373,9.6977,7.0234,1,0,0,-0.9101,-0.6982,-1.0473,-1.0473,-0.8115,0,0,0,-0.6586,-0.8325,0.9990,0.9990,1.1077,0,0,0,2.2706,2.2483,2.6980,2.6980,2.6343,0,0,0,0.9510,0.6995,0.8394,0.8394,0.5543,0,0,0
9.517139,1788532551.061433,3.1482,3.1697,3.1697,3.1697,3.1343,0,0,0,-6.2061,-4.5100,9.9219,9.8977,7.1931,1,0,0,-0.9101,-0.7080,-1.0620,-1.0620,-0.8234,0,0,0,-0.6586,-0.8245,0.9894,0.9894,1.1014,0,0,0,2.2706,2.2493,2.6992,2.6992,2.6409,0,0,0,0.9510,0.7111,0.8534,0.8534,0.5730,0,0,0
9.525346,1788532551.068748,3.1482,3.1688,3.1688,3.1688,3.1369,0,0,0,-6.2061,-4.5860,10.0893,10.0893,7.3224,0,0,0,-0.9101,-0.7169,-1.0754,-1.0754,-0.8329,0,0,0,-0.6586,-0.8172,0.9806,0.9806,1.0965,0,0,0,2.2706,2.2503,2.7003,2.7003,2.6455,0,0,0,0.9510,0.7217,0.8661,0.8661,0.5872,0,0,0
9.533344,1788532551.076755,3.1482,3.1678,3.1678,3.1678,3.1402,0,0,0,-6.2061,-4.6652,10.2635,10.2635,7.4973,0,0,0,-0.9101,-0.7262,-1.0893,-1.0893,-0.8465,0,0,0,-0.6586,-0.8096,0.9715,0.9715,1.0899,0,0,0,2.2706,2.2512,2.7015,2.7015,2.6513,0,0,0,0.9510,0.7328,0.8793,0.8793,0.6064,0,0,0
9.541841,1788532551.085757,3.1442,3.1665,3.1665,3.1665,3.1433,0,0,0,-7.0303,-4.7945,10.5479,10.4635,7.6749,1,0,0,-1.0139,-0.7416,-1.1125,-1.1125,-0.8607,0,0,0,-0.7199,-0.8048,0.9657,0.9657,1.0829,0,0,0,2.3366,2.2558,2.7070,2.7070,2.6566,0,0,0,1.0627,0.7505,0.9006,0.9006,0.6256,0,0,0
9.549896,1788532551.093795,3.1442,3.1655,3.1655,3.1655,3.1461,0,0,0,-7.0303,-4.9043,10.7896,10.6635,7.8549,1,0,0,-1.0139,-0.7548,-1.1321,-1.1321,-0.8756,0,0,0,-0.7199,-0.8007,0.9608,0.9608,1.0758,0,0,0,2.3366,2.2597,2.7116,2.7116,2.6615,0,0,0,1.0627,0.7656,0.9187,0.9187,0.6447,0,0,0
9.556901,1788532551.101317,3.1227,3.1635,3.1635,3.1635,3.1487,0,0,0,-7.2374,-5.0120,11.0264,10.8635,8.0368,1,0,0,-1.1377,-0.7721,-1.1581,-1.1581,-0.8908,0,0,0,-0.7234,-0.7972,0.9566,0.9566,1.0684,0,0,0,2.4207,2.2670,2.7204,2.7204,2.6661,0,0,0,1.0572,0.7788,0.9346,0.9346,0.6637,0,0,0
9.565351,1788532551.109761,3.1227,3.1615,3.1615,3.1615,3.1511,0,0,0,-7.2374,-5.1267,11.2787,11.0635,8.2204,1,0,0,-1.1377,-0.7906,-1.1858,-1.1858,-0.9065,0,0,0,-0.7234,-0.7935,0.9522,0.9522,1.0609,0,0,0,2.4207,2.2747,2.7297,2.7297,2.6703,0,0,0,1.0572,0.7929,0.9515,0.9515,0.6826,0,0,0
9.573359,1788532551.117773,3.4225,3.1740,3.1740,3.1740,3.1532,0,0,0,-8.2966,-5.2822,11.6209,11.2635,8.4055,1,0,0,-1.2441,-0.8123,-1.2185,-1.2185,-0.9226,0,0,0,-0.7842,-0.7930,0.9516,0.9516,1.0533,0,0,0,2.6781,2.2941,2.7529,2.7529,2.6743,0,0,0,0.5284,0.7802,0.9362,0.9362,0.7013,0,0,0
9.581486,1788532551.125777,3.4225,3.1859,3.1859,3.1859,3.1546,0,0,0,-8.2966,-5.4302,11.9464,11.4635,8.5453,1,0,0,-1.2441,-0.8331,-1.2496,-1.2496,-0.9350,0,0,0,-0.7842,-0.7926,0.9511,0.9511,1.0476,0,0,0,2.6781,2.3125,2.7750,2.7750,2.6773,0,0,0,0.5284,0.7681,0.9217,0.9217,0.7154,0,0,0
9.589744,1788532551.132901,3.4225,3.1960,3.1960,3.1960,3.1562,0,0,0,-8.2966,-5.5562,12.2236,11.6635,8.7330,1,0,0,-1.2441,-0.8508,-1.2761,-1.2761,-0.9520,0,0,0,-0.7842,-0.7922,0.9507,0.9507,1.0400,0,0,0,2.6781,2.3282,2.7938,2.7938,2.6812,0,0,0,0.5284,0.7578,0.9093,0.9093,0.7339,0,0,0
9.597757,1788532551.141158,3.4225,3.2072,3.2072,3.2072,3.1577,0,0,0,-8.2966,-5.6949,12.5288,11.8635,8.9220,1,0,0,-1.2441,-0.8702,-1.3053,-1.3053,-0.9696,0,0,0,-0.7842,-0.7918,0.9502,0.9502,1.0325,0,0,0,2.6781,2.3455,2.8146,2.8146,2.6852,0,0,0,0.5284,0.7464,0.8957,0.8957,0.7521,0,0,0
9.605435,1788532551.149680,3.4225,3.2182,3.2182,3.2182,3.1592,0,0,0,-8.2966,-5.8307,12.8275,12.0635,9.1123,1,0,0,-1.2441,-0.8893,-1.3339,-1.3339,-0.9880,0,0,0,-0.7842,-0.7915,0.9497,0.9497,1.0253,0,0,0,2.6781,2.3624,2.8349,2.8349,2.6898,0,0,0,0.5284,0.7353,0.8824,0.8824,0.7694,0,0,0
9.613440,1788532551.156853,3.4225,3.2270,3.2270,3.2270,3.1610,0,0,0,-8.2966,-5.9400,13.0679,12.2635,9.3036,1,0,0,-1.2441,-0.9046,-1.3570,-1.3570,-1.0072,0,0,0,-0.7842,-0.7911,0.9494,0.9494,1.0184,0,0,0,2.6781,2.3761,2.8513,2.8513,2.6950,0,0,0,0.5284,0.7264,0.8716,0.8716,0.7855,0,0,0
9.621463,1788532551.168372,3.3056,3.2323,3.2323,3.2323,3.1630,0,0,0,-8.9438,-6.1482,13.5260,12.4635,9.4960,1,0,0,-1.1633,-0.9222,-1.3832,-1.3832,-1.0271,0,0,0,-0.7706,-0.7898,0.9477,0.9477,1.0117,0,0,0,2.7437,2.4009,2.8811,2.8811,2.7010,0,0,0,0.6813,0.7233,0.8680,0.8680,0.8001,0,0,0
9.629980,1788532551.175884,3.3056,3.2356,3.2356,3.2356,3.1655,0,0,0,-8.9438,-6.2778,13.8111,12.6635,9.6894,1,0,0,-1.1633,-0.9331,-1.3996,-1.3996,-1.0477,0,0,0,-0.7706,-0.7889,0.9467,0.9467,1.0055,0,0,0,2.7437,2.4164,2.8997,2.8997,2.7078,0,0,0,0.6813,0.7214,0.8657,0.8657,0.8130,0,0,0
9.638056,1788532551.175884,3.3056,3.2390,3.2390,3.2390,3.1684,0,0,0,-8.9438,-6.4090,14.0999,12.8635,9.8835,1,0,0,-1.1633,-0.9441,-1.4162,-1.4162,-1.0690,0,0,0,-0.7706,-0.7880,0.9456,0.9456,0.9996,0,0,0,2.7437,2.4321,2.9186,2.9186,2.7155,0,0,0,0.6813,0.7195,0.8634,0.8634,0.8243,0,0,0
9.646082,1788532551.192991,3.4451,3.2590,3.2590,3.2590,3.1718,0,0,0,-9.4530,-6.7123,14.7671,13.0635,10.0785,1,0,0,-1.3006,-0.9788,-1.4682,-1.4682,-1.0909,0,0,0,-0.7467,-0.7840,0.9408,0.9408,0.9942,0,0,0,2.8161,2.4695,2.9634,2.9634,2.7241,0,0,0,0.9008,0.7371,0.8845,0.8845,0.8339,0,0,0
9.654122,1788532551.200534,3.4451,3.2674,3.2674,3.2674,3.1746,0,0,0,-9.4530,-6.8399,15.0478,13.2635,10.2252,1,0,0,-1.3006,-0.9934,-1.4901,-1.4901,-1.1077,0,0,0,-0.7467,-0.7823,0.9388,0.9388,0.9903,0,0,0,2.8161,2.4852,2.9823,2.9823,2.7312,0,0,0,0.9008,0.7445,0.8934,0.8934,0.8401,0,0,0
9.662123,1788532551.208534,3.6464,3.2856,3.2856,3.2856,3.1785,0,0,0,-9.8376,-6.9876,15.3727,13.4635,10.4213,1,0,0,-1.3006,-1.0082,-1.5123,-1.5123,-1.1302,0,0,0,-0.7886,-0.7826,0.9391,0.9391,0.9855,0,0,0,2.8361,2.5021,3.0025,3.0025,2.7416,0,0,0,0.9008,0.7520,0.9024,0.9024,0.8471,0,0,0
9.670412,1788532551.216828,3.6464,3.3035,3.3035,3.3035,3.1827,0,0,0,-9.8376,-7.1330,15.6925,13.6635,10.6180,1,0,0,-1.3006,-1.0227,-1.5341,-1.5341,-1.1531,0,0,0,-0.7886,-0.7829,0.9395,0.9395,0.9810,0,0,0,2.8361,2.5186,3.0224,3.0224,2.7530,0,0,0,0.9008,0.7594,0.9113,0.9113,0.8530,0,0,0
9.677924,1788532551.225333,3.6460,3.3209,3.3209,3.3209,3.1873,0,0,0,-10.2224,-7.2945,16.0478,13.8635,10.8151,1,0,0,-1.2855,-1.0361,-1.5541,-1.5541,-1.1765,0,0,0,-0.7121,-0.7793,0.9352,0.9352,0.9768,0,0,0,2.8937,2.5377,3.0453,3.0453,2.7656,0,0,0,0.5243,0.7475,0.8970,0.8970,0.8582,0,0,0
9.685924,1788532551.233353,3.6460,3.3365,3.3365,3.3365,3.1924,0,0,0,-10.2224,-7.4393,16.3665,14.0635,11.0127,1,0,0,-1.2855,-1.0481,-1.5721,-1.5721,-1.2004,0,0,0,-0.7121,-0.7761,0.9313,0.9313,0.9728,0,0,0,2.8937,2.5549,3.0658,3.0658,2.7793,0,0,0,0.5243,0.7367,0.8841,0.8841,0.8628,0,0,0
9.694447,1788532551.239863,3.6460,3.3487,3.3487,3.3487,3.1981,0,0,0,-10.2224,-7.5522,16.6148,14.2635,11.2107,1,0,0,-1.2855,-1.0575,-1.5862,-1.5862,-1.2246,0,0,0,-0.7121,-0.7736,0.9283,0.9283,0.9692,0,0,0,2.8937,2.5682,3.0819,3.0819,2.7940,0,0,0,0.5243,0.7284,0.8741,0.8741,0.8672,0,0,0
9.701480,1788532551.248893,3.6460,3.3647,3.3647,3.3647,3.2045,0,0,0,-10.2224,-7.7001,16.9402,14.4635,11.4090,1,0,0,-1.2855,-1.0697,-1.6046,-1.6046,-1.2489,0,0,0,-0.7121,-0.7703,0.9243,0.9243,0.9658,0,0,0,2.8937,2.5858,3.1029,3.1029,2.8096,0,0,0,0.5243,0.7174,0.8609,0.8609,0.8713,0,0,0
9.710006,1788532551.256423,3.6460,3.3774,3.3774,3.3774,3.2115,0,0,0,-10.2224,-7.8177,17.1990,14.6635,11.6076,1,0,0,-1.2855,-1.0795,-1.6193,-1.6193,-1.2734,0,0,0,-0.7121,-0.7676,0.9212,0.9212,0.9625,0,0,0,2.8937,2.5997,3.1197,3.1197,2.8259,0,0,0,0.5243,0.7087,0.8504,0.8504,0.8750,0,0,0
9.718529,1788532551.264937,3.2361,3.3703,3.3703,3.3703,3.2193,0,0,0,-10.5963,-7.9634,17.5195,14.8635,11.8065,1,0,0,-1.0135,-1.0762,-1.6142,-1.6142,-1.2978,0,0,0,-0.6519,-0.7618,0.9141,0.9141,0.9595,0,0,0,3.2380,2.6322,3.1587,3.1587,2.8430,0,0,0,-0.0100,0.6722,0.8066,0.8066,0.8779,0,0,0
9.726537,1788532551.272952,3.2246,3.3633,3.3633,3.3633,3.2255,0,0,0,-10.7366,-8.1007,17.8216,15.0635,11.9558,1,0,0,-1.0135,-1.0732,-1.6097,-1.6097,-1.3159,0,0,0,-0.6519,-0.7565,0.9078,0.9078,0.9573,0,0,0,3.2380,2.6614,3.1937,3.1937,2.8561,0,0,0,-0.0100,0.6395,0.7674,0.7674,0.8796,0,0,0
9.734539,1788532551.280952,3.2246,3.3566,3.3566,3.3566,3.2344,0,0,0,-10.7366,-8.2311,18.1084,15.2635,12.1550,1,0,0,-1.0135,-1.0703,-1.6054,-1.6054,-1.3398,0,0,0,-0.6519,-0.7515,0.9018,0.9018,0.9544,0,0,0,3.2380,2.6891,3.2269,3.2269,2.8740,0,0,0,-0.0100,0.6084,0.7300,0.7300,0.8812,0,0,0
9.742537,1788532551.288950,2.8579,3.3327,3.3327,3.3327,3.2437,0,0,0,-10.8008,-8.3581,18.3879,15.4635,12.3544,1,0,0,-1.3047,-1.0815,-1.6223,-1.6223,-1.3634,0,0,0,-0.7060,-0.7493,0.8992,0.8992,0.9515,0,0,0,3.1702,2.7122,3.2547,3.2547,2.8924,0,0,0,0.3166,0.5944,0.7133,0.7133,0.8817,0,0,0
9.750055,1788532551.296469,2.7387,3.3059,3.3059,3.3059,3.2532,0,0,0,-10.8146,-8.4727,18.6399,15.6635,12.5544,1,0,0,-1.3360,-1.0931,-1.6396,-1.6396,-1.3861,0,0,0,-0.6294,-0.7439,0.8927,0.8927,0.9486,0,0,0,3.1966,2.7342,3.2810,3.2810,2.9114,0,0,0,0.3166,0.5819,0.6982,0.6982,0.8808,0,0,0
9.758203,1788532551.305053,2.7387,3.2769,3.2769,3.2769,3.2624,0,0,0,-10.8146,-8.5965,18.9124,15.8635,12.7573,1,0,0,-1.3360,-1.1055,-1.6583,-1.6583,-1.4078,0,0,0,-0.6294,-0.7380,0.8856,0.8856,0.9456,0,0,0,3.1966,2.7579,3.3095,3.3095,2.9317,0,0,0,0.3166,0.5683,0.6819,0.6819,0.8777,0,0,0
9.766269,1788532551.312482,2.7387,3.2529,3.2529,3.2529,3.2708,0,0,0,-10.8146,-8.6988,19.1373,16.0635,12.9631,1,0,0,-1.3360,-1.1158,-1.6737,-1.6737,-1.4285,0,0,0,-0.6294,-0.7332,0.8798,0.8798,0.9424,0,0,0,3.1966,2.7776,3.3331,3.3331,2.9531,0,0,0,0.3166,0.5570,0.6684,0.6684,0.8723,0,0,0
9.774166,1788532551.320974,2.5386,3.2167,3.2167,3.2167,3.2780,0,0,0,-11.2016,-8.8298,19.4256,16.2635,13.1709,1,0,0,-1.5677,-1.1388,-1.7082,-1.7082,-1.4483,0,0,0,-0.7115,-0.7321,0.8785,0.8785,0.9390,0,0,0,3.2818,2.8032,3.3639,3.3639,2.9756,0,0,0,0.3287,0.5454,0.6545,0.6545,0.8651,0,0,0
9.782617,1788532551.329033,2.5386,3.1840,3.1840,3.1840,3.2837,0,0,0,-11.2016,-8.9480,19.6855,16.4635,13.3802,1,0,0,-1.5677,-1.1595,-1.7393,-1.7393,-1.4675,0,0,0,-0.7115,-0.7311,0.8773,0.8773,0.9354,0,0,0,3.2818,2.8264,3.3917,3.3917,2.9990,0,0,0,0.3287,0.5350,0.6420,0.6420,0.8563,0,0,0
9.790129,1788532551.337550,2.3803,3.1431,3.1431,3.1431,3.2875,0,0,0,-11.4746,-9.0806,19.9773,16.6635,13.5906,1,0,0,-1.7043,-1.1873,-1.7809,-1.7809,-1.4861,0,0,0,-0.8045,-0.7348,0.8818,0.8818,0.9317,0,0,0,3.2818,2.8497,3.4196,3.4196,3.0231,0,0,0,0.3077,0.5234,0.6281,0.6281,0.8461,0,0,0
9.797758,1788532551.345172,2.3803,3.1081,3.1081,3.1081,3.2893,0,0,0,-11.4746,-9.1937,20.2262,16.8635,13.8015,1,0,0,-1.7043,-1.2110,-1.8165,-1.8165,-1.5045,0,0,0,-0.8045,-0.7380,0.8856,0.8856,0.9278,0,0,0,3.2818,2.8695,3.4434,3.4434,3.0479,0,0,0,0.3077,0.5135,0.6163,0.6163,0.8348,0,0,0
9.806570,1788532551.353424,2.3171,3.0691,3.0691,3.0691,3.2888,0,0,0,-11.6568,-9.3192,20.5023,17.0635,14.0127,1,0,0,-1.7043,-1.2354,-1.8531,-1.8531,-1.5230,0,0,0,-0.6959,-0.7359,0.8831,0.8831,0.9240,0,0,0,3.2278,2.8873,3.4647,3.4647,3.0732,0,0,0,0.3107,0.5035,0.6042,0.6042,0.8227,0,0,0
9.814575,1788532551.360988,2.3171,3.0348,3.0348,3.0348,3.2860,0,0,0,-11.6568,-9.4289,20.7436,17.2635,14.2240,1,0,0,-1.7043,-1.2568,-1.8852,-1.8852,-1.5419,0,0,0,-0.6959,-0.7341,0.8809,0.8809,0.9202,0,0,0,3.2278,2.9028,3.4833,3.4833,3.0990,0,0,0,0.3107,0.4948,0.5937,0.5937,0.8097,0,0,0
9.822097,1788532551.369508,2.1468,2.9896,2.9896,2.9896,3.2822,0,0,0,-11.6898,-9.5476,21.0048,17.4635,14.3823,1,0,0,-1.8389,-1.2865,-1.9297,-1.9297,-1.5565,0,0,0,-0.6294,-0.7288,0.8745,0.8745,0.9175,0,0,0,3.2278,2.9194,3.5033,3.5033,3.1186,0,0,0,0.3676,0.4883,0.5860,0.5860,0.7997,0,0,0
9.830119,1788532551.376538,2.1468,2.9538,2.9538,2.9538,3.2750,0,0,0,-11.6898,-9.6414,21.2110,17.6635,14.5931,1,0,0,-1.8389,-1.3100,-1.9649,-1.9649,-1.5766,0,0,0,-0.6294,-0.7246,0.8695,0.8695,0.9141,0,0,0,3.2278,2.9325,3.5190,3.5190,3.1450,0,0,0,0.3676,0.4832,0.5798,0.5798,0.7859,0,0,0
9.838296,1788532551.384610,2.0422,2.9096,2.9096,2.9096,3.2653,0,0,0,-11.9384,-9.7560,21.4631,17.8635,14.8036,1,0,0,-1.6968,-1.3287,-1.9931,-1.9931,-1.5976,0,0,0,-0.2036,-0.6994,0.8393,0.8393,0.9108,0,0,0,3.2491,2.9479,3.5374,3.5374,3.1714,0,0,0,0.1767,0.4684,0.5620,0.5620,0.7719,0,0,0
9.846304,1788532551.392728,2.0422,2.8673,2.8673,2.8673,3.2531,0,0,0,-11.9384,-9.8655,21.7040,18.0635,15.0134,1,0,0,-1.6968,-1.3467,-2.0200,-2.0200,-1.6196,0,0,0,-0.2036,-0.6753,0.8104,0.8104,0.9077,0,0,0,3.2491,2.9625,3.5551,3.5551,3.1977,0,0,0,0.1767,0.4542,0.5450,0.5450,0.7577,0,0,0
9.854097,1788532551.401507,2.1297,2.8286,2.8286,2.8286,3.2385,0,0,0,-12.2292,-9.9931,21.9849,18.2635,15.2228,1,0,0,-1.4889,-1.3541,-2.0312,-2.0312,-1.6426,0,0,0,-0.1613,-0.6484,0.7781,0.7781,0.9046,0,0,0,3.3641,2.9836,3.5804,3.5804,3.2238,0,0,0,0.1070,0.4360,0.5232,0.5232,0.7435,0,0,0
9.862610,1788532551.409026,2.2315,2.8015,2.8015,2.8015,3.2216,0,0,0,-12.2292,-10.0974,22.2143,18.4635,15.4315,1,0,0,-1.3410,-1.3535,-2.0303,-2.0303,-1.6666,0,0,0,-0.0162,-0.6198,0.7438,0.7438,0.9012,0,0,0,3.3761,3.0014,3.6017,3.6017,3.2496,0,0,0,0.0703,0.4195,0.5033,0.5033,0.7293,0,0,0
9.870122,1788532551.416536,2.2346,2.7758,2.7758,2.7758,3.2024,0,0,0,-12.2705,-10.1986,22.4370,18.6635,15.6396,1,0,0,-1.2946,-1.3509,-2.0263,-2.0263,-1.6914,0,0,0,0.0174,-0.5910,0.7092,0.7092,0.8970,0,0,0,3.4417,3.0214,3.6256,3.6256,3.2750,0,0,0,-0.0052,0.4003,0.4803,0.4803,0.7151,0,0,0
9.878673,1788532551.424539,2.2346,2.7498,2.7498,2.7498,3.1811,0,0,0,-12.2705,-10.3011,22.6625,18.8635,15.8470,1,0,0,-1.2946,-1.3482,-2.0222,-2.0222,-1.7166,0,0,0,0.0174,-0.5618,0.6742,0.6742,0.8919,0,0,0,3.4417,3.0416,3.6499,3.6499,3.3001,0,0,0,-0.0052,0.3808,0.4570,0.4570,0.7007,0,0,0
9.886663,1788532551.432078,2.2346,2.7263,2.7263,2.7263,3.1579,0,0,0,-12.2705,-10.3932,22.8650,19.0635,16.0539,1,0,0,-1.2946,-1.3457,-2.0186,-2.0186,-1.7418,0,0,0,0.0174,-0.5355,0.6427,0.6427,0.8854,0,0,0,3.4417,3.0598,3.6717,3.6717,3.3248,0,0,0,-0.0052,0.3633,0.4360,0.4360,0.6862,0,0,0
9.894696,1788532551.441095,2.2621,2.7013,2.7013,2.7013,3.1333,0,0,0,-12.5370,-10.5119,23.1262,19.2635,16.2601,1,0,0,-1.1733,-1.3365,-2.0047,-2.0047,-1.7665,0,0,0,-0.1844,-0.5167,0.6200,0.6200,0.8775,0,0,0,3.4847,3.0827,3.6992,3.6992,3.3493,0,0,0,0.0577,0.3469,0.4162,0.4162,0.6713,0,0,0
9.902444,1788532551.448353,2.2621,2.6820,2.6820,2.6820,3.1074,0,0,0,-12.5370,-10.6031,23.3269,19.4635,16.4657,1,0,0,-1.1733,-1.3293,-1.9940,-1.9940,-1.7902,0,0,0,-0.1844,-0.5021,0.6025,0.6025,0.8679,0,0,0,3.4847,3.1003,3.7204,3.7204,3.3735,0,0,0,0.0577,0.3342,0.4011,0.4011,0.6561,0,0,0
9.910450,1788532551.457863,2.2621,2.6582,2.6582,2.6582,3.0807,0,0,0,-12.5370,-10.7157,23.5745,19.6635,16.6708,1,0,0,-1.1733,-1.3205,-1.9807,-1.9807,-1.8128,0,0,0,-0.1844,-0.4842,0.5810,0.5810,0.8566,0,0,0,3.4847,3.1221,3.7465,3.7465,3.3976,0,0,0,0.0577,0.3186,0.3823,0.3823,0.6404,0,0,0
9.918958,1788532551.464864,2.2621,2.6414,2.6414,2.6414,3.0533,0,0,0,-12.5370,-10.7949,23.7488,19.8635,16.8754,1,0,0,-1.1733,-1.3143,-1.9714,-1.9714,-1.8338,0,0,0,-0.1844,-0.4715,0.5658,0.5658,0.8438,0,0,0,3.4847,3.1375,3.7650,3.7650,3.4215,0,0,0,0.0577,0.3076,0.3691,0.3691,0.6244,0,0,0
9.926963,1788532551.473382,2.2828,2.6231,2.6231,2.6231,3.0325,0,0,0,-13.0698,-10.9142,24.0112,20.0635,17.0285,1,0,0,-0.7387,-1.2850,-1.9275,-1.9275,-1.8485,0,0,0,-0.0983,-0.4525,0.5430,0.5430,0.8333,0,0,0,3.5299,3.1575,3.7890,3.7890,3.4394,0,0,0,-0.0953,0.2870,0.3444,0.3444,0.6121,0,0,0
9.934980,1788532551.481396,2.2828,2.6067,2.6067,2.6067,3.0045,0,0,0,-13.2182,-11.0282,24.2621,20.2635,17.2322,1,0,0,-0.5839,-1.2513,-1.8770,-1.8770,-1.8663,0,0,0,-0.0777,-0.4344,0.5213,0.5213,0.8182,0,0,0,3.6524,3.1814,3.8176,3.8176,3.4632,0,0,0,-0.2088,0.2632,0.3158,0.3158,0.5955,0,0,0
9.942533,1788532551.487939,2.2828,2.5939,2.5939,2.5939,2.9765,0,0,0,-13.2182,-11.1175,24.4586,20.4635,17.4355,1,0,0,-0.5839,-1.2250,-1.8374,-1.8374,-1.8822,0,0,0,-0.0777,-0.4203,0.5044,0.5044,0.8022,0,0,0,3.6524,3.2001,3.8401,3.8401,3.4868,0,0,0,-0.2088,0.2445,0.2934,0.2934,0.5788,0,0,0
9.950413,1788532551.496823,2.2828,2.5773,2.5773,2.5773,2.9485,0,0,0,-13.2182,-11.2322,24.7108,20.6635,17.6384,1,0,0,-0.5839,-1.1910,-1.7866,-1.7866,-1.8958,0,0,0,-0.0777,-0.4021,0.4825,0.4825,0.7854,0,0,0,3.6524,3.2241,3.8689,3.8689,3.5104,0,0,0,-0.2088,0.2204,0.2645,0.2645,0.5618,0,0,0
9.959008,1788532551.505920,2.1649,2.5549,2.5549,2.5549,2.9209,0,0,0,-13.8372,-11.3775,25.0306,20.8635,17.8410,1,0,0,-0.0868,-1.1313,-1.6970,-1.6970,-1.9065,0,0,0,0.2760,-0.3653,0.4384,0.4384,0.7678,0,0,0,3.9939,3.2660,3.9191,3.9191,3.5339,0,0,0,-0.8082,0.1646,0.1975,0.1975,0.5445,0,0,0
9.967181,1788532551.513091,2.1649,2.5380,2.5380,2.5380,2.8937,0,0,0,-13.8372,-11.4871,25.2716,21.0635,18.0432,1,0,0,-0.0868,-1.0862,-1.6294,-1.6294,-1.9140,0,0,0,0.2760,-0.3375,0.4051,0.4051,0.7497,0,0,0,3.9939,3.2975,3.9570,3.9570,3.5574,0,0,0,-0.8082,0.1224,0.1469,0.1469,0.5268,0,0,0
9.975197,1788532551.520606,2.1540,2.5206,2.5206,2.5206,2.8671,0,0,0,-13.9714,-11.6028,25.5262,21.2635,18.2452,1,0,0,0.1655,-1.0297,-1.5445,-1.5445,-1.9182,0,0,0,0.2760,-0.3098,0.3717,0.3717,0.7310,0,0,0,4.0681,3.3325,3.9990,3.9990,3.5809,0,0,0,-0.8927,0.0764,0.0917,0.0917,0.5086,0,0,0
9.982448,1788532551.528872,2.1540,2.5024,2.5024,2.5024,2.8411,0,0,0,-13.9714,-11.7236,25.7919,21.4635,18.4469,1,0,0,0.1655,-0.9705,-1.4558,-1.4558,-1.9183,0,0,0,0.2760,-0.2807,0.3368,0.3368,0.7117,0,0,0,4.0681,3.3690,4.0429,4.0429,3.6048,0,0,0,-0.8927,0.0283,0.0340,0.0340,0.4896,0,0,0
9.990976,1788532551.537373,2.1413,2.4840,2.4840,2.4840,2.8219,0,0,0,-14.3327,-11.8602,26.0925,21.6635,18.5980,1,0,0,0.4023,-0.9007,-1.3510,-1.3510,-1.9155,0,0,0,0.1779,-0.2573,0.3088,0.3088,0.6967,0,0,0,4.1288,3.4078,4.0894,4.0894,3.6231,0,0,0,-1.0702,-0.0277,-0.0333,-0.0333,0.4744,0,0,0
9.998971,1788532551.546393,2.1413,2.4655,2.4655,2.4655,2.7969,0,0,0,-14.3327,-11.9972,26.3939,21.8635,18.7993,1,0,0,0.4023,-0.8305,-1.2457,-1.2457,-1.9077,0,0,0,0.1779,-0.2339,0.2807,0.2807,0.6759,0,0,0,4.1288,3.4468,4.1361,4.1361,3.6480,0,0,0,-1.0702,-0.0840,-0.1008,-0.1008,0.4529,0,0,0
10.006480,1788532551.553889,2.0959,2.4488,2.4488,2.4488,2.7724,0,0,0,-14.6564,-12.1208,26.6658,22.0635,19.0004,1,0,0,0.6574,-0.7632,-1.1448,-1.1448,-1.8949,0,0,0,0.2935,-0.2100,0.2521,0.2521,0.6542,0,0,0,4.1819,3.4801,4.1761,4.1761,3.6738,0,0,0,-1.1907,-0.1341,-0.1609,-0.1609,0.4295,0,0,0
10.014499,1788532551.561893,2.0959,2.4318,2.4318,2.4318,2.7485,0,0,0,-14.6564,-12.2463,26.9419,22.2635,19.2013,1,0,0,0.6574,-0.6948,-1.0422,-1.0422,-1.8767,0,0,0,0.2935,-0.1858,0.2230,0.2230,0.6316,0,0,0,4.1819,3.5139,4.2167,4.2167,3.7006,0,0,0,-1.1907,-0.1851,-0.2221,-0.2221,0.4040,0,0,0
10.022995,1788532551.569409,2.0623,2.4150,2.4150,2.4150,2.7251,0,0,0,-15.0936,-12.3791,27.2340,22.4635,19.4021,1,0,0,0.9817,-0.6187,-0.9280,-0.9280,-1.8530,0,0,0,0.3491,-0.1616,0.1939,0.1939,0.6082,0,0,0,4.3511,3.5519,4.2623,4.2623,3.7286,0,0,0,-1.3038,-0.2359,-0.2831,-0.2831,0.3762,0,0,0
10.031087,1788532551.576993,2.0623,2.3989,2.3989,2.3989,2.7023,0,0,0,-15.0936,-12.5068,27.5150,22.6635,19.6028,1,0,0,0.9817,-0.5453,-0.8180,-0.8180,-1.8234,0,0,0,0.3491,-0.1382,0.1659,0.1659,0.5841,0,0,0,4.3511,3.5886,4.3063,4.3063,3.7576,0,0,0,-1.3038,-0.2849,-0.3419,-0.3419,0.3459,0,0,0
10.038974,1788532551.585882,1.9509,2.3751,2.3751,2.3751,2.6799,0,0,0,-15.4289,-12.6667,27.8667,22.8635,19.8033,1,0,0,1.0395,-0.4608,-0.6912,-0.6912,-1.7880,0,0,0,0.3365,-0.1130,0.1356,0.1356,0.5593,0,0,0,4.3522,3.6293,4.3551,4.3551,3.7878,0,0,0,-1.2600,-0.3369,-0.4043,-0.4043,0.3131,0,0,0
10.047482,1788532551.593389,1.9509,2.3559,2.3559,2.3559,2.6580,0,0,0,-15.7305,-12.8096,28.1810,23.0635,20.0038,1,0,0,1.1941,-0.3856,-0.5784,-0.5784,-1.7469,0,0,0,0.3365,-0.0926,0.1111,0.1111,0.5340,0,0,0,4.4765,3.6677,4.4013,4.4013,3.8191,0,0,0,-1.2784,-0.3797,-0.4556,-0.4556,0.2780,0,0,0
10.055463,1788532551.601877,1.9509,2.3353,2.3353,2.3353,2.6367,0,0,0,-15.7305,-12.9627,28.5179,23.2635,20.2041,1,0,0,1.1941,-0.3049,-0.4573,-0.4573,-1.7000,0,0,0,0.3365,-0.0708,0.0849,0.0849,0.5081,0,0,0,4.4765,3.7090,4.4508,4.4508,3.8515,0,0,0,-1.2784,-0.4256,-0.5107,-0.5107,0.2404,0,0,0
10.062975,1788532551.609390,1.7912,2.3106,2.3106,2.3106,2.6157,0,0,0,-15.6864,-13.0898,28.7976,23.4635,20.4044,1,0,0,1.5066,-0.2223,-0.3335,-0.3335,-1.6475,0,0,0,0.5251,-0.0438,0.0525,0.0525,0.4818,0,0,0,4.5844,3.7488,4.4986,4.4986,3.8849,0,0,0,-1.5593,-0.4772,-0.5726,-0.5726,0.2007,0,0,0
10.071483,1788532551.616897,1.7912,2.2871,2.2871,2.2871,2.5950,0,0,0,-15.6864,-13.2110,29.0642,23.6635,20.6047,1,0,0,1.5066,-0.1436,-0.2154,-0.2154,-1.5893,0,0,0,0.5251,-0.0180,0.0216,0.0216,0.4552,0,0,0,4.5844,3.7868,4.5441,4.5441,3.9194,0,0,0,-1.5593,-0.5264,-0.6317,-0.6317,0.1589,0,0,0
10.078995,1788532551.625904,1.6797,2.2543,2.2543,2.2543,2.5797,0,0,0,-15.8039,-13.3548,29.3806,23.8635,20.7548,1,0,0,1.6480,-0.0465,-0.0697,-0.0697,-1.5421,0,0,0,0.4099,0.0051,-0.0061,-0.0061,0.4350,0,0,0,4.7271,3.8376,4.6051,4.6051,3.9459,0,0,0,-1.5836,-0.5836,-0.7003,-0.7003,0.1263,0,0,0
10.087507,1788532551.633923,1.6797,2.2266,2.2266,2.2266,2.5595,0,0,0,-15.8039,-13.4765,29.6483,24.0635,20.9549,1,0,0,1.6480,0.0358,0.0537,0.0537,-1.4745,0,0,0,0.4099,0.0246,-0.0295,-0.0295,0.4078,0,0,0,4.7271,3.8806,4.6568,4.6568,3.9823,0,0,0,-1.5836,-0.6320,-0.7584,-0.7584,0.0815,0,0,0
10.095016,1788532551.641431,1.6209,2.1992,2.1992,2.1992,2.5392,0,0,0,-16.0999,-13.5990,29.9177,24.2635,21.1556,1,0,0,1.8175,0.1171,0.1757,0.1757,-1.4015,0,0,0,0.4099,0.0420,-0.0505,-0.0505,0.3804,0,0,0,4.7465,3.9200,4.7040,4.7040,4.0199,0,0,0,-1.7222,-0.6816,-0.8180,-0.8180,0.0348,0,0,0
10.103605,1788532551.650016,1.6209,2.1694,2.1694,2.1694,2.5185,0,0,0,-16.0999,-13.7315,30.2093,24.4635,21.3589,1,0,0,1.8175,0.2053,0.3080,0.3080,-1.3216,0,0,0,0.4099,0.0610,-0.0732,-0.0732,0.3523,0,0,0,4.7465,3.9627,4.7552,4.7552,4.0593,0,0,0,-1.7222,-0.7354,-0.8825,-0.8825,-0.0142,0,0,0
10.111614,1788532551.657528,1.6209,2.1445,2.1445,2.1445,2.4973,0,0,0,-16.0999,-13.8421,30.4527,24.6635,21.5650,1,0,0,1.8175,0.2790,0.4185,0.4185,-1.2352,0,0,0,0.4099,0.0768,-0.0922,-0.0922,0.3237,0,0,0,4.7465,3.9984,4.7980,4.7980,4.1005,0,0,0,-1.7222,-0.7804,-0.9365,-0.9365,-0.0655,0,0,0
10.119125,1788532551.666035,1.6209,2.1178,2.1178,2.1178,2.4755,0,0,0,-16.0999,-13.9607,30.7136,24.8635,21.7730,1,0,0,1.8175,0.3582,0.5373,0.5373,-1.1431,0,0,0,0.4099,0.0938,-0.1126,-0.1126,0.2948,0,0,0,4.7465,4.0367,4.8440,4.8440,4.1432,0,0,0,-1.7222,-0.8287,-0.9944,-0.9944,-0.1187,0,0,0
10.127136,1788532551.673547,1.6209,2.0952,2.0952,2.0952,2.4531,0,0,0,-16.0999,-14.0606,30.9333,25.0635,21.9825,1,0,0,1.8175,0.4250,0.6375,0.6375,-1.0459,0,0,0,0.4099,0.1081,-0.1297,-0.1297,0.2658,0,0,0,4.7465,4.0690,4.8828,4.8828,4.1872,0,0,0,-1.7222,-0.8694,-1.0433,-1.0433,-0.1736,0,0,0
10.135247,1788532551.682663,1.4565,2.0604,2.0604,2.0604,2.4302,0,0,0,-16.2994,-14.1861,31.2094,25.2635,22.1929,1,0,0,2.1568,0.5202,0.7803,0.7803,-0.9444,0,0,0,0.5816,0.1339,-0.1607,-0.1607,0.2369,0,0,0,4.9435,4.1168,4.9402,4.9402,4.2322,0,0,0,-1.8512,-0.9232,-1.1078,-1.1078,-0.2297,0,0,0
10.143759,1788532551.689172,1.4565,2.0365,2.0365,2.0365,2.4128,0,0,0,-16.2994,-14.2721,31.3986,25.4635,22.3511,1,0,0,2.1568,0.5855,0.8783,0.8783,-0.8659,0,0,0,0.5816,0.1516,-0.1819,-0.1819,0.2154,0,0,0,4.9435,4.1496,4.9795,4.9795,4.2666,0,0,0,-1.8512,-0.9601,-1.1521,-1.1521,-0.2726,0,0,0
10.151788,1788532551.698195,1.4341,2.0040,2.0040,2.0040,2.3892,0,0,0,-16.3518,-14.3875,31.6525,25.6635,22.5622,1,0,0,2.3192,0.6800,1.0201,1.0201,-0.7586,0,0,0,0.6453,0.1782,-0.2139,-0.2139,0.1870,0,0,0,4.9058,4.1906,5.0287,5.0287,4.3128,0,0,0,-1.9539,-1.0140,-1.2168,-1.2168,-0.3303,0,0,0
10.159303,1788532551.705209,1.4341,1.9798,1.9798,1.9798,2.3653,0,0,0,-16.3518,-14.4733,31.8413,25.8635,22.7734,1,0,0,2.3192,0.7504,1.1256,1.1256,-0.6486,0,0,0,0.6453,0.1981,-0.2377,-0.2377,0.1589,0,0,0,4.9058,4.2211,5.0653,5.0653,4.3597,0,0,0,-1.9539,-1.0541,-1.2650,-1.2650,-0.3887,0,0,0
10.167812,1788532551.713721,1.4341,1.9519,1.9519,1.9519,2.3409,0,0,0,-16.3518,-14.5720,32.0583,26.0635,22.9845,1,0,0,2.3192,0.8314,1.2471,1.2471,-0.5365,0,0,0,0.6453,0.2209,-0.2651,-0.2651,0.1311,0,0,0,4.9058,4.2562,5.1074,5.1074,4.4069,0,0,0,-1.9539,-1.1003,-1.3204,-1.3204,-0.4475,0,0,0
10.175816,1788532551.721231,1.4341,1.9284,1.9284,1.9284,2.3161,0,0,0,-16.3518,-14.6549,32.2407,26.2635,23.1952,1,0,0,2.3192,0.8996,1.3494,1.3494,-0.4223,0,0,0,0.6453,0.2402,-0.2882,-0.2882,0.1035,0,0,0,4.9058,4.2857,5.1429,5.1429,4.4544,0,0,0,-1.9539,-1.1392,-1.3671,-1.3671,-0.5065,0,0,0
10.183330,1788532551.729746,1.4341,1.9031,1.9031,1.9031,2.2910,0,0,0,-16.3518,-14.7439,32.4366,26.4635,23.4055,1,0,0,2.3192,0.9729,1.4594,1.4594,-0.3066,0,0,0,0.6453,0.2608,-0.3130,-0.3130,0.0761,0,0,0,4.9058,4.3175,5.1810,5.1810,4.5020,0,0,0,-1.9539,-1.1811,-1.4173,-1.4173,-0.5656,0,0,0
10.191844,1788532551.738265,1.3943,1.8771,1.8771,1.8771,2.2656,0,0,0,-16.4986,-14.8360,32.6392,26.6635,23.6152,1,0,0,2.3201,1.0425,1.5638,1.5638,-0.1897,0,0,0,0.6589,0.2812,-0.3374,-0.3374,0.0488,0,0,0,4.9041,4.3476,5.2171,5.2171,4.5496,0,0,0,-2.0440,-1.2254,-1.4705,-1.4705,-0.6247,0,0,0
10.199342,1788532551.747255,1.3943,1.8511,1.8511,1.8511,2.2400,0,0,0,-16.4986,-14.9277,32.8410,26.8635,23.8244,1,0,0,2.3201,1.1120,1.6680,1.6680,-0.0719,0,0,0,0.6589,0.3015,-0.3618,-0.3618,0.0218,0,0,0,4.9041,4.3776,5.2532,5.2532,4.5970,0,0,0,-2.0440,-1.2697,-1.5237,-1.5237,-0.6837,0,0,0
10.207883,1788532551.755298,1.3695,1.8278,1.8278,1.8278,2.2206,0,0,0,-16.5334,-15.0074,33.0164,27.0635,23.9809,1,0,0,2.3201,1.1711,1.7567,1.7567,0.0167,0,0,0,0.6589,0.3188,-0.3825,-0.3825,0.0016,0,0,0,4.9346,4.4047,5.2856,5.2856,4.6323,0,0,0,-2.0440,-1.3074,-1.5689,-1.5689,-0.7277,0,0,0
10.215403,1788532551.761815,1.3695,1.8096,1.8096,1.8096,2.1948,0,0,0,-16.5334,-15.0694,33.1527,27.2635,24.1891,1,0,0,2.3201,1.2171,1.8257,1.8257,0.1351,0,0,0,0.6589,0.3322,-0.3987,-0.3987,-0.0251,0,0,0,4.9346,4.4257,5.3109,5.3109,4.6790,0,0,0,-2.0440,-1.3367,-1.6041,-1.6041,-0.7860,0,0,0
10.223489,1788532551.770904,1.3695,1.7857,1.7857,1.7857,2.1688,0,0,0,-16.5334,-15.1509,33.3320,27.4635,24.3965,1,0,0,2.3201,1.2777,1.9166,1.9166,0.2534,0,0,0,0.6589,0.3500,-0.4200,-0.4200,-0.0517,0,0,0,4.9346,4.4535,5.3442,5.3442,4.7252,0,0,0,-2.0440,-1.3754,-1.6504,-1.6504,-0.8440,0,0,0
10.231489,1788532551.778918,1.3695,1.7656,1.7656,1.7656,2.1427,0,0,0,-16.5334,-15.2192,33.4823,27.6635,24.6034,1,0,0,2.3201,1.3286,1.9928,1.9928,0.3713,0,0,0,0.6589,0.3649,-0.4379,-0.4379,-0.0780,0,0,0,4.9346,4.4768,5.3721,5.3721,4.7708,0,0,0,-2.0440,-1.4078,-1.6893,-1.6893,-0.9016,0,0,0
10.240006,1788532551.785904,1.3695,1.7488,1.7488,1.7488,2.1167,0,0,0,-16.5334,-15.2761,33.6075,27.8635,24.8097,1,0,0,2.3201,1.3710,2.0564,2.0564,0.4881,0,0,0,0.6589,0.3773,-0.4528,-0.4528,-0.1040,0,0,0,4.9346,4.4962,5.3954,5.3954,4.8156,0,0,0,-2.0440,-1.4348,-1.7218,-1.7218,-0.9585,0,0,0
10.247532,1788532551.793426,1.2431,1.7258,1.7258,1.7258,2.0908,0,0,0,-16.5056,-15.3333,33.7332,28.0635,25.0153,1,0,0,2.2689,1.4122,2.1183,2.1183,0.6036,0,0,0,0.5566,0.3855,-0.4625,-0.4625,-0.1297,0,0,0,5.0932,4.5234,5.4281,5.4281,4.8595,0,0,0,-1.8622,-1.4543,-1.7452,-1.7452,-1.0146,0,0,0
10.255104,1788532551.802530,1.2431,1.6995,1.6995,1.6995,2.0651,0,0,0,-16.5056,-15.3985,33.8767,28.2635,25.2204,1,0,0,2.2689,1.4593,2.1890,2.1890,0.7173,0,0,0,0.5566,0.3948,-0.4737,-0.4737,-0.1549,0,0,0,5.0932,4.5545,5.4654,5.4654,4.9025,0,0,0,-1.8622,-1.4766,-1.7720,-1.7720,-1.0699,0,0,0
10.263425,1788532551.809859,1.2431,1.6793,1.6793,1.6793,2.0397,0,0,0,-16.5056,-15.4486,33.9870,28.4635,25.4250,1,0,0,2.2689,1.4955,2.2433,2.2433,0.8290,0,0,0,0.5566,0.4019,-0.4823,-0.4823,-0.1797,0,0,0,5.0932,4.5784,5.4941,5.4941,4.9445,0,0,0,-1.8622,-1.4938,-1.7926,-1.7926,-1.1242,0,0,0
10.271966,1788532551.818388,1.2431,1.6570,1.6570,1.6570,2.0145,0,0,0,-16.5056,-15.5039,34.1085,28.6635,25.6291,1,0,0,2.2689,1.5355,2.3032,2.3032,0.9382,0,0,0,0.5566,0.4098,-0.4918,-0.4918,-0.2040,0,0,0,5.0932,4.6048,5.5258,5.5258,4.9855,0,0,0,-1.8622,-1.5127,-1.8153,-1.8153,-1.1772,0,0,0
10.279965,1788532551.826382,1.2431,1.6370,1.6370,1.6370,1.9958,0,0,0,-16.5056,-15.5531,34.2168,28.8635,25.7819,1,0,0,2.2689,1.5711,2.3567,2.3567,1.0183,0,0,0,0.5566,0.4169,-0.5003,-0.5003,-0.2217,0,0,0,5.0932,4.6284,5.5541,5.5541,5.0156,0,0,0,-1.8622,-1.5296,-1.8355,-1.8355,-1.2160,0,0,0
10.287338,1788532551.833744,1.2431,1.6195,1.6195,1.6195,1.9649,0,0,0,-16.5056,-15.5963,34.3119,29.0635,26.0360,1,0,0,2.2689,1.6025,2.4037,2.4037,1.1484,0,0,0,0.5566,0.4231,-0.5077,-0.5077,-0.2503,0,0,0,5.0932,4.6491,5.5790,5.5790,5.0648,0,0,0,-1.8622,-1.5445,-1.8534,-1.8534,-1.2787,0,0,0
10.295861,1788532551.842277,1.1168,1.5938,1.5938,1.5938,1.9465,0,0,0,-16.5545,-15.6463,34.4219,29.2635,26.1882,1,0,0,2.3032,1.6387,2.4580,2.4580,1.2241,0,0,0,0.8807,0.4465,-0.5358,-0.5358,-0.2668,0,0,0,5.0093,4.6676,5.6011,5.6011,5.0936,0,0,0,-2.2307,-1.5797,-1.8957,-1.8957,-1.3150,0,0,0
10.303398,1788532551.850813,1.1168,1.5693,1.5693,1.5693,1.9222,0,0,0,-16.5545,-15.6937,34.5262,29.4635,26.3908,1,0,0,2.3032,1.6730,2.5095,2.5095,1.3223,0,0,0,0.8807,0.4687,-0.5624,-0.5624,-0.2880,0,0,0,5.0093,4.6852,5.6222,5.6222,5.1314,0,0,0,-2.2307,-1.6132,-1.9358,-1.9358,-1.3618,0,0,0
10.311924,1788532551.858327,1.0607,1.5462,1.5462,1.5462,1.8982,0,0,0,-16.5647,-15.7339,34.6147,29.6635,26.5931,1,0,0,2.1687,1.6957,2.5435,2.5435,1.4174,0,0,0,0.7617,0.4820,-0.5784,-0.5784,-0.3084,0,0,0,5.0122,4.7000,5.6400,5.6400,5.1685,0,0,0,-2.2378,-1.6416,-1.9699,-1.9699,-1.4068,0,0,0
10.319911,1788532551.867326,1.0607,1.5201,1.5201,1.5201,1.8744,0,0,0,-16.5647,-15.7794,34.7148,29.8635,26.7950,1,0,0,2.1687,1.7214,2.5820,2.5820,1.5090,0,0,0,0.7617,0.4970,-0.5964,-0.5964,-0.3279,0,0,0,5.0122,4.7169,5.6602,5.6602,5.2046,0,0,0,-2.2378,-1.6738,-2.0086,-2.0086,-1.4499,0,0,0
10.327705,1788532551.874110,1.0607,1.5012,1.5012,1.5012,1.8508,0,0,0,-16.5647,-15.8123,34.7871,30.0635,26.9967,1,0,0,2.1687,1.7399,2.6099,2.6099,1.5974,0,0,0,0.7617,0.5079,-0.6095,-0.6095,-0.3468,0,0,0,5.0122,4.7290,5.6748,5.6748,5.2399,0,0,0,-2.2378,-1.6971,-2.0365,-2.0365,-1.4915,0,0,0
10.336225,1788532551.882136,0.9463,1.4743,1.4743,1.4743,1.8274,0,0,0,-16.5533,-15.8487,34.8671,30.2635,27.1982,1,0,0,2.0971,1.7573,2.6359,2.6359,1.6825,0,0,0,0.9328,0.5284,-0.6341,-0.6341,-0.3655,0,0,0,4.9240,4.7385,5.6862,5.6862,5.2742,0,0,0,-2.4582,-1.7340,-2.0808,-2.0808,-1.5319,0,0,0
10.343739,1788532551.889650,0.9463,1.4504,1.4504,1.4504,1.8041,0,0,0,-16.5533,-15.8812,34.9386,30.4635,27.3995,1,0,0,2.0971,1.7728,2.6592,2.6592,1.7642,0,0,0,0.9328,0.5467,-0.6561,-0.6561,-0.3838,0,0,0,4.9240,4.7469,5.6963,5.6963,5.3075,0,0,0,-2.4582,-1.7670,-2.1204,-2.1204,-1.5712,0,0,0
10.352272,1788532551.898666,0.8634,1.4187,1.4187,1.4187,1.7809,0,0,0,-16.5488,-15.9177,35.0190,30.6635,27.6005,1,0,0,2.0157,1.7860,2.6790,2.6790,1.8424,0,0,0,1.1396,0.5787,-0.6944,-0.6944,-0.4019,0,0,0,4.9240,4.7565,5.7077,5.7077,5.3397,0,0,0,-2.3883,-1.8006,-2.1607,-2.1607,-1.6097,0,0,0
10.360393,1788532551.905808,0.8225,1.3929,1.3929,1.3929,1.7577,0,0,0,-16.5460,-15.9453,35.0796,30.8635,27.8014,1,0,0,2.0157,1.7960,2.6940,2.6940,1.9170,0,0,0,1.0530,0.5991,-0.7190,-0.7190,-0.4198,0,0,0,5.0679,4.7699,5.7239,5.7239,5.3707,0,0,0,-2.3883,-1.8261,-2.1913,-2.1913,-1.6475,0,0,0
10.366929,1788532551.914334,0.7967,1.3624,1.3624,1.3624,1.7346,0,0,0,-16.5433,-15.9763,35.1479,31.0635,28.0022,1,0,0,2.0945,1.8113,2.7170,2.7170,1.9880,0,0,0,1.0530,0.6223,-0.7468,-0.7468,-0.4376,0,0,0,5.0679,4.7852,5.7422,5.7422,5.4006,0,0,0,-2.6930,-1.8706,-2.2447,-2.2447,-1.6847,0,0,0
10.375438,1788532551.921861,0.7967,1.3366,1.3366,1.3366,1.7114,0,0,0,-16.5433,-16.0024,35.2053,31.2635,28.2028,1,0,0,2.0945,1.8243,2.7364,2.7364,2.0552,0,0,0,1.0530,0.6419,-0.7703,-0.7703,-0.4555,0,0,0,5.0679,4.7980,5.7576,5.7576,5.4291,0,0,0,-2.6930,-1.9081,-2.2897,-2.2897,-1.7215,0,0,0
10.383482,1788532551.930387,0.7450,1.3063,1.3063,1.3063,1.6939,0,0,0,-16.5108,-16.0288,35.2633,31.4635,28.3533,1,0,0,2.2366,1.8455,2.7682,2.7682,2.1031,0,0,0,1.2891,0.6750,-0.8100,-0.8100,-0.4691,0,0,0,4.9075,4.8036,5.7644,5.7644,5.4496,0,0,0,-2.7852,-1.9532,-2.3438,-2.3438,-1.7489,0,0,0
10.391536,1788532551.937942,0.7450,1.2807,1.2807,1.2807,1.6705,0,0,0,-16.5108,-16.0510,35.3122,31.6635,28.5537,1,0,0,2.2366,1.8634,2.7951,2.7951,2.1638,0,0,0,1.2891,0.7030,-0.8436,-0.8436,-0.4877,0,0,0,4.9075,4.8084,5.7700,5.7700,5.4759,0,0,0,-2.7852,-1.9913,-2.3895,-2.3895,-1.7853,0,0,0
10.399536,1788532551.946969,0.7450,1.2517,1.2517,1.2517,1.6467,0,0,0,-16.5108,-16.0761,35.3675,31.8635,28.7546,1,0,0,2.2366,1.8836,2.8255,2.8255,2.2209,0,0,0,1.2891,0.7346,-0.8815,-0.8815,-0.5068,0,0,0,4.9075,4.8137,5.7765,5.7765,5.5011,0,0,0,-2.7852,-2.0343,-2.4412,-2.4412,-1.8219,0,0,0
10.408199,1788532551.955107,0.7450,1.2269,1.2269,1.2269,1.6223,0,0,0,-16.5108,-16.0976,35.4148,32.0635,28.9582,1,0,0,2.2366,1.9010,2.8515,2.8515,2.2750,0,0,0,1.2891,0.7617,-0.9141,-0.9141,-0.5269,0,0,0,4.9075,4.8183,5.7820,5.7820,5.5253,0,0,0,-2.7852,-2.0712,-2.4854,-2.4854,-1.8594,0,0,0
10.415786,1788532551.962614,0.7450,1.2051,1.2051,1.2051,1.5973,0,0,0,-16.5108,-16.1166,35.4565,32.2635,29.1644,1,0,0,2.2366,1.9163,2.8744,2.8744,2.3263,0,0,0,1.2891,0.7856,-0.9428,-0.9428,-0.5481,0,0,0,4.9075,4.8224,5.7868,5.7868,5.5485,0,0,0,-2.7852,-2.1037,-2.5244,-2.5244,-1.8979,0,0,0
10.423783,1788532551.970202,0.7450,1.1840,1.1840,1.1840,1.5717,0,0,0,-16.5108,-16.1348,35.4966,32.4635,29.3726,1,0,0,2.2366,1.9310,2.8965,2.8965,2.3751,0,0,0,1.2891,0.8087,-0.9704,-0.9704,-0.5705,0,0,0,4.9075,4.8262,5.7915,5.7915,5.5706,0,0,0,-2.7852,-2.1350,-2.5620,-2.5620,-1.9375,0,0,0
10.432299,1788532551.977715,0.7450,1.1640,1.1640,1.1640,1.5458,0,0,0,-16.5108,-16.1520,35.5345,32.6635,29.5822,1,0,0,2.2366,1.9449,2.9173,2.9173,2.4216,0,0,0,1.2891,0.8305,-0.9966,-0.9966,-0.5940,0,0,0,4.9075,4.8299,5.7959,5.7959,5.5916,0,0,0,-2.7852,-2.1646,-2.5976,-2.5976,-1.9779,0,0,0
10.440301,1788532551.986717,0.7450,1.1414,1.1414,1.1414,1.5195,0,0,0,-16.5108,-16.1715,35.5774,32.8635,29.7927,1,0,0,2.2366,1.9606,2.9410,2.9410,2.4657,0,0,0,1.2891,0.8552,-1.0262,-1.0262,-0.6184,0,0,0,4.9075,4.8341,5.8009,5.8009,5.6114,0,0,0,-2.7852,-2.1982,-2.6378,-2.6378,-2.0191,0,0,0
10.448318,1788532551.994729,0.7450,1.1223,1.1223,1.1223,1.4932,0,0,0,-16.5108,-16.1880,35.6137,33.0635,30.0037,1,0,0,2.2366,1.9740,2.9610,2.9610,2.5078,0,0,0,1.2891,0.8761,-1.0513,-1.0513,-0.6436,0,0,0,4.9075,4.8376,5.8052,5.8052,5.6300,0,0,0,-2.7852,-2.2266,-2.6719,-2.6719,-2.0607,0,0,0
10.456382,1788532552.002816,0.7450,1.1039,1.1039,1.1039,1.4734,0,0,0,-16.5108,-16.2039,35.6485,33.2635,30.1622,1,0,0,2.2366,1.9868,2.9802,2.9802,2.5379,0,0,0,1.2891,0.8962,-1.0754,-1.0754,-0.6629,0,0,0,4.9075,4.8410,5.8092,5.8092,5.6431,0,0,0,-2.7852,-2.2539,-2.7047,-2.7047,-2.0921,0,0,0
10.463902,1788532552.011301,0.4874,1.0725,1.0725,1.0725,1.4471,0,0,0,-16.4359,-16.2158,35.6747,33.4635,30.3734,1,0,0,1.9991,1.9874,2.9812,2.9812,2.5765,0,0,0,0.9494,0.8989,-1.0787,-1.0787,-0.6892,0,0,0,4.9065,4.8444,5.8132,5.8132,5.6597,0,0,0,-2.6042,-2.2718,-2.7261,-2.7261,-2.1341,0,0,0
10.472426,1788532552.018847,0.4874,1.0458,1.0458,1.0458,1.4210,0,0,0,-16.4359,-16.2259,35.6969,33.6635,30.5845,1,0,0,1.9991,1.9880,2.9819,2.9819,2.6132,0,0,0,0.9494,0.9012,-1.0814,-1.0814,-0.7160,0,0,0,4.9065,4.8472,5.8166,5.8166,5.6752,0,0,0,-2.6042,-2.2870,-2.7444,-2.7444,-2.1761,0,0,0
10.480425,1788532552.026843,0.3032,1.0100,1.0100,1.0100,1.3952,0,0,0,-16.4033,-16.2345,35.7158,33.8635,30.7953,1,0,0,1.8458,1.9811,2.9717,2.9717,2.6482,0,0,0,1.0055,0.9062,-1.0875,-1.0875,-0.7430,0,0,0,4.9077,4.8501,5.8201,5.8201,5.6896,0,0,0,-2.3209,-2.2886,-2.7463,-2.7463,-2.2180,0,0,0
10.487940,1788532552.033350,0.3032,0.9821,0.9821,0.9821,1.3695,0,0,0,-16.4033,-16.2412,35.7306,34.0635,31.0056,1,0,0,1.8458,1.9758,2.9636,2.9636,2.6814,0,0,0,1.0055,0.9101,-1.0922,-1.0922,-0.7700,0,0,0,4.9077,4.8524,5.8228,5.8228,5.7030,0,0,0,-2.3209,-2.2899,-2.7479,-2.7479,-2.2596,0,0,0
10.496305,1788532552.042720,0.1137,0.9334,0.9334,0.9334,1.3439,0,0,0,-16.3359,-16.2465,35.7423,34.2635,31.2154,1,0,0,1.9294,1.9732,2.9597,2.9597,2.7125,0,0,0,1.1530,0.9237,-1.1084,-1.1084,-0.7965,0,0,0,4.9077,4.8555,5.8265,5.8265,5.7154,0,0,0,-2.7109,-2.3135,-2.7762,-2.7762,-2.3004,0,0,0
10.503836,1788532552.052250,0.1137,0.8867,0.8867,0.8867,1.3182,0,0,0,-16.3359,-16.2516,35.7535,34.4635,31.4246,1,0,0,1.9294,1.9707,2.9560,2.9560,2.7414,0,0,0,1.1530,0.9367,-1.1241,-1.1241,-0.8222,0,0,0,4.9077,4.8584,5.8301,5.8301,5.7269,0,0,0,-2.7109,-2.3361,-2.8034,-2.8034,-2.3400,0,0,0
10.512513,1788532552.058923,0.0171,0.8515,0.8515,0.8515,1.2924,0,0,0,-16.3181,-16.2543,35.7595,34.6635,31.6332,1,0,0,1.9933,1.9716,2.9574,2.9574,2.7679,0,0,0,1.2405,0.9490,-1.1388,-1.1388,-0.8471,0,0,0,4.7863,4.8555,5.8266,5.8266,5.7376,0,0,0,-2.6588,-2.3492,-2.8191,-2.8191,-2.3782,0,0,0
10.520022,1788532552.067432,0.0171,0.8088,0.8088,0.8088,1.2662,0,0,0,-16.3181,-16.2576,35.7667,34.8635,31.8411,1,0,0,1.9933,1.9727,2.9591,2.9591,2.7920,0,0,0,1.2405,0.9639,-1.1567,-1.1567,-0.8709,0,0,0,4.7863,4.8520,5.8224,5.8224,5.7475,0,0,0,-2.6588,-2.3651,-2.8381,-2.8381,-2.4148,0,0,0
10.528274,1788532552.073690,0.0171,0.7786,0.7786,0.7786,1.2461,0,0,0,-16.3181,-16.2599,35.7718,35.0635,31.9967,1,0,0,1.9933,1.9735,2.9602,2.9602,2.8085,0,0,0,1.2405,0.9744,-1.1693,-1.1693,-0.8883,0,0,0,4.7863,4.8495,5.8194,5.8194,5.7544,0,0,0,-2.6588,-2.3763,-2.8515,-2.8515,-2.4413,0,0,0
10.536289,1788532552.081705,-0.1512,0.7336,0.7336,0.7336,1.2187,0,0,0,-16.0938,-16.2519,35.7541,35.2635,32.2036,1,0,0,1.7876,1.9645,2.9468,2.9468,2.8285,0,0,0,1.2210,0.9863,-1.1835,-1.1835,-0.9107,0,0,0,4.8187,4.8480,5.8176,5.8176,5.7630,0,0,0,-2.6192,-2.3880,-2.8656,-2.8656,-2.4756,0,0,0
10.544388,1788532552.090779,-0.1600,0.6850,0.6850,0.6850,1.1905,0,0,0,-16.0706,-16.2420,35.7324,35.4635,32.4098,1,0,0,1.7472,1.9527,2.9291,2.9291,2.8464,0,0,0,1.2210,0.9990,-1.1988,-1.1988,-0.9323,0,0,0,4.8454,4.8479,5.8174,5.8174,5.7707,0,0,0,-2.6192,-2.4006,-2.8807,-2.8807,-2.5085,0,0,0
10.552502,1788532552.098913,-0.1982,0.6416,0.6416,0.6416,1.1616,0,0,0,-15.9916,-16.2297,35.7054,35.6635,32.6155,1,0,0,1.7291,1.9418,2.9127,2.9127,2.8623,0,0,0,1.0843,1.0032,-1.2038,-1.2038,-0.9532,0,0,0,4.8454,4.8477,5.8173,5.8173,5.7777,0,0,0,-2.4974,-2.4053,-2.8864,-2.8864,-2.5401,0,0,0
10.560074,1788532552.106487,-0.1982,0.6031,0.6031,0.6031,1.1319,0,0,0,-15.9916,-16.2188,35.6814,35.6814,32.8206,0,0,0,1.7291,1.9321,2.8982,2.8982,2.8764,0,0,0,1.0843,1.0069,-1.2082,-1.2082,-0.9734,0,0,0,4.8454,4.8476,5.8172,5.8172,5.7838,0,0,0,-2.4974,-2.4095,-2.8914,-2.8914,-2.5703,0,0,0
10.568616,1788532552.115042,-0.1982,0.5619,0.5619,0.5619,1.1014,0,0,0,-15.9916,-16.2072,35.6557,35.6557,33.0252,0,0,0,1.7291,1.9217,2.8826,2.8826,2.8884,0,0,0,1.0843,1.0108,-1.2130,-1.2130,-0.9930,0,0,0,4.8454,4.8475,5.8170,5.8170,5.7892,0,0,0,-2.4974,-2.4140,-2.8968,-2.8968,-2.5992,0,0,0
10.576134,1788532552.121548,-0.1982,0.5317,0.5317,0.5317,1.0698,0,0,0,-15.9916,-16.1986,35.6370,35.6370,33.2292,0,0,0,1.7291,1.9141,2.8712,2.8712,2.8984,0,0,0,1.0843,1.0137,-1.2165,-1.2165,-1.0120,0,0,0,4.8454,4.8474,5.8169,5.8169,5.7939,0,0,0,-2.4974,-2.4173,-2.9008,-2.9008,-2.6267,0,0,0
10.583962,1788532552.130873,-0.4909,0.4746,0.4746,0.4746,1.0374,0,0,0,-15.7364,-16.1729,35.5804,35.5804,33.4313,0,0,0,1.7005,1.9023,2.8534,2.8534,2.9064,0,0,0,1.0237,1.0143,-1.2171,-1.2171,-1.0302,0,0,0,4.9502,4.8531,5.8238,5.8238,5.7980,0,0,0,-2.8031,-2.4388,-2.9266,-2.9266,-2.6528,0,0,0
10.591482,1788532552.138893,-0.4909,0.4278,0.4278,0.4278,1.0042,0,0,0,-15.7364,-16.1518,35.5341,35.5341,33.6282,0,0,0,1.7005,1.8926,2.8389,2.8389,2.9123,0,0,0,1.0237,1.0147,-1.2177,-1.2177,-1.0475,0,0,0,4.9502,4.8578,5.8294,5.8294,5.8015,0,0,0,-2.8031,-2.4564,-2.9477,-2.9477,-2.6774,0,0,0
10.599992,1788532552.146418,-0.4909,0.3859,0.3859,0.3859,0.9702,0,0,0,-15.7364,-16.1330,35.4926,35.4926,33.8173,0,0,0,1.7005,1.8839,2.8258,2.8258,2.9163,0,0,0,1.0237,1.0151,-1.2182,-1.2182,-1.0640,0,0,0,4.9502,4.8620,5.8344,5.8344,5.8045,0,0,0,-2.8031,-2.4721,-2.9666,-2.9666,-2.7005,0,0,0
10.608003,1788532552.154419,-0.4909,0.3435,0.3435,0.3435,0.9355,0,0,0,-15.7364,-16.1139,35.4507,35.4507,33.9963,0,0,0,1.7005,1.8751,2.8126,2.8126,2.9185,0,0,0,1.0237,1.0156,-1.2187,-1.2187,-1.0796,0,0,0,4.9502,4.8662,5.8395,5.8395,5.8072,0,0,0,-2.8031,-2.4881,-2.9857,-2.9857,-2.7223,0,0,0
10.616144,1788532552.162571,-0.4909,0.3024,0.3024,0.3024,0.9090,0,0,0,-15.7364,-16.0955,35.4100,35.4100,34.1228,0,0,0,1.7005,1.8666,2.7998,2.7998,2.9190,0,0,0,1.0237,1.0160,-1.2191,-1.2191,-1.0906,0,0,0,4.9502,4.8703,5.8444,5.8444,5.8090,0,0,0,-2.8031,-2.5035,-3.0042,-3.0042,-2.7379,0,0,0
10.624205,1788532552.171619,-0.4909,0.2593,0.2593,0.2593,0.8728,0,0,0,-15.7364,-16.0761,35.3674,35.3674,34.2803,0,0,0,1.7005,1.8576,2.7864,2.7864,2.9182,0,0,0,1.0237,1.0164,-1.2196,-1.2196,-1.1043,0,0,0,4.9502,4.8746,5.8495,5.8495,5.8113,0,0,0,-2.8031,-2.5197,-3.0237,-3.0237,-2.7580,0,0,0
10.632222,1788532552.179625,-0.4909,0.2230,0.2230,0.2230,0.8359,0,0,0,-15.7364,-16.0598,35.3315,35.3315,34.4244,0,0,0,1.7005,1.8501,2.7751,2.7751,2.9160,0,0,0,1.0237,1.0167,-1.2201,-1.2201,-1.1171,0,0,0,4.9502,4.8783,5.8539,5.8539,5.8135,0,0,0,-2.8031,-2.5334,-3.0401,-3.0401,-2.7775,0,0,0
10.639828,1788532552.186245,-0.7010,0.1857,0.1857,0.1857,0.7983,0,0,0,-15.5722,-16.0403,35.2886,35.2886,34.5547,0,0,0,1.5316,1.8373,2.7560,2.7560,2.9124,0,0,0,1.1111,1.0205,-1.2246,-1.2246,-1.1289,0,0,0,4.6725,4.8700,5.8440,5.8440,5.8157,0,0,0,-2.1998,-2.5200,-3.0240,-3.0240,-2.7963,0,0,0
10.648333,1788532552.196245,-0.7010,0.1328,0.1328,0.1328,0.7601,0,0,0,-15.5722,-16.0125,35.2276,35.2276,34.6713,0,0,0,1.5316,1.8192,2.7289,2.7289,2.9075,0,0,0,1.1111,1.0259,-1.2310,-1.2310,-1.1396,0,0,0,4.6725,4.8583,5.8300,5.8300,5.8179,0,0,0,-2.1998,-2.5010,-3.0012,-3.0012,-2.8148,0,0,0
10.656364,1788532552.203259,-0.8506,0.0908,0.0908,0.0908,0.7213,0,0,0,-15.4959,-15.9907,35.1795,35.1795,34.7744,0,0,0,1.4249,1.8026,2.7039,2.7039,2.9016,0,0,0,1.1273,1.0302,-1.2362,-1.2362,-1.1494,0,0,0,4.6788,4.8507,5.8209,5.8209,5.8202,0,0,0,-2.3150,-2.4931,-2.9917,-2.9917,-2.8330,0,0,0
10.663870,1788532552.210780,-0.8506,0.0479,0.0479,0.0479,0.6822,0,0,0,-15.4959,-15.9683,35.1303,35.1303,34.8644,0,0,0,1.4249,1.7855,2.6783,2.6783,2.8946,0,0,0,1.1273,1.0346,-1.2415,-1.2415,-1.1583,0,0,0,4.6788,4.8430,5.8116,5.8116,5.8226,0,0,0,-2.3150,-2.4850,-2.9820,-2.9820,-2.8506,0,0,0
10.672632,1788532552.218573,-0.8506,0.0054,0.0054,0.0054,0.6427,0,0,0,-15.4959,-15.9463,35.0818,35.0818,34.9420,0,0,0,1.4249,1.7687,2.6531,2.6531,2.8866,0,0,0,1.1273,1.0389,-1.2467,-1.2467,-1.1665,0,0,0,4.6788,4.8353,5.8024,5.8024,5.8247,0,0,0,-2.3150,-2.4771,-2.9725,-2.9725,-2.8674,0,0,0
10.680635,1788532552.226049,-1.1056,-0.0450,-0.0450,-0.0450,0.6028,0,0,0,-15.4268,-15.9229,35.0305,35.0305,35.0073,0,0,0,1.4285,1.7534,2.6302,2.6302,2.8776,0,0,0,1.2271,1.0474,-1.2568,-1.2568,-1.1740,0,0,0,4.7245,4.8303,5.7964,5.7964,5.8265,0,0,0,-2.4846,-2.4774,-2.9729,-2.9729,-2.8828,0,0,0
10.688159,1788532552.234572,-1.1056,-0.0995,-0.0995,-0.0995,0.5626,0,0,0,-15.4268,-15.8977,34.9750,34.9750,35.0612,0,0,0,1.4285,1.7369,2.6054,2.6054,2.8673,0,0,0,1.2271,1.0565,-1.2678,-1.2678,-1.1810,0,0,0,4.7245,4.8249,5.7899,5.7899,5.8277,0,0,0,-2.4846,-2.4778,-2.9733,-2.9733,-2.8967,0,0,0
10.696289,1788532552.243689,-1.1056,-0.1546,-0.1546,-0.1546,0.5321,0,0,0,-15.4268,-15.8722,34.9188,34.9188,35.0945,0,0,0,1.4285,1.7202,2.5803,2.5803,2.8589,0,0,0,1.2271,1.0658,-1.2790,-1.2790,-1.1859,0,0,0,4.7245,4.8195,5.7834,5.7834,5.8282,0,0,0,-2.4846,-2.4781,-2.9738,-2.9738,-2.9061,0,0,0
10.704288,1788532552.250199,-1.1056,-0.1924,-0.1924,-0.1924,0.4912,0,0,0,-15.4268,-15.8547,34.8803,34.8803,35.1300,0,0,0,1.4285,1.7087,2.5631,2.5631,2.8467,0,0,0,1.2271,1.0721,-1.2866,-1.2866,-1.1922,0,0,0,4.7245,4.8158,5.7789,5.7789,5.8284,0,0,0,-2.4846,-2.4784,-2.9741,-2.9741,-2.9172,0,0,0
10.712392,1788532552.258747,-1.1056,-0.2395,-0.2395,-0.2395,0.4498,0,0,0,-15.4268,-15.8329,34.8323,34.8323,35.1559,0,0,0,1.4285,1.6944,2.5416,2.5416,2.8332,0,0,0,1.2271,1.0801,-1.2961,-1.2961,-1.1982,0,0,0,4.7245,4.8111,5.7733,5.7733,5.8280,0,0,0,-2.4846,-2.4787,-2.9744,-2.9744,-2.9268,0,0,0
10.720900,1788532552.268311,-1.1056,-0.2892,-0.2892,-0.2892,0.4071,0,0,0,-15.4268,-15.8098,34.7816,34.7816,35.1722,0,0,0,1.4285,1.6793,2.5190,2.5190,2.8184,0,0,0,1.2271,1.0884,-1.3061,-1.3061,-1.2043,0,0,0,4.7245,4.8062,5.7674,5.7674,5.8269,0,0,0,-2.4846,-2.4790,-2.9748,-2.9748,-2.9352,0,0,0
10.728410,1788532552.274833,-1.1056,-0.3217,-0.3217,-0.3217,0.3632,0,0,0,-15.4268,-15.7947,34.7484,34.7484,35.1798,0,0,0,1.4285,1.6695,2.5042,2.5042,2.8024,0,0,0,1.2271,1.0939,-1.3127,-1.3127,-1.2105,0,0,0,4.7245,4.8030,5.7636,5.7636,5.8252,0,0,0,-2.4846,-2.4793,-2.9751,-2.9751,-2.9424,0,0,0
10.736412,1788532552.282824,-1.1056,-0.3596,-0.3596,-0.3596,0.3185,0,0,0,-15.4268,-15.7771,34.7096,34.7096,35.1797,0,0,0,1.4285,1.6579,2.4869,2.4869,2.7853,0,0,0,1.2271,1.1003,-1.3203,-1.3203,-1.2168,0,0,0,4.7245,4.7992,5.7591,5.7591,5.8229,0,0,0,-2.4846,-2.4795,-2.9754,-2.9754,-2.9486,0,0,0
10.744914,1788532552.290824,-1.2999,-0.4052,-0.4052,-0.4052,0.2729,0,0,0,-15.4293,-15.7604,34.6729,34.6729,35.1727,0,0,0,1.6554,1.6578,2.4867,2.4867,2.7674,0,0,0,1.2441,1.1072,-1.3286,-1.3286,-1.2233,0,0,0,4.9323,4.8056,5.7667,5.7667,5.8202,0,0,0,-2.9776,-2.5034,-3.0041,-3.0041,-2.9539,0,0,0
10.752951,1788532552.298367,-1.2999,-0.4462,-0.4462,-0.4462,0.2270,0,0,0,-15.4293,-15.7454,34.6399,34.6399,35.1598,0,0,0,1.6554,1.6577,2.4865,2.4865,2.7488,0,0,0,1.2441,1.1134,-1.3361,-1.3361,-1.2299,0,0,0,4.9323,4.8113,5.7736,5.7736,5.8171,0,0,0,-2.9776,-2.5249,-3.0299,-3.0299,-2.9584,0,0,0
10.760116,1788532552.307528,-1.3214,-0.4944,-0.4944,-0.4944,0.1808,0,0,0,-15.3740,-15.7252,34.5954,34.5954,35.1419,0,0,0,1.6764,1.6587,2.4881,2.4881,2.7297,0,0,0,1.2547,1.1211,-1.3453,-1.3453,-1.2367,0,0,0,4.9323,4.8179,5.7815,5.7815,5.8137,0,0,0,-3.0506,-2.5536,-3.0644,-3.0644,-2.9623,0,0,0
10.769109,1788532552.315021,-1.3600,-0.5338,-0.5338,-0.5338,0.1345,0,0,0,-15.3417,-15.7079,34.5573,34.5573,35.1197,0,0,0,1.7065,1.6609,2.4913,2.4913,2.7105,0,0,0,1.2872,1.1286,-1.3543,-1.3543,-1.2436,0,0,0,4.9224,4.8226,5.7871,5.7871,5.8102,0,0,0,-2.8469,-2.5669,-3.0803,-3.0803,-2.9661,0,0,0
10.776622,1788532552.323032,-1.3600,-0.5738,-0.5738,-0.5738,0.0882,0,0,0,-15.3417,-15.6903,34.5187,34.5187,35.0940,0,0,0,1.7065,1.6631,2.4946,2.4946,2.6917,0,0,0,1.2872,1.1362,-1.3634,-1.3634,-1.2506,0,0,0,4.9224,4.8274,5.7929,5.7929,5.8069,0,0,0,-2.8469,-2.5803,-3.0964,-3.0964,-2.9701,0,0,0
10.784623,1788532552.332036,-1.4672,-0.6222,-0.6222,-0.6222,0.0419,0,0,0,-15.3575,-15.6724,34.4794,34.4794,35.0653,0,0,0,1.5755,1.6584,2.4875,2.4875,2.6734,0,0,0,1.2277,1.1411,-1.3693,-1.3693,-1.2577,0,0,0,4.8446,4.8283,5.7940,5.7940,5.8038,0,0,0,-2.7393,-2.5889,-3.1067,-3.1067,-2.9749,0,0,0
10.792636,1788532552.338544,-1.4672,-0.6558,-0.6558,-0.6558,-0.0043,0,0,0,-15.3575,-15.6600,34.4521,34.4521,35.0339,0,0,0,1.5755,1.6551,2.4827,2.4827,2.6559,0,0,0,1.2277,1.1445,-1.3734,-1.3734,-1.2649,0,0,0,4.8446,4.8290,5.7948,5.7948,5.8011,0,0,0,-2.7393,-2.5948,-3.1138,-3.1138,-2.9804,0,0,0
10.800636,1788532552.346052,-1.5471,-0.6965,-0.6965,-0.6965,-0.0503,0,0,0,-15.3447,-15.6458,34.4207,34.4207,35.0004,0,0,0,1.5588,1.6508,2.4761,2.4761,2.6394,0,0,0,1.2277,1.1483,-1.3779,-1.3779,-1.2723,0,0,0,4.8228,4.8287,5.7944,5.7944,5.7988,0,0,0,-2.7393,-2.6013,-3.1216,-3.1216,-2.9868,0,0,0
10.809144,1788532552.355560,-1.5502,-0.7452,-0.7452,-0.7452,-0.0848,0,0,0,-15.3447,-15.6288,34.3833,34.3833,34.9742,0,0,0,1.5588,1.6456,2.4684,2.4684,2.6276,0,0,0,1.2381,1.1534,-1.3840,-1.3840,-1.2779,0,0,0,4.8158,4.8280,5.7936,5.7936,5.7974,0,0,0,-2.7704,-2.6109,-3.1331,-3.1331,-2.9920,0,0,0
10.816704,1788532552.363068,-1.5502,-0.7819,-0.7819,-0.7819,-0.1305,0,0,0,-15.3447,-15.6159,34.3551,34.3551,34.9380,0,0,0,1.5588,1.6417,2.4625,2.4625,2.6128,0,0,0,1.2381,1.1572,-1.3886,-1.3886,-1.2853,0,0,0,4.8158,4.8274,5.7929,5.7929,5.7958,0,0,0,-2.7704,-2.6181,-3.1417,-3.1417,-2.9994,0,0,0
10.824753,1788532552.372161,-1.5502,-0.8239,-0.8239,-0.8239,-0.1760,0,0,0,-15.3447,-15.6012,34.3227,34.3227,34.9008,0,0,0,1.5588,1.6372,2.4558,2.4558,2.5989,0,0,0,1.2381,1.1616,-1.3939,-1.3939,-1.2928,0,0,0,4.8158,4.8268,5.7921,5.7921,5.7946,0,0,0,-2.7704,-2.6264,-3.1516,-3.1516,-3.0074,0,0,0
10.833263,1788532552.378674,-1.5502,-0.8528,-0.8528,-0.8528,-0.2212,0,0,0,-15.3447,-15.5911,34.3005,34.3005,34.8629,0,0,0,1.5588,1.6341,2.4511,2.4511,2.5857,0,0,0,1.2381,1.1646,-1.3975,-1.3975,-1.3001,0,0,0,4.8158,4.8264,5.7916,5.7916,5.7936,0,0,0,-2.7704,-2.6320,-3.1585,-3.1585,-3.0157,0,0,0
10.840564,1788532552.387678,-1.5502,-0.8906,-0.8906,-0.8906,-0.2661,0,0,0,-15.3447,-15.5779,34.2714,34.2714,34.8246,0,0,0,1.5588,1.6301,2.4451,2.4451,2.5733,0,0,0,1.2381,1.1685,-1.4022,-1.4022,-1.3074,0,0,0,4.8158,4.8258,5.7909,5.7909,5.7928,0,0,0,-2.7704,-2.6395,-3.1674,-3.1674,-3.0244,0,0,0
10.848569,1788532552.394979,-1.5502,-0.9199,-0.9199,-0.9199,-0.3107,0,0,0,-15.3447,-15.5676,34.2488,34.2488,34.7860,0,0,0,1.5588,1.6269,2.4404,2.4404,2.5616,0,0,0,1.2381,1.1716,-1.4059,-1.4059,-1.3146,0,0,0,4.8158,4.8253,5.7904,5.7904,5.7922,0,0,0,-2.7704,-2.6452,-3.1743,-3.1743,-3.0333,0,0,0
10.856865,1788532552.402771,-1.5502,-0.9496,-0.9496,-0.9496,-0.3549,0,0,0,-15.3447,-15.5572,34.2258,34.2258,34.7475,0,0,0,1.5588,1.6237,2.4356,2.4356,2.5506,0,0,0,1.2381,1.1747,-1.4096,-1.4096,-1.3216,0,0,0,4.8158,4.8249,5.7899,5.7899,5.7917,0,0,0,-2.7704,-2.6511,-3.1813,-3.1813,-3.0425,0,0,0
10.865213,1788532552.411628,-1.5502,-0.9816,-0.9816,-0.9816,-0.3986,0,0,0,-15.3447,-15.5460,34.2011,34.2011,34.7092,0,0,0,1.5588,1.6203,2.4305,2.4305,2.5402,0,0,0,1.2381,1.1780,-1.4137,-1.4137,-1.3285,0,0,0,4.8158,4.8244,5.7893,5.7893,5.7913,0,0,0,-2.7704,-2.6574,-3.1889,-3.1889,-3.0518,0,0,0
10.873299,1788532552.418722,-0.9859,-0.9818,-0.9818,-0.9818,-0.4310,0,0,0,-15.7062,-15.5528,34.2162,34.2162,34.6808,0,0,0,2.6399,1.6638,2.4958,2.4958,2.5327,0,0,0,1.3914,1.1872,-1.4246,-1.4246,-1.3335,0,0,0,4.9418,4.8294,5.7953,5.7953,5.7910,0,0,0,-2.9324,-2.6692,-3.2030,-3.2030,-3.0588,0,0,0
10.881299,1788532552.426715,-0.9859,-0.9820,-0.9820,-0.9820,-0.4736,0,0,0,-15.7062,-15.5602,34.2324,34.2324,34.6434,0,0,0,2.6399,1.7105,2.5658,2.5658,2.5232,0,0,0,1.3914,1.1970,-1.4363,-1.4363,-1.3401,0,0,0,4.9418,4.8348,5.8018,5.8018,5.7908,0,0,0,-2.9324,-2.6818,-3.2182,-3.2182,-3.0682,0,0,0
10.889131,1788532552.434039,-0.9859,-0.9822,-0.9822,-0.9822,-0.5155,0,0,0,-15.7062,-15.5666,34.2465,34.2465,34.6067,0,0,0,2.6399,1.7515,2.6272,2.6272,2.5143,0,0,0,1.3914,1.2055,-1.4466,-1.4466,-1.3465,0,0,0,4.9418,4.8395,5.8074,5.8074,5.7905,0,0,0,-2.9324,-2.6929,-3.2314,-3.2314,-3.0775,0,0,0
10.897309,1788532552.442750,-1.1041,-0.9886,-0.9886,-0.9886,-0.5563,0,0,0,-15.5680,-15.5667,34.2467,34.2467,34.5711,0,0,0,2.5874,1.7949,2.6924,2.6924,2.5064,0,0,0,1.4008,1.2157,-1.4588,-1.4588,-1.3527,0,0,0,4.8753,4.8414,5.8097,5.8097,5.7904,0,0,0,-3.0223,-2.7100,-3.2520,-3.2520,-3.0869,0,0,0
10.904821,1788532552.450231,-1.1041,-0.9938,-0.9938,-0.9938,-0.5957,0,0,0,-15.5680,-15.5667,34.2468,34.2468,34.5372,0,0,0,2.5874,1.8306,2.7458,2.7458,2.5006,0,0,0,1.4008,1.2240,-1.4688,-1.4688,-1.3590,0,0,0,4.8753,4.8429,5.8115,5.8115,5.7904,0,0,0,-3.0223,-2.7241,-3.2689,-3.2689,-3.0964,0,0,0
10.913332,1788532552.459237,-1.1331,-1.0013,-1.0013,-1.0013,-0.6331,0,0,0,-15.5637,-15.5666,34.2465,34.2465,34.5055,0,0,0,2.5874,1.8712,2.8068,2.8068,2.4977,0,0,0,1.3700,1.2318,-1.4782,-1.4782,-1.3653,0,0,0,4.8824,4.8450,5.8140,5.8140,5.7906,0,0,0,-2.9763,-2.7376,-3.2851,-3.2851,-3.1061,0,0,0
10.920791,1788532552.467218,-1.1331,-1.0077,-1.0077,-1.0077,-0.6686,0,0,0,-15.5637,-15.5664,34.2462,34.2462,34.4762,0,0,0,2.5874,1.9055,2.8582,2.8582,2.4983,0,0,0,1.3700,1.2385,-1.4861,-1.4861,-1.3717,0,0,0,4.8824,4.8468,5.8162,5.8162,5.7912,0,0,0,-2.9763,-2.7490,-3.2989,-3.2989,-3.1160,0,0,0
10.929311,1788532552.474716,-1.1331,-1.0134,-1.0134,-1.0134,-0.7019,0,0,0,-15.5637,-15.5663,34.2459,34.2459,34.4493,0,0,0,2.5874,1.9363,2.9044,2.9044,2.5026,0,0,0,1.3700,1.2444,-1.4933,-1.4933,-1.3784,0,0,0,4.8824,4.8484,5.8181,5.8181,5.7919,0,0,0,-2.9763,-2.7593,-3.3112,-3.3112,-3.1262,0,0,0
10.937304,1788532552.482719,-1.1331,-1.0192,-1.0192,-1.0192,-0.7331,0,0,0,-15.5637,-15.5662,34.2456,34.2456,34.4248,0,0,0,2.5874,1.9676,2.9513,2.9513,2.5107,0,0,0,1.3700,1.2504,-1.5005,-1.5005,-1.3852,0,0,0,4.8824,4.8500,5.8200,5.8200,5.7928,0,0,0,-2.9763,-2.7697,-3.3237,-3.3237,-3.1368,0,0,0
10.944820,1788532552.491227,-1.1331,-1.0250,-1.0250,-1.0250,-0.7622,0,0,0,-15.5637,-15.5661,34.2453,34.2453,34.4025,0,0,0,2.5874,1.9991,2.9987,2.9987,2.5226,0,0,0,1.3700,1.2565,-1.5078,-1.5078,-1.3923,0,0,0,4.8824,4.8517,5.8220,5.8220,5.7940,0,0,0,-2.9763,-2.7802,-3.3363,-3.3363,-3.1479,0,0,0
10.953325,1788532552.499737,-1.1331,-1.0305,-1.0305,-1.0305,-0.7893,0,0,0,-15.5637,-15.5659,34.2451,34.2451,34.3823,0,0,0,2.5874,2.0291,3.0437,3.0437,2.5382,0,0,0,1.3700,1.2623,-1.5147,-1.5147,-1.3995,0,0,0,4.8824,4.8532,5.8239,5.8239,5.7953,0,0,0,-2.9763,-2.7902,-3.3483,-3.3483,-3.1592,0,0,0
10.961329,1788532552.507742,-1.1331,-1.0355,-1.0355,-1.0355,-0.8144,0,0,0,-15.5637,-15.5658,34.2448,34.2448,34.3642,0,0,0,2.5874,2.0560,3.0839,3.0839,2.5571,0,0,0,1.3700,1.2674,-1.5209,-1.5209,-1.4068,0,0,0,4.8824,4.8546,5.8256,5.8256,5.7967,0,0,0,-2.9763,-2.7992,-3.3590,-3.3590,-3.1708,0,0,0
10.969376,1788532552.515792,-1.1331,-1.0402,-1.0402,-1.0402,-0.8376,0,0,0,-15.5637,-15.5657,34.2446,34.2446,34.3480,0,0,0,2.5874,2.0817,3.1225,3.1225,2.5792,0,0,0,1.3700,1.2724,-1.5269,-1.5269,-1.4142,0,0,0,4.8824,4.8560,5.8272,5.8272,5.7982,0,0,0,-2.9763,-2.8077,-3.3693,-3.3693,-3.1827,0,0,0
10.976657,1788532552.523093,-1.3124,-1.0522,-1.0522,-1.0522,-0.8591,0,0,0,-15.4827,-15.5621,34.2366,34.2366,34.3335,0,0,0,2.6083,2.1049,3.1573,3.1573,2.6042,0,0,0,1.3593,1.2762,-1.5314,-1.5314,-1.4217,0,0,0,4.8383,4.8552,5.8262,5.8262,5.7998,0,0,0,-2.8271,-2.8086,-3.3703,-3.3703,-3.1947,0,0,0
10.984675,1788532552.530580,-1.3124,-1.0640,-1.0640,-1.0640,-0.8741,0,0,0,-15.4827,-15.5585,34.2287,34.2287,34.3237,0,0,0,2.6083,2.1276,3.1914,3.1914,2.6246,0,0,0,1.3593,1.2799,-1.5359,-1.5359,-1.4274,0,0,0,4.8383,4.8544,5.8253,5.8253,5.8011,0,0,0,-2.8271,-2.8094,-3.3713,-3.3713,-3.2039,0,0,0
10.993191,1788532552.539600,-1.3429,-1.0790,-1.0790,-1.0790,-0.8927,0,0,0,-15.4228,-15.5512,34.2127,34.2127,34.3120,0,0,0,2.5310,2.1493,3.2240,3.2240,2.6538,0,0,0,1.2326,1.2774,-1.5329,-1.5329,-1.4349,0,0,0,4.7151,4.8470,5.8164,5.8164,5.8029,0,0,0,-2.7322,-2.8053,-3.3663,-3.3663,-3.2161,0,0,0
11.000695,1788532552.547605,-1.3429,-1.0917,-1.0917,-1.0917,-0.9099,0,0,0,-15.4228,-15.5451,34.1991,34.1991,34.3016,0,0,0,2.5310,2.1677,3.2515,3.2515,2.6849,0,0,0,1.2326,1.2752,-1.5303,-1.5303,-1.4424,0,0,0,4.7151,4.8406,5.8088,5.8088,5.8046,0,0,0,-2.7322,-2.8017,-3.3621,-3.3621,-3.2283,0,0,0
11.008776,1788532552.555621,-1.3429,-1.1039,-1.1039,-1.1039,-0.9259,0,0,0,-15.4228,-15.5392,34.1862,34.1862,34.2923,0,0,0,2.5310,2.1852,3.2778,3.2778,2.7177,0,0,0,1.2326,1.2732,-1.5278,-1.5278,-1.4498,0,0,0,4.7151,4.8346,5.8015,5.8015,5.8064,0,0,0,-2.7322,-2.7984,-3.3581,-3.3581,-3.2404,0,0,0
11.017286,1788532552.562702,-1.3637,-1.1150,-1.1150,-1.1150,-0.9408,0,0,0,-15.4088,-15.5336,34.1740,34.1740,34.2839,0,0,0,2.6290,2.2042,3.3063,3.3063,2.7516,0,0,0,1.2450,1.2720,-1.5264,-1.5264,-1.4571,0,0,0,4.7688,4.8318,5.7982,5.7982,5.8081,0,0,0,-2.7648,-2.7970,-3.3564,-3.3564,-3.2520,0,0,0
11.024791,1788532552.571702,-1.3637,-1.1284,-1.1284,-1.1284,-0.9550,0,0,0,-15.4088,-15.5269,34.1593,34.1593,34.2760,0,0,0,2.6290,2.2270,3.3406,3.3406,2.7865,0,0,0,1.2450,1.2706,-1.5247,-1.5247,-1.4641,0,0,0,4.7688,4.8284,5.7941,5.7941,5.8095,0,0,0,-2.7648,-2.7952,-3.3543,-3.3543,-3.2631,0,0,0
11.033336,1788532552.579051,-1.3637,-1.1388,-1.1388,-1.1388,-0.9685,0,0,0,-15.4088,-15.5217,34.1478,34.1478,34.2685,0,0,0,2.6290,2.2449,3.3673,3.3673,2.8220,0,0,0,1.2450,1.2694,-1.5233,-1.5233,-1.4708,0,0,0,4.7688,4.8258,5.7910,5.7910,5.8106,0,0,0,-2.7648,-2.7939,-3.3527,-3.3527,-3.2735,0,0,0
11.041682,1788532552.588022,-1.3604,-1.1507,-1.1507,-1.1507,-0.9814,0,0,0,-15.4324,-15.5169,34.1373,34.1373,34.2611,0,0,0,2.6951,2.2690,3.4035,3.4035,2.8578,0,0,0,1.3803,1.2753,-1.5304,-1.5304,-1.4769,0,0,0,4.7688,4.8228,5.7873,5.7873,5.8112,0,0,0,-2.7601,-2.7921,-3.3505,-3.3505,-3.2831,0,0,0
11.049123,1788532552.594527,-1.3604,-1.1590,-1.1590,-1.1590,-0.9939,0,0,0,-15.4324,-15.5136,34.1300,34.1300,34.2537,0,0,0,2.6951,2.2858,3.4287,3.4287,2.8937,0,0,0,1.3803,1.2795,-1.5354,-1.5354,-1.4826,0,0,0,4.7688,4.8207,5.7848,5.7848,5.8115,0,0,0,-2.7601,-2.7908,-3.3490,-3.3490,-3.2919,0,0,0
11.057208,1788532552.603045,-1.3604,-1.1693,-1.1693,-1.1693,-1.0060,0,0,0,-15.4324,-15.5095,34.1209,34.1209,34.2463,0,0,0,2.6951,2.3067,3.4601,3.4601,2.9297,0,0,0,1.3803,1.2846,-1.5415,-1.5415,-1.4878,0,0,0,4.7688,4.8180,5.7816,5.7816,5.8114,0,0,0,-2.7601,-2.7893,-3.3471,-3.3471,-3.2998,0,0,0
11.065718,1788532552.610621,-1.3604,-1.1780,-1.1780,-1.1780,-1.0150,0,0,0,-15.4324,-15.5060,34.1132,34.1132,34.2406,0,0,0,2.6951,2.3245,3.4867,3.4867,2.9567,0,0,0,1.3803,1.2890,-1.5467,-1.5467,-1.4913,0,0,0,4.7688,4.8158,5.7789,5.7789,5.8111,0,0,0,-2.7601,-2.7879,-3.3455,-3.3455,-3.3052,0,0,0
11.072826,1788532552.619238,-1.2863,-1.1836,-1.1836,-1.1836,-1.0266,0,0,0,-15.4472,-15.5030,34.1065,34.1065,34.2330,0,0,0,2.7329,2.3455,3.5183,3.5183,2.9925,0,0,0,1.1105,1.2798,-1.5357,-1.5357,-1.4958,0,0,0,4.7331,4.8115,5.7738,5.7738,5.8104,0,0,0,-2.7522,-2.7861,-3.3433,-3.3433,-3.3117,0,0,0
11.081329,1788532552.628239,-1.2863,-1.1891,-1.1891,-1.1891,-1.0381,0,0,0,-15.4472,-15.5000,34.0999,34.0999,34.2251,0,0,0,2.7329,2.3664,3.5496,3.5496,3.0282,0,0,0,1.1105,1.2707,-1.5249,-1.5249,-1.4999,0,0,0,4.7331,4.8073,5.7688,5.7688,5.8094,0,0,0,-2.7522,-2.7843,-3.3411,-3.3411,-3.3174,0,0,0
11.089460,1788532552.634856,-1.2649,-1.1922,-1.1922,-1.1922,-1.0495,0,0,0,-15.4319,-15.4972,34.0939,34.0939,34.2171,0,0,0,2.8236,2.3847,3.5771,3.5771,3.0640,0,0,0,1.3556,1.2741,-1.5289,-1.5289,-1.5039,0,0,0,4.9087,4.8114,5.7737,5.7737,5.8081,0,0,0,-3.2691,-2.8037,-3.3644,-3.3644,-3.3224,0,0,0
11.097468,1788532552.643882,-1.1630,-1.1906,-1.1906,-1.1906,-1.0607,0,0,0,-15.4273,-15.4935,34.0857,34.0857,34.2089,0,0,0,2.9778,2.4167,3.6251,3.6251,3.0999,0,0,0,1.3615,1.2788,-1.5346,-1.5346,-1.5076,0,0,0,4.9713,4.8200,5.7840,5.7840,5.8065,0,0,0,-3.3145,-2.8311,-3.3974,-3.3974,-3.3267,0,0,0
11.105469,1788532552.651881,-1.1185,-1.1871,-1.1871,-1.1871,-1.0717,0,0,0,-15.4273,-15.4903,34.0787,34.0787,34.2006,0,0,0,2.9990,2.4448,3.6671,3.6671,3.1358,0,0,0,1.3615,1.2828,-1.5393,-1.5393,-1.5108,0,0,0,5.0334,4.8302,5.7962,5.7962,5.8046,0,0,0,-3.3384,-2.8555,-3.4266,-3.4266,-3.3303,0,0,0
11.113015,1788532552.658893,-1.1185,-1.1842,-1.1842,-1.1842,-1.0823,0,0,0,-15.4273,-15.4877,34.0728,34.0728,34.1922,0,0,0,2.9990,2.4683,3.7024,3.7024,3.1715,0,0,0,1.3615,1.2861,-1.5433,-1.5433,-1.5137,0,0,0,5.0334,4.8388,5.8065,5.8065,5.8026,0,0,0,-3.3384,-2.8759,-3.4511,-3.4511,-3.3337,0,0,0
11.121026,1788532552.667432,-1.1185,-1.1809,-1.1809,-1.1809,-1.0926,0,0,0,-15.4273,-15.4846,34.0661,34.0661,34.1839,0,0,0,2.9990,2.4955,3.7432,3.7432,3.2074,0,0,0,1.3615,1.2899,-1.5479,-1.5479,-1.5163,0,0,0,5.0334,4.8487,5.8184,5.8184,5.8007,0,0,0,-3.3384,-2.8995,-3.4794,-3.4794,-3.3375,0,0,0
11.129003,1788532552.674907,-1.1185,-1.1781,-1.1781,-1.1781,-1.1022,0,0,0,-15.4273,-15.4820,34.0604,34.0604,34.1755,0,0,0,2.9990,2.5182,3.7773,3.7773,3.2434,0,0,0,1.3615,1.2931,-1.5518,-1.5518,-1.5187,0,0,0,5.0334,4.8570,5.8284,5.8284,5.7991,0,0,0,-3.3384,-2.9192,-3.5031,-3.5031,-3.3420,0,0,0
11.137409,1788532552.683824,-1.1185,-1.1749,-1.1749,-1.1749,-1.1112,0,0,0,-15.4273,-15.4791,34.0540,34.0540,34.1671,0,0,0,2.9990,2.5438,3.8158,3.8158,3.2795,0,0,0,1.3615,1.2968,-1.5561,-1.5561,-1.5210,0,0,0,5.0334,4.8663,5.8396,5.8396,5.7980,0,0,0,-3.3384,-2.9415,-3.5299,-3.5299,-3.3474,0,0,0
11.144916,1788532552.692327,-0.8897,-1.1604,-1.1604,-1.1604,-1.1174,0,0,0,-15.2430,-15.4671,34.0276,34.0276,34.1609,0,0,0,3.0169,2.5680,3.8520,3.8520,3.3067,0,0,0,1.3808,1.3010,-1.5612,-1.5612,-1.5227,0,0,0,4.8554,4.8658,5.8389,5.8389,5.7976,0,0,0,-3.4111,-2.9654,-3.5585,-3.5585,-3.3522,0,0,0
11.153483,1788532552.698839,-0.8897,-1.1497,-1.1497,-1.1497,-1.1251,0,0,0,-15.2430,-15.4583,34.0082,34.0082,34.1527,0,0,0,3.0169,2.5857,3.8786,3.8786,3.3431,0,0,0,1.3808,1.3042,-1.5650,-1.5650,-1.5250,0,0,0,4.8554,4.8654,5.8384,5.8384,5.7975,0,0,0,-3.4111,-2.9830,-3.5796,-3.5796,-3.3596,0,0,0
11.160991,1788532552.707889,-1.7211,-1.1805,-1.1805,-1.1805,-1.1319,0,0,0,-14.6481,-15.4146,33.9121,33.9121,34.1446,0,0,0,2.1089,2.5599,3.8399,3.8399,3.3796,0,0,0,1.3884,1.3087,-1.5705,-1.5705,-1.5273,0,0,0,4.9205,4.8683,5.8420,5.8420,5.7982,0,0,0,-3.4665,-3.0091,-3.6109,-3.6109,-3.3682,0,0,0
11.169007,1788532552.715421,-1.7211,-1.2050,-1.2050,-1.2050,-1.1379,0,0,0,-14.6481,-15.3799,33.8358,33.8358,34.1363,0,0,0,2.1089,2.5395,3.8092,3.8092,3.4162,0,0,0,1.3884,1.3123,-1.5748,-1.5748,-1.5296,0,0,0,4.9205,4.8707,5.8448,5.8448,5.7994,0,0,0,-3.4665,-3.0299,-3.6358,-3.6358,-3.3781,0,0,0
11.177029,1788532552.723427,-1.6114,-1.2246,-1.2246,-1.2246,-1.1428,0,0,0,-14.4588,-15.3356,33.7384,33.7384,34.1276,0,0,0,2.1089,2.5188,3.7781,3.7781,3.4527,0,0,0,1.1721,1.3056,-1.5667,-1.5667,-1.5321,0,0,0,4.8880,4.8715,5.8458,5.8458,5.8011,0,0,0,-3.2408,-3.0400,-3.6480,-3.6480,-3.3893,0,0,0
11.185529,1788532552.732935,-1.6114,-1.2465,-1.2465,-1.2465,-1.1471,0,0,0,-14.4588,-15.2861,33.6293,33.6293,34.1176,0,0,0,2.1089,2.4956,3.7433,3.7433,3.4882,0,0,0,1.1721,1.2981,-1.5577,-1.5577,-1.5346,0,0,0,4.8880,4.8725,5.8469,5.8469,5.8030,0,0,0,-3.2408,-3.0514,-3.6616,-3.6616,-3.4018,0,0,0
11.193700,1788532552.740114,-1.6114,-1.2623,-1.2623,-1.2623,-1.1514,0,0,0,-14.4588,-15.2502,33.5505,33.5505,34.1051,0,0,0,2.1089,2.4788,3.7182,3.7182,3.5216,0,0,0,1.1721,1.2926,-1.5512,-1.5512,-1.5373,0,0,0,4.8880,4.8731,5.8477,5.8477,5.8053,0,0,0,-3.2408,-3.0596,-3.6715,-3.6715,-3.4154,0,0,0
11.201206,1788532552.748116,-0.4363,-1.2226,-1.2226,-1.2226,-1.1560,0,0,0,-14.8256,-15.2298,33.5056,33.5056,34.0895,0,0,0,3.5164,2.5287,3.7930,3.7930,3.5524,0,0,0,1.2607,1.2911,-1.5493,-1.5493,-1.5399,0,0,0,5.0540,4.8818,5.8581,5.8581,5.8078,0,0,0,-3.2392,-3.0682,-3.6818,-3.6818,-3.4301,0,0,0
11.209730,1788532552.756147,-0.4013,-1.1831,-1.1831,-1.1831,-1.1610,0,0,0,-14.7426,-15.2063,33.4539,33.4539,34.0697,0,0,0,3.5260,2.5768,3.8652,3.8652,3.5799,0,0,0,1.2607,1.2896,-1.5476,-1.5476,-1.5424,0,0,0,5.0540,4.8901,5.8681,5.8681,5.8104,0,0,0,-3.1884,-3.0740,-3.6888,-3.6888,-3.4456,0,0,0
11.217248,1788532552.763665,-0.3943,-1.1475,-1.1475,-1.1475,-1.1665,0,0,0,-14.6724,-15.1821,33.4007,33.4007,34.0457,0,0,0,3.6234,2.6242,3.9364,3.9364,3.6041,0,0,0,0.9717,1.2753,-1.5303,-1.5303,-1.5444,0,0,0,5.0503,4.8973,5.8768,5.8768,5.8131,0,0,0,-3.1150,-3.0758,-3.6910,-3.6910,-3.4616,0,0,0
11.225768,1788532552.772666,-0.3943,-1.1071,-1.1071,-1.1071,-1.1707,0,0,0,-14.6724,-15.1547,33.3404,33.3404,34.0250,0,0,0,3.6234,2.6780,4.0170,4.0170,3.6206,0,0,0,0.9717,1.2590,-1.5108,-1.5108,-1.5457,0,0,0,5.0503,4.9055,5.8866,5.8866,5.8152,0,0,0,-3.1150,-3.0779,-3.6935,-3.6935,-3.4738,0,0,0
11.233773,1788532552.779186,-0.3943,-1.0790,-1.0790,-1.0790,-1.1767,0,0,0,-14.6724,-15.1357,33.2984,33.2984,33.9861,0,0,0,3.6234,2.7154,4.0731,4.0731,3.6467,0,0,0,0.9717,1.2477,-1.4973,-1.4973,-1.5475,0,0,0,5.0503,4.9112,5.8934,5.8934,5.8190,0,0,0,-3.1150,-3.0794,-3.6953,-3.6953,-3.4942,0,0,0
11.240931,1788532552.787332,-0.3943,-1.0457,-1.0457,-1.0457,-1.1794,0,0,0,-14.6724,-15.1130,33.2486,33.2486,33.9604,0,0,0,3.6234,2.7599,4.1399,4.1399,3.6624,0,0,0,0.9717,1.2343,-1.4811,-1.4811,-1.5482,0,0,0,5.0503,4.9180,5.9016,5.9016,5.8215,0,0,0,-3.1150,-3.0811,-3.6974,-3.6974,-3.5064,0,0,0
11.249975,1788532552.794993,-0.3943,-1.0158,-1.0158,-1.0158,-1.1814,0,0,0,-14.6724,-15.0927,33.2039,33.2039,33.9237,0,0,0,3.6234,2.7998,4.1997,4.1997,3.6842,0,0,0,0.9717,1.2222,-1.4667,-1.4667,-1.5485,0,0,0,5.0503,4.9241,5.9089,5.9089,5.8251,0,0,0,-3.1150,-3.0827,-3.6992,-3.6992,-3.5224,0,0,0
11.257257,1788532552.803908,-0.3943,-0.9828,-0.9828,-0.9828,-1.1814,0,0,0,-14.6724,-15.0703,33.1546,33.1546,33.8844,0,0,0,3.6234,2.8438,4.2657,4.2657,3.7075,0,0,0,0.9717,1.2089,-1.4507,-1.4507,-1.5480,0,0,0,5.0503,4.9308,5.9169,5.9169,5.8291,0,0,0,-3.1150,-3.0844,-3.7013,-3.7013,-3.5378,0,0,0
11.265615,1788532552.811536,-0.3943,-0.9558,-0.9558,-0.9558,-1.1794,0,0,0,-14.6724,-15.0520,33.1144,33.1144,33.8431,0,0,0,3.6234,2.8797,4.3196,4.3196,3.7327,0,0,0,0.9717,1.1981,-1.4377,-1.4377,-1.5465,0,0,0,5.0503,4.9362,5.9235,5.9235,5.8334,0,0,0,-3.1150,-3.0858,-3.7030,-3.7030,-3.5527,0,0,0
11.273133,1788532552.820547,-0.3943,-0.9257,-0.9257,-0.9257,-1.1752,0,0,0,-14.6724,-15.0315,33.0694,33.0694,33.8001,0,0,0,3.6234,2.9198,4.3798,4.3798,3.7599,0,0,0,0.9717,1.1859,-1.4231,-1.4231,-1.5441,0,0,0,5.0503,4.9424,5.9308,5.9308,5.8380,0,0,0,-3.1150,-3.0874,-3.7049,-3.7049,-3.5668,0,0,0
11.281134,1788532552.827547,-0.3943,-0.9032,-0.9032,-0.9032,-1.1689,0,0,0,-14.6724,-15.0163,33.0359,33.0359,33.7557,0,0,0,3.6234,2.9497,4.4245,4.4245,3.7894,0,0,0,0.9717,1.1769,-1.4123,-1.4123,-1.5408,0,0,0,5.0503,4.9469,5.9363,5.9363,5.8429,0,0,0,-3.1150,-3.0886,-3.7063,-3.7063,-3.5802,0,0,0
11.289862,1788532552.835772,-0.3943,-0.8782,-0.8782,-0.8782,-1.1605,0,0,0,-14.6724,-14.9994,32.9986,32.9986,33.7101,0,0,0,3.6234,2.9830,4.4746,4.4746,3.8213,0,0,0,0.9717,1.1668,-1.4002,-1.4002,-1.5365,0,0,0,5.0503,4.9520,5.9424,5.9424,5.8481,0,0,0,-3.1150,-3.0899,-3.7078,-3.7078,-3.5928,0,0,0
11.297376,1788532552.844284,0.4575,-0.8102,-0.8102,-0.8102,-1.1501,0,0,0,-13.4695,-14.9213,32.8268,32.8268,33.6637,0,0,0,4.6836,3.0701,4.6051,4.6051,3.8553,0,0,0,0.1136,1.1132,-1.3359,-1.3359,-1.5313,0,0,0,5.6534,4.9877,5.9852,5.9852,5.8535,0,0,0,-3.4509,-3.1082,-3.7299,-3.7299,-3.6046,0,0,0
11.305454,1788532552.850868,0.8340,-0.7446,-0.7446,-0.7446,-1.1378,0,0,0,-13.3523,-14.8585,32.6887,32.6887,33.6168,0,0,0,4.8619,3.1419,4.7129,4.7129,3.8915,0,0,0,-0.0407,1.0673,-1.2807,-1.2807,-1.5252,0,0,0,5.6563,5.0143,6.0171,6.0171,5.8591,0,0,0,-3.3908,-3.1195,-3.7434,-3.7434,-3.6155,0,0,0
11.313752,1788532552.859609,0.9335,-0.6568,-0.6568,-0.6568,-1.1239,0,0,0,-13.2531,-14.7743,32.5035,32.5035,33.5697,0,0,0,4.8619,3.2323,4.8485,4.8485,3.9295,0,0,0,-0.1902,1.0016,-1.2019,-1.2019,-1.5184,0,0,0,5.6996,5.0500,6.0600,6.0600,5.8649,0,0,0,-3.3908,-3.1336,-3.7604,-3.7604,-3.6257,0,0,0
11.321754,1788532552.867167,0.9335,-0.5842,-0.5842,-0.5842,-1.1082,0,0,0,-13.2531,-14.7048,32.3506,32.3506,33.5215,0,0,0,4.8619,3.3070,4.9605,4.9605,3.9698,0,0,0,-0.1902,0.9474,-1.1368,-1.1368,-1.5105,0,0,0,5.6996,5.0796,6.0955,6.0955,5.8712,0,0,0,-3.3908,-3.1453,-3.7744,-3.7744,-3.6353,0,0,0
11.329272,1788532552.875690,1.1838,-0.4937,-0.4937,-0.4937,-1.0949,0,0,0,-12.9831,-14.6165,32.1563,32.1563,33.4835,0,0,0,4.6352,3.3752,5.0629,5.0629,4.0021,0,0,0,-0.5462,0.8711,-1.0453,-1.0453,-1.5034,0,0,0,5.9556,5.1242,6.1491,6.1491,5.8765,0,0,0,-3.6110,-3.1691,-3.8029,-3.8029,-3.6422,0,0,0
11.337359,1788532552.883690,1.1838,-0.4128,-0.4128,-0.4128,-1.0748,0,0,0,-12.9831,-14.5376,31.9827,31.9827,33.4296,0,0,0,4.6352,3.4362,5.1543,5.1543,4.0484,0,0,0,-0.5462,0.8029,-0.9634,-0.9634,-1.4919,0,0,0,5.9556,5.1642,6.1970,6.1970,5.8845,0,0,0,-3.6110,-3.1903,-3.8283,-3.8283,-3.6513,0,0,0
11.344863,1788532552.891774,1.5331,-0.3180,-0.3180,-0.3180,-1.0515,0,0,0,-12.3481,-14.4306,31.7474,31.7827,33.3708,1,0,0,4.4111,3.4839,5.2258,5.2258,4.0990,0,0,0,-0.5462,0.7373,-0.8847,-0.8847,-1.4777,0,0,0,5.8658,5.1982,6.2379,6.2379,5.8940,0,0,0,-3.4541,-3.2031,-3.8437,-3.8437,-3.6604,0,0,0
11.353371,1788532552.899787,1.5331,-0.2284,-0.2284,-0.2284,-1.0248,0,0,0,-11.9823,-14.3119,31.4861,31.5827,33.3061,1,0,0,4.2083,3.5190,5.2785,5.2785,4.1540,0,0,0,-0.8128,0.6624,-0.7949,-0.7949,-1.4602,0,0,0,5.8241,5.2283,6.2740,6.2740,5.9051,0,0,0,-3.4396,-3.2144,-3.8573,-3.8573,-3.6696,0,0,0
11.361879,1788532552.907293,1.5331,-0.1482,-0.1482,-0.1482,-0.9943,0,0,0,-11.9823,-14.2056,31.2523,31.3827,33.2349,1,0,0,4.2083,3.5504,5.3256,5.3256,4.2131,0,0,0,-0.8128,0.5955,-0.7146,-0.7146,-1.4390,0,0,0,5.8241,5.2553,6.3063,6.3063,5.9183,0,0,0,-3.4396,-3.2246,-3.8695,-3.8695,-3.6792,0,0,0
11.369578,1788532552.915971,1.5331,-0.0603,-0.0603,-0.0603,-0.9600,0,0,0,-11.9823,-14.0891,30.9960,31.1827,33.1565,1,0,0,4.2083,3.5848,5.3772,5.3772,4.2760,0,0,0,-0.8128,0.5221,-0.6265,-0.6265,-1.4138,0,0,0,5.8241,5.2848,6.3418,6.3418,5.9336,0,0,0,-3.4396,-3.2358,-3.8829,-3.8829,-3.6894,0,0,0
11.377780,1788532552.923187,2.1871,0.0383,0.0383,0.0383,-0.9216,0,0,0,-11.2240,-13.9629,30.7184,30.9827,33.0705,1,0,0,3.2406,3.5697,5.3546,5.3546,4.3420,0,0,0,-0.4276,0.4805,-0.5766,-0.5766,-1.3845,0,0,0,5.1680,5.2797,6.3357,6.3357,5.9510,0,0,0,-2.4452,-3.2014,-3.8417,-3.8417,-3.7001,0,0,0
11.385269,1788532552.932178,2.1871,0.1547,0.1547,0.1547,-0.8791,0,0,0,-11.2240,-13.8141,30.3910,30.7827,32.9765,1,0,0,3.2406,3.5519,5.3279,5.3279,4.4100,0,0,0,-0.4276,0.4315,-0.5178,-0.5178,-1.3510,0,0,0,5.1680,5.2737,6.3285,6.3285,5.9704,0,0,0,-2.4452,-3.1609,-3.7931,-3.7931,-3.7112,0,0,0
11.393781,1788532552.940196,2.1871,0.2535,0.2535,0.2535,-0.8329,0,0,0,-11.2240,-13.6877,30.1130,30.5827,32.8745,1,0,0,3.2406,3.5369,5.3053,5.3053,4.4794,0,0,0,-0.4276,0.3900,-0.4680,-0.4680,-1.3134,0,0,0,5.1680,5.2687,6.3224,6.3224,5.9915,0,0,0,-2.4452,-3.1265,-3.7518,-3.7518,-3.7228,0,0,0
11.401793,1788532552.948199,2.1871,0.3474,0.3474,0.3474,-0.7957,0,0,0,-11.2240,-13.5676,29.8488,30.3827,32.7927,1,0,0,3.2406,3.5226,5.2839,5.2839,4.5318,0,0,0,-0.4276,0.3505,-0.4206,-0.4206,-1.2825,0,0,0,5.1680,5.2638,6.3166,6.3166,6.0083,0,0,0,-2.4452,-3.0939,-3.7127,-3.7127,-3.7315,0,0,0
11.409322,1788532552.955725,2.1871,0.4317,0.4317,0.4317,-0.7427,0,0,0,-11.2240,-13.4598,29.6115,30.1827,32.6767,1,0,0,3.2406,3.5097,5.2646,5.2646,4.6006,0,0,0,-0.4276,0.3150,-0.3780,-0.3780,-1.2384,0,0,0,5.1680,5.2595,6.3114,6.3114,6.0315,0,0,0,-2.4452,-3.0646,-3.6775,-3.6775,-3.7425,0,0,0
11.417840,1788532552.964262,3.2545,0.5778,0.5778,0.5778,-0.6855,0,0,0,-9.0532,-13.2308,29.1077,29.9827,32.5525,1,0,0,1.2308,3.3931,5.0896,5.0896,4.6671,0,0,0,-1.2925,0.2324,-0.2789,-0.2789,-1.1913,0,0,0,4.7169,5.2318,6.2781,6.2781,6.0547,0,0,0,-2.4945,-3.0356,-3.6427,-3.6427,-3.7519,0,0,0
11.425881,1788532552.970788,3.2545,0.6851,0.6851,0.6851,-0.6232,0,0,0,-9.0532,-13.0623,28.7372,29.7827,32.4183,1,0,0,1.2308,3.3075,4.9613,4.9613,4.7299,0,0,0,-1.2925,0.1717,-0.2060,-0.2060,-1.1412,0,0,0,4.7169,5.2115,6.2537,6.2537,6.0775,0,0,0,-2.4945,-3.0142,-3.6171,-3.6171,-3.7588,0,0,0
11.433897,1788532552.979314,3.2545,0.8181,0.8181,0.8181,-0.5559,0,0,0,-9.0532,-12.8535,28.2776,29.5827,32.2744,1,0,0,1.2308,3.2017,4.8025,4.8025,4.7879,0,0,0,-1.2925,0.0964,-0.1157,-0.1157,-1.0886,0,0,0,4.7169,5.1863,6.2235,6.2235,6.0993,0,0,0,-2.4945,-2.9878,-3.5853,-3.5853,-3.7627,0,0,0
11.441416,1788532552.988321,3.7054,0.9757,0.9757,0.9757,-0.4837,0,0,0,-8.4017,-12.6088,27.7393,29.3827,32.1221,1,0,0,-0.3597,3.0109,4.5164,4.6025,4.8387,1,0,0,-2.1274,-0.0241,0.0289,0.0289,-1.0335,0,0,0,4.3017,5.1388,6.1666,6.1666,6.1195,0,0,0,-1.9689,-2.9331,-3.5198,-3.5198,-3.7637,0,0,0
11.450475,1788532552.996373,3.7054,1.1099,1.1099,1.1099,-0.4068,0,0,0,-8.4017,-12.4004,27.2810,29.1827,31.9623,1,0,0,-0.3597,2.8482,4.2723,4.4025,4.8805,1,0,0,-2.1274,-0.1267,0.1520,0.1520,-0.9760,0,0,0,4.3017,5.0985,6.1182,6.1182,6.1376,0,0,0,-1.9689,-2.8866,-3.4639,-3.4639,-3.7619,0,0,0
11.458003,1788532553.003907,3.7054,1.2297,1.2297,1.2297,-0.3254,0,0,0,-8.4017,-12.2143,26.8715,28.9827,31.7960,1,0,0,-0.3597,2.7025,4.0538,4.2025,4.9117,1,0,0,-2.1274,-0.2184,0.2620,0.2620,-0.9159,0,0,0,4.3017,5.0625,6.0750,6.0750,6.1532,0,0,0,-1.9689,-2.8450,-3.4140,-3.4140,-3.7574,0,0,0
11.466551,1788532553.012460,3.7054,1.3587,1.3587,1.3587,-0.2391,0,0,0,-8.4017,-12.0139,26.4307,28.7827,31.6239,1,0,0,-0.3597,2.5453,3.8180,4.0025,4.9308,1,0,0,-2.1274,-0.3171,0.3805,0.3805,-0.8525,0,0,0,4.3017,5.0237,6.0284,6.0284,6.1656,0,0,0,-1.9689,-2.8002,-3.3602,-3.3602,-3.7497,0,0,0
11.474082,1788532553.020497,3.7054,1.4740,1.4740,1.4740,-0.1482,0,0,0,-8.4017,-11.8348,26.0365,28.5827,31.4469,1,0,0,-0.3597,2.4045,3.6068,3.8025,4.9366,1,0,0,-2.1274,-0.4054,0.4865,0.4865,-0.7856,0,0,0,4.3017,4.9889,5.9867,5.9867,6.1746,0,0,0,-1.9689,-2.7601,-3.3121,-3.3121,-3.7388,0,0,0
11.482083,1788532553.027509,3.7054,1.5704,1.5704,1.5704,-0.0532,0,0,0,-8.4017,-11.6851,25.7072,28.3827,31.2657,1,0,0,-0.3597,2.2867,3.4301,3.6025,4.9283,1,0,0,-2.1274,-0.4792,0.5751,0.5751,-0.7150,0,0,0,4.3017,4.9599,5.9518,5.9518,6.1798,0,0,0,-1.9689,-2.7265,-3.2719,-3.2719,-3.7246,0,0,0
11.489890,1788532553.036799,5.9359,1.8170,1.8170,1.7704,0.0456,1,0,0,-7.1079,-11.4241,25.1330,28.1827,31.0808,1,0,0,-1.8637,2.0551,3.0826,3.4025,4.9058,1,0,0,-3.1735,-0.6302,0.7563,0.7563,-0.6408,0,0,0,3.3378,4.8702,5.8442,5.8442,6.1813,0,0,0,-0.6527,-2.6116,-3.1339,-3.1339,-3.7071,0,0,0
11.498410,1788532553.044823,6.1068,2.0284,2.0284,1.9704,0.1477,1,0,0,-6.8621,-11.1973,24.6341,27.9827,30.8928,1,0,0,-1.8637,1.8643,2.7964,3.2025,4.8690,1,0,0,-3.2432,-0.7578,0.9094,0.9094,-0.5632,0,0,0,3.3378,4.7964,5.7556,5.7556,6.1791,0,0,0,-0.3688,-2.5032,-3.0039,-3.0039,-3.6867,0,0,0
11.505934,1788532553.053340,6.1068,2.2414,2.2414,2.1704,0.2525,1,0,0,-6.8621,-10.9690,24.1318,27.7827,30.7021,1,0,0,-1.8637,1.6719,2.5078,3.0025,4.8182,1,0,0,-3.2432,-0.8864,1.0637,1.0637,-0.4825,0,0,0,3.3378,4.7220,5.6664,5.6664,6.1732,0,0,0,-0.3688,-2.3940,-2.8728,-2.8728,-3.6632,0,0,0
11.514639,1788532553.059880,6.5665,2.4172,2.4172,2.3704,0.3608,1,0,0,-6.7802,-10.7973,23.7540,27.5827,30.5093,1,0,0,-1.4213,1.5476,2.3215,2.8025,4.7538,1,0,0,-3.5446,-0.9934,1.1920,1.1920,-0.3980,0,0,0,3.8772,4.6885,5.6261,5.6261,6.1630,0,0,0,-0.0033,-2.2987,-2.7585,-2.7585,-3.6356,0,0,0
11.522640,1788532553.069053,6.7990,2.6634,2.6634,2.5704,0.4735,1,0,0,-6.6438,-10.5621,23.2367,27.3827,30.3145,1,0,0,-0.8218,1.4162,2.1242,2.6025,4.6765,1,0,0,-3.3937,-1.1268,1.3521,1.3521,-0.3091,0,0,0,4.0350,4.6527,5.5832,5.5832,6.1479,0,0,0,-0.0880,-2.1771,-2.6125,-2.6125,-3.6032,0,0,0
11.530168,1788532553.076587,6.7990,2.8565,2.8565,2.7704,0.5911,1,0,0,-6.5140,-10.3718,22.8179,27.1827,30.1182,1,0,0,-0.3003,1.3371,2.0057,2.4025,4.5869,1,0,0,-3.0875,-1.2172,1.4607,1.4607,-0.2159,0,0,0,4.3055,4.6369,5.5643,5.5643,6.1279,0,0,0,-0.7936,-2.1139,-2.5366,-2.5366,-3.5651,0,0,0
11.538168,1788532553.084583,6.7396,3.0486,3.0486,2.9704,0.7140,1,0,0,-6.0335,-10.1557,22.3425,26.9827,29.9206,1,0,0,-0.3003,1.2573,1.8860,2.2025,4.4858,1,0,0,-3.0875,-1.3085,1.5703,1.5703,-0.1184,0,0,0,4.3055,4.6210,5.5452,5.5452,6.1035,0,0,0,-0.7936,-2.0500,-2.4600,-2.4600,-3.5213,0,0,0
11.546718,1788532553.092133,6.7253,3.2209,3.2209,3.1704,0.8097,1,0,0,-5.8760,-9.9536,21.8979,26.7827,29.7718,1,0,0,-0.9058,1.1574,1.7361,2.0025,4.4030,1,0,0,-3.7788,-1.4229,1.7074,1.7074,-0.0425,0,0,0,3.6127,4.5750,5.4901,5.4901,6.0827,0,0,0,-0.5562,-1.9816,-2.3779,-2.3779,-3.4844,0,0,0
11.554312,1788532553.100219,6.6691,3.3936,3.3936,3.3704,0.9422,1,0,0,-5.6177,-9.7349,21.4167,26.5827,29.5725,1,0,0,-0.9058,1.0557,1.5835,1.8025,4.2837,1,0,0,-3.9790,-1.5492,1.8590,1.8590,0.0619,0,0,0,3.6127,4.5282,5.4339,5.4339,6.0524,0,0,0,-0.5562,-1.9118,-2.2942,-2.2942,-3.4304,0,0,0
11.562316,1788532553.107727,6.6691,3.5465,3.5465,3.5465,1.0802,0,0,0,-5.6177,-9.5412,20.9906,26.3827,29.3725,1,0,0,-0.9058,0.9655,1.4482,1.6025,4.1551,1,0,0,-3.9790,-1.6612,1.9934,1.9934,0.1693,0,0,0,3.6127,4.4867,5.3841,5.3841,6.0200,0,0,0,-0.5562,-1.8500,-2.2200,-2.2200,-3.3716,0,0,0
11.570132,1788532553.116266,6.6691,3.7114,3.7114,3.7114,1.2236,0,0,0,-5.6177,-9.3325,20.5314,26.1827,29.1720,1,0,0,-0.9058,0.8682,1.3023,1.4025,4.0179,1,0,0,-3.9790,-1.7820,2.1384,2.1384,0.2794,0,0,0,3.6127,4.4419,5.3303,5.3303,5.9857,0,0,0,-0.5562,-1.7833,-2.1399,-2.1399,-3.3087,0,0,0
11.578638,1788532553.124055,6.6691,3.8545,3.8545,3.8545,1.3721,0,0,0,-5.6177,-9.1513,20.1329,25.9827,28.9711,1,0,0,-0.9058,0.7837,1.1756,1.2025,3.8730,1,0,0,-3.9790,-1.8869,2.2643,2.2643,0.3923,0,0,0,3.6127,4.4030,5.2836,5.2836,5.9495,0,0,0,-0.5562,-1.7253,-2.0704,-2.0704,-3.2422,0,0,0
11.586641,1788532553.133056,6.6691,4.0107,4.0107,4.0107,1.5253,0,0,0,-5.6177,-8.9537,19.6981,25.7827,28.7699,1,0,0,-0.9058,0.6914,1.0371,1.0371,3.7211,0,0,0,-3.9790,-2.0016,2.4019,2.4019,0.5079,0,0,0,3.6127,4.3604,5.2325,5.2325,5.9115,0,0,0,-0.5562,-1.6619,-1.9943,-1.9943,-3.1727,0,0,0
11.594156,1788532553.139578,6.6212,4.1173,4.1173,4.1173,1.6823,0,0,0,-5.7274,-8.8208,19.4057,25.5827,28.5684,1,0,0,-0.6002,0.6394,0.9592,0.9592,3.5629,0,0,0,-4.5880,-2.1060,2.5272,2.5272,0.6259,0,0,0,5.0917,4.3894,5.2672,5.2672,5.8720,0,0,0,-0.9473,-1.6334,-1.9601,-1.9601,-3.1008,0,0,0
11.602768,1788532553.148102,6.6212,4.2493,4.2493,4.2493,1.8423,0,0,0,-5.7274,-8.6564,19.0441,25.3827,28.3668,1,0,0,-0.6002,0.5751,0.8627,0.8627,3.3990,0,0,0,-4.5880,-2.2353,2.6824,2.6824,0.7462,0,0,0,5.0917,4.4253,5.3103,5.3103,5.8311,0,0,0,-0.9473,-1.5981,-1.9177,-1.9177,-3.0270,0,0,0
11.610286,1788532553.156706,6.6212,4.3754,4.3754,4.3754,1.9637,0,0,0,-5.7274,-8.4994,18.6987,25.1827,28.2155,1,0,0,-0.6002,0.5136,0.7704,0.7704,3.2730,0,0,0,-4.5880,-2.3591,2.8309,2.8309,0.8377,0,0,0,5.0917,4.4596,5.3515,5.3515,5.7996,0,0,0,-0.9473,-1.5643,-1.8771,-1.8771,-2.9706,0,0,0
11.618793,1788532553.164208,6.6212,4.4803,4.4803,4.4803,2.1267,0,0,0,-5.7274,-8.3690,18.4117,24.9827,28.0138,1,0,0,-0.6002,0.4624,0.6936,0.6936,3.1025,0,0,0,-4.5880,-2.4620,2.9544,2.9544,0.9612,0,0,0,5.0917,4.4882,5.3858,5.3858,5.7572,0,0,0,-0.9473,-1.5362,-1.8434,-1.8434,-2.8947,0,0,0
11.625828,1788532553.173249,6.6212,4.5995,4.5995,4.5995,2.2898,0,0,0,-5.7274,-8.2207,18.0856,24.7827,27.8120,1,0,0,-0.6002,0.4042,0.6062,0.6062,2.9311,0,0,0,-4.5880,-2.5793,3.0951,3.0951,1.0863,0,0,0,5.0917,4.5207,5.4249,5.4249,5.7160,0,0,0,-0.9473,-1.5041,-1.8049,-1.8049,-2.8186,0,0,0
11.634936,1788532553.180755,6.6212,4.6938,4.6938,4.6938,2.4526,0,0,0,-5.7274,-8.1034,17.8275,24.5827,27.6103,1,0,0,-0.6002,0.3580,0.5370,0.5370,2.7602,0,0,0,-4.5880,-2.6721,3.2066,3.2066,1.2132,0,0,0,5.0917,4.5465,5.4558,5.4558,5.6770,0,0,0,-0.9473,-1.4787,-1.7745,-1.7745,-2.7432,0,0,0
11.642466,1788532553.189871,6.6212,4.8019,4.8019,4.8019,2.6142,0,0,0,-5.7274,-7.9692,17.5321,24.3827,27.4087,1,0,0,-0.6002,0.3051,0.4576,0.4576,2.5913,0,0,0,-4.5880,-2.7786,3.3344,3.3344,1.3416,0,0,0,5.0917,4.5761,5.4913,5.4913,5.6412,0,0,0,-0.9473,-1.4496,-1.7395,-1.7395,-2.6688,0,0,0
11.650311,1788532553.197222,6.8366,4.8949,4.8949,4.8949,2.7740,0,0,0,-6.7424,-7.9127,17.4079,24.1827,27.2071,1,0,0,-0.2868,0.2785,0.4177,0.4177,2.4255,0,0,0,-5.1818,-2.8876,3.4651,3.4651,1.4712,0,0,0,5.3885,4.6120,5.5344,5.5344,5.6090,0,0,0,-1.3864,-1.4468,-1.7361,-1.7361,-2.5960,0,0,0
11.658824,1788532553.203731,6.8366,4.9739,4.9739,4.9739,2.9316,0,0,0,-6.7424,-7.8648,17.3025,23.9827,27.0055,1,0,0,-0.2868,0.2558,0.3838,0.3838,2.2636,0,0,0,-5.1818,-2.9802,3.5763,3.5763,1.6018,0,0,0,5.3885,4.6426,5.5711,5.5711,5.5810,0,0,0,-1.3864,-1.4444,-1.7333,-1.7333,-2.5250,0,0,0
11.666840,1788532553.212265,6.8366,5.0720,5.0720,5.0720,3.0864,0,0,0,-6.7424,-7.8054,17.1718,23.7827,26.8041,1,0,0,-0.2868,0.2277,0.3416,0.3416,2.1063,0,0,0,-5.1818,-3.0953,3.7144,3.7144,1.7330,0,0,0,5.3885,4.6806,5.6167,5.6167,5.5571,0,0,0,-1.3864,-1.4414,-1.7297,-1.7297,-2.4562,0,0,0
11.674141,1788532553.220455,6.7303,5.1560,5.1560,5.1560,3.2380,0,0,0,-6.3297,-7.7303,17.0067,23.5827,26.6028,1,0,0,-0.3483,0.1990,0.2985,0.2985,1.9543,0,0,0,-5.2159,-3.2020,3.8424,3.8424,1.8645,0,0,0,5.1818,4.7051,5.6461,5.6461,5.5377,0,0,0,-1.1199,-1.4255,-1.7106,-1.7106,-2.3898,0,0,0
11.682141,1788532553.228566,6.7303,5.2349,5.2349,5.2349,3.3861,0,0,0,-6.3297,-7.6598,16.8515,23.3827,26.4015,1,0,0,-0.3483,0.1720,0.2580,0.2580,1.8084,0,0,0,-5.2159,-3.3023,3.9628,3.9628,1.9961,0,0,0,5.1818,4.7282,5.6739,5.6739,5.5228,0,0,0,-1.1199,-1.4106,-1.6927,-1.6927,-2.3266,0,0,0
11.690867,1788532553.237779,6.7303,5.3194,5.3194,5.3194,3.5304,0,0,0,-6.3297,-7.5843,16.6855,23.1827,26.2004,1,0,0,-0.3483,0.1431,0.2146,0.2146,1.6692,0,0,0,-5.2159,-3.4099,4.0919,4.0919,2.1277,0,0,0,5.1818,4.7530,5.7037,5.7037,5.5124,0,0,0,-1.1199,-1.3945,-1.6734,-1.6734,-2.2668,0,0,0
11.698873,1788532553.244287,6.7303,5.3766,5.3766,5.3766,3.6707,0,0,0,-6.3297,-7.5332,16.5730,22.9827,25.9993,1,0,0,-0.3483,0.1235,0.1852,0.1852,1.5369,0,0,0,-5.2159,-3.4828,4.1794,4.1794,2.2593,0,0,0,5.1818,4.7699,5.7239,5.7239,5.5063,0,0,0,-1.1199,-1.3836,-1.6603,-1.6603,-2.2105,0,0,0
11.706874,1788532553.252287,6.7303,5.4435,5.4435,5.4435,3.7732,0,0,0,-6.3297,-7.4735,16.4418,22.7827,25.8486,1,0,0,-0.3483,0.1005,0.1508,0.1508,1.4423,0,0,0,-5.2159,-3.5681,4.2817,4.2817,2.3579,0,0,0,5.1818,4.7896,5.7476,5.7476,5.5045,0,0,0,-1.1199,-1.3709,-1.6450,-1.6450,-2.1706,0,0,0
11.714905,1788532553.261308,6.4268,5.4978,5.4978,5.4978,3.9063,0,0,0,-5.3519,-7.3558,16.1827,22.5827,25.6477,1,0,0,-0.3204,0.0776,0.1164,0.1164,1.3221,0,0,0,-5.1105,-3.6530,4.3836,4.3836,2.4892,0,0,0,4.9658,4.7991,5.7589,5.7589,5.5052,0,0,0,-1.0486,-1.3534,-1.6241,-1.6241,-2.1202,0,0,0
11.722921,1788532553.269335,6.4268,5.5438,5.5438,5.5438,4.0352,0,0,0,-5.3519,-7.2562,15.9636,22.3827,25.4469,1,0,0,-0.3204,0.0582,0.0873,0.0873,1.2088,0,0,0,-5.1105,-3.7249,4.4699,4.4699,2.6201,0,0,0,4.9658,4.8071,5.7685,5.7685,5.5093,0,0,0,-1.0486,-1.3387,-1.6064,-1.6064,-2.0730,0,0,0
11.730430,1788532553.276840,6.4268,5.5847,5.5847,5.5847,4.1596,0,0,0,-5.3519,-7.1674,15.7684,22.1827,25.2462,1,0,0,-0.3204,0.0409,0.0614,0.0614,1.1023,0,0,0,-5.1105,-3.7889,4.5467,4.5467,2.7500,0,0,0,4.9658,4.8143,5.7771,5.7771,5.5163,0,0,0,-1.0486,-1.3255,-1.5906,-1.5906,-2.0288,0,0,0
11.738952,1788532553.284359,6.4268,5.6238,5.6238,5.6238,4.2794,0,0,0,-5.3519,-7.0827,15.5820,21.9827,25.0456,1,0,0,-0.3204,0.0244,0.0366,0.0366,1.0023,0,0,0,-5.1105,-3.8501,4.6202,4.6202,2.8787,0,0,0,4.9658,4.8211,5.7853,5.7853,5.5259,0,0,0,-1.0486,-1.3129,-1.5755,-1.5755,-1.9875,0,0,0
11.746467,1788532553.293375,6.3112,5.6617,5.6617,5.6617,4.3945,0,0,0,-5.5553,-6.9981,15.3958,21.7827,24.8450,1,0,0,-0.0692,0.0193,0.0290,0.0290,0.9086,0,0,0,-5.0427,-3.9157,4.6989,4.6989,3.0058,0,0,0,5.2428,4.8438,5.8125,5.8125,5.5375,0,0,0,-1.3478,-1.3148,-1.5778,-1.5778,-1.9489,0,0,0
11.754999,1788532553.299909,6.3112,5.6880,5.6880,5.6880,4.5046,0,0,0,-5.5553,-6.9393,15.2664,21.5827,24.6445,1,0,0,-0.0692,0.0158,0.0237,0.0237,0.8209,0,0,0,-5.0427,-3.9613,4.7536,4.7536,3.1310,0,0,0,5.2428,4.8595,5.8314,5.8314,5.5506,0,0,0,-1.3478,-1.3161,-1.5793,-1.5793,-1.9126,0,0,0
11.762573,1788532553.307987,6.3890,5.7227,5.7227,5.7227,4.6096,0,0,0,-5.7136,-6.8781,15.1319,21.3827,24.4441,1,0,0,-0.0106,0.0145,0.0217,0.0217,0.7391,0,0,0,-5.0212,-4.0138,4.8165,4.8165,3.2538,0,0,0,5.3018,4.8809,5.8571,5.8571,5.5648,0,0,0,-1.4047,-1.3204,-1.5845,-1.5845,-1.8786,0,0,0
11.770085,1788532553.317495,6.3890,5.7612,5.7612,5.7612,4.7096,0,0,0,-5.7136,-6.8105,14.9830,21.1827,24.2437,1,0,0,-0.0106,0.0131,0.0196,0.0196,0.6629,0,0,0,-5.0212,-4.0719,4.8863,4.8863,3.3740,0,0,0,5.3018,4.9047,5.8856,5.8856,5.5800,0,0,0,-1.4047,-1.3252,-1.5902,-1.5902,-1.8468,0,0,0
11.779052,1788532553.325467,6.3890,5.7919,5.7919,5.7919,4.7811,0,0,0,-5.7136,-6.7565,14.8643,20.9827,24.0934,1,0,0,-0.0106,0.0119,0.0179,0.0179,0.6094,0,0,0,-5.0212,-4.1183,4.9419,4.9419,3.4622,0,0,0,5.3018,4.9237,5.9084,5.9084,5.5918,0,0,0,-1.4047,-1.3290,-1.5948,-1.5948,-1.8244,0,0,0
11.787051,1788532553.333466,6.3890,5.8211,5.8211,5.8211,4.8721,0,0,0,-5.7136,-6.7051,14.7512,20.7827,23.8931,1,0,0,-0.0106,0.0108,0.0162,0.0162,0.5429,0,0,0,-5.0212,-4.1625,4.9950,4.9950,3.5769,0,0,0,5.3018,4.9418,5.9302,5.9302,5.6083,0,0,0,-1.4047,-1.3327,-1.5992,-1.5992,-1.7966,0,0,0
11.795124,1788532553.341548,6.3890,5.8492,5.8492,5.8492,4.9580,0,0,0,-5.7136,-6.6558,14.6428,20.5827,23.6923,1,0,0,-0.0106,0.0098,0.0147,0.0147,0.4819,0,0,0,-5.0212,-4.2049,5.0459,5.0459,3.6883,0,0,0,5.3018,4.9593,5.9511,5.9511,5.6256,0,0,0,-1.4047,-1.3362,-1.6034,-1.6034,-1.7712,0,0,0
11.803124,1788532553.348550,6.3696,5.8716,5.8716,5.8716,5.0396,0,0,0,-5.6009,-6.6101,14.5421,20.3827,23.4888,1,0,0,-0.2497,-0.0013,-0.0019,-0.0019,0.4261,0,0,0,-5.0470,-4.2412,5.0895,5.0895,3.7970,0,0,0,5.0044,4.9612,5.9534,5.9534,5.6440,0,0,0,-1.2007,-1.3304,-1.5965,-1.5965,-1.7482,0,0,0
11.811137,1788532553.357059,6.3696,5.8974,5.8974,5.8974,5.1170,0,0,0,-5.6009,-6.5574,14.4263,20.1827,23.2826,1,0,0,-0.2497,-0.0140,-0.0210,-0.0210,0.3753,0,0,0,-5.0470,-4.2830,5.1396,5.1396,3.9028,0,0,0,5.0044,4.9634,5.9560,5.9560,5.6633,0,0,0,-1.2007,-1.3238,-1.5886,-1.5886,-1.7277,0,0,0
11.819143,1788532553.365558,6.2706,5.9167,5.9167,5.9167,5.1902,0,0,0,-5.4693,-6.5007,14.3016,19.9827,23.0744,1,0,0,-0.2497,-0.0261,-0.0391,-0.0391,0.3293,0,0,0,-4.9893,-4.3196,5.1835,5.1835,4.0054,0,0,0,4.9689,4.9637,5.9564,5.9564,5.6834,0,0,0,-1.1890,-1.3169,-1.5803,-1.5803,-1.7094,0,0,0
11.827085,1788532553.372063,6.2706,5.9309,5.9309,5.9309,5.2593,0,0,0,-5.4693,-6.4591,14.2101,19.7827,22.8649,1,0,0,-0.2497,-0.0349,-0.0524,-0.0524,0.2876,0,0,0,-4.9893,-4.3464,5.2157,5.2157,4.1045,0,0,0,4.9689,4.9639,5.9566,5.9566,5.7038,0,0,0,-1.1890,-1.3119,-1.5743,-1.5743,-1.6932,0,0,0
11.834753,1788532553.380595,6.1989,5.9448,5.9448,5.9448,5.3085,0,0,0,-5.3971,-6.4037,14.0881,19.5827,22.7070,1,0,0,-0.3786,-0.0526,-0.0788,-0.0788,0.2588,0,0,0,-5.0031,-4.3805,5.2566,5.2566,4.1765,0,0,0,4.8729,4.9592,5.9511,5.9511,5.7190,0,0,0,-0.9531,-1.2935,-1.5522,-1.5522,-1.6822,0,0,0
11.842891,1788532553.389178,6.1989,5.9581,5.9581,5.9581,5.3707,0,0,0,-5.3971,-6.3509,13.9719,19.3827,22.4961,1,0,0,-0.3786,-0.0694,-0.1041,-0.1041,0.2234,0,0,0,-5.0031,-4.4130,5.2956,5.2956,4.2692,0,0,0,4.8729,4.9548,5.9458,5.9458,5.7391,0,0,0,-0.9531,-1.2760,-1.5312,-1.5312,-1.6688,0,0,0
11.851274,1788532553.397685,6.1863,5.9698,5.9698,5.9698,5.4429,0,0,0,-5.3977,-6.3013,13.8628,19.1827,22.2320,1,0,0,-0.3798,-0.0853,-0.1279,-0.1279,0.1832,0,0,0,-5.0621,-4.4465,5.3359,5.3359,4.3795,0,0,0,4.8800,4.9510,5.9412,5.9412,5.7633,0,0,0,-1.0463,-1.2643,-1.5172,-1.5172,-1.6538,0,0,0
11.859307,1788532553.405197,6.1863,5.9798,5.9798,5.9798,5.4965,0,0,0,-5.3977,-6.2596,13.7710,18.9827,22.0207,1,0,0,-0.3798,-0.0986,-0.1480,-0.1480,0.1538,0,0,0,-5.0621,-4.4748,5.3698,5.3698,4.4634,0,0,0,4.8800,4.9478,5.9373,5.9373,5.7817,0,0,0,-1.0463,-1.2544,-1.5053,-1.5053,-1.6428,0,0,0
11.866629,1788532553.414039,6.1863,5.9908,5.9908,5.9908,5.5342,0,0,0,-5.3977,-6.2131,13.6689,18.7827,21.8624,1,0,0,-0.3798,-0.1136,-0.1703,-0.1703,0.1331,0,0,0,-5.0621,-4.5063,5.4075,5.4075,4.5238,0,0,0,4.8800,4.9442,5.9331,5.9331,5.7947,0,0,0,-1.0463,-1.2434,-1.4921,-1.4921,-1.6349,0,0,0
11.874379,1788532553.420789,6.1863,5.9989,5.9989,5.9989,5.5814,0,0,0,-5.3977,-6.1792,13.5941,18.5827,21.6516,1,0,0,-0.3798,-0.1245,-0.1867,-0.1867,0.1068,0,0,0,-5.0621,-4.5293,5.4352,5.4352,4.6011,0,0,0,4.8800,4.9416,5.9299,5.9299,5.8110,0,0,0,-1.0463,-1.2354,-1.4825,-1.4825,-1.6246,0,0,0
11.890560,1788532553.420789,6.1863,6.0080,6.0080,6.0080,5.6658,0,0,0,-5.3977,-6.1409,13.5100,18.3827,21.2314,1,0,0,-0.3798,-0.1368,-0.2052,-0.2052,0.0582,0,0,0,-5.0621,-4.5552,5.4663,5.4663,4.7449,0,0,0,4.8800,4.9386,5.9264,5.9264,5.8394,0,0,0,-1.0463,-1.2263,-1.4716,-1.4716,-1.6046,0,0,0
11.903637,1788532553.438974,6.1863,6.0265,6.0265,6.0265,5.7209,0,0,0,-5.3977,-6.0632,13.3390,18.1827,20.9177,1,0,0,-0.3798,-0.1619,-0.2428,-0.2428,0.0245,0,0,0,-5.0621,-4.6080,5.5296,5.5296,4.8437,0,0,0,4.8800,4.9326,5.9192,5.9192,5.8572,0,0,0,-1.0463,-1.2078,-1.4493,-1.4493,-1.5899,0,0,0
11.911038,1788532553.453662,6.1471,6.0368,6.0368,6.0368,5.7540,0,0,0,-5.5921,-6.0226,13.2498,17.9827,20.7105,1,0,0,-0.2391,-0.1684,-0.2527,-0.2527,0.0031,0,0,0,-4.9151,-4.6343,5.5612,5.5612,4.9054,0,0,0,4.9797,4.9366,5.9239,5.9239,5.8674,0,0,0,-1.2506,-1.2114,-1.4537,-1.4537,-1.5802,0,0,0
11.919040,1788532553.461458,6.1471,6.0420,6.0420,6.0420,5.7844,0,0,0,-5.5921,-6.0021,13.2047,17.7827,20.5068,1,0,0,-0.2391,-0.1718,-0.2576,-0.2576,-0.0175,0,0,0,-4.9151,-4.6476,5.5771,5.5771,4.9637,0,0,0,4.9797,4.9386,5.9263,5.9263,5.8764,0,0,0,-1.2506,-1.2132,-1.4559,-1.4559,-1.5706,0,0,0
11.927205,1788532553.469454,6.1471,6.0471,6.0471,6.0471,5.8124,0,0,0,-5.5921,-5.9822,13.1608,17.5827,20.3063,1,0,0,-0.2391,-0.1750,-0.2625,-0.2625,-0.0375,0,0,0,-4.9151,-4.6606,5.5927,5.5927,5.0192,0,0,0,4.9797,4.9406,5.9287,5.9287,5.8841,0,0,0,-1.2506,-1.2150,-1.4580,-1.4580,-1.5610,0,0,0
11.935717,1788532553.477622,6.1471,6.0521,6.0521,6.0521,5.8320,0,0,0,-5.5921,-5.9628,13.1181,17.3827,20.1576,1,0,0,-0.2391,-0.1781,-0.2672,-0.2672,-0.0521,0,0,0,-4.9151,-4.6732,5.6078,5.6078,5.0591,0,0,0,4.9797,4.9425,5.9310,5.9310,5.8893,0,0,0,-1.2506,-1.2168,-1.4601,-1.4601,-1.5539,0,0,0
11.943236,1788532553.485131,6.1471,6.0564,6.0564,6.0564,5.8620,0,0,0,-5.5921,-5.9458,13.0808,17.1827,19.9122,1,0,0,-0.2391,-0.1809,-0.2714,-0.2714,-0.0755,0,0,0,-4.9151,-4.6842,5.6210,5.6210,5.1223,0,0,0,4.9797,4.9442,5.9330,5.9330,5.8969,0,0,0,-1.2506,-1.2183,-1.4620,-1.4620,-1.5427,0,0,0
11.951066,1788532553.493969,6.1471,6.0612,6.0612,6.0612,5.8838,0,0,0,-5.5921,-5.9269,13.0392,16.9827,19.7175,1,0,0,-0.2391,-0.1840,-0.2760,-0.2760,-0.0934,0,0,0,-4.9151,-4.6965,5.6358,5.6358,5.1698,0,0,0,4.9797,4.9460,5.9353,5.9353,5.9021,0,0,0,-1.2506,-1.2200,-1.4640,-1.4640,-1.5342,0,0,0
11.959708,1788532553.500487,6.1471,6.0646,6.0646,6.0646,5.9038,0,0,0,-5.5921,-5.9135,13.0097,16.7827,19.5238,1,0,0,-0.2391,-0.1862,-0.2792,-0.2792,-0.1104,0,0,0,-4.9151,-4.7052,5.6462,5.6462,5.2146,0,0,0,4.9797,4.9474,5.9369,5.9369,5.9066,0,0,0,-1.2506,-1.2212,-1.4655,-1.4655,-1.5263,0,0,0
11.967580,1788532553.508644,5.9840,6.0606,6.0606,6.0606,5.9176,0,0,0,-5.5432,-5.8952,12.9694,16.5827,19.3790,1,0,0,-0.3409,-0.1937,-0.2906,-0.2906,-0.1226,0,0,0,-4.9652,-4.7180,5.6616,5.6616,5.2464,0,0,0,4.7632,4.9384,5.9261,5.9261,5.9097,0,0,0,-1.0256,-1.2116,-1.4540,-1.4540,-1.5208,0,0,0
11.975564,1788532553.518194,5.9840,6.0563,6.0563,6.0563,5.9348,0,0,0,-5.5432,-5.8750,12.9249,16.3827,19.1863,1,0,0,-0.3409,-0.2021,-0.3032,-0.3032,-0.1381,0,0,0,-4.9652,-4.7322,5.6786,5.6786,5.2867,0,0,0,4.7632,4.9285,5.9142,5.9142,5.9134,0,0,0,-1.0256,-1.2011,-1.4413,-1.4413,-1.5139,0,0,0
11.983328,1788532553.525641,5.9840,6.0530,6.0530,6.0530,5.9504,0,0,0,-5.5432,-5.8599,12.8918,16.1827,18.9938,1,0,0,-0.3409,-0.2083,-0.3125,-0.3125,-0.1526,0,0,0,-4.9652,-4.7427,5.6912,5.6912,5.3244,0,0,0,4.7632,4.9211,5.9053,5.9053,5.9167,0,0,0,-1.0256,-1.1932,-1.4319,-1.4319,-1.5077,0,0,0
11.991473,1788532553.533744,5.9840,6.0496,6.0496,6.0496,5.9645,0,0,0,-5.5432,-5.8443,12.8576,15.9827,18.8015,1,0,0,-0.3409,-0.2148,-0.3222,-0.3222,-0.1664,0,0,0,-4.9652,-4.7536,5.7043,5.7043,5.3597,0,0,0,4.7632,4.9134,5.8961,5.8961,5.9194,0,0,0,-1.0256,-1.1851,-1.4221,-1.4221,-1.5019,0,0,0
11.999037,1788532553.540896,5.9086,6.0435,6.0435,6.0435,5.9772,0,0,0,-5.4232,-5.8260,12.8172,15.7827,18.6090,1,0,0,-0.2998,-0.2185,-0.3277,-0.3277,-0.1795,0,0,0,-4.8990,-4.7599,5.7119,5.7119,5.3929,0,0,0,4.7005,4.9043,5.8851,5.8851,5.9214,0,0,0,-1.0845,-1.1807,-1.4169,-1.4169,-1.4964,0,0,0
12.007566,1788532553.549470,5.8778,6.0350,6.0350,6.0350,5.9884,0,0,0,-5.3871,-5.8033,12.7672,15.5827,18.4163,1,0,0,-0.2998,-0.2226,-0.3340,-0.3340,-0.1921,0,0,0,-4.8529,-4.7647,5.7176,5.7176,5.4240,0,0,0,4.7005,4.8939,5.8726,5.8726,5.9227,0,0,0,-1.1266,-1.1780,-1.4136,-1.4136,-1.4909,0,0,0
12.015378,1788532553.557980,5.8778,6.0270,6.0270,6.0270,5.9982,0,0,0,-5.3871,-5.7819,12.7201,15.3827,18.2233,1,0,0,-0.2998,-0.2266,-0.3399,-0.3399,-0.2042,0,0,0,-4.8529,-4.7692,5.7231,5.7231,5.4532,0,0,0,4.7005,4.8840,5.8608,5.8608,5.9233,0,0,0,-1.1266,-1.1754,-1.4104,-1.4104,-1.4855,0,0,0
12.023882,1788532553.565795,5.7587,6.0143,6.0143,6.0143,6.0066,0,0,0,-5.3006,-5.7590,12.6699,15.1827,18.0300,1,0,0,-0.3172,-0.2308,-0.3462,-0.3462,-0.2158,0,0,0,-4.7620,-4.7689,5.7227,5.7227,5.4806,0,0,0,4.6368,4.8725,5.8470,5.8470,5.9231,0,0,0,-1.1266,-1.1731,-1.4077,-1.4077,-1.4800,0,0,0
12.031941,1788532553.574324,5.7587,6.0013,6.0013,6.0013,6.0138,0,0,0,-5.3006,-5.7354,12.6180,14.9827,17.8363,1,0,0,-0.3172,-0.2352,-0.3529,-0.3529,-0.2269,0,0,0,-4.7620,-4.7685,5.7222,5.7222,5.5060,0,0,0,4.6368,4.8605,5.8326,5.8326,5.9220,0,0,0,-1.1266,-1.1707,-1.4048,-1.4048,-1.4746,0,0,0
12.039704,1788532553.582378,5.6997,5.9867,5.9867,5.9867,6.0195,0,0,0,-5.1899,-5.7088,12.5595,14.7827,17.6422,1,0,0,-0.2284,-0.2349,-0.3524,-0.3524,-0.2376,0,0,0,-4.7836,-4.7693,5.7231,5.7231,5.5297,0,0,0,4.7394,4.8546,5.8256,5.8256,5.9201,0,0,0,-1.2480,-1.1744,-1.4093,-1.4093,-1.4692,0,0,0
12.047718,1788532553.589675,5.6997,5.9740,5.9740,5.9740,6.0230,0,0,0,-5.1899,-5.6858,12.5088,14.5827,17.4963,1,0,0,-0.2284,-0.2346,-0.3519,-0.3519,-0.2453,0,0,0,-4.7836,-4.7699,5.7239,5.7239,5.5463,0,0,0,4.7394,4.8496,5.8195,5.8195,5.9182,0,0,0,-1.2480,-1.1777,-1.4132,-1.4132,-1.4653,0,0,0
12.056072,1788532553.598378,5.6997,5.9597,5.9597,5.9597,6.0264,0,0,0,-5.1899,-5.6598,12.4516,14.3827,17.3015,1,0,0,-0.2284,-0.2343,-0.3515,-0.3515,-0.2552,0,0,0,-4.7836,-4.7706,5.7247,5.7247,5.5668,0,0,0,4.7394,4.8439,5.8126,5.8126,5.9147,0,0,0,-1.2480,-1.1813,-1.4176,-1.4176,-1.4601,0,0,0
12.063668,1788532553.605498,5.6298,5.9456,5.9456,5.9456,6.0284,0,0,0,-5.1179,-5.6363,12.3999,14.1827,17.1062,1,0,0,-0.5349,-0.2472,-0.3708,-0.3708,-0.2647,0,0,0,-5.2238,-4.7902,5.7482,5.7482,5.5856,0,0,0,4.3888,4.8244,5.7892,5.7892,5.9106,0,0,0,-0.7633,-1.1634,-1.3961,-1.3961,-1.4552,0,0,0
12.071196,1788532553.613087,5.6298,5.9311,5.9311,5.9311,6.0291,0,0,0,-5.1179,-5.6125,12.3474,13.9827,16.9105,1,0,0,-0.5349,-0.2604,-0.3905,-0.3905,-0.2736,0,0,0,-5.2238,-4.8100,5.7720,5.7720,5.6026,0,0,0,4.3888,4.8045,5.7654,5.7654,5.9057,0,0,0,-0.7633,-1.1451,-1.3742,-1.3742,-1.4505,0,0,0
12.079895,1788532553.621619,5.6298,5.9158,5.9158,5.9158,6.0285,0,0,0,-5.1179,-5.5870,12.2915,13.7827,16.7144,1,0,0,-0.5349,-0.2744,-0.4116,-0.4116,-0.2819,0,0,0,-5.2238,-4.8312,5.7975,5.7975,5.6181,0,0,0,4.3888,4.7833,5.7400,5.7400,5.9004,0,0,0,-0.7633,-1.1257,-1.3508,-1.3508,-1.4463,0,0,0
12.087898,1788532553.630322,5.5840,5.8985,5.8985,5.8985,6.0267,0,0,0,-5.0181,-5.5572,12.2259,13.5827,16.5179,1,0,0,-0.5504,-0.2887,-0.4331,-0.4331,-0.2899,0,0,0,-4.9311,-4.8364,5.8037,5.8037,5.6323,0,0,0,4.1844,4.7522,5.7027,5.7027,5.8943,0,0,0,-1.0867,-1.1236,-1.3484,-1.3484,-1.4422,0,0,0
12.095912,1788532553.637819,5.5840,5.8843,5.8843,5.8843,6.0236,0,0,0,-5.0181,-5.5327,12.1719,13.3827,16.3211,1,0,0,-0.5504,-0.3005,-0.4508,-0.4508,-0.2978,0,0,0,-4.9311,-4.8407,5.8089,5.8089,5.6458,0,0,0,4.1844,4.7266,5.6720,5.6720,5.8875,0,0,0,-1.0867,-1.1220,-1.3464,-1.3464,-1.4380,0,0,0
12.103914,1788532553.646343,5.5840,5.8690,5.8690,5.8690,6.0194,0,0,0,-5.0181,-5.5063,12.1138,13.1827,16.1239,1,0,0,-0.5504,-0.3133,-0.4699,-0.4699,-0.3058,0,0,0,-4.9311,-4.8454,5.8144,5.8144,5.6588,0,0,0,4.1844,4.6990,5.6388,5.6388,5.8796,0,0,0,-1.0867,-1.1202,-1.3442,-1.3442,-1.4332,0,0,0
12.111920,1788532553.653332,5.5840,5.8570,5.8570,5.8570,6.0141,0,0,0,-5.0181,-5.4855,12.0681,12.9827,15.9265,1,0,0,-0.5504,-0.3233,-0.4849,-0.4849,-0.3142,0,0,0,-4.9311,-4.8490,5.8188,5.8188,5.6715,0,0,0,4.1844,4.6773,5.6128,5.6128,5.8706,0,0,0,-1.0867,-1.1188,-1.3425,-1.3425,-1.4281,0,0,0
12.120188,1788532553.662284,5.5622,5.8413,5.8413,5.8413,6.0078,0,0,0,-4.8764,-5.4527,11.9960,12.7827,15.7287,1,0,0,-0.2245,-0.3180,-0.4770,-0.4770,-0.3231,0,0,0,-4.5760,-4.8344,5.8012,5.8012,5.6838,0,0,0,4.4598,4.6657,5.5988,5.5988,5.8602,0,0,0,-1.4155,-1.1346,-1.3615,-1.3615,-1.4226,0,0,0
12.128195,1788532553.669605,5.5622,5.8290,5.8290,5.8290,6.0024,0,0,0,-4.8764,-5.4271,11.9397,12.5827,15.5802,1,0,0,-0.2245,-0.3139,-0.4708,-0.4708,-0.3301,0,0,0,-4.5760,-4.8229,5.7875,5.7875,5.6927,0,0,0,4.4598,4.6566,5.5879,5.5879,5.8515,0,0,0,-1.4155,-1.1470,-1.3764,-1.3764,-1.4184,0,0,0
12.135703,1788532553.678114,5.5626,5.8155,5.8155,5.8155,5.9944,0,0,0,-4.8543,-5.3978,11.8751,12.3827,15.3820,1,0,0,-0.1968,-0.3079,-0.4619,-0.4619,-0.3399,0,0,0,-4.5207,-4.8075,5.7690,5.7690,5.7042,0,0,0,4.4467,4.6459,5.5751,5.5751,5.8387,0,0,0,-1.5082,-1.1653,-1.3984,-1.3984,-1.4127,0,0,0
12.144228,1788532553.687117,5.5626,5.8019,5.8019,5.8019,5.9857,0,0,0,-4.8543,-5.3684,11.8104,12.1827,15.1836,1,0,0,-0.1968,-0.3020,-0.4530,-0.4530,-0.3500,0,0,0,-4.5207,-4.7921,5.7505,5.7505,5.7151,0,0,0,4.4467,4.6352,5.5623,5.5623,5.8245,0,0,0,-1.5082,-1.1837,-1.4204,-1.4204,-1.4073,0,0,0
12.151998,1788532553.693671,5.5626,5.7925,5.7925,5.7925,5.9762,0,0,0,-4.8543,-5.3478,11.7652,11.9827,14.9849,1,0,0,-0.1968,-0.2978,-0.4467,-0.4467,-0.3601,0,0,0,-4.5207,-4.7813,5.7376,5.7376,5.7249,0,0,0,4.4467,4.6278,5.5533,5.5533,5.8095,0,0,0,-1.5082,-1.1965,-1.4358,-1.4358,-1.4023,0,0,0
12.159522,1788532553.701918,5.5626,5.7811,5.7811,5.7811,5.9661,0,0,0,-4.8543,-5.3233,11.7112,11.7827,14.7861,1,0,0,-0.1968,-0.2928,-0.4392,-0.4392,-0.3698,0,0,0,-4.5207,-4.7685,5.7221,5.7221,5.7335,0,0,0,4.4467,4.6188,5.5426,5.5426,5.7937,0,0,0,-1.5082,-1.2119,-1.4543,-1.4543,-1.3981,0,0,0
12.167509,1788532553.710922,5.4799,5.7650,5.7650,5.7650,5.9555,0,0,0,-4.7558,-5.2926,11.6437,11.6437,14.5871,0,0,0,-1.2834,-0.3460,-0.5190,-0.5190,-0.3790,0,0,0,-5.0927,-4.7859,5.7431,5.7431,5.7408,0,0,0,3.3109,4.5485,5.4582,5.4582,5.7775,0,0,0,-0.7288,-1.1860,-1.4232,-1.4232,-1.3951,0,0,0
12.175535,1788532553.717428,5.4799,5.7538,5.7538,5.7538,5.9445,0,0,0,-4.7558,-5.2713,11.5969,11.5969,14.3880,0,0,0,-1.2834,-0.3829,-0.5744,-0.5744,-0.3873,0,0,0,-5.0927,-4.7980,5.7576,5.7576,5.7465,0,0,0,3.3109,4.4997,5.3997,5.3997,5.7610,0,0,0,-0.7288,-1.1680,-1.4016,-1.4016,-1.3933,0,0,0
12.184040,1788532553.725948,5.4558,5.7387,5.7387,5.7387,5.9331,0,0,0,-4.7273,-5.2434,11.5355,11.5355,14.1888,0,0,0,-0.4260,-0.3851,-0.5777,-0.5777,-0.3949,0,0,0,-4.7525,-4.7957,5.7548,5.7548,5.7506,0,0,0,4.2554,4.4873,5.3847,5.3847,5.7444,0,0,0,-1.1353,-1.1664,-1.3996,-1.3996,-1.3927,0,0,0
12.192062,1788532553.734458,5.4558,5.7243,5.7243,5.7243,5.9214,0,0,0,-4.7273,-5.2170,11.4773,11.4773,13.9899,0,0,0,-0.4260,-0.3872,-0.5808,-0.5808,-0.4022,0,0,0,-4.7525,-4.7935,5.7521,5.7521,5.7536,0,0,0,4.2554,4.4754,5.3705,5.3705,5.7271,0,0,0,-1.1353,-1.1648,-1.3977,-1.3977,-1.3931,0,0,0
12.199067,1788532553.742477,5.4558,5.7114,5.7114,5.7114,5.9094,0,0,0,-4.7273,-5.1933,11.4252,11.4252,13.7933,0,0,0,-0.4260,-0.3891,-0.5836,-0.5836,-0.4105,0,0,0,-4.7525,-4.7915,5.7498,5.7498,5.7558,0,0,0,4.2554,4.4648,5.3578,5.3578,5.7085,0,0,0,-1.1353,-1.1634,-1.3960,-1.3960,-1.3938,0,0,0
12.207575,1788532553.749990,5.4515,5.6997,5.6997,5.6997,5.9003,0,0,0,-4.6706,-5.1695,11.3728,11.3728,13.6484,0,0,0,-0.2181,-0.3814,-0.5720,-0.5720,-0.4174,0,0,0,-4.3059,-4.7695,5.7234,5.7234,5.7572,0,0,0,4.3530,4.4598,5.3517,5.3517,5.6935,0,0,0,-1.5141,-1.1792,-1.4150,-1.4150,-1.3943,0,0,0
12.216191,1788532553.758509,5.4551,5.6872,5.6872,5.6872,5.8849,0,0,0,-4.6706,-5.1439,11.3166,11.3166,13.4137,0,0,0,-0.1893,-0.3716,-0.5574,-0.5574,-0.4298,0,0,0,-4.2401,-4.7426,5.6911,5.6911,5.7589,0,0,0,4.3530,4.4543,5.3452,5.3452,5.6673,0,0,0,-1.7335,-1.2074,-1.4488,-1.4488,-1.3950,0,0,0
12.224192,1788532553.766606,5.4551,5.6760,5.6760,5.6760,5.8754,0,0,0,-4.6706,-5.1208,11.2657,11.2657,13.2779,0,0,0,-0.1893,-0.3627,-0.5441,-0.5441,-0.4377,0,0,0,-4.2401,-4.7182,5.6619,5.6619,5.7595,0,0,0,4.3530,4.4494,5.3393,5.3393,5.6510,0,0,0,-1.7335,-1.2328,-1.4794,-1.4794,-1.3954,0,0,0
12.231720,1788532553.774607,5.4938,5.6673,5.6673,5.6673,5.8627,0,0,0,-4.6479,-5.0979,11.2155,11.2155,13.1030,0,0,0,-0.7273,-0.3802,-0.5703,-0.5703,-0.4483,0,0,0,-4.9983,-4.7317,5.6780,5.6780,5.7600,0,0,0,3.9626,4.4260,5.3112,5.3112,5.6290,0,0,0,-1.0350,-1.2234,-1.4680,-1.4680,-1.3959,0,0,0
12.240233,1788532553.782656,5.4995,5.6592,5.6592,5.6592,5.8498,0,0,0,-4.6261,-5.0750,11.1650,11.1650,12.9360,0,0,0,-1.0114,-0.4107,-0.6160,-0.6160,-0.4587,0,0,0,-5.0921,-4.7490,5.6988,5.6988,5.7596,0,0,0,3.7572,4.3937,5.2724,5.2724,5.6069,0,0,0,-0.8180,-1.2038,-1.4446,-1.4446,-1.3968,0,0,0
12.247843,1788532553.790657,5.5010,5.6516,5.6516,5.6516,5.8369,0,0,0,-4.5863,-5.0514,11.1131,11.1131,12.7770,0,0,0,-1.0114,-0.4395,-0.6593,-0.6593,-0.4685,0,0,0,-5.0921,-4.7655,5.7186,5.7186,5.7580,0,0,0,3.7572,4.3631,5.2357,5.2357,5.5850,0,0,0,-0.8180,-1.1854,-1.4224,-1.4224,-1.3985,0,0,0
12.256058,1788532553.798767,5.5010,5.6443,5.6443,5.6443,5.8240,0,0,0,-4.5863,-5.0287,11.0631,11.0631,12.6262,0,0,0,-1.0114,-0.4673,-0.7010,-0.7010,-0.4776,0,0,0,-5.0921,-4.7814,5.7376,5.7376,5.7551,0,0,0,3.7572,4.3336,5.2003,5.2003,5.5635,0,0,0,-0.8180,-1.1675,-1.4011,-1.4011,-1.4011,0,0,0
12.263311,1788532553.805982,5.5194,5.6389,5.6389,5.6389,5.8111,0,0,0,-4.5000,-5.0056,11.0122,11.0122,12.4836,0,0,0,-0.5264,-0.4699,-0.7049,-0.7049,-0.4866,0,0,0,-4.5560,-4.7716,5.7259,5.7259,5.7516,0,0,0,4.0908,4.3230,5.1876,5.1876,5.5422,0,0,0,-1.4709,-1.1807,-1.4168,-1.4168,-1.4043,0,0,0
12.271569,1788532553.814474,5.5319,5.6334,5.6334,5.6334,5.7984,0,0,0,-4.4652,-4.9779,10.9515,10.9515,12.3489,0,0,0,-0.3751,-0.4651,-0.6976,-0.6976,-0.4960,0,0,0,-4.4165,-4.7536,5.7043,5.7043,5.7481,0,0,0,4.2519,4.3194,5.1833,5.1833,5.5206,0,0,0,-1.5900,-1.2014,-1.4417,-1.4417,-1.4074,0,0,0
12.280080,1788532553.822487,5.5319,5.6286,5.6286,5.6286,5.7890,0,0,0,-4.4652,-4.9532,10.8969,10.8969,12.2529,0,0,0,-0.3751,-0.4608,-0.6911,-0.6911,-0.5037,0,0,0,-4.4165,-4.7374,5.6849,5.6849,5.7456,0,0,0,4.2519,4.3161,5.1794,5.1794,5.5042,0,0,0,-1.5900,-1.2201,-1.4641,-1.4641,-1.4094,0,0,0
12.288078,1788532553.830491,5.5322,5.6239,5.6239,5.6239,5.7735,0,0,0,-4.4272,-4.9278,10.8411,10.8411,12.1022,0,0,0,-0.2707,-0.4516,-0.6775,-0.6775,-0.5179,0,0,0,-4.3095,-4.7169,5.6602,5.6602,5.7421,0,0,0,4.4175,4.3210,5.1852,5.1852,5.4763,0,0,0,-1.5598,-1.2363,-1.4836,-1.4836,-1.4119,0,0,0
12.295578,1788532553.838494,5.5298,5.6194,5.6194,5.6194,5.7645,0,0,0,-4.4039,-4.9025,10.7854,10.7854,12.0170,0,0,0,-0.2707,-0.4430,-0.6644,-0.6644,-0.5270,0,0,0,-4.3089,-4.6973,5.6368,5.6368,5.7402,0,0,0,4.4308,4.3263,5.1915,5.1915,5.4594,0,0,0,-1.4970,-1.2488,-1.4986,-1.4986,-1.4132,0,0,0
12.303592,1788532553.846997,5.5298,5.6149,5.6149,5.6149,5.7528,0,0,0,-4.4039,-4.8770,10.7293,10.7293,11.9090,0,0,0,-0.2707,-0.4342,-0.6513,-0.6513,-0.5394,0,0,0,-4.3089,-4.6776,5.6131,5.6131,5.7376,0,0,0,4.4308,4.3316,5.1979,5.1979,5.4369,0,0,0,-1.4970,-1.2614,-1.5137,-1.5137,-1.4150,0,0,0
12.312084,1788532553.854996,5.5298,5.6108,5.6108,5.6108,5.7415,0,0,0,-4.4039,-4.8541,10.6791,10.6791,11.8069,0,0,0,-0.2707,-0.4264,-0.6396,-0.6396,-0.5517,0,0,0,-4.3089,-4.6600,5.5920,5.5920,5.7346,0,0,0,4.4308,4.3364,5.2036,5.2036,5.4149,0,0,0,-1.4970,-1.2727,-1.5272,-1.5272,-1.4174,0,0,0
12.319591,1788532553.863005,5.5132,5.6061,5.6061,5.6061,5.7305,0,0,0,-4.3640,-4.8305,10.6270,10.6270,11.7094,0,0,0,-1.0445,-0.4560,-0.6841,-0.6841,-0.5633,0,0,0,-4.8219,-4.6677,5.6013,5.6013,5.7307,0,0,0,3.5883,4.3004,5.1605,5.1605,5.3939,0,0,0,-0.9640,-1.2579,-1.5095,-1.5095,-1.4205,0,0,0
12.328113,1788532553.871006,5.5132,5.6017,5.6017,5.6017,5.7199,0,0,0,-4.3640,-4.8080,10.5775,10.5775,11.6162,0,0,0,-1.0445,-0.4843,-0.7264,-0.7264,-0.5739,0,0,0,-4.8219,-4.6751,5.6101,5.6101,5.7255,0,0,0,3.5883,4.2662,5.1194,5.1194,5.3740,0,0,0,-0.9640,-1.2438,-1.4926,-1.4926,-1.4246,0,0,0
12.335737,1788532553.878530,5.4980,5.5970,5.5970,5.5970,5.7098,0,0,0,-4.3001,-4.7848,10.5267,10.5267,11.5270,0,0,0,-1.5979,-0.5347,-0.8021,-0.8021,-0.5835,0,0,0,-4.8445,-4.6828,5.6193,5.6193,5.7192,0,0,0,2.9902,4.2083,5.0500,5.0500,5.3553,0,0,0,-0.8658,-1.2268,-1.4721,-1.4721,-1.4295,0,0,0
12.343742,1788532553.886169,5.4980,5.5924,5.5924,5.5924,5.7000,0,0,0,-4.3001,-4.7625,10.4774,10.4774,11.4416,0,0,0,-1.5979,-0.5836,-0.8754,-0.8754,-0.5928,0,0,0,-4.8445,-4.6902,5.6282,5.6282,5.7123,0,0,0,2.9902,4.1522,4.9827,4.9827,5.3373,0,0,0,-0.8658,-1.2102,-1.4523,-1.4523,-1.4348,0,0,0
12.352302,1788532553.894670,5.4929,5.5874,5.5874,5.5874,5.6907,0,0,0,-4.2460,-4.7361,10.4193,10.4193,11.3598,0,0,0,-0.9280,-0.6011,-0.9017,-0.9017,-0.6024,0,0,0,-4.8167,-4.6966,5.6359,5.6359,5.7051,0,0,0,3.8352,4.1361,4.9633,4.9633,5.3195,0,0,0,-0.9715,-1.1981,-1.4377,-1.4377,-1.4399,0,0,0
12.359866,1788532553.902276,5.4929,5.5831,5.5831,5.5831,5.6817,0,0,0,-4.2460,-4.7135,10.3698,10.3698,11.2814,0,0,0,-0.9280,-0.6161,-0.9241,-0.9241,-0.6133,0,0,0,-4.8167,-4.7021,5.6425,5.6425,5.6979,0,0,0,3.8352,4.1223,4.9467,4.9467,5.3008,0,0,0,-0.9715,-1.1878,-1.4253,-1.4253,-1.4444,0,0,0
12.368385,1788532553.911291,5.5076,5.5790,5.5790,5.5790,5.6732,0,0,0,-4.2091,-4.6863,10.3098,10.3098,11.2061,0,0,0,-0.5256,-0.6112,-0.9168,-0.9168,-0.6263,0,0,0,-4.5109,-4.6918,5.6302,5.6302,5.6911,0,0,0,4.2366,4.1284,4.9541,4.9541,5.2808,0,0,0,-1.2671,-1.1920,-1.4304,-1.4304,-1.4482,0,0,0
12.376422,1788532553.918800,5.5076,5.5758,5.5758,5.5758,5.6650,0,0,0,-4.2091,-4.6646,10.2621,10.2621,11.1336,0,0,0,-0.5256,-0.6073,-0.9110,-0.9110,-0.6413,0,0,0,-4.5109,-4.6837,5.6204,5.6204,5.6848,0,0,0,4.2366,4.1333,4.9600,4.9600,5.2597,0,0,0,-1.2671,-1.1954,-1.4345,-1.4345,-1.4509,0,0,0
12.383927,1788532553.926838,5.5139,5.5728,5.5728,5.5728,5.6572,0,0,0,-4.1819,-4.6412,10.2107,10.2107,11.0636,0,0,0,-0.3419,-0.5945,-0.8918,-0.8918,-0.6578,0,0,0,-4.2798,-4.6643,5.5971,5.5971,5.6791,0,0,0,4.3614,4.1443,4.9732,4.9732,5.2378,0,0,0,-1.6297,-1.2163,-1.4596,-1.4596,-1.4526,0,0,0
12.392449,1788532553.934345,5.5139,5.5702,5.5702,5.5702,5.6516,0,0,0,-4.1819,-4.6204,10.1648,10.1648,11.0125,0,0,0,-0.3419,-0.5831,-0.8747,-0.8747,-0.6708,0,0,0,-4.2798,-4.6469,5.5763,5.5763,5.6751,0,0,0,4.3614,4.1542,4.9850,4.9850,5.2212,0,0,0,-1.6297,-1.2349,-1.4819,-1.4819,-1.4534,0,0,0
12.400447,1788532553.942864,5.5139,5.5673,5.5673,5.5673,5.6444,0,0,0,-4.1819,-4.5979,10.1154,10.1154,10.9462,0,0,0,-0.3419,-0.5708,-0.8563,-0.8563,-0.6885,0,0,0,-4.2798,-4.6283,5.5539,5.5539,5.6700,0,0,0,4.3614,4.1647,4.9977,4.9977,5.1993,0,0,0,-1.6297,-1.2550,-1.5060,-1.5060,-1.4540,0,0,0
12.407968,1788532553.951373,5.5139,5.5646,5.5646,5.5646,5.6375,0,0,0,-4.1819,-4.5766,10.0686,10.0686,10.8819,0,0,0,-0.3419,-0.5592,-0.8388,-0.8388,-0.7060,0,0,0,-4.2798,-4.6106,5.5327,5.5327,5.6648,0,0,0,4.3614,4.1747,5.0097,5.0097,5.1783,0,0,0,-1.6297,-1.2740,-1.5288,-1.5288,-1.4544,0,0,0
12.416602,1788532553.958377,5.5241,5.5629,5.5629,5.5629,5.6310,0,0,0,-4.1147,-4.5570,10.0254,10.0254,10.8193,0,0,0,-1.2270,-0.5874,-0.8811,-0.8811,-0.7227,0,0,0,-4.9178,-4.6235,5.5482,5.5482,5.6593,0,0,0,3.4940,4.1459,4.9751,4.9751,5.1584,0,0,0,-0.7480,-1.2518,-1.5022,-1.5022,-1.4551,0,0,0
12.424604,1788532553.967017,5.5241,5.5609,5.5609,5.5609,5.6248,0,0,0,-4.1147,-4.5341,9.9750,9.9750,10.7583,0,0,0,-1.2270,-0.6204,-0.9307,-0.9307,-0.7382,0,0,0,-4.9178,-4.6387,5.5664,5.5664,5.6533,0,0,0,3.4940,4.1122,4.9347,4.9347,5.1399,0,0,0,-0.7480,-1.2259,-1.4711,-1.4711,-1.4564,0,0,0
12.432107,1788532553.975029,5.5257,5.5592,5.5592,5.5592,5.6189,0,0,0,-4.0978,-4.5130,9.9286,9.9286,10.6989,0,0,0,-1.6426,-0.6696,-1.0044,-1.0044,-0.7521,0,0,0,-4.9269,-4.6525,5.5830,5.5830,5.6466,0,0,0,3.0492,4.0611,4.8733,4.8733,5.1232,0,0,0,-0.6742,-1.1994,-1.4393,-1.4393,-1.4585,0,0,0
12.440309,1788532553.982542,5.5442,5.5585,5.5585,5.5585,5.6134,0,0,0,-4.0978,-4.4941,9.8871,9.8871,10.6408,0,0,0,-1.3513,-0.7004,-1.0507,-1.0507,-0.7651,0,0,0,-4.9384,-4.6654,5.5985,5.5985,5.6396,0,0,0,3.4166,4.0319,4.8383,4.8383,5.1076,0,0,0,-0.6447,-1.1744,-1.4093,-1.4093,-1.4611,0,0,0
12.448470,1788532553.990742,5.5442,5.5578,5.5578,5.5578,5.6081,0,0,0,-4.0853,-4.4740,9.8427,9.8427,10.5841,0,0,0,-1.1913,-0.7246,-1.0869,-1.0869,-0.7779,0,0,0,-4.9384,-4.6788,5.6145,5.6145,5.6328,0,0,0,3.5673,4.0090,4.8108,4.8108,5.0927,0,0,0,-0.6447,-1.1484,-1.3781,-1.3781,-1.4634,0,0,0
12.456486,1788532553.998888,5.5288,5.5564,5.5564,5.5564,5.6032,0,0,0,-4.0574,-4.4535,9.7978,9.7978,10.5286,0,0,0,-1.0642,-0.7412,-1.1118,-1.1118,-0.7915,0,0,0,-4.7777,-4.6836,5.6203,5.6203,5.6265,0,0,0,3.6557,3.9917,4.7901,4.7901,5.0775,0,0,0,-0.9194,-1.1373,-1.3647,-1.3647,-1.4650,0,0,0
12.464559,1788532554.006906,5.5288,5.5551,5.5551,5.5551,5.5985,0,0,0,-4.0574,-4.4344,9.7557,9.7557,10.4742,0,0,0,-1.0642,-0.7567,-1.1351,-1.1351,-0.8064,0,0,0,-4.7777,-4.6881,5.6257,5.6257,5.6210,0,0,0,3.6557,3.9755,4.7707,4.7707,5.0616,0,0,0,-0.9194,-1.1268,-1.3522,-1.3522,-1.4653,0,0,0
12.472146,1788532554.014977,5.5241,5.5536,5.5536,5.5536,5.5942,0,0,0,-4.0128,-4.4139,9.7106,9.7106,10.4209,0,0,0,-0.7881,-0.7583,-1.1374,-1.1374,-0.8228,0,0,0,-4.5629,-4.6821,5.6185,5.6185,5.6165,0,0,0,3.8580,3.9698,4.7638,4.7638,5.0449,0,0,0,-1.1809,-1.1294,-1.3553,-1.3553,-1.4643,0,0,0
12.480674,1788532554.023085,5.5241,5.5521,5.5521,5.5521,5.5911,0,0,0,-4.0128,-4.3943,9.6675,9.6675,10.3816,0,0,0,-0.7881,-0.7597,-1.1396,-1.1396,-0.8360,0,0,0,-4.5629,-4.6763,5.6115,5.6115,5.6139,0,0,0,3.8580,3.9644,4.7573,4.7573,5.0319,0,0,0,-1.1809,-1.1319,-1.3583,-1.3583,-1.4625,0,0,0
12.488675,1788532554.031090,5.5068,5.5500,5.5500,5.5500,5.5873,0,0,0,-3.9633,-4.3735,9.6218,9.6218,10.3300,0,0,0,-0.6284,-0.7534,-1.1301,-1.1301,-0.8546,0,0,0,-4.4234,-4.6642,5.5970,5.5970,5.6111,0,0,0,3.9661,3.9645,4.7574,4.7574,5.0141,0,0,0,-1.3810,-1.1439,-1.3726,-1.3726,-1.4590,0,0,0
12.496705,1788532554.039594,5.5068,5.5478,5.5478,5.5478,5.5837,0,0,0,-3.9633,-4.3526,9.5757,9.5757,10.2792,0,0,0,-0.6284,-0.7470,-1.1206,-1.1206,-0.8740,0,0,0,-4.4234,-4.6520,5.5823,5.5823,5.6092,0,0,0,3.9661,3.9646,4.7575,4.7575,4.9959,0,0,0,-1.3810,-1.1559,-1.3871,-1.3871,-1.4545,0,0,0
12.503798,1788532554.047123,5.5068,5.5459,5.5459,5.5459,5.5804,0,0,0,-3.9633,-4.3349,9.5367,9.5367,10.2293,0,0,0,-0.6284,-0.7417,-1.1125,-1.1125,-0.8938,0,0,0,-4.4234,-4.6416,5.5700,5.5700,5.6077,0,0,0,3.9661,3.9646,4.7576,4.7576,4.9775,0,0,0,-1.3810,-1.1661,-1.3993,-1.3993,-1.4492,0,0,0
12.511393,1788532554.055206,5.5068,5.5440,5.5440,5.5440,5.5773,0,0,0,-3.9633,-4.3168,9.4969,9.4969,10.1801,0,0,0,-0.6284,-0.7362,-1.1043,-1.1043,-0.9135,0,0,0,-4.4234,-4.6311,5.5573,5.5573,5.6066,0,0,0,3.9661,3.9647,4.7576,4.7576,4.9594,0,0,0,-1.3810,-1.1765,-1.4117,-1.4117,-1.4436,0,0,0
12.519987,1788532554.062329,5.5068,5.5424,5.5424,5.5424,5.5744,0,0,0,-3.9633,-4.3015,9.4634,9.4634,10.1315,0,0,0,-0.6284,-0.7315,-1.0973,-1.0973,-0.9326,0,0,0,-4.4234,-4.6222,5.5466,5.5466,5.6054,0,0,0,3.9661,3.9648,4.7577,4.7577,4.9416,0,0,0,-1.3810,-1.1852,-1.4223,-1.4223,-1.4381,0,0,0
12.528520,1788532554.071399,5.5068,5.5405,5.5405,5.5405,5.5723,0,0,0,-3.9633,-4.2832,9.4230,9.4230,10.0955,0,0,0,-0.6284,-0.7260,-1.0890,-1.0890,-0.9463,0,0,0,-4.4234,-4.6115,5.5337,5.5337,5.6043,0,0,0,3.9661,3.9648,4.7578,4.7578,4.9288,0,0,0,-1.3810,-1.1958,-1.4349,-1.4349,-1.4343,0,0,0
12.536047,1788532554.078940,5.4679,5.5372,5.5372,5.5372,5.5696,0,0,0,-3.9008,-4.2658,9.3847,9.3847,10.0480,0,0,0,-0.5074,-0.7161,-1.0741,-1.0741,-0.9635,0,0,0,-4.2424,-4.5947,5.5137,5.5137,5.6026,0,0,0,4.1265,3.9722,4.7666,4.7666,4.9123,0,0,0,-1.4985,-1.2095,-1.4514,-1.4514,-1.4296,0,0,0
12.543554,1788532554.086463,5.4679,5.5341,5.5341,5.5341,5.5665,0,0,0,-3.9008,-4.2492,9.3482,9.3482,9.9895,0,0,0,-0.5074,-0.7066,-1.0599,-1.0599,-0.9832,0,0,0,-4.2424,-4.5788,5.4946,5.4946,5.5998,0,0,0,4.1265,3.9792,4.7750,4.7750,4.8930,0,0,0,-1.4985,-1.2225,-1.4670,-1.4670,-1.4249,0,0,0
12.552309,1788532554.095475,5.4506,5.5296,5.5296,5.5296,5.5641,0,0,0,-3.8673,-4.2286,9.3029,9.3029,9.9435,0,0,0,-0.4752,-0.6942,-1.0413,-1.0413,-0.9973,0,0,0,-4.2121,-4.5591,5.4710,5.4710,5.5970,0,0,0,4.1792,3.9899,4.7879,4.7879,4.8786,0,0,0,-1.5457,-1.2399,-1.4878,-1.4878,-1.4221,0,0,0
12.560814,1788532554.103228,5.4506,5.5259,5.5259,5.5259,5.5618,0,0,0,-3.8673,-4.2117,9.2657,9.2657,9.8981,0,0,0,-0.4752,-0.6840,-1.0260,-1.0260,-1.0097,0,0,0,-4.2121,-4.5430,5.4516,5.4516,5.5935,0,0,0,4.1792,3.9987,4.7985,4.7985,4.8654,0,0,0,-1.5457,-1.2541,-1.5049,-1.5049,-1.4202,0,0,0
12.568817,1788532554.112229,5.4506,5.5219,5.5219,5.5219,5.5601,0,0,0,-3.8673,-4.1932,9.2249,9.2249,9.8645,0,0,0,-0.4752,-0.6728,-1.0092,-1.0092,-1.0179,0,0,0,-4.2121,-4.5253,5.4303,5.4303,5.5904,0,0,0,4.1792,4.0084,4.8101,4.8101,4.8563,0,0,0,-1.5457,-1.2697,-1.5236,-1.5236,-1.4196,0,0,0
12.576297,1788532554.119231,5.4506,5.5189,5.5189,5.5189,5.5578,0,0,0,-3.8673,-4.1793,9.1945,9.1945,9.8202,0,0,0,-0.4752,-0.6645,-0.9967,-0.9967,-1.0273,0,0,0,-4.2121,-4.5120,5.4144,5.4144,5.5854,0,0,0,4.1792,4.0156,4.8187,4.8187,4.8453,0,0,0,-1.5457,-1.2813,-1.5376,-1.5376,-1.4197,0,0,0
12.584299,1788532554.126711,5.4834,5.5173,5.5173,5.5173,5.5556,0,0,0,-3.8703,-4.1654,9.1638,9.1638,9.7765,0,0,0,-0.4426,-0.6545,-0.9818,-0.9818,-1.0349,0,0,0,-4.2379,-4.4997,5.3996,5.3996,5.5795,0,0,0,4.2380,4.0256,4.8307,4.8307,4.8358,0,0,0,-1.5929,-1.2953,-1.5544,-1.5544,-1.4210,0,0,0
12.592804,1788532554.135715,5.4834,5.5155,5.5155,5.5155,5.5533,0,0,0,-3.8703,-4.1495,9.1289,9.1289,9.7332,0,0,0,-0.4426,-0.6432,-0.9648,-0.9648,-1.0405,0,0,0,-4.2379,-4.4857,5.3828,5.3828,5.5725,0,0,0,4.2380,4.0370,4.8444,4.8444,4.8277,0,0,0,-1.5929,-1.3113,-1.5736,-1.5736,-1.4236,0,0,0
12.600809,1788532554.142227,5.4909,5.5145,5.5145,5.5145,5.5509,0,0,0,-3.8703,-4.1384,9.1046,9.1046,9.6904,0,0,0,-1.2889,-0.6686,-1.0029,-1.0029,-1.0443,0,0,0,-4.8498,-4.5000,5.4000,5.4000,5.5645,0,0,0,3.4311,4.0131,4.8158,4.8158,4.8211,0,0,0,-1.0123,-1.2995,-1.5594,-1.5594,-1.4274,0,0,0
12.608807,1788532554.151223,5.4909,5.5133,5.5133,5.5133,5.5485,0,0,0,-3.8703,-4.1240,9.0728,9.0728,9.6482,0,0,0,-1.2889,-0.7018,-1.0527,-1.0527,-1.0464,0,0,0,-4.8498,-4.5187,5.4225,5.4225,5.5556,0,0,0,3.4311,3.9819,4.7783,4.7783,4.8160,0,0,0,-1.0123,-1.2842,-1.5410,-1.5410,-1.4324,0,0,0
12.616825,1788532554.159225,5.4909,5.5122,5.5122,5.5122,5.5461,0,0,0,-3.8703,-4.1118,9.0459,9.0459,9.6066,0,0,0,-1.2889,-0.7300,-1.0949,-1.0949,-1.0469,0,0,0,-4.8498,-4.5346,5.4415,5.4415,5.5458,0,0,0,3.4311,3.9555,4.7466,4.7466,4.8123,0,0,0,-1.0123,-1.2711,-1.5254,-1.5254,-1.4385,0,0,0
12.624337,1788532554.167243,5.4909,5.5112,5.5112,5.5112,5.5443,0,0,0,-3.8703,-4.1001,9.0203,9.0203,9.5758,0,0,0,-1.2889,-0.7568,-1.1352,-1.1352,-1.0463,0,0,0,-4.8498,-4.5497,5.4597,5.4597,5.5381,0,0,0,3.4311,3.9303,4.7164,4.7164,4.8104,0,0,0,-1.0123,-1.2587,-1.5105,-1.5105,-1.4437,0,0,0
12.632361,1788532554.176276,5.4815,5.5096,5.5096,5.5096,5.5412,0,0,0,-3.8298,-4.0855,8.9882,8.9882,9.5255,0,0,0,-1.4007,-0.7915,-1.1872,-1.1872,-1.0448,0,0,0,-4.9389,-4.5706,5.4848,5.4848,5.5251,0,0,0,3.2494,3.8936,4.6723,4.6723,4.8078,0,0,0,-0.9923,-1.2444,-1.4933,-1.4933,-1.4529,0,0,0
12.640193,1788532554.182780,5.4832,5.5085,5.5085,5.5085,5.5388,0,0,0,-3.8267,-4.0753,8.9657,8.9657,9.4860,0,0,0,-1.2417,-0.8092,-1.2138,-1.2138,-1.0443,0,0,0,-5.1053,-4.5916,5.5100,5.5100,5.5154,0,0,0,3.5192,3.8789,4.6546,4.6546,4.8055,0,0,0,-0.9229,-1.2318,-1.4781,-1.4781,-1.4601,0,0,0
12.648708,1788532554.191614,5.4832,5.5072,5.5072,5.5072,5.5371,0,0,0,-3.8267,-4.0622,8.9368,8.9368,9.4566,0,0,0,-1.2417,-0.8320,-1.2480,-1.2480,-1.0452,0,0,0,-5.1053,-4.6187,5.5424,5.5424,5.5089,0,0,0,3.5192,3.8599,4.6319,4.6319,4.8030,0,0,0,-0.9229,-1.2155,-1.4586,-1.4586,-1.4650,0,0,0
12.656134,1788532554.199121,5.4832,5.5061,5.5061,5.5061,5.5348,0,0,0,-3.8267,-4.0515,8.9133,8.9133,9.4179,0,0,0,-1.2417,-0.8505,-1.2758,-1.2758,-1.0482,0,0,0,-5.1053,-4.6406,5.5687,5.5687,5.5015,0,0,0,3.5192,3.8445,4.6134,4.6134,4.7983,0,0,0,-0.9229,-1.2023,-1.4428,-1.4428,-1.4708,0,0,0
12.664246,1788532554.206652,5.4832,5.5051,5.5051,5.5051,5.5325,0,0,0,-3.8267,-4.0413,8.8909,8.8909,9.3797,0,0,0,-1.2417,-0.8682,-1.3024,-1.3024,-1.0535,0,0,0,-5.1053,-4.6616,5.5939,5.5939,5.4960,0,0,0,3.5192,3.8298,4.5957,4.5957,4.7921,0,0,0,-0.9229,-1.1897,-1.4277,-1.4277,-1.4753,0,0,0
12.672353,1788532554.215763,5.4832,5.5039,5.5039,5.5039,5.5303,0,0,0,-3.8267,-4.0296,8.8652,8.8652,9.3421,0,0,0,-1.2417,-0.8885,-1.3328,-1.3328,-1.0611,0,0,0,-5.1053,-4.6857,5.6228,5.6228,5.4924,0,0,0,3.5192,3.8129,4.5755,4.5755,4.7845,0,0,0,-0.9229,-1.1753,-1.4103,-1.4103,-1.4786,0,0,0
12.680369,1788532554.223778,5.4832,5.5029,5.5029,5.5029,5.5281,0,0,0,-3.8267,-4.0198,8.8437,8.8437,9.3053,0,0,0,-1.2417,-0.9055,-1.3583,-1.3583,-1.0707,0,0,0,-5.1053,-4.7058,5.6470,5.6470,5.4909,0,0,0,3.5192,3.7988,4.5585,4.5585,4.7756,0,0,0,-0.9229,-1.1631,-1.3958,-1.3958,-1.4806,0,0,0
12.688382,1788532554.231783,5.5272,5.5041,5.5041,5.5041,5.5260,0,0,0,-3.7855,-4.0086,8.8189,8.8189,9.2693,0,0,0,-0.9576,-0.9080,-1.3620,-1.3620,-1.0822,0,0,0,-4.8132,-4.7110,5.6531,5.6531,5.4916,0,0,0,3.6962,3.7938,4.5526,4.5526,4.7654,0,0,0,-1.1361,-1.1618,-1.3942,-1.3942,-1.4812,0,0,0
12.697032,1788532554.239796,5.5272,5.5052,5.5052,5.5052,5.5240,0,0,0,-3.7855,-3.9978,8.7952,8.7952,9.2341,0,0,0,-0.9576,-0.9104,-1.3656,-1.3656,-1.0956,0,0,0,-4.8132,-4.7159,5.6590,5.6590,5.4944,0,0,0,3.6962,3.7891,4.5470,4.5470,4.7542,0,0,0,-1.1361,-1.1606,-1.3927,-1.3927,-1.4805,0,0,0
12.705033,1788532554.247447,5.5272,5.5062,5.5062,5.5062,5.5221,0,0,0,-3.7728,-3.9875,8.7724,8.7724,9.1998,0,0,0,-0.7669,-0.9038,-1.3557,-1.3557,-1.1106,0,0,0,-4.8046,-4.7199,5.6639,5.6639,5.4991,0,0,0,3.9239,3.7953,4.5544,4.5544,4.7421,0,0,0,-1.2862,-1.1664,-1.3997,-1.3997,-1.4784,0,0,0
12.712516,1788532554.255450,5.5272,5.5072,5.5072,5.5072,5.5202,0,0,0,-3.7728,-3.9771,8.7497,8.7497,9.1664,0,0,0,-0.7669,-0.8972,-1.3458,-1.3458,-1.1267,0,0,0,-4.8046,-4.7240,5.6688,5.6688,5.5056,0,0,0,3.9239,3.8015,4.5618,4.5618,4.7293,0,0,0,-1.2862,-1.1721,-1.4065,-1.4065,-1.4754,0,0,0
12.720809,1788532554.262933,5.5272,5.5081,5.5081,5.5081,5.5186,0,0,0,-3.7728,-3.9679,8.7294,8.7294,9.1338,0,0,0,-0.7669,-0.8914,-1.3370,-1.3370,-1.1434,0,0,0,-4.8046,-4.7276,5.6731,5.6731,5.5133,0,0,0,3.9239,3.8070,4.5684,4.5684,4.7162,0,0,0,-1.2862,-1.1772,-1.4127,-1.4127,-1.4716,0,0,0
12.728951,1788532554.271227,5.5272,5.5090,5.5090,5.5090,5.5170,0,0,0,-3.7728,-3.9582,8.7080,8.7080,9.1020,0,0,0,-0.7669,-0.8852,-1.3278,-1.3278,-1.1602,0,0,0,-4.8046,-4.7314,5.6777,5.6777,5.5219,0,0,0,3.9239,3.8128,4.5754,4.5754,4.7031,0,0,0,-1.2862,-1.1826,-1.4192,-1.4192,-1.4673,0,0,0
12.736934,1788532554.279353,5.5272,5.5099,5.5099,5.5099,5.5160,0,0,0,-3.7728,-3.9492,8.6881,8.6881,9.0787,0,0,0,-0.7669,-0.8794,-1.3191,-1.3191,-1.1725,0,0,0,-4.8046,-4.7350,5.6820,5.6820,5.5288,0,0,0,3.9239,3.8182,4.5819,4.5819,4.6935,0,0,0,-1.2862,-1.1877,-1.4252,-1.4252,-1.4641,0,0,0
12.744935,1788532554.287349,5.5272,5.5107,5.5107,5.5107,5.5147,0,0,0,-3.7728,-3.9407,8.6695,8.6695,9.0484,0,0,0,-0.7669,-0.8740,-1.3111,-1.3111,-1.1883,0,0,0,-4.8046,-4.7383,5.6860,5.6860,5.5385,0,0,0,3.9239,3.8233,4.5880,4.5880,4.6812,0,0,0,-1.2862,-1.1924,-1.4309,-1.4309,-1.4597,0,0,0
12.752501,1788532554.296349,5.5272,5.5116,5.5116,5.5116,5.5136,0,0,0,-3.7728,-3.9317,8.6496,8.6496,9.0188,0,0,0,-0.7669,-0.8683,-1.3024,-1.3024,-1.2031,0,0,0,-4.8046,-4.7419,5.6903,5.6903,5.5485,0,0,0,3.9239,3.8287,4.5944,4.5944,4.6698,0,0,0,-1.2862,-1.1974,-1.4369,-1.4369,-1.4556,0,0,0
12.761037,1788532554.303919,5.5272,5.5123,5.5123,5.5123,5.5127,0,0,0,-3.7728,-3.9244,8.6337,8.6337,8.9901,0,0,0,-0.7669,-0.8637,-1.2955,-1.2955,-1.2168,0,0,0,-4.8046,-4.7447,5.6937,5.6937,5.5586,0,0,0,3.9239,3.8330,4.5996,4.5996,4.6593,0,0,0,-1.2862,-1.2014,-1.4417,-1.4417,-1.4518,0,0,0
12.769039,1788532554.311452,5.5188,5.5126,5.5126,5.5126,5.5120,0,0,0,-3.7620,-3.9170,8.6175,8.6175,8.9621,0,0,0,-0.6645,-0.8547,-1.2820,-1.2820,-1.2291,0,0,0,-4.4982,-4.7336,5.6803,5.6803,5.5687,0,0,0,3.9802,3.8397,4.6076,4.6076,4.6498,0,0,0,-1.4846,-1.2142,-1.4571,-1.4571,-1.4485,0,0,0
12.776747,1788532554.319464,5.5188,5.5129,5.5129,5.5129,5.5114,0,0,0,-3.7620,-3.9096,8.6011,8.6011,8.9348,0,0,0,-0.6645,-0.8455,-1.2683,-1.2683,-1.2401,0,0,0,-4.4982,-4.7223,5.6667,5.6667,5.5787,0,0,0,3.9802,3.8464,4.6157,4.6157,4.6414,0,0,0,-1.4846,-1.2272,-1.4726,-1.4726,-1.4456,0,0,0
12.784748,1788532554.328171,5.5188,5.5132,5.5132,5.5132,5.5109,0,0,0,-3.7620,-3.9019,8.5842,8.5842,8.9084,0,0,0,-0.6645,-0.8361,-1.2542,-1.2542,-1.2497,0,0,0,-4.4982,-4.7107,5.6528,5.6528,5.5884,0,0,0,3.9802,3.8534,4.6240,4.6240,4.6341,0,0,0,-1.4846,-1.2406,-1.4887,-1.4887,-1.4433,0,0,0
12.792778,1788532554.336162,5.5188,5.5135,5.5135,5.5135,5.5106,0,0,0,-3.7620,-3.8952,8.5694,8.5694,8.8827,0,0,0,-0.6645,-0.8279,-1.2419,-1.2419,-1.2578,0,0,0,-4.4982,-4.7005,5.6406,5.6406,5.5977,0,0,0,3.9802,3.8594,4.6313,4.6313,4.6279,0,0,0,-1.4846,-1.2522,-1.5027,-1.5027,-1.4417,0,0,0
12.800783,1788532554.343197,5.5188,5.5137,5.5137,5.5137,5.5104,0,0,0,-3.7620,-3.8895,8.5570,8.5570,8.8578,0,0,0,-0.6645,-0.8210,-1.2315,-1.2315,-1.2643,0,0,0,-4.4982,-4.6919,5.6303,5.6303,5.6063,0,0,0,3.9802,3.8646,4.6375,4.6375,4.6227,0,0,0,-1.4846,-1.2621,-1.5145,-1.5145,-1.4409,0,0,0
12.808867,1788532554.351714,5.5188,5.5140,5.5140,5.5140,5.5103,0,0,0,-3.7620,-3.8830,8.5427,8.5427,8.8337,0,0,0,-0.6645,-0.8131,-1.2196,-1.2196,-1.2694,0,0,0,-4.4982,-4.6821,5.6185,5.6185,5.6138,0,0,0,3.9802,3.8704,4.6445,4.6445,4.6187,0,0,0,-1.4846,-1.2734,-1.5281,-1.5281,-1.4410,0,0,0
12.816905,1788532554.359285,5.5219,5.5143,5.5143,5.5143,5.5102,0,0,0,-3.7569,-3.8773,8.5300,8.5300,8.8103,0,0,0,-0.5741,-0.8022,-1.2033,-1.2033,-1.2729,0,0,0,-4.3320,-4.6662,5.5994,5.5994,5.6203,0,0,0,4.0483,3.8785,4.6542,4.6542,4.6158,0,0,0,-1.5539,-1.2861,-1.5434,-1.5434,-1.4421,0,0,0
12.824407,1788532554.368339,5.5219,5.5147,5.5147,5.5147,5.5102,0,0,0,-3.7569,-3.8708,8.5157,8.5157,8.7932,0,0,0,-0.5741,-0.7899,-1.1849,-1.1849,-1.2746,0,0,0,-4.3320,-4.6482,5.5778,5.5778,5.6243,0,0,0,4.0483,3.8877,4.6652,4.6652,4.6142,0,0,0,-1.5539,-1.3006,-1.5607,-1.5607,-1.4436,0,0,0
12.832416,1788532554.375823,5.5317,5.5155,5.5155,5.5155,5.5103,0,0,0,-3.7693,-3.8662,8.5056,8.5056,8.7711,0,0,0,-0.5133,-0.7775,-1.1663,-1.1663,-1.2756,0,0,0,-4.2699,-4.6312,5.5574,5.5574,5.6287,0,0,0,4.0541,3.8951,4.6742,4.6742,4.6130,0,0,0,-1.6997,-1.3185,-1.5822,-1.5822,-1.4463,0,0,0
12.840986,1788532554.382898,5.5317,5.5162,5.5162,5.5162,5.5104,0,0,0,-3.7693,-3.8621,8.4965,8.4965,8.7498,0,0,0,-0.5133,-0.7663,-1.1494,-1.1494,-1.2753,0,0,0,-4.2699,-4.6158,5.5390,5.5390,5.6317,0,0,0,4.0541,3.9019,4.6823,4.6823,4.6126,0,0,0,-1.6997,-1.3348,-1.6017,-1.6017,-1.4501,0,0,0
12.849142,1788532554.391406,5.5317,5.5170,5.5170,5.5170,5.5106,0,0,0,-3.7693,-3.8573,8.4862,8.4862,8.7291,0,0,0,-0.5133,-0.7534,-1.1301,-1.1301,-1.2736,0,0,0,-4.2699,-4.5982,5.5179,5.5179,5.6333,0,0,0,4.0541,3.9096,4.6916,4.6916,4.6132,0,0,0,-1.6997,-1.3533,-1.6240,-1.6240,-1.4548,0,0,0
12.857353,1788532554.399060,5.4994,5.5162,5.5162,5.5162,5.5108,0,0,0,-3.7489,-3.8524,8.4752,8.4752,8.7092,0,0,0,-0.5258,-0.7430,-1.1144,-1.1144,-1.2706,0,0,0,-4.2143,-4.5806,5.4967,5.4967,5.6335,0,0,0,4.0331,3.9153,4.6984,4.6984,4.6146,0,0,0,-1.6771,-1.3682,-1.6418,-1.6418,-1.4605,0,0,0
12.865356,1788532554.406778,5.4994,5.5154,5.5154,5.5154,5.5111,0,0,0,-3.7489,-3.8476,8.4646,8.4646,8.6900,0,0,0,-0.5258,-0.7329,-1.0994,-1.0994,-1.2663,0,0,0,-4.2143,-4.5636,5.4764,5.4764,5.6321,0,0,0,4.0331,3.9207,4.7049,4.7049,4.6168,0,0,0,-1.6771,-1.3825,-1.6590,-1.6590,-1.4672,0,0,0
12.872577,1788532554.416276,5.4994,5.5145,5.5145,5.5145,5.5114,0,0,0,-3.7489,-3.8420,8.4524,8.4524,8.6715,0,0,0,-0.5258,-0.7212,-1.0819,-1.0819,-1.2608,0,0,0,-4.2143,-4.5439,5.4527,5.4527,5.6292,0,0,0,4.0331,3.9271,4.7125,4.7125,4.6198,0,0,0,-1.6771,-1.3991,-1.6790,-1.6790,-1.4750,0,0,0
12.881396,1788532554.423500,5.4642,5.5123,5.5123,5.5123,5.5117,0,0,0,-3.7301,-3.8371,8.4416,8.4416,8.6537,0,0,0,-0.4589,-0.7098,-1.0648,-1.0648,-1.2540,0,0,0,-4.0949,-4.5244,5.4293,5.4293,5.6249,0,0,0,4.0452,3.9322,4.7186,4.7186,4.6234,0,0,0,-2.0165,-1.4260,-1.7112,-1.7112,-1.4839,0,0,0
12.889396,1788532554.430813,5.4642,5.5102,5.5102,5.5102,5.5120,0,0,0,-3.7301,-3.8324,8.4313,8.4313,8.6367,0,0,0,-0.4589,-0.6988,-1.0482,-1.0482,-1.2462,0,0,0,-4.0949,-4.5055,5.4066,5.4066,5.6190,0,0,0,4.0452,3.9372,4.7246,4.7246,4.6276,0,0,0,-2.0165,-1.4520,-1.7424,-1.7424,-1.4937,0,0,0
12.896592,1788532554.439811,5.4454,5.5067,5.5067,5.5067,5.5123,0,0,0,-3.6463,-3.8224,8.4093,8.4093,8.6202,0,0,0,-0.4589,-0.6859,-1.0289,-1.0289,-1.2373,0,0,0,-4.0888,-4.4831,5.3798,5.3798,5.6118,0,0,0,4.0325,3.9423,4.7307,4.7307,4.6323,0,0,0,-2.0141,-1.4822,-1.7786,-1.7786,-1.5044,0,0,0
12.905557,1788532554.448514,5.4443,5.5035,5.5035,5.5035,5.5126,0,0,0,-3.6002,-3.8109,8.3839,8.3839,8.6043,0,0,0,-1.2751,-0.7165,-1.0748,-1.0748,-1.2275,0,0,0,-4.7702,-4.4981,5.3977,5.3977,5.6032,0,0,0,3.2602,3.9069,4.6883,4.6883,4.6374,0,0,0,-1.1806,-1.4665,-1.7598,-1.7598,-1.5161,0,0,0
12.913560,1788532554.455976,5.4351,5.5004,5.5004,5.5004,5.5127,0,0,0,-3.5943,-3.8011,8.3625,8.3625,8.5890,0,0,0,-1.6559,-0.7586,-1.1379,-1.1379,-1.2169,0,0,0,-4.7735,-4.5104,5.4125,5.4125,5.5932,0,0,0,2.8043,3.8575,4.6290,4.6290,4.6428,0,0,0,-1.0537,-1.4480,-1.7376,-1.7376,-1.5289,0,0,0
12.921183,1788532554.464486,5.4351,5.4971,5.4971,5.4971,5.5128,0,0,0,-3.5943,-3.7906,8.3393,8.3393,8.5741,0,0,0,-1.6559,-0.8042,-1.2062,-1.2062,-1.2055,0,0,0,-4.7735,-4.5238,5.4285,5.4285,5.5819,0,0,0,2.8043,3.8039,4.5647,4.5647,4.6486,0,0,0,-1.0537,-1.4279,-1.7135,-1.7135,-1.5430,0,0,0
12.929285,1788532554.471597,5.4224,5.4939,5.4939,5.4939,5.5128,0,0,0,-3.5159,-3.7788,8.3134,8.3134,8.5630,0,0,0,-1.5891,-0.8378,-1.2567,-1.2567,-1.1968,0,0,0,-4.7215,-4.5323,5.4387,5.4387,5.5728,0,0,0,2.8258,3.7620,4.5144,4.5144,4.6528,0,0,0,-1.1126,-1.4144,-1.6973,-1.6973,-1.5541,0,0,0
12.937643,1788532554.479699,5.4224,5.4905,5.4905,5.4905,5.5125,0,0,0,-3.5159,-3.7660,8.2853,8.2853,8.5446,0,0,0,-1.5891,-0.8742,-1.3113,-1.3113,-1.1834,0,0,0,-4.7215,-4.5414,5.4497,5.4497,5.5574,0,0,0,2.8258,3.7165,4.4598,4.4598,4.6585,0,0,0,-1.1126,-1.3998,-1.6797,-1.6797,-1.5728,0,0,0
12.945187,1788532554.487601,5.4224,5.4872,5.4872,5.4872,5.5120,0,0,0,-3.5159,-3.7542,8.2592,8.2592,8.5294,0,0,0,-1.5891,-0.9081,-1.3621,-1.3621,-1.1753,0,0,0,-4.7215,-4.5500,5.4599,5.4599,5.5454,0,0,0,2.8258,3.6743,4.4091,4.4091,4.6605,0,0,0,-1.1126,-1.3862,-1.6634,-1.6634,-1.5871,0,0,0
12.953384,1788532554.496110,5.4224,5.4839,5.4839,5.4839,5.5113,0,0,0,-3.5159,-3.7420,8.2325,8.2325,8.5136,0,0,0,-1.5891,-0.9427,-1.4141,-1.4141,-1.1709,0,0,0,-4.7215,-4.5587,5.4704,5.4704,5.5342,0,0,0,2.8258,3.6311,4.3573,4.3573,4.6591,0,0,0,-1.1126,-1.3723,-1.6468,-1.6468,-1.6000,0,0,0
12.961446,1788532554.503799,5.4224,5.4811,5.4811,5.4811,5.5106,0,0,0,-3.5159,-3.7316,8.2095,8.2095,8.5012,0,0,0,-1.5891,-0.9726,-1.4589,-1.4589,-1.1701,0,0,0,-4.7215,-4.5662,5.4794,5.4794,5.5265,0,0,0,2.8258,3.5938,4.3126,4.3126,4.6556,0,0,0,-1.1126,-1.3603,-1.6324,-1.6324,-1.6087,0,0,0
12.969445,1788532554.512876,5.3705,5.4751,5.4751,5.4751,5.5095,0,0,0,-3.3432,-3.7106,8.1633,8.1633,8.4841,0,0,0,-1.0297,-0.9757,-1.4635,-1.4635,-1.1724,0,0,0,-4.5362,-4.5646,5.4775,5.4775,5.5173,0,0,0,3.4037,3.5835,4.3002,4.3002,4.6479,0,0,0,-1.4139,-1.3632,-1.6359,-1.6359,-1.6187,0,0,0
12.977444,1788532554.519859,5.3705,5.4707,5.4707,5.4707,5.5082,0,0,0,-3.3432,-3.6951,8.1292,8.1292,8.4662,0,0,0,-1.0297,-0.9780,-1.4670,-1.4670,-1.1786,0,0,0,-4.5362,-4.5634,5.4760,5.4760,5.5093,0,0,0,3.4037,3.5759,4.2911,4.2911,4.6366,0,0,0,-1.4139,-1.3653,-1.6384,-1.6384,-1.6271,0,0,0
12.985445,1788532554.527859,5.3705,5.4659,5.4659,5.4659,5.5066,0,0,0,-3.3432,-3.6782,8.0920,8.0920,8.4476,0,0,0,-1.0297,-0.9805,-1.4707,-1.4707,-1.1883,0,0,0,-4.5362,-4.5621,5.4745,5.4745,5.5025,0,0,0,3.4037,3.5676,4.2812,4.2812,4.6221,0,0,0,-1.4139,-1.3677,-1.6412,-1.6412,-1.6337,0,0,0
12.992893,1788532554.536859,5.3705,5.4608,5.4608,5.4608,5.5049,0,0,0,-3.3432,-3.6602,8.0524,8.0524,8.4279,0,0,0,-1.0297,-0.9831,-1.4746,-1.4746,-1.2008,0,0,0,-4.5362,-4.5607,5.4728,5.4728,5.4968,0,0,0,3.4037,3.5588,4.2706,4.2706,4.6051,0,0,0,-1.4139,-1.3701,-1.6442,-1.6442,-1.6389,0,0,0
13.000898,1788532554.543313,5.3705,5.4573,5.4573,5.4573,5.5029,0,0,0,-3.3432,-3.6478,8.0252,8.0252,8.4072,0,0,0,-1.0297,-0.9849,-1.4774,-1.4774,-1.2151,0,0,0,-4.5362,-4.5597,5.4717,5.4717,5.4919,0,0,0,3.4037,3.5528,4.2633,4.2633,4.5863,0,0,0,-1.4139,-1.3719,-1.6462,-1.6462,-1.6430,0,0,0
13.008896,1788532554.552311,5.3705,5.4527,5.4527,5.4527,5.5007,0,0,0,-3.3432,-3.6314,7.9892,7.9892,8.3853,0,0,0,-1.0297,-0.9873,-1.4810,-1.4810,-1.2308,0,0,0,-4.5362,-4.5585,5.4702,5.4702,5.4878,0,0,0,3.4037,3.5448,4.2537,4.2537,4.5663,0,0,0,-1.4139,-1.3741,-1.6489,-1.6489,-1.6461,0,0,0
13.017646,1788532554.561311,5.4022,5.4499,5.4499,5.4499,5.4982,0,0,0,-3.2115,-3.6089,7.9395,7.9395,8.3623,0,0,0,-0.4337,-0.9576,-1.4365,-1.4365,-1.2474,0,0,0,-4.1204,-4.5350,5.4420,5.4420,5.4843,0,0,0,3.9391,3.5659,4.2791,4.2791,4.5454,0,0,0,-2.1118,-1.4136,-1.6964,-1.6964,-1.6486,0,0,0
13.025166,1788532554.568065,5.4093,5.4483,5.4483,5.4483,5.4956,0,0,0,-3.2115,-3.5926,7.9038,7.9038,8.3383,0,0,0,-0.4100,-0.9353,-1.4030,-1.4030,-1.2643,0,0,0,-4.1202,-4.5181,5.4217,5.4217,5.4814,0,0,0,3.9952,3.5835,4.3001,4.3001,4.5241,0,0,0,-2.2374,-1.4472,-1.7367,-1.7367,-1.6505,0,0,0
13.033686,1788532554.575588,5.4093,5.4465,5.4465,5.4465,5.4927,0,0,0,-3.2115,-3.5754,7.8658,7.8658,8.3133,0,0,0,-0.4100,-0.9116,-1.3674,-1.3674,-1.2811,0,0,0,-4.0629,-4.4975,5.3970,5.3970,5.4788,0,0,0,3.9952,3.6021,4.3225,4.3225,4.5029,0,0,0,-2.2688,-1.4844,-1.7813,-1.7813,-1.6521,0,0,0
13.041688,1788532554.583119,5.4113,5.4449,5.4449,5.4449,5.4898,0,0,0,-3.1696,-3.5570,7.8253,7.8253,8.2870,0,0,0,-0.4191,-0.8893,-1.3340,-1.3340,-1.2969,0,0,0,-4.0022,-4.4751,5.3701,5.3701,5.4760,0,0,0,3.9268,3.6168,4.3401,4.3401,4.4825,0,0,0,-2.2631,-1.5197,-1.8236,-1.8236,-1.6544,0,0,0
13.049531,1788532554.591528,5.4113,5.4432,5.4432,5.4432,5.4867,0,0,0,-3.1503,-3.5365,7.7803,7.7803,8.2597,0,0,0,-0.4431,-0.8669,-1.3004,-1.3004,-1.3109,0,0,0,-4.0022,-4.4513,5.3416,5.3416,5.4728,0,0,0,3.9102,3.6315,4.3578,4.3578,4.4635,0,0,0,-2.2631,-1.5571,-1.8685,-1.8685,-1.6578,0,0,0
13.057124,1788532554.599011,5.4113,5.4418,5.4418,5.4418,5.4844,0,0,0,-3.1503,-3.5191,7.7419,7.7419,8.2385,0,0,0,-0.4431,-0.8479,-1.2718,-1.2718,-1.3199,0,0,0,-4.0022,-4.4311,5.3173,5.3173,5.4699,0,0,0,3.9102,3.6441,4.3729,4.3729,4.4504,0,0,0,-2.2631,-1.5889,-1.9067,-1.9067,-1.6613,0,0,0
13.065136,1788532554.608549,5.4232,5.4408,5.4408,5.4408,5.4813,0,0,0,-3.1119,-3.4959,7.6911,7.6911,8.2093,0,0,0,-0.4971,-0.8281,-1.2421,-1.2421,-1.3298,0,0,0,-4.2020,-4.4181,5.3018,5.3018,5.4652,0,0,0,3.9109,3.6592,4.3910,4.3910,4.4346,0,0,0,-2.2161,-1.6245,-1.9494,-1.9494,-1.6677,0,0,0
13.072643,1788532554.616549,5.4232,5.4399,5.4399,5.4399,5.4782,0,0,0,-3.1119,-3.4775,7.6505,7.6505,8.1790,0,0,0,-0.4971,-0.8122,-1.2183,-1.2183,-1.3371,0,0,0,-4.2020,-4.4078,5.2893,5.2893,5.4595,0,0,0,3.9109,3.6712,4.4055,4.4055,4.4209,0,0,0,-2.2161,-1.6529,-1.9835,-1.9835,-1.6761,0,0,0
13.081671,1788532554.625070,5.4232,5.4391,5.4391,5.4391,5.4752,0,0,0,-3.1119,-3.4588,7.6094,7.6094,8.1477,0,0,0,-0.4971,-0.7962,-1.1943,-1.1943,-1.3417,0,0,0,-4.2020,-4.3973,5.2768,5.2768,5.4525,0,0,0,3.9109,3.6834,4.4201,4.4201,4.4094,0,0,0,-2.2161,-1.6816,-2.0179,-2.0179,-1.6867,0,0,0
13.089167,1788532554.633074,5.4132,5.4378,5.4378,5.4378,5.4722,0,0,0,-3.0729,-3.4403,7.5686,7.5686,8.1153,0,0,0,-1.4301,-0.8265,-1.2398,-1.2398,-1.3435,0,0,0,-4.8251,-4.4178,5.3014,5.3014,5.4444,0,0,0,2.9370,3.6476,4.3772,4.3772,4.4000,0,0,0,-1.4108,-1.6686,-2.0023,-2.0023,-1.6996,0,0,0
13.097187,1788532554.640089,5.4132,5.4368,5.4368,5.4368,5.4693,0,0,0,-3.0729,-3.4247,7.5343,7.5343,8.0819,0,0,0,-1.4301,-0.8520,-1.2780,-1.2780,-1.3427,0,0,0,-4.8251,-4.4350,5.3220,5.3220,5.4354,0,0,0,2.9370,3.6176,4.3411,4.3411,4.3928,0,0,0,-1.4108,-1.6577,-1.9892,-1.9892,-1.7145,0,0,0
13.105223,1788532554.649107,5.4132,5.4355,5.4355,5.4355,5.4665,0,0,0,-3.0729,-3.4057,7.4926,7.4926,8.0476,0,0,0,-1.4301,-0.8830,-1.3246,-1.3246,-1.3398,0,0,0,-4.8251,-4.4560,5.3472,5.3472,5.4257,0,0,0,2.9370,3.5810,4.2972,4.2972,4.3875,0,0,0,-1.4108,-1.6444,-1.9733,-1.9733,-1.7314,0,0,0
13.113816,1788532554.655640,5.4029,5.4342,5.4342,5.4342,5.4639,0,0,0,-3.0175,-3.3904,7.4588,7.4588,8.0124,0,0,0,-1.2991,-0.8995,-1.3492,-1.3492,-1.3356,0,0,0,-4.9723,-4.4763,5.3716,5.3716,5.4160,0,0,0,3.1692,3.5647,4.2777,4.2777,4.3832,0,0,0,-1.4228,-1.6357,-1.9628,-1.9628,-1.7493,0,0,0
13.121336,1788532554.664244,5.4029,5.4326,5.4326,5.4326,5.4613,0,0,0,-3.0175,-3.3712,7.4165,7.4165,7.9766,0,0,0,-1.2991,-0.9200,-1.3800,-1.3800,-1.3314,0,0,0,-4.9723,-4.5018,5.4021,5.4021,5.4067,0,0,0,3.1692,3.5444,4.2533,4.2533,4.3791,0,0,0,-1.4228,-1.6247,-1.9496,-1.9496,-1.7675,0,0,0
13.129867,1788532554.671749,5.4029,5.4313,5.4313,5.4313,5.4588,0,0,0,-3.0175,-3.3552,7.3813,7.3813,7.9402,0,0,0,-1.2991,-0.9371,-1.4056,-1.4056,-1.3279,0,0,0,-4.9723,-4.5230,5.4276,5.4276,5.3984,0,0,0,3.1692,3.5275,4.2330,4.2330,4.3746,0,0,0,-1.4228,-1.6156,-1.9387,-1.9387,-1.7854,0,0,0
13.137391,1788532554.679297,5.3857,5.4292,5.4292,5.4292,5.4565,0,0,0,-2.9182,-3.3353,7.3376,7.3376,7.9033,0,0,0,-0.9012,-0.9354,-1.4032,-1.4032,-1.3256,0,0,0,-4.5458,-4.5240,5.4288,5.4288,5.3914,0,0,0,3.5175,3.5270,4.2324,4.2324,4.3693,0,0,0,-1.8654,-1.6269,-1.9523,-1.9523,-1.8024,0,0,0
13.145399,1788532554.687808,5.3857,5.4270,5.4270,5.4270,5.4548,0,0,0,-2.9182,-3.3140,7.2908,7.2908,7.8754,0,0,0,-0.9012,-0.9337,-1.4006,-1.4006,-1.3247,0,0,0,-4.5458,-4.5251,5.4301,5.4301,5.3873,0,0,0,3.5175,3.5265,4.2318,4.2318,4.3648,0,0,0,-1.8654,-1.6391,-1.9669,-1.9669,-1.8144,0,0,0
13.154222,1788532554.696134,5.3857,5.4250,5.4250,5.4250,5.4526,0,0,0,-2.9182,-3.2942,7.2473,7.2473,7.8379,0,0,0,-0.9012,-0.9321,-1.3981,-1.3981,-1.3250,0,0,0,-4.5458,-4.5261,5.4314,5.4314,5.3834,0,0,0,3.5175,3.5261,4.2313,4.2313,4.3581,0,0,0,-1.8654,-1.6503,-1.9804,-1.9804,-1.8293,0,0,0
13.162246,1788532554.703641,5.3857,5.4232,5.4232,5.4232,5.4505,0,0,0,-2.9182,-3.2772,7.2099,7.2099,7.8000,0,0,0,-0.9012,-0.9307,-1.3960,-1.3960,-1.3266,0,0,0,-4.5458,-4.5270,5.4324,5.4324,5.3812,0,0,0,3.5175,3.5257,4.2308,4.2308,4.3506,0,0,0,-1.8654,-1.6601,-1.9921,-1.9921,-1.8431,0,0,0
13.169760,1788532554.712683,5.3857,5.4212,5.4212,5.4212,5.4485,0,0,0,-2.9182,-3.2578,7.1672,7.1672,7.7618,0,0,0,-0.9012,-0.9291,-1.3937,-1.3937,-1.3291,0,0,0,-4.5458,-4.5280,5.4337,5.4337,5.3802,0,0,0,3.5175,3.5252,4.2303,4.2303,4.3426,0,0,0,-1.8654,-1.6711,-2.0053,-2.0053,-1.8559,0,0,0
13.177780,1788532554.720180,5.3857,5.4196,5.4196,5.4196,5.4465,0,0,0,-2.9182,-3.2425,7.1334,7.1334,7.7232,0,0,0,-0.9012,-0.9278,-1.3918,-1.3918,-1.3323,0,0,0,-4.5458,-4.5288,5.4346,5.4346,5.3804,0,0,0,3.5175,3.5249,4.2299,4.2299,4.3345,0,0,0,-1.8654,-1.6799,-2.0159,-2.0159,-1.8680,0,0,0
13.185781,1788532554.729197,5.3678,5.4168,5.4168,5.4168,5.4445,0,0,0,-3.0429,-3.2317,7.1098,7.1098,7.6842,0,0,0,-0.4702,-0.9033,-1.3549,-1.3549,-1.3359,0,0,0,-4.3215,-4.5177,5.4213,5.4213,5.3815,0,0,0,4.0307,3.5521,4.2625,4.2625,4.3263,0,0,0,-2.1742,-1.7065,-2.0477,-2.0477,-1.8796,0,0,0
13.194321,1788532554.736195,5.3678,5.4147,5.4147,5.4147,5.4426,0,0,0,-3.0429,-3.2237,7.0922,7.0922,7.6449,0,0,0,-0.4702,-0.8851,-1.3276,-1.3276,-1.3398,0,0,0,-4.3215,-4.5095,5.4113,5.4113,5.3832,0,0,0,4.0307,3.5722,4.2867,4.2867,4.3183,0,0,0,-2.1742,-1.7262,-2.0714,-2.0714,-1.8908,0,0,0
13.202311,1788532554.744734,5.3678,5.4123,5.4123,5.4123,5.4407,0,0,0,-3.0429,-3.2145,7.0719,7.0719,7.6054,0,0,0,-0.4702,-0.8639,-1.2959,-1.2959,-1.3437,0,0,0,-4.3215,-4.4999,5.3999,5.3999,5.3854,0,0,0,4.0307,3.5956,4.3147,4.3147,4.3105,0,0,0,-2.1742,-1.7491,-2.0989,-2.0989,-1.9016,0,0,0
13.210310,1788532554.752728,5.3678,5.4102,5.4102,5.4102,5.4388,0,0,0,-3.0429,-3.2062,7.0537,7.0537,7.5661,0,0,0,-0.4702,-0.8451,-1.2676,-1.2676,-1.3471,0,0,0,-4.3215,-4.4913,5.3896,5.3896,5.3878,0,0,0,4.0307,3.6164,4.3397,4.3397,4.3034,0,0,0,-2.1742,-1.7695,-2.1234,-2.1234,-1.9125,0,0,0
13.218359,1788532554.760729,5.3563,5.4076,5.4076,5.4076,5.4369,0,0,0,-2.9450,-3.1937,7.0261,7.0261,7.5271,0,0,0,-0.4082,-0.8242,-1.2362,-1.2362,-1.3495,0,0,0,-4.1056,-4.4729,5.3674,5.3674,5.3902,0,0,0,4.0277,3.6361,4.3633,4.3633,4.2974,0,0,0,-2.1345,-1.7870,-2.1444,-2.1444,-1.9237,0,0,0
13.226362,1788532554.768781,5.3563,5.4052,5.4052,5.4052,5.4355,0,0,0,-2.9450,-3.1817,6.9996,6.9996,7.4984,0,0,0,-0.4082,-0.8041,-1.2062,-1.2062,-1.3505,0,0,0,-4.1056,-4.4552,5.3462,5.3462,5.3918,0,0,0,4.0277,3.6550,4.3860,4.3860,4.2939,0,0,0,-2.1345,-1.8038,-2.1646,-2.1646,-1.9324,0,0,0
13.233874,1788532554.776791,5.3462,5.4023,5.4023,5.4023,5.4331,0,0,0,-2.9092,-3.1685,6.9708,6.9708,7.4514,0,0,0,-0.4060,-0.7850,-1.1775,-1.1775,-1.3503,0,0,0,-3.9832,-4.4325,5.3190,5.3190,5.3939,0,0,0,3.9351,3.6684,4.4021,4.4021,4.2901,0,0,0,-2.2296,-1.8243,-2.1891,-2.1891,-1.9477,0,0,0
13.242022,1788532554.784292,5.3343,5.3993,5.3993,5.3993,5.4312,0,0,0,-2.8985,-3.1563,6.9439,6.9439,7.4149,0,0,0,-0.3732,-0.7665,-1.1497,-1.1497,-1.3481,0,0,0,-3.9398,-4.4103,5.2924,5.2924,5.3948,0,0,0,3.9351,3.6804,4.4165,4.4165,4.2891,0,0,0,-2.2681,-1.8443,-2.2132,-2.2132,-1.9606,0,0,0
13.249485,1788532554.791435,5.3343,5.3965,5.3965,5.3965,5.4297,0,0,0,-2.8985,-3.1452,6.9195,6.9195,7.3880,0,0,0,-0.3732,-0.7495,-1.1243,-1.1243,-1.3452,0,0,0,-3.9398,-4.3901,5.2681,5.2681,5.3948,0,0,0,3.9351,3.6914,4.4296,4.4296,4.2895,0,0,0,-2.2681,-1.8626,-2.2351,-2.2351,-1.9707,0,0,0
13.258118,1788532554.799920,5.3170,5.3924,5.3924,5.3924,5.4278,0,0,0,-2.8132,-3.1283,6.8823,6.8823,7.3530,0,0,0,-0.3494,-0.7292,-1.0939,-1.0939,-1.3398,0,0,0,-3.8868,-4.3646,5.2375,5.2375,5.3939,0,0,0,3.9366,3.7038,4.4445,4.4445,4.2916,0,0,0,-2.2681,-1.8832,-2.2598,-2.2598,-1.9848,0,0,0
13.266118,1788532554.808532,5.3163,5.3885,5.3885,5.3885,5.4258,0,0,0,-2.8132,-3.1121,6.8466,6.8466,7.3187,0,0,0,-0.3347,-0.7089,-1.0634,-1.0634,-1.3325,0,0,0,-3.8868,-4.3400,5.2080,5.2080,5.3917,0,0,0,3.9366,3.7157,4.4589,4.4589,4.2953,0,0,0,-2.3107,-1.9052,-2.2863,-2.2863,-1.9995,0,0,0
13.274297,1788532554.815684,5.3163,5.3854,5.3854,5.3854,5.4237,0,0,0,-2.8132,-3.0992,6.8182,6.8182,7.2851,0,0,0,-0.3347,-0.6928,-1.0392,-1.0392,-1.3233,0,0,0,-3.8868,-4.3204,5.1845,5.1845,5.3880,0,0,0,3.9366,3.7252,4.4703,4.4703,4.3004,0,0,0,-2.3107,-1.9227,-2.3073,-2.3073,-2.0150,0,0,0
13.282439,1788532554.824732,5.2981,5.3807,5.3807,5.3807,5.4216,0,0,0,-2.8307,-3.0847,6.7863,6.7863,7.2522,0,0,0,-0.3760,-0.6757,-1.0136,-1.0136,-1.3125,0,0,0,-3.9083,-4.2982,5.1579,5.1579,5.3827,0,0,0,3.9418,3.7369,4.4843,4.4843,4.3067,0,0,0,-2.0947,-1.9320,-2.3184,-2.3184,-2.0311,0,0,0
13.290443,1788532554.832869,5.2981,5.3767,5.3767,5.3767,5.4194,0,0,0,-2.8307,-3.0723,6.7590,6.7590,7.2198,0,0,0,-0.3760,-0.6611,-0.9917,-0.9917,-1.2999,0,0,0,-3.9083,-4.2792,5.1350,5.1350,5.3759,0,0,0,3.9418,3.7469,4.4963,4.4963,4.3142,0,0,0,-2.0947,-1.9400,-2.3280,-2.3280,-2.0479,0,0,0
13.298456,1788532554.840360,5.2981,5.3732,5.3732,5.3732,5.4171,0,0,0,-2.8307,-3.0614,6.7350,6.7350,7.1877,0,0,0,-0.3760,-0.6483,-0.9724,-0.9724,-1.2857,0,0,0,-3.9083,-4.2625,5.1150,5.1150,5.3674,0,0,0,3.9418,3.7557,4.5068,4.5068,4.3227,0,0,0,-2.0947,-1.9469,-2.3363,-2.3363,-2.0654,0,0,0
13.306457,1788532554.847892,5.2981,5.3698,5.3698,5.3698,5.4148,0,0,0,-2.8307,-3.0509,6.7120,6.7120,7.1558,0,0,0,-0.3760,-0.6359,-0.9539,-0.9539,-1.2702,0,0,0,-3.9083,-4.2464,5.0957,5.0957,5.3573,0,0,0,3.9418,3.7641,4.5169,4.5169,4.3320,0,0,0,-2.0947,-1.9537,-2.3444,-2.3444,-2.0833,0,0,0
13.314073,1788532554.855881,5.2981,5.3663,5.3663,5.3663,5.4123,0,0,0,-2.8307,-3.0403,6.6887,6.6887,7.1243,0,0,0,-0.3760,-0.6235,-0.9352,-0.9352,-1.2533,0,0,0,-3.9083,-4.2302,5.0763,5.0763,5.3458,0,0,0,3.9418,3.7726,4.5271,4.5271,4.3421,0,0,0,-2.0947,-1.9604,-2.3525,-2.3525,-2.1016,0,0,0
13.321662,1788532554.864021,5.3883,5.3674,5.3674,5.3674,5.4097,0,0,0,-2.8495,-3.0310,6.6682,6.6682,7.0931,0,0,0,-0.2149,-0.6035,-0.9053,-0.9053,-1.2355,0,0,0,-3.4621,-4.1927,5.0312,5.0312,5.3329,0,0,0,3.4674,3.7577,4.5093,4.5093,4.3527,0,0,0,-2.8031,-2.0016,-2.4019,-2.4019,-2.1198,0,0,0
13.329662,1788532554.873075,5.3582,5.3669,5.3669,5.3669,5.4070,0,0,0,-2.8495,-3.0212,6.6466,6.6466,7.0623,0,0,0,-0.2149,-0.5826,-0.8738,-0.8738,-1.2167,0,0,0,-3.4621,-4.1532,4.9839,4.9839,5.3189,0,0,0,3.4758,3.7425,4.4910,4.4910,4.3638,0,0,0,-2.8031,-2.0449,-2.4539,-2.4539,-2.1379,0,0,0
13.337759,1788532554.880076,5.3428,5.3659,5.3659,5.3659,5.4042,0,0,0,-2.8643,-3.0146,6.6320,6.6320,7.0318,0,0,0,-0.2310,-0.5677,-0.8516,-0.8516,-1.1974,0,0,0,-3.4865,-4.1250,4.9500,4.9500,5.3039,0,0,0,3.5078,3.7326,4.4792,4.4792,4.3752,0,0,0,-2.7895,-2.0764,-2.4917,-2.4917,-2.1558,0,0,0
13.346283,1788532554.888683,5.3428,5.3647,5.3647,5.3647,5.4014,0,0,0,-2.8643,-3.0068,6.6150,6.6150,7.0019,0,0,0,-0.2310,-0.5504,-0.8256,-0.8256,-1.1774,0,0,0,-3.4865,-4.0921,4.9105,4.9105,5.2878,0,0,0,3.5078,3.7211,4.4653,4.4653,4.3866,0,0,0,-2.7895,-2.1132,-2.5358,-2.5358,-2.1736,0,0,0
13.354383,1788532554.895978,5.3428,5.3638,5.3638,5.3638,5.3993,0,0,0,-2.8643,-3.0005,6.6012,6.6012,6.9798,0,0,0,-0.2310,-0.5363,-0.8045,-0.8045,-1.1620,0,0,0,-3.4865,-4.0655,4.8786,4.8786,5.2748,0,0,0,3.5078,3.7117,4.4541,4.4541,4.3949,0,0,0,-2.7895,-2.1430,-2.5716,-2.5716,-2.1872,0,0,0
13.361933,1788532554.904261,5.3162,5.3614,5.3614,5.3614,5.3965,0,0,0,-2.7428,-2.9878,6.5731,6.5731,6.9509,0,0,0,-0.2219,-0.5207,-0.7811,-0.7811,-1.1409,0,0,0,-3.4444,-4.0346,4.8415,4.8415,5.2563,0,0,0,3.4700,3.6998,4.4397,4.4397,4.4051,0,0,0,-2.7376,-2.1726,-2.6071,-2.6071,-2.2062,0,0,0
13.369940,1788532554.912349,5.3162,5.3592,5.3592,5.3592,5.3938,0,0,0,-2.7428,-2.9759,6.5469,6.5469,6.9226,0,0,0,-0.2219,-0.5062,-0.7593,-0.7593,-1.1192,0,0,0,-3.4444,-4.0059,4.8071,4.8071,5.2361,0,0,0,3.4700,3.6887,4.4264,4.4264,4.4144,0,0,0,-2.7376,-2.2001,-2.6401,-2.6401,-2.2264,0,0,0
13.378513,1788532554.920347,5.3162,5.3572,5.3572,5.3572,5.3912,0,0,0,-2.7428,-2.9647,6.5223,6.5223,6.8948,0,0,0,-0.2219,-0.4926,-0.7389,-0.7389,-1.0966,0,0,0,-3.4444,-3.9789,4.7747,4.7747,5.2140,0,0,0,3.4700,3.6782,4.4138,4.4138,4.4222,0,0,0,-2.7376,-2.2259,-2.6711,-2.6711,-2.2483,0,0,0
13.386024,1788532554.928928,5.3162,5.3551,5.3551,5.3551,5.3886,0,0,0,-2.7428,-2.9533,6.4972,6.4972,6.8673,0,0,0,-0.2219,-0.4787,-0.7180,-0.7180,-1.0734,0,0,0,-3.4444,-3.9514,4.7417,4.7417,5.1901,0,0,0,3.4700,3.6676,4.4011,4.4011,4.4286,0,0,0,-2.7376,-2.2522,-2.7027,-2.7027,-2.2718,0,0,0
13.394686,1788532554.936442,5.3162,5.3533,5.3533,5.3533,5.3860,0,0,0,-2.7428,-2.9438,6.4763,6.4763,6.8401,0,0,0,-0.2219,-0.4671,-0.7006,-0.7006,-1.0497,0,0,0,-3.4444,-3.9284,4.7141,4.7141,5.1646,0,0,0,3.4700,3.6586,4.3904,4.3904,4.4335,0,0,0,-2.7376,-2.2743,-2.7291,-2.7291,-2.2967,0,0,0
13.402193,1788532554.945103,5.3162,5.3514,5.3514,5.3514,5.3835,0,0,0,-2.7428,-2.9333,6.4534,6.4534,6.8133,0,0,0,-0.2219,-0.4544,-0.6816,-0.6816,-1.0257,0,0,0,-3.4444,-3.9033,4.6840,4.6840,5.1377,0,0,0,3.4700,3.6489,4.3787,4.3787,4.4369,0,0,0,-2.7376,-2.2983,-2.7580,-2.7580,-2.3228,0,0,0
13.409821,1788532554.951619,5.3162,5.3500,5.3500,5.3500,5.3810,0,0,0,-2.7428,-2.9258,6.4368,6.4368,6.7867,0,0,0,-0.2219,-0.4452,-0.6678,-0.6678,-1.0014,0,0,0,-3.4444,-3.8852,4.6622,4.6622,5.1097,0,0,0,3.4700,3.6419,4.3702,4.3702,4.4390,0,0,0,-2.7376,-2.3157,-2.7788,-2.7788,-2.3499,0,0,0
13.418718,1788532554.961236,5.3162,5.3481,5.3481,5.3481,5.3786,0,0,0,-2.7428,-2.9154,6.4138,6.4138,6.7604,0,0,0,-0.2219,-0.4324,-0.6487,-0.6487,-0.9772,0,0,0,-3.4444,-3.8599,4.6319,4.6319,5.0808,0,0,0,3.4700,3.6321,4.3585,4.3585,4.4396,0,0,0,-2.7376,-2.3399,-2.8078,-2.8078,-2.3779,0,0,0
13.426732,1788532554.968147,5.0539,5.3358,5.3358,5.3358,5.3769,0,0,0,-2.4385,-2.8954,6.3700,6.3700,6.7409,0,0,0,-0.2408,-0.4244,-0.6366,-0.6366,-0.9591,0,0,0,-3.4369,-3.8422,4.6107,4.6107,5.0586,0,0,0,3.5459,3.6285,4.3542,4.3542,4.4393,0,0,0,-2.6552,-2.3531,-2.8237,-2.8237,-2.3993,0,0,0
13.434239,1788532554.977154,5.0324,5.3196,5.3196,5.3196,5.3745,0,0,0,-2.4385,-2.8709,6.3159,6.3159,6.7152,0,0,0,-0.2408,-0.4146,-0.6218,-0.6218,-0.9351,0,0,0,-3.4420,-3.8207,4.5848,4.5848,5.0287,0,0,0,3.5552,3.6245,4.3495,4.3495,4.4379,0,0,0,-2.6552,-2.3693,-2.8432,-2.8432,-2.4281,0,0,0
13.442245,1788532554.983658,5.0304,5.3082,5.3082,5.3082,5.3722,0,0,0,-2.4385,-2.8538,6.2784,6.2784,6.6898,0,0,0,-0.2236,-0.4070,-0.6106,-0.6106,-0.9113,0,0,0,-3.4449,-3.8058,4.5670,4.5670,4.9984,0,0,0,3.6310,3.6248,4.3498,4.3498,4.4354,0,0,0,-2.7058,-2.3826,-2.8592,-2.8592,-2.4572,0,0,0
13.450321,1788532554.993658,5.0230,5.2913,5.2913,5.2913,5.3698,0,0,0,-2.4049,-2.8272,6.2198,6.2198,6.6644,0,0,0,-0.1979,-0.3946,-0.5920,-0.5920,-0.8880,0,0,0,-3.4719,-3.7860,4.5432,4.5432,4.9679,0,0,0,3.6512,3.6264,4.3516,4.3516,4.4321,0,0,0,-2.8134,-2.4082,-2.8899,-2.8899,-2.4864,0,0,0
13.458037,1788532554.999736,5.0230,5.2814,5.2814,5.2814,5.3670,0,0,0,-2.4049,-2.8116,6.1855,6.1855,6.6385,0,0,0,-0.1979,-0.3874,-0.5811,-0.5811,-0.8651,0,0,0,-3.4719,-3.7744,4.5292,4.5292,4.9375,0,0,0,3.6512,3.6273,4.3527,4.3527,4.4280,0,0,0,-2.8134,-2.4232,-2.9079,-2.9079,-2.5154,0,0,0
13.466039,1788532555.008468,5.0230,5.2680,5.2680,5.2680,5.3638,0,0,0,-2.4049,-2.7903,6.1387,6.1387,6.6120,0,0,0,-0.1979,-0.3775,-0.5662,-0.5662,-0.8428,0,0,0,-3.4719,-3.7585,4.5103,4.5103,4.9072,0,0,0,3.6512,3.6285,4.3542,4.3542,4.4235,0,0,0,-2.8134,-2.4436,-2.9324,-2.9324,-2.5441,0,0,0
13.474557,1788532555.016456,4.9586,5.2532,5.2532,5.2532,5.3601,0,0,0,-2.4278,-2.7729,6.1005,6.1005,6.5845,0,0,0,-0.2340,-0.3706,-0.5559,-0.5559,-0.8210,0,0,0,-3.5005,-3.7461,4.4954,4.4954,4.8772,0,0,0,3.5473,3.6246,4.3496,4.3496,4.4187,0,0,0,-2.7256,-2.4572,-2.9486,-2.9486,-2.5725,0,0,0
13.482583,1788532555.023997,4.9586,5.2398,5.2398,5.2398,5.3558,0,0,0,-2.4278,-2.7573,6.0660,6.0660,6.5560,0,0,0,-0.2340,-0.3644,-0.5466,-0.5466,-0.7998,0,0,0,-3.5005,-3.7350,4.4820,4.4820,4.8477,0,0,0,3.5473,3.6211,4.3454,4.3454,4.4138,0,0,0,-2.7256,-2.4694,-2.9633,-2.9633,-2.6006,0,0,0
13.490741,1788532555.032999,4.9586,5.2247,5.2247,5.2247,5.3509,0,0,0,-2.4278,-2.7395,6.0270,6.0270,6.5265,0,0,0,-0.2340,-0.3574,-0.5361,-0.5361,-0.7791,0,0,0,-3.5005,-3.7224,4.4668,4.4668,4.8188,0,0,0,3.5473,3.6172,4.3406,4.3406,4.4089,0,0,0,-2.7256,-2.4832,-2.9798,-2.9798,-2.6283,0,0,0
13.498759,1788532555.040661,4.9586,5.2125,5.2125,5.2125,5.3453,0,0,0,-2.4278,-2.7252,5.9953,5.9953,6.4960,0,0,0,-0.2340,-0.3517,-0.5276,-0.5276,-0.7591,0,0,0,-3.5005,-3.7121,4.4545,4.4545,4.7906,0,0,0,3.5473,3.6140,4.3368,4.3368,4.4041,0,0,0,-2.7256,-2.4944,-2.9933,-2.9933,-2.6555,0,0,0
13.506271,1788532555.049175,4.9586,5.1996,5.1996,5.1996,5.3392,0,0,0,-2.4278,-2.7100,5.9620,5.9620,6.4647,0,0,0,-0.2340,-0.3457,-0.5186,-0.5186,-0.7398,0,0,0,-3.5005,-3.7013,4.4416,4.4416,4.7631,0,0,0,3.5473,3.6106,4.3327,4.3327,4.3993,0,0,0,-2.7256,-2.5062,-3.0074,-3.0074,-2.6821,0,0,0
13.514787,1788532555.056697,4.9586,5.1887,5.1887,5.1887,5.3324,0,0,0,-2.4278,-2.6972,5.9338,5.9338,6.4327,0,0,0,-0.2340,-0.3407,-0.5110,-0.5110,-0.7211,0,0,0,-3.5005,-3.6922,4.4307,4.4307,4.7365,0,0,0,3.5473,3.6077,4.3293,4.3293,4.3945,0,0,0,-2.7256,-2.5161,-3.0194,-3.0194,-2.7081,0,0,0
13.522325,1788532555.065206,4.9100,5.1745,5.1745,5.1745,5.3269,0,0,0,-2.2659,-2.6752,5.8855,5.8855,6.4082,0,0,0,-0.2771,-0.3374,-0.5062,-0.5062,-0.7075,0,0,0,-3.4067,-3.6777,4.4132,4.4132,4.7171,0,0,0,3.4608,3.6003,4.3203,4.3203,4.3909,0,0,0,-2.7941,-2.5303,-3.0364,-3.0364,-2.7272,0,0,0
13.530346,1788532555.072740,4.9100,5.1625,5.1625,5.1625,5.3191,0,0,0,-2.2659,-2.6566,5.8446,5.8446,6.3751,0,0,0,-0.2771,-0.3347,-0.5021,-0.5021,-0.6901,0,0,0,-3.4067,-3.6653,4.3984,4.3984,4.6921,0,0,0,3.4608,3.5940,4.3127,4.3127,4.3862,0,0,0,-2.7941,-2.5423,-3.0508,-3.0508,-2.7519,0,0,0
13.537862,1788532555.081762,4.9100,5.1489,5.1489,5.1489,5.3107,0,0,0,-2.2659,-2.6356,5.7983,5.7983,6.3417,0,0,0,-0.2771,-0.3316,-0.4974,-0.4974,-0.6734,0,0,0,-3.4067,-3.6514,4.3817,4.3817,4.6681,0,0,0,3.4608,3.5868,4.3042,4.3042,4.3815,0,0,0,-2.7941,-2.5559,-3.0670,-3.0670,-2.7758,0,0,0
13.546872,1788532555.088793,4.9544,5.1407,5.1407,5.1407,5.3019,0,0,0,-2.3276,-2.6225,5.7695,5.7695,6.3079,0,0,0,-0.2633,-0.3287,-0.4931,-0.4931,-0.6575,0,0,0,-3.4494,-3.6428,4.3714,4.3714,4.6449,0,0,0,3.5292,3.5844,4.3012,4.3012,4.3769,0,0,0,-2.7736,-2.5651,-3.0782,-3.0782,-2.7990,0,0,0
13.554700,1788532555.097930,4.9544,5.1305,5.1305,5.1305,5.2926,0,0,0,-2.3276,-2.6064,5.7341,5.7341,6.2735,0,0,0,-0.2504,-0.3244,-0.4867,-0.4867,-0.6423,0,0,0,-3.4531,-3.6325,4.3590,4.3590,4.6226,0,0,0,3.5292,3.5814,4.2976,4.2976,4.3721,0,0,0,-2.7736,-2.5765,-3.0918,-3.0918,-2.8214,0,0,0
13.562214,1788532555.105619,4.9251,5.1210,5.1210,5.1210,5.2829,0,0,0,-2.3202,-2.5932,5.7049,5.7049,6.2386,0,0,0,-0.2480,-0.3209,-0.4814,-0.4814,-0.6280,0,0,0,-3.4531,-3.6242,4.3490,4.3490,4.6010,0,0,0,3.4996,3.5776,4.2931,4.2931,4.3673,0,0,0,-2.8408,-2.5887,-3.1065,-3.1065,-2.8432,0,0,0
13.570839,1788532555.113632,4.9251,5.1116,5.1116,5.1116,5.2729,0,0,0,-2.3202,-2.5800,5.6760,5.6760,6.2033,0,0,0,-0.2480,-0.3174,-0.4761,-0.4761,-0.6144,0,0,0,-3.4531,-3.6159,4.3391,4.3391,4.5802,0,0,0,3.4996,3.5739,4.2886,4.2886,4.3624,0,0,0,-2.8408,-2.6009,-3.1211,-3.1211,-2.8642,0,0,0
13.578876,1788532555.121254,4.9251,5.1031,5.1031,5.1031,5.2626,0,0,0,-2.3202,-2.5681,5.6498,5.6498,6.1677,0,0,0,-0.2480,-0.3142,-0.4713,-0.4713,-0.6016,0,0,0,-3.4531,-3.6085,4.3302,4.3302,4.5601,0,0,0,3.4996,3.5705,4.2845,4.2845,4.3574,0,0,0,-2.8408,-2.6119,-3.1343,-3.1343,-2.8845,0,0,0
13.586868,1788532555.129280,4.9208,5.0943,5.0943,5.0943,5.2522,0,0,0,-2.3202,-2.5561,5.6235,5.6235,6.1319,0,0,0,-0.2393,-0.3106,-0.4659,-0.4659,-0.5896,0,0,0,-3.4141,-3.5991,4.3189,4.3189,4.5408,0,0,0,3.4293,3.5637,4.2764,4.2764,4.3524,0,0,0,-2.8690,-2.6243,-3.1492,-3.1492,-2.9042,0,0,0
13.594891,1788532555.137282,4.9208,5.0860,5.0860,5.0860,5.2416,0,0,0,-2.3202,-2.5448,5.5985,5.5985,6.0961,0,0,0,-0.2393,-0.3072,-0.4608,-0.4608,-0.5782,0,0,0,-3.4141,-3.5902,4.3082,4.3082,4.5222,0,0,0,3.4293,3.5572,4.2687,4.2687,4.3475,0,0,0,-2.8690,-2.6361,-3.1633,-3.1633,-2.9233,0,0,0
13.602433,1788532555.144305,4.9208,5.0790,5.0790,5.0790,5.2310,0,0,0,-2.3202,-2.5353,5.5776,5.5776,6.0605,0,0,0,-0.2393,-0.3043,-0.4565,-0.4565,-0.5675,0,0,0,-3.4141,-3.5827,4.2993,4.2993,4.5044,0,0,0,3.4293,3.5518,4.2622,4.2622,4.3425,0,0,0,-2.8690,-2.6460,-3.1751,-3.1751,-2.9419,0,0,0
13.610446,1788532555.152849,4.9208,5.0709,5.0709,5.0709,5.2203,0,0,0,-2.3202,-2.5243,5.5534,5.5534,6.0252,0,0,0,-0.2393,-0.3010,-0.4515,-0.4515,-0.5573,0,0,0,-3.4141,-3.5741,4.2889,4.2889,4.4873,0,0,0,3.4293,3.5456,4.2547,4.2547,4.3375,0,0,0,-2.8690,-2.6574,-3.1888,-3.1888,-2.9599,0,0,0
13.617973,1788532555.162351,4.7201,5.0511,5.0511,5.0511,5.2123,0,0,0,-2.1077,-2.5007,5.5015,5.5015,5.9989,0,0,0,-0.3045,-0.3012,-0.4518,-0.4518,-0.5501,0,0,0,-3.3906,-3.5637,4.2765,4.2765,4.4749,0,0,0,3.2549,3.5292,4.2350,4.2350,4.3337,0,0,0,-2.8457,-2.6680,-3.2016,-3.2016,-2.9732,0,0,0
13.626498,1788532555.168910,4.7201,5.0380,5.0380,5.0380,5.2018,0,0,0,-2.1077,-2.4851,5.4671,5.4671,5.9644,0,0,0,-0.3045,-0.3013,-0.4520,-0.4520,-0.5409,0,0,0,-3.3906,-3.5568,4.2682,4.2682,4.4589,0,0,0,3.2549,3.5183,4.2220,4.2220,4.3286,0,0,0,-2.8457,-2.6751,-3.2101,-3.2101,-2.9904,0,0,0
13.634674,1788532555.177582,4.7590,5.0235,5.0235,5.0235,5.1913,0,0,0,-2.0860,-2.4643,5.4216,5.4216,5.9304,0,0,0,-0.3085,-0.3017,-0.4526,-0.4526,-0.5322,0,0,0,-3.4122,-3.5493,4.2592,4.2592,4.4436,0,0,0,3.2572,3.5048,4.2058,4.2058,4.3233,0,0,0,-2.8900,-2.6862,-3.2235,-3.2235,-3.0072,0,0,0
13.642680,1788532555.185099,4.7799,5.0125,5.0125,5.0125,5.1808,0,0,0,-2.0991,-2.4478,5.3852,5.3852,5.8968,0,0,0,-0.3057,-0.3019,-0.4528,-0.4528,-0.5240,0,0,0,-3.4335,-3.5441,4.2529,4.2529,4.4288,0,0,0,3.2750,3.4944,4.1933,4.1933,4.3179,0,0,0,-2.8900,-2.6955,-3.2346,-3.2346,-3.0236,0,0,0
13.650679,1788532555.193105,4.7799,5.0013,5.0013,5.0013,5.1703,0,0,0,-2.0991,-2.4310,5.3482,5.3482,5.8634,0,0,0,-0.3057,-0.3021,-0.4531,-0.4531,-0.5164,0,0,0,-3.4335,-3.5388,4.2465,4.2465,4.4145,0,0,0,3.2750,3.4839,4.1807,4.1807,4.3120,0,0,0,-2.8900,-2.7048,-3.2458,-3.2458,-3.0396,0,0,0
13.658190,1788532555.201122,4.7799,4.9907,4.9907,4.9907,5.1596,0,0,0,-2.0991,-2.4150,5.3131,5.3131,5.8300,0,0,0,-0.3057,-0.3022,-0.4534,-0.4534,-0.5093,0,0,0,-3.4335,-3.5337,4.2405,4.2405,4.4007,0,0,0,3.2750,3.4739,4.1686,4.1686,4.3058,0,0,0,-2.8900,-2.7137,-3.2565,-3.2565,-3.0552,0,0,0
13.666696,1788532555.209111,4.7799,4.9806,4.9806,4.9806,5.1488,0,0,0,-2.0991,-2.3999,5.2797,5.2797,5.7965,0,0,0,-0.3057,-0.3024,-0.4536,-0.4536,-0.5027,0,0,0,-3.4335,-3.5289,4.2347,4.2347,4.3874,0,0,0,3.2750,3.4643,4.1572,4.1572,4.2991,0,0,0,-2.8900,-2.7222,-3.2666,-3.2666,-3.0704,0,0,0
13.674783,1788532555.217111,4.7058,4.9674,4.9674,4.9674,5.1379,0,0,0,-2.0892,-2.3849,5.2468,5.2468,5.7628,0,0,0,-0.2462,-0.2997,-0.4496,-0.4496,-0.4967,0,0,0,-3.4490,-3.5251,4.2301,4.2301,4.3746,0,0,0,3.4597,3.4641,4.1569,4.1569,4.2918,0,0,0,-2.8449,-2.7281,-3.2737,-3.2737,-3.0853,0,0,0
13.682299,1788532555.224211,4.7058,4.9562,4.9562,4.9562,5.1269,0,0,0,-2.0892,-2.3722,5.2189,5.2189,5.7290,0,0,0,-0.2462,-0.2974,-0.4461,-0.4461,-0.4913,0,0,0,-3.4490,-3.5218,4.2262,4.2262,4.3624,0,0,0,3.4597,3.4639,4.1567,4.1567,4.2842,0,0,0,-2.8449,-2.7331,-3.2797,-3.2797,-3.0998,0,0,0
13.690295,1788532555.232719,4.7556,4.9460,4.9460,4.9460,5.1186,0,0,0,-2.0869,-2.3577,5.1869,5.1869,5.7035,0,0,0,-0.2178,-0.2934,-0.4401,-0.4401,-0.4876,0,0,0,-3.4956,-3.5205,4.2246,4.2246,4.3535,0,0,0,3.5179,3.4667,4.1600,4.1600,4.2781,0,0,0,-2.8449,-2.7388,-3.2866,-3.2866,-3.1104,0,0,0
13.698403,1788532555.240724,4.7556,4.9368,4.9368,4.9368,5.1075,0,0,0,-2.0869,-2.3447,5.1583,5.1583,5.6694,0,0,0,-0.2178,-0.2898,-0.4346,-0.4346,-0.4830,0,0,0,-3.4956,-3.5193,4.2231,4.2231,4.3421,0,0,0,3.5179,3.4691,4.1629,4.1629,4.2698,0,0,0,-2.8449,-2.7439,-3.2927,-3.2927,-3.1243,0,0,0
13.706782,1788532555.248816,4.7183,4.9262,4.9262,4.9262,5.0963,0,0,0,-2.0306,-2.3294,5.1247,5.1247,5.6353,0,0,0,-0.2384,-0.2873,-0.4309,-0.4309,-0.4789,0,0,0,-3.4412,-3.5155,4.2186,4.2186,4.3312,0,0,0,3.4370,3.4676,4.1611,4.1611,4.2613,0,0,0,-2.8865,-2.7508,-3.3010,-3.3010,-3.1377,0,0,0
13.714292,1788532555.257215,4.7183,4.9158,4.9158,4.9158,5.0851,0,0,0,-2.0306,-2.3144,5.0916,5.0916,5.6013,0,0,0,-0.2384,-0.2848,-0.4272,-0.4272,-0.4751,0,0,0,-3.4412,-3.5118,4.2141,4.2141,4.3209,0,0,0,3.4370,3.4660,4.1592,4.1592,4.2528,0,0,0,-2.8865,-2.7576,-3.3092,-3.3092,-3.1508,0,0,0
13.722436,1788532555.264710,4.7183,4.9069,4.9069,4.9069,5.0739,0,0,0,-2.0306,-2.3015,5.0634,5.0634,5.5673,0,0,0,-0.2384,-0.2827,-0.4241,-0.4241,-0.4714,0,0,0,-3.4412,-3.5086,4.2103,4.2103,4.3111,0,0,0,3.4370,3.4647,4.1577,4.1577,4.2446,0,0,0,-2.8865,-2.7635,-3.3161,-3.3161,-3.1634,0,0,0
13.730433,1788532555.273845,4.7183,4.8966,4.8966,4.8966,5.0627,0,0,0,-2.0306,-2.2868,5.0309,5.0309,5.5335,0,0,0,-0.2384,-0.2803,-0.4205,-0.4205,-0.4679,0,0,0,-3.4412,-3.5049,4.2059,4.2059,4.3020,0,0,0,3.4370,3.4632,4.1559,4.1559,4.2367,0,0,0,-2.8865,-2.7702,-3.3242,-3.3242,-3.1755,0,0,0
13.738458,1788532555.281351,4.7183,4.8885,4.8885,4.8885,5.0515,0,0,0,-2.0306,-2.2752,5.0054,5.0054,5.4998,0,0,0,-0.2384,-0.2784,-0.4176,-0.4176,-0.4645,0,0,0,-3.4412,-3.5020,4.2024,4.2024,4.2933,0,0,0,3.4370,3.4620,4.1544,4.1544,4.2293,0,0,0,-2.8865,-2.7754,-3.3305,-3.3305,-3.1872,0,0,0
13.746468,1788532555.289880,4.6283,4.8753,4.8753,4.8753,5.0404,0,0,0,-1.8958,-2.2558,4.9628,4.9628,5.4663,0,0,0,-0.2488,-0.2769,-0.4154,-0.4154,-0.4612,0,0,0,-3.5390,-3.5039,4.2047,4.2047,4.2852,0,0,0,3.5224,3.4651,4.1581,4.1581,4.2222,0,0,0,-2.5976,-2.7663,-3.3196,-3.3196,-3.1985,0,0,0
13.754973,1788532555.297882,4.5875,4.8614,4.8614,4.8614,5.0293,0,0,0,-1.8944,-2.2384,4.9245,4.9245,5.4329,0,0,0,-0.2479,-0.2755,-0.4133,-0.4133,-0.4580,0,0,0,-3.5390,-3.5056,4.2067,4.2067,4.2775,0,0,0,3.5335,3.4684,4.1621,4.1621,4.2156,0,0,0,-2.5941,-2.7581,-3.3097,-3.3097,-3.2094,0,0,0
13.762975,1788532555.305388,4.5760,4.8486,4.8486,4.8486,5.0183,0,0,0,-1.8958,-2.2229,4.8904,4.8904,5.3997,0,0,0,-0.2512,-0.2744,-0.4116,-0.4116,-0.4548,0,0,0,-3.5448,-3.5074,4.2088,4.2088,4.2702,0,0,0,3.5335,3.4713,4.1656,4.1656,4.2093,0,0,0,-2.5941,-2.7507,-3.3008,-3.3008,-3.2199,0,0,0
13.771286,1788532555.313697,4.5760,4.8350,4.8350,4.8350,5.0101,0,0,0,-1.8958,-2.2066,4.8545,4.8545,5.3749,0,0,0,-0.2512,-0.2733,-0.4099,-0.4099,-0.4524,0,0,0,-3.5448,-3.5092,4.2111,4.2111,4.2650,0,0,0,3.5335,3.4744,4.1693,4.1693,4.2049,0,0,0,-2.5941,-2.7429,-3.2915,-3.2915,-3.2276,0,0,0
13.778949,1788532555.321701,4.5760,4.8225,4.8225,4.8225,4.9992,0,0,0,-1.8958,-2.1917,4.8217,4.8217,5.3419,0,0,0,-0.2512,-0.2722,-0.4083,-0.4083,-0.4493,0,0,0,-3.5448,-3.5109,4.2131,4.2131,4.2585,0,0,0,3.5335,3.4772,4.1727,4.1727,4.1995,0,0,0,-2.5941,-2.7357,-3.2829,-3.2829,-3.2372,0,0,0
13.786945,1788532555.329358,4.5565,4.8103,4.8103,4.8103,4.9883,0,0,0,-1.9052,-2.1785,4.7926,4.7926,5.3088,0,0,0,-0.3984,-0.2780,-0.4170,-0.4170,-0.4462,0,0,0,-3.6924,-3.5193,4.2231,4.2231,4.2525,0,0,0,3.2004,3.4645,4.1574,4.1574,4.1945,0,0,0,-2.5135,-2.7255,-3.2706,-3.2706,-3.2459,0,0,0
13.795001,1788532555.337374,4.5565,4.7981,4.7981,4.7981,4.9771,0,0,0,-1.9052,-2.1653,4.7636,4.7636,5.2751,0,0,0,-0.3984,-0.2838,-0.4257,-0.4257,-0.4432,0,0,0,-3.6924,-3.5276,4.2331,4.2331,4.2471,0,0,0,3.2004,3.4518,4.1422,4.1422,4.1903,0,0,0,-2.5135,-2.7153,-3.2584,-3.2584,-3.2536,0,0,0
13.803020,1788532555.345429,4.5565,4.7864,4.7864,4.7864,4.9656,0,0,0,-1.9052,-2.1527,4.7360,4.7360,5.2409,0,0,0,-0.3984,-0.2893,-0.4340,-0.4340,-0.4402,0,0,0,-3.6924,-3.5355,4.2427,4.2427,4.2424,0,0,0,3.2004,3.4397,4.1277,4.1277,4.1866,0,0,0,-2.5135,-2.7056,-3.2467,-3.2467,-3.2601,0,0,0
13.811006,1788532555.353423,4.5565,4.7754,4.7754,4.7754,4.9540,0,0,0,-1.9052,-2.1408,4.7098,4.7098,5.2063,0,0,0,-0.3984,-0.2945,-0.4418,-0.4418,-0.4375,0,0,0,-3.6924,-3.5431,4.2517,4.2517,4.2383,0,0,0,3.2004,3.4283,4.1139,4.1139,4.1832,0,0,0,-2.5135,-2.6964,-3.2357,-3.2357,-3.2654,0,0,0
13.819052,1788532555.361922,4.6563,4.7693,4.7693,4.7693,4.9422,0,0,0,-1.9241,-2.1298,4.6855,4.6855,5.1716,0,0,0,-0.4259,-0.3012,-0.4518,-0.4518,-0.4352,0,0,0,-3.5871,-3.5453,4.2543,4.2543,4.2350,0,0,0,3.0538,3.4092,4.0911,4.0911,4.1798,0,0,0,-2.4768,-2.6853,-3.2223,-3.2223,-3.2694,0,0,0
13.827081,1788532555.369467,4.6563,4.7642,4.7642,4.7642,4.9303,0,0,0,-1.9241,-2.1204,4.6650,4.6650,5.1369,0,0,0,-0.4259,-0.3068,-0.4603,-0.4603,-0.4333,0,0,0,-3.5871,-3.5472,4.2566,4.2566,4.2325,0,0,0,3.0538,3.3931,4.0718,4.0718,4.1763,0,0,0,-2.4768,-2.6758,-3.2110,-3.2110,-3.2721,0,0,0
13.834588,1788532555.378500,4.5737,4.7539,4.7539,4.7539,4.9182,0,0,0,-1.8351,-2.1050,4.6311,4.6311,5.1023,0,0,0,-0.3920,-0.3114,-0.4671,-0.4671,-0.4320,0,0,0,-3.4955,-3.5444,4.2533,4.2533,4.2310,0,0,0,3.0402,3.3741,4.0490,4.0490,4.1724,0,0,0,-2.8489,-2.6851,-3.2222,-3.2222,-3.2736,0,0,0
13.843102,1788532555.385004,4.5737,4.7468,4.7468,4.7468,4.9062,0,0,0,-1.8351,-2.0944,4.6077,4.6077,5.0681,0,0,0,-0.3920,-0.3146,-0.4719,-0.4719,-0.4314,0,0,0,-3.4955,-3.5425,4.2510,4.2510,4.2301,0,0,0,3.0402,3.3610,4.0332,4.0332,4.1680,0,0,0,-2.8489,-2.6916,-3.2299,-3.2299,-3.2739,0,0,0
13.850768,1788532555.392525,4.5737,4.7390,4.7390,4.7390,4.8944,0,0,0,-1.8351,-2.0826,4.5818,4.5818,5.0342,0,0,0,-0.3920,-0.3181,-0.4771,-0.4771,-0.4313,0,0,0,-3.4955,-3.5404,4.2484,4.2484,4.2299,0,0,0,3.0402,3.3465,4.0158,4.0158,4.1629,0,0,0,-2.8489,-2.6987,-3.2384,-3.2384,-3.2731,0,0,0
13.859370,1788532555.401187,4.6373,4.7337,4.7337,4.7337,4.8827,0,0,0,-1.8411,-2.0701,4.5543,4.5543,5.0008,0,0,0,-0.3419,-0.3193,-0.4790,-0.4790,-0.4319,0,0,0,-3.4136,-3.5338,4.2406,4.2406,4.2302,0,0,0,3.0834,3.3329,3.9995,3.9995,4.1569,0,0,0,-2.9527,-2.7118,-3.2542,-3.2542,-3.2715,0,0,0
13.867528,1788532555.408785,4.6373,4.7293,4.7293,4.7293,4.8712,0,0,0,-1.8411,-2.0596,4.5312,4.5312,4.9678,0,0,0,-0.3419,-0.3203,-0.4805,-0.4805,-0.4331,0,0,0,-3.4136,-3.5283,4.2340,4.2340,4.2307,0,0,0,3.0834,3.3215,3.9858,3.9858,4.1501,0,0,0,-2.9527,-2.7228,-3.2673,-3.2673,-3.2696,0,0,0
13.875229,1788532555.416943,4.5571,4.7209,4.7209,4.7209,4.8627,0,0,0,-1.6860,-2.0414,4.4910,4.4910,4.9434,0,0,0,-0.2581,-0.3173,-0.4760,-0.4760,-0.4343,0,0,0,-3.4025,-3.5222,4.2266,4.2266,4.2313,0,0,0,3.2161,3.3163,3.9796,3.9796,4.1444,0,0,0,-2.9204,-2.7324,-3.2789,-3.2789,-3.2681,0,0,0
13.882747,1788532555.425644,4.5571,4.7124,4.7124,4.7124,4.8516,0,0,0,-1.6860,-2.0229,4.4503,4.4503,4.9112,0,0,0,-0.2581,-0.3142,-0.4713,-0.4713,-0.4363,0,0,0,-3.4025,-3.5160,4.2192,4.2192,4.2320,0,0,0,3.2161,3.3111,3.9734,3.9734,4.1361,0,0,0,-2.9204,-2.7422,-3.2906,-3.2906,-3.2662,0,0,0
13.890739,1788532555.433153,4.5609,4.7055,4.7055,4.7055,4.8408,0,0,0,-1.6061,-2.0040,4.4088,4.4088,4.8795,0,0,0,-0.1963,-0.3089,-0.4634,-0.4634,-0.4386,0,0,0,-3.3815,-3.5099,4.2119,4.2119,4.2327,0,0,0,3.3198,3.3115,3.9738,3.9738,4.1271,0,0,0,-2.8358,-2.7464,-3.2957,-3.2957,-3.2646,0,0,0
13.899250,1788532555.441656,4.5609,4.6982,4.6982,4.6982,4.8303,0,0,0,-1.6061,-1.9837,4.3642,4.3642,4.8482,0,0,0,-0.1963,-0.3032,-0.4548,-0.4548,-0.4411,0,0,0,-3.3815,-3.5034,4.2041,4.2041,4.2331,0,0,0,3.3198,3.3120,3.9743,3.9743,4.1175,0,0,0,-2.8358,-2.7510,-3.3011,-3.3011,-3.2636,0,0,0
13.907259,1788532555.449669,4.5909,4.6930,4.6930,4.6930,4.8201,0,0,0,-1.5488,-1.9628,4.3181,4.3181,4.8170,0,0,0,-0.1806,-0.2973,-0.4460,-0.4460,-0.4436,0,0,0,-3.3385,-3.4955,4.1946,4.1946,4.2333,0,0,0,3.3362,3.3131,3.9757,3.9757,4.1075,0,0,0,-2.8183,-2.7542,-3.3050,-3.3050,-3.2632,0,0,0
13.914774,1788532555.457677,4.5909,4.6881,4.6881,4.6881,4.8102,0,0,0,-1.5488,-1.9429,4.2743,4.2743,4.7856,0,0,0,-0.1806,-0.2917,-0.4376,-0.4376,-0.4459,0,0,0,-3.3385,-3.4879,4.1855,4.1855,4.2330,0,0,0,3.3362,3.3142,3.9771,3.9771,4.0974,0,0,0,-2.8183,-2.7573,-3.3087,-3.3087,-3.2635,0,0,0
13.922791,1788532555.465189,4.5909,4.6837,4.6837,4.6837,4.8005,0,0,0,-1.5488,-1.9250,4.2350,4.2350,4.7540,0,0,0,-0.1806,-0.2867,-0.4301,-0.4301,-0.4479,0,0,0,-3.3385,-3.4812,4.1774,4.1774,4.2324,0,0,0,3.3362,3.3152,3.9783,3.9783,4.0873,0,0,0,-2.8183,-2.7600,-3.3120,-3.3120,-3.2643,0,0,0
13.930802,1788532555.474213,4.6788,4.6835,4.6835,4.6835,4.7910,0,0,0,-1.4449,-1.8991,4.1781,4.1781,4.7219,0,0,0,-0.2861,-0.2867,-0.4300,-0.4300,-0.4495,0,0,0,-3.5159,-3.4831,4.1797,4.1797,4.2313,0,0,0,3.2138,3.3098,3.9717,3.9717,4.0775,0,0,0,-2.5466,-2.7486,-3.2983,-3.2983,-3.2656,0,0,0
13.939316,1788532555.481722,4.9777,4.6968,4.6968,4.6968,4.7819,0,0,0,-1.7207,-1.8911,4.1603,4.1603,4.6892,0,0,0,-0.2852,-0.2866,-0.4299,-0.4299,-0.4505,0,0,0,-3.5169,-3.4846,4.1815,4.1815,4.2296,0,0,0,3.1871,3.3042,3.9651,3.9651,4.0680,0,0,0,-2.3305,-2.7297,-3.2756,-3.2756,-3.2674,0,0,0
13.947323,1788532555.489734,5.0644,4.7144,4.7144,4.7144,4.7731,0,0,0,-1.7207,-1.8829,4.1423,4.1423,4.6559,0,0,0,-0.2700,-0.2858,-0.4287,-0.4287,-0.4511,0,0,0,-3.5169,-3.4861,4.1834,4.1834,4.2275,0,0,0,3.1871,3.2986,3.9583,3.9583,4.0591,0,0,0,-2.3305,-2.7106,-3.2527,-3.2527,-3.2695,0,0,0
13.955331,1788532555.497741,5.1460,4.7351,4.7351,4.7351,4.7667,0,0,0,-1.6914,-1.8736,4.1220,4.1220,4.6304,0,0,0,-0.1445,-0.2790,-0.4186,-0.4186,-0.4511,0,0,0,-3.4880,-3.4862,4.1835,4.1835,4.2256,0,0,0,3.0886,3.2885,3.9462,3.9462,4.0527,0,0,0,-2.2484,-2.6884,-3.2261,-3.2261,-3.2712,0,0,0
13.962844,1788532555.505745,5.1460,4.7548,4.7548,4.7548,4.7587,0,0,0,-1.6914,-1.8649,4.1027,4.1027,4.5959,0,0,0,-0.1445,-0.2726,-0.4089,-0.4089,-0.4509,0,0,0,-3.4880,-3.4863,4.1836,4.1836,4.2229,0,0,0,3.0886,3.2789,3.9347,3.9347,4.0445,0,0,0,-2.2484,-2.6674,-3.2008,-3.2008,-3.2733,0,0,0
13.970849,1788532555.513258,5.1460,4.7724,4.7724,4.7724,4.7515,0,0,0,-1.6914,-1.8570,4.0855,4.0855,4.5612,0,0,0,-0.1445,-0.2668,-0.4002,-0.4002,-0.4503,0,0,0,-3.4880,-3.4864,4.1837,4.1837,4.2201,0,0,0,3.0886,3.2703,3.9244,3.9244,4.0367,0,0,0,-2.2484,-2.6485,-3.1781,-3.1781,-3.2747,0,0,0
13.979510,1788532555.521420,5.1460,4.7907,4.7907,4.7907,4.7454,0,0,0,-1.6914,-1.8489,4.0676,4.0676,4.5266,0,0,0,-0.1445,-0.2609,-0.3913,-0.3913,-0.4494,0,0,0,-3.4880,-3.4865,4.1838,4.1838,4.2173,0,0,0,3.0886,3.2615,3.9138,3.9138,4.0291,0,0,0,-2.2484,-2.6289,-3.1547,-3.1547,-3.2752,0,0,0
13.987521,1788532555.528929,5.6751,4.8305,4.8305,4.8305,4.7406,0,0,0,-1.5761,-1.8366,4.0405,4.0405,4.4923,0,0,0,-0.5006,-0.2717,-0.4075,-0.4075,-0.4481,0,0,0,-4.6365,-3.5383,4.2459,4.2459,4.2145,0,0,0,3.5463,3.2743,3.9292,3.9292,4.0216,0,0,0,-1.2747,-2.5678,-3.0814,-3.0814,-3.2746,0,0,0
13.995367,1788532555.537937,5.6751,4.8758,4.8758,4.8758,4.7373,0,0,0,-1.5761,-1.8226,4.0096,4.0096,4.4586,0,0,0,-0.5006,-0.2839,-0.4259,-0.4259,-0.4463,0,0,0,-4.6365,-3.5972,4.3166,4.3166,4.2117,0,0,0,3.5463,3.2889,3.9467,3.9467,4.0141,0,0,0,-1.2747,-2.4984,-2.9980,-2.9980,-3.2726,0,0,0
14.003512,1788532555.545782,6.3683,4.9460,4.9460,4.9460,4.7354,0,0,0,-1.2339,-1.7948,3.9485,3.9485,4.4256,0,0,0,-0.1752,-0.2788,-0.4182,-0.4182,-0.4440,0,0,0,-4.8158,-3.6545,4.3854,4.3854,4.2091,0,0,0,3.6299,3.3049,3.9659,3.9659,4.0067,0,0,0,-0.9242,-2.4242,-2.9090,-2.9090,-3.2691,0,0,0
14.011515,1788532555.552930,6.3683,5.0073,5.0073,5.0073,4.7353,0,0,0,-1.2339,-1.7706,3.8952,3.8952,4.3933,0,0,0,-0.1752,-0.2744,-0.4115,-0.4115,-0.4414,0,0,0,-4.8158,-3.7045,4.4454,4.4454,4.2072,0,0,0,3.6299,3.3189,3.9827,3.9827,3.9994,0,0,0,-0.9242,-2.3594,-2.8313,-2.8313,-3.2639,0,0,0
14.019036,1788532555.561450,7.2137,5.1199,5.1199,5.1199,4.7372,0,0,0,-1.1067,-1.7367,3.8207,3.8207,4.3617,0,0,0,0.1380,-0.2534,-0.3801,-0.3801,-0.4390,0,0,0,-4.5202,-3.7461,4.4953,4.4953,4.2069,0,0,0,3.4927,3.3278,3.9933,3.9933,3.9926,0,0,0,-1.0209,-2.2911,-2.7493,-2.7493,-3.2558,0,0,0
14.027546,1788532555.569977,7.2137,5.2269,5.2269,5.2269,4.7418,0,0,0,-1.1067,-1.7045,3.7499,3.7499,4.3303,0,0,0,0.1380,-0.2335,-0.3502,-0.3502,-0.4368,0,0,0,-4.5202,-3.7856,4.5427,4.5427,4.2092,0,0,0,3.4927,3.3361,4.0034,4.0034,3.9866,0,0,0,-1.0209,-2.2261,-2.6713,-2.6713,-3.2443,0,0,0
14.035855,1788532555.577960,8.4330,5.3812,5.3812,5.3812,4.7494,0,0,0,-1.0760,-1.6743,3.6835,3.6835,4.2987,0,0,0,0.1380,-0.2157,-0.3236,-0.3236,-0.4347,0,0,0,-4.4038,-3.8152,4.5782,4.5782,4.2146,0,0,0,3.1022,3.3250,3.9900,3.9900,3.9817,0,0,0,-1.0209,-2.1682,-2.6018,-2.6018,-3.2288,0,0,0
14.043853,1788532555.585269,8.4330,5.5164,5.5164,5.5164,4.7576,0,0,0,-1.0760,-1.6479,3.6254,3.6254,4.2745,0,0,0,0.1380,-0.2002,-0.3002,-0.3002,-0.4330,0,0,0,-4.4038,-3.8411,4.6094,4.6094,4.2208,0,0,0,3.1022,3.3152,3.9782,3.9782,3.9789,0,0,0,-1.0209,-2.1175,-2.5409,-2.5409,-3.2144,0,0,0
14.051572,1788532555.593496,8.4330,5.6613,5.6613,5.6613,4.7769,0,0,0,-1.0760,-1.6196,3.5632,3.5632,4.2326,0,0,0,0.1380,-0.1835,-0.2753,-0.2753,-0.4294,0,0,0,-4.4038,-3.8689,4.6427,4.6427,4.2351,0,0,0,3.1022,3.3047,3.9656,3.9656,3.9755,0,0,0,-1.0209,-2.0632,-2.4758,-2.4758,-3.1850,0,0,0
14.059002,1788532555.601040,10.8874,5.9011,5.9011,5.8613,4.7927,1,0,0,-0.7642,-1.5807,3.4775,3.4775,4.2063,0,0,0,0.3521,-0.1592,-0.2388,-0.2388,-0.4265,0,0,0,-4.6262,-3.9033,4.6840,4.6840,4.2461,0,0,0,2.4956,3.2680,3.9216,3.9216,3.9742,0,0,0,-0.8336,-2.0071,-2.4085,-2.4085,-3.1641,0,0,0
14.067226,1788532555.608404,10.8874,6.1253,6.1253,6.0613,4.8193,1,0,0,-0.7642,-1.5444,3.3976,3.3976,4.1697,0,0,0,0.3521,-0.1366,-0.2049,-0.2049,-0.4218,0,0,0,-4.6262,-3.9354,4.7225,4.7225,4.2631,0,0,0,2.4956,3.2338,3.8806,3.8806,3.9730,0,0,0,-0.8336,-1.9548,-2.3457,-2.3457,-3.1326,0,0,0
14.075173,1788532555.616627,12.8068,6.4603,6.4603,6.2613,4.8528,1,0,0,-0.3756,-1.4866,3.2704,3.2704,4.1313,0,0,0,0.1676,-0.1216,-0.1824,-0.1824,-0.4158,0,0,0,-5.1765,-3.9967,4.7961,4.7961,4.2826,0,0,0,2.4827,3.1968,3.8362,3.8362,3.9721,0,0,0,-0.4719,-1.8813,-2.2575,-2.2575,-3.0975,0,0,0
14.083149,1788532555.625857,12.8068,6.8164,6.8164,6.4613,4.8940,1,0,0,-0.3756,-1.4252,3.1355,3.1355,4.0911,0,0,0,0.1676,-0.1057,-0.1586,-0.1586,-0.4086,0,0,0,-5.1765,-4.0618,4.8741,4.8741,4.3043,0,0,0,2.4827,3.1576,3.7891,3.7891,3.9711,0,0,0,-0.4719,-1.8033,-2.1640,-2.1640,-3.0589,0,0,0
14.091673,1788532555.633568,12.8068,7.1007,7.1007,6.6613,4.9439,1,0,0,-0.3756,-1.3764,3.0280,3.0280,4.0486,0,0,0,0.1676,-0.0930,-0.1396,-0.1396,-0.3998,0,0,0,-5.1765,-4.1136,4.9363,4.9363,4.3280,0,0,0,2.4827,3.1263,3.7516,3.7516,3.9693,0,0,0,-0.4719,-1.7412,-2.0894,-2.0894,-3.0172,0,0,0
14.099452,1788532555.641594,12.8068,7.3827,7.3827,6.8613,5.0032,1,0,0,-0.3756,-1.3279,2.9215,2.9215,4.0035,0,0,0,0.1676,-0.0805,-0.1208,-0.1208,-0.3895,0,0,0,-5.1765,-4.1650,4.9980,4.9980,4.3538,0,0,0,2.4827,3.0953,3.7144,3.7144,3.9661,0,0,0,-0.4719,-1.6796,-2.0155,-2.0155,-2.9724,0,0,0
14.107953,1788532555.648869,18.1326,7.8694,7.8694,7.0613,5.0723,1,0,0,-0.4502,-1.2893,2.8364,2.8364,3.9549,0,0,0,0.0614,-0.0743,-0.1114,-0.1114,-0.3777,0,0,0,-5.2192,-4.2114,5.0537,5.0537,4.3820,0,0,0,1.1157,3.0084,3.6101,3.6101,3.9612,0,0,0,-0.3622,-1.6214,-1.9457,-1.9457,-2.9246,0,0,0
14.115462,1788532555.657367,18.1326,8.4109,8.4109,7.2613,5.1513,1,0,0,-0.4502,-1.2464,2.7420,2.7420,3.9022,0,0,0,0.0614,-0.0674,-0.1011,-0.1011,-0.3646,0,0,0,-5.2192,-4.2628,5.1154,5.1154,4.4128,0,0,0,1.1157,2.9119,3.4943,3.4943,3.9542,0,0,0,-0.3622,-1.5569,-1.8683,-1.8683,-2.8737,0,0,0
14.123197,1788532555.665118,18.1326,8.8831,8.8831,7.4613,5.2402,1,0,0,-0.4502,-1.2091,2.6600,2.6600,3.8453,0,0,0,0.0614,-0.0614,-0.0921,-0.0921,-0.3503,0,0,0,-5.2192,-4.3076,5.1691,5.1691,4.4463,0,0,0,1.1157,2.8279,3.3935,3.3935,3.9451,0,0,0,-0.3622,-1.5008,-1.8009,-1.8009,-2.8199,0,0,0
14.131578,1788532555.673611,22.7828,9.6246,9.6246,7.6613,5.3388,1,0,0,-0.6608,-1.1811,2.5984,2.5984,3.7845,0,0,0,0.2071,-0.0478,-0.0716,-0.0716,-0.3352,0,0,0,-4.6815,-4.3267,5.1920,5.1920,4.4823,0,0,0,1.3264,2.7513,3.3016,3.3016,3.9334,0,0,0,0.1790,-1.4147,-1.6976,-1.6976,-2.7636,0,0,0
14.139923,1788532555.680994,22.7828,10.2430,10.2430,7.8613,5.4189,1,0,0,-0.6608,-1.1578,2.5472,2.5472,3.7364,0,0,0,0.2071,-0.0364,-0.0547,-0.0547,-0.3234,0,0,0,-4.6815,-4.3425,5.2110,5.2110,4.5109,0,0,0,1.3264,2.6876,3.2252,3.2252,3.9224,0,0,0,0.1790,-1.3431,-1.6117,-1.6117,-2.7198,0,0,0
14.147936,1788532555.689338,22.7828,10.9086,10.9086,8.0613,5.5335,1,0,0,-0.6608,-1.1329,2.4923,2.4923,3.6694,0,0,0,0.2071,-0.0243,-0.0364,-0.0364,-0.3073,0,0,0,-4.6815,-4.3596,5.2315,5.2315,4.5509,0,0,0,1.3264,2.6193,3.1431,3.1431,3.9038,0,0,0,0.1790,-1.2663,-1.5196,-1.5196,-2.6596,0,0,0
14.155479,1788532555.698872,28.0819,11.9500,11.9500,8.2613,5.6572,1,0,0,-0.9634,-1.1232,2.4711,2.4711,3.5994,0,0,0,0.4344,0.0017,0.0026,0.0026,-0.2908,0,0,0,-4.9060,-4.3907,5.2688,5.2688,4.5929,0,0,0,2.8372,2.6317,3.1580,3.1580,3.8803,0,0,0,-1.0026,-1.2512,-1.5015,-1.5015,-2.5973,0,0,0
14.164107,1788532555.705894,28.0819,12.6878,12.6878,8.4613,5.7917,1,0,0,-0.9634,-1.1164,2.4561,2.4561,3.5265,0,0,0,0.4344,0.0201,0.0301,0.0301,-0.2740,0,0,0,-4.9060,-4.4126,5.2951,5.2951,4.6365,0,0,0,2.8372,2.6404,3.1685,3.1685,3.8508,0,0,0,-1.0026,-1.2406,-1.4887,-1.4887,-2.5318,0,0,0
14.171855,1788532555.714525,31.7265,13.7556,13.7556,8.6613,5.9363,1,0,0,-1.0323,-1.1120,2.4465,2.4465,3.4516,0,0,0,0.6710,0.0537,0.0805,0.0805,-0.2566,0,0,0,-3.5315,-4.3670,5.2404,5.2404,4.6810,0,0,0,2.0968,2.6122,3.1347,3.1347,3.8156,0,0,0,-2.0113,-1.2807,-1.5368,-1.5368,-2.4631,0,0,0
14.180018,1788532555.720788,31.7265,14.5047,14.5047,8.8613,6.0898,1,0,0,-1.0323,-1.1090,2.4398,2.4398,3.3759,0,0,0,0.6710,0.0771,0.1157,0.1157,-0.2385,0,0,0,-3.5315,-4.3352,5.2022,5.2022,4.7259,0,0,0,2.0968,2.5926,3.1111,3.1111,3.7766,0,0,0,-2.0113,-1.3086,-1.5703,-1.5703,-2.3926,0,0,0
14.187876,1788532555.728955,35.5652,15.6449,15.6449,9.0613,6.2511,1,0,0,-1.3734,-1.1220,2.4684,2.4684,3.3008,0,0,0,0.4786,0.0968,0.1452,0.1452,-0.2196,0,0,0,-3.4507,-4.2918,5.1502,5.1502,4.7708,0,0,0,2.0974,2.5682,3.0819,3.0819,3.7354,0,0,0,-1.3278,-1.3095,-1.5715,-1.5715,-2.3220,0,0,0
14.195720,1788532555.737421,37.4546,16.8771,16.8771,9.2613,6.4191,1,0,0,-1.4924,-1.1408,2.5098,2.5098,3.2272,0,0,0,0.3785,0.1111,0.1666,0.1666,-0.1997,0,0,0,-3.4043,-4.2468,5.0962,5.0962,4.8141,0,0,0,2.0974,2.5443,3.0531,3.0531,3.6928,0,0,0,-1.3278,-1.3105,-1.5726,-1.5726,-2.2530,0,0,0
14.203720,1788532555.746145,37.4546,18.0814,18.0814,9.4613,6.5930,1,0,0,-1.4924,-1.1592,2.5502,2.5502,3.1560,0,0,0,0.3785,0.1250,0.1875,0.1875,-0.1787,0,0,0,-3.4043,-4.2029,5.0435,5.0435,4.8547,0,0,0,2.0974,2.5209,3.0251,3.0251,3.6493,0,0,0,-1.3278,-1.3114,-1.5737,-1.5737,-2.1871,0,0,0
14.211719,1788532555.754135,37.4546,19.1317,19.1317,9.6613,6.7719,1,0,0,-1.4924,-1.1752,2.5854,2.5854,3.0884,0,0,0,0.3785,0.1372,0.2058,0.2058,-0.1566,0,0,0,-3.4043,-4.1646,4.9975,4.9975,4.8916,0,0,0,2.0974,2.5005,3.0006,3.0006,3.6054,0,0,0,-1.3278,-1.3122,-1.5746,-1.5746,-2.1248,0,0,0
14.219252,1788532555.762665,41.3446,20.4221,20.4221,9.8613,6.9551,1,0,0,-1.8925,-1.2118,2.6660,2.6660,3.0254,0,0,0,-0.0730,0.1264,0.1897,0.1897,-0.1337,0,0,0,-3.5593,-4.1338,4.9605,4.9605,4.9240,0,0,0,2.2698,2.4887,2.9864,2.9864,3.5615,0,0,0,-1.1485,-1.3038,-1.5645,-1.5645,-2.0665,0,0,0
14.227762,1788532555.770176,41.3446,21.5075,21.5075,10.0613,7.1419,1,0,0,-1.8925,-1.2426,2.7338,2.7338,2.9679,0,0,0,-0.0730,0.1174,0.1761,0.1761,-0.1103,0,0,0,-3.5593,-4.1078,4.9294,4.9294,4.9515,0,0,0,2.2698,2.4787,2.9745,2.9745,3.5179,0,0,0,-1.1485,-1.2967,-1.5561,-1.5561,-2.0124,0,0,0
14.235271,1788532555.779176,41.3446,22.7338,22.7338,10.2613,7.2840,1,0,0,-1.8925,-1.2775,2.8105,2.8105,2.9287,0,0,0,-0.0730,0.1072,0.1608,0.1608,-0.0925,0,0,0,-3.5593,-4.0785,4.8942,4.8942,4.9687,0,0,0,2.2698,2.4675,2.9610,2.9610,3.4855,0,0,0,-1.1485,-1.2887,-1.5465,-1.5465,-1.9745,0,0,0
14.244489,1788532555.785695,41.3446,23.5865,23.5865,10.4613,7.4759,1,0,0,-1.8925,-1.3018,2.8639,2.8639,2.8823,0,0,0,-0.0730,0.1001,0.1501,0.1501,-0.0689,0,0,0,-3.5593,-4.0580,4.8696,4.8696,4.9871,0,0,0,2.2698,2.4597,2.9516,2.9516,3.4430,0,0,0,-1.1485,-1.2832,-1.5398,-1.5398,-1.9276,0,0,0
14.252153,1788532555.792903,41.3446,24.4860,24.4860,10.6613,7.6700,1,0,0,-1.8925,-1.3274,2.9203,2.9203,2.8431,0,0,0,-0.0730,0.0926,0.1389,0.1389,-0.0462,0,0,0,-3.5593,-4.0364,4.8437,4.8437,5.0007,0,0,0,2.2698,2.4514,2.9417,2.9417,3.4017,0,0,0,-1.1485,-1.2773,-1.5328,-1.5328,-1.8844,0,0,0
14.260185,1788532555.802599,41.3446,25.6165,25.6165,10.8613,7.8659,1,0,0,-1.8925,-1.3599,2.9918,2.9918,2.8115,0,0,0,-0.0730,0.0831,0.1246,0.1246,-0.0247,0,0,0,-3.5593,-4.0090,4.8108,4.8108,5.0096,0,0,0,2.2698,2.4409,2.9291,2.9291,3.3618,0,0,0,-1.1485,-1.2699,-1.5238,-1.5238,-1.8449,0,0,0
14.268430,1788532555.810588,52.4478,27.1302,27.1302,11.0613,8.0634,1,0,0,-3.9822,-1.4853,3.2677,3.1918,2.7875,1,0,0,0.0430,0.0811,0.1217,0.1217,-0.0048,0,0,0,-2.8529,-3.9537,4.7444,4.7444,5.0142,0,0,0,2.6478,2.4508,2.9410,2.9410,3.3235,0,0,0,-2.6951,-1.3383,-1.6060,-1.6060,-1.8087,0,0,0
14.275063,1788532555.817968,52.4478,28.4658,28.4658,11.2613,8.2621,1,0,0,-3.9822,-1.5962,3.5116,3.3918,2.7708,1,0,0,0.0430,0.0794,0.1192,0.1192,0.0133,0,0,0,-2.8529,-3.9048,4.6858,4.6858,5.0150,0,0,0,2.6478,2.4596,2.9515,2.9515,3.2870,0,0,0,-2.6951,-1.3987,-1.6785,-1.6785,-1.7756,0,0,0
14.284184,1788532555.826093,56.5191,30.1002,30.1002,11.4613,8.4618,1,0,0,-4.4486,-1.7353,3.8177,3.5918,2.7614,1,0,0,0.0292,0.0770,0.1155,0.1155,0.0294,0,0,0,-2.7914,-3.8506,4.6207,4.6207,5.0121,0,0,0,2.5882,2.4659,2.9591,2.9591,3.2523,0,0,0,-3.9419,-1.5225,-1.8270,-1.8270,-1.7455,0,0,0
14.291693,1788532555.833600,58.4303,31.6453,31.6453,11.6613,8.6623,1,0,0,-4.5770,-1.8641,4.1009,3.7918,2.7607,1,0,0,0.3164,0.0878,0.1317,0.1317,0.0437,0,0,0,-3.0349,-3.8138,4.5765,4.5765,5.0055,0,0,0,3.8678,2.5293,3.0351,3.0351,3.2196,0,0,0,-3.9708,-1.6328,-1.9594,-1.9594,-1.7192,0,0,0
14.300519,1788532555.841893,60.0230,33.3583,33.3583,11.8613,8.8634,1,0,0,-4.5770,-1.9994,4.3988,3.9918,2.7701,1,0,0,0.3407,0.1003,0.1505,0.1505,0.0561,0,0,0,-3.1328,-3.7799,4.5359,4.5359,4.9951,0,0,0,3.8678,2.5957,3.1149,3.1149,3.1894,0,0,0,-4.8638,-1.7932,-2.1518,-2.1518,-1.6976,0,0,0
14.308034,1788532555.849943,61.5510,35.0247,35.0247,12.0613,9.0649,1,0,0,-4.5712,-2.1244,4.6736,4.1918,2.7910,1,0,0,0.3593,0.1128,0.1693,0.1693,0.0669,0,0,0,-3.0954,-3.7469,4.4962,4.4962,4.9807,0,0,0,3.8007,2.6539,3.1846,3.1846,3.1618,0,0,0,-5.1932,-1.9575,-2.3490,-2.3490,-1.6823,0,0,0
14.315812,1788532555.858451,61.5510,36.6852,36.6852,12.2613,9.2163,1,0,0,-4.5712,-2.2498,4.9495,4.3918,2.8144,1,0,0,0.3593,0.1254,0.1881,0.1881,0.0742,0,0,0,-3.0954,-3.7137,4.4564,4.4564,4.9675,0,0,0,3.8007,2.7121,3.2545,3.2545,3.1433,0,0,0,-5.1932,-2.1228,-2.5473,-2.5473,-1.6757,0,0,0
14.324335,1788532555.866248,64.0916,38.2756,38.2756,12.4613,9.4688,1,0,0,-4.5333,-2.3576,5.1868,4.5918,2.8688,1,0,0,0.0801,0.1233,0.1849,0.1849,0.0851,0,0,0,-3.1000,-3.6849,4.4219,4.4219,4.9412,0,0,0,3.7528,2.7607,3.3128,3.3128,3.1180,0,0,0,-5.4253,-2.2783,-2.7339,-2.7339,-1.6760,0,0,0
14.332340,1788532555.873753,64.0916,39.7287,39.7287,12.6613,9.6710,1,0,0,-4.5333,-2.4568,5.4050,4.7918,2.9262,1,0,0,0.0801,0.1213,0.1820,0.1820,0.0932,0,0,0,-3.1000,-3.6585,4.3901,4.3901,4.9169,0,0,0,3.7528,2.8054,3.3665,3.3665,3.1035,0,0,0,-5.4253,-2.4214,-2.9057,-2.9057,-1.6879,0,0,0
14.339847,1788532555.882261,66.4031,41.4256,41.4256,12.8613,9.8733,1,0,0,-4.1600,-2.5443,5.5976,4.9918,2.9957,1,0,0,0.2213,0.1264,0.1896,0.1896,0.1011,0,0,0,-2.9975,-3.6248,4.3497,4.3497,4.8901,0,0,0,3.5829,2.8449,3.4139,3.4139,3.0945,0,0,0,-5.9678,-2.6035,-3.1242,-3.1057,-1.7113,1,0,0
14.347852,1788532555.890269,66.4031,42.9327,42.9327,13.0613,10.0250,1,0,0,-4.1600,-2.6228,5.7701,5.1918,3.0555,1,0,0,0.2213,0.1309,0.1964,0.1964,0.1068,0,0,0,-2.9975,-3.5946,4.3135,4.3135,4.8685,0,0,0,3.5829,2.8803,3.4564,3.4564,3.0913,0,0,0,-5.9678,-2.7669,-3.3203,-3.3057,-1.7366,1,0,0
14.356379,1788532555.898283,69.4661,44.5421,44.5421,13.2613,10.2272,1,0,0,-3.9531,-2.6874,5.9123,5.3918,3.1452,1,0,0,0.4198,0.1448,0.2172,0.2172,0.1142,0,0,0,-2.9975,-3.5658,4.2790,4.2790,4.8382,0,0,0,3.7483,2.9220,3.5064,3.5064,3.0918,0,0,0,-6.2859,-2.9383,-3.5259,-3.5057,-1.7807,1,0,0
14.364392,1788532555.905791,69.4661,45.9695,45.9695,13.4613,10.4294,1,0,0,-3.9531,-2.7452,6.0395,5.5918,3.2457,1,0,0,0.4198,0.1572,0.2358,0.2358,0.1212,0,0,0,-2.9975,-3.5401,4.2481,4.2481,4.8063,0,0,0,3.7483,2.9593,3.5512,3.5512,3.0974,0,0,0,-6.2859,-3.0917,-3.7100,-3.7057,-1.8364,1,0,0
14.371913,1788532555.914320,69.4661,47.4892,47.4892,13.6613,10.6316,1,0,0,-3.9531,-2.8075,6.1766,5.7918,3.3564,1,0,0,0.4198,0.1706,0.2559,0.2559,0.1279,0,0,0,-2.9975,-3.5123,4.2148,4.2148,4.7732,0,0,0,3.7483,2.9996,3.5995,3.5995,3.1076,0,0,0,-6.2859,-3.2571,-3.9086,-3.9057,-1.9038,1,0,0
14.380423,1788532555.921833,73.5617,48.9928,48.9928,13.8613,10.8336,1,0,0,-3.6566,-2.8463,6.2620,5.9918,3.4767,1,0,0,0.7136,0.1951,0.2927,0.2927,0.1346,0,0,0,-3.0853,-3.4930,4.1916,4.1916,4.7390,0,0,0,4.2737,3.0572,3.6687,3.6687,3.1221,0,0,0,-6.7015,-3.4155,-4.0986,-4.0986,-1.9827,0,0,0
14.388741,1788532555.930153,74.6232,50.6241,50.6241,14.0613,11.0355,1,0,0,-3.4925,-2.8789,6.3335,6.1918,3.6057,1,0,0,0.7648,0.2235,0.3353,0.3353,0.1413,0,0,0,-3.1087,-3.4738,4.1685,4.1685,4.7039,0,0,0,4.3202,3.1203,3.7443,3.7443,3.1406,0,0,0,-6.9690,-3.5959,-4.3150,-4.2986,-2.0725,1,0,0
14.396773,1788532555.939162,75.5078,52.3326,52.3326,14.2613,11.2373,1,0,0,-3.3132,-2.9025,6.3854,6.3854,3.7429,0,0,0,0.9262,0.2613,0.3919,0.3919,0.1485,0,0,0,-3.0853,-3.4529,4.1434,4.1434,4.6683,0,0,0,4.4728,3.1931,3.8317,3.8317,3.1626,0,0,0,-7.0256,-3.7838,-4.5405,-4.4986,-2.1729,1,0,0
14.404771,1788532555.946187,75.5078,53.5964,53.5964,14.4613,11.4390,1,0,0,-3.3132,-2.9201,6.4241,6.4241,3.8876,0,0,0,0.9262,0.2895,0.4342,0.4342,0.1562,0,0,0,-3.0853,-3.4372,4.1247,4.1247,4.6324,0,0,0,4.4728,3.2475,3.8970,3.8970,3.1880,0,0,0,-7.0256,-3.9241,-4.7090,-4.6986,-2.2833,1,0,0
14.412771,1788532555.955186,75.5078,55.1032,55.1032,14.6613,11.6405,1,0,0,-3.3132,-2.9414,6.4710,6.4710,4.0390,0,0,0,0.9262,0.3237,0.4855,0.4855,0.1650,0,0,0,-3.0853,-3.4183,4.1020,4.1020,4.5964,0,0,0,4.4728,3.3135,3.9762,3.9762,3.2168,0,0,0,-7.0256,-4.0942,-4.9131,-4.8986,-2.4028,1,0,0
14.419882,1788532555.963306,75.5078,56.3780,56.3780,14.8613,11.8419,1,0,0,-3.3132,-2.9596,6.5112,6.5112,4.1965,0,0,0,0.9262,0.3530,0.5296,0.5296,0.1753,0,0,0,-3.0853,-3.4021,4.0825,4.0825,4.5606,0,0,0,4.4728,3.3702,4.0442,4.0442,3.2493,0,0,0,-7.0256,-4.2402,-5.0882,-5.0882,-2.5311,0,0,0
14.428025,1788532555.970305,75.5078,57.4180,57.4180,15.0613,12.0432,1,0,0,-3.3132,-2.9747,6.5443,6.5443,4.3581,0,0,0,0.9262,0.3773,0.5659,0.5659,0.1875,0,0,0,-3.0853,-3.3886,4.0664,4.0664,4.5252,0,0,0,4.4728,3.4170,4.1003,4.1003,3.2854,0,0,0,-7.0256,-4.3607,-5.2328,-5.2328,-2.6673,0,0,0
14.436089,1788532555.978432,78.6784,58.7491,58.7491,15.2613,12.2443,1,0,0,-2.7799,-2.9651,6.5233,6.5233,4.5208,0,0,0,0.9168,0.4036,0.6054,0.6054,0.2018,0,0,0,-3.2547,-3.3821,4.0585,4.0585,4.4904,0,0,0,4.5235,3.4711,4.1654,4.1654,3.3250,0,0,0,-7.3816,-4.5115,-5.4138,-5.4138,-2.8108,0,0,0
14.444089,1788532555.985504,78.6784,59.8449,59.8449,15.4613,12.3951,1,0,0,-2.7799,-2.9572,6.5058,6.5058,4.6421,0,0,0,0.9168,0.4255,0.6383,0.6383,0.2140,0,0,0,-3.2547,-3.3767,4.0520,4.0520,4.4647,0,0,0,4.5235,3.5163,4.2195,4.2195,3.3568,0,0,0,-7.3816,-4.6370,-5.5644,-5.5644,-2.9230,0,0,0
14.452621,1788532555.995510,78.6784,61.2726,61.2726,15.6613,12.5961,1,1,0,-2.7799,-2.9466,6.4825,6.4825,4.8015,0,0,0,0.9168,0.4547,0.6821,0.6821,0.2320,0,0,0,-3.2547,-3.3694,4.0433,4.0433,4.4311,0,0,0,4.5235,3.5763,4.2916,4.2916,3.4019,0,0,0,-7.3816,-4.8039,-5.7647,-5.7644,-3.0774,1,0,0
14.460721,1788532556.002540,78.6784,62.2211,62.2211,15.8613,12.7970,1,1,0,-2.7799,-2.9395,6.4668,6.4668,4.9563,0,0,0,0.9168,0.4744,0.7115,0.7115,0.2522,0,0,0,-3.2547,-3.3645,4.0374,4.0374,4.3985,0,0,0,4.5235,3.6168,4.3401,4.3401,3.4496,0,0,0,-7.3816,-4.9162,-5.8994,-5.8994,-3.2365,0,0,0
14.468239,1788532556.010132,78.6784,63.1840,63.1840,16.0613,12.9977,1,1,0,-2.7799,-2.9321,6.4507,6.4507,5.1045,0,0,0,0.9168,0.4946,0.7419,0.7419,0.2742,0,0,0,-3.2547,-3.3595,4.0314,4.0314,4.3671,0,0,0,4.5235,3.6584,4.3901,4.3901,3.4996,0,0,0,-7.3816,-5.0318,-6.0381,-6.0381,-3.3994,0,0,0
14.476795,1788532556.018654,78.6784,64.1915,64.1915,16.2613,13.1984,1,1,0,-2.7799,-2.9243,6.4335,6.4335,5.2447,0,0,0,0.9168,0.5162,0.7742,0.7742,0.2979,0,0,0,-3.2547,-3.3542,4.0250,4.0250,4.3369,0,0,0,4.5235,3.7028,4.4433,4.4433,3.5515,0,0,0,-7.3816,-5.1547,-6.1856,-6.1856,-3.5654,0,0,0
14.484903,1788532556.027220,81.8401,65.3425,65.3425,16.4613,13.3990,1,1,0,-1.8967,-2.8715,6.3172,6.3172,5.3758,0,0,0,0.5664,0.5187,0.7781,0.7781,0.3233,0,0,0,-2.8663,-3.3291,3.9950,3.9950,4.3083,0,0,0,3.9203,3.7140,4.4568,4.4568,3.6051,0,0,0,-7.2805,-5.2665,-6.3198,-6.3198,-3.7339,0,0,0
14.492410,1788532556.033317,82.2718,66.1444,66.1444,16.6613,13.5996,1,1,0,-1.6978,-2.8279,6.2214,6.2214,5.4972,0,0,0,0.5253,0.5190,0.7785,0.7785,0.3500,0,0,0,-2.9723,-3.3159,3.9791,3.9791,4.2811,0,0,0,3.9664,3.7234,4.4681,4.4681,3.6601,0,0,0,-7.0959,-5.3360,-6.4032,-6.4032,-3.9039,0,0,0
14.500484,1788532556.042889,82.2718,67.3078,67.3078,16.8613,13.8000,1,1,0,-1.6978,-2.7635,6.0797,6.0797,5.6086,0,0,0,0.5253,0.5193,0.7790,0.7790,0.3779,0,0,0,-2.9723,-3.2963,3.9556,3.9556,4.2555,0,0,0,3.9664,3.7373,4.4847,4.4847,3.7160,0,0,0,-7.0959,-5.4387,-6.5265,-6.5265,-4.0746,0,0,0
14.507987,1788532556.050894,82.2718,68.2192,68.2192,17.0613,14.0004,1,1,0,-1.6978,-2.7122,5.9669,5.9669,5.7095,0,0,0,0.5253,0.5196,0.7794,0.7794,0.4065,0,0,0,-2.9723,-3.2807,3.9369,3.9369,4.2313,0,0,0,3.9664,3.7483,4.4980,4.4980,3.7724,0,0,0,-7.0959,-5.5204,-6.6245,-6.6245,-4.2454,0,0,0
14.515987,1788532556.058401,83.2427,69.0794,69.0794,17.2613,14.1507,1,1,0,-1.4689,-2.6561,5.8434,5.8434,5.7775,0,0,0,0.6720,0.5265,0.7898,0.7898,0.4282,0,0,0,-2.9993,-3.2680,3.9216,3.9216,4.2139,0,0,0,4.0858,3.7637,4.5164,4.5164,3.8145,0,0,0,-7.2898,-5.6024,-6.7229,-6.7229,-4.3730,0,0,0
14.524011,1788532556.065908,83.4781,69.9024,69.9024,17.4613,14.3510,1,1,0,-1.3775,-2.5984,5.7164,5.7164,5.8571,0,0,0,0.7133,0.5350,0.8024,0.8024,0.4569,0,0,0,-2.9993,-3.2559,3.9070,3.9070,4.1916,0,0,0,4.1113,3.7794,4.5353,4.5353,3.8698,0,0,0,-7.4335,-5.6873,-6.8247,-6.8247,-4.5416,0,0,0
14.531528,1788532556.074431,83.7022,70.7882,70.7882,17.6613,14.5518,1,1,0,-1.2696,-2.5308,5.5677,5.5677,5.9230,0,0,0,0.8374,0.5504,0.8256,0.8256,0.4850,0,0,0,-2.9993,-3.2428,3.8913,3.8913,4.1700,0,0,0,4.1504,3.7984,4.5581,4.5581,3.9238,0,0,0,-7.4335,-5.7786,-6.9343,-6.9343,-4.7081,0,0,0
14.540565,1788532556.083452,83.7022,71.6586,71.6586,17.8613,14.7553,1,1,0,-1.2696,-2.4631,5.4189,5.4189,5.9735,0,0,0,0.8374,0.5658,0.8488,0.8488,0.5122,0,0,0,-2.9993,-3.2296,3.8756,3.8756,4.1489,0,0,0,4.1504,3.8175,4.5810,4.5810,3.9763,0,0,0,-7.4335,-5.8698,-7.0438,-7.0438,-4.8730,0,0,0
14.548565,1788532556.090978,83.7022,72.3416,72.3416,18.0613,14.9615,1,1,0,-1.2696,-2.4092,5.3002,5.3002,6.0084,0,0,0,0.8374,0.5782,0.8672,0.8672,0.5386,0,0,0,-2.9993,-3.2192,3.8630,3.8630,4.1281,0,0,0,4.1504,3.8326,4.5991,4.5991,4.0271,0,0,0,-7.4335,-5.9424,-7.1309,-7.1309,-5.0360,0,0,0
14.556565,1788532556.098979,83.7022,73.0218,73.0218,18.2613,15.1697,1,1,0,-1.2696,-2.3545,5.1800,5.1800,6.0281,0,0,0,0.8374,0.5906,0.8859,0.8859,0.5642,0,0,0,-2.9993,-3.2086,3.8503,3.8503,4.1078,0,0,0,4.1504,3.8479,4.6175,4.6175,4.0761,0,0,0,-7.4335,-6.0158,-7.2189,-7.2189,-5.1964,0,0,0
14.564591,1788532556.105981,83.7022,73.5842,73.5842,18.4613,15.3793,1,1,0,-1.2696,-2.3087,5.0792,5.0792,6.0329,0,0,0,0.8374,0.6011,0.9016,0.9016,0.5892,0,0,0,-2.9993,-3.1998,3.8397,3.8397,4.0879,0,0,0,4.1504,3.8608,4.6329,4.6329,4.1231,0,0,0,-7.4335,-6.0772,-7.2926,-7.2926,-5.3539,0,0,0
14.572946,1788532556.115016,83.7022,74.2578,74.2578,18.6613,15.5898,1,1,0,-1.2696,-2.2527,4.9560,4.9560,6.0239,0,0,0,0.8374,0.6138,0.9207,0.9207,0.6135,0,0,0,-2.9993,-3.1889,3.8267,3.8267,4.0684,0,0,0,4.1504,3.8764,4.6517,4.6517,4.1682,0,0,0,-7.4335,-6.1520,-7.3824,-7.3824,-5.5079,0,0,0
14.581072,1788532556.122361,84.4151,74.8130,74.8130,18.8613,15.8008,1,1,0,-0.5378,-2.1768,4.7889,4.7889,6.0022,0,0,0,0.8920,0.6261,0.9392,0.9392,0.6373,0,0,0,-2.8502,-3.1739,3.8087,3.8087,4.0494,0,0,0,4.2888,3.8948,4.6737,4.6737,4.2112,0,0,0,-7.3958,-6.2084,-7.4500,-7.4500,-5.6581,0,0,0
14.588203,1788532556.130627,84.4151,75.3972,75.3972,19.0613,16.0121,1,1,0,-0.5378,-2.0955,4.6100,4.6100,5.9691,0,0,0,0.8920,0.6393,0.9589,0.9589,0.6605,0,0,0,-2.8502,-3.1579,3.7895,3.7895,4.0308,0,0,0,4.2888,3.9143,4.6972,4.6972,4.2522,0,0,0,-7.3958,-6.2685,-7.5222,-7.5222,-5.8040,0,0,0
14.596506,1788532556.138619,84.4537,75.9289,75.9289,19.2613,16.2234,1,1,0,-0.4375,-2.0157,4.4346,4.4346,5.9255,0,0,0,0.9464,0.6540,0.9811,0.9811,0.6831,0,0,0,-2.8502,-3.1431,3.7717,3.7717,4.0128,0,0,0,4.2888,3.9324,4.7188,4.7188,4.2912,0,0,0,-8.1088,-6.3588,-7.6306,-7.6306,-5.9455,0,0,0
14.604566,1788532556.146921,84.4537,76.4453,76.4453,19.4613,16.4344,1,1,0,-0.4375,-1.9370,4.2613,4.2613,5.8716,0,0,0,0.9464,0.6686,1.0029,1.0029,0.7053,0,0,0,-2.8502,-3.1285,3.7542,3.7542,3.9951,0,0,0,4.2888,3.9502,4.7402,4.7402,4.3283,0,0,0,-8.1088,-6.4478,-7.7374,-7.7374,-6.0822,0,0,0
14.613133,1788532556.155982,84.4537,76.9692,76.9692,19.6613,16.5925,1,1,0,-0.4375,-1.8556,4.0823,4.0823,5.8245,0,0,0,0.9464,0.6836,1.0254,1.0254,0.7216,0,0,0,-2.8502,-3.1135,3.7362,3.7362,3.9821,0,0,0,4.2888,3.9685,4.7622,4.7622,4.3551,0,0,0,-8.1088,-6.5396,-7.8475,-7.8475,-6.1817,0,0,0
14.620682,1788532556.163066,84.4537,77.3562,77.3562,19.8613,16.8029,1,1,0,-0.4375,-1.7947,3.9483,3.9483,5.7530,0,0,0,0.9464,0.6949,1.0423,1.0423,0.7431,0,0,0,-2.8502,-3.1022,3.7227,3.7227,3.9648,0,0,0,4.2888,3.9823,4.7787,4.7787,4.3893,0,0,0,-8.1088,-6.6082,-7.9299,-7.9299,-6.3106,0,0,0
14.628191,1788532556.171098,84.4537,77.7677,77.7677,20.0613,17.0127,1,1,0,-0.4375,-1.7289,3.8037,3.8037,5.6719,0,0,0,0.9464,0.7070,1.0605,1.0605,0.7644,0,0,0,-2.8502,-3.0901,3.7081,3.7081,3.9478,0,0,0,4.2888,3.9971,4.7965,4.7965,4.4221,0,0,0,-8.1088,-6.6822,-8.0186,-8.0186,-6.4357,0,0,0
14.636351,1788532556.177604,84.4537,78.0842,78.0842,20.2613,17.2219,1,1,0,-0.4375,-1.6777,3.6910,3.6910,5.5816,0,0,0,0.9464,0.7164,1.0746,1.0746,0.7854,0,0,0,-2.8502,-3.0806,3.6967,3.6967,3.9309,0,0,0,4.2888,4.0086,4.8103,4.8103,4.4536,0,0,0,-8.1088,-6.7397,-8.0876,-8.0876,-6.5575,0,0,0
14.644341,1788532556.185755,84.4537,78.4559,78.4559,20.4613,17.4306,1,1,0,-0.4375,-1.6167,3.5568,3.5568,5.4832,0,0,0,0.9464,0.7277,1.0915,1.0915,0.8062,0,0,0,-2.8502,-3.0693,3.6832,3.6832,3.9141,0,0,0,4.2888,4.0223,4.8268,4.8268,4.4838,0,0,0,-8.1088,-6.8080,-8.1697,-8.1697,-6.6763,0,0,0
14.652341,1788532556.195761,84.3841,78.8723,78.8723,20.6613,17.6386,1,1,0,-0.0239,-1.5216,3.3475,3.3568,5.3777,1,0,0,0.9397,0.7403,1.1104,1.1104,0.8268,0,0,0,-2.8108,-3.0540,3.6648,3.6648,3.8974,0,0,0,4.3195,4.0400,4.8480,4.8480,4.5127,0,0,0,-7.6035,-6.8562,-8.2275,-8.2275,-6.7921,0,0,0
14.661014,1788532556.203756,84.3841,79.1847,79.1847,20.8613,17.8459,1,1,0,-0.0239,-1.4492,3.1882,3.1882,5.2663,0,0,0,0.9397,0.7498,1.1247,1.1247,0.8472,0,0,0,-2.8108,-3.0423,3.6507,3.6507,3.8810,0,0,0,4.3195,4.0535,4.8642,4.8642,4.5405,0,0,0,-7.6035,-6.8928,-8.2714,-8.2714,-6.9049,0,0,0
14.668838,1788532556.211431,84.3841,79.4671,79.4671,21.0613,18.0527,1,1,0,-0.0239,-1.3829,3.0424,3.0424,5.1500,0,0,0,0.9397,0.7586,1.1379,1.1379,0.8673,0,0,0,-2.8108,-3.0316,3.6379,3.6379,3.8647,0,0,0,4.3195,4.0658,4.8789,4.8789,4.5671,0,0,0,-7.6035,-6.9263,-8.3115,-8.3115,-7.0147,0,0,0
14.677744,1788532556.219263,84.3841,79.7382,79.7382,21.2613,18.2588,1,1,0,-0.0239,-1.3184,2.9005,2.9005,5.0287,0,0,0,0.9397,0.7671,1.1507,1.1507,0.8872,0,0,0,-2.8108,-3.0212,3.6254,3.6254,3.8486,0,0,0,4.3195,4.0778,4.8933,4.8933,4.5927,0,0,0,-7.6035,-6.9588,-8.3505,-8.3505,-7.1213,0,0,0
14.685296,1788532556.227167,84.0519,79.9770,79.9770,21.4613,18.4644,1,1,0,0.0748,-1.2517,2.7537,2.7537,4.9027,0,0,0,0.8885,0.7729,1.1593,1.1593,0.9068,0,0,0,-2.7385,-3.0078,3.6093,3.6093,3.8327,0,0,0,4.3468,4.0906,4.9087,4.9087,4.6173,0,0,0,-7.6444,-6.9919,-8.3903,-8.3903,-7.2246,0,0,0
14.693389,1788532556.241803,84.0519,80.3721,80.3721,21.6613,18.6694,1,1,0,0.0748,-1.1387,2.5052,2.5537,4.7724,1,0,0,0.8885,0.7827,1.1740,1.1740,0.9261,0,0,0,-2.7385,-2.9850,3.5820,3.5820,3.8168,0,0,0,4.3468,4.1123,4.9347,4.9347,4.6411,0,0,0,-7.6444,-7.0480,-8.4575,-8.4575,-7.3240,0,0,0
14.701929,1788532556.241803,84.0519,80.5752,80.5752,21.8613,18.8738,1,1,0,0.0748,-1.0799,2.3758,2.3758,4.6386,0,0,0,0.8885,0.7877,1.1816,1.1816,0.9450,0,0,0,-2.7385,-2.9732,3.5678,3.5678,3.8012,0,0,0,4.3468,4.1235,4.9482,4.9482,4.6640,0,0,0,-7.6444,-7.0771,-8.4925,-8.4925,-7.4194,0,0,0
14.709438,1788532556.257852,83.7758,80.9077,80.9077,22.0613,19.0778,1,1,0,0.0956,-0.9710,2.1363,2.1758,4.5018,1,0,0,0.8101,0.7898,1.1847,1.1847,0.9635,0,0,0,-2.8029,-2.9575,3.5490,3.5490,3.7857,0,0,0,4.3346,4.1430,4.9716,4.9716,4.6861,0,0,0,-7.5271,-7.1190,-8.5428,-8.5428,-7.5108,0,0,0
14.717967,1788532556.257852,83.7758,81.0638,81.0638,22.2613,19.2814,1,1,0,0.0956,-0.9194,2.0226,2.0226,4.3619,0,0,0,0.8101,0.7908,1.1862,1.1862,0.9816,0,0,0,-2.8029,-2.9501,3.5401,3.5401,3.7702,0,0,0,4.3346,4.1522,4.9826,4.9826,4.7076,0,0,0,-7.5271,-7.1389,-8.5667,-8.5667,-7.5983,0,0,0
14.725564,1788532556.266381,83.7758,81.2198,81.2198,22.4613,19.4845,1,1,0,0.0956,-0.8671,1.9077,1.9077,4.2187,0,0,0,0.8101,0.7918,1.1876,1.1876,0.9991,0,0,0,-2.8029,-2.9426,3.5311,3.5311,3.7546,0,0,0,4.3346,4.1615,4.9938,4.9938,4.7285,0,0,0,-7.5271,-7.1590,-8.5908,-8.5908,-7.6822,0,0,0
14.733563,1788532556.274978,83.7758,81.3673,81.3673,22.6613,19.6873,1,1,0,0.0956,-0.8172,1.7978,1.7978,4.0721,0,0,0,0.8101,0.7927,1.1890,1.1890,1.0160,0,0,0,-2.8029,-2.9354,3.5225,3.5225,3.7389,0,0,0,4.3346,4.1704,5.0045,5.0045,4.7490,0,0,0,-7.5271,-7.1782,-8.6138,-8.6138,-7.7625,0,0,0
14.741572,1788532556.282978,83.3651,81.4746,81.4746,22.8613,19.8392,1,1,0,0.1718,-0.7693,1.6924,1.6924,3.9602,0,0,0,0.9016,0.7979,1.1969,1.1969,1.0283,0,0,0,-2.6301,-2.9207,3.5049,3.5049,3.7271,0,0,0,4.3207,4.1776,5.0132,5.0132,4.7640,0,0,0,-8.2107,-7.2284,-8.6741,-8.6741,-7.8203,0,0,0
14.749574,1788532556.290977,83.3651,81.5757,81.5757,23.0613,20.0414,1,1,0,0.1718,-0.7237,1.5921,1.5921,3.8091,0,0,0,0.9016,0.8029,1.2043,1.2043,1.0439,0,0,0,-2.6301,-2.9068,3.4881,3.4881,3.7115,0,0,0,4.3207,4.1845,5.0214,5.0214,4.7837,0,0,0,-8.2107,-7.2762,-8.7314,-8.7314,-7.8942,0,0,0
14.757172,1788532556.298989,83.1236,81.6583,81.6583,23.2613,20.2433,1,1,0,0.2360,-0.6771,1.4897,1.4897,3.6569,0,0,0,0.9481,0.8099,1.2148,1.2148,1.0585,0,0,0,-2.6301,-2.8935,3.4722,3.4722,3.6961,0,0,0,4.2757,4.1889,5.0267,5.0267,4.8028,0,0,0,-8.6315,-7.3422,-8.8106,-8.8106,-7.9642,0,0,0
14.765171,1788532556.306586,83.1236,81.7324,81.7324,23.4613,20.4449,1,1,0,0.2360,-0.6350,1.3970,1.3970,3.5046,0,0,0,0.9481,0.8162,1.2243,1.2243,1.0724,0,0,0,-2.6301,-2.8814,3.4577,3.4577,3.6809,0,0,0,4.2757,4.1929,5.0314,5.0314,4.8213,0,0,0,-8.6315,-7.4019,-8.8823,-8.8823,-8.0308,0,0,0
14.772803,1788532556.314598,83.1236,81.8060,81.8060,23.6613,20.6463,1,1,0,0.2360,-0.5927,1.3040,1.3040,3.3532,0,0,0,0.9481,0.8225,1.2338,1.2338,1.0854,0,0,0,-2.6301,-2.8693,3.4432,3.4432,3.6658,0,0,0,4.2757,4.1969,5.0362,5.0362,4.8392,0,0,0,-8.6315,-7.4618,-8.9542,-8.9542,-8.0946,0,0,0
14.781843,1788532556.330257,83.1236,81.9349,81.9349,23.8613,20.8475,1,1,0,0.2360,-0.5177,1.1389,1.1389,3.2033,0,0,0,0.9481,0.8338,1.2507,1.2507,1.0978,0,0,0,-2.6301,-2.8478,3.4174,3.4174,3.6507,0,0,0,4.2757,4.2039,5.0447,5.0447,4.8564,0,0,0,-8.6315,-7.5682,-9.0819,-9.0819,-8.1562,0,0,0
14.789852,1788532556.330257,83.1236,81.9970,81.9970,24.0613,21.0486,1,1,0,0.2360,-0.4812,1.0586,1.0586,3.0554,0,0,0,0.9481,0.8393,1.2589,1.2589,1.1095,0,0,0,-2.6301,-2.8374,3.4049,3.4049,3.6357,0,0,0,4.2757,4.2074,5.0489,5.0489,4.8728,0,0,0,-8.6315,-7.6199,-9.1439,-9.1439,-8.2163,0,0,0
14.798021,1788532556.339269,83.1236,82.0627,82.0627,24.2613,21.2494,1,1,0,0.2360,-0.4423,0.9730,0.9730,2.9102,0,0,0,0.9481,0.8451,1.2677,1.2677,1.1208,0,0,0,-2.6301,-2.8262,3.3915,3.3915,3.6208,0,0,0,4.2757,4.2111,5.0533,5.0533,4.8885,0,0,0,-8.6315,-7.6750,-9.2100,-9.2100,-8.2755,0,0,0
14.806024,1788532556.346435,82.4134,82.0791,82.0791,24.4613,21.4502,1,1,0,0.2791,-0.4108,0.9038,0.9038,2.7672,0,0,0,0.7247,0.8399,1.2599,1.2599,1.1318,0,0,0,-2.4194,-2.8087,3.3704,3.3704,3.6058,0,0,0,3.8293,4.1946,5.0335,5.0335,4.9034,0,0,0,-7.9763,-7.6882,-9.2258,-9.2258,-8.3347,0,0,0
14.813544,1788532556.355449,82.4134,82.0984,82.0984,24.6613,21.6508,1,1,0,0.2791,-0.3734,0.8216,0.8216,2.6265,0,0,0,0.7247,0.8337,1.2506,1.2506,1.1424,0,0,0,-2.4194,-2.7877,3.3453,3.3453,3.5907,0,0,0,3.8293,4.1749,5.0099,5.0099,4.9175,0,0,0,-7.9763,-7.7038,-9.2446,-9.2446,-8.3945,0,0,0
14.821544,1788532556.362961,82.4134,82.1137,82.1137,24.8613,21.8513,1,1,0,0.2791,-0.3437,0.7561,0.7561,2.4884,0,0,0,0.7247,0.8288,1.2432,1.2432,1.1529,0,0,0,-2.4194,-2.7711,3.3253,3.3253,3.5755,0,0,0,3.8293,4.1593,4.9912,4.9912,4.9309,0,0,0,-7.9763,-7.7163,-9.2596,-9.2596,-8.4549,0,0,0
14.829898,1788532556.371968,82.4134,82.1309,82.1309,25.0613,22.0016,1,1,0,0.2791,-0.3099,0.6819,0.6819,2.3869,0,0,0,0.7247,0.8232,1.2348,1.2348,1.1605,0,0,0,-2.4194,-2.7521,3.3026,3.3026,3.5641,0,0,0,3.8293,4.1416,4.9699,4.9699,4.9403,0,0,0,-7.9763,-7.7304,-9.2765,-9.2765,-8.5003,0,0,0
14.838406,1788532556.379313,82.4134,82.1443,82.1443,25.2613,22.2521,1,1,0,0.2791,-0.2837,0.6241,0.6241,2.2221,0,0,0,0.7247,0.8189,1.2283,1.2283,1.1725,0,0,0,-2.4194,-2.7374,3.2849,3.2849,3.5449,0,0,0,3.8293,4.1278,4.9534,4.9534,4.9544,0,0,0,-7.9763,-7.7414,-9.2897,-9.2897,-8.5751,0,0,0
14.845406,1788532556.386820,82.4134,82.1572,82.1572,25.4613,22.4023,1,1,0,0.2791,-0.2580,0.5677,0.5677,2.1260,0,0,0,0.7247,0.8146,1.2219,1.2219,1.1791,0,0,0,-2.4194,-2.7230,3.2676,3.2676,3.5331,0,0,0,3.8293,4.1144,4.9372,4.9372,4.9616,0,0,0,-7.9763,-7.7521,-9.3026,-9.3026,-8.6192,0,0,0
14.853435,1788532556.394821,81.8160,82.1398,82.1398,25.6613,22.6025,1,1,0,0.2987,-0.2311,0.5084,0.5084,2.0013,0,0,0,0.6579,0.8071,1.2107,1.2107,1.1872,0,0,0,-2.5278,-2.7137,3.2564,3.2564,3.5172,0,0,0,4.0780,4.1126,4.9351,4.9351,4.9698,0,0,0,-7.4767,-7.7388,-9.2865,-9.2865,-8.6765,0,0,0
14.862147,1788532556.403847,81.8160,82.1214,82.1214,25.8613,22.8027,1,1,0,0.2987,-0.2024,0.4452,0.4452,1.8806,0,0,0,0.6579,0.7991,1.1987,1.1987,1.1943,0,0,0,-2.5278,-2.7036,3.2444,3.2444,3.5009,0,0,0,4.0780,4.1108,4.9329,4.9329,4.9761,0,0,0,-7.4767,-7.7246,-9.2695,-9.2695,-8.7317,0,0,0
14.869659,1788532556.411563,81.8160,82.1065,82.1065,26.0613,23.0028,1,1,0,0.2987,-0.1789,0.3937,0.3937,1.7641,0,0,0,0.6579,0.7926,1.1889,1.1889,1.2004,0,0,0,-2.5278,-2.6955,3.2346,3.2346,3.4843,0,0,0,4.0780,4.1092,4.9311,4.9311,4.9806,0,0,0,-7.4767,-7.7130,-9.2556,-9.2556,-8.7847,0,0,0
14.878324,1788532556.426233,81.3320,82.0379,82.0379,26.2613,23.2029,1,1,0,0.3521,-0.1337,0.2941,0.2941,1.6520,0,0,0,0.6841,0.7834,1.1751,1.1751,1.2055,0,0,0,-2.6368,-2.6905,3.2286,3.2286,3.4676,0,0,0,4.3674,4.1310,4.9573,4.9573,4.9833,0,0,0,-7.0861,-7.6596,-9.1915,-9.1915,-8.8351,0,0,0
14.885665,1788532556.426233,81.3320,82.0025,82.0025,26.4613,23.4030,1,1,0,0.3521,-0.1102,0.2425,0.2425,1.5441,0,0,0,0.6841,0.7787,1.1680,1.1680,1.2096,0,0,0,-2.6368,-2.6879,3.2255,3.2255,3.4508,0,0,0,4.3674,4.1424,4.9708,4.9708,4.9846,0,0,0,-7.0861,-7.6319,-9.1583,-9.1583,-8.8822,0,0,0
14.893699,1788532556.435078,81.3320,81.9655,81.9655,26.6613,23.6030,1,1,0,0.3521,-0.0856,0.1884,0.1884,1.4405,0,0,0,0.6841,0.7737,1.1605,1.1605,1.2125,0,0,0,-2.6368,-2.6852,3.2223,3.2223,3.4340,0,0,0,4.3674,4.1542,4.9851,4.9851,4.9847,0,0,0,-7.0861,-7.6030,-9.1236,-9.1236,-8.9257,0,0,0
14.902061,1788532556.443110,81.1055,81.9224,81.9224,26.8613,23.8030,1,1,0,0.3734,-0.0634,0.1394,0.1394,1.3408,0,0,0,0.6955,0.7699,1.1549,1.1549,1.2143,0,0,0,-2.5260,-2.6776,3.2131,3.2131,3.4174,0,0,0,4.2115,4.1570,4.9884,4.9884,4.9840,0,0,0,-7.4019,-7.5932,-9.1119,-9.1119,-8.9652,0,0,0
14.909928,1788532556.451474,81.1055,81.8800,81.8800,27.0613,24.0030,1,1,0,0.3734,-0.0414,0.0910,0.0910,1.2445,0,0,0,0.6955,0.7662,1.1493,1.1493,1.2150,0,0,0,-2.5260,-2.6700,3.2040,3.2040,3.4011,0,0,0,4.2115,4.1597,4.9917,4.9917,4.9830,0,0,0,-7.4019,-7.5836,-9.1004,-9.1004,-8.9999,0,0,0
14.918314,1788532556.458865,80.8916,81.8345,81.8345,27.2613,24.1530,1,1,0,0.3606,-0.0234,0.0514,0.0514,1.1745,0,0,0,0.7077,0.7636,1.1454,1.1454,1.2149,0,0,0,-2.5069,-2.6627,3.1953,3.1953,3.3892,0,0,0,4.0788,4.1561,4.9873,4.9873,4.9823,0,0,0,-7.4523,-7.5778,-9.0933,-9.0933,-9.0227,0,0,0
14.926043,1788532556.474457,80.7919,81.7385,81.7385,27.4613,24.3530,1,1,0,0.3330,0.0087,-0.0191,-0.0191,1.0840,0,0,0,0.6817,0.7563,1.1344,1.1344,1.2139,0,0,0,-2.5902,-2.6562,3.1875,3.1875,3.3738,0,0,0,4.1814,4.1584,4.9901,4.9901,4.9815,0,0,0,-7.2076,-7.5446,-9.0535,-9.0535,-9.0487,0,0,0
14.933562,1788532556.474457,80.7919,81.6917,81.6917,27.6613,24.5535,1,1,0,0.3330,0.0244,-0.0536,-0.0536,0.9967,0,0,0,0.6817,0.7527,1.1291,1.1291,1.2121,0,0,0,-2.5902,-2.6531,3.1837,3.1837,3.3589,0,0,0,4.1814,4.1595,4.9914,4.9914,4.9810,0,0,0,-7.2076,-7.5284,-9.0340,-9.0340,-9.0701,0,0,0
14.941993,1788532556.483403,80.5638,81.6300,81.6300,27.8613,24.7568,1,1,0,0.3026,0.0393,-0.0864,-0.0864,0.9121,0,0,0,0.6314,0.7463,1.1194,1.1194,1.2095,0,0,0,-2.6222,-2.6514,3.1817,3.1817,3.3445,0,0,0,4.1814,4.1606,4.9928,4.9928,4.9808,0,0,0,-7.2076,-7.5112,-9.0135,-9.0135,-9.0872,0,0,0
14.955176,1788532556.492409,80.4697,81.5662,81.5662,28.0613,25.0665,1,1,0,0.2967,0.0532,-0.1170,-0.1170,0.7897,0,0,0,0.6314,0.7401,1.1102,1.1102,1.2043,0,0,0,-2.6222,-2.6498,3.1798,3.1798,3.3237,0,0,0,4.1879,4.1621,4.9945,4.9945,4.9808,0,0,0,-7.2296,-7.4961,-8.9953,-8.9953,-9.1050,0,0,0
14.963268,1788532556.507287,80.3638,81.4611,81.4611,28.2613,25.2753,1,1,0,0.2803,0.0727,-0.1600,-0.1600,0.7114,0,0,0,0.6445,0.7319,1.0979,1.0979,1.2001,0,0,0,-2.6280,-2.6480,3.1776,3.1776,3.3105,0,0,0,4.2222,4.1673,5.0007,5.0007,4.9810,0,0,0,-7.3071,-7.4799,-8.9758,-8.9758,-9.1120,0,0,0
14.970542,1788532556.516434,80.1889,81.3904,81.3904,28.4613,25.4852,1,1,0,0.2598,0.0830,-0.1825,-0.1825,0.6360,0,0,0,0.6684,0.7285,1.0927,1.0927,1.1953,0,0,0,-2.6280,-2.6469,3.1763,3.1763,3.2979,0,0,0,4.2117,4.1697,5.0036,5.0036,4.9815,0,0,0,-7.2474,-7.4672,-8.9606,-8.9606,-9.1156,0,0,0
14.979028,1788532556.523476,80.1889,81.3385,81.3385,28.6613,25.6959,1,1,0,0.2598,0.0905,-0.1991,-0.1991,0.5637,0,0,0,0.6684,0.7259,1.0889,1.0889,1.1899,0,0,0,-2.6280,-2.6461,3.1753,3.1753,3.2860,0,0,0,4.2117,4.1715,5.0057,5.0057,4.9821,0,0,0,-7.2474,-7.4579,-8.9494,-8.9494,-9.1162,0,0,0
14.986541,1788532556.531964,80.1889,81.2793,81.2793,28.8613,25.9070,1,1,0,0.2598,0.0991,-0.2181,-0.2181,0.4943,0,0,0,0.6684,0.7230,1.0845,1.0845,1.1841,0,0,0,-2.6280,-2.6452,3.1742,3.1742,3.2748,0,0,0,4.2117,4.1735,5.0082,5.0082,4.9829,0,0,0,-7.2474,-7.4472,-8.9366,-8.9366,-9.1140,0,0,0
14.995044,1788532556.539955,80.1889,81.2263,81.2263,29.0613,26.1182,1,1,0,0.2598,0.1069,-0.2351,-0.2351,0.4281,0,0,0,0.6684,0.7204,1.0806,1.0806,1.1779,0,0,0,-2.6280,-2.6443,3.1732,3.1732,3.2643,0,0,0,4.2117,4.1753,5.0104,5.0104,4.9839,0,0,0,-7.2474,-7.4376,-8.9251,-8.9251,-9.1096,0,0,0
15.002556,1788532556.547972,80.1889,81.1758,81.1758,29.2613,26.3293,1,1,0,0.2598,0.1143,-0.2514,-0.2514,0.3653,0,0,0,0.6684,0.7179,1.0769,1.0769,1.1715,0,0,0,-2.6280,-2.6436,3.1723,3.1723,3.2545,0,0,0,4.2117,4.1771,5.0125,5.0125,4.9851,0,0,0,-7.2474,-7.4285,-8.9141,-8.9141,-9.1032,0,0,0
15.011074,1788532556.556484,79.8642,81.1084,81.1084,29.4613,26.5401,1,1,0,0.3294,0.1252,-0.2755,-0.2755,0.3060,0,0,0,0.6814,0.7161,1.0741,1.0741,1.1650,0,0,0,-2.6577,-2.6443,3.1731,3.1731,3.2455,0,0,0,4.2350,4.1800,5.0160,5.0160,4.9865,0,0,0,-6.9865,-7.4060,-8.8872,-8.8872,-9.0952,0,0,0
15.018583,1788532556.562997,79.7986,81.0563,81.0563,29.6613,26.7505,1,1,0,0.3569,0.1344,-0.2957,-0.2957,0.2500,0,0,0,0.6998,0.7154,1.0731,1.0731,1.1583,0,0,0,-2.6545,-2.6447,3.1736,3.1736,3.2372,0,0,0,4.2354,4.1822,5.0186,5.0186,4.9880,0,0,0,-6.9865,-7.3895,-8.8674,-8.8674,-9.0859,0,0,0
15.027107,1788532556.571997,79.7465,80.9854,80.9854,29.8613,26.9604,1,1,0,0.3901,0.1482,-0.3260,-0.3260,0.1973,0,0,0,0.6998,0.7146,1.0719,1.0719,1.1517,0,0,0,-2.6545,-2.6452,3.1742,3.1742,3.2295,0,0,0,4.2438,4.1855,5.0226,5.0226,4.9896,0,0,0,-6.9865,-7.3679,-8.8415,-8.8415,-9.0754,0,0,0
15.034614,1788532556.580024,79.7465,80.9254,80.9254,30.0613,27.1698,1,1,0,0.3901,0.1599,-0.3517,-0.3517,0.1477,0,0,0,0.6998,0.7139,1.0708,1.0708,1.1452,0,0,0,-2.6545,-2.6457,3.1748,3.1748,3.2226,0,0,0,4.2438,4.1883,5.0260,5.0260,4.9913,0,0,0,-6.9865,-7.3496,-8.8195,-8.8195,-9.0637,0,0,0
15.042614,1788532556.588028,79.7465,80.8686,80.8686,30.2613,27.3785,1,1,0,0.3901,0.1709,-0.3761,-0.3761,0.1009,0,0,0,0.6998,0.7132,1.0698,1.0698,1.1388,0,0,0,-2.6545,-2.6461,3.1753,3.1753,3.2163,0,0,0,4.2438,4.1910,5.0291,5.0291,4.9932,0,0,0,-6.9865,-7.3322,-8.7986,-8.7986,-9.0510,0,0,0
15.050650,1788532556.595038,79.6419,80.8165,80.8165,30.4613,27.4827,1,1,0,0.4055,0.1809,-0.3980,-0.3980,0.0785,0,0,0,0.6357,0.7099,1.0649,1.0649,1.1357,0,0,0,-2.7098,-2.6488,3.1785,3.1785,3.2134,0,0,0,4.3457,4.1975,5.0370,5.0370,4.9942,0,0,0,-6.7961,-7.3096,-8.7715,-8.7715,-9.0442,0,0,0
15.059243,1788532556.603249,79.6419,80.7585,80.7585,30.6613,27.7423,1,1,0,0.4055,0.1920,-0.4223,-0.4223,0.0251,0,0,0,0.6357,0.7063,1.0594,1.0594,1.1282,0,0,0,-2.7098,-2.6518,3.1821,3.1821,3.2069,0,0,0,4.3457,4.2048,5.0457,5.0457,4.9968,0,0,0,-6.7961,-7.2844,-8.7412,-8.7412,-9.0262,0,0,0
15.066597,1788532556.611478,79.5274,80.6978,80.6978,30.8613,27.9494,1,1,0,0.3940,0.2020,-0.4443,-0.4443,-0.0151,0,0,0,0.6212,0.7021,1.0532,1.0532,1.1225,0,0,0,-2.6606,-2.6522,3.1826,3.1826,3.2023,0,0,0,4.2706,4.2080,5.0496,5.0496,4.9991,0,0,0,-6.8850,-7.2647,-8.7176,-8.7176,-9.0107,0,0,0
15.075109,1788532556.619525,79.5274,80.6413,80.6413,31.0613,28.1558,1,1,0,0.3940,0.2113,-0.4648,-0.4648,-0.0533,0,0,0,0.6212,0.6982,1.0473,1.0473,1.1170,0,0,0,-2.6606,-2.6526,3.1831,3.1831,3.1983,0,0,0,4.2706,4.2110,5.0532,5.0532,5.0015,0,0,0,-6.8850,-7.2464,-8.6957,-8.6957,-8.9944,0,0,0
15.083297,1788532556.628057,79.5274,80.5845,80.5845,31.2613,28.3616,1,1,0,0.3940,0.2206,-0.4853,-0.4853,-0.0897,0,0,0,0.6212,0.6943,1.0414,1.0414,1.1117,0,0,0,-2.6606,-2.6530,3.1836,3.1836,3.1949,0,0,0,4.2706,4.2141,5.0569,5.0569,5.0042,0,0,0,-6.8850,-7.2280,-8.6736,-8.6736,-8.9771,0,0,0
15.090819,1788532556.635724,79.5274,80.5358,80.5358,31.4613,28.5669,1,1,0,0.3940,0.2286,-0.5029,-0.5029,-0.1244,0,0,0,0.6212,0.6909,1.0364,1.0364,1.1065,0,0,0,-2.6606,-2.6534,3.1840,3.1840,3.1921,0,0,0,4.2706,4.2167,5.0600,5.0600,5.0071,0,0,0,-6.8850,-7.2122,-8.6547,-8.6547,-8.9589,0,0,0
15.099325,1788532556.644741,79.5274,80.4817,80.4817,31.6613,28.7716,1,1,0,0.3940,0.2375,-0.5225,-0.5225,-0.1576,0,0,0,0.6212,0.6872,1.0308,1.0308,1.1013,0,0,0,-2.6606,-2.6538,3.1845,3.1845,3.1897,0,0,0,4.2706,4.2196,5.0635,5.0635,5.0102,0,0,0,-6.8850,-7.1947,-8.6336,-8.6336,-8.9401,0,0,0
15.107392,1788532556.651743,79.5274,80.4415,80.4415,31.8613,28.9759,1,1,0,0.3940,0.2441,-0.5371,-0.5371,-0.1892,0,0,0,0.6212,0.6844,1.0266,1.0266,1.0963,0,0,0,-2.6606,-2.6540,3.1848,3.1848,3.1877,0,0,0,4.2706,4.2217,5.0660,5.0660,5.0135,0,0,0,-6.8850,-7.1816,-8.6179,-8.6179,-8.9206,0,0,0
15.115400,1788532556.659810,79.5274,80.3974,80.3974,32.0613,29.1796,1,1,0,0.3940,0.2514,-0.5531,-0.5531,-0.2195,0,0,0,0.6212,0.6814,1.0220,1.0220,1.0913,0,0,0,-2.6606,-2.6544,3.1852,3.1852,3.1861,0,0,0,4.2706,4.2241,5.0689,5.0689,5.0168,0,0,0,-6.8850,-7.1673,-8.6007,-8.6007,-8.9007,0,0,0
15.123569,1788532556.667979,79.5274,80.3548,80.3548,32.2613,29.3830,1,1,0,0.3940,0.2584,-0.5685,-0.5685,-0.2486,0,0,0,0.6212,0.6784,1.0176,1.0176,1.0863,0,0,0,-2.6606,-2.6547,3.1856,3.1856,3.1848,0,0,0,4.2706,4.2263,5.0716,5.0716,5.0203,0,0,0,-6.8850,-7.1534,-8.5841,-8.5841,-8.8804,0,0,0
15.131585,1788532556.674984,79.3283,80.3115,80.3115,32.4613,29.5352,1,1,0,0.3870,0.2638,-0.5805,-0.5805,-0.2695,0,0,0,0.5945,0.6749,1.0123,1.0123,1.0825,0,0,0,-2.5669,-2.6510,3.1812,3.1812,3.1841,0,0,0,4.2141,4.2258,5.0710,5.0710,5.0229,0,0,0,-6.9470,-7.1447,-8.5737,-8.5737,-8.8650,0,0,0
15.138589,1788532556.684001,79.3055,80.2574,80.2574,32.6613,29.7379,1,1,0,0.3976,0.2710,-0.5963,-0.5963,-0.2964,0,0,0,0.5680,0.6691,1.0037,1.0037,1.0776,0,0,0,-2.5850,-2.6474,3.1769,3.1769,3.1832,0,0,0,4.2141,4.2252,5.0702,5.0702,5.0264,0,0,0,-6.9398,-7.1337,-8.5605,-8.5605,-8.8444,0,0,0
15.146593,1788532556.692017,79.3055,80.2116,80.2116,32.8613,29.9402,1,1,0,0.3976,0.2771,-0.6097,-0.6097,-0.3221,0,0,0,0.5680,0.6643,0.9964,0.9964,1.0727,0,0,0,-2.5850,-2.6444,3.1733,3.1733,3.1826,0,0,0,4.2141,4.2247,5.0696,5.0696,5.0300,0,0,0,-6.9398,-7.1244,-8.5493,-8.5493,-8.8238,0,0,0
15.155255,1788532556.698160,79.2575,80.1760,80.1760,33.0613,30.1423,1,1,0,0.4426,0.2833,-0.6233,-0.6233,-0.3468,0,0,0,0.5590,0.6604,0.9906,0.9906,1.0678,0,0,0,-2.5471,-2.6408,3.1690,3.1690,3.1821,0,0,0,4.1588,4.2222,5.0667,5.0667,5.0335,0,0,0,-6.9796,-7.1190,-8.5428,-8.5428,-8.8033,0,0,0
15.163258,1788532556.707682,79.2575,80.1240,80.1240,33.2613,30.3441,1,1,0,0.4426,0.2923,-0.6431,-0.6431,-0.3704,0,0,0,0.5590,0.6546,0.9820,0.9820,1.0629,0,0,0,-2.5471,-2.6355,3.1626,3.1626,3.1817,0,0,0,4.1588,4.2186,5.0624,5.0624,5.0368,0,0,0,-6.9796,-7.1111,-8.5333,-8.5333,-8.7831,0,0,0
15.170716,1788532556.715179,79.2575,80.0848,80.0848,33.4613,30.5456,1,1,0,0.4426,0.2991,-0.6581,-0.6581,-0.3930,0,0,0,0.5590,0.6503,0.9755,0.9755,1.0578,0,0,0,-2.5471,-2.6315,3.1578,3.1578,3.1812,0,0,0,4.1588,4.2159,5.0591,5.0591,5.0400,0,0,0,-6.9796,-7.1052,-8.5262,-8.5262,-8.7632,0,0,0
15.178723,1788532556.724147,79.2305,80.0390,80.0390,33.6613,30.7469,1,1,0,0.4477,0.3071,-0.6756,-0.6756,-0.4147,0,0,0,0.6388,0.6497,0.9746,0.9746,1.0527,0,0,0,-2.5131,-2.6252,3.1502,3.1502,3.1805,0,0,0,4.1473,4.2123,5.0547,5.0547,5.0430,0,0,0,-7.1571,-7.1080,-8.5296,-8.5296,-8.7438,0,0,0
15.187230,1788532556.731638,79.2305,80.0025,80.0025,33.8613,30.9480,1,1,0,0.4477,0.3134,-0.6895,-0.6895,-0.4356,0,0,0,0.6388,0.6492,0.9738,0.9738,1.0475,0,0,0,-2.5131,-2.6202,3.1442,3.1442,3.1797,0,0,0,4.1473,4.2094,5.0512,5.0512,5.0456,0,0,0,-7.1571,-7.1102,-8.5322,-8.5322,-8.7250,0,0,0
15.195185,1788532556.739097,79.2328,79.9678,79.9678,34.0613,31.1490,1,1,0,0.4664,0.3203,-0.7047,-0.7047,-0.4558,0,0,0,0.7197,0.6524,0.9786,0.9786,1.0422,0,0,0,-2.3984,-2.6102,3.1323,3.1323,3.1787,0,0,0,4.0418,4.2019,5.0422,5.0422,5.0479,0,0,0,-7.5767,-7.1311,-8.5573,-8.5573,-8.7069,0,0,0
15.203226,1788532556.747606,79.2340,79.9304,79.9304,34.2613,31.3498,1,1,0,0.4178,0.3253,-0.7156,-0.7156,-0.4754,0,0,0,0.6744,0.6535,0.9803,0.9803,1.0369,0,0,0,-2.3984,-2.5995,3.1194,3.1194,3.1775,0,0,0,4.0539,4.1943,5.0332,5.0332,5.0499,0,0,0,-7.5604,-7.1529,-8.5835,-8.5835,-8.6896,0,0,0
15.210758,1788532556.757163,79.2276,79.8903,79.8903,34.4613,31.5505,1,1,0,0.3974,0.3294,-0.7246,-0.7246,-0.4945,0,0,0,0.6739,0.6547,0.9820,0.9820,1.0316,0,0,0,-2.4096,-2.5887,3.1064,3.1064,3.1759,0,0,0,4.1033,4.1892,5.0270,5.0270,5.0514,0,0,0,-7.5161,-7.1735,-8.6082,-8.6082,-8.6734,0,0,0
15.218764,1788532556.764178,79.2340,79.8625,79.8625,34.6613,31.7009,1,1,0,0.3617,0.3307,-0.7276,-0.7276,-0.5085,0,0,0,0.6622,0.6550,0.9825,0.9825,1.0278,0,0,0,-2.4734,-2.5838,3.1006,3.1006,3.1744,0,0,0,4.1863,4.1891,5.0269,5.0269,5.0522,0,0,0,-7.3722,-7.1819,-8.6183,-8.6183,-8.6622,0,0,0
15.227273,1788532556.772187,79.2340,79.8322,79.8322,34.8613,31.9014,1,1,0,0.3617,0.3322,-0.7309,-0.7309,-0.5266,0,0,0,0.6622,0.6553,0.9830,0.9830,1.0230,0,0,0,-2.4734,-2.5785,3.0942,3.0942,3.1720,0,0,0,4.1863,4.1889,5.0267,5.0267,5.0528,0,0,0,-7.3722,-7.1910,-8.6292,-8.6292,-8.6489,0,0,0
15.235467,1788532556.778704,79.2340,79.8085,79.8085,35.0613,32.1018,1,1,0,0.3617,0.3334,-0.7334,-0.7334,-0.5442,0,0,0,0.6622,0.6556,0.9834,0.9834,1.0185,0,0,0,-2.4734,-2.5744,3.0893,3.0893,3.1691,0,0,0,4.1863,4.1888,5.0266,5.0266,5.0529,0,0,0,-7.3722,-7.1981,-8.6378,-8.6378,-8.6377,0,0,0
15.243462,1788532556.787870,79.2488,79.7778,79.7778,35.2613,32.3021,1,1,0,0.3129,0.3323,-0.7310,-0.7310,-0.5612,0,0,0,0.6456,0.6551,0.9826,0.9826,1.0144,0,0,0,-2.5348,-2.5722,3.0867,3.0867,3.1656,0,0,0,4.2958,4.1947,5.0336,5.0336,5.0525,0,0,0,-7.1688,-7.1965,-8.6358,-8.6358,-8.6286,0,0,0
15.250360,1788532556.796393,79.2488,79.7508,79.7508,35.4613,32.5024,1,1,0,0.3129,0.3313,-0.7288,-0.7288,-0.5773,0,0,0,0.6456,0.6546,0.9819,0.9819,1.0106,0,0,0,-2.5348,-2.5703,3.0844,3.0844,3.1617,0,0,0,4.2958,4.1998,5.0398,5.0398,5.0517,0,0,0,-7.1688,-7.1951,-8.6341,-8.6341,-8.6214,0,0,0
15.259296,1788532556.804530,79.2803,79.7277,79.7277,35.6613,32.7026,1,1,0,0.2858,0.3291,-0.7239,-0.7239,-0.5927,0,0,0,0.6222,0.6530,0.9795,0.9795,1.0072,0,0,0,-2.5261,-2.5682,3.0818,3.0818,3.1574,0,0,0,4.2749,4.2034,5.0441,5.0441,5.0507,0,0,0,-7.1144,-7.1912,-8.6294,-8.6294,-8.6160,0,0,0
15.267445,1788532556.811234,79.2803,79.7095,79.7095,35.8613,32.9027,1,1,0,0.2858,0.3273,-0.7201,-0.7201,-0.6071,0,0,0,0.6222,0.6518,0.9776,0.9776,1.0040,0,0,0,-2.5261,-2.5665,3.0798,3.0798,3.1528,0,0,0,4.2749,4.2063,5.0476,5.0476,5.0496,0,0,0,-7.1144,-7.1881,-8.6257,-8.6257,-8.6121,0,0,0
15.275450,1788532556.819862,79.2790,79.6872,79.6872,36.0613,33.0528,1,1,0,0.2661,0.3242,-0.7131,-0.7131,-0.6173,0,0,0,0.5775,0.6479,0.9719,0.9719,1.0019,0,0,0,-2.5196,-2.5641,3.0769,3.0769,3.1493,0,0,0,4.2641,4.2093,5.0512,5.0512,5.0487,0,0,0,-7.0929,-7.1832,-8.6198,-8.6198,-8.6100,0,0,0
15.283607,1788532556.827875,79.2790,79.6675,79.6675,36.2613,33.2529,1,1,0,0.2607,0.3211,-0.7064,-0.7064,-0.6298,0,0,0,0.5392,0.6427,0.9641,0.9641,0.9993,0,0,0,-2.5328,-2.5626,3.0751,3.0751,3.1444,0,0,0,4.2485,4.2112,5.0534,5.0534,5.0477,0,0,0,-7.0764,-7.1781,-8.6137,-8.6137,-8.6082,0,0,0
15.291545,1788532556.836961,79.2790,79.6464,79.6464,36.4613,33.4530,1,1,0,0.2607,0.3178,-0.6992,-0.6992,-0.6413,0,0,0,0.5392,0.6371,0.9557,0.9557,0.9969,0,0,0,-2.5328,-2.5609,3.0731,3.0731,3.1395,0,0,0,4.2485,4.2132,5.0558,5.0558,5.0469,0,0,0,-7.0764,-7.1726,-8.6071,-8.6071,-8.6070,0,0,0
15.299065,1788532556.843474,79.2790,79.6319,79.6319,36.6613,33.6530,1,1,0,0.2607,0.3156,-0.6943,-0.6943,-0.6515,0,0,0,0.5392,0.6333,0.9499,0.9499,0.9946,0,0,0,-2.5328,-2.5598,3.0718,3.0718,3.1346,0,0,0,4.2485,4.2146,5.0575,5.0575,5.0463,0,0,0,-7.0764,-7.1688,-8.6026,-8.6026,-8.6064,0,0,0
15.307587,1788532556.851490,79.2790,79.6149,79.6149,36.8613,33.8530,1,1,0,0.2607,0.3130,-0.6885,-0.6885,-0.6606,0,0,0,0.5392,0.6288,0.9431,0.9431,0.9924,0,0,0,-2.5328,-2.5585,3.0702,3.0702,3.1298,0,0,0,4.2485,4.2162,5.0595,5.0595,5.0460,0,0,0,-7.0764,-7.1644,-8.5972,-8.5972,-8.6061,0,0,0
15.315590,1788532556.860005,79.3124,79.5994,79.5994,37.0613,34.0530,1,1,0,0.2345,0.3090,-0.6797,-0.6797,-0.6684,0,0,0,0.5385,0.6242,0.9363,0.9363,0.9900,0,0,0,-2.4777,-2.5544,3.0653,3.0653,3.1250,0,0,0,4.1239,4.2115,5.0538,5.0538,5.0458,0,0,0,-7.2600,-7.1692,-8.6031,-8.6031,-8.6060,0,0,0
15.323590,1788532556.868016,79.3124,79.5856,79.5856,37.2613,34.2530,1,1,0,0.2345,0.3054,-0.6719,-0.6719,-0.6750,0,0,0,0.5385,0.6201,0.9301,0.9301,0.9876,0,0,0,-2.4777,-2.5507,3.0609,3.0609,3.1204,0,0,0,4.1239,4.2073,5.0488,5.0488,5.0459,0,0,0,-7.2600,-7.1736,-8.6083,-8.6083,-8.6059,0,0,0
15.331269,1788532556.875006,79.3310,79.5748,79.5748,37.4613,34.4530,1,1,0,0.1927,0.3006,-0.6614,-0.6614,-0.6804,0,0,0,0.5272,0.6162,0.9242,0.9242,0.9850,0,0,0,-2.4660,-2.5472,3.0566,3.0566,3.1159,0,0,0,4.0825,4.2021,5.0425,5.0425,5.0462,0,0,0,-7.3937,-7.1828,-8.6194,-8.6194,-8.6057,0,0,0
15.339275,1788532556.883688,79.3310,79.5621,79.5621,37.6613,34.6530,1,1,0,0.1927,0.2951,-0.6491,-0.6491,-0.6847,0,0,0,0.5272,0.6115,0.9173,0.9173,0.9821,0,0,0,-2.4660,-2.5430,3.0516,3.0516,3.1115,0,0,0,4.0825,4.1959,5.0351,5.0351,5.0466,0,0,0,-7.3937,-7.1937,-8.6325,-8.6325,-8.6054,0,0,0
15.347782,1788532556.891688,79.3379,79.5513,79.5513,37.8613,34.8529,1,1,0,0.1392,0.2876,-0.6327,-0.6327,-0.6879,0,0,0,0.5136,0.6069,0.9103,0.9103,0.9790,0,0,0,-2.5596,-2.5438,3.0525,3.0525,3.1073,0,0,0,4.2918,4.2005,5.0406,5.0406,5.0470,0,0,0,-7.0242,-7.1856,-8.6228,-8.6228,-8.6052,0,0,0
15.355705,1788532556.899718,79.3379,79.5410,79.5410,38.0613,35.0029,1,1,0,0.1392,0.2805,-0.6170,-0.6170,-0.6896,0,0,0,0.5136,0.6024,0.9036,0.9036,0.9766,0,0,0,-2.5596,-2.5445,3.0534,3.0534,3.1042,0,0,0,4.2918,4.2049,5.0458,5.0458,5.0473,0,0,0,-7.0242,-7.1779,-8.6134,-8.6134,-8.6052,0,0,0
15.363391,1788532556.907120,79.3553,79.5327,79.5327,38.2613,35.2029,1,1,0,0.0888,0.2719,-0.5982,-0.5982,-0.6910,0,0,0,0.5070,0.5981,0.8972,0.8972,0.9731,0,0,0,-2.5594,-2.5452,3.0542,3.0542,3.1001,0,0,0,4.3001,4.2091,5.0509,5.0509,5.0474,0,0,0,-6.9217,-7.1665,-8.5998,-8.5998,-8.6054,0,0,0
15.371104,1788532556.915515,79.3602,79.5240,79.5240,38.4613,35.4029,1,1,0,0.0444,0.2605,-0.5732,-0.5732,-0.6912,0,0,0,0.5096,0.5937,0.8905,0.8905,0.9694,0,0,0,-2.5594,-2.5459,3.0551,3.0551,3.0960,0,0,0,4.3001,4.2137,5.0564,5.0564,5.0473,0,0,0,-6.9237,-7.1543,-8.5852,-8.5852,-8.6060,0,0,0
15.379626,1788532556.924035,79.3602,79.5156,79.5156,38.6613,35.6028,1,1,0,0.0444,0.2495,-0.5490,-0.5490,-0.6903,0,0,0,0.5096,0.5894,0.8841,0.8841,0.9654,0,0,0,-2.5594,-2.5466,3.0559,3.0559,3.0921,0,0,0,4.3001,4.2181,5.0617,5.0617,5.0472,0,0,0,-6.9237,-7.1426,-8.5711,-8.5711,-8.6068,0,0,0
15.387131,1788532556.932543,79.3765,79.5085,79.5085,38.8613,35.8028,1,1,0,-0.0161,0.2361,-0.5193,-0.5193,-0.6883,0,0,0,0.5249,0.5861,0.8792,0.8792,0.9612,0,0,0,-2.5458,-2.5466,3.0559,3.0559,3.0884,0,0,0,4.2982,4.2221,5.0665,5.0665,5.0471,0,0,0,-6.9425,-7.1324,-8.5589,-8.5589,-8.6074,0,0,0
15.395645,1788532556.940553,79.3765,79.5022,79.5022,39.0613,36.0028,1,1,0,-0.0374,0.2230,-0.4905,-0.4905,-0.6850,0,0,0,0.5321,0.5835,0.8753,0.8753,0.9568,0,0,0,-2.5458,-2.5465,3.0558,3.0558,3.0849,0,0,0,4.3040,4.2260,5.0713,5.0713,5.0471,0,0,0,-6.9666,-7.1245,-8.5494,-8.5494,-8.6077,0,0,0
15.403652,1788532556.948061,79.3748,79.4964,79.4964,39.2613,36.2027,1,1,0,-0.0503,0.2106,-0.4634,-0.4634,-0.6804,0,0,0,0.5628,0.5826,0.8739,0.8739,0.9521,0,0,0,-2.5343,-2.5460,3.0552,3.0552,3.0816,0,0,0,4.2794,4.2285,5.0741,5.0741,5.0472,0,0,0,-6.9692,-7.1175,-8.5410,-8.5410,-8.6075,0,0,0
15.411166,1788532556.957064,79.3748,79.4899,79.4899,39.4613,36.4027,1,1,0,-0.0503,0.1967,-0.4327,-0.4327,-0.6743,0,0,0,0.5628,0.5815,0.8723,0.8723,0.9473,0,0,0,-2.5343,-2.5453,3.0544,3.0544,3.0786,0,0,0,4.2794,4.2312,5.0774,5.0774,5.0477,0,0,0,-6.9692,-7.1095,-8.5314,-8.5314,-8.6066,0,0,0
15.419783,1788532556.964583,79.3748,79.4847,79.4847,39.6613,36.6027,1,1,0,-0.0503,0.1855,-0.4081,-0.4081,-0.6668,0,0,0,0.5628,0.5807,0.8711,0.8711,0.9423,0,0,0,-2.5343,-2.5448,3.0538,3.0538,3.0759,0,0,0,4.2794,4.2334,5.0800,5.0800,5.0483,0,0,0,-6.9692,-7.1032,-8.5238,-8.5238,-8.6051,0,0,0
15.428014,1788532556.972203,79.3360,79.4778,79.4778,39.8613,36.8026,1,1,0,-0.0417,0.1751,-0.3853,-0.3853,-0.6577,0,0,0,0.5703,0.5802,0.8703,0.8703,0.9373,0,0,0,-2.5295,-2.5441,3.0530,3.0530,3.0734,0,0,0,4.4007,4.2410,5.0892,5.0892,5.0493,0,0,0,-6.9912,-7.0981,-8.5177,-8.5177,-8.6029,0,0,0
15.435234,1788532556.979646,79.3360,79.4715,79.4715,40.0613,36.9526,1,1,0,-0.0417,0.1654,-0.3639,-0.3639,-0.6499,0,0,0,0.5703,0.5798,0.8697,0.8697,0.9335,0,0,0,-2.5295,-2.5435,3.0522,3.0522,3.0716,0,0,0,4.4007,4.2481,5.0978,5.0978,5.0501,0,0,0,-6.9912,-7.0933,-8.5119,-8.5119,-8.6008,0,0,0
15.443245,1788532556.988659,79.3150,79.4631,79.4631,40.2613,37.1526,1,1,0,-0.0526,0.1537,-0.3382,-0.3382,-0.6382,0,0,0,0.5412,0.5777,0.8666,0.8666,0.9284,0,0,0,-2.4757,-2.5399,3.0478,3.0478,3.0695,0,0,0,4.2787,4.2498,5.0997,5.0997,5.0515,0,0,0,-7.0443,-7.0907,-8.5088,-8.5088,-8.5975,0,0,0
15.451912,1788532556.995307,79.3150,79.4571,79.4571,40.4613,37.3531,1,1,0,-0.0526,0.1455,-0.3200,-0.3200,-0.6249,0,0,0,0.5412,0.5762,0.8644,0.8644,0.9235,0,0,0,-2.4757,-2.5373,3.0447,3.0447,3.0676,0,0,0,4.2787,4.2509,5.1011,5.1011,5.0531,0,0,0,-7.0443,-7.0888,-8.5066,-8.5066,-8.5936,0,0,0
15.459674,1788532557.004317,79.3150,79.4495,79.4495,40.6613,37.5564,1,1,0,-0.0526,0.1348,-0.2966,-0.2966,-0.6101,0,0,0,0.5412,0.5744,0.8616,0.8616,0.9187,0,0,0,-2.4757,-2.5340,3.0408,3.0408,3.0658,0,0,0,4.2787,4.2524,5.1029,5.1029,5.0550,0,0,0,-7.0443,-7.0864,-8.5037,-8.5037,-8.5892,0,0,0
15.467847,1788532557.012078,79.3150,79.4432,79.4432,40.8613,37.7623,1,1,0,-0.0526,0.1261,-0.2774,-0.2774,-0.5938,0,0,0,0.5412,0.5728,0.8592,0.8592,0.9140,0,0,0,-2.4757,-2.5313,3.0375,3.0375,3.0641,0,0,0,4.2787,4.2537,5.1044,5.1044,5.0574,0,0,0,-7.0443,-7.0844,-8.5013,-8.5013,-8.5843,0,0,0
15.475368,1788532557.020777,79.3145,79.4365,79.4365,41.0613,37.9703,1,1,0,-0.1211,0.1133,-0.2492,-0.2492,-0.5762,0,0,0,0.5537,0.5718,0.8578,0.8578,0.9095,0,0,0,-2.3950,-2.5242,3.0290,3.0290,3.0624,0,0,0,4.1225,4.2469,5.0962,5.0962,5.0599,0,0,0,-7.2693,-7.0940,-8.5128,-8.5128,-8.5792,0,0,0
15.483038,1788532557.027782,79.3145,79.4313,79.4313,41.2613,38.1798,1,1,0,-0.1211,0.1034,-0.2274,-0.2274,-0.5577,0,0,0,0.5537,0.5711,0.8566,0.8566,0.9052,0,0,0,-2.3950,-2.5187,3.0225,3.0225,3.0608,0,0,0,4.1225,4.2416,5.0899,5.0899,5.0627,0,0,0,-7.2693,-7.1014,-8.5217,-8.5217,-8.5738,0,0,0
15.491563,1788532557.035975,79.3176,79.4257,79.4257,41.4613,38.3901,1,1,0,-0.1302,0.0919,-0.2022,-0.2022,-0.5383,0,0,0,0.5724,0.5711,0.8567,0.8567,0.9010,0,0,0,-2.3076,-2.5084,3.0101,3.0101,3.0590,0,0,0,4.0006,4.2298,5.0758,5.0758,5.0656,0,0,0,-7.6720,-7.1294,-8.5552,-8.5552,-8.5684,0,0,0
15.499070,1788532557.044482,79.3143,79.4201,79.4201,41.6613,38.6011,1,1,0,-0.1568,0.0793,-0.1744,-0.1744,-0.5181,0,0,0,0.5724,0.5712,0.8568,0.8568,0.8969,0,0,0,-2.3076,-2.4982,2.9978,2.9978,3.0572,0,0,0,4.0006,4.2182,5.0618,5.0618,5.0683,0,0,0,-7.6720,-7.1569,-8.5883,-8.5883,-8.5632,0,0,0
15.508088,1788532557.051994,79.3143,79.4153,79.4153,41.8613,38.8123,1,1,0,-0.1568,0.0686,-0.1510,-0.1510,-0.4972,0,0,0,0.5724,0.5713,0.8569,0.8569,0.8931,0,0,0,-2.3076,-2.4896,2.9875,2.9875,3.0551,0,0,0,4.0006,4.2084,5.0500,5.0500,5.0709,0,0,0,-7.6720,-7.1801,-8.6162,-8.6162,-8.5585,0,0,0
15.515674,1788532557.059506,79.2944,79.4098,79.4098,42.0613,39.0235,1,1,0,-0.1677,0.0580,-0.1275,-0.1275,-0.4758,0,0,0,0.5596,0.5707,0.8561,0.8561,0.8894,0,0,0,-2.3424,-2.4830,2.9796,2.9796,3.0527,0,0,0,4.0744,4.2023,5.0428,5.0428,5.0729,0,0,0,-7.5464,-7.1967,-8.6360,-8.6360,-8.5547,0,0,0
15.523690,1788532557.068101,79.2944,79.4039,79.4039,42.2613,39.2345,1,1,0,-0.1677,0.0464,-0.1020,-0.1020,-0.4538,0,0,0,0.5596,0.5702,0.8552,0.8552,0.8860,0,0,0,-2.3424,-2.4758,2.9709,2.9709,3.0499,0,0,0,4.0744,4.1958,5.0349,5.0349,5.0744,0,0,0,-7.5464,-7.2146,-8.6575,-8.6575,-8.5523,0,0,0
15.531404,1788532557.076818,79.2944,79.3982,79.3982,42.4613,39.3925,1,1,0,-0.1677,0.0352,-0.0775,-0.0775,-0.4370,0,0,0,0.5596,0.5696,0.8544,0.8544,0.8836,0,0,0,-2.3424,-2.4688,2.9626,2.9626,3.0474,0,0,0,4.0744,4.1895,5.0274,5.0274,5.0750,0,0,0,-7.5464,-7.2318,-8.6782,-8.6782,-8.5516,0,0,0
15.539405,1788532557.084819,79.2944,79.3932,79.3932,42.6613,39.6028,1,1,0,-0.1677,0.0255,-0.0561,-0.0561,-0.4142,0,0,0,0.5596,0.5691,0.8537,0.8537,0.8806,0,0,0,-2.3424,-2.4628,2.9553,2.9553,3.0438,0,0,0,4.0744,4.1840,5.0208,5.0208,5.0752,0,0,0,-7.5464,-7.2469,-8.6963,-8.6963,-8.5520,0,0,0
15.547635,1788532557.091819,79.2383,79.3866,79.3866,42.8613,39.8126,1,1,0,-0.1864,0.0166,-0.0364,-0.0364,-0.3911,0,0,0,0.5505,0.5683,0.8525,0.8525,0.8778,0,0,0,-2.3677,-2.4587,2.9505,2.9505,3.0398,0,0,0,4.1742,4.1835,5.0203,5.0203,5.0746,0,0,0,-7.3577,-7.2516,-8.7019,-8.7019,-8.5541,0,0,0
15.555662,1788532557.100055,79.2383,79.3793,79.3793,43.0613,40.0219,1,1,0,-0.1864,0.0065,-0.0144,-0.0144,-0.3677,0,0,0,0.5505,0.5675,0.8512,0.8512,0.8752,0,0,0,-2.3677,-2.4543,2.9451,2.9451,3.0353,0,0,0,4.1742,4.1831,5.0197,5.0197,5.0734,0,0,0,-7.3577,-7.2568,-8.7082,-8.7082,-8.5578,0,0,0
15.564194,1788532557.107608,79.2383,79.3729,79.3729,43.2613,40.2305,1,1,0,-0.1864,-0.0022,0.0049,0.0049,-0.3440,0,0,0,0.5505,0.5667,0.8500,0.8500,0.8728,0,0,0,-2.3677,-2.4503,2.9404,2.9404,3.0304,0,0,0,4.1742,4.1827,5.0192,5.0192,5.0716,0,0,0,-7.3577,-7.2614,-8.7137,-8.7137,-8.5631,0,0,0
15.571836,1788532557.115768,79.2383,79.3663,79.3663,43.4613,40.4385,1,1,0,-0.1864,-0.0112,0.0247,0.0247,-0.3203,0,0,0,0.5505,0.5659,0.8489,0.8489,0.8706,0,0,0,-2.3677,-2.4463,2.9356,2.9356,3.0252,0,0,0,4.1742,4.1823,5.0187,5.0187,5.0693,0,0,0,-7.3577,-7.2661,-8.7193,-8.7193,-8.5695,0,0,0
15.579356,1788532557.124751,79.2151,79.3582,79.3582,43.6613,40.6458,1,1,0,-0.2188,-0.0223,0.0491,0.0491,-0.2965,0,0,0,0.5859,0.5670,0.8505,0.8505,0.8686,0,0,0,-2.3496,-2.4411,2.9294,2.9294,3.0198,0,0,0,4.2290,4.1848,5.0217,5.0217,5.0666,0,0,0,-7.3899,-7.2727,-8.7273,-8.7273,-8.5770,0,0,0
15.587884,1788532557.132282,79.2055,79.3513,79.3513,43.8613,40.8009,1,1,0,-0.2098,-0.0308,0.0678,0.0678,-0.2787,0,0,0,0.5859,0.5678,0.8517,0.8517,0.8671,0,0,0,-2.3496,-2.4370,2.9244,2.9244,3.0156,0,0,0,4.2166,4.1862,5.0234,5.0234,5.0644,0,0,0,-7.3899,-7.2780,-8.7336,-8.7336,-8.5831,0,0,0
15.595397,1788532557.141291,79.2017,79.3433,79.3433,44.0613,41.0072,1,1,0,-0.2039,-0.0401,0.0882,0.0882,-0.2550,0,0,0,0.5859,0.5688,0.8532,0.8532,0.8652,0,0,0,-2.3629,-2.4330,2.9196,2.9196,3.0099,0,0,0,4.2166,4.1878,5.0254,5.0254,5.0614,0,0,0,-7.3616,-7.2825,-8.7390,-8.7390,-8.5917,0,0,0
15.603401,1788532557.147816,79.2017,79.3377,79.3377,44.2613,41.2129,1,1,0,-0.2039,-0.0466,0.1025,0.1025,-0.2314,0,0,0,0.5859,0.5695,0.8542,0.8542,0.8635,0,0,0,-2.3629,-2.4303,2.9163,2.9163,3.0041,0,0,0,4.2166,4.1890,5.0268,5.0268,5.0583,0,0,0,-7.3616,-7.2856,-8.7427,-8.7427,-8.6007,0,0,0
15.611709,1788532557.156123,79.2017,79.3309,79.3309,44.4613,41.4180,1,1,0,-0.2039,-0.0544,0.1197,0.1197,-0.2079,0,0,0,0.5859,0.5703,0.8554,0.8554,0.8620,0,0,0,-2.3629,-2.4269,2.9123,2.9123,2.9983,0,0,0,4.2166,4.1903,5.0284,5.0284,5.0553,0,0,0,-7.3616,-7.2894,-8.7473,-8.7473,-8.6100,0,0,0
15.619745,1788532557.164123,79.2017,79.3247,79.3247,44.6613,41.6227,1,1,0,-0.2039,-0.0616,0.1354,0.1354,-0.1846,0,0,0,0.5859,0.5710,0.8566,0.8566,0.8606,0,0,0,-2.3629,-2.4238,2.9086,2.9086,2.9923,0,0,0,4.2166,4.1916,5.0299,5.0299,5.0524,0,0,0,-7.3616,-7.2929,-8.7514,-8.7514,-8.6194,0,0,0
15.627490,1788532557.172791,79.1549,79.3159,79.3159,44.8613,41.8268,1,1,0,-0.1768,-0.0675,0.1486,0.1486,-0.1614,0,0,0,0.6007,0.5726,0.8589,0.8589,0.8594,0,0,0,-2.3723,-2.4212,2.9054,2.9054,2.9864,0,0,0,4.2754,4.1959,5.0351,5.0351,5.0496,0,0,0,-7.3241,-7.2945,-8.7534,-8.7534,-8.6290,0,0,0
15.635494,1788532557.180917,79.1549,79.3081,79.3081,45.0613,42.0305,1,1,0,-0.1768,-0.0729,0.1603,0.1603,-0.1386,0,0,0,0.6007,0.5739,0.8609,0.8609,0.8584,0,0,0,-2.3723,-2.4188,2.9026,2.9026,2.9805,0,0,0,4.2754,4.1998,5.0397,5.0397,5.0471,0,0,0,-7.3241,-7.2959,-8.7551,-8.7551,-8.6384,0,0,0
15.643494,1788532557.188908,79.1549,79.3007,79.3007,45.2613,42.2337,1,1,0,-0.1768,-0.0778,0.1712,0.1712,-0.1162,0,0,0,0.6007,0.5752,0.8628,0.8628,0.8575,0,0,0,-2.3723,-2.4166,2.8999,2.8999,2.9747,0,0,0,4.2754,4.2034,5.0441,5.0441,5.0448,0,0,0,-7.3241,-7.2973,-8.7567,-8.7567,-8.6478,0,0,0
15.651538,1788532557.196443,79.1549,79.2941,79.2941,45.4613,42.4366,1,1,0,-0.1768,-0.0823,0.1811,0.1811,-0.0941,0,0,0,0.6007,0.5764,0.8645,0.8645,0.8569,0,0,0,-2.3723,-2.4146,2.8975,2.8975,2.9690,0,0,0,4.2754,4.2067,5.0480,5.0480,5.0428,0,0,0,-7.3241,-7.2985,-8.7582,-8.7582,-8.6569,0,0,0
15.659602,1788532557.206024,79.1099,79.2836,79.2836,45.6613,42.6391,1,1,0,-0.1694,-0.0873,0.1920,0.1920,-0.0725,0,0,0,0.6206,0.5789,0.8683,0.8683,0.8564,0,0,0,-2.3926,-2.4133,2.8960,2.8960,2.9634,0,0,0,4.3802,4.2165,5.0598,5.0598,5.0412,0,0,0,-7.2173,-7.2939,-8.7526,-8.7526,-8.6657,0,0,0
15.667638,1788532557.213534,79.1099,79.2758,79.2758,45.8613,42.7908,1,1,0,-0.1694,-0.0910,0.2002,0.2002,-0.0567,0,0,0,0.6206,0.5808,0.8711,0.8711,0.8562,0,0,0,-2.3926,-2.4124,2.8949,2.8949,2.9592,0,0,0,4.3802,4.2239,5.0687,5.0687,5.0402,0,0,0,-7.2173,-7.2904,-8.7485,-8.7485,-8.6721,0,0,0
15.675650,1788532557.220060,79.1099,79.2692,79.2692,46.0613,42.9927,1,1,0,-0.1694,-0.0941,0.2070,0.2070,-0.0362,0,0,0,0.6206,0.5823,0.8735,0.8735,0.8561,0,0,0,-2.3926,-2.4116,2.8939,2.8939,2.9539,0,0,0,4.3802,4.2300,5.0761,5.0761,5.0392,0,0,0,-7.2173,-7.2875,-8.7450,-8.7450,-8.6803,0,0,0
15.683187,1788532557.229063,79.0350,79.2567,79.2567,46.2613,43.1945,1,1,0,-0.2026,-0.0999,0.2198,0.2198,-0.0163,0,0,0,0.6338,0.5851,0.8776,0.8776,0.8562,0,0,0,-2.3871,-2.4103,2.8923,2.8923,2.9487,0,0,0,4.3906,4.2386,5.0864,5.0864,5.0386,0,0,0,-7.2078,-7.2833,-8.7399,-8.7399,-8.6880,0,0,0
15.692218,1788532557.236124,79.0334,79.2472,79.2472,46.4613,43.3959,1,1,0,-0.2140,-0.1048,0.2305,0.2305,0.0029,0,0,0,0.6319,0.5871,0.8806,0.8806,0.8564,0,0,0,-2.3497,-2.4077,2.8893,2.8893,2.9438,0,0,0,4.3497,4.2434,5.0920,5.0920,5.0386,0,0,0,-7.2817,-7.2832,-8.7398,-8.7398,-8.6951,0,0,0
15.699728,1788532557.245148,79.0242,79.2352,79.2352,46.6613,43.5972,1,1,0,-0.2237,-0.1111,0.2445,0.2445,0.0214,0,0,0,0.6301,0.5894,0.8841,0.8841,0.8569,0,0,0,-2.2711,-2.4004,2.8805,2.8805,2.9390,0,0,0,4.2185,4.2420,5.0904,5.0904,5.0391,0,0,0,-7.4774,-7.2936,-8.7523,-8.7523,-8.7016,0,0,0
15.707733,1788532557.252147,79.0242,79.2263,79.2263,46.8613,43.7983,1,1,0,-0.2237,-0.1159,0.2550,0.2550,0.0391,0,0,0,0.6301,0.5911,0.8866,0.8866,0.8576,0,0,0,-2.2711,-2.3949,2.8739,2.8739,2.9345,0,0,0,4.2185,4.2410,5.0892,5.0892,5.0402,0,0,0,-7.4774,-7.3014,-8.7616,-8.7616,-8.7074,0,0,0
15.716240,1788532557.260157,79.0242,79.2165,79.2165,47.0613,43.9992,1,1,0,-0.2237,-0.1211,0.2664,0.2664,0.0562,0,0,0,0.6301,0.5930,0.8894,0.8894,0.8585,0,0,0,-2.2711,-2.3890,2.8668,2.8668,2.9303,0,0,0,4.2185,4.2400,5.0880,5.0880,5.0419,0,0,0,-7.4774,-7.3098,-8.7718,-8.7718,-8.7125,0,0,0
15.724482,1788532557.268163,79.0242,79.2073,79.2073,47.2613,44.2000,1,1,0,-0.2237,-0.1260,0.2772,0.2772,0.0726,0,0,0,0.6301,0.5947,0.8921,0.8921,0.8596,0,0,0,-2.2711,-2.3833,2.8600,2.8600,2.9262,0,0,0,4.2185,4.2389,5.0867,5.0867,5.0440,0,0,0,-7.4774,-7.3178,-8.7814,-8.7814,-8.7171,0,0,0
15.732485,1788532557.276896,79.0242,79.1978,79.1978,47.4613,44.4006,1,1,0,-0.2237,-0.1311,0.2884,0.2884,0.0885,0,0,0,0.6301,0.5966,0.8949,0.8949,0.8609,0,0,0,-2.2711,-2.3775,2.8530,2.8530,2.9222,0,0,0,4.2185,4.2379,5.0854,5.0854,5.0465,0,0,0,-7.4774,-7.3262,-8.7914,-8.7914,-8.7213,0,0,0
15.740487,1788532557.284904,79.0242,79.1894,79.1894,47.6613,44.6012,1,1,0,-0.2237,-0.1355,0.2982,0.2982,0.1038,0,0,0,0.6301,0.5982,0.8973,0.8973,0.8624,0,0,0,-2.2711,-2.3724,2.8469,2.8469,2.9182,0,0,0,4.2185,4.2369,5.0843,5.0843,5.0492,0,0,0,-7.4774,-7.3334,-8.8001,-8.8001,-8.7253,0,0,0
15.748016,1788532557.292425,78.9260,79.1775,79.1775,47.8613,44.8016,1,1,0,-0.1929,-0.1381,0.3039,0.3039,0.1187,0,0,0,0.5085,0.5941,0.8912,0.8912,0.8640,0,0,0,-2.3506,-2.3714,2.8457,2.8457,2.9141,0,0,0,4.2750,4.2387,5.0864,5.0864,5.0520,0,0,0,-7.1929,-7.3271,-8.7925,-8.7925,-8.7293,0,0,0
15.756536,1788532557.301435,78.9260,79.1640,79.1640,48.0613,45.0020,1,1,0,-0.1929,-0.1411,0.3103,0.3103,0.1331,0,0,0,0.5085,0.5896,0.8843,0.8843,0.8658,0,0,0,-2.3506,-2.3703,2.8443,2.8443,2.9100,0,0,0,4.2750,4.2406,5.0887,5.0887,5.0548,0,0,0,-7.1929,-7.3199,-8.7838,-8.7838,-8.7334,0,0,0
15.764045,1788532557.307954,78.8655,79.1522,79.1522,48.2613,45.1522,1,1,0,-0.2026,-0.1435,0.3157,0.3157,0.1437,0,0,0,0.5109,0.5865,0.8797,0.8797,0.8672,0,0,0,-2.4903,-2.3750,2.8500,2.8500,2.9068,0,0,0,4.5717,4.2536,5.1044,5.1044,5.0568,0,0,0,-6.9277,-7.3044,-8.7653,-8.7653,-8.7365,0,0,0
15.772055,1788532557.316962,78.8655,79.1368,79.1368,48.4613,45.3524,1,1,0,-0.2026,-0.1467,0.3227,0.3227,0.1574,0,0,0,0.5109,0.5824,0.8736,0.8736,0.8692,0,0,0,-2.4903,-2.3812,2.8574,2.8574,2.9025,0,0,0,4.5717,4.2707,5.1248,5.1248,5.0594,0,0,0,-6.9277,-7.2842,-8.7411,-8.7411,-8.7408,0,0,0
15.780059,1788532557.324478,78.8366,79.1232,79.1232,48.6613,45.5531,1,1,0,-0.1943,-0.1488,0.3274,0.3274,0.1707,0,0,0,0.5095,0.5791,0.8687,0.8687,0.8711,0,0,0,-2.4512,-2.3844,2.8612,2.8612,2.8981,0,0,0,4.4516,4.2789,5.1346,5.1346,5.0620,0,0,0,-6.9805,-7.2705,-8.7247,-8.7247,-8.7451,0,0,0
15.788167,1788532557.333578,78.8366,79.1077,79.1077,48.8613,45.7566,1,1,0,-0.1943,-0.1513,0.3328,0.3328,0.1836,0,0,0,0.5095,0.5754,0.8630,0.8630,0.8728,0,0,0,-2.4512,-2.3880,2.8656,2.8656,2.8938,0,0,0,4.4516,4.2882,5.1458,5.1458,5.0647,0,0,0,-6.9805,-7.2549,-8.7058,-8.7058,-8.7488,0,0,0
15.796218,1788532557.340595,78.8366,79.0962,79.0962,49.0613,45.9627,1,1,0,-0.1943,-0.1531,0.3368,0.3368,0.1961,0,0,0,0.5095,0.5726,0.8589,0.8589,0.8741,0,0,0,-2.4512,-2.3906,2.8688,2.8688,2.8899,0,0,0,4.4516,4.2951,5.1541,5.1541,5.0679,0,0,0,-6.9805,-7.2433,-8.6919,-8.6919,-8.7515,0,0,0
15.804220,1788532557.349128,78.8366,79.0829,79.0829,49.2613,46.1707,1,1,0,-0.1943,-0.1552,0.3414,0.3414,0.2082,0,0,0,0.5095,0.5694,0.8540,0.8540,0.8750,0,0,0,-2.4512,-2.3937,2.8725,2.8725,2.8863,0,0,0,4.4516,4.3031,5.1637,5.1637,5.0715,0,0,0,-6.9805,-7.2299,-8.6759,-8.6759,-8.7532,0,0,0
15.812223,1788532557.356639,78.7804,79.0693,79.0693,49.4613,46.3802,1,1,0,-0.1639,-0.1556,0.3423,0.3423,0.2198,0,0,0,0.5753,0.5696,0.8544,0.8544,0.8755,0,0,0,-2.3638,-2.3924,2.8709,2.8709,2.8831,0,0,0,4.3344,4.3045,5.1654,5.1654,5.0756,0,0,0,-7.2878,-7.2325,-8.6790,-8.6790,-8.7538,0,0,0
15.819860,1788532557.364275,78.7593,79.0550,79.0550,49.6613,46.5907,1,1,0,-0.1540,-0.1555,0.3421,0.3421,0.2309,0,0,0,0.6016,0.5711,0.8566,0.8566,0.8757,0,0,0,-2.3905,-2.3923,2.8707,2.8707,2.8804,0,0,0,4.4475,4.3111,5.1733,5.1733,5.0802,0,0,0,-7.2624,-7.2339,-8.6806,-8.6806,-8.7531,0,0,0
15.828438,1788532557.372779,78.7593,79.0400,79.0400,49.8613,46.8016,1,1,0,-0.1540,-0.1554,0.3420,0.3420,0.2414,0,0,0,0.6016,0.5726,0.8590,0.8590,0.8754,0,0,0,-2.3905,-2.3922,2.8706,2.8706,2.8781,0,0,0,4.4475,4.3180,5.1816,5.1816,5.0852,0,0,0,-7.2624,-7.2353,-8.6824,-8.6824,-8.7513,0,0,0
15.836440,1788532557.381865,78.7593,79.0248,79.0248,50.0613,46.9600,1,1,0,-0.1540,-0.1554,0.3418,0.3418,0.2490,0,0,0,0.6016,0.5742,0.8613,0.8613,0.8750,0,0,0,-2.3905,-2.3921,2.8705,2.8705,2.8766,0,0,0,4.4475,4.3250,5.1900,5.1900,5.0892,0,0,0,-7.2624,-7.2368,-8.6841,-8.6841,-8.7493,0,0,0
15.844450,1788532557.389855,78.7593,79.0120,79.0120,50.2613,47.1712,1,1,0,-0.1540,-0.1553,0.3417,0.3417,0.2586,0,0,0,0.6016,0.5755,0.8633,0.8633,0.8743,0,0,0,-2.3905,-2.3920,2.8704,2.8704,2.8750,0,0,0,4.4475,4.3308,5.1970,5.1970,5.0948,0,0,0,-7.2624,-7.2380,-8.6856,-8.6856,-8.7461,0,0,0
15.852446,1788532557.396855,78.7593,79.0014,79.0014,50.4613,47.3823,1,1,0,-0.1540,-0.1552,0.3415,0.3415,0.2676,0,0,0,0.6016,0.5766,0.8649,0.8649,0.8734,0,0,0,-2.3905,-2.3920,2.8704,2.8704,2.8736,0,0,0,4.4475,4.3358,5.2029,5.2029,5.1006,0,0,0,-7.2624,-7.2390,-8.6868,-8.6868,-8.7425,0,0,0
15.860456,1788532557.405879,78.6408,78.9819,78.9819,50.6613,47.5930,1,1,0,-0.1585,-0.1554,0.3419,0.3419,0.2758,0,0,0,0.6106,0.5784,0.8677,0.8677,0.8725,0,0,0,-2.3225,-2.3882,2.8659,2.8659,2.8725,0,0,0,4.3416,4.3361,5.2033,5.2033,5.1066,0,0,0,-7.2177,-7.2379,-8.6855,-8.6855,-8.7387,0,0,0
15.868195,1788532557.412379,78.6408,78.9685,78.9685,50.8613,47.8033,1,1,0,-0.1585,-0.1555,0.3422,0.3422,0.2835,0,0,0,0.6106,0.5797,0.8696,0.8696,0.8717,0,0,0,-2.3225,-2.3857,2.8628,2.8628,2.8716,0,0,0,4.3416,4.3363,5.2036,5.2036,5.1129,0,0,0,-7.2177,-7.2371,-8.6845,-8.6845,-8.7348,0,0,0
15.876395,1788532557.421386,78.6064,78.9490,78.9490,51.0613,48.0131,1,1,0,-0.1562,-0.1556,0.3423,0.3423,0.2904,0,0,0,0.6217,0.5820,0.8729,0.8729,0.8709,0,0,0,-2.2678,-2.3793,2.8552,2.8552,2.8708,0,0,0,4.2782,4.3332,5.1998,5.1998,5.1194,0,0,0,-7.4301,-7.2474,-8.6969,-8.6969,-8.7309,0,0,0
15.884439,1788532557.428808,78.6064,78.9337,78.9337,51.2613,48.2223,1,1,0,-0.1562,-0.1556,0.3423,0.3423,0.2968,0,0,0,0.6217,0.5837,0.8756,0.8756,0.8702,0,0,0,-2.2678,-2.3744,2.8492,2.8492,2.8702,0,0,0,4.2782,4.3307,5.1969,5.1969,5.1259,0,0,0,-7.4301,-7.2556,-8.7067,-8.7067,-8.7270,0,0,0
15.892005,1788532557.437914,78.6064,78.9159,78.9159,51.4613,48.4309,1,1,0,-0.1562,-0.1556,0.3424,0.3424,0.3025,0,0,0,0.6217,0.5858,0.8787,0.8787,0.8696,0,0,0,-2.2678,-2.3686,2.8423,2.8423,2.8696,0,0,0,4.2782,4.3279,5.1935,5.1935,5.1323,0,0,0,-7.4301,-7.2650,-8.7180,-8.7180,-8.7233,0,0,0
15.900521,1788532557.445934,78.6064,78.9010,78.9010,51.6613,48.6388,1,1,0,-0.1562,-0.1557,0.3425,0.3425,0.3077,0,0,0,0.6217,0.5875,0.8813,0.8813,0.8692,0,0,0,-2.2678,-2.3638,2.8365,2.8365,2.8689,0,0,0,4.2782,4.3255,5.1906,5.1906,5.1385,0,0,0,-7.4301,-7.2729,-8.7275,-8.7275,-8.7198,0,0,0
15.908834,1788532557.453250,78.6064,78.8880,78.8880,51.8613,48.8462,1,1,0,-0.1562,-0.1557,0.3425,0.3425,0.3123,0,0,0,0.6217,0.5890,0.8835,0.8835,0.8690,0,0,0,-2.2678,-2.3595,2.8314,2.8314,2.8680,0,0,0,4.2782,4.3234,5.1881,5.1881,5.1444,0,0,0,-7.4301,-7.2799,-8.7358,-8.7358,-8.7169,0,0,0
15.916837,1788532557.461253,78.5294,78.8708,78.8708,52.0613,49.0529,1,1,0,-0.1185,-0.1539,0.3386,0.3386,0.3165,0,0,0,0.5200,0.5857,0.8785,0.8785,0.8690,0,0,0,-2.4540,-2.3641,2.8369,2.8369,2.8669,0,0,0,4.5312,4.3334,5.2001,5.2001,5.1499,0,0,0,-6.9329,-7.2632,-8.7159,-8.7159,-8.7145,0,0,0
15.924862,1788532557.468764,78.4860,78.8534,78.8534,52.2613,49.2590,1,1,0,-0.1185,-0.1523,0.3351,0.3351,0.3202,0,0,0,0.5200,0.5827,0.8741,0.8741,0.8692,0,0,0,-2.4738,-2.3690,2.8428,2.8428,2.8656,0,0,0,4.5659,4.3439,5.2126,5.2126,5.1549,0,0,0,-6.9101,-7.2473,-8.6968,-8.6968,-8.7129,0,0,0
15.932401,1788532557.476363,78.4619,78.8355,78.8355,52.4613,49.4645,1,1,0,-0.1215,-0.1509,0.3320,0.3320,0.3235,0,0,0,0.5216,0.5800,0.8699,0.8699,0.8696,0,0,0,-2.4738,-2.3738,2.8485,2.8485,2.8639,0,0,0,4.5659,4.3540,5.2248,5.2248,5.1594,0,0,0,-6.9101,-7.2319,-8.6783,-8.6783,-8.7119,0,0,0
15.940452,1788532557.484815,78.4619,78.8166,78.8166,52.6613,49.6183,1,1,0,-0.1215,-0.1494,0.3287,0.3287,0.3257,0,0,0,0.5216,0.5770,0.8655,0.8655,0.8699,0,0,0,-2.4738,-2.3788,2.8546,2.8546,2.8626,0,0,0,4.5659,4.3647,5.2376,5.2376,5.1626,0,0,0,-6.9101,-7.2157,-8.6588,-8.6588,-8.7115,0,0,0
15.948959,1788532557.492370,78.4619,78.8004,78.8004,52.8613,49.8229,1,1,0,-0.1215,-0.1482,0.3259,0.3259,0.3282,0,0,0,0.5216,0.5745,0.8617,0.8617,0.8704,0,0,0,-2.4738,-2.3831,2.8598,2.8598,2.8609,0,0,0,4.5659,4.3738,5.2486,5.2486,5.1666,0,0,0,-6.9101,-7.2018,-8.6422,-8.6422,-8.7109,0,0,0
15.957094,1788532557.500505,78.4619,78.7839,78.7839,53.0613,50.0270,1,1,0,-0.1215,-0.1469,0.3231,0.3231,0.3302,0,0,0,0.5216,0.5719,0.8579,0.8579,0.8708,0,0,0,-2.4738,-2.3875,2.8651,2.8651,2.8592,0,0,0,4.5659,4.3832,5.2598,5.2598,5.1707,0,0,0,-6.9101,-7.1876,-8.6252,-8.6252,-8.7100,0,0,0
15.964143,1788532557.509020,78.4619,78.7675,78.7675,53.2613,50.2306,1,1,0,-0.1215,-0.1456,0.3202,0.3202,0.3318,0,0,0,0.5216,0.5694,0.8541,0.8541,0.8711,0,0,0,-2.4738,-2.3919,2.8703,2.8703,2.8578,0,0,0,4.5659,4.3925,5.2710,5.2710,5.1750,0,0,0,-6.9101,-7.1735,-8.6082,-8.6082,-8.7087,0,0,0
15.972163,1788532557.517569,78.4619,78.7518,78.7518,53.4613,50.4339,1,1,0,-0.1215,-0.1443,0.3175,0.3175,0.3330,0,0,0,0.5216,0.5669,0.8504,0.8504,0.8712,0,0,0,-2.4738,-2.3961,2.8753,2.8753,2.8567,0,0,0,4.5659,4.4013,5.2816,5.2816,5.1795,0,0,0,-6.9101,-7.1601,-8.5921,-8.5921,-8.7066,0,0,0
15.980167,1788532557.525590,78.4041,78.7351,78.7351,53.6613,50.6367,1,1,0,-0.1510,-0.1447,0.3183,0.3183,0.3338,0,0,0,0.6631,0.5715,0.8573,0.8573,0.8710,0,0,0,-2.2225,-2.3878,2.8653,2.8653,2.8559,0,0,0,4.3442,4.3986,5.2783,5.2783,5.1843,0,0,0,-7.5180,-7.1773,-8.6127,-8.6127,-8.7037,0,0,0
15.988960,1788532557.534085,78.4041,78.7182,78.7182,53.8613,50.8392,1,1,0,-0.1510,-0.1450,0.3190,0.3190,0.3342,0,0,0,0.6631,0.5762,0.8643,0.8643,0.8707,0,0,0,-2.2225,-2.3794,2.8553,2.8553,2.8555,0,0,0,4.3442,4.3958,5.2750,5.2750,5.1895,0,0,0,-7.5180,-7.1946,-8.6335,-8.6335,-8.6999,0,0,0
15.996484,1788532557.540383,78.4041,78.7062,78.7062,54.0613,51.0414,1,1,0,-0.1510,-0.1452,0.3195,0.3195,0.3342,0,0,0,0.6631,0.5795,0.8692,0.8692,0.8700,0,0,0,-2.2225,-2.3734,2.8481,2.8481,2.8555,0,0,0,4.3442,4.3938,5.2726,5.2726,5.1950,0,0,0,-7.5180,-7.2069,-8.6482,-8.6482,-8.6952,0,0,0
16.004777,1788532557.548900,78.4041,78.6908,78.6908,54.2613,51.2433,1,1,0,-0.1510,-0.1455,0.3201,0.3201,0.3340,0,0,0,0.6631,0.5837,0.8756,0.8756,0.8693,0,0,0,-2.2225,-2.3658,2.8389,2.8389,2.8557,0,0,0,4.3442,4.3913,5.2696,5.2696,5.2008,0,0,0,-7.5180,-7.2227,-8.6672,-8.6672,-8.6900,0,0,0
16.012779,1788532557.556192,78.3485,78.6757,78.6757,54.4613,51.4449,1,1,0,-0.1652,-0.1464,0.3220,0.3220,0.3335,0,0,0,0.6494,0.5866,0.8799,0.8799,0.8686,0,0,0,-2.1915,-2.3581,2.8297,2.8297,2.8560,0,0,0,4.3357,4.3889,5.2667,5.2667,5.2067,0,0,0,-7.6247,-7.2403,-8.6884,-8.6884,-8.6847,0,0,0
16.020934,1788532557.564359,78.3485,78.6597,78.6597,54.6613,51.6463,1,1,0,-0.1652,-0.1473,0.3240,0.3240,0.3329,0,0,0,0.6494,0.5897,0.8845,0.8845,0.8679,0,0,0,-2.1915,-2.3500,2.8200,2.8200,2.8561,0,0,0,4.3357,4.3863,5.2635,5.2635,5.2125,0,0,0,-7.6247,-7.2591,-8.7109,-8.7109,-8.6797,0,0,0
16.028672,1788532557.573580,78.3485,78.6426,78.6426,54.8613,51.7973,1,1,0,-0.1652,-0.1483,0.3262,0.3262,0.3324,0,0,0,0.6494,0.5930,0.8894,0.8894,0.8676,0,0,0,-2.1915,-2.3413,2.8095,2.8095,2.8561,0,0,0,4.3357,4.3835,5.2602,5.2602,5.2166,0,0,0,-7.6247,-7.2791,-8.7349,-8.7349,-8.6765,0,0,0
16.037179,1788532557.581595,78.3485,78.6284,78.6284,55.0613,51.9983,1,1,0,-0.1652,-0.1491,0.3280,0.3280,0.3316,0,0,0,0.6494,0.5957,0.8935,0.8935,0.8674,0,0,0,-2.1915,-2.3341,2.8009,2.8009,2.8557,0,0,0,4.3357,4.3812,5.2575,5.2575,5.2219,0,0,0,-7.6247,-7.2957,-8.7548,-8.7548,-8.6730,0,0,0
16.045228,1788532557.589111,78.2582,78.6117,78.6117,55.2613,52.1993,1,1,0,-0.1772,-0.1503,0.3308,0.3308,0.3309,0,0,0,0.4940,0.5911,0.8866,0.8866,0.8675,0,0,0,-2.2138,-2.3287,2.7944,2.7944,2.8549,0,0,0,4.2122,4.3736,5.2483,5.2483,5.2268,0,0,0,-7.5411,-7.3068,-8.7681,-8.7681,-8.6706,0,0,0
16.052417,1788532557.597822,78.2440,78.5925,78.5925,55.4613,52.4000,1,1,0,-0.1899,-0.1524,0.3353,0.3353,0.3302,0,0,0,0.4905,0.5859,0.8788,0.8788,0.8679,0,0,0,-2.2211,-2.3231,2.7877,2.7877,2.8537,0,0,0,4.2291,4.3661,5.2393,5.2393,5.2313,0,0,0,-7.5326,-7.3185,-8.7822,-8.7822,-8.6695,0,0,0
16.060865,1788532557.605396,78.2361,78.5762,78.5762,55.6613,52.6007,1,1,0,-0.1939,-0.1543,0.3394,0.3394,0.3296,0,0,0,0.4890,0.5815,0.8722,0.8722,0.8685,0,0,0,-2.2138,-2.3181,2.7817,2.7817,2.8519,0,0,0,4.2745,4.3619,5.2343,5.2343,5.2353,0,0,0,-7.5290,-7.3281,-8.7937,-8.7937,-8.6699,0,0,0
16.068703,1788532557.612588,78.2361,78.5615,78.5615,55.8613,52.8012,1,1,0,-0.1939,-0.1560,0.3432,0.3432,0.3291,0,0,0,0.4890,0.5775,0.8662,0.8662,0.8695,0,0,0,-2.2138,-2.3136,2.7763,2.7763,2.8496,0,0,0,4.2745,4.3582,5.2298,5.2298,5.2387,0,0,0,-7.5290,-7.3368,-8.8041,-8.8041,-8.6717,0,0,0
16.076975,1788532557.621241,78.2361,78.5446,78.5446,56.0613,52.9515,1,1,0,-0.1939,-0.1580,0.3475,0.3475,0.3288,0,0,0,0.4890,0.5729,0.8593,0.8593,0.8702,0,0,0,-2.2138,-2.3085,2.7701,2.7701,2.8475,0,0,0,4.2745,4.3538,5.2246,5.2246,5.2409,0,0,0,-7.5290,-7.3467,-8.8160,-8.8160,-8.6740,0,0,0
16.085263,1788532557.629395,78.2361,78.5295,78.5295,56.2613,53.2020,1,1,0,-0.1939,-0.1597,0.3514,0.3514,0.3286,0,0,0,0.4890,0.5688,0.8532,0.8532,0.8714,0,0,0,-2.2138,-2.3038,2.7646,2.7646,2.8436,0,0,0,4.2745,4.3500,5.2200,5.2200,5.2437,0,0,0,-7.5290,-7.3556,-8.8267,-8.8267,-8.6793,0,0,0
16.093314,1788532557.637203,78.2361,78.5157,78.5157,56.4613,53.3527,1,1,0,-0.1939,-0.1613,0.3549,0.3549,0.3287,0,0,0,0.4890,0.5651,0.8476,0.8476,0.8719,0,0,0,-2.2138,-2.2996,2.7595,2.7595,2.8409,0,0,0,4.2745,4.3464,5.2157,5.2157,5.2449,0,0,0,-7.5290,-7.3637,-8.8365,-8.8365,-8.6833,0,0,0
16.101313,1788532557.646223,78.2361,78.5007,78.5007,56.6613,53.5562,1,1,0,-0.1939,-0.1631,0.3587,0.3587,0.3291,0,0,0,0.4890,0.5610,0.8415,0.8415,0.8723,0,0,0,-2.2138,-2.2950,2.7540,2.7540,2.8369,0,0,0,4.2745,4.3426,5.2111,5.2111,5.2458,0,0,0,-7.5290,-7.3726,-8.8471,-8.8471,-8.6897,0,0,0
16.108895,1788532557.653736,78.2361,78.4887,78.4887,56.8613,53.7624,1,1,0,-0.1939,-0.1644,0.3618,0.3618,0.3297,0,0,0,0.4890,0.5577,0.8366,0.8366,0.8722,0,0,0,-2.2138,-2.2913,2.7496,2.7496,2.8325,0,0,0,4.2745,4.3395,5.2074,5.2074,5.2461,0,0,0,-7.5290,-7.3797,-8.8556,-8.8556,-8.6971,0,0,0
16.117400,1788532557.661309,78.1832,78.4747,78.4747,57.0613,53.9706,1,1,0,-0.2375,-0.1678,0.3691,0.3691,0.3307,0,0,0,0.5843,0.5590,0.8384,0.8384,0.8718,0,0,0,-2.1391,-2.2844,2.7413,2.7413,2.8278,0,0,0,4.1684,4.3317,5.1981,5.1981,5.2458,0,0,0,-7.7938,-7.3985,-8.8782,-8.8782,-8.7052,0,0,0
16.124908,1788532557.670324,78.1832,78.4590,78.4590,57.2613,54.1801,1,1,0,-0.2375,-0.1715,0.3773,0.3773,0.3319,0,0,0,0.5843,0.5603,0.8405,0.8405,0.8709,0,0,0,-2.1391,-2.2766,2.7320,2.7320,2.8228,0,0,0,4.1684,4.3230,5.1876,5.1876,5.2450,0,0,0,-7.7938,-7.4197,-8.9037,-8.9037,-8.7141,0,0,0
16.133306,1788532557.677330,78.1832,78.4474,78.4474,57.4613,54.3906,1,1,0,-0.2375,-0.1743,0.3834,0.3834,0.3334,0,0,0,0.5843,0.5613,0.8420,0.8420,0.8696,0,0,0,-2.1391,-2.2708,2.7250,2.7250,2.8177,0,0,0,4.1684,4.3165,5.1798,5.1798,5.2436,0,0,0,-7.7938,-7.4355,-8.9226,-8.9226,-8.7235,0,0,0
16.141306,1788532557.684729,78.1832,78.4356,78.4356,57.6613,54.6016,1,1,0,-0.2375,-0.1771,0.3896,0.3896,0.3352,0,0,0,0.5843,0.5623,0.8435,0.8435,0.8681,0,0,0,-2.1391,-2.2650,2.7180,2.7180,2.8123,0,0,0,4.1684,4.3099,5.1719,5.1719,5.2418,0,0,0,-7.7938,-7.4515,-8.9418,-8.9418,-8.7336,0,0,0
16.148815,1788532557.693230,78.1338,78.4202,78.4202,57.8613,54.7600,1,1,0,-0.2281,-0.1797,0.3953,0.3953,0.3368,0,0,0,0.6703,0.5678,0.8517,0.8517,0.8668,0,0,0,-2.1310,-2.2582,2.7098,2.7098,2.8081,0,0,0,4.3565,4.3122,5.1747,5.1747,5.2401,0,0,0,-7.6068,-7.4594,-8.9513,-8.9513,-8.7417,0,0,0
16.157348,1788532557.700758,78.1338,78.4072,78.4072,58.0613,55.0240,1,1,0,-0.2281,-0.1819,0.4001,0.4001,0.3398,0,0,0,0.6703,0.5724,0.8587,0.8587,0.8647,0,0,0,-2.1310,-2.2524,2.7029,2.7029,2.8009,0,0,0,4.3565,4.3142,5.1771,5.1771,5.2366,0,0,0,-7.6068,-7.4660,-8.9593,-8.9593,-8.7560,0,0,0
16.164874,1788532557.710279,78.1338,78.3917,78.3917,58.2613,55.2351,1,1,0,-0.2281,-0.1845,0.4059,0.4059,0.3426,0,0,0,0.6703,0.5780,0.8670,0.8670,0.8630,0,0,0,-2.1310,-2.2455,2.6947,2.6947,2.7950,0,0,0,4.3565,4.3166,5.1800,5.1800,5.2332,0,0,0,-7.6068,-7.4740,-8.9688,-8.9688,-8.7682,0,0,0
16.173404,1788532557.717309,78.1338,78.3808,78.3808,58.4613,55.3931,1,1,0,-0.2281,-0.1863,0.4099,0.4099,0.3449,0,0,0,0.6703,0.5819,0.8728,0.8728,0.8618,0,0,0,-2.1310,-2.2407,2.6888,2.6888,2.7904,0,0,0,4.3565,4.3183,5.1820,5.1820,5.2305,0,0,0,-7.6068,-7.4796,-8.9756,-8.9756,-8.7778,0,0,0
16.180911,1788532557.725819,78.1338,78.3682,78.3682,58.6613,55.6034,1,1,0,-0.2281,-0.1885,0.4146,0.4146,0.3482,0,0,0,0.6703,0.5864,0.8795,0.8795,0.8604,0,0,0,-2.1310,-2.2351,2.6821,2.6821,2.7841,0,0,0,4.3565,4.3203,5.1843,5.1843,5.2267,0,0,0,-7.6068,-7.4861,-8.9833,-8.9833,-8.7908,0,0,0
16.188944,1788532557.734354,78.1338,78.3562,78.3562,58.8613,55.8132,1,1,0,-0.2281,-0.1905,0.4190,0.4190,0.3518,0,0,0,0.6703,0.5906,0.8860,0.8860,0.8595,0,0,0,-2.1310,-2.2298,2.6758,2.6758,2.7777,0,0,0,4.3565,4.3221,5.1865,5.1865,5.2230,0,0,0,-7.6068,-7.4923,-8.9907,-8.9907,-8.8040,0,0,0
16.197040,1788532557.741374,78.1338,78.3468,78.3468,59.0613,56.0224,1,1,0,-0.2281,-0.1921,0.4225,0.4225,0.3555,0,0,0,0.6703,0.5940,0.8910,0.8910,0.8589,0,0,0,-2.1310,-2.2256,2.6708,2.6708,2.7712,0,0,0,4.3565,4.3236,5.1883,5.1883,5.2193,0,0,0,-7.6068,-7.4971,-8.9965,-8.9965,-8.8173,0,0,0
16.205061,1788532557.750456,78.1338,78.3352,78.3352,59.2613,56.2310,1,1,0,-0.2281,-0.1940,0.4268,0.4268,0.3595,0,0,0,0.6703,0.5981,0.8972,0.8972,0.8588,0,0,0,-2.1310,-2.2205,2.6646,2.6646,2.7645,0,0,0,4.3565,4.3253,5.1904,5.1904,5.2158,0,0,0,-7.6068,-7.5030,-9.0037,-9.0037,-8.8305,0,0,0
16.213041,1788532557.758453,78.1338,78.3255,78.3255,59.4613,56.4389,1,1,0,-0.2281,-0.1956,0.4304,0.4304,0.3636,0,0,0,0.6703,0.6016,0.9024,0.9024,0.8592,0,0,0,-2.1310,-2.2162,2.6595,2.6595,2.7578,0,0,0,4.3565,4.3268,5.1922,5.1922,5.2126,0,0,0,-7.6068,-7.5080,-9.0096,-9.0096,-8.8437,0,0,0
16.221575,1788532557.766459,77.9293,78.3065,78.3065,59.6613,56.6462,1,1,0,-0.3893,-0.2049,0.4508,0.4508,0.3678,0,0,0,0.5575,0.5995,0.8992,0.8992,0.8600,0,0,0,-2.3091,-2.2207,2.6648,2.6648,2.7511,0,0,0,4.5956,4.3397,5.2076,5.2076,5.2096,0,0,0,-7.0478,-7.4859,-8.9831,-8.9831,-8.8566,0,0,0
16.228591,1788532557.772994,77.9293,78.2915,78.2915,59.8613,56.8529,1,1,0,-0.3893,-0.2122,0.4668,0.4668,0.3722,0,0,0,0.5575,0.5978,0.8967,0.8967,0.8612,0,0,0,-2.3091,-2.2242,2.6690,2.6690,2.7444,0,0,0,4.5956,4.3498,5.2198,5.2198,5.2069,0,0,0,-7.0478,-7.4686,-8.9624,-8.9624,-8.8692,0,0,0
16.237633,1788532557.782051,77.9293,78.2720,78.2720,60.0000,57.0590,0,1,0,-0.3893,-0.2217,0.4878,0.4878,0.3765,0,0,0,0.5575,0.5956,0.8935,0.8935,0.8629,0,0,0,-2.3091,-2.2288,2.6745,2.6745,2.7376,0,0,0,4.5956,4.3630,5.2356,5.2356,5.2046,0,0,0,-7.0478,-7.4460,-8.9352,-8.9352,-8.8814,0,0,0
16.245140,1788532557.789552,77.9293,78.2565,78.2565,60.0000,57.2132,0,1,0,-0.3893,-0.2293,0.5044,0.5044,0.3800,0,0,0,0.5575,0.5939,0.8909,0.8909,0.8644,0,0,0,-2.3091,-2.2324,2.6788,2.6788,2.7327,0,0,0,4.5956,4.3735,5.2482,5.2482,5.2032,0,0,0,-7.0478,-7.4280,-8.9136,-8.9136,-8.8901,0,0,0
16.253189,1788532557.797556,77.9293,78.2407,78.2407,60.0000,57.4183,0,1,0,-0.3893,-0.2370,0.5213,0.5213,0.3849,0,0,0,0.5575,0.5922,0.8883,0.8883,0.8664,0,0,0,-2.3091,-2.2360,2.6833,2.6833,2.7264,0,0,0,4.5956,4.3841,5.2610,5.2610,5.2018,0,0,0,-7.0478,-7.4098,-8.8918,-8.8918,-8.9007,0,0,0
16.261709,1788532557.805607,77.7899,78.2189,78.2189,60.0000,57.6224,0,1,0,-0.4268,-0.2461,0.5414,0.5414,0.3903,0,0,0,0.6755,0.5962,0.8943,0.8943,0.8686,0,0,0,-2.1926,-2.2340,2.6807,2.6807,2.7205,0,0,0,4.5205,4.3907,5.2689,5.2689,5.2012,0,0,0,-7.4780,-7.4131,-8.8957,-8.8957,-8.9099,0,0,0
16.269367,1788532557.812778,77.7899,78.2003,78.2003,60.0000,57.8232,0,1,0,-0.4268,-0.2539,0.5586,0.5586,0.3964,0,0,0,0.6755,0.5996,0.8994,0.8994,0.8706,0,0,0,-2.1926,-2.2322,2.6786,2.6786,2.7151,0,0,0,4.5205,4.3963,5.2756,5.2756,5.2014,0,0,0,-7.4780,-7.4159,-8.8991,-8.8991,-8.9173,0,0,0
16.276900,1788532557.822305,77.7591,78.1753,78.1753,60.0000,58.0182,0,1,0,-0.4409,-0.2645,0.5819,0.5819,0.4032,0,0,0,0.7650,0.6090,0.9134,0.9134,0.8726,0,0,0,-2.1926,-2.2299,2.6759,2.6759,2.7104,0,0,0,4.6129,4.4086,5.2903,5.2903,5.2025,0,0,0,-7.4780,-7.4194,-8.9033,-8.9033,-8.9228,0,0,0
16.284755,1788532557.830316,77.7591,78.1553,78.1553,60.0000,58.2052,0,1,0,-0.4409,-0.2729,0.6005,0.6005,0.4108,0,0,0,0.7650,0.6164,0.9247,0.9247,0.8744,0,0,0,-2.1926,-2.2281,2.6738,2.6738,2.7061,0,0,0,4.6129,4.4184,5.3020,5.3020,5.2044,0,0,0,-7.4780,-7.4222,-8.9067,-8.9067,-8.9266,0,0,0
16.293297,1788532557.837711,77.7148,78.1356,78.1356,60.0000,58.3826,0,1,0,-0.4505,-0.2808,0.6179,0.6179,0.4191,0,0,0,0.7650,0.6230,0.9346,0.9346,0.8763,0,0,0,-2.0757,-2.2214,2.6656,2.6656,2.7023,0,0,0,4.5028,4.4221,5.3065,5.3065,5.2071,0,0,0,-7.6895,-7.4341,-8.9209,-8.9209,-8.9291,0,0,0
16.300541,1788532557.845947,77.7148,78.1148,78.1148,60.0000,58.5494,0,1,0,-0.4505,-0.2892,0.6362,0.6362,0.4282,0,0,0,0.7650,0.6300,0.9450,0.9450,0.8782,0,0,0,-2.0757,-2.2142,2.6570,2.6570,2.6990,0,0,0,4.5028,4.4261,5.3113,5.3113,5.2105,0,0,0,-7.6895,-7.4467,-8.9360,-8.9360,-8.9305,0,0,0
16.309051,1788532557.853466,77.7148,78.0967,78.0967,60.0000,58.7051,0,1,0,-0.4505,-0.2965,0.6523,0.6523,0.4382,0,0,0,0.7650,0.6361,0.9542,0.9542,0.8805,0,0,0,-2.0757,-2.2079,2.6495,2.6495,2.6959,0,0,0,4.5028,4.4296,5.3155,5.3155,5.2147,0,0,0,-7.6895,-7.4576,-8.9492,-8.9492,-8.9312,0,0,0
16.317567,1788532557.862468,77.7148,78.0761,78.0761,60.0000,58.8493,0,1,0,-0.4505,-0.3047,0.6704,0.6704,0.4490,0,0,0,0.7650,0.6430,0.9645,0.9645,0.8831,0,0,0,-2.0757,-2.2009,2.6410,2.6410,2.6930,0,0,0,4.5028,4.4335,5.3202,5.3202,5.2195,0,0,0,-7.6895,-7.4701,-8.9641,-8.9641,-8.9314,0,0,0
16.325140,1788532557.869016,77.7148,78.0618,78.0618,60.0000,58.9821,0,1,0,-0.4505,-0.3105,0.6831,0.6831,0.4605,0,0,0,0.7650,0.6478,0.9718,0.9718,0.8861,0,0,0,-2.0757,-2.1959,2.6351,2.6351,2.6903,0,0,0,4.5028,4.4362,5.3235,5.3235,5.2249,0,0,0,-7.6895,-7.4787,-8.9745,-8.9745,-8.9316,0,0,0
16.333166,1788532557.877569,77.7148,78.0440,78.0440,60.0000,59.1036,0,1,0,-0.4505,-0.3177,0.6989,0.6989,0.4727,0,0,0,0.7650,0.6538,0.9807,0.9807,0.8895,0,0,0,-2.0757,-2.1898,2.6277,2.6277,2.6875,0,0,0,4.5028,4.4396,5.3275,5.3275,5.2306,0,0,0,-7.6895,-7.4895,-8.9874,-8.9874,-8.9318,0,0,0
16.341161,1788532557.886575,77.7148,78.0263,78.0263,60.0000,59.1875,0,1,0,-0.4505,-0.3248,0.7145,0.7145,0.4822,0,0,0,0.7650,0.6598,0.9897,0.9897,0.8924,0,0,0,-2.0757,-2.1837,2.6204,2.6204,2.6853,0,0,0,4.5028,4.4430,5.3316,5.3316,5.2350,0,0,0,-7.6895,-7.5002,-9.0003,-9.0003,-8.9323,0,0,0
16.349686,1788532557.894092,77.4450,77.9999,77.9999,60.0000,59.2902,0,1,0,-0.5199,-0.3336,0.7339,0.7339,0.4955,0,0,0,0.8098,0.6666,0.9998,0.9998,0.8967,0,0,0,-2.0630,-2.1782,2.6138,2.6138,2.6822,0,0,0,4.4923,4.4452,5.3343,5.3343,5.2411,0,0,0,-7.8897,-7.5178,-9.0214,-9.0214,-8.9333,0,0,0
16.357674,1788532557.902101,77.4450,77.9732,77.9732,60.0000,59.3829,0,1,0,-0.5199,-0.3425,0.7536,0.7536,0.5092,0,0,0,0.8098,0.6734,1.0101,1.0101,0.9014,0,0,0,-2.0630,-2.1727,2.6072,2.6072,2.6790,0,0,0,4.4923,4.4475,5.3370,5.3370,5.2474,0,0,0,-7.8897,-7.5357,-9.0428,-9.0428,-8.9349,0,0,0
16.365581,1788532557.910089,77.2828,77.9400,77.9400,60.0000,59.4660,0,1,0,-0.5446,-0.3522,0.7749,0.7749,0.5232,0,0,0,0.8155,0.6802,1.0203,1.0203,0.9065,0,0,0,-2.1820,-2.1731,2.6078,2.6078,2.6755,0,0,0,4.6250,4.4560,5.3472,5.3472,5.2537,0,0,0,-7.6118,-7.5393,-9.0472,-9.0472,-8.9370,0,0,0
16.374001,1788532557.917610,77.2828,77.9102,77.9102,60.0000,59.5403,0,1,0,-0.5446,-0.3609,0.7940,0.7940,0.5376,0,0,0,0.8155,0.6863,1.0295,1.0295,0.9119,0,0,0,-2.1820,-2.1735,2.6082,2.6082,2.6718,0,0,0,4.6250,4.4636,5.3563,5.3563,5.2600,0,0,0,-7.6118,-7.5426,-9.0511,-9.0511,-8.9400,0,0,0
16.381947,1788532557.925028,77.1073,77.8742,77.8742,60.0000,59.6063,0,1,0,-0.5832,-0.3708,0.8158,0.8158,0.5524,0,0,0,0.8136,0.6920,1.0380,1.0380,0.9178,0,0,0,-2.1480,-2.1724,2.6069,2.6069,2.6679,0,0,0,4.6528,4.4721,5.3665,5.3665,5.2662,0,0,0,-7.6118,-7.5457,-9.0548,-9.0548,-8.9437,0,0,0
16.390024,1788532557.933584,77.1073,77.8349,77.8349,60.0000,59.6648,0,1,0,-0.5832,-0.3817,0.8397,0.8397,0.5675,0,0,0,0.8136,0.6982,1.0473,1.0473,0.9240,0,0,0,-2.1480,-2.1711,2.6054,2.6054,2.6638,0,0,0,4.6528,4.4813,5.3775,5.3775,5.2723,0,0,0,-7.6118,-7.5491,-9.0589,-9.0589,-8.9484,0,0,0
16.397547,1788532557.942442,77.1073,77.7963,77.7963,60.0000,59.7163,0,1,0,-0.5832,-0.3923,0.8631,0.8631,0.5831,0,0,0,0.8136,0.7043,1.0565,1.0565,0.9306,0,0,0,-2.1480,-2.1699,2.6039,2.6039,2.6596,0,0,0,4.6528,4.4903,5.3884,5.3884,5.2785,0,0,0,-7.6118,-7.5524,-9.0628,-9.0628,-8.9538,0,0,0
16.405321,1788532557.950185,77.1073,77.7641,77.7641,60.0000,59.7615,0,1,0,-0.5832,-0.4012,0.8826,0.8826,0.5990,0,0,0,0.8136,0.7094,1.0641,1.0641,0.9375,0,0,0,-2.1480,-2.1689,2.6027,2.6027,2.6554,0,0,0,4.6528,4.4979,5.3975,5.3975,5.2847,0,0,0,-7.6118,-7.5551,-9.0662,-9.0662,-8.9597,0,0,0
16.413552,1788532557.957736,77.1073,77.7341,77.7341,60.0000,59.8010,0,1,0,-0.5832,-0.4095,0.9008,0.9008,0.6153,0,0,0,0.8136,0.7141,1.0712,1.0712,0.9446,0,0,0,-2.1480,-2.1680,2.6015,2.6015,2.6513,0,0,0,4.6528,4.5049,5.4059,5.4059,5.2910,0,0,0,-7.6118,-7.5577,-9.0692,-9.0692,-8.9661,0,0,0
16.422031,1788532557.964941,77.1073,77.7068,77.7068,60.0000,59.8353,0,1,0,-0.5832,-0.4170,0.9174,0.9174,0.6320,0,0,0,0.8136,0.7184,1.0776,1.0776,0.9521,0,0,0,-2.1480,-2.1671,2.6005,2.6005,2.6473,0,0,0,4.6528,4.5113,5.4136,5.4136,5.2975,0,0,0,-7.6118,-7.5600,-9.0721,-9.0721,-8.9726,0,0,0
16.429037,1788532557.974458,76.4517,77.6355,77.6355,60.0000,59.8580,0,1,0,-0.7142,-0.4338,0.9544,0.9544,0.6449,0,0,0,0.8942,0.7284,1.0925,1.0925,0.9578,0,0,0,-1.9556,-2.1551,2.5862,2.5862,2.6443,0,0,0,4.5841,4.5154,5.4185,5.4185,5.3025,0,0,0,-8.0648,-7.5886,-9.1063,-9.1063,-8.9777,0,0,0
16.437680,1788532557.980960,76.4517,77.5886,77.5886,60.0000,59.8846,0,1,0,-0.7142,-0.4448,0.9786,0.9786,0.6624,0,0,0,0.8942,0.7349,1.1023,1.1023,0.9656,0,0,0,-1.9556,-2.1473,2.5768,2.5768,2.6405,0,0,0,4.5841,4.5181,5.4218,5.4218,5.3093,0,0,0,-8.0648,-7.6073,-9.1288,-9.1288,-8.9844,0,0,0
16.446208,1788532557.989095,76.0795,77.5146,77.5146,60.0000,59.9073,0,1,0,-0.7796,-0.4612,1.0145,1.0145,0.6803,0,0,0,0.8382,0.7399,1.1099,1.1099,0.9736,0,0,0,-1.9371,-2.1371,2.5645,2.5645,2.6368,0,0,0,4.5617,4.5203,5.4243,5.4243,5.3164,0,0,0,-8.0648,-7.6296,-9.1555,-9.1555,-8.9913,0,0,0
16.453915,1788532557.998639,76.0795,77.4327,77.4327,60.0000,59.9267,0,1,0,-0.7796,-0.4792,1.0543,1.0543,0.6990,0,0,0,0.8382,0.7455,1.1182,1.1182,0.9819,0,0,0,-1.9371,-2.1257,2.5509,2.5509,2.6331,0,0,0,4.5617,4.5226,5.4271,5.4271,5.3236,0,0,0,-8.0648,-7.6543,-9.1851,-9.1851,-8.9986,0,0,0
16.462442,1788532558.005333,75.9132,77.3708,77.3708,60.0000,59.9431,0,1,0,-0.8077,-0.4925,1.0835,1.0835,0.7185,0,0,0,0.8474,0.7496,1.1244,1.1244,0.9904,0,0,0,-2.1104,-2.1251,2.5502,2.5502,2.6292,0,0,0,4.7852,4.5332,5.4399,5.4399,5.3310,0,0,0,-7.9306,-7.6655,-9.1985,-9.1985,-9.0066,0,0,0
16.469841,1788532558.013865,75.9132,77.2958,77.2958,60.0000,59.9569,0,1,0,-0.8077,-0.5086,1.1189,1.1189,0.7389,0,0,0,0.8474,0.7546,1.1319,1.1319,0.9992,0,0,0,-2.1104,-2.1244,2.5493,2.5493,2.6250,0,0,0,4.7852,4.5461,5.4553,5.4553,5.3384,0,0,0,-7.9306,-7.6790,-9.2148,-9.2148,-9.0154,0,0,0
16.477873,1788532558.022767,75.2747,77.1876,77.1876,60.0000,59.9685,0,1,0,-0.9187,-0.5304,1.1668,1.1668,0.7603,0,0,0,0.8451,0.7594,1.1391,1.1391,1.0081,0,0,0,-2.0639,-2.1212,2.5454,2.5454,2.6205,0,0,0,4.7272,4.5557,5.4668,5.4668,5.3458,0,0,0,-7.7278,-7.6816,-9.2179,-9.2179,-9.0253,0,0,0
16.486760,1788532558.030287,75.2747,77.1003,77.1003,60.0000,59.9781,0,1,0,-0.9187,-0.5479,1.2055,1.2055,0.7827,0,0,0,0.8451,0.7632,1.1449,1.1449,1.0171,0,0,0,-2.0639,-2.1186,2.5423,2.5423,2.6157,0,0,0,4.7272,4.5634,5.4761,5.4761,5.3531,0,0,0,-7.7278,-7.6837,-9.2204,-9.2204,-9.0360,0,0,0
16.495284,1788532558.030287,75.2747,77.0118,77.0118,60.0000,59.9781,0,1,0,-0.9187,-0.5657,1.2446,1.2446,0.7827,0,0,0,0.8451,0.7672,1.1508,1.1508,1.0171,0,0,0,-2.0639,-2.1160,2.5392,2.5392,2.6157,0,0,0,4.7272,4.5713,5.4855,5.4855,5.3531,0,0,0,-7.7278,-7.6858,-9.2229,-9.2229,-9.0360,0,0,0
16.503409,1788532558.046322,75.2747,76.8509,76.8509,60.0000,59.9859,0,1,0,-0.9187,-0.5981,1.3159,1.3159,0.8061,0,0,0,0.8451,0.7743,1.1615,1.1615,1.0261,0,0,0,-2.0639,-2.1112,2.5334,2.5334,2.6108,0,0,0,4.7272,4.5856,5.5027,5.5027,5.3607,0,0,0,-7.7278,-7.6896,-9.2276,-9.2276,-9.0474,0,0,0
16.511411,1788532558.053827,75.2747,76.7790,76.7790,60.0000,59.9923,0,1,0,-0.9187,-0.6126,1.3478,1.3478,0.8307,0,0,0,0.8451,0.7775,1.1663,1.1663,1.0352,0,0,0,-2.0639,-2.1091,2.5309,2.5309,2.6058,0,0,0,4.7272,4.5920,5.5104,5.5104,5.3684,0,0,0,-7.7278,-7.6914,-9.2296,-9.2296,-9.0593,0,0,0
16.519685,1788532558.062827,75.2747,76.6974,76.6974,60.0000,59.9974,0,1,0,-0.9187,-0.6291,1.3839,1.3839,0.8571,0,0,0,0.8451,0.7811,1.1717,1.1717,1.0443,0,0,0,-2.0639,-2.1066,2.5280,2.5280,2.6008,0,0,0,4.7272,4.5992,5.5191,5.5191,5.3765,0,0,0,-7.7278,-7.6933,-9.2320,-9.2320,-9.0715,0,0,0
16.527189,1788532558.070094,75.2747,76.6344,76.6344,60.0000,60.0015,0,1,0,-0.9187,-0.6417,1.4118,1.4118,0.8856,0,0,0,0.8451,0.7839,1.1759,1.1759,1.0534,0,0,0,-2.0639,-2.1048,2.5257,2.5257,2.5957,0,0,0,4.7272,4.6048,5.5258,5.5258,5.3850,0,0,0,-7.7278,-7.6948,-9.2338,-9.2338,-9.0837,0,0,0
16.535505,1788532558.077603,75.2747,76.5722,76.5722,60.0000,60.0046,0,1,0,-0.9187,-0.6543,1.4394,1.4394,0.9160,0,0,0,0.8451,0.7867,1.1800,1.1800,1.0625,0,0,0,-2.0639,-2.1029,2.5235,2.5235,2.5906,0,0,0,4.7272,4.6103,5.5324,5.5324,5.3939,0,0,0,-7.7278,-7.6963,-9.2356,-9.2356,-9.0958,0,0,0
16.543504,1788532558.084918,73.3027,76.4263,76.4263,60.0000,60.0070,0,1,0,-1.0797,-0.6730,1.4807,1.4807,0.9479,0,0,0,0.8981,0.7916,1.1874,1.1874,1.0715,0,0,0,-1.8981,-2.0939,2.5127,2.5127,2.5855,0,0,0,4.5803,4.6090,5.5308,5.5308,5.4029,0,0,0,-7.6613,-7.6948,-9.2337,-9.2337,-9.1076,0,0,0
16.551359,1788532558.093250,73.0113,76.2534,76.2534,60.0000,60.0087,0,1,0,-1.1684,-0.6978,1.5351,1.5351,0.9808,0,0,0,0.9281,0.7984,1.1976,1.1976,1.0803,0,0,0,-1.9573,-2.0871,2.5045,2.5045,2.5805,0,0,0,4.7477,4.6159,5.5391,5.5391,5.4122,0,0,0,-7.8663,-7.7033,-9.2440,-9.2440,-9.1191,0,0,0
16.559454,1788532558.102301,73.0113,76.0757,76.0757,60.0000,60.0099,0,1,0,-1.1684,-0.7232,1.5910,1.5910,1.0146,0,0,0,0.9281,0.8054,1.2081,1.2081,1.0890,0,0,0,-1.9573,-2.0801,2.4961,2.4961,2.5755,0,0,0,4.7477,4.6230,5.5476,5.5476,5.4215,0,0,0,-7.8663,-7.7121,-9.2545,-9.2545,-9.1301,0,0,0
16.566980,1788532558.109876,73.0113,75.9337,75.9337,60.0000,60.0107,0,1,0,-1.1684,-0.7435,1.6357,1.6357,1.0492,0,0,0,0.9281,0.8110,1.2164,1.2164,1.0975,0,0,0,-1.9573,-2.0745,2.4894,2.4894,2.5706,0,0,0,4.7477,4.6287,5.5544,5.5544,5.4307,0,0,0,-7.8663,-7.7191,-9.2629,-9.2629,-9.1405,0,0,0
16.575002,1788532558.118395,73.0113,75.7821,75.7821,60.0000,60.0111,0,1,0,-1.1684,-0.7652,1.6833,1.6833,1.0847,0,0,0,0.9281,0.8169,1.2254,1.2254,1.1059,0,0,0,-1.9573,-2.0686,2.4823,2.4823,2.5656,0,0,0,4.7477,4.6348,5.5617,5.5617,5.4397,0,0,0,-7.8663,-7.7266,-9.2719,-9.2719,-9.1504,0,0,0
16.582533,1788532558.126885,73.0113,75.6387,75.6387,60.0000,60.0112,0,1,0,-1.1684,-0.7857,1.7285,1.7285,1.1120,0,0,0,0.9281,0.8226,1.2338,1.2338,1.1121,0,0,0,-1.9573,-2.0629,2.4755,2.4755,2.5617,0,0,0,4.7477,4.6405,5.5686,5.5686,5.4465,0,0,0,-7.8663,-7.7337,-9.2804,-9.2804,-9.1576,0,0,0
16.591568,1788532558.133986,73.0113,75.5239,75.5239,60.0000,60.0111,0,1,0,-1.1684,-0.8021,1.7646,1.7646,1.1492,0,0,0,0.9281,0.8271,1.2406,1.2406,1.1204,0,0,0,-1.9573,-2.0584,2.4701,2.4701,2.5565,0,0,0,4.7477,4.6451,5.5741,5.5741,5.4554,0,0,0,-7.8663,-7.7394,-9.2872,-9.2872,-9.1670,0,0,0
16.599301,1788532558.141997,70.9135,75.2975,75.2975,60.0000,60.0109,0,1,0,-1.4250,-0.8321,1.8305,1.8305,1.1874,0,0,0,0.8314,0.8273,1.2409,1.2409,1.1287,0,0,0,-1.9149,-2.0515,2.4618,2.4618,2.5512,0,0,0,4.6820,4.6468,5.5762,5.5762,5.4641,0,0,0,-7.4149,-7.7238,-9.2686,-9.2686,-9.1761,0,0,0
16.607813,1788532558.149716,70.4395,75.0666,75.0666,60.0000,60.0105,0,1,0,-1.4524,-0.8609,1.8940,1.8940,1.2265,0,0,0,0.6822,0.8206,1.2308,1.2308,1.1370,0,0,0,-1.9129,-2.0451,2.4541,2.4541,2.5457,0,0,0,4.5633,4.6430,5.5716,5.5716,5.4727,0,0,0,-7.2389,-7.7013,-9.2416,-9.2416,-9.1849,0,0,0
16.615323,1788532558.158733,70.4395,74.8114,74.8114,60.0000,60.0101,0,1,0,-1.4524,-0.8928,1.9641,1.9641,1.2663,0,0,0,0.6822,0.8131,1.2197,1.2197,1.1452,0,0,0,-1.9129,-2.0380,2.4456,2.4456,2.5402,0,0,0,4.5633,4.6387,5.5664,5.5664,5.4812,0,0,0,-7.2389,-7.6765,-9.2118,-9.2118,-9.1936,0,0,0
16.623396,1788532558.165737,70.4395,74.6214,74.6214,60.0000,60.0095,0,1,0,-1.4524,-0.9165,2.0162,2.0162,1.3069,0,0,0,0.6822,0.8076,1.2114,1.2114,1.1533,0,0,0,-1.9129,-2.0327,2.4393,2.4393,2.5345,0,0,0,4.5633,4.6355,5.5626,5.5626,5.4895,0,0,0,-7.2389,-7.6581,-9.1897,-9.1897,-9.2018,0,0,0
16.630927,1788532558.174319,70.4395,74.4006,74.4006,60.0000,60.0089,0,1,0,-1.4524,-0.9440,2.0768,2.0768,1.3486,0,0,0,0.6822,0.8012,1.2018,1.2018,1.1610,0,0,0,-1.9129,-2.0266,2.4319,2.4319,2.5287,0,0,0,4.5633,4.6318,5.5582,5.5582,5.4974,0,0,0,-7.2389,-7.6366,-9.1640,-9.1640,-9.2090,0,0,0
16.638925,1788532558.182340,70.4395,74.2043,74.2043,60.0000,60.0083,0,1,0,-1.4524,-0.9685,2.1308,2.1308,1.3916,0,0,0,0.6822,0.7955,1.1932,1.1932,1.1681,0,0,0,-1.9129,-2.0211,2.4254,2.4254,2.5228,0,0,0,4.5633,4.6285,5.5542,5.5542,5.5048,0,0,0,-7.2389,-7.6175,-9.1411,-9.1411,-9.2148,0,0,0
16.646940,1788532558.190346,67.8995,73.8914,73.8914,60.0000,60.0077,0,1,0,-1.6201,-0.9999,2.1998,2.1998,1.4359,0,0,0,0.3781,0.7755,1.1632,1.1632,1.1744,0,0,0,-2.0302,-2.0216,2.4259,2.4259,2.5167,0,0,0,4.3482,4.6151,5.5381,5.5381,5.5117,0,0,0,-6.7033,-7.5737,-9.0885,-9.0885,-9.2190,0,0,0
16.654940,1788532558.198354,67.4292,73.5699,73.5699,60.0000,60.0071,0,1,0,-1.6768,-1.0325,2.2715,2.2715,1.4813,0,0,0,0.3692,0.7560,1.1340,1.1340,1.1799,0,0,0,-2.0385,-2.0224,2.4268,2.4268,2.5105,0,0,0,4.4560,4.6075,5.5290,5.5290,5.5178,0,0,0,-6.4888,-7.5217,-9.0260,-9.0260,-9.2215,0,0,0
16.662945,1788532558.206354,67.4292,73.2639,73.2639,60.0000,60.0064,0,1,0,-1.6768,-1.0635,2.3398,2.3398,1.5280,0,0,0,0.3692,0.7375,1.1063,1.1063,1.1845,0,0,0,-2.0385,-2.0231,2.4278,2.4278,2.5042,0,0,0,4.4560,4.6002,5.5203,5.5203,5.5233,0,0,0,-6.4888,-7.4721,-8.9666,-8.9666,-9.2221,0,0,0
16.670952,1788532558.214360,67.4292,72.9723,72.9723,60.0000,60.0060,0,1,0,-1.6768,-1.0931,2.4048,2.4048,1.5637,0,0,0,0.3692,0.7199,1.0798,1.0798,1.1871,0,0,0,-2.0385,-2.0239,2.4287,2.4287,2.4995,0,0,0,4.4560,4.5933,5.5120,5.5120,5.5268,0,0,0,-6.4888,-7.4249,-8.9099,-8.9099,-9.2211,0,0,0
16.679460,1788532558.222365,67.4292,72.6949,72.6949,60.0000,60.0054,0,1,0,-1.6768,-1.1212,2.4667,2.4667,1.6125,0,0,0,0.3692,0.7030,1.0546,1.0546,1.1893,0,0,0,-2.0385,-2.0246,2.4295,2.4295,2.4933,0,0,0,4.4560,4.5867,5.5041,5.5041,5.5307,0,0,0,-6.4888,-7.3799,-8.8559,-8.8559,-9.2174,0,0,0
16.687927,1788532558.229892,67.4292,72.4460,72.4460,60.0000,60.0049,0,1,0,-1.6768,-1.1465,2.5222,2.5222,1.6628,0,0,0,0.3692,0.6880,1.0319,1.0319,1.1898,0,0,0,-2.0385,-2.0252,2.4303,2.4303,2.4873,0,0,0,4.4560,4.5808,5.4970,5.4970,5.5337,0,0,0,-6.4888,-7.3395,-8.8074,-8.8074,-9.2107,0,0,0
16.695959,1788532558.238348,67.4292,72.1808,72.1808,60.0000,60.0044,0,1,0,-1.6768,-1.1734,2.5814,2.5814,1.7144,0,0,0,0.3692,0.6719,1.0078,1.0078,1.1885,0,0,0,-2.0385,-2.0259,2.4311,2.4311,2.4816,0,0,0,4.4560,4.5745,5.4894,5.4894,5.5357,0,0,0,-6.4888,-7.2964,-8.7557,-8.7557,-9.2008,0,0,0
16.702808,1788532558.247642,67.4292,71.9061,71.9061,60.0000,60.0039,0,1,0,-1.6768,-1.2013,2.6429,2.6429,1.7673,0,0,0,0.3692,0.6551,0.9827,0.9827,1.1854,0,0,0,-2.0385,-2.0266,2.4319,2.4319,2.4762,0,0,0,4.4560,4.5680,5.4816,5.4816,5.5367,0,0,0,-6.4888,-7.2517,-8.7020,-8.7020,-9.1875,0,0,0
16.711334,1788532558.253750,63.8202,71.5914,71.5914,60.0000,60.0035,0,1,0,-2.1401,-1.2363,2.7198,2.7198,1.8213,0,0,0,0.6673,0.6556,0.9834,0.9834,1.1805,0,0,0,-1.7550,-2.0165,2.4198,2.4198,2.4712,0,0,0,4.5137,4.5660,5.4792,5.4792,5.5370,0,0,0,-8.4861,-7.2975,-8.7570,-8.7570,-9.1709,0,0,0
16.719436,1788532558.262749,63.8202,71.1529,71.1529,60.0000,60.0031,0,1,0,-2.1401,-1.2850,2.8269,2.8269,1.8762,0,0,0,0.6673,0.6562,0.9843,0.9843,1.1739,0,0,0,-1.7550,-2.0025,2.4030,2.4030,2.4666,0,0,0,4.5137,4.5632,5.4758,5.4758,5.5364,0,0,0,-8.4861,-7.3612,-8.8335,-8.8335,-9.1511,0,0,0
16.727511,1788532558.269851,62.6004,70.7660,70.7660,60.0000,60.0027,0,1,0,-2.1656,-1.3229,2.9103,2.9103,1.9320,0,0,0,0.7871,0.6618,0.9927,0.9927,1.1656,0,0,0,-1.6435,-1.9872,2.3846,2.3846,2.4623,0,0,0,4.5335,4.5619,5.4743,5.4743,5.5350,0,0,0,-8.6816,-7.4177,-8.9013,-8.9013,-9.1284,0,0,0
16.735687,1788532558.278935,62.6004,70.2984,70.2984,60.0000,60.0024,0,1,0,-2.1656,-1.3687,3.0111,3.0111,1.9886,0,0,0,0.7871,0.6686,1.0029,1.0029,1.1560,0,0,0,-1.6435,-1.9686,2.3623,2.3623,2.4584,0,0,0,4.5335,4.5604,5.4725,5.4725,5.5330,0,0,0,-8.6816,-7.4860,-8.9832,-8.9832,-9.1036,0,0,0
16.743691,1788532558.286101,61.1453,69.8784,69.8784,60.0000,60.0021,0,1,0,-2.4097,-1.4139,3.1106,3.1106,2.0465,0,0,0,1.1186,0.6880,1.0320,1.0320,1.1454,0,0,0,-1.2447,-1.9373,2.3248,2.3248,2.4545,0,0,0,4.6666,4.5650,5.4779,5.4779,5.5305,0,0,0,-9.7791,-7.5849,-9.1019,-9.1019,-9.0789,0,0,0
16.751198,1788532558.293607,61.1453,69.4583,69.4583,60.0000,60.0018,0,1,0,-2.4097,-1.4591,3.2101,3.2101,2.0911,0,0,0,1.1186,0.7074,1.0611,1.0611,1.1372,0,0,0,-1.2447,-1.9061,2.2873,2.2873,2.4515,0,0,0,4.6666,4.5695,5.4834,5.4834,5.5283,0,0,0,-9.7791,-7.6840,-9.2208,-9.2208,-9.0614,0,0,0
16.759197,1788532558.303619,61.1453,68.9326,68.9326,60.0000,60.0016,0,1,0,-2.4097,-1.5158,3.3348,3.3348,2.1520,0,0,0,1.1186,0.7317,1.0976,1.0976,1.1262,0,0,0,-1.2447,-1.8668,2.2402,2.2402,2.4471,0,0,0,4.6666,4.5753,5.4903,5.4903,5.5251,0,0,0,-9.7791,-7.8085,-9.3702,-9.3702,-9.0405,0,0,0
16.767586,1788532558.310612,61.1453,68.5811,68.5811,60.0000,60.0014,0,1,0,-2.4097,-1.5538,3.4183,3.4183,2.2150,0,0,0,1.1186,0.7480,1.1220,1.1220,1.1156,0,0,0,-1.2447,-1.8406,2.2087,2.2087,2.4420,0,0,0,4.6666,4.5791,5.4949,5.4949,5.5217,0,0,0,-9.7791,-7.8918,-9.4702,-9.4702,-9.0237,0,0,0
16.775107,1788532558.318022,61.1453,68.2257,68.2257,60.0000,60.0012,0,1,0,-2.4097,-1.5922,3.5028,3.5028,2.2803,0,0,0,1.1186,0.7645,1.1468,1.1468,1.1059,0,0,0,-1.2447,-1.8140,2.1767,2.1767,2.4358,0,0,0,4.6666,4.5830,5.4996,5.4996,5.5183,0,0,0,-9.7791,-7.9763,-9.5716,-9.5716,-9.0124,0,0,0
16.783113,1788532558.325527,61.1453,67.8827,67.8827,60.0000,60.0010,0,1,0,-2.4097,-1.6293,3.5846,3.5846,2.3480,0,0,0,1.1186,0.7805,1.1707,1.1707,1.0978,0,0,0,-1.2447,-1.7882,2.1459,2.1459,2.4282,0,0,0,4.6666,4.5868,5.5041,5.5041,5.5151,0,0,0,-9.7791,-8.0581,-9.6697,-9.6697,-9.0078,0,0,0
16.792115,1788532558.334542,56.3116,67.2134,67.2134,60.0000,60.0008,0,1,0,-2.9169,-1.6990,3.7378,3.7378,2.4185,0,0,0,0.3587,0.7578,1.1368,1.1368,1.0915,0,0,0,-1.9731,-1.7982,2.1578,2.1578,2.4188,0,0,0,5.1747,4.6183,5.5420,5.5420,5.5122,0,0,0,-7.3336,-8.0190,-9.6228,-9.6228,-9.0109,0,0,0
16.799776,1788532558.343659,55.6630,66.5360,66.5360,60.0000,60.0007,0,1,0,-3.0749,-1.7743,3.9034,3.9034,2.4913,0,0,0,0.2596,0.7308,1.0963,1.0963,1.0872,0,0,0,-2.0265,-1.8106,2.1727,2.1727,2.4077,0,0,0,5.1747,4.6485,5.5782,5.5782,5.5096,0,0,0,-7.3252,-7.9812,-9.5775,-9.5775,-9.0218,0,0,0
16.807449,1788532558.350190,54.8215,66.0332,66.0332,60.0000,60.0006,0,1,0,-3.2777,-1.8342,4.0352,4.0352,2.5662,0,0,0,0.1516,0.7080,1.0620,1.0620,1.0850,0,0,0,-2.0265,-1.8191,2.1829,2.1829,2.3949,0,0,0,5.1403,4.6679,5.6015,5.6015,5.5074,0,0,0,-7.0764,-7.9454,-9.5345,-9.5345,-9.0403,0,0,0
16.815452,1788532558.358866,53.6155,65.3325,65.3325,60.0000,60.0005,0,1,0,-3.5858,-1.9257,4.2366,4.2352,2.6238,1,0,0,0.1516,0.6792,1.0188,1.0188,1.0845,0,0,0,-2.0265,-1.8299,2.1958,2.1958,2.3843,0,0,0,5.1403,4.6924,5.6308,5.6308,5.5062,0,0,0,-7.0764,-7.9003,-9.4803,-9.4803,-9.0586,0,0,0
16.822750,1788532558.367151,53.6155,64.6974,64.6974,60.0000,60.0004,0,1,0,-3.5858,-2.0089,4.4195,4.4195,2.7029,0,0,0,0.1516,0.6531,0.9796,0.9796,1.0848,0,0,0,-2.0265,-1.8396,2.2075,2.2075,2.3694,0,0,0,5.1403,4.7146,5.6575,5.6575,5.5054,0,0,0,-7.0764,-7.8594,-9.4313,-9.4313,-9.0870,0,0,0
16.831734,1788532558.374675,51.1108,64.0222,64.0222,60.0000,60.0003,0,1,0,-3.9383,-2.0970,4.6135,4.6135,2.7860,0,0,0,0.2132,0.6332,0.9498,0.9498,1.0851,0,0,0,-2.3547,-1.8629,2.2355,2.2355,2.3544,0,0,0,5.8177,4.7645,5.7174,5.7174,5.5061,0,0,0,-7.1854,-7.8289,-9.3947,-9.3947,-9.1176,0,0,0
16.839735,1788532558.382151,51.1108,63.3819,63.3819,60.0000,60.0003,0,1,0,-3.9383,-2.1808,4.7977,4.7977,2.8758,0,0,0,0.2132,0.6143,0.9215,0.9215,1.0844,0,0,0,-2.3547,-1.8850,2.2620,2.2620,2.3398,0,0,0,5.8177,4.8119,5.7743,5.7743,5.5088,0,0,0,-7.1854,-7.8000,-9.3600,-9.3600,-9.1480,0,0,0
16.847754,1788532558.391154,48.8594,62.5199,62.5199,60.0000,60.0002,0,1,0,-4.3750,-2.2999,5.0598,4.9977,2.9729,1,0,0,0.1773,0.5909,0.8863,0.8863,1.0820,0,0,0,-2.4587,-1.9157,2.2989,2.2989,2.3262,0,0,0,5.8604,4.8682,5.8419,5.8419,5.5135,0,0,0,-7.0470,-7.7596,-9.3115,-9.3115,-9.1768,0,0,0
16.855690,1788532558.398157,47.7274,61.8242,61.8242,60.0000,60.0002,0,1,0,-4.5252,-2.3951,5.2692,5.1977,3.0773,1,0,0,0.1265,0.5713,0.8569,0.8569,1.0779,0,0,0,-2.5286,-1.9416,2.3299,2.3299,2.3139,0,0,0,5.7332,4.9048,5.8858,5.8858,5.5207,0,0,0,-6.7033,-7.7151,-9.2581,-9.2581,-9.2031,0,0,0
16.863204,1788532558.407611,46.6271,60.8717,60.8717,60.0000,60.0001,0,1,0,-4.6741,-2.5249,5.5547,5.3977,3.1888,1,0,0,0.1265,0.5463,0.8194,0.8194,1.0719,0,0,0,-2.5286,-1.9745,2.3694,2.3694,2.3034,0,0,0,5.7332,4.9515,5.9418,5.9418,5.5308,0,0,0,-6.7033,-7.6583,-9.1900,-9.1900,-9.2263,0,0,0
16.871545,1788532558.414133,45.4569,60.1882,60.1882,60.0000,60.0001,0,1,0,-4.8757,-2.6190,5.7618,5.5977,3.3075,1,0,0,0.2315,0.5339,0.8008,0.8008,1.0640,0,0,0,-2.4658,-1.9938,2.3926,2.3926,2.2951,0,0,0,5.7853,4.9845,5.9814,5.9814,5.5440,0,0,0,-6.9743,-7.6314,-9.1577,-9.1577,-9.2460,0,0,0
16.879823,1788532558.422977,45.4569,59.3136,59.3136,59.8000,60.0001,1,0,0,-4.8757,-2.7399,6.0277,5.7977,3.4332,1,0,0,0.2315,0.5179,0.7769,0.7769,1.0542,0,0,0,-2.4658,-2.0187,2.4224,2.4224,2.2893,0,0,0,5.7853,5.0268,6.0322,6.0322,5.5603,0,0,0,-6.9743,-7.5967,-9.1161,-9.1161,-9.2616,0,0,0
16.887060,1788532558.430723,45.4569,58.5854,58.5854,59.6000,60.0000,1,0,0,-4.8757,-2.8408,6.2498,5.9977,3.5656,1,0,0,0.2315,0.5046,0.7569,0.7569,1.0425,0,0,0,-2.4658,-2.0395,2.4474,2.4474,2.2861,0,0,0,5.7853,5.0622,6.0747,6.0747,5.5797,0,0,0,-6.9743,-7.5678,-9.0814,-9.0814,-9.2726,0,0,0
16.895535,1788532558.439379,45.4569,57.8175,57.8175,59.4000,59.9995,1,0,0,-4.8757,-2.9477,6.4850,6.1977,3.7045,1,0,0,0.2315,0.4905,0.7357,0.7357,1.0291,0,0,0,-2.4658,-2.0615,2.4738,2.4738,2.2854,0,0,0,5.7853,5.0997,6.1197,6.1197,5.6018,0,0,0,-6.9743,-7.5371,-9.0446,-9.0446,-9.2792,0,0,0
16.903715,1788532558.447150,45.4569,57.1634,57.1634,59.2000,59.9971,1,0,0,-4.8757,-3.0392,6.6862,6.3977,3.8127,1,0,0,0.2315,0.4784,0.7176,0.7176,1.0182,0,0,0,-2.4658,-2.0803,2.4964,2.4964,2.2866,0,0,0,5.7853,5.1318,6.1582,6.1582,5.6202,0,0,0,-6.9743,-7.5109,-9.0131,-9.0131,-9.2813,0,0,0
16.912222,1788532558.454637,39.3579,56.2487,56.2487,59.0000,59.9890,1,0,0,-5.0664,-3.1321,6.8906,6.5977,3.9620,1,0,0,0.1263,0.4625,0.6938,0.6938,1.0024,0,0,0,-2.4590,-2.0974,2.5169,2.5169,2.2902,0,0,0,5.4552,5.1465,6.1758,6.1758,5.6468,0,0,0,-6.2273,-7.4530,-8.9437,-8.9437,-9.2806,0,0,0
16.919738,1788532558.464142,39.3579,55.1590,55.1590,58.8000,59.9734,1,0,0,-5.0664,-3.2432,7.1351,6.7977,4.1168,1,0,0,0.1263,0.4435,0.6653,0.6653,0.9855,0,0,0,-2.4590,-2.1178,2.5414,2.5414,2.2962,0,0,0,5.4552,5.1640,6.1967,6.1967,5.6756,0,0,0,-6.2273,-7.3837,-8.8605,-8.8605,-9.2762,0,0,0
16.928282,1788532558.471150,38.0858,54.3287,54.3287,58.6000,59.9486,1,0,0,-5.1206,-3.3240,7.3129,6.9977,4.2766,1,0,0,0.2108,0.4337,0.6505,0.6505,0.9677,0,0,0,-2.4590,-2.1322,2.5587,2.5587,2.3042,0,0,0,5.2696,5.1684,6.2021,6.2021,5.7064,0,0,0,-6.2895,-7.3374,-8.8048,-8.8048,-9.2682,0,0,0
16.935781,1788532558.478687,38.0858,53.4791,53.4791,58.4000,59.9136,1,0,0,-5.1206,-3.4070,7.4953,7.1977,4.4410,1,0,0,0.2108,0.4236,0.6354,0.6354,0.9491,0,0,0,-2.4590,-2.1470,2.5764,2.5764,2.3141,0,0,0,5.2696,5.1730,6.2076,6.2076,5.7385,0,0,0,-6.2895,-7.2898,-8.7477,-8.7477,-9.2566,0,0,0
16.943779,1788532558.487196,38.0858,52.5742,52.5742,58.2000,59.8677,1,0,0,-5.1206,-3.4957,7.6906,7.3977,4.6097,1,0,0,0.2108,0.4127,0.6191,0.6191,0.9298,0,0,0,-2.4590,-2.1629,2.5955,2.5955,2.3257,0,0,0,5.2696,5.1780,6.2136,6.2136,5.7715,0,0,0,-6.2895,-7.2387,-8.6865,-8.6865,-9.2410,0,0,0
16.952287,1788532558.494196,38.0858,51.8640,51.8640,58.0000,59.8107,1,0,0,-5.1206,-3.5656,7.8444,7.5977,4.7823,1,0,0,0.2108,0.4042,0.6063,0.6063,0.9099,0,0,0,-2.4590,-2.1754,2.6105,2.6105,2.3387,0,0,0,5.2696,5.1818,6.2182,6.2182,5.8048,0,0,0,-6.2895,-7.1985,-8.6382,-8.6382,-9.2215,0,0,0
16.960304,1788532558.501707,38.0858,51.1406,51.1406,57.8000,59.7425,1,0,0,-5.1206,-3.6372,8.0019,7.7977,4.9583,1,0,0,0.2108,0.3955,0.5932,0.5932,0.8896,0,0,0,-2.4590,-2.1882,2.6259,2.6259,2.3529,0,0,0,5.2696,5.1858,6.2230,6.2230,5.8378,0,0,0,-6.2895,-7.1573,-8.5888,-8.5888,-9.1982,0,0,0
16.967816,1788532558.510719,38.0858,50.3267,50.3267,57.6000,59.6632,1,0,0,-5.1206,-3.7184,8.1804,7.9977,5.1376,1,0,0,0.2108,0.3855,0.5783,0.5783,0.8691,0,0,0,-2.4590,-2.2028,2.6433,2.6433,2.3682,0,0,0,5.2696,5.1903,6.2284,6.2284,5.8701,0,0,0,-6.2895,-7.1105,-8.5326,-8.5326,-9.1714,0,0,0
16.975818,1788532558.519228,38.0858,49.6035,49.6035,57.4000,59.5731,1,0,0,-5.1206,-3.7910,8.3403,8.1977,5.3196,1,0,0,0.2108,0.3767,0.5650,0.5650,0.8486,0,0,0,-2.4590,-2.2158,2.6590,2.6590,2.3843,0,0,0,5.2696,5.1944,6.2332,6.2332,5.9014,0,0,0,-6.2895,-7.0686,-8.4823,-8.4823,-9.1414,0,0,0
16.984043,1788532558.526452,38.0858,49.0202,49.0202,57.2000,59.4727,1,0,0,-5.1206,-3.8500,8.4699,8.3977,5.5041,1,0,0,0.2108,0.3694,0.5541,0.5541,0.8281,0,0,0,-2.4590,-2.2264,2.6717,2.6717,2.4011,0,0,0,5.2696,5.1976,6.2372,6.2372,5.9315,0,0,0,-6.2895,-7.0345,-8.4414,-8.4414,-9.1085,0,0,0
16.992046,1788532558.535473,38.0858,48.3380,48.3380,57.0000,59.3625,1,0,0,-5.1206,-3.9195,8.6230,8.5977,5.6909,1,0,0,0.2108,0.3609,0.5413,0.5413,0.8079,0,0,0,-2.4590,-2.2389,2.6867,2.6867,2.4183,0,0,0,5.2696,5.2015,6.2418,6.2418,5.9601,0,0,0,-6.2895,-6.9943,-8.3931,-8.3931,-9.0730,0,0,0
16.999187,1788532558.542461,38.0858,47.8354,47.8354,56.8000,59.2431,1,0,0,-5.1206,-3.9711,8.7364,8.7364,5.8797,0,0,0,0.2108,0.3546,0.5318,0.5318,0.7879,0,0,0,-2.4590,-2.2482,2.6978,2.6978,2.4358,0,0,0,5.2696,5.2044,6.2453,6.2453,5.9873,0,0,0,-6.2895,-6.9644,-8.3573,-8.3573,-9.0352,0,0,0
17.008210,1788532558.551111,24.1534,46.4056,46.4056,56.6000,59.1150,1,0,0,-4.5271,-4.0003,8.8008,8.8008,6.0702,0,0,0,0.1878,0.3459,0.5189,0.5189,0.7682,0,0,0,-2.2699,-2.2493,2.6992,2.6992,2.4536,0,0,0,4.5199,5.1690,6.2028,6.2028,6.0128,0,0,0,-6.1904,-6.9242,-8.3091,-8.3091,-8.9955,0,0,0
17.016068,1788532558.558624,22.9085,45.1544,45.1544,56.4000,58.9790,1,0,0,-4.4322,-4.0202,8.8444,8.8444,6.2622,0,0,0,0.1352,0.3364,0.5046,0.5046,0.7489,0,0,0,-2.3319,-2.2530,2.7036,2.7036,2.4715,0,0,0,4.4955,5.1386,6.1663,6.1663,6.0367,0,0,0,-5.8419,-6.8750,-8.2501,-8.2501,-8.9542,0,0,0
17.024560,1788532558.567470,22.9085,43.7663,43.7663,56.2000,58.8356,1,0,0,-4.4322,-4.0423,8.8930,8.8930,6.4547,0,0,0,0.1352,0.3258,0.4887,0.4887,0.7301,0,0,0,-2.3319,-2.2572,2.7086,2.7086,2.4894,0,0,0,4.4955,5.1046,6.1255,6.1255,6.0590,0,0,0,-5.8419,-6.8202,-8.1842,-8.1842,-8.9117,0,0,0
17.031564,1788532558.574978,22.9085,42.6454,42.6454,56.0000,58.7236,1,0,0,-4.4322,-4.0602,8.9324,8.9324,6.5982,0,0,0,0.1352,0.3172,0.4758,0.4758,0.7164,0,0,0,-2.3319,-2.2606,2.7127,2.7127,2.5027,0,0,0,4.4955,5.0771,6.0926,6.0926,6.0743,0,0,0,-5.8419,-6.7758,-8.1309,-8.1309,-8.8791,0,0,0
17.039853,1788532558.582266,22.9085,41.6097,41.6097,55.8000,58.5688,1,0,0,-4.4322,-4.0768,8.9689,8.9689,6.7867,0,0,0,0.1352,0.3092,0.4638,0.4638,0.6984,0,0,0,-2.3319,-2.2637,2.7164,2.7164,2.5200,0,0,0,4.4955,5.0516,6.0620,6.0620,6.0925,0,0,0,-5.8419,-6.7345,-8.0814,-8.0814,-8.8348,0,0,0
17.048873,1788532558.591275,22.9085,40.4092,40.4092,55.6000,58.4083,1,0,0,-4.4322,-4.0961,9.0115,9.0115,6.9704,0,0,0,0.1352,0.2998,0.4498,0.4498,0.6808,0,0,0,-2.3319,-2.2674,2.7208,2.7208,2.5367,0,0,0,4.4955,5.0218,6.0262,6.0262,6.1076,0,0,0,-5.8419,-6.6863,-8.0235,-8.0235,-8.7895,0,0,0
17.056691,1788532558.599089,22.9085,39.4243,39.4243,55.4000,58.2427,1,0,0,-4.4322,-4.1121,9.0466,9.0466,7.1478,0,0,0,0.1352,0.2921,0.4382,0.4382,0.6637,0,0,0,-2.3319,-2.2704,2.7245,2.7245,2.5529,0,0,0,4.4955,4.9972,5.9966,5.9966,6.1194,0,0,0,-5.8419,-6.6464,-7.9757,-7.9757,-8.7430,0,0,0
17.065068,1788532558.606328,15.3956,38.1581,38.1581,55.2000,58.0724,1,0,0,-3.6958,-4.0937,9.0062,9.0062,7.3178,0,0,0,0.2685,0.2911,0.4366,0.4366,0.6468,0,0,0,-2.8580,-2.2960,2.7552,2.7552,2.5683,0,0,0,4.0614,4.9565,5.9478,5.9478,6.1280,0,0,0,-4.2195,-6.5397,-7.8477,-7.8477,-8.6956,0,0,0
17.072400,1788532558.613483,14.2981,36.9071,36.9071,55.0000,57.8981,1,0,0,-3.5974,-4.0721,8.9585,8.9585,7.4799,0,0,0,0.2819,0.2907,0.4360,0.4360,0.6304,0,0,0,-2.8412,-2.3195,2.7834,2.7834,2.5830,0,0,0,3.9310,4.9123,5.8948,5.8948,6.1332,0,0,0,-4.1269,-6.4347,-7.7217,-7.7217,-8.6474,0,0,0
17.080444,1788532558.622817,14.2981,35.3807,35.3807,54.8000,57.7200,1,0,0,-3.5974,-4.0454,8.8999,8.8999,7.6335,0,0,0,0.2819,0.2902,0.4353,0.4353,0.6143,0,0,0,-2.8412,-2.3485,2.8182,2.8182,2.5969,0,0,0,3.9310,4.8578,5.8294,5.8294,6.1351,0,0,0,-4.1269,-6.3053,-7.5663,-7.5663,-8.5984,0,0,0
17.089028,1788532558.630857,14.2981,34.1392,34.1392,54.6000,57.5387,1,0,0,-3.5974,-4.0236,8.8519,8.8519,7.7779,0,0,0,0.2819,0.2898,0.4347,0.4347,0.5987,0,0,0,-2.8412,-2.3723,2.8467,2.8467,2.6103,0,0,0,3.9310,4.8132,5.7758,5.7758,6.1338,0,0,0,-4.1269,-6.1991,-7.4390,-7.4390,-8.5481,0,0,0
17.096545,1788532558.638448,11.1926,32.8534,32.8534,54.4000,57.3546,1,0,0,-3.3227,-3.9913,8.7809,8.7809,7.9117,0,0,0,0.6290,0.3053,0.4579,0.4579,0.5836,0,0,0,-2.7310,-2.3887,2.8664,2.8664,2.6235,0,0,0,3.6272,4.7590,5.7108,5.7108,6.1291,0,0,0,-4.1633,-6.1051,-7.3262,-7.3262,-8.4956,0,0,0
17.104565,1788532558.646978,10.2942,31.4383,31.4383,54.2000,57.1679,1,0,0,-3.3227,-3.9570,8.7053,8.7053,8.0340,0,0,0,0.6758,0.3242,0.4862,0.4862,0.5692,0,0,0,-2.7310,-2.4061,2.8874,2.8874,2.6369,0,0,0,3.6249,4.7011,5.6413,5.6413,6.1208,0,0,0,-4.0367,-5.9983,-7.1980,-7.1980,-8.4397,0,0,0
17.112606,1788532558.655033,9.4424,30.1270,30.1270,54.0000,56.9790,1,0,0,-3.3630,-3.9281,8.6418,8.6418,8.1443,0,0,0,0.7036,0.3425,0.5137,0.5137,0.5557,0,0,0,-2.7310,-2.4218,2.9062,2.9062,2.6507,0,0,0,3.6249,4.6491,5.5789,5.5789,6.1087,0,0,0,-4.0367,-5.9024,-7.0828,-7.0828,-8.3797,0,0,0
17.121112,1788532558.663019,9.4424,28.9009,28.9009,53.8000,56.7882,1,0,0,-3.3630,-3.9009,8.5819,8.5819,8.2423,0,0,0,0.7036,0.3597,0.5396,0.5396,0.5432,0,0,0,-2.7310,-2.4367,2.9240,2.9240,2.6652,0,0,0,3.6249,4.5999,5.5199,5.5199,6.0930,0,0,0,-4.0367,-5.8118,-6.9741,-6.9741,-8.3155,0,0,0
17.128634,1788532558.671527,9.4424,27.6758,27.6758,53.6000,56.6440,1,0,0,-3.3630,-3.8734,8.5214,8.5214,8.3074,0,0,0,0.7036,0.3772,0.5658,0.5658,0.5348,0,0,0,-2.7310,-2.4517,2.9420,2.9420,2.6763,0,0,0,3.6249,4.5502,5.4602,5.4602,6.0786,0,0,0,-4.0367,-5.7202,-6.8643,-6.8643,-8.2645,0,0,0
17.136659,1788532558.679070,9.4424,26.6493,26.6493,53.4000,56.4505,1,0,0,-3.3630,-3.8501,8.4702,8.4702,8.3832,0,0,0,0.7036,0.3920,0.5879,0.5879,0.5251,0,0,0,-2.7310,-2.4643,2.9572,2.9572,2.6917,0,0,0,3.6249,4.5081,5.4097,5.4097,6.0562,0,0,0,-4.0367,-5.6427,-6.7713,-6.7713,-8.1927,0,0,0
17.144672,1788532558.688076,7.2498,25.3594,25.3594,53.2000,56.2557,1,0,0,-3.5919,-3.8362,8.4396,8.4396,8.4467,0,0,0,0.9178,0.4201,0.6302,0.6302,0.5174,0,0,0,-2.7391,-2.4791,2.9749,2.9749,2.7075,0,0,0,3.6582,4.4623,5.3547,5.3547,6.0301,0,0,0,-3.9405,-5.5500,-6.6600,-6.6600,-8.1169,0,0,0
17.152285,1788532558.694581,7.2498,24.4710,24.4710,53.0000,56.0598,1,0,0,-3.5919,-3.8265,8.4184,8.4184,8.4984,0,0,0,0.9178,0.4397,0.6595,0.6595,0.5120,0,0,0,-2.7391,-2.4894,2.9872,2.9872,2.7237,0,0,0,3.6582,4.4305,5.3166,5.3166,6.0005,0,0,0,-3.9405,-5.4857,-6.5828,-6.5828,-8.0372,0,0,0
17.160820,1788532558.702704,5.8840,23.3454,23.3454,52.8000,55.8630,1,0,0,-3.5919,-3.8151,8.3932,8.3932,8.5390,0,0,0,0.9998,0.4669,0.7003,0.7003,0.5087,0,0,0,-2.6349,-2.4964,2.9957,2.9957,2.7402,0,0,0,3.3131,4.3759,5.2511,5.2511,5.9678,0,0,0,-3.9405,-5.4093,-6.4912,-6.4912,-7.9541,0,0,0
17.168328,1788532558.711236,5.3253,22.2030,22.2030,52.6000,55.6654,1,0,0,-3.7418,-3.8113,8.3849,8.3849,8.5695,0,0,0,1.0077,0.4944,0.7417,0.7417,0.5077,0,0,0,-2.6272,-2.5031,3.0037,3.0037,2.7570,0,0,0,3.3071,4.3211,5.1854,5.1854,5.9323,0,0,0,-3.8956,-5.3309,-6.3971,-6.3971,-7.8680,0,0,0
17.177319,1788532558.719757,4.8610,21.1054,21.1054,52.4000,55.4672,1,0,0,-3.9191,-3.8168,8.3971,8.3971,8.5909,0,0,0,1.0087,0.5206,0.7809,0.7809,0.5092,0,0,0,-2.5935,-2.5077,3.0093,3.0093,2.7739,0,0,0,3.2050,4.2640,5.1168,5.1168,5.8943,0,0,0,-3.8956,-5.2567,-6.3080,-6.3080,-7.7794,0,0,0
17.184848,1788532558.727738,4.3760,20.1100,20.1100,52.2000,55.2684,1,0,0,-4.0827,-3.8296,8.4251,8.4251,8.6045,0,0,0,1.0087,0.5440,0.8159,0.8159,0.5132,0,0,0,-2.5935,-2.5118,3.0142,3.0142,2.7909,0,0,0,3.1440,4.2101,5.0521,5.0521,5.8543,0,0,0,-3.8956,-5.1905,-6.2286,-6.2286,-7.6889,0,0,0
17.193128,1788532558.735264,3.9484,19.1999,19.1999,52.0000,55.0693,1,0,0,-4.2871,-3.8504,8.4708,8.4708,8.6114,0,0,0,1.0391,0.5664,0.8495,0.8495,0.5197,0,0,0,-2.5785,-2.5149,3.0178,3.0178,2.8078,0,0,0,3.2050,4.1643,4.9972,4.9972,5.8122,0,0,0,-3.8327,-5.1280,-6.1537,-6.1537,-7.5969,0,0,0
17.201173,1788532558.744053,3.9484,18.2084,18.2084,51.8000,54.8697,1,0,0,-4.2871,-3.8733,8.5213,8.5213,8.6130,0,0,0,1.0391,0.5911,0.8867,0.8867,0.5288,0,0,0,-2.5785,-2.5182,3.0218,3.0218,2.8245,0,0,0,3.2050,4.1137,4.9364,4.9364,5.7681,0,0,0,-3.8327,-5.0590,-6.0708,-6.0708,-7.5037,0,0,0
17.208705,1788532558.750610,3.1474,17.4652,17.4652,51.6000,54.6699,1,0,0,-4.5432,-3.9000,8.5800,8.5800,8.6105,0,0,0,1.0719,0.6102,0.9153,0.9153,0.5405,0,0,0,-2.6487,-2.5234,3.0281,3.0281,2.8407,0,0,0,3.5494,4.0912,4.9094,4.9094,5.7220,0,0,0,-3.7327,-5.0056,-6.0067,-6.0067,-7.4098,0,0,0
17.217230,1788532558.758120,3.1474,16.6625,16.6625,51.4000,54.4698,1,0,0,-4.5432,-3.9291,8.6441,8.6441,8.6056,0,0,0,1.0719,0.6311,0.9466,0.9466,0.5546,0,0,0,-2.6487,-2.5290,3.0349,3.0349,2.8565,0,0,0,3.5494,4.0666,4.8799,4.8799,5.6740,0,0,0,-3.7327,-4.9471,-5.9366,-5.9366,-7.3154,0,0,0
17.224740,1788532558.766644,2.4741,15.7682,15.7682,51.2000,54.3196,1,0,0,-4.8268,-3.9750,8.7451,8.7451,8.6011,0,0,0,1.0432,0.6521,0.9781,0.9781,0.5666,0,0,0,-2.6487,-2.5351,3.0422,3.0422,2.8679,0,0,0,3.6635,4.0459,4.8551,4.8551,5.6371,0,0,0,-3.9342,-4.8947,-5.8736,-5.8736,-7.2446,0,0,0
17.233275,1788532558.774154,2.4741,15.0254,15.0254,51.0000,54.1193,1,0,0,-4.8268,-4.0137,8.8300,8.8300,8.5951,0,0,0,1.0432,0.6698,1.0046,1.0046,0.5845,0,0,0,-2.6487,-2.5403,3.0483,3.0483,2.8825,0,0,0,3.6635,4.0285,4.8342,4.8342,5.5865,0,0,0,-3.9342,-4.8506,-5.8208,-5.8208,-7.1504,0,0,0
17.241275,1788532558.783690,2.4741,14.1516,14.1516,50.8000,53.9688,1,0,0,-4.8268,-4.0599,8.9318,8.9318,8.5913,0,0,0,1.0432,0.6909,1.0364,1.0364,0.5991,0,0,0,-2.6487,-2.5464,3.0557,3.0557,2.8931,0,0,0,3.6635,4.0077,4.8093,4.8093,5.5481,0,0,0,-3.9342,-4.7979,-5.7575,-5.7575,-7.0802,0,0,0
17.249275,1788532558.790701,2.4741,13.5436,13.5436,50.6000,53.7145,1,0,0,-4.8268,-4.0925,9.0035,9.0035,8.5891,0,0,0,1.0432,0.7058,1.0588,1.0588,0.6262,0,0,0,-2.6487,-2.5507,3.0609,3.0609,2.9100,0,0,0,3.6635,3.9931,4.7917,4.7917,5.4833,0,0,0,-3.9342,-4.7608,-5.7130,-5.7130,-6.9631,0,0,0
17.257265,1788532558.800197,2.4741,12.7804,12.7804,50.4000,53.5079,1,0,0,-4.8268,-4.1341,9.0950,9.0950,8.5924,0,0,0,1.0432,0.7249,1.0873,1.0873,0.6499,0,0,0,-2.6487,-2.5563,3.0675,3.0675,2.9229,0,0,0,3.6635,3.9744,4.7693,4.7693,5.4314,0,0,0,-3.9342,-4.7135,-5.6562,-5.6562,-6.8700,0,0,0
17.264825,1788532558.807678,2.4741,12.2137,12.2137,50.2000,53.2993,1,0,0,-4.8268,-4.1654,9.1639,9.1639,8.6007,0,0,0,1.0432,0.7392,1.1088,1.1088,0.6751,0,0,0,-2.6487,-2.5604,3.0725,3.0725,2.9353,0,0,0,3.6635,3.9603,4.7524,4.7524,5.3800,0,0,0,-3.9342,-4.6779,-5.6135,-5.6135,-6.7780,0,0,0
17.273334,1788532558.815244,2.4741,11.6739,11.6739,50.0000,53.0893,1,0,0,-4.8268,-4.1957,9.2305,9.2305,8.6143,0,0,0,1.0432,0.7531,1.1296,1.1296,0.7016,0,0,0,-2.6487,-2.5645,3.0773,3.0773,2.9472,0,0,0,3.6635,3.9467,4.7361,4.7361,5.3296,0,0,0,-3.9342,-4.6436,-5.5723,-5.5723,-6.6874,0,0,0
17.280867,1788532558.822765,0.9386,11.0836,11.0836,49.8000,52.8783,1,0,0,-5.0438,-4.2342,9.3153,9.3153,8.6332,0,0,0,0.8315,0.7566,1.1349,1.1349,0.7289,0,0,0,-2.6140,-2.5667,3.0800,3.0800,2.9586,0,0,0,3.7039,3.9357,4.7229,4.7229,5.2805,0,0,0,-4.0441,-4.6161,-5.5393,-5.5393,-6.5987,0,0,0
17.289372,1788532558.830281,0.9386,10.5273,10.5273,49.6000,52.6667,1,0,0,-5.0438,-4.2710,9.3962,9.3962,8.6573,0,0,0,0.8315,0.7600,1.1400,1.1400,0.7569,0,0,0,-2.6140,-2.5688,3.0826,3.0826,2.9695,0,0,0,3.7039,3.9252,4.7102,4.7102,5.2328,0,0,0,-4.0441,-4.5899,-5.5079,-5.5079,-6.5122,0,0,0
17.296375,1788532558.838793,0.6599,9.9211,9.9211,49.4000,52.5079,1,0,0,-5.1505,-4.3160,9.4952,9.4952,8.6784,0,0,0,0.7026,0.7571,1.1356,1.1356,0.7782,0,0,0,-2.5887,-2.5698,3.0838,3.0838,2.9773,0,0,0,3.5453,3.9058,4.6869,4.6869,5.1983,0,0,0,-3.7944,-4.5489,-5.4587,-5.4587,-6.4490,0,0,0
17.304921,1788532558.847308,0.5593,9.3477,9.3477,49.2000,52.2961,1,0,0,-5.1917,-4.3608,9.5938,9.5938,8.7107,0,0,0,0.7026,0.7543,1.1315,1.1315,0.8065,0,0,0,-2.5633,-2.5695,3.0834,3.0834,2.9873,0,0,0,3.5384,3.8870,4.6644,4.6644,5.1538,0,0,0,-4.1453,-4.5281,-5.4337,-5.4337,-6.3671,0,0,0
17.313493,1788532558.855334,0.4871,8.8359,8.8359,49.0000,52.0845,1,0,0,-5.2740,-4.4050,9.6911,9.6911,8.7476,0,0,0,0.6970,0.7516,1.1273,1.1273,0.8344,0,0,0,-2.5633,-2.5692,3.0831,3.0831,2.9967,0,0,0,3.5453,3.8705,4.6446,4.6446,5.1114,0,0,0,-4.1453,-4.5094,-5.4113,-5.4113,-6.2883,0,0,0
17.321493,1788532558.862911,0.4871,8.3805,8.3805,48.8000,51.8732,1,0,0,-5.2740,-4.4449,9.7787,9.7787,8.7889,0,0,0,0.6970,0.7491,1.1236,1.1236,0.8615,0,0,0,-2.5633,-2.5689,3.0827,3.0827,3.0056,0,0,0,3.5453,3.8556,4.6267,4.6267,5.0710,0,0,0,-4.1453,-4.4926,-5.3912,-5.3912,-6.2125,0,0,0
17.329495,1788532558.871924,0.3770,7.8688,7.8688,48.6000,51.6624,1,0,0,-5.4431,-4.4988,9.8974,9.8974,8.8349,0,0,0,0.6919,0.7460,1.1190,1.1190,0.8874,0,0,0,-2.6808,-2.5749,3.0899,3.0899,3.0139,0,0,0,3.9858,3.8626,4.6351,4.6351,5.0324,0,0,0,-4.2680,-4.4804,-5.3765,-5.3765,-6.1398,0,0,0
17.337576,1788532558.879927,0.3770,7.4418,7.4418,48.4000,51.4522,1,0,0,-5.4431,-4.5445,9.9978,9.9978,8.8852,0,0,0,0.6919,0.7434,1.1151,1.1151,0.9118,0,0,0,-2.6808,-2.5800,3.0960,3.0960,3.0217,0,0,0,3.9858,3.8685,4.6422,4.6422,4.9956,0,0,0,-4.2680,-4.4701,-5.3642,-5.3642,-6.0704,0,0,0
17.345582,1788532558.886993,0.3770,7.0849,7.0849,48.2000,51.2425,1,0,0,-5.4431,-4.5830,10.0826,10.0826,8.9398,0,0,0,0.6919,0.7412,1.1118,1.1118,0.9347,0,0,0,-2.6808,-2.5843,3.1012,3.1012,3.0287,0,0,0,3.9858,3.8736,4.6483,4.6483,4.9605,0,0,0,-4.2680,-4.4614,-5.3537,-5.3537,-6.0044,0,0,0
17.352704,1788532558.896408,0.2438,6.6342,6.6342,48.0000,51.0857,1,0,0,-5.6598,-4.6437,10.2162,10.2162,8.9835,0,0,0,0.5825,0.7323,1.0985,1.0985,0.9506,0,0,0,-2.6773,-2.5895,3.1074,3.1074,3.0337,0,0,0,3.9296,3.8767,4.6520,4.6520,4.9354,0,0,0,-4.3617,-4.4558,-5.3469,-5.3469,-5.9572,0,0,0
17.361713,1788532558.903129,0.2438,6.3286,6.3286,47.8000,50.8772,1,0,0,-5.6598,-4.6853,10.3076,10.3076,9.0454,0,0,0,0.5825,0.7262,1.0894,1.0894,0.9703,0,0,0,-2.6773,-2.5931,3.1117,3.1117,3.0400,0,0,0,3.9296,3.8789,4.6546,4.6546,4.9039,0,0,0,-4.3617,-4.4519,-5.3423,-5.3423,-5.8974,0,0,0
17.368981,1788532558.911385,0.1991,5.9738,5.9738,47.6000,50.6694,1,0,0,-5.7649,-4.7391,10.4260,10.4260,9.1111,0,0,0,0.5451,0.7173,1.0760,1.0760,0.9882,0,0,0,-2.6923,-2.5980,3.1176,3.1176,3.0459,0,0,0,4.0058,3.8851,4.6622,4.6622,4.8748,0,0,0,-4.3650,-4.4476,-5.3371,-5.3371,-5.8414,0,0,0
17.377487,1788532558.920400,0.1794,5.6112,5.6112,47.4000,50.4623,1,0,0,-5.7778,-4.7953,10.5497,10.5497,9.1805,0,0,0,0.5330,0.7074,1.0611,1.0611,1.0043,0,0,0,-2.7002,-2.6035,3.1242,3.1242,3.0515,0,0,0,4.0383,3.8934,4.6721,4.6721,4.8481,0,0,0,-4.3310,-4.4413,-5.3295,-5.3295,-5.7890,0,0,0
17.385516,1788532558.927417,0.1794,5.3436,5.3436,47.2000,50.2557,1,0,0,-5.7778,-4.8372,10.6419,10.6419,9.2536,0,0,0,0.5330,0.7000,1.0501,1.0501,1.0184,0,0,0,-2.7002,-2.6076,3.1291,3.1291,3.0569,0,0,0,4.0383,3.8995,4.6794,4.6794,4.8239,0,0,0,-4.3310,-4.4366,-5.3239,-5.3239,-5.7403,0,0,0
17.393518,1788532558.934932,0.1630,5.0722,5.0722,47.0000,50.0498,1,0,0,-5.8092,-4.8815,10.7394,10.7394,9.3301,0,0,0,0.5000,0.6910,1.0365,1.0365,1.0305,0,0,0,-2.7915,-2.6159,3.1390,3.1390,3.0622,0,0,0,4.0732,3.9074,4.6889,4.6889,4.8020,0,0,0,-4.1089,-4.4217,-5.3060,-5.3060,-5.6953,0,0,0
17.401068,1788532558.943944,0.1630,4.7683,4.7683,46.8000,49.8445,1,0,0,-5.8092,-4.9318,10.8499,10.8499,9.4100,0,0,0,0.5000,0.6808,1.0212,1.0212,1.0407,0,0,0,-2.7915,-2.6253,3.1504,3.1504,3.0673,0,0,0,4.0732,3.9163,4.6996,4.6996,4.7826,0,0,0,-4.1089,-4.4047,-5.2857,-5.2857,-5.6538,0,0,0
17.409671,1788532558.951600,0.1692,4.5250,4.5250,46.6000,49.6397,1,0,0,-5.8911,-4.9763,10.9479,10.9479,9.4932,0,0,0,0.5000,0.6725,1.0087,1.0087,1.0488,0,0,0,-2.6976,-2.6286,3.1544,3.1544,3.0723,0,0,0,4.0505,3.9225,4.7070,4.7070,4.7656,0,0,0,-4.3823,-4.4037,-5.2844,-5.2844,-5.6157,0,0,0
17.417347,1788532558.960358,0.1692,4.2645,4.2645,46.4000,49.4354,1,0,0,-5.8911,-5.0245,11.0540,11.0540,9.5790,0,0,0,0.5000,0.6635,0.9952,0.9952,1.0552,0,0,0,-2.6976,-2.6322,3.1587,3.1587,3.0773,0,0,0,4.0505,3.9292,4.7150,4.7150,4.7509,0,0,0,-4.3823,-4.4026,-5.2831,-5.2831,-5.5806,0,0,0
17.425362,1788532558.967268,0.1997,4.0708,4.0708,46.2000,49.2316,1,0,0,-5.9978,-5.0655,11.1441,11.1441,9.6673,0,0,0,0.4912,0.6563,0.9845,0.9845,1.0596,0,0,0,-2.7152,-2.6357,3.1628,3.1628,3.0824,0,0,0,4.1002,3.9363,4.7236,4.7236,4.7384,0,0,0,-4.1614,-4.3924,-5.2709,-5.2709,-5.5483,0,0,0
17.432866,1788532558.974786,0.1997,3.8716,3.8716,46.0000,49.0282,1,0,0,-5.9978,-5.1080,11.2377,11.2377,9.7577,0,0,0,0.4912,0.6489,0.9733,0.9733,1.0623,0,0,0,-2.7152,-2.6393,3.1671,3.1671,3.0876,0,0,0,4.1002,3.9437,4.7325,4.7325,4.7280,0,0,0,-4.1614,-4.3819,-5.2583,-5.2583,-5.5184,0,0,0
17.441009,1788532558.983283,0.2417,3.6627,3.6627,45.8000,48.8759,1,0,0,-6.0650,-5.1571,11.3456,11.3456,9.8268,0,0,0,0.3691,0.6347,0.9520,0.9520,1.0633,0,0,0,-2.7547,-2.6451,3.1742,3.1742,3.0915,0,0,0,4.0769,3.9505,4.7406,4.7406,4.7215,0,0,0,-3.8874,-4.3567,-5.2280,-5.2280,-5.4977,0,0,0
17.449519,1788532558.990925,0.2417,3.4852,3.4852,45.6000,48.6732,1,0,0,-6.0650,-5.1992,11.4382,11.4382,9.9203,0,0,0,0.3691,0.6225,0.9338,0.9338,1.0632,0,0,0,-2.7547,-2.6502,3.1802,3.1802,3.0968,0,0,0,4.0769,3.9563,4.7476,4.7476,4.7145,0,0,0,-3.8874,-4.3350,-5.2020,-5.2020,-5.4720,0,0,0
17.456736,1788532559.000154,0.2417,3.2851,3.2851,45.4000,48.4709,1,0,0,-6.0650,-5.2472,11.5438,11.5438,10.0152,0,0,0,0.3691,0.6086,0.9129,0.9129,1.0617,0,0,0,-2.7547,-2.6559,3.1871,3.1871,3.1021,0,0,0,4.0769,3.9629,4.7555,4.7555,4.7092,0,0,0,-3.8874,-4.3103,-5.1723,-5.1723,-5.4483,0,0,0
17.465339,1788532559.007667,0.3059,3.1342,3.1342,45.2000,48.2688,1,0,0,-6.1390,-5.2878,11.6332,11.6332,10.1111,0,0,0,0.4201,0.6001,0.9002,0.9002,1.0589,0,0,0,-2.7470,-2.6600,3.1920,3.1920,3.1074,0,0,0,3.9959,3.9644,4.7573,4.7573,4.7055,0,0,0,-3.9493,-4.2938,-5.1526,-5.1526,-5.4264,0,0,0
17.473411,1788532559.016824,0.3059,2.9622,2.9622,45.0000,48.0671,1,0,0,-6.1390,-5.3347,11.7363,11.7363,10.2079,0,0,0,0.4201,0.5903,0.8855,0.8855,1.0548,0,0,0,-2.7470,-2.6648,3.1977,3.1977,3.1128,0,0,0,3.9959,3.9661,4.7593,4.7593,4.7032,0,0,0,-3.9493,-4.2750,-5.1299,-5.1299,-5.4057,0,0,0
17.481478,1788532559.023844,0.3059,2.8369,2.8369,44.8000,47.8655,1,0,0,-6.1390,-5.3691,11.8119,11.8119,10.3055,0,0,0,0.4201,0.5831,0.8747,0.8747,1.0494,0,0,0,-2.7470,-2.6682,3.2019,3.2019,3.1181,0,0,0,3.9959,3.9674,4.7609,4.7609,4.7023,0,0,0,-3.9493,-4.2611,-5.1133,-5.1133,-5.3858,0,0,0
17.489479,1788532559.031893,0.3999,2.7065,2.7065,44.6000,47.6642,1,0,0,-6.2776,-5.4133,11.9093,11.9093,10.4037,0,0,0,0.4097,0.5748,0.8621,0.8621,1.0427,0,0,0,-2.8616,-2.6776,3.2131,3.2131,3.1236,0,0,0,4.1599,3.9767,4.7720,4.7720,4.7025,0,0,0,-4.0612,-4.2514,-5.1017,-5.1017,-5.3665,0,0,0
17.497981,1788532559.039891,0.4195,2.5853,2.5853,44.4000,47.4631,1,0,0,-6.2937,-5.4559,12.0030,12.0030,10.5023,0,0,0,0.4204,0.5674,0.8510,0.8510,1.0350,0,0,0,-2.8349,-2.6851,3.2221,3.2221,3.1290,0,0,0,4.1589,3.9854,4.7825,4.7825,4.7036,0,0,0,-4.0908,-4.2437,-5.0924,-5.0924,-5.3476,0,0,0
17.505967,1788532559.047927,0.4195,2.4704,2.4704,44.2000,47.2622,1,0,0,-6.2937,-5.4967,12.0927,12.0927,10.6012,0,0,0,0.4204,0.5603,0.8404,0.8404,1.0263,0,0,0,-2.8349,-2.6923,3.2308,3.2308,3.1345,0,0,0,4.1589,3.9937,4.7925,4.7925,4.7054,0,0,0,-4.0908,-4.2363,-5.0835,-5.0835,-5.3290,0,0,0
17.513208,1788532559.055382,0.4194,2.3693,2.3693,44.0000,47.1116,1,0,0,-6.3383,-5.5348,12.1765,12.1765,10.6753,0,0,0,0.3827,0.5523,0.8285,0.8285,1.0192,0,0,0,-2.8866,-2.7010,3.2412,3.2412,3.1386,0,0,0,4.1640,4.0014,4.8016,4.8016,4.7072,0,0,0,-3.8742,-4.2199,-5.0639,-5.0639,-5.3152,0,0,0
17.521719,1788532559.063619,0.4194,2.2640,2.2640,43.8000,46.9109,1,0,0,-6.3711,-5.5764,12.2681,12.2681,10.7740,0,0,0,0.3743,0.5436,0.8153,0.8153,1.0092,0,0,0,-2.8868,-2.7102,3.2522,3.2522,3.1442,0,0,0,4.1640,4.0094,4.8112,4.8112,4.7102,0,0,0,-3.7895,-4.1986,-5.0383,-5.0383,-5.2971,0,0,0
17.529240,1788532559.071144,0.4218,2.1730,2.1730,43.6000,46.7098,1,0,0,-6.4132,-5.6146,12.3522,12.3522,10.8728,0,0,0,0.3743,0.5359,0.8039,0.8039,0.9986,0,0,0,-2.8868,-2.7182,3.2618,3.2618,3.1499,0,0,0,4.1605,4.0162,4.8194,4.8194,4.7138,0,0,0,-3.7895,-4.1800,-5.0160,-5.0160,-5.2793,0,0,0
17.537291,1788532559.080166,0.4218,2.0706,2.0706,43.4000,46.5060,1,0,0,-6.4132,-5.6580,12.4476,12.4476,10.9724,0,0,0,0.3743,0.5272,0.7909,0.7909,0.9873,0,0,0,-2.8868,-2.7272,3.2727,3.2727,3.1560,0,0,0,4.1605,4.0239,4.8287,4.8287,4.7180,0,0,0,-3.7895,-4.1589,-4.9907,-4.9907,-5.2617,0,0,0
17.545800,1788532559.086705,0.4218,1.9997,1.9997,43.2000,46.2996,1,0,0,-6.4132,-5.6882,12.5139,12.5139,11.0729,0,0,0,0.3743,0.5212,0.7818,0.7818,0.9756,0,0,0,-2.8868,-2.7335,3.2803,3.2803,3.1624,0,0,0,4.1605,4.0293,4.8352,4.8352,4.7230,0,0,0,-3.7895,-4.1443,-4.9731,-4.9731,-5.2440,0,0,0
17.553798,1788532559.095241,0.4218,1.9126,1.9126,43.0000,46.0913,1,0,0,-6.4132,-5.7255,12.5961,12.5961,11.1737,0,0,0,0.3743,0.5137,0.7706,0.7706,0.9634,0,0,0,-2.8868,-2.7414,3.2896,3.2896,3.1691,0,0,0,4.1605,4.0360,4.8432,4.8432,4.7286,0,0,0,-3.7895,-4.1261,-4.9513,-4.9513,-5.2262,0,0,0
17.561335,1788532559.104222,0.4238,1.8267,1.8267,42.8000,45.8816,1,0,0,-6.5203,-5.7684,12.6906,12.6906,11.2746,0,0,0,0.3742,0.5062,0.7594,0.7594,0.9508,0,0,0,-2.8558,-2.7475,3.2970,3.2970,3.1762,0,0,0,4.2156,4.0456,4.8547,4.8547,4.7347,0,0,0,-4.0428,-4.1216,-4.9459,-4.9459,-5.2083,0,0,0
17.569618,1788532559.112009,0.4197,1.7559,1.7559,42.6000,45.6710,1,0,0,-6.5588,-5.8057,12.7726,12.7726,11.3751,0,0,0,0.3742,0.5001,0.7501,0.7501,0.9381,0,0,0,-2.8558,-2.7525,3.3031,3.3031,3.1835,0,0,0,4.2204,4.0538,4.8645,4.8645,4.7412,0,0,0,-4.0476,-4.1181,-4.9417,-4.9417,-5.1901,0,0,0
17.577482,1788532559.120033,0.4182,1.6869,1.6869,42.4000,45.4599,1,0,0,-6.5803,-5.8433,12.8554,12.8554,11.4749,0,0,0,0.3733,0.4940,0.7410,0.7410,0.9252,0,0,0,-2.8558,-2.7575,3.3090,3.3090,3.1911,0,0,0,4.2535,4.0633,4.8760,4.8760,4.7481,0,0,0,-4.0659,-4.1156,-4.9387,-4.9387,-5.1718,0,0,0
17.586021,1788532559.127915,0.4149,1.6225,1.6225,42.2000,45.2486,1,0,0,-6.5910,-5.8790,12.9339,12.9339,11.5741,0,0,0,0.3733,0.4883,0.7324,0.7324,0.9123,0,0,0,-2.8755,-2.7631,3.3157,3.3157,3.1989,0,0,0,4.2746,4.0733,4.8880,4.8880,4.7553,0,0,0,-4.0744,-4.1136,-4.9364,-4.9364,-5.1536,0,0,0
17.594021,1788532559.135434,0.4182,1.5643,1.5643,42.0000,45.0373,1,0,0,-6.6012,-5.9120,13.0064,13.0064,11.6725,0,0,0,0.3733,0.4831,0.7246,0.7246,0.8993,0,0,0,-2.8785,-2.7683,3.3220,3.3220,3.2068,0,0,0,4.2747,4.0824,4.8989,4.8989,4.7629,0,0,0,-4.0689,-4.1116,-4.9339,-4.9339,-5.1356,0,0,0
17.601544,1788532559.144435,0.4278,1.4994,1.4994,41.8000,44.8790,1,0,0,-6.6135,-5.9500,13.0900,13.0900,11.7457,0,0,0,0.3753,0.4773,0.7160,0.7160,0.8897,0,0,0,-2.8755,-2.7741,3.3289,3.3289,3.2127,0,0,0,4.2746,4.0927,4.9112,4.9112,4.7687,0,0,0,-4.0689,-4.1093,-4.9312,-4.9312,-5.1225,0,0,0
17.610240,1788532559.150959,0.4311,1.4545,1.4545,41.6000,44.6682,1,0,0,-6.6471,-5.9777,13.1510,13.1510,11.8424,0,0,0,0.3910,0.4739,0.7109,0.7109,0.8769,0,0,0,-2.8655,-2.7777,3.3332,3.3332,3.2207,0,0,0,4.2504,4.0989,4.9187,4.9187,4.7769,0,0,0,-4.0689,-4.1077,-4.9293,-4.9293,-5.1055,0,0,0
17.618231,1788532559.159643,0.4311,1.3983,1.3983,41.4000,44.4579,1,0,0,-6.6601,-6.0135,13.2296,13.2296,11.9380,0,0,0,0.4246,0.4713,0.7070,0.7070,0.8643,0,0,0,-2.8040,-2.7790,3.3348,3.3348,3.2286,0,0,0,4.2182,4.1051,4.9261,4.9261,4.7853,0,0,0,-4.1112,-4.1079,-4.9295,-4.9295,-5.0892,0,0,0
17.625340,1788532559.168148,0.4249,1.3459,1.3459,41.2000,44.2481,1,0,0,-6.6886,-6.0481,13.3058,13.3058,12.0323,0,0,0,0.4263,0.4691,0.7036,0.7036,0.8519,0,0,0,-2.7834,-2.7793,3.3351,3.3351,3.2366,0,0,0,4.1906,4.1094,4.9313,4.9313,4.7940,0,0,0,-4.1519,-4.1101,-4.9322,-4.9322,-5.0738,0,0,0
17.633360,1788532559.176267,0.4249,1.2986,1.2986,41.0000,44.0388,1,0,0,-6.6886,-6.0795,13.3750,13.3750,12.1253,0,0,0,0.4263,0.4670,0.7005,0.7005,0.8398,0,0,0,-2.7834,-2.7795,3.3353,3.3353,3.2444,0,0,0,4.1906,4.1134,4.9361,4.9361,4.8030,0,0,0,-4.1519,-4.1122,-4.9346,-4.9346,-5.0592,0,0,0
17.641862,1788532559.183777,0.4249,1.2570,1.2570,40.8000,43.8302,1,0,0,-6.6886,-6.1073,13.4360,13.4360,12.2169,0,0,0,0.4263,0.4651,0.6977,0.6977,0.8280,0,0,0,-2.7834,-2.7796,3.3356,3.3356,3.2522,0,0,0,4.1906,4.1169,4.9402,4.9402,4.8121,0,0,0,-4.1519,-4.1140,-4.9368,-4.9368,-5.0455,0,0,0
17.649867,1788532559.191279,0.4249,1.2175,1.2175,40.6000,43.6223,1,0,0,-6.6886,-6.1337,13.4942,13.4942,12.3071,0,0,0,0.4263,0.4634,0.6951,0.6951,0.8166,0,0,0,-2.7834,-2.7798,3.3358,3.3358,3.2596,0,0,0,4.1906,4.1202,4.9442,4.9442,4.8212,0,0,0,-4.1519,-4.1157,-4.9388,-4.9388,-5.0329,0,0,0
17.657404,1788532559.200290,0.4249,1.1729,1.1729,40.4000,43.4667,1,0,0,-6.6886,-6.1638,13.5603,13.5603,12.3738,0,0,0,0.4263,0.4614,0.6921,0.6921,0.8084,0,0,0,-2.7834,-2.7800,3.3360,3.3360,3.2650,0,0,0,4.1906,4.1240,4.9487,4.9487,4.8281,0,0,0,-4.1519,-4.1176,-4.9412,-4.9412,-5.0241,0,0,0
17.665396,1788532559.207811,0.4249,1.1374,1.1374,40.2000,43.2083,1,0,0,-6.6886,-6.1877,13.6130,13.6130,12.4831,0,0,0,0.4263,0.4598,0.6897,0.6897,0.7954,0,0,0,-2.7834,-2.7801,3.3362,3.3362,3.2736,0,0,0,4.1906,4.1270,4.9524,4.9524,4.8394,0,0,0,-4.1519,-4.1192,-4.9430,-4.9430,-5.0107,0,0,0
17.673396,1788532559.215811,0.3740,1.0991,1.0991,40.0000,43.0022,1,0,0,-6.8268,-6.2186,13.6810,13.6810,12.5686,0,0,0,0.4511,0.4594,0.6891,0.6891,0.7855,0,0,0,-2.8270,-2.7824,3.3389,3.3389,3.2800,0,0,0,4.3051,4.1355,4.9626,4.9626,4.8483,0,0,0,-4.2606,-4.1260,-4.9512,-4.9512,-5.0012,0,0,0
17.681495,1788532559.224813,0.3657,1.0581,1.0581,39.8000,42.7966,1,0,0,-6.8557,-6.2531,13.7568,13.7568,12.6524,0,0,0,0.4511,0.4590,0.6884,0.6884,0.7762,0,0,0,-2.8064,-2.7837,3.3404,3.3404,3.2859,0,0,0,4.3015,4.1444,4.9733,4.9733,4.8570,0,0,0,-4.2879,-4.1347,-4.9616,-4.9616,-4.9927,0,0,0
17.689515,1788532559.231911,0.3657,1.0272,1.0272,39.6000,42.6429,1,0,0,-6.8557,-6.2791,13.8140,13.8140,12.7141,0,0,0,0.4511,0.4586,0.6879,0.6879,0.7696,0,0,0,-2.8064,-2.7847,3.3416,3.3416,3.2901,0,0,0,4.3015,4.1511,4.9813,4.9813,4.8633,0,0,0,-4.2879,-4.1412,-4.9695,-4.9695,-4.9870,0,0,0
17.698005,1788532559.240917,0.3542,0.9896,0.9896,39.4000,42.4383,1,0,0,-6.9139,-6.3134,13.8896,13.8896,12.7949,0,0,0,0.4679,0.4591,0.6887,0.6887,0.7612,0,0,0,-2.8064,-2.7858,3.3430,3.3430,3.2954,0,0,0,4.2839,4.1582,4.9899,4.9899,4.8716,0,0,0,-4.3355,-4.1517,-4.9820,-4.9820,-4.9802,0,0,0
17.706166,1788532559.247005,0.3542,0.9652,0.9652,39.2000,42.2342,1,0,0,-6.9139,-6.3358,13.9387,13.9387,12.8740,0,0,0,0.4679,0.4594,0.6892,0.6892,0.7534,0,0,0,-2.8064,-2.7866,3.3439,3.3439,3.3003,0,0,0,4.2839,4.1629,4.9954,4.9954,4.8797,0,0,0,-4.3355,-4.1584,-4.9901,-4.9901,-4.9745,0,0,0
17.713639,1788532559.256579,0.3542,0.9292,0.9292,39.0000,42.0305,1,0,0,-6.9139,-6.3689,14.0116,14.0116,12.9518,0,0,0,0.4679,0.4599,0.6899,0.6899,0.7462,0,0,0,-2.8064,-2.7877,3.3452,3.3452,3.3048,0,0,0,4.2839,4.1697,5.0037,5.0037,4.8878,0,0,0,-4.3355,-4.1685,-5.0022,-5.0022,-4.9699,0,0,0
17.722166,1788532559.264059,0.3542,0.9024,0.9024,38.8000,41.8273,1,0,0,-6.9139,-6.3936,14.0660,14.0660,13.0282,0,0,0,0.4679,0.4603,0.6904,0.6904,0.7395,0,0,0,-2.8064,-2.7885,3.3463,3.3463,3.3089,0,0,0,4.2839,4.1749,5.0098,5.0098,4.8958,0,0,0,-4.3355,-4.1760,-5.0112,-5.0112,-4.9664,0,0,0
17.729679,1788532559.273089,0.2938,0.8685,0.8685,38.6000,41.6245,1,0,0,-6.9858,-6.4257,14.1366,14.1366,13.1034,0,0,0,0.4124,0.4577,0.6866,0.6866,0.7335,0,0,0,-2.8779,-2.7933,3.3520,3.3520,3.3128,0,0,0,4.3116,4.1822,5.0187,5.0187,4.9038,0,0,0,-4.2657,-4.1808,-5.0170,-5.0170,-4.9640,0,0,0
17.738188,1788532559.281093,0.2757,0.8392,0.8392,38.4000,41.4220,1,0,0,-7.0220,-6.4546,14.2001,14.2001,13.1773,0,0,0,0.3877,0.4544,0.6815,0.6815,0.7279,0,0,0,-2.8940,-2.7982,3.3578,3.3578,3.3164,0,0,0,4.3195,4.1888,5.0266,5.0266,4.9116,0,0,0,-4.2408,-4.1837,-5.0205,-5.0205,-4.9627,0,0,0
17.745695,1788532559.288105,0.2581,0.8138,0.8138,38.2000,41.2198,1,0,0,-7.0388,-6.4795,14.2549,14.2549,13.2501,0,0,0,0.3541,0.4501,0.6752,0.6752,0.7230,0,0,0,-2.9829,-2.8060,3.3672,3.3672,3.3197,0,0,0,4.3195,4.1943,5.0332,5.0332,4.9194,0,0,0,-3.9991,-4.1759,-5.0111,-5.0111,-4.9624,0,0,0
17.754275,1788532559.297111,0.2581,0.7831,0.7831,38.0000,41.0179,1,0,0,-7.0388,-6.5097,14.3214,14.3214,13.3218,0,0,0,0.3541,0.4450,0.6675,0.6675,0.7185,0,0,0,-2.9829,-2.8155,3.3786,3.3786,3.3228,0,0,0,4.3195,4.2010,5.0412,5.0412,4.9272,0,0,0,-3.9991,-4.1664,-4.9997,-4.9997,-4.9631,0,0,0
17.761528,1788532559.304696,0.2581,0.7584,0.7584,37.8000,40.8667,1,0,0,-7.0388,-6.5340,14.3749,14.3749,13.3750,0,0,0,0.3541,0.4408,0.6613,0.6613,0.7154,0,0,0,-2.9829,-2.8231,3.3877,3.3877,3.3250,0,0,0,4.3195,4.2064,5.0477,5.0477,4.9330,0,0,0,-3.9991,-4.1588,-4.9906,-4.9906,-4.9642,0,0,0
17.769701,1788532559.311982,0.2581,0.7358,0.7358,37.6000,40.6149,1,0,0,-7.0388,-6.5563,14.4239,14.4239,13.4624,0,0,0,0.3541,0.4370,0.6556,0.6556,0.7105,0,0,0,-2.9829,-2.8301,3.3961,3.3961,3.3287,0,0,0,4.3195,4.2114,5.0537,5.0537,4.9426,0,0,0,-3.9991,-4.1518,-4.9822,-4.9822,-4.9667,0,0,0
17.778492,1788532559.320122,0.2581,0.7119,0.7119,37.4000,40.4640,1,0,0,-7.0388,-6.5800,14.4761,14.4761,13.5142,0,0,0,0.3541,0.4330,0.6495,0.6495,0.7078,0,0,0,-2.9829,-2.8375,3.4050,3.4050,3.3310,0,0,0,4.3195,4.2167,5.0600,5.0600,4.9484,0,0,0,-3.9991,-4.1444,-4.9732,-4.9732,-4.9684,0,0,0
17.786022,1788532559.328430,0.2581,0.6888,0.6888,37.2000,40.2629,1,0,0,-7.0388,-6.6030,14.5266,14.5266,13.5826,0,0,0,0.3541,0.4291,0.6436,0.6436,0.7041,0,0,0,-2.9829,-2.8448,3.4137,3.4137,3.3343,0,0,0,4.3195,4.2218,5.0661,5.0661,4.9560,0,0,0,-3.9991,-4.1371,-4.9646,-4.9646,-4.9707,0,0,0
17.794654,1788532559.336442,0.2581,0.6676,0.6676,37.0000,40.0620,1,0,0,-7.0388,-6.6241,14.5730,14.5730,13.6500,0,0,0,0.3541,0.4255,0.6382,0.6382,0.7005,0,0,0,-2.9829,-2.8514,3.4217,3.4217,3.3378,0,0,0,4.3195,4.2265,5.0717,5.0717,4.9636,0,0,0,-3.9991,-4.1305,-4.9566,-4.9566,-4.9728,0,0,0
17.802735,1788532559.344078,0.2581,0.6483,0.6483,36.8000,39.8613,1,0,0,-7.0388,-6.6432,14.6151,14.6151,13.7164,0,0,0,0.3541,0.4222,0.6333,0.6333,0.6969,0,0,0,-2.9829,-2.8574,3.4289,3.4289,3.3416,0,0,0,4.3195,4.2307,5.0769,5.0769,4.9711,0,0,0,-3.9991,-4.1245,-4.9494,-4.9494,-4.9746,0,0,0
17.810737,1788532559.352162,0.1533,0.6238,0.6238,36.6000,39.6606,1,0,0,-7.1791,-6.6694,14.6726,14.6726,13.7818,0,0,0,0.3974,0.4210,0.6315,0.6315,0.6932,0,0,0,-2.7921,-2.8543,3.4251,3.4251,3.3457,0,0,0,4.2141,4.2299,5.0759,5.0759,4.9786,0,0,0,-4.3787,-4.1368,-4.9642,-4.9642,-4.9759,0,0,0
17.818737,1788532559.360153,0.1533,0.6007,0.6007,36.4000,39.4601,1,0,0,-7.1791,-6.6940,14.7267,14.7267,13.8460,0,0,0,0.3974,0.4199,0.6298,0.6298,0.6895,0,0,0,-2.7921,-2.8513,3.4215,3.4215,3.3501,0,0,0,4.2141,4.2292,5.0750,5.0750,4.9859,0,0,0,-4.3787,-4.1484,-4.9780,-4.9780,-4.9767,0,0,0
17.826739,1788532559.369154,0.1533,0.5762,0.5762,36.2000,39.2597,1,0,0,-7.1791,-6.7202,14.7844,14.7844,13.9091,0,0,0,0.3974,0.4187,0.6280,0.6280,0.6856,0,0,0,-2.7921,-2.8481,3.4177,3.4177,3.3548,0,0,0,4.2141,4.2284,5.0740,5.0740,4.9932,0,0,0,-4.3787,-4.1607,-4.9929,-4.9929,-4.9770,0,0,0
17.834044,1788532559.376158,0.1533,0.5580,0.5580,36.0000,39.0593,1,0,0,-7.1791,-6.7397,14.8273,14.8273,13.9709,0,0,0,0.3974,0.4178,0.6267,0.6267,0.6817,0,0,0,-2.7921,-2.8457,3.4149,3.4149,3.3598,0,0,0,4.2141,4.2278,5.0733,5.0733,5.0004,0,0,0,-4.3787,-4.1699,-5.0039,-5.0039,-4.9768,0,0,0
17.842239,1788532559.383462,0.1533,0.5399,0.5399,35.8000,38.8590,1,0,0,-7.1791,-6.7591,14.8701,14.8701,14.0317,0,0,0,0.3974,0.4169,0.6253,0.6253,0.6777,0,0,0,-2.7921,-2.8434,3.4121,3.4121,3.3648,0,0,0,4.2141,4.2272,5.0726,5.0726,5.0073,0,0,0,-4.3787,-4.1791,-5.0149,-5.0149,-4.9764,0,0,0
17.850240,1788532559.391656,0.1533,0.5205,0.5205,35.6000,38.6588,1,0,0,-7.1791,-6.7799,14.9157,14.9157,14.0916,0,0,0,0.3974,0.4159,0.6239,0.6239,0.6738,0,0,0,-2.7921,-2.8409,3.4091,3.4091,3.3697,0,0,0,4.2141,4.2265,5.0718,5.0718,5.0138,0,0,0,-4.3787,-4.1889,-5.0266,-5.0266,-4.9763,0,0,0
17.858750,1788532559.400656,0.1533,0.5005,0.5005,35.4000,38.5087,1,0,0,-7.1791,-6.8014,14.9631,14.9631,14.1359,0,0,0,0.3974,0.4149,0.6224,0.6224,0.6709,0,0,0,-2.7921,-2.8383,3.4059,3.4059,3.3732,0,0,0,4.2141,4.2258,5.0710,5.0710,5.0185,0,0,0,-4.3787,-4.1990,-5.0388,-5.0388,-4.9764,0,0,0
17.866759,1788532559.408171,0.1533,0.4845,0.4845,35.2000,38.2585,1,0,0,-7.1791,-6.8186,15.0009,15.0009,14.2087,0,0,0,0.3974,0.4141,0.6212,0.6212,0.6661,0,0,0,-2.7921,-2.8362,3.4034,3.4034,3.3787,0,0,0,4.2141,4.2253,5.0704,5.0704,5.0258,0,0,0,-4.3787,-4.2071,-5.0485,-5.0485,-4.9772,0,0,0
17.874270,1788532559.417681,-0.0645,0.4530,0.4530,35.0000,38.1084,1,0,0,-7.0149,-6.8297,15.0254,15.0254,14.2516,0,0,0,0.3975,0.4132,0.6198,0.6198,0.6634,0,0,0,-2.8769,-2.8385,3.4062,3.4062,3.3817,0,0,0,4.2702,4.2278,5.0734,5.0734,5.0298,0,0,0,-4.0901,-4.2005,-5.0406,-5.0406,-4.9780,0,0,0
17.882781,1788532559.424704,-0.0645,0.4307,0.4307,34.8000,37.9084,1,0,0,-7.0149,-6.8376,15.0428,15.0428,14.3080,0,0,0,0.3975,0.4125,0.6188,0.6188,0.6598,0,0,0,-2.8769,-2.8401,3.4081,3.4081,3.3853,0,0,0,4.2702,4.2296,5.0756,5.0756,5.0348,0,0,0,-4.0901,-4.1959,-5.0350,-5.0350,-4.9797,0,0,0
17.890777,1788532559.432193,-0.0645,0.4080,0.4080,34.6000,37.7078,1,0,0,-7.0149,-6.8456,15.0604,15.0604,14.3636,0,0,0,0.3975,0.4119,0.6178,0.6178,0.6563,0,0,0,-2.8769,-2.8418,3.4101,3.4101,3.3885,0,0,0,4.2702,4.2315,5.0778,5.0778,5.0393,0,0,0,-4.0901,-4.1911,-5.0293,-5.0293,-4.9821,0,0,0
17.898956,1788532559.440192,-0.1476,0.3810,0.3810,34.4000,37.5045,1,0,0,-7.0479,-6.8554,15.0819,15.0819,14.4184,0,0,0,0.4761,0.4149,0.6224,0.6224,0.6530,0,0,0,-2.8153,-2.8405,3.4086,3.4086,3.3913,0,0,0,4.3910,4.2391,5.0869,5.0869,5.0434,0,0,0,-4.4908,-4.2054,-5.0465,-5.0465,-4.9849,0,0,0
17.906217,1788532559.448518,-0.1476,0.3543,0.3543,34.2000,37.2985,1,0,0,-7.0479,-6.8650,15.1031,15.1031,14.4721,0,0,0,0.4761,0.4180,0.6270,0.6270,0.6498,0,0,0,-2.8153,-2.8392,3.4071,3.4071,3.3938,0,0,0,4.3910,4.2467,5.0960,5.0960,5.0472,0,0,0,-4.4908,-4.2196,-5.0636,-5.0636,-4.9880,0,0,0
17.914453,1788532559.455631,-0.2306,0.3288,0.3288,34.0000,37.0905,1,0,0,-7.0976,-6.8751,15.1251,15.1251,14.5243,0,0,0,0.5100,0.4219,0.6329,0.6329,0.6467,0,0,0,-2.8086,-2.8379,3.4055,3.4055,3.3961,0,0,0,4.4203,4.2541,5.1049,5.1049,5.0507,0,0,0,-4.5011,-4.2317,-5.0780,-5.0780,-4.9912,0,0,0
17.922571,1788532559.463883,-0.2625,0.2992,0.2992,33.8000,36.8811,1,0,0,-7.0976,-6.8861,15.1494,15.1494,14.5749,0,0,0,0.5088,0.4262,0.6393,0.6393,0.6439,0,0,0,-2.8112,-2.8366,3.4039,3.4039,3.3980,0,0,0,4.3914,4.2609,5.1131,5.1131,5.0541,0,0,0,-4.4763,-4.2437,-5.0925,-5.0925,-4.9946,0,0,0
17.930568,1788532559.471983,-0.2988,0.2698,0.2698,33.6000,36.6707,1,0,0,-7.0883,-6.8960,15.1711,15.1711,14.6236,0,0,0,0.4990,0.4297,0.6446,0.6446,0.6414,0,0,0,-2.8112,-2.8354,3.4025,3.4025,3.3997,0,0,0,4.3914,4.2672,5.1206,5.1206,5.0574,0,0,0,-4.4763,-4.2550,-5.1060,-5.1060,-4.9985,0,0,0
17.938617,1788532559.480983,-0.3305,0.2372,0.2372,33.4000,36.4597,1,0,0,-7.0883,-6.9063,15.1939,15.1939,14.6704,0,0,0,0.4806,0.4325,0.6487,0.6487,0.6394,0,0,0,-2.8112,-2.8341,3.4009,3.4009,3.4011,0,0,0,4.3914,4.2739,5.1286,5.1286,5.0609,0,0,0,-4.3886,-4.2622,-5.1146,-5.1146,-5.0029,0,0,0
17.946634,1788532559.488039,-0.3305,0.2127,0.2127,33.2000,36.2486,1,0,0,-7.0883,-6.9141,15.2110,15.2110,14.7153,0,0,0,0.4806,0.4345,0.6517,0.6517,0.6377,0,0,0,-2.8112,-2.8331,3.3997,3.3997,3.4023,0,0,0,4.3914,4.2789,5.1346,5.1346,5.0645,0,0,0,-4.3886,-4.2675,-5.1210,-5.1210,-5.0079,0,0,0
17.954785,1788532559.496051,-0.3305,0.1863,0.1863,33.0000,36.0374,1,0,0,-7.0883,-6.9225,15.2295,15.2295,14.7584,0,0,0,0.4806,0.4367,0.6551,0.6551,0.6365,0,0,0,-2.8112,-2.8321,3.3985,3.3985,3.4032,0,0,0,4.3914,4.2843,5.1411,5.1411,5.0683,0,0,0,-4.3886,-4.2733,-5.1280,-5.1280,-5.0135,0,0,0
17.962224,1788532559.505205,-0.3305,0.1578,0.1578,32.8000,35.8264,1,0,0,-7.0883,-6.9316,15.2494,15.2494,14.7996,0,0,0,0.4806,0.4391,0.6586,0.6586,0.6358,0,0,0,-2.8112,-2.8309,3.3971,3.3971,3.4039,0,0,0,4.3914,4.2901,5.1481,5.1481,5.0723,0,0,0,-4.3886,-4.2796,-5.1355,-5.1355,-5.0197,0,0,0
17.970227,1788532559.512647,-0.3305,0.1356,0.1356,32.6000,35.6158,1,0,0,-7.0883,-6.9386,15.2649,15.2649,14.8390,0,0,0,0.4806,0.4410,0.6614,0.6614,0.6356,0,0,0,-2.8112,-2.8300,3.3961,3.3961,3.4043,0,0,0,4.3914,4.2946,5.1535,5.1535,5.0765,0,0,0,-4.3886,-4.2845,-5.1414,-5.1414,-5.0262,0,0,0
17.978970,1788532559.520703,-0.4591,0.1066,0.1066,32.4000,35.4056,1,0,0,-7.0630,-6.9446,15.2782,15.2782,14.8766,0,0,0,0.4160,0.4397,0.6596,0.6596,0.6357,0,0,0,-2.6768,-2.8227,3.3872,3.3872,3.4046,0,0,0,4.2024,4.2902,5.1482,5.1482,5.0809,0,0,0,-4.4372,-4.2919,-5.1502,-5.1502,-5.0332,0,0,0
17.986995,1788532559.527900,-0.4591,0.0818,0.0818,32.2000,35.1960,1,0,0,-7.0630,-6.9498,15.2895,15.2895,14.9124,0,0,0,0.4160,0.4387,0.6581,0.6581,0.6362,0,0,0,-2.6768,-2.8163,3.3796,3.3796,3.4047,0,0,0,4.2024,4.2864,5.1436,5.1436,5.0856,0,0,0,-4.4372,-4.2981,-5.1578,-5.1578,-5.0403,0,0,0
17.994391,1788532559.536508,-0.5176,0.0506,0.0506,32.0000,34.9869,1,0,0,-7.0683,-6.9559,15.3029,15.3029,14.9466,0,0,0,0.3747,0.4354,0.6532,0.6532,0.6370,0,0,0,-2.6052,-2.8055,3.3666,3.3666,3.4045,0,0,0,4.0157,4.2725,5.1270,5.1270,5.0903,0,0,0,-4.5421,-4.3107,-5.1728,-5.1728,-5.0477,0,0,0
18.002410,1788532559.543805,-0.5176,0.0254,0.0254,31.8000,34.8306,1,0,0,-7.0683,-6.9608,15.3138,15.3138,14.9711,0,0,0,0.3747,0.4328,0.6492,0.6492,0.6378,0,0,0,-2.6052,-2.7967,3.3561,3.3561,3.4043,0,0,0,4.0157,4.2612,5.1135,5.1135,5.0939,0,0,0,-4.5421,-4.3208,-5.1850,-5.1850,-5.0534,0,0,0
18.010411,1788532559.552834,-0.5626,-0.0066,-0.0066,31.6000,34.6226,1,0,0,-7.1004,-6.9684,15.3304,15.3304,15.0023,0,0,0,0.3551,0.4286,0.6429,0.6429,0.6389,0,0,0,-2.6067,-2.7865,3.3438,3.3438,3.4036,0,0,0,3.9962,4.2470,5.0964,5.0964,5.0985,0,0,0,-4.4637,-4.3285,-5.1942,-5.1942,-5.0610,0,0,0
18.018420,1788532559.560830,-0.5626,-0.0335,-0.0335,31.4000,34.4153,1,0,0,-7.1004,-6.9747,15.3444,15.3444,15.0319,0,0,0,0.3551,0.4251,0.6376,0.6376,0.6401,0,0,0,-2.6067,-2.7779,3.3335,3.3335,3.4025,0,0,0,3.9962,4.2350,5.0820,5.0820,5.1027,0,0,0,-4.4637,-4.3350,-5.2020,-5.2020,-5.0689,0,0,0
18.028644,1788532559.560830,-0.5626,-0.0592,-0.0592,31.2000,34.1570,1,0,0,-7.1004,-6.9808,15.3577,15.3577,15.0666,0,0,0,0.3551,0.4217,0.6326,0.6326,0.6414,0,0,0,-2.6067,-2.7697,3.3237,3.3237,3.4004,0,0,0,3.9962,4.2236,5.0683,5.0683,5.1069,0,0,0,-4.4637,-4.3412,-5.2094,-5.2094,-5.0791,0,0,0
18.036192,1788532559.584606,-0.5626,-0.1253,-0.1253,31.0000,34.1054,1,0,0,-7.1004,-6.9964,15.3920,15.3920,15.0733,0,0,0,0.3551,0.4131,0.6196,0.6196,0.6416,0,0,0,-2.6067,-2.7485,3.2982,3.2982,3.3999,0,0,0,3.9962,4.1940,5.0328,5.0328,5.1076,0,0,0,-4.4637,-4.3571,-5.2285,-5.2285,-5.0811,0,0,0
18.044552,1788532559.591954,-0.5626,-0.1448,-0.1448,30.8000,34.0024,1,0,0,-7.1004,-7.0010,15.4021,15.4021,15.0863,0,0,0,0.3551,0.4105,0.6158,0.6158,0.6420,0,0,0,-2.6067,-2.7423,3.2907,3.2907,3.3987,0,0,0,3.9962,4.1853,5.0223,5.0223,5.1088,0,0,0,-4.4637,-4.3618,-5.2342,-5.2342,-5.0853,0,0,0
18.052455,1788532559.600870,-0.5626,-0.1672,-0.1672,30.6000,33.7969,1,0,0,-7.1004,-7.0063,15.4138,15.4138,15.1115,0,0,0,0.3551,0.4076,0.6114,0.6114,0.6427,0,0,0,-2.6067,-2.7351,3.2821,3.2821,3.3959,0,0,0,3.9962,4.1752,5.0103,5.0103,5.1105,0,0,0,-4.4637,-4.3672,-5.2407,-5.2407,-5.0939,0,0,0
18.060300,1788532559.608714,-0.5626,-0.1859,-0.1859,30.4000,33.5917,1,0,0,-7.1004,-7.0107,15.4235,15.4235,15.1354,0,0,0,0.3551,0.4051,0.6077,0.6077,0.6431,0,0,0,-2.6067,-2.7290,3.2748,3.2748,3.3925,0,0,0,3.9962,4.1668,5.0002,5.0002,5.1111,0,0,0,-4.4637,-4.3718,-5.2461,-5.2461,-5.1025,0,0,0
18.068896,1788532559.616113,-0.8455,-0.2156,-0.2156,30.2000,33.3848,1,0,0,-7.0553,-7.0127,15.4279,15.4279,15.1585,0,0,0,0.3869,0.4043,0.6064,0.6064,0.6429,0,0,0,-2.7871,-2.7316,3.2779,3.2779,3.3882,0,0,0,4.2102,4.1687,5.0025,5.0025,5.1103,0,0,0,-4.4126,-4.3736,-5.2483,-5.2483,-5.1114,0,0,0
18.076399,1788532559.624813,-0.8692,-0.2498,-0.2498,30.0000,33.1754,1,0,0,-7.0522,-7.0147,15.4324,15.4324,15.1809,0,0,0,0.3911,0.4036,0.6054,0.6054,0.6423,0,0,0,-2.7454,-2.7323,3.2788,3.2788,3.3831,0,0,0,4.1547,4.1680,5.0016,5.0016,5.1080,0,0,0,-4.4986,-4.3801,-5.2561,-5.2561,-5.1206,0,0,0
18.084423,1788532559.632837,-0.8692,-0.2798,-0.2798,29.8000,32.9643,1,0,0,-7.0522,-7.0165,15.4364,15.4364,15.2027,0,0,0,0.3911,0.4030,0.6045,0.6045,0.6413,0,0,0,-2.7454,-2.7330,3.2795,3.2795,3.3772,0,0,0,4.1547,4.1674,5.0009,5.0009,5.1043,0,0,0,-4.4986,-4.3858,-5.2629,-5.2629,-5.1300,0,0,0
18.091944,1788532559.640359,-0.8692,-0.3067,-0.3067,29.6000,32.7520,1,0,0,-7.0522,-7.0182,15.4400,15.4400,15.2235,0,0,0,0.3911,0.4025,0.6037,0.6037,0.6398,0,0,0,-2.7454,-2.7335,3.2802,3.2802,3.3709,0,0,0,4.1547,4.1668,5.0002,5.0002,5.0997,0,0,0,-4.4986,-4.3909,-5.2690,-5.2690,-5.1393,0,0,0
18.100790,1788532559.648871,-0.8692,-0.3355,-0.3355,29.4000,32.5390,1,0,0,-7.0522,-7.0199,15.4438,15.4438,15.2435,0,0,0,0.3911,0.4019,0.6028,0.6028,0.6381,0,0,0,-2.7454,-2.7341,3.2809,3.2809,3.3643,0,0,0,4.1547,4.1662,4.9994,4.9994,5.0943,0,0,0,-4.4986,-4.3963,-5.2756,-5.2756,-5.1487,0,0,0
18.108328,1788532559.656743,-0.8692,-0.3609,-0.3609,29.2000,32.3258,1,0,0,-7.0522,-7.0214,15.4471,15.4471,15.2624,0,0,0,0.3911,0.4014,0.6021,0.6021,0.6362,0,0,0,-2.7454,-2.7347,3.2816,3.2816,3.3577,0,0,0,4.1547,4.1656,4.9988,4.9988,5.0885,0,0,0,-4.4986,-4.4012,-5.2814,-5.2814,-5.1579,0,0,0
18.116484,1788532559.664898,-0.8692,-0.3860,-0.3860,29.0000,32.1658,1,0,0,-7.0522,-7.0229,15.4504,15.4504,15.2759,0,0,0,0.3911,0.4009,0.6013,0.6013,0.6346,0,0,0,-2.7454,-2.7352,3.2822,3.2822,3.3528,0,0,0,4.1547,4.1651,4.9981,4.9981,5.0840,0,0,0,-4.4986,-4.4059,-5.2871,-5.2871,-5.1648,0,0,0
18.124678,1788532559.673092,-1.0095,-0.4168,-0.4168,28.8000,31.9526,1,0,0,-7.0290,-7.0232,15.4511,15.4511,15.2930,0,0,0,0.3541,0.3986,0.5979,0.5979,0.6325,0,0,0,-2.7130,-2.7341,3.2809,3.2809,3.3464,0,0,0,4.0954,4.1617,4.9940,4.9940,5.0778,0,0,0,-4.3797,-4.4046,-5.2856,-5.2856,-5.1738,0,0,0
18.132214,1788532559.680628,-1.0295,-0.4448,-0.4448,28.6000,31.7399,1,0,0,-7.0123,-7.0227,15.4500,15.4500,15.3090,0,0,0,0.3471,0.3963,0.5944,0.5944,0.6303,0,0,0,-2.7296,-2.7339,3.2807,3.2807,3.3403,0,0,0,4.0724,4.1577,4.9892,4.9892,5.0716,0,0,0,-4.3646,-4.4028,-5.2834,-5.2834,-5.1827,0,0,0
18.140630,1788532559.688063,-1.0515,-0.4721,-0.4721,28.4000,31.5276,1,0,0,-6.9950,-7.0215,15.4473,15.4473,15.3239,0,0,0,0.3471,0.3941,0.5911,0.5911,0.6281,0,0,0,-2.7367,-2.7340,3.2808,3.2808,3.3344,0,0,0,4.0724,4.1539,4.9846,4.9846,5.0655,0,0,0,-4.3380,-4.3999,-5.2799,-5.2799,-5.1914,0,0,0
18.148641,1788532559.697055,-1.0515,-0.5034,-0.5034,28.2000,31.3159,1,0,0,-6.9950,-7.0201,15.4442,15.4442,15.3378,0,0,0,0.3471,0.3916,0.5873,0.5873,0.6259,0,0,0,-2.7367,-2.7342,3.2810,3.2810,3.3290,0,0,0,4.0724,4.1495,4.9794,4.9794,5.0595,0,0,0,-4.3380,-4.3966,-5.2759,-5.2759,-5.1999,0,0,0
18.156634,1788532559.705048,-1.0515,-0.5298,-0.5298,28.0000,31.1050,1,0,0,-6.9950,-7.0189,15.4415,15.4415,15.3506,0,0,0,0.3471,0.3894,0.5841,0.5841,0.6236,0,0,0,-2.7367,-2.7343,3.2811,3.2811,3.3239,0,0,0,4.0724,4.1458,4.9750,4.9750,5.0536,0,0,0,-4.3380,-4.3938,-5.2726,-5.2726,-5.2080,0,0,0
18.164150,1788532559.712564,-1.1048,-0.5560,-0.5560,27.8000,30.8947,1,0,0,-6.9477,-7.0157,15.4344,15.4344,15.3623,0,0,0,0.3435,0.3874,0.5810,0.5810,0.6213,0,0,0,-2.8657,-2.7402,3.2882,3.2882,3.3191,0,0,0,4.2235,4.1493,4.9792,4.9792,5.0479,0,0,0,-4.2448,-4.3871,-5.2645,-5.2645,-5.2156,0,0,0
18.172575,1788532559.719994,-1.1048,-0.5807,-0.5807,27.6000,30.6852,1,0,0,-6.9477,-7.0126,15.4278,15.4278,15.3730,0,0,0,0.3435,0.3854,0.5781,0.5781,0.6189,0,0,0,-2.8657,-2.7458,3.2950,3.2950,3.3148,0,0,0,4.2235,4.1526,4.9831,4.9831,5.0423,0,0,0,-4.2448,-4.3807,-5.2569,-5.2569,-5.2226,0,0,0
18.180901,1788532559.728327,-1.1048,-0.6070,-0.6070,27.4000,30.4764,1,0,0,-6.9477,-7.0094,15.4206,15.4206,15.3825,0,0,0,0.3435,0.3833,0.5750,0.5750,0.6165,0,0,0,-2.8657,-2.7518,3.3021,3.3021,3.3108,0,0,0,4.2235,4.1562,4.9874,4.9874,5.0367,0,0,0,-4.2448,-4.3740,-5.2488,-5.2488,-5.2290,0,0,0
18.188424,1788532559.736838,-1.1048,-0.6325,-0.6325,27.2000,30.2684,1,0,0,-6.9477,-7.0062,15.4137,15.4137,15.3909,0,0,0,0.3435,0.3813,0.5719,0.5719,0.6140,0,0,0,-2.8657,-2.7576,3.3091,3.3091,3.3072,0,0,0,4.2235,4.1596,4.9915,4.9915,5.0313,0,0,0,-4.2448,-4.3674,-5.2409,-5.2409,-5.2347,0,0,0
18.196425,1788532559.744839,-1.1982,-0.6599,-0.6599,27.0000,30.1129,1,0,0,-6.8749,-6.9999,15.3999,15.3999,15.3964,0,0,0,0.3991,0.3821,0.5732,0.5732,0.6121,0,0,0,-2.8249,-2.7608,3.3129,3.3129,3.3048,0,0,0,4.2868,4.1657,4.9988,4.9988,5.0275,0,0,0,-4.5046,-4.3740,-5.2488,-5.2488,-5.2384,0,0,0
18.204967,1788532559.752382,-1.1982,-0.6845,-0.6845,26.8000,29.9061,1,0,0,-6.8749,-6.9943,15.3874,15.3874,15.4029,0,0,0,0.3991,0.3829,0.5744,0.5744,0.6096,0,0,0,-2.8249,-2.7637,3.3164,3.3164,3.3022,0,0,0,4.2868,4.1711,5.0054,5.0054,5.0227,0,0,0,-4.5046,-4.3799,-5.2559,-5.2559,-5.2427,0,0,0
18.212968,1788532559.752382,-1.1982,-0.7093,-0.7093,26.6000,29.6999,1,0,0,-6.8749,-6.9886,15.3748,15.3748,15.4082,0,0,0,0.3991,0.3837,0.5755,0.5755,0.6069,0,0,0,-2.8249,-2.7666,3.3199,3.3199,3.3001,0,0,0,4.2868,4.1767,5.0120,5.0120,5.0184,0,0,0,-4.5046,-4.3859,-5.2630,-5.2630,-5.2461,0,0,0
18.221047,1788532559.761383,-1.2138,-0.7365,-0.7365,26.4000,29.4944,1,0,0,-6.8234,-6.9797,15.3554,15.3554,15.4123,0,0,0,0.3991,0.3845,0.5768,0.5768,0.6043,0,0,0,-2.7859,-2.7676,3.3212,3.3212,3.2987,0,0,0,4.2834,4.1824,5.0189,5.0189,5.0146,0,0,0,-4.5117,-4.3926,-5.2711,-5.2711,-5.2488,0,0,0
18.229181,1788532559.769461,-1.2383,-0.7610,-0.7610,26.2000,29.2895,1,0,0,-6.7927,-6.9707,15.3355,15.3355,15.4153,0,0,0,0.3832,0.3845,0.5767,0.5767,0.6017,0,0,0,-2.8080,-2.7696,3.3235,3.3235,3.2978,0,0,0,4.2964,4.1879,5.0255,5.0255,5.0113,0,0,0,-4.3908,-4.3925,-5.2710,-5.2710,-5.2508,0,0,0
18.236704,1788532559.785118,-1.2775,-0.8076,-0.8076,26.0000,29.0851,1,0,0,-6.7909,-6.9546,15.3000,15.3000,15.4171,0,0,0,0.3742,0.3835,0.5753,0.5753,0.5991,0,0,0,-2.8159,-2.7737,3.3285,3.3285,3.2975,0,0,0,4.2964,4.1976,5.0371,5.0371,5.0087,0,0,0,-4.2888,-4.3832,-5.2599,-5.2599,-5.2526,0,0,0
18.244916,1788532559.792330,-1.2775,-0.8281,-0.8281,25.8000,28.8813,1,0,0,-6.7909,-6.9475,15.2844,15.2844,15.4177,0,0,0,0.3742,0.3831,0.5747,0.5747,0.5968,0,0,0,-2.8159,-2.7756,3.3307,3.3307,3.2977,0,0,0,4.2964,4.2019,5.0423,5.0423,5.0068,0,0,0,-4.2888,-4.3791,-5.2550,-5.2550,-5.2542,0,0,0
18.253090,1788532559.800332,-1.3098,-0.8514,-0.8514,25.6000,28.6778,1,0,0,-6.7576,-6.9384,15.2644,15.2644,15.4170,0,0,0,0.3681,0.3824,0.5736,0.5736,0.5946,0,0,0,-2.7465,-2.7742,3.3290,3.3290,3.2982,0,0,0,4.2627,4.2048,5.0458,5.0458,5.0055,0,0,0,-4.3097,-4.3758,-5.2510,-5.2510,-5.2557,0,0,0
18.260289,1788532559.808703,-1.3098,-0.8745,-0.8745,25.4000,28.4748,1,0,0,-6.7576,-6.9293,15.2446,15.2446,15.4148,0,0,0,0.3681,0.3817,0.5725,0.5725,0.5925,0,0,0,-2.7465,-2.7728,3.3274,3.3274,3.2991,0,0,0,4.2627,4.2077,5.0492,5.0492,5.0049,0,0,0,-4.3097,-4.3725,-5.2470,-5.2470,-5.2571,0,0,0
18.268301,1788532559.808703,-1.3098,-0.8955,-0.8955,25.2000,28.2722,1,0,0,-6.7576,-6.9211,15.2265,15.2265,15.4111,0,0,0,0.3681,0.3810,0.5716,0.5716,0.5906,0,0,0,-2.7465,-2.7715,3.3258,3.3258,3.3003,0,0,0,4.2627,4.2103,5.0524,5.0524,5.0050,0,0,0,-4.3097,-4.3695,-5.2434,-5.2434,-5.2582,0,0,0
18.276822,1788532559.825236,-1.3565,-0.9392,-0.9392,25.0000,28.0699,1,0,0,-6.7101,-6.9013,15.1828,15.1828,15.4059,0,0,0,0.4453,0.3871,0.5806,0.5806,0.5889,0,0,0,-2.7231,-2.7670,3.3204,3.3204,3.3017,0,0,0,4.2922,4.2180,5.0617,5.0617,5.0057,0,0,0,-4.5042,-4.3822,-5.2586,-5.2586,-5.2590,0,0,0
18.284342,1788532559.832756,-1.3708,-0.9588,-0.9588,24.8000,27.8680,1,0,0,-6.6736,-6.8910,15.1602,15.1602,15.3993,0,0,0,0.4450,0.3897,0.5846,0.5846,0.5872,0,0,0,-2.7237,-2.7650,3.3180,3.3180,3.3033,0,0,0,4.3049,4.2220,5.0664,5.0664,5.0070,0,0,0,-4.4628,-4.3858,-5.2630,-5.2630,-5.2595,0,0,0
18.292686,1788532559.840101,-1.3708,-0.9771,-0.9771,24.6000,27.6663,1,0,0,-6.6736,-6.8814,15.1391,15.1391,15.3914,0,0,0,0.4450,0.3921,0.5882,0.5882,0.5857,0,0,0,-2.7237,-2.7632,3.3158,3.3158,3.3050,0,0,0,4.3049,4.2256,5.0708,5.0708,5.0088,0,0,0,-4.4628,-4.3892,-5.2671,-5.2671,-5.2596,0,0,0
18.301063,1788532559.848973,-1.3708,-0.9981,-0.9981,24.4000,27.4648,1,0,0,-6.6736,-6.8704,15.1149,15.1149,15.3821,0,0,0,0.4450,0.3949,0.5924,0.5924,0.5843,0,0,0,-2.7237,-2.7611,3.3133,3.3133,3.3067,0,0,0,4.3049,4.2298,5.0758,5.0758,5.0110,0,0,0,-4.4628,-4.3931,-5.2717,-5.2717,-5.2595,0,0,0
18.308578,1788532559.856992,-1.4600,-1.0204,-1.0204,24.2000,27.3139,1,0,0,-6.6310,-6.8589,15.0896,15.0896,15.3741,0,0,0,0.4093,0.3956,0.5934,0.5934,0.5834,0,0,0,-2.8399,-2.7649,3.3179,3.3179,3.3078,0,0,0,4.3784,4.2369,5.0843,5.0843,5.0129,0,0,0,-4.2086,-4.3842,-5.2611,-5.2611,-5.2595,0,0,0
18.316644,1788532559.865058,-1.4912,-1.0433,-1.0433,24.0000,27.1128,1,0,0,-6.5867,-6.8458,15.0607,15.0607,15.3622,0,0,0,0.4093,0.3963,0.5944,0.5944,0.5824,0,0,0,-2.8293,-2.7680,3.3216,3.3216,3.3092,0,0,0,4.3784,4.2438,5.0925,5.0925,5.0158,0,0,0,-4.2086,-4.3758,-5.2509,-5.2509,-5.2594,0,0,0
18.325093,1788532559.872508,-1.5181,-1.0647,-1.0647,23.8000,26.9113,1,0,0,-6.5467,-6.8324,15.0313,15.0313,15.3490,0,0,0,0.4478,0.3986,0.5979,0.5979,0.5818,0,0,0,-2.8079,-2.7698,3.3237,3.3237,3.3104,0,0,0,4.3988,4.2507,5.1009,5.1009,5.0190,0,0,0,-4.3111,-4.3729,-5.2475,-5.2475,-5.2595,0,0,0
18.333093,1788532559.881507,-1.5478,-1.0907,-1.0907,23.6000,26.7073,1,0,0,-6.5222,-6.8158,14.9947,14.9947,15.3342,0,0,0,0.4893,0.4034,0.6052,0.6052,0.5815,0,0,0,-2.7882,-2.7708,3.3249,3.3249,3.3115,0,0,0,4.3988,4.2586,5.1104,5.1104,5.0227,0,0,0,-4.3570,-4.3720,-5.2464,-5.2464,-5.2596,0,0,0
18.341125,1788532559.881507,-1.5478,-1.1127,-1.1127,23.4000,26.5006,1,0,0,-6.5222,-6.8017,14.9638,14.9638,15.3179,0,0,0,0.4893,0.4076,0.6113,0.6113,0.5815,0,0,0,-2.7882,-2.7716,3.3259,3.3259,3.3125,0,0,0,4.3988,4.2654,5.1184,5.1184,5.0267,0,0,0,-4.3570,-4.3713,-5.2456,-5.2456,-5.2596,0,0,0
18.349128,1788532559.889539,-1.5714,-1.1349,-1.1349,23.2000,26.2921,1,0,0,-6.4706,-6.7858,14.9287,14.9287,15.3001,0,0,0,0.5006,0.4120,0.6180,0.6180,0.5818,0,0,0,-2.7409,-2.7701,3.3242,3.3242,3.3135,0,0,0,4.3979,4.2717,5.1261,5.1261,5.0312,0,0,0,-4.4533,-4.3752,-5.2503,-5.2503,-5.2593,0,0,0
18.356981,1788532559.905395,-1.5714,-1.1747,-1.1747,23.0000,26.0822,1,0,0,-6.4706,-6.7572,14.8658,14.8658,15.2809,0,0,0,0.5006,0.4200,0.6301,0.6301,0.5824,0,0,0,-2.7409,-2.7675,3.3210,3.3210,3.3145,0,0,0,4.3979,4.2832,5.1398,5.1398,5.0361,0,0,0,-4.4533,-4.3823,-5.2588,-5.2588,-5.2589,0,0,0
18.365122,1788532559.912511,-1.5714,-1.1918,-1.1918,22.8000,25.8715,1,0,0,-6.4706,-6.7449,14.8388,14.8388,15.2604,0,0,0,0.5006,0.4235,0.6352,0.6352,0.5834,0,0,0,-2.7409,-2.7663,3.3196,3.3196,3.3154,0,0,0,4.3979,4.2881,5.1457,5.1457,5.0413,0,0,0,-4.4533,-4.3854,-5.2624,-5.2624,-5.2583,0,0,0
18.372606,1788532559.921020,-1.5714,-1.2112,-1.2112,22.6000,25.6602,1,0,0,-6.4706,-6.7309,14.8081,14.8081,15.2385,0,0,0,0.5006,0.4274,0.6411,0.6411,0.5848,0,0,0,-2.7409,-2.7651,3.3181,3.3181,3.3163,0,0,0,4.3979,4.2937,5.1524,5.1524,5.0469,0,0,0,-4.4533,-4.3888,-5.2666,-5.2666,-5.2578,0,0,0
18.381112,1788532559.928523,-1.7189,-1.2342,-1.2342,22.4000,25.4488,1,0,0,-6.3790,-6.7151,14.7732,14.7732,15.2150,0,0,0,0.4678,0.4292,0.6438,0.6438,0.5867,0,0,0,-2.7310,-2.7635,3.3162,3.3162,3.3171,0,0,0,4.3070,4.2943,5.1531,5.1531,5.0529,0,0,0,-4.1407,-4.3776,-5.2532,-5.2532,-5.2574,0,0,0
18.388552,1788532559.936966,-1.7189,-1.2588,-1.2588,22.2000,25.2375,1,0,0,-6.3790,-6.6981,14.7358,14.7358,15.1900,0,0,0,0.4678,0.4312,0.6468,0.6468,0.5890,0,0,0,-2.7310,-2.7619,3.3143,3.3143,3.3178,0,0,0,4.3070,4.2949,5.1539,5.1539,5.0591,0,0,0,-4.1407,-4.3657,-5.2388,-5.2388,-5.2571,0,0,0
18.397559,1788532559.944969,-1.7585,-1.2829,-1.2829,22.0000,25.0791,1,0,0,-6.3188,-6.6799,14.6958,14.6958,15.1705,0,0,0,0.4609,0.4326,0.6489,0.6489,0.5910,0,0,0,-2.7263,-2.7602,3.3122,3.3122,3.3182,0,0,0,4.3264,4.2964,5.1557,5.1557,5.0640,0,0,0,-4.2461,-4.3600,-5.2320,-5.2320,-5.2570,0,0,0
18.404607,1788532559.944969,-1.7585,-1.3058,-1.3058,21.8000,24.8682,1,0,0,-6.3188,-6.6626,14.6577,14.6577,15.1436,0,0,0,0.4609,0.4340,0.6509,0.6509,0.5939,0,0,0,-2.7263,-2.7586,3.3103,3.3103,3.3186,0,0,0,4.3264,4.2979,5.1574,5.1574,5.0706,0,0,0,-4.2461,-4.3545,-5.2254,-5.2254,-5.2569,0,0,0
18.412607,1788532559.954021,-1.7995,-1.3326,-1.3326,21.6000,24.6578,1,0,0,-6.2762,-6.6417,14.6118,14.6118,15.1155,0,0,0,0.4511,0.4349,0.6523,0.6523,0.5971,0,0,0,-2.7171,-2.7563,3.3076,3.3076,3.3188,0,0,0,4.3617,4.3013,5.1615,5.1615,5.0772,0,0,0,-4.2461,-4.3487,-5.2184,-5.2184,-5.2566,0,0,0
18.420608,1788532559.962022,-1.7995,-1.3551,-1.3551,21.4000,24.4480,1,0,0,-6.2762,-6.6242,14.5732,14.5732,15.0865,0,0,0,0.4511,0.4357,0.6535,0.6535,0.6005,0,0,0,-2.7171,-2.7544,3.3053,3.3053,3.3189,0,0,0,4.3617,4.3042,5.1650,5.1650,5.0838,0,0,0,-4.2461,-4.3438,-5.2125,-5.2125,-5.2560,0,0,0
18.428607,1788532559.977021,-1.8563,-1.3985,-1.3985,21.2000,24.2388,1,0,0,-6.2127,-6.5887,14.4950,14.4950,15.0565,0,0,0,0.4397,0.4360,0.6540,0.6540,0.6040,0,0,0,-2.7160,-2.7511,3.3014,3.3014,3.3188,0,0,0,4.3423,4.3075,5.1690,5.1690,5.0902,0,0,0,-4.2369,-4.3346,-5.2015,-5.2015,-5.2550,0,0,0
18.437108,1788532559.985522,-1.8876,-1.4235,-1.4235,21.0000,24.0301,1,0,0,-6.1398,-6.5658,14.4448,14.4448,15.0255,0,0,0,0.4083,0.4346,0.6519,0.6519,0.6076,0,0,0,-2.7300,-2.7501,3.3001,3.3001,3.3186,0,0,0,4.2321,4.3036,5.1644,5.1644,5.0964,0,0,0,-4.1465,-4.3250,-5.1900,-5.1900,-5.2536,0,0,0
18.444622,1788532559.993036,-1.8876,-1.4445,-1.4445,20.8000,23.8222,1,0,0,-6.1398,-6.5466,14.4024,14.4024,14.9935,0,0,0,0.4083,0.4334,0.6501,0.6501,0.6112,0,0,0,-2.7300,-2.7492,3.2990,3.2990,3.3182,0,0,0,4.2321,4.3004,5.1605,5.1605,5.1024,0,0,0,-4.1465,-4.3170,-5.1804,-5.1804,-5.2518,0,0,0
18.452647,1788532560.001061,-1.8876,-1.4659,-1.4659,20.6000,23.6148,1,0,0,-6.1398,-6.5270,14.3594,14.3594,14.9603,0,0,0,0.4083,0.4322,0.6483,0.6483,0.6148,0,0,0,-2.7300,-2.7482,3.2979,3.2979,3.3176,0,0,0,4.2321,4.2971,5.1566,5.1566,5.1083,0,0,0,-4.1465,-4.3088,-5.1705,-5.1705,-5.2496,0,0,0
18.461130,1788532560.008546,-1.8876,-1.4850,-1.4850,20.4000,23.4081,1,0,0,-6.1398,-6.5095,14.3210,14.3210,14.9255,0,0,0,0.4083,0.4311,0.6467,0.6467,0.6182,0,0,0,-2.7300,-2.7474,3.2969,3.2969,3.3168,0,0,0,4.2321,4.2942,5.1531,5.1531,5.1138,0,0,0,-4.1465,-4.3015,-5.1618,-5.1618,-5.2469,0,0,0
18.469151,1788532560.008546,-1.8876,-1.5044,-1.5044,20.2000,23.2020,1,0,0,-6.1398,-6.4918,14.2819,14.2819,14.8894,0,0,0,0.4083,0.4300,0.6451,0.6451,0.6215,0,0,0,-2.7300,-2.7466,3.2959,3.2959,3.3159,0,0,0,4.2321,4.2912,5.1495,5.1495,5.1190,0,0,0,-4.1465,-4.2941,-5.1529,-5.1529,-5.2437,0,0,0
18.477072,1788532560.024856,-1.9650,-1.5475,-1.5475,20.0000,23.0478,1,0,0,-6.0572,-6.4512,14.1927,14.1927,14.8616,0,0,0,0.3962,0.4269,0.6403,0.6403,0.6238,0,0,0,-2.7022,-2.7425,3.2910,3.2910,3.3152,0,0,0,4.2374,4.2862,5.1435,5.1435,5.1226,0,0,0,-4.3006,-4.2947,-5.1536,-5.1536,-5.2409,0,0,0
18.485329,1788532560.033111,-2.0097,-1.5704,-1.5704,19.8000,22.8427,1,0,0,-6.0010,-6.4290,14.1437,14.1437,14.8236,0,0,0,0.3851,0.4248,0.6372,0.6372,0.6266,0,0,0,-2.7044,-2.7406,3.2887,3.2887,3.3141,0,0,0,4.2374,4.2838,5.1406,5.1406,5.1270,0,0,0,-4.2791,-4.2939,-5.1527,-5.1527,-5.2367,0,0,0
18.492839,1788532560.033111,-2.0097,-1.5916,-1.5916,19.6000,22.6381,1,0,0,-6.0010,-6.4084,14.0985,14.0985,14.7848,0,0,0,0.3851,0.4229,0.6344,0.6344,0.6291,0,0,0,-2.7044,-2.7389,3.2866,3.2866,3.3129,0,0,0,4.2374,4.2816,5.1379,5.1379,5.1308,0,0,0,-4.2791,-4.2932,-5.1518,-5.1518,-5.2321,0,0,0
18.501349,1788532560.042253,-2.0097,-1.6144,-1.6144,19.4000,22.4341,1,0,0,-6.0010,-6.3862,14.0496,14.0496,14.7450,0,0,0,0.3851,0.4209,0.6313,0.6313,0.6314,0,0,0,-2.7044,-2.7370,3.2844,3.2844,3.3117,0,0,0,4.2374,4.2792,5.1350,5.1350,5.1341,0,0,0,-4.2791,-4.2924,-5.1509,-5.1509,-5.2271,0,0,0
18.508857,1788532560.057271,-2.0097,-1.6487,-1.6487,19.2000,22.2304,1,0,0,-6.0010,-6.3529,13.9763,13.9763,14.7038,0,0,0,0.3851,0.4178,0.6267,0.6267,0.6332,0,0,0,-2.7044,-2.7342,3.2810,3.2810,3.3104,0,0,0,4.2374,4.2756,5.1307,5.1307,5.1367,0,0,0,-4.2791,-4.2913,-5.1495,-5.1495,-5.2220,0,0,0
18.516928,1788532560.065342,-2.0495,-1.6682,-1.6682,19.0000,22.0272,1,0,0,-5.9220,-6.3320,13.9304,13.9304,14.6615,0,0,0,0.3725,0.4156,0.6234,0.6234,0.6347,0,0,0,-2.7236,-2.7337,3.2804,3.2804,3.3089,0,0,0,4.2562,4.2747,5.1296,5.1296,5.1389,0,0,0,-4.3187,-4.2926,-5.1511,-5.1511,-5.2167,0,0,0
18.525239,1788532560.072860,-2.0495,-1.6855,-1.6855,18.8000,21.8244,1,0,0,-5.9220,-6.3134,13.8895,13.8895,14.6182,0,0,0,0.3725,0.4137,0.6205,0.6205,0.6359,0,0,0,-2.7236,-2.7332,3.2798,3.2798,3.3074,0,0,0,4.2562,4.2738,5.1286,5.1286,5.1405,0,0,0,-4.3187,-4.2938,-5.1525,-5.1525,-5.2114,0,0,0
18.533406,1788532560.081203,-2.0693,-1.7047,-1.7047,18.6000,21.6219,1,0,0,-5.9052,-6.2930,13.8446,13.8446,14.5738,0,0,0,0.3717,0.4116,0.6174,0.6174,0.6367,0,0,0,-2.7236,-2.7327,3.2793,3.2793,3.3057,0,0,0,4.2374,4.2720,5.1264,5.1264,5.1417,0,0,0,-4.3675,-4.2975,-5.1569,-5.1569,-5.2063,0,0,0
18.540826,1788532560.089240,-2.1044,-1.7240,-1.7240,18.4000,21.4197,1,0,0,-5.8599,-6.2721,13.7986,13.7986,14.5283,0,0,0,0.4310,0.4125,0.6188,0.6188,0.6371,0,0,0,-2.7268,-2.7324,3.2789,3.2789,3.3040,0,0,0,4.3555,4.2760,5.1312,5.1312,5.1424,0,0,0,-4.5397,-4.3091,-5.1709,-5.1709,-5.2012,0,0,0
18.549349,1788532560.097763,-2.1214,-1.7443,-1.7443,18.2000,21.2683,1,0,0,-5.8319,-6.2496,13.7492,13.7492,14.4936,0,0,0,0.4310,0.4134,0.6202,0.6202,0.6371,0,0,0,-2.7348,-2.7326,3.2791,3.2791,3.3027,0,0,0,4.3669,4.2806,5.1368,5.1368,5.1426,0,0,0,-4.5397,-4.3208,-5.1850,-5.1850,-5.1976,0,0,0
18.557347,1788532560.105761,-2.1427,-1.7635,-1.7635,18.0000,21.0666,1,0,0,-5.7828,-6.2272,13.6998,13.6998,14.4468,0,0,0,0.4130,0.4134,0.6201,0.6201,0.6369,0,0,0,-2.8075,-2.7361,3.2834,3.2834,3.3009,0,0,0,4.3669,4.2848,5.1417,5.1417,5.1427,0,0,0,-4.3129,-4.3204,-5.1845,-5.1845,-5.1931,0,0,0
18.564885,1788532560.113299,-2.1548,-1.7813,-1.7813,17.8000,20.8652,1,0,0,-5.7511,-6.2056,13.6523,13.6523,14.3996,0,0,0,0.4130,0.4134,0.6201,0.6201,0.6364,0,0,0,-2.8098,-2.7395,3.2874,3.2874,3.2992,0,0,0,4.3669,4.2885,5.1462,5.1462,5.1425,0,0,0,-4.2047,-4.3152,-5.1783,-5.1783,-5.1889,0,0,0
18.572984,1788532560.113299,-2.1548,-1.7993,-1.7993,17.6000,20.6639,1,0,0,-5.7511,-6.1837,13.6042,13.6042,14.3520,0,0,0,0.4130,0.4134,0.6201,0.6201,0.6358,0,0,0,-2.8098,-2.7428,3.2914,3.2914,3.2974,0,0,0,4.3669,4.2922,5.1507,5.1507,5.1421,0,0,0,-4.2047,-4.3099,-5.1719,-5.1719,-5.1855,0,0,0
18.581642,1788532560.129404,-2.1569,-1.8323,-1.8323,17.4000,20.4629,1,0,0,-5.7316,-6.1420,13.5124,13.5124,14.3040,0,0,0,0.4130,0.4133,0.6200,0.6200,0.6350,0,0,0,-2.8117,-2.7492,3.2990,3.2990,3.2958,0,0,0,4.3627,4.2987,5.1585,5.1585,5.1418,0,0,0,-4.1789,-4.2979,-5.1575,-5.1575,-5.1827,0,0,0
18.589620,1788532560.137511,-2.1569,-1.8481,-1.8481,17.2000,20.2620,1,0,0,-5.7316,-6.1220,13.4684,13.4684,14.2558,0,0,0,0.4130,0.4133,0.6200,0.6200,0.6341,0,0,0,-2.8117,-2.7522,3.3026,3.3026,3.2943,0,0,0,4.3627,4.3018,5.1622,5.1622,5.1416,0,0,0,-4.1789,-4.2921,-5.1505,-5.1505,-5.1806,0,0,0
18.597603,1788532560.144964,-2.1569,-1.8620,-1.8620,17.0000,20.0612,1,0,0,-5.7316,-6.1045,13.4298,13.4298,14.2075,0,0,0,0.4130,0.4133,0.6200,0.6200,0.6331,0,0,0,-2.8117,-2.7549,3.3058,3.3058,3.2930,0,0,0,4.3627,4.3045,5.1655,5.1655,5.1415,0,0,0,-4.1789,-4.2870,-5.1444,-5.1444,-5.1788,0,0,0
18.604958,1788532560.153373,-2.1569,-1.8769,-1.8769,16.8000,19.8606,1,0,0,-5.7316,-6.0857,13.3885,13.3885,14.1587,0,0,0,0.4130,0.4133,0.6200,0.6200,0.6322,0,0,0,-2.8117,-2.7577,3.3093,3.3093,3.2921,0,0,0,4.3627,4.3075,5.1690,5.1690,5.1416,0,0,0,-4.1789,-4.2816,-5.1379,-5.1379,-5.1773,0,0,0
18.612962,1788532560.153373,-2.1569,-1.8904,-1.8904,16.6000,19.6601,1,0,0,-5.7316,-6.0687,13.3510,13.3510,14.1092,0,0,0,0.4130,0.4133,0.6199,0.6199,0.6312,0,0,0,-2.8117,-2.7603,3.3124,3.3124,3.2914,0,0,0,4.3627,4.3101,5.1721,5.1721,5.1420,0,0,0,-4.1789,-4.2767,-5.1320,-5.1320,-5.1757,0,0,0
18.621619,1788532560.170033,-2.2408,-1.9237,-1.9237,16.4000,19.4596,1,0,0,-5.6354,-6.0274,13.2603,13.2603,14.0592,0,0,0,0.4004,0.4121,0.6181,0.6181,0.6303,0,0,0,-2.7557,-2.7599,3.3118,3.3118,3.2911,0,0,0,4.2699,4.3063,5.1676,5.1676,5.1427,0,0,0,-4.3049,-4.2794,-5.1352,-5.1352,-5.1740,0,0,0
18.629623,1788532560.178038,-2.2750,-1.9406,-1.9406,16.2000,19.2593,1,0,0,-5.5708,-6.0055,13.2120,13.2120,14.0090,0,0,0,0.3867,0.4109,0.6163,0.6163,0.6293,0,0,0,-2.7267,-2.7583,3.3099,3.3099,3.2912,0,0,0,4.2162,4.3020,5.1624,5.1624,5.1436,0,0,0,-4.3049,-4.2806,-5.1367,-5.1367,-5.1721,0,0,0
18.638127,1788532560.178038,-2.2750,-1.9567,-1.9567,16.0000,19.0590,1,0,0,-5.5708,-5.9846,13.1660,13.1660,13.9587,0,0,0,0.3867,0.4097,0.6145,0.6145,0.6285,0,0,0,-2.7267,-2.7568,3.3081,3.3081,3.2915,0,0,0,4.2162,4.2979,5.1575,5.1575,5.1448,0,0,0,-4.3049,-4.2818,-5.1381,-5.1381,-5.1701,0,0,0
18.645335,1788532560.193749,-2.2821,-1.9861,-1.9861,15.8000,18.8588,1,0,0,-5.5625,-5.9465,13.0822,13.0822,13.9085,0,0,0,0.3854,0.4075,0.6113,0.6113,0.6276,0,0,0,-2.7130,-2.7528,3.3034,3.3034,3.2922,0,0,0,4.2029,4.2893,5.1472,5.1472,5.1462,0,0,0,-4.4112,-4.2934,-5.1521,-5.1521,-5.1678,0,0,0
18.653674,1788532560.202089,-2.3276,-2.0032,-2.0032,15.6000,18.6586,1,0,0,-5.4937,-5.9238,13.0324,13.0324,13.8577,0,0,0,0.3868,0.4065,0.6097,0.6097,0.6268,0,0,0,-2.6811,-2.7493,3.2991,3.2991,3.2930,0,0,0,4.2029,4.2850,5.1420,5.1420,5.1476,0,0,0,-4.4799,-4.3027,-5.1632,-5.1632,-5.1655,0,0,0
18.662193,1788532560.210098,-2.3276,-2.0188,-2.0188,15.4000,18.4585,1,0,0,-5.4937,-5.9031,12.9869,12.9869,13.8066,0,0,0,0.3868,0.4055,0.6083,0.6083,0.6259,0,0,0,-2.6811,-2.7460,3.2952,3.2952,3.2939,0,0,0,4.2029,4.2811,5.1373,5.1373,5.1490,0,0,0,-4.4799,-4.3112,-5.1734,-5.1734,-5.1632,0,0,0
18.669714,1788532560.218128,-2.3276,-2.0337,-2.0337,15.2000,18.3084,1,0,0,-5.4937,-5.8834,12.9434,12.9434,13.7681,0,0,0,0.3868,0.4046,0.6070,0.6070,0.6253,0,0,0,-2.6811,-2.7429,3.2915,3.2915,3.2947,0,0,0,4.2029,4.2773,5.1328,5.1328,5.1499,0,0,0,-4.4799,-4.3193,-5.1831,-5.1831,-5.1615,0,0,0
18.677714,1788532560.226128,-2.3276,-2.0478,-2.0478,15.0000,18.0583,1,0,0,-5.4937,-5.8646,12.9022,12.9022,13.7030,0,0,0,0.3868,0.4038,0.6057,0.6057,0.6241,0,0,0,-2.6811,-2.7399,3.2879,3.2879,3.2958,0,0,0,4.2029,4.2738,5.1285,5.1285,5.1510,0,0,0,-4.4799,-4.3270,-5.1924,-5.1924,-5.1592,0,0,0
18.685733,1788532560.234147,-2.3942,-2.0645,-2.0645,14.8000,17.9083,1,0,0,-5.4017,-5.8423,12.8531,12.8531,13.6635,0,0,0,0.4420,0.4056,0.6084,0.6084,0.6234,0,0,0,-2.7165,-2.7388,3.2866,3.2866,3.2964,0,0,0,4.2829,4.2742,5.1291,5.1291,5.1514,0,0,0,-4.4266,-4.3317,-5.1981,-5.1981,-5.1581,0,0,0
18.693734,1788532560.234147,-2.3942,-2.0804,-2.0804,14.6000,17.7083,1,0,0,-5.4017,-5.8211,12.8065,12.8065,13.6107,0,0,0,0.4420,0.4074,0.6110,0.6110,0.6224,0,0,0,-2.7165,-2.7377,3.2853,3.2853,3.2969,0,0,0,4.2829,4.2746,5.1296,5.1296,5.1516,0,0,0,-4.4266,-4.3363,-5.2035,-5.2035,-5.1572,0,0,0
18.702242,1788532560.249657,-2.3942,-2.1084,-2.1084,14.4000,17.5078,1,0,0,-5.4017,-5.7837,12.7241,12.7241,13.5577,0,0,0,0.4420,0.4104,0.6157,0.6157,0.6213,0,0,0,-2.7165,-2.7358,3.2830,3.2830,3.2973,0,0,0,4.2829,4.2754,5.1304,5.1304,5.1514,0,0,0,-4.4266,-4.3443,-5.2132,-5.2132,-5.1570,0,0,0
18.712260,1788532560.249657,-2.3942,-2.1221,-2.1221,14.2000,17.2532,1,0,0,-5.4017,-5.7653,12.6837,12.6837,13.4906,0,0,0,0.4420,0.4119,0.6179,0.6179,0.6200,0,0,0,-2.7165,-2.7349,3.2819,3.2819,3.2974,0,0,0,4.2829,4.2757,5.1309,5.1309,5.1507,0,0,0,-4.4266,-4.3482,-5.2179,-5.2179,-5.1578,0,0,0
18.721305,1788532560.266728,-2.4630,-2.1553,-2.1553,14.0000,16.9947,1,0,0,-5.3658,-5.7265,12.5982,12.5982,13.4226,0,0,0,0.4680,0.4174,0.6261,0.6261,0.6189,0,0,0,-2.6121,-2.7230,3.2676,3.2676,3.2971,0,0,0,4.2536,4.2736,5.1283,5.1283,5.1497,0,0,0,-4.6695,-4.3794,-5.2553,-5.2553,-5.1596,0,0,0
18.728817,1788532560.273227,-2.4630,-2.1674,-2.1674,13.8000,16.7860,1,0,0,-5.3658,-5.7122,12.5669,12.5669,13.3675,0,0,0,0.4680,0.4194,0.6290,0.6290,0.6181,0,0,0,-2.6121,-2.7187,3.2624,3.2624,3.2967,0,0,0,4.2536,4.2728,5.1274,5.1274,5.1487,0,0,0,-4.6695,-4.3908,-5.2689,-5.2689,-5.1618,0,0,0
18.737323,1788532560.282232,-2.4932,-2.1849,-2.1849,13.6000,16.5760,1,0,0,-5.3211,-5.6912,12.5206,12.5206,13.3118,0,0,0,0.4434,0.4206,0.6310,0.6310,0.6176,0,0,0,-2.6613,-2.7156,3.2587,3.2587,3.2960,0,0,0,4.2919,4.2738,5.1286,5.1286,5.1475,0,0,0,-4.3051,-4.3862,-5.2634,-5.2634,-5.1648,0,0,0
18.744834,1788532560.290245,-2.4932,-2.1998,-2.1998,13.4000,16.4180,1,0,0,-5.3211,-5.6734,12.4814,12.4814,13.2696,0,0,0,0.4434,0.4217,0.6326,0.6326,0.6174,0,0,0,-2.6613,-2.7130,3.2556,3.2556,3.2952,0,0,0,4.2919,4.2747,5.1296,5.1296,5.1466,0,0,0,-4.3051,-4.3823,-5.2588,-5.2588,-5.1678,0,0,0
18.752841,1788532560.298257,-2.4932,-2.2139,-2.2139,13.2000,16.2070,1,0,0,-5.3211,-5.6564,12.4441,12.4441,13.2133,0,0,0,0.4434,0.4228,0.6342,0.6342,0.6174,0,0,0,-2.6613,-2.7105,3.2526,3.2526,3.2938,0,0,0,4.2919,4.2755,5.1306,5.1306,5.1454,0,0,0,-4.3051,-4.3786,-5.2543,-5.2543,-5.1725,0,0,0
18.760846,1788532560.306257,-2.5482,-2.2300,-2.2300,13.0000,15.9958,1,0,0,-5.2356,-5.6362,12.3996,12.3996,13.1570,0,0,0,0.4531,0.4242,0.6363,0.6363,0.6176,0,0,0,-2.6415,-2.7072,3.2486,3.2486,3.2921,0,0,0,4.2229,4.2730,5.1276,5.1276,5.1441,0,0,0,-4.3698,-4.3782,-5.2538,-5.2538,-5.1777,0,0,0
18.769653,1788532560.313779,-2.5482,-2.2444,-2.2444,12.8000,15.7847,1,0,0,-5.2356,-5.6180,12.3596,12.3596,13.1011,0,0,0,0.4531,0.4255,0.6383,0.6383,0.6180,0,0,0,-2.6415,-2.7042,3.2451,3.2451,3.2901,0,0,0,4.2229,4.2707,5.1249,5.1249,5.1429,0,0,0,-4.3698,-4.3778,-5.2534,-5.2534,-5.1832,0,0,0
18.777176,1788532560.322591,-2.5482,-2.2604,-2.2604,12.6000,15.5738,1,0,0,-5.2356,-5.5978,12.3153,12.3153,13.0458,0,0,0,0.4531,0.4270,0.6405,0.6405,0.6187,0,0,0,-2.6415,-2.7009,3.2411,3.2411,3.2879,0,0,0,4.2229,4.2682,5.1219,5.1219,5.1416,0,0,0,-4.3698,-4.3774,-5.2528,-5.2528,-5.1887,0,0,0
18.784928,1788532560.329817,-2.5954,-2.2750,-2.2750,12.4000,15.3633,1,0,0,-5.2113,-5.5810,12.2781,12.2781,12.9911,0,0,0,0.4718,0.4289,0.6434,0.6434,0.6195,0,0,0,-2.6824,-2.7001,3.2402,3.2402,3.2855,0,0,0,4.2431,4.2671,5.1206,5.1206,5.1404,0,0,0,-4.4012,-4.3784,-5.2541,-5.2541,-5.1942,0,0,0
18.792931,1788532560.338343,-2.5954,-2.2914,-2.2914,12.2000,15.1532,1,0,0,-5.2113,-5.5621,12.2366,12.2366,12.9372,0,0,0,0.4718,0.4311,0.6467,0.6467,0.6204,0,0,0,-2.6824,-2.6992,3.2391,3.2391,3.2828,0,0,0,4.2431,4.2659,5.1191,5.1191,5.1392,0,0,0,-4.4012,-4.3796,-5.2555,-5.2555,-5.1995,0,0,0
18.800857,1788532560.345870,-2.6055,-2.3056,-2.3056,12.0000,14.9437,1,0,0,-5.2085,-5.5460,12.2013,12.2013,12.8840,0,0,0,0.4362,0.4313,0.6470,0.6470,0.6216,0,0,0,-2.7301,-2.7006,3.2408,3.2408,3.2801,0,0,0,4.2278,4.2642,5.1170,5.1170,5.1380,0,0,0,-4.1500,-4.3692,-5.2430,-5.2430,-5.2045,0,0,0
18.808890,1788532560.353313,-2.6055,-2.3191,-2.3191,11.8000,14.7348,1,0,0,-5.2085,-5.5309,12.1679,12.1679,12.8318,0,0,0,0.4362,0.4316,0.6473,0.6473,0.6228,0,0,0,-2.7301,-2.7020,3.2423,3.2423,3.2772,0,0,0,4.2278,4.2626,5.1151,5.1151,5.1367,0,0,0,-4.1500,-4.3594,-5.2313,-5.2313,-5.2094,0,0,0
18.817389,1788532560.361508,-2.6286,-2.3343,-2.3343,11.6000,14.5266,1,0,0,-5.2435,-5.5167,12.1368,12.1368,12.7804,0,0,0,0.4362,0.4318,0.6477,0.6477,0.6242,0,0,0,-2.7301,-2.7033,3.2440,3.2440,3.2743,0,0,0,4.2031,4.2597,5.1116,5.1116,5.1353,0,0,0,-4.1500,-4.3492,-5.2190,-5.2190,-5.2139,0,0,0
18.825763,1788532560.370090,-2.6286,-2.3494,-2.3494,11.4000,14.3189,1,0,0,-5.2435,-5.5027,12.1059,12.1059,12.7300,0,0,0,0.4362,0.4320,0.6480,0.6480,0.6257,0,0,0,-2.7301,-2.7047,3.2456,3.2456,3.2714,0,0,0,4.2031,4.2568,5.1081,5.1081,5.1340,0,0,0,-4.1500,-4.3390,-5.2068,-5.2068,-5.2179,0,0,0
18.833546,1788532560.378553,-2.6286,-2.3636,-2.3636,11.2000,14.1636,1,0,0,-5.2435,-5.4895,12.0770,12.0770,12.6929,0,0,0,0.4362,0.4322,0.6483,0.6483,0.6269,0,0,0,-2.7301,-2.7060,3.2472,3.2472,3.2694,0,0,0,4.2031,4.2540,5.1049,5.1049,5.1329,0,0,0,-4.1500,-4.3294,-5.1953,-5.1953,-5.2204,0,0,0
18.841207,1788532560.386025,-2.6286,-2.3755,-2.3755,11.0000,13.9570,1,0,0,-5.2435,-5.4785,12.0526,12.0526,12.6445,0,0,0,0.4362,0.4324,0.6486,0.6486,0.6285,0,0,0,-2.7301,-2.7071,3.2485,3.2485,3.2668,0,0,0,4.2031,4.2518,5.1021,5.1021,5.1315,0,0,0,-4.1500,-4.3214,-5.1856,-5.1856,-5.2231,0,0,0
18.849491,1788532560.395900,-2.6286,-2.3904,-2.3904,10.8000,13.7511,1,0,0,-5.2435,-5.4647,12.0223,12.0223,12.5973,0,0,0,0.4362,0.4326,0.6489,0.6489,0.6300,0,0,0,-2.7301,-2.7084,3.2501,3.2501,3.2644,0,0,0,4.2031,4.2489,5.0987,5.0987,5.1299,0,0,0,-4.1500,-4.3113,-5.1736,-5.1736,-5.2250,0,0,0
18.856997,1788532560.402421,-2.6490,-2.4006,-2.4006,10.6000,13.5457,1,0,0,-5.2462,-5.4560,12.0033,12.0033,12.5513,0,0,0,0.4688,0.4340,0.6511,0.6511,0.6316,0,0,0,-2.6341,-2.7055,3.2466,3.2466,3.2622,0,0,0,4.1404,4.2446,5.0936,5.0936,5.1283,0,0,0,-4.4590,-4.3172,-5.1806,-5.1806,-5.2259,0,0,0
18.865019,1788532560.410918,-2.6490,-2.4132,-2.4132,10.4000,13.4432,1,0,0,-5.2462,-5.4453,11.9798,11.9798,12.5288,0,0,0,0.4688,0.4358,0.6537,0.6537,0.6323,0,0,0,-2.6341,-2.7019,3.2422,3.2422,3.2612,0,0,0,4.1404,4.2394,5.0872,5.0872,5.1274,0,0,0,-4.4590,-4.3244,-5.1892,-5.1892,-5.2260,0,0,0
18.873041,1788532560.418946,-2.6490,-2.4246,-2.4246,10.2000,13.1364,1,0,0,-5.2462,-5.4357,11.9586,11.9586,12.4634,0,0,0,0.4688,0.4374,0.6561,0.6561,0.6345,0,0,0,-2.6341,-2.6986,3.2383,3.2383,3.2586,0,0,0,4.1404,4.2346,5.0815,5.0815,5.1247,0,0,0,-4.4590,-4.3308,-5.1970,-5.1970,-5.2251,0,0,0
18.880558,1788532560.426968,-2.6490,-2.4354,-2.4354,10.0000,12.9326,1,0,0,-5.2462,-5.4266,11.9385,11.9385,12.4216,0,0,0,0.4688,0.4389,0.6583,0.6583,0.6360,0,0,0,-2.6341,-2.6955,3.2346,3.2346,3.2570,0,0,0,4.1404,4.2301,5.0761,5.0761,5.1227,0,0,0,-4.4590,-4.3370,-5.2044,-5.2044,-5.2236,0,0,0
18.889137,1788532560.434567,-2.6490,-2.4452,-2.4452,9.8000,12.7291,1,0,0,-5.2462,-5.4183,11.9204,11.9204,12.3812,0,0,0,0.4688,0.4403,0.6604,0.6604,0.6374,0,0,0,-2.6341,-2.6927,3.2313,3.2313,3.2556,0,0,0,4.1404,4.2260,5.0712,5.0712,5.1205,0,0,0,-4.4590,-4.3425,-5.2110,-5.2110,-5.2219,0,0,0
18.897446,1788532560.442851,-2.6490,-2.4553,-2.4553,9.6000,12.5261,1,0,0,-5.2462,-5.4098,11.9015,11.9015,12.3422,0,0,0,0.4688,0.4417,0.6625,0.6625,0.6388,0,0,0,-2.6341,-2.6898,3.2278,3.2278,3.2541,0,0,0,4.1404,4.2218,5.0661,5.0661,5.1181,0,0,0,-4.4590,-4.3483,-5.2180,-5.2180,-5.2201,0,0,0
18.905086,1788532560.451485,-2.7429,-2.4702,-2.4702,9.4000,12.3740,1,0,0,-5.0459,-5.3910,11.8602,11.8602,12.3140,0,0,0,0.4872,0.4440,0.6660,0.6660,0.6399,0,0,0,-2.6441,-2.6875,3.2250,3.2250,3.2530,0,0,0,4.1930,4.2203,5.0643,5.0643,5.1162,0,0,0,-4.5455,-4.3584,-5.2301,-5.2301,-5.2188,0,0,0
18.913088,1788532560.459510,-2.7429,-2.4833,-2.4833,9.2000,12.1716,1,0,0,-5.0459,-5.3744,11.8236,11.8236,12.2776,0,0,0,0.4872,0.4461,0.6691,0.6691,0.6414,0,0,0,-2.6441,-2.6854,3.2225,3.2225,3.2515,0,0,0,4.1930,4.2190,5.0628,5.0628,5.1135,0,0,0,-4.5455,-4.3674,-5.2409,-5.2409,-5.2173,0,0,0
18.921606,1788532560.465511,-2.7594,-2.4934,-2.4934,9.0000,11.9695,1,0,0,-5.0497,-5.3625,11.7975,11.7975,12.2427,0,0,0,0.4910,0.4477,0.6716,0.6716,0.6429,0,0,0,-2.6373,-2.6836,3.2204,3.2204,3.2500,0,0,0,4.2223,4.2191,5.0629,5.0629,5.1105,0,0,0,-4.6702,-4.3784,-5.2541,-5.2541,-5.2161,0,0,0
18.929605,1788532560.474019,-2.7594,-2.5069,-2.5069,8.8000,11.7677,1,0,0,-5.0497,-5.3466,11.7624,11.7624,12.2090,0,0,0,0.4910,0.4499,0.6749,0.6749,0.6445,0,0,0,-2.6373,-2.6813,3.2175,3.2175,3.2483,0,0,0,4.2223,4.2193,5.0631,5.0631,5.1074,0,0,0,-4.6702,-4.3933,-5.2719,-5.2719,-5.2154,0,0,0
18.937649,1788532560.482064,-2.7657,-2.5194,-2.5194,8.6000,11.5661,1,0,0,-5.0389,-5.3317,11.7297,11.7297,12.1761,0,0,0,0.5021,0.4524,0.6786,0.6786,0.6461,0,0,0,-2.6091,-2.6778,3.2134,3.2134,3.2466,0,0,0,4.1948,4.2181,5.0617,5.0617,5.1043,0,0,0,-4.6995,-4.4080,-5.2896,-5.2896,-5.2152,0,0,0
18.945158,1788532560.489566,-2.7657,-2.5306,-2.5306,8.4000,11.3647,1,0,0,-5.0389,-5.3185,11.7006,11.7006,12.1439,0,0,0,0.5021,0.4547,0.6820,0.6820,0.6479,0,0,0,-2.6091,-2.6747,3.2097,3.2097,3.2448,0,0,0,4.1948,4.2170,5.0604,5.0604,5.1010,0,0,0,-4.6995,-4.4211,-5.3054,-5.3054,-5.2156,0,0,0
18.953666,1788532560.499077,-2.7716,-2.5442,-2.5442,8.2000,11.1635,1,0,0,-5.0295,-5.3021,11.6646,11.6646,12.1122,0,0,0,0.5021,0.4573,0.6860,0.6860,0.6497,0,0,0,-2.6413,-2.6728,3.2074,3.2074,3.2429,0,0,0,4.1916,4.2156,5.0587,5.0587,5.0979,0,0,0,-4.6498,-4.4340,-5.3209,-5.3209,-5.2169,0,0,0
18.961201,1788532560.506082,-2.7716,-2.5538,-2.5538,8.0000,11.0128,1,0,0,-5.0295,-5.2906,11.6392,11.6392,12.0888,0,0,0,0.5021,0.4592,0.6888,0.6888,0.6511,0,0,0,-2.6413,-2.6715,3.2058,3.2058,3.2414,0,0,0,4.1916,4.2146,5.0575,5.0575,5.0955,0,0,0,-4.6498,-4.4432,-5.3318,-5.3318,-5.2185,0,0,0
18.969724,1788532560.515153,-2.7716,-2.5656,-2.5656,7.8000,10.7617,1,0,0,-5.0295,-5.2764,11.6081,11.6081,12.0500,0,0,0,0.5021,0.4615,0.6923,0.6923,0.6535,0,0,0,-2.6413,-2.6699,3.2038,3.2038,3.2389,0,0,0,4.1916,4.2133,5.0560,5.0560,5.0917,0,0,0,-4.6498,-4.4543,-5.3452,-5.3452,-5.2222,0,0,0
18.977493,1788532560.521403,-2.7716,-2.5734,-2.5734,7.6000,10.5610,1,0,0,-5.0295,-5.2670,11.5875,11.5875,12.0193,0,0,0,0.5021,0.4631,0.6946,0.6946,0.6557,0,0,0,-2.6413,-2.6688,3.2025,3.2025,3.2367,0,0,0,4.1916,4.2125,5.0550,5.0550,5.0888,0,0,0,-4.6498,-4.4617,-5.3540,-5.3540,-5.2263,0,0,0
18.985336,1788532560.531241,-2.7976,-2.5865,-2.5865,7.4000,10.4105,1,0,0,-5.0032,-5.2516,11.5536,11.5536,11.9964,0,0,0,0.4946,0.4649,0.6974,0.6974,0.6573,0,0,0,-2.6238,-2.6662,3.1994,3.1994,3.2351,0,0,0,4.1968,4.2116,5.0539,5.0539,5.0867,0,0,0,-4.5964,-4.4696,-5.3635,-5.3635,-5.2300,0,0,0
18.993844,1788532560.538258,-2.7976,-2.5955,-2.5955,7.2000,10.2100,1,0,0,-5.0032,-5.2411,11.5304,11.5304,11.9660,0,0,0,0.4946,0.4662,0.6992,0.6992,0.6596,0,0,0,-2.6238,-2.6644,3.1973,3.1973,3.2329,0,0,0,4.1968,4.2110,5.0532,5.0532,5.0839,0,0,0,-4.5964,-4.4749,-5.3699,-5.3699,-5.2356,0,0,0
19.002118,1788532560.545764,-2.7976,-2.6046,-2.6046,7.0000,10.0096,1,0,0,-5.0032,-5.2303,11.5067,11.5067,11.9359,0,0,0,0.4946,0.4674,0.7012,0.7012,0.6620,0,0,0,-2.6238,-2.6625,3.1951,3.1951,3.2306,0,0,0,4.1968,4.2103,5.0524,5.0524,5.0813,0,0,0,-4.5964,-4.4804,-5.3765,-5.3765,-5.2420,0,0,0
19.009864,1788532560.554170,-2.7976,-2.6143,-2.6143,6.8000,9.8093,1,0,0,-5.0032,-5.2189,11.4815,11.4815,11.9059,0,0,0,0.4946,0.4688,0.7032,0.7032,0.6644,0,0,0,-2.6238,-2.6606,3.1927,3.1927,3.2283,0,0,0,4.1968,4.2097,5.0516,5.0516,5.0787,0,0,0,-4.5964,-4.4862,-5.3835,-5.3835,-5.2490,0,0,0
19.017855,1788532560.563269,-2.7772,-2.6232,-2.6232,6.6000,9.6090,1,0,0,-4.9623,-5.2050,11.4509,11.4509,11.8762,0,0,0,0.4892,0.4699,0.7049,0.7049,0.6669,0,0,0,-2.7128,-2.6634,3.1961,3.1961,3.2260,0,0,0,4.1507,4.2065,5.0478,5.0478,5.0763,0,0,0,-4.2681,-4.4744,-5.3693,-5.3693,-5.2565,0,0,0
19.026375,1788532560.570781,-2.7772,-2.6302,-2.6302,6.4000,9.4088,1,0,0,-4.9623,-5.1940,11.4267,11.4267,11.8467,0,0,0,0.4892,0.4708,0.7062,0.7062,0.6695,0,0,0,-2.7128,-2.6657,3.1988,3.1988,3.2237,0,0,0,4.1507,4.2040,5.0447,5.0447,5.0740,0,0,0,-4.2681,-4.4651,-5.3581,-5.3581,-5.2644,0,0,0
19.034356,1788532560.578269,-2.7772,-2.6368,-2.6368,6.2000,9.2086,1,0,0,-4.7965,-5.1760,11.3873,11.3873,11.8176,0,0,0,0.4857,0.4715,0.7072,0.7072,0.6720,0,0,0,-2.7220,-2.6682,3.2018,3.2018,3.2213,0,0,0,4.1463,4.2014,5.0416,5.0416,5.0718,0,0,0,-4.1143,-4.4493,-5.3392,-5.3392,-5.2727,0,0,0
19.041490,1788532560.585775,-2.7772,-2.6431,-2.6431,6.0000,9.0085,1,0,0,-4.7965,-5.1589,11.3495,11.3495,11.7887,0,0,0,0.4857,0.4721,0.7081,0.7081,0.6746,0,0,0,-2.7220,-2.6706,3.2047,3.2047,3.2190,0,0,0,4.1463,4.1989,5.0387,5.0387,5.0697,0,0,0,-4.1143,-4.4342,-5.3211,-5.3211,-5.2809,0,0,0
19.050229,1788532560.594424,-2.8524,-2.6540,-2.6540,5.8000,8.8084,1,0,0,-4.7322,-5.1368,11.3009,11.3009,11.7600,0,0,0,0.4627,0.4716,0.7074,0.7074,0.6771,0,0,0,-2.7099,-2.6726,3.2072,3.2072,3.2169,0,0,0,4.1333,4.1955,5.0346,5.0346,5.0677,0,0,0,-4.2455,-4.4245,-5.3094,-5.3094,-5.2887,0,0,0
19.057844,1788532560.603172,-2.8618,-2.6648,-2.6648,5.6000,8.6584,1,0,0,-4.7149,-5.1147,11.2524,11.2524,11.7385,0,0,0,0.4687,0.4715,0.7072,0.7072,0.6790,0,0,0,-2.7099,-2.6746,3.2095,3.2095,3.2153,0,0,0,4.1732,4.1943,5.0332,5.0332,5.0662,0,0,0,-4.2508,-4.4155,-5.2985,-5.2985,-5.2942,0,0,0
19.066017,1788532560.610272,-2.8635,-2.6733,-2.6733,5.4000,8.5083,1,0,0,-4.6942,-5.0967,11.2127,11.2127,11.7171,0,0,0,0.5020,0.4728,0.7091,0.7091,0.6808,0,0,0,-2.7138,-2.6763,3.2115,3.2115,3.2140,0,0,0,4.1875,4.1940,5.0329,5.0329,5.0647,0,0,0,-4.3939,-4.4145,-5.2974,-5.2974,-5.2992,0,0,0
19.073526,1788532560.619437,-2.8662,-2.6839,-2.6839,5.2000,8.2583,1,0,0,-4.6352,-5.0714,11.1571,11.1571,11.6811,0,0,0,0.5310,0.4759,0.7139,0.7139,0.6838,0,0,0,-2.6967,-2.6774,3.2128,3.2128,3.2120,0,0,0,4.1944,4.1941,5.0329,5.0329,5.0621,0,0,0,-4.4257,-4.4151,-5.2982,-5.2982,-5.3061,0,0,0
19.081634,1788532560.625945,-2.8662,-2.6911,-2.6911,5.0000,8.0572,1,0,0,-4.6352,-5.0542,11.1193,11.1193,11.6515,0,0,0,0.5310,0.4781,0.7171,0.7171,0.6861,0,0,0,-2.6967,-2.6781,3.2138,3.2138,3.2107,0,0,0,4.1944,4.1941,5.0329,5.0329,5.0600,0,0,0,-4.4257,-4.4156,-5.2987,-5.2987,-5.3103,0,0,0
19.090171,1788532560.634068,-2.8820,-2.7004,-2.7004,4.8000,7.8532,1,0,0,-4.5969,-5.0319,11.0702,11.0702,11.6205,0,0,0,0.5203,0.4801,0.7202,0.7202,0.6883,0,0,0,-2.6777,-2.6781,3.2137,3.2137,3.2097,0,0,0,4.1446,4.1917,5.0300,5.0300,5.0579,0,0,0,-4.5993,-4.4245,-5.3094,-5.3094,-5.3134,0,0,0
19.098196,1788532560.642596,-2.8986,-2.7105,-2.7105,4.6000,7.6467,1,0,0,-4.5667,-5.0081,11.0179,11.0179,11.5881,0,0,0,0.5142,0.4819,0.7228,0.7228,0.6905,0,0,0,-2.6640,-2.6774,3.2129,3.2129,3.2090,0,0,0,4.1446,4.1893,5.0271,5.0271,5.0559,0,0,0,-4.5993,-4.4334,-5.3201,-5.3201,-5.3156,0,0,0
19.105937,1788532560.650285,-2.8986,-2.7192,-2.7192,4.4000,7.4383,1,0,0,-4.5667,-4.9877,10.9729,10.9729,11.5544,0,0,0,0.5142,0.4834,0.7251,0.7251,0.6927,0,0,0,-2.6640,-2.6768,3.2121,3.2121,3.2085,0,0,0,4.1446,4.1872,5.0247,5.0247,5.0538,0,0,0,-4.5993,-4.4410,-5.3292,-5.3292,-5.3170,0,0,0
19.113473,1788532560.658884,-2.8986,-2.7284,-2.7284,4.2000,7.2286,1,0,0,-4.5667,-4.9660,10.9252,10.9252,11.5194,0,0,0,0.5142,0.4850,0.7274,0.7274,0.6949,0,0,0,-2.6640,-2.6761,3.2113,3.2113,3.2082,0,0,0,4.1446,4.1850,5.0220,5.0220,5.0518,0,0,0,-4.5993,-4.4491,-5.3390,-5.3390,-5.3181,0,0,0
19.122487,1788532560.666462,-2.8986,-2.7362,-2.7362,4.0000,7.0180,1,0,0,-4.5667,-4.9478,10.8851,10.8851,11.4831,0,0,0,0.5142,0.4863,0.7294,0.7294,0.6971,0,0,0,-2.6640,-2.6756,3.2107,3.2107,3.2081,0,0,0,4.1446,4.1832,5.0198,5.0198,5.0498,0,0,0,-4.5993,-4.4560,-5.3472,-5.3472,-5.3189,0,0,0
19.130486,1788532560.674915,-2.8986,-2.7444,-2.7444,3.8000,6.8070,1,0,0,-4.5667,-4.9284,10.8426,10.8426,11.4456,0,0,0,0.5142,0.4877,0.7315,0.7315,0.6993,0,0,0,-2.6640,-2.6750,3.2100,3.2100,3.2080,0,0,0,4.1446,4.1812,5.0175,5.0175,5.0478,0,0,0,-4.5993,-4.4632,-5.3558,-5.3558,-5.3198,0,0,0
19.138517,1788532560.682420,-2.8986,-2.7513,-2.7513,3.6000,6.5958,1,0,0,-4.5667,-4.9121,10.8065,10.8065,11.4071,0,0,0,0.5142,0.4889,0.7333,0.7333,0.7016,0,0,0,-2.6640,-2.6745,3.2094,3.2094,3.2080,0,0,0,4.1446,4.1796,5.0155,5.0155,5.0457,0,0,0,-4.5993,-4.4693,-5.3632,-5.3632,-5.3209,0,0,0
19.146547,1788532560.690453,-2.8986,-2.7584,-2.7584,3.4000,6.3847,1,0,0,-4.5667,-4.8954,10.7699,10.7699,11.3678,0,0,0,0.5142,0.4901,0.7352,0.7352,0.7038,0,0,0,-2.6640,-2.6740,3.2088,3.2088,3.2081,0,0,0,4.1446,4.1779,5.0135,5.0135,5.0437,0,0,0,-4.5993,-4.4756,-5.3707,-5.3707,-5.3222,0,0,0
19.154553,1788532560.697966,-2.9199,-2.7657,-2.7657,3.2000,6.1738,1,0,0,-4.5111,-4.8780,10.7315,10.7315,11.3277,0,0,0,0.5056,0.4908,0.7362,0.7362,0.7060,0,0,0,-2.6693,-2.6738,3.2085,3.2085,3.2082,0,0,0,4.0878,4.1738,5.0086,5.0086,5.0416,0,0,0,-4.4987,-4.4766,-5.3720,-5.3720,-5.3239,0,0,0
19.162088,1788532560.706975,-2.9173,-2.7739,-2.7739,3.0000,6.0159,1,0,0,-4.4993,-4.8576,10.6867,10.6867,11.2973,0,0,0,0.4903,0.4908,0.7362,0.7362,0.7077,0,0,0,-2.6693,-2.6735,3.2082,3.2082,3.2082,0,0,0,4.0805,4.1688,5.0026,5.0026,5.0400,0,0,0,-4.4987,-4.4778,-5.3734,-5.3734,-5.3254,0,0,0
19.169631,1788532560.716029,-2.9173,-2.7816,-2.7816,2.8000,5.8057,1,0,0,-4.4993,-4.8382,10.6440,10.6440,11.2565,0,0,0,0.4903,0.4907,0.7361,0.7361,0.7099,0,0,0,-2.6693,-2.6733,3.2080,3.2080,3.2083,0,0,0,4.0805,4.1641,4.9969,4.9969,5.0379,0,0,0,-4.4987,-4.4789,-5.3747,-5.3747,-5.3276,0,0,0
19.178124,1788532560.722538,-2.9086,-2.7866,-2.7866,2.6000,5.5961,1,0,0,-4.4614,-4.8233,10.6113,10.6113,11.2154,0,0,0,0.4599,0.4895,0.7343,0.7343,0.7121,0,0,0,-2.6379,-2.6719,3.2063,3.2063,3.2084,0,0,0,3.9300,4.1549,4.9859,4.9859,5.0358,0,0,0,-4.4512,-4.4778,-5.3734,-5.3734,-5.3302,0,0,0
19.186147,1788532560.731050,-2.9086,-2.7928,-2.7928,2.4000,5.3870,1,0,0,-4.4614,-4.8049,10.5707,10.5707,11.1741,0,0,0,0.4599,0.4880,0.7320,0.7320,0.7143,0,0,0,-2.6379,-2.6702,3.2042,3.2042,3.2084,0,0,0,3.9300,4.1435,4.9721,4.9721,5.0335,0,0,0,-4.4512,-4.4765,-5.3718,-5.3718,-5.3329,0,0,0
19.194149,1788532560.738573,-2.9086,-2.7981,-2.7981,2.2000,5.1786,1,0,0,-4.4614,-4.7893,10.5364,10.5364,11.1327,0,0,0,0.4599,0.4868,0.7301,0.7301,0.7163,0,0,0,-2.6379,-2.6687,3.2025,3.2025,3.2084,0,0,0,3.9300,4.1338,4.9606,4.9606,5.0311,0,0,0,-4.4512,-4.4754,-5.3704,-5.3704,-5.3358,0,0,0
19.202658,1788532560.748068,-2.9086,-2.8043,-2.8043,2.0000,4.9708,1,0,0,-4.4614,-4.7707,10.4956,10.4956,11.0912,0,0,0,0.4599,0.4852,0.7279,0.7279,0.7182,0,0,0,-2.6379,-2.6670,3.2004,3.2004,3.2084,0,0,0,3.9300,4.1223,4.9468,4.9468,5.0284,0,0,0,-4.4512,-4.4740,-5.3688,-5.3688,-5.3387,0,0,0
19.210350,1788532560.753765,-2.9191,-2.8083,-2.8083,1.8000,4.7636,1,0,0,-4.4185,-4.7585,10.4687,10.4687,11.0497,0,0,0,0.4371,0.4836,0.7254,0.7254,0.7200,0,0,0,-2.6230,-2.6655,3.1986,3.1986,3.2083,0,0,0,3.9362,4.1159,4.9391,4.9391,5.0254,0,0,0,-4.6903,-4.4815,-5.3778,-5.3778,-5.3415,0,0,0
19.218349,1788532560.763764,-2.9191,-2.8149,-2.8149,1.6000,4.5570,1,0,0,-4.4185,-4.7383,10.4242,10.4242,11.0083,0,0,0,0.4371,0.4808,0.7213,0.7213,0.7215,0,0,0,-2.6230,-2.6630,3.1956,3.1956,3.2082,0,0,0,3.9362,4.1053,4.9263,4.9263,5.0218,0,0,0,-4.6903,-4.4938,-5.3926,-5.3926,-5.3443,0,0,0
19.225955,1788532560.770766,-2.9191,-2.8193,-2.8193,1.4000,4.3511,1,0,0,-4.4185,-4.7247,10.3944,10.3944,10.9670,0,0,0,0.4371,0.4790,0.7185,0.7185,0.7228,0,0,0,-2.6230,-2.6613,3.1935,3.1935,3.2079,0,0,0,3.9362,4.0981,4.9177,4.9177,5.0178,0,0,0,-4.6903,-4.5021,-5.4025,-5.4025,-5.3468,0,0,0
19.233965,1788532560.779374,-2.9191,-2.8244,-2.8244,1.2000,4.1457,1,0,0,-4.4185,-4.7090,10.3597,10.3597,10.9261,0,0,0,0.4371,0.4768,0.7153,0.7153,0.7239,0,0,0,-2.6230,-2.6593,3.1912,3.1912,3.2075,0,0,0,3.9362,4.0898,4.9078,4.9078,5.0133,0,0,0,-4.6903,-4.5118,-5.4141,-5.4141,-5.3494,0,0,0
19.242615,1788532560.786886,-2.9191,-2.8287,-2.8287,1.0000,3.9408,1,0,0,-4.4185,-4.6958,10.3307,10.3307,10.8854,0,0,0,0.4371,0.4751,0.7126,0.7126,0.7247,0,0,0,-2.6230,-2.6577,3.1892,3.1892,3.2070,0,0,0,3.9362,4.0829,4.8994,4.8994,5.0082,0,0,0,-4.6903,-4.5198,-5.4238,-5.4238,-5.3522,0,0,0
19.250475,1788532560.794386,-2.8921,-2.8315,-2.8315,0.8000,3.7875,1,0,0,-4.4404,-4.6842,10.3053,10.3053,10.8550,0,0,0,0.4579,0.4743,0.7114,0.7114,0.7251,0,0,0,-2.6619,-2.6579,3.1894,3.1894,3.2066,0,0,0,3.9117,4.0752,4.8902,4.8902,5.0041,0,0,0,-4.6887,-4.5274,-5.4329,-5.4329,-5.3544,0,0,0
19.258595,1788532560.802520,-2.8822,-2.8340,-2.8340,0.6000,3.5835,1,0,0,-4.4418,-4.6724,10.2793,10.2793,10.8149,0,0,0,0.4616,0.4737,0.7105,0.7105,0.7254,0,0,0,-2.6619,-2.6581,3.1897,3.1897,3.2059,0,0,0,3.9117,4.0672,4.8806,4.8806,4.9982,0,0,0,-4.6887,-4.5353,-5.4424,-5.4424,-5.3577,0,0,0
19.266605,1788532560.811523,-2.8822,-2.8366,-2.8366,0.4000,3.3799,1,0,0,-4.4418,-4.6600,10.2520,10.2520,10.7753,0,0,0,0.4616,0.4730,0.7095,0.7095,0.7254,0,0,0,-2.6619,-2.6583,3.1899,3.1899,3.2050,0,0,0,3.9117,4.0589,4.8706,4.8706,4.9920,0,0,0,-4.6887,-4.5435,-5.4522,-5.4522,-5.3614,0,0,0
19.274611,1788532560.819025,-2.8704,-2.8381,-2.8381,0.2000,3.1768,1,0,0,-4.4388,-4.6500,10.2300,10.2300,10.7362,0,0,0,0.4634,0.4726,0.7089,0.7089,0.7252,0,0,0,-2.6260,-2.6568,3.1882,3.1882,3.2041,0,0,0,3.9053,4.0519,4.8623,4.8623,4.9853,0,0,0,-5.2516,-4.5754,-5.4905,-5.4905,-5.3654,0,0,0
19.282140,1788532560.828533,-2.8712,-2.8400,-2.8400,0.0000,2.9740,1,0,0,-4.4050,-4.6361,10.1994,10.1994,10.6979,0,0,0,0.4641,0.4721,0.7082,0.7082,0.7248,0,0,0,-2.6263,-2.6551,3.1861,3.1861,3.2031,0,0,0,3.9164,4.0443,4.8531,4.8531,4.9784,0,0,0,-5.2494,-4.6135,-5.5362,-5.5362,-5.3699,0,0,0
19.290688,1788532560.835064,-2.8651,-2.8410,-2.8410,-0.2000,2.7716,1,0,0,-4.3632,-4.6253,10.1757,10.1757,10.6602,0,0,0,0.4712,0.4721,0.7081,0.7081,0.7242,0,0,0,-2.6306,-2.6541,3.1850,3.1850,3.2021,0,0,0,3.9460,4.0404,4.8485,4.8485,4.9711,0,0,0,-5.2192,-4.6374,-5.5649,-5.5649,-5.3749,0,0,0
19.298658,1788532560.843068,-2.8651,-2.8421,-2.8421,-0.4000,2.5695,1,0,0,-4.3632,-4.6127,10.1479,10.1479,10.6234,0,0,0,0.4712,0.4720,0.7080,0.7080,0.7234,0,0,0,-2.6306,-2.6530,3.1836,3.1836,3.2011,0,0,0,3.9460,4.0359,4.8430,4.8430,4.9635,0,0,0,-5.2192,-4.6654,-5.5985,-5.5985,-5.3806,0,0,0
19.306693,1788532560.850597,-2.8651,-2.8432,-2.8432,-0.6000,2.4181,1,0,0,-4.3632,-4.6014,10.1230,10.1230,10.5963,0,0,0,0.4712,0.4720,0.7080,0.7080,0.7228,0,0,0,-2.6306,-2.6520,3.1824,3.1824,3.2003,0,0,0,3.9460,4.0318,4.8382,4.8382,4.9577,0,0,0,-5.2192,-4.6905,-5.6286,-5.6286,-5.3856,0,0,0
19.314692,1788532560.859107,-2.8651,-2.8443,-2.8443,-0.8000,2.1661,1,0,0,-4.3632,-4.5892,10.0963,10.0963,10.5522,0,0,0,0.4712,0.4720,0.7079,0.7079,0.7217,0,0,0,-2.6306,-2.6509,3.1811,3.1811,3.1990,0,0,0,3.9460,4.0274,4.8329,4.8329,4.9478,0,0,0,-5.2192,-4.7174,-5.6609,-5.6609,-5.3959,0,0,0
19.322531,1788532560.866637,-2.8651,-2.8452,-2.8452,-1.0000,2.0150,1,0,0,-4.3632,-4.5790,10.0737,10.0737,10.5262,0,0,0,0.4712,0.4719,0.7079,0.7079,0.7210,0,0,0,-2.6306,-2.6500,3.1800,3.1800,3.1981,0,0,0,3.9460,4.0238,4.8285,4.8285,4.9418,0,0,0,-5.2192,-4.7401,-5.6882,-5.6882,-5.4032,0,0,0
19.330530,1788532560.873956,-2.8583,-2.8458,-2.8458,-1.2000,1.8138,1,0,0,-4.3506,-4.5689,10.0516,10.0516,10.4924,0,0,0,0.5090,0.4735,0.7103,0.7103,0.7200,0,0,0,-2.6387,-2.6495,3.1794,3.1794,3.1970,0,0,0,4.0602,4.0254,4.8304,4.8304,4.9338,0,0,0,-4.6470,-4.7360,-5.6832,-5.6832,-5.4143,0,0,0
19.338530,1788532560.883946,-2.8465,-2.8458,-2.8458,-1.4000,1.6128,1,0,0,-4.3670,-4.5569,10.0252,10.0252,10.4592,0,0,0,0.5061,0.4755,0.7132,0.7132,0.7191,0,0,0,-2.6495,-2.6495,3.1794,3.1794,3.1959,0,0,0,4.0602,4.0274,4.8329,4.8329,4.9259,0,0,0,-4.5851,-4.7271,-5.6725,-5.6725,-5.4270,0,0,0
19.346162,1788532560.891573,-2.8465,-2.8459,-2.8459,-1.6000,1.4119,1,0,0,-4.3670,-4.5482,10.0060,10.0060,10.4268,0,0,0,0.5061,0.4769,0.7153,0.7153,0.7181,0,0,0,-2.6495,-2.6495,3.1794,3.1794,3.1947,0,0,0,4.0602,4.0289,4.8347,4.8347,4.9180,0,0,0,-4.5851,-4.7206,-5.6647,-5.6647,-5.4412,0,0,0
19.354289,1788532560.898579,-2.8465,-2.8459,-2.8459,-1.8000,1.2112,1,0,0,-4.3670,-4.5405,9.9892,9.9892,10.3951,0,0,0,0.5061,0.4781,0.7172,0.7172,0.7172,0,0,0,-2.6495,-2.6495,3.1794,3.1794,3.1936,0,0,0,4.0602,4.0302,4.8363,4.8363,4.9103,0,0,0,-4.5851,-4.7149,-5.6578,-5.6578,-5.4566,0,0,0
19.362301,1788532560.906707,-2.8465,-2.8459,-2.8459,-2.0000,1.0607,1,0,0,-4.3670,-4.5321,9.9705,9.9705,10.3718,0,0,0,0.5061,0.4795,0.7192,0.7192,0.7166,0,0,0,-2.6495,-2.6495,3.1794,3.1794,3.1927,0,0,0,4.0602,4.0317,4.8380,4.8380,4.9047,0,0,0,-4.5851,-4.7085,-5.6502,-5.6502,-5.4685,0,0,0
19.370821,1788532560.914232,-2.8465,-2.8460,-2.8460,-2.2000,0.8601,1,0,0,-4.3670,-4.5246,9.9541,9.9541,10.3414,0,0,0,0.5061,0.4807,0.7210,0.7210,0.7159,0,0,0,-2.6495,-2.6495,3.1794,3.1794,3.1915,0,0,0,4.0602,4.0330,4.8396,4.8396,4.8976,0,0,0,-4.5851,-4.7029,-5.6435,-5.6435,-5.4844,0,0,0
19.378333,1788532560.923740,-2.8465,-2.8460,-2.8460,-2.4000,0.6597,1,0,0,-4.3670,-4.5157,9.9344,9.9344,10.3117,0,0,0,0.5061,0.4821,0.7232,0.7232,0.7154,0,0,0,-2.6495,-2.6495,3.1794,3.1794,3.1904,0,0,0,4.0602,4.0345,4.8414,4.8414,4.8910,0,0,0,-4.5851,-4.6963,-5.6356,-5.6356,-5.4999,0,0,0
19.386884,1788532560.930763,-2.8465,-2.8460,-2.8460,-2.6000,0.4594,1,0,0,-4.3670,-4.5094,9.9206,9.9206,10.2828,0,0,0,0.5061,0.4831,0.7247,0.7247,0.7150,0,0,0,-2.6495,-2.6495,3.1794,3.1794,3.1894,0,0,0,4.0602,4.0356,4.8427,4.8427,4.8848,0,0,0,-4.5851,-4.6916,-5.6299,-5.6299,-5.5148,0,0,0
19.394892,1788532560.939297,-2.8465,-2.8460,-2.8460,-2.8000,0.2591,1,0,0,-4.3670,-4.5021,9.9046,9.9046,10.2546,0,0,0,0.5061,0.4843,0.7264,0.7264,0.7148,0,0,0,-2.6495,-2.6495,3.1794,3.1794,3.1884,0,0,0,4.0602,4.0369,4.8442,4.8442,4.8792,0,0,0,-4.5851,-4.6862,-5.6234,-5.6234,-5.5287,0,0,0
19.402414,1788532560.947297,-2.8465,-2.8461,-2.8461,-2.8461,0.0588,0,0,0,-4.3670,-4.4956,9.8903,9.8903,10.2273,0,0,0,0.5061,0.4853,0.7280,0.7280,0.7147,0,0,0,-2.6495,-2.6495,3.1794,3.1794,3.1874,0,0,0,4.0602,4.0380,4.8456,4.8456,4.8742,0,0,0,-4.5851,-4.6813,-5.6176,-5.6176,-5.5416,0,0,0
19.410510,1788532560.954909,-2.8313,-2.8454,-2.8454,-2.8454,-0.1413,0,0,0,-4.2946,-4.4864,9.8700,9.8700,10.2009,0,0,0,0.5291,0.4873,0.7310,0.7310,0.7148,0,0,0,-2.5313,-2.6441,3.1729,3.1729,3.1866,0,0,0,3.8612,4.0299,4.8359,4.8359,4.8697,0,0,0,-5.4079,-4.7145,-5.6574,-5.6574,-5.5533,0,0,0
19.418522,1788532560.963921,-2.8313,-2.8446,-2.8446,-2.8446,-0.3415,0,0,0,-4.2946,-4.4761,9.8474,9.8474,10.1752,0,0,0,0.5291,0.4896,0.7343,0.7343,0.7151,0,0,0,-2.5313,-2.6381,3.1657,3.1657,3.1858,0,0,0,3.8612,4.0209,4.8250,4.8250,4.8657,0,0,0,-5.4079,-4.7518,-5.7021,-5.7021,-5.5637,0,0,0
19.426014,1788532560.970422,-2.8313,-2.8441,-2.8441,-2.8441,-0.5408,0,0,0,-4.2946,-4.4689,9.8316,9.8316,10.1504,0,0,0,0.5291,0.4911,0.7367,0.7367,0.7155,0,0,0,-2.5313,-2.6339,3.1606,3.1606,3.1850,0,0,0,3.8612,4.0146,4.8175,4.8175,4.8622,0,0,0,-5.4079,-4.7776,-5.7331,-5.7331,-5.5729,0,0,0
19.434519,1788532560.979426,-2.8313,-2.8434,-2.8434,-2.8434,-0.7367,0,0,0,-4.2946,-4.4596,9.8110,9.8110,10.1263,0,0,0,0.5291,0.4932,0.7397,0.7397,0.7160,0,0,0,-2.5313,-2.6284,3.1540,3.1540,3.1843,0,0,0,3.8612,4.0064,4.8076,4.8076,4.8591,0,0,0,-5.4079,-4.8114,-5.7737,-5.7737,-5.5810,0,0,0
19.442549,1788532560.986939,-2.8313,-2.8429,-2.8429,-2.8429,-0.9266,0,0,0,-4.2946,-4.4521,9.7946,9.7946,10.1030,0,0,0,0.5291,0.4948,0.7422,0.7422,0.7168,0,0,0,-2.5313,-2.6240,3.1488,3.1488,3.1835,0,0,0,3.8612,3.9998,4.7998,4.7998,4.8563,0,0,0,-5.4079,-4.8384,-5.8061,-5.8061,-5.5889,0,0,0
19.450554,1788532560.995966,-2.8313,-2.8423,-2.8423,-2.8423,-1.0638,0,0,0,-4.2946,-4.4436,9.7759,9.7759,10.0859,0,0,0,0.5291,0.4966,0.7449,0.7449,0.7174,0,0,0,-2.5313,-2.6190,3.1428,3.1428,3.1828,0,0,0,3.8612,3.9924,4.7908,4.7908,4.8542,0,0,0,-5.4079,-4.8691,-5.8429,-5.8429,-5.5951,0,0,0
19.458559,1788532561.002972,-2.8313,-2.8418,-2.8418,-2.8418,-1.2387,0,0,0,-4.2946,-4.4373,9.7621,9.7621,10.0635,0,0,0,0.5291,0.4980,0.7470,0.7470,0.7184,0,0,0,-2.5313,-2.6153,3.1384,3.1384,3.1817,0,0,0,3.8612,3.9868,4.7842,4.7842,4.8513,0,0,0,-5.4079,-4.8919,-5.8703,-5.8703,-5.6038,0,0,0
19.466079,1788532561.011480,-2.8313,-2.8413,-2.8413,-2.8413,-1.4033,0,0,0,-4.2946,-4.4300,9.7461,9.7461,10.0417,0,0,0,0.5291,0.4996,0.7493,0.7493,0.7195,0,0,0,-2.5313,-2.6110,3.1333,3.1333,3.1804,0,0,0,3.8612,3.9804,4.7765,4.7765,4.8483,0,0,0,-5.4079,-4.9182,-5.9018,-5.9018,-5.6137,0,0,0
19.474079,1788532561.019510,-2.8313,-2.8408,-2.8408,-2.8408,-1.5571,0,0,0,-4.2946,-4.4235,9.7317,9.7317,10.0200,0,0,0,0.5291,0.5010,0.7515,0.7515,0.7209,0,0,0,-2.5313,-2.6072,3.1287,3.1287,3.1787,0,0,0,3.8612,3.9747,4.7697,4.7697,4.8450,0,0,0,-5.4079,-4.9418,-5.9301,-5.9301,-5.6253,0,0,0
19.482191,1788532561.027593,-2.8313,-2.8403,-2.8403,-2.8403,-1.6997,0,0,0,-4.2946,-4.4173,9.7180,9.7180,9.9985,0,0,0,0.5291,0.5023,0.7535,0.7535,0.7223,0,0,0,-2.5313,-2.6035,3.1242,3.1242,3.1767,0,0,0,3.8612,3.9692,4.7631,4.7631,4.8414,0,0,0,-5.4079,-4.9644,-5.9573,-5.9573,-5.6386,0,0,0
19.490395,1788532561.036801,-2.8313,-2.8398,-2.8398,-2.8398,-1.8310,0,0,0,-4.2946,-4.4105,9.7032,9.7032,9.9774,0,0,0,0.5291,0.5038,0.7557,0.7557,0.7240,0,0,0,-2.5313,-2.5996,3.1195,3.1195,3.1744,0,0,0,3.8612,3.9633,4.7560,4.7560,4.8374,0,0,0,-5.4079,-4.9888,-5.9865,-5.9865,-5.6536,0,0,0
19.498781,1788532561.042809,-2.7983,-2.8383,-2.8383,-2.8383,-1.9512,0,0,0,-4.5847,-4.4169,9.7172,9.7172,9.9566,0,0,0,0.5076,0.5039,0.7559,0.7559,0.7257,0,0,0,-2.5502,-2.5978,3.1173,3.1173,3.1717,0,0,0,3.8969,3.9609,4.7531,4.7531,4.8331,0,0,0,-5.4922,-5.0072,-6.0086,-6.0086,-5.6701,0,0,0
19.506275,1788532561.051702,-2.7983,-2.8362,-2.8362,-2.8362,-2.0607,0,0,0,-4.5847,-4.4258,9.7367,9.7367,9.9362,0,0,0,0.5076,0.5041,0.7562,0.7562,0.7276,0,0,0,-2.5502,-2.5953,3.1143,3.1143,3.1689,0,0,0,3.8969,3.9575,4.7490,4.7490,4.8286,0,0,0,-5.4922,-5.0329,-6.0395,-6.0395,-5.6881,0,0,0
19.514186,1788532561.059095,-2.7983,-2.8345,-2.8345,-2.8345,-2.1598,0,0,0,-4.5847,-4.4329,9.7523,9.7523,9.9162,0,0,0,0.5076,0.5043,0.7564,0.7564,0.7295,0,0,0,-2.5502,-2.5933,3.1119,3.1119,3.1658,0,0,0,3.8969,3.9548,4.7458,4.7458,4.8237,0,0,0,-5.4922,-5.0534,-6.0641,-6.0641,-5.7073,0,0,0
19.521686,1788532561.066606,-2.7983,-2.8329,-2.8329,-2.8329,-2.2491,0,0,0,-4.5847,-4.4397,9.7674,9.7674,9.8972,0,0,0,0.5076,0.5044,0.7567,0.7567,0.7315,0,0,0,-2.5502,-2.5913,3.1096,3.1096,3.1625,0,0,0,3.8969,3.9522,4.7426,4.7426,4.8187,0,0,0,-5.4922,-5.0733,-6.0879,-6.0879,-5.7275,0,0,0
19.530723,1788532561.075607,-2.7473,-2.8283,-2.8283,-2.8283,-2.3291,0,0,0,-4.4004,-4.4376,9.7627,9.7627,9.8795,0,0,0,0.5355,0.5061,0.7592,0.7592,0.7335,0,0,0,-2.5863,-2.5911,3.1093,3.1093,3.1591,0,0,0,3.9147,3.9502,4.7402,4.7402,4.8136,0,0,0,-5.4112,-5.0915,-6.1097,-6.1097,-5.7488,0,0,0
19.538230,1788532561.083647,-2.7425,-2.8242,-2.8242,-2.8242,-2.4004,0,0,0,-4.4004,-4.4358,9.7588,9.7588,9.8634,0,0,0,0.5349,0.5075,0.7612,0.7612,0.7354,0,0,0,-2.5938,-2.5912,3.1094,3.1094,3.1556,0,0,0,3.9239,3.9489,4.7387,4.7387,4.8084,0,0,0,-5.3818,-5.1055,-6.1266,-6.1266,-5.7709,0,0,0
19.546348,1788532561.091651,-2.7207,-2.8192,-2.8192,-2.8192,-2.4637,0,0,0,-4.4093,-4.4345,9.7560,9.7560,9.8491,0,0,0,0.5324,0.5087,0.7630,0.7630,0.7373,0,0,0,-2.5938,-2.5913,3.1096,3.1096,3.1521,0,0,0,3.9463,3.9488,4.7385,4.7385,4.8032,0,0,0,-5.3523,-5.1174,-6.1408,-6.1408,-5.7937,0,0,0
19.554880,1788532561.098773,-2.7207,-2.8150,-2.8150,-2.8150,-2.5062,0,0,0,-4.4093,-4.4335,9.7536,9.7536,9.8395,0,0,0,0.5324,0.5097,0.7645,0.7645,0.7387,0,0,0,-2.5938,-2.5914,3.1097,3.1097,3.1495,0,0,0,3.9463,3.9487,4.7384,4.7384,4.7993,0,0,0,-5.3523,-5.1275,-6.1530,-6.1530,-5.8111,0,0,0
19.562881,1788532561.107294,-2.7097,-2.8096,-2.8096,-2.8096,-2.5568,0,0,0,-4.5331,-4.4385,9.7648,9.7648,9.8279,0,0,0,0.5318,0.5108,0.7662,0.7662,0.7406,0,0,0,-2.5926,-2.5915,3.1098,3.1098,3.1460,0,0,0,3.9975,3.9512,4.7414,4.7414,4.7942,0,0,0,-5.2703,-5.1348,-6.1617,-6.1617,-5.8347,0,0,0
19.571081,1788532561.116485,-2.7006,-2.8037,-2.8037,-2.8037,-2.6009,0,0,0,-4.5973,-4.4472,9.7839,9.7839,9.8176,0,0,0,0.5092,0.5107,0.7661,0.7661,0.7424,0,0,0,-2.5860,-2.5912,3.1094,3.1094,3.1427,0,0,0,4.0026,3.9540,4.7448,4.7448,4.7893,0,0,0,-5.2526,-5.1412,-6.1695,-6.1695,-5.8584,0,0,0
19.578585,1788532561.123489,-2.6732,-2.7982,-2.7982,-2.7982,-2.6391,0,0,0,-4.6105,-4.4541,9.7990,9.7990,9.8085,0,0,0,0.5061,0.5105,0.7658,0.7658,0.7442,0,0,0,-2.5857,-2.5909,3.1091,3.1091,3.1396,0,0,0,4.0263,3.9570,4.7484,4.7484,4.7845,0,0,0,-5.2509,-5.1459,-6.1750,-6.1750,-5.8819,0,0,0
19.586377,1788532561.132524,-2.6732,-2.7915,-2.7915,-2.7915,-2.6720,0,0,0,-4.6105,-4.4625,9.8175,9.8175,9.8005,0,0,0,0.5061,0.5103,0.7654,0.7654,0.7460,0,0,0,-2.5857,-2.5907,3.1088,3.1088,3.1366,0,0,0,4.0263,3.9608,4.7529,4.7529,4.7801,0,0,0,-5.2509,-5.1515,-6.1818,-6.1818,-5.9052,0,0,0
19.594885,1788532561.140298,-2.6732,-2.7860,-2.7860,-2.7860,-2.7000,0,0,0,-4.6105,-4.4694,9.8327,9.8327,9.7940,0,0,0,0.5061,0.5101,0.7652,0.7652,0.7477,0,0,0,-2.5857,-2.5904,3.1085,3.1085,3.1337,0,0,0,4.0263,3.9638,4.7566,4.7566,4.7759,0,0,0,-5.2509,-5.1562,-6.1874,-6.1874,-5.9280,0,0,0
19.602914,1788532561.148305,-2.6394,-2.7789,-2.7789,-2.7789,-2.7181,0,0,0,-4.6513,-4.4781,9.8519,9.8519,9.7900,0,0,0,0.4964,0.5094,0.7642,0.7642,0.7490,0,0,0,-2.5979,-2.5908,3.1090,3.1090,3.1317,0,0,0,4.0351,3.9672,4.7607,4.7607,4.7731,0,0,0,-5.1773,-5.1572,-6.1886,-6.1886,-5.9446,0,0,0
19.610430,1788532561.154846,-2.6394,-2.7734,-2.7734,-2.7734,-2.7387,0,0,0,-4.6513,-4.4850,9.8669,9.8669,9.7860,0,0,0,0.4964,0.5089,0.7634,0.7634,0.7506,0,0,0,-2.5979,-2.5911,3.1093,3.1093,3.1293,0,0,0,4.0351,3.9699,4.7639,4.7639,4.7697,0,0,0,-5.1773,-5.1580,-6.1896,-6.1896,-5.9661,0,0,0
19.618953,1788532561.163358,-2.6096,-2.7651,-2.7651,-2.7651,-2.7557,0,0,0,-4.6677,-4.4943,9.8874,9.8874,9.7836,0,0,0,0.4964,0.5083,0.7624,0.7624,0.7521,0,0,0,-2.5928,-2.5912,3.1094,3.1094,3.1270,0,0,0,3.9990,3.9714,4.7657,4.7657,4.7668,0,0,0,-5.2257,-5.1614,-6.1937,-6.1937,-5.9867,0,0,0
19.626594,1788532561.171942,-2.6096,-2.7571,-2.7571,-2.7571,-2.7694,0,0,0,-4.6677,-4.5031,9.9069,9.9069,9.7827,0,0,0,0.4964,0.5077,0.7615,0.7615,0.7535,0,0,0,-2.5928,-2.5912,3.1095,3.1095,3.1248,0,0,0,3.9990,3.9728,4.7674,4.7674,4.7644,0,0,0,-5.2257,-5.1647,-6.1977,-6.1977,-6.0063,0,0,0
19.634598,1788532561.180013,-2.6096,-2.7500,-2.7500,-2.7500,-2.7803,0,0,0,-4.6677,-4.5111,9.9244,9.9244,9.7833,0,0,0,0.4964,0.5071,0.7607,0.7607,0.7548,0,0,0,-2.5928,-2.5913,3.1096,3.1096,3.1229,0,0,0,3.9990,3.9741,4.7689,4.7689,4.7624,0,0,0,-5.2257,-5.1677,-6.2012,-6.2012,-6.0248,0,0,0
19.642815,1788532561.188027,-2.6096,-2.7433,-2.7433,-2.7433,-2.7885,0,0,0,-4.6677,-4.5186,9.9409,9.9409,9.7855,0,0,0,0.4964,0.5066,0.7599,0.7599,0.7560,0,0,0,-2.5928,-2.5914,3.1097,3.1097,3.1212,0,0,0,3.9990,3.9753,4.7703,4.7703,4.7610,0,0,0,-5.2257,-5.1705,-6.2046,-6.2046,-6.0421,0,0,0
19.650841,1788532561.195237,-2.6096,-2.7375,-2.7375,-2.7375,-2.7945,0,0,0,-4.6677,-4.5251,9.9551,9.9551,9.7891,0,0,0,0.4964,0.5062,0.7593,0.7593,0.7570,0,0,0,-2.5928,-2.5915,3.1097,3.1097,3.1196,0,0,0,3.9990,3.9763,4.7715,4.7715,4.7599,0,0,0,-5.2257,-5.1729,-6.2075,-6.2075,-6.0584,0,0,0
19.658824,1788532561.203250,-2.6096,-2.7313,-2.7313,-2.7313,-2.7985,0,0,0,-4.6677,-4.5319,9.9702,9.9702,9.7941,0,0,0,0.4964,0.5057,0.7586,0.7586,0.7578,0,0,0,-2.5928,-2.5915,3.1098,3.1098,3.1182,0,0,0,3.9990,3.9774,4.7728,4.7728,4.7593,0,0,0,-5.2257,-5.1754,-6.2105,-6.2105,-6.0735,0,0,0
19.666854,1788532561.211749,-2.5765,-2.7235,-2.7235,-2.7235,-2.8007,0,0,0,-4.5019,-4.5304,9.9668,9.9668,9.8004,0,0,0,0.5149,0.5062,0.7593,0.7593,0.7585,0,0,0,-2.5764,-2.5908,3.1089,3.1089,3.1170,0,0,0,4.0264,3.9799,4.7758,4.7758,4.7589,0,0,0,-5.2764,-5.1805,-6.2167,-6.2167,-6.0877,0,0,0
19.674861,1788532561.219276,-2.5765,-2.7168,-2.7168,-2.7168,-2.8014,0,0,0,-4.5019,-4.5291,9.9640,9.9640,9.8080,0,0,0,0.5149,0.5066,0.7599,0.7599,0.7591,0,0,0,-2.5764,-2.5901,3.1081,3.1081,3.1159,0,0,0,4.0264,3.9820,4.7784,4.7784,4.7588,0,0,0,-5.2764,-5.1849,-6.2219,-6.2219,-6.1007,0,0,0
19.682143,1788532561.227558,-2.5765,-2.7099,-2.7099,-2.7099,-2.8007,0,0,0,-4.5019,-4.5277,9.9610,9.9610,9.8165,0,0,0,0.5149,0.5070,0.7605,0.7605,0.7595,0,0,0,-2.5764,-2.5894,3.1073,3.1073,3.1149,0,0,0,4.0264,3.9842,4.7810,4.7810,4.7590,0,0,0,-5.2764,-5.1894,-6.2273,-6.2273,-6.1128,0,0,0
19.691221,1788532561.236636,-2.5765,-2.7027,-2.7027,-2.7027,-2.7989,0,0,0,-4.5019,-4.5263,9.9580,9.9580,9.8259,0,0,0,0.5149,0.5074,0.7611,0.7611,0.7599,0,0,0,-2.5764,-2.5887,3.1065,3.1065,3.1140,0,0,0,4.0264,3.9864,4.7837,4.7837,4.7594,0,0,0,-5.2764,-5.1941,-6.2330,-6.2330,-6.1241,0,0,0
19.699222,1788532561.243638,-2.5765,-2.6974,-2.6974,-2.6974,-2.7969,0,0,0,-4.5019,-4.5253,9.9557,9.9557,9.8332,0,0,0,0.5149,0.5077,0.7616,0.7616,0.7601,0,0,0,-2.5764,-2.5882,3.1058,3.1058,3.1135,0,0,0,4.0264,3.9881,4.7857,4.7857,4.7599,0,0,0,-5.2764,-5.1976,-6.2371,-6.2371,-6.1319,0,0,0
19.706791,1788532561.251189,-2.5765,-2.6919,-2.6919,-2.6919,-2.7935,0,0,0,-4.5019,-4.5243,9.9534,9.9534,9.8430,0,0,0,0.5149,0.5081,0.7621,0.7621,0.7603,0,0,0,-2.5764,-2.5877,3.1052,3.1052,3.1128,0,0,0,4.0264,3.9899,4.7878,4.7878,4.7607,0,0,0,-5.2764,-5.2012,-6.2414,-6.2414,-6.1418,0,0,0
19.715310,1788532561.260221,-2.5203,-2.6827,-2.6827,-2.6827,-2.7894,0,0,0,-4.5631,-4.5263,9.9579,9.9579,9.8527,0,0,0,0.5442,0.5100,0.7650,0.7650,0.7605,0,0,0,-2.5861,-2.5876,3.1051,3.1051,3.1121,0,0,0,4.0394,3.9925,4.7910,4.7910,4.7617,0,0,0,-5.2330,-5.2029,-6.2435,-6.2435,-6.1511,0,0,0
19.723141,1788532561.266732,-2.5203,-2.6763,-2.6763,-2.6763,-2.7846,0,0,0,-4.5631,-4.5278,9.9611,9.9611,9.8622,0,0,0,0.5442,0.5113,0.7670,0.7670,0.7606,0,0,0,-2.5861,-2.5875,3.1050,3.1050,3.1115,0,0,0,4.0394,3.9944,4.7932,4.7932,4.7628,0,0,0,-5.2330,-5.2041,-6.2449,-6.2449,-6.1597,0,0,0
19.731293,1788532561.276698,-2.5041,-2.6661,-2.6661,-2.6661,-2.7793,0,0,0,-4.5220,-4.5274,9.9604,9.9604,9.8712,0,0,0,0.5510,0.5137,0.7705,0.7705,0.7607,0,0,0,-2.5619,-2.5860,3.1032,3.1032,3.1109,0,0,0,4.0137,3.9955,4.7946,4.7946,4.7641,0,0,0,-5.1660,-5.2018,-6.2422,-6.2422,-6.1679,0,0,0
19.739280,1788532561.283696,-2.5041,-2.6593,-2.6593,-2.6593,-2.7736,0,0,0,-4.5220,-4.5272,9.9599,9.9599,9.8797,0,0,0,0.5510,0.5152,0.7729,0.7729,0.7609,0,0,0,-2.5619,-2.5850,3.1020,3.1020,3.1104,0,0,0,4.0137,3.9963,4.7955,4.7955,4.7656,0,0,0,-5.1660,-5.2003,-6.2404,-6.2404,-6.1755,0,0,0
19.747300,1788532561.291208,-2.4975,-2.6520,-2.6520,-2.6520,-2.7675,0,0,0,-4.5058,-4.5262,9.9577,9.9577,9.8877,0,0,0,0.5372,0.5162,0.7744,0.7744,0.7611,0,0,0,-2.5964,-2.5855,3.1026,3.1026,3.1099,0,0,0,4.0578,3.9990,4.7988,4.7988,4.7672,0,0,0,-5.0866,-5.1952,-6.2342,-6.2342,-6.1827,0,0,0
19.755308,1788532561.299722,-2.4956,-2.6440,-2.6440,-2.6440,-2.7628,0,0,0,-4.4919,-4.5245,9.9539,9.9539,9.8934,0,0,0,0.5345,0.5172,0.7757,0.7757,0.7613,0,0,0,-2.6178,-2.5872,3.1046,3.1046,3.1095,0,0,0,4.0753,4.0029,4.8035,4.8035,4.7684,0,0,0,-5.0258,-5.1866,-6.2239,-6.2239,-6.1877,0,0,0
19.763316,1788532561.307741,-2.4956,-2.6369,-2.6369,-2.6369,-2.7562,0,0,0,-4.4919,-4.5229,9.9505,9.9505,9.9005,0,0,0,0.5345,0.5180,0.7770,0.7770,0.7616,0,0,0,-2.6178,-2.5886,3.1063,3.1063,3.1090,0,0,0,4.0753,4.0064,4.8077,4.8077,4.7702,0,0,0,-5.0258,-5.1788,-6.2146,-6.2146,-6.1940,0,0,0
19.770838,1788532561.315258,-2.4956,-2.6305,-2.6305,-2.6305,-2.7493,0,0,0,-4.4919,-4.5215,9.9474,9.9474,9.9071,0,0,0,0.5345,0.5187,0.7781,0.7781,0.7621,0,0,0,-2.6178,-2.5899,3.1079,3.1079,3.1085,0,0,0,4.0753,4.0095,4.8114,4.8114,4.7720,0,0,0,-5.0258,-5.1719,-6.2063,-6.2063,-6.1997,0,0,0
19.778877,1788532561.324253,-2.4956,-2.6233,-2.6233,-2.6233,-2.7422,0,0,0,-4.4919,-4.5200,9.9439,9.9439,9.9131,0,0,0,0.5345,0.5196,0.7794,0.7794,0.7627,0,0,0,-2.6178,-2.5914,3.1097,3.1097,3.1080,0,0,0,4.0753,4.0130,4.8156,4.8156,4.7740,0,0,0,-5.0258,-5.1641,-6.1969,-6.1969,-6.2045,0,0,0
19.787348,1788532561.332252,-2.4847,-2.6166,-2.6166,-2.6166,-2.7347,0,0,0,-4.5091,-4.5194,9.9428,9.9428,9.9185,0,0,0,0.5095,0.5191,0.7787,0.7787,0.7634,0,0,0,-2.6159,-2.5926,3.1111,3.1111,3.1076,0,0,0,4.0172,4.0132,4.8159,4.8159,4.7761,0,0,0,-5.0476,-5.1585,-6.1902,-6.1902,-6.2085,0,0,0
19.795346,1788532561.338762,-2.4847,-2.6114,-2.6114,-2.6114,-2.7271,0,0,0,-4.5091,-4.5190,9.9419,9.9419,9.9231,0,0,0,0.5095,0.5187,0.7781,0.7781,0.7642,0,0,0,-2.6159,-2.5935,3.1122,3.1122,3.1073,0,0,0,4.0172,4.0134,4.8160,4.8160,4.7784,0,0,0,-5.0476,-5.1542,-6.1850,-6.1850,-6.2116,0,0,0
19.803323,1788532561.347215,-2.4847,-2.6050,-2.6050,-2.6050,-2.7193,0,0,0,-4.5091,-4.5185,9.9408,9.9408,9.9271,0,0,0,0.5095,0.5183,0.7774,0.7774,0.7651,0,0,0,-2.6159,-2.5946,3.1136,3.1136,3.1071,0,0,0,4.0172,4.0136,4.8163,4.8163,4.7808,0,0,0,-5.0476,-5.1488,-6.1785,-6.1785,-6.2138,0,0,0
19.811111,1788532561.355919,-2.4847,-2.5988,-2.5988,-2.5988,-2.7115,0,0,0,-4.5091,-4.5180,9.9397,9.9397,9.9306,0,0,0,0.5095,0.5178,0.7767,0.7767,0.7661,0,0,0,-2.6159,-2.5957,3.1149,3.1149,3.1070,0,0,0,4.0172,4.0138,4.8165,4.8165,4.7833,0,0,0,-5.0476,-5.1435,-6.1722,-6.1722,-6.2151,0,0,0
19.819119,1788532561.363532,-2.4915,-2.5939,-2.5939,-2.5939,-2.7055,0,0,0,-4.5696,-4.5204,9.9449,9.9449,9.9328,0,0,0,0.4762,0.5159,0.7739,0.7739,0.7668,0,0,0,-2.6513,-2.5983,3.1179,3.1179,3.1070,0,0,0,4.0869,4.0171,4.8205,4.8205,4.7852,0,0,0,-5.0620,-5.1398,-6.1678,-6.1678,-6.2155,0,0,0
19.827634,1788532561.372039,-2.4915,-2.5887,-2.5887,-2.5887,-2.6957,0,0,0,-4.5696,-4.5229,9.9504,9.9504,9.9358,0,0,0,0.4762,0.5139,0.7708,0.7708,0.7679,0,0,0,-2.6513,-2.6010,3.1212,3.1212,3.1072,0,0,0,4.0869,4.0206,4.8248,4.8248,4.7884,0,0,0,-5.0620,-5.1359,-6.1630,-6.1630,-6.2153,0,0,0
19.834939,1788532561.380061,-2.4915,-2.5840,-2.5840,-2.5840,-2.6898,0,0,0,-4.5696,-4.5251,9.9553,9.9553,9.9373,0,0,0,0.4762,0.5121,0.7681,0.7681,0.7686,0,0,0,-2.6513,-2.6034,3.1241,3.1241,3.1074,0,0,0,4.0869,4.0238,4.8286,4.8286,4.7902,0,0,0,-5.0620,-5.1323,-6.1588,-6.1588,-6.2146,0,0,0
19.842996,1788532561.387394,-2.4915,-2.5799,-2.5799,-2.5799,-2.6820,0,0,0,-4.5696,-4.5271,9.9596,9.9596,9.9390,0,0,0,0.4762,0.5105,0.7658,0.7658,0.7694,0,0,0,-2.6513,-2.6055,3.1266,3.1266,3.1077,0,0,0,4.0869,4.0266,4.8319,4.8319,4.7926,0,0,0,-5.0620,-5.1292,-6.1551,-6.1551,-6.2132,0,0,0
19.851649,1788532561.395922,-2.4915,-2.5754,-2.5754,-2.5754,-2.6743,0,0,0,-4.5696,-4.5293,9.9644,9.9644,9.9405,0,0,0,0.4762,0.5088,0.7631,0.7631,0.7700,0,0,0,-2.6513,-2.6078,3.1294,3.1294,3.1082,0,0,0,4.0869,4.0297,4.8356,4.8356,4.7951,0,0,0,-5.0620,-5.1258,-6.1510,-6.1510,-6.2112,0,0,0
19.859664,1788532561.403064,-2.4915,-2.5718,-2.5718,-2.5718,-2.6667,0,0,0,-4.5696,-4.5310,9.9682,9.9682,9.9419,0,0,0,0.4762,0.5074,0.7610,0.7610,0.7705,0,0,0,-2.6513,-2.6097,3.1316,3.1316,3.1088,0,0,0,4.0869,4.0321,4.8385,4.8385,4.7976,0,0,0,-5.0620,-5.1231,-6.1477,-6.1477,-6.2088,0,0,0
19.866777,1788532561.411674,-2.4828,-2.5672,-2.5672,-2.5672,-2.6593,0,0,0,-4.5144,-4.5301,9.9663,9.9663,9.9433,0,0,0,0.5001,0.5070,0.7605,0.7605,0.7709,0,0,0,-2.6430,-2.6114,3.1337,3.1337,3.1096,0,0,0,4.0886,4.0350,4.8420,4.8420,4.8001,0,0,0,-5.1580,-5.1249,-6.1498,-6.1498,-6.2060,0,0,0
19.874784,1788532561.419201,-2.4828,-2.5634,-2.5634,-2.5634,-2.6521,0,0,0,-4.5144,-4.5294,9.9647,9.9647,9.9447,0,0,0,0.5001,0.5067,0.7600,0.7600,0.7710,0,0,0,-2.6430,-2.6128,3.1354,3.1354,3.1106,0,0,0,4.0886,4.0374,4.8449,4.8449,4.8027,0,0,0,-5.1580,-5.1264,-6.1516,-6.1516,-6.2028,0,0,0
19.883322,1788532561.427731,-2.4881,-2.5596,-2.5596,-2.5596,-2.6451,0,0,0,-4.4884,-4.5273,9.9601,9.9601,9.9462,0,0,0,0.5001,0.5063,0.7595,0.7595,0.7709,0,0,0,-2.6419,-2.6143,3.1372,3.1372,3.1117,0,0,0,3.9765,4.0343,4.8412,4.8412,4.8053,0,0,0,-5.1489,-5.1275,-6.1530,-6.1530,-6.1994,0,0,0
19.890829,1788532561.435258,-2.5108,-2.5574,-2.5574,-2.5574,-2.6382,0,0,0,-4.4813,-4.5253,9.9556,9.9556,9.9477,0,0,0,0.5062,0.5063,0.7595,0.7595,0.7707,0,0,0,-2.6308,-2.6151,3.1381,3.1381,3.1129,0,0,0,3.9411,4.0301,4.8362,4.8362,4.8080,0,0,0,-5.1489,-5.1285,-6.1542,-6.1542,-6.1959,0,0,0
19.898843,1788532561.444252,-2.5108,-2.5549,-2.5549,-2.5549,-2.6316,0,0,0,-4.4813,-4.5229,9.9504,9.9504,9.9492,0,0,0,0.5062,0.5063,0.7595,0.7595,0.7703,0,0,0,-2.6308,-2.6159,3.1391,3.1391,3.1143,0,0,0,3.9411,4.0254,4.8304,4.8304,4.8107,0,0,0,-5.1489,-5.1296,-6.1555,-6.1555,-6.1924,0,0,0
19.907856,1788532561.451762,-2.5108,-2.5529,-2.5529,-2.5529,-2.6268,0,0,0,-4.4813,-4.5210,9.9463,9.9463,9.9503,0,0,0,0.5062,0.5063,0.7595,0.7595,0.7700,0,0,0,-2.6308,-2.6166,3.1399,3.1399,3.1153,0,0,0,3.9411,4.0216,4.8259,4.8259,4.8127,0,0,0,-5.1489,-5.1304,-6.1565,-6.1565,-6.1898,0,0,0
19.915397,1788532561.460274,-2.5080,-2.5506,-2.5506,-2.5506,-2.6205,0,0,0,-4.4611,-4.5180,9.9396,9.9396,9.9515,0,0,0,0.5716,0.5096,0.7645,0.7645,0.7694,0,0,0,-2.5895,-2.6152,3.1382,3.1382,3.1168,0,0,0,4.0655,4.0238,4.8286,4.8286,4.8152,0,0,0,-5.3013,-5.1391,-6.1669,-6.1669,-6.1864,0,0,0
19.923529,1788532561.467785,-2.5080,-2.5487,-2.5487,-2.5487,-2.6145,0,0,0,-4.4611,-4.5154,9.9339,9.9339,9.9525,0,0,0,0.5716,0.5124,0.7686,0.7686,0.7689,0,0,0,-2.5895,-2.6140,3.1368,3.1368,3.1184,0,0,0,4.0655,4.0257,4.8308,4.8308,4.8176,0,0,0,-5.3013,-5.1464,-6.1757,-6.1757,-6.1832,0,0,0
19.931539,1788532561.476943,-2.4963,-2.5458,-2.5458,-2.5458,-2.6088,0,0,0,-4.4546,-4.5121,9.9267,9.9267,9.9532,0,0,0,0.5602,0.5150,0.7725,0.7725,0.7682,0,0,0,-2.5884,-2.6126,3.1352,3.1352,3.1200,0,0,0,4.0576,4.0274,4.8329,4.8329,4.8196,0,0,0,-5.2102,-5.1499,-6.1799,-6.1799,-6.1803,0,0,0
19.939529,1788532561.483943,-2.4963,-2.5437,-2.5437,-2.5437,-2.6033,0,0,0,-4.4546,-4.5097,9.9213,9.9213,9.9536,0,0,0,0.5602,0.5169,0.7754,0.7754,0.7676,0,0,0,-2.5884,-2.6116,3.1339,3.1339,3.1215,0,0,0,4.0576,4.0287,4.8344,4.8344,4.8213,0,0,0,-5.2102,-5.1524,-6.1829,-6.1829,-6.1776,0,0,0
19.947762,1788532561.492013,-2.4912,-2.5412,-2.5412,-2.5412,-2.5981,0,0,0,-4.4755,-4.5080,9.9177,9.9177,9.9536,0,0,0,0.5712,0.5196,0.7793,0.7793,0.7671,0,0,0,-2.5945,-2.6108,3.1330,3.1330,3.1231,0,0,0,4.0664,4.0305,4.8366,4.8366,4.8227,0,0,0,-5.2440,-5.1569,-6.1882,-6.1882,-6.1755,0,0,0
19.955762,1788532561.500177,-2.4912,-2.5388,-2.5388,-2.5388,-2.5931,0,0,0,-4.4755,-4.5065,9.9142,9.9142,9.9532,0,0,0,0.5712,0.5221,0.7831,0.7831,0.7668,0,0,0,-2.5945,-2.6100,3.1320,3.1320,3.1245,0,0,0,4.0664,4.0323,4.8387,4.8387,4.8240,0,0,0,-5.2440,-5.1611,-6.1933,-6.1933,-6.1738,0,0,0
19.963767,1788532561.509177,-2.5056,-2.5370,-2.5370,-2.5370,-2.5884,0,0,0,-4.4755,-4.5048,9.9106,9.9106,9.9524,0,0,0,0.5813,0.5252,0.7879,0.7879,0.7667,0,0,0,-2.5978,-2.6093,3.1312,3.1312,3.1257,0,0,0,4.0944,4.0356,4.8427,4.8427,4.8252,0,0,0,-5.2766,-5.1673,-6.2008,-6.2008,-6.1726,0,0,0
19.971799,1788532561.516208,-2.5082,-2.5358,-2.5358,-2.5358,-2.5839,0,0,0,-4.5000,-4.5046,9.9101,9.9101,9.9512,0,0,0,0.5876,0.5279,0.7918,0.7918,0.7668,0,0,0,-2.6261,-2.6101,3.1321,3.1321,3.1269,0,0,0,4.1163,4.0390,4.8468,4.8468,4.8263,0,0,0,-5.2629,-5.1713,-6.2056,-6.2056,-6.1719,0,0,0
19.979319,1788532561.525212,-2.5082,-2.5343,-2.5343,-2.5343,-2.5796,0,0,0,-4.5056,-4.5046,9.9102,9.9102,9.9496,0,0,0,0.5876,0.5311,0.7966,0.7966,0.7671,0,0,0,-2.6329,-2.6113,3.1335,3.1335,3.1278,0,0,0,4.1305,4.0439,4.8527,4.8527,4.8274,0,0,0,-5.2461,-5.1753,-6.2104,-6.2104,-6.1717,0,0,0
19.987443,1788532561.533243,-2.5082,-2.5330,-2.5330,-2.5330,-2.5756,0,0,0,-4.5056,-4.5047,9.9103,9.9103,9.9477,0,0,0,0.5876,0.5338,0.8007,0.8007,0.7677,0,0,0,-2.6329,-2.6123,3.1348,3.1348,3.1287,0,0,0,4.1305,4.0481,4.8577,4.8577,4.8285,0,0,0,-5.2461,-5.1787,-6.2145,-6.2145,-6.1720,0,0,0
19.995944,1788532561.539857,-2.5051,-2.5319,-2.5319,-2.5319,-2.5717,0,0,0,-4.5139,-4.5051,9.9111,9.9111,9.9456,0,0,0,0.5876,0.5359,0.8039,0.8039,0.7685,0,0,0,-2.6481,-2.6137,3.1365,3.1365,3.1294,0,0,0,4.1305,4.0514,4.8616,4.8616,4.8296,0,0,0,-5.2032,-5.1797,-6.2157,-6.2157,-6.1728,0,0,0
20.004020,1788532561.548864,-2.4952,-2.5300,-2.5300,-2.5300,-2.5689,0,0,0,-4.5062,-4.5051,9.9113,9.9113,9.9439,0,0,0,0.5943,0.5391,0.8086,0.8086,0.7693,0,0,0,-2.6502,-2.6157,3.1388,3.1388,3.1298,0,0,0,4.1309,4.0556,4.8667,4.8667,4.8305,0,0,0,-5.2032,-5.1810,-6.2172,-6.2172,-6.1736,0,0,0
20.011299,1788532561.556712,-2.4952,-2.5283,-2.5283,-2.5283,-2.5654,0,0,0,-4.5062,-4.5052,9.9114,9.9114,9.9416,0,0,0,0.5943,0.5417,0.8125,0.8125,0.7706,0,0,0,-2.6502,-2.6173,3.1408,3.1408,3.1304,0,0,0,4.1309,4.0592,4.8710,4.8710,4.8318,0,0,0,-5.2032,-5.1820,-6.2184,-6.2184,-6.1752,0,0,0
20.019304,1788532561.564719,-2.4830,-2.5261,-2.5261,-2.5261,-2.5621,0,0,0,-4.5062,-4.5052,9.9115,9.9115,9.9392,0,0,0,0.6101,0.5449,0.8174,0.8174,0.7721,0,0,0,-2.6557,-2.6192,3.1430,3.1430,3.1309,0,0,0,4.1309,4.0626,4.8751,4.8751,4.8333,0,0,0,-5.1972,-5.1828,-6.2193,-6.2193,-6.1770,0,0,0
20.027833,1788532561.572719,-2.4830,-2.5241,-2.5241,-2.5241,-2.5590,0,0,0,-4.5062,-4.5053,9.9116,9.9116,9.9369,0,0,0,0.6101,0.5481,0.8221,0.8221,0.7739,0,0,0,-2.6557,-2.6209,3.1451,3.1451,3.1314,0,0,0,4.1309,4.0659,4.8790,4.8790,4.8350,0,0,0,-5.1972,-5.1834,-6.2201,-6.2201,-6.1792,0,0,0
20.035817,1788532561.580261,-2.4830,-2.5222,-2.5222,-2.5222,-2.5560,0,0,0,-4.5062,-4.5053,9.9117,9.9117,9.9346,0,0,0,0.6101,0.5509,0.8263,0.8263,0.7759,0,0,0,-2.6557,-2.6225,3.1470,3.1470,3.1320,0,0,0,4.1309,4.0688,4.8826,4.8826,4.8369,0,0,0,-5.1972,-5.1841,-6.2209,-6.2209,-6.1815,0,0,0
20.043327,1788532561.588736,-2.4830,-2.5202,-2.5202,-2.5202,-2.5532,0,0,0,-4.5062,-4.5054,9.9118,9.9118,9.9324,0,0,0,0.6101,0.5539,0.8308,0.8308,0.7782,0,0,0,-2.6557,-2.6242,3.1490,3.1490,3.1326,0,0,0,4.1309,4.0720,4.8863,4.8863,4.8390,0,0,0,-5.1972,-5.1847,-6.2217,-6.2217,-6.1840,0,0,0
20.051644,1788532561.596254,-2.4830,-2.5186,-2.5186,-2.5186,-2.5506,0,0,0,-4.5062,-4.5054,9.9119,9.9119,9.9303,0,0,0,0.6101,0.5564,0.8346,0.8346,0.7806,0,0,0,-2.6557,-2.6256,3.1507,3.1507,3.1332,0,0,0,4.1309,4.0746,4.8895,4.8895,4.8413,0,0,0,-5.1972,-5.1853,-6.2224,-6.2224,-6.1866,0,0,0
20.060159,1788532561.604573,-2.4830,-2.5168,-2.5168,-2.5168,-2.5480,0,0,0,-4.5062,-4.5054,9.9120,9.9120,9.9284,0,0,0,0.6101,0.5591,0.8386,0.8386,0.7833,0,0,0,-2.6557,-2.6271,3.1525,3.1525,3.1339,0,0,0,4.1309,4.0774,4.8929,4.8929,4.8437,0,0,0,-5.1972,-5.1859,-6.2231,-6.2231,-6.1891,0,0,0
20.067681,1788532561.612581,-2.4731,-2.5147,-2.5147,-2.5147,-2.5462,0,0,0,-4.4571,-4.5031,9.9069,9.9069,9.9270,0,0,0,0.5883,0.5605,0.8407,0.8407,0.7854,0,0,0,-2.6452,-2.6279,3.1535,3.1535,3.1345,0,0,0,4.0660,4.0769,4.8922,4.8922,4.8457,0,0,0,-5.1918,-5.1862,-6.2234,-6.2234,-6.1911,0,0,0
20.075885,1788532561.620039,-2.4731,-2.5128,-2.5128,-2.5128,-2.5432,0,0,0,-4.4571,-4.5011,9.9023,9.9023,9.9249,0,0,0,0.5883,0.5617,0.8426,0.8426,0.7891,0,0,0,-2.6452,-2.6287,3.1545,3.1545,3.1356,0,0,0,4.0660,4.0764,4.8917,4.8917,4.8491,0,0,0,-5.1918,-5.1864,-6.2237,-6.2237,-6.1943,0,0,0
20.084135,1788532561.628544,-2.4344,-2.5088,-2.5088,-2.5088,-2.5409,0,0,0,-4.4618,-4.4991,9.8979,9.8979,9.9234,0,0,0,0.6076,0.5640,0.8461,0.8461,0.7923,0,0,0,-2.5787,-2.6262,3.1514,3.1514,3.1366,0,0,0,4.0502,4.0750,4.8901,4.8901,4.8520,0,0,0,-5.2921,-5.1918,-6.2301,-6.2301,-6.1967,0,0,0
20.091821,1788532561.637230,-2.4344,-2.5050,-2.5050,-2.5050,-2.5386,0,0,0,-4.4618,-4.4971,9.8937,9.8937,9.9218,0,0,0,0.6076,0.5663,0.8495,0.8495,0.7957,0,0,0,-2.5787,-2.6237,3.1485,3.1485,3.1376,0,0,0,4.0502,4.0738,4.8885,4.8885,4.8549,0,0,0,-5.2921,-5.1970,-6.2364,-6.2364,-6.1991,0,0,0
20.099821,1788532561.645236,-2.4163,-2.5007,-2.5007,-2.5007,-2.5364,0,0,0,-4.4914,-4.4969,9.8931,9.8931,9.9203,0,0,0,0.6116,0.5685,0.8527,0.8527,0.7991,0,0,0,-2.5787,-2.6216,3.1459,3.1459,3.1387,0,0,0,4.0536,4.0728,4.8874,4.8874,4.8578,0,0,0,-5.1710,-5.1957,-6.2349,-6.2349,-6.2015,0,0,0
20.107849,1788532561.653259,-2.4163,-2.4967,-2.4967,-2.4967,-2.5347,0,0,0,-4.4914,-4.4966,9.8925,9.8925,9.9191,0,0,0,0.6116,0.5705,0.8558,0.8558,0.8017,0,0,0,-2.5787,-2.6195,3.1434,3.1434,3.1395,0,0,0,4.0536,4.0719,4.8862,4.8862,4.8600,0,0,0,-5.1710,-5.1945,-6.2335,-6.2335,-6.2032,0,0,0
20.116168,1788532561.660581,-2.4164,-2.4931,-2.4931,-2.4931,-2.5325,0,0,0,-4.5078,-4.4971,9.8936,9.8936,9.9174,0,0,0,0.5904,0.5714,0.8571,0.8571,0.8053,0,0,0,-2.5878,-2.6181,3.1417,3.1417,3.1405,0,0,0,4.0568,4.0712,4.8855,4.8855,4.8627,0,0,0,-5.1710,-5.1935,-6.2322,-6.2322,-6.2056,0,0,0
20.124365,1788532561.668583,-2.4164,-2.4895,-2.4895,-2.4895,-2.5301,0,0,0,-4.5078,-4.4976,9.8947,9.8947,9.9157,0,0,0,0.5904,0.5723,0.8585,0.8585,0.8089,0,0,0,-2.5878,-2.6167,3.1400,3.1400,3.1414,0,0,0,4.0568,4.0705,4.8846,4.8846,4.8653,0,0,0,-5.1710,-5.1924,-6.2309,-6.2309,-6.2080,0,0,0
20.132463,1788532561.676375,-2.4164,-2.4861,-2.4861,-2.4861,-2.5277,0,0,0,-4.5078,-4.4981,9.8958,9.8958,9.9139,0,0,0,0.5904,0.5732,0.8598,0.8598,0.8125,0,0,0,-2.5878,-2.6153,3.1384,3.1384,3.1421,0,0,0,4.0568,4.0699,4.8839,4.8839,4.8677,0,0,0,-5.1710,-5.1914,-6.2297,-6.2297,-6.2103,0,0,0
20.140488,1788532561.683904,-2.3805,-2.4813,-2.4813,-2.4813,-2.5253,0,0,0,-4.5117,-4.4987,9.8971,9.8971,9.9122,0,0,0,0.5483,0.5720,0.8581,0.8581,0.8162,0,0,0,-2.6378,-2.6163,3.1396,3.1396,3.1427,0,0,0,4.0674,4.0698,4.8837,4.8837,4.8698,0,0,0,-4.8990,-5.1782,-6.2139,-6.2139,-6.2125,0,0,0
20.148003,1788532561.692410,-2.3691,-2.4756,-2.4756,-2.4756,-2.5240,0,0,0,-4.5109,-4.4993,9.8985,9.8985,9.9113,0,0,0,0.5443,0.5706,0.8560,0.8560,0.8180,0,0,0,-2.6378,-2.6174,3.1409,3.1409,3.1429,0,0,0,4.0674,4.0696,4.8836,4.8836,4.8708,0,0,0,-4.8990,-5.1641,-6.1969,-6.1969,-6.2135,0,0,0
20.156515,1788532561.700933,-2.3691,-2.4702,-2.4702,-2.4702,-2.5227,0,0,0,-4.5109,-4.4999,9.8998,9.8998,9.9105,0,0,0,0.5443,0.5693,0.8540,0.8540,0.8197,0,0,0,-2.6378,-2.6185,3.1422,3.1422,3.1431,0,0,0,4.0674,4.0695,4.8834,4.8834,4.8718,0,0,0,-4.8990,-5.1506,-6.1807,-6.1807,-6.2145,0,0,0
20.163626,1788532561.709041,-2.3691,-2.4653,-2.4653,-2.4653,-2.5207,0,0,0,-4.5109,-4.5004,9.9010,9.9010,9.9093,0,0,0,0.5443,0.5681,0.8521,0.8521,0.8223,0,0,0,-2.6378,-2.6194,3.1433,3.1433,3.1433,0,0,0,4.0674,4.0694,4.8833,4.8833,4.8731,0,0,0,-4.8990,-5.1384,-6.1661,-6.1661,-6.2159,0,0,0
20.172151,1788532561.716563,-2.3343,-2.4593,-2.4593,-2.4593,-2.5173,0,0,0,-4.4474,-4.4980,9.8957,9.8957,9.9076,0,0,0,0.5479,0.5672,0.8508,0.8508,0.8265,0,0,0,-2.6310,-2.6199,3.1439,3.1439,3.1434,0,0,0,4.1039,4.0710,4.8852,4.8852,4.8751,0,0,0,-4.9776,-5.1311,-6.1573,-6.1573,-6.2177,0,0,0
20.179682,1788532561.724564,-2.3343,-2.4534,-2.4534,-2.4534,-2.5144,0,0,0,-4.4474,-4.4956,9.8904,9.8904,9.9063,0,0,0,0.5479,0.5663,0.8494,0.8494,0.8296,0,0,0,-2.6310,-2.6205,3.1445,3.1445,3.1435,0,0,0,4.1039,4.0726,4.8871,4.8871,4.8764,0,0,0,-4.9776,-5.1238,-6.1485,-6.1485,-6.2181,0,0,0
20.187786,1788532561.733092,-2.3343,-2.4473,-2.4473,-2.4473,-2.5120,0,0,0,-4.4474,-4.4932,9.8850,9.8850,9.9055,0,0,0,0.5479,0.5653,0.8480,0.8480,0.8317,0,0,0,-2.6310,-2.6210,3.1452,3.1452,3.1435,0,0,0,4.1039,4.0742,4.8890,4.8890,4.8773,0,0,0,-4.9776,-5.1163,-6.1396,-6.1396,-6.2178,0,0,0
20.195786,1788532561.739206,-2.3289,-2.4429,-2.4429,-2.4429,-2.5087,0,0,0,-4.3948,-4.4895,9.8770,9.8770,9.9045,0,0,0,0.6187,0.5673,0.8509,0.8509,0.8343,0,0,0,-2.6092,-2.6206,3.1447,3.1447,3.1436,0,0,0,4.2042,4.0790,4.8948,4.8948,4.8784,0,0,0,-5.0675,-5.1145,-6.1374,-6.1374,-6.2166,0,0,0
20.203815,1788532561.749224,-2.3090,-2.4350,-2.4350,-2.4350,-2.5051,0,0,0,-4.3948,-4.4839,9.8646,9.8646,9.9034,0,0,0,0.5848,0.5683,0.8525,0.8525,0.8366,0,0,0,-2.5978,-2.6192,3.1430,3.1430,3.1436,0,0,0,4.1813,4.0850,4.9020,4.9020,4.8794,0,0,0,-5.1101,-5.1143,-6.1371,-6.1371,-6.2145,0,0,0
20.212383,1788532561.757770,-2.3090,-2.4285,-2.4285,-2.4285,-2.5014,0,0,0,-4.3948,-4.4794,9.8546,9.8546,9.9024,0,0,0,0.5848,0.5692,0.8538,0.8538,0.8386,0,0,0,-2.5978,-2.6181,3.1417,3.1417,3.1437,0,0,0,4.1813,4.0899,4.9079,4.9079,4.8803,0,0,0,-5.1101,-5.1140,-6.1369,-6.1369,-6.2116,0,0,0
20.220360,1788532561.765774,-2.3090,-2.4228,-2.4228,-2.4228,-2.4975,0,0,0,-4.3948,-4.4753,9.8457,9.8457,9.9011,0,0,0,0.5848,0.5699,0.8549,0.8549,0.8404,0,0,0,-2.5978,-2.6171,3.1406,3.1406,3.1437,0,0,0,4.1813,4.0943,4.9132,4.9132,4.8813,0,0,0,-5.1101,-5.1139,-6.1366,-6.1366,-6.2080,0,0,0
20.227889,1788532561.773789,-2.2619,-2.4151,-2.4151,-2.4151,-2.4934,0,0,0,-4.3982,-4.4716,9.8376,9.8376,9.8995,0,0,0,0.6236,0.5725,0.8587,0.8587,0.8419,0,0,0,-2.5892,-2.6158,3.1390,3.1390,3.1438,0,0,0,4.2103,4.0999,4.9199,4.9199,4.8823,0,0,0,-5.4558,-5.1303,-6.1563,-6.1563,-6.2040,0,0,0
20.235890,1788532561.780302,-2.2447,-2.4084,-2.4084,-2.4084,-2.4890,0,0,0,-4.3982,-4.4687,9.8312,9.8312,9.8976,0,0,0,0.6399,0.5751,0.8627,0.8627,0.8434,0,0,0,-2.5711,-2.6140,3.1369,3.1369,3.1438,0,0,0,4.2103,4.1042,4.9251,4.9251,4.8836,0,0,0,-5.6528,-5.1508,-6.1810,-6.1810,-6.1997,0,0,0
20.244418,1788532561.789315,-2.2241,-2.3985,-2.3985,-2.3985,-2.4845,0,0,0,-4.3956,-4.4648,9.8226,9.8226,9.8952,0,0,0,0.6425,0.5788,0.8681,0.8681,0.8447,0,0,0,-2.5707,-2.6117,3.1341,3.1341,3.1438,0,0,0,4.1985,4.1093,4.9311,4.9311,4.8851,0,0,0,-5.6641,-5.1783,-6.2140,-6.2140,-6.1952,0,0,0
20.251926,1788532561.795829,-2.2109,-2.3911,-2.3911,-2.3911,-2.4810,0,0,0,-4.4009,-4.4623,9.8171,9.8171,9.8931,0,0,0,0.6399,0.5812,0.8717,0.8717,0.8456,0,0,0,-2.5586,-2.6096,3.1316,3.1316,3.1437,0,0,0,4.1679,4.1116,4.9339,4.9339,4.8863,0,0,0,-5.6641,-5.1974,-6.2369,-6.2369,-6.1920,0,0,0
20.260532,1788532561.806394,-2.2109,-2.3799,-2.3799,-2.3799,-2.4762,0,0,0,-4.5254,-4.4662,9.8257,9.8257,9.8899,0,0,0,0.5969,0.5821,0.8732,0.8732,0.8469,0,0,0,-2.5707,-2.6072,3.1286,3.1286,3.1435,0,0,0,4.1510,4.1140,4.9368,4.9368,4.8883,0,0,0,-5.7484,-5.2318,-6.2781,-6.2781,-6.1882,0,0,0
20.268694,1788532561.813479,-2.2109,-2.3727,-2.3727,-2.3727,-2.4698,0,0,0,-4.5254,-4.4688,9.8313,9.8313,9.8854,0,0,0,0.5969,0.5828,0.8742,0.8742,0.8485,0,0,0,-2.5707,-2.6057,3.1268,3.1268,3.1431,0,0,0,4.1510,4.1156,4.9387,4.9387,4.8911,0,0,0,-5.7484,-5.2538,-6.3046,-6.3046,-6.1849,0,0,0
20.276207,1788532561.821114,-2.2109,-2.3652,-2.3652,-2.3652,-2.4659,0,0,0,-4.5254,-4.4713,9.8370,9.8370,9.8824,0,0,0,0.5969,0.5834,0.8751,0.8751,0.8496,0,0,0,-2.5707,-2.6041,3.1249,3.1249,3.1428,0,0,0,4.1510,4.1172,4.9407,4.9407,4.8929,0,0,0,-5.7484,-5.2765,-6.3318,-6.3318,-6.1839,0,0,0
20.284435,1788532561.828622,-2.2063,-2.3581,-2.3581,-2.3581,-2.4603,0,0,0,-4.5845,-4.4764,9.8482,9.8482,9.8783,0,0,0,0.5953,0.5840,0.8759,0.8759,0.8511,0,0,0,-2.5929,-2.6035,3.1243,3.1243,3.1423,0,0,0,4.1540,4.1189,4.9427,4.9427,4.8956,0,0,0,-5.7601,-5.2983,-6.3580,-6.3580,-6.1839,0,0,0
20.291953,1788532561.836357,-2.2063,-2.3510,-2.3510,-2.3510,-2.4546,0,0,0,-4.5845,-4.4815,9.8592,9.8592,9.8742,0,0,0,0.5953,0.5845,0.8767,0.8767,0.8526,0,0,0,-2.5929,-2.6031,3.1237,3.1237,3.1416,0,0,0,4.1540,4.1205,4.9446,4.9446,4.8984,0,0,0,-5.7601,-5.3198,-6.3837,-6.3837,-6.1859,0,0,0
20.300450,1788532561.845358,-2.2063,-2.3433,-2.3433,-2.3433,-2.4485,0,0,0,-4.5845,-4.4870,9.8713,9.8713,9.8703,0,0,0,0.5953,0.5851,0.8776,0.8776,0.8542,0,0,0,-2.5929,-2.6025,3.1230,3.1230,3.1408,0,0,0,4.1540,4.1223,4.9468,4.9468,4.9013,0,0,0,-5.7601,-5.3434,-6.4121,-6.4121,-6.1897,0,0,0
20.307988,1788532561.853389,-2.2063,-2.3367,-2.3367,-2.3367,-2.4423,0,0,0,-4.5845,-4.4917,9.8816,9.8816,9.8667,0,0,0,0.5953,0.5856,0.8783,0.8783,0.8558,0,0,0,-2.5929,-2.6020,3.1225,3.1225,3.1399,0,0,0,4.1540,4.1238,4.9486,4.9486,4.9043,0,0,0,-5.7601,-5.3635,-6.4362,-6.4362,-6.1954,0,0,0
20.316633,1788532561.860418,-2.2063,-2.3311,-2.3311,-2.3311,-2.4360,0,0,0,-4.5845,-4.4956,9.8903,9.8903,9.8637,0,0,0,0.5953,0.5860,0.8789,0.8789,0.8575,0,0,0,-2.5929,-2.6017,3.1220,3.1220,3.1389,0,0,0,4.1540,4.1251,4.9501,4.9501,4.9073,0,0,0,-5.7601,-5.3803,-6.4564,-6.4564,-6.2029,0,0,0
20.324485,1788532561.868046,-2.0270,-2.3172,-2.3172,-2.3172,-2.4294,0,0,0,-4.4307,-4.4926,9.8838,9.8838,9.8614,0,0,0,0.6369,0.5883,0.8824,0.8824,0.8591,0,0,0,-2.5855,-2.6009,3.1211,3.1211,3.1379,0,0,0,4.1112,4.1245,4.9494,4.9494,4.9103,0,0,0,-5.5462,-5.3879,-6.4655,-6.4655,-6.2121,0,0,0
20.332430,1788532561.876314,-2.0018,-2.3016,-2.3016,-2.3016,-2.4228,0,0,0,-4.4222,-4.4891,9.8761,9.8761,9.8598,0,0,0,0.6249,0.5901,0.8852,0.8852,0.8607,0,0,0,-2.5612,-2.5990,3.1188,3.1188,3.1368,0,0,0,4.0918,4.1229,4.9474,4.9474,4.9133,0,0,0,-5.5462,-5.3957,-6.4749,-6.4749,-6.2230,0,0,0
20.340440,1788532561.884864,-2.0018,-2.2863,-2.2863,-2.2863,-2.4160,0,0,0,-4.4222,-4.4857,9.8686,9.8686,9.8591,0,0,0,0.6249,0.5919,0.8878,0.8878,0.8622,0,0,0,-2.5612,-2.5970,3.1164,3.1164,3.1357,0,0,0,4.0918,4.1213,4.9455,4.9455,4.9163,0,0,0,-5.5462,-5.4034,-6.4841,-6.4841,-6.2355,0,0,0
20.348208,1788532561.893096,-2.0018,-2.2723,-2.2723,-2.2723,-2.4091,0,0,0,-4.4222,-4.4826,9.8617,9.8617,9.8590,0,0,0,0.6249,0.5935,0.8903,0.8903,0.8638,0,0,0,-2.5612,-2.5953,3.1143,3.1143,3.1346,0,0,0,4.0918,4.1198,4.9438,4.9438,4.9192,0,0,0,-5.5462,-5.4105,-6.4926,-6.4926,-6.2491,0,0,0
20.356208,1788532561.900621,-2.0018,-2.2600,-2.2600,-2.2600,-2.4020,0,0,0,-4.4222,-4.4799,9.8557,9.8557,9.8592,0,0,0,0.6249,0.5949,0.8924,0.8924,0.8653,0,0,0,-2.5612,-2.5937,3.1125,3.1125,3.1335,0,0,0,4.0918,4.1186,4.9423,4.9423,4.9220,0,0,0,-5.5462,-5.4166,-6.4999,-6.4999,-6.2636,0,0,0
20.364218,1788532561.909621,-1.8997,-2.2407,-2.2407,-2.2407,-2.3965,0,0,0,-4.3053,-4.4705,9.8352,9.8352,9.8596,0,0,0,0.5749,0.5938,0.8908,0.8908,0.8665,0,0,0,-2.5694,-2.5924,3.1109,3.1109,3.1326,0,0,0,3.9809,4.1112,4.9334,4.9334,4.9240,0,0,0,-5.3496,-5.4130,-6.4956,-6.4956,-6.2749,0,0,0
20.372830,1788532561.918227,-1.8689,-2.2216,-2.2216,-2.2216,-2.3868,0,0,0,-4.2829,-4.4609,9.8140,9.8140,9.8602,0,0,0,0.5471,0.5914,0.8872,0.8872,0.8685,0,0,0,-2.5950,-2.5926,3.1111,3.1111,3.1311,0,0,0,3.9104,4.1009,4.9211,4.9211,4.9270,0,0,0,-5.2667,-5.4055,-6.4866,-6.4866,-6.2942,0,0,0
20.380334,1788532561.925245,-1.8689,-2.2066,-2.2066,-2.2066,-2.3785,0,0,0,-4.2829,-4.4534,9.7974,9.7974,9.8605,0,0,0,0.5471,0.5896,0.8844,0.8844,0.8702,0,0,0,-2.5950,-2.5927,3.1112,3.1112,3.1299,0,0,0,3.9104,4.0928,4.9114,4.9114,4.9292,0,0,0,-5.2667,-5.3996,-6.4795,-6.4795,-6.3098,0,0,0
20.388747,1788532561.933753,-1.8080,-2.1864,-2.1864,-2.1864,-2.3721,0,0,0,-4.2782,-4.4445,9.7779,9.7779,9.8605,0,0,0,0.5433,0.5872,0.8808,0.8808,0.8714,0,0,0,-2.6284,-2.5945,3.1134,3.1134,3.1289,0,0,0,3.9210,4.0841,4.9010,4.9010,4.9306,0,0,0,-5.0234,-5.3805,-6.4566,-6.4566,-6.3214,0,0,0
20.396734,1788532561.941147,-1.8080,-2.1695,-2.1695,-2.1695,-2.3631,0,0,0,-4.2782,-4.4371,9.7616,9.7616,9.8601,0,0,0,0.5433,0.5853,0.8779,0.8779,0.8731,0,0,0,-2.6284,-2.5960,3.1152,3.1152,3.1276,0,0,0,3.9210,4.0769,4.8923,4.8923,4.9321,0,0,0,-5.0234,-5.3646,-6.4375,-6.4375,-6.3366,0,0,0
20.404496,1788532561.948674,-1.8080,-2.1531,-2.1531,-2.1531,-2.3535,0,0,0,-4.2782,-4.4299,9.7458,9.7458,9.8589,0,0,0,0.5433,0.5834,0.8751,0.8751,0.8746,0,0,0,-2.6284,-2.5974,3.1169,3.1169,3.1263,0,0,0,3.9210,4.0698,4.8838,4.8838,4.9330,0,0,0,-5.0234,-5.3492,-6.4190,-6.4190,-6.3510,0,0,0
20.412538,1788532561.956948,-1.8080,-2.1360,-2.1360,-2.1360,-2.3433,0,0,0,-4.2782,-4.4224,9.7293,9.7293,9.8568,0,0,0,0.5433,0.5814,0.8721,0.8721,0.8759,0,0,0,-2.6284,-2.5990,3.1188,3.1188,3.1250,0,0,0,3.9210,4.0625,4.8750,4.8750,4.9333,0,0,0,-5.0234,-5.3331,-6.3997,-6.3997,-6.3644,0,0,0
20.420538,1788532561.965974,-1.6984,-2.1125,-2.1125,-2.1125,-2.3326,0,0,0,-4.2230,-4.4117,9.7057,9.7057,9.8537,0,0,0,0.5827,0.5815,0.8722,0.8722,0.8770,0,0,0,-2.6318,-2.6007,3.1209,3.1209,3.1238,0,0,0,4.1096,4.0650,4.8780,4.8780,4.9330,0,0,0,-5.1127,-5.3213,-6.3855,-6.3855,-6.3764,0,0,0
20.428065,1788532561.972952,-1.6984,-2.0950,-2.0950,-2.0950,-2.3213,0,0,0,-4.2230,-4.4038,9.6883,9.6883,9.8496,0,0,0,0.5827,0.5815,0.8723,0.8723,0.8779,0,0,0,-2.6318,-2.6020,3.1225,3.1225,3.1228,0,0,0,4.1096,4.0669,4.8803,4.8803,4.9320,0,0,0,-5.1127,-5.3125,-6.3750,-6.3750,-6.3868,0,0,0
20.436064,1788532561.980477,-1.6258,-2.0737,-2.0737,-2.0737,-2.3095,0,0,0,-4.1480,-4.3922,9.6629,9.6629,9.8445,0,0,0,0.6264,0.5835,0.8753,0.8753,0.8785,0,0,0,-2.5715,-2.6007,3.1208,3.1208,3.1218,0,0,0,4.1886,4.0724,4.8869,4.8869,4.9303,0,0,0,-5.2111,-5.3079,-6.3695,-6.3695,-6.3954,0,0,0
20.444593,1788532561.989478,-1.6258,-2.0497,-2.0497,-2.0497,-2.2971,0,0,0,-4.1480,-4.3791,9.6341,9.6341,9.8385,0,0,0,0.6264,0.5858,0.8788,0.8788,0.8789,0,0,0,-2.5715,-2.5991,3.1189,3.1189,3.1211,0,0,0,4.1886,4.0786,4.8943,4.8943,4.9280,0,0,0,-5.2111,-5.3027,-6.3633,-6.3633,-6.4021,0,0,0
20.452788,1788532561.997512,-1.5793,-2.0270,-2.0270,-2.0270,-2.2841,0,0,0,-4.1041,-4.3659,9.6049,9.6049,9.8313,0,0,0,0.5626,0.5847,0.8771,0.8771,0.8791,0,0,0,-2.5479,-2.5966,3.1160,3.1160,3.1204,0,0,0,4.0945,4.0794,4.8952,4.8952,4.9254,0,0,0,-5.0386,-5.2900,-6.3480,-6.3480,-6.4070,0,0,0
20.460795,1788532562.006206,-1.5341,-2.0014,-2.0014,-2.0014,-2.2706,0,0,0,-4.0572,-4.3499,9.5697,9.5697,9.8232,0,0,0,0.5448,0.5827,0.8740,0.8740,0.8791,0,0,0,-2.5479,-2.5941,3.1129,3.1129,3.1200,0,0,0,4.0945,4.0802,4.8962,4.8962,4.9226,0,0,0,-5.0386,-5.2770,-6.3324,-6.3324,-6.4103,0,0,0
20.469137,1788532562.013208,-1.5155,-1.9808,-1.9808,-1.9808,-2.2565,0,0,0,-4.0398,-4.3368,9.5409,9.5409,9.8139,0,0,0,0.5025,0.5793,0.8689,0.8689,0.8791,0,0,0,-2.5479,-2.5922,3.1106,3.1106,3.1197,0,0,0,4.1099,4.0814,4.8977,4.8977,4.9198,0,0,0,-5.0586,-5.2678,-6.3214,-6.3214,-6.4121,0,0,0
20.477140,1788532562.021565,-1.5063,-1.9570,-1.9570,-1.9570,-2.2456,0,0,0,-3.9930,-4.3196,9.5031,9.5031,9.8061,0,0,0,0.4699,0.5738,0.8607,0.8607,0.8791,0,0,0,-2.5072,-2.5879,3.1055,3.1055,3.1194,0,0,0,4.1128,4.0830,4.8996,4.8996,4.9178,0,0,0,-5.1190,-5.2604,-6.3125,-6.3125,-6.4126,0,0,0
20.485152,1788532562.029557,-1.5063,-1.9354,-1.9354,-1.9354,-2.2304,0,0,0,-3.9930,-4.3040,9.4687,9.4687,9.7946,0,0,0,0.4699,0.5689,0.8533,0.8533,0.8790,0,0,0,-2.5072,-2.5841,3.1009,3.1009,3.1191,0,0,0,4.1128,4.0844,4.9013,4.9013,4.9153,0,0,0,-5.1190,-5.2536,-6.3043,-6.3043,-6.4122,0,0,0
20.492446,1788532562.037861,-1.5063,-1.9140,-1.9140,-1.9140,-2.2145,0,0,0,-3.9930,-4.2885,9.4347,9.4347,9.7816,0,0,0,0.4699,0.5639,0.8459,0.8459,0.8788,0,0,0,-2.5072,-2.5803,3.0963,3.0963,3.1188,0,0,0,4.1128,4.0858,4.9030,4.9030,4.9131,0,0,0,-5.1190,-5.2469,-6.2963,-6.2963,-6.4104,0,0,0
20.501459,1788532562.044368,-1.4743,-1.8966,-1.8966,-1.8966,-2.1976,0,0,0,-3.9713,-4.2760,9.4072,9.4072,9.7667,0,0,0,0.4699,0.5602,0.8404,0.8404,0.8784,0,0,0,-2.4277,-2.5743,3.0891,3.0891,3.1183,0,0,0,4.0993,4.0863,4.9036,4.9036,4.9111,0,0,0,-5.0954,-5.2410,-6.2892,-6.2892,-6.4073,0,0,0
20.508982,1788532562.053878,-1.4743,-1.8727,-1.8727,-1.8727,-2.1799,0,0,0,-3.9713,-4.2588,9.3693,9.3693,9.7499,0,0,0,0.4699,0.5552,0.8327,0.8327,0.8777,0,0,0,-2.4277,-2.5660,3.0792,3.0792,3.1176,0,0,0,4.0993,4.0871,4.9045,4.9045,4.9093,0,0,0,-5.0954,-5.2328,-6.2793,-6.2793,-6.4031,0,0,0
20.516988,1788532562.061409,-1.4743,-1.8546,-1.8546,-1.8546,-2.1614,0,0,0,-3.9713,-4.2458,9.3407,9.3407,9.7312,0,0,0,0.4699,0.5513,0.8270,0.8270,0.8765,0,0,0,-2.4277,-2.5597,3.0717,3.0717,3.1167,0,0,0,4.0993,4.0876,4.9051,4.9051,4.9078,0,0,0,-5.0954,-5.2266,-6.2719,-6.2719,-6.3980,0,0,0
20.525392,1788532562.069408,-1.4743,-1.8364,-1.8364,-1.8364,-2.1423,0,0,0,-3.9713,-4.2326,9.3117,9.3117,9.7110,0,0,0,0.4699,0.5474,0.8211,0.8211,0.8750,0,0,0,-2.4277,-2.5534,3.0641,3.0641,3.1155,0,0,0,4.0993,4.0882,4.9058,4.9058,4.9066,0,0,0,-5.0954,-5.2203,-6.2643,-6.2643,-6.3921,0,0,0
20.532723,1788532562.077142,-1.3068,-1.8117,-1.8117,-1.8117,-2.1227,0,0,0,-4.1217,-4.2275,9.3004,9.3004,9.6893,0,0,0,0.3676,0.5391,0.8086,0.8086,0.8731,0,0,0,-2.2875,-2.5411,3.0493,3.0493,3.1139,0,0,0,3.9949,4.0839,4.9006,4.9006,4.9056,0,0,0,-5.0869,-5.2141,-6.2569,-6.2569,-6.3855,0,0,0
20.540745,1788532562.086152,-1.3068,-1.7845,-1.7845,-1.7845,-2.1027,0,0,0,-4.1217,-4.2218,9.2879,9.2879,9.6662,0,0,0,0.3676,0.5299,0.7948,0.7948,0.8708,0,0,0,-2.2875,-2.5275,3.0330,3.0330,3.1120,0,0,0,3.9949,4.0791,4.8949,4.8949,4.9048,0,0,0,-5.0869,-5.2073,-6.2487,-6.2487,-6.3784,0,0,0
20.549308,1788532562.093680,-1.3068,-1.7628,-1.7628,-1.7628,-2.0825,0,0,0,-4.1217,-4.2172,9.2779,9.2779,9.6421,0,0,0,0.3676,0.5225,0.7838,0.7838,0.8681,0,0,0,-2.2875,-2.5166,3.0200,3.0200,3.1096,0,0,0,3.9949,4.0753,4.8903,4.8903,4.9042,0,0,0,-5.0869,-5.2018,-6.2422,-6.2422,-6.3708,0,0,0
20.557312,1788532562.101724,-1.0859,-1.7301,-1.7301,-1.7301,-2.0619,0,0,0,-4.3206,-4.2222,9.2889,9.2889,9.6172,0,0,0,0.2193,0.5079,0.7619,0.7619,0.8649,0,0,0,-2.2599,-2.5043,3.0051,3.0051,3.1067,0,0,0,3.9323,4.0684,4.8821,4.8821,4.9037,0,0,0,-4.6125,-5.1734,-6.2081,-6.2081,-6.3629,0,0,0
20.565318,1788532562.109729,-1.0859,-1.6991,-1.6991,-1.6991,-2.0463,0,0,0,-4.3206,-4.2269,9.2993,9.2993,9.5984,0,0,0,0.2193,0.4941,0.7412,0.7412,0.8622,0,0,0,-2.2599,-2.4926,2.9911,2.9911,3.1041,0,0,0,3.9323,4.0619,4.8743,4.8743,4.9033,0,0,0,-4.6125,-5.1465,-6.1758,-6.1758,-6.3568,0,0,0
20.573358,1788532562.117780,-1.0859,-1.6694,-1.6694,-1.6694,-2.0252,0,0,0,-4.3206,-4.2315,9.3092,9.3092,9.5732,0,0,0,0.2193,0.4809,0.7213,0.7213,0.8582,0,0,0,-2.2599,-2.4813,2.9776,2.9776,3.1000,0,0,0,3.9323,4.0556,4.8668,4.8668,4.9026,0,0,0,-4.6125,-5.1208,-6.1449,-6.1449,-6.3485,0,0,0
20.581367,1788532562.125770,-0.8124,-1.6282,-1.6282,-1.6282,-2.0037,0,0,0,-4.8794,-4.2625,9.3775,9.3775,9.5486,0,0,0,0.1110,0.4632,0.6947,0.6947,0.8534,0,0,0,-2.2073,-2.4682,2.9619,2.9619,3.0953,0,0,0,3.9401,4.0501,4.8601,4.8601,4.9018,0,0,0,-4.3845,-5.0855,-6.1026,-6.1026,-6.3397,0,0,0
20.589381,1788532562.133773,-0.7097,-1.5839,-1.5839,-1.5839,-1.9817,0,0,0,-5.0867,-4.3020,9.4643,9.4643,9.5249,0,0,0,0.0898,0.4452,0.6679,0.6679,0.8478,0,0,0,-2.2068,-2.4557,2.9468,2.9468,3.0898,0,0,0,3.9401,4.0448,4.8538,4.8538,4.9007,0,0,0,-4.2156,-5.0437,-6.0525,-6.0525,-6.3302,0,0,0
20.596870,1788532562.141773,-0.6191,-1.5374,-1.5374,-1.5374,-1.9592,0,0,0,-5.3495,-4.3521,9.5746,9.5746,9.5027,0,0,0,0.0162,0.4247,0.6370,0.6370,0.8413,0,0,0,-2.2068,-2.4437,2.9325,2.9325,3.0837,0,0,0,3.8875,4.0373,4.8448,4.8448,4.8993,0,0,0,-4.1296,-4.9998,-5.9998,-5.9998,-6.3196,0,0,0
20.605622,1788532562.149828,-0.6191,-1.4929,-1.4929,-1.4929,-1.9361,0,0,0,-5.3495,-4.4002,9.6804,9.6804,9.4828,0,0,0,0.0162,0.4050,0.6074,0.6074,0.8338,0,0,0,-2.2068,-2.4323,2.9188,2.9188,3.0768,0,0,0,3.8875,4.0301,4.8361,4.8361,4.8976,0,0,0,-4.1296,-4.9577,-5.9493,-5.9493,-6.3077,0,0,0
20.613432,1788532562.157609,-0.5051,-1.4465,-1.4465,-1.4465,-1.9120,0,0,0,-5.7959,-4.4654,9.8238,9.8238,9.4665,0,0,0,-0.0015,0.3860,0.5790,0.5790,0.8252,0,0,0,-2.1601,-2.4196,2.9035,2.9035,3.0692,0,0,0,3.8240,4.0205,4.8246,4.8246,4.8955,0,0,0,-4.2822,-4.9261,-5.9114,-5.9114,-6.2942,0,0,0
20.620940,1788532562.164848,-0.4628,-1.4034,-1.4034,-1.4034,-1.8869,0,0,0,-6.0967,-4.5365,9.9804,9.9804,9.4552,0,0,0,-0.1119,0.3643,0.5464,0.5464,0.8153,0,0,0,-2.1830,-2.4093,2.8911,2.8911,3.0610,0,0,0,3.8179,4.0117,4.8140,4.8140,4.8930,0,0,0,-4.2822,-4.8980,-5.8776,-5.8776,-6.2788,0,0,0
20.628842,1788532562.173439,-0.4628,-1.3548,-1.3548,-1.3548,-1.8606,0,0,0,-6.0967,-4.6167,10.1568,10.1568,9.4498,0,0,0,-0.1119,0.3398,0.5097,0.5097,0.8041,0,0,0,-2.1830,-2.3977,2.8772,2.8772,3.0521,0,0,0,3.8179,4.0017,4.8021,4.8021,4.8901,0,0,0,-4.2822,-4.8663,-5.8396,-5.8396,-6.2612,0,0,0
20.636849,1788532562.181264,-0.4628,-1.3127,-1.3127,-1.3127,-1.8401,0,0,0,-6.0967,-4.6864,10.3101,10.3101,9.4503,0,0,0,-0.1119,0.3186,0.4779,0.4779,0.7948,0,0,0,-2.1830,-2.3876,2.8651,2.8651,3.0451,0,0,0,3.8179,3.9931,4.7917,4.7917,4.8876,0,0,0,-4.2822,-4.8388,-5.8066,-5.8066,-6.2467,0,0,0
20.645384,1788532562.189783,-0.4628,-1.2691,-1.2691,-1.2691,-1.8043,0,0,0,-6.0967,-4.7584,10.4685,10.4685,9.4613,0,0,0,-0.1119,0.2966,0.4450,0.4450,0.7776,0,0,0,-2.1830,-2.3772,2.8526,2.8526,3.0327,0,0,0,3.8179,3.9842,4.7810,4.7810,4.8829,0,0,0,-4.2822,-4.8104,-5.7725,-5.7725,-6.2200,0,0,0
20.653729,1788532562.198149,-0.4628,-1.2285,-1.2285,-1.2285,-1.7741,0,0,0,-6.0967,-4.8257,10.6165,10.6165,9.4802,0,0,0,-0.1119,0.2762,0.4143,0.4143,0.7622,0,0,0,-2.1830,-2.3675,2.8410,2.8410,3.0223,0,0,0,3.8179,3.9759,4.7710,4.7710,4.8785,0,0,0,-4.2822,-4.7839,-5.7407,-5.7407,-6.1967,0,0,0
20.661731,1788532562.206146,-0.3083,-1.1841,-1.1841,-1.1841,-1.7507,0,0,0,-7.8479,-4.9714,10.9371,10.8165,9.5007,1,0,0,-0.5527,0.2364,0.3546,0.3546,0.7497,0,0,0,-2.2924,-2.3639,2.8366,2.8366,3.0142,0,0,0,3.8994,3.9722,4.7667,4.7667,4.8749,0,0,0,-3.9591,-4.7442,-5.6930,-5.6930,-6.1782,0,0,0
20.669242,1788532562.214147,-0.3083,-1.1418,-1.1418,-1.1418,-1.7184,0,0,0,-7.8479,-5.1104,11.2428,11.0165,9.5366,1,0,0,-0.5527,0.1985,0.2977,0.2977,0.7318,0,0,0,-2.2924,-2.3604,2.8325,2.8325,3.0031,0,0,0,3.8994,3.9687,4.7625,4.7625,4.8697,0,0,0,-3.9591,-4.7064,-5.6477,-5.6477,-6.1523,0,0,0
20.677241,1788532562.221654,-0.3083,-1.1039,-1.1039,-1.1039,-1.6850,0,0,0,-7.8479,-5.2350,11.5171,11.2165,9.5822,1,0,0,-0.5527,0.1645,0.2467,0.2467,0.7125,0,0,0,-2.2924,-2.3574,2.8288,2.8288,2.9917,0,0,0,3.8994,3.9656,4.7587,4.7587,4.8639,0,0,0,-3.9591,-4.6726,-5.6071,-5.6071,-6.1252,0,0,0
20.685241,1788532562.229655,-0.3083,-1.0655,-1.0655,-1.0655,-1.6505,0,0,0,-7.8479,-5.3616,11.7956,11.4165,9.6376,1,0,0,-0.5527,0.1300,0.1950,0.1950,0.6918,0,0,0,-2.2924,-2.3542,2.8251,2.8251,2.9801,0,0,0,3.8994,3.9624,4.7549,4.7549,4.8578,0,0,0,-3.9591,-4.6382,-5.5658,-5.5658,-6.0968,0,0,0
20.693753,1788532562.237174,-0.3083,-1.0310,-1.0310,-1.0310,-1.6151,0,0,0,-7.8479,-5.4753,12.0456,11.6165,9.7031,1,0,0,-0.5527,0.0991,0.1486,0.1486,0.6692,0,0,0,-2.2924,-2.3515,2.8217,2.8217,2.9685,0,0,0,3.8994,3.9596,4.7515,4.7515,4.8514,0,0,0,-3.9591,-4.6074,-5.5288,-5.5288,-6.0673,0,0,0
20.701771,1788532562.245683,-0.1980,-0.9883,-0.9883,-0.9883,-1.5788,0,0,0,-9.6749,-5.6917,12.5218,11.8165,9.7789,1,0,0,-0.8973,0.0482,0.0723,0.0723,0.6446,0,0,0,-2.5558,-2.3618,2.8342,2.8342,2.9571,0,0,0,4.0273,3.9630,4.7556,4.7556,4.8448,0,0,0,-3.7999,-4.5661,-5.4793,-5.4793,-6.0365,0,0,0
20.709282,1788532562.253190,-0.1980,-0.9524,-0.9524,-0.9524,-1.5419,0,0,0,-9.6749,-5.8743,12.9235,12.0165,9.8649,1,0,0,-0.8973,0.0054,0.0081,0.0081,0.6180,0,0,0,-2.5558,-2.3706,2.8447,2.8447,2.9459,0,0,0,4.0273,3.9659,4.7591,4.7591,4.8381,0,0,0,-3.7999,-4.5314,-5.4376,-5.4376,-6.0046,0,0,0
20.717799,1788532562.261715,-0.1980,-0.9137,-0.9137,-0.9137,-1.5044,0,0,0,-9.6749,-6.0713,13.3569,12.2165,9.9609,1,0,0,-0.8973,-0.0408,-0.0612,-0.0612,0.5895,0,0,0,-2.5558,-2.3800,2.8560,2.8560,2.9350,0,0,0,4.0273,3.9690,4.7628,4.7628,4.8314,0,0,0,-3.7999,-4.4939,-5.3927,-5.3927,-5.9717,0,0,0
20.725959,1788532562.269211,-0.1980,-0.8811,-0.8811,-0.8811,-1.4665,0,0,0,-9.6749,-6.2368,13.7210,12.4165,10.0664,1,0,0,-0.8973,-0.0795,-0.1193,-0.1193,0.5589,0,0,0,-2.5558,-2.3879,2.8655,2.8655,2.9246,0,0,0,4.0273,3.9717,4.7660,4.7660,4.8248,0,0,0,-3.7999,-4.4625,-5.3550,-5.3550,-5.9379,0,0,0
20.733521,1788532562.277923,-0.3177,-0.8516,-0.8516,-0.8516,-1.4378,0,0,0,-11.5247,-6.5177,14.3389,12.6165,10.1517,1,0,0,-1.3305,-0.1449,-0.2174,-0.2174,0.5343,0,0,0,-2.5451,-2.3961,2.8753,2.8753,2.9173,0,0,0,3.8593,3.9658,4.7590,4.7590,4.8200,0,0,0,-4.1994,-4.4487,-5.3385,-5.3385,-5.9119,0,0,0
20.741527,1788532562.285930,-0.3177,-0.8258,-0.8258,-0.8258,-1.3993,0,0,0,-11.5247,-6.7638,14.8803,12.8165,10.2729,1,0,0,-1.3305,-0.2021,-0.3032,-0.3032,0.4996,0,0,0,-2.5451,-2.4032,2.8839,2.8839,2.9084,0,0,0,3.8593,3.9607,4.7529,4.7529,4.8139,0,0,0,-4.1994,-4.4367,-5.3241,-5.3241,-5.8764,0,0,0
20.749228,1788532562.293448,-0.3177,-0.8027,-0.8027,-0.8027,-1.3607,0,0,0,-11.5247,-6.9846,15.3661,13.0165,10.4024,1,0,0,-1.3305,-0.2534,-0.3801,-0.3801,0.4624,0,0,0,-2.5451,-2.4096,2.8916,2.8916,2.9006,0,0,0,3.8593,3.9561,4.7474,4.7474,4.8083,0,0,0,-4.1994,-4.4259,-5.3111,-5.3111,-5.8401,0,0,0
20.757751,1788532562.301153,-0.3177,-0.7801,-0.7801,-0.7801,-1.3220,0,0,0,-11.5247,-7.2005,15.8412,13.2165,10.5396,1,0,0,-1.3305,-0.3036,-0.4554,-0.4554,0.4227,0,0,0,-2.5451,-2.4159,2.8991,2.8991,2.8939,0,0,0,3.8593,3.9517,4.7420,4.7420,4.8032,0,0,0,-4.1994,-4.4154,-5.2985,-5.2985,-5.8032,0,0,0
20.765361,1788532562.310169,-0.2776,-0.7529,-0.7529,-0.7529,-1.2834,0,0,0,-13.7407,-7.5626,16.6377,13.4165,10.6838,1,0,0,-1.4811,-0.3672,-0.5509,-0.5509,0.3803,0,0,0,-2.6540,-2.4287,2.9144,2.9144,2.8884,0,0,0,4.1506,3.9623,4.7548,4.7548,4.7983,0,0,0,-3.8061,-4.3825,-5.2590,-5.2590,-5.7663,0,0,0
20.773362,1788532562.316778,-0.2776,-0.7338,-0.7338,-0.7338,-1.2453,0,0,0,-13.7407,-7.8178,17.1993,13.6165,10.8345,1,0,0,-1.4811,-0.4121,-0.6181,-0.6181,0.3348,0,0,0,-2.6540,-2.4377,2.9252,2.9252,2.8840,0,0,0,4.1506,3.9698,4.7638,4.7638,4.7937,0,0,0,-3.8061,-4.3594,-5.2313,-5.2313,-5.7296,0,0,0
20.781978,1788532562.325285,-0.2776,-0.7104,-0.7104,-0.7104,-1.2076,0,0,0,-13.7407,-8.1298,17.8856,13.8165,10.9912,1,0,0,-1.4811,-0.4668,-0.7002,-0.7002,0.2866,0,0,0,-2.6540,-2.4486,2.9384,2.9384,2.8808,0,0,0,4.1506,3.9790,4.7748,4.7748,4.7893,0,0,0,-3.8061,-4.3311,-5.1974,-5.1974,-5.6936,0,0,0
20.789915,1788532562.333593,-0.2776,-0.6887,-0.6887,-0.6887,-1.1706,0,0,0,-13.7407,-8.4193,18.5225,14.0165,11.1532,1,0,0,-1.4811,-0.5176,-0.7764,-0.7764,0.2355,0,0,0,-2.6540,-2.4588,2.9506,2.9506,2.8786,0,0,0,4.1506,3.9875,4.7850,4.7850,4.7851,0,0,0,-3.8061,-4.3049,-5.1659,-5.1659,-5.6584,0,0,0
20.798207,1788532562.340974,-0.2351,-0.6685,-0.6685,-0.6685,-1.1343,0,0,0,-15.1242,-8.7293,19.2045,14.2165,11.3202,1,0,0,-1.1132,-0.5442,-0.8164,-0.8164,0.1816,0,0,0,-2.7610,-2.4722,2.9667,2.9667,2.8776,0,0,0,4.6389,4.0164,4.8197,4.8197,4.7813,0,0,0,-4.0909,-4.2954,-5.1544,-5.1544,-5.6238,0,0,0
20.805845,1788532562.350253,-0.2351,-0.6444,-0.6444,-0.6444,-1.0989,0,0,0,-15.1242,-9.0974,20.0142,14.4165,11.4915,1,0,0,-1.1132,-0.5759,-0.8638,-0.8638,0.1252,0,0,0,-2.7610,-2.4881,2.9858,2.9858,2.8777,0,0,0,4.6389,4.0507,4.8609,4.8609,4.7781,0,0,0,-4.0909,-4.2840,-5.1408,-5.1408,-5.5897,0,0,0
20.813982,1788532562.358266,-0.2351,-0.6246,-0.6246,-0.6246,-1.0729,0,0,0,-15.1242,-9.3999,20.6797,14.6165,11.6226,1,0,0,-1.1132,-0.6019,-0.9028,-0.9028,0.0813,0,0,0,-2.7610,-2.5012,3.0015,3.0015,2.8785,0,0,0,4.6389,4.0789,4.8947,4.8947,4.7762,0,0,0,-4.0909,-4.2747,-5.1296,-5.1296,-5.5645,0,0,0
20.822221,1788532562.365397,-0.3412,-0.6123,-0.6123,-0.6123,-1.0390,0,0,0,-16.0759,-9.7005,21.3411,14.8165,11.8006,1,0,0,-1.3014,-0.6322,-0.9483,-0.9483,0.0210,0,0,0,-2.6746,-2.5087,3.0104,3.0104,2.8805,0,0,0,4.8717,4.1130,4.9356,4.9356,4.7743,0,0,0,-4.4226,-4.2811,-5.1373,-5.1373,-5.5313,0,0,0
20.829396,1788532562.373636,-0.3412,-0.5989,-0.5989,-0.5989,-1.0060,0,0,0,-16.0759,-10.0305,22.0670,15.0165,11.9822,1,0,0,-1.3014,-0.6654,-0.9981,-0.9981,-0.0409,0,0,0,-2.6746,-2.5168,3.0202,3.0202,2.8836,0,0,0,4.8717,4.1504,4.9805,4.9805,4.7737,0,0,0,-4.4226,-4.2881,-5.1457,-5.1457,-5.4988,0,0,0
20.838284,1788532562.381693,-0.3412,-0.5864,-0.5864,-0.5864,-0.9737,0,0,0,-16.0759,-10.3373,22.7421,15.2165,12.1695,1,0,0,-1.3014,-0.6963,-1.0445,-1.0445,-0.1042,0,0,0,-2.6746,-2.5244,3.0293,3.0293,2.8880,0,0,0,4.8717,4.1852,5.0223,5.0223,4.7752,0,0,0,-4.4226,-4.2946,-5.1535,-5.1535,-5.4670,0,0,0
20.845387,1788532562.390703,-0.3412,-0.5731,-0.5731,-0.5731,-0.9421,0,0,0,-16.0759,-10.6614,23.4552,15.4165,12.3620,1,0,0,-1.3014,-0.7291,-1.0936,-1.0936,-0.1683,0,0,0,-2.6746,-2.5325,3.0390,3.0390,2.8935,0,0,0,4.8717,4.2221,5.0666,5.0666,4.7792,0,0,0,-4.4226,-4.3015,-5.1618,-5.1618,-5.4364,0,0,0
20.854218,1788532562.398632,-0.5743,-0.5732,-0.5732,-0.5732,-0.9115,0,0,0,-17.0575,-10.9821,24.1605,15.6165,12.5586,1,0,0,-1.2774,-0.7553,-1.1330,-1.1330,-0.2329,0,0,0,-2.6108,-2.5362,3.0435,3.0435,2.9001,0,0,0,5.3288,4.2748,5.1298,5.1298,4.7858,0,0,0,-4.7605,-4.3234,-5.1880,-5.1880,-5.4074,0,0,0
20.861790,1788532562.406204,-0.5743,-0.5732,-0.5732,-0.5732,-0.8818,0,0,0,-17.0575,-11.2741,24.8029,15.8165,12.7586,1,0,0,-1.2774,-0.7793,-1.1689,-1.1689,-0.2975,0,0,0,-2.6108,-2.5396,3.0475,3.0475,2.9075,0,0,0,5.3288,4.3229,5.1875,5.1875,4.7951,0,0,0,-4.7605,-4.3433,-5.2120,-5.2120,-5.3803,0,0,0
20.870299,1788532562.414207,-0.5880,-0.5740,-0.5740,-0.5740,-0.8533,0,0,0,-17.4532,-11.5875,25.4924,16.0165,12.9612,1,0,0,-1.0992,-0.7947,-1.1921,-1.1921,-0.3619,0,0,0,-2.5815,-2.5416,3.0499,3.0499,2.9155,0,0,0,5.5570,4.3822,5.2587,5.2587,4.8071,0,0,0,-5.1743,-4.3832,-5.2598,-5.2598,-5.3554,0,0,0
20.878298,1788532562.421713,-0.5880,-0.5746,-0.5746,-0.5746,-0.8262,0,0,0,-17.4532,-11.8678,26.1092,16.2165,13.1658,1,0,0,-1.0992,-0.8086,-1.2128,-1.2128,-0.4256,0,0,0,-2.5815,-2.5434,3.0521,3.0521,2.9241,0,0,0,5.5570,4.4354,5.3225,5.3225,4.8221,0,0,0,-5.1743,-4.4189,-5.3027,-5.3027,-5.3330,0,0,0
20.886299,1788532562.430713,-0.4213,-0.5663,-0.5663,-0.5663,-0.8006,0,0,0,-17.8156,-12.2057,26.8525,16.4165,13.3719,1,0,0,-0.8463,-0.8106,-1.2159,-1.2159,-0.4883,0,0,0,-2.3870,-2.5350,3.0420,3.0420,2.9329,0,0,0,5.5818,4.4971,5.3966,5.3966,4.8402,0,0,0,-5.3681,-4.4698,-5.3637,-5.3637,-5.3134,0,0,0
20.894317,1788532562.437220,-0.4213,-0.5606,-0.5606,-0.5606,-0.7766,0,0,0,-17.8156,-12.4401,27.3682,16.6165,13.5790,1,0,0,-0.8463,-0.8120,-1.2180,-1.2180,-0.5496,0,0,0,-2.3870,-2.5292,3.0351,3.0351,2.9418,0,0,0,5.5818,4.5400,5.4480,5.4480,4.8616,0,0,0,-5.3681,-4.5051,-5.4061,-5.4061,-5.2971,0,0,0
20.901835,1788532562.445731,-0.4213,-0.5535,-0.5535,-0.5535,-0.7597,0,0,0,-18.0951,-12.7454,28.0400,16.8165,13.7348,1,0,0,-0.7366,-0.8081,-1.2122,-1.2122,-0.5944,0,0,0,-2.2177,-2.5134,3.0161,3.0161,2.9485,0,0,0,5.6249,4.5954,5.5145,5.5145,4.8799,0,0,0,-5.3681,-4.5489,-5.4587,-5.4587,-5.2873,0,0,0
20.909983,1788532562.452881,-0.4213,-0.5478,-0.5478,-0.5478,-0.7386,0,0,0,-18.0951,-12.9905,28.5790,17.0165,13.9429,1,0,0,-0.7366,-0.8050,-1.2076,-1.2076,-0.6520,0,0,0,-2.2177,-2.5007,3.0008,3.0008,2.9571,0,0,0,5.6249,4.6400,5.5680,5.5680,4.9072,0,0,0,-5.3681,-4.5841,-5.5010,-5.5010,-5.2778,0,0,0
20.917499,1788532562.462912,-0.5816,-0.5498,-0.5498,-0.5498,-0.7191,0,0,0,-18.7705,-13.3551,29.3813,17.2165,14.1513,1,0,0,-0.7212,-0.8000,-1.2001,-1.2001,-0.7070,0,0,0,-2.3329,-2.4907,2.9889,2.9889,2.9652,0,0,0,5.6827,4.7023,5.6427,5.6427,4.9378,0,0,0,-5.3786,-4.6313,-5.5576,-5.5576,-5.2724,0,0,0
20.925498,1788532562.469912,-0.5816,-0.5511,-0.5511,-0.5511,-0.7009,0,0,0,-18.7705,-13.5985,29.9166,17.4165,14.3597,1,0,0,-0.7212,-0.7967,-1.1950,-1.1950,-0.7587,0,0,0,-2.3329,-2.4841,2.9809,2.9809,2.9726,0,0,0,5.6827,4.7439,5.6927,5.6927,4.9715,0,0,0,-5.3786,-4.6628,-5.5954,-5.5954,-5.2712,0,0,0
20.934318,1788532562.477734,-0.5816,-0.5526,-0.5526,-0.5526,-0.6841,0,0,0,-19.0408,-13.8705,30.5150,17.6165,14.5679,1,0,0,-0.6897,-0.7917,-1.1875,-1.1875,-0.8070,0,0,0,-2.3329,-2.4770,2.9724,2.9724,2.9789,0,0,0,5.7400,4.7910,5.7491,5.7491,5.0079,0,0,0,-5.3786,-4.6964,-5.6357,-5.6357,-5.2740,0,0,0
20.941829,1788532562.486264,-0.5816,-0.5541,-0.5541,-0.5541,-0.6687,0,0,0,-19.0408,-14.1510,31.1323,17.8165,14.7759,1,0,0,-0.6897,-0.7864,-1.1797,-1.1797,-0.8516,0,0,0,-2.3329,-2.4697,2.9636,2.9636,2.9840,0,0,0,5.7400,4.8396,5.8076,5.8076,5.0471,0,0,0,-5.3786,-4.7312,-5.6774,-5.6774,-5.2809,0,0,0
20.949849,1788532562.493748,-0.5816,-0.5553,-0.5553,-0.5553,-0.6545,0,0,0,-19.0408,-14.3855,31.6480,18.0165,14.9836,1,0,0,-0.6897,-0.7821,-1.1731,-1.1731,-0.8925,0,0,0,-2.3329,-2.4635,2.9562,2.9562,2.9881,0,0,0,5.7400,4.8804,5.8565,5.8565,5.0888,0,0,0,-5.3786,-4.7603,-5.7124,-5.7124,-5.2916,0,0,0
20.958379,1788532562.502262,-0.5816,-0.5566,-0.5566,-0.5566,-0.6417,0,0,0,-19.0408,-14.6377,32.2029,18.2165,15.1909,1,0,0,-0.6897,-0.7774,-1.1660,-1.1660,-0.9297,0,0,0,-2.3329,-2.4569,2.9483,2.9483,2.9910,0,0,0,5.7400,4.9245,5.9093,5.9093,5.1326,0,0,0,-5.3786,-4.7918,-5.7502,-5.7502,-5.3058,0,0,0
20.966380,1788532562.510794,-0.9503,-0.5767,-0.5767,-0.5767,-0.6301,0,0,0,-20.1651,-14.9378,32.8632,18.4165,15.3978,1,0,0,-0.4999,-0.7632,-1.1448,-1.1448,-0.9631,0,0,0,-2.3391,-2.4509,2.9411,2.9411,2.9928,0,0,0,5.9732,4.9783,5.9740,5.9740,5.1784,0,0,0,-5.5078,-4.8284,-5.7941,-5.7941,-5.3232,0,0,0
20.974384,1788532562.518801,-1.1443,-0.6040,-0.6040,-0.6040,-0.6197,0,0,0,-20.2512,-15.2097,33.4612,18.6165,15.6042,1,0,0,-0.4999,-0.7505,-1.1258,-1.1258,-0.9929,0,0,0,-2.2929,-2.4433,2.9320,2.9320,2.9936,0,0,0,5.9929,5.0274,6.0328,6.0328,5.2257,0,0,0,-5.5078,-4.8610,-5.8332,-5.8332,-5.3434,0,0,0
20.982510,1788532562.525923,-1.1443,-0.6272,-0.6272,-0.6272,-0.6106,0,0,0,-20.2512,-15.4405,33.9690,18.8165,15.8101,1,0,0,-0.4999,-0.7397,-1.1096,-1.1096,-1.0192,0,0,0,-2.2929,-2.4369,2.9243,2.9243,2.9935,0,0,0,5.9929,5.0691,6.0829,6.0829,5.2744,0,0,0,-5.5078,-4.8888,-5.8666,-5.8666,-5.3662,0,0,0
20.990022,1788532562.533923,-1.2472,-0.6569,-0.6569,-0.6569,-0.6027,0,0,0,-20.3680,-15.6925,34.5235,19.0165,16.0156,1,0,0,-0.5051,-0.7285,-1.0927,-1.0927,-1.0421,0,0,0,-2.1092,-2.4212,2.9054,2.9054,2.9925,0,0,0,6.0489,5.1165,6.1398,6.1398,5.3244,0,0,0,-5.3371,-4.9104,-5.8925,-5.8925,-5.3912,0,0,0
20.998040,1788532562.542946,-1.5789,-0.7065,-0.7065,-0.7065,-0.5965,0,0,0,-20.5771,-15.9724,35.1392,19.2165,16.2206,1,0,0,-0.4487,-0.7134,-1.0701,-1.0701,-1.0615,0,0,0,-2.1092,-2.4044,2.8853,2.8853,2.9908,0,0,0,6.0942,5.1694,6.2033,6.2033,5.3755,0,0,0,-5.5116,-4.9428,-5.9313,-5.9313,-5.4182,0,0,0
21.006547,1788532562.549454,-1.5803,-0.7408,-0.7408,-0.7408,-0.5920,0,0,0,-20.6563,-16.1692,35.5722,19.4165,16.4252,1,0,0,-0.5086,-0.7053,-1.0580,-1.0580,-1.0776,0,0,0,-2.1092,-2.3928,2.8714,2.8714,2.9882,0,0,0,6.1715,5.2092,6.2511,6.2511,5.4276,0,0,0,-5.7680,-4.9753,-5.9704,-5.9704,-5.4471,0,0,0
21.014556,1788532562.558968,-1.5803,-0.7882,-0.7882,-0.7882,-0.5900,0,0,0,-20.6563,-16.4394,36.1666,19.6165,16.5783,1,0,0,-0.5086,-0.6942,-1.0413,-1.0413,-1.0875,0,0,0,-2.1092,-2.3768,2.8522,2.8522,2.9858,0,0,0,6.1715,5.2640,6.3169,6.3169,5.4671,0,0,0,-5.7680,-5.0203,-6.0243,-6.0243,-5.4696,0,0,0
21.022556,1788532562.565971,-1.8263,-0.8320,-0.8320,-0.8320,-0.5892,0,0,0,-20.8482,-16.6380,36.6036,19.8165,16.7821,1,0,0,-0.4861,-0.6854,-1.0281,-1.0281,-1.0981,0,0,0,-2.0159,-2.3616,2.8339,2.8339,2.9818,0,0,0,6.1715,5.3027,6.3632,6.3632,5.5206,0,0,0,-5.7743,-5.0522,-6.0627,-6.0627,-5.5007,0,0,0
21.030067,1788532562.575477,-1.8263,-0.8881,-0.8881,-0.8881,-0.5910,0,0,0,-20.8482,-16.8911,37.1605,20.0165,16.9855,1,0,0,-0.4861,-0.6742,-1.0113,-1.0113,-1.1058,0,0,0,-2.0159,-2.3420,2.8105,2.8105,2.9769,0,0,0,6.1715,5.3522,6.4226,6.4226,5.5746,0,0,0,-5.7743,-5.0931,-6.1118,-6.1118,-5.5328,0,0,0
21.038074,1788532562.582491,-1.9763,-0.9341,-0.9341,-0.9341,-0.5954,0,0,0,-20.8468,-17.0694,37.5527,20.2165,17.1886,1,0,0,-0.4861,-0.6662,-0.9993,-0.9993,-1.1108,0,0,0,-1.9353,-2.3248,2.7898,2.7898,2.9710,0,0,0,6.1591,5.3866,6.4639,6.4639,5.6292,0,0,0,-5.7743,-5.1220,-6.1465,-6.1465,-5.5660,0,0,0
21.046489,1788532562.590482,-1.9763,-0.9841,-0.9841,-0.9841,-0.6025,0,0,0,-20.8468,-17.2621,37.9765,20.4165,17.3913,1,0,0,-0.4861,-0.6576,-0.9864,-0.9864,-1.1134,0,0,0,-1.9353,-2.3062,2.7674,2.7674,2.9642,0,0,0,6.1591,5.4239,6.5087,6.5087,5.6843,0,0,0,-5.7743,-5.1534,-6.1841,-6.1841,-5.6002,0,0,0
21.054554,1788532562.598061,-1.9763,-1.0293,-1.0293,-1.0293,-0.6126,0,0,0,-20.8468,-17.4358,38.3588,20.6165,17.5937,1,0,0,-0.4861,-0.6498,-0.9747,-0.9747,-1.1138,0,0,0,-1.9353,-2.2893,2.7471,2.7471,2.9564,0,0,0,6.1591,5.4577,6.5493,6.5493,5.7396,0,0,0,-5.7743,-5.1818,-6.2182,-6.2182,-5.6355,0,0,0
21.062404,1788532562.606197,-1.9763,-1.0756,-1.0756,-1.0756,-0.6257,0,0,0,-20.8468,-17.6125,38.7476,20.8165,17.7959,1,0,0,-0.4861,-0.6418,-0.9627,-0.9627,-1.1123,0,0,0,-1.9353,-2.2720,2.7264,2.7264,2.9476,0,0,0,6.1591,5.4922,6.5906,6.5906,5.7952,0,0,0,-5.7743,-5.2108,-6.2530,-6.2530,-5.6716,0,0,0
21.069922,1788532562.614825,-2.3493,-1.1414,-1.1414,-1.1414,-0.6417,0,0,0,-20.8216,-17.7881,39.1339,21.0165,17.9977,1,0,0,-0.1165,-0.6148,-0.9222,-0.9222,-1.1090,0,0,0,-1.8093,-2.2482,2.6978,2.6978,2.9378,0,0,0,6.2132,5.5297,6.6356,6.6356,5.8506,0,0,0,-5.9202,-5.2475,-6.2970,-6.2970,-5.7085,0,0,0
21.078858,1788532562.622196,-2.5445,-1.2038,-1.2038,-1.2038,-0.6605,0,0,0,-20.9021,-17.9348,39.4565,21.2165,18.1994,1,0,0,0.0842,-0.5838,-0.8758,-0.8758,-1.1041,0,0,0,-1.5531,-2.2173,2.6608,2.6608,2.9270,0,0,0,6.1981,5.5596,6.6715,6.6715,5.9058,0,0,0,-6.3126,-5.2950,-6.3540,-6.3540,-5.7458,0,0,0
21.086679,1788532562.630805,-2.6036,-1.2761,-1.2761,-1.2761,-0.6821,0,0,0,-20.9594,-18.0996,39.8191,21.4165,18.4008,1,0,0,-0.0676,-0.5573,-0.8360,-0.8360,-1.0980,0,0,0,-1.5418,-2.1825,2.6191,2.6191,2.9152,0,0,0,6.1423,5.5898,6.7077,6.7077,5.9604,0,0,0,-5.9162,-5.3271,-6.3925,-6.3925,-5.7836,0,0,0
21.094307,1788532562.638216,-2.6036,-1.3355,-1.3355,-1.3355,-0.7001,0,0,0,-20.9594,-18.2347,40.1164,21.6165,18.5517,1,0,0,-0.0676,-0.5355,-0.8033,-0.8033,-1.0925,0,0,0,-1.5418,-2.1539,2.5847,2.5847,2.9057,0,0,0,6.1423,5.6146,6.7375,6.7375,6.0010,0,0,0,-5.9162,-5.3535,-6.4242,-6.4242,-5.8121,0,0,0
21.102310,1788532562.645739,-2.6036,-1.3932,-1.3932,-1.3932,-0.7265,0,0,0,-20.9594,-18.3652,40.4034,21.8165,18.7528,1,0,0,-0.0676,-0.5144,-0.7716,-0.7716,-1.0837,0,0,0,-1.5418,-2.1262,2.5514,2.5514,2.8922,0,0,0,6.1423,5.6387,6.7664,6.7664,6.0546,0,0,0,-5.9162,-5.3790,-6.4549,-6.4549,-5.8505,0,0,0
21.110940,1788532562.655005,-2.6036,-1.4603,-1.4603,-1.4603,-0.7557,0,0,0,-20.9594,-18.5163,40.7358,22.0165,18.9537,1,0,0,-0.0676,-0.4898,-0.7347,-0.7347,-1.0731,0,0,0,-1.5418,-2.0939,2.5127,2.5127,2.8774,0,0,0,6.1423,5.6667,6.8000,6.8000,6.1074,0,0,0,-5.9162,-5.4088,-6.4906,-6.4906,-5.8894,0,0,0
21.118947,1788532562.661357,-2.6036,-1.5045,-1.5045,-1.5045,-0.7879,0,0,0,-20.9594,-18.6156,40.9543,22.2165,19.1545,1,0,0,-0.0676,-0.4736,-0.7104,-0.7104,-1.0606,0,0,0,-1.5418,-2.0726,2.4872,2.4872,2.8612,0,0,0,6.1423,5.6851,6.8221,6.8221,6.1593,0,0,0,-5.9162,-5.4284,-6.5141,-6.5141,-5.9287,0,0,0
21.126960,1788532562.670864,-2.6036,-1.5670,-1.5670,-1.5670,-0.8228,0,0,0,-20.9594,-18.7552,41.2614,22.4165,19.3552,1,0,0,-0.0676,-0.4507,-0.6760,-0.6760,-1.0461,0,0,0,-1.5418,-2.0426,2.4511,2.4511,2.8436,0,0,0,6.1423,5.7111,6.8534,6.8534,6.2100,0,0,0,-5.9162,-5.4561,-6.5473,-6.5473,-5.9682,0,0,0
21.134127,1788532562.678033,-2.8615,-1.6233,-1.6233,-1.6233,-0.8603,0,0,0,-21.0516,-18.8597,41.4914,22.6165,19.5558,1,0,0,0.0368,-0.4296,-0.6444,-0.6444,-1.0299,0,0,0,-1.3014,-2.0105,2.4126,2.4126,2.8246,0,0,0,6.0832,5.7273,6.8728,6.8728,6.2595,0,0,0,-6.0245,-5.4808,-6.5769,-6.5769,-6.0077,0,0,0
21.142133,1788532562.685553,-2.8615,-1.6797,-1.6797,-1.6797,-0.9003,0,0,0,-21.0516,-18.9641,41.7210,22.8165,19.7563,1,0,0,0.0368,-0.4085,-0.6128,-0.6128,-1.0120,0,0,0,-1.3014,-1.9783,2.3740,2.3740,2.8042,0,0,0,6.0832,5.7435,6.8922,6.8922,6.3076,0,0,0,-6.0245,-5.5055,-6.6066,-6.6066,-6.0471,0,0,0
21.150693,1788532562.694599,-2.9522,-1.7488,-1.7488,-1.7488,-0.9423,0,0,0,-21.1087,-19.0856,41.9882,23.0165,19.9567,1,0,0,0.0048,-0.3862,-0.5794,-0.5794,-0.9926,0,0,0,-1.3763,-1.9458,2.3350,2.3350,2.7825,0,0,0,6.1298,5.7645,6.9174,6.9174,6.3544,0,0,0,-6.0426,-5.5346,-6.6415,-6.6415,-6.0861,0,0,0
21.158792,1788532562.703207,-2.9522,-1.8112,-1.8112,-1.8112,-0.9863,0,0,0,-21.1087,-19.1948,42.2285,23.2165,20.1570,1,0,0,0.0048,-0.3661,-0.5492,-0.5492,-0.9718,0,0,0,-1.3763,-1.9164,2.2997,2.2997,2.7597,0,0,0,6.1298,5.7834,6.9401,6.9401,6.3997,0,0,0,-6.0426,-5.5608,-6.6730,-6.6730,-6.1248,0,0,0
21.166318,1788532562.711722,-3.0845,-1.8765,-1.8765,-1.8765,-1.0320,0,0,0,-21.2128,-19.3025,42.4654,23.4165,20.3572,1,0,0,0.3432,-0.3300,-0.4950,-0.4950,-0.9497,0,0,0,-1.3687,-1.8885,2.2661,2.2661,2.7356,0,0,0,6.2549,5.8076,6.9691,6.9691,6.4434,0,0,0,-6.5412,-5.6110,-6.7332,-6.7332,-6.1631,0,0,0
21.174322,1788532562.719733,-3.1277,-1.9371,-1.9371,-1.9371,-1.0793,0,0,0,-21.2951,-19.4027,42.6860,23.6165,20.5575,1,0,0,0.3669,-0.2965,-0.4448,-0.4448,-0.9264,0,0,0,-1.3687,-1.8634,2.2361,2.2361,2.7103,0,0,0,6.2672,5.8298,6.9957,6.9957,6.4856,0,0,0,-6.5412,-5.6559,-6.7871,-6.7871,-6.2008,0,0,0
21.182466,1788532562.727737,-3.1543,-1.9961,-1.9961,-1.9961,-1.1158,0,0,0,-21.3070,-19.4984,42.8964,23.8165,20.7076,1,0,0,0.4202,-0.2621,-0.3931,-0.3931,-0.9082,0,0,0,-1.3095,-1.8367,2.2041,2.2041,2.6906,0,0,0,6.2549,5.8503,7.0204,7.0204,6.5161,0,0,0,-6.5412,-5.6986,-6.8384,-6.8384,-6.2289,0,0,0
21.189979,1788532562.733885,-3.1613,-2.0399,-2.0399,-2.0399,-1.1659,0,0,0,-21.3441,-19.5704,43.0548,24.0165,20.9077,1,0,0,0.4202,-0.2366,-0.3549,-0.3549,-0.8830,0,0,0,-1.2623,-1.8153,2.1783,2.1783,2.6634,0,0,0,6.2530,5.8654,7.0385,7.0385,6.5555,0,0,0,-6.5297,-5.7298,-6.8758,-6.8758,-6.2659,0,0,0
21.198628,1788532562.743043,-3.1613,-2.1016,-2.1016,-2.1016,-1.2175,0,0,0,-21.3441,-19.6714,43.2770,24.2165,21.1083,1,0,0,0.4202,-0.2007,-0.3011,-0.3011,-0.8565,0,0,0,-1.2623,-1.7850,2.1420,2.1420,2.6351,0,0,0,6.2530,5.8867,7.0640,7.0640,6.5935,0,0,0,-6.5297,-5.7737,-6.9284,-6.9284,-6.3031,0,0,0
21.207138,1788532562.751046,-3.1613,-2.1530,-2.1530,-2.1530,-1.2712,0,0,0,-21.3441,-19.7551,43.4613,24.4165,21.3117,1,0,0,0.4202,-0.1709,-0.2563,-0.2563,-0.8278,0,0,0,-1.2623,-1.7598,2.1118,2.1118,2.6056,0,0,0,6.2530,5.9044,7.0852,7.0852,6.6306,0,0,0,-6.5297,-5.8102,-6.9722,-6.9722,-6.3413,0,0,0
21.214733,1788532562.759566,-3.1613,-2.2048,-2.2048,-2.2048,-1.3266,0,0,0,-21.3441,-19.8395,43.6468,24.6165,21.5178,1,0,0,0.4202,-0.1407,-0.2111,-0.2111,-0.7972,0,0,0,-1.2623,-1.7344,2.0813,2.0813,2.5750,0,0,0,6.2530,5.9222,7.1067,7.1067,6.6667,0,0,0,-6.5297,-5.8471,-7.0165,-7.0165,-6.3805,0,0,0
21.222261,1788532562.767675,-3.1193,-2.2497,-2.2497,-2.2497,-1.3833,0,0,0,-21.3615,-19.9165,43.8162,24.8165,21.7258,1,0,0,0.3786,-0.1154,-0.1731,-0.1731,-0.7646,0,0,0,-1.1027,-1.7036,2.0443,2.0443,2.5436,0,0,0,6.1838,5.9350,7.1220,7.1220,6.7018,0,0,0,-6.1848,-5.8636,-7.0363,-7.0363,-6.4207,0,0,0
21.230346,1788532562.775683,-3.1193,-2.2919,-2.2919,-2.2919,-1.4411,0,0,0,-21.3615,-19.9886,43.9750,25.0165,21.9353,1,0,0,0.3786,-0.0916,-0.1374,-0.1374,-0.7303,0,0,0,-1.1027,-1.6746,2.0095,2.0095,2.5116,0,0,0,6.1838,5.9470,7.1364,7.1364,6.7360,0,0,0,-6.1848,-5.8791,-7.0549,-7.0549,-6.4617,0,0,0
21.238703,1788532562.783760,-3.1193,-2.3323,-2.3323,-2.3323,-1.4996,0,0,0,-21.3615,-20.0577,44.1269,25.2165,22.1457,1,0,0,0.3786,-0.0688,-0.1032,-0.1032,-0.6945,0,0,0,-1.1027,-1.6468,1.9762,1.9762,2.4790,0,0,0,6.1838,5.9585,7.1502,7.1502,6.7691,0,0,0,-6.1848,-5.8940,-7.0728,-7.0728,-6.5033,0,0,0
21.246049,1788532562.789955,-3.1193,-2.3622,-2.3622,-2.3622,-1.5583,0,0,0,-21.3615,-20.1085,44.2388,25.4165,22.3566,1,0,0,0.3786,-0.0520,-0.0779,-0.0779,-0.6574,0,0,0,-1.1027,-1.6263,1.9515,1.9515,2.4460,0,0,0,6.1838,5.9670,7.1604,7.1604,6.8011,0,0,0,-6.1848,-5.9050,-7.0860,-7.0860,-6.5452,0,0,0
21.254013,1788532562.798972,-3.0974,-2.4021,-2.4021,-2.4021,-1.6170,0,0,0,-21.1371,-20.1658,44.3648,25.6165,22.5678,1,0,0,0.3732,-0.0291,-0.0436,-0.0436,-0.6193,0,0,0,-1.1563,-1.6009,1.9211,1.9211,2.4126,0,0,0,6.1817,5.9786,7.1744,7.1744,6.8320,0,0,0,-6.3251,-5.9277,-7.1132,-7.1132,-6.5867,0,0,0
21.262660,1788532562.808095,-3.0974,-2.4402,-2.4402,-2.4402,-1.6753,0,0,0,-21.1371,-20.2205,44.4850,25.8165,22.7790,1,0,0,0.3732,-0.0071,-0.0107,-0.0107,-0.5806,0,0,0,-1.1563,-1.5767,1.8920,1.8920,2.3789,0,0,0,6.1817,5.9897,7.1877,7.1877,6.8616,0,0,0,-6.3251,-5.9494,-7.1393,-7.1393,-6.6277,0,0,0
21.271174,1788532562.815581,-3.0531,-2.4681,-2.4681,-2.4681,-1.7329,0,0,0,-21.0312,-20.2582,44.5681,26.0165,22.9900,1,0,0,0.0083,-0.0064,-0.0097,-0.0097,-0.5416,0,0,0,-1.3648,-1.5671,1.8805,1.8805,2.3451,0,0,0,6.2180,6.0000,7.2000,7.2000,6.8900,0,0,0,-6.3251,-5.9664,-7.1597,-7.1597,-6.6677,0,0,0
21.279367,1788532562.823587,-3.0531,-2.4964,-2.4964,-2.4964,-1.7754,0,0,0,-21.0312,-20.2966,44.6524,26.2165,23.1480,1,0,0,0.0083,-0.0057,-0.0086,-0.0086,-0.5122,0,0,0,-1.3648,-1.5573,1.8688,1.8688,2.3198,0,0,0,6.2180,6.0105,7.2127,7.2127,6.9105,0,0,0,-6.3251,-5.9837,-7.1804,-7.1804,-6.6971,0,0,0
21.286885,1788532562.830787,-3.0531,-2.5208,-2.5208,-2.5208,-1.8313,0,0,0,-21.0312,-20.3295,44.7248,26.4165,23.3583,1,0,0,0.0083,-0.0051,-0.0077,-0.0077,-0.4731,0,0,0,-1.3648,-1.5490,1.8588,1.8588,2.2861,0,0,0,6.2180,6.0196,7.2235,7.2235,6.9367,0,0,0,-6.3251,-5.9986,-7.1983,-7.1983,-6.7354,0,0,0
21.294991,1788532562.839308,-3.0531,-2.5481,-2.5481,-2.5481,-1.8859,0,0,0,-21.0312,-20.3663,44.8058,26.6165,23.5681,1,0,0,0.0083,-0.0044,-0.0067,-0.0067,-0.4344,0,0,0,-1.3648,-1.5395,1.8475,1.8475,2.2527,0,0,0,6.2180,6.0297,7.2357,7.2357,6.9618,0,0,0,-6.3251,-6.0153,-7.2183,-7.2183,-6.7726,0,0,0
21.302493,1788532562.847404,-2.8662,-2.5637,-2.5637,-2.5637,-1.9391,0,0,0,-20.8965,-20.3928,44.8641,26.8165,23.7773,1,0,0,0.2370,0.0073,0.0109,0.0109,-0.3967,0,0,0,-1.2155,-1.5238,1.8285,1.8285,2.2200,0,0,0,6.1718,6.0366,7.2440,7.2440,6.9856,0,0,0,-6.3793,-6.0330,-7.2396,-7.2396,-6.8087,0,0,0
21.310022,1788532562.855437,-2.8662,-2.5784,-2.5784,-2.5784,-1.9907,0,0,0,-20.8965,-20.4177,44.9190,27.0165,23.9859,1,0,0,0.2370,0.0184,0.0276,0.0276,-0.3605,0,0,0,-1.2155,-1.5089,1.8106,1.8106,2.1881,0,0,0,6.1718,6.0432,7.2518,7.2518,7.0084,0,0,0,-6.3793,-6.0498,-7.2597,-7.2597,-6.8437,0,0,0
21.318534,1788532562.862944,-2.8662,-2.5915,-2.5915,-2.5915,-2.0407,0,0,0,-20.8965,-20.4399,44.9678,27.2165,24.1939,1,0,0,0.2370,0.0283,0.0424,0.0424,-0.3260,0,0,0,-1.2155,-1.4956,1.7947,1.7947,2.1574,0,0,0,6.1718,6.0490,7.2588,7.2588,7.0301,0,0,0,-6.3793,-6.0647,-7.2777,-7.2777,-6.8774,0,0,0
21.327057,1788532562.870952,-2.8662,-2.6048,-2.6048,-2.6048,-2.0887,0,0,0,-20.8965,-20.4624,45.0173,27.4165,24.4012,1,0,0,0.2370,0.0383,0.0575,0.0575,-0.2933,0,0,0,-1.2155,-1.4821,1.7785,1.7785,2.1277,0,0,0,6.1718,6.0549,7.2659,7.2659,7.0507,0,0,0,-6.3793,-6.0799,-7.2959,-7.2959,-6.9100,0,0,0
21.334583,1788532562.880009,-2.8662,-2.6190,-2.6190,-2.6190,-2.1348,0,0,0,-20.8965,-20.4864,45.0702,27.6165,24.6079,1,0,0,0.2370,0.0490,0.0736,0.0736,-0.2622,0,0,0,-1.2155,-1.4677,1.7612,1.7612,2.0990,0,0,0,6.1718,6.0612,7.2735,7.2735,7.0703,0,0,0,-6.3793,-6.0961,-7.3154,-7.3154,-6.9415,0,0,0
21.343096,1788532562.886998,-2.8662,-2.6295,-2.6295,-2.6295,-2.1786,0,0,0,-20.8965,-20.5041,45.1091,27.8165,24.8140,1,0,0,0.2370,0.0570,0.0855,0.0855,-0.2326,0,0,0,-1.2155,-1.4570,1.7484,1.7484,2.0714,0,0,0,6.1718,6.0659,7.2791,7.2791,7.0889,0,0,0,-6.3793,-6.1081,-7.3298,-7.3298,-6.9718,0,0,0
21.350977,1788532562.895895,-2.6109,-2.6285,-2.6285,-2.6285,-2.2101,0,0,0,-20.6920,-20.5143,45.1315,28.0165,24.9682,1,0,0,0.6260,0.0872,0.1308,0.1308,-0.2114,0,0,0,-1.2078,-1.4437,1.7325,1.7325,2.0513,0,0,0,6.2870,6.0777,7.2932,7.2932,7.1022,0,0,0,-6.9139,-6.1511,-7.3813,-7.3813,-6.9939,0,0,0
21.359230,1788532562.902962,-2.6109,-2.6277,-2.6277,-2.6277,-2.2501,0,0,0,-20.6920,-20.5221,45.1486,28.2165,25.1734,1,0,0,0.6260,0.1102,0.1654,0.1654,-0.1844,0,0,0,-1.2078,-1.4336,1.7204,1.7204,2.0254,0,0,0,6.2870,6.0866,7.3040,7.3040,7.1190,0,0,0,-6.9139,-6.1837,-7.4205,-7.4205,-7.0224,0,0,0
21.366231,1788532562.911646,-2.6109,-2.6269,-2.6269,-2.6269,-2.2879,0,0,0,-20.6920,-20.5311,45.1684,28.4165,25.3780,1,0,0,0.6260,0.1370,0.2056,0.2056,-0.1587,0,0,0,-1.2078,-1.4219,1.7063,1.7063,2.0005,0,0,0,6.2870,6.0970,7.3165,7.3165,7.1349,0,0,0,-6.9139,-6.2218,-7.4661,-7.4661,-7.0500,0,0,0
21.375230,1788532562.919641,-2.6109,-2.6261,-2.6261,-2.6261,-2.3233,0,0,0,-20.6920,-20.5389,45.1857,28.6165,25.5821,1,0,0,0.6260,0.1605,0.2408,0.2408,-0.1339,0,0,0,-1.2078,-1.4116,1.6939,1.6939,1.9765,0,0,0,6.2870,6.1062,7.3274,7.3274,7.1500,0,0,0,-6.9139,-6.2551,-7.5062,-7.5062,-7.0768,0,0,0
21.382777,1788532562.927650,-2.6109,-2.6254,-2.6254,-2.6254,-2.3564,0,0,0,-20.6920,-20.5464,45.2021,28.8165,25.7857,1,0,0,0.6260,0.1829,0.2744,0.2744,-0.1096,0,0,0,-1.2078,-1.4018,1.6822,1.6822,1.9533,0,0,0,6.2870,6.1149,7.3378,7.3378,7.1643,0,0,0,-6.9139,-6.2869,-7.5443,-7.5443,-7.1034,0,0,0
21.391322,1788532562.934716,-2.5415,-2.6218,-2.6218,-2.6218,-2.3869,0,0,0,-20.5612,-20.5471,45.2036,29.0165,25.9890,1,0,0,0.3710,0.1910,0.2865,0.2865,-0.0856,0,0,0,-1.2832,-1.3967,1.6761,1.6761,1.9311,0,0,0,6.2815,6.1220,7.3464,7.3464,7.1781,0,0,0,-6.4037,-6.2919,-7.5503,-7.5503,-7.1301,0,0,0
21.398609,1788532562.944026,-2.5415,-2.6173,-2.6173,-2.6173,-2.4149,0,0,0,-20.5612,-20.5479,45.2053,29.2165,26.1918,1,0,0,0.3710,0.2010,0.3014,0.3014,-0.0614,0,0,0,-1.2832,-1.3904,1.6685,1.6685,1.9096,0,0,0,6.2815,6.1308,7.3570,7.3570,7.1913,0,0,0,-6.4037,-6.2981,-7.5578,-7.5578,-7.1572,0,0,0
21.407274,1788532562.951026,-2.5178,-2.6131,-2.6131,-2.6131,-2.4405,0,0,0,-20.4657,-20.5443,45.1975,29.4165,26.3943,1,0,0,0.2081,0.2013,0.3019,0.3019,-0.0369,0,0,0,-1.3077,-1.3869,1.6643,1.6643,1.8890,0,0,0,6.2177,6.1345,7.3614,7.3614,7.2042,0,0,0,-6.2696,-6.2969,-7.5563,-7.5563,-7.1848,0,0,0
21.414821,1788532562.960225,-2.5178,-2.6079,-2.6079,-2.6079,-2.4637,0,0,0,-20.4657,-20.5400,45.1879,29.6165,26.5965,1,0,0,0.2081,0.2016,0.3025,0.3025,-0.0123,0,0,0,-1.3077,-1.3826,1.6591,1.6591,1.8693,0,0,0,6.2177,6.1391,7.3669,7.3669,7.2166,0,0,0,-6.2696,-6.2954,-7.5545,-7.5545,-7.2126,0,0,0
21.422831,1788532562.967240,-2.5166,-2.6040,-2.6040,-2.6040,-2.4846,0,0,0,-20.3937,-20.5337,45.1741,29.8165,26.7984,1,0,0,0.3547,0.2081,0.3122,0.3122,0.0123,0,0,0,-1.1385,-1.3722,1.6467,1.6467,1.8504,0,0,0,6.2386,6.1433,7.3720,7.3720,7.2286,0,0,0,-6.4067,-6.3002,-7.5602,-7.5602,-7.2403,0,0,0
21.430973,1788532562.976384,-2.5166,-2.5992,-2.5992,-2.5992,-2.5031,0,0,0,-20.3937,-20.5260,45.1571,30.0165,27.0001,1,0,0,0.3547,0.2161,0.3242,0.3242,0.0366,0,0,0,-1.1385,-1.3595,1.6314,1.6314,1.8324,0,0,0,6.2386,6.1485,7.3782,7.3782,7.2403,0,0,0,-6.4067,-6.3060,-7.5672,-7.5672,-7.2675,0,0,0
21.439483,1788532562.984391,-2.5090,-2.5949,-2.5949,-2.5949,-2.5156,0,0,0,-20.3897,-20.5193,45.1426,30.2165,27.1511,1,0,0,0.8251,0.2454,0.3681,0.3681,0.0544,0,0,0,-1.1565,-1.3497,1.6197,1.6197,1.8196,0,0,0,6.2415,6.1530,7.3836,7.3836,7.2489,0,0,0,-6.5634,-6.3184,-7.5821,-7.5821,-7.2873,0,0,0
21.446999,1788532562.990903,-2.5090,-2.5915,-2.5915,-2.5915,-2.5338,0,0,0,-20.3897,-20.5142,45.1312,30.4165,27.4027,1,0,0,0.8251,0.2683,0.4024,0.4024,0.0829,0,0,0,-1.1565,-1.3421,1.6105,1.6105,1.7993,0,0,0,6.2415,6.1565,7.3878,7.3878,7.2625,0,0,0,-6.5634,-6.3281,-7.5937,-7.5937,-7.3189,0,0,0
21.455544,1788532562.999948,-2.5267,-2.5880,-2.5880,-2.5880,-2.5432,0,0,0,-20.3010,-20.5026,45.1056,30.6165,27.5535,1,0,0,0.7429,0.2939,0.4409,0.4409,0.0994,0,0,0,-1.1817,-1.3334,1.6001,1.6001,1.7877,0,0,0,6.0367,6.1500,7.3800,7.3800,7.2704,0,0,0,-6.9936,-6.3641,-7.6369,-7.6369,-7.3369,0,0,0
21.463067,1788532563.007465,-2.5267,-2.5852,-2.5852,-2.5852,-2.5542,0,0,0,-20.3010,-20.4934,45.0854,30.8165,27.7544,1,0,0,0.7429,0.3143,0.4714,0.4714,0.1208,0,0,0,-1.1817,-1.3266,1.5919,1.5919,1.7728,0,0,0,6.0367,6.1449,7.3738,7.3738,7.2806,0,0,0,-6.9936,-6.3926,-7.6711,-7.6711,-7.3600,0,0,0
21.471569,1788532563.015981,-2.7542,-2.5938,-2.5938,-2.5938,-2.5635,0,0,0,-20.0980,-20.4731,45.0407,31.0165,27.9552,1,0,0,0.8076,0.3394,0.5092,0.5092,0.1420,0,0,0,-1.0799,-1.3140,1.5768,1.5768,1.7584,0,0,0,6.1500,6.1451,7.3742,7.3742,7.2903,0,0,0,-6.7241,-6.4096,-7.6915,-7.6915,-7.3819,0,0,0
21.479675,1788532563.023996,-2.7663,-2.6021,-2.6021,-2.6021,-2.5712,0,0,0,-20.0869,-20.4543,44.9996,31.2165,28.1558,1,0,0,0.7907,0.3612,0.5418,0.5418,0.1632,0,0,0,-0.9932,-1.2985,1.5583,1.5583,1.7446,0,0,0,6.1409,6.1449,7.3739,7.3739,7.2996,0,0,0,-6.6635,-6.4218,-7.7062,-7.7062,-7.4029,0,0,0
21.486839,1788532563.031091,-2.7663,-2.6092,-2.6092,-2.6092,-2.5775,0,0,0,-20.0869,-20.4385,44.9647,31.4165,28.3563,1,0,0,0.7907,0.3796,0.5694,0.5694,0.1848,0,0,0,-0.9932,-1.2855,1.5426,1.5426,1.7312,0,0,0,6.1409,6.1448,7.3737,7.3737,7.3082,0,0,0,-6.6635,-6.4322,-7.7186,-7.7186,-7.4235,0,0,0
21.495868,1788532563.039254,-2.7944,-2.6182,-2.6182,-2.6182,-2.5827,0,0,0,-20.0770,-20.4207,44.9256,31.6165,28.5568,1,0,0,0.7578,0.3981,0.5972,0.5972,0.2068,0,0,0,-0.9388,-1.2685,1.5222,1.5222,1.7182,0,0,0,6.1282,6.1439,7.3727,7.3727,7.3161,0,0,0,-6.5878,-6.4398,-7.7278,-7.7278,-7.4440,0,0,0
21.503882,1788532563.048289,-2.7975,-2.6279,-2.6279,-2.6279,-2.5869,0,0,0,-20.0666,-20.4015,44.8834,31.8165,28.7571,1,0,0,0.6563,0.4121,0.6181,0.6181,0.2294,0,0,0,-0.9970,-1.2538,1.5046,1.5046,1.7056,0,0,0,6.1868,6.1463,7.3755,7.3755,7.3233,0,0,0,-6.6200,-6.4495,-7.7395,-7.7395,-7.4644,0,0,0
21.511389,1788532563.055800,-2.7944,-2.6354,-2.6354,-2.6354,-2.5905,0,0,0,-20.0666,-20.3863,44.8499,32.0165,28.9574,1,0,0,0.6563,0.4231,0.6347,0.6347,0.2526,0,0,0,-0.9970,-1.2422,1.4907,1.4907,1.6930,0,0,0,6.2333,6.1502,7.3802,7.3802,7.3298,0,0,0,-6.6688,-6.4595,-7.7514,-7.7514,-7.4846,0,0,0
21.519420,1788532563.063835,-2.7944,-2.6431,-2.6431,-2.6431,-2.5936,0,0,0,-20.0666,-20.3708,44.8158,32.2165,29.1576,1,0,0,0.6563,0.4344,0.6516,0.6516,0.2764,0,0,0,-0.9970,-1.2304,1.4765,1.4765,1.6805,0,0,0,6.2333,6.1542,7.3850,7.3850,7.3356,0,0,0,-6.6688,-6.4696,-7.7635,-7.7635,-7.5045,0,0,0
21.527945,1788532563.071834,-2.7944,-2.6504,-2.6504,-2.6504,-2.5966,0,0,0,-20.0666,-20.3562,44.7836,32.4165,29.3578,1,0,0,0.6563,0.4451,0.6676,0.6676,0.3007,0,0,0,-0.9970,-1.2192,1.4630,1.4630,1.6679,0,0,0,6.2333,6.1580,7.3896,7.3896,7.3409,0,0,0,-6.6688,-6.4792,-7.7750,-7.7750,-7.5240,0,0,0
21.535369,1788532563.079785,-2.6267,-2.6492,-2.6492,-2.6492,-2.5995,0,0,0,-20.0861,-20.3433,44.7552,32.6165,29.5579,1,0,0,0.6953,0.4570,0.6855,0.6855,0.3252,0,0,0,-1.2094,-1.2187,1.4624,1.4624,1.6552,0,0,0,6.2183,6.1609,7.3930,7.3930,7.3456,0,0,0,-6.5472,-6.4824,-7.7789,-7.7789,-7.5431,0,0,0
21.543875,1788532563.087788,-2.6267,-2.6481,-2.6481,-2.6481,-2.6024,0,0,0,-20.0861,-20.3309,44.7279,32.8165,29.7580,1,0,0,0.6953,0.4685,0.7027,0.7027,0.3499,0,0,0,-1.2094,-1.2183,1.4619,1.4619,1.6423,0,0,0,6.2183,6.1636,7.3963,7.3963,7.3499,0,0,0,-6.5472,-6.4855,-7.7826,-7.7826,-7.5616,0,0,0
21.551393,1788532563.096799,-2.6267,-2.6470,-2.6470,-2.6470,-2.6054,0,0,0,-20.0861,-20.3177,44.6989,33.0165,29.9581,1,0,0,0.6953,0.4807,0.7210,0.7210,0.3745,0,0,0,-1.2094,-1.2178,1.4613,1.4613,1.6293,0,0,0,6.2183,6.1666,7.3999,7.3999,7.3539,0,0,0,-6.5472,-6.4889,-7.7866,-7.7866,-7.5797,0,0,0
21.559384,1788532563.104798,-2.6267,-2.6460,-2.6460,-2.6460,-2.6085,0,0,0,-20.0861,-20.3066,44.6744,33.2165,30.1582,1,0,0,0.6953,0.4910,0.7365,0.7365,0.3989,0,0,0,-1.2094,-1.2174,1.4609,1.4609,1.6162,0,0,0,6.2183,6.1690,7.4028,7.4028,7.3576,0,0,0,-6.5472,-6.4917,-7.7900,-7.7900,-7.5972,0,0,0
21.567388,1788532563.111803,-2.6267,-2.6452,-2.6452,-2.6452,-2.6101,0,0,0,-20.0861,-20.2972,44.6539,33.4165,30.2582,1,0,0,0.6953,0.4997,0.7495,0.7495,0.4110,0,0,0,-1.2094,-1.2170,1.4605,1.4605,1.6097,0,0,0,6.2183,6.1711,7.4053,7.4053,7.3594,0,0,0,-6.5472,-6.4940,-7.7928,-7.7928,-7.6058,0,0,0
21.575392,1788532563.118799,-2.7562,-2.6499,-2.6499,-2.6499,-2.6140,0,0,0,-19.9236,-20.2814,44.6191,33.6165,30.5082,1,0,0,0.5591,0.5022,0.7533,0.7533,0.4409,0,0,0,-1.2342,-1.2178,1.4613,1.4613,1.5939,0,0,0,6.1521,6.1703,7.4044,7.4044,7.3637,0,0,0,-6.4091,-6.4904,-7.7885,-7.7885,-7.6263,0,0,0
21.583911,1788532563.127322,-2.7908,-2.6571,-2.6571,-2.6571,-2.6170,0,0,0,-19.8744,-20.2607,44.5735,33.8165,30.7087,1,0,0,0.5154,0.5028,0.7543,0.7543,0.4645,0,0,0,-1.2342,-1.2186,1.4623,1.4623,1.5817,0,0,0,6.1365,6.1686,7.4023,7.4023,7.3671,0,0,0,-6.4091,-6.4863,-7.7835,-7.7835,-7.6419,0,0,0
21.591446,1788532563.135341,-2.8136,-2.6646,-2.6646,-2.6646,-2.6198,0,0,0,-19.8585,-20.2413,44.5309,34.0165,30.9120,1,0,0,0.4961,0.5025,0.7538,0.7538,0.4879,0,0,0,-1.2083,-1.2181,1.4617,1.4617,1.5700,0,0,0,6.1362,6.1670,7.4004,7.4004,7.3703,0,0,0,-6.4051,-6.4824,-7.7788,-7.7788,-7.6567,0,0,0
21.599448,1788532563.144353,-2.8136,-2.6726,-2.6726,-2.6726,-2.6226,0,0,0,-19.8585,-20.2207,44.4856,34.2165,31.1179,1,0,0,0.4961,0.5022,0.7533,0.7533,0.5107,0,0,0,-1.2083,-1.2176,1.4611,1.4611,1.5590,0,0,0,6.1362,6.1654,7.3985,7.3985,7.3735,0,0,0,-6.4051,-6.4782,-7.7739,-7.7739,-7.6705,0,0,0
21.607303,1788532563.151369,-2.8136,-2.6786,-2.6786,-2.6786,-2.6254,0,0,0,-19.8585,-20.2054,44.4519,34.4165,31.3259,1,0,0,0.4961,0.5019,0.7529,0.7529,0.5328,0,0,0,-1.2083,-1.2172,1.4606,1.4606,1.5487,0,0,0,6.1362,6.1641,7.3970,7.3970,7.3764,0,0,0,-6.4051,-6.4751,-7.7701,-7.7701,-7.6833,0,0,0
21.615818,1788532563.159726,-2.8136,-2.6853,-2.6853,-2.6853,-2.6282,0,0,0,-19.8585,-20.1881,44.4138,34.6165,31.5353,1,0,0,0.4961,0.5016,0.7524,0.7524,0.5540,0,0,0,-1.2083,-1.2167,1.4601,1.4601,1.5392,0,0,0,6.1362,6.1628,7.3953,7.3953,7.3791,0,0,0,-6.4051,-6.4716,-7.7659,-7.7659,-7.6950,0,0,0
21.623672,1788532563.167233,-2.8136,-2.6911,-2.6911,-2.6911,-2.6312,0,0,0,-19.8585,-20.1732,44.3810,34.8165,31.7457,1,0,0,0.4961,0.5014,0.7521,0.7521,0.5740,0,0,0,-1.2083,-1.2164,1.4596,1.4596,1.5304,0,0,0,6.1362,6.1616,7.3939,7.3939,7.3816,0,0,0,-6.4051,-6.4686,-7.7623,-7.7623,-7.7055,0,0,0
21.632197,1788532563.175598,-2.8136,-2.6972,-2.6972,-2.6972,-2.6343,0,0,0,-19.8585,-20.1575,44.3464,35.0165,31.9566,1,0,0,0.4961,0.5011,0.7517,0.7517,0.5927,0,0,0,-1.2083,-1.2160,1.4592,1.4592,1.5223,0,0,0,6.1362,6.1603,7.3923,7.3923,7.3838,0,0,0,-6.4051,-6.4654,-7.7585,-7.7585,-7.7148,0,0,0
21.640193,1788532563.184600,-2.8893,-2.7076,-2.7076,-2.7076,-2.6368,0,0,0,-19.6410,-20.1298,44.2856,35.2165,32.1150,1,0,0,0.5379,0.5031,0.7546,0.7546,0.6059,0,0,0,-1.0833,-1.2088,1.4506,1.4506,1.5166,0,0,0,6.1277,6.1585,7.3902,7.3902,7.3853,0,0,0,-6.4465,-6.4644,-7.7573,-7.7573,-7.7210,0,0,0
21.647632,1788532563.191618,-2.8893,-2.7152,-2.7152,-2.7152,-2.6403,0,0,0,-19.6410,-20.1091,44.2401,35.4165,32.3262,1,0,0,0.5379,0.5046,0.7568,0.7568,0.6223,0,0,0,-1.0833,-1.2035,1.4442,1.4442,1.5097,0,0,0,6.1277,6.1572,7.3887,7.3887,7.3870,0,0,0,-6.4465,-6.4637,-7.7564,-7.7564,-7.7284,0,0,0
21.655446,1788532563.199203,-2.9216,-2.7247,-2.7247,-2.7247,-2.6440,0,0,0,-19.5553,-20.0839,44.1847,35.6165,32.5372,1,0,0,0.5220,0.5054,0.7580,0.7580,0.6374,0,0,0,-1.0848,-1.1981,1.4377,1.4377,1.5034,0,0,0,6.0965,6.1545,7.3854,7.3854,7.3884,0,0,0,-6.3542,-6.4587,-7.7504,-7.7504,-7.7347,0,0,0
21.663964,1788532563.207373,-2.9216,-2.7343,-2.7343,-2.7343,-2.6480,0,0,0,-19.5553,-20.0581,44.1279,35.8165,32.7480,1,0,0,0.5220,0.5062,0.7593,0.7593,0.6513,0,0,0,-1.0848,-1.1926,1.4311,1.4311,1.4976,0,0,0,6.0965,6.1516,7.3820,7.3820,7.3896,0,0,0,-6.3542,-6.4536,-7.7443,-7.7443,-7.7400,0,0,0
21.671474,1788532563.215890,-2.9274,-2.7441,-2.7441,-2.7441,-2.6522,0,0,0,-19.4477,-20.0271,44.0596,36.0165,32.9583,1,0,0,0.5091,0.5063,0.7595,0.7595,0.6639,0,0,0,-1.0710,-1.1864,1.4237,1.4237,1.4922,0,0,0,6.0867,6.1483,7.3780,7.3780,7.3905,0,0,0,-6.3556,-6.4486,-7.7383,-7.7383,-7.7444,0,0,0
21.679499,1788532563.223891,-2.9274,-2.7529,-2.7529,-2.7529,-2.6568,0,0,0,-19.4477,-19.9993,43.9985,36.2165,33.1680,1,0,0,0.5091,0.5065,0.7597,0.7597,0.6754,0,0,0,-1.0710,-1.1809,1.4170,1.4170,1.4870,0,0,0,6.0867,6.1454,7.3745,7.3745,7.3911,0,0,0,-6.3556,-6.4441,-7.7329,-7.7329,-7.7480,0,0,0
21.688045,1788532563.231919,-2.9504,-2.7624,-2.7624,-2.7624,-2.6616,0,0,0,-19.3457,-19.9679,43.9294,36.4165,33.3772,1,0,0,0.4799,0.5052,0.7578,0.7578,0.6859,0,0,0,-1.0696,-1.1755,1.4106,1.4106,1.4820,0,0,0,6.0867,6.1426,7.3711,7.3711,7.3915,0,0,0,-6.4714,-6.4454,-7.7345,-7.7345,-7.7508,0,0,0
21.695538,1788532563.239444,-2.9685,-2.7718,-2.7718,-2.7718,-2.6668,0,0,0,-19.2694,-19.9363,43.8599,36.6165,33.5858,1,0,0,0.5534,0.5074,0.7610,0.7610,0.6953,0,0,0,-1.0767,-1.1710,1.4052,1.4052,1.4771,0,0,0,6.0786,6.1397,7.3676,7.3676,7.3915,0,0,0,-6.5009,-6.4479,-7.7375,-7.7375,-7.7528,0,0,0
21.704045,1788532563.247953,-2.9631,-2.7815,-2.7815,-2.7815,-2.6723,0,0,0,-19.1780,-19.8977,43.7750,36.8165,33.7938,1,0,0,0.5534,0.5097,0.7645,0.7645,0.7038,0,0,0,-1.1156,-1.1682,1.4019,1.4019,1.4723,0,0,0,6.0786,6.1366,7.3639,7.3639,7.3913,0,0,0,-6.5009,-6.4506,-7.7408,-7.7408,-7.7540,0,0,0
21.712049,1788532563.255459,-2.9701,-2.7900,-2.7900,-2.7900,-2.6781,0,0,0,-19.1506,-19.8640,43.7008,37.0165,34.0011,1,0,0,0.3709,0.5034,0.7552,0.7552,0.7114,0,0,0,-1.3065,-1.1744,1.4093,1.4093,1.4675,0,0,0,6.0835,6.1342,7.3610,7.3610,7.3908,0,0,0,-6.4136,-6.4490,-7.7387,-7.7387,-7.7546,0,0,0
21.720116,1788532563.264527,-2.9701,-2.7997,-2.7997,-2.7997,-2.6843,0,0,0,-19.1506,-19.8254,43.6159,37.2165,34.2078,1,0,0,0.3709,0.4963,0.7444,0.7444,0.7182,0,0,0,-1.3065,-1.1816,1.4179,1.4179,1.4627,0,0,0,6.0835,6.1314,7.3577,7.3577,7.3900,0,0,0,-6.4136,-6.4470,-7.7365,-7.7365,-7.7548,0,0,0
21.727684,1788532563.272036,-2.9855,-2.8081,-2.8081,-2.8081,-2.6907,0,0,0,-19.0819,-19.7918,43.5420,37.4165,34.4140,1,0,0,0.3115,0.4879,0.7319,0.7319,0.7243,0,0,0,-1.3336,-1.1884,1.4261,1.4261,1.4579,0,0,0,6.1505,6.1323,7.3588,7.3588,7.3889,0,0,0,-6.2081,-6.4363,-7.7235,-7.7235,-7.7547,0,0,0
21.735693,1788532563.279126,-2.9855,-2.8157,-2.8157,-2.8157,-2.6957,0,0,0,-19.0819,-19.7614,43.4751,37.6165,34.5682,1,0,0,0.3115,0.4804,0.7206,0.7206,0.7284,0,0,0,-1.3336,-1.1946,1.4336,1.4336,1.4544,0,0,0,6.1505,6.1331,7.3597,7.3597,7.3879,0,0,0,-6.2081,-6.4265,-7.7118,-7.7118,-7.7544,0,0,0
21.744223,1788532563.287628,-2.9855,-2.8244,-2.8244,-2.8244,-2.7045,0,0,0,-19.0819,-19.7268,43.3990,37.8165,34.8245,1,0,0,0.3115,0.4718,0.7078,0.7078,0.7341,0,0,0,-1.3336,-1.2017,1.4420,1.4420,1.4490,0,0,0,6.1505,6.1340,7.3608,7.3608,7.3861,0,0,0,-6.2081,-6.4154,-7.6985,-7.6985,-7.7537,0,0,0
21.751450,1788532563.296857,-3.0479,-2.8366,-2.8366,-2.8366,-2.7099,0,0,0,-19.2322,-19.6996,43.3391,38.0165,34.9779,1,0,0,0.2015,0.4570,0.6855,0.6855,0.7368,0,0,0,-1.2461,-1.2041,1.4450,1.4450,1.4461,0,0,0,6.1748,6.1362,7.3634,7.3634,7.3848,0,0,0,-6.2842,-6.4083,-7.6899,-7.6899,-7.7530,0,0,0
21.759452,1788532563.303866,-3.0479,-2.8456,-2.8456,-2.8456,-2.7173,0,0,0,-19.2322,-19.6798,43.2955,38.2165,35.1820,1,0,0,0.2015,0.4462,0.6693,0.6693,0.7396,0,0,0,-1.2461,-1.2059,1.4471,1.4471,1.4427,0,0,0,6.1748,6.1378,7.3654,7.3654,7.3831,0,0,0,-6.2842,-6.4030,-7.6836,-7.6836,-7.7518,0,0,0
21.767978,1788532563.312373,-3.0332,-2.8551,-2.8551,-2.8551,-2.7248,0,0,0,-19.2367,-19.6572,43.2459,38.4165,35.3857,1,0,0,0.2820,0.4379,0.6568,0.6568,0.7413,0,0,0,-1.1849,-1.2048,1.4458,1.4458,1.4400,0,0,0,6.1775,6.1398,7.3678,7.3678,7.3814,0,0,0,-6.4288,-6.4043,-7.6852,-7.6852,-7.7500,0,0,0
21.775967,1788532563.320393,-3.0332,-2.8637,-2.8637,-2.8637,-2.7326,0,0,0,-19.2367,-19.6369,43.2013,38.6165,35.5889,1,0,0,0.2820,0.4304,0.6456,0.6456,0.7419,0,0,0,-1.1849,-1.2039,1.4447,1.4447,1.4380,0,0,0,6.1775,6.1417,7.3700,7.3700,7.3797,0,0,0,-6.4288,-6.4055,-7.6866,-7.6866,-7.7476,0,0,0
21.784503,1788532563.328381,-2.9995,-2.8702,-2.8702,-2.8702,-2.7405,0,0,0,-19.3083,-19.6212,43.1666,38.8165,35.7918,1,0,0,0.3727,0.4276,0.6415,0.6415,0.7412,0,0,0,-1.1077,-1.1993,1.4391,1.4391,1.4365,0,0,0,6.1080,6.1400,7.3681,7.3681,7.3781,0,0,0,-6.5708,-6.4134,-7.6961,-7.6961,-7.7447,0,0,0
21.792033,1788532563.337438,-2.9995,-2.8772,-2.8772,-2.8772,-2.7487,0,0,0,-19.3083,-19.6042,43.1293,39.0165,35.9943,1,0,0,0.3727,0.4247,0.6370,0.6370,0.7393,0,0,0,-1.1077,-1.1943,1.4332,1.4332,1.4355,0,0,0,6.1080,6.1383,7.3660,7.3660,7.3766,0,0,0,-6.5708,-6.4219,-7.7063,-7.7063,-7.7413,0,0,0
21.800313,1788532563.342696,-2.9920,-2.8809,-2.8809,-2.8809,-2.7569,0,0,0,-19.3055,-19.5946,43.1082,39.2165,36.1965,1,0,0,0.3666,0.4228,0.6342,0.6342,0.7363,0,0,0,-1.1077,-1.1916,1.4299,1.4299,1.4349,0,0,0,6.1056,6.1373,7.3647,7.3647,7.3753,0,0,0,-6.6422,-6.4289,-7.7147,-7.7147,-7.7378,0,0,0
21.807923,1788532563.351730,-2.9920,-2.8868,-2.8868,-2.8868,-2.7653,0,0,0,-19.3055,-19.5790,43.0739,39.4165,36.3984,1,0,0,0.3666,0.4198,0.6297,0.6297,0.7323,0,0,0,-1.1077,-1.1871,1.4245,1.4245,1.4346,0,0,0,6.1056,6.1356,7.3627,7.3627,7.3742,0,0,0,-6.6422,-6.4404,-7.7285,-7.7285,-7.7342,0,0,0
21.816701,1788532563.359951,-3.0133,-2.8931,-2.8931,-2.8931,-2.7738,0,0,0,-19.2855,-19.5646,43.0420,39.6165,36.6000,1,0,0,0.3081,0.4143,0.6215,0.6215,0.7276,0,0,0,-1.1529,-1.1854,1.4225,1.4225,1.4344,0,0,0,6.1200,6.1348,7.3618,7.3618,7.3732,0,0,0,-6.5909,-6.4478,-7.7374,-7.7374,-7.7308,0,0,0
21.823712,1788532563.368124,-3.0254,-2.8995,-2.8995,-2.8995,-2.7822,0,0,0,-19.2183,-19.5476,43.0047,39.8165,36.8015,1,0,0,0.2676,0.4072,0.6107,0.6107,0.7223,0,0,0,-1.1772,-1.1850,1.4220,1.4220,1.4341,0,0,0,6.1207,6.1341,7.3609,7.3609,7.3723,0,0,0,-6.5391,-6.4523,-7.7427,-7.7427,-7.7278,0,0,0
21.832248,1788532563.376663,-3.0365,-2.9065,-2.9065,-2.9065,-2.7906,0,0,0,-19.1814,-19.5288,42.9635,40.0165,37.0027,1,0,0,0.2676,0.4000,0.6001,0.6001,0.7166,0,0,0,-1.1842,-1.1849,1.4219,1.4219,1.4338,0,0,0,6.1234,6.1336,7.3603,7.3603,7.3715,0,0,0,-6.4892,-6.4541,-7.7450,-7.7450,-7.7253,0,0,0
21.839788,1788532563.384213,-3.0398,-2.9126,-2.9126,-2.9126,-2.7968,0,0,0,-19.1590,-19.5120,42.9264,40.2165,37.1535,1,0,0,0.2788,0.3946,0.5918,0.5918,0.7121,0,0,0,-1.1954,-1.1854,1.4225,1.4225,1.4335,0,0,0,6.1378,6.1338,7.3605,7.3605,7.3709,0,0,0,-6.4800,-6.4553,-7.7464,-7.7464,-7.7239,0,0,0
21.847823,1788532563.392708,-3.0398,-2.9190,-2.9190,-2.9190,-2.8070,0,0,0,-19.1590,-19.4940,42.8869,40.4165,37.4046,1,0,0,0.2788,0.3887,0.5830,0.5830,0.7042,0,0,0,-1.1954,-1.1859,1.4231,1.4231,1.4329,0,0,0,6.1378,6.1340,7.3608,7.3608,7.3698,0,0,0,-6.4800,-6.4566,-7.7479,-7.7479,-7.7224,0,0,0
21.855824,1788532563.400236,-3.0432,-2.9247,-2.9247,-2.9247,-2.8150,0,0,0,-19.1008,-19.4762,42.8476,40.6165,37.6053,1,0,0,0.2788,0.3837,0.5756,0.5756,0.6975,0,0,0,-1.2269,-1.1878,1.4253,1.4253,1.4323,0,0,0,6.1176,6.1332,7.3599,7.3599,7.3690,0,0,0,-6.3180,-6.4503,-7.7404,-7.7404,-7.7219,0,0,0
21.863827,1788532563.408241,-3.0432,-2.9304,-2.9304,-2.9304,-2.8210,0,0,0,-19.1008,-19.4581,42.8079,40.8165,37.7558,1,0,0,0.2788,0.3787,0.5680,0.5680,0.6922,0,0,0,-1.2269,-1.1896,1.4276,1.4276,1.4318,0,0,0,6.1176,6.1325,7.3590,7.3590,7.3685,0,0,0,-6.3180,-6.4440,-7.7328,-7.7328,-7.7219,0,0,0
21.872334,1788532563.415748,-3.1764,-2.9415,-2.9415,-2.9415,-2.8289,0,0,0,-19.1999,-19.4465,42.7822,41.0165,37.9563,1,0,0,0.2366,0.3723,0.5584,0.5584,0.6850,0,0,0,-1.1821,-1.1893,1.4272,1.4272,1.4312,0,0,0,6.1065,6.1313,7.3576,7.3576,7.3677,0,0,0,-6.3218,-6.4385,-7.7262,-7.7262,-7.7222,0,0,0
21.880334,1788532563.424748,-3.1764,-2.9541,-2.9541,-2.9541,-2.8366,0,0,0,-19.1999,-19.4332,42.7530,41.2165,38.1568,1,0,0,0.2366,0.3650,0.5475,0.5475,0.6776,0,0,0,-1.1821,-1.1889,1.4267,1.4267,1.4305,0,0,0,6.1065,6.1300,7.3560,7.3560,7.3670,0,0,0,-6.3218,-6.4322,-7.7187,-7.7187,-7.7229,0,0,0
21.888333,1788532563.432748,-3.2076,-2.9662,-2.9662,-2.9662,-2.8442,0,0,0,-19.2583,-19.4248,42.7345,41.4165,38.3571,1,0,0,0.1505,0.3548,0.5321,0.5321,0.6700,0,0,0,-1.1821,-1.1886,1.4263,1.4263,1.4299,0,0,0,6.0837,6.1278,7.3533,7.3533,7.3663,0,0,0,-6.4287,-6.4320,-7.7185,-7.7185,-7.7237,0,0,0
21.896523,1788532563.440751,-3.2076,-2.9778,-2.9778,-2.9778,-2.8517,0,0,0,-19.2583,-19.4168,42.7169,41.6165,38.5574,1,0,0,0.1505,0.3450,0.5174,0.5174,0.6622,0,0,0,-1.1821,-1.1883,1.4259,1.4259,1.4294,0,0,0,6.0837,6.1257,7.3508,7.3508,7.3657,0,0,0,-6.4287,-6.4319,-7.7183,-7.7183,-7.7245,0,0,0
21.904548,1788532563.447944,-3.2076,-2.9878,-2.9878,-2.9878,-2.8591,0,0,0,-19.2583,-19.4099,42.7018,41.8165,38.7576,1,0,0,0.1505,0.3365,0.5048,0.5048,0.6543,0,0,0,-1.1821,-1.1880,1.4256,1.4256,1.4290,0,0,0,6.0837,6.1238,7.3486,7.3486,7.3650,0,0,0,-6.4287,-6.4317,-7.7181,-7.7181,-7.7251,0,0,0
21.912590,1788532563.455965,-3.2076,-2.9984,-2.9984,-2.9984,-2.8667,0,0,0,-19.2583,-19.4026,42.6857,42.0165,38.9578,1,0,0,0.1505,0.3276,0.4914,0.4914,0.6461,0,0,0,-1.1821,-1.1877,1.4253,1.4253,1.4286,0,0,0,6.0837,6.1219,7.3463,7.3463,7.3643,0,0,0,-6.4287,-6.4316,-7.7179,-7.7179,-7.7255,0,0,0
21.920645,1788532563.465060,-3.2284,-3.0108,-3.0108,-3.0108,-2.8744,0,0,0,-19.3541,-19.4000,42.6799,42.2165,39.1579,1,0,0,0.0317,0.3116,0.4674,0.4674,0.6377,0,0,0,-1.4623,-1.2026,1.4431,1.4431,1.4283,0,0,0,5.9877,6.1147,7.3376,7.3376,7.3636,0,0,0,-6.2401,-6.4212,-7.7055,-7.7055,-7.7256,0,0,0
21.928648,1788532563.473063,-3.2284,-3.0213,-3.0213,-3.0213,-2.8822,0,0,0,-19.3541,-19.3978,42.6751,42.4165,39.3580,1,0,0,0.0317,0.2982,0.4473,0.4473,0.6290,0,0,0,-1.4623,-1.2150,1.4580,1.4580,1.4280,0,0,0,5.9877,6.1086,7.3303,7.3303,7.3627,0,0,0,-6.2401,-6.4126,-7.6951,-7.6951,-7.7256,0,0,0
21.936647,1788532563.481584,-3.2509,-3.0330,-3.0330,-3.0330,-2.8882,0,0,0,-19.3737,-19.3965,42.6724,42.6165,39.5081,1,0,0,0.0260,0.2843,0.4265,0.4265,0.6223,0,0,0,-1.4286,-1.2259,1.4710,1.4710,1.4278,0,0,0,5.9588,6.1010,7.3212,7.3212,7.3621,0,0,0,-6.2233,-6.4030,-7.6835,-7.6835,-7.7255,0,0,0
21.944782,1788532563.488069,-3.2509,-3.0415,-3.0415,-3.0415,-2.8984,0,0,0,-19.3737,-19.3956,42.6704,42.6704,39.7581,0,0,0,0.0260,0.2742,0.4113,0.4113,0.6106,0,0,0,-1.4286,-1.2338,1.4806,1.4806,1.4275,0,0,0,5.9588,6.0954,7.3145,7.3145,7.3608,0,0,0,-6.2233,-6.3959,-7.6751,-7.6751,-7.7252,0,0,0
21.952801,1788532563.496707,-3.2509,-3.0523,-3.0523,-3.0523,-2.9069,0,0,0,-19.3737,-19.3945,42.6679,42.6679,39.9592,0,0,0,0.0260,0.2614,0.3921,0.3921,0.6005,0,0,0,-1.4286,-1.2438,1.4926,1.4926,1.4278,0,0,0,5.9588,6.0884,7.3060,7.3060,7.3596,0,0,0,-6.2233,-6.3870,-7.6644,-7.6644,-7.7245,0,0,0
21.960801,1788532563.504216,-3.2509,-3.0613,-3.0613,-3.0613,-2.9135,0,0,0,-19.3737,-19.3936,42.6658,42.6658,40.1116,0,0,0,0.0260,0.2508,0.3762,0.3762,0.5924,0,0,0,-1.4286,-1.2522,1.5026,1.5026,1.4285,0,0,0,5.9588,6.0825,7.2990,7.2990,7.3584,0,0,0,-6.2233,-6.3797,-7.6556,-7.6556,-7.7236,0,0,0
21.968312,1788532563.512216,-3.2509,-3.0704,-3.0704,-3.0704,-2.9226,0,0,0,-19.3737,-19.3926,42.6637,42.6637,40.3147,0,0,0,0.0260,0.2400,0.3600,0.3600,0.5809,0,0,0,-1.4286,-1.2606,1.5127,1.5127,1.4300,0,0,0,5.9588,6.0766,7.2919,7.2919,7.3564,0,0,0,-6.2233,-6.3722,-7.6466,-7.6466,-7.7219,0,0,0
21.976387,1788532563.521221,-3.2509,-3.0801,-3.0801,-3.0801,-2.9319,0,0,0,-19.3737,-19.3916,42.6615,42.6615,40.5144,0,0,0,0.0260,0.2285,0.3428,0.3428,0.5686,0,0,0,-1.4286,-1.2696,1.5235,1.5235,1.4323,0,0,0,5.9588,6.0703,7.2843,7.2843,7.3539,0,0,0,-6.2233,-6.3642,-7.6370,-7.6370,-7.7195,0,0,0
21.984489,1788532563.527892,-3.2509,-3.0870,-3.0870,-3.0870,-2.9415,0,0,0,-19.3737,-19.3909,42.6599,42.6599,40.7081,0,0,0,0.0260,0.2204,0.3305,0.3305,0.5557,0,0,0,-1.4286,-1.2760,1.5312,1.5312,1.4353,0,0,0,5.9588,6.0658,7.2790,7.2790,7.3511,0,0,0,-6.2233,-6.3585,-7.6302,-7.6302,-7.7166,0,0,0
21.993252,1788532563.536151,-3.1557,-3.0904,-3.0904,-3.0904,-2.9512,0,0,0,-19.7137,-19.4068,42.6950,42.6950,40.8936,0,0,0,0.2700,0.2228,0.3342,0.3342,0.5421,0,0,0,-1.3692,-1.2806,1.5367,1.5367,1.4390,0,0,0,5.9900,6.0621,7.2745,7.2745,7.3478,0,0,0,-6.2449,-6.3529,-7.6235,-7.6235,-7.7131,0,0,0
22.001260,1788532563.543676,-3.1586,-3.0935,-3.0935,-3.0935,-2.9610,0,0,0,-19.7140,-19.4207,42.7256,42.7256,41.0693,0,0,0,0.3020,0.2264,0.3396,0.3396,0.5281,0,0,0,-1.3421,-1.2834,1.5401,1.5401,1.4433,0,0,0,5.9900,6.0588,7.2706,7.2706,7.3442,0,0,0,-6.2397,-6.3478,-7.6173,-7.6173,-7.7090,0,0,0
22.009023,1788532563.552180,-3.1586,-3.0968,-3.0968,-3.0968,-2.9709,0,0,0,-19.7140,-19.4356,42.7584,42.7584,41.2345,0,0,0,0.3020,0.2302,0.3453,0.3453,0.5137,0,0,0,-1.3421,-1.2864,1.5437,1.5437,1.4483,0,0,0,5.9900,6.0553,7.2664,7.2664,7.3402,0,0,0,-6.2397,-6.3423,-7.6108,-7.6108,-7.7045,0,0,0
22.017382,1788532563.559438,-3.1586,-3.0995,-3.0995,-3.0995,-2.9807,0,0,0,-19.7140,-19.4478,42.7852,42.7852,41.3891,0,0,0,0.3020,0.2334,0.3501,0.3501,0.4994,0,0,0,-1.3421,-1.2888,1.5466,1.5466,1.4536,0,0,0,5.9900,6.0525,7.2629,7.2629,7.3359,0,0,0,-6.2397,-6.3378,-7.6054,-7.6054,-7.6995,0,0,0
22.024381,1788532563.566798,-3.2213,-3.1049,-3.1049,-3.1049,-2.9903,0,0,0,-19.7726,-19.4622,42.8168,42.8168,41.5332,0,0,0,0.2995,0.2363,0.3544,0.3544,0.4854,0,0,0,-1.3354,-1.2909,1.5490,1.5490,1.4594,0,0,0,6.0124,6.0507,7.2608,7.2608,7.3314,0,0,0,-6.2550,-6.3342,-7.6010,-7.6010,-7.6942,0,0,0
22.032889,1788532563.576303,-3.2213,-3.1115,-3.1115,-3.1115,-2.9997,0,0,0,-19.7726,-19.4797,42.8553,42.8553,41.6671,0,0,0,0.2995,0.2399,0.3598,0.3598,0.4720,0,0,0,-1.3354,-1.2934,1.5521,1.5521,1.4653,0,0,0,6.0124,6.0485,7.2582,7.2582,7.3268,0,0,0,-6.2550,-6.3297,-7.5956,-7.5956,-7.6886,0,0,0
22.040889,1788532563.585309,-3.2213,-3.1174,-3.1174,-3.1174,-3.0088,0,0,0,-19.7726,-19.4954,42.8898,42.8898,41.7913,0,0,0,0.2995,0.2431,0.3646,0.3646,0.4594,0,0,0,-1.3354,-1.2956,1.5548,1.5548,1.4714,0,0,0,6.0124,6.0466,7.2559,7.2559,7.3221,0,0,0,-6.2550,-6.3257,-7.5908,-7.5908,-7.6828,0,0,0
22.049219,1788532563.592639,-3.2213,-3.1219,-3.1219,-3.1219,-3.0175,0,0,0,-19.7726,-19.5076,42.9167,42.9167,41.9062,0,0,0,0.2995,0.2455,0.3683,0.3683,0.4477,0,0,0,-1.3354,-1.2974,1.5569,1.5569,1.4775,0,0,0,6.0124,6.0451,7.2541,7.2541,7.3173,0,0,0,-6.2550,-6.3226,-7.5871,-7.5871,-7.6768,0,0,0
22.057357,1788532563.600770,-3.2775,-3.1295,-3.1295,-3.1295,-3.0260,0,0,0,-19.2601,-19.4956,42.8902,42.8902,42.0125,0,0,0,0.3055,0.2485,0.3727,0.3727,0.4370,0,0,0,-1.3222,-1.2986,1.5583,1.5583,1.4835,0,0,0,6.0253,6.0441,7.2529,7.2529,7.3126,0,0,0,-6.1807,-6.3157,-7.5788,-7.5788,-7.6707,0,0,0
22.065356,1788532563.607771,-3.2775,-3.1358,-3.1358,-3.1358,-3.0342,0,0,0,-19.2601,-19.4856,42.8684,42.8684,42.1109,0,0,0,0.3055,0.2509,0.3763,0.3763,0.4274,0,0,0,-1.3222,-1.2996,1.5595,1.5595,1.4895,0,0,0,6.0253,6.0433,7.2520,7.2520,7.3079,0,0,0,-6.1807,-6.3100,-7.5720,-7.5720,-7.6645,0,0,0
22.072714,1788532563.617130,-3.3078,-3.1453,-3.1453,-3.1453,-3.0402,0,0,0,-19.2695,-19.4736,42.8419,42.8419,42.1797,0,0,0,0.3417,0.2559,0.3839,0.3839,0.4209,0,0,0,-1.3222,-1.3008,1.5610,1.5610,1.4939,0,0,0,6.0293,6.0425,7.2511,7.2511,7.3044,0,0,0,-6.1807,-6.3028,-7.5634,-7.5634,-7.6599,0,0,0
22.081291,1788532563.624446,-3.3078,-3.1525,-3.1525,-3.1525,-3.0480,0,0,0,-19.2695,-19.4646,42.8222,42.8222,42.2646,0,0,0,0.3417,0.2597,0.3895,0.3895,0.4132,0,0,0,-1.3222,-1.3018,1.5621,1.5621,1.4996,0,0,0,6.0293,6.0420,7.2504,7.2504,7.2999,0,0,0,-6.1807,-6.2974,-7.5569,-7.5569,-7.6537,0,0,0
22.088759,1788532563.631893,-3.3135,-3.1597,-3.1597,-3.1597,-3.0556,0,0,0,-19.1754,-19.4517,42.7937,42.7937,42.3416,0,0,0,0.4148,0.2666,0.3999,0.3999,0.4065,0,0,0,-1.3120,-1.3022,1.5627,1.5627,1.5051,0,0,0,6.0565,6.0426,7.2511,7.2511,7.2955,0,0,0,-6.2093,-6.2935,-7.5522,-7.5522,-7.6475,0,0,0
22.097284,1788532563.640187,-3.3135,-3.1673,-3.1673,-3.1673,-3.0631,0,0,0,-19.1754,-19.4380,42.7636,42.7636,42.4106,0,0,0,0.4148,0.2740,0.4109,0.4109,0.4008,0,0,0,-1.3120,-1.3027,1.5633,1.5633,1.5104,0,0,0,6.0565,6.0433,7.2520,7.2520,7.2914,0,0,0,-6.2093,-6.2893,-7.5472,-7.5472,-7.6412,0,0,0
22.105309,1788532563.649201,-3.3135,-3.1752,-3.1752,-3.1752,-3.0704,0,0,0,-19.1754,-19.4239,42.7326,42.7326,42.4718,0,0,0,0.4148,0.2815,0.4223,0.4223,0.3962,0,0,0,-1.3120,-1.3032,1.5639,1.5639,1.5154,0,0,0,6.0565,6.0440,7.2528,7.2528,7.2874,0,0,0,-6.2093,-6.2850,-7.5420,-7.5420,-7.6348,0,0,0
22.112913,1788532563.656324,-3.3135,-3.1811,-3.1811,-3.1811,-3.0777,0,0,0,-19.1754,-19.4132,42.7091,42.7091,42.5254,0,0,0,0.4148,0.2872,0.4308,0.4308,0.3926,0,0,0,-1.3120,-1.3036,1.5643,1.5643,1.5201,0,0,0,6.0565,6.0445,7.2535,7.2535,7.2836,0,0,0,-6.2093,-6.2818,-7.5381,-7.5381,-7.6285,0,0,0
22.121261,1788532563.665161,-3.3135,-3.1881,-3.1881,-3.1881,-3.0849,0,0,0,-19.1754,-19.4007,42.6815,42.6815,42.5716,0,0,0,0.4148,0.2939,0.4409,0.4409,0.3900,0,0,0,-1.3120,-1.3040,1.5648,1.5648,1.5246,0,0,0,6.0565,6.0452,7.2542,7.2542,7.2802,0,0,0,-6.2093,-6.2779,-7.5335,-7.5335,-7.6221,0,0,0
22.129749,1788532563.671677,-3.3135,-3.1931,-3.1931,-3.1931,-3.0903,0,0,0,-19.1754,-19.3918,42.6620,42.6620,42.6015,0,0,0,0.4148,0.2987,0.4480,0.4480,0.3888,0,0,0,-1.3120,-1.3044,1.5652,1.5652,1.5277,0,0,0,6.0565,6.0456,7.2547,7.2547,7.2777,0,0,0,-6.2093,-6.2752,-7.5303,-7.5303,-7.6173,0,0,0
22.137820,1788532563.681683,-3.3135,-3.2002,-3.2002,-3.2002,-3.0974,0,0,0,-19.1754,-19.3790,42.6338,42.6338,42.6354,0,0,0,0.4148,0.3056,0.4583,0.4583,0.3881,0,0,0,-1.3120,-1.3048,1.5658,1.5658,1.5317,0,0,0,6.0565,6.0463,7.2555,7.2555,7.2747,0,0,0,-6.2093,-6.2713,-7.5256,-7.5256,-7.6110,0,0,0
22.144883,1788532563.687239,-3.3135,-3.2040,-3.2040,-3.2040,-3.1045,0,0,0,-19.1754,-19.3721,42.6187,42.6187,42.6630,0,0,0,0.4148,0.3092,0.4639,0.4639,0.3883,0,0,0,-1.3120,-1.3050,1.5661,1.5661,1.5353,0,0,0,6.0565,6.0466,7.2559,7.2559,7.2720,0,0,0,-6.2093,-6.2692,-7.5231,-7.5231,-7.6047,0,0,0
22.153052,1788532563.696466,-3.4545,-3.2178,-3.2178,-3.2178,-3.1116,0,0,0,-19.4082,-19.3741,42.6230,42.6230,42.6847,0,0,0,0.3720,0.3127,0.4690,0.4690,0.3895,0,0,0,-1.2665,-1.3029,1.5635,1.5635,1.5387,0,0,0,6.0466,6.0466,7.2559,7.2559,7.2696,0,0,0,-6.2779,-6.2697,-7.5237,-7.5237,-7.5986,0,0,0
22.161071,1788532563.705466,-3.4545,-3.2305,-3.2305,-3.2305,-3.1185,0,0,0,-19.4082,-19.3759,42.6270,42.6270,42.7010,0,0,0,0.3720,0.3159,0.4738,0.4738,0.3916,0,0,0,-1.2665,-1.3010,1.5612,1.5612,1.5418,0,0,0,6.0466,6.0466,7.2559,7.2559,7.2675,0,0,0,-6.2779,-6.2702,-7.5242,-7.5242,-7.5925,0,0,0
22.169562,1788532563.713466,-3.4709,-3.2420,-3.2420,-3.2420,-3.1255,0,0,0,-19.4032,-19.3772,42.6299,42.6299,42.7124,0,0,0,0.3721,0.3186,0.4778,0.4778,0.3944,0,0,0,-1.2545,-1.2988,1.5585,1.5585,1.5447,0,0,0,6.0345,6.0460,7.2552,7.2552,7.2656,0,0,0,-6.3080,-6.2720,-7.5264,-7.5264,-7.5866,0,0,0
22.177563,1788532563.719976,-3.4709,-3.2510,-3.2510,-3.2510,-3.1324,0,0,0,-19.4032,-19.3783,42.6322,42.6322,42.7198,0,0,0,0.3721,0.3207,0.4810,0.4810,0.3978,0,0,0,-1.2545,-1.2970,1.5564,1.5564,1.5472,0,0,0,6.0345,6.0456,7.2547,7.2547,7.2640,0,0,0,-6.3080,-6.2734,-7.5281,-7.5281,-7.5809,0,0,0
22.185076,1788532563.728485,-3.4709,-3.2622,-3.2622,-3.2622,-3.1393,0,0,0,-19.4032,-19.3795,42.6350,42.6350,42.7239,0,0,0,0.3721,0.3233,0.4849,0.4849,0.4018,0,0,0,-1.2545,-1.2949,1.5538,1.5538,1.5495,0,0,0,6.0345,6.0450,7.2540,7.2540,7.2626,0,0,0,-6.3080,-6.2751,-7.5302,-7.5302,-7.5754,0,0,0
22.193581,1788532563.735996,-3.4709,-3.2716,-3.2716,-3.2716,-3.1465,0,0,0,-19.4032,-19.3806,42.6373,42.6373,42.7254,0,0,0,0.3721,0.3255,0.4882,0.4882,0.4062,0,0,0,-1.2545,-1.2930,1.5516,1.5516,1.5515,0,0,0,6.0345,6.0445,7.2534,7.2534,7.2613,0,0,0,-6.3080,-6.2766,-7.5320,-7.5320,-7.5703,0,0,0
22.201748,1788532563.744163,-3.4624,-3.2810,-3.2810,-3.2810,-3.1538,0,0,0,-19.8139,-19.4018,42.6839,42.6839,42.7249,0,0,0,0.4381,0.3310,0.4965,0.4965,0.4109,0,0,0,-1.2823,-1.2925,1.5510,1.5510,1.5531,0,0,0,6.0587,6.0452,7.2543,7.2543,7.2603,0,0,0,-6.3812,-6.2817,-7.5381,-7.5381,-7.5655,0,0,0
22.209758,1788532563.752663,-3.4624,-3.2902,-3.2902,-3.2902,-3.1594,0,0,0,-19.8139,-19.4227,42.7299,42.7299,42.7236,0,0,0,0.4381,0.3364,0.5046,0.5046,0.4146,0,0,0,-1.2823,-1.2920,1.5504,1.5504,1.5541,0,0,0,6.0587,6.0459,7.2551,7.2551,7.2595,0,0,0,-6.3812,-6.2868,-7.5441,-7.5441,-7.5622,0,0,0
22.217104,1788532563.761174,-3.4624,-3.2990,-3.2990,-3.2990,-3.1671,0,0,0,-19.8139,-19.4425,42.7736,42.7736,42.7207,0,0,0,0.4381,0.3416,0.5124,0.5124,0.4197,0,0,0,-1.2823,-1.2915,1.5498,1.5498,1.5552,0,0,0,6.0587,6.0466,7.2559,7.2559,7.2587,0,0,0,-6.3812,-6.2916,-7.5499,-7.5499,-7.5582,0,0,0
22.225129,1788532563.768517,-3.4624,-3.3062,-3.3062,-3.3062,-3.1749,0,0,0,-19.8139,-19.4589,42.8096,42.8096,42.7173,0,0,0,0.4381,0.3458,0.5187,0.5187,0.4249,0,0,0,-1.2823,-1.2911,1.5493,1.5493,1.5560,0,0,0,6.0587,6.0471,7.2565,7.2565,7.2579,0,0,0,-6.3812,-6.2955,-7.5546,-7.5546,-7.5546,0,0,0
22.233104,1788532563.776518,-3.5107,-3.3160,-3.3160,-3.3160,-3.1830,0,0,0,-19.4429,-19.4581,42.8079,42.8079,42.7143,0,0,0,0.3760,0.3473,0.5209,0.5209,0.4302,0,0,0,-1.2735,-1.2903,1.5483,1.5483,1.5565,0,0,0,6.0896,6.0491,7.2590,7.2590,7.2573,0,0,0,-6.3733,-6.2993,-7.5591,-7.5591,-7.5515,0,0,0
22.241214,1788532563.785618,-3.5107,-3.3266,-3.3266,-3.3266,-3.1911,0,0,0,-19.4429,-19.4573,42.8061,42.8061,42.7123,0,0,0,0.3760,0.3488,0.5232,0.5232,0.4357,0,0,0,-1.2735,-1.2894,1.5472,1.5472,1.5568,0,0,0,6.0896,6.0513,7.2616,7.2616,7.2567,0,0,0,-6.3733,-6.3033,-7.5639,-7.5639,-7.5490,0,0,0
22.249238,1788532563.793125,-3.4965,-3.3342,-3.3342,-3.3342,-3.1994,0,0,0,-19.4754,-19.4581,42.8079,42.8079,42.7120,0,0,0,0.4123,0.3517,0.5275,0.5275,0.4414,0,0,0,-1.2325,-1.2868,1.5441,1.5441,1.5569,0,0,0,6.0724,6.0523,7.2627,7.2627,7.2563,0,0,0,-6.4382,-6.3093,-7.5712,-7.5712,-7.5471,0,0,0
22.257180,1788532563.801593,-3.4745,-3.3413,-3.3413,-3.3413,-3.2078,0,0,0,-19.5028,-19.4604,42.8129,42.8129,42.7134,0,0,0,0.4123,0.3548,0.5321,0.5321,0.4471,0,0,0,-1.2325,-1.2840,1.5409,1.5409,1.5568,0,0,0,6.0467,6.0520,7.2624,7.2624,7.2560,0,0,0,-6.4382,-6.3158,-7.5790,-7.5790,-7.5457,0,0,0
22.265261,1788532563.808591,-3.4745,-3.3470,-3.3470,-3.3470,-3.2163,0,0,0,-19.5028,-19.4622,42.8168,42.8168,42.7161,0,0,0,0.4123,0.3572,0.5358,0.5358,0.4530,0,0,0,-1.2325,-1.2819,1.5383,1.5383,1.5567,0,0,0,6.0467,6.0518,7.2621,7.2621,7.2558,0,0,0,-6.4382,-6.3210,-7.5852,-7.5852,-7.5449,0,0,0
22.273685,1788532563.817096,-3.4745,-3.3534,-3.3534,-3.3534,-3.2249,0,0,0,-19.5028,-19.4642,42.8213,42.8213,42.7198,0,0,0,0.4123,0.3600,0.5400,0.5400,0.4587,0,0,0,-1.2325,-1.2794,1.5352,1.5352,1.5563,0,0,0,6.0467,6.0515,7.2618,7.2618,7.2557,0,0,0,-6.4382,-6.3269,-7.5923,-7.5923,-7.5447,0,0,0
22.281687,1788532563.825111,-3.4745,-3.3593,-3.3593,-3.3593,-3.2335,0,0,0,-19.5028,-19.4661,42.8254,42.8254,42.7243,0,0,0,0.4123,0.3625,0.5437,0.5437,0.4645,0,0,0,-1.2325,-1.2771,1.5325,1.5325,1.5558,0,0,0,6.0467,6.0513,7.2615,7.2615,7.2558,0,0,0,-6.4382,-6.3323,-7.5987,-7.5987,-7.5450,0,0,0
22.289968,1788532563.833110,-3.4619,-3.3642,-3.3642,-3.3642,-3.2422,0,0,0,-19.4803,-19.4668,42.8269,42.8269,42.7294,0,0,0,0.4163,0.3651,0.5476,0.5476,0.4702,0,0,0,-1.2643,-1.2765,1.5318,1.5318,1.5552,0,0,0,6.0592,6.0517,7.2620,7.2620,7.2560,0,0,0,-6.3436,-6.3328,-7.5994,-7.5994,-7.5458,0,0,0
22.297472,1788532563.840380,-3.4619,-3.3685,-3.3685,-3.3685,-3.2487,0,0,0,-19.4803,-19.4674,42.8282,42.8282,42.7334,0,0,0,0.4163,0.3673,0.5510,0.5510,0.4744,0,0,0,-1.2643,-1.2760,1.5312,1.5312,1.5546,0,0,0,6.0592,6.0520,7.2624,7.2624,7.2562,0,0,0,-6.3436,-6.3333,-7.6000,-7.6000,-7.5468,0,0,0
22.305979,1788532563.848887,-3.4619,-3.3732,-3.3732,-3.3732,-3.2573,0,0,0,-19.4803,-19.4680,42.8296,42.8296,42.7392,0,0,0,0.4163,0.3698,0.5547,0.5547,0.4799,0,0,0,-1.2643,-1.2754,1.5305,1.5305,1.5536,0,0,0,6.0592,6.0524,7.2628,7.2628,7.2565,0,0,0,-6.3436,-6.3338,-7.6006,-7.6006,-7.5485,0,0,0
22.313210,1788532563.856620,-3.4619,-3.3773,-3.3773,-3.3773,-3.2658,0,0,0,-19.4803,-19.4686,42.8309,42.8309,42.7452,0,0,0,0.4163,0.3719,0.5579,0.5579,0.4854,0,0,0,-1.2643,-1.2749,1.5298,1.5298,1.5525,0,0,0,6.0592,6.0527,7.2632,7.2632,7.2568,0,0,0,-6.3436,-6.3343,-7.6011,-7.6011,-7.5508,0,0,0
22.321394,1788532563.864810,-3.4694,-3.3818,-3.3818,-3.3818,-3.2743,0,0,0,-19.4440,-19.4674,42.8282,42.8282,42.7514,0,0,0,0.4897,0.3777,0.5666,0.5666,0.4909,0,0,0,-1.1514,-1.2688,1.5226,1.5226,1.5513,0,0,0,6.0728,6.0537,7.2644,7.2644,7.2571,0,0,0,-6.4139,-6.3382,-7.6058,-7.6058,-7.5534,0,0,0
22.329910,1788532563.872808,-3.4694,-3.3860,-3.3860,-3.3860,-3.2826,0,0,0,-19.4440,-19.4663,42.8258,42.8258,42.7575,0,0,0,0.4897,0.3831,0.5746,0.5746,0.4962,0,0,0,-1.1514,-1.2632,1.5158,1.5158,1.5500,0,0,0,6.0728,6.0546,7.2655,7.2655,7.2575,0,0,0,-6.4139,-6.3418,-7.6102,-7.6102,-7.5563,0,0,0
22.337448,1788532563.880325,-3.4694,-3.3898,-3.3898,-3.3898,-3.2908,0,0,0,-19.4440,-19.4653,42.8236,42.8236,42.7636,0,0,0,0.4897,0.3879,0.5818,0.5818,0.5015,0,0,0,-1.1514,-1.2582,1.5098,1.5098,1.5486,0,0,0,6.0728,6.0554,7.2665,7.2665,7.2579,0,0,0,-6.4139,-6.3450,-7.6141,-7.6141,-7.5593,0,0,0
22.344947,1788532563.888862,-3.4694,-3.3939,-3.3939,-3.3939,-3.2988,0,0,0,-19.4440,-19.4642,42.8212,42.8212,42.7695,0,0,0,0.4897,0.3931,0.5896,0.5896,0.5068,0,0,0,-1.1514,-1.2527,1.5033,1.5033,1.5470,0,0,0,6.0728,6.0563,7.2675,7.2675,7.2583,0,0,0,-6.4139,-6.3486,-7.6183,-7.6183,-7.5625,0,0,0
22.352773,1788532563.896885,-3.4694,-3.3975,-3.3975,-3.3975,-3.3065,0,0,0,-19.4440,-19.4632,42.8191,42.8191,42.7751,0,0,0,0.4897,0.3977,0.5966,0.5966,0.5121,0,0,0,-1.1514,-1.2479,1.4974,1.4974,1.5453,0,0,0,6.0728,6.0571,7.2685,7.2685,7.2587,0,0,0,-6.4139,-6.3517,-7.6220,-7.6220,-7.5658,0,0,0
22.361192,1788532563.905616,-3.4694,-3.4013,-3.4013,-3.4013,-3.3140,0,0,0,-19.4440,-19.4622,42.8169,42.8169,42.7803,0,0,0,0.4897,0.4025,0.6038,0.6038,0.5174,0,0,0,-1.1514,-1.2428,1.4914,1.4914,1.5433,0,0,0,6.0728,6.0579,7.2695,7.2695,7.2592,0,0,0,-6.4139,-6.3549,-7.6259,-7.6259,-7.5692,0,0,0
22.368856,1788532563.912787,-3.4401,-3.4029,-3.4029,-3.4029,-3.3213,0,0,0,-19.4755,-19.4628,42.8181,42.8181,42.7851,0,0,0,0.5481,0.4088,0.6132,0.6132,0.5228,0,0,0,-1.1442,-1.2386,1.4863,1.4863,1.5410,0,0,0,6.0799,6.0588,7.2706,7.2706,7.2598,0,0,0,-6.4000,-6.3569,-7.6282,-7.6282,-7.5728,0,0,0
22.377481,1788532563.921776,-3.4401,-3.4049,-3.4049,-3.4049,-3.3283,0,0,0,-19.4755,-19.4635,42.8196,42.8196,42.7894,0,0,0,0.5481,0.4162,0.6244,0.6244,0.5284,0,0,0,-1.1442,-1.2335,1.4802,1.4802,1.5385,0,0,0,6.0799,6.0600,7.2720,7.2720,7.2603,0,0,0,-6.4000,-6.3592,-7.6310,-7.6310,-7.5764,0,0,0
22.385490,1788532563.928901,-3.4401,-3.4064,-3.4064,-3.4064,-3.3334,0,0,0,-19.4755,-19.4640,42.8208,42.8208,42.7924,0,0,0,0.5481,0.4219,0.6328,0.6328,0.5326,0,0,0,-1.1442,-1.2297,1.4756,1.4756,1.5364,0,0,0,6.0799,6.0608,7.2730,7.2730,7.2608,0,0,0,-6.4000,-6.3609,-7.6331,-7.6331,-7.5792,0,0,0
22.393550,1788532563.937988,-3.4401,-3.4083,-3.4083,-3.4083,-3.3399,0,0,0,-19.4755,-19.4646,42.8221,42.8221,42.7959,0,0,0,0.5481,0.4287,0.6431,0.6431,0.5383,0,0,0,-1.1442,-1.2251,1.4701,1.4701,1.5335,0,0,0,6.0799,6.0619,7.2742,7.2742,7.2614,0,0,0,-6.4000,-6.3630,-7.6356,-7.6356,-7.5829,0,0,0
22.401688,1788532563.944964,-3.4401,-3.4096,-3.4096,-3.4096,-3.3461,0,0,0,-19.4755,-19.4651,42.8231,42.8231,42.7991,0,0,0,0.5481,0.4337,0.6506,0.6506,0.5443,0,0,0,-1.1442,-1.2217,1.4660,1.4660,1.5302,0,0,0,6.0799,6.0626,7.2751,7.2751,7.2621,0,0,0,-6.4000,-6.3646,-7.6375,-7.6375,-7.5866,0,0,0
22.409752,1788532563.953635,-3.4401,-3.4112,-3.4112,-3.4112,-3.3520,0,0,0,-19.4755,-19.4656,42.8243,42.8243,42.8020,0,0,0,0.5481,0.4397,0.6595,0.6595,0.5504,0,0,0,-1.1442,-1.2177,1.4612,1.4612,1.5268,0,0,0,6.0799,6.0635,7.2762,7.2762,7.2628,0,0,0,-6.4000,-6.3664,-7.6397,-7.6397,-7.5903,0,0,0
22.417844,1788532563.961168,-3.4401,-3.4125,-3.4125,-3.4125,-3.3576,0,0,0,-19.4755,-19.4660,42.8253,42.8253,42.8046,0,0,0,0.5481,0.4446,0.6668,0.6668,0.5568,0,0,0,-1.1442,-1.2144,1.4572,1.4572,1.5231,0,0,0,6.0799,6.0642,7.2771,7.2771,7.2635,0,0,0,-6.4000,-6.3679,-7.6415,-7.6415,-7.5940,0,0,0
22.425843,1788532563.969258,-3.4401,-3.4138,-3.4138,-3.4138,-3.3629,0,0,0,-19.4755,-19.4665,42.8263,42.8263,42.8069,0,0,0,0.5481,0.4496,0.6744,0.6744,0.5634,0,0,0,-1.1442,-1.2110,1.4532,1.4532,1.5193,0,0,0,6.0799,6.0650,7.2780,7.2780,7.2643,0,0,0,-6.4000,-6.3695,-7.6434,-7.6434,-7.5976,0,0,0
22.433351,1788532563.976767,-3.5972,-3.4221,-3.4221,-3.4221,-3.3678,0,0,0,-19.6508,-19.4748,42.8446,42.8446,42.8090,0,0,0,0.5082,0.4522,0.6783,0.6783,0.5701,0,0,0,-1.1307,-1.2073,1.4488,1.4488,1.5153,0,0,0,6.1154,6.0673,7.2807,7.2807,7.2651,0,0,0,-6.4388,-6.3726,-7.6471,-7.6471,-7.6012,0,0,0
22.441886,1788532563.985772,-3.5972,-3.4315,-3.4315,-3.4315,-3.3713,0,0,0,-19.6508,-19.4842,42.8653,42.8653,42.8105,0,0,0,0.5082,0.4552,0.6828,0.6828,0.5753,0,0,0,-1.1307,-1.2032,1.4439,1.4439,1.5122,0,0,0,6.1154,6.0698,7.2838,7.2838,7.2657,0,0,0,-6.4388,-6.3762,-7.6514,-7.6514,-7.6038,0,0,0
22.450436,1788532563.992818,-3.5714,-3.4374,-3.4374,-3.4374,-3.3768,0,0,0,-19.6366,-19.4907,42.8795,42.8795,42.8128,0,0,0,0.5913,0.4610,0.6915,0.6915,0.5842,0,0,0,-1.1028,-1.1990,1.4388,1.4388,1.5070,0,0,0,6.1201,6.0720,7.2864,7.2864,7.2668,0,0,0,-6.4806,-6.3806,-7.6567,-7.6567,-7.6081,0,0,0
22.457946,1788532564.000855,-3.5714,-3.4439,-3.4439,-3.4439,-3.3810,0,0,0,-19.6366,-19.4977,42.8950,42.8950,42.8146,0,0,0,0.5913,0.4673,0.7009,0.7009,0.5914,0,0,0,-1.1028,-1.1943,1.4332,1.4332,1.5027,0,0,0,6.1201,6.0743,7.2892,7.2892,7.2677,0,0,0,-6.4806,-6.3854,-7.6625,-7.6625,-7.6114,0,0,0
22.466456,1788532564.009866,-3.5154,-3.4477,-3.4477,-3.4477,-3.3840,0,0,0,-19.5452,-19.5003,42.9006,42.9006,42.8163,0,0,0,0.5913,0.4739,0.7109,0.7109,0.5967,0,0,0,-1.1010,-1.1893,1.4272,1.4272,1.4994,0,0,0,6.1154,6.0765,7.2918,7.2918,7.2684,0,0,0,-6.4656,-6.3897,-7.6676,-7.6676,-7.6138,0,0,0
22.474587,1788532564.017031,-3.5154,-3.4506,-3.4506,-3.4506,-3.3881,0,0,0,-19.5452,-19.5022,42.9048,42.9048,42.8189,0,0,0,0.5826,0.4786,0.7179,0.7179,0.6039,0,0,0,-1.0864,-1.1849,1.4219,1.4219,1.4950,0,0,0,6.0431,6.0751,7.2901,7.2901,7.2695,0,0,0,-6.5104,-6.3949,-7.6739,-7.6739,-7.6171,0,0,0
22.481962,1788532564.026002,-3.5154,-3.4541,-3.4541,-3.4541,-3.3922,0,0,0,-19.5452,-19.5045,42.9099,42.9099,42.8221,0,0,0,0.5826,0.4842,0.7262,0.7262,0.6111,0,0,0,-1.0864,-1.1796,1.4156,1.4156,1.4906,0,0,0,6.0431,6.0734,7.2880,7.2880,7.2706,0,0,0,-6.5104,-6.4011,-7.6813,-7.6813,-7.6204,0,0,0
22.489970,1788532564.033376,-3.5394,-3.4579,-3.4579,-3.4579,-3.3963,0,0,0,-19.5871,-19.5082,42.9179,42.9179,42.8260,0,0,0,0.5747,0.4882,0.7323,0.7323,0.6184,0,0,0,-1.0742,-1.1750,1.4100,1.4100,1.4860,0,0,0,6.0431,6.0720,7.2864,7.2864,7.2718,0,0,0,-6.5104,-6.4059,-7.6871,-7.6871,-7.6237,0,0,0
22.498482,1788532564.041386,-3.5394,-3.4618,-3.4618,-3.4618,-3.4005,0,0,0,-19.5871,-19.5119,42.9263,42.9263,42.8303,0,0,0,0.5747,0.4923,0.7385,0.7385,0.6258,0,0,0,-1.0742,-1.1701,1.4042,1.4042,1.4814,0,0,0,6.0431,6.0706,7.2848,7.2848,7.2731,0,0,0,-6.5104,-6.4109,-7.6931,-7.6931,-7.6271,0,0,0
22.505985,1788532564.048894,-3.3961,-3.4588,-3.4588,-3.4588,-3.4046,0,0,0,-19.5149,-19.5121,42.9266,42.9266,42.8351,0,0,0,0.5949,0.4970,0.7454,0.7454,0.6332,0,0,0,-1.0697,-1.1656,1.3987,1.3987,1.4767,0,0,0,6.0474,6.0696,7.2835,7.2835,7.2744,0,0,0,-6.5476,-6.4171,-7.7005,-7.7005,-7.6307,0,0,0
22.514228,1788532564.056401,-3.3961,-3.4560,-3.4560,-3.4560,-3.4088,0,0,0,-19.5149,-19.5122,42.9268,42.9268,42.8402,0,0,0,0.5949,0.5014,0.7521,0.7521,0.6407,0,0,0,-1.0697,-1.1613,1.3935,1.3935,1.4719,0,0,0,6.0474,6.0686,7.2823,7.2823,7.2756,0,0,0,-6.5476,-6.4230,-7.7076,-7.7076,-7.6344,0,0,0
22.522453,1788532564.064643,-3.3753,-3.4520,-3.4520,-3.4520,-3.4129,0,0,0,-19.5165,-19.5124,42.9273,42.9273,42.8456,0,0,0,0.5949,0.5060,0.7590,0.7590,0.6482,0,0,0,-1.0076,-1.1537,1.3844,1.3844,1.4671,0,0,0,6.0271,6.0665,7.2798,7.2798,7.2768,0,0,0,-6.5799,-6.4307,-7.7169,-7.7169,-7.6383,0,0,0
22.529965,1788532564.072869,-3.3753,-3.4482,-3.4482,-3.4482,-3.4159,0,0,0,-19.5165,-19.5126,42.9277,42.9277,42.8498,0,0,0,0.5949,0.5104,0.7655,0.7655,0.6538,0,0,0,-1.0076,-1.1465,1.3758,1.3758,1.4633,0,0,0,6.0271,6.0646,7.2775,7.2775,7.2776,0,0,0,-6.5799,-6.4380,-7.7257,-7.7257,-7.6413,0,0,0
22.538512,1788532564.080378,-3.3753,-3.4450,-3.4450,-3.4450,-3.4199,0,0,0,-19.5165,-19.5128,42.9281,42.9281,42.8555,0,0,0,0.5949,0.5142,0.7713,0.7713,0.6613,0,0,0,-1.0076,-1.1403,1.3683,1.3683,1.4583,0,0,0,6.0271,6.0629,7.2755,7.2755,7.2785,0,0,0,-6.5799,-6.4444,-7.7333,-7.7333,-7.6455,0,0,0
22.546017,1788532564.088932,-3.3570,-3.4405,-3.4405,-3.4405,-3.4235,0,0,0,-19.5015,-19.5122,42.9269,42.9269,42.8612,0,0,0,0.5516,0.5161,0.7741,0.7741,0.6688,0,0,0,-1.0262,-1.1344,1.3613,1.3613,1.4533,0,0,0,6.0131,6.0604,7.2724,7.2724,7.2792,0,0,0,-6.6208,-6.4535,-7.7441,-7.7441,-7.6499,0,0,0
22.554053,1788532564.097963,-3.3440,-3.4353,-3.4353,-3.4353,-3.4269,0,0,0,-19.4816,-19.5106,42.9232,42.9232,42.8668,0,0,0,0.5357,0.5171,0.7757,0.7757,0.6762,0,0,0,-1.0244,-1.1285,1.3542,1.3542,1.4481,0,0,0,6.0052,6.0574,7.2689,7.2689,7.2798,0,0,0,-6.5865,-6.4606,-7.7527,-7.7527,-7.6545,0,0,0
22.562643,1788532564.105469,-3.3440,-3.4312,-3.4312,-3.4312,-3.4299,0,0,0,-19.4775,-19.5091,42.9200,42.9200,42.8722,0,0,0,0.5007,0.5164,0.7746,0.7746,0.6836,0,0,0,-1.0244,-1.1238,1.3486,1.3486,1.4427,0,0,0,6.0052,6.0551,7.2661,7.2661,7.2803,0,0,0,-6.5865,-6.4663,-7.7595,-7.7595,-7.6594,0,0,0
22.569878,1788532564.113102,-3.3440,-3.4272,-3.4272,-3.4272,-3.4324,0,0,0,-19.4775,-19.5076,42.9168,42.9168,42.8775,0,0,0,0.5007,0.5157,0.7735,0.7735,0.6909,0,0,0,-1.0244,-1.1193,1.3431,1.3431,1.4372,0,0,0,6.0052,6.0528,7.2633,7.2633,7.2805,0,0,0,-6.5865,-6.4718,-7.7661,-7.7661,-7.6646,0,0,0
22.577829,1788532564.120238,-3.3440,-3.4236,-3.4236,-3.4236,-3.4346,0,0,0,-19.4775,-19.5063,42.9139,42.9139,42.8824,0,0,0,0.5007,0.5150,0.7726,0.7726,0.6981,0,0,0,-1.0244,-1.1152,1.3382,1.3382,1.4315,0,0,0,6.0052,6.0507,7.2609,7.2609,7.2805,0,0,0,-6.5865,-6.4767,-7.7721,-7.7721,-7.6700,0,0,0
22.585817,1788532564.130242,-3.3508,-3.4193,-3.4193,-3.4193,-3.4362,0,0,0,-19.4873,-19.5052,42.9115,42.9115,42.8869,0,0,0,0.6555,0.5234,0.7850,0.7850,0.7050,0,0,0,-0.9920,-1.1079,1.3295,1.3295,1.4257,0,0,0,5.9687,6.0459,7.2551,7.2551,7.2803,0,0,0,-6.8339,-6.4979,-7.7974,-7.7974,-7.6758,0,0,0
22.594007,1788532564.137233,-3.3508,-3.4164,-3.4164,-3.4164,-3.4374,0,0,0,-19.4873,-19.5045,42.9098,42.9098,42.8911,0,0,0,0.6555,0.5289,0.7934,0.7934,0.7117,0,0,0,-0.9920,-1.1030,1.3236,1.3236,1.4198,0,0,0,5.9687,6.0426,7.2512,7.2512,7.2799,0,0,0,-6.8339,-6.5120,-7.8144,-7.8144,-7.6817,0,0,0
22.602026,1788532564.144933,-3.3508,-3.4134,-3.4134,-3.4134,-3.4382,0,0,0,-19.4873,-19.5037,42.9081,42.9081,42.8947,0,0,0,0.6555,0.5348,0.8022,0.8022,0.7179,0,0,0,-0.9920,-1.0979,1.3175,1.3175,1.4139,0,0,0,5.9687,6.0392,7.2471,7.2471,7.2793,0,0,0,-6.8339,-6.5269,-7.8323,-7.8323,-7.6879,0,0,0
22.610067,1788532564.152946,-3.3508,-3.4104,-3.4104,-3.4104,-3.4384,0,0,0,-19.4873,-19.5029,42.9063,42.9063,42.8972,0,0,0,0.6555,0.5406,0.8108,0.8108,0.7224,0,0,0,-0.9920,-1.0928,1.3114,1.3114,1.4094,0,0,0,5.9687,6.0358,7.2430,7.2430,7.2787,0,0,0,-6.8339,-6.5417,-7.8500,-7.8500,-7.6927,0,0,0
22.618582,1788532564.161488,-3.3508,-3.4074,-3.4074,-3.4074,-3.4384,0,0,0,-19.4873,-19.5021,42.9046,42.9046,42.9000,0,0,0,0.6555,0.5464,0.8196,0.8196,0.7281,0,0,0,-0.9920,-1.0877,1.3052,1.3052,1.4033,0,0,0,5.9687,6.0324,7.2389,7.2389,7.2777,0,0,0,-6.8339,-6.5566,-7.8679,-7.8679,-7.6994,0,0,0
22.626092,1788532564.169505,-3.3508,-3.4046,-3.4046,-3.4046,-3.4380,0,0,0,-19.4873,-19.5014,42.9030,42.9030,42.9024,0,0,0,0.6555,0.5517,0.8275,0.8275,0.7338,0,0,0,-0.9920,-1.0831,1.2997,1.2997,1.3971,0,0,0,5.9687,6.0294,7.2352,7.2352,7.2764,0,0,0,-6.8339,-6.5699,-7.8839,-7.8839,-7.7067,0,0,0
22.634197,1788532564.177512,-3.3508,-3.4021,-3.4021,-3.4021,-3.4373,0,0,0,-19.4873,-19.5007,42.9015,42.9015,42.9043,0,0,0,0.6555,0.5566,0.8350,0.8350,0.7395,0,0,0,-0.9920,-1.0787,1.2944,1.2944,1.3909,0,0,0,5.9687,6.0265,7.2317,7.2317,7.2749,0,0,0,-6.8339,-6.5826,-7.8991,-7.8991,-7.7149,0,0,0
22.642208,1788532564.185625,-3.3615,-3.4001,-3.4001,-3.4001,-3.4361,0,0,0,-19.6039,-19.5057,42.9126,42.9126,42.9058,0,0,0,0.7708,0.5670,0.8506,0.8506,0.7454,0,0,0,-0.7340,-1.0620,1.2743,1.2743,1.3845,0,0,0,6.0038,6.0254,7.2304,7.2304,7.2730,0,0,0,-7.0162,-6.6037,-7.9244,-7.9244,-7.7239,0,0,0
22.650774,1788532564.193621,-3.3615,-3.3982,-3.3982,-3.3982,-3.4347,0,0,0,-19.6039,-19.5104,42.9229,42.9229,42.9070,0,0,0,0.7708,0.5768,0.8652,0.8652,0.7514,0,0,0,-0.7340,-1.0462,1.2555,1.2555,1.3780,0,0,0,6.0038,6.0243,7.2292,7.2292,7.2709,0,0,0,-7.0162,-6.6234,-7.9481,-7.9481,-7.7338,0,0,0
22.658773,1788532564.201221,-3.3667,-3.3968,-3.3968,-3.3968,-3.4330,0,0,0,-19.5844,-19.5138,42.9303,42.9303,42.9078,0,0,0,0.4354,0.5703,0.8555,0.8555,0.7576,0,0,0,-1.2967,-1.0577,1.2692,1.2692,1.3714,0,0,0,6.1308,6.0292,7.2350,7.2350,7.2686,0,0,0,-6.5380,-6.6195,-7.9434,-7.9434,-7.7444,0,0,0
22.666774,1788532564.209206,-3.3667,-3.3954,-3.3954,-3.3954,-3.4311,0,0,0,-19.5844,-19.5172,42.9377,42.9377,42.9085,0,0,0,0.4354,0.5639,0.8458,0.8458,0.7641,0,0,0,-1.2967,-1.0691,1.2829,1.2829,1.3646,0,0,0,6.1308,6.0340,7.2408,7.2408,7.2661,0,0,0,-6.5380,-6.6156,-7.9388,-7.9388,-7.7558,0,0,0
22.674793,1788532564.216692,-3.3667,-3.3941,-3.3941,-3.3941,-3.4291,0,0,0,-19.5844,-19.5202,42.9444,42.9444,42.9093,0,0,0,0.4354,0.5581,0.8372,0.8372,0.7708,0,0,0,-1.2967,-1.0793,1.2952,1.2952,1.3575,0,0,0,6.1308,6.0384,7.2461,7.2461,7.2636,0,0,0,-6.5380,-6.6121,-7.9346,-7.9346,-7.7680,0,0,0
22.682808,1788532564.225232,-3.3667,-3.3927,-3.3927,-3.3927,-3.4269,0,0,0,-19.5844,-19.5234,42.9516,42.9516,42.9103,0,0,0,0.4354,0.5519,0.8278,0.8278,0.7775,0,0,0,-1.2967,-1.0904,1.3085,1.3085,1.3504,0,0,0,6.1308,6.0431,7.2517,7.2517,7.2611,0,0,0,-6.5380,-6.6084,-7.9300,-7.9300,-7.7806,0,0,0
22.690041,1788532564.234305,-3.3667,-3.3913,-3.3913,-3.3913,-3.4252,0,0,0,-19.5844,-19.5267,42.9588,42.9588,42.9112,0,0,0,0.4354,0.5456,0.8184,0.8184,0.7824,0,0,0,-1.2967,-1.1015,1.3219,1.3219,1.3452,0,0,0,6.1308,6.0478,7.2574,7.2574,7.2593,0,0,0,-6.5380,-6.6046,-7.9255,-7.9255,-7.7900,0,0,0
22.698031,1788532564.241446,-3.3667,-3.3902,-3.3902,-3.3902,-3.4229,0,0,0,-19.5844,-19.5292,42.9643,42.9643,42.9127,0,0,0,0.4354,0.5408,0.8113,0.8113,0.7885,0,0,0,-1.2967,-1.1099,1.3319,1.3319,1.3389,0,0,0,6.1308,6.0514,7.2617,7.2617,7.2572,0,0,0,-6.5380,-6.6017,-7.9220,-7.9220,-7.8024,0,0,0
22.706044,1788532564.248950,-3.1466,-3.3793,-3.3793,-3.3793,-3.4206,0,0,0,-19.8901,-19.5455,43.0000,43.0000,42.9145,0,0,0,1.1164,0.5668,0.8502,0.8502,0.7941,0,0,0,-1.1519,-1.1118,1.3342,1.3342,1.3334,0,0,0,6.2163,6.0588,7.2706,7.2706,7.2554,0,0,0,-6.7820,-6.6098,-7.9318,-7.9318,-7.8144,0,0,0
22.714092,1788532564.257461,-3.1466,-3.3674,-3.3674,-3.3674,-3.4183,0,0,0,-19.8901,-19.5630,43.0386,43.0386,42.9166,0,0,0,1.1164,0.5947,0.8921,0.8921,0.7988,0,0,0,-1.1519,-1.1139,1.3366,1.3366,1.3288,0,0,0,6.2163,6.0668,7.2802,7.2802,7.2541,0,0,0,-6.7820,-6.6186,-7.9423,-7.9423,-7.8257,0,0,0
22.722648,1788532564.265057,-3.1466,-3.3574,-3.3574,-3.3574,-3.4160,0,0,0,-19.8901,-19.5779,43.0714,43.0714,42.9191,0,0,0,1.1164,0.6185,0.9278,0.9278,0.8029,0,0,0,-1.1519,-1.1156,1.3387,1.3387,1.3253,0,0,0,6.2163,6.0736,7.2883,7.2883,7.2531,0,0,0,-6.7820,-6.6260,-7.9512,-7.9512,-7.8362,0,0,0
22.730183,1788532564.273062,-3.1466,-3.3473,-3.3473,-3.3473,-3.4137,0,0,0,-19.8901,-19.5929,43.1043,43.1043,42.9223,0,0,0,1.1164,0.6424,0.9636,0.9636,0.8067,0,0,0,-1.1519,-1.1173,1.3408,1.3408,1.3226,0,0,0,6.2163,6.0805,7.2965,7.2965,7.2526,0,0,0,-6.7820,-6.6335,-7.9602,-7.9602,-7.8461,0,0,0
22.738953,1788532564.281599,-3.2301,-3.3413,-3.3413,-3.3413,-3.4110,0,0,0,-19.3960,-19.5828,43.0822,43.0822,42.9267,0,0,0,1.3138,0.6767,1.0150,1.0150,0.8109,0,0,0,-0.8634,-1.1044,1.3253,1.3253,1.3208,0,0,0,6.2196,6.0875,7.3050,7.3050,7.2527,0,0,0,-7.1433,-6.6595,-7.9914,-7.9914,-7.8554,0,0,0
22.746193,1788532564.289390,-3.1655,-3.3331,-3.3331,-3.3331,-3.4081,0,0,0,-19.3059,-19.5699,43.0538,43.0538,42.9324,0,0,0,1.3157,0.7066,1.0598,1.0598,0.8161,0,0,0,-0.9805,-1.0986,1.3183,1.3183,1.3196,0,0,0,6.3116,6.0980,7.3176,7.3176,7.2533,0,0,0,-7.1546,-6.6827,-8.0192,-8.0192,-7.8643,0,0,0
22.754280,1788532564.296607,-3.1021,-3.3231,-3.3231,-3.3231,-3.4048,0,0,0,-19.2537,-19.5562,43.0236,43.0236,42.9397,0,0,0,1.5578,0.7436,1.1154,1.1154,0.8226,0,0,0,-0.9805,-1.0935,1.3122,1.3122,1.3191,0,0,0,6.3409,6.1085,7.3303,7.3303,7.2545,0,0,0,-7.0173,-6.6972,-8.0367,-8.0367,-7.8730,0,0,0
22.762290,1788532564.304701,-2.8750,-3.3014,-3.3014,-3.3014,-3.4012,0,0,0,-19.2262,-19.5402,42.9885,42.9885,42.9480,0,0,0,1.7398,0.7920,1.1880,1.1880,0.8307,0,0,0,-1.0435,-1.0911,1.3093,1.3093,1.3189,0,0,0,6.4266,6.1240,7.3487,7.3487,7.2563,0,0,0,-6.9866,-6.7113,-8.0535,-8.0535,-7.8816,0,0,0
22.770330,1788532564.313239,-2.8454,-3.2781,-3.2781,-3.2781,-3.3982,0,0,0,-19.1314,-19.5194,42.9427,42.9427,42.9544,0,0,0,1.7557,0.8413,1.2619,1.2619,0.8382,0,0,0,-1.0435,-1.0886,1.3064,1.3064,1.3188,0,0,0,6.4266,6.1394,7.3673,7.3673,7.2580,0,0,0,-6.9726,-6.7246,-8.0695,-8.0695,-7.8883,0,0,0
22.778339,1788532564.320761,-2.8454,-3.2585,-3.2585,-3.2585,-3.3939,0,0,0,-19.1314,-19.5019,42.9041,42.9041,42.9625,0,0,0,1.7557,0.8827,1.3241,1.3241,0.8501,0,0,0,-1.0435,-1.0866,1.3039,1.3039,1.3186,0,0,0,6.4266,6.1524,7.3828,7.3828,7.2609,0,0,0,-6.9726,-6.7358,-8.0830,-8.0830,-7.8977,0,0,0
22.786432,1788532564.329765,-2.8454,-3.2364,-3.2364,-3.2364,-3.3891,0,0,0,-19.1314,-19.4820,42.8605,42.8605,42.9696,0,0,0,1.7557,0.9297,1.3945,1.3945,0.8646,0,0,0,-1.0435,-1.0843,1.3012,1.3012,1.3183,0,0,0,6.4266,6.1671,7.4005,7.4005,7.2646,0,0,0,-6.9726,-6.7485,-8.0982,-8.0982,-7.9076,0,0,0
22.794697,1788532564.337764,-2.8454,-3.2176,-3.2176,-3.2176,-3.3837,0,0,0,-19.1314,-19.4652,42.8235,42.8235,42.9751,0,0,0,1.7557,0.9694,1.4541,1.4541,0.8822,0,0,0,-1.0435,-1.0823,1.2988,1.2988,1.3179,0,0,0,6.4266,6.1795,7.4154,7.4154,7.2690,0,0,0,-6.9726,-6.7593,-8.1111,-8.1111,-7.9181,0,0,0
22.802963,1788532564.345730,-2.5741,-3.1869,-3.1869,-3.1869,-3.3774,0,0,0,-18.7212,-19.4297,42.7454,42.7454,42.9785,0,0,0,2.4598,1.0409,1.5613,1.5613,0.9031,0,0,0,-0.4896,-1.0541,1.2649,1.2649,1.3174,0,0,0,6.3915,6.1896,7.4275,7.4275,7.2744,0,0,0,-7.6017,-6.7996,-8.1595,-8.1595,-7.9289,0,0,0
22.811164,1788532564.352881,-2.5741,-3.1605,-3.1605,-3.1605,-3.3702,0,0,0,-18.7212,-19.3992,42.6783,42.6783,42.9795,0,0,0,2.4598,1.1023,1.6535,1.6535,0.9274,0,0,0,-0.4896,-1.0298,1.2357,1.2357,1.3167,0,0,0,6.3915,6.1983,7.4380,7.4380,7.2806,0,0,0,-7.6017,-6.8342,-8.2010,-8.2010,-7.9403,0,0,0
22.818839,1788532564.361665,-2.4344,-3.1224,-3.1224,-3.1224,-3.3621,0,0,0,-18.3377,-19.3436,42.5558,42.5558,42.9779,0,0,0,2.5639,1.1793,1.7690,1.7690,0.9550,0,0,0,-0.6316,-1.0089,1.2107,1.2107,1.3159,0,0,0,6.5164,6.2150,7.4580,7.4580,7.2877,0,0,0,-7.4647,-6.8673,-8.2407,-8.2407,-7.9520,0,0,0
22.826838,1788532564.369253,-2.3640,-3.0877,-3.0877,-3.0877,-3.3530,0,0,0,-18.1080,-19.2872,42.4317,42.4317,42.9733,0,0,0,2.5639,1.2428,1.8643,1.8643,0.9862,0,0,0,-0.6249,-0.9914,1.1897,1.1897,1.3146,0,0,0,6.4450,6.2255,7.4706,7.4706,7.2955,0,0,0,-7.4647,-6.8946,-8.2735,-8.2735,-7.9644,0,0,0
22.834732,1788532564.378525,-2.3640,-3.0477,-3.0477,-3.0477,-3.3428,0,0,0,-18.1080,-19.2220,42.2884,42.2884,42.9652,0,0,0,2.5639,1.3162,1.9743,1.9743,1.0215,0,0,0,-0.6249,-0.9712,1.1654,1.1654,1.3126,0,0,0,6.4450,6.2376,7.4851,7.4851,7.3040,0,0,0,-7.4647,-6.9261,-8.3113,-8.3113,-7.9778,0,0,0
22.842742,1788532564.385158,-2.3640,-3.0203,-3.0203,-3.0203,-3.3343,0,0,0,-18.1080,-19.1772,42.1899,42.1899,42.9563,0,0,0,2.5639,1.3666,2.0498,2.0498,1.0507,0,0,0,-0.6249,-0.9573,1.1488,1.1488,1.3103,0,0,0,6.4450,6.2459,7.4951,7.4951,7.3109,0,0,0,-7.4647,-6.9477,-8.3373,-8.3373,-7.9887,0,0,0
22.850746,1788532564.394155,-1.8144,-2.9554,-2.9554,-2.9554,-3.3217,0,0,0,-17.3237,-19.0775,41.9706,41.9899,42.9400,1,0,0,3.1116,1.4608,2.1912,2.1912,1.0936,0,0,0,-0.4363,-0.9294,1.1152,1.1152,1.3062,0,0,0,6.4339,6.2560,7.5072,7.5072,7.3205,0,0,0,-7.0192,-6.9516,-8.3419,-8.3419,-8.0044,0,0,0
22.858391,1788532564.401176,-1.7787,-2.9055,-2.9055,-2.9055,-3.3077,0,0,0,-17.1599,-18.9960,41.7912,41.7912,42.9178,0,0,0,3.1890,1.5346,2.3019,2.3019,1.1410,0,0,0,-0.3055,-0.9029,1.0835,1.0835,1.3009,0,0,0,6.2583,6.2561,7.5073,7.5073,7.3307,0,0,0,-7.4705,-6.9736,-8.3683,-8.3683,-8.0216,0,0,0
22.866389,1788532564.409803,-1.7787,-2.8472,-2.8472,-2.8472,-3.2920,0,0,0,-17.1599,-18.9009,41.5819,41.5912,42.8891,1,0,0,3.1890,1.6206,2.4309,2.4309,1.1929,0,0,0,-0.3055,-0.8721,1.0466,1.0466,1.2943,0,0,0,6.2583,6.2562,7.5074,7.5074,7.3415,0,0,0,-7.4705,-6.9993,-8.3991,-8.3991,-8.0401,0,0,0
22.874535,1788532564.417804,-1.5214,-2.7833,-2.7833,-2.7833,-3.2748,0,0,0,-16.5714,-18.7884,41.3345,41.3912,42.8536,1,0,0,3.2308,1.6986,2.5479,2.5479,1.2490,0,0,0,-0.3908,-0.8490,1.0188,1.0188,1.2865,0,0,0,6.1815,6.2526,7.5031,7.5031,7.3526,0,0,0,-7.0288,-7.0007,-8.4008,-8.4008,-8.0598,0,0,0
22.882536,1788532564.425043,-1.5214,-2.7280,-2.7280,-2.7280,-3.2555,0,0,0,-16.5714,-18.6910,41.1202,41.1912,42.8099,1,0,0,3.2308,1.7661,2.6491,2.6491,1.3098,0,0,0,-0.3908,-0.8290,0.9948,0.9948,1.2772,0,0,0,6.1815,6.2495,7.4994,7.4994,7.3639,0,0,0,-7.0288,-7.0019,-8.4023,-8.4023,-8.0802,0,0,0
22.890552,1788532564.433953,-1.1404,-2.6432,-2.6432,-2.6432,-3.2397,0,0,0,-15.9878,-18.5461,40.8014,40.9912,42.7713,1,0,0,3.4597,1.8570,2.7855,2.7855,1.3583,0,0,0,-0.3908,-0.8057,0.9668,0.9668,1.2693,0,0,0,6.0767,6.2403,7.4884,7.4884,7.3725,0,0,0,-6.6985,-6.9858,-8.3829,-8.3829,-8.0960,0,0,0
22.898625,1788532564.441957,-1.1404,-2.5706,-2.5706,-2.5706,-3.2166,0,0,0,-15.9878,-18.4221,40.5285,40.7912,42.7114,1,0,0,3.4597,1.9348,2.9022,2.9022,1.4271,0,0,0,-0.3908,-0.7858,0.9429,0.9429,1.2574,0,0,0,6.0767,6.2325,7.4790,7.4790,7.3837,0,0,0,-6.6985,-6.9720,-8.3664,-8.3664,-8.1176,0,0,0
22.906349,1788532564.449253,-0.7307,-2.4892,-2.4892,-2.4892,-3.1908,0,0,0,-15.3254,-18.2844,40.2257,40.5912,42.6411,1,0,0,3.2621,1.9938,2.9906,2.9906,1.5007,0,0,0,-1.0224,-0.7962,0.9554,0.9554,1.2438,0,0,0,6.1575,6.2292,7.4750,7.4750,7.3946,0,0,0,-6.5481,-6.9533,-8.3440,-8.3440,-8.1394,0,0,0
22.914863,1788532564.458273,-0.7307,-2.3940,-2.3940,-2.3940,-3.1613,0,0,0,-15.3254,-18.1233,39.8712,40.3912,42.5581,1,0,0,3.2621,2.0627,3.0941,3.0941,1.5802,0,0,0,-1.0224,-0.8083,0.9700,0.9700,1.2285,0,0,0,6.1575,6.2254,7.4704,7.4704,7.4047,0,0,0,-6.5481,-6.9316,-8.3179,-8.3179,-8.1606,0,0,0
22.923376,1788532564.465781,-0.2884,-2.2980,-2.2980,-2.2980,-3.1279,0,0,0,-14.6178,-17.9626,39.5178,40.1912,42.4624,1,0,0,3.2372,2.1164,3.1746,3.1746,1.6653,0,0,0,-0.9078,-0.8128,0.9754,0.9754,1.2116,0,0,0,6.0530,6.2176,7.4611,7.4611,7.4139,0,0,0,-7.9165,-6.9761,-8.3713,-8.3713,-8.1808,0,0,0
22.930892,1788532564.474794,-0.2884,-2.1891,-2.1891,-2.1891,-3.0907,0,0,0,-14.6178,-17.7801,39.1162,39.9912,42.3550,1,0,0,3.2372,2.1773,3.2659,3.2659,1.7550,0,0,0,-0.9078,-0.8179,0.9815,0.9815,1.1940,0,0,0,6.0530,6.2088,7.4505,7.4505,7.4222,0,0,0,-7.9165,-7.0266,-8.4320,-8.4320,-8.1995,0,0,0
22.938899,1788532564.482310,0.1479,-2.0823,-2.0823,-2.0823,-3.0495,0,0,0,-14.1089,-17.6112,38.7445,39.7912,42.2369,1,0,0,2.9901,2.2145,3.3217,3.3217,1.8483,0,0,0,-1.0361,-0.8278,0.9934,0.9934,1.1762,0,0,0,5.9343,6.1964,7.4356,7.4356,7.4295,0,0,0,-6.9731,-7.0242,-8.4291,-8.4291,-8.2163,0,0,0
22.947435,1788532564.489817,0.1479,-1.9804,-1.9804,-1.9804,-3.0041,0,0,0,-14.1089,-17.4500,38.3899,39.5912,42.1089,1,0,0,2.9901,2.2499,3.3748,3.3748,1.9444,0,0,0,-1.0361,-0.8372,1.0046,1.0046,1.1589,0,0,0,5.9343,6.1846,7.4215,7.4215,7.4358,0,0,0,-6.9731,-7.0219,-8.4263,-8.4263,-8.2322,0,0,0
22.954948,1788532564.498354,0.9466,-1.8291,-1.8291,-1.8291,-2.9545,0,0,0,-13.7439,-17.2569,37.9652,39.3912,41.9721,1,0,0,2.7052,2.2734,3.4101,3.4101,2.0424,0,0,0,-1.5889,-0.8755,1.0506,1.0506,1.1422,0,0,0,5.6756,6.1586,7.3904,7.3904,7.4409,0,0,0,-7.3168,-7.0370,-8.4444,-8.4444,-8.2478,0,0,0
22.962507,1788532564.506366,0.9466,-1.6939,-1.6939,-1.6939,-2.9006,0,0,0,-13.7439,-17.0844,37.5857,39.1912,41.8271,1,0,0,2.7052,2.2943,3.4415,3.4415,2.1413,0,0,0,-1.5889,-0.9097,1.0917,1.0917,1.1266,0,0,0,5.6756,6.1355,7.3626,7.3626,7.4449,0,0,0,-7.3168,-7.0504,-8.4605,-8.4605,-8.2633,0,0,0
22.971518,1788532564.513925,0.9466,-1.5721,-1.5721,-1.5721,-2.8423,0,0,0,-13.7439,-16.9290,37.2439,38.9912,41.6749,1,0,0,2.7052,2.3132,3.4698,3.4698,2.2401,0,0,0,-1.5889,-0.9405,1.1286,1.1286,1.1123,0,0,0,5.6756,6.1146,7.3375,7.3375,7.4475,0,0,0,-7.3168,-7.0625,-8.4750,-8.4750,-8.2782,0,0,0
22.979527,1788532564.521933,1.6866,-1.4130,-1.4130,-1.4130,-2.7792,0,0,0,-12.2403,-16.6982,36.7360,38.7912,41.5161,1,0,0,1.7398,2.2854,3.4281,3.4281,2.3376,0,0,0,-1.8860,-0.9858,1.1830,1.1830,1.1001,0,0,0,5.3319,6.0771,7.2925,7.2925,7.4485,0,0,0,-7.4810,-7.0827,-8.4992,-8.4992,-8.2928,0,0,0
22.987043,1788532564.529941,1.6866,-1.2615,-1.2615,-1.2615,-2.7110,0,0,0,-12.2403,-16.4783,36.2523,38.5912,41.3515,1,0,0,1.7398,2.2590,3.3885,3.3885,2.4331,0,0,0,-1.8860,-1.0290,1.2348,1.2348,1.0904,0,0,0,5.3319,6.0413,7.2496,7.2496,7.4479,0,0,0,-7.4810,-7.1018,-8.5222,-8.5222,-8.3071,0,0,0
22.995074,1788532564.537457,1.6866,-1.1257,-1.1257,-1.1257,-2.6377,0,0,0,-12.2403,-16.2812,35.8187,38.3912,41.1818,1,0,0,1.7398,2.2353,3.3530,3.3530,2.5257,0,0,0,-1.8860,-1.0677,1.2813,1.2813,1.0835,0,0,0,5.3319,6.0093,7.2111,7.2111,7.4454,0,0,0,-7.4810,-7.1190,-8.5428,-8.5428,-8.3212,0,0,0
23.003208,1788532564.546097,1.6866,-0.9777,-0.9777,-0.9777,-2.5793,0,0,0,-12.2403,-16.0665,35.3462,38.1912,41.0515,1,0,0,1.7398,2.2096,3.3144,3.3144,2.5922,0,0,0,-1.8860,-1.1099,1.3319,1.3319,1.0804,0,0,0,5.3319,5.9743,7.1692,7.1692,7.4422,0,0,0,-7.4810,-7.1377,-8.5652,-8.5652,-8.3318,0,0,0
23.011202,1788532564.553213,1.6866,-0.8610,-0.8610,-0.8610,-2.4968,0,0,0,-12.2403,-15.8972,34.9737,37.9912,40.8742,1,0,0,1.7398,2.1893,3.2840,3.2840,2.6761,0,0,0,-1.8860,-1.1432,1.3719,1.3719,1.0793,0,0,0,5.3319,5.9467,7.1361,7.1361,7.4359,0,0,0,-7.4810,-7.1524,-8.5829,-8.5829,-8.3461,0,0,0
23.019150,1788532564.561738,2.8182,-0.6694,-0.6694,-0.6694,-2.4089,0,0,0,-10.3897,-15.6072,34.3358,37.7912,40.6932,1,0,0,0.3303,2.0942,3.1413,3.1413,2.7536,0,0,0,-2.9251,-1.2342,1.4810,1.4810,1.0818,0,0,0,4.7409,5.8852,7.0622,7.0622,7.4272,0,0,0,-6.7034,-7.1295,-8.5554,-8.5554,-8.3605,0,0,0
23.027665,1788532564.570565,2.8182,-0.4815,-0.4815,-0.4815,-2.3160,0,0,0,-10.3897,-15.3228,33.7102,37.5912,40.5090,1,0,0,0.3303,2.0010,3.0015,3.0015,2.8242,0,0,0,-2.9251,-1.3234,1.5881,1.5881,1.0878,0,0,0,4.7409,5.8248,6.9898,6.9898,7.4161,0,0,0,-6.7034,-7.1071,-8.5285,-8.5285,-8.3753,0,0,0
23.035280,1788532564.578719,3.6460,-0.2748,-0.2748,-0.2815,-2.2185,1,0,0,-9.9337,-15.0498,33.1096,37.3912,40.3221,1,0,0,-0.4142,1.8829,2.8244,2.8244,2.8874,0,0,0,-3.2299,-1.4169,1.7002,1.7002,1.0974,0,0,0,4.5661,5.7632,6.9158,6.9158,7.4027,0,0,0,-5.1786,-7.0130,-8.4155,-8.4155,-8.3903,0,0,0
23.043279,1788532564.586695,3.6460,-0.0823,-0.0823,-0.0823,-2.1162,0,0,0,-9.9337,-14.7956,32.5504,37.1912,40.1329,1,0,0,-0.4142,1.7731,2.6597,2.6597,2.9418,0,0,0,-3.2299,-1.5040,1.8048,1.8048,1.1110,0,0,0,4.5661,5.7057,6.8469,6.8469,7.3866,0,0,0,-5.1786,-6.9254,-8.3105,-8.3105,-8.4051,0,0,0
23.051339,1788532564.594226,3.6460,0.0912,0.0912,0.0912,-2.0086,0,0,0,-9.9337,-14.5666,32.0465,36.9912,39.9415,1,0,0,-0.4142,1.6743,2.5114,2.5114,2.9861,0,0,0,-3.2299,-1.5825,1.8990,1.8990,1.1295,0,0,0,4.5661,5.6539,6.7847,6.7847,7.3675,0,0,0,-5.1786,-6.8464,-8.2157,-8.2157,-8.4188,0,0,0
23.058707,1788532564.601774,3.6460,0.2571,0.2571,0.2571,-1.8953,0,0,0,-9.9337,-14.3476,31.5647,36.7912,39.7485,1,0,0,-0.4142,1.5796,2.3694,2.3694,3.0187,0,0,0,-3.2299,-1.6577,1.9893,1.9893,1.1534,0,0,0,4.5661,5.6044,6.7252,6.7252,7.3450,0,0,0,-5.1786,-6.7707,-8.1248,-8.1248,-8.4300,0,0,0
23.067354,1788532564.610125,3.6460,0.4315,0.4315,0.4315,-1.7761,0,0,0,-9.9337,-14.1177,31.0590,36.5912,39.5539,1,0,0,-0.4142,1.4799,2.2198,2.2198,3.0386,0,0,0,-3.2299,-1.7368,2.0842,2.0842,1.1829,0,0,0,4.5661,5.5523,6.6627,6.6627,7.3190,0,0,0,-5.1786,-6.6911,-8.0293,-8.0293,-8.4372,0,0,0
23.075003,1788532564.617779,3.6460,0.5838,0.5838,0.5838,-1.6511,0,0,0,-9.9337,-13.9169,30.6173,36.3912,39.3581,1,0,0,-0.4142,1.3926,2.0889,2.0889,3.0458,0,0,0,-3.2299,-1.8060,2.1672,2.1672,1.2180,0,0,0,4.5661,5.5067,6.6080,6.6080,7.2897,0,0,0,-5.1786,-6.6214,-7.9456,-7.9456,-8.4394,0,0,0
23.083536,1788532564.625283,6.1053,0.8412,0.8412,0.7838,-1.5210,1,0,0,-8.7249,-13.6721,30.0786,36.1912,39.1612,1,0,0,0.2237,1.3397,2.0096,2.0096,3.0402,0,0,0,-3.4833,-1.8823,2.2588,2.2588,1.2585,0,0,0,4.9718,5.4824,6.5789,6.5789,7.2572,0,0,0,-3.2445,-6.4683,-7.7620,-7.7620,-8.4361,0,0,0
23.091503,1788532564.633561,6.2850,1.1203,1.1203,0.9838,-1.4202,1,0,0,-8.4554,-13.4017,29.4838,35.9912,39.0130,1,0,0,0.3099,1.2886,1.9329,1.9329,3.0278,0,0,0,-3.0407,-1.9402,2.3282,2.3282,1.2923,0,0,0,4.3232,5.4247,6.5096,6.5096,7.2309,0,0,0,-3.2974,-6.3103,-7.5723,-7.5723,-8.4297,0,0,0
23.099506,1788532564.641918,6.2850,1.3879,1.3879,1.1838,-1.2821,1,0,0,-8.4554,-13.1428,28.9141,35.7912,38.8146,1,0,0,0.3099,1.2395,1.8592,1.8592,3.0010,0,0,0,-3.0407,-1.9957,2.3948,2.3948,1.3415,0,0,0,4.3232,5.3693,6.4431,6.4431,7.1934,0,0,0,-3.2974,-6.1585,-7.3902,-7.3902,-8.4159,0,0,0
23.107202,1788532564.650481,6.2850,1.6480,1.6480,1.3838,-1.1398,1,0,0,-8.4554,-12.8915,28.3613,35.5912,38.6157,1,0,0,0.3099,1.1917,1.7876,1.7876,2.9634,0,0,0,-3.0407,-2.0497,2.4596,2.4596,1.3951,0,0,0,4.3232,5.3154,6.3785,6.3785,7.1536,0,0,0,-3.2974,-6.0107,-7.2129,-7.2129,-8.3954,0,0,0
23.115207,1788532564.657671,6.2850,1.8568,1.8568,1.5838,-0.9935,1,0,0,-8.4554,-12.6899,27.9178,35.3912,38.4163,1,0,0,0.3099,1.1534,1.7301,1.7301,2.9167,0,0,0,-3.0407,-2.0930,2.5116,2.5116,1.4526,0,0,0,4.3232,5.2721,6.3266,6.3266,7.1119,0,0,0,-3.2974,-5.8919,-7.0703,-7.0703,-8.3667,0,0,0
23.123242,1788532564.666751,5.8867,2.0834,2.0834,1.7838,-0.8429,1,0,0,-6.3673,-12.3308,27.1277,35.1912,38.2164,1,0,0,0.0208,1.0918,1.6377,1.6377,2.8625,0,0,0,-2.7200,-2.1272,2.5526,2.5526,1.5134,0,0,0,3.5303,5.1772,6.2127,6.2127,7.0683,0,0,0,-4.2826,-5.8039,-6.9647,-6.9647,-8.3289,0,0,0
23.135658,1788532564.673328,5.8867,2.2409,2.2409,1.9838,-0.6093,1,0,0,-6.3673,-12.0811,26.5784,34.9912,37.9161,1,0,0,0.0208,1.0490,1.5735,1.5735,2.7698,0,0,0,-2.7200,-2.1510,2.5812,2.5812,1.6094,0,0,0,3.5303,5.1112,6.1335,6.1335,6.9992,0,0,0,-4.2826,-5.7427,-6.8913,-6.8913,-8.2541,0,0,0
23.143975,1788532564.691376,5.8867,2.6267,2.6267,2.1838,-0.4486,1,0,0,-6.3673,-11.4701,25.2343,34.7912,37.7156,1,0,0,0.0208,0.9436,1.4154,1.4154,2.7022,0,0,0,-2.7200,-2.2095,2.6514,2.6514,1.6755,0,0,0,3.5303,4.9486,5.9384,5.9384,6.9511,0,0,0,-4.2826,-5.5921,-6.7106,-6.7106,-8.1928,0,0,0
23.152114,1788532564.697908,5.4398,2.7422,2.7422,2.3838,-0.2842,1,0,0,-5.5079,-11.2220,24.6885,34.5912,37.5149,1,0,0,-0.2553,0.8960,1.3439,1.3439,2.6309,0,0,0,-3.5334,-2.2623,2.7147,2.7147,1.7424,0,0,0,4.3053,4.9230,5.9076,5.9076,6.9006,0,0,0,-3.6520,-5.5146,-6.6175,-6.6175,-8.1236,0,0,0
23.159508,1788532564.706910,5.5607,2.8993,2.8993,2.5838,-0.1161,1,0,0,-6.0271,-10.9286,24.0428,34.3912,37.3141,1,0,0,-0.2553,0.8338,1.2507,1.2507,2.5565,0,0,0,-3.6273,-2.3362,2.8034,2.8034,1.8095,0,0,0,4.3053,4.8896,5.8675,5.8675,6.8476,0,0,0,-3.8292,-5.4230,-6.5076,-6.5076,-8.0477,0,0,0
23.167632,1788532564.715043,5.7333,3.0427,3.0427,2.7838,0.0552,1,0,0,-6.5881,-10.7058,23.5527,34.1912,37.1132,1,0,0,0.0397,0.7949,1.1924,1.1924,2.4788,0,0,0,-3.6273,-2.3997,2.8796,2.8796,1.8765,0,0,0,4.7306,4.8818,5.8582,5.8582,6.7908,0,0,0,-3.9238,-5.3491,-6.4189,-6.4189,-7.9653,0,0,0
23.176092,1788532564.721519,5.7333,3.1523,3.1523,2.9838,0.2297,1,0,0,-6.5881,-10.5356,23.1782,33.9912,36.9123,1,0,0,0.0397,0.7651,1.1477,1.1477,2.3982,0,0,0,-3.6273,-2.4482,2.9379,2.9379,1.9436,0,0,0,4.7306,4.8758,5.8510,5.8510,6.7309,0,0,0,-3.9238,-5.2925,-6.3510,-6.3510,-7.8775,0,0,0
23.184092,1788532564.730514,5.7333,3.2960,3.2960,3.1838,0.3625,1,0,0,-6.5881,-10.3125,22.6876,33.7912,36.7617,1,0,0,0.0397,0.7260,1.0890,1.0890,2.3362,0,0,0,-3.6273,-2.5121,3.0145,3.0145,1.9940,0,0,0,4.7306,4.8680,5.8416,5.8416,6.6847,0,0,0,-3.9238,-5.2181,-6.2618,-6.2618,-7.8085,0,0,0
23.192216,1788532564.738516,5.7333,3.4175,3.4175,3.3838,0.5418,1,0,0,-6.5881,-10.1242,22.2733,33.5912,36.5607,1,0,0,0.0397,0.6929,1.0393,1.0393,2.2521,0,0,0,-3.6273,-2.5661,3.0793,3.0793,2.0617,0,0,0,4.7306,4.8614,5.8336,5.8336,6.6224,0,0,0,-3.9238,-5.1552,-6.1862,-6.1862,-7.7132,0,0,0
23.199734,1788532564.746638,6.4173,3.5691,3.5691,3.5691,0.7237,0,0,0,-7.7486,-10.0025,22.0056,33.3912,36.3598,1,0,0,0.4849,0.6827,1.0240,1.0240,2.1673,0,0,0,-3.8051,-2.6270,3.1524,3.1524,2.1295,0,0,0,5.0527,4.8707,5.8449,5.8449,6.5602,0,0,0,-4.6068,-5.1282,-6.1538,-6.1538,-7.6153,0,0,0
23.207766,1788532564.754181,6.4173,3.7033,3.7033,3.7033,0.9078,0,0,0,-7.7486,-9.8950,21.7690,33.1912,36.1590,1,0,0,0.4849,0.6736,1.0105,1.0105,2.0826,0,0,0,-3.8051,-2.6810,3.2172,3.2172,2.1977,0,0,0,5.0527,4.8790,5.8548,5.8548,6.4991,0,0,0,-4.6068,-5.1042,-6.1251,-6.1251,-7.5155,0,0,0
23.216288,1788532564.761700,6.4259,3.8311,3.8311,3.8311,1.0939,0,0,0,-7.8174,-9.7963,21.5518,32.9912,35.9581,1,0,0,0.6370,0.6720,1.0080,1.0080,1.9984,0,0,0,-3.8051,-2.7324,3.2789,3.2789,2.2660,0,0,0,5.0850,4.8884,5.8661,5.8661,6.4399,0,0,0,-4.6237,-5.0822,-6.0987,-6.0987,-7.4148,0,0,0
23.223816,1788532564.770230,6.4259,3.9685,3.9685,3.9685,1.2816,0,0,0,-7.8174,-9.6904,21.3189,32.7912,35.7573,1,0,0,0.6370,0.6702,1.0053,1.0053,1.9157,0,0,0,-3.8051,-2.7877,3.3452,3.3452,2.3345,0,0,0,5.0850,4.8985,5.8781,5.8781,6.3831,0,0,0,-4.6237,-5.0586,-6.0703,-6.0703,-7.3143,0,0,0
23.232326,1788532564.777751,6.4259,4.0839,4.0839,4.0839,1.4699,0,0,0,-7.8174,-9.6016,21.1235,32.5912,35.5566,1,0,0,0.6370,0.6687,1.0030,1.0030,1.8353,0,0,0,-3.8051,-2.8342,3.4010,3.4010,2.4031,0,0,0,5.0850,4.9069,5.8883,5.8883,6.3295,0,0,0,-4.6237,-5.0387,-6.0464,-6.0464,-7.2151,0,0,0
23.239337,1788532564.786754,6.4259,4.2143,4.2143,4.2143,1.6577,0,0,0,-7.8174,-9.5014,20.9030,32.3912,35.3559,1,0,0,0.6370,0.6670,1.0005,1.0005,1.7581,0,0,0,-3.8051,-2.8869,3.4642,3.4642,2.4717,0,0,0,5.0850,4.9165,5.8998,5.8998,6.2795,0,0,0,-4.6237,-5.0162,-6.0194,-6.0194,-7.1182,0,0,0
23.248246,1788532564.794152,6.3462,4.3128,4.3128,4.3128,1.8440,0,0,0,-6.9586,-9.3829,20.6423,32.1912,35.1552,1,0,0,0.6055,0.6642,0.9963,0.9963,1.6846,0,0,0,-3.7991,-2.9279,3.5135,3.5135,2.5403,0,0,0,5.0139,4.9209,5.9050,5.9050,6.2333,0,0,0,-4.5103,-4.9934,-5.9921,-5.9921,-7.0243,0,0,0
23.255773,1788532564.803179,6.3462,4.4262,4.4262,4.4262,1.9825,0,0,0,-6.9586,-9.2465,20.3424,31.9912,35.0048,1,0,0,0.6055,0.6611,0.9916,0.9916,1.6322,0,0,0,-3.7991,-2.9753,3.5704,3.5704,2.5916,0,0,0,5.0139,4.9259,5.9111,5.9111,6.2013,0,0,0,-4.5103,-4.9671,-5.9606,-5.9606,-6.9562,0,0,0
23.264027,1788532564.809943,6.3462,4.5075,4.5075,4.5075,2.1646,0,0,0,-6.9586,-9.1488,20.1273,31.7912,34.8042,1,0,0,0.6055,0.6588,0.9882,0.9882,1.5662,0,0,0,-3.7991,-3.0093,3.6112,3.6112,2.6597,0,0,0,5.0139,4.9295,5.9154,5.9154,6.1622,0,0,0,-4.5103,-4.9483,-5.9379,-5.9379,-6.8688,0,0,0
23.271608,1788532564.818519,6.3462,4.6051,4.6051,4.6051,2.3436,0,0,0,-6.9586,-9.0316,19.8695,31.5912,34.6037,1,0,0,0.6055,0.6560,0.9841,0.9841,1.5048,0,0,0,-3.7991,-3.0502,3.6603,3.6603,2.7273,0,0,0,5.0139,4.9338,5.9206,5.9206,6.1271,0,0,0,-4.5103,-4.9256,-5.9107,-5.9107,-6.7855,0,0,0
23.280144,1788532564.826550,6.4114,4.6951,4.6951,4.6951,2.5188,0,0,0,-6.7776,-8.9183,19.6203,31.3912,34.4032,1,0,0,0.0048,0.6246,0.9369,0.9369,1.4478,0,0,0,-4.3061,-3.1114,3.7336,3.7336,2.7944,0,0,0,4.4346,4.9097,5.8917,5.8917,6.0959,0,0,0,-3.8660,-4.8741,-5.8489,-5.8489,-6.7063,0,0,0
23.288166,1788532564.834576,6.4114,4.7805,4.7805,4.7805,2.6896,0,0,0,-6.7776,-8.8109,19.3840,31.1912,34.2028,1,0,0,0.0048,0.5946,0.8920,0.8920,1.3953,0,0,0,-4.3061,-3.1695,3.8034,3.8034,2.8607,0,0,0,4.4346,4.8868,5.8642,5.8642,6.0683,0,0,0,-3.8660,-4.8251,-5.7901,-5.7901,-6.6312,0,0,0
23.296329,1788532564.842734,6.4114,4.8629,4.8629,4.8629,2.8556,0,0,0,-6.7776,-8.7074,19.1562,30.9912,34.0025,1,0,0,0.0048,0.5657,0.8486,0.8486,1.3472,0,0,0,-4.3061,-3.2257,3.8708,3.8708,2.9260,0,0,0,4.4346,4.8647,5.8376,5.8376,6.0441,0,0,0,-3.8660,-4.7777,-5.7333,-5.7333,-6.5601,0,0,0
23.303099,1788532564.850435,6.4114,4.9370,4.9370,4.9370,3.0166,0,0,0,-6.7776,-8.6144,18.9516,30.7912,33.8021,1,0,0,0.0048,0.5397,0.8095,0.8095,1.3028,0,0,0,-4.3061,-3.2762,3.9315,3.9315,2.9905,0,0,0,4.4346,4.8447,5.8137,5.8137,6.0228,0,0,0,-3.8660,-4.7351,-5.6822,-5.6822,-6.4928,0,0,0
23.311575,1788532564.857983,6.4114,5.0061,5.0061,5.0061,3.1725,0,0,0,-6.7776,-8.5276,18.7608,30.5912,33.6018,1,0,0,0.0048,0.5153,0.7729,0.7729,1.2614,0,0,0,-4.3061,-3.3235,3.9882,3.9882,3.0544,0,0,0,4.4346,4.8260,5.7913,5.7913,6.0037,0,0,0,-3.8660,-4.6953,-5.6343,-5.6343,-6.4284,0,0,0
23.320094,1788532564.866498,6.4114,5.0799,5.0799,5.0799,3.3230,0,0,0,-6.7776,-8.4350,18.5570,30.3912,33.4016,1,0,0,0.0048,0.4892,0.7338,0.7338,1.2222,0,0,0,-4.3061,-3.3741,4.0489,4.0489,3.1180,0,0,0,4.4346,4.8061,5.7673,5.7673,5.9861,0,0,0,-3.8660,-4.6526,-5.5832,-5.5832,-6.3665,0,0,0
23.327338,1788532564.874237,6.4114,5.1437,5.1437,5.1437,3.4681,0,0,0,-6.7776,-8.3550,18.3809,30.1912,33.2013,1,0,0,0.0048,0.4666,0.6999,0.6999,1.1848,0,0,0,-4.3061,-3.4179,4.1015,4.1015,3.1814,0,0,0,4.4346,4.7888,5.7465,5.7465,5.9695,0,0,0,-3.8660,-4.6157,-5.5388,-5.5388,-6.3067,0,0,0
23.336442,1788532564.882856,6.4296,5.2119,5.2119,5.2119,3.5733,0,0,0,-7.3115,-8.2992,18.2583,29.9912,33.0512,1,0,0,0.1503,0.4502,0.6754,0.6754,1.1576,0,0,0,-4.2333,-3.4604,4.1524,4.1524,3.2287,0,0,0,4.8217,4.7905,5.7485,5.7485,5.9576,0,0,0,-4.4578,-4.6075,-5.5290,-5.5290,-6.2630,0,0,0
23.344564,1788532564.891370,6.4296,5.2757,5.2757,5.2757,3.7087,0,0,0,-7.3115,-8.2472,18.1437,29.7912,32.8510,1,0,0,0.1503,0.4349,0.6524,0.6524,1.1222,0,0,0,-4.2333,-3.5002,4.2002,4.2002,3.2915,0,0,0,4.8217,4.7920,5.7505,5.7505,5.9421,0,0,0,-4.4578,-4.5998,-5.5198,-5.5198,-6.2061,0,0,0
23.352074,1788532564.898489,6.4184,5.3262,5.3262,5.3262,3.8388,0,0,0,-7.2136,-8.2012,18.0427,29.5912,32.6508,1,0,0,0.1075,0.4208,0.6312,0.6312,1.0877,0,0,0,-4.2703,-3.5336,4.2403,4.2403,3.3540,0,0,0,4.7292,4.7893,5.7472,5.7472,5.9268,0,0,0,-4.5095,-4.5959,-5.5151,-5.5151,-6.1506,0,0,0
23.360090,1788532564.906497,6.4184,5.3801,5.3801,5.3801,3.9634,0,0,0,-7.2136,-8.1522,17.9348,29.3912,32.4507,1,0,0,0.1075,0.4057,0.6086,0.6086,1.0539,0,0,0,-4.2703,-3.5693,4.2832,4.2832,3.4161,0,0,0,4.7292,4.7865,5.7437,5.7437,5.9118,0,0,0,-4.5095,-4.5917,-5.5101,-5.5101,-6.0966,0,0,0
23.368085,1788532564.914495,6.4647,5.4336,5.4336,5.4336,4.0829,0,0,0,-6.8418,-8.0872,17.7919,29.1912,32.2506,1,0,0,0.1075,0.3914,0.5870,0.5870,1.0207,0,0,0,-4.2172,-3.6007,4.3209,4.3209,3.4777,0,0,0,4.6200,4.7785,5.7341,5.7341,5.8972,0,0,0,-4.4149,-4.5832,-5.4998,-5.4998,-6.0444,0,0,0
23.376107,1788532564.922507,6.4647,5.4844,5.4844,5.4844,4.1972,0,0,0,-6.8418,-8.0255,17.6560,28.9912,32.0505,1,0,0,0.1075,0.3777,0.5665,0.5665,0.9883,0,0,0,-4.2172,-3.6307,4.3568,4.3568,3.5386,0,0,0,4.6200,4.7708,5.7250,5.7250,5.8832,0,0,0,-4.4149,-4.5750,-5.4900,-5.4900,-5.9945,0,0,0
23.384600,1788532564.930506,6.4520,5.5320,5.5320,5.5320,4.3065,0,0,0,-6.7038,-7.9601,17.5121,28.7912,31.8504,1,0,0,0.2918,0.3735,0.5603,0.5603,0.9567,0,0,0,-4.1396,-3.6553,4.3864,4.3864,3.5986,0,0,0,4.6495,4.7650,5.7180,5.7180,5.8699,0,0,0,-4.2859,-4.5611,-5.4733,-5.4733,-5.9471,0,0,0
23.392123,1788532564.938534,6.4502,5.5774,5.5774,5.5774,4.4108,0,0,0,-6.6397,-7.8945,17.3680,28.5912,31.6503,1,0,0,0.4601,0.3777,0.5666,0.5666,0.9258,0,0,0,-3.9795,-3.6711,4.4053,4.4053,3.6575,0,0,0,4.6495,4.7594,5.7113,5.7113,5.8573,0,0,0,-4.2859,-4.5477,-5.4573,-5.4573,-5.9024,0,0,0
23.400122,1788532564.947542,6.4502,5.6254,5.6254,5.6254,4.5103,0,0,0,-6.6397,-7.8252,17.2153,28.3912,31.4503,1,0,0,0.4601,0.3822,0.5732,0.5732,0.8957,0,0,0,-3.9795,-3.6878,4.4254,4.4254,3.7153,0,0,0,4.6495,4.7535,5.7042,5.7042,5.8452,0,0,0,-4.2859,-4.5336,-5.4403,-5.4403,-5.8604,0,0,0
23.408164,1788532564.954068,6.4502,5.6587,5.6587,5.6587,4.6053,0,0,0,-6.6397,-7.7770,17.1093,28.1912,31.2502,1,0,0,0.4601,0.3852,0.5779,0.5779,0.8664,0,0,0,-3.9795,-3.6994,4.4393,4.4393,3.7718,0,0,0,4.6495,4.7494,5.6993,5.6993,5.8337,0,0,0,-4.2859,-4.5237,-5.4285,-5.4285,-5.8210,0,0,0
23.416169,1788532564.962592,6.4502,5.7000,5.7000,5.7000,4.6738,0,0,0,-6.6397,-7.7173,16.9782,27.9912,31.0997,1,0,0,0.4601,0.3891,0.5836,0.5836,0.8451,0,0,0,-3.9795,-3.7138,4.4566,4.4566,3.8132,0,0,0,4.6495,4.7443,5.6932,5.6932,5.8253,0,0,0,-4.2859,-4.5115,-5.4138,-5.4138,-5.7931,0,0,0
23.424678,1788532564.970092,6.4502,5.7346,5.7346,5.7346,4.7619,0,0,0,-6.6397,-7.6674,16.8682,27.7912,30.8963,1,0,0,0.4601,0.3923,0.5884,0.5884,0.8181,0,0,0,-3.9795,-3.7259,4.4711,4.4711,3.8671,0,0,0,4.6495,4.7400,5.6880,5.6880,5.8145,0,0,0,-4.2859,-4.5013,-5.4016,-5.4016,-5.7577,0,0,0
23.432193,1788532564.978609,6.4502,5.7718,5.7718,5.7718,4.8465,0,0,0,-6.6397,-7.6136,16.7500,27.5912,30.6903,1,0,0,0.4601,0.3957,0.5936,0.5936,0.7928,0,0,0,-3.9795,-3.7389,4.4867,4.4867,3.9192,0,0,0,4.6495,4.7354,5.6825,5.6825,5.8040,0,0,0,-4.2859,-4.4903,-5.3883,-5.3883,-5.7242,0,0,0
23.440194,1788532564.987607,6.4502,5.8090,5.8090,5.8090,4.9274,0,0,0,-6.6397,-7.5600,16.6320,27.3912,30.4823,1,0,0,0.4601,0.3992,0.5988,0.5988,0.7694,0,0,0,-3.9795,-3.7519,4.5023,4.5023,3.9692,0,0,0,4.6495,4.7308,5.6770,5.6770,5.7939,0,0,0,-4.2859,-4.4792,-5.3751,-5.3751,-5.6927,0,0,0
23.448186,1788532564.995600,6.4502,5.8403,5.8403,5.8403,5.0047,0,0,0,-6.6397,-7.5148,16.5325,27.1912,30.2728,1,0,0,0.4601,0.4021,0.6032,0.6032,0.7479,0,0,0,-3.9795,-3.7629,4.5155,4.5155,4.0171,0,0,0,4.6495,4.7269,5.6723,5.6723,5.7841,0,0,0,-4.2859,-4.4699,-5.3639,-5.3639,-5.6630,0,0,0
23.456302,1788532565.002728,6.4502,5.8670,5.8670,5.8670,5.0785,0,0,0,-6.6397,-7.4762,16.4477,26.9912,30.0624,1,0,0,0.4601,0.4046,0.6069,0.6069,0.7284,0,0,0,-3.9795,-3.7723,4.5268,4.5268,4.0627,0,0,0,4.6495,4.7236,5.6683,5.6683,5.7747,0,0,0,-4.2859,-4.4620,-5.3544,-5.3544,-5.6350,0,0,0
23.463960,1788532565.010718,6.1943,5.8830,5.8830,5.8830,5.1488,0,0,0,-6.4442,-7.4256,16.3362,26.7912,29.8514,1,0,0,0.3397,0.4015,0.6022,0.6022,0.7109,0,0,0,-3.9035,-3.7786,4.5344,4.5344,4.1060,0,0,0,4.0565,4.6916,5.6299,5.6299,5.7657,0,0,0,-5.4190,-4.5080,-5.4096,-5.4096,-5.6086,0,0,0
23.472512,1788532565.017923,6.1943,5.8968,5.8968,5.8968,5.1994,0,0,0,-6.4442,-7.3819,16.2402,26.5912,29.6930,1,0,0,0.3397,0.3988,0.5982,0.5982,0.6991,0,0,0,-3.9035,-3.7841,4.5409,4.5409,4.1370,0,0,0,4.0565,4.6640,5.5968,5.5968,5.7591,0,0,0,-5.4190,-4.5477,-5.4572,-5.4572,-5.5898,0,0,0
23.479976,1788532565.026392,6.1943,5.9121,5.9121,5.9121,5.2796,0,0,0,-6.4442,-7.3333,16.1333,26.3912,29.4290,1,0,0,0.3397,0.3958,0.5937,0.5937,0.6817,0,0,0,-3.9035,-3.7902,4.5482,4.5482,4.1856,0,0,0,4.0565,4.6332,5.5598,5.5598,5.7486,0,0,0,-5.4190,-4.5919,-5.5103,-5.5103,-5.5604,0,0,0
23.487976,1788532565.034392,6.0996,5.9213,5.9213,5.9213,5.3399,0,0,0,-6.3530,-7.2852,16.0275,26.1912,29.2180,1,0,0,0.3599,0.3941,0.5911,0.5911,0.6696,0,0,0,-3.8871,-3.7948,4.5538,4.5538,4.2219,0,0,0,3.6888,4.5878,5.5053,5.5053,5.7399,0,0,0,-6.0014,-4.6596,-5.5915,-5.5915,-5.5396,0,0,0
23.496863,1788532565.043280,6.0478,5.9281,5.9281,5.9281,5.3967,0,0,0,-6.2882,-7.2312,15.9087,25.9912,29.0073,1,0,0,0.3543,0.3920,0.5880,0.5880,0.6589,0,0,0,-3.9689,-3.8041,4.5649,4.5649,4.2558,0,0,0,3.5819,4.5343,5.4412,5.4412,5.7307,0,0,0,-6.0014,-4.7307,-5.6769,-5.6769,-5.5218,0,0,0
23.504865,1788532565.050365,6.0044,5.9314,5.9314,5.9314,5.4371,0,0,0,-6.2395,-7.1879,15.8134,25.7912,28.8496,1,0,0,0.1239,0.3805,0.5708,0.5708,0.6517,0,0,0,-3.9689,-3.8112,4.5734,4.5734,4.2797,0,0,0,3.2487,4.4792,5.3751,5.3751,5.7231,0,0,0,-6.1514,-4.7913,-5.7496,-5.7496,-5.5109,0,0,0
23.512350,1788532565.058538,6.0044,5.9350,5.9350,5.9350,5.4879,0,0,0,-6.2395,-7.1405,15.7091,25.5912,28.6398,1,0,0,0.1239,0.3679,0.5519,0.5519,0.6430,0,0,0,-3.9689,-3.8190,4.5828,4.5828,4.3096,0,0,0,3.2487,4.4188,5.3025,5.3025,5.7118,0,0,0,-6.1514,-4.8578,-5.8293,-5.8293,-5.5002,0,0,0
23.520388,1788532565.067287,6.0044,5.9387,5.9387,5.9387,5.5352,0,0,0,-6.2395,-7.0925,15.6035,25.3912,28.4306,1,0,0,0.1239,0.3552,0.5328,0.5328,0.6353,0,0,0,-3.9689,-3.8268,4.5922,4.5922,4.3373,0,0,0,3.2487,4.3574,5.2289,5.2289,5.6986,0,0,0,-6.1514,-4.9252,-5.9103,-5.9103,-5.4945,0,0,0
23.528896,1788532565.075307,6.0044,5.9419,5.9419,5.9419,5.5791,0,0,0,-6.2395,-7.0506,15.5114,25.1912,28.2220,1,0,0,0.1239,0.3441,0.5161,0.5161,0.6282,0,0,0,-3.9689,-3.8337,4.6004,4.6004,4.3631,0,0,0,3.2487,4.3038,5.1646,5.1646,5.6829,0,0,0,-6.1514,-4.9841,-5.9810,-5.9810,-5.4942,0,0,0
23.536420,1788532565.082843,6.0044,5.9447,5.9447,5.9447,5.6195,0,0,0,-6.2395,-7.0132,15.4289,24.9912,28.0140,1,0,0,0.1239,0.3341,0.5011,0.5011,0.6214,0,0,0,-3.9689,-3.8398,4.6078,4.6078,4.3870,0,0,0,3.2487,4.2558,5.1069,5.1069,5.6643,0,0,0,-6.1514,-5.0370,-6.0445,-6.0445,-5.4994,0,0,0
23.544310,1788532565.090834,5.8526,5.9403,5.9403,5.9403,5.6567,0,0,0,-5.8445,-6.9561,15.3033,24.7912,27.8066,1,0,0,-0.2661,0.3053,0.4579,0.4579,0.6146,0,0,0,-3.6443,-3.8304,4.5965,4.5965,4.4093,0,0,0,2.2561,4.1594,4.9912,4.9912,5.6425,0,0,0,-6.8378,-5.1234,-6.1481,-6.1481,-5.5103,0,0,0
23.552361,1788532565.098788,5.8526,5.9361,5.9361,5.9361,5.6907,0,0,0,-5.8445,-6.9020,15.1844,24.5912,27.5999,1,0,0,-0.2661,0.2780,0.4170,0.4170,0.6077,0,0,0,-3.6443,-3.8215,4.5858,4.5858,4.4299,0,0,0,2.2561,4.0679,4.8815,4.8815,5.6175,0,0,0,-6.8378,-5.2054,-6.2465,-6.2465,-5.5266,0,0,0
23.560367,1788532565.107787,5.8526,5.9315,5.9315,5.9315,5.7217,0,0,0,-5.8445,-6.8442,15.0573,24.3912,27.3938,1,0,0,-0.2661,0.2488,0.3732,0.3732,0.6005,0,0,0,-3.6443,-3.8120,4.5744,4.5744,4.4491,0,0,0,2.2561,3.9700,4.7640,4.7640,5.5892,0,0,0,-6.8378,-5.2932,-6.3519,-6.3519,-5.5482,0,0,0
23.568369,1788532565.115788,5.8526,5.9277,5.9277,5.9277,5.7498,0,0,0,-5.8445,-6.7954,14.9498,24.1912,27.1882,1,0,0,-0.2661,0.2240,0.3361,0.3361,0.5926,0,0,0,-3.6443,-3.8039,4.5647,4.5647,4.4667,0,0,0,2.2561,3.8871,4.6645,4.6645,5.5573,0,0,0,-6.8378,-5.3676,-6.4411,-6.4411,-5.5750,0,0,0
23.576676,1788532565.122110,5.8526,5.9248,5.9248,5.9248,5.7627,0,0,0,-5.8445,-6.7583,14.8682,23.9912,27.0856,1,0,0,-0.2661,0.2052,0.3079,0.3079,0.5882,0,0,0,-3.6443,-3.7978,4.5574,4.5574,4.4749,0,0,0,2.2561,3.8240,4.5888,4.5888,5.5397,0,0,0,-6.8378,-5.4242,-6.5090,-6.5090,-5.5905,0,0,0
23.584677,1788532565.131099,5.7682,5.9163,5.9163,5.9163,5.7974,0,0,0,-5.8734,-6.7100,14.7621,23.7912,26.7787,1,0,0,0.2242,0.2063,0.3094,0.3094,0.5730,0,0,0,-4.2173,-3.8203,4.5844,4.5844,4.4967,0,0,0,3.0038,3.7797,4.5356,4.5356,5.4800,0,0,0,-6.6945,-5.4926,-6.5911,-6.5911,-5.6450,0,0,0
23.592283,1788532565.138695,5.7433,5.9084,5.9084,5.9084,5.8125,0,0,0,-5.8810,-6.6715,14.6773,23.5912,26.6257,1,0,0,0.1388,0.2032,0.3048,0.3048,0.5640,0,0,0,-3.9557,-3.8265,4.5918,4.5918,4.5061,0,0,0,2.7401,3.7317,4.4781,4.4781,5.4461,0,0,0,-6.6945,-5.5478,-6.6574,-6.6574,-5.6767,0,0,0
23.600294,1788532565.146694,5.7258,5.8996,5.8996,5.8996,5.8305,0,0,0,-5.8948,-6.6336,14.5940,23.3912,26.4220,1,0,0,-0.5267,0.1681,0.2522,0.2522,0.5506,0,0,0,-3.6950,-3.8202,4.5842,4.5842,4.5170,0,0,0,1.9128,3.6436,4.3723,4.3723,5.3970,0,0,0,-6.9019,-5.6132,-6.7358,-6.7358,-5.7231,0,0,0
23.608156,1788532565.155561,5.7089,5.8894,5.8894,5.8894,5.8461,0,0,0,-5.8948,-6.5939,14.5066,23.1912,26.2187,1,0,0,-0.5267,0.1313,0.1969,0.1969,0.5359,0,0,0,-3.6950,-3.8136,4.5763,4.5763,4.5264,0,0,0,1.9128,3.5511,4.2613,4.2613,5.3441,0,0,0,-6.9019,-5.6818,-6.8181,-6.8181,-5.7738,0,0,0
23.616316,1788532565.162740,5.7089,5.8816,5.8816,5.8816,5.8594,0,0,0,-5.8948,-6.5632,14.4390,22.9912,26.0159,1,0,0,-0.5267,0.1028,0.1541,0.1541,0.5204,0,0,0,-3.6950,-3.8084,4.5701,4.5701,4.5348,0,0,0,1.9128,3.4794,4.1753,4.1753,5.2881,0,0,0,-6.9019,-5.7349,-6.8819,-6.8819,-5.8283,0,0,0
23.624847,1788532565.170263,5.7089,5.8737,5.8737,5.8737,5.8706,0,0,0,-5.8948,-6.5324,14.3714,22.7912,25.8134,1,0,0,-0.5267,0.0742,0.1113,0.1113,0.5041,0,0,0,-3.6950,-3.8033,4.5640,4.5640,4.5424,0,0,0,1.9128,3.4077,4.0893,4.0893,5.2293,0,0,0,-6.9019,-5.7881,-6.9458,-6.9458,-5.8859,0,0,0
23.632362,1788532565.177773,5.7089,5.8662,5.8662,5.8662,5.8798,0,0,0,-5.8948,-6.5032,14.3070,22.5912,25.6112,1,0,0,-0.5267,0.0470,0.0705,0.0705,0.4865,0,0,0,-3.6950,-3.7984,4.5581,4.5581,4.5489,0,0,0,1.9128,3.3394,4.0073,4.0073,5.1675,0,0,0,-6.9019,-5.8388,-7.0066,-7.0066,-5.9465,0,0,0
23.640501,1788532565.186398,5.7089,5.8581,5.8581,5.8581,5.8871,0,0,0,-5.8948,-6.4714,14.2370,22.3912,25.4093,1,0,0,-0.5267,0.0174,0.0260,0.0260,0.4673,0,0,0,-3.6950,-3.7931,4.5517,4.5517,4.5544,0,0,0,1.9128,3.2650,3.9180,3.9180,5.1027,0,0,0,-6.9019,-5.8940,-7.0729,-7.0729,-6.0096,0,0,0
23.648525,1788532565.194935,5.7089,5.8505,5.8505,5.8505,5.8926,0,0,0,-5.8948,-6.4415,14.1714,22.1912,25.2076,1,0,0,-0.5267,-0.0105,-0.0157,-0.0157,0.4465,0,0,0,-3.6950,-3.7881,4.5457,4.5457,4.5590,0,0,0,1.9128,3.1951,3.8341,3.8341,5.0351,0,0,0,-6.9019,-5.9459,-7.1351,-7.1351,-6.0747,0,0,0
23.656844,1788532565.202268,5.7089,5.8442,5.8442,5.8442,5.8965,0,0,0,-5.8948,-6.4171,14.1175,21.9912,25.0062,1,0,0,-0.5267,-0.0333,-0.0500,-0.0500,0.4240,0,0,0,-3.6950,-3.7840,4.5407,4.5407,4.5626,0,0,0,1.9128,3.1378,3.7653,3.7653,4.9651,0,0,0,-6.9019,-5.9885,-7.1861,-7.1861,-6.1413,0,0,0
23.664845,1788532565.211261,5.7089,5.8369,5.8369,5.8369,5.8990,0,0,0,-5.8948,-6.3887,14.0551,21.7912,24.8050,1,0,0,-0.5267,-0.0599,-0.0898,-0.0898,0.4000,0,0,0,-3.6950,-3.7792,4.5350,4.5350,4.5653,0,0,0,1.9128,3.0713,3.6855,3.6855,4.8929,0,0,0,-6.9019,-6.0378,-7.2454,-7.2454,-6.2089,0,0,0
23.672275,1788532565.219679,5.7089,5.8304,5.8304,5.8304,5.9000,0,0,0,-5.8948,-6.3635,13.9997,21.5912,24.6542,1,0,0,-0.5267,-0.0834,-0.1252,-0.1252,0.3808,0,0,0,-3.6950,-3.7749,4.5299,4.5299,4.5667,0,0,0,1.9128,3.0122,3.6146,3.6146,4.8375,0,0,0,-6.9019,-6.0817,-7.2981,-7.2981,-6.2602,0,0,0
23.680784,1788532565.226204,5.4721,5.8163,5.8163,5.8163,5.9002,0,0,0,-5.6947,-6.3367,13.9408,21.3912,24.4533,1,0,0,0.2160,-0.0716,-0.1074,-0.1074,0.3540,0,0,0,-3.7733,-3.7749,4.5299,4.5299,4.5679,0,0,0,2.6218,2.9966,3.5959,3.5959,4.7622,0,0,0,-7.0684,-6.1210,-7.3452,-7.3452,-6.3291,0,0,0
23.688796,1788532565.236201,5.4721,5.7958,5.7958,5.7958,5.8994,0,0,0,-5.6947,-6.2982,13.8561,21.1912,24.2525,1,0,0,0.2160,-0.0545,-0.0818,-0.0818,0.3258,0,0,0,-3.7733,-3.7748,4.5297,4.5297,4.5683,0,0,0,2.6218,2.9741,3.5690,3.5690,4.6856,0,0,0,-7.0684,-6.1776,-7.4131,-7.4131,-6.3981,0,0,0
23.696446,1788532565.242744,5.4721,5.7830,5.7830,5.7830,5.8977,0,0,0,-5.6947,-6.2740,13.8029,20.9912,24.0518,1,0,0,0.2160,-0.0438,-0.0657,-0.0657,0.2964,0,0,0,-3.7733,-3.7747,4.5297,4.5297,4.5680,0,0,0,2.6218,2.9600,3.5520,3.5520,4.6080,0,0,0,-7.0684,-6.2132,-7.4558,-7.4558,-6.4670,0,0,0
23.704961,1788532565.250870,5.4721,5.7679,5.7679,5.7679,5.8951,0,0,0,-5.6947,-6.2455,13.7401,20.7912,23.8513,1,0,0,0.2160,-0.0311,-0.0467,-0.0467,0.2662,0,0,0,-3.7733,-3.7747,4.5296,4.5296,4.5672,0,0,0,2.6218,2.9434,3.5320,3.5320,4.5301,0,0,0,-7.0684,-6.2552,-7.5062,-7.5062,-6.5355,0,0,0
23.712750,1788532565.258964,5.4721,5.7535,5.7535,5.7535,5.8916,0,0,0,-5.6947,-6.2185,13.6806,20.5912,23.6509,1,0,0,0.2160,-0.0191,-0.0287,-0.0287,0.2362,0,0,0,-3.7733,-3.7746,4.5295,4.5295,4.5658,0,0,0,2.6218,2.9276,3.5131,3.5131,4.4527,0,0,0,-7.0684,-6.2950,-7.5540,-7.5540,-6.6035,0,0,0
23.720240,1788532565.266150,5.3368,5.7355,5.7355,5.7355,5.8871,0,0,0,-5.6571,-6.1939,13.6265,20.3912,23.4505,1,0,0,0.4314,0.0004,0.0006,0.0006,0.2072,0,0,0,-4.0244,-3.7854,4.5425,4.5425,4.5642,0,0,0,3.1304,2.9365,3.5238,3.5238,4.3768,0,0,0,-7.3090,-6.3393,-7.6072,-7.6072,-6.6709,0,0,0
23.729006,1788532565.274654,5.3368,5.7152,5.7152,5.7152,5.8817,0,0,0,-5.6571,-6.1663,13.5658,20.1912,23.2502,1,0,0,0.4314,0.0223,0.0335,0.0335,0.1799,0,0,0,-4.0244,-3.7976,4.5571,4.5571,4.5623,0,0,0,3.1304,2.9464,3.5357,3.5357,4.3030,0,0,0,-7.3090,-6.3891,-7.6669,-7.6669,-6.7374,0,0,0
23.736566,1788532565.282964,5.3062,5.6949,5.6949,5.6949,5.8771,0,0,0,-5.6487,-6.1403,13.5086,19.9912,23.1001,1,0,0,0.3874,0.0405,0.0607,0.0607,0.1608,0,0,0,-4.0471,-3.8100,4.5719,4.5719,4.5607,0,0,0,2.9739,2.9478,3.5374,3.5374,4.2493,0,0,0,-7.2152,-6.4306,-7.7167,-7.7167,-6.7868,0,0,0
23.744558,1788532565.290978,5.2699,5.6745,5.6745,5.6745,5.8684,0,0,0,-5.6271,-6.1153,13.4537,19.7912,22.8498,1,0,0,0.3671,0.0562,0.0842,0.0842,0.1319,0,0,0,-4.0249,-3.8203,4.5843,4.5843,4.5581,0,0,0,2.9391,2.9474,3.5369,3.5369,4.1637,0,0,0,-7.4564,-6.4803,-7.7764,-7.7764,-6.8677,0,0,0
23.753273,1788532565.300151,5.2302,5.6502,5.6502,5.6502,5.8625,0,0,0,-5.5833,-6.0860,13.3892,19.5912,22.6992,1,0,0,0.3618,0.0728,0.1093,0.1093,0.1167,0,0,0,-4.0070,-3.8305,4.5966,4.5966,4.5567,0,0,0,2.8913,2.9443,3.5332,3.5332,4.1150,0,0,0,-7.4564,-6.5341,-7.8410,-7.8410,-6.9156,0,0,0
23.760875,1788532565.306310,5.2302,5.6346,5.6346,5.6346,5.8536,0,0,0,-5.5833,-6.0670,13.3474,19.3912,22.4958,1,0,0,0.3618,0.0836,0.1254,0.1254,0.0995,0,0,0,-4.0070,-3.8371,4.6045,4.6045,4.5555,0,0,0,2.8913,2.9423,3.5308,3.5308,4.0538,0,0,0,-7.4564,-6.5689,-7.8827,-7.8827,-6.9794,0,0,0
23.768874,1788532565.315294,5.1790,5.6102,5.6102,5.6102,5.8435,0,0,0,-5.4605,-6.0342,13.2753,19.1912,22.2897,1,0,0,0.1201,0.0856,0.1283,0.1283,0.0858,0,0,0,-3.5722,-3.8229,4.5875,4.5875,4.5550,0,0,0,2.2799,2.9066,3.4879,3.4879,3.9970,0,0,0,-7.3895,-6.6133,-7.9359,-7.9359,-7.0432,0,0,0
23.776878,1788532565.323303,5.1557,5.5884,5.5884,5.5884,5.8322,0,0,0,-5.4257,-6.0047,13.2103,18.9912,22.0817,1,0,0,0.1201,0.0872,0.1308,0.1308,0.0755,0,0,0,-3.5722,-3.8109,4.5730,4.5730,4.5553,0,0,0,2.2799,2.8763,3.4515,3.4515,3.9445,0,0,0,-7.3967,-6.6513,-7.9815,-7.9815,-7.1069,0,0,0
23.785394,1788532565.331303,5.1265,5.5663,5.5663,5.5663,5.8200,0,0,0,-5.3745,-5.9742,13.1432,18.7912,21.8722,1,0,0,0.0151,0.0838,0.1257,0.1257,0.0682,0,0,0,-3.4931,-3.7956,4.5548,4.5548,4.5564,0,0,0,2.1356,2.8405,3.4086,3.4086,3.8962,0,0,0,-7.5109,-6.6929,-8.0315,-8.0315,-7.1702,0,0,0
23.792906,1788532565.339321,5.1139,5.5446,5.5446,5.5446,5.8068,0,0,0,-5.3178,-5.9423,13.0731,18.5912,21.6618,1,0,0,0.1491,0.0869,0.1304,0.1304,0.0636,0,0,0,-3.6212,-3.7873,4.5447,4.5447,4.5577,0,0,0,2.3498,2.8167,3.3801,3.3801,3.8513,0,0,0,-7.3967,-6.7271,-8.0725,-8.0725,-7.2330,0,0,0
23.801423,1788532565.346839,5.1139,5.5252,5.5252,5.5252,5.7926,0,0,0,-5.3178,-5.9138,13.0104,18.3912,21.4508,1,0,0,0.1491,0.0897,0.1346,0.1346,0.0612,0,0,0,-3.6212,-3.7798,4.5357,4.5357,4.5591,0,0,0,2.3498,2.7955,3.3545,3.3545,3.8093,0,0,0,-7.3967,-6.7576,-8.1091,-8.1091,-7.2951,0,0,0
23.808959,1788532565.355375,5.0742,5.5022,5.5022,5.5022,5.7776,0,0,0,-5.2888,-5.8816,12.9396,18.1912,21.2396,1,0,0,0.1066,0.0906,0.1359,0.1359,0.0604,0,0,0,-3.6038,-3.7708,4.5250,4.5250,4.5601,0,0,0,2.2735,2.7686,3.3224,3.3224,3.7695,0,0,0,-7.2203,-6.7814,-8.1377,-8.1377,-7.3565,0,0,0
23.817470,1788532565.362886,5.0742,5.4829,5.4829,5.4829,5.7619,0,0,0,-5.2888,-5.8546,12.8802,17.9912,21.0285,1,0,0,0.1066,0.0913,0.1369,0.1369,0.0611,0,0,0,-3.6038,-3.7633,4.5159,4.5159,4.5606,0,0,0,2.2735,2.7461,3.2953,3.2953,3.7316,0,0,0,-7.2203,-6.8014,-8.1617,-8.1617,-7.4169,0,0,0
23.824979,1788532565.371394,5.0742,5.4621,5.4621,5.4621,5.7454,0,0,0,-5.2888,-5.8256,12.8163,17.7912,20.8175,1,0,0,0.1066,0.0921,0.1381,0.1381,0.0628,0,0,0,-3.6038,-3.7552,4.5062,4.5062,4.5606,0,0,0,2.2735,2.7219,3.2663,3.2663,3.6955,0,0,0,-7.2203,-6.8229,-8.1875,-8.1875,-7.4762,0,0,0
23.833290,1788532565.379395,5.0616,5.4429,5.4429,5.4429,5.7327,0,0,0,-5.2614,-5.7983,12.7562,17.5912,20.6595,1,0,0,-0.3101,0.0728,0.1092,0.1092,0.0647,0,0,0,-3.4754,-3.7418,4.4901,4.4901,4.5602,0,0,0,1.7507,2.6750,3.2100,3.2100,3.6693,0,0,0,-7.2881,-6.8454,-8.2145,-8.2145,-7.5197,0,0,0
23.840828,1788532565.388247,5.0616,5.4228,5.4228,5.4228,5.7151,0,0,0,-5.2614,-5.7697,12.6933,17.3912,20.4492,1,0,0,-0.3101,0.0526,0.0789,0.0789,0.0679,0,0,0,-3.4754,-3.7277,4.4733,4.4733,4.5591,0,0,0,1.7507,2.6258,3.1510,3.1510,3.6355,0,0,0,-7.2881,-6.8690,-8.2428,-8.2428,-7.5763,0,0,0
23.849013,1788532565.395381,5.0326,5.4060,5.4060,5.4060,5.6972,0,0,0,-5.2375,-5.7466,12.6425,17.1912,20.2394,1,0,0,-0.1049,0.0458,0.0688,0.0688,0.0716,0,0,0,-3.4529,-3.7160,4.4591,4.4591,4.5573,0,0,0,1.9646,2.5972,3.1166,3.1166,3.6027,0,0,0,-7.2307,-6.8847,-8.2616,-8.2616,-7.6310,0,0,0
23.857049,1788532565.402462,5.0326,5.3900,5.3900,5.3900,5.6787,0,0,0,-5.2375,-5.7247,12.5943,16.9912,20.0302,1,0,0,-0.1049,0.0394,0.0591,0.0591,0.0753,0,0,0,-3.4529,-3.7047,4.4457,4.4457,4.5548,0,0,0,1.9646,2.5700,3.0840,3.0840,3.5705,0,0,0,-7.2307,-6.8996,-8.2795,-8.2795,-7.6839,0,0,0
23.865541,1788532565.411956,5.0099,5.3686,5.3686,5.3686,5.6600,0,0,0,-5.2729,-5.6990,12.5378,16.7912,19.8216,1,0,0,-0.2356,0.0239,0.0359,0.0359,0.0784,0,0,0,-3.3713,-3.6860,4.4232,4.4232,4.5516,0,0,0,1.7938,2.5259,3.0311,3.0311,3.5384,0,0,0,-7.2997,-6.9223,-8.3068,-8.3068,-7.7348,0,0,0
23.873062,1788532565.419958,5.0099,5.3514,5.3514,5.3514,5.6410,0,0,0,-5.2729,-5.6784,12.4924,16.5912,19.6137,1,0,0,-0.2356,0.0115,0.0172,0.0172,0.0807,0,0,0,-3.3713,-3.6709,4.4051,4.4051,4.5475,0,0,0,1.7938,2.4905,2.9886,2.9886,3.5060,0,0,0,-7.2997,-6.9406,-8.3287,-8.3287,-7.7837,0,0,0
23.881593,1788532565.427000,5.0099,5.3369,5.3369,5.3369,5.6218,0,0,0,-5.2729,-5.6610,12.4543,16.3912,19.4063,1,0,0,-0.2356,0.0010,0.0015,0.0015,0.0821,0,0,0,-3.3713,-3.6582,4.3898,4.3898,4.5425,0,0,0,1.7938,2.4607,2.9528,2.9528,3.4735,0,0,0,-7.2997,-6.9559,-8.3471,-8.3471,-7.8304,0,0,0
23.889112,1788532565.436007,5.0099,5.3193,5.3193,5.3193,5.6025,0,0,0,-5.2729,-5.6400,12.4081,16.1912,19.1996,1,0,0,-0.2356,-0.0117,-0.0176,-0.0176,0.0825,0,0,0,-3.3713,-3.6428,4.3714,4.3714,4.5367,0,0,0,1.7938,2.4246,2.9096,2.9096,3.4407,0,0,0,-7.2997,-6.9745,-8.3694,-8.3694,-7.8752,0,0,0
23.897257,1788532565.443163,5.0099,5.3060,5.3060,5.3060,5.5832,0,0,0,-5.2729,-5.6241,12.3730,15.9912,18.9935,1,0,0,-0.2356,-0.0214,-0.0320,-0.0320,0.0818,0,0,0,-3.3713,-3.6311,4.3573,4.3573,4.5300,0,0,0,1.7938,2.3972,2.8767,2.8767,3.4073,0,0,0,-7.2997,-6.9886,-8.3864,-8.3864,-7.9179,0,0,0
23.905286,1788532565.451191,5.0099,5.2917,5.2917,5.2917,5.5638,0,0,0,-5.2729,-5.6071,12.3355,15.7912,18.7880,1,0,0,-0.2356,-0.0317,-0.0475,-0.0475,0.0800,0,0,0,-3.3713,-3.6186,4.3423,4.3423,4.5223,0,0,0,1.7938,2.3680,2.8416,2.8416,3.3735,0,0,0,-7.2997,-7.0037,-8.4044,-8.4044,-7.9587,0,0,0
23.913563,1788532565.460338,5.0099,5.2763,5.2763,5.2763,5.5445,0,0,0,-5.2729,-5.5887,12.2952,15.5912,18.5830,1,0,0,-0.2356,-0.0428,-0.0642,-0.0642,0.0769,0,0,0,-3.3713,-3.6051,4.3262,4.3262,4.5138,0,0,0,1.7938,2.3365,2.8038,2.8038,3.3392,0,0,0,-7.2997,-7.0199,-8.4239,-8.4239,-7.9977,0,0,0
23.921072,1788532565.467982,5.0099,5.2641,5.2641,5.2641,5.5253,0,0,0,-5.2729,-5.5741,12.2631,15.3912,18.3785,1,0,0,-0.2356,-0.0516,-0.0774,-0.0774,0.0726,0,0,0,-3.3713,-3.5944,4.3133,4.3133,4.5044,0,0,0,1.7938,2.3114,2.7736,2.7736,3.3044,0,0,0,-7.2997,-7.0329,-8.4394,-8.4394,-8.0348,0,0,0
23.929080,1788532565.475493,5.0099,5.2526,5.2526,5.2526,5.5063,0,0,0,-5.2729,-5.5604,12.2330,15.1912,18.1746,1,0,0,-0.2356,-0.0599,-0.0899,-0.0899,0.0673,0,0,0,-3.3713,-3.5843,4.3012,4.3012,4.4944,0,0,0,1.7938,2.2878,2.7454,2.7454,3.2694,0,0,0,-7.2997,-7.0450,-8.4540,-8.4540,-8.0702,0,0,0
23.937175,1788532565.482603,5.0099,5.2422,5.2422,5.2422,5.4921,0,0,0,-5.2729,-5.5480,12.2057,14.9912,18.0219,1,0,0,-0.2356,-0.0675,-0.1012,-0.1012,0.0626,0,0,0,-3.3713,-3.5752,4.2903,4.2903,4.4864,0,0,0,1.7938,2.2665,2.7198,2.7198,3.2429,0,0,0,-7.2997,-7.0560,-8.4671,-8.4671,-8.0957,0,0,0
23.945176,1788532565.491599,4.8722,5.2223,5.2223,5.2223,5.4735,0,0,0,-5.1048,-5.5241,12.1531,14.7912,17.8186,1,0,0,0.2735,-0.0492,-0.0738,-0.0738,0.0555,0,0,0,-3.6303,-3.5782,4.2938,4.2938,4.4753,0,0,0,2.4999,2.2791,2.7349,2.7349,3.2074,0,0,0,-7.2837,-7.0682,-8.4819,-8.4819,-8.1282,0,0,0
23.953029,1788532565.498933,4.8722,5.2068,5.2068,5.2068,5.4553,0,0,0,-5.1048,-5.5055,12.1121,14.5912,17.6158,1,0,0,0.2735,-0.0350,-0.0524,-0.0524,0.0475,0,0,0,-3.6303,-3.5805,4.2966,4.2966,4.4636,0,0,0,2.4999,2.2889,2.7467,2.7467,3.1719,0,0,0,-7.2837,-7.0778,-8.4934,-8.4934,-8.1592,0,0,0
23.961420,1788532565.507845,4.8427,5.1875,5.1875,5.1875,5.4373,0,0,0,-5.1019,-5.4839,12.0646,14.3912,17.4133,1,0,0,0.3603,-0.0140,-0.0210,-0.0210,0.0388,0,0,0,-3.9630,-3.6008,4.3209,4.3209,4.4516,0,0,0,2.8997,2.3215,2.7858,2.7858,3.1365,0,0,0,-7.3373,-7.0917,-8.5100,-8.5100,-8.1886,0,0,0
23.969584,1788532565.515999,4.8427,5.1706,5.1706,5.1706,5.4198,0,0,0,-5.0846,-5.4643,12.0215,14.1912,17.2111,1,0,0,0.4144,0.0069,0.0104,0.0104,0.0297,0,0,0,-3.9015,-3.6154,4.3385,4.3385,4.4394,0,0,0,2.9244,2.3511,2.8213,2.8213,3.1017,0,0,0,-7.4021,-7.1069,-8.5283,-8.5283,-8.2166,0,0,0
23.977119,1788532565.523537,4.8427,5.1557,5.1557,5.1557,5.4025,0,0,0,-5.0846,-5.4470,11.9834,13.9912,17.0092,1,0,0,0.4144,0.0254,0.0380,0.0380,0.0211,0,0,0,-3.9015,-3.6284,4.3541,4.3541,4.4274,0,0,0,2.9244,2.3772,2.8526,2.8526,3.0682,0,0,0,-7.4021,-7.1203,-8.5444,-8.5444,-8.2432,0,0,0
23.985200,1788532565.532616,4.8427,5.1388,5.1388,5.1388,5.3854,0,0,0,-5.0846,-5.4273,11.9400,13.7912,16.8076,1,0,0,0.4144,0.0463,0.0695,0.0695,0.0133,0,0,0,-3.9015,-3.6431,4.3718,4.3718,4.4159,0,0,0,2.9244,2.4069,2.8882,2.8882,3.0367,0,0,0,-7.4021,-7.1357,-8.5628,-8.5628,-8.2685,0,0,0
23.993719,1788532565.539137,4.8427,5.1271,5.1271,5.1271,5.3684,0,0,0,-5.0846,-5.4137,11.9101,13.5912,16.6061,1,0,0,0.4144,0.0608,0.0913,0.0913,0.0068,0,0,0,-3.9015,-3.6533,4.3840,4.3840,4.4054,0,0,0,2.9244,2.4273,2.9128,2.9128,3.0080,0,0,0,-7.4021,-7.1462,-8.5755,-8.5755,-8.2926,0,0,0
24.001830,1788532565.547226,4.8427,5.1133,5.1133,5.1133,5.3516,0,0,0,-5.0846,-5.3977,11.8748,13.3912,16.4049,1,0,0,0.4144,0.0779,0.1169,0.1169,0.0021,0,0,0,-3.9015,-3.6653,4.3984,4.3984,4.3962,0,0,0,2.9244,2.4515,2.9417,2.9417,2.9827,0,0,0,-7.4021,-7.1587,-8.5904,-8.5904,-8.3157,0,0,0
24.009860,1788532565.555756,4.8528,5.1000,5.1000,5.1000,5.3349,0,0,0,-4.9782,-5.3762,11.8275,13.1912,16.2039,1,0,0,0.3735,0.0930,0.1395,0.1395,-0.0007,0,0,0,-3.9888,-3.6818,4.4181,4.4181,4.3884,0,0,0,2.9085,2.4748,2.9697,2.9697,2.9608,0,0,0,-7.3270,-7.1673,-8.6007,-8.6007,-8.3379,0,0,0
24.017873,1788532565.563286,4.8600,5.0891,5.0891,5.0891,5.3183,0,0,0,-4.8206,-5.3509,11.7719,12.9912,16.0030,1,0,0,0.4166,0.1076,0.1614,0.1614,-0.0015,0,0,0,-4.0632,-3.6990,4.4388,4.4388,4.3821,0,0,0,3.0098,2.4990,2.9988,2.9988,2.9427,0,0,0,-7.1568,-7.1668,-8.6002,-8.6002,-8.3593,0,0,0
24.025902,1788532565.571315,4.8600,5.0781,5.0781,5.0781,5.3019,0,0,0,-4.8206,-5.3252,11.7155,12.7912,15.8023,1,0,0,0.4166,0.1225,0.1837,0.1837,-0.0003,0,0,0,-4.0632,-3.7165,4.4598,4.4598,4.3774,0,0,0,3.0098,2.5236,3.0283,3.0283,2.9283,0,0,0,-7.1568,-7.1663,-8.5996,-8.5996,-8.3799,0,0,0
24.033420,1788532565.578831,4.8600,5.0682,5.0682,5.0682,5.2897,0,0,0,-4.8206,-5.3023,11.6650,12.5912,15.6518,1,0,0,0.4166,0.1358,0.2036,0.2036,0.0019,0,0,0,-4.0632,-3.7322,4.4786,4.4786,4.3748,0,0,0,3.0098,2.5456,3.0547,3.0547,2.9199,0,0,0,-7.1568,-7.1659,-8.5991,-8.5991,-8.3949,0,0,0
24.041421,1788532565.587835,4.8600,5.0570,5.0570,5.0570,5.2737,0,0,0,-4.7696,-5.2736,11.6018,12.3912,15.4513,1,0,0,0.4722,0.1538,0.2307,0.2307,0.0066,0,0,0,-4.0564,-3.7495,4.4994,4.4994,4.3729,0,0,0,3.0533,2.5728,3.0874,3.0874,2.9117,0,0,0,-7.1207,-7.1635,-8.5962,-8.5962,-8.4141,0,0,0
24.049392,1788532565.595839,4.8600,5.0475,5.0475,5.0475,5.2578,0,0,0,-4.7696,-5.2492,11.5483,12.1912,15.2509,1,0,0,0.4722,0.1691,0.2536,0.2536,0.0129,0,0,0,-4.0564,-3.7642,4.5171,4.5171,4.3726,0,0,0,3.0533,2.5958,3.1150,3.1150,2.9070,0,0,0,-7.1207,-7.1614,-8.5937,-8.5937,-8.4324,0,0,0
24.058065,1788532565.603469,4.8600,5.0389,5.0389,5.0389,5.2423,0,0,0,-4.7696,-5.2271,11.4997,11.9912,15.0505,1,0,0,0.4722,0.1829,0.2744,0.2744,0.0210,0,0,0,-4.0564,-3.7776,4.5332,4.5332,4.3740,0,0,0,3.0533,2.6168,3.1401,3.1401,2.9056,0,0,0,-7.1207,-7.1595,-8.5914,-8.5914,-8.4496,0,0,0
24.066054,1788532565.612470,4.8600,5.0293,5.0293,5.0293,5.2271,0,0,0,-4.7696,-5.2025,11.4454,11.7912,14.8502,1,0,0,0.4722,0.1985,0.2977,0.2977,0.0306,0,0,0,-4.0564,-3.7926,4.5511,4.5511,4.3769,0,0,0,3.0533,2.6402,3.1682,3.1682,2.9071,0,0,0,-7.1207,-7.1574,-8.5889,-8.5889,-8.4656,0,0,0
24.073560,1788532565.619971,4.8600,5.0217,5.0217,5.0217,5.2122,0,0,0,-4.7696,-5.1828,11.4022,11.5912,14.6500,1,0,0,0.4722,0.2108,0.3162,0.3162,0.0417,0,0,0,-4.0564,-3.8045,4.5654,4.5654,4.3815,0,0,0,3.0533,2.6588,3.1905,3.1905,2.9116,0,0,0,-7.1207,-7.1558,-8.5869,-8.5869,-8.4804,0,0,0
24.082085,1788532565.627987,4.8542,5.0136,5.0136,5.0136,5.1976,0,0,0,-4.6240,-5.1558,11.3428,11.3912,14.4498,1,0,0,0.3634,0.2181,0.3272,0.3272,0.0541,0,0,0,-3.9532,-3.8116,4.5739,4.5739,4.3875,0,0,0,2.7720,2.6642,3.1970,3.1970,2.9188,0,0,0,-6.9832,-7.1475,-8.5770,-8.5770,-8.4939,0,0,0
24.089800,1788532565.635604,4.8542,5.0063,5.0063,5.0063,5.1834,0,0,0,-4.6240,-5.1314,11.2890,11.2890,14.2497,0,0,0,0.3634,0.2248,0.3372,0.3372,0.0678,0,0,0,-3.9532,-3.8181,4.5817,4.5817,4.3948,0,0,0,2.7720,2.6691,3.2029,3.2029,2.9284,0,0,0,-6.9832,-7.1399,-8.5679,-8.5679,-8.5062,0,0,0
24.097716,1788532565.643619,4.8542,4.9990,4.9990,4.9990,5.1696,0,0,0,-4.6051,-5.1059,11.2331,11.2331,14.0496,0,0,0,0.1351,0.2205,0.3307,0.3307,0.0825,0,0,0,-3.4884,-3.8023,4.5627,4.5627,4.4032,0,0,0,2.2656,2.6498,3.1797,3.1797,2.9402,0,0,0,-7.0439,-7.1353,-8.5624,-8.5624,-8.5172,0,0,0
24.105217,1788532565.652128,4.8542,4.9916,4.9916,4.9916,5.1562,0,0,0,-4.6051,-5.0803,11.1768,11.1768,13.8495,0,0,0,0.1351,0.2161,0.3242,0.3242,0.0982,0,0,0,-3.4884,-3.7863,4.5436,4.5436,4.4127,0,0,0,2.2656,2.6303,3.1563,3.1563,2.9537,0,0,0,-7.0439,-7.1307,-8.5568,-8.5568,-8.5270,0,0,0
24.113954,1788532565.659355,4.8579,4.9858,4.9858,4.9858,5.1433,0,0,0,-4.6272,-5.0605,11.1331,11.1331,13.6500,0,0,0,-0.2735,0.1948,0.2923,0.2923,0.1145,0,0,0,-3.4055,-3.7698,4.5237,4.5237,4.4230,0,0,0,1.7686,2.5928,3.1113,3.1113,2.9686,0,0,0,-7.0965,-7.1292,-8.5550,-8.5550,-8.5355,0,0,0
24.121918,1788532565.667685,4.8579,4.9794,4.9794,4.9794,5.1307,0,0,0,-4.6272,-5.0388,11.0854,11.0854,13.4527,0,0,0,-0.2735,0.1715,0.2573,0.2573,0.1310,0,0,0,-3.4055,-3.7516,4.5020,4.5020,4.4336,0,0,0,1.7686,2.5517,3.0621,3.0621,2.9842,0,0,0,-7.0965,-7.1276,-8.5531,-8.5531,-8.5426,0,0,0
24.129449,1788532565.675853,4.8579,4.9735,4.9735,4.9735,5.1185,0,0,0,-4.6272,-5.0186,11.0408,11.0408,13.2596,0,0,0,-0.2735,0.1498,0.2247,0.2247,0.1474,0,0,0,-3.4055,-3.7347,4.4817,4.4817,4.4442,0,0,0,1.7686,2.5134,3.0161,3.0161,2.9997,0,0,0,-7.0965,-7.1260,-8.5512,-8.5512,-8.5486,0,0,0
24.138033,1788532565.684443,4.8579,4.9675,4.9675,4.9675,5.1097,0,0,0,-4.6272,-4.9984,10.9964,10.9964,13.1184,0,0,0,-0.2735,0.1281,0.1922,0.1922,0.1593,0,0,0,-3.4055,-3.7179,4.4615,4.4615,4.4517,0,0,0,1.7686,2.4752,2.9702,2.9702,3.0108,0,0,0,-7.0965,-7.1245,-8.5494,-8.5494,-8.5522,0,0,0
24.145035,1788532565.691450,4.8579,4.9629,4.9629,4.9629,5.0983,0,0,0,-4.6272,-4.9826,10.9618,10.9618,12.9360,0,0,0,-0.2735,0.1112,0.1668,0.1668,0.1741,0,0,0,-3.4055,-3.7047,4.4456,4.4456,4.4608,0,0,0,1.7686,2.4453,2.9344,2.9344,3.0242,0,0,0,-7.0965,-7.1233,-8.5480,-8.5480,-8.5562,0,0,0
24.153790,1788532565.698991,4.9096,4.9605,4.9605,4.9605,5.0873,0,0,0,-4.6056,-4.9654,10.9240,10.9240,12.7612,0,0,0,-0.5367,0.0819,0.1228,0.1228,0.1871,0,0,0,-3.3180,-3.6872,4.4246,4.4246,4.4686,0,0,0,1.4661,2.4009,2.8810,2.8810,3.0353,0,0,0,-7.2753,-7.1302,-8.5563,-8.5563,-8.5593,0,0,0
24.161746,1788532565.707484,4.9096,4.9579,4.9579,4.9579,5.0766,0,0,0,-4.6056,-4.9471,10.8836,10.8836,12.5939,0,0,0,-0.5367,0.0505,0.0757,0.0757,0.1974,0,0,0,-3.3180,-3.6685,4.4022,4.4022,4.4747,0,0,0,1.4661,2.3533,2.8240,2.8240,3.0430,0,0,0,-7.2753,-7.1376,-8.5651,-8.5651,-8.5615,0,0,0
24.170254,1788532565.716177,4.8899,4.9544,4.9544,4.9544,5.0663,0,0,0,-4.6651,-4.9324,10.8512,10.8512,12.4347,0,0,0,-0.3083,0.0319,0.0478,0.0478,0.2049,0,0,0,-3.3059,-3.6497,4.3796,4.3796,4.4789,0,0,0,1.7470,2.3218,2.7862,2.7862,3.0471,0,0,0,-7.1565,-7.1386,-8.5663,-8.5663,-8.5630,0,0,0
24.177627,1788532565.723471,4.8823,4.9512,4.9512,4.9512,5.0564,0,0,0,-4.6652,-4.9206,10.8253,10.8253,12.2840,0,0,0,-0.1834,0.0224,0.0336,0.0336,0.2093,0,0,0,-3.3343,-3.6358,4.3630,4.3630,4.4813,0,0,0,1.9036,2.3034,2.7641,2.7641,3.0474,0,0,0,-7.0179,-7.1333,-8.5599,-8.5599,-8.5641,0,0,0
24.186152,1788532565.732585,4.8811,4.9474,4.9474,4.9474,5.0470,0,0,0,-4.6994,-4.9085,10.7988,10.7988,12.1418,0,0,0,0.0369,0.0232,0.0348,0.0348,0.2105,0,0,0,-3.3947,-3.6228,4.3473,4.3473,4.4817,0,0,0,2.1994,2.2977,2.7573,2.7573,3.0438,0,0,0,-6.8893,-7.1200,-8.5440,-8.5440,-8.5649,0,0,0
24.193685,1788532565.739090,4.8823,4.9448,4.9448,4.9448,5.0380,0,0,0,-4.7280,-4.9014,10.7831,10.7831,12.0082,0,0,0,0.0402,0.0239,0.0358,0.0358,0.2087,0,0,0,-3.4273,-3.6151,4.3381,4.3381,4.4803,0,0,0,2.2333,2.2952,2.7542,2.7542,3.0365,0,0,0,-6.8773,-7.1105,-8.5326,-8.5326,-8.5656,0,0,0
24.202219,1788532565.748125,4.9022,4.9425,4.9425,4.9425,5.0294,0,0,0,-4.7664,-4.8941,10.7670,10.7670,11.8832,0,0,0,0.0828,0.0271,0.0406,0.0406,0.2042,0,0,0,-3.4514,-3.6063,4.3275,4.3275,4.4772,0,0,0,2.3174,2.2964,2.7557,2.7557,3.0261,0,0,0,-6.8744,-7.0978,-8.5173,-8.5173,-8.5660,0,0,0
24.210238,1788532565.756115,4.9022,4.9406,4.9406,4.9406,5.0213,0,0,0,-4.7664,-4.8880,10.7535,10.7535,11.7666,0,0,0,0.0828,0.0297,0.0446,0.0446,0.1978,0,0,0,-3.4514,-3.5989,4.3186,4.3186,4.4725,0,0,0,2.3174,2.2974,2.7569,2.7569,3.0133,0,0,0,-6.8744,-7.0871,-8.5045,-8.5045,-8.5659,0,0,0
24.217914,1788532565.763339,4.9022,4.9389,4.9389,4.9389,5.0136,0,0,0,-4.7664,-4.8827,10.7418,10.7418,11.6584,0,0,0,0.0828,0.0320,0.0480,0.0480,0.1899,0,0,0,-3.4514,-3.5925,4.3109,4.3109,4.4665,0,0,0,2.3174,2.2983,2.7579,2.7579,2.9988,0,0,0,-6.8744,-7.0779,-8.4934,-8.4934,-8.5653,0,0,0
24.226444,1788532565.770866,4.9223,4.9382,4.9382,4.9382,5.0064,0,0,0,-4.9395,-4.8852,10.7475,10.7475,11.5582,0,0,0,-0.0479,0.0284,0.0426,0.0426,0.1811,0,0,0,-3.4348,-3.5853,4.3024,4.3024,4.4594,0,0,0,2.2053,2.2941,2.7529,2.7529,2.9832,0,0,0,-6.8649,-7.0682,-8.4819,-8.4819,-8.5640,0,0,0
24.233970,1788532565.780385,4.9223,4.9373,4.9373,4.9373,5.0013,0,0,0,-4.9395,-4.8883,10.7543,10.7543,11.4883,0,0,0,-0.0479,0.0241,0.0362,0.0362,0.1742,0,0,0,-3.4348,-3.5768,4.2922,4.2922,4.4534,0,0,0,2.2053,2.2890,2.7468,2.7468,2.9711,0,0,0,-6.8649,-7.0568,-8.4681,-8.4681,-8.5625,0,0,0
24.242057,1788532565.787469,4.9223,4.9366,4.9366,4.9366,4.9948,0,0,0,-4.9395,-4.8905,10.7591,10.7591,11.4018,0,0,0,-0.0479,0.0210,0.0315,0.0315,0.1649,0,0,0,-3.4348,-3.5708,4.2849,4.2849,4.4449,0,0,0,2.2053,2.2855,2.7425,2.7425,2.9549,0,0,0,-6.8649,-7.0486,-8.4583,-8.4583,-8.5599,0,0,0
24.250057,1788532565.796474,4.9223,4.9359,4.9359,4.9359,4.9887,0,0,0,-4.9395,-4.8931,10.7649,10.7649,11.3227,0,0,0,-0.0479,0.0173,0.0260,0.0260,0.1554,0,0,0,-3.4348,-3.5635,4.2762,4.2762,4.4357,0,0,0,2.2053,2.2811,2.7374,2.7374,2.9387,0,0,0,-6.8649,-7.0387,-8.4465,-8.4465,-8.5565,0,0,0
24.258160,1788532565.803845,4.9223,4.9353,4.9353,4.9353,4.9831,0,0,0,-4.9395,-4.8952,10.7694,10.7694,11.2509,0,0,0,-0.0479,0.0144,0.0217,0.0217,0.1460,0,0,0,-3.4348,-3.5578,4.2693,4.2693,4.4261,0,0,0,2.2053,2.2778,2.7333,2.7333,2.9227,0,0,0,-6.8649,-7.0310,-8.4373,-8.4373,-8.5524,0,0,0
24.265688,1788532565.811577,4.8781,4.9326,4.9326,4.9326,4.9779,0,0,0,-5.0615,-4.9029,10.7865,10.7865,11.1863,0,0,0,-0.4431,-0.0068,-0.0102,-0.0102,0.1367,0,0,0,-3.4545,-3.5530,4.2636,4.2636,4.4162,0,0,0,1.8755,2.2591,2.7109,2.7109,2.9070,0,0,0,-6.7654,-7.0187,-8.4225,-8.4225,-8.5476,0,0,0
24.273695,1788532565.820093,4.8701,4.9294,4.9294,4.9294,4.9731,0,0,0,-5.0615,-4.9110,10.8042,10.8042,11.1284,0,0,0,-0.2566,-0.0195,-0.0292,-0.0292,0.1275,0,0,0,-3.4611,-3.5483,4.2580,4.2580,4.4060,0,0,0,2.1099,2.2515,2.7018,2.7018,2.8919,0,0,0,-6.7391,-7.0045,-8.4054,-8.4054,-8.5422,0,0,0
24.281673,1788532565.828105,4.8701,4.9266,4.9266,4.9266,4.9709,0,0,0,-5.0615,-4.9183,10.8202,10.8202,11.1019,0,0,0,-0.2566,-0.0309,-0.0463,-0.0463,0.1229,0,0,0,-3.4611,-3.5441,4.2529,4.2529,4.4009,0,0,0,2.1099,2.2447,2.6936,2.6936,2.8845,0,0,0,-6.7391,-6.9918,-8.3902,-8.3902,-8.5392,0,0,0
24.290188,1788532565.836092,4.8701,4.9239,4.9239,4.9239,4.9647,0,0,0,-5.0615,-4.9251,10.8353,10.8353,11.0315,0,0,0,-0.2566,-0.0417,-0.0625,-0.0625,0.1093,0,0,0,-3.4611,-3.5401,4.2482,4.2482,4.3854,0,0,0,2.1099,2.2382,2.6859,2.6859,2.8631,0,0,0,-6.7391,-6.9797,-8.3757,-8.3757,-8.5294,0,0,0
24.298185,1788532565.843609,4.8701,4.9215,4.9215,4.9215,4.9609,0,0,0,-5.0615,-4.9313,10.8488,10.8488,10.9920,0,0,0,-0.2566,-0.0514,-0.0771,-0.0771,0.0998,0,0,0,-3.4611,-3.5366,4.2439,4.2439,4.3752,0,0,0,2.1099,2.2324,2.6789,2.6789,2.8492,0,0,0,-6.7391,-6.9689,-8.3626,-8.3626,-8.5222,0,0,0
24.306214,1788532565.852117,4.8701,4.9188,4.9188,4.9188,4.9574,0,0,0,-5.0615,-4.9379,10.8634,10.8634,10.9580,0,0,0,-0.2566,-0.0618,-0.0927,-0.0927,0.0899,0,0,0,-3.4611,-3.5327,4.2393,4.2393,4.3650,0,0,0,2.1099,2.2262,2.6714,2.6714,2.8357,0,0,0,-6.7391,-6.9572,-8.3486,-8.3486,-8.5142,0,0,0
24.313724,1788532565.861139,4.8798,4.9167,4.9167,4.9167,4.9540,0,0,0,-4.8067,-4.9309,10.8479,10.8479,10.9293,0,0,0,-0.3088,-0.0751,-0.1126,-0.1126,0.0796,0,0,0,-3.4499,-3.5283,4.2339,4.2339,4.3551,0,0,0,2.0643,2.2175,2.6610,2.6610,2.8226,0,0,0,-6.6776,-6.9422,-8.3306,-8.3306,-8.5057,0,0,0
24.322235,1788532565.869142,4.8798,4.9150,4.9150,4.9150,4.9517,0,0,0,-4.8067,-4.9249,10.8348,10.8348,10.9109,0,0,0,-0.3088,-0.0863,-0.1294,-0.1294,0.0716,0,0,0,-3.4499,-3.5245,4.2294,4.2294,4.3478,0,0,0,2.0643,2.2101,2.6521,2.6521,2.8130,0,0,0,-6.6776,-6.9295,-8.3154,-8.3154,-8.4989,0,0,0
24.330239,1788532565.875655,4.8798,4.9136,4.9136,4.9136,4.9486,0,0,0,-4.8067,-4.9202,10.8245,10.8245,10.8904,0,0,0,-0.3088,-0.0951,-0.1426,-0.1426,0.0606,0,0,0,-3.4499,-3.5216,4.2259,4.2259,4.3383,0,0,0,2.0643,2.2044,2.6452,2.6452,2.8006,0,0,0,-6.6776,-6.9196,-8.3035,-8.3035,-8.4894,0,0,0
24.338326,1788532565.884741,4.8798,4.9118,4.9118,4.9118,4.9457,0,0,0,-4.8067,-4.9141,10.8110,10.8110,10.8737,0,0,0,-0.3088,-0.1066,-0.1599,-0.1599,0.0492,0,0,0,-3.4499,-3.5177,4.2212,4.2212,4.3292,0,0,0,2.0643,2.1968,2.6361,2.6361,2.7885,0,0,0,-6.6776,-6.9065,-8.2878,-8.2878,-8.4794,0,0,0
24.346839,1788532565.891758,4.8798,4.9104,4.9104,4.9104,4.9429,0,0,0,-4.8067,-4.9095,10.8010,10.8010,10.8601,0,0,0,-0.3088,-0.1152,-0.1728,-0.1728,0.0372,0,0,0,-3.4499,-3.5148,4.2178,4.2178,4.3203,0,0,0,2.0643,2.1912,2.6294,2.6294,2.7768,0,0,0,-6.6776,-6.8968,-8.2762,-8.2762,-8.4688,0,0,0
24.354536,1788532565.899854,4.8798,4.9089,4.9089,4.9089,4.9402,0,0,0,-4.8067,-4.9046,10.7900,10.7900,10.8490,0,0,0,-0.3088,-0.1246,-0.1869,-0.1869,0.0249,0,0,0,-3.4499,-3.5117,4.2140,4.2140,4.3118,0,0,0,2.0643,2.1850,2.6220,2.6220,2.7654,0,0,0,-6.6776,-6.8862,-8.2634,-8.2634,-8.4578,0,0,0
24.362528,1788532565.907942,4.8213,4.9047,4.9047,4.9047,4.9376,0,0,0,-4.5020,-4.8850,10.7471,10.7471,10.8397,0,0,0,-1.0309,-0.1685,-0.2528,-0.2528,0.0122,0,0,0,-3.4110,-3.5068,4.2082,4.2082,4.3035,0,0,0,1.3109,2.1426,2.5711,2.5711,2.7543,0,0,0,-6.6520,-6.8748,-8.2498,-8.2498,-8.4463,0,0,0
24.370544,1788532565.915941,4.8689,4.9030,4.9030,4.9030,4.9351,0,0,0,-4.3573,-4.8597,10.6914,10.6914,10.8319,0,0,0,-1.0309,-0.2099,-0.3149,-0.3149,-0.0008,0,0,0,-3.4110,-3.5022,4.2027,4.2027,4.2957,0,0,0,1.3109,2.1027,2.5232,2.5232,2.7436,0,0,0,-6.6695,-6.8650,-8.2380,-8.2380,-8.4345,0,0,0
24.378545,1788532565.924960,4.8689,4.9011,4.9011,4.9011,4.9333,0,0,0,-4.3573,-4.8327,10.6319,10.6319,10.8268,0,0,0,-1.0309,-0.2541,-0.3811,-0.3811,-0.0108,0,0,0,-3.4110,-3.4973,4.1968,4.1968,4.2900,0,0,0,1.3109,2.0601,2.4721,2.4721,2.7357,0,0,0,-6.6695,-6.8545,-8.2254,-8.2254,-8.4255,0,0,0
24.386989,1788532565.931964,4.8689,4.8998,4.8998,4.8998,4.9310,0,0,0,-4.3573,-4.8126,10.5877,10.5877,10.8205,0,0,0,-1.0309,-0.2870,-0.4304,-0.4304,-0.0245,0,0,0,-3.4110,-3.4937,4.1924,4.1924,4.2826,0,0,0,1.3109,2.0283,2.4340,2.4340,2.7252,0,0,0,-6.6695,-6.8467,-8.2160,-8.2160,-8.4132,0,0,0
24.394593,1788532565.941006,4.9138,4.9005,4.9005,4.9005,4.9287,0,0,0,-4.3087,-4.7854,10.5279,10.5279,10.8141,0,0,0,-0.7071,-0.3096,-0.4644,-0.4644,-0.0395,0,0,0,-3.4312,-3.4903,4.1884,4.1884,4.2756,0,0,0,1.6625,2.0086,2.4103,2.4103,2.7141,0,0,0,-6.5307,-6.8297,-8.1956,-8.1956,-8.4007,0,0,0
24.402786,1788532565.948196,4.9138,4.9011,4.9011,4.9011,4.9265,0,0,0,-4.3087,-4.7647,10.4824,10.4824,10.8067,0,0,0,-0.7071,-0.3269,-0.4903,-0.4903,-0.0563,0,0,0,-3.4312,-3.4878,4.1853,4.1853,4.2688,0,0,0,1.6625,1.9936,2.3923,2.3923,2.7019,0,0,0,-6.5307,-6.8167,-8.1801,-8.1801,-8.3880,0,0,0
24.410796,1788532565.955706,4.9138,4.9017,4.9017,4.9017,4.9243,0,0,0,-4.3087,-4.7441,10.4370,10.4370,10.7977,0,0,0,-0.7071,-0.3441,-0.5161,-0.5161,-0.0752,0,0,0,-3.4312,-3.4852,4.1822,4.1822,4.2622,0,0,0,1.6625,1.9786,2.3743,2.3743,2.6883,0,0,0,-6.5307,-6.8038,-8.1646,-8.1646,-8.3753,0,0,0
24.417883,1788532565.964298,4.9138,4.9023,4.9023,4.9023,4.9222,0,0,0,-4.3087,-4.7217,10.3878,10.3878,10.7867,0,0,0,-0.7071,-0.3628,-0.5441,-0.5441,-0.0964,0,0,0,-3.4312,-3.4824,4.1789,4.1789,4.2559,0,0,0,1.6625,1.9623,2.3548,2.3548,2.6731,0,0,0,-6.5307,-6.7898,-8.1477,-8.1477,-8.3624,0,0,0
24.426083,1788532565.971601,4.9138,4.9028,4.9028,4.9028,4.9201,0,0,0,-4.3087,-4.7035,10.3477,10.3477,10.7735,0,0,0,-0.7071,-0.3779,-0.5669,-0.5669,-0.1194,0,0,0,-3.4312,-3.4802,4.1762,4.1762,4.2497,0,0,0,1.6625,1.9491,2.3389,2.3389,2.6565,0,0,0,-6.5307,-6.7784,-8.1341,-8.1341,-8.3494,0,0,0
24.434692,1788532565.980111,4.9138,4.9034,4.9034,4.9034,4.9182,0,0,0,-4.3087,-4.6834,10.3035,10.3035,10.7579,0,0,0,-0.7071,-0.3947,-0.5921,-0.5921,-0.1440,0,0,0,-3.4312,-3.4777,4.1732,4.1732,4.2437,0,0,0,1.6625,1.9345,2.3214,2.3214,2.6389,0,0,0,-6.5307,-6.7658,-8.1189,-8.1189,-8.3362,0,0,0
24.442688,1788532565.988117,4.8422,4.9004,4.9004,4.9004,4.9164,0,0,0,-4.2056,-4.6604,10.2529,10.2529,10.7399,0,0,0,0.4411,-0.3545,-0.5318,-0.5318,-0.1698,0,0,0,-3.5154,-3.4795,4.1754,4.1754,4.2380,0,0,0,3.1607,1.9934,2.3921,2.3921,2.6205,0,0,0,-6.5891,-6.7573,-8.1088,-8.1088,-8.3229,0,0,0
24.450736,1788532565.995632,4.8422,4.8978,4.8978,4.8978,4.9151,0,0,0,-4.2056,-4.6398,10.2076,10.2076,10.7248,0,0,0,0.4411,-0.3186,-0.4778,-0.4778,-0.1898,0,0,0,-3.5154,-3.4811,4.1774,4.1774,4.2338,0,0,0,3.1607,2.0462,2.4554,2.4554,2.6062,0,0,0,-6.5891,-6.7497,-8.0996,-8.0996,-8.3127,0,0,0
24.458262,1788532566.003663,4.8316,4.8946,4.8946,4.8946,4.9136,0,0,0,-4.1773,-4.6175,10.1585,10.1585,10.7028,0,0,0,0.4457,-0.2818,-0.4227,-0.4227,-0.2172,0,0,0,-3.7299,-3.4931,4.1917,4.1917,4.2284,0,0,0,3.3050,2.1067,2.5281,2.5281,2.5867,0,0,0,-6.5844,-6.7417,-8.0901,-8.0901,-8.2990,0,0,0
24.466246,1788532566.011669,4.8316,4.8916,4.8916,4.8916,4.9122,0,0,0,-4.1773,-4.5963,10.1119,10.1119,10.6785,0,0,0,0.4457,-0.2469,-0.3703,-0.3703,-0.2447,0,0,0,-3.7299,-3.5044,4.2053,4.2053,4.2233,0,0,0,3.3050,2.1641,2.5970,2.5970,2.5672,0,0,0,-6.5844,-6.7342,-8.0810,-8.0810,-8.2852,0,0,0
24.474780,1788532566.020183,4.8178,4.8879,4.8879,4.8879,4.9112,0,0,0,-4.1214,-4.5721,10.0586,10.0586,10.6584,0,0,0,0.4396,-0.2120,-0.3180,-0.3180,-0.2643,0,0,0,-3.7337,-3.5161,4.2193,4.2193,4.2197,0,0,0,3.2876,2.2212,2.6654,2.6654,2.5539,0,0,0,-6.5627,-6.7255,-8.0705,-8.0705,-8.2747,0,0,0
24.482832,1788532566.029300,4.8178,4.8841,4.8841,4.8841,4.9096,0,0,0,-4.1214,-4.5476,10.0047,10.0047,10.6217,0,0,0,0.4396,-0.1767,-0.2650,-0.2650,-0.2933,0,0,0,-3.7337,-3.5279,4.2335,4.2335,4.2143,0,0,0,3.2876,2.2790,2.7349,2.7349,2.5359,0,0,0,-6.5627,-6.7166,-8.0599,-8.0599,-8.2571,0,0,0
24.490170,1788532566.036585,4.8178,4.8812,4.8812,4.8812,4.9082,0,0,0,-4.1214,-4.5288,9.9634,9.9634,10.5895,0,0,0,0.4396,-0.1497,-0.2245,-0.2245,-0.3125,0,0,0,-3.7337,-3.5369,4.2443,4.2443,4.2108,0,0,0,3.2876,2.3233,2.7879,2.7879,2.5260,0,0,0,-6.5627,-6.7099,-8.0518,-8.0518,-8.2430,0,0,0
24.498675,1788532566.043697,4.7827,4.8769,4.8769,4.8769,4.9068,0,0,0,-4.0569,-4.5085,9.9188,9.9188,10.5552,0,0,0,0.2277,-0.1336,-0.2003,-0.2003,-0.3277,0,0,0,-3.7274,-3.5450,4.2540,4.2540,4.2083,0,0,0,2.9082,2.3483,2.8180,2.8180,2.5207,0,0,0,-6.3355,-6.6938,-8.0326,-8.0326,-8.2290,0,0,0
24.506268,1788532566.052163,4.7827,4.8722,4.8722,4.8722,4.9053,0,0,0,-4.0569,-4.4856,9.8684,9.8684,10.5188,0,0,0,0.2277,-0.1153,-0.1729,-0.1729,-0.3384,0,0,0,-3.7274,-3.5542,4.2651,4.2651,4.2067,0,0,0,2.9082,2.3767,2.8520,2.8520,2.5202,0,0,0,-6.3355,-6.6757,-8.0108,-8.0108,-8.2151,0,0,0
24.514973,1788532566.060414,4.7482,4.8661,4.8661,4.8661,4.9041,0,0,0,-4.0162,-4.4624,9.8172,9.8172,10.4903,0,0,0,0.1290,-0.1032,-0.1549,-0.1549,-0.3437,0,0,0,-3.7882,-3.5658,4.2789,4.2789,4.2062,0,0,0,2.7700,2.3961,2.8753,2.8753,2.5229,0,0,0,-6.2523,-6.6547,-7.9857,-7.9857,-8.2047,0,0,0
24.522494,1788532566.069392,4.7482,4.8598,4.8598,4.8598,4.9025,0,0,0,-4.0162,-4.4384,9.7645,9.7645,10.4511,0,0,0,0.1290,-0.0908,-0.1363,-0.1363,-0.3472,0,0,0,-3.7882,-3.5777,4.2932,4.2932,4.2063,0,0,0,2.7700,2.4161,2.8994,2.8994,2.5304,0,0,0,-6.2523,-6.6332,-7.9598,-7.9598,-8.1911,0,0,0
24.531031,1788532566.075920,4.6971,4.8533,4.8533,4.8533,4.9006,0,0,0,-3.9821,-4.4203,9.7248,9.7248,10.4104,0,0,0,-0.2015,-0.0952,-0.1428,-0.1428,-0.3470,0,0,0,-3.4900,-3.5742,4.2890,4.2890,4.2074,0,0,0,2.2173,2.4083,2.8899,2.8899,2.5416,0,0,0,-6.2523,-6.6181,-7.9418,-7.9418,-8.1773,0,0,0
24.539047,1788532566.084460,4.6971,4.8454,4.8454,4.8454,4.8987,0,0,0,-3.9821,-4.3979,9.6754,9.6754,10.3686,0,0,0,-0.2015,-0.1006,-0.1509,-0.1509,-0.3436,0,0,0,-3.4900,-3.5699,4.2839,4.2839,4.2095,0,0,0,2.2173,2.3985,2.8782,2.8782,2.5561,0,0,0,-6.2523,-6.5994,-7.9193,-7.9193,-8.1634,0,0,0
24.547049,1788532566.093472,4.6971,4.8374,4.8374,4.8374,4.8964,0,0,0,-3.9821,-4.3755,9.6261,9.6261,10.3256,0,0,0,-0.2015,-0.1060,-0.1590,-0.1590,-0.3374,0,0,0,-3.4900,-3.5656,4.2788,4.2788,4.2124,0,0,0,2.2173,2.3888,2.8666,2.8666,2.5733,0,0,0,-6.2523,-6.5808,-7.8969,-7.8969,-8.1490,0,0,0
24.554726,1788532566.100618,4.6971,4.8314,4.8314,4.8314,4.8940,0,0,0,-3.9821,-4.3585,9.5887,9.5887,10.2817,0,0,0,-0.2015,-0.1101,-0.1652,-0.1652,-0.3291,0,0,0,-3.4900,-3.5624,4.2749,4.2749,4.2161,0,0,0,2.2173,2.3814,2.8577,2.8577,2.5923,0,0,0,-6.2523,-6.5666,-7.8799,-7.8799,-8.1343,0,0,0
24.562730,1788532566.108143,4.6772,4.8244,4.8244,4.8244,4.8913,0,0,0,-3.9430,-4.3397,9.5472,9.5472,10.2371,0,0,0,-0.7267,-0.1380,-0.2070,-0.2070,-0.3195,0,0,0,-3.4545,-3.5575,4.2690,4.2690,4.2202,0,0,0,1.6563,2.3486,2.8184,2.8184,2.6122,0,0,0,-6.4087,-6.5595,-7.8714,-7.8714,-8.1192,0,0,0
24.570264,1788532566.117162,4.6772,4.8165,4.8165,4.8165,4.8882,0,0,0,-3.9430,-4.3183,9.5002,9.5002,10.1917,0,0,0,-0.7267,-0.1696,-0.2543,-0.2543,-0.3092,0,0,0,-3.4545,-3.5520,4.2624,4.2624,4.2244,0,0,0,1.6563,2.3115,2.7738,2.7738,2.6323,0,0,0,-6.4087,-6.5514,-7.8616,-7.8616,-8.1035,0,0,0
24.578267,1788532566.123682,4.6731,4.8109,4.8109,4.8109,4.8866,0,0,0,-3.9438,-4.3035,9.4676,9.4676,10.1689,0,0,0,-0.4681,-0.1813,-0.2720,-0.2720,-0.3039,0,0,0,-3.4939,-3.5497,4.2596,4.2596,4.2265,0,0,0,1.9557,2.2975,2.7570,2.7570,2.6422,0,0,0,-6.3924,-6.5451,-7.8541,-7.8541,-8.0956,0,0,0
24.586269,1788532566.132674,4.6731,4.8035,4.8035,4.8035,4.8822,0,0,0,-3.9438,-4.2841,9.4251,9.4251,10.1115,0,0,0,-0.4681,-0.1967,-0.2950,-0.2950,-0.2909,0,0,0,-3.4939,-3.5467,4.2561,4.2561,4.2317,0,0,0,1.9557,2.2792,2.7351,2.7351,2.6659,0,0,0,-6.3924,-6.5369,-7.8443,-7.8443,-8.0753,0,0,0
24.594427,1788532566.139842,4.6731,4.7979,4.7979,4.7979,4.8784,0,0,0,-3.9438,-4.2694,9.3926,9.3926,10.0653,0,0,0,-0.4681,-0.2084,-0.3126,-0.3126,-0.2818,0,0,0,-3.4939,-3.5444,4.2533,4.2533,4.2355,0,0,0,1.9557,2.2653,2.7183,2.7183,2.6828,0,0,0,-6.3924,-6.5306,-7.8368,-7.8368,-8.0590,0,0,0
24.602627,1788532566.148042,4.6731,4.7917,4.7917,4.7917,4.8742,0,0,0,-3.9438,-4.2533,9.3573,9.3573,10.0191,0,0,0,-0.4681,-0.2211,-0.3317,-0.3317,-0.2744,0,0,0,-3.4939,-3.5420,4.2504,4.2504,4.2389,0,0,0,1.9557,2.2501,2.7001,2.7001,2.6976,0,0,0,-6.3924,-6.5238,-7.8286,-7.8286,-8.0428,0,0,0
24.610656,1788532566.155557,4.6731,4.7864,4.7864,4.7864,4.8698,0,0,0,-3.9438,-4.2393,9.3265,9.3265,9.9730,0,0,0,-0.4681,-0.2323,-0.3484,-0.3484,-0.2687,0,0,0,-3.4939,-3.5398,4.2478,4.2478,4.2419,0,0,0,1.9557,2.2368,2.6842,2.6842,2.7099,0,0,0,-6.3924,-6.5179,-7.8215,-7.8215,-8.0267,0,0,0
24.618674,1788532566.164080,4.6731,4.7806,4.7806,4.7806,4.8652,0,0,0,-3.9438,-4.2242,9.2933,9.2933,9.9272,0,0,0,-0.4681,-0.2443,-0.3664,-0.3664,-0.2648,0,0,0,-3.4939,-3.5375,4.2450,4.2450,4.2444,0,0,0,1.9557,2.2225,2.6670,2.6670,2.7199,0,0,0,-6.3924,-6.5115,-7.8138,-7.8138,-8.0109,0,0,0
24.626702,1788532566.173200,4.6731,4.7748,4.7748,4.7748,4.8603,0,0,0,-3.9438,-4.2089,9.2597,9.2597,9.8817,0,0,0,-0.4681,-0.2564,-0.3846,-0.3846,-0.2628,0,0,0,-3.4939,-3.5351,4.2421,4.2421,4.2466,0,0,0,1.9557,2.2080,2.6496,2.6496,2.7275,0,0,0,-6.3924,-6.5050,-7.8060,-7.8060,-7.9954,0,0,0
24.634860,1788532566.181275,4.6387,4.7682,4.7682,4.7682,4.8553,0,0,0,-3.8379,-4.1909,9.2200,9.2200,9.8368,0,0,0,-0.5561,-0.2709,-0.4064,-0.4064,-0.2626,0,0,0,-3.4235,-3.5297,4.2357,4.2357,4.2483,0,0,0,1.6790,2.1825,2.6190,2.6190,2.7328,0,0,0,-6.5806,-6.5087,-7.8104,-7.8104,-7.9804,0,0,0
24.642999,1788532566.188405,4.6387,4.7626,4.7626,4.7626,4.8501,0,0,0,-3.8379,-4.1757,9.1866,9.1866,9.7925,0,0,0,-0.5561,-0.2832,-0.4247,-0.4247,-0.2641,0,0,0,-3.4235,-3.5252,4.2302,4.2302,4.2496,0,0,0,1.6790,2.1608,2.5930,2.5930,2.7360,0,0,0,-6.5806,-6.5118,-7.8141,-7.8141,-7.9658,0,0,0
24.650504,1788532566.197412,4.6387,4.7560,4.7560,4.7560,4.8461,0,0,0,-3.8379,-4.1575,9.1465,9.1465,9.7598,0,0,0,-0.5561,-0.2978,-0.4467,-0.4467,-0.2663,0,0,0,-3.4235,-3.5197,4.2237,4.2237,4.2503,0,0,0,1.6790,2.1350,2.5620,2.5620,2.7370,0,0,0,-6.5806,-6.5155,-7.8186,-7.8186,-7.9552,0,0,0
24.659045,1788532566.204468,4.6387,4.7510,4.7510,4.7510,4.8407,0,0,0,-3.8223,-4.1432,9.1151,9.1151,9.7167,0,0,0,-0.4576,-0.3046,-0.4569,-0.4569,-0.2705,0,0,0,-3.4828,-3.5181,4.2218,4.2218,4.2509,0,0,0,1.6790,2.1156,2.5387,2.5387,2.7366,0,0,0,-6.3394,-6.5080,-7.8096,-7.8096,-7.9414,0,0,0
24.666664,1788532566.213466,4.6387,4.7450,4.7450,4.7450,4.8352,0,0,0,-3.8223,-4.1260,9.0771,9.0771,9.6742,0,0,0,-0.4576,-0.3128,-0.4692,-0.4692,-0.2763,0,0,0,-3.4828,-3.5162,4.2195,4.2195,4.2511,0,0,0,1.6790,2.0922,2.5106,2.5106,2.7341,0,0,0,-6.3394,-6.4989,-7.7987,-7.7987,-7.9285,0,0,0
24.674194,1788532566.220617,4.6387,4.7404,4.7404,4.7404,4.8296,0,0,0,-3.8223,-4.1128,9.0482,9.0482,9.6323,0,0,0,-0.4576,-0.3190,-0.4786,-0.4786,-0.2835,0,0,0,-3.4828,-3.5148,4.2178,4.2178,4.2509,0,0,0,1.6790,2.0744,2.4892,2.4892,2.7296,0,0,0,-6.3394,-6.4921,-7.7905,-7.7905,-7.9164,0,0,0
24.682942,1788532566.228347,4.6387,4.7357,4.7357,4.7357,4.8239,0,0,0,-3.8223,-4.0993,9.0185,9.0185,9.5910,0,0,0,-0.4576,-0.3255,-0.4882,-0.4882,-0.2920,0,0,0,-3.4828,-3.5133,4.2160,4.2160,4.2502,0,0,0,1.6790,2.0560,2.4672,2.4672,2.7231,0,0,0,-6.3394,-6.4850,-7.7820,-7.7820,-7.9051,0,0,0
24.690479,1788532566.236369,4.5597,4.7272,4.7272,4.7272,4.8182,0,0,0,-3.7453,-4.0822,8.9809,8.9809,9.5503,0,0,0,-0.5689,-0.3372,-0.5058,-0.5058,-0.3016,0,0,0,-3.5096,-3.5131,4.2158,4.2158,4.2492,0,0,0,1.4809,2.0283,2.4340,2.4340,2.7146,0,0,0,-6.3839,-6.4801,-7.7761,-7.7761,-7.8946,0,0,0
24.699012,1788532566.244903,4.5597,4.7187,4.7187,4.7187,4.8124,0,0,0,-3.7453,-4.0650,8.9430,8.9430,9.5100,0,0,0,-0.5689,-0.3490,-0.5235,-0.5235,-0.3120,0,0,0,-3.5096,-3.5130,4.2156,4.2156,4.2479,0,0,0,1.4809,2.0004,2.4005,2.4005,2.7044,0,0,0,-6.3839,-6.4752,-7.7702,-7.7702,-7.8847,0,0,0
24.706549,1788532566.252431,4.5597,4.7115,4.7115,4.7115,4.8066,0,0,0,-3.7453,-4.0505,8.9111,8.9111,9.4705,0,0,0,-0.5689,-0.3589,-0.5384,-0.5384,-0.3231,0,0,0,-3.5096,-3.5128,4.2154,4.2154,4.2463,0,0,0,1.4809,1.9768,2.3722,2.3722,2.6925,0,0,0,-6.3839,-6.4711,-7.7653,-7.7653,-7.8753,0,0,0
24.715071,1788532566.261485,4.5597,4.7033,4.7033,4.7033,4.8008,0,0,0,-3.7453,-4.0340,8.8748,8.8748,9.4315,0,0,0,-0.5689,-0.3703,-0.5554,-0.5554,-0.3348,0,0,0,-3.5096,-3.5126,4.2152,4.2152,4.2445,0,0,0,1.4809,1.9501,2.3401,2.3401,2.6792,0,0,0,-6.3839,-6.4664,-7.7596,-7.7596,-7.8663,0,0,0
24.723116,1788532566.268009,4.5597,4.6976,4.6976,4.6976,4.7950,0,0,0,-3.7453,-4.0226,8.8496,8.8496,9.3930,0,0,0,-0.5689,-0.3781,-0.5672,-0.5672,-0.3469,0,0,0,-3.5096,-3.5125,4.2150,4.2150,4.2427,0,0,0,1.4809,1.9315,2.3178,2.3178,2.6643,0,0,0,-6.3839,-6.4631,-7.7557,-7.7557,-7.8577,0,0,0
24.731232,1788532566.276539,4.5494,4.6901,4.6901,4.6901,4.7905,0,0,0,-3.6592,-4.0040,8.8088,8.8088,9.3644,0,0,0,-0.5169,-0.3852,-0.5778,-0.5778,-0.3564,0,0,0,-3.4467,-3.5092,4.2110,4.2110,4.2412,0,0,0,1.3387,1.9012,2.2815,2.2815,2.6522,0,0,0,-6.3838,-6.4591,-7.7509,-7.7509,-7.8514,0,0,0
24.739256,1788532566.283670,4.5494,4.6840,4.6840,4.6840,4.7845,0,0,0,-3.6592,-3.9891,8.7761,8.7761,9.3267,0,0,0,-0.5169,-0.3908,-0.5863,-0.5863,-0.3693,0,0,0,-3.4467,-3.5065,4.2078,4.2078,4.2392,0,0,0,1.3387,1.8770,2.2524,2.2524,2.6349,0,0,0,-6.3838,-6.4558,-7.7470,-7.7470,-7.8434,0,0,0
24.747079,1788532566.292279,4.5494,4.6771,4.6771,4.6771,4.7784,0,0,0,-3.6768,-3.9730,8.7406,8.7406,9.2893,0,0,0,-0.5299,-0.3980,-0.5970,-0.5970,-0.3827,0,0,0,-3.4312,-3.5026,4.2032,4.2032,4.2373,0,0,0,1.3096,1.8478,2.2173,2.2173,2.6161,0,0,0,-6.4128,-6.4536,-7.7444,-7.7444,-7.8356,0,0,0
24.755328,1788532566.300736,4.5494,4.6707,4.6707,4.6707,4.7721,0,0,0,-3.6768,-3.9580,8.7076,8.7076,9.2517,0,0,0,-0.5299,-0.4047,-0.6070,-0.6070,-0.3965,0,0,0,-3.4312,-3.4990,4.1988,4.1988,4.2353,0,0,0,1.3096,1.8205,2.1846,2.1846,2.5957,0,0,0,-6.4128,-6.4516,-7.7419,-7.7419,-7.8281,0,0,0
24.763031,1788532566.308437,4.5494,4.6651,4.6651,4.6651,4.7657,0,0,0,-3.6768,-3.9450,8.6789,8.6789,9.2141,0,0,0,-0.5299,-0.4105,-0.6157,-0.6157,-0.4106,0,0,0,-3.4312,-3.4959,4.1951,4.1951,4.2333,0,0,0,1.3096,1.7968,2.1562,2.1562,2.5738,0,0,0,-6.4128,-6.4498,-7.7397,-7.7397,-7.8208,0,0,0
24.770552,1788532566.316953,4.5494,4.6592,4.6592,4.6592,4.7591,0,0,0,-3.6768,-3.9313,8.6488,8.6488,9.1765,0,0,0,-0.5299,-0.4165,-0.6248,-0.6248,-0.4249,0,0,0,-3.4312,-3.4926,4.1911,4.1911,4.2312,0,0,0,1.3096,1.7720,2.1263,2.1263,2.5504,0,0,0,-6.4128,-6.4479,-7.7375,-7.7375,-7.8138,0,0,0
24.778563,1788532566.325007,4.5494,4.6539,4.6539,4.6539,4.7524,0,0,0,-3.6768,-3.9190,8.6217,8.6217,9.1389,0,0,0,-0.5299,-0.4220,-0.6330,-0.6330,-0.4392,0,0,0,-3.4312,-3.4896,4.1876,4.1876,4.2289,0,0,0,1.3096,1.7496,2.0995,2.0995,2.5258,0,0,0,-6.4128,-6.4462,-7.7354,-7.7354,-7.8071,0,0,0
24.786552,1788532566.332973,4.5494,4.6489,4.6489,4.6489,4.7456,0,0,0,-3.6768,-3.9074,8.5962,8.5962,9.1015,0,0,0,-0.5299,-0.4272,-0.6407,-0.6407,-0.4535,0,0,0,-3.4312,-3.4869,4.1842,4.1842,4.2266,0,0,0,1.3096,1.7285,2.0742,2.0742,2.5001,0,0,0,-6.4128,-6.4446,-7.7335,-7.7335,-7.8006,0,0,0
24.795076,1788532566.340485,4.5494,4.6444,4.6444,4.6444,4.7389,0,0,0,-3.6768,-3.8969,8.5732,8.5732,9.0644,0,0,0,-0.5299,-0.4318,-0.6477,-0.6477,-0.4677,0,0,0,-3.4312,-3.4843,4.1812,4.1812,4.2242,0,0,0,1.3096,1.7095,2.0514,2.0514,2.4736,0,0,0,-6.4128,-6.4432,-7.7318,-7.7318,-7.7945,0,0,0
24.802709,1788532566.347997,4.5142,4.6385,4.6385,4.6385,4.7321,0,0,0,-3.5022,-3.8790,8.5339,8.5339,9.0277,0,0,0,-0.2737,-0.4247,-0.6370,-0.6370,-0.4816,0,0,0,-3.4054,-3.4808,4.1769,4.1769,4.2217,0,0,0,1.5094,1.7005,2.0406,2.0406,2.4463,0,0,0,-6.5938,-6.4500,-7.7400,-7.7400,-7.7886,0,0,0
24.811443,1788532566.356330,4.5346,4.6333,4.6333,4.6333,4.7253,0,0,0,-3.4776,-3.8590,8.4897,8.4897,8.9915,0,0,0,-0.2737,-0.4171,-0.6257,-0.6257,-0.4952,0,0,0,-3.4000,-3.4768,4.1721,4.1721,4.2190,0,0,0,1.5094,1.6909,2.0291,2.0291,2.4185,0,0,0,-6.5938,-6.4571,-7.7486,-7.7486,-7.7831,0,0,0
24.819446,1788532566.363866,4.5699,4.6305,4.6305,4.6305,4.7203,0,0,0,-3.4776,-3.8416,8.4516,8.4516,8.9648,0,0,0,-0.2737,-0.4106,-0.6160,-0.6160,-0.5053,0,0,0,-3.4102,-3.4738,4.1685,4.1685,4.2170,0,0,0,1.5094,1.6827,2.0192,2.0192,2.3974,0,0,0,-6.5634,-6.4619,-7.7543,-7.7543,-7.7792,0,0,0
24.826520,1788532566.372933,4.5833,4.6279,4.6279,4.6279,4.7137,0,0,0,-3.4776,-3.8219,8.4083,8.4083,8.9295,0,0,0,-0.1727,-0.3978,-0.5967,-0.5967,-0.5181,0,0,0,-3.4564,-3.4728,4.1674,4.1674,4.2142,0,0,0,1.6345,1.6801,2.0161,2.0161,2.3693,0,0,0,-6.5117,-6.4646,-7.7575,-7.7575,-7.7744,0,0,0
24.835029,1788532566.381453,4.5833,4.6257,4.6257,4.6257,4.7071,0,0,0,-3.4770,-3.8043,8.3695,8.3695,8.8945,0,0,0,-0.1699,-0.3862,-0.5793,-0.5793,-0.5300,0,0,0,-3.4659,-3.4725,4.1670,4.1670,4.2113,0,0,0,1.6407,1.6781,2.0137,2.0137,2.3415,0,0,0,-6.4801,-6.4654,-7.7585,-7.7585,-7.7701,0,0,0
24.843437,1788532566.388863,4.5676,4.6231,4.6231,4.6231,4.7007,0,0,0,-3.4652,-3.7892,8.3362,8.3362,8.8595,0,0,0,-0.0099,-0.3695,-0.5542,-0.5542,-0.5409,0,0,0,-3.6255,-3.4793,4.1751,4.1751,4.2083,0,0,0,1.8998,1.6880,2.0255,2.0255,2.3142,0,0,0,-6.4091,-6.4629,-7.7555,-7.7555,-7.7664,0,0,0
24.850959,1788532566.397373,4.5676,4.6202,4.6202,4.6202,4.6944,0,0,0,-3.4652,-3.7726,8.2998,8.2998,8.8246,0,0,0,0.0482,-0.3483,-0.5224,-0.5224,-0.5505,0,0,0,-3.7208,-3.4915,4.1898,4.1898,4.2053,0,0,0,2.0395,1.7059,2.0470,2.0470,2.2876,0,0,0,-6.3402,-6.4567,-7.7480,-7.7480,-7.7634,0,0,0
24.858980,1788532566.403882,4.5676,4.6182,4.6182,4.6182,4.6883,0,0,0,-3.4652,-3.7605,8.2731,8.2731,8.7895,0,0,0,0.0482,-0.3327,-0.4990,-0.4990,-0.5585,0,0,0,-3.7208,-3.5005,4.2007,4.2007,4.2023,0,0,0,2.0395,1.7190,2.0628,2.0628,2.2621,0,0,0,-6.3402,-6.4521,-7.7425,-7.7425,-7.7610,0,0,0
24.867117,1788532566.412898,4.5676,4.6155,4.6155,4.6155,4.6824,0,0,0,-3.4652,-3.7446,8.2381,8.2381,8.7544,0,0,0,0.0482,-0.3123,-0.4684,-0.4684,-0.5648,0,0,0,-3.7208,-3.5124,4.2148,4.2148,4.1994,0,0,0,2.0395,1.7362,2.0835,2.0835,2.2380,0,0,0,-6.3402,-6.4461,-7.7353,-7.7353,-7.7590,0,0,0
24.875121,1788532566.421623,4.5676,4.6130,4.6130,4.6130,4.6767,0,0,0,-3.4652,-3.7300,8.2060,8.2060,8.7191,0,0,0,0.0482,-0.2935,-0.4403,-0.4403,-0.5692,0,0,0,-3.7208,-3.5232,4.2278,4.2278,4.1969,0,0,0,2.0395,1.7520,2.1024,2.1024,2.2158,0,0,0,-6.3402,-6.4406,-7.7287,-7.7287,-7.7572,0,0,0
24.882751,1788532566.429169,4.5676,4.6109,4.6109,4.6109,4.6712,0,0,0,-3.4652,-3.7180,8.1795,8.1795,8.6839,0,0,0,0.0482,-0.2780,-0.4170,-0.4170,-0.5715,0,0,0,-3.7208,-3.5321,4.2386,4.2386,4.1950,0,0,0,2.0395,1.7651,2.1181,2.1181,2.1956,0,0,0,-6.3402,-6.4360,-7.7232,-7.7232,-7.7557,0,0,0
24.891243,1788532566.436661,4.5676,4.6090,4.6090,4.6090,4.6673,0,0,0,-3.4652,-3.7065,8.1544,8.1544,8.6576,0,0,0,0.0482,-0.2634,-0.3950,-0.3950,-0.5718,0,0,0,-3.7208,-3.5406,4.2488,4.2488,4.1940,0,0,0,2.0395,1.7774,2.1329,2.1329,2.1821,0,0,0,-6.3402,-6.4317,-7.7181,-7.7181,-7.7545,0,0,0
24.898777,1788532566.445202,4.5676,4.6069,4.6069,4.6069,4.6622,0,0,0,-3.4652,-3.6942,8.1272,8.1272,8.6225,0,0,0,0.0482,-0.2475,-0.3712,-0.3712,-0.5703,0,0,0,-3.7208,-3.5498,4.2598,4.2598,4.1933,0,0,0,2.0395,1.7908,2.1490,2.1490,2.1661,0,0,0,-6.3402,-6.4270,-7.7125,-7.7125,-7.7529,0,0,0
24.907311,1788532566.452685,4.6381,4.6083,4.6083,4.6083,4.6574,0,0,0,-3.5119,-3.6860,8.1091,8.1091,8.5877,0,0,0,-0.4801,-0.2579,-0.3869,-0.3869,-0.5666,0,0,0,-3.5467,-3.5497,4.2596,4.2596,4.1935,0,0,0,1.3952,1.7730,2.1276,2.1276,2.1527,0,0,0,-6.2518,-6.4192,-7.7030,-7.7030,-7.7512,0,0,0
24.915322,1788532566.461746,4.6358,4.6097,4.6097,4.6097,4.6528,0,0,0,-3.5257,-3.6773,8.0901,8.0901,8.5531,0,0,0,-0.4801,-0.2699,-0.4048,-0.4048,-0.5610,0,0,0,-3.5402,-3.5492,4.2590,4.2590,4.1946,0,0,0,1.3952,1.7526,2.1031,2.1031,2.1417,0,0,0,-6.2284,-6.4089,-7.6907,-7.6907,-7.7493,0,0,0
24.923833,1788532566.468741,4.6358,4.6108,4.6108,4.6108,4.6485,0,0,0,-3.5257,-3.6709,8.0760,8.0760,8.5189,0,0,0,-0.4801,-0.2788,-0.4181,-0.4181,-0.5535,0,0,0,-3.5402,-3.5488,4.2585,4.2585,4.1964,0,0,0,1.3952,1.7375,2.0851,2.0851,2.1331,0,0,0,-6.2284,-6.4013,-7.6815,-7.6815,-7.7473,0,0,0
24.931845,1788532566.476256,4.6025,4.6105,4.6105,4.6105,4.6443,0,0,0,-3.5679,-3.6662,8.0657,8.0657,8.4852,0,0,0,-0.4302,-0.2856,-0.4284,-0.4284,-0.5446,0,0,0,-3.5402,-3.5484,4.2581,4.2581,4.1989,0,0,0,1.4959,1.7266,2.0719,2.0719,2.1265,0,0,0,-6.2128,-6.3928,-7.6713,-7.6713,-7.7450,0,0,0
24.939357,1788532566.484767,4.6025,4.6101,4.6101,4.6101,4.6405,0,0,0,-3.5679,-3.6612,8.0547,8.0547,8.4521,0,0,0,-0.4302,-0.2929,-0.4394,-0.4394,-0.5350,0,0,0,-3.5402,-3.5480,4.2576,4.2576,4.2020,0,0,0,1.4959,1.7149,2.0579,2.0579,2.1211,0,0,0,-6.2128,-6.3836,-7.6603,-7.6603,-7.7423,0,0,0
24.947869,1788532566.493279,4.6025,4.6097,4.6097,4.6097,4.6369,0,0,0,-3.5679,-3.6565,8.0442,8.0442,8.4198,0,0,0,-0.4302,-0.2999,-0.4498,-0.4498,-0.5254,0,0,0,-3.5402,-3.5476,4.2571,4.2571,4.2053,0,0,0,1.4959,1.7037,2.0445,2.0445,2.1165,0,0,0,-6.2128,-6.3749,-7.6499,-7.6499,-7.7393,0,0,0
24.955403,1788532566.502813,4.6025,4.6093,4.6093,4.6093,4.6337,0,0,0,-3.5679,-3.6514,8.0332,8.0332,8.3885,0,0,0,-0.4302,-0.3073,-0.4609,-0.4609,-0.5161,0,0,0,-3.5402,-3.5472,4.2566,4.2566,4.2089,0,0,0,1.4959,1.6920,2.0304,2.0304,2.1122,0,0,0,-6.2128,-6.3658,-7.6389,-7.6389,-7.7358,0,0,0
24.963018,1788532566.508821,4.6105,4.6093,4.6093,4.6093,4.6308,0,0,0,-3.5118,-3.6463,8.0219,8.0219,8.3583,0,0,0,-0.2499,-0.3052,-0.4578,-0.4578,-0.5073,0,0,0,-3.4651,-3.5442,4.2530,4.2530,4.2125,0,0,0,1.6762,1.6914,2.0297,2.0297,2.1080,0,0,0,-6.3560,-6.3654,-7.6385,-7.6385,-7.7319,0,0,0
24.971533,1788532566.517944,4.6105,4.6094,4.6094,4.6094,4.6282,0,0,0,-3.5118,-3.6390,8.0058,8.0058,8.3294,0,0,0,-0.2499,-0.3022,-0.4533,-0.4533,-0.4994,0,0,0,-3.4651,-3.5399,4.2479,4.2479,4.2162,0,0,0,1.6762,1.6906,2.0287,2.0287,2.1038,0,0,0,-6.3560,-6.3649,-7.6379,-7.6379,-7.7275,0,0,0
24.979540,1788532566.524952,4.6105,4.6094,4.6094,4.6094,4.6258,0,0,0,-3.5118,-3.6336,7.9940,7.9940,8.3016,0,0,0,-0.2499,-0.3000,-0.4500,-0.4500,-0.4925,0,0,0,-3.4651,-3.5367,4.2441,4.2441,4.2197,0,0,0,1.6762,1.6900,2.0280,2.0280,2.0993,0,0,0,-6.3560,-6.3645,-7.6374,-7.6374,-7.7226,0,0,0
24.988055,1788532566.533461,4.6258,4.6103,4.6103,4.6103,4.6236,0,0,0,-3.4932,-3.6265,7.9783,7.9783,8.2752,0,0,0,-0.7264,-0.3216,-0.4824,-0.4824,-0.4865,0,0,0,-3.4939,-3.5346,4.2415,4.2415,4.2231,0,0,0,1.1094,1.6604,1.9925,1.9925,2.0946,0,0,0,-6.4083,-6.3667,-7.6401,-7.6401,-7.7173,0,0,0
24.996064,1788532566.540474,4.6258,4.6109,4.6109,4.6109,4.6221,0,0,0,-3.4932,-3.6208,7.9658,7.9658,8.2562,0,0,0,-0.7264,-0.3387,-0.5081,-0.5081,-0.4825,0,0,0,-3.4939,-3.5328,4.2394,4.2394,4.2254,0,0,0,1.1094,1.6371,1.9645,1.9645,2.0910,0,0,0,-6.4083,-6.3685,-7.6422,-7.6422,-7.7132,0,0,0
25.004071,1788532566.549482,4.6258,4.6117,4.6117,4.6117,4.6204,0,0,0,-3.4932,-3.6140,7.9508,7.9508,8.2319,0,0,0,-0.7264,-0.3595,-0.5392,-0.5392,-0.4777,0,0,0,-3.4939,-3.5308,4.2369,4.2369,4.2283,0,0,0,1.1094,1.6088,1.9305,1.9305,2.0862,0,0,0,-6.4083,-6.3706,-7.6448,-7.6448,-7.7076,0,0,0
25.011584,1788532566.556997,4.6074,4.6115,4.6115,4.6115,4.6188,0,0,0,-3.4163,-3.6050,7.9311,7.9311,8.2086,0,0,0,0.4509,-0.3229,-0.4844,-0.4844,-0.4737,0,0,0,-3.7342,-3.5399,4.2479,4.2479,4.2308,0,0,0,2.7670,1.6611,1.9933,1.9933,2.0812,0,0,0,-6.5222,-6.3775,-7.6530,-7.6530,-7.7021,0,0,0
25.019592,1788532566.565006,4.6074,4.6113,4.6113,4.6113,4.6174,0,0,0,-3.3822,-3.5943,7.9075,7.9075,8.1864,0,0,0,0.4470,-0.2860,-0.4291,-0.4291,-0.4708,0,0,0,-3.7585,-3.5504,4.2605,4.2605,4.2330,0,0,0,2.7846,1.7150,2.0580,2.0580,2.0756,0,0,0,-6.4684,-6.3818,-7.6582,-7.6582,-7.6966,0,0,0
25.028200,1788532566.573612,4.6060,4.6110,4.6110,4.6110,4.6162,0,0,0,-3.3808,-3.5833,7.8833,7.8833,8.1651,0,0,0,0.4164,-0.2500,-0.3750,-0.3750,-0.4693,0,0,0,-3.8399,-3.5653,4.2783,4.2783,4.2347,0,0,0,2.7670,1.7690,2.1227,2.1227,2.0692,0,0,0,-6.3922,-6.3824,-7.6588,-7.6588,-7.6914,0,0,0
25.035708,1788532566.581614,4.6043,4.6107,4.6107,4.6107,4.6152,0,0,0,-3.3808,-3.5736,7.8619,7.8619,8.1447,0,0,0,0.3761,-0.2200,-0.3299,-0.3299,-0.4690,0,0,0,-3.8399,-3.5784,4.2941,4.2941,4.2362,0,0,0,2.7657,1.8167,2.1800,2.1800,2.0622,0,0,0,-6.3880,-6.3826,-7.6592,-7.6592,-7.6866,0,0,0
25.043748,1788532566.589643,4.6043,4.6104,4.6104,4.6104,4.6144,0,0,0,-3.3808,-3.5643,7.8415,7.8415,8.1249,0,0,0,0.3761,-0.1913,-0.2869,-0.2869,-0.4689,0,0,0,-3.8399,-3.5910,4.3092,4.3092,4.2376,0,0,0,2.7657,1.8623,2.2348,2.2348,2.0557,0,0,0,-6.3880,-6.3829,-7.6595,-7.6595,-7.6823,0,0,0
25.051926,1788532566.589643,4.6043,4.6101,4.6101,4.6101,4.6138,0,0,0,-3.3808,-3.5555,7.8221,7.8221,8.1103,0,0,0,0.3761,-0.1641,-0.2461,-0.2461,-0.4682,0,0,0,-3.8399,-3.6029,4.3235,4.3235,4.2388,0,0,0,2.7657,1.9056,2.2868,2.2868,2.0519,0,0,0,-6.3880,-6.3831,-7.6598,-7.6598,-7.6794,0,0,0
25.059607,1788532566.589643,4.6043,4.6098,4.6098,4.6098,4.6130,0,0,0,-3.3808,-3.5471,7.8037,7.8037,8.0864,0,0,0,0.3761,-0.1382,-0.2073,-0.2073,-0.4653,0,0,0,-3.8399,-3.6143,4.3371,4.3371,4.2412,0,0,0,2.7657,1.9469,2.3363,2.3363,2.0487,0,0,0,-6.3880,-6.3834,-7.6600,-7.6600,-7.6751,0,0,0
25.068131,1788532566.589643,4.6043,4.6096,4.6096,4.6096,4.6125,0,0,0,-3.3808,-3.5391,7.7861,7.7861,8.0674,0,0,0,0.3761,-0.1135,-0.1702,-0.1702,-0.4605,0,0,0,-3.8399,-3.6251,4.3501,4.3501,4.2438,0,0,0,2.7657,1.9862,2.3834,2.3834,2.0497,0,0,0,-6.3880,-6.3836,-7.6603,-7.6603,-7.6723,0,0,0
25.075666,1788532566.589643,4.6043,4.6093,4.6093,4.6093,4.6122,0,0,0,-3.3808,-3.5315,7.7694,7.7694,8.0530,0,0,0,0.3761,-0.0900,-0.1350,-0.1350,-0.4551,0,0,0,-3.8399,-3.6354,4.3625,4.3625,4.2463,0,0,0,2.7657,2.0236,2.4283,2.4283,2.0532,0,0,0,-6.3880,-6.3838,-7.6606,-7.6606,-7.6704,0,0,0
25.084176,1788532566.589643,4.6043,4.6091,4.6091,4.6091,4.6118,0,0,0,-3.3808,-3.5243,7.7535,7.7535,8.0337,0,0,0,0.3761,-0.0676,-0.1014,-0.1014,-0.4454,0,0,0,-3.8399,-3.6452,4.3742,4.3742,4.2504,0,0,0,2.7657,2.0592,2.4711,2.4711,2.0612,0,0,0,-6.3880,-6.3840,-7.6608,-7.6608,-7.6682,0,0,0
25.092113,1788532566.589643,4.6043,4.6089,4.6089,4.6089,4.6114,0,0,0,-3.3808,-3.5174,7.7383,7.7383,8.0143,0,0,0,0.3761,-0.0463,-0.0695,-0.0695,-0.4331,0,0,0,-3.8399,-3.6545,4.3854,4.3854,4.2554,0,0,0,2.7657,2.0932,2.5118,2.5118,2.0732,0,0,0,-6.3880,-6.3842,-7.6610,-7.6610,-7.6664,0,0,0
25.099234,1788532566.589643,4.6043,4.6086,4.6086,4.6086,4.6111,0,0,0,-3.3808,-3.5109,7.7239,7.7239,7.9949,0,0,0,0.3761,-0.0260,-0.0391,-0.0391,-0.4182,0,0,0,-3.8399,-3.6634,4.3961,4.3961,4.2611,0,0,0,2.7657,2.1255,2.5506,2.5506,2.0887,0,0,0,-6.3880,-6.3844,-7.6612,-7.6612,-7.6648,0,0,0
25.108404,1788532566.589643,4.6043,4.6084,4.6084,4.6084,4.6108,0,0,0,-3.3808,-3.5046,7.7101,7.7101,7.9755,0,0,0,0.3761,-0.0067,-0.0101,-0.0101,-0.4011,0,0,0,-3.8399,-3.6719,4.4062,4.4062,4.2676,0,0,0,2.7657,2.1563,2.5875,2.5875,2.1074,0,0,0,-6.3880,-6.3845,-7.6615,-7.6615,-7.6635,0,0,0
25.116405,1788532566.589643,4.6043,4.6082,4.6082,4.6082,4.6106,0,0,0,-3.3808,-3.4987,7.6971,7.6971,7.9562,0,0,0,0.3761,0.0117,0.0175,0.0175,-0.3820,0,0,0,-3.8399,-3.6799,4.4159,4.4159,4.2746,0,0,0,2.7657,2.1856,2.6227,2.6227,2.1291,0,0,0,-6.3880,-6.3847,-7.6617,-7.6617,-7.6625,0,0,0
25.123529,1788532566.589643,4.6043,4.6080,4.6080,4.6080,4.6103,0,0,0,-3.3808,-3.4930,7.6846,7.6846,7.9371,0,0,0,0.3761,0.0292,0.0437,0.0437,-0.3611,0,0,0,-3.8399,-3.6876,4.4251,4.4251,4.2823,0,0,0,2.7657,2.2135,2.6562,2.6562,2.1534,0,0,0,-6.3880,-6.3849,-7.6618,-7.6618,-7.6617,0,0,0
25.131833,1788532566.589643,4.6043,4.6079,4.6079,4.6079,4.6101,0,0,0,-3.3808,-3.4876,7.6728,7.6728,7.9182,0,0,0,0.3761,0.0458,0.0687,0.0687,-0.3386,0,0,0,-3.8399,-3.6949,4.4339,4.4339,4.2904,0,0,0,2.7657,2.2400,2.6880,2.6880,2.1800,0,0,0,-6.3880,-6.3850,-7.6620,-7.6620,-7.6610,0,0,0
25.139527,1788532566.589643,4.6043,4.6077,4.6077,4.6077,4.6099,0,0,0,-3.3808,-3.4825,7.6615,7.6615,7.8996,0,0,0,0.3761,0.0617,0.0925,0.0925,-0.3148,0,0,0,-3.8399,-3.7018,4.4422,4.4422,4.2990,0,0,0,2.7657,2.2653,2.7184,2.7184,2.2084,0,0,0,-6.3880,-6.3852,-7.6622,-7.6622,-7.6605,0,0,0
25.148095,1788532566.589643,4.6043,4.6075,4.6075,4.6075,4.6097,0,0,0,-3.3808,-3.4776,7.6508,7.6508,7.8813,0,0,0,0.3761,0.0768,0.1152,0.1152,-0.2900,0,0,0,-3.8399,-3.7085,4.4501,4.4501,4.3079,0,0,0,2.7657,2.2894,2.7473,2.7473,2.2385,0,0,0,-6.3880,-6.3853,-7.6624,-7.6624,-7.6601,0,0,0
25.155934,1788532566.589643,4.6043,4.6074,4.6074,4.6074,4.6096,0,0,0,-3.3808,-3.4730,7.6405,7.6405,7.8678,0,0,0,0.3761,0.0912,0.1368,0.1368,-0.2708,0,0,0,-3.8399,-3.7148,4.4577,4.4577,4.3147,0,0,0,2.7657,2.3123,2.7748,2.7748,2.2619,0,0,0,-6.3880,-6.3854,-7.6625,-7.6625,-7.6599,0,0,0
25.163979,1788532566.589643,4.6043,4.6072,4.6072,4.6072,4.6094,0,0,0,-3.3808,-3.4686,7.6308,7.6308,7.8502,0,0,0,0.3761,0.1049,0.1573,0.1573,-0.2447,0,0,0,-3.8399,-3.7208,4.4649,4.4649,4.3240,0,0,0,2.7657,2.3341,2.8009,2.8009,2.2939,0,0,0,-6.3880,-6.3856,-7.6627,-7.6627,-7.6598,0,0,0
25.171986,1788532566.589643,4.6043,4.6071,4.6071,4.6071,4.6093,0,0,0,-3.3808,-3.4643,7.6215,7.6215,7.8330,0,0,0,0.3761,0.1179,0.1768,0.1768,-0.2181,0,0,0,-3.8399,-3.7265,4.4718,4.4718,4.3334,0,0,0,2.7657,2.3549,2.8259,2.8259,2.3268,0,0,0,-6.3880,-6.3857,-7.6628,-7.6628,-7.6597,0,0,0
25.179984,1788532566.589643,4.6043,4.6070,4.6070,4.6070,4.6091,0,0,0,-3.3808,-3.4603,7.6127,7.6127,7.8162,0,0,0,0.3761,0.1303,0.1954,0.1954,-0.1913,0,0,0,-3.8399,-3.7319,4.4783,4.4783,4.3429,0,0,0,2.7657,2.3746,2.8496,2.8496,2.3601,0,0,0,-6.3880,-6.3858,-7.6629,-7.6629,-7.6596,0,0,0
25.188359,1788532566.589643,4.6043,4.6068,4.6068,4.6068,4.6089,0,0,0,-3.3808,-3.4565,7.6043,7.6043,7.8000,0,0,0,0.3761,0.1421,0.2132,0.2132,-0.1643,0,0,0,-3.8399,-3.7371,4.4845,4.4845,4.3524,0,0,0,2.7657,2.3935,2.8722,2.8722,2.3937,0,0,0,-6.3880,-6.3859,-7.6631,-7.6631,-7.6597,0,0,0
25.196534,1788532566.589643,4.6043,4.6067,4.6067,4.6068,4.6088,0,0,1,-3.3808,-3.4529,7.5963,7.6043,7.7842,0,0,1,0.3761,0.1533,0.2300,0.2132,-0.1373,0,0,1,-3.8399,-3.7420,4.4904,4.4845,4.3619,0,0,1,2.7657,2.4114,2.8936,2.8722,2.4274,0,0,1,-6.3880,-6.3860,-7.6632,-7.6631,-7.6598,0,0,1
25.204094,1788532566.589643,4.6043,4.6066,4.6066,4.6068,4.6086,0,0,1,-3.3808,-3.4494,7.5887,7.6043,7.7689,0,0,1,0.3761,0.1640,0.2461,0.2132,-0.1106,0,0,1,-3.8399,-3.7467,4.4960,4.4845,4.3713,0,0,1,2.7657,2.4284,2.9141,2.8722,2.4610,0,0,1,-6.3880,-6.3861,-7.6633,-7.6631,-7.6599,0,0,1
25.212589,1788532566.589643,4.6043,4.6065,4.6065,4.6068,4.6085,0,0,1,-3.3808,-3.4461,7.5815,7.6043,7.7541,0,0,1,0.3761,0.1742,0.2613,0.2132,-0.0841,0,0,1,-3.8399,-3.7512,4.5014,4.4845,4.3806,0,0,1,2.7657,2.4446,2.9336,2.8722,2.4943,0,0,1,-6.3880,-6.3862,-7.6634,-7.6631,-7.6600,0,0,1
25.220494,1788532566.589643,4.6043,4.6064,4.6064,4.6068,4.6083,0,0,1,-3.3808,-3.4430,7.5746,7.6043,7.7399,0,0,1,0.3761,0.1839,0.2759,0.2132,-0.0582,0,0,1,-3.8399,-3.7554,4.5065,4.4845,4.3896,0,0,1,2.7657,2.4601,2.9521,2.8722,2.5269,0,0,1,-6.3880,-6.3863,-7.6635,-7.6631,-7.6602,0,0,1
25.228114,1788532566.589643,4.6043,4.6063,4.6063,4.6068,4.6082,0,0,1,-3.3808,-3.4400,7.5680,7.6043,7.7265,0,0,1,0.3761,0.1932,0.2897,0.2132,-0.0333,0,0,1,-3.8399,-3.7595,4.5114,4.4845,4.3984,0,0,1,2.7657,2.4748,2.9698,2.8722,2.5584,0,0,1,-6.3880,-6.3863,-7.6636,-7.6631,-7.6604,0,0,1
25.236114,1788532566.589643,4.6043,4.6062,4.6062,4.6068,4.6081,0,0,1,-3.3808,-3.4372,7.5618,7.6043,7.7139,0,0,1,0.3761,0.2019,0.3029,0.2132,-0.0095,0,0,1,-3.8399,-3.7633,4.5160,4.4845,4.4067,0,0,1,2.7657,2.4888,2.9866,2.8722,2.5885,0,0,1,-6.3880,-6.3864,-7.6637,-7.6631,-7.6606,0,0,1
25.243973,1788532566.589643,4.6043,4.6061,4.6061,4.6068,4.6079,0,0,1,-3.3808,-3.4345,7.5558,7.6043,7.7021,0,0,1,0.3761,0.2103,0.3155,0.2132,0.0130,0,0,1,-3.8399,-3.7670,4.5204,4.4845,4.4146,0,0,1,2.7657,2.5021,3.0025,2.8722,2.6170,0,0,1,-6.3880,-6.3865,-7.6638,-7.6631,-7.6607,0,0,1
25.252026,1788532566.589643,4.6043,4.6060,4.6060,4.6068,4.6078,0,0,1,-3.3808,-3.4319,7.5502,7.6043,7.6912,0,0,1,0.3761,0.2183,0.3274,0.2132,0.0341,0,0,1,-3.8399,-3.7705,4.5246,4.4845,4.4220,0,0,1,2.7657,2.5148,3.0178,2.8722,2.6437,0,0,1,-6.3880,-6.3866,-7.6639,-7.6631,-7.6609,0,0,1
25.260719,1788532566.589643,4.6043,4.6059,4.6059,4.6068,4.6077,0,0,1,-3.3808,-3.4295,7.5448,7.6043,7.6836,0,0,1,0.3761,0.2258,0.3388,0.2132,0.0489,0,0,1,-3.8399,-3.7738,4.5286,4.4845,4.4272,0,0,1,2.7657,2.5269,3.0322,2.8722,2.6625,0,0,1,-6.3880,-6.3866,-7.6640,-7.6631,-7.6611,0,0,1
25.267773,1788532566.589643,4.6043,4.6058,4.6058,4.6068,4.6077,0,0,1,-3.3808,-3.4271,7.5397,7.6043,7.6765,0,0,1,0.3761,0.2331,0.3496,0.2132,0.0629,0,0,1,-3.8399,-3.7770,4.5324,4.4845,4.4321,0,0,1,2.7657,2.5384,3.0460,2.8722,2.6803,0,0,1,-6.3880,-6.3867,-7.6640,-7.6631,-7.6612,0,0,1
25.276497,1788532566.589643,4.6043,4.6058,4.6058,4.6068,4.6075,0,0,1,-3.3808,-3.4249,7.5348,7.6043,7.6656,0,0,1,0.3761,0.2399,0.3599,0.2132,0.0843,0,0,1,-3.8399,-3.7800,4.5360,4.4845,4.4396,0,0,1,2.7657,2.5493,3.0591,2.8722,2.7075,0,0,1,-6.3880,-6.3868,-7.6641,-7.6631,-7.6614,0,0,1
25.284502,1788532566.589643,4.6043,4.6057,4.6057,4.6068,4.6074,0,0,1,-3.3808,-3.4228,7.5301,7.6043,7.6579,0,0,1,0.3761,0.2465,0.3697,0.2132,0.0998,0,0,1,-3.8399,-3.7829,4.5395,4.4845,4.4450,0,0,1,2.7657,2.5597,3.0716,2.8722,2.7272,0,0,1,-6.3880,-6.3868,-7.6642,-7.6631,-7.6616,0,0,1
25.292646,1788532566.589643,4.6043,4.6056,4.6056,4.6068,4.6074,0,0,1,-3.3808,-3.4208,7.5257,7.6043,7.6509,0,0,1,0.3761,0.2527,0.3790,0.2132,0.1139,0,0,1,-3.8399,-3.7856,4.5427,4.4845,4.4499,0,0,1,2.7657,2.5696,3.0835,2.8722,2.7452,0,0,1,-6.3880,-6.3869,-7.6643,-7.6631,-7.6617,0,0,1
25.300665,1788532566.589643,4.6043,4.6056,4.6056,4.6068,4.6073,0,0,1,-3.3808,-3.4189,7.5215,7.6043,7.6446,0,0,1,0.3761,0.2586,0.3879,0.2132,0.1267,0,0,1,-3.8399,-3.7882,4.5459,4.4845,4.4544,0,0,1,2.7657,2.5790,3.0948,2.8722,2.7614,0,0,1,-6.3880,-6.3869,-7.6643,-7.6631,-7.6619,0,0,1
25.308171,1788532566.589643,4.6043,4.6055,4.6055,4.6068,4.6072,0,0,1,-3.3808,-3.4170,7.5175,7.6043,7.6390,0,0,1,0.3761,0.2643,0.3964,0.2132,0.1381,0,0,1,-3.8399,-3.7907,4.5488,4.4845,4.4584,0,0,1,2.7657,2.5880,3.1056,2.8722,2.7760,0,0,1,-6.3880,-6.3870,-7.6644,-7.6631,-7.6620,0,0,1
25.316175,1788532566.589643,4.6043,4.6055,4.6055,4.6068,4.6072,0,0,1,-3.3808,-3.4153,7.5136,7.6043,7.6340,0,0,1,0.3761,0.2696,0.4044,0.2132,0.1484,0,0,1,-3.8399,-3.7930,4.5517,4.4845,4.4619,0,0,1,2.7657,2.5965,3.1159,2.8722,2.7891,0,0,1,-6.3880,-6.3870,-7.6644,-7.6631,-7.6621,0,0,1
25.326772,1788532566.589643,4.6043,4.6054,4.6054,4.6068,4.6072,0,0,1,-3.3808,-3.4136,7.5100,7.6043,7.6340,0,0,1,0.3761,0.2747,0.4121,0.2132,0.1484,0,0,1,-3.8399,-3.7953,4.5543,4.4845,4.4619,0,0,1,2.7657,2.6047,3.1256,2.8722,2.7891,0,0,1,-6.3880,-6.3871,-7.6645,-7.6631,-7.6621,0,0,1
25.334779,1788532566.589643,4.6043,4.6053,4.6053,4.6068,4.6072,0,0,1,-3.3808,-3.4121,7.5065,7.6043,7.6329,0,0,1,0.3761,0.2796,0.4194,0.2132,0.1508,0,0,1,-3.8399,-3.7974,4.5569,4.4845,4.4628,0,0,1,2.7657,2.6124,3.1349,2.8722,2.7922,0,0,1,-6.3880,-6.3871,-7.6646,-7.6631,-7.6622,0,0,1
25.342408,1788532566.589643,4.6043,4.6053,4.6053,4.6068,4.6071,0,0,1,-3.3808,-3.4106,7.5033,7.6043,7.6296,0,0,1,0.3761,0.2842,0.4264,0.2132,0.1575,0,0,1,-3.8399,-3.7995,4.5594,4.4845,4.4651,0,0,1,2.7657,2.6198,3.1437,2.8722,2.8008,0,0,1,-6.3880,-6.3872,-7.6646,-7.6631,-7.6623,0,0,1
25.350830,1788532566.589643,4.6043,4.6052,4.6052,4.6068,4.6071,0,0,1,-3.3808,-3.4091,7.5001,7.6043,7.6257,0,0,1,0.3761,0.2886,0.4330,0.2132,0.1657,0,0,1,-3.8399,-3.8014,4.5617,4.4845,4.4680,0,0,1,2.7657,2.6268,3.1522,2.8722,2.8112,0,0,1,-6.3880,-6.3872,-7.6646,-7.6631,-7.6624,0,0,1
25.358192,1788532566.589643,4.6043,4.6052,4.6052,4.6068,4.6070,0,0,1,-3.3808,-3.4078,7.4971,7.6043,7.6223,0,0,1,0.3761,0.2928,0.4393,0.2132,0.1728,0,0,1,-3.8399,-3.8032,4.5639,4.4845,4.4705,0,0,1,2.7657,2.6335,3.1602,2.8722,2.8203,0,0,1,-6.3880,-6.3872,-7.6647,-7.6631,-7.6624,0,0,1
25.366716,1788532566.589643,4.6043,4.6052,4.6052,4.6068,4.6070,0,0,1,-3.3808,-3.4065,7.4943,7.6043,7.6193,0,0,1,0.3761,0.2968,0.4453,0.2132,0.1791,0,0,1,-3.8399,-3.8050,4.5660,4.4845,4.4727,0,0,1,2.7657,2.6398,3.1678,2.8722,2.8284,0,0,1,-6.3880,-6.3873,-7.6647,-7.6631,-7.6625,0,0,1
25.375251,1788532566.589643,4.6043,4.6051,4.6051,4.6068,4.6070,0,0,1,-3.3808,-3.4053,7.4916,7.6043,7.6167,0,0,1,0.3761,0.3006,0.4510,0.2132,0.1847,0,0,1,-3.8399,-3.8067,4.5680,4.4845,4.4746,0,0,1,2.7657,2.6459,3.1750,2.8722,2.8355,0,0,1,-6.3880,-6.3873,-7.6648,-7.6631,-7.6626,0,0,1
25.382246,1788532566.589643,4.6043,4.6051,4.6051,4.6068,4.6070,0,0,1,-3.3808,-3.4041,7.4890,7.6043,7.6156,0,0,1,0.3761,0.3043,0.4564,0.2132,0.1872,0,0,1,-3.8399,-3.8083,4.5699,4.4845,4.4755,0,0,1,2.7657,2.6516,3.1819,2.8722,2.8387,0,0,1,-6.3880,-6.3873,-7.6648,-7.6631,-7.6626,0,0,1
25.390375,1788532566.589643,4.6043,4.6050,4.6050,4.6068,4.6069,0,0,1,-3.3808,-3.4030,7.4865,7.6043,7.6126,0,0,1,0.3761,0.3077,0.4616,0.2132,0.1937,0,0,1,-3.8399,-3.8098,4.5717,4.4845,4.4777,0,0,1,2.7657,2.6571,3.1885,2.8722,2.8470,0,0,1,-6.3880,-6.3874,-7.6649,-7.6631,-7.6627,0,0,1
25.398373,1788532566.589643,4.6043,4.6050,4.6050,4.6068,4.6069,0,0,1,-3.3808,-3.4019,7.4842,7.6043,7.6113,0,0,1,0.3761,0.3110,0.4665,0.2132,0.1964,0,0,1,-3.8399,-3.8112,4.5735,4.4845,4.4787,0,0,1,2.7657,2.6623,3.1948,2.8722,2.8505,0,0,1,-6.3880,-6.3874,-7.6649,-7.6631,-7.6628,0,0,1
25.406906,1788532566.589643,4.6043,4.6050,4.6050,4.6068,4.6069,0,0,1,-3.3808,-3.4009,7.4820,7.6043,7.6098,0,0,1,0.3761,0.3141,0.4712,0.2132,0.1996,0,0,1,-3.8399,-3.8126,4.5751,4.4845,4.4798,0,0,1,2.7657,2.6673,3.2007,2.8722,2.8546,0,0,1,-6.3880,-6.3874,-7.6649,-7.6631,-7.6628,0,0,1
25.414583,1788532566.589643,4.6043,4.6049,4.6049,4.6068,4.6069,0,0,1,-3.3808,-3.3999,7.4799,7.6043,7.6086,0,0,1,0.3761,0.3171,0.4756,0.2132,0.2024,0,0,1,-3.8399,-3.8139,4.5767,4.4845,4.4808,0,0,1,2.7657,2.6720,3.2064,2.8722,2.8581,0,0,1,-6.3880,-6.3875,-7.6650,-7.6631,-7.6629,0,0,1
25.422591,1788532566.589643,4.6043,4.6049,4.6049,4.6068,4.6069,0,0,1,-3.3808,-3.3990,7.4778,7.6043,7.6076,0,0,1,0.3761,0.3199,0.4799,0.2132,0.2047,0,0,1,-3.8399,-3.8152,4.5782,4.4845,4.4816,0,0,1,2.7657,2.6765,3.2118,2.8722,2.8611,0,0,1,-6.3880,-6.3875,-7.6650,-7.6631,-7.6629,0,0,1
25.430134,1788532566.589643,4.6043,4.6049,4.6049,4.6068,4.6069,0,0,1,-3.3808,-3.3981,7.4759,7.6043,7.6067,0,0,1,0.3761,0.3226,0.4839,0.2132,0.2067,0,0,1,-3.8399,-3.8163,4.5796,4.4845,4.4823,0,0,1,2.7657,2.6808,3.2169,2.8722,2.8637,0,0,1,-6.3880,-6.3875,-7.6650,-7.6631,-7.6629,0,0,1
25.438657,1788532566.589643,4.6043,4.6049,4.6049,4.6068,4.6069,0,0,1,-3.3808,-3.3973,7.4741,7.6043,7.6060,0,0,1,0.3761,0.3252,0.4878,0.2132,0.2083,0,0,1,-3.8399,-3.8175,4.5810,4.4845,4.4828,0,0,1,2.7657,2.6849,3.2218,2.8722,2.8658,0,0,1,-6.3880,-6.3875,-7.6650,-7.6631,-7.6629,0,0,1
25.446195,1788532566.589643,4.6043,4.6048,4.6048,4.6068,4.6068,0,0,1,-3.3808,-3.3965,7.4724,7.6043,7.6054,0,0,1,0.3761,0.3276,0.4914,0.2132,0.2097,0,0,1,-3.8399,-3.8185,4.5822,4.4845,4.4833,0,0,1,2.7657,2.6887,3.2265,2.8722,2.8676,0,0,1,-6.3880,-6.3876,-7.6651,-7.6631,-7.6630,0,0,1
25.454196,1788532566.589643,4.6043,4.6048,4.6048,4.6068,4.6068,0,0,1,-3.3808,-3.3958,7.4707,7.6043,7.6049,0,0,1,0.3761,0.3299,0.4949,0.2132,0.2108,0,0,1,-3.8399,-3.8196,4.5835,4.4845,4.4837,0,0,1,2.7657,2.6924,3.2309,2.8722,2.8690,0,0,1,-6.3880,-6.3876,-7.6651,-7.6631,-7.6630,0,0,1
25.462689,1788532566.589643,4.6043,4.6048,4.6048,4.6068,4.6068,0,0,1,-3.3808,-3.3951,7.4691,7.6043,7.6046,0,0,1,0.3761,0.3322,0.4982,0.2132,0.2115,0,0,1,-3.8399,-3.8205,4.5846,4.4845,4.4840,0,0,1,2.7657,2.6960,3.2351,2.8722,2.8700,0,0,1,-6.3880,-6.3876,-7.6651,-7.6631,-7.6630,0,0,1
25.470228,1788532566.589643,4.6043,4.6048,4.6048,4.6068,4.6068,0,0,1,-3.3808,-3.3944,7.4676,7.6043,7.6043,0,0,1,0.3761,0.3343,0.5014,0.2132,0.2123,0,0,1,-3.8399,-3.8215,4.5858,4.4845,4.4842,0,0,1,2.7657,2.6993,3.2392,2.8722,2.8710,0,0,1,-6.3880,-6.3876,-7.6651,-7.6631,-7.6630,0,0,1
25.478755,1788532566.589643,4.6043,4.6047,4.6047,4.6068,4.6068,0,0,1,-3.3808,-3.3937,7.4662,7.6043,7.6040,0,0,1,0.3761,0.3363,0.5044,0.2132,0.2130,0,0,1,-3.8399,-3.8223,4.5868,4.4845,4.4844,0,0,1,2.7657,2.7025,3.2430,2.8722,2.8718,0,0,1,-6.3880,-6.3876,-7.6652,-7.6631,-7.6630,0,0,1
25.486940,1788532566.589643,4.6043,4.6047,4.6047,4.6068,4.6068,0,0,1,-3.3808,-3.3931,7.4648,7.6043,7.6039,0,0,1,0.3761,0.3382,0.5073,0.2132,0.2133,0,0,1,-3.8399,-3.8232,4.5878,4.4845,4.4846,0,0,1,2.7657,2.7055,3.2466,2.8722,2.8723,0,0,1,-6.3880,-6.3877,-7.6652,-7.6631,-7.6630,0,0,1
25.494470,1788532566.589643,4.6043,4.6047,4.6047,4.6068,4.6068,0,0,1,-3.3808,-3.3925,7.4635,7.6043,7.6037,0,0,1,0.3761,0.3400,0.5100,0.2132,0.2138,0,0,1,-3.8399,-3.8240,4.5888,4.4845,4.4847,0,0,1,2.7657,2.7084,3.2501,2.8722,2.8730,0,0,1,-6.3880,-6.3877,-7.6652,-7.6631,-7.6630,0,0,1
25.502972,1788532566.589643,4.6043,4.6047,4.6047,4.6068,4.6068,0,0,1,-3.3808,-3.3920,7.4623,7.6043,7.6036,0,0,1,0.3761,0.3417,0.5126,0.2132,0.2141,0,0,1,-3.8399,-3.8248,4.5897,4.4845,4.4848,0,0,1,2.7657,2.7112,3.2534,2.8722,2.8733,0,0,1,-6.3880,-6.3877,-7.6652,-7.6631,-7.6631,0,0,1
25.511040,1788532566.589643,4.6043,4.6047,4.6047,4.6068,4.6068,0,0,1,-3.3808,-3.3914,7.4611,7.6043,7.6035,0,0,1,0.3761,0.3434,0.5151,0.2132,0.2143,0,0,1,-3.8399,-3.8255,4.5906,4.4845,4.4849,0,0,1,2.7657,2.7138,3.2565,2.8722,2.8736,0,0,1,-6.3880,-6.3877,-7.6652,-7.6631,-7.6631,0,0,1
25.519038,1788532566.589643,4.6043,4.6046,4.6046,4.6068,4.6068,0,0,1,-3.3808,-3.3909,7.4600,7.6043,7.6035,0,0,1,0.3761,0.3449,0.5174,0.2132,0.2145,0,0,1,-3.8399,-3.8262,4.5914,4.4845,4.4850,0,0,1,2.7657,2.7163,3.2595,2.8722,2.8738,0,0,1,-6.3880,-6.3877,-7.6653,-7.6631,-7.6631,0,0,1
25.526558,1788532566.589643,4.6043,4.6046,4.6046,4.6068,4.6068,0,0,1,-3.3808,-3.3904,7.4589,7.6043,7.6035,0,0,1,0.3761,0.3464,0.5196,0.2132,0.2146,0,0,1,-3.8399,-3.8268,4.5922,4.4845,4.4850,0,0,1,2.7657,2.7186,3.2624,2.8722,2.8739,0,0,1,-6.3880,-6.3877,-7.6653,-7.6631,-7.6631,0,0,1
25.535065,1788532566.589643,4.6043,4.6046,4.6046,4.6068,4.6068,0,0,1,-3.3808,-3.3900,7.4579,7.6043,7.6035,0,0,1,0.3761,0.3479,0.5218,0.2132,0.2146,0,0,1,-3.8399,-3.8275,4.5929,4.4845,4.4850,0,0,1,2.7657,2.7209,3.2651,2.8722,2.8740,0,0,1,-6.3880,-6.3877,-7.6653,-7.6631,-7.6631,0,0,1
25.543081,1788532566.589643,4.6043,4.6046,4.6046,4.6068,4.6068,0,0,1,-3.3808,-3.3895,7.4570,7.6043,7.6035,0,0,1,0.3761,0.3492,0.5238,0.2132,0.2146,0,0,1,-3.8399,-3.8280,4.5937,4.4845,4.4850,0,0,1,2.7657,2.7230,3.2676,2.8722,2.8740,0,0,1,-6.3880,-6.3878,-7.6653,-7.6631,-7.6631,0,0,1
25.550683,1788532566.589643,4.6043,4.6046,4.6046,4.6068,4.6068,0,0,1,-3.3808,-3.3891,7.4560,7.6043,7.6035,0,0,1,0.3761,0.3505,0.5257,0.2132,0.2146,0,0,1,-3.8399,-3.8286,4.5943,4.4845,4.4850,0,0,1,2.7657,2.7251,3.2701,2.8722,2.8740,0,0,1,-6.3880,-6.3878,-7.6653,-7.6631,-7.6631,0,0,1
25.558359,1788532566.589643,4.6043,4.6046,4.6046,4.6068,4.6068,0,0,1,-3.3808,-3.3887,7.4552,7.6043,7.6036,0,0,1,0.3761,0.3517,0.5276,0.2132,0.2146,0,0,1,-3.8399,-3.8292,4.5950,4.4845,4.4850,0,0,1,2.7657,2.7270,3.2724,2.8722,2.8739,0,0,1,-6.3880,-6.3878,-7.6653,-7.6631,-7.6631,0,0,1
25.566883,1788532566.589643,4.6043,4.6046,4.6046,4.6068,4.6068,0,0,1,-3.3808,-3.3883,7.4543,7.6043,7.6036,0,0,1,0.3761,0.3529,0.5293,0.2132,0.2145,0,0,1,-3.8399,-3.8297,4.5956,4.4845,4.4850,0,0,1,2.7657,2.7289,3.2747,2.8722,2.8739,0,0,1,-6.3880,-6.3878,-7.6653,-7.6631,-7.6631,0,0,1
25.574887,1788532566.589643,4.6043,4.6045,4.6045,4.6068,4.6068,0,0,1,-3.3808,-3.3880,7.4535,7.6043,7.6037,0,0,1,0.3761,0.3540,0.5310,0.2132,0.2144,0,0,1,-3.8399,-3.8302,4.5962,4.4845,4.4850,0,0,1,2.7657,2.7307,3.2768,2.8722,2.8738,0,0,1,-6.3880,-6.3878,-7.6654,-7.6631,-7.6631,0,0,1
25.582391,1788532566.589643,4.6043,4.6045,4.6045,4.6068,4.6068,0,0,1,-3.3808,-3.3876,7.4528,7.6043,7.6037,0,0,1,0.3761,0.3551,0.5326,0.2132,0.2144,0,0,1,-3.8399,-3.8306,4.5968,4.4845,4.4849,0,0,1,2.7657,2.7323,3.2788,2.8722,2.8737,0,0,1,-6.3880,-6.3878,-7.6654,-7.6631,-7.6631,0,0,1
25.590915,1788532566.589643,4.6043,4.6045,4.6045,4.6068,4.6068,0,0,1,-3.3808,-3.3873,7.4521,7.6043,7.6037,0,0,1,0.3761,0.3561,0.5341,0.2132,0.2143,0,0,1,-3.8399,-3.8311,4.5973,4.4845,4.4849,0,0,1,2.7657,2.7339,3.2807,2.8722,2.8736,0,0,1,-6.3880,-6.3878,-7.6654,-7.6631,-7.6631,0,0,1
25.598420,1788532566.589643,4.6043,4.6045,4.6045,4.6068,4.6068,0,0,1,-3.3808,-3.3870,7.4514,7.6043,7.6038,0,0,1,0.3761,0.3570,0.5355,0.2132,0.2142,0,0,1,-3.8399,-3.8315,4.5978,4.4845,4.4849,0,0,1,2.7657,2.7355,3.2825,2.8722,2.8735,0,0,1,-6.3880,-6.3878,-7.6654,-7.6631,-7.6631,0,0,1
25.606421,1788532566.589643,4.6043,4.6045,4.6045,4.6068,4.6068,0,0,1,-3.3808,-3.3867,7.4507,7.6043,7.6038,0,0,1,0.3761,0.3579,0.5369,0.2132,0.2141,0,0,1,-3.8399,-3.8319,4.5983,4.4845,4.4848,0,0,1,2.7657,2.7369,3.2843,2.8722,2.8734,0,0,1,-6.3880,-6.3878,-7.6654,-7.6631,-7.6631,0,0,1
25.614951,1788532566.589643,4.6043,4.6045,4.6045,4.6068,4.6068,0,0,1,-3.3808,-3.3864,7.4501,7.6043,7.6039,0,0,1,0.3761,0.3588,0.5382,0.2132,0.2141,0,0,1,-3.8399,-3.8323,4.5987,4.4845,4.4848,0,0,1,2.7657,2.7383,3.2859,2.8722,2.8733,0,0,1,-6.3880,-6.3878,-7.6654,-7.6631,-7.6631,0,0,1
25.622550,1788532566.589643,4.6043,4.6045,4.6045,4.6068,4.6068,0,0,1,-3.3808,-3.3861,7.4495,7.6043,7.6039,0,0,1,0.3761,0.3596,0.5395,0.2132,0.2140,0,0,1,-3.8399,-3.8326,4.5992,4.4845,4.4848,0,0,1,2.7657,2.7396,3.2875,2.8722,2.8732,0,0,1,-6.3880,-6.3879,-7.6654,-7.6631,-7.6631,0,0,1
25.630754,1788532566.589643,4.6043,4.6045,4.6045,4.6068,4.6068,0,0,1,-3.3808,-3.3859,7.4490,7.6043,7.6040,0,0,1,0.3761,0.3604,0.5406,0.2132,0.2139,0,0,1,-3.8399,-3.8330,4.5996,4.4845,4.4848,0,0,1,2.7657,2.7408,3.2890,2.8722,2.8731,0,0,1,-6.3880,-6.3879,-7.6654,-7.6631,-7.6631,0,0,1
25.638775,1788532566.589643,4.6043,4.6045,4.6045,4.6068,4.6068,0,0,1,-3.3808,-3.3856,7.4484,7.6043,7.6040,0,0,1,0.3761,0.3612,0.5418,0.2132,0.2138,0,0,1,-3.8399,-3.8333,4.6000,4.4845,4.4847,0,0,1,2.7657,2.7420,3.2904,2.8722,2.8730,0,0,1,-6.3880,-6.3879,-7.6654,-7.6631,-7.6631,0,0,1
25.646800,1788532566.589643,4.6043,4.6045,4.6045,4.6068,4.6068,0,0,1,-3.3808,-3.3854,7.4479,7.6043,7.6040,0,0,1,0.3761,0.3619,0.5428,0.2132,0.2138,0,0,1,-3.8399,-3.8336,4.6004,4.4845,4.4847,0,0,1,2.7657,2.7432,3.2918,2.8722,2.8729,0,0,1,-6.3880,-6.3879,-7.6654,-7.6631,-7.6631,0,0,1
25.655324,1788532566.589643,4.6043,4.6044,4.6044,4.6068,4.6068,0,0,1,-3.3808,-3.3852,7.4474,7.6043,7.6041,0,0,1,0.3761,0.3626,0.5439,0.2132,0.2137,0,0,1,-3.8399,-3.8339,4.6007,4.4845,4.4847,0,0,1,2.7657,2.7443,3.2931,2.8722,2.8729,0,0,1,-6.3880,-6.3879,-7.6655,-7.6631,-7.6631,0,0,1
25.662869,1788532566.589643,4.6043,4.6044,4.6044,4.6068,4.6068,0,0,1,-3.3808,-3.3850,7.4470,7.6043,7.6041,0,0,1,0.3761,0.3632,0.5448,0.2132,0.2136,0,0,1,-3.8399,-3.8342,4.6011,4.4845,4.4847,0,0,1,2.7657,2.7453,3.2943,2.8722,2.8728,0,0,1,-6.3880,-6.3879,-7.6655,-7.6631,-7.6631,0,0,1
25.671376,1788532566.589643,4.6043,4.6044,4.6044,4.6068,4.6068,0,0,1,-3.3808,-3.3848,7.4465,7.6043,7.6041,0,0,1,0.3761,0.3638,0.5458,0.2132,0.2136,0,0,1,-3.8399,-3.8345,4.6014,4.4845,4.4847,0,0,1,2.7657,2.7463,3.2955,2.8722,2.8727,0,0,1,-6.3880,-6.3879,-7.6655,-7.6631,-7.6631,0,0,1
25.679376,1788532566.589643,4.6043,4.6044,4.6044,4.6068,4.6068,0,0,1,-3.3808,-3.3846,7.4461,7.6043,7.6042,0,0,1,0.3761,0.3644,0.5466,0.2132,0.2135,0,0,1,-3.8399,-3.8348,4.6017,4.4845,4.4846,0,0,1,2.7657,2.7472,3.2966,2.8722,2.8726,0,0,1,-6.3880,-6.3879,-7.6655,-7.6631,-7.6631,0,0,1
25.686482,1788532566.589643,4.6043,4.6044,4.6044,4.6068,4.6068,0,0,1,-3.3808,-3.3844,7.4457,7.6043,7.6042,0,0,1,0.3761,0.3650,0.5475,0.2132,0.2135,0,0,1,-3.8399,-3.8350,4.6020,4.4845,4.4846,0,0,1,2.7657,2.7481,3.2977,2.8722,2.8726,0,0,1,-6.3880,-6.3879,-7.6655,-7.6631,-7.6631,0,0,1
25.694940,1788532566.589643,4.6043,4.6044,4.6044,4.6068,4.6068,0,0,1,-3.3808,-3.3842,7.4453,7.6043,7.6042,0,0,1,0.3761,0.3655,0.5483,0.2132,0.2134,0,0,1,-3.8399,-3.8352,4.6023,4.4845,4.4846,0,0,1,2.7657,2.7489,3.2987,2.8722,2.8725,0,0,1,-6.3880,-6.3879,-7.6655,-7.6631,-7.6631,0,0,1
25.703044,1788532566.589643,4.6043,4.6044,4.6044,4.6068,4.6068,0,0,1,-3.3808,-3.3841,7.4450,7.6043,7.6042,0,0,1,0.3761,0.3660,0.5490,0.2132,0.2134,0,0,1,-3.8399,-3.8355,4.6025,4.4845,4.4846,0,0,1,2.7657,2.7497,3.2997,2.8722,2.8725,0,0,1,-6.3880,-6.3879,-7.6655,-7.6631,-7.6631,0,0,1
25.710748,1788532566.589643,4.6043,4.6044,4.6044,4.6068,4.6068,0,0,1,-3.3808,-3.3839,7.4446,7.6043,7.6042,0,0,1,0.3761,0.3665,0.5498,0.2132,0.2134,0,0,1,-3.8399,-3.8357,4.6028,4.4845,4.4846,0,0,1,2.7657,2.7505,3.3006,2.8722,2.8725,0,0,1,-6.3880,-6.3879,-7.6655,-7.6631,-7.6631,0,0,1
25.719105,1788532566.589643,4.6043,4.6044,4.6044,4.6068,4.6068,0,0,1,-3.3808,-3.3838,7.4443,7.6043,7.6042,0,0,1,0.3761,0.3670,0.5505,0.2132,0.2134,0,0,1,-3.8399,-3.8359,4.6030,4.4845,4.4846,0,0,1,2.7657,2.7512,3.3015,2.8722,2.8724,0,0,1,-6.3880,-6.3879,-7.6655,-7.6631,-7.6631,0,0,1
25.727127,1788532566.589643,4.6043,4.6044,4.6044,4.6068,4.6068,0,0,1,-3.3808,-3.3836,7.4440,7.6043,7.6043,0,0,1,0.3761,0.3674,0.5511,0.2132,0.2133,0,0,1,-3.8399,-3.8361,4.6033,4.4845,4.4846,0,0,1,2.7657,2.7519,3.3023,2.8722,2.8724,0,0,1,-6.3880,-6.3879,-7.6655,-7.6631,-7.6631,0,0,1
25.735477,1788532566.589643,4.6043,4.6044,4.6044,4.6068,4.6068,0,0,1,-3.3808,-3.3835,7.4437,7.6043,7.6043,0,0,1,0.3761,0.3678,0.5517,0.2132,0.2133,0,0,1,-3.8399,-3.8362,4.6035,4.4845,4.4846,0,0,1,2.7657,2.7526,3.3031,2.8722,2.8723,0,0,1,-6.3880,-6.3879,-7.6655,-7.6631,-7.6631,0,0,1
25.743002,1788532566.589643,4.6043,4.6044,4.6044,4.6068,4.6068,0,0,1,-3.3808,-3.3834,7.4434,7.6043,7.6043,0,0,1,0.3761,0.3682,0.5523,0.2132,0.2133,0,0,1,-3.8399,-3.8364,4.6037,4.4845,4.4845,0,0,1,2.7657,2.7532,3.3038,2.8722,2.8723,0,0,1,-6.3880,-6.3879,-7.6655,-7.6631,-7.6631,0,0,1
25.751511,1788532566.589643,4.6043,4.6044,4.6044,4.6068,4.6068,0,0,1,-3.3808,-3.3832,7.4431,7.6043,7.6043,0,0,1,0.3761,0.3686,0.5529,0.2132,0.2133,0,0,1,-3.8399,-3.8366,4.6039,4.4845,4.4845,0,0,1,2.7657,2.7538,3.3046,2.8722,2.8723,0,0,1,-6.3880,-6.3879,-7.6655,-7.6631,-7.6631,0,0,1
25.759132,1788532566.589643,4.6043,4.6044,4.6044,4.6068,4.6068,0,0,1,-3.3808,-3.3831,7.4429,7.6043,7.6043,0,0,1,0.3761,0.3690,0.5534,0.2132,0.2132,0,0,1,-3.8399,-3.8367,4.6041,4.4845,4.4845,0,0,1,2.7657,2.7544,3.3052,2.8722,2.8723,0,0,1,-6.3880,-6.3879,-7.6655,-7.6631,-7.6631,0,0,1
25.767459,1788532566.589643,4.6043,4.6044,4.6044,4.6068,4.6068,0,0,1,-3.3808,-3.3830,7.4426,7.6043,7.6043,0,0,1,0.3761,0.3693,0.5539,0.2132,0.2132,0,0,1,-3.8399,-3.8369,4.6043,4.4845,4.4845,0,0,1,2.7657,2.7549,3.3059,2.8722,2.8722,0,0,1,-6.3880,-6.3879,-7.6655,-7.6631,-7.6631,0,0,1
25.775456,1788532566.589643,4.6043,4.6044,4.6044,4.6068,4.6068,0,0,1,-3.3808,-3.3829,7.4424,7.6043,7.6043,0,0,1,0.3761,0.3696,0.5544,0.2132,0.2132,0,0,1,-3.8399,-3.8370,4.6045,4.4845,4.4845,0,0,1,2.7657,2.7554,3.3065,2.8722,2.8722,0,0,1,-6.3880,-6.3879,-7.6655,-7.6631,-7.6631,0,0,1
25.782976,1788532566.589643,4.6043,4.6044,4.6044,4.6068,4.6068,0,0,1,-3.3808,-3.3828,7.4422,7.6043,7.6043,0,0,1,0.3761,0.3699,0.5549,0.2132,0.2132,0,0,1,-3.8399,-3.8372,4.6046,4.4845,4.4845,0,0,1,2.7657,2.7559,3.3071,2.8722,2.8722,0,0,1,-6.3880,-6.3879,-7.6655,-7.6631,-7.6631,0,0,1
25.790977,1788532566.589643,4.6043,4.6044,4.6044,4.6068,4.6068,0,0,1,-3.3808,-3.3827,7.4420,7.6043,7.6043,0,0,1,0.3761,0.3702,0.5553,0.2132,0.2132,0,0,1,-3.8399,-3.8373,4.6048,4.4845,4.4845,0,0,1,2.7657,2.7564,3.3077,2.8722,2.8722,0,0,1,-6.3880,-6.3879,-7.6655,-7.6631,-7.6631,0,0,1
25.798212,1788532566.589643,4.6043,4.6044,4.6044,4.6068,4.6068,0,0,1,-3.3808,-3.3826,7.4418,7.6043,7.6043,0,0,1,0.3761,0.3705,0.5558,0.2132,0.2132,0,0,1,-3.8399,-3.8374,4.6049,4.4845,4.4845,0,0,1,2.7657,2.7568,3.3082,2.8722,2.8722,0,0,1,-6.3880,-6.3879,-7.6655,-7.6631,-7.6631,0,0,1
25.807245,1788532566.589643,4.6043,4.6044,4.6044,4.6068,4.6068,0,0,1,-3.3808,-3.3825,7.4416,7.6043,7.6043,0,0,1,0.3761,0.3708,0.5562,0.2132,0.2132,0,0,1,-3.8399,-3.8376,4.6051,4.4845,4.4845,0,0,1,2.7657,2.7573,3.3087,2.8722,2.8722,0,0,1,-6.3880,-6.3880,-7.6655,-7.6631,-7.6631,0,0,1
25.815261,1788532566.589643,4.6043,4.6044,4.6044,4.6068,4.6068,0,0,1,-3.3808,-3.3824,7.4414,7.6043,7.6043,0,0,1,0.3761,0.3710,0.5565,0.2132,0.2132,0,0,1,-3.8399,-3.8377,4.6052,4.4845,4.4845,0,0,1,2.7657,2.7577,3.3092,2.8722,2.8722,0,0,1,-6.3880,-6.3880,-7.6655,-7.6631,-7.6631,0,0,1
25.823290,1788532566.589643,4.6043,4.6044,4.6044,4.6068,4.6068,0,0,1,-3.3808,-3.3824,7.4412,7.6043,7.6043,0,0,1,0.3761,0.3713,0.5569,0.2132,0.2132,0,0,1,-3.8399,-3.8378,4.6053,4.4845,4.4845,0,0,1,2.7657,2.7580,3.3097,2.8722,2.8722,0,0,1,-6.3880,-6.3880,-7.6655,-7.6631,-7.6631,0,0,1
25.831500,1788532566.589643,4.6043,4.6044,4.6044,4.6068,4.6068,0,0,1,-3.3808,-3.3823,7.4410,7.6043,7.6043,0,0,1,0.3761,0.3715,0.5573,0.2132,0.2132,0,0,1,-3.8399,-3.8379,4.6054,4.4845,4.4845,0,0,1,2.7657,2.7584,3.3101,2.8722,2.8722,0,0,1,-6.3880,-6.3880,-7.6656,-7.6631,-7.6631,0,0,1
25.839046,1788532566.589643,4.6043,4.6043,4.6043,4.6068,4.6068,0,0,1,-3.3808,-3.3822,7.4409,7.6043,7.6043,0,0,1,0.3761,0.3717,0.5576,0.2132,0.2132,0,0,1,-3.8399,-3.8380,4.6056,4.4845,4.4845,0,0,1,2.7657,2.7588,3.3105,2.8722,2.8722,0,0,1,-6.3880,-6.3880,-7.6656,-7.6631,-7.6631,0,0,1
25.847070,1788532566.589643,4.6043,4.6043,4.6043,4.6068,4.6068,0,0,1,-3.3808,-3.3822,7.4407,7.6043,7.6043,0,0,1,0.3761,0.3719,0.5579,0.2132,0.2132,0,0,1,-3.8399,-3.8381,4.6057,4.4845,4.4845,0,0,1,2.7657,2.7591,3.3109,2.8722,2.8722,0,0,1,-6.3880,-6.3880,-7.6656,-7.6631,-7.6631,0,0,1
25.854584,1788532566.589643,4.6043,4.6043,4.6043,4.6068,4.6068,0,0,1,-3.3808,-3.3821,7.4406,7.6043,7.6043,0,0,1,0.3761,0.3721,0.5582,0.2132,0.2132,0,0,1,-3.8399,-3.8382,4.6058,4.4845,4.4845,0,0,1,2.7657,2.7594,3.3113,2.8722,2.8722,0,0,1,-6.3880,-6.3880,-7.6656,-7.6631,-7.6631,0,0,1
25.863742,1788532566.589643,4.6043,4.6043,4.6043,4.6068,4.6068,0,0,1,-3.3808,-3.3820,7.4405,7.6043,7.6043,0,0,1,0.3761,0.3723,0.5585,0.2132,0.2132,0,0,1,-3.8399,-3.8382,4.6059,4.4845,4.4845,0,0,1,2.7657,2.7597,3.3117,2.8722,2.8722,0,0,1,-6.3880,-6.3880,-7.6656,-7.6631,-7.6631,0,0,1
25.871320,1788532566.589643,4.6043,4.6043,4.6043,4.6068,4.6068,0,0,1,-3.3808,-3.3820,7.4403,7.6043,7.6043,0,0,1,0.3761,0.3725,0.5588,0.2132,0.2132,0,0,1,-3.8399,-3.8383,4.6060,4.4845,4.4845,0,0,1,2.7657,2.7600,3.3120,2.8722,2.8722,0,0,1,-6.3880,-6.3880,-7.6656,-7.6631,-7.6631,0,0,1
25.879319,1788532566.589643,4.6043,4.6043,4.6043,4.6068,4.6068,0,0,1,-3.3808,-3.3819,7.4402,7.6043,7.6043,0,0,1,0.3761,0.3727,0.5590,0.2132,0.2131,0,0,1,-3.8399,-3.8384,4.6061,4.4845,4.4845,0,0,1,2.7657,2.7603,3.3123,2.8722,2.8722,0,0,1,-6.3880,-6.3880,-7.6656,-7.6631,-7.6631,0,0,1
25.886834,1788532566.589643,4.6043,4.6043,4.6043,4.6068,4.6068,0,0,1,-3.3808,-3.3819,7.4401,7.6043,7.6043,0,0,1,0.3761,0.3728,0.5593,0.2132,0.2131,0,0,1,-3.8399,-3.8385,4.6062,4.4845,4.4845,0,0,1,2.7657,2.7605,3.3126,2.8722,2.8721,0,0,1,-6.3880,-6.3880,-7.6656,-7.6631,-7.6631,0,0,1
25.894849,1788532566.589643,4.6043,4.6043,4.6043,4.6068,4.6068,0,0,1,-3.3808,-3.3818,7.4400,7.6043,7.6043,0,0,1,0.3761,0.3730,0.5595,0.2132,0.2131,0,0,1,-3.8399,-3.8385,4.6062,4.4845,4.4845,0,0,1,2.7657,2.7608,3.3129,2.8722,2.8721,0,0,1,-6.3880,-6.3880,-7.6656,-7.6631,-7.6631,0,0,1
25.903368,1788532566.589643,4.6043,4.6043,4.6043,4.6068,4.6068,0,0,1,-3.3808,-3.3818,7.4399,7.6043,7.6043,0,0,1,0.3761,0.3731,0.5597,0.2132,0.2131,0,0,1,-3.8399,-3.8386,4.6063,4.4845,4.4845,0,0,1,2.7657,2.7610,3.3132,2.8722,2.8721,0,0,1,-6.3880,-6.3880,-7.6656,-7.6631,-7.6631,0,0,1
25.911411,1788532566.589643,4.6043,4.6043,4.6043,4.6068,4.6068,0,0,1,-3.3808,-3.3817,7.4398,7.6043,7.6043,0,0,1,0.3761,0.3733,0.5599,0.2132,0.2131,0,0,1,-3.8399,-3.8387,4.6064,4.4845,4.4845,0,0,1,2.7657,2.7612,3.3135,2.8722,2.8721,0,0,1,-6.3880,-6.3880,-7.6656,-7.6631,-7.6631,0,0,1
25.919947,1788532566.589643,4.6043,4.6043,4.6043,4.6068,4.6068,0,0,1,-3.3808,-3.3817,7.4397,7.6043,7.6043,0,0,1,0.3761,0.3734,0.5601,0.2132,0.2131,0,0,1,-3.8399,-3.8387,4.6065,4.4845,4.4845,0,0,1,2.7657,2.7615,3.3137,2.8722,2.8721,0,0,1,-6.3880,-6.3880,-7.6656,-7.6631,-7.6631,0,0,1
25.926955,1788532566.589643,4.6043,4.6043,4.6043,4.6068,4.6068,0,0,1,-3.3808,-3.3816,7.4396,7.6043,7.6043,0,0,1,0.3761,0.3735,0.5603,0.2132,0.2131,0,0,1,-3.8399,-3.8388,4.6065,4.4845,4.4845,0,0,1,2.7657,2.7617,3.3140,2.8722,2.8721,0,0,1,-6.3880,-6.3880,-7.6656,-7.6631,-7.6631,0,0,1
25.935465,1788532566.589643,4.6043,4.6043,4.6043,4.6068,4.6068,0,0,1,-3.3808,-3.3816,7.4395,7.6043,7.6043,0,0,1,0.3761,0.3737,0.5605,0.2132,0.2131,0,0,1,-3.8399,-3.8388,4.6066,4.4845,4.4845,0,0,1,2.7657,2.7619,3.3142,2.8722,2.8721,0,0,1,-6.3880,-6.3880,-7.6656,-7.6631,-7.6631,0,0,1
25.942980,1788532566.589643,4.6043,4.6043,4.6043,4.6068,4.6068,0,0,1,-3.3808,-3.3816,7.4394,7.6043,7.6043,0,0,1,0.3761,0.3738,0.5607,0.2132,0.2131,0,0,1,-3.8399,-3.8389,4.6067,4.4845,4.4845,0,0,1,2.7657,2.7620,3.3144,2.8722,2.8721,0,0,1,-6.3880,-6.3880,-7.6656,-7.6631,-7.6631,0,0,1
25.951986,1788532566.589643,4.6043,4.6043,4.6043,4.6068,4.6068,0,0,1,-3.3808,-3.3815,7.4393,7.6043,7.6043,0,0,1,0.3761,0.3739,0.5608,0.2132,0.2131,0,0,1,-3.8399,-3.8389,4.6067,4.4845,4.4845,0,0,1,2.7657,2.7622,3.3147,2.8722,2.8721,0,0,1,-6.3880,-6.3880,-7.6656,-7.6631,-7.6631,0,0,1
25.960004,1788532566.589643,4.6043,4.6043,4.6043,4.6068,4.6068,0,0,1,-3.3808,-3.3815,7.4393,7.6043,7.6043,0,0,1,0.3761,0.3740,0.5610,0.2132,0.2131,0,0,1,-3.8399,-3.8390,4.6068,4.4845,4.4845,0,0,1,2.7657,2.7624,3.3149,2.8722,2.8721,0,0,1,-6.3880,-6.3880,-7.6656,-7.6631,-7.6631,0,0,1
25.968020,1788532566.589643,4.6043,4.6043,4.6043,4.6068,4.6068,0,0,1,-3.3808,-3.3814,7.4392,7.6043,7.6043,0,0,1,0.3761,0.3741,0.5612,0.2132,0.2131,0,0,1,-3.8399,-3.8390,4.6068,4.4845,4.4845,0,0,1,2.7657,2.7625,3.3150,2.8722,2.8721,0,0,1,-6.3880,-6.3880,-7.6656,-7.6631,-7.6631,0,0,1
25.976027,1788532566.589643,4.6043,4.6043,4.6043,4.6068,4.6068,0,0,1,-3.3808,-3.3814,7.4391,7.6043,7.6043,0,0,1,0.3761,0.3742,0.5613,0.2132,0.2131,0,0,1,-3.8399,-3.8391,4.6069,4.4845,4.4845,0,0,1,2.7657,2.7627,3.3152,2.8722,2.8721,0,0,1,-6.3880,-6.3880,-7.6656,-7.6631,-7.6631,0,0,1
25.983538,1788532566.589643,4.6043,4.6043,4.6043,4.6068,4.6068,0,0,1,-3.3808,-3.3814,7.4391,7.6043,7.6043,0,0,1,0.3761,0.3743,0.5614,0.2132,0.2131,0,0,1,-3.8399,-3.8391,4.6069,4.4845,4.4845,0,0,1,2.7657,2.7628,3.3154,2.8722,2.8721,0,0,1,-6.3880,-6.3880,-7.6656,-7.6631,-7.6631,0,0,1
25.991546,1788532566.589643,4.6043,4.6043,4.6043,4.6068,4.6068,0,0,1,-3.3808,-3.3814,7.4390,7.6043,7.6043,0,0,1,0.3761,0.3744,0.5616,0.2132,0.2131,0,0,1,-3.8399,-3.8391,4.6070,4.4845,4.4845,0,0,1,2.7657,2.7630,3.3156,2.8722,2.8721,0,0,1,-6.3880,-6.3880,-7.6656,-7.6631,-7.6631,0,0,1
25.999553,1788532566.589643,4.6043,4.6043,4.6043,4.6068,4.6068,0,0,1,-3.3808,-3.3813,7.4389,7.6043,7.6043,0,0,1,0.3761,0.3745,0.5617,0.2132,0.2131,0,0,1,-3.8399,-3.8392,4.6070,4.4845,4.4845,0,0,1,2.7657,2.7631,3.3157,2.8722,2.8721,0,0,1,-6.3880,-6.3880,-7.6656,-7.6631,-7.6631,0,0,1
26.007168,1788532566.589643,4.6043,4.6043,4.6043,4.6068,4.6068,0,0,1,-3.3808,-3.3813,7.4389,7.6043,7.6043,0,0,1,0.3761,0.3745,0.5618,0.2132,0.2131,0,0,1,-3.8399,-3.8392,4.6071,4.4845,4.4845,0,0,1,2.7657,2.7632,3.3159,2.8722,2.8721,0,0,1,-6.3880,-6.3880,-7.6656,-7.6631,-7.6631,0,0,1
26.015180,1788532566.589643,4.6043,4.6043,4.6043,4.6068,4.6068,0,0,1,-3.3808,-3.3813,7.4388,7.6043,7.6043,0,0,1,0.3761,0.3746,0.5619,0.2132,0.2131,0,0,1,-3.8399,-3.8392,4.6071,4.4845,4.4845,0,0,1,2.7657,2.7633,3.3160,2.8722,2.8722,0,0,1,-6.3880,-6.3880,-7.6656,-7.6631,-7.6631,0,0,1
26.023733,1788532566.589643,4.6043,4.6043,4.6043,4.6068,4.6068,0,0,1,-3.3808,-3.3813,7.4388,7.6043,7.6043,0,0,1,0.3761,0.3747,0.5620,0.2132,0.2131,0,0,1,-3.8399,-3.8393,4.6071,4.4845,4.4845,0,0,1,2.7657,2.7635,3.3161,2.8722,2.8722,0,0,1,-6.3880,-6.3880,-7.6656,-7.6631,-7.6631,0,0,1
26.031247,1788532566.589643,4.6043,4.6043,4.6043,4.6068,4.6068,0,0,1,-3.3808,-3.3812,7.4387,7.6043,7.6043,0,0,1,0.3761,0.3748,0.5621,0.2132,0.2131,0,0,1,-3.8399,-3.8393,4.6072,4.4845,4.4845,0,0,1,2.7657,2.7636,3.3163,2.8722,2.8722,0,0,1,-6.3880,-6.3880,-7.6656,-7.6631,-7.6631,0,0,1
26.039254,1788532566.589643,4.6043,4.6043,4.6043,4.6068,4.6068,0,0,1,-3.3808,-3.3812,7.4387,7.6043,7.6043,0,0,1,0.3761,0.3748,0.5622,0.2132,0.2131,0,0,1,-3.8399,-3.8393,4.6072,4.4845,4.4845,0,0,1,2.7657,2.7637,3.3164,2.8722,2.8722,0,0,1,-6.3880,-6.3880,-7.6656,-7.6631,-7.6631,0,0,1
26.046767,1788532566.589643,4.6043,4.6043,4.6043,4.6068,4.6068,0,0,1,-3.3808,-3.3812,7.4386,7.6043,7.6043,0,0,1,0.3761,0.3749,0.5623,0.2132,0.2131,0,0,1,-3.8399,-3.8394,4.6072,4.4845,4.4845,0,0,1,2.7657,2.7638,3.3165,2.8722,2.8722,0,0,1,-6.3880,-6.3880,-7.6656,-7.6631,-7.6631,0,0,1
26.055760,1788532566.589643,4.6043,4.6043,4.6043,4.6068,4.6068,0,0,1,-3.3808,-3.3812,7.4386,7.6043,7.6043,0,0,1,0.3761,0.3749,0.5624,0.2132,0.2131,0,0,1,-3.8399,-3.8394,4.6073,4.4845,4.4845,0,0,1,2.7657,2.7639,3.3166,2.8722,2.8722,0,0,1,-6.3880,-6.3880,-7.6656,-7.6631,-7.6631,0,0,1
26.063290,1788532566.589643,4.6043,4.6043,4.6043,4.6068,4.6068,0,0,1,-3.3808,-3.3812,7.4386,7.6043,7.6043,0,0,1,0.3761,0.3750,0.5625,0.2132,0.2131,0,0,1,-3.8399,-3.8394,4.6073,4.4845,4.4845,0,0,1,2.7657,2.7639,3.3167,2.8722,2.8722,0,0,1,-6.3880,-6.3880,-7.6656,-7.6631,-7.6631,0,0,1
26.071807,1788532566.589643,4.6043,4.6043,4.6043,4.6068,4.6068,0,0,1,-3.3808,-3.3811,7.4385,7.6043,7.6043,0,0,1,0.3761,0.3750,0.5626,0.2132,0.2131,0,0,1,-3.8399,-3.8394,4.6073,4.4845,4.4845,0,0,1,2.7657,2.7640,3.3168,2.8722,2.8722,0,0,1,-6.3880,-6.3880,-7.6656,-7.6631,-7.6631,0,0,1
26.079903,1788532566.589643,4.6043,4.6043,4.6043,4.6068,4.6068,0,0,1,-3.3808,-3.3811,7.4385,7.6043,7.6043,0,0,1,0.3761,0.3751,0.5626,0.2132,0.2132,0,0,1,-3.8399,-3.8395,4.6073,4.4845,4.4845,0,0,1,2.7657,2.7641,3.3169,2.8722,2.8722,0,0,1,-6.3880,-6.3880,-7.6656,-7.6631,-7.6631,0,0,1
