t_s,t_capture,in_J1_deg,filt_J1_deg,target_J1_deg,cmd_J1_deg,act_J1_deg,ratelim_J1,rangeclamp_J1,halted_J1,in_J2_deg,filt_J2_deg,target_J2_deg,cmd_J2_deg,act_J2_deg,ratelim_J2,rangeclamp_J2,halted_J2,in_J3_deg,filt_J3_deg,target_J3_deg,cmd_J3_deg,act_J3_deg,ratelim_J3,rangeclamp_J3,halted_J3,in_J4_deg,filt_J4_deg,target_J4_deg,cmd_J4_deg,act_J4_deg,ratelim_J4,rangeclamp_J4,halted_J4,in_J5_deg,filt_J5_deg,target_J5_deg,cmd_J5_deg,act_J5_deg,ratelim_J5,rangeclamp_J5,halted_J5,in_J6_deg,filt_J6_deg,target_J6_deg,cmd_J6_deg,act_J6_deg,ratelim_J6,rangeclamp_J6,halted_J6
0.000000,1788533099.755742,0.0000,0.0000,0.0000,0.0000,0.0000,0,0,0,0.0000,0.0000,0.0000,0.0000,0.0000,0,0,0,0.0000,0.0000,0.0000,0.0000,0.0000,0,0,0,0.0000,0.0000,0.0000,0.0000,0.0000,0,0,0,0.0000,0.0000,0.0000,0.0000,0.0000,0,0,0,0.0000,0.0000,0.0000,0.0000,0.0000,0,0,0
0.008982,1788533099.755742,0.0000,0.0000,0.0000,0.0000,0.0000,0,0,0,0.0000,0.0000,0.0000,0.0000,0.0000,0,0,0,0.0000,0.0000,0.0000,0.0000,0.0000,0,0,0,0.0000,0.0000,0.0000,0.0000,0.0000,0,0,0,0.0000,0.0000,0.0000,0.0000,0.0000,0,0,0,0.0000,0.0000,0.0000,0.0000,0.0000,0,0,0
0.016353,1788533099.755742,0.0000,0.0000,0.0000,0.0000,0.0000,0,0,0,0.0000,0.0000,0.0000,0.0000,0.0000,0,0,0,0.0000,0.0000,0.0000,0.0000,0.0000,0,0,0,0.0000,0.0000,0.0000,0.0000,0.0000,0,0,0,0.0000,0.0000,0.0000,0.0000,0.0000,0,0,0,0.0000,0.0000,0.0000,0.0000,0.0000,0,0,0
0.024564,1788533099.789550,0.3593,0.0630,0.0630,0.0630,0.0000,0,0,0,0.1077,0.0189,-0.0415,-0.0415,0.0000,0,0,0,0.0037,0.0006,0.0010,0.0010,0.0000,0,0,0,-0.0295,-0.0052,0.0062,0.0062,0.0000,0,0,0,0.1276,0.0224,0.0268,0.0268,0.0000,0,0,0,0.0124,0.0022,0.0026,0.0026,0.0000,0,0,0
0.032652,1788533099.797698,0.3593,0.0774,0.0774,0.0774,0.0000,0,0,0,0.1077,0.0232,-0.0510,-0.0510,0.0000,0,0,0,0.0037,0.0008,0.0012,0.0012,0.0000,0,0,0,-0.0295,-0.0064,0.0076,0.0076,0.0000,0,0,0,0.1276,0.0275,0.0330,0.0330,0.0000,0,0,0,0.0124,0.0027,0.0032,0.0032,0.0000,0,0,0
0.040854,1788533099.812972,1.4455,0.1973,0.1973,0.1973,0.0000,0,0,0,-0.0745,0.0146,-0.0322,-0.0322,0.0000,0,0,0,-0.0186,-0.0009,-0.0014,-0.0014,0.0000,0,0,0,-0.0802,-0.0128,0.0154,0.0154,0.0000,0,0,0,0.0842,0.0325,0.0389,0.0389,0.0000,0,0,0,0.0386,0.0058,0.0070,0.0070,0.0000,0,0,0
0.048371,1788533099.812972,1.4455,0.2572,0.2572,0.2572,0.0000,0,0,0,-0.0745,0.0104,-0.0228,-0.0228,-0.0000,0,0,0,-0.0186,-0.0017,-0.0026,-0.0026,-0.0000,0,0,0,-0.0802,-0.0160,0.0193,0.0193,0.0000,0,0,0,0.0842,0.0349,0.0419,0.0419,0.0000,0,0,0,0.0386,0.0074,0.0089,0.0089,0.0000,0,0,0
0.057107,1788533099.821656,1.4455,0.3189,0.3189,0.3189,0.0001,0,0,0,-0.0745,0.0060,-0.0132,-0.0132,-0.0000,0,0,0,-0.0186,-0.0026,-0.0039,-0.0039,-0.0000,0,0,0,-0.0802,-0.0194,0.0232,0.0232,0.0000,0,0,0,0.0842,0.0375,0.0450,0.0450,0.0000,0,0,0,0.0386,0.0090,0.0108,0.0108,0.0000,0,0,0
0.065165,1788533099.829225,1.4455,0.3702,0.3702,0.3702,0.0002,0,0,0,-0.0745,0.0023,-0.0051,-0.0051,-0.0000,0,0,0,-0.0186,-0.0033,-0.0050,-0.0050,-0.0000,0,0,0,-0.0802,-0.0221,0.0266,0.0266,0.0000,0,0,0,0.0842,0.0396,0.0475,0.0475,0.0000,0,0,0,0.0386,0.0103,0.0124,0.0124,0.0000,0,0,0
0.072810,1788533099.837283,1.4455,0.4222,0.4222,0.4222,0.0008,0,0,0,-0.0745,-0.0014,0.0030,0.0030,-0.0001,0,0,0,-0.0186,-0.0041,-0.0061,-0.0061,-0.0000,0,0,0,-0.0802,-0.0249,0.0299,0.0299,0.0001,0,0,0,0.0842,0.0417,0.0501,0.0501,0.0002,0,0,0,0.0386,0.0117,0.0140,0.0140,0.0000,0,0,0
0.080350,1788533099.837283,1.4455,0.4714,0.4714,0.4714,0.0017,0,0,0,-0.0745,-0.0049,0.0107,0.0107,-0.0003,0,0,0,-0.0186,-0.0048,-0.0072,-0.0072,-0.0000,0,0,0,-0.0802,-0.0276,0.0331,0.0331,0.0001,0,0,0,0.0842,0.0438,0.0525,0.0525,0.0003,0,0,0,0.0386,0.0130,0.0156,0.0156,0.0001,0,0,0
0.088437,1788533099.853466,2.4580,0.6557,0.6557,0.6557,0.0028,0,0,0,0.2489,0.0185,-0.0408,-0.0408,-0.0004,0,0,0,0.0666,0.0018,0.0027,0.0027,-0.0000,0,0,0,0.0170,-0.0235,0.0281,0.0281,0.0002,0,0,0,0.1603,0.0545,0.0654,0.0654,0.0005,0,0,0,0.0475,0.0162,0.0194,0.0194,0.0001,0,0,0
0.096431,1788533099.853466,2.4580,0.7425,0.7425,0.7425,0.0049,0,0,0,0.2489,0.0296,-0.0651,-0.0651,-0.0006,0,0,0,0.0666,0.0049,0.0074,0.0074,-0.0000,0,0,0,0.0170,-0.0215,0.0258,0.0258,0.0004,0,0,0,0.1603,0.0596,0.0715,0.0715,0.0009,0,0,0,0.0475,0.0177,0.0212,0.0212,0.0002,0,0,0
0.104512,1788533099.870570,2.4580,0.9101,0.9101,0.9101,0.0081,0,0,0,0.2489,0.0509,-0.1119,-0.1119,-0.0008,0,0,0,0.0666,0.0109,0.0163,0.0163,-0.0001,0,0,0,0.0170,-0.0178,0.0213,0.0213,0.0006,0,0,0,0.1603,0.0694,0.0833,0.0833,0.0014,0,0,0,0.0475,0.0206,0.0247,0.0247,0.0003,0,0,0
0.112553,1788533099.870570,2.4580,0.9848,0.9848,0.9848,0.0127,0,0,0,0.2489,0.0603,-0.1328,-0.1328,-0.0011,0,0,0,0.0666,0.0136,0.0203,0.0203,-0.0001,0,0,0,0.0170,-0.0161,0.0193,0.0193,0.0009,0,0,0,0.1603,0.0737,0.0885,0.0885,0.0020,0,0,0,0.0475,0.0219,0.0262,0.0262,0.0004,0,0,0
0.121091,1788533099.885691,3.4087,1.1968,1.1968,1.1968,0.0173,0,0,0,0.2842,0.0798,-0.1755,-0.1755,-0.0014,0,0,0,0.1373,0.0243,0.0365,0.0365,-0.0001,0,0,0,-0.0738,-0.0211,0.0253,0.0253,0.0012,0,0,0,0.2779,0.0915,0.1097,0.1097,0.0026,0,0,0,0.0355,0.0230,0.0277,0.0277,0.0006,0,0,0
0.129192,1788533099.893209,3.4087,1.2976,1.2976,1.2976,0.0278,0,0,0,0.2842,0.0890,-0.1958,-0.1958,-0.0021,0,0,0,0.1373,0.0294,0.0441,0.0441,-0.0001,0,0,0,-0.0738,-0.0235,0.0282,0.0282,0.0017,0,0,0,0.2779,0.0999,0.1198,0.1198,0.0038,0,0,0,0.0355,0.0236,0.0283,0.0283,0.0009,0,0,0
0.136777,1788533099.893209,3.4087,1.3997,1.3997,1.3997,0.0361,0,0,0,0.2842,0.0984,-0.2164,-0.2164,-0.0027,0,0,0,0.1373,0.0346,0.0519,0.0519,-0.0001,0,0,0,-0.0738,-0.0259,0.0311,0.0311,0.0021,0,0,0,0.2779,0.1084,0.1301,0.1301,0.0047,0,0,0,0.0355,0.0242,0.0290,0.0290,0.0012,0,0,0
0.144692,1788533099.909892,4.9434,1.7398,1.7398,1.7398,0.0502,0,0,0,0.4847,0.1350,-0.2971,-0.2971,-0.0041,0,0,0,0.2925,0.0590,0.0886,0.0886,0.0000,0,0,0,-0.0716,-0.0302,0.0363,0.0363,0.0026,0,0,0,0.3718,0.1334,0.1601,0.1601,0.0061,0,0,0,0.2767,0.0481,0.0578,0.0578,0.0016,0,0,0
0.152779,1788533099.909892,4.9434,1.8952,1.8952,1.8952,0.0682,0,0,0,0.4847,0.1518,-0.3339,-0.3339,-0.0060,0,0,0,0.2925,0.0702,0.1053,0.1053,0.0003,0,0,0,-0.0716,-0.0322,0.0387,0.0387,0.0032,0,0,0,0.3718,0.1448,0.1738,0.1738,0.0080,0,0,0,0.2767,0.0591,0.0709,0.0709,0.0020,0,0,0
0.160348,1788533099.909892,4.9434,2.0433,2.0433,2.0433,0.0914,0,0,0,0.4847,0.1677,-0.3690,-0.3690,-0.0089,0,0,0,0.2925,0.0809,0.1213,0.1213,0.0009,0,0,0,-0.0716,-0.0341,0.0409,0.0409,0.0039,0,0,0,0.3718,0.1557,0.1868,0.1868,0.0102,0,0,0,0.2767,0.0695,0.0834,0.0834,0.0027,0,0,0
0.168580,1788533099.934076,4.9434,2.4311,2.4311,2.4311,0.1206,0,0,0,0.4847,0.2096,-0.4611,-0.4611,-0.0129,0,0,0,0.2925,0.1088,0.1632,0.1632,0.0017,0,0,0,-0.0716,-0.0391,0.0469,0.0469,0.0047,0,0,0,0.3718,0.1842,0.2211,0.2211,0.0130,0,0,0,0.2767,0.0969,0.1162,0.1162,0.0035,0,0,0
0.176874,1788533099.948991,4.9434,2.6496,2.6496,2.6496,0.1569,0,0,0,0.4847,0.2332,-0.5131,-0.5131,-0.0182,0,0,0,0.2925,0.1246,0.1868,0.1868,0.0031,0,0,0,-0.0716,-0.0418,0.0502,0.0502,0.0056,0,0,0,0.3718,0.2003,0.2404,0.2404,0.0164,0,0,0,0.2767,0.1123,0.1347,0.1347,0.0045,0,0,0
0.184564,1788533099.948991,4.9434,2.7611,2.7611,2.7611,0.2008,0,0,0,0.4847,0.2453,-0.5396,-0.5396,-0.0251,0,0,0,0.2925,0.1326,0.1989,0.1989,0.0050,0,0,0,-0.0716,-0.0433,0.0519,0.0519,0.0066,0,0,0,0.3718,0.2085,0.2503,0.2503,0.0205,0,0,0,0.2767,0.1201,0.1442,0.1442,0.0060,0,0,0
0.193099,1788533099.957573,4.9434,2.8747,2.8747,2.8747,0.2534,0,0,0,0.4847,0.2575,-0.5666,-0.5666,-0.0338,0,0,0,0.2925,0.1408,0.2112,0.2112,0.0076,0,0,0,-0.0716,-0.0447,0.0537,0.0537,0.0078,0,0,0,0.3718,0.2169,0.2603,0.2603,0.0254,0,0,0,0.2767,0.1282,0.1538,0.1538,0.0079,0,0,0
0.200554,1788533099.965216,4.9434,2.9712,2.9712,2.9712,0.2989,0,0,0,0.4847,0.2680,-0.5895,-0.5895,-0.0417,0,0,0,0.2925,0.1478,0.2216,0.2216,0.0100,0,0,0,-0.0716,-0.0460,0.0551,0.0551,0.0087,0,0,0,0.3718,0.2240,0.2688,0.2688,0.0296,0,0,0,0.2767,0.1350,0.1620,0.1620,0.0096,0,0,0
0.208752,1788533099.973768,4.9434,3.0735,3.0735,3.0735,0.3686,0,0,0,0.4847,0.2790,-0.6139,-0.6139,-0.0541,0,0,0,0.2925,0.1551,0.2327,0.2327,0.0141,0,0,0,-0.0716,-0.0473,0.0567,0.0567,0.0102,0,0,0,0.3718,0.2316,0.2779,0.2779,0.0360,0,0,0,0.2767,0.1422,0.1707,0.1707,0.0125,0,0,0
0.217286,1788533099.981869,7.2710,3.2809,3.2809,3.2809,0.4487,0,0,0,0.1723,0.2739,-0.6025,-0.6025,-0.0689,0,0,0,0.5359,0.1736,0.2604,0.2604,0.0192,0,0,0,0.0243,-0.0438,0.0526,0.0526,0.0117,0,0,0,0.5762,0.2483,0.2979,0.2979,0.0433,0,0,0,0.3730,0.1534,0.1841,0.1841,0.0162,0,0,0
0.225019,1788533099.997137,7.2710,3.6372,3.6372,3.6372,0.5393,0,0,0,0.1723,0.2650,-0.5829,-0.5829,-0.0860,0,0,0,0.5359,0.2054,0.3080,0.3080,0.0252,0,0,0,0.0243,-0.0378,0.0454,0.0454,0.0135,0,0,0,0.5762,0.2770,0.3324,0.3324,0.0515,0,0,0,0.3730,0.1726,0.2072,0.2072,0.0205,0,0,0
0.232607,1788533100.004725,7.2710,3.8063,3.8063,3.8063,0.6398,0,0,0,0.1723,0.2607,-0.5736,-0.5736,-0.1054,0,0,0,0.5359,0.2204,0.3306,0.3306,0.0323,0,0,0,0.0243,-0.0350,0.0420,0.0420,0.0153,0,0,0,0.5762,0.2907,0.3488,0.3488,0.0606,0,0,0,0.3730,0.1818,0.2181,0.2181,0.0255,0,0,0
0.241029,1788533100.004725,7.2710,3.9761,3.9761,3.9761,0.7496,0,0,0,0.1723,0.2565,-0.5643,-0.5643,-0.1269,0,0,0,0.5359,0.2356,0.3533,0.3533,0.0403,0,0,0,0.0243,-0.0322,0.0386,0.0386,0.0173,0,0,0,0.5762,0.3044,0.3652,0.3652,0.0705,0,0,0,0.3730,0.1909,0.2291,0.2291,0.0313,0,0,0
0.248643,1788533100.004725,7.2710,4.1378,4.1378,4.1378,0.8686,0,0,0,0.1723,0.2525,-0.5554,-0.5554,-0.1499,0,0,0,0.5359,0.2500,0.3749,0.3749,0.0493,0,0,0,0.0243,-0.0295,0.0354,0.0354,0.0194,0,0,0,0.5762,0.3174,0.3809,0.3809,0.0812,0,0,0,0.3730,0.1997,0.2396,0.2396,0.0377,0,0,0
0.256636,1788533100.021761,8.1196,4.5320,4.5320,4.5320,0.9987,0,0,0,-0.0218,0.2259,-0.4970,-0.4970,-0.1740,0,0,0,0.4368,0.2681,0.4021,0.4021,0.0597,0,0,0,-0.0921,-0.0355,0.0426,0.0426,0.0214,0,0,0,0.6595,0.3505,0.4206,0.4206,0.0929,0,0,0,0.5086,0.2296,0.2755,0.2755,0.0449,0,0,0
0.264643,1788533100.029744,8.1196,4.7079,4.7079,4.7079,1.1403,0,0,0,-0.0218,0.2141,-0.4710,-0.4710,-0.1988,0,0,0,0.4368,0.2761,0.4142,0.4142,0.0715,0,0,0,-0.0921,-0.0382,0.0459,0.0459,0.0233,0,0,0,0.6595,0.3653,0.4384,0.4384,0.1057,0,0,0,0.5086,0.2429,0.2915,0.2915,0.0530,0,0,0
0.272655,1788533100.038880,8.1196,4.8982,4.8982,4.8982,1.2535,0,0,0,-0.0218,0.2013,-0.4428,-0.4428,-0.2175,0,0,0,0.4368,0.2849,0.4273,0.4273,0.0813,0,0,0,-0.0921,-0.0411,0.0494,0.0494,0.0247,0,0,0,0.6595,0.3813,0.4576,0.4576,0.1160,0,0,0,0.5086,0.2574,0.3088,0.3088,0.0595,0,0,0
0.280686,1788533100.045787,8.1196,5.0360,5.0360,5.0360,1.4132,0,0,0,-0.0218,0.1920,-0.4224,-0.4224,-0.2425,0,0,0,0.4368,0.2912,0.4368,0.4368,0.0956,0,0,0,-0.0921,-0.0433,0.0519,0.0519,0.0264,0,0,0,0.6595,0.3929,0.4715,0.4715,0.1305,0,0,0,0.5086,0.2678,0.3214,0.3214,0.0689,0,0,0
0.289481,1788533100.054821,8.1196,5.2065,5.2065,5.2065,1.5848,0,0,0,-0.0218,0.1805,-0.3971,-0.3971,-0.2665,0,0,0,0.4368,0.2990,0.4485,0.4485,0.1113,0,0,0,-0.0921,-0.0459,0.0551,0.0551,0.0280,0,0,0,0.6595,0.4073,0.4887,0.4887,0.1462,0,0,0,0.5086,0.2808,0.3370,0.3370,0.0793,0,0,0
0.297022,1788533100.062633,8.1196,5.3468,5.3468,5.3468,1.7689,0,0,0,-0.0218,0.1710,-0.3763,-0.3763,-0.2889,0,0,0,0.4368,0.3055,0.4582,0.4582,0.1283,0,0,0,-0.0921,-0.0481,0.0577,0.0577,0.0295,0,0,0,0.6595,0.4191,0.5029,0.5029,0.1631,0,0,0,0.5086,0.2915,0.3498,0.3498,0.0908,0,0,0
0.304579,1788533100.070140,8.1196,5.4755,5.4755,5.4755,1.9640,0,0,0,-0.0218,0.1624,-0.3572,-0.3572,-0.3094,0,0,0,0.4368,0.3114,0.4671,0.4671,0.1465,0,0,0,-0.0921,-0.0500,0.0600,0.0600,0.0311,0,0,0,0.6595,0.4300,0.5159,0.5159,0.1812,0,0,0,0.5086,0.3013,0.3615,0.3615,0.1032,0,0,0
0.312692,1788533100.077698,8.1196,5.5991,5.5991,5.5991,2.1683,0,0,0,-0.0218,0.1540,-0.3388,-0.3388,-0.3277,0,0,0,0.4368,0.3171,0.4757,0.4757,0.1655,0,0,0,-0.0921,-0.0519,0.0623,0.0623,0.0327,0,0,0,0.6595,0.4404,0.5285,0.5285,0.2001,0,0,0,0.5086,0.3107,0.3728,0.3728,0.1166,0,0,0
0.321282,1788533100.093400,8.1196,5.8319,5.8319,5.8319,2.2733,0,0,0,-0.0218,0.1382,-0.3041,-0.3041,-0.3360,0,0,0,0.4368,0.3279,0.4918,0.4918,0.1753,0,0,0,-0.0921,-0.0556,0.0667,0.0667,0.0335,0,0,0,0.6595,0.4601,0.5521,0.5521,0.2099,0,0,0,0.5086,0.3285,0.3942,0.3942,0.1236,0,0,0
0.328845,1788533100.093400,8.1196,5.9447,5.9447,5.9447,2.5429,0,0,0,-0.0218,0.1305,-0.2872,-0.2872,-0.3540,0,0,0,0.4368,0.3331,0.4996,0.4996,0.2004,0,0,0,-0.0921,-0.0573,0.0688,0.0688,0.0356,0,0,0,0.6595,0.4697,0.5636,0.5636,0.2352,0,0,0,0.5086,0.3371,0.4046,0.4046,0.1420,0,0,0
0.336867,1788533100.101960,9.5888,6.1364,6.1364,6.1364,2.7642,0,0,0,-0.2415,0.1115,-0.2454,-0.2454,-0.3654,0,0,0,0.6608,0.3499,0.5248,0.5248,0.2209,0,0,0,0.0466,-0.0520,0.0624,0.0624,0.0374,0,0,0,0.7053,0.4817,0.5781,0.5781,0.2560,0,0,0,0.3659,0.3386,0.4063,0.4063,0.1574,0,0,0
0.344583,1788533100.109984,9.5888,6.3074,6.3074,6.3074,2.9913,0,0,0,-0.2415,0.0946,-0.2081,-0.2081,-0.3738,0,0,0,0.6608,0.3648,0.5472,0.5472,0.2418,0,0,0,0.0466,-0.0473,0.0567,0.0567,0.0392,0,0,0,0.7053,0.4925,0.5910,0.5910,0.2775,0,0,0,0.3659,0.3399,0.4079,0.4079,0.1735,0,0,0
0.352525,1788533100.117718,9.7016,6.4698,6.4698,6.4698,3.2253,0,0,0,-0.4023,0.0715,-0.1574,-0.1574,-0.3787,0,0,0,0.6906,0.3799,0.5699,0.5699,0.2631,0,0,0,-0.0190,-0.0460,0.0551,0.0551,0.0411,0,0,0,0.8224,0.5078,0.6094,0.6094,0.2997,0,0,0,0.2992,0.3380,0.4056,0.4056,0.1903,0,0,0
0.360593,1788533100.117718,9.7016,6.6297,6.6297,6.6297,3.4625,0,0,0,-0.4023,0.0488,-0.1074,-0.1074,-0.3797,0,0,0,0.6906,0.3948,0.5923,0.5923,0.2848,0,0,0,-0.0190,-0.0447,0.0536,0.0536,0.0429,0,0,0,0.8224,0.5229,0.6275,0.6275,0.3222,0,0,0,0.2992,0.3362,0.4034,0.4034,0.2073,0,0,0
0.369161,1788533100.133716,9.7016,6.9189,6.9189,6.9189,3.6995,0,0,0,-0.4023,0.0075,-0.0166,-0.0166,-0.3768,0,0,0,0.6906,0.4219,0.6329,0.6329,0.3066,0,0,0,-0.0190,-0.0423,0.0508,0.0508,0.0445,0,0,0,0.8224,0.5503,0.6604,0.6604,0.3447,0,0,0,0.2992,0.3328,0.3993,0.3993,0.2241,0,0,0
0.376643,1788533100.133716,9.7016,7.0565,7.0565,7.0565,3.9353,0,0,0,-0.4023,-0.0121,0.0266,0.0266,-0.3701,0,0,0,0.6906,0.4348,0.6522,0.6522,0.3286,0,0,0,-0.0190,-0.0412,0.0494,0.0494,0.0460,0,0,0,0.8224,0.5634,0.6761,0.6761,0.3671,0,0,0,0.2992,0.3312,0.3974,0.3974,0.2404,0,0,0
0.384929,1788533100.149752,9.7417,7.3096,7.3096,7.3096,4.1700,0,0,0,-0.5376,-0.0603,0.1327,0.1327,-0.3591,0,0,0,0.6462,0.4542,0.6813,0.6813,0.3508,0,0,0,-0.0246,-0.0397,0.0476,0.0476,0.0472,0,0,0,0.7505,0.5806,0.6967,0.6967,0.3896,0,0,0,0.4904,0.3458,0.4149,0.4149,0.2559,0,0,0
0.393112,1788533100.157947,9.7417,7.4325,7.4325,7.4325,4.4033,0,0,0,-0.5376,-0.0837,0.1842,0.1842,-0.3440,0,0,0,0.6462,0.4636,0.6954,0.6954,0.3734,0,0,0,-0.0246,-0.0389,0.0467,0.0467,0.0482,0,0,0,0.7505,0.5889,0.7067,0.7067,0.4121,0,0,0,0.4904,0.3529,0.4234,0.4234,0.2705,0,0,0
0.401611,1788533100.157947,9.7417,7.5465,7.5465,7.5465,4.5772,0,0,0,-0.5376,-0.1055,0.2321,0.2321,-0.3297,0,0,0,0.6462,0.4724,0.7086,0.7086,0.3905,0,0,0,-0.0246,-0.0383,0.0459,0.0459,0.0488,0,0,0,0.7505,0.5967,0.7160,0.7160,0.4290,0,0,0,0.4904,0.3595,0.4313,0.4313,0.2809,0,0,0
0.409168,1788533100.173729,9.7417,7.7503,7.7503,7.7503,4.8072,0,0,0,-0.5376,-0.1446,0.3181,0.3181,-0.3068,0,0,0,0.6462,0.4881,0.7321,0.7321,0.4134,0,0,0,-0.0246,-0.0370,0.0444,0.0444,0.0494,0,0,0,0.7505,0.6106,0.7327,0.7327,0.4513,0,0,0,0.4904,0.3713,0.4455,0.4455,0.2943,0,0,0
0.417183,1788533100.173729,9.7417,7.8485,7.8485,7.8485,5.0337,0,0,0,-0.5376,-0.1634,0.3596,0.3596,-0.2799,0,0,0,0.6462,0.4957,0.7435,0.7435,0.4364,0,0,0,-0.0246,-0.0364,0.0437,0.0437,0.0499,0,0,0,0.7505,0.6173,0.7407,0.7407,0.4732,0,0,0,0.4904,0.3770,0.4524,0.4524,0.3070,0,0,0
0.424716,1788533100.190299,9.6539,8.0234,8.0234,8.0234,5.2562,0,0,0,-0.6134,-0.2060,0.4532,0.4532,-0.2493,0,0,0,0.6773,0.5128,0.7693,0.7693,0.4594,0,0,0,-0.1288,-0.0451,0.0542,0.0542,0.0501,0,0,0,0.8825,0.6424,0.7708,0.7708,0.4948,0,0,0,0.3380,0.3733,0.4480,0.4480,0.3193,0,0,0
0.432815,1788533100.190299,9.6539,8.1036,8.1036,8.1036,5.4736,0,0,0,-0.6134,-0.2255,0.4962,0.4962,-0.2154,0,0,0,0.6773,0.5207,0.7811,0.7811,0.4820,0,0,0,-0.1288,-0.0491,0.0590,0.0590,0.0502,0,0,0,0.8825,0.6539,0.7847,0.7847,0.5158,0,0,0,0.3380,0.3716,0.4459,0.4459,0.3311,0,0,0
0.441024,1788533100.213141,9.6539,8.3028,8.3028,8.3028,5.6855,0,0,0,-0.6134,-0.2743,0.6036,0.6036,-0.1785,0,0,0,0.6773,0.5404,0.8106,0.8106,0.5044,0,0,0,-0.1288,-0.0591,0.0710,0.0710,0.0503,0,0,0,0.8825,0.6826,0.8192,0.8192,0.5363,0,0,0,0.3380,0.3674,0.4409,0.4409,0.3423,0,0,0
0.449087,1788533100.213141,9.6539,8.3691,8.3691,8.3691,5.8926,0,0,0,-0.6134,-0.2906,0.6394,0.6394,-0.1383,0,0,0,0.6773,0.5470,0.8205,0.8205,0.5266,0,0,0,-0.1288,-0.0625,0.0750,0.0750,0.0504,0,0,0,0.8825,0.6922,0.8307,0.8307,0.5565,0,0,0,0.3380,0.3660,0.4392,0.4392,0.3529,0,0,0
0.457145,1788533100.213141,9.6539,8.4322,8.4322,8.4322,6.0946,0,0,0,-0.6134,-0.3061,0.6735,0.6735,-0.0949,0,0,0,0.6773,0.5532,0.8298,0.8298,0.5487,0,0,0,-0.1288,-0.0657,0.0788,0.0788,0.0508,0,0,0,0.8825,0.7013,0.8416,0.8416,0.5766,0,0,0,0.3380,0.3646,0.4376,0.4376,0.3627,0,0,0
0.465173,1788533100.213141,9.6539,8.4921,8.4921,8.4921,6.2915,0,0,0,-0.6134,-0.3209,0.7059,0.7059,-0.0485,0,0,0,0.6773,0.5592,0.8388,0.8388,0.5705,0,0,0,-0.1288,-0.0687,0.0824,0.0824,0.0515,0,0,0,0.8825,0.7100,0.8520,0.8520,0.5966,0,0,0,0.3380,0.3634,0.4360,0.4360,0.3718,0,0,0
0.473190,1788533100.238288,9.6539,8.6538,8.6538,8.6538,6.4351,0,0,0,-0.6134,-0.3609,0.7939,0.7939,-0.0123,0,0,0,0.6773,0.5753,0.8630,0.8630,0.5867,0,0,0,-0.1288,-0.0769,0.0923,0.0923,0.0522,0,0,0,0.8825,0.7336,0.8803,0.8803,0.6115,0,0,0,0.3380,0.3599,0.4319,0.4319,0.3780,0,0,0
0.481023,1788533100.238288,9.6539,8.7027,8.7027,8.7027,6.6204,0,0,0,-0.6134,-0.3730,0.8206,0.8206,0.0374,0,0,0,0.6773,0.5802,0.8703,0.8703,0.6079,0,0,0,-0.1288,-0.0794,0.0952,0.0952,0.0534,0,0,0,0.8825,0.7408,0.8889,0.8889,0.6310,0,0,0,0.3380,0.3589,0.4306,0.4306,0.3857,0,0,0
0.488927,1788533100.238288,9.6539,8.7492,8.7492,8.7492,6.7987,0,0,0,-0.6134,-0.3845,0.8460,0.8460,0.0882,0,0,0,0.6773,0.5849,0.8773,0.8773,0.6286,0,0,0,-0.1288,-0.0817,0.0981,0.0981,0.0548,0,0,0,0.8825,0.7476,0.8971,0.8971,0.6503,0,0,0,0.3380,0.3579,0.4294,0.4294,0.3925,0,0,0
0.497605,1788533100.263046,9.6539,8.8731,8.8731,8.8731,6.9704,0,0,0,-0.6134,-0.4154,0.9139,0.9139,0.1404,0,0,0,0.6773,0.5973,0.8960,0.8960,0.6489,0,0,0,-0.1288,-0.0881,0.1057,0.1057,0.0566,0,0,0,0.8825,0.7658,0.9189,0.9189,0.6694,0,0,0,0.3380,0.3552,0.4262,0.4262,0.3985,0,0,0
0.505597,1788533100.263046,9.6539,8.9112,8.9112,8.9112,7.1350,0,0,0,-0.6134,-0.4249,0.9348,0.9348,0.1930,0,0,0,0.6773,0.6012,0.9017,0.9017,0.6686,0,0,0,-0.1288,-0.0900,0.1080,0.1080,0.0587,0,0,0,0.8825,0.7713,0.9256,0.9256,0.6882,0,0,0,0.3380,0.3544,0.4252,0.4252,0.4038,0,0,0
0.513646,1788533100.278735,9.6539,8.9790,8.9790,8.9790,7.2924,0,0,0,-0.6134,-0.4419,0.9721,0.9721,0.2459,0,0,0,0.6773,0.6080,0.9120,0.9120,0.6877,0,0,0,-0.1288,-0.0935,0.1122,0.1122,0.0611,0,0,0,0.8825,0.7813,0.9376,0.9376,0.7067,0,0,0,0.3380,0.3529,0.4235,0.4235,0.4083,0,0,0
0.521259,1788533100.278735,9.6539,9.0118,9.0118,9.0118,7.3686,0,0,0,-0.6134,-0.4501,0.9902,0.9902,0.2725,0,0,0,0.6773,0.6113,0.9170,0.9170,0.6971,0,0,0,-0.1288,-0.0952,0.1142,0.1142,0.0624,0,0,0,0.8825,0.7862,0.9434,0.9434,0.7158,0,0,0,0.3380,0.3522,0.4226,0.4226,0.4103,0,0,0
0.529407,1788533100.294397,9.6539,9.0702,9.0702,9.0702,7.5511,0,0,0,-0.6134,-0.4648,1.0225,1.0225,0.3384,0,0,0,0.6773,0.6172,0.9259,0.9259,0.7199,0,0,0,-0.1288,-0.0982,0.1178,0.1178,0.0658,0,0,0,0.8825,0.7948,0.9538,0.9538,0.7381,0,0,0,0.3380,0.3509,0.4211,0.4211,0.4146,0,0,0
0.536930,1788533100.303457,9.6539,9.1021,9.1021,9.1021,7.6886,0,0,0,-0.6134,-0.4728,1.0402,1.0402,0.3901,0,0,0,0.6773,0.6205,0.9307,0.9307,0.7372,0,0,0,-0.1288,-0.0999,0.1198,0.1198,0.0688,0,0,0,0.8825,0.7996,0.9595,0.9595,0.7553,0,0,0,0.3380,0.3502,0.4203,0.4203,0.4175,0,0,0
0.544981,1788533100.303457,9.6539,9.1290,9.1290,9.1290,7.8189,0,0,0,-0.6134,-0.4795,1.0550,1.0550,0.4410,0,0,0,0.6773,0.6232,0.9348,0.9348,0.7539,0,0,0,-0.1288,-0.1012,0.1215,0.1215,0.0718,0,0,0,0.8825,0.8035,0.9642,0.9642,0.7720,0,0,0,0.3380,0.3496,0.4196,0.4196,0.4198,0,0,0
0.553015,1788533100.319117,7.2309,8.9569,8.9569,8.9569,7.9425,0,0,0,-0.5395,-0.4849,1.0668,1.0668,0.4908,0,0,0,0.7552,0.6350,0.9526,0.9526,0.7700,0,0,0,0.0635,-0.0865,0.1038,0.1038,0.0750,0,0,0,0.7287,0.7968,0.9562,0.9562,0.7882,0,0,0,0.2623,0.3418,0.4102,0.4102,0.4216,0,0,0
0.561052,1788533100.327143,7.2309,8.8731,8.8731,8.8731,8.0592,0,0,0,-0.5395,-0.4876,1.0726,1.0726,0.5395,0,0,0,0.7552,0.6408,0.9612,0.9612,0.7854,0,0,0,0.0635,-0.0793,0.0951,0.0951,0.0783,0,0,0,0.7287,0.7936,0.9523,0.9523,0.8039,0,0,0,0.2623,0.3380,0.4056,0.4056,0.4230,0,0,0
0.568906,1788533100.335188,7.2309,8.7934,8.7934,8.7934,8.1406,0,0,0,-0.5395,-0.4901,1.0781,1.0781,0.5751,0,0,0,0.7552,0.6463,0.9695,0.9695,0.7966,0,0,0,0.0635,-0.0724,0.0869,0.0869,0.0806,0,0,0,0.7287,0.7904,0.9485,0.9485,0.8152,0,0,0,0.2623,0.3343,0.4012,0.4012,0.4237,0,0,0
0.577413,1788533100.342023,7.2309,8.7285,8.7285,8.7285,8.2396,0,0,0,-0.5395,-0.4921,1.0826,1.0826,0.6210,0,0,0,0.7552,0.6508,0.9762,0.9762,0.8112,0,0,0,0.0635,-0.0668,0.0802,0.0802,0.0833,0,0,0,0.7287,0.7879,0.9455,0.9455,0.8294,0,0,0,0.2623,0.3314,0.3977,0.3977,0.4241,0,0,0
0.585014,1788533100.350550,7.2309,8.6519,8.6519,8.6519,8.3270,0,0,0,-0.5395,-0.4945,1.0879,1.0879,0.6649,0,0,0,0.7552,0.6561,0.9842,0.9842,0.8254,0,0,0,0.0635,-0.0602,0.0722,0.0722,0.0855,0,0,0,0.7287,0.7849,0.9418,0.9418,0.8427,0,0,0,0.2623,0.3279,0.3934,0.3934,0.4241,0,0,0
0.593241,1788533100.358148,7.2309,8.5868,8.5868,8.5868,8.4026,0,0,0,-0.5395,-0.4966,1.0924,1.0924,0.7064,0,0,0,0.7552,0.6607,0.9910,0.9910,0.8390,0,0,0,0.0635,-0.0545,0.0655,0.0655,0.0872,0,0,0,0.7287,0.7823,0.9388,0.9388,0.8548,0,0,0,0.2623,0.3249,0.3899,0.3899,0.4237,0,0,0
0.601941,1788533100.366361,7.2309,8.5200,8.5200,8.5200,8.4664,0,0,0,-0.5395,-0.4987,1.0971,1.0971,0.7454,0,0,0,0.7552,0.6653,0.9979,0.9979,0.8522,0,0,0,0.0635,-0.0488,0.0585,0.0585,0.0883,0,0,0,0.7287,0.7797,0.9356,0.9356,0.8659,0,0,0,0.2623,0.3218,0.3862,0.3862,0.4228,0,0,0
0.609497,1788533100.375075,7.2309,8.4529,8.4529,8.4529,8.5186,0,0,0,-0.5395,-0.5008,1.1018,1.1018,0.7820,0,0,0,0.7552,0.6700,1.0050,1.0050,0.8648,0,0,0,0.0635,-0.0429,0.0515,0.0515,0.0888,0,0,0,0.7287,0.7770,0.9324,0.9324,0.8758,0,0,0,0.2623,0.3187,0.3825,0.3825,0.4216,0,0,0
0.617698,1788533100.382613,7.2309,8.3976,8.3976,8.3976,8.5505,0,0,0,-0.5395,-0.5026,1.1056,1.1056,0.8078,0,0,0,0.7552,0.6738,1.0107,1.0107,0.8740,0,0,0,0.0635,-0.0381,0.0457,0.0457,0.0888,0,0,0,0.7287,0.7748,0.9298,0.9298,0.8825,0,0,0,0.2623,0.3162,0.3794,0.3794,0.4205,0,0,0
0.625767,1788533100.391037,7.2309,8.3389,8.3389,8.3389,8.5837,0,0,0,-0.5395,-0.5044,1.1097,1.1097,0.8400,0,0,0,0.7552,0.6779,1.0169,1.0169,0.8858,0,0,0,0.0635,-0.0330,0.0396,0.0396,0.0882,0,0,0,0.7287,0.7725,0.9270,0.9270,0.8905,0,0,0,0.2623,0.3135,0.3761,0.3761,0.4187,0,0,0
0.634161,1788533100.398454,7.2309,8.2896,8.2896,8.2896,8.6074,0,0,0,-0.5395,-0.5060,1.1131,1.1131,0.8697,0,0,0,0.7552,0.6814,1.0221,1.0221,0.8972,0,0,0,0.0635,-0.0287,0.0344,0.0344,0.0871,0,0,0,0.7287,0.7706,0.9247,0.9247,0.8974,0,0,0,0.2623,0.3112,0.3734,0.3734,0.4166,0,0,0
0.641514,1788533100.406852,7.2309,8.2365,8.2365,8.2365,8.6222,0,0,0,-0.5395,-0.5077,1.1169,1.1169,0.8970,0,0,0,0.7552,0.6851,1.0276,1.0276,0.9080,0,0,0,0.0635,-0.0241,0.0289,0.0289,0.0856,0,0,0,0.7287,0.7685,0.9222,0.9222,0.9034,0,0,0,0.2623,0.3087,0.3705,0.3705,0.4144,0,0,0
0.649543,1788533100.414637,4.7318,8.0725,8.0725,8.0725,8.6284,0,0,0,-0.6026,-0.5121,1.1266,1.1266,0.9221,0,0,0,0.7363,0.6875,1.0312,1.0312,0.9184,0,0,0,0.0925,-0.0186,0.0224,0.0224,0.0835,0,0,0,0.7682,0.7685,0.9221,0.9221,0.9085,0,0,0,0.2059,0.3039,0.3647,0.3647,0.4120,0,0,0
0.657552,1788533100.422665,4.7318,7.9112,7.9112,7.9112,8.6269,0,0,0,-0.6026,-0.5164,1.1362,1.1362,0.9451,0,0,0,0.7363,0.6898,1.0347,1.0347,0.9284,0,0,0,0.0925,-0.0133,0.0160,0.0160,0.0810,0,0,0,0.7682,0.7684,0.9221,0.9221,0.9128,0,0,0,0.2059,0.2992,0.3591,0.3591,0.4094,0,0,0
0.665573,1788533100.430668,4.7318,7.7579,7.7579,7.7579,8.6175,0,0,0,-0.6026,-0.5206,1.1453,1.1453,0.9661,0,0,0,0.7363,0.6920,1.0381,1.0381,0.9380,0,0,0,0.0925,-0.0082,0.0099,0.0099,0.0780,0,0,0,0.7682,0.7684,0.9221,0.9221,0.9162,0,0,0,0.2059,0.2948,0.3537,0.3537,0.4066,0,0,0
0.673625,1788533100.438689,4.7318,7.6114,7.6114,7.6114,8.5993,0,0,0,-0.6026,-0.5245,1.1539,1.1539,0.9854,0,0,0,0.7363,0.6942,1.0413,1.0413,0.9471,0,0,0,0.0925,-0.0034,0.0041,0.0041,0.0747,0,0,0,0.7682,0.7684,0.9221,0.9221,0.9191,0,0,0,0.2059,0.2905,0.3486,0.3486,0.4037,0,0,0
0.682153,1788533100.446743,4.7318,7.4713,7.4713,7.4713,8.5719,0,0,0,-0.6026,-0.5283,1.1622,1.1622,1.0032,0,0,0,0.7363,0.6962,1.0443,1.0443,0.9558,0,0,0,0.0925,0.0012,-0.0015,-0.0015,0.0711,0,0,0,0.7682,0.7684,0.9221,0.9221,0.9213,0,0,0,0.2059,0.2864,0.3437,0.3437,0.4006,0,0,0
0.689675,1788533100.455266,4.7318,7.3303,7.3303,7.3303,8.5450,0,0,0,-0.6026,-0.5321,1.1705,1.1705,1.0157,0,0,0,0.7363,0.6982,1.0474,1.0474,0.9620,0,0,0,0.0925,0.0059,-0.0071,-0.0071,0.0681,0,0,0,0.7682,0.7684,0.9221,0.9221,0.9227,0,0,0,0.2059,0.2823,0.3388,0.3388,0.3981,0,0,0
0.697748,1788533100.455266,4.7318,7.2043,7.2043,7.2043,8.5011,0,0,0,-0.6026,-0.5354,1.1780,1.1780,1.0312,0,0,0,0.7363,0.7001,1.0501,1.0501,0.9699,0,0,0,0.0925,0.0100,-0.0120,-0.0120,0.0639,0,0,0,0.7682,0.7684,0.9221,0.9221,0.9242,0,0,0,0.2059,0.2787,0.3344,0.3344,0.3947,0,0,0
0.705384,1788533100.470863,4.7318,6.9808,6.9808,6.9808,8.4483,0,0,0,-0.6026,-0.5414,1.1912,1.1912,1.0457,0,0,0,0.7363,0.7033,1.0550,1.0550,0.9774,0,0,0,0.0925,0.0174,-0.0209,-0.0209,0.0595,0,0,0,0.7682,0.7684,0.9220,0.9220,0.9253,0,0,0,0.2059,0.2722,0.3266,0.3266,0.3911,0,0,0
0.713915,1788533100.478497,4.7318,6.8764,6.8764,6.8764,8.3871,0,0,0,-0.6026,-0.5443,1.1974,1.1974,1.0592,0,0,0,0.7363,0.7048,1.0572,1.0572,0.9845,0,0,0,0.0925,0.0208,-0.0250,-0.0250,0.0548,0,0,0,0.7682,0.7684,0.9220,0.9220,0.9261,0,0,0,0.2059,0.2691,0.3230,0.3230,0.3874,0,0,0
0.722096,1788533100.487545,4.7318,6.7592,6.7592,6.7592,8.3176,0,0,0,-0.6026,-0.5474,1.2043,1.2043,1.0719,0,0,0,0.7363,0.7065,1.0598,1.0598,0.9912,0,0,0,0.0925,0.0247,-0.0296,-0.0296,0.0500,0,0,0,0.7682,0.7684,0.9220,0.9220,0.9266,0,0,0,0.2059,0.2657,0.3189,0.3189,0.3835,0,0,0
0.729983,1788533100.487545,4.7318,6.6607,6.6607,6.6607,8.2402,0,0,0,-0.6026,-0.5500,1.2101,1.2101,1.0839,0,0,0,0.7363,0.7079,1.0619,1.0619,0.9976,0,0,0,0.0925,0.0279,-0.0335,-0.0335,0.0450,0,0,0,0.7682,0.7683,0.9220,0.9220,0.9270,0,0,0,0.2059,0.2629,0.3154,0.3154,0.3795,0,0,0
0.737556,1788533100.503057,4.7318,6.4868,6.4868,6.4868,8.1566,0,0,0,-0.6026,-0.5547,1.2204,1.2204,1.0952,0,0,0,0.7363,0.7105,1.0657,1.0657,1.0036,0,0,0,0.0925,0.0337,-0.0404,-0.0404,0.0399,0,0,0,0.7682,0.7683,0.9220,0.9220,0.9272,0,0,0,0.2059,0.2578,0.3094,0.3094,0.3754,0,0,0
0.746313,1788533100.510802,4.7318,6.4040,6.4040,6.4040,8.0667,0,0,0,-0.6026,-0.5569,1.2253,1.2253,1.1059,0,0,0,0.7363,0.7117,1.0675,1.0675,1.0092,0,0,0,0.0925,0.0364,-0.0437,-0.0437,0.0347,0,0,0,0.7682,0.7683,0.9220,0.9220,0.9273,0,0,0,0.2059,0.2554,0.3065,0.3065,0.3712,0,0,0
0.754072,1788533100.519493,4.7318,6.3160,6.3160,6.3160,7.9710,0,0,0,-0.6026,-0.5593,1.2305,1.2305,1.1162,0,0,0,0.7363,0.7129,1.0694,1.0694,1.0146,0,0,0,0.0925,0.0393,-0.0472,-0.0472,0.0294,0,0,0,0.7682,0.7683,0.9220,0.9220,0.9272,0,0,0,0.2059,0.2528,0.3034,0.3034,0.3669,0,0,0
0.762063,1788533100.519493,4.7318,6.2389,6.2389,6.2389,7.8958,0,0,0,-0.6026,-0.5614,1.2350,1.2350,1.1236,0,0,0,0.7363,0.7141,1.0711,1.0711,1.0184,0,0,0,0.0925,0.0419,-0.0502,-0.0502,0.0253,0,0,0,0.7682,0.7683,0.9220,0.9220,0.9271,0,0,0,0.2059,0.2506,0.3007,0.3007,0.3636,0,0,0
0.770058,1788533100.536182,0.0845,5.6440,5.6440,5.7589,7.7920,1,0,0,-1.4130,-0.6423,1.4131,1.4131,1.1332,0,0,0,0.4128,0.6854,1.0282,1.0282,1.0233,0,0,0,-0.0665,0.0316,-0.0379,-0.0379,0.0200,0,0,0,0.8459,0.7757,0.9308,0.9308,0.9269,0,0,0,0.1457,0.2406,0.2887,0.2887,0.3593,0,0,0
0.777412,1788533100.543912,-0.6549,5.3456,5.3456,5.3456,7.6851,0,0,0,-1.4130,-0.6781,1.4918,1.4918,1.1423,0,0,0,0.4539,0.6747,1.0121,1.0121,1.0279,0,0,0,0.0219,0.0311,-0.0374,-0.0374,0.0146,0,0,0,0.7682,0.7753,0.9304,0.9304,0.9267,0,0,0,0.2184,0.2396,0.2875,0.2875,0.3548,0,0,0
0.785904,1788533100.550522,-0.6549,5.1000,5.1000,5.1000,7.5753,0,0,0,-1.4130,-0.7075,1.5564,1.5564,1.1515,0,0,0,0.4539,0.6659,0.9989,0.9989,1.0322,0,0,0,0.0219,0.0308,-0.0369,-0.0369,0.0093,0,0,0,0.7682,0.7750,0.9301,0.9301,0.9265,0,0,0,0.2184,0.2387,0.2865,0.2865,0.3504,0,0,0
0.793593,1788533100.559599,-0.6549,4.7806,4.7806,4.7806,7.4583,0,0,0,-1.4130,-0.7456,1.6404,1.6404,1.1629,0,0,0,0.4539,0.6545,0.9817,0.9817,1.0355,0,0,0,0.0219,0.0303,-0.0363,-0.0363,0.0043,0,0,0,0.7682,0.7747,0.9296,0.9296,0.9264,0,0,0,0.2184,0.2376,0.2852,0.2852,0.3460,0,0,0
0.801612,1788533100.559599,-0.6549,4.5124,4.5124,4.5124,7.3305,0,0,0,-1.4130,-0.7777,1.7109,1.7109,1.1775,0,0,0,0.4539,0.6449,0.9673,0.9673,1.0377,0,0,0,0.0219,0.0299,-0.0359,-0.0359,-0.0003,0,0,0,0.7682,0.7744,0.9292,0.9292,0.9263,0,0,0,0.2184,0.2367,0.2841,0.2841,0.3414,0,0,0
0.810502,1788533100.574725,-0.6549,4.0502,4.0502,4.0502,7.1917,0,0,0,-1.4130,-0.8330,1.8326,1.8326,1.1956,0,0,0,0.4539,0.6283,0.9424,0.9424,1.0388,0,0,0,0.0219,0.0292,-0.0350,-0.0350,-0.0046,0,0,0,0.7682,0.7738,0.9286,0.9286,0.9264,0,0,0,0.2184,0.2351,0.2822,0.2822,0.3369,0,0,0
0.817521,1788533100.583622,-0.6549,3.7928,3.7928,3.7928,7.0414,0,0,0,-1.4130,-0.8638,1.9004,1.9004,1.2174,0,0,0,0.4539,0.6191,0.9286,0.9286,1.0386,0,0,0,0.0219,0.0288,-0.0346,-0.0346,-0.0085,0,0,0,0.7682,0.7735,0.9282,0.9282,0.9264,0,0,0,0.2184,0.2342,0.2811,0.2811,0.3325,0,0,0
0.826447,1788533100.583622,-0.6549,3.5725,3.5725,3.5725,6.8794,0,0,0,-1.4130,-0.8902,1.9584,1.9584,1.2431,0,0,0,0.4539,0.6112,0.9167,0.9167,1.0372,0,0,0,0.0219,0.0285,-0.0342,-0.0342,-0.0120,0,0,0,0.7682,0.7733,0.9279,0.9279,0.9266,0,0,0,0.2184,0.2335,0.2802,0.2802,0.3282,0,0,0
0.834457,1788533100.599613,-0.6549,3.1739,3.1739,3.1739,6.7493,0,0,0,-1.4130,-0.9381,2.0638,2.0638,1.2653,0,0,0,0.4539,0.5968,0.8952,0.8952,1.0353,0,0,0,0.0219,0.0279,-0.0334,-0.0334,-0.0144,0,0,0,0.7682,0.7728,0.9274,0.9274,0.9267,0,0,0,0.2184,0.2321,0.2785,0.2785,0.3251,0,0,0
0.841482,1788533100.607682,-0.6549,2.9826,2.9826,2.9826,6.6118,0,0,0,-1.4130,-0.9611,2.1144,2.1144,1.2901,0,0,0,0.4539,0.5899,0.8848,0.8848,1.0327,0,0,0,0.0219,0.0276,-0.0331,-0.0331,-0.0166,0,0,0,0.7682,0.7726,0.9271,0.9271,0.9268,0,0,0,0.2184,0.2314,0.2777,0.2777,0.3220,0,0,0
0.850062,1788533100.615118,-3.9545,2.6609,2.6609,2.6609,6.3639,0,0,0,-1.7240,-0.9953,2.1897,2.1897,1.3376,0,0,0,0.4537,0.5838,0.8757,0.8757,1.0266,0,0,0,-0.1717,0.0187,-0.0224,-0.0224,-0.0198,0,0,0,0.8538,0.7762,0.9315,0.9315,0.9269,0,0,0,0.5472,0.2455,0.2947,0.2947,0.3172,0,0,0
0.857949,1788533100.615118,-3.9545,2.3311,2.3311,2.3311,6.1494,0,0,0,-1.7240,-1.0303,2.2667,2.2667,1.3811,0,0,0,0.4537,0.5776,0.8664,0.8664,1.0202,0,0,0,-0.1717,0.0096,-0.0115,-0.0115,-0.0220,0,0,0,0.8538,0.7799,0.9359,0.9359,0.9270,0,0,0,0.5472,0.2600,0.3120,0.3120,0.3134,0,0,0
0.865488,1788533100.631079,-3.9545,1.7354,1.7354,1.8511,5.9259,1,0,0,-1.7240,-1.0938,2.4065,2.4065,1.4281,0,0,0,0.4537,0.5663,0.8494,0.8494,1.0128,0,0,0,-0.1717,-0.0070,0.0083,0.0083,-0.0239,0,0,0,0.8538,0.7867,0.9440,0.9440,0.9271,0,0,0,0.5472,0.2862,0.3434,0.3434,0.3099,0,0,0
0.874530,1788533100.639692,-3.9545,1.4306,1.4306,1.4306,5.6918,0,0,0,-1.7240,-1.1263,2.4780,2.4780,1.4786,0,0,0,0.4537,0.5605,0.8407,0.8407,1.0046,0,0,0,-0.1717,-0.0154,0.0185,0.0185,-0.0253,0,0,0,0.8538,0.7901,0.9481,0.9481,0.9273,0,0,0,0.5472,0.2996,0.3595,0.3595,0.3071,0,0,0
0.882190,1788533100.639692,-3.9545,1.1612,1.1612,1.1612,5.5074,0,0,0,-1.7240,-1.1551,2.5412,2.5412,1.5195,0,0,0,0.4537,0.5554,0.8331,0.8331,0.9979,0,0,0,-0.1717,-0.0229,0.0275,0.0275,-0.0258,0,0,0,0.8538,0.7932,0.9518,0.9518,0.9275,0,0,0,0.5472,0.3114,0.3737,0.3737,0.3056,0,0,0
0.890113,1788533100.655388,-3.9545,0.6824,0.6824,0.6824,5.2494,0,0,0,-1.7240,-1.2064,2.6541,2.6541,1.5776,0,0,0,0.4537,0.5462,0.8194,0.8194,0.9883,0,0,0,-0.1717,-0.0363,0.0435,0.0435,-0.0258,0,0,0,0.8538,0.7986,0.9583,0.9583,0.9281,0,0,0,0.5472,0.3326,0.3991,0.3991,0.3048,0,0,0
0.898139,1788533100.655388,-3.9545,0.4503,0.4503,0.4503,4.9788,0,0,0,-1.7240,-1.2313,2.7089,2.7089,1.6393,0,0,0,0.4537,0.5418,0.8127,0.8127,0.9782,0,0,0,-0.1717,-0.0427,0.0513,0.0513,-0.0249,0,0,0,0.8538,0.8013,0.9615,0.9615,0.9289,0,0,0,0.5472,0.3429,0.4115,0.4115,0.3052,0,0,0
0.905709,1788533100.671885,-3.9545,0.0192,0.0192,0.0192,4.6968,0,0,0,-1.7240,-1.2778,2.8111,2.8111,1.7042,0,0,0,0.4537,0.5335,0.8003,0.8003,0.9676,0,0,0,-0.1717,-0.0549,0.0658,0.0658,-0.0232,0,0,0,0.8538,0.8062,0.9674,0.9674,0.9300,0,0,0,0.5472,0.3621,0.4345,0.4345,0.3070,0,0,0
0.913758,1788533100.678852,-7.5887,-0.3152,-0.3152,-0.3152,4.4045,0,0,0,-1.8158,-1.3005,2.8610,2.8610,1.7719,0,0,0,0.6212,0.5372,0.8058,0.8058,0.9568,0,0,0,-0.2764,-0.0642,0.0770,0.0770,-0.0206,0,0,0,1.0530,0.8165,0.9799,0.9799,0.9314,0,0,0,0.8668,0.3833,0.4599,0.4599,0.3100,0,0,0
0.921771,1788533100.687871,-8.0342,-0.7500,-0.7500,-0.7500,4.1034,0,0,0,-1.8352,-1.3293,2.9244,2.9244,1.8420,0,0,0,0.6441,0.5429,0.8144,0.8144,0.9456,0,0,0,-0.2764,-0.0755,0.0907,0.0907,-0.0172,0,0,0,1.0796,0.8307,0.9968,0.9968,0.9331,0,0,0,0.8666,0.4092,0.4911,0.4911,0.3144,0,0,0
0.929828,1788533100.687871,-8.0342,-1.1171,-1.1171,-1.1171,3.8721,0,0,0,-1.8352,-1.3536,2.9780,2.9780,1.8960,0,0,0,0.6441,0.5478,0.8217,0.8217,0.9372,0,0,0,-0.2764,-0.0852,0.1022,0.1022,-0.0141,0,0,0,1.0796,0.8426,1.0111,1.0111,0.9345,0,0,0,0.8666,0.4312,0.5174,0.5174,0.3186,0,0,0
0.937863,1788533100.703964,-8.9551,-1.8735,-1.8735,-1.5971,3.5570,1,0,0,-1.8352,-1.3981,3.0758,3.0758,1.9691,0,0,0,0.7007,0.5618,0.8428,0.8428,0.9262,0,0,0,-0.1837,-0.0942,0.1131,0.1131,-0.0093,0,0,0,1.0674,0.8632,1.0359,1.0359,0.9369,0,0,0,0.6761,0.4537,0.5444,0.5444,0.3253,0,0,0
0.946445,1788533100.703964,-8.9551,-2.2314,-2.2314,-2.0771,3.2343,1,0,0,-1.8352,-1.4191,3.1220,3.1220,2.0431,0,0,0,0.7007,0.5685,0.8527,0.8527,0.9157,0,0,0,-0.1837,-0.0985,0.1182,0.1182,-0.0038,0,0,0,1.0674,0.8730,1.0476,1.0476,0.9398,0,0,0,0.6761,0.4644,0.5572,0.5572,0.3337,0,0,0
0.954460,1788533100.718562,-8.9551,-2.8264,-2.8264,-2.5571,2.9041,1,0,0,-1.8352,-1.4542,3.1993,3.1993,2.1177,0,0,0,0.7007,0.5796,0.8694,0.8694,0.9059,0,0,0,-0.1837,-0.1057,0.1268,0.1268,0.0024,0,0,0,1.0674,0.8894,1.0672,1.0672,0.9435,0,0,0,0.6761,0.4822,0.5786,0.5786,0.3435,0,0,0
0.962054,1788533100.726578,-10.2939,-3.2053,-3.2053,-3.0371,2.5657,1,0,0,-2.0528,-1.4831,3.2628,3.2628,2.1929,0,0,0,0.6494,0.5829,0.8744,0.8744,0.8972,0,0,0,-0.2198,-0.1111,0.1334,0.1334,0.0092,0,0,0,1.0601,0.8976,1.0771,1.0771,0.9480,0,0,0,0.5969,0.4877,0.5852,0.5852,0.3547,0,0,0
0.970075,1788533100.735173,-10.2939,-3.5902,-3.5902,-3.5171,2.3932,1,0,0,-2.0528,-1.5124,3.3273,3.3273,2.2305,0,0,0,0.6494,0.5863,0.8795,0.8795,0.8933,0,0,0,-0.2198,-0.1167,0.1401,0.1401,0.0128,0,0,0,1.0601,0.9059,1.0871,1.0871,0.9505,0,0,0,0.5969,0.4933,0.5919,0.5919,0.3607,0,0,0
0.977329,1788533100.744187,-11.2089,-4.0238,-4.0238,-3.9971,1.9529,1,0,0,-2.1167,-1.5450,3.3990,3.3990,2.3245,0,0,0,0.7654,0.5959,0.8939,0.8939,0.8849,0,0,0,-0.1549,-0.1188,0.1425,0.1425,0.0221,0,0,0,1.0601,0.9142,1.0970,1.0970,0.9578,0,0,0,0.5422,0.4959,0.5951,0.5951,0.3770,0,0,0
0.985929,1788533100.744187,-11.2089,-4.3897,-4.3897,-4.3897,1.5958,0,0,0,-2.1167,-1.5725,3.4595,3.4595,2.3988,0,0,0,0.7654,0.6041,0.9061,0.9061,0.8796,0,0,0,-0.1549,-0.1205,0.1446,0.1446,0.0298,0,0,0,1.0601,0.9212,1.1054,1.1054,0.9645,0,0,0,0.5422,0.4981,0.5978,0.5978,0.3908,0,0,0
0.993958,1788533100.744187,-11.2089,-4.7375,-4.7375,-4.7375,1.2282,0,0,0,-2.1167,-1.5987,3.5171,3.5171,2.4730,0,0,0,0.7654,0.6118,0.9177,0.9177,0.8754,0,0,0,-0.1549,-0.1221,0.1466,0.1466,0.0378,0,0,0,1.0601,0.9278,1.1134,1.1134,0.9718,0,0,0,0.5422,0.5002,0.6003,0.6003,0.4051,0,0,0
1.002494,1788533100.768075,-11.2089,-5.6291,-5.6291,-5.2175,0.8446,1,0,0,-2.1167,-1.6666,3.6666,3.6666,2.5480,0,0,0,0.7654,0.6318,0.9478,0.9478,0.8726,0,0,0,-0.1549,-0.1264,0.1517,0.1517,0.0458,0,0,0,1.0601,0.9451,1.1341,1.1341,0.9798,0,0,0,0.5422,0.5057,0.6069,0.6069,0.4196,0,0,0
1.010664,1788533100.768075,-11.2089,-5.9127,-5.9127,-5.6975,0.5478,1,0,0,-2.1167,-1.6883,3.7142,3.7142,2.6046,0,0,0,0.7654,0.6382,0.9573,0.9573,0.8715,0,0,0,-0.1549,-0.1278,0.1533,0.1533,0.0519,0,0,0,1.0601,0.9506,1.1407,1.1407,0.9862,0,0,0,0.5422,0.5075,0.6090,0.6090,0.4305,0,0,0
1.018188,1788533100.768075,-11.2089,-6.1822,-6.1822,-6.1775,0.1414,1,0,0,-2.1167,-1.7089,3.7596,3.7596,2.6813,0,0,0,0.7654,0.6443,0.9665,0.9665,0.8713,0,0,0,-0.1549,-0.1291,0.1549,0.1549,0.0599,0,0,0,1.0601,0.9559,1.1470,1.1470,0.9952,0,0,0,0.5422,0.5091,0.6110,0.6110,0.4449,0,0,0
1.026119,1788533100.768075,-11.2089,-6.4380,-6.4380,-6.4380,-0.2757,0,0,0,-2.1167,-1.7285,3.8027,3.8027,2.7591,0,0,0,0.7654,0.6501,0.9752,0.9752,0.8727,0,0,0,-0.1549,-0.1303,0.1564,0.1564,0.0678,0,0,0,1.0601,0.9609,1.1530,1.1530,1.0048,0,0,0,0.5422,0.5107,0.6129,0.6129,0.4590,0,0,0
1.034579,1788533100.800431,-11.2089,-7.2829,-7.2829,-6.9180,-0.7022,1,0,0,-2.1167,-1.7944,3.9476,3.9476,2.8371,0,0,0,0.7654,0.6696,1.0044,1.0044,0.8753,0,0,0,-0.1549,-0.1345,0.1614,0.1614,0.0755,0,0,0,1.0601,0.9776,1.1732,1.1732,1.0148,0,0,0,0.5422,0.5160,0.6193,0.6193,0.4727,0,0,0
1.042149,1788533100.806696,-11.2089,-7.4400,-7.4400,-7.3980,-1.1345,1,0,0,-2.1167,-1.8066,3.9746,3.9746,2.9147,0,0,0,0.7654,0.6732,1.0099,1.0099,0.8791,0,0,0,-0.1549,-0.1353,0.1623,0.1623,0.0829,0,0,0,1.0601,0.9808,1.1769,1.1769,1.0250,0,0,0,0.5422,0.5170,0.6204,0.6204,0.4858,0,0,0
1.050180,1788533100.815270,-11.2089,-7.6434,-7.6434,-7.6434,-1.5710,0,0,0,-2.1167,-1.8226,4.0096,4.0096,2.9927,0,0,0,0.7654,0.6779,1.0169,1.0169,0.8841,0,0,0,-0.1549,-0.1363,0.1635,0.1635,0.0900,0,0,0,1.0601,0.9848,1.1818,1.1818,1.0354,0,0,0,0.5422,0.5183,0.6220,0.6220,0.4983,0,0,0
1.058702,1788533100.823296,-11.2089,-7.8241,-7.8241,-7.8241,-1.9009,0,0,0,-2.1167,-1.8368,4.0409,4.0409,3.0511,0,0,0,0.7654,0.6821,1.0232,1.0232,0.8885,0,0,0,-0.1549,-0.1372,0.1646,0.1646,0.0952,0,0,0,1.0601,0.9884,1.1861,1.1861,1.0434,0,0,0,0.5422,0.5195,0.6234,0.6234,0.5073,0,0,0
1.066303,1788533100.823296,-11.2089,-7.9951,-7.9951,-7.9951,-2.3422,0,0,0,-2.1167,-1.8502,4.0705,4.0705,3.1285,0,0,0,0.7654,0.6861,1.0292,1.0292,0.8953,0,0,0,-0.1549,-0.1380,0.1656,0.1656,0.1018,0,0,0,1.0601,0.9919,1.1903,1.1903,1.0540,0,0,0,0.5422,0.5206,0.6247,0.6247,0.5188,0,0,0
1.074358,1788533100.839420,-11.2089,-8.3055,-8.3055,-8.3055,-2.7810,0,0,0,-2.1167,-1.8748,4.1246,4.1246,3.2046,0,0,0,0.7654,0.6934,1.0401,1.0401,0.9027,0,0,0,-0.1549,-0.1396,0.1675,0.1675,0.1080,0,0,0,1.0601,0.9982,1.1978,1.1978,1.0646,0,0,0,0.5422,0.5226,0.6271,0.6271,0.5295,0,0,0
1.082442,1788533100.847471,-11.2089,-8.4526,-8.4526,-8.4526,-3.2134,0,0,0,-2.1167,-1.8865,4.1504,4.1504,3.2789,0,0,0,0.7654,0.6969,1.0454,1.0454,0.9106,0,0,0,-0.1549,-0.1403,0.1684,0.1684,0.1139,0,0,0,1.0601,1.0011,1.2014,1.2014,1.0750,0,0,0,0.5422,0.5235,0.6282,0.6282,0.5396,0,0,0
1.090428,1788533100.856550,-11.2089,-8.6089,-8.6089,-8.6089,-3.6373,0,0,0,-2.1167,-1.8990,4.1778,4.1778,3.3512,0,0,0,0.7654,0.7006,1.0509,1.0509,0.9190,0,0,0,-0.1549,-0.1411,0.1693,0.1693,0.1194,0,0,0,1.0601,1.0043,1.2052,1.2052,1.0852,0,0,0,0.5422,0.5245,0.6294,0.6294,0.5489,0,0,0
1.098504,1788533100.870622,-17.7905,-9.3928,-9.3928,-9.0889,-4.0512,1,0,0,-1.9083,-1.8998,4.1795,4.1795,3.4214,0,0,0,0.3333,0.6708,1.0061,1.0061,0.9277,0,0,0,-0.6173,-0.1798,0.2158,0.2158,0.1245,0,0,0,0.8262,0.9899,1.1878,1.1878,1.0952,0,0,0,0.5291,0.5249,0.6299,0.6299,0.5576,0,0,0
1.106696,1788533100.870622,-17.7905,-9.8174,-9.8174,-9.5689,-4.4528,1,0,0,-1.9083,-1.9002,4.1804,4.1804,3.4892,0,0,0,0.3333,0.6546,0.9819,0.9819,0.9366,0,0,0,-0.6173,-0.2008,0.2409,0.2409,0.1293,0,0,0,0.8262,0.9820,1.1784,1.1784,1.1049,0,0,0,0.5291,0.5251,0.6301,0.6301,0.5656,0,0,0
1.114722,1788533100.878813,-18.2127,-10.2527,-10.2527,-10.0489,-4.7464,1,0,0,-1.8260,-1.8965,4.1724,4.1724,3.5383,0,0,0,0.3333,0.6389,0.9583,0.9583,0.9431,0,0,0,-0.6173,-0.2212,0.2654,0.2654,0.1329,0,0,0,0.8873,0.9774,1.1729,1.1729,1.1118,0,0,0,0.5790,0.5277,0.6333,0.6333,0.5712,0,0,0
1.122324,1788533100.887848,-18.2127,-10.7065,-10.7065,-10.5289,-5.1310,1,0,0,-1.8260,-1.8927,4.1640,4.1640,3.6009,0,0,0,0.3333,0.6225,0.9337,0.9337,0.9510,0,0,0,-0.6173,-0.2425,0.2910,0.2910,0.1381,0,0,0,0.8873,0.9725,1.1670,1.1670,1.1204,0,0,0,0.5790,0.5305,0.6366,0.6366,0.5781,0,0,0
1.130395,1788533100.895460,-18.2127,-11.0711,-11.0711,-11.0089,-5.5109,1,0,0,-1.8260,-1.8897,4.1573,4.1573,3.6598,0,0,0,0.3333,0.6092,0.9139,0.9139,0.9575,0,0,0,-0.6173,-0.2596,0.3115,0.3115,0.1441,0,0,0,0.8873,0.9686,1.1624,1.1624,1.1281,0,0,0,0.5790,0.5327,0.6392,0.6392,0.5845,0,0,0
1.138490,1788533100.895460,-18.2127,-11.4354,-11.4354,-11.4354,-5.7944,0,0,0,-1.8260,-1.8866,4.1506,4.1506,3.7015,0,0,0,0.3333,0.5960,0.8940,0.8940,0.9615,0,0,0,-0.6173,-0.2768,0.3321,0.3321,0.1492,0,0,0,0.8873,0.9647,1.1577,1.1577,1.1333,0,0,0,0.5790,0.5349,0.6419,0.6419,0.5889,0,0,0
1.147023,1788533100.912125,-18.2127,-12.1169,-12.1169,-11.9154,-6.1711,1,0,0,-1.8260,-1.8809,4.1379,4.1379,3.7533,0,0,0,0.3333,0.5711,0.8567,0.8567,0.9654,0,0,0,-0.6173,-0.3091,0.3709,0.3709,0.1568,0,0,0,0.8873,0.9574,1.1489,1.1489,1.1394,0,0,0,0.5790,0.5391,0.6469,0.6469,0.5943,0,0,0
1.155080,1788533100.920194,-18.2127,-12.4302,-12.4302,-12.3954,-6.6372,1,0,0,-1.8260,-1.8782,4.1320,4.1320,3.8122,0,0,0,0.3333,0.5596,0.8394,0.8394,0.9680,0,0,0,-0.6173,-0.3240,0.3888,0.3888,0.1674,0,0,0,0.8873,0.9540,1.1448,1.1448,1.1457,0,0,0,0.5790,0.5410,0.6492,0.6492,0.6005,0,0,0
1.162981,1788533100.920194,-18.2127,-12.7253,-12.7253,-12.7253,-6.9189,0,0,0,-1.8260,-1.8757,4.1265,4.1265,3.8443,0,0,0,0.3333,0.5488,0.8232,0.8232,0.9683,0,0,0,-0.6173,-0.3381,0.4057,0.4057,0.1746,0,0,0,0.8873,0.9508,1.1410,1.1410,1.1489,0,0,0,0.5790,0.5428,0.6514,0.6514,0.6040,0,0,0
1.170595,1788533100.936001,-18.2127,-13.2512,-13.2512,-13.2053,-7.2990,1,0,0,-1.8260,-1.8712,4.1166,4.1166,3.8834,0,0,0,0.3333,0.5293,0.7939,0.7939,0.9669,0,0,0,-0.6173,-0.3633,0.4360,0.4360,0.1854,0,0,0,0.8873,0.9451,1.1341,1.1341,1.1523,0,0,0,0.5790,0.5461,0.6553,0.6553,0.6084,0,0,0
1.178805,1788533100.943813,-18.2127,-13.4983,-13.4983,-13.4983,-7.6844,0,0,0,-1.8260,-1.8691,4.1120,4.1120,3.9182,0,0,0,0.3333,0.5201,0.7802,0.7802,0.9635,0,0,0,-0.6173,-0.3753,0.4503,0.4503,0.1973,0,0,0,0.8873,0.9424,1.1309,1.1309,1.1548,0,0,0,0.5790,0.5477,0.6572,0.6572,0.6125,0,0,0
1.186902,1788533100.952436,-18.2127,-13.7561,-13.7561,-13.7561,-8.0738,0,0,0,-1.8260,-1.8669,4.1071,4.1071,3.9490,0,0,0,0.3333,0.5105,0.7658,0.7658,0.9584,0,0,0,-0.6173,-0.3877,0.4653,0.4653,0.2103,0,0,0,0.8873,0.9396,1.1275,1.1275,1.1565,0,0,0,0.5790,0.5493,0.6591,0.6591,0.6164,0,0,0
1.194428,1788533100.966546,-18.2127,-14.1407,-14.1407,-14.1407,-8.4669,0,0,0,-1.8260,-1.8635,4.0998,4.0998,3.9761,0,0,0,0.3333,0.4961,0.7441,0.7441,0.9517,0,0,0,-0.6173,-0.4065,0.4878,0.4878,0.2243,0,0,0,0.8873,0.9353,1.1224,1.1224,1.1575,0,0,0,0.5790,0.5517,0.6620,0.6620,0.6202,0,0,0
1.202442,1788533100.966546,-18.2127,-14.3476,-14.3476,-14.3476,-8.8617,0,0,0,-1.8260,-1.8617,4.0958,4.0958,3.9996,0,0,0,0.3333,0.4883,0.7324,0.7324,0.9434,0,0,0,-0.6173,-0.4166,0.4999,0.4999,0.2392,0,0,0,0.8873,0.9330,1.1196,1.1196,1.1577,0,0,0,0.5790,0.5530,0.6636,0.6636,0.6237,0,0,0
1.211103,1788533100.966546,-18.2127,-14.5440,-14.5440,-14.5440,-9.1574,0,0,0,-1.8260,-1.8600,4.0920,4.0920,4.0150,0,0,0,0.3333,0.4808,0.7212,0.7212,0.9363,0,0,0,-0.6173,-0.4262,0.5114,0.5114,0.2509,0,0,0,0.8873,0.9308,1.1170,1.1170,1.1576,0,0,0,0.5790,0.5542,0.6651,0.6651,0.6263,0,0,0
1.219141,1788533100.984221,-18.2127,-14.9307,-14.9307,-14.9307,-9.5508,0,0,0,-1.8260,-1.8566,4.0846,4.0846,4.0330,0,0,0,0.3333,0.4661,0.6991,0.6991,0.9258,0,0,0,-0.6173,-0.4453,0.5344,0.5344,0.2670,0,0,0,0.8873,0.9265,1.1118,1.1118,1.1569,0,0,0,0.5790,0.5567,0.6681,0.6681,0.6296,0,0,0
1.226727,1788533100.984221,-18.2127,-15.0968,-15.0968,-15.0968,-9.9433,0,0,0,-1.8260,-1.8551,4.0813,4.0813,4.0481,0,0,0,0.3333,0.4597,0.6896,0.6896,0.9141,0,0,0,-0.6173,-0.4536,0.5443,0.5443,0.2837,0,0,0,0.8873,0.9246,1.1095,1.1095,1.1556,0,0,0,0.5790,0.5578,0.6693,0.6693,0.6328,0,0,0
1.235321,1788533100.999844,-18.2127,-15.3897,-15.3897,-15.3897,-10.3350,0,0,0,-1.8260,-1.8525,4.0756,4.0756,4.0605,0,0,0,0.3333,0.4484,0.6726,0.6726,0.9013,0,0,0,-0.6173,-0.4683,0.5619,0.5619,0.3010,0,0,0,0.8873,0.9213,1.1055,1.1055,1.1539,0,0,0,0.5790,0.5597,0.6716,0.6716,0.6358,0,0,0
1.243341,1788533101.007438,-18.2127,-15.5253,-15.5253,-15.5253,-10.7236,0,0,0,-1.8260,-1.8513,4.0729,4.0729,4.0706,0,0,0,0.3333,0.4431,0.6647,0.6647,0.8877,0,0,0,-0.6173,-0.4751,0.5701,0.5701,0.3188,0,0,0,0.8873,0.9197,1.1037,1.1037,1.1518,0,0,0,0.5790,0.5606,0.6727,0.6727,0.6388,0,0,0
1.251392,1788533101.007438,-18.2127,-15.6607,-15.6607,-15.6607,-11.1071,0,0,0,-1.8260,-1.8501,4.0703,4.0703,4.0786,0,0,0,0.3333,0.4379,0.6568,0.6568,0.8734,0,0,0,-0.6173,-0.4819,0.5783,0.5783,0.3368,0,0,0,0.8873,0.9182,1.1018,1.1018,1.1494,0,0,0,0.5790,0.5614,0.6737,0.6737,0.6417,0,0,0
1.258990,1788533101.023510,-18.2127,-15.9059,-15.9059,-15.9059,-11.4832,0,0,0,-1.8260,-1.8479,4.0654,4.0654,4.0848,0,0,0,0.3333,0.4283,0.6424,0.6424,0.8586,0,0,0,-0.6173,-0.4943,0.5932,0.5932,0.3549,0,0,0,0.8873,0.9153,1.0984,1.0984,1.1467,0,0,0,0.5790,0.5631,0.6757,0.6757,0.6445,0,0,0
1.266798,1788533101.023510,-18.2127,-16.0217,-16.0217,-16.0217,-11.8495,0,0,0,-1.8260,-1.8469,4.0631,4.0631,4.0894,0,0,0,0.3333,0.4237,0.6356,0.6356,0.8436,0,0,0,-0.6173,-0.5002,0.6003,0.6003,0.3729,0,0,0,0.8873,0.9140,1.0968,1.0968,1.1438,0,0,0,0.5790,0.5638,0.6766,0.6766,0.6472,0,0,0
1.275335,1788533101.039915,-25.1323,-16.9140,-16.9140,-16.5017,-12.2051,1,0,0,-1.5363,-1.8178,3.9992,3.9992,4.0926,0,0,0,0.4698,0.4280,0.6420,0.6420,0.8284,0,0,0,-0.4932,-0.4996,0.5995,0.5995,0.3907,0,0,0,0.7574,0.8993,1.0792,1.0792,1.1408,0,0,0,0.2616,0.5356,0.6427,0.6427,0.6498,0,0,0
1.283395,1788533101.047452,-25.1323,-17.3057,-17.3057,-16.9817,-12.4635,1,0,0,-1.5363,-1.8051,3.9712,3.9712,4.0942,0,0,0,0.4698,0.4299,0.6449,0.6449,0.8170,0,0,0,-0.4932,-0.4993,0.5991,0.5991,0.4039,0,0,0,0.7574,0.8929,1.0715,1.0715,1.1385,0,0,0,0.2616,0.5232,0.6278,0.6278,0.6517,0,0,0
1.291451,1788533101.055512,-25.1323,-17.7044,-17.7044,-17.4617,-12.7992,1,0,0,-1.5363,-1.7921,3.9427,3.9427,4.0949,0,0,0,0.4698,0.4318,0.6478,0.6478,0.8021,0,0,0,-0.4932,-0.4990,0.5988,0.5988,0.4210,0,0,0,0.7574,0.8864,1.0637,1.0637,1.1352,0,0,0,0.2616,0.5106,0.6127,0.6127,0.6538,0,0,0
1.298464,1788533101.064568,-25.1323,-18.1276,-18.1276,-17.9417,-13.1300,1,0,0,-1.5363,-1.7784,3.9124,3.9124,4.0936,0,0,0,0.4698,0.4339,0.6508,0.6508,0.7877,0,0,0,-0.4932,-0.4987,0.5984,0.5984,0.4375,0,0,0,0.7574,0.8794,1.0553,1.0553,1.1316,0,0,0,0.2616,0.4972,0.5966,0.5966,0.6551,0,0,0
1.307474,1788533101.071597,-25.1323,-18.4422,-18.4422,-18.4217,-13.4597,1,0,0,-1.5363,-1.7681,3.8899,3.8899,4.0901,0,0,0,0.4698,0.4354,0.6531,0.6531,0.7740,0,0,0,-0.4932,-0.4984,0.5981,0.5981,0.4532,0,0,0,0.7574,0.8743,1.0491,1.0491,1.1277,0,0,0,0.2616,0.4872,0.5846,0.5846,0.6555,0,0,0
1.315504,1788533101.079592,-25.1323,-18.7823,-18.7823,-18.7823,-13.7912,0,0,0,-1.5363,-1.7570,3.8654,3.8654,4.0846,0,0,0,0.4698,0.4371,0.6556,0.6556,0.7611,0,0,0,-0.4932,-0.4982,0.5978,0.5978,0.4680,0,0,0,0.7574,0.8687,1.0424,1.0424,1.1234,0,0,0,0.2616,0.4764,0.5717,0.5717,0.6550,0,0,0
1.322512,1788533101.079592,-25.1323,-19.1058,-19.1058,-19.1058,-14.1265,0,0,0,-1.5363,-1.7465,3.8422,3.8422,4.0772,0,0,0,0.4698,0.4386,0.6579,0.6579,0.7491,0,0,0,-0.4932,-0.4979,0.5975,0.5975,0.4818,0,0,0,0.7574,0.8634,1.0360,1.0360,1.1189,0,0,0,0.2616,0.4661,0.5593,0.5593,0.6534,0,0,0
1.330585,1788533101.096143,-25.1323,-19.7070,-19.7070,-19.5858,-14.3812,1,0,0,-1.5363,-1.7266,3.7986,3.7986,4.0703,0,0,0,0.4698,0.4416,0.6623,0.6623,0.7407,0,0,0,-0.4932,-0.4975,0.5970,0.5970,0.4915,0,0,0,0.7574,0.8534,1.0240,1.0240,1.1153,0,0,0,0.2616,0.4468,0.5362,0.5362,0.6516,0,0,0
1.338610,1788533101.110727,-25.1323,-20.1889,-20.1889,-20.0658,-14.7240,1,0,0,-1.5363,-1.7107,3.7634,3.7634,4.0597,0,0,0,0.4698,0.4439,0.6659,0.6659,0.7305,0,0,0,-0.4932,-0.4971,0.5966,0.5966,0.5036,0,0,0,0.7574,0.8453,1.0144,1.0144,1.1102,0,0,0,0.2616,0.4313,0.5175,0.5175,0.6484,0,0,0
1.347387,1788533101.110727,-25.1323,-20.4400,-20.4400,-20.4400,-15.0705,0,0,0,-1.5363,-1.7023,3.7451,3.7451,4.0474,0,0,0,0.4698,0.4452,0.6678,0.6678,0.7212,0,0,0,-0.4932,-0.4970,0.5963,0.5963,0.5147,0,0,0,0.7574,0.8411,1.0093,1.0093,1.1050,0,0,0,0.2616,0.4231,0.5078,0.5078,0.6442,0,0,0
1.355036,1788533101.119504,-25.1323,-20.7002,-20.7002,-20.7002,-15.4219,0,0,0,-1.5363,-1.6936,3.7260,3.7260,4.0334,0,0,0,0.4698,0.4465,0.6697,0.6697,0.7129,0,0,0,-0.4932,-0.4968,0.5961,0.5961,0.5248,0,0,0,0.7574,0.8367,1.0041,1.0041,1.0994,0,0,0,0.2616,0.4147,0.4976,0.4976,0.6390,0,0,0
1.363495,1788533101.128171,-25.1323,-20.9430,-20.9430,-20.9430,-15.7789,0,0,0,-1.5363,-1.6855,3.7081,3.7081,4.0176,0,0,0,0.4698,0.4477,0.6715,0.6715,0.7056,0,0,0,-0.4932,-0.4966,0.5959,0.5959,0.5339,0,0,0,0.7574,0.8326,0.9991,0.9991,1.0935,0,0,0,0.2616,0.4068,0.4881,0.4881,0.6328,0,0,0
1.371530,1788533101.135612,-28.4038,-21.2975,-21.2975,-21.2975,-16.0495,0,0,0,-1.4487,-1.6749,3.6848,3.6848,4.0049,0,0,0,0.3363,0.4427,0.6640,0.6640,0.7008,0,0,0,-0.5585,-0.4993,0.5992,0.5992,0.5402,0,0,0,0.7026,0.8268,0.9922,0.9922,1.0890,0,0,0,0.2429,0.3994,0.4793,0.4793,0.6276,0,0,0
1.379518,1788533101.135612,-28.4038,-21.6599,-21.6599,-21.6599,-16.4122,0,0,0,-1.4487,-1.6641,3.6609,3.6609,3.9869,0,0,0,0.3363,0.4376,0.6564,0.6564,0.6951,0,0,0,-0.5585,-0.5022,0.6026,0.6026,0.5477,0,0,0,0.7026,0.8209,0.9850,0.9850,1.0828,0,0,0,0.2429,0.3919,0.4703,0.4703,0.6199,0,0,0
1.387197,1788533101.159315,-29.2699,-22.7018,-22.7018,-22.1399,-16.7748,1,0,0,-1.4201,-1.6324,3.5913,3.5913,3.9679,0,0,0,0.3483,0.4260,0.6390,0.6390,0.6903,0,0,0,-0.5344,-0.5064,0.6076,0.6076,0.5545,0,0,0,0.7286,0.8089,0.9707,0.9707,1.0765,0,0,0,0.2000,0.3670,0.4404,0.4404,0.6116,0,0,0
1.394777,1788533101.159315,-29.2699,-23.0361,-23.0361,-22.6199,-17.1369,1,0,0,-1.4201,-1.6222,3.5689,3.5689,3.9482,0,0,0,0.3483,0.4223,0.6334,0.6334,0.6860,0,0,0,-0.5344,-0.5077,0.6092,0.6092,0.5606,0,0,0,0.7286,0.8050,0.9661,0.9661,1.0701,0,0,0,0.2000,0.3590,0.4308,0.4308,0.6029,0,0,0
1.403317,1788533101.175435,-29.5775,-23.6731,-23.6731,-23.0999,-17.4990,1,0,0,-1.3979,-1.6016,3.5235,3.5235,3.9276,0,0,0,0.3483,0.4155,0.6232,0.6232,0.6821,0,0,0,-0.5408,-0.5107,0.6129,0.6129,0.5661,0,0,0,0.7114,0.7964,0.9557,0.9557,1.0637,0,0,0,0.1226,0.3373,0.4047,0.4047,0.5937,0,0,0
1.410523,1788533101.175435,-29.5775,-23.9735,-23.9735,-23.5799,-17.8627,1,0,0,-1.3979,-1.5918,3.5020,3.5020,3.9059,0,0,0,0.3483,0.4123,0.6184,0.6184,0.6784,0,0,0,-0.5408,-0.5122,0.6146,0.6146,0.5711,0,0,0,0.7114,0.7924,0.9508,0.9508,1.0570,0,0,0,0.1226,0.3270,0.3924,0.3924,0.5839,0,0,0
1.418979,1788533101.184088,-30.0424,-24.3064,-24.3064,-24.0599,-18.1376,1,0,0,-1.3350,-1.5786,3.4728,3.4728,3.8888,0,0,0,0.3985,0.4116,0.6173,0.6173,0.6756,0,0,0,-0.5755,-0.5155,0.6185,0.6185,0.5745,0,0,0,0.7248,0.7889,0.9466,0.9466,1.0519,0,0,0,0.0949,0.3150,0.3780,0.3780,0.5761,0,0,0
1.427491,1788533101.192046,-30.0424,-24.5973,-24.5973,-24.5399,-18.5074,1,0,0,-1.3350,-1.5669,3.4473,3.4473,3.8650,0,0,0,0.3985,0.4109,0.6164,0.6164,0.6719,0,0,0,-0.5755,-0.5183,0.6220,0.6220,0.5788,0,0,0,0.7248,0.7858,0.9430,0.9430,1.0450,0,0,0,0.0949,0.3045,0.3654,0.3654,0.5653,0,0,0
1.435542,1788533101.200628,-30.0424,-24.8940,-24.8940,-24.8940,-18.8780,0,0,0,-1.3350,-1.5550,3.4211,3.4211,3.8403,0,0,0,0.3985,0.4103,0.6154,0.6154,0.6681,0,0,0,-0.5755,-0.5212,0.6255,0.6255,0.5828,0,0,0,0.7248,0.7827,0.9392,0.9392,1.0380,0,0,0,0.0949,0.2938,0.3525,0.3525,0.5540,0,0,0
1.443210,1788533101.200628,-30.0424,-25.1566,-25.1566,-25.1566,-19.2584,0,0,0,-1.3350,-1.5445,3.3979,3.3979,3.8146,0,0,0,0.3985,0.4097,0.6146,0.6146,0.6643,0,0,0,-0.5755,-0.5238,0.6286,0.6286,0.5865,0,0,0,0.7248,0.7799,0.9359,0.9359,1.0310,0,0,0,0.0949,0.2842,0.3411,0.3411,0.5421,0,0,0
1.451664,1788533101.200628,-30.0424,-25.4059,-25.4059,-25.4059,-19.5528,0,0,0,-1.3350,-1.5345,3.3758,3.3758,3.7946,0,0,0,0.3985,0.4092,0.6138,0.6138,0.6614,0,0,0,-0.5755,-0.5263,0.6316,0.6316,0.5892,0,0,0,0.7248,0.7773,0.9327,0.9327,1.0257,0,0,0,0.0949,0.2751,0.3302,0.3302,0.5327,0,0,0
1.459661,1788533101.223781,-30.0424,-26.0273,-26.0273,-25.8859,-19.9536,1,0,0,-1.3350,-1.5091,3.3200,3.3200,3.7671,0,0,0,0.3985,0.4078,0.6118,0.6118,0.6576,0,0,0,-0.5755,-0.5326,0.6391,0.6391,0.5927,0,0,0,0.7248,0.7706,0.9247,0.9247,1.0186,0,0,0,0.0949,0.2522,0.3027,0.3027,0.5198,0,0,0
1.467785,1788533101.232777,-31.6606,-26.3470,-26.3470,-26.3470,-20.3597,0,0,0,-1.2670,-1.4961,3.2914,3.2914,3.7390,0,0,0,0.5030,0.4129,0.6194,0.6194,0.6538,0,0,0,-0.4110,-0.5261,0.6313,0.6313,0.5961,0,0,0,0.7470,0.7693,0.9232,0.9232,1.0116,0,0,0,0.0086,0.2392,0.2870,0.2870,0.5065,0,0,0
1.475823,1788533101.232777,-31.6606,-26.6171,-26.6171,-26.6171,-20.7692,0,0,0,-1.2670,-1.4851,3.2673,3.2673,3.7102,0,0,0,0.5030,0.4172,0.6259,0.6259,0.6502,0,0,0,-0.4110,-0.5205,0.6247,0.6247,0.5994,0,0,0,0.7470,0.7683,0.9219,0.9219,1.0047,0,0,0,0.0086,0.2281,0.2737,0.2737,0.4927,0,0,0
1.483710,1788533101.248941,-31.6606,-27.1084,-27.1084,-27.0971,-21.1823,1,0,0,-1.2670,-1.4650,3.2230,3.2230,3.6807,0,0,0,0.5030,0.4251,0.6377,0.6377,0.6468,0,0,0,-0.4110,-0.5104,0.6125,0.6125,0.6026,0,0,0,0.7470,0.7663,0.9196,0.9196,0.9979,0,0,0,0.0086,0.2078,0.2494,0.2494,0.4786,0,0,0
1.491217,1788533101.255828,-32.3694,-27.3400,-27.3400,-27.3400,-21.5974,0,0,0,-1.2803,-1.4573,3.2061,3.2061,3.6507,0,0,0,0.5375,0.4298,0.6447,0.6447,0.6437,0,0,0,-0.4947,-0.5098,0.6117,0.6117,0.6056,0,0,0,0.8557,0.7700,0.9240,0.9240,0.9913,0,0,0,-0.1659,0.1923,0.2308,0.2308,0.4641,0,0,0
1.499282,1788533101.264451,-32.3694,-27.6143,-27.6143,-27.6143,-21.9093,0,0,0,-1.2803,-1.4482,3.1860,3.1860,3.6278,0,0,0,0.5375,0.4353,0.6530,0.6530,0.6416,0,0,0,-0.4947,-0.5090,0.6108,0.6108,0.6075,0,0,0,0.8557,0.7744,0.9293,0.9293,0.9864,0,0,0,-0.1659,0.1739,0.2086,0.2086,0.4529,0,0,0
1.507232,1788533101.272339,-32.7583,-27.8722,-27.8722,-27.8722,-22.3254,0,0,0,-1.2474,-1.4387,3.1651,3.1651,3.5969,0,0,0,0.2931,0.4286,0.6429,0.6429,0.6394,0,0,0,-0.6629,-0.5163,0.6195,0.6195,0.6097,0,0,0,0.7209,0.7719,0.9263,0.9263,0.9802,0,0,0,0.1181,0.1712,0.2055,0.2055,0.4378,0,0,0
1.515331,1788533101.272339,-32.7583,-28.1206,-28.1206,-28.1206,-22.7392,0,0,0,-1.2474,-1.4295,3.1449,3.1449,3.5659,0,0,0,0.2931,0.4221,0.6332,0.6332,0.6378,0,0,0,-0.6629,-0.5233,0.6280,0.6280,0.6114,0,0,0,0.7209,0.7695,0.9233,0.9233,0.9744,0,0,0,0.1181,0.1687,0.2024,0.2024,0.4222,0,0,0
1.523275,1788533101.288430,-33.1022,-28.6041,-28.6041,-28.6006,-23.1486,1,0,0,-1.2217,-1.4104,3.1029,3.1029,3.5349,0,0,0,0.2931,0.4103,0.6154,0.6154,0.6368,0,0,0,-0.6582,-0.5357,0.6428,0.6428,0.6128,0,0,0,0.7681,0.7693,0.9232,0.9232,0.9691,0,0,0,0.0794,0.1605,0.1926,0.1926,0.4063,0,0,0
1.531827,1788533101.296905,-33.2762,-28.8544,-28.8544,-28.8544,-23.5519,0,0,0,-1.1935,-1.3994,3.0787,3.0787,3.5042,0,0,0,0.3884,0.4092,0.6138,0.6138,0.6360,0,0,0,-0.4962,-0.5337,0.6404,0.6404,0.6140,0,0,0,0.7681,0.7693,0.9231,0.9231,0.9642,0,0,0,0.0142,0.1531,0.1837,0.1837,0.3904,0,0,0
1.539867,1788533101.296905,-33.2762,-29.0788,-29.0788,-29.0788,-23.8501,0,0,0,-1.1935,-1.3895,3.0570,3.0570,3.4813,0,0,0,0.3884,0.4082,0.6123,0.6123,0.6355,0,0,0,-0.4962,-0.5319,0.6383,0.6383,0.6150,0,0,0,0.7681,0.7692,0.9231,0.9231,0.9607,0,0,0,0.0142,0.1464,0.1757,0.1757,0.3786,0,0,0
1.547498,1788533101.319616,-33.6781,-29.6824,-29.6824,-29.5588,-24.2436,1,0,0,-1.1436,-1.3588,2.9893,2.9893,3.4510,0,0,0,0.3593,0.4021,0.6031,0.6031,0.6346,0,0,0,-0.4983,-0.5277,0.6332,0.6332,0.6164,0,0,0,0.6690,0.7567,0.9080,0.9080,0.9564,0,0,0,-0.0622,0.1203,0.1444,0.1444,0.3630,0,0,0
1.555434,1788533101.319616,-33.6781,-29.8843,-29.8843,-29.8843,-24.6313,0,0,0,-1.1436,-1.3485,2.9666,2.9666,3.4207,0,0,0,0.3593,0.4000,0.6000,0.6000,0.6336,0,0,0,-0.4983,-0.5263,0.6316,0.6316,0.6179,0,0,0,0.6690,0.7525,0.9030,0.9030,0.9525,0,0,0,-0.0622,0.1116,0.1339,0.1339,0.3477,0,0,0
1.563496,1788533101.335613,-34.2143,-30.3000,-30.3000,-30.3000,-25.0125,0,0,0,-1.0212,-1.3185,2.9007,2.9007,3.3907,0,0,0,0.0897,0.3717,0.5575,0.5575,0.6324,0,0,0,-0.7159,-0.5436,0.6523,0.6523,0.6194,0,0,0,0.6284,0.7412,0.8894,0.8894,0.9489,0,0,0,0.2127,0.1208,0.1450,0.1450,0.3326,0,0,0
1.571510,1788533101.335613,-34.2143,-30.4974,-30.4974,-30.4974,-25.3890,0,0,0,-1.0212,-1.3042,2.8693,2.8693,3.3603,0,0,0,0.0897,0.3582,0.5373,0.5373,0.6310,0,0,0,-0.7159,-0.5519,0.6622,0.6622,0.6209,0,0,0,0.6284,0.7358,0.8829,0.8829,0.9453,0,0,0,0.2127,0.1252,0.1503,0.1503,0.3177,0,0,0
1.579941,1788533101.352059,-34.5313,-30.8936,-30.8936,-30.8936,-25.7618,0,0,0,-0.9796,-1.2738,2.8023,2.8023,3.3296,0,0,0,0.0786,0.3320,0.4980,0.4980,0.6293,0,0,0,-0.6672,-0.5627,0.6752,0.6752,0.6223,0,0,0,0.6288,0.7257,0.8709,0.8709,0.9418,0,0,0,0.2900,0.1407,0.1688,0.1688,0.3028,0,0,0
1.587527,1788533101.359645,-34.5313,-31.0677,-31.0677,-31.0677,-26.0395,0,0,0,-0.9796,-1.2604,2.7728,2.7728,3.3062,0,0,0,0.0786,0.3204,0.4806,0.4806,0.6274,0,0,0,-0.6672,-0.5674,0.6809,0.6809,0.6234,0,0,0,0.6288,0.7213,0.8656,0.8656,0.9391,0,0,0,0.2900,0.1475,0.1770,0.1770,0.2920,0,0,0
1.595648,1788533101.359645,-34.5313,-31.2420,-31.2420,-31.2420,-26.4063,0,0,0,-0.9796,-1.2469,2.7432,2.7432,3.2743,0,0,0,0.0786,0.3088,0.4633,0.4633,0.6241,0,0,0,-0.6672,-0.5722,0.6867,0.6867,0.6252,0,0,0,0.6288,0.7169,0.8603,0.8603,0.9354,0,0,0,0.2900,0.1543,0.1851,0.1851,0.2782,0,0,0
1.603189,1788533101.359645,-34.5313,-31.4075,-31.4075,-31.4075,-26.5889,0,0,0,-0.9796,-1.2341,2.7150,2.7150,3.2579,0,0,0,0.0786,0.2978,0.4467,0.4467,0.6219,0,0,0,-0.6672,-0.5768,0.6921,0.6921,0.6263,0,0,0,0.6288,0.7127,0.8552,0.8552,0.9334,0,0,0,0.2900,0.1608,0.1929,0.1929,0.2717,0,0,0
1.611232,1788533101.376333,-34.5313,-31.7176,-31.7176,-31.7176,-27.1333,0,0,0,-0.9796,-1.2099,2.6617,2.6617,3.2067,0,0,0,0.0786,0.2770,0.4155,0.4155,0.6130,0,0,0,-0.6672,-0.5854,0.7024,0.7024,0.6303,0,0,0,0.6288,0.7047,0.8456,0.8456,0.9269,0,0,0,0.2900,0.1731,0.2077,0.2077,0.2541,0,0,0
1.619227,1788533101.376333,-34.5313,-31.8587,-31.8587,-31.8587,-27.4884,0,0,0,-0.9796,-1.1988,2.6374,2.6374,3.1716,0,0,0,0.0786,0.2675,0.4012,0.4012,0.6053,0,0,0,-0.6672,-0.5893,0.7071,0.7071,0.6335,0,0,0,0.6288,0.7011,0.8413,0.8413,0.9223,0,0,0,0.2900,0.1787,0.2144,0.2144,0.2440,0,0,0
1.627884,1788533101.400001,-35.0682,-32.2909,-32.2909,-32.2909,-27.8371,0,0,0,-0.9377,-1.1649,2.5629,2.5629,3.1358,0,0,0,0.1488,0.2521,0.3781,0.3781,0.5963,0,0,0,-0.7119,-0.6052,0.7262,0.7262,0.6371,0,0,0,0.7795,0.7112,0.8535,0.8535,0.9175,0,0,0,0.0036,0.1560,0.1872,0.1872,0.2354,0,0,0
1.636276,1788533101.400001,-35.0682,-32.4296,-32.4296,-32.4296,-28.1794,0,0,0,-0.9377,-1.1540,2.5389,2.5389,3.0991,0,0,0,0.1488,0.2471,0.3707,0.3707,0.5859,0,0,0,-0.7119,-0.6103,0.7323,0.7323,0.6411,0,0,0,0.7795,0.7145,0.8574,0.8574,0.9124,0,0,0,0.0036,0.1487,0.1784,0.1784,0.2282,0,0,0
1.644011,1788533101.408394,-35.0682,-32.5675,-32.5675,-32.5675,-28.4325,0,0,0,-0.9377,-1.1432,2.5150,2.5150,3.0710,0,0,0,0.1488,0.2422,0.3633,0.3633,0.5773,0,0,0,-0.7119,-0.6154,0.7384,0.7384,0.6444,0,0,0,0.7795,0.7178,0.8613,0.8613,0.9086,0,0,0,0.0036,0.1414,0.1697,0.1697,0.2235,0,0,0
1.652066,1788533101.408394,-35.0682,-32.6923,-32.6923,-32.6923,-28.7651,0,0,0,-0.9377,-1.1333,2.4933,2.4933,3.0328,0,0,0,0.1488,0.2377,0.3566,0.3566,0.5649,0,0,0,-0.7119,-0.6200,0.7440,0.7440,0.6493,0,0,0,0.7795,0.7207,0.8649,0.8649,0.9036,0,0,0,0.0036,0.1348,0.1618,0.1618,0.2178,0,0,0
1.659346,1788533101.425205,-35.0682,-32.9280,-32.9280,-32.9280,-29.0900,0,0,0,-0.9377,-1.1146,2.4521,2.4521,2.9941,0,0,0,0.1488,0.2292,0.3439,0.3439,0.5518,0,0,0,-0.7119,-0.6288,0.7545,0.7545,0.6547,0,0,0,0.7795,0.7263,0.8716,0.8716,0.8990,0,0,0,0.0036,0.1223,0.1467,0.1467,0.2126,0,0,0
1.667927,1788533101.432982,-35.0682,-33.0317,-33.0317,-33.0317,-29.4057,0,0,0,-0.9377,-1.1063,2.4339,2.4339,2.9553,0,0,0,0.1488,0.2255,0.3382,0.3382,0.5382,0,0,0,-0.7119,-0.6327,0.7592,0.7592,0.6604,0,0,0,0.7795,0.7288,0.8746,0.8746,0.8948,0,0,0,0.0036,0.1167,0.1401,0.1401,0.2077,0,0,0
1.676134,1788533101.432982,-35.0682,-33.1331,-33.1331,-33.1331,-29.7117,0,0,0,-0.9377,-1.0982,2.4161,2.4161,2.9166,0,0,0,0.1488,0.2218,0.3327,0.3327,0.5243,0,0,0,-0.7119,-0.6364,0.7637,0.7637,0.6663,0,0,0,0.7795,0.7312,0.8775,0.8775,0.8910,0,0,0,0.0036,0.1113,0.1336,0.1336,0.2030,0,0,0
1.683710,1788533101.449215,-35.0682,-33.3185,-33.3185,-33.3185,-30.0078,0,0,0,-0.9377,-1.0834,2.3834,2.3834,2.8781,0,0,0,0.1488,0.2150,0.3226,0.3226,0.5102,0,0,0,-0.7119,-0.6434,0.7721,0.7721,0.6726,0,0,0,0.7795,0.7357,0.8828,0.8828,0.8877,0,0,0,0.0036,0.1013,0.1216,0.1216,0.1983,0,0,0
1.691773,1788533101.449215,-35.0682,-33.4053,-33.4053,-33.4053,-30.2225,0,0,0,-0.9377,-1.0764,2.3680,2.3680,2.8496,0,0,0,0.1488,0.2119,0.3178,0.3178,0.4997,0,0,0,-0.7119,-0.6467,0.7761,0.7761,0.6774,0,0,0,0.7795,0.7378,0.8854,0.8854,0.8856,0,0,0,0.0036,0.0967,0.1160,0.1160,0.1947,0,0,0
1.700321,1788533101.464967,-35.0682,-33.5600,-33.5600,-33.5600,-30.4990,0,0,0,-0.9377,-1.0639,2.3405,2.3405,2.8121,0,0,0,0.1488,0.2062,0.3093,0.3093,0.4857,0,0,0,-0.7119,-0.6526,0.7831,0.7831,0.6839,0,0,0,0.7795,0.7416,0.8899,0.8899,0.8832,0,0,0,0.0036,0.0883,0.1059,0.1059,0.1899,0,0,0
1.708344,1788533101.480462,-35.0682,-33.6980,-33.6980,-33.6980,-30.7645,0,0,0,-0.9377,-1.0526,2.3158,2.3158,2.7752,0,0,0,0.1488,0.2011,0.3016,0.3016,0.4720,0,0,0,-0.7119,-0.6579,0.7894,0.7894,0.6906,0,0,0,0.7795,0.7449,0.8939,0.8939,0.8814,0,0,0,0.0036,0.0808,0.0969,0.0969,0.1849,0,0,0
1.716481,1788533101.480462,-35.0682,-33.7656,-33.7656,-33.7656,-31.0188,0,0,0,-0.9377,-1.0471,2.3037,2.3037,2.7392,0,0,0,0.1488,0.1986,0.2979,0.2979,0.4585,0,0,0,-0.7119,-0.6604,0.7925,0.7925,0.6973,0,0,0,0.7795,0.7466,0.8959,0.8959,0.8800,0,0,0,0.0036,0.0771,0.0925,0.0925,0.1797,0,0,0
1.723967,1788533101.496084,-36.1255,-33.9827,-33.9827,-33.9827,-31.2623,0,0,0,-0.7682,-1.0221,2.2487,2.2487,2.7040,0,0,0,0.1638,0.1955,0.2932,0.2932,0.4453,0,0,0,-0.6635,-0.6607,0.7929,0.7929,0.7041,0,0,0,0.7103,0.7433,0.8920,0.8920,0.8792,0,0,0,-0.1286,0.0587,0.0704,0.0704,0.1744,0,0,0
1.732582,1788533101.496084,-36.1255,-34.0884,-34.0884,-34.0884,-31.4953,0,0,0,-0.7682,-1.0100,2.2219,2.2219,2.6697,0,0,0,0.1638,0.1940,0.2909,0.2909,0.4325,0,0,0,-0.6635,-0.6609,0.7930,0.7930,0.7109,0,0,0,0.7103,0.7418,0.8901,0.8901,0.8787,0,0,0,-0.1286,0.0497,0.0596,0.0596,0.1689,0,0,0
1.740637,1788533101.504699,-36.1255,-34.1962,-34.1962,-34.1962,-31.6632,0,0,0,-0.7682,-0.9975,2.1946,2.1946,2.6446,0,0,0,0.1638,0.1924,0.2886,0.2886,0.4232,0,0,0,-0.6635,-0.6610,0.7932,0.7932,0.7160,0,0,0,0.7103,0.7401,0.8882,0.8882,0.8787,0,0,0,-0.1286,0.0405,0.0486,0.0486,0.1646,0,0,0
1.748250,1788533101.520367,-36.1255,-34.3739,-34.3739,-34.3739,-31.8792,0,0,0,-0.7682,-0.9769,2.1493,2.1493,2.6115,0,0,0,0.1638,0.1898,0.2848,0.2848,0.4112,0,0,0,-0.6635,-0.6612,0.7935,0.7935,0.7226,0,0,0,0.7103,0.7375,0.8850,0.8850,0.8788,0,0,0,-0.1286,0.0253,0.0304,0.0304,0.1585,0,0,0
1.756292,1788533101.520367,-36.1255,-34.4601,-34.4601,-34.4601,-32.0865,0,0,0,-0.7682,-0.9669,2.1272,2.1272,2.5788,0,0,0,0.1638,0.1886,0.2829,0.2829,0.3997,0,0,0,-0.6635,-0.6613,0.7936,0.7936,0.7290,0,0,0,0.7103,0.7362,0.8834,0.8834,0.8791,0,0,0,-0.1286,0.0180,0.0216,0.0216,0.1521,0,0,0
1.763826,1788533101.520367,-36.1255,-34.5421,-34.5421,-34.5421,-32.2854,0,0,0,-0.7682,-0.9574,2.1063,2.1063,2.5466,0,0,0,0.1638,0.1874,0.2811,0.2811,0.3888,0,0,0,-0.6635,-0.6614,0.7937,0.7937,0.7351,0,0,0,0.7103,0.7349,0.8819,0.8819,0.8795,0,0,0,-0.1286,0.0109,0.0131,0.0131,0.1452,0,0,0
1.772482,1788533101.520367,-36.1255,-34.6200,-34.6200,-34.6200,-32.4767,0,0,0,-0.7682,-0.9483,2.0863,2.0863,2.5146,0,0,0,0.1638,0.1863,0.2794,0.2794,0.3784,0,0,0,-0.6635,-0.6615,0.7938,0.7938,0.7409,0,0,0,0.7103,0.7337,0.8805,0.8805,0.8799,0,0,0,-0.1286,0.0043,0.0051,0.0051,0.1379,0,0,0
1.780331,1788533101.520367,-36.1255,-34.6941,-34.6941,-34.6941,-32.6598,0,0,0,-0.7682,-0.9397,2.0673,2.0673,2.4831,0,0,0,0.1638,0.1852,0.2778,0.2778,0.3687,0,0,0,-0.6635,-0.6616,0.7939,0.7939,0.7464,0,0,0,0.7103,0.7326,0.8791,0.8791,0.8803,0,0,0,-0.1286,-0.0021,-0.0025,-0.0025,0.1303,0,0,0
1.788288,1788533101.553473,-36.5978,-35.0288,-35.0288,-35.0288,-32.7922,0,0,0,-0.7706,-0.9105,2.0031,2.0031,2.4597,0,0,0,0.1655,0.1818,0.2727,0.2727,0.3618,0,0,0,-0.6130,-0.6532,0.7839,0.7839,0.7502,0,0,0,0.7609,0.7375,0.8850,0.8850,0.8806,0,0,0,-0.2294,-0.0413,-0.0495,-0.0495,0.1243,0,0,0
1.796191,1788533101.561381,-36.5978,-35.1049,-35.1049,-35.1049,-32.9626,0,0,0,-0.7706,-0.9039,1.9885,1.9885,2.4289,0,0,0,0.1655,0.1810,0.2715,0.2715,0.3531,0,0,0,-0.6130,-0.6513,0.7816,0.7816,0.7550,0,0,0,0.7609,0.7386,0.8863,0.8863,0.8809,0,0,0,-0.2294,-0.0502,-0.0602,-0.0602,0.1161,0,0,0
1.804911,1788533101.569356,-36.6166,-35.1788,-35.1788,-35.1788,-33.1296,0,0,0,-0.7867,-0.8983,1.9762,1.9762,2.3978,0,0,0,0.1655,0.1803,0.2704,0.2704,0.3450,0,0,0,-0.6130,-0.6495,0.7794,0.7794,0.7593,0,0,0,0.7809,0.7406,0.8887,0.8887,0.8812,0,0,0,-0.2294,-0.0588,-0.0705,-0.0705,0.1070,0,0,0
1.811861,1788533101.569356,-36.6166,-35.2492,-35.2492,-35.2492,-33.2942,0,0,0,-0.7867,-0.8929,1.9644,1.9644,2.3664,0,0,0,0.1655,0.1796,0.2694,0.2694,0.3374,0,0,0,-0.6130,-0.6478,0.7773,0.7773,0.7631,0,0,0,0.7809,0.7425,0.8911,0.8911,0.8815,0,0,0,-0.2294,-0.0669,-0.0803,-0.0803,0.0971,0,0,0
1.820028,1788533101.585026,-36.7727,-35.3888,-35.3888,-35.3888,-33.4553,0,0,0,-0.8259,-0.8869,1.9512,1.9512,2.3352,0,0,0,0.1767,0.1793,0.2690,0.2690,0.3302,0,0,0,-0.6293,-0.6461,0.7753,0.7753,0.7663,0,0,0,0.8293,0.7503,0.9004,0.9004,0.8818,0,0,0,-0.1068,-0.0705,-0.0846,-0.0846,0.0865,0,0,0
1.828390,1788533101.600508,-36.7727,-35.5140,-35.5140,-35.5140,-33.5734,0,0,0,-0.8259,-0.8815,1.9393,1.9393,2.3120,0,0,0,0.1767,0.1791,0.2686,0.2686,0.3252,0,0,0,-0.6293,-0.6446,0.7735,0.7735,0.7684,0,0,0,0.8293,0.7573,0.9088,0.9088,0.8821,0,0,0,-0.1068,-0.0737,-0.0885,-0.0885,0.0781,0,0,0
1.835468,1788533101.600508,-36.7727,-35.5756,-35.5756,-35.5756,-33.7273,0,0,0,-0.8259,-0.8788,1.9334,1.9334,2.2816,0,0,0,0.1767,0.1790,0.2685,0.2685,0.3189,0,0,0,-0.6293,-0.6439,0.7727,0.7727,0.7708,0,0,0,0.8293,0.7608,0.9129,0.9129,0.8827,0,0,0,-0.1068,-0.0753,-0.0904,-0.0904,0.0667,0,0,0
1.843936,1788533101.609100,-36.7727,-35.6382,-35.6382,-35.6382,-33.8776,0,0,0,-0.8259,-0.8761,1.9274,1.9274,2.2520,0,0,0,0.1767,0.1789,0.2683,0.2683,0.3132,0,0,0,-0.6293,-0.6431,0.7718,0.7718,0.7727,0,0,0,0.8293,0.7643,0.9171,0.9171,0.8835,0,0,0,-0.1068,-0.0769,-0.0923,-0.0923,0.0551,0,0,0
1.852532,1788533101.624650,-36.7727,-35.7411,-35.7411,-35.7411,-34.0240,0,0,0,-0.8259,-0.8716,1.9176,1.9176,2.2234,0,0,0,0.1767,0.1787,0.2680,0.2680,0.3079,0,0,0,-0.6293,-0.6419,0.7703,0.7703,0.7742,0,0,0,0.8293,0.7701,0.9241,0.9241,0.8846,0,0,0,-0.1068,-0.0796,-0.0955,-0.0955,0.0435,0,0,0
1.860503,1788533101.624650,-36.7727,-35.7915,-35.7915,-35.7915,-34.1661,0,0,0,-0.8259,-0.8694,1.9128,1.9128,2.1959,0,0,0,0.1767,0.1786,0.2679,0.2679,0.3031,0,0,0,-0.6293,-0.6413,0.7696,0.7696,0.7754,0,0,0,0.8293,0.7729,0.9275,0.9275,0.8860,0,0,0,-0.1068,-0.0809,-0.0971,-0.0971,0.0321,0,0,0
1.868604,1788533101.640721,-36.9499,-35.8996,-35.8996,-35.8996,-34.2354,0,0,0,-0.8236,-0.8652,1.9035,1.9035,2.1826,0,0,0,0.2124,0.1817,0.2725,0.2725,0.3009,0,0,0,-0.6754,-0.6444,0.7733,0.7733,0.7758,0,0,0,0.8401,0.7791,0.9349,0.9349,0.8868,0,0,0,-0.0803,-0.0808,-0.0970,-0.0970,0.0265,0,0,0
1.876648,1788533101.640721,-36.9499,-35.9508,-35.9508,-35.9508,-34.4038,0,0,0,-0.8236,-0.8632,1.8991,1.8991,2.1508,0,0,0,0.2124,0.1831,0.2747,0.2747,0.2957,0,0,0,-0.6754,-0.6459,0.7751,0.7751,0.7766,0,0,0,0.8401,0.7820,0.9384,0.9384,0.8892,0,0,0,-0.0803,-0.0808,-0.0970,-0.0970,0.0129,0,0,0
1.884043,1788533101.640721,-36.9499,-35.9995,-35.9995,-35.9995,-34.5334,0,0,0,-0.8236,-0.8613,1.8949,1.8949,2.1269,0,0,0,0.2124,0.1845,0.2768,0.2768,0.2921,0,0,0,-0.6754,-0.6473,0.7768,0.7768,0.7770,0,0,0,0.8401,0.7848,0.9417,0.9417,0.8914,0,0,0,-0.0803,-0.0808,-0.0970,-0.0970,0.0025,0,0,0
1.892716,1788533101.657804,-37.0714,-36.1051,-36.1051,-36.1051,-34.6586,0,0,0,-0.8331,-0.8586,1.8889,1.8889,2.1043,0,0,0,0.2116,0.1872,0.2808,0.2808,0.2889,0,0,0,-0.6486,-0.6474,0.7769,0.7769,0.7772,0,0,0,0.7921,0.7855,0.9426,0.9426,0.8938,0,0,0,-0.0682,-0.0796,-0.0955,-0.0955,-0.0074,0,0,0
1.900272,1788533101.672390,-37.0714,-36.1876,-36.1876,-36.1876,-34.7791,0,0,0,-0.8331,-0.8565,1.8842,1.8842,2.0830,0,0,0,0.2116,0.1892,0.2838,0.2838,0.2862,0,0,0,-0.6486,-0.6475,0.7771,0.7771,0.7773,0,0,0,0.7921,0.7860,0.9432,0.9432,0.8966,0,0,0,-0.0682,-0.0786,-0.0943,-0.0943,-0.0166,0,0,0
1.909331,1788533101.672390,-37.0714,-36.2306,-36.2306,-36.2306,-34.8665,0,0,0,-0.8331,-0.8553,1.8817,1.8817,2.0679,0,0,0,0.2116,0.1903,0.2854,0.2854,0.2844,0,0,0,-0.6486,-0.6476,0.7771,0.7771,0.7774,0,0,0,0.7921,0.7863,0.9436,0.9436,0.8988,0,0,0,-0.0682,-0.0781,-0.0937,-0.0937,-0.0232,0,0,0
1.916347,1788533101.672390,-37.0714,-36.2715,-36.2715,-36.2715,-34.9795,0,0,0,-0.8331,-0.8543,1.8794,1.8794,2.0490,0,0,0,0.2116,0.1913,0.2870,0.2870,0.2825,0,0,0,-0.6486,-0.6476,0.7772,0.7772,0.7775,0,0,0,0.7921,0.7866,0.9439,0.9439,0.9018,0,0,0,-0.0682,-0.0776,-0.0932,-0.0932,-0.0313,0,0,0
1.925176,1788533101.689596,-37.0714,-36.3506,-36.3506,-36.3506,-35.0888,0,0,0,-0.8331,-0.8522,1.8748,1.8748,2.0313,0,0,0,0.2116,0.1933,0.2899,0.2899,0.2810,0,0,0,-0.6486,-0.6477,0.7773,0.7773,0.7775,0,0,0,0.7921,0.7871,0.9446,0.9446,0.9049,0,0,0,-0.0682,-0.0767,-0.0921,-0.0921,-0.0388,0,0,0
1.932238,1788533101.697294,-37.0714,-36.3844,-36.3844,-36.3844,-35.1940,0,0,0,-0.8331,-0.8513,1.8729,1.8729,2.0149,0,0,0,0.2116,0.1941,0.2912,0.2912,0.2799,0,0,0,-0.6486,-0.6478,0.7773,0.7773,0.7776,0,0,0,0.7921,0.7874,0.9448,0.9448,0.9079,0,0,0,-0.0682,-0.0763,-0.0916,-0.0916,-0.0455,0,0,0
1.940469,1788533101.705357,-37.0714,-36.4180,-36.4180,-36.4180,-35.2952,0,0,0,-0.8331,-0.8504,1.8710,1.8710,1.9997,0,0,0,0.2116,0.1950,0.2925,0.2925,0.2792,0,0,0,-0.6486,-0.6478,0.7774,0.7774,0.7776,0,0,0,0.7921,0.7876,0.9451,0.9451,0.9110,0,0,0,-0.0682,-0.0759,-0.0911,-0.0911,-0.0517,0,0,0
1.949053,1788533101.713586,-37.2786,-36.4609,-36.4609,-36.4609,-35.3685,0,0,0,-0.9565,-0.8557,1.8825,1.8825,1.9890,0,0,0,0.2455,0.1975,0.2962,0.2962,0.2789,0,0,0,-0.6848,-0.6496,0.7796,0.7796,0.7776,0,0,0,0.8785,0.7921,0.9505,0.9505,0.9132,0,0,0,-0.1045,-0.0773,-0.0928,-0.0928,-0.0559,0,0,0
1.956417,1788533101.728535,-37.2786,-36.5321,-36.5321,-36.5321,-35.4629,0,0,0,-0.9565,-0.8643,1.9015,1.9015,1.9758,0,0,0,0.2455,0.2016,0.3024,0.3024,0.2787,0,0,0,-0.6848,-0.6527,0.7832,0.7832,0.7776,0,0,0,0.8785,0.7995,0.9594,0.9594,0.9161,0,0,0,-0.1045,-0.0797,-0.0956,-0.0956,-0.0609,0,0,0
1.964413,1788533101.728535,-37.2786,-36.5683,-36.5683,-36.5683,-35.5313,0,0,0,-0.9565,-0.8687,1.9112,1.9112,1.9667,0,0,0,0.2455,0.2037,0.3055,0.3055,0.2788,0,0,0,-0.6848,-0.6542,0.7850,0.7850,0.7776,0,0,0,0.8785,0.8033,0.9639,0.9639,0.9182,0,0,0,-0.1045,-0.0809,-0.0970,-0.0970,-0.0643,0,0,0
1.973108,1788533101.737529,-37.3254,-36.6093,-36.6093,-36.6093,-35.6413,0,0,0,-0.9783,-0.8746,1.9241,1.9241,1.9533,0,0,0,0.2667,0.2071,0.3106,0.3106,0.2794,0,0,0,-0.7055,-0.6569,0.7883,0.7883,0.7777,0,0,0,0.9025,0.8086,0.9703,0.9703,0.9218,0,0,0,-0.1395,-0.0840,-0.1008,-0.1008,-0.0694,0,0,0
1.980110,1788533101.737529,-37.3254,-36.6440,-36.6440,-36.6440,-35.7258,0,0,0,-0.9783,-0.8796,1.9350,1.9350,1.9443,0,0,0,0.2667,0.2099,0.3149,0.3149,0.2803,0,0,0,-0.7055,-0.6593,0.7911,0.7911,0.7779,0,0,0,0.9025,0.8131,0.9757,0.9757,0.9248,0,0,0,-0.1395,-0.0867,-0.1040,-0.1040,-0.0730,0,0,0
1.989210,1788533101.753739,-37.4033,-36.7151,-36.7151,-36.7151,-35.8070,0,0,0,-0.9761,-0.8885,1.9547,1.9547,1.9368,0,0,0,0.2670,0.2152,0.3228,0.3228,0.2814,0,0,0,-0.7032,-0.6633,0.7960,0.7960,0.7783,0,0,0,0.8971,0.8209,0.9850,0.9850,0.9278,0,0,0,-0.1854,-0.0958,-0.1149,-0.1149,-0.0763,0,0,0
1.997266,1788533101.768876,-37.4694,-36.7813,-36.7813,-36.7813,-35.8850,0,0,0,-0.9583,-0.8946,1.9680,1.9680,1.9309,0,0,0,0.2653,0.2195,0.3293,0.3293,0.2829,0,0,0,-0.7103,-0.6674,0.8009,0.8009,0.7787,0,0,0,0.9062,0.8283,0.9939,0.9939,0.9310,0,0,0,-0.2095,-0.1057,-0.1268,-0.1268,-0.0794,0,0,0
2.004413,1788533101.768876,-37.4694,-36.8147,-36.8147,-36.8147,-35.9415,0,0,0,-0.9583,-0.8976,1.9747,1.9747,1.9275,0,0,0,0.2653,0.2217,0.3326,0.3326,0.2842,0,0,0,-0.7103,-0.6695,0.8033,0.8033,0.7792,0,0,0,0.9062,0.8320,0.9984,0.9984,0.9336,0,0,0,-0.2095,-0.1106,-0.1328,-0.1328,-0.0816,0,0,0
2.012787,1788533101.784904,-37.5223,-36.8801,-36.8801,-36.8801,-36.0147,0,0,0,-0.9598,-0.9033,1.9873,1.9873,1.9244,0,0,0,0.2616,0.2254,0.3381,0.3381,0.2863,0,0,0,-0.6946,-0.6718,0.8061,0.8061,0.7800,0,0,0,0.8965,0.8379,1.0055,1.0055,0.9372,0,0,0,-0.2231,-0.1209,-0.1451,-0.1451,-0.0846,0,0,0
2.021328,1788533101.784904,-37.5223,-36.9112,-36.9112,-36.9112,-36.0856,0,0,0,-0.9598,-0.9060,1.9932,1.9932,1.9228,0,0,0,0.2616,0.2271,0.3407,0.3407,0.2887,0,0,0,-0.6946,-0.6729,0.8074,0.8074,0.7810,0,0,0,0.8965,0.8407,1.0089,1.0089,0.9410,0,0,0,-0.2231,-0.1258,-0.1510,-0.1510,-0.0877,0,0,0
2.029018,1788533101.801135,-37.5223,-36.9683,-36.9683,-36.9683,-36.1542,0,0,0,-0.9598,-0.9110,2.0042,2.0042,1.9226,0,0,0,0.2616,0.2303,0.3455,0.3455,0.2914,0,0,0,-0.6946,-0.6749,0.8098,0.8098,0.7822,0,0,0,0.8965,0.8459,1.0150,1.0150,0.9451,0,0,0,-0.2231,-0.1348,-0.1618,-0.1618,-0.0910,0,0,0
2.036599,1788533101.808717,-37.5223,-36.9938,-36.9938,-36.9938,-36.2208,0,0,0,-0.9598,-0.9132,2.0090,2.0090,1.9236,0,0,0,0.2616,0.2317,0.3476,0.3476,0.2943,0,0,0,-0.6946,-0.6758,0.8109,0.8109,0.7835,0,0,0,0.8965,0.8482,1.0178,1.0178,0.9493,0,0,0,-0.2231,-0.1389,-0.1666,-0.1666,-0.0946,0,0,0
2.045294,1788533101.808717,-37.5223,-37.0193,-37.0193,-37.0193,-36.2693,0,0,0,-0.9598,-0.9154,2.0139,2.0139,1.9251,0,0,0,0.2616,0.2332,0.3497,0.3497,0.2966,0,0,0,-0.6946,-0.6767,0.8120,0.8120,0.7847,0,0,0,0.8965,0.8505,1.0206,1.0206,0.9526,0,0,0,-0.2231,-0.1429,-0.1715,-0.1715,-0.0975,0,0,0
2.052792,1788533101.808717,-37.5223,-37.0437,-37.0437,-37.0437,-36.3324,0,0,0,-0.9598,-0.9176,2.0186,2.0186,1.9279,0,0,0,0.2616,0.2345,0.3518,0.3518,0.2999,0,0,0,-0.6946,-0.6775,0.8130,0.8130,0.7863,0,0,0,0.8965,0.8527,1.0232,1.0232,0.9571,0,0,0,-0.2231,-0.1467,-0.1761,-0.1761,-0.1016,0,0,0
2.061353,1788533101.825970,-37.5223,-37.0909,-37.0909,-37.0909,-36.3933,0,0,0,-0.9598,-0.9217,2.0277,2.0277,1.9315,0,0,0,0.2616,0.2372,0.3558,0.3558,0.3033,0,0,0,-0.6946,-0.6792,0.8150,0.8150,0.7879,0,0,0,0.8965,0.8570,1.0284,1.0284,0.9617,0,0,0,-0.2231,-0.1542,-0.1850,-0.1850,-0.1060,0,0,0
2.068881,1788533101.840999,-37.5223,-37.1284,-37.1284,-37.1284,-36.4229,0,0,0,-0.9598,-0.9250,2.0349,2.0349,1.9336,0,0,0,0.2616,0.2393,0.3589,0.3589,0.3050,0,0,0,-0.6946,-0.6805,0.8166,0.8166,0.7888,0,0,0,0.8965,0.8604,1.0325,1.0325,0.9640,0,0,0,-0.2231,-0.1602,-0.1922,-0.1922,-0.1082,0,0,0
2.077410,1788533101.849015,-37.5223,-37.1475,-37.1475,-37.1475,-36.5080,0,0,0,-0.9598,-0.9266,2.0386,2.0386,1.9406,0,0,0,0.2616,0.2404,0.3605,0.3605,0.3103,0,0,0,-0.6946,-0.6812,0.8174,0.8174,0.7914,0,0,0,0.8965,0.8621,1.0345,1.0345,0.9710,0,0,0,-0.2231,-0.1632,-0.1958,-0.1958,-0.1153,0,0,0
2.084947,1788533101.849015,-37.5223,-37.1656,-37.1656,-37.1656,-36.5617,0,0,0,-0.9598,-0.9282,2.0421,2.0421,1.9458,0,0,0,0.2616,0.2414,0.3621,0.3621,0.3138,0,0,0,-0.6946,-0.6818,0.8182,0.8182,0.7932,0,0,0,0.8965,0.8638,1.0365,1.0365,0.9755,0,0,0,-0.2231,-0.1660,-0.1993,-0.1993,-0.1201,0,0,0
2.093032,1788533101.858065,-37.5223,-37.1849,-37.1849,-37.1849,-36.6007,0,0,0,-0.9598,-0.9299,2.0458,2.0458,1.9500,0,0,0,0.2616,0.2425,0.3637,0.3637,0.3164,0,0,0,-0.6946,-0.6825,0.8190,0.8190,0.7946,0,0,0,0.8965,0.8655,1.0386,1.0386,0.9789,0,0,0,-0.2231,-0.1691,-0.2029,-0.2029,-0.1238,0,0,0
2.101120,1788533101.873237,-37.5223,-37.2145,-37.2145,-37.2145,-36.6510,0,0,0,-0.9598,-0.9325,2.0516,2.0516,1.9558,0,0,0,0.2616,0.2441,0.3662,0.3662,0.3199,0,0,0,-0.6946,-0.6836,0.8203,0.8203,0.7964,0,0,0,0.8965,0.8682,1.0419,1.0419,0.9835,0,0,0,-0.2231,-0.1738,-0.2086,-0.2086,-0.1290,0,0,0
2.109242,1788533101.880849,-37.5223,-37.2287,-37.2287,-37.2287,-36.6994,0,0,0,-0.9598,-0.9338,2.0543,2.0543,1.9619,0,0,0,0.2616,0.2449,0.3674,0.3674,0.3234,0,0,0,-0.6946,-0.6841,0.8209,0.8209,0.7981,0,0,0,0.8965,0.8695,1.0434,1.0434,0.9879,0,0,0,-0.2231,-0.1761,-0.2113,-0.2113,-0.1342,0,0,0
2.117010,1788533101.889127,-37.5223,-37.2433,-37.2433,-37.2433,-36.7456,0,0,0,-0.9598,-0.9351,2.0571,2.0571,1.9681,0,0,0,0.2616,0.2457,0.3686,0.3686,0.3268,0,0,0,-0.6946,-0.6846,0.8215,0.8215,0.7999,0,0,0,0.8965,0.8709,1.0450,1.0450,0.9923,0,0,0,-0.2231,-0.1784,-0.2141,-0.2141,-0.1395,0,0,0
2.125048,1788533101.889127,-37.5223,-37.2568,-37.2568,-37.2568,-36.7901,0,0,0,-0.9598,-0.9362,2.0597,2.0597,1.9745,0,0,0,0.2616,0.2465,0.3698,0.3698,0.3302,0,0,0,-0.6946,-0.6851,0.8221,0.8221,0.8016,0,0,0,0.8965,0.8721,1.0465,1.0465,0.9966,0,0,0,-0.2231,-0.1805,-0.2166,-0.2166,-0.1449,0,0,0
2.133170,1788533101.905288,-37.5223,-37.2814,-37.2814,-37.2814,-36.8328,0,0,0,-0.9598,-0.9384,2.0645,2.0645,1.9809,0,0,0,0.2616,0.2479,0.3718,0.3718,0.3335,0,0,0,-0.6946,-0.6860,0.8231,0.8231,0.8033,0,0,0,0.8965,0.8743,1.0492,1.0492,1.0008,0,0,0,-0.2231,-0.1845,-0.2214,-0.2214,-0.1503,0,0,0
2.140705,1788533101.905288,-37.5223,-37.2930,-37.2930,-37.2930,-36.8736,0,0,0,-0.9598,-0.9394,2.0668,2.0668,1.9873,0,0,0,0.2616,0.2486,0.3728,0.3728,0.3367,0,0,0,-0.6946,-0.6864,0.8236,0.8236,0.8050,0,0,0,0.8965,0.8754,1.0505,1.0505,1.0049,0,0,0,-0.2231,-0.1863,-0.2236,-0.2236,-0.1557,0,0,0
2.149292,1788533101.921409,-37.5223,-37.3142,-37.3142,-37.3142,-36.9125,0,0,0,-0.9598,-0.9413,2.0709,2.0709,1.9936,0,0,0,0.2616,0.2498,0.3746,0.3746,0.3399,0,0,0,-0.6946,-0.6871,0.8246,0.8246,0.8066,0,0,0,0.8965,0.8773,1.0528,1.0528,1.0089,0,0,0,-0.2231,-0.1897,-0.2276,-0.2276,-0.1611,0,0,0
2.157348,1788533101.921409,-37.5223,-37.3242,-37.3242,-37.3242,-36.9496,0,0,0,-0.9598,-0.9422,2.0728,2.0728,1.9998,0,0,0,0.2616,0.2503,0.3755,0.3755,0.3429,0,0,0,-0.6946,-0.6875,0.8250,0.8250,0.8082,0,0,0,0.8965,0.8783,1.0539,1.0539,1.0127,0,0,0,-0.2231,-0.1913,-0.2296,-0.2296,-0.1663,0,0,0
2.164940,1788533101.930466,-37.5223,-37.3350,-37.3350,-37.3350,-36.9762,0,0,0,-0.9598,-0.9431,2.0749,2.0749,2.0044,0,0,0,0.2616,0.2509,0.3764,0.3764,0.3451,0,0,0,-0.6946,-0.6879,0.8254,0.8254,0.8093,0,0,0,0.8965,0.8792,1.0551,1.0551,1.0155,0,0,0,-0.2231,-0.1930,-0.2316,-0.2316,-0.1702,0,0,0
2.173035,1788533101.945153,-38.4949,-37.4336,-37.4336,-37.4336,-37.0102,0,0,0,-1.1692,-0.9623,2.1170,2.1170,2.0104,0,0,0,0.2933,0.2545,0.3818,0.3818,0.3479,0,0,0,-0.7299,-0.6914,0.8297,0.8297,0.8108,0,0,0,1.0290,0.8919,1.0703,1.0703,1.0191,0,0,0,-0.2127,-0.1947,-0.2336,-0.2336,-0.1753,0,0,0
2.180701,1788533101.945153,-38.4949,-37.4847,-37.4847,-37.4847,-37.0423,0,0,0,-1.1692,-0.9722,2.1388,2.1388,2.0162,0,0,0,0.2933,0.2564,0.3845,0.3845,0.3506,0,0,0,-0.7299,-0.6933,0.8319,0.8319,0.8122,0,0,0,1.0290,0.8985,1.0782,1.0782,1.0225,0,0,0,-0.2127,-0.1955,-0.2346,-0.2346,-0.1803,0,0,0
2.189544,1788533101.960602,-38.4949,-37.5746,-37.5746,-37.5746,-37.0736,0,0,0,-1.1692,-0.9896,2.1771,2.1771,2.0223,0,0,0,0.2933,0.2596,0.3895,0.3895,0.3532,0,0,0,-0.7299,-0.6965,0.8358,0.8358,0.8135,0,0,0,1.0290,0.9100,1.0920,1.0920,1.0259,0,0,0,-0.2127,-0.1971,-0.2365,-0.2365,-0.1850,0,0,0
2.197508,1788533101.960602,-38.4949,-37.6190,-37.6190,-37.6190,-37.1051,0,0,0,-1.1692,-0.9982,2.1961,2.1961,2.0289,0,0,0,0.2933,0.2612,0.3919,0.3919,0.3558,0,0,0,-0.7299,-0.6981,0.8377,0.8377,0.8149,0,0,0,1.0290,0.9157,1.0989,1.0989,1.0294,0,0,0,-0.2127,-0.1978,-0.2374,-0.2374,-0.1896,0,0,0
2.205087,1788533101.977205,-38.7562,-37.7272,-37.7272,-37.7272,-37.1292,0,0,0,-1.3044,-1.0272,2.2597,2.2597,2.0345,0,0,0,0.3197,0.2668,0.4002,0.4002,0.3577,0,0,0,-0.7189,-0.7001,0.8401,0.8401,0.8160,0,0,0,1.0133,0.9249,1.1099,1.1099,1.0322,0,0,0,-0.3640,-0.2135,-0.2562,-0.2562,-0.1929,0,0,0
2.213671,1788533101.977205,-38.7562,-37.7768,-37.7768,-37.7768,-37.1623,0,0,0,-1.3044,-1.0404,2.2890,2.2890,2.0429,0,0,0,0.3197,0.2693,0.4040,0.4040,0.3603,0,0,0,-0.7189,-0.7010,0.8412,0.8412,0.8174,0,0,0,1.0133,0.9292,1.1150,1.1150,1.0363,0,0,0,-0.3640,-0.2207,-0.2649,-0.2649,-0.1972,0,0,0
2.221711,1788533101.992824,-38.7562,-37.8649,-37.8649,-37.8649,-37.1971,0,0,0,-1.3044,-1.0640,2.3409,2.3409,2.0527,0,0,0,0.3197,0.2738,0.4107,0.4107,0.3629,0,0,0,-0.7189,-0.7026,0.8431,0.8431,0.8189,0,0,0,1.0133,0.9367,1.1240,1.1240,1.0406,0,0,0,-0.3640,-0.2335,-0.2802,-0.2802,-0.2013,0,0,0
2.229304,1788533102.001422,-39.0497,-37.9261,-37.9261,-37.9261,-37.2339,0,0,0,-1.4552,-1.0841,2.3851,2.3851,2.0642,0,0,0,0.3919,0.2799,0.4198,0.4198,0.3657,0,0,0,-0.7030,-0.7026,0.8431,0.8431,0.8205,0,0,0,1.0339,0.9417,1.1300,1.1300,1.0452,0,0,0,-0.3360,-0.2388,-0.2865,-0.2865,-0.2056,0,0,0
2.237103,1788533102.001422,-39.0497,-37.9804,-37.9804,-37.9804,-37.2729,0,0,0,-1.4552,-1.1019,2.4242,2.4242,2.0775,0,0,0,0.3919,0.2852,0.4278,0.4278,0.3686,0,0,0,-0.7030,-0.7026,0.8431,0.8431,0.8221,0,0,0,1.0339,0.9461,1.1353,1.1353,1.0501,0,0,0,-0.3360,-0.2434,-0.2921,-0.2921,-0.2101,0,0,0
2.245475,1788533102.010217,-39.0497,-38.0368,-38.0368,-38.0368,-37.3142,0,0,0,-1.4552,-1.1204,2.4650,2.4650,2.0929,0,0,0,0.3919,0.2908,0.4362,0.4362,0.3716,0,0,0,-0.7030,-0.7026,0.8432,0.8432,0.8237,0,0,0,1.0339,0.9507,1.1408,1.1408,1.0553,0,0,0,-0.3360,-0.2483,-0.2980,-0.2980,-0.2149,0,0,0
2.253069,1788533102.025187,-39.0497,-38.1246,-38.1246,-38.1246,-37.3576,0,0,0,-1.4552,-1.1493,2.5284,2.5284,2.1103,0,0,0,0.3919,0.2995,0.4493,0.4493,0.3749,0,0,0,-0.7030,-0.7027,0.8432,0.8432,0.8253,0,0,0,1.0339,0.9579,1.1494,1.1494,1.0607,0,0,0,-0.3360,-0.2558,-0.3070,-0.3070,-0.2200,0,0,0
2.261086,1788533102.025187,-39.0497,-38.1693,-38.1693,-38.1693,-37.4029,0,0,0,-1.4552,-1.1639,2.5607,2.5607,2.1298,0,0,0,0.3919,0.3039,0.4559,0.4559,0.3785,0,0,0,-0.7030,-0.7027,0.8432,0.8432,0.8269,0,0,0,1.0339,0.9615,1.1538,1.1538,1.0662,0,0,0,-0.3360,-0.2597,-0.3116,-0.3116,-0.2252,0,0,0
2.269655,1788533102.034202,-39.0497,-38.2169,-38.2169,-38.2169,-37.4501,0,0,0,-1.4552,-1.1796,2.5951,2.5951,2.1513,0,0,0,0.3919,0.3087,0.4630,0.4630,0.3824,0,0,0,-0.7030,-0.7027,0.8432,0.8432,0.8284,0,0,0,1.0339,0.9654,1.1585,1.1585,1.0719,0,0,0,-0.3360,-0.2638,-0.3165,-0.3165,-0.2307,0,0,0
2.277475,1788533102.041773,-39.0497,-38.2551,-38.2551,-38.2551,-37.4867,0,0,0,-1.4552,-1.1921,2.6227,2.6227,2.1689,0,0,0,0.3919,0.3124,0.4687,0.4687,0.3855,0,0,0,-0.7030,-0.7027,0.8433,0.8433,0.8295,0,0,0,1.0339,0.9685,1.1622,1.1622,1.0763,0,0,0,-0.3360,-0.2671,-0.3205,-0.3205,-0.2349,0,0,0
2.285381,1788533102.056912,-39.0497,-38.3247,-38.3247,-38.3247,-37.5367,0,0,0,-1.4552,-1.2150,2.6730,2.6730,2.1940,0,0,0,0.3919,0.3193,0.4790,0.4790,0.3901,0,0,0,-0.7030,-0.7027,0.8433,0.8433,0.8308,0,0,0,1.0339,0.9742,1.1690,1.1690,1.0823,0,0,0,-0.3360,-0.2731,-0.3277,-0.3277,-0.2406,0,0,0
2.293182,1788533102.065300,-39.0497,-38.3613,-38.3613,-38.3613,-37.5878,0,0,0,-1.4552,-1.2271,2.6995,2.6995,2.2207,0,0,0,0.3919,0.3230,0.4845,0.4845,0.3949,0,0,0,-0.7030,-0.7028,0.8433,0.8433,0.8321,0,0,0,1.0339,0.9772,1.1726,1.1726,1.0882,0,0,0,-0.3360,-0.2762,-0.3314,-0.3314,-0.2464,0,0,0
2.301213,1788533102.065300,-39.0497,-38.3945,-38.3945,-38.3945,-37.6398,0,0,0,-1.4552,-1.2380,2.7236,2.7236,2.2489,0,0,0,0.3919,0.3263,0.4894,0.4894,0.4000,0,0,0,-0.7030,-0.7028,0.8433,0.8433,0.8333,0,0,0,1.0339,0.9799,1.1759,1.1759,1.0942,0,0,0,-0.3360,-0.2791,-0.3349,-0.3349,-0.2523,0,0,0
2.309786,1788533102.065300,-39.0497,-38.4262,-38.4262,-38.4262,-37.6924,0,0,0,-1.4552,-1.2484,2.7465,2.7465,2.2783,0,0,0,0.3919,0.3294,0.4941,0.4941,0.4054,0,0,0,-0.7030,-0.7028,0.8433,0.8433,0.8345,0,0,0,1.0339,0.9825,1.1790,1.1790,1.1002,0,0,0,-0.3360,-0.2818,-0.3382,-0.3382,-0.2582,0,0,0
2.317026,1788533102.081903,-39.6202,-38.5399,-38.5399,-38.5399,-37.7056,0,0,0,-1.6145,-1.2831,2.8228,2.8228,2.2858,0,0,0,0.5813,0.3532,0.5298,0.5298,0.4068,0,0,0,-0.5256,-0.6860,0.8232,0.8232,0.8347,0,0,0,1.0499,0.9889,1.1866,1.1866,1.1017,0,0,0,-0.6070,-0.3125,-0.3751,-0.3751,-0.2597,0,0,0
2.325582,1788533102.097699,-39.8009,-38.6548,-38.6548,-38.6548,-37.7321,0,0,0,-1.6417,-1.3155,2.8942,2.8942,2.3011,0,0,0,0.4061,0.3580,0.5370,0.5370,0.4096,0,0,0,-0.7020,-0.6875,0.8250,0.8250,0.8352,0,0,0,1.0627,0.9955,1.1946,1.1946,1.1047,0,0,0,-0.3866,-0.3192,-0.3831,-0.3831,-0.2626,0,0,0
2.333400,1788533102.105518,-39.8009,-38.7089,-38.7089,-38.7089,-37.7852,0,0,0,-1.6417,-1.3308,2.9279,2.9279,2.3323,0,0,0,0.4061,0.3603,0.5404,0.5404,0.4154,0,0,0,-0.7020,-0.6882,0.8258,0.8258,0.8361,0,0,0,1.0627,0.9987,1.1984,1.1984,1.1106,0,0,0,-0.3866,-0.3224,-0.3869,-0.3869,-0.2686,0,0,0
2.340949,1788533102.113066,-39.8009,-38.7589,-38.7589,-38.7589,-37.8398,0,0,0,-1.6417,-1.3450,2.9589,2.9589,2.3651,0,0,0,0.4061,0.3623,0.5435,0.5435,0.4218,0,0,0,-0.7020,-0.6888,0.8265,0.8265,0.8367,0,0,0,1.0627,1.0016,1.2019,1.2019,1.1166,0,0,0,-0.3866,-0.3253,-0.3904,-0.3904,-0.2750,0,0,0
2.349104,1788533102.113066,-39.8009,-38.8092,-38.8092,-38.8092,-37.8965,0,0,0,-1.6417,-1.3592,2.9902,2.9902,2.3998,0,0,0,0.4061,0.3644,0.5467,0.5467,0.4289,0,0,0,-0.7020,-0.6894,0.8273,0.8273,0.8369,0,0,0,1.0627,1.0045,1.2054,1.2054,1.1226,0,0,0,-0.3866,-0.3282,-0.3939,-0.3939,-0.2819,0,0,0
2.357805,1788533102.122200,-39.8009,-38.8636,-38.8636,-38.8636,-37.9549,0,0,0,-1.6417,-1.3746,3.0240,3.0240,2.4362,0,0,0,0.4061,0.3667,0.5500,0.5500,0.4363,0,0,0,-0.7020,-0.6901,0.8281,0.8281,0.8369,0,0,0,1.0627,1.0077,1.2092,1.2092,1.1286,0,0,0,-0.3866,-0.3314,-0.3977,-0.3977,-0.2891,0,0,0
2.365284,1788533102.137402,-40.3765,-38.9968,-38.9968,-38.9968,-38.0145,0,0,0,-1.6616,-1.3997,3.0792,3.0792,2.4737,0,0,0,0.2255,0.3544,0.5316,0.5316,0.4440,0,0,0,-0.8457,-0.7037,0.8444,0.8444,0.8367,0,0,0,1.0287,1.0095,1.2114,1.2114,1.1345,0,0,0,-0.1167,-0.3127,-0.3752,-0.3752,-0.2965,0,0,0
2.373289,1788533102.137402,-40.3765,-39.0635,-39.0635,-39.0635,-38.0750,0,0,0,-1.6616,-1.4122,3.1069,3.1069,2.5120,0,0,0,0.2255,0.3482,0.5223,0.5223,0.4518,0,0,0,-0.8457,-0.7105,0.8526,0.8526,0.8364,0,0,0,1.0287,1.0104,1.2125,1.2125,1.1404,0,0,0,-0.1167,-0.3033,-0.3640,-0.3640,-0.3040,0,0,0
2.381927,1788533102.152933,-40.5737,-39.1992,-39.1992,-39.1992,-38.1362,0,0,0,-1.6747,-1.4356,3.1584,3.1584,2.5509,0,0,0,0.0946,0.3257,0.4885,0.4885,0.4596,0,0,0,-0.8972,-0.7271,0.8725,0.8725,0.8360,0,0,0,0.9944,1.0090,1.2108,1.2108,1.1462,0,0,0,0.0235,-0.2742,-0.3291,-0.3291,-0.3114,0,0,0
2.389392,1788533102.161509,-40.6640,-39.2749,-39.2749,-39.2749,-38.1988,0,0,0,-1.6686,-1.4476,3.1846,3.1846,2.5905,0,0,0,0.0946,0.3138,0.4708,0.4708,0.4669,0,0,0,-0.8972,-0.7358,0.8829,0.8829,0.8359,0,0,0,0.9859,1.0078,1.2094,1.2094,1.1519,0,0,0,0.0235,-0.2590,-0.3108,-0.3108,-0.3184,0,0,0
2.397882,1788533102.169001,-40.6640,-39.3381,-39.3381,-39.3381,-38.2468,0,0,0,-1.6686,-1.4575,3.2066,3.2066,2.6204,0,0,0,0.0946,0.3040,0.4560,0.4560,0.4720,0,0,0,-0.8972,-0.7430,0.8916,0.8916,0.8360,0,0,0,0.9859,1.0068,1.2082,1.2082,1.1560,0,0,0,0.0235,-0.2463,-0.2956,-0.2956,-0.3231,0,0,0
2.405588,1788533102.169001,-40.6640,-39.4023,-39.4023,-39.4023,-38.3126,0,0,0,-1.6686,-1.4677,3.2288,3.2288,2.6607,0,0,0,0.0946,0.2940,0.4409,0.4409,0.4778,0,0,0,-0.8972,-0.7504,0.9005,0.9005,0.8366,0,0,0,0.9859,1.0058,1.2070,1.2070,1.1613,0,0,0,0.0235,-0.2334,-0.2801,-0.2801,-0.3284,0,0,0
2.413177,1788533102.169001,-40.6640,-39.4634,-39.4634,-39.4634,-38.3811,0,0,0,-1.6686,-1.4773,3.2501,3.2501,2.7015,0,0,0,0.0946,0.2844,0.4266,0.4266,0.4821,0,0,0,-0.8972,-0.7575,0.9089,0.9089,0.8379,0,0,0,0.9859,1.0049,1.2058,1.2058,1.1663,0,0,0,0.0235,-0.2211,-0.2653,-0.2653,-0.3321,0,0,0
2.421280,1788533102.186308,-40.8928,-39.6052,-39.6052,-39.6052,-38.4522,0,0,0,-1.6299,-1.4923,3.2831,3.2831,2.7424,0,0,0,0.2059,0.2767,0.4151,0.4151,0.4849,0,0,0,-0.8192,-0.7635,0.9162,0.9162,0.8400,0,0,0,1.0758,1.0118,1.2142,1.2142,1.1709,0,0,0,-0.1680,-0.2159,-0.2591,-0.2591,-0.3342,0,0,0
2.429855,1788533102.194345,-40.8928,-39.6679,-39.6679,-39.6679,-38.5250,0,0,0,-1.6299,-1.4989,3.2977,3.2977,2.7831,0,0,0,0.2059,0.2733,0.4100,0.4100,0.4861,0,0,0,-0.8192,-0.7662,0.9194,0.9194,0.8428,0,0,0,1.0758,1.0149,1.2179,1.2179,1.1751,0,0,0,-0.1680,-0.2136,-0.2563,-0.2563,-0.3347,0,0,0
2.437400,1788533102.209518,-40.8547,-39.7724,-39.7724,-39.7724,-38.5986,0,0,0,-1.2440,-1.4767,3.2487,3.2487,2.8232,0,0,0,0.3515,0.2801,0.4202,0.4202,0.4860,0,0,0,-0.7817,-0.7675,0.9210,0.9210,0.8461,0,0,0,0.9916,1.0129,1.2155,1.2155,1.1789,0,0,0,-0.3070,-0.2217,-0.2661,-0.2661,-0.3339,0,0,0
2.446005,1788533102.217098,-40.9724,-39.8276,-39.8276,-39.8276,-38.6736,0,0,0,-1.2544,-1.4666,3.2265,3.2265,2.8624,0,0,0,0.4337,0.2871,0.4306,0.4306,0.4847,0,0,0,-0.6566,-0.7625,0.9150,0.9150,0.8500,0,0,0,1.1057,1.0171,1.2205,1.2205,1.1825,0,0,0,-0.5022,-0.2345,-0.2814,-0.2814,-0.3319,0,0,0
2.454063,1788533102.225174,-41.0722,-39.8885,-39.8885,-39.8885,-38.7313,0,0,0,-1.2790,-1.4575,3.2065,3.2065,2.8909,0,0,0,0.4920,0.2970,0.4455,0.4455,0.4831,0,0,0,-0.5851,-0.7539,0.9047,0.9047,0.8531,0,0,0,1.1415,1.0231,1.2277,1.2277,1.1851,0,0,0,-0.5448,-0.2495,-0.2993,-0.2993,-0.3300,0,0,0
2.462091,1788533102.225174,-41.0722,-39.9459,-39.9459,-39.9459,-38.8099,0,0,0,-1.2790,-1.4489,3.1877,3.1877,2.9268,0,0,0,0.4920,0.3063,0.4595,0.4595,0.4805,0,0,0,-0.5851,-0.7458,0.8950,0.8950,0.8575,0,0,0,1.1415,1.0288,1.2345,1.2345,1.1884,0,0,0,-0.5448,-0.2636,-0.3163,-0.3163,-0.3270,0,0,0
2.469667,1788533102.234209,-41.0722,-40.0071,-40.0071,-40.0071,-38.8895,0,0,0,-1.2790,-1.4398,3.1676,3.1676,2.9599,0,0,0,0.4920,0.3163,0.4745,0.4745,0.4777,0,0,0,-0.5851,-0.7372,0.8846,0.8846,0.8618,0,0,0,1.1415,1.0348,1.2418,1.2418,1.1916,0,0,0,-0.5448,-0.2787,-0.3344,-0.3344,-0.3240,0,0,0
2.477686,1788533102.249804,-41.1440,-40.1098,-40.1098,-40.1098,-38.9697,0,0,0,-1.3243,-1.4295,3.1449,3.1449,2.9899,0,0,0,0.5075,0.3334,0.5001,0.5001,0.4751,0,0,0,-0.5822,-0.7234,0.8680,0.8680,0.8659,0,0,0,1.1434,1.0445,1.2534,1.2534,1.1947,0,0,0,-0.5448,-0.3025,-0.3630,-0.3630,-0.3214,0,0,0
2.485236,1788533102.257354,-41.1440,-40.1573,-40.1573,-40.1573,-39.0499,0,0,0,-1.3243,-1.4247,3.1344,3.1344,3.0166,0,0,0,0.5075,0.3413,0.5119,0.5119,0.4729,0,0,0,-0.5822,-0.7170,0.8604,0.8604,0.8695,0,0,0,1.1434,1.0490,1.2588,1.2588,1.1980,0,0,0,-0.5448,-0.3134,-0.3761,-0.3761,-0.3194,0,0,0
2.493799,1788533102.265916,-41.1440,-40.2083,-40.2083,-40.2083,-39.1101,0,0,0,-1.3243,-1.4196,3.1231,3.1231,3.0344,0,0,0,0.5075,0.3498,0.5246,0.5246,0.4717,0,0,0,-0.5822,-0.7101,0.8521,0.8521,0.8717,0,0,0,1.1434,1.0538,1.2646,1.2646,1.2005,0,0,0,-0.5448,-0.3253,-0.3903,-0.3903,-0.3185,0,0,0
2.501355,1788533102.265916,-41.1440,-40.2536,-40.2536,-40.2536,-39.1903,0,0,0,-1.3243,-1.4150,3.1131,3.1131,3.0553,0,0,0,0.5075,0.3573,0.5360,0.5360,0.4709,0,0,0,-0.5822,-0.7040,0.8448,0.8448,0.8741,0,0,0,1.1434,1.0581,1.2697,1.2697,1.2041,0,0,0,-0.5448,-0.3358,-0.4029,-0.4029,-0.3183,0,0,0
2.509421,1788533102.274501,-41.1440,-40.2998,-40.2998,-40.2998,-39.2701,0,0,0,-1.3243,-1.4104,3.1028,3.1028,3.0729,0,0,0,0.5075,0.3650,0.5475,0.5475,0.4711,0,0,0,-0.5822,-0.6977,0.8373,0.8373,0.8756,0,0,0,1.1434,1.0625,1.2750,1.2750,1.2078,0,0,0,-0.5448,-0.3465,-0.4158,-0.4158,-0.3192,0,0,0
2.517984,1788533102.274501,-41.1440,-40.3407,-40.3407,-40.3407,-39.3489,0,0,0,-1.3243,-1.4063,3.0938,3.0938,3.0874,0,0,0,0.5075,0.3718,0.5577,0.5577,0.4722,0,0,0,-0.5822,-0.6922,0.8306,0.8306,0.8764,0,0,0,1.1434,1.0664,1.2796,1.2796,1.2117,0,0,0,-0.5448,-0.3560,-0.4272,-0.4272,-0.3212,0,0,0
2.526022,1788533102.290102,-41.1440,-40.4132,-40.4132,-40.4132,-39.4266,0,0,0,-1.3243,-1.3989,3.0777,3.0777,3.0992,0,0,0,0.5075,0.3839,0.5759,0.5759,0.4742,0,0,0,-0.5822,-0.6824,0.8189,0.8189,0.8765,0,0,0,1.1434,1.0732,1.2879,1.2879,1.2159,0,0,0,-0.5448,-0.3729,-0.4474,-0.4474,-0.3242,0,0,0
2.534100,1788533102.290102,-41.1440,-40.4486,-40.4486,-40.4486,-39.4837,0,0,0,-1.3243,-1.3954,3.0698,3.0698,3.1064,0,0,0,0.5075,0.3899,0.5848,0.5848,0.4763,0,0,0,-0.5822,-0.6776,0.8131,0.8131,0.8760,0,0,0,1.1434,1.0766,1.2919,1.2919,1.2190,0,0,0,-0.5448,-0.3811,-0.4573,-0.4573,-0.3271,0,0,0
2.541693,1788533102.290102,-41.1440,-40.4823,-40.4823,-40.4823,-39.5585,0,0,0,-1.3243,-1.3920,3.0623,3.0623,3.1139,0,0,0,0.5075,0.3955,0.5932,0.5932,0.4798,0,0,0,-0.5822,-0.6730,0.8076,0.8076,0.8748,0,0,0,1.1434,1.0798,1.2958,1.2958,1.2234,0,0,0,-0.5448,-0.3889,-0.4667,-0.4667,-0.3318,0,0,0
2.549711,1788533102.321828,-41.7739,-40.6990,-40.6990,-40.6990,-39.6317,0,0,0,-1.6039,-1.4272,3.1398,3.1398,3.1191,0,0,0,0.5378,0.4192,0.6288,0.6288,0.4842,0,0,0,-0.6695,-0.6724,0.8069,0.8069,0.8729,0,0,0,1.1224,1.0869,1.3043,1.3043,1.2279,0,0,0,-0.4459,-0.3984,-0.4781,-0.4781,-0.3375,0,0,0
2.557407,1788533102.329524,-42.0802,-40.7634,-40.7634,-40.7634,-39.7032,0,0,0,-1.6276,-1.4364,3.1602,3.1602,3.1223,0,0,0,0.5431,0.4249,0.6373,0.6373,0.4894,0,0,0,-0.6255,-0.6703,0.8043,0.8043,0.8704,0,0,0,1.0883,1.0870,1.3043,1.3043,1.2326,0,0,0,-0.5215,-0.4041,-0.4849,-0.4849,-0.3440,0,0,0
2.565430,1788533102.337548,-42.0802,-40.8274,-40.8274,-40.8274,-39.7556,0,0,0,-1.6276,-1.4456,3.1804,3.1804,3.1237,0,0,0,0.5431,0.4306,0.6459,0.6459,0.4938,0,0,0,-0.6255,-0.6681,0.8017,0.8017,0.8681,0,0,0,1.0883,1.0870,1.3044,1.3044,1.2361,0,0,0,-0.5215,-0.4097,-0.4917,-0.4917,-0.3494,0,0,0
2.573445,1788533102.337548,-42.0802,-40.8880,-40.8880,-40.8880,-39.8257,0,0,0,-1.6276,-1.4543,3.1996,3.1996,3.1251,0,0,0,0.5431,0.4360,0.6539,0.6539,0.5004,0,0,0,-0.6255,-0.6661,0.7993,0.7993,0.8648,0,0,0,1.0883,1.0871,1.3045,1.3045,1.2410,0,0,0,-0.5215,-0.4151,-0.4981,-0.4981,-0.3571,0,0,0
2.581512,1788533102.337548,-42.0802,-40.9458,-40.9458,-40.9458,-39.8973,0,0,0,-1.6276,-1.4626,3.2178,3.2178,3.1269,0,0,0,0.5431,0.4411,0.6616,0.6616,0.5081,0,0,0,-0.6255,-0.6641,0.7970,0.7970,0.8611,0,0,0,1.0883,1.0871,1.3046,1.3046,1.2459,0,0,0,-0.5215,-0.4202,-0.5042,-0.5042,-0.3654,0,0,0
2.590083,1788533102.355145,-42.0802,-41.0600,-41.0600,-41.0600,-39.9703,0,0,0,-1.6276,-1.4791,3.2540,3.2540,3.1296,0,0,0,0.5431,0.4513,0.6769,0.6769,0.5166,0,0,0,-0.6255,-0.6603,0.7923,0.7923,0.8571,0,0,0,1.0883,1.0873,1.3047,1.3047,1.2507,0,0,0,-0.5215,-0.4303,-0.5164,-0.5164,-0.3742,0,0,0
2.597640,1788533102.362200,-42.3562,-41.1157,-41.1157,-41.1157,-40.0441,0,0,0,-1.7502,-1.4906,3.2793,3.2793,3.1331,0,0,0,0.5705,0.4563,0.6845,0.6845,0.5257,0,0,0,-0.6432,-0.6596,0.7915,0.7915,0.8530,0,0,0,1.1539,1.0901,1.3081,1.3081,1.2554,0,0,0,-0.2844,-0.4241,-0.5089,-0.5089,-0.3833,0,0,0
2.605606,1788533102.377724,-42.4808,-41.2384,-41.2384,-41.2384,-40.1189,0,0,0,-1.8057,-1.5186,3.3410,3.3410,3.1377,0,0,0,0.6022,0.4693,0.7039,0.7039,0.5354,0,0,0,-0.6349,-0.6574,0.7888,0.7888,0.8487,0,0,0,1.1822,1.0983,1.3179,1.3179,1.2600,0,0,0,-0.3960,-0.4216,-0.5059,-0.5059,-0.3926,0,0,0
2.613678,1788533102.377724,-42.4808,-41.2986,-41.2986,-41.2986,-40.1945,0,0,0,-1.8057,-1.5324,3.3712,3.3712,3.1438,0,0,0,0.6022,0.4757,0.7135,0.7135,0.5455,0,0,0,-0.6349,-0.6563,0.7876,0.7876,0.8444,0,0,0,1.1822,1.1023,1.3228,1.3228,1.2644,0,0,0,-0.3960,-0.4204,-0.5044,-0.5044,-0.4020,0,0,0
2.621731,1788533102.386829,-42.5521,-41.3672,-41.3672,-41.3672,-40.2519,0,0,0,-1.8396,-1.5490,3.4079,3.4079,3.1495,0,0,0,0.6601,0.4857,0.7285,0.7285,0.5534,0,0,0,-0.6158,-0.6541,0.7849,0.7849,0.8411,0,0,0,1.2225,1.1088,1.3306,1.3306,1.2676,0,0,0,-0.3960,-0.4191,-0.5029,-0.5029,-0.4089,0,0,0
2.629303,1788533102.401421,-42.5521,-41.4679,-41.4679,-41.4679,-40.3293,0,0,0,-1.8396,-1.5735,3.4616,3.4616,3.1588,0,0,0,0.6601,0.5003,0.7505,0.7505,0.5643,0,0,0,-0.6158,-0.6509,0.7811,0.7811,0.8368,0,0,0,1.2225,1.1184,1.3420,1.3420,1.2719,0,0,0,-0.3960,-0.4171,-0.5005,-0.5005,-0.4178,0,0,0
2.637348,1788533102.401421,-42.5521,-41.5204,-41.5204,-41.5204,-40.4073,0,0,0,-1.8396,-1.5862,3.4897,3.4897,3.1701,0,0,0,0.6601,0.5080,0.7620,0.7620,0.5756,0,0,0,-0.6158,-0.6492,0.7790,0.7790,0.8326,0,0,0,1.2225,1.1233,1.3480,1.3480,1.2762,0,0,0,-0.3960,-0.4161,-0.4993,-0.4993,-0.4263,0,0,0
2.645405,1788533102.401421,-42.5521,-41.5704,-41.5704,-41.5704,-40.4858,0,0,0,-1.8396,-1.5984,3.5164,3.5164,3.1835,0,0,0,0.6601,0.5153,0.7729,0.7729,0.5872,0,0,0,-0.6158,-0.6476,0.7771,0.7771,0.8284,0,0,0,1.2225,1.1281,1.3537,1.3537,1.2806,0,0,0,-0.3960,-0.4151,-0.4982,-0.4982,-0.4342,0,0,0
2.654002,1788533102.418524,-42.8146,-41.6925,-41.6925,-41.6925,-40.5647,0,0,0,-1.9558,-1.6331,3.5928,3.5928,3.1991,0,0,0,0.6222,0.5257,0.7885,0.7885,0.5993,0,0,0,-0.6535,-0.6482,0.7778,0.7778,0.8243,0,0,0,1.1885,1.1340,1.3608,1.3608,1.2852,0,0,0,-0.3331,-0.4072,-0.4886,-0.4886,-0.4415,0,0,0
2.661625,1788533102.418524,-42.8146,-41.7469,-41.7469,-41.7469,-40.6238,0,0,0,-1.9558,-1.6486,3.6269,3.6269,3.2120,0,0,0,0.6222,0.5303,0.7954,0.7954,0.6085,0,0,0,-0.6535,-0.6484,0.7781,0.7781,0.8212,0,0,0,1.1885,1.1366,1.3639,1.3639,1.2887,0,0,0,-0.3331,-0.4036,-0.4844,-0.4844,-0.4466,0,0,0
2.670279,1788533102.441377,-42.8146,-41.8824,-41.8824,-41.8824,-40.7025,0,0,0,-1.9558,-1.6872,3.7119,3.7119,3.2310,0,0,0,0.6222,0.5418,0.8128,0.8128,0.6210,0,0,0,-0.6535,-0.6491,0.7789,0.7789,0.8173,0,0,0,1.1885,1.1431,1.3717,1.3717,1.2935,0,0,0,-0.3331,-0.3948,-0.4737,-0.4737,-0.4529,0,0,0
2.678043,1788533102.450160,-42.8146,-41.9317,-41.9317,-41.9317,-40.7814,0,0,0,-1.9558,-1.7013,3.7429,3.7429,3.2522,0,0,0,0.6222,0.5460,0.8191,0.8191,0.6337,0,0,0,-0.6535,-0.6493,0.7792,0.7792,0.8136,0,0,0,1.1885,1.1455,1.3746,1.3746,1.2985,0,0,0,-0.3331,-0.3915,-0.4699,-0.4699,-0.4584,0,0,0
2.686288,1788533102.450160,-42.8146,-41.9744,-41.9744,-41.9744,-40.8606,0,0,0,-1.9558,-1.7135,3.7697,3.7697,3.2757,0,0,0,0.6222,0.5497,0.8245,0.8245,0.6466,0,0,0,-0.6535,-0.6495,0.7794,0.7794,0.8100,0,0,0,1.1885,1.1475,1.3770,1.3770,1.3035,0,0,0,-0.3331,-0.3887,-0.4665,-0.4665,-0.4630,0,0,0
2.693889,1788533102.458405,-42.8146,-42.0163,-42.0163,-42.0163,-40.9403,0,0,0,-1.9558,-1.7255,3.7960,3.7960,3.3018,0,0,0,0.6222,0.5533,0.8299,0.8299,0.6595,0,0,0,-0.6535,-0.6497,0.7796,0.7796,0.8067,0,0,0,1.1885,1.1496,1.3795,1.3795,1.3086,0,0,0,-0.3331,-0.3860,-0.4632,-0.4632,-0.4669,0,0,0
2.701940,1788533102.458405,-42.8146,-42.0549,-42.0549,-42.0549,-41.0002,0,0,0,-1.9558,-1.7365,3.8203,3.8203,3.3227,0,0,0,0.6222,0.5566,0.8349,0.8349,0.6692,0,0,0,-0.6535,-0.6499,0.7799,0.7799,0.8044,0,0,0,1.1885,1.1514,1.3817,1.3817,1.3125,0,0,0,-0.3331,-0.3835,-0.4602,-0.4602,-0.4692,0,0,0
2.709510,1788533102.475063,-43.0724,-42.1524,-42.1524,-42.1524,-41.0796,0,0,0,-1.9720,-1.7589,3.8695,3.8695,3.3521,0,0,0,0.5663,0.5575,0.8362,0.8362,0.6821,0,0,0,-0.5888,-0.6441,0.7729,0.7729,0.8015,0,0,0,1.1390,1.1502,1.3803,1.3803,1.3177,0,0,0,-0.4116,-0.3861,-0.4634,-0.4634,-0.4717,0,0,0
2.718079,1788533102.490197,-43.1255,-42.2377,-42.2377,-42.2377,-41.1579,0,0,0,-1.9693,-1.7772,3.9098,3.9098,3.3829,0,0,0,0.5414,0.5561,0.8341,0.8341,0.6947,0,0,0,-0.5723,-0.6379,0.7654,0.7654,0.7988,0,0,0,1.0951,1.1455,1.3745,1.3745,1.3228,0,0,0,-0.4395,-0.3908,-0.4689,-0.4689,-0.4735,0,0,0
2.726141,1788533102.490197,-43.1255,-42.2807,-42.2807,-42.2807,-41.2349,0,0,0,-1.9693,-1.7864,3.9301,3.9301,3.4146,0,0,0,0.5414,0.5554,0.8331,0.8331,0.7069,0,0,0,-0.5723,-0.6347,0.7617,0.7617,0.7964,0,0,0,1.0951,1.1430,1.3716,1.3716,1.3278,0,0,0,-0.4395,-0.3931,-0.4717,-0.4717,-0.4747,0,0,0
2.733703,1788533102.499258,-43.1530,-42.3282,-42.3282,-42.3282,-41.2921,0,0,0,-1.9675,-1.7962,3.9516,3.9516,3.4390,0,0,0,0.5447,0.5548,0.8322,0.8322,0.7159,0,0,0,-0.5637,-0.6309,0.7571,0.7571,0.7947,0,0,0,1.0951,1.1405,1.3685,1.3685,1.3315,0,0,0,-0.4395,-0.3956,-0.4747,-0.4747,-0.4753,0,0,0
2.741729,1788533102.506820,-43.1530,-42.3660,-42.3660,-42.3660,-41.3678,0,0,0,-1.9675,-1.8040,3.9687,3.9687,3.4723,0,0,0,0.5447,0.5544,0.8315,0.8315,0.7273,0,0,0,-0.5637,-0.6278,0.7534,0.7534,0.7924,0,0,0,1.0951,1.1384,1.3661,1.3661,1.3360,0,0,0,-0.4395,-0.3976,-0.4771,-0.4771,-0.4758,0,0,0
2.750299,1788533102.514852,-43.1530,-42.4042,-42.4042,-42.4042,-41.4432,0,0,0,-1.9675,-1.8118,3.9860,3.9860,3.5065,0,0,0,0.5447,0.5539,0.8308,0.8308,0.7381,0,0,0,-0.5637,-0.6248,0.7497,0.7497,0.7901,0,0,0,1.0951,1.1363,1.3636,1.3636,1.3402,0,0,0,-0.4395,-0.3996,-0.4795,-0.4795,-0.4761,0,0,0
2.758342,1788533102.514852,-43.1530,-42.4405,-42.4405,-42.4405,-41.5176,0,0,0,-1.9675,-1.8193,4.0024,4.0024,3.5410,0,0,0,0.5447,0.5535,0.8302,0.8302,0.7481,0,0,0,-0.5637,-0.6218,0.7462,0.7462,0.7877,0,0,0,1.0951,1.1343,1.3612,1.3612,1.3440,0,0,0,-0.4395,-0.4015,-0.4818,-0.4818,-0.4764,0,0,0
2.765793,1788533102.514852,-43.1530,-42.4749,-42.4749,-42.4749,-41.5909,0,0,0,-1.9675,-1.8264,4.0181,4.0181,3.5756,0,0,0,0.5447,0.5530,0.8295,0.8295,0.7574,0,0,0,-0.5637,-0.6191,0.7429,0.7429,0.7852,0,0,0,1.0951,1.1325,1.3590,1.3590,1.3473,0,0,0,-0.4395,-0.4033,-0.4840,-0.4840,-0.4766,0,0,0
2.773839,1788533102.538925,-43.2193,-42.5736,-42.5736,-42.5736,-41.6628,0,0,0,-1.9998,-1.8492,4.0683,4.0683,3.6100,0,0,0,0.5564,0.5535,0.8302,0.8302,0.7660,0,0,0,-0.5563,-0.6108,0.7330,0.7330,0.7825,0,0,0,1.1047,1.1288,1.3546,1.3546,1.3502,0,0,0,-0.4430,-0.4086,-0.4903,-0.4903,-0.4769,0,0,0
2.782091,1788533102.547181,-43.2193,-42.6058,-42.6058,-42.6058,-41.7330,0,0,0,-1.9998,-1.8567,4.0847,4.0847,3.6439,0,0,0,0.5564,0.5536,0.8304,0.8304,0.7738,0,0,0,-0.5563,-0.6081,0.7297,0.7297,0.7798,0,0,0,1.1047,1.1276,1.3532,1.3532,1.3525,0,0,0,-0.4430,-0.4102,-0.4923,-0.4923,-0.4772,0,0,0
2.790055,1788533102.562173,-43.2493,-42.6617,-42.6617,-42.6617,-41.7849,0,0,0,-1.9998,-1.8690,4.1118,4.1118,3.6692,0,0,0,0.5437,0.5528,0.8291,0.8291,0.7791,0,0,0,-0.5583,-0.6038,0.7246,0.7246,0.7776,0,0,0,1.1076,1.1259,1.3511,1.3511,1.3540,0,0,0,-0.4388,-0.4127,-0.4952,-0.4952,-0.4775,0,0,0
2.798587,1788533102.562173,-43.2493,-42.6901,-42.6901,-42.6901,-41.8530,0,0,0,-1.9998,-1.8753,4.1256,4.1256,3.7026,0,0,0,0.5437,0.5523,0.8285,0.8285,0.7857,0,0,0,-0.5583,-0.6016,0.7220,0.7220,0.7746,0,0,0,1.1076,1.1250,1.3500,1.3500,1.3556,0,0,0,-0.4388,-0.4140,-0.4967,-0.4967,-0.4780,0,0,0
2.805648,1788533102.562173,-43.2493,-42.7171,-42.7171,-42.7171,-41.9199,0,0,0,-1.9998,-1.8813,4.1388,4.1388,3.7356,0,0,0,0.5437,0.5519,0.8279,0.8279,0.7916,0,0,0,-0.5583,-0.5996,0.7195,0.7195,0.7714,0,0,0,1.1076,1.1242,1.3490,1.3490,1.3568,0,0,0,-0.4388,-0.4151,-0.4982,-0.4982,-0.4788,0,0,0
2.813685,1788533102.578763,-43.2382,-42.7667,-42.7667,-42.7667,-41.9853,0,0,0,-1.9904,-1.8916,4.1615,4.1615,3.7681,0,0,0,0.5702,0.5536,0.8305,0.8305,0.7968,0,0,0,-0.5761,-0.5974,0.7168,0.7168,0.7681,0,0,0,1.1027,1.1222,1.3466,1.3466,1.3576,0,0,0,-0.4763,-0.4209,-0.5051,-0.5051,-0.4796,0,0,0
2.822277,1788533102.586801,-43.2382,-42.7896,-42.7896,-42.7896,-42.0489,0,0,0,-1.9904,-1.8963,4.1719,4.1719,3.7998,0,0,0,0.5702,0.5544,0.8317,0.8317,0.8015,0,0,0,-0.5761,-0.5963,0.7156,0.7156,0.7646,0,0,0,1.1027,1.1212,1.3455,1.3455,1.3581,0,0,0,-0.4763,-0.4236,-0.5083,-0.5083,-0.4806,0,0,0
2.830298,1788533102.586801,-43.2382,-42.8112,-42.8112,-42.8112,-42.0954,0,0,0,-1.9904,-1.9008,4.1819,4.1819,3.8231,0,0,0,0.5702,0.5552,0.8328,0.8328,0.8046,0,0,0,-0.5761,-0.5954,0.7144,0.7144,0.7620,0,0,0,1.1027,1.1203,1.3444,1.3444,1.3583,0,0,0,-0.4763,-0.4261,-0.5113,-0.5113,-0.4814,0,0,0
2.838416,1788533102.603008,-43.2180,-42.8491,-42.8491,-42.8491,-42.1707,0,0,0,-1.9724,-1.9075,4.1964,4.1964,3.8607,0,0,0,0.5991,0.5593,0.8389,0.8389,0.8093,0,0,0,-0.5843,-0.5943,0.7132,0.7132,0.7576,0,0,0,1.1399,1.1221,1.3466,1.3466,1.3583,0,0,0,-0.5117,-0.4340,-0.5208,-0.5208,-0.4830,0,0,0
2.845881,1788533102.617998,-43.2013,-42.8797,-42.8797,-42.8797,-42.2142,0,0,0,-1.9651,-1.9124,4.2074,4.2074,3.8825,0,0,0,0.5997,0.5627,0.8441,0.8441,0.8117,0,0,0,-0.5843,-0.5935,0.7122,0.7122,0.7550,0,0,0,1.1604,1.1254,1.3505,1.3505,1.3581,0,0,0,-0.4993,-0.4396,-0.5276,-0.5276,-0.4841,0,0,0
2.854420,1788533102.617998,-43.2013,-42.8952,-42.8952,-42.8952,-42.2704,0,0,0,-1.9651,-1.9150,4.2129,4.2129,3.9107,0,0,0,0.5997,0.5645,0.8468,0.8468,0.8148,0,0,0,-0.5843,-0.5930,0.7116,0.7116,0.7516,0,0,0,1.1604,1.1271,1.3525,1.3525,1.3577,0,0,0,-0.4993,-0.4425,-0.5310,-0.5310,-0.4858,0,0,0
2.861959,1788533102.626538,-43.1819,-42.9099,-42.9099,-42.9099,-42.3245,0,0,0,-1.9618,-1.9173,4.2182,4.2182,3.9377,0,0,0,0.6084,0.5667,0.8501,0.8501,0.8176,0,0,0,-0.5796,-0.5924,0.7108,0.7108,0.7482,0,0,0,1.1931,1.1305,1.3566,1.3566,1.3572,0,0,0,-0.4993,-0.4454,-0.5345,-0.5345,-0.4877,0,0,0
2.870504,1788533102.626538,-43.1819,-42.9230,-42.9230,-42.9230,-42.3765,0,0,0,-1.9618,-1.9195,4.2229,4.2229,3.9635,0,0,0,0.6084,0.5687,0.8531,0.8531,0.8202,0,0,0,-0.5796,-0.5917,0.7101,0.7101,0.7449,0,0,0,1.1931,1.1335,1.3602,1.3602,1.3567,0,0,0,-0.4993,-0.4480,-0.5376,-0.5376,-0.4899,0,0,0
2.878036,1788533102.644156,-43.1819,-42.9490,-42.9490,-42.9490,-42.4263,0,0,0,-1.9618,-1.9237,4.2321,4.2321,3.9880,0,0,0,0.6084,0.5727,0.8590,0.8590,0.8228,0,0,0,-0.5796,-0.5905,0.7086,0.7086,0.7418,0,0,0,1.1931,1.1394,1.3673,1.3673,1.3563,0,0,0,-0.4993,-0.4531,-0.5437,-0.5437,-0.4924,0,0,0
2.886126,1788533102.651149,-43.1819,-42.9588,-42.9588,-42.9588,-42.4736,0,0,0,-1.9618,-1.9253,4.2357,4.2357,4.0113,0,0,0,0.6084,0.5742,0.8613,0.8613,0.8253,0,0,0,-0.5796,-0.5901,0.7081,0.7081,0.7388,0,0,0,1.1931,1.1417,1.3700,1.3700,1.3559,0,0,0,-0.4993,-0.4550,-0.5460,-0.5460,-0.4951,0,0,0
2.894687,1788533102.659240,-43.1819,-42.9697,-42.9697,-42.9697,-42.5076,0,0,0,-1.9618,-1.9271,4.2396,4.2396,4.0278,0,0,0,0.6084,0.5759,0.8638,0.8638,0.8271,0,0,0,-0.5796,-0.5896,0.7075,0.7075,0.7367,0,0,0,1.1931,1.1442,1.3730,1.3730,1.3558,0,0,0,-0.4993,-0.4572,-0.5486,-0.5486,-0.4972,0,0,0
2.902263,1788533102.659240,-43.1819,-42.9799,-42.9799,-42.9799,-42.5508,0,0,0,-1.9618,-1.9287,4.2432,4.2432,4.0487,0,0,0,0.6084,0.5774,0.8661,0.8661,0.8296,0,0,0,-0.5796,-0.5891,0.7069,0.7069,0.7339,0,0,0,1.1931,1.1465,1.3758,1.3758,1.3558,0,0,0,-0.4993,-0.4592,-0.5510,-0.5510,-0.5002,0,0,0
2.910417,1788533102.659240,-43.1819,-42.9896,-42.9896,-42.9896,-42.5918,0,0,0,-1.9618,-1.9303,4.2467,4.2467,4.0683,0,0,0,0.6084,0.5789,0.8683,0.8683,0.8320,0,0,0,-0.5796,-0.5886,0.7064,0.7064,0.7313,0,0,0,1.1931,1.1487,1.3785,1.3785,1.3561,0,0,0,-0.4993,-0.4611,-0.5533,-0.5533,-0.5033,0,0,0
2.918500,1788533102.659240,-43.1819,-42.9989,-42.9989,-42.9989,-42.6303,0,0,0,-1.9618,-1.9318,4.2500,4.2500,4.0866,0,0,0,0.6084,0.5803,0.8705,0.8705,0.8345,0,0,0,-0.5796,-0.5882,0.7058,0.7058,0.7289,0,0,0,1.1931,1.1509,1.3810,1.3810,1.3566,0,0,0,-0.4993,-0.4629,-0.5555,-0.5555,-0.5066,0,0,0
2.926032,1788533102.691643,-42.9428,-42.9894,-42.9894,-42.9894,-42.6487,0,0,0,-1.8837,-1.9237,4.2321,4.2321,4.0953,0,0,0,0.7327,0.6061,0.9091,0.9091,0.8358,0,0,0,-0.5101,-0.5750,0.6900,0.6900,0.7277,0,0,0,1.2499,1.1676,1.4011,1.4011,1.3569,0,0,0,-0.5275,-0.4739,-0.5686,-0.5686,-0.5082,0,0,0
2.934590,1788533102.691643,-42.9428,-42.9871,-42.9871,-42.9871,-42.7004,0,0,0,-1.8837,-1.9218,4.2279,4.2279,4.1194,0,0,0,0.7327,0.6122,0.9182,0.9182,0.8395,0,0,0,-0.5101,-0.5719,0.6863,0.6863,0.7245,0,0,0,1.2499,1.1716,1.4059,1.4059,1.3583,0,0,0,-0.5275,-0.4764,-0.5717,-0.5717,-0.5132,0,0,0
2.942535,1788533102.706707,-42.9428,-42.9833,-42.9833,-42.9833,-42.7165,0,0,0,-1.8837,-1.9185,4.2206,4.2206,4.1268,0,0,0,0.7327,0.6226,0.9339,0.9339,0.8408,0,0,0,-0.5101,-0.5665,0.6798,0.6798,0.7234,0,0,0,1.2499,1.1783,1.4140,1.4140,1.3588,0,0,0,-0.5275,-0.4809,-0.5770,-0.5770,-0.5149,0,0,0
2.950069,1788533102.722187,-42.9428,-42.9797,-42.9797,-42.9797,-42.7243,0,0,0,-1.8837,-1.9154,4.2139,4.2139,4.1304,0,0,0,0.7327,0.6324,0.9485,0.9485,0.8414,0,0,0,-0.5101,-0.5615,0.6738,0.6738,0.7229,0,0,0,1.2499,1.1847,1.4216,1.4216,1.3591,0,0,0,-0.5275,-0.4850,-0.5820,-0.5820,-0.5157,0,0,0
2.958677,1788533102.730794,-42.9428,-42.9778,-42.9778,-42.9778,-42.7540,0,0,0,-1.8837,-1.9138,4.2103,4.2103,4.1438,0,0,0,0.7327,0.6375,0.9563,0.9563,0.8444,0,0,0,-0.5101,-0.5589,0.6707,0.6707,0.7208,0,0,0,1.2499,1.1880,1.4256,1.4256,1.3606,0,0,0,-0.5275,-0.4872,-0.5846,-0.5846,-0.5192,0,0,0
2.966233,1788533102.730794,-42.9428,-42.9761,-42.9761,-42.9761,-42.7812,0,0,0,-1.8837,-1.9123,4.2071,4.2071,4.1556,0,0,0,0.7327,0.6421,0.9631,0.9631,0.8485,0,0,0,-0.5101,-0.5566,0.6679,0.6679,0.7184,0,0,0,1.2499,1.1910,1.4292,1.4292,1.3628,0,0,0,-0.5275,-0.4891,-0.5869,-0.5869,-0.5230,0,0,0
2.974234,1788533102.730794,-42.9428,-42.9745,-42.9745,-42.9745,-42.8059,0,0,0,-1.8837,-1.9110,4.2041,4.2041,4.1658,0,0,0,0.7327,0.6464,0.9696,0.9696,0.8535,0,0,0,-0.5101,-0.5543,0.6652,0.6652,0.7157,0,0,0,1.2499,1.1938,1.4326,1.4326,1.3655,0,0,0,-0.5275,-0.4909,-0.5891,-0.5891,-0.5270,0,0,0
2.982474,1788533102.754592,-42.6457,-42.9316,-42.9316,-42.9316,-42.8282,0,0,0,-1.8274,-1.9001,4.1802,4.1802,4.1744,0,0,0,0.7037,0.6539,0.9808,0.9808,0.8592,0,0,0,-0.5598,-0.5550,0.6661,0.6661,0.7127,0,0,0,1.2537,1.2016,1.4419,1.4419,1.3688,0,0,0,-0.5578,-0.4996,-0.5996,-0.5996,-0.5311,0,0,0
2.990997,1788533102.762115,-42.6457,-42.9187,-42.9187,-42.9187,-42.8434,0,0,0,-1.8274,-1.8968,4.1730,4.1730,4.1800,0,0,0,0.7037,0.6561,0.9842,0.9842,0.8640,0,0,0,-0.5598,-0.5553,0.6663,0.6663,0.7104,0,0,0,1.2537,1.2040,1.4447,1.4447,1.3715,0,0,0,-0.5578,-0.5023,-0.6027,-0.6027,-0.5343,0,0,0
2.998712,1788533102.762115,-42.6457,-42.9056,-42.9056,-42.9056,-42.8613,0,0,0,-1.8274,-1.8935,4.1656,4.1656,4.1862,0,0,0,0.7037,0.6584,0.9876,0.9876,0.8708,0,0,0,-0.5598,-0.5555,0.6666,0.6666,0.7072,0,0,0,1.2537,1.2063,1.4476,1.4476,1.3754,0,0,0,-0.5578,-0.5049,-0.6059,-0.6059,-0.5387,0,0,0
3.006798,1788533102.762115,-42.6457,-42.8931,-42.8931,-42.8931,-42.8765,0,0,0,-1.8274,-1.8903,4.1587,4.1587,4.1909,0,0,0,0.7037,0.6606,0.9908,0.9908,0.8781,0,0,0,-0.5598,-0.5557,0.6668,0.6668,0.7040,0,0,0,1.2537,1.2086,1.4503,1.4503,1.3797,0,0,0,-0.5578,-0.5075,-0.6090,-0.6090,-0.5432,0,0,0
3.015177,1788533102.778915,-42.6457,-42.8695,-42.8695,-42.8695,-42.8889,0,0,0,-1.8274,-1.8843,4.1455,4.1455,4.1942,0,0,0,0.7037,0.6647,0.9970,0.9970,0.8857,0,0,0,-0.5598,-0.5561,0.6673,0.6673,0.7009,0,0,0,1.2537,1.2129,1.4555,1.4555,1.3841,0,0,0,-0.5578,-0.5123,-0.6147,-0.6147,-0.5478,0,0,0
3.022673,1788533102.794791,-42.4606,-42.8324,-42.8324,-42.8324,-42.8966,0,0,0,-1.7056,-1.8681,4.1098,4.1098,4.1958,0,0,0,0.6659,0.6648,0.9972,0.9972,0.8915,0,0,0,-0.5695,-0.5573,0.6688,0.6688,0.6986,0,0,0,1.1916,1.2110,1.4532,1.4532,1.3876,0,0,0,-0.6412,-0.5240,-0.6288,-0.6288,-0.5512,0,0,0
3.030902,1788533102.794791,-42.4606,-42.8146,-42.8146,-42.8146,-42.9047,0,0,0,-1.7056,-1.8603,4.0927,4.0927,4.1969,0,0,0,0.6659,0.6648,0.9973,0.9973,0.8993,0,0,0,-0.5695,-0.5579,0.6695,0.6695,0.6956,0,0,0,1.1916,1.2101,1.4521,1.4521,1.3923,0,0,0,-0.6412,-0.5296,-0.6355,-0.6355,-0.5558,0,0,0
3.038906,1788533102.794791,-42.4606,-42.7976,-42.7976,-42.7976,-42.9102,0,0,0,-1.7056,-1.8529,4.0764,4.0764,4.1967,0,0,0,0.6659,0.6649,0.9973,0.9973,0.9070,0,0,0,-0.5695,-0.5584,0.6701,0.6701,0.6928,0,0,0,1.1916,1.2092,1.4510,1.4510,1.3971,0,0,0,-0.6412,-0.5349,-0.6419,-0.6419,-0.5606,0,0,0
3.046805,1788533102.818923,-42.2696,-42.7281,-42.7281,-42.7281,-42.9131,0,0,0,-1.6715,-1.8290,4.0238,4.0238,4.1950,0,0,0,0.6365,0.6612,0.9917,0.9917,0.9147,0,0,0,-0.5447,-0.5566,0.6680,0.6680,0.6902,0,0,0,1.1840,1.2059,1.4470,1.4470,1.4018,0,0,0,-0.6940,-0.5559,-0.6671,-0.6671,-0.5655,0,0,0
3.054440,1788533102.818923,-42.2696,-42.7061,-42.7061,-42.7061,-42.9137,0,0,0,-1.6715,-1.8215,4.0073,4.0073,4.1927,0,0,0,0.6365,0.6600,0.9900,0.9900,0.9203,0,0,0,-0.5447,-0.5561,0.6673,0.6673,0.6884,0,0,0,1.1840,1.2048,1.4458,1.4458,1.4052,0,0,0,-0.6940,-0.5625,-0.6750,-0.6750,-0.5692,0,0,0
3.062448,1788533102.818923,-42.2696,-42.6852,-42.6852,-42.6852,-42.9120,0,0,0,-1.6715,-1.8143,3.9915,3.9915,4.1873,0,0,0,0.6365,0.6589,0.9883,0.9883,0.9292,0,0,0,-0.5447,-0.5555,0.6666,0.6666,0.6856,0,0,0,1.1840,1.2038,1.4446,1.4446,1.4107,0,0,0,-0.6940,-0.5688,-0.6826,-0.6826,-0.5757,0,0,0
3.070483,1788533102.835575,-42.2696,-42.6458,-42.6458,-42.6458,-42.9095,0,0,0,-1.6715,-1.8008,3.9617,3.9617,4.1831,0,0,0,0.6365,0.6567,0.9851,0.9851,0.9343,0,0,0,-0.5447,-0.5545,0.6654,0.6654,0.6841,0,0,0,1.1840,1.2019,1.4423,1.4423,1.4137,0,0,0,-0.6940,-0.5807,-0.6968,-0.6968,-0.5797,0,0,0
3.079134,1788533102.843612,-42.1564,-42.6223,-42.6223,-42.6223,-42.9037,0,0,0,-1.6685,-1.7944,3.9477,3.9477,4.1760,0,0,0,0.6108,0.6545,0.9818,0.9818,0.9406,0,0,0,-0.5612,-0.5548,0.6658,0.6658,0.6822,0,0,0,1.1901,1.2014,1.4416,1.4416,1.4176,0,0,0,-0.6546,-0.5842,-0.7011,-0.7011,-0.5855,0,0,0
3.086655,1788533102.851251,-42.1168,-42.5991,-42.5991,-42.5991,-42.8953,0,0,0,-1.6565,-1.7881,3.9338,3.9338,4.1671,0,0,0,0.6317,0.6535,0.9802,0.9802,0.9464,0,0,0,-0.5470,-0.5545,0.6653,0.6653,0.6805,0,0,0,1.1899,1.2008,1.4410,1.4410,1.4210,0,0,0,-0.6921,-0.5892,-0.7070,-0.7070,-0.5916,0,0,0
3.095227,1788533102.859858,-42.0794,-42.5724,-42.5724,-42.5724,-42.8845,0,0,0,-1.6470,-1.7808,3.9178,3.9178,4.1567,0,0,0,0.6317,0.6524,0.9785,0.9785,0.9516,0,0,0,-0.5470,-0.5541,0.6649,0.6649,0.6789,0,0,0,1.1899,1.2003,1.4403,1.4403,1.4241,0,0,0,-0.7093,-0.5953,-0.7144,-0.7144,-0.5983,0,0,0
3.102929,1788533102.875047,-42.0016,-42.5226,-42.5226,-42.5226,-42.8715,0,0,0,-1.6245,-1.7672,3.8879,3.8879,4.1449,0,0,0,0.6192,0.6495,0.9742,0.9742,0.9562,0,0,0,-0.6220,-0.5600,0.6720,0.6720,0.6774,0,0,0,1.2266,1.2026,1.4431,1.4431,1.4268,0,0,0,-0.7140,-0.6057,-0.7268,-0.7268,-0.6053,0,0,0
3.110988,1788533102.883105,-41.9694,-42.4959,-42.4959,-42.4959,-42.8604,0,0,0,-1.6219,-1.7602,3.8724,3.8724,4.1353,0,0,0,0.6103,0.6476,0.9714,0.9714,0.9592,0,0,0,-0.6220,-0.5630,0.6756,0.6756,0.6763,0,0,0,1.2266,1.2037,1.4445,1.4445,1.4286,0,0,0,-0.6784,-0.6092,-0.7310,-0.7310,-0.6107,0,0,0
3.119572,1788533102.883105,-41.9694,-42.4706,-42.4706,-42.4706,-42.8441,0,0,0,-1.6219,-1.7536,3.8579,3.8579,4.1217,0,0,0,0.6103,0.6458,0.9687,0.9687,0.9628,0,0,0,-0.6220,-0.5658,0.6790,0.6790,0.6750,0,0,0,1.2266,1.2048,1.4458,1.4458,1.4307,0,0,0,-0.6784,-0.6125,-0.7350,-0.7350,-0.6181,0,0,0
3.127120,1788533102.899238,-41.9694,-42.4244,-42.4244,-42.4244,-42.8258,0,0,0,-1.6219,-1.7414,3.8312,3.8312,4.1069,0,0,0,0.6103,0.6425,0.9638,0.9638,0.9658,0,0,0,-0.6220,-0.5710,0.6852,0.6852,0.6740,0,0,0,1.2266,1.2068,1.4482,1.4482,1.4326,0,0,0,-0.6784,-0.6186,-0.7423,-0.7423,-0.6257,0,0,0
3.135232,1788533102.906337,-41.9694,-42.4049,-42.4049,-42.4049,-42.8053,0,0,0,-1.6219,-1.7363,3.8199,3.8199,4.0911,0,0,0,0.6103,0.6412,0.9617,0.9617,0.9682,0,0,0,-0.6220,-0.5732,0.6878,0.6878,0.6732,0,0,0,1.2266,1.2077,1.4492,1.4492,1.4343,0,0,0,-0.6784,-0.6211,-0.7454,-0.7454,-0.6336,0,0,0
3.143423,1788533102.906337,-41.9694,-42.3840,-42.3840,-42.3840,-42.7887,0,0,0,-1.6219,-1.7309,3.8079,3.8079,4.0786,0,0,0,0.6103,0.6397,0.9595,0.9595,0.9696,0,0,0,-0.6220,-0.5755,0.6906,0.6906,0.6729,0,0,0,1.2266,1.2086,1.4503,1.4503,1.4354,0,0,0,-0.6784,-0.6239,-0.7486,-0.7486,-0.6396,0,0,0
3.151524,1788533102.915540,-41.8372,-42.3540,-42.3540,-42.3540,-42.7589,0,0,0,-1.5775,-1.7225,3.7894,3.7894,4.0569,0,0,0,0.6231,0.6388,0.9582,0.9582,0.9713,0,0,0,-0.6149,-0.5776,0.6932,0.6932,0.6727,0,0,0,1.2229,1.2094,1.4512,1.4512,1.4373,0,0,0,-0.7053,-0.6283,-0.7540,-0.7540,-0.6497,0,0,0
3.159096,1788533102.931214,-41.8372,-42.3075,-42.3075,-42.3075,-42.7337,0,0,0,-1.5775,-1.7095,3.7608,3.7608,4.0389,0,0,0,0.6231,0.6374,0.9561,0.9561,0.9721,0,0,0,-0.6149,-0.5810,0.6972,0.6972,0.6730,0,0,0,1.2229,1.2106,1.4527,1.4527,1.4386,0,0,0,-0.7053,-0.6352,-0.7623,-0.7623,-0.6577,0,0,0
3.167251,1788533102.931214,-41.8372,-42.2849,-42.2849,-42.2849,-42.7075,0,0,0,-1.5775,-1.7031,3.7469,3.7469,4.0206,0,0,0,0.6231,0.6367,0.9550,0.9550,0.9725,0,0,0,-0.6149,-0.5826,0.6991,0.6991,0.6735,0,0,0,1.2229,1.2112,1.4534,1.4534,1.4399,0,0,0,-0.7053,-0.6386,-0.7663,-0.7663,-0.6656,0,0,0
3.174791,1788533102.946909,-41.8372,-42.2446,-42.2446,-42.2446,-42.6803,0,0,0,-1.5775,-1.6918,3.7221,3.7221,4.0019,0,0,0,0.6231,0.6355,0.9532,0.9532,0.9725,0,0,0,-0.6149,-0.5855,0.7026,0.7026,0.6743,0,0,0,1.2229,1.2122,1.4547,1.4547,1.4411,0,0,0,-0.7053,-0.6446,-0.7735,-0.7735,-0.6734,0,0,0
3.182831,1788533102.954948,-41.8372,-42.2249,-42.2249,-42.2249,-42.6522,0,0,0,-1.5775,-1.6863,3.7099,3.7099,3.9829,0,0,0,0.6231,0.6349,0.9523,0.9523,0.9722,0,0,0,-0.6149,-0.5869,0.7043,0.7043,0.6754,0,0,0,1.2229,1.2127,1.4553,1.4553,1.4422,0,0,0,-0.7053,-0.6475,-0.7770,-0.7770,-0.6811,0,0,0
3.191381,1788533102.954948,-41.8372,-42.2063,-42.2063,-42.2063,-42.6307,0,0,0,-1.5775,-1.6811,3.6985,3.6985,3.9685,0,0,0,0.6231,0.6343,0.9515,0.9515,0.9719,0,0,0,-0.6149,-0.5883,0.7059,0.7059,0.6763,0,0,0,1.2229,1.2132,1.4559,1.4559,1.4431,0,0,0,-0.7053,-0.6503,-0.7803,-0.7803,-0.6869,0,0,0
3.199410,1788533102.971528,-41.8372,-42.1714,-42.1714,-42.1714,-42.6014,0,0,0,-1.5775,-1.6713,3.6769,3.6769,3.9491,0,0,0,0.6231,0.6332,0.9499,0.9499,0.9712,0,0,0,-0.6149,-0.5908,0.7089,0.7089,0.6778,0,0,0,1.2229,1.2141,1.4570,1.4570,1.4442,0,0,0,-0.7053,-0.6555,-0.7866,-0.7866,-0.6944,0,0,0
3.207009,1788533102.971528,-41.8372,-42.1553,-42.1553,-42.1553,-42.5718,0,0,0,-1.5775,-1.6668,3.6671,3.6671,3.9297,0,0,0,0.6231,0.6328,0.9491,0.9491,0.9703,0,0,0,-0.6149,-0.5919,0.7103,0.7103,0.6793,0,0,0,1.2229,1.2146,1.4575,1.4575,1.4452,0,0,0,-0.7053,-0.6579,-0.7894,-0.7894,-0.7017,0,0,0
3.215574,1788533102.971528,-41.8372,-42.1400,-42.1400,-42.1400,-42.5420,0,0,0,-1.5775,-1.6626,3.6576,3.6576,3.9103,0,0,0,0.6231,0.6323,0.9485,0.9485,0.9692,0,0,0,-0.6149,-0.5930,0.7116,0.7116,0.6811,0,0,0,1.2229,1.2150,1.4579,1.4579,1.4462,0,0,0,-0.7053,-0.6601,-0.7922,-0.7922,-0.7089,0,0,0
3.223598,1788533102.971528,-41.8372,-42.1255,-42.1255,-42.1255,-42.5121,0,0,0,-1.5775,-1.6585,3.6487,3.6487,3.8910,0,0,0,0.6231,0.6319,0.9478,0.9478,0.9681,0,0,0,-0.6149,-0.5941,0.7129,0.7129,0.6829,0,0,0,1.2229,1.2153,1.4584,1.4584,1.4472,0,0,0,-0.7053,-0.6623,-0.7948,-0.7948,-0.7158,0,0,0
3.231612,1788533103.003730,-41.5458,-42.0277,-42.0277,-42.0277,-42.4824,0,0,0,-1.5669,-1.6431,3.6147,3.6147,3.8719,0,0,0,0.5490,0.6179,0.9269,0.9269,0.9668,0,0,0,-0.7087,-0.6134,0.7360,0.7360,0.6849,0,0,0,1.2062,1.2138,1.4566,1.4566,1.4482,0,0,0,-0.5213,-0.6386,-0.7663,-0.7663,-0.7226,0,0,0
3.239194,1788533103.003730,-41.5458,-42.0045,-42.0045,-42.0045,-42.4530,0,0,0,-1.5669,-1.6394,3.6067,3.6067,3.8532,0,0,0,0.5490,0.6146,0.9219,0.9219,0.9655,0,0,0,-0.7087,-0.6179,0.7415,0.7415,0.6869,0,0,0,1.2062,1.2134,1.4561,1.4561,1.4491,0,0,0,-0.5213,-0.6329,-0.7595,-0.7595,-0.7291,0,0,0
3.247785,1788533103.003730,-41.5458,-41.9825,-41.9825,-41.9825,-42.4236,0,0,0,-1.5669,-1.6359,3.5991,3.5991,3.8347,0,0,0,0.5490,0.6115,0.9172,0.9172,0.9640,0,0,0,-0.7087,-0.6223,0.7467,0.7467,0.6891,0,0,0,1.2062,1.2131,1.4557,1.4557,1.4499,0,0,0,-0.5213,-0.6276,-0.7531,-0.7531,-0.7351,0,0,0
3.255832,1788533103.019903,-41.5458,-41.9421,-41.9421,-41.9421,-42.4011,0,0,0,-1.5669,-1.6296,3.5850,3.5850,3.8209,0,0,0,0.5490,0.6057,0.9086,0.9086,0.9627,0,0,0,-0.7087,-0.6303,0.7563,0.7563,0.6910,0,0,0,1.2062,1.2125,1.4549,1.4549,1.4505,0,0,0,-0.5213,-0.6178,-0.7413,-0.7413,-0.7390,0,0,0
3.263786,1788533103.019903,-41.5458,-41.9230,-41.9230,-41.9230,-42.3630,0,0,0,-1.5669,-1.6266,3.5784,3.5784,3.7983,0,0,0,0.5490,0.6030,0.9045,0.9045,0.9600,0,0,0,-0.7087,-0.6340,0.7608,0.7608,0.6946,0,0,0,1.2062,1.2122,1.4546,1.4546,1.4514,0,0,0,-0.5213,-0.6132,-0.7358,-0.7358,-0.7446,0,0,0
3.271350,1788533103.043468,-41.5458,-41.8742,-41.8742,-41.8742,-42.3322,0,0,0,-1.5669,-1.6189,3.5615,3.5615,3.7806,0,0,0,0.5490,0.5960,0.8940,0.8940,0.9575,0,0,0,-0.7087,-0.6436,0.7724,0.7724,0.6979,0,0,0,1.2062,1.2114,1.4537,1.4537,1.4521,0,0,0,-0.5213,-0.6013,-0.7216,-0.7216,-0.7480,0,0,0
3.279691,1788533103.043468,-41.5458,-41.8584,-41.8584,-41.8584,-42.3089,0,0,0,-1.5669,-1.6164,3.5560,3.5560,3.7676,0,0,0,0.5490,0.5938,0.8907,0.8907,0.9553,0,0,0,-0.7087,-0.6468,0.7761,0.7761,0.7006,0,0,0,1.2062,1.2111,1.4534,1.4534,1.4525,0,0,0,-0.5213,-0.5975,-0.7170,-0.7170,-0.7500,0,0,0
3.287293,1788533103.059410,-41.5458,-41.8299,-41.8299,-41.8299,-42.2777,0,0,0,-1.5669,-1.6119,3.5461,3.5461,3.7506,0,0,0,0.5490,0.5897,0.8846,0.8846,0.9522,0,0,0,-0.7087,-0.6524,0.7829,0.7829,0.7044,0,0,0,1.2062,1.2107,1.4528,1.4528,1.4529,0,0,0,-0.5213,-0.5906,-0.7087,-0.7087,-0.7518,0,0,0
3.295202,1788533103.059410,-41.5458,-41.8162,-41.8162,-41.8162,-42.2463,0,0,0,-1.5669,-1.6097,3.5414,3.5414,3.7340,0,0,0,0.5490,0.5878,0.8816,0.8816,0.9488,0,0,0,-0.7087,-0.6551,0.7861,0.7861,0.7087,0,0,0,1.2062,1.2105,1.4526,1.4526,1.4533,0,0,0,-0.5213,-0.5872,-0.7047,-0.7047,-0.7527,0,0,0
3.303262,1788533103.075379,-41.3982,-41.7780,-41.7780,-41.7780,-42.2149,0,0,0,-1.5638,-1.6055,3.5321,3.5321,3.7179,0,0,0,0.4964,0.5794,0.8691,0.8691,0.9450,0,0,0,-0.6998,-0.6592,0.7910,0.7910,0.7132,0,0,0,1.1457,1.2046,1.4455,1.4455,1.4536,0,0,0,-0.6282,-0.5910,-0.7092,-0.7092,-0.7528,0,0,0
3.311366,1788533103.075379,-41.3982,-41.7597,-41.7597,-41.7597,-42.1835,0,0,0,-1.5638,-1.6035,3.5278,3.5278,3.7023,0,0,0,0.4964,0.5754,0.8632,0.8632,0.9410,0,0,0,-0.6998,-0.6611,0.7933,0.7933,0.7179,0,0,0,1.1457,1.2017,1.4421,1.4421,1.4538,0,0,0,-0.6282,-0.5928,-0.7113,-0.7113,-0.7520,0,0,0
3.319336,1788533103.091454,-41.3982,-41.7265,-41.7265,-41.7265,-42.1524,0,0,0,-1.5638,-1.5999,3.5197,3.5197,3.6873,0,0,0,0.4964,0.5682,0.8523,0.8523,0.9368,0,0,0,-0.6998,-0.6647,0.7976,0.7976,0.7228,0,0,0,1.1457,1.1966,1.4359,1.4359,1.4539,0,0,0,-0.6282,-0.5960,-0.7152,-0.7152,-0.7506,0,0,0
3.327885,1788533103.091454,-41.3982,-41.7107,-41.7107,-41.7107,-42.1216,0,0,0,-1.5638,-1.5981,3.5159,3.5159,3.6728,0,0,0,0.4964,0.5648,0.8471,0.8471,0.9323,0,0,0,-0.6998,-0.6664,0.7996,0.7996,0.7279,0,0,0,1.1457,1.1942,1.4330,1.4330,1.4538,0,0,0,-0.6282,-0.5975,-0.7171,-0.7171,-0.7488,0,0,0
3.335474,1788533103.107592,-41.3982,-41.6818,-41.6818,-41.6818,-42.0910,0,0,0,-1.5638,-1.5950,3.5090,3.5090,3.6589,0,0,0,0.4964,0.5585,0.8377,0.8377,0.9276,0,0,0,-0.6998,-0.6694,0.8033,0.8033,0.7330,0,0,0,1.1457,1.1897,1.4276,1.4276,1.4536,0,0,0,-0.6282,-0.6004,-0.7204,-0.7204,-0.7468,0,0,0
3.343970,1788533103.115156,-41.3982,-41.6689,-41.6689,-41.6689,-42.0607,0,0,0,-1.5638,-1.5936,3.5059,3.5059,3.6457,0,0,0,0.4964,0.5556,0.8335,0.8335,0.9225,0,0,0,-0.6998,-0.6708,0.8050,0.8050,0.7381,0,0,0,1.1457,1.1877,1.4253,1.4253,1.4530,0,0,0,-0.6282,-0.6016,-0.7220,-0.7220,-0.7446,0,0,0
3.351241,1788533103.123358,-41.3982,-41.6556,-41.6556,-41.6556,-42.0308,0,0,0,-1.5638,-1.5921,3.5026,3.5026,3.6330,0,0,0,0.4964,0.5527,0.8291,0.8291,0.9172,0,0,0,-0.6998,-0.6722,0.8067,0.8067,0.7432,0,0,0,1.1457,1.1857,1.4228,1.4228,1.4522,0,0,0,-0.6282,-0.6029,-0.7235,-0.7235,-0.7425,0,0,0
3.359729,1788533103.123358,-41.3982,-41.6432,-41.6432,-41.6432,-42.0013,0,0,0,-1.5638,-1.5908,3.4997,3.4997,3.6209,0,0,0,0.4964,0.5500,0.8251,0.8251,0.9117,0,0,0,-0.6998,-0.6736,0.8083,0.8083,0.7482,0,0,0,1.1457,1.1837,1.4205,1.4205,1.4512,0,0,0,-0.6282,-0.6041,-0.7250,-0.7250,-0.7404,0,0,0
3.367283,1788533103.139401,-41.3982,-41.6207,-41.6207,-41.6207,-41.9795,0,0,0,-1.5638,-1.5883,3.4942,3.4942,3.6123,0,0,0,0.4964,0.5451,0.8177,0.8177,0.9074,0,0,0,-0.6998,-0.6760,0.8111,0.8111,0.7519,0,0,0,1.1457,1.1803,1.4163,1.4163,1.4502,0,0,0,-0.6282,-0.6063,-0.7276,-0.7276,-0.7390,0,0,0
3.375928,1788533103.139401,-41.3982,-41.6101,-41.6101,-41.6101,-41.9512,0,0,0,-1.5638,-1.5871,3.4916,3.4916,3.6013,0,0,0,0.4964,0.5428,0.8142,0.8142,0.9016,0,0,0,-0.6998,-0.6771,0.8125,0.8125,0.7567,0,0,0,1.1457,1.1786,1.4143,1.4143,1.4488,0,0,0,-0.6282,-0.6074,-0.7289,-0.7289,-0.7372,0,0,0
3.383009,1788533103.139401,-41.3982,-41.5999,-41.5999,-41.5999,-41.9236,0,0,0,-1.5638,-1.5860,3.4892,3.4892,3.5909,0,0,0,0.4964,0.5406,0.8109,0.8109,0.8957,0,0,0,-0.6998,-0.6782,0.8138,0.8138,0.7614,0,0,0,1.1457,1.1770,1.4124,1.4124,1.4472,0,0,0,-0.6282,-0.6084,-0.7301,-0.7301,-0.7355,0,0,0
3.391579,1788533103.163697,-41.3982,-41.5731,-41.5731,-41.5731,-41.8968,0,0,0,-1.5638,-1.5831,3.4827,3.4827,3.5811,0,0,0,0.4964,0.5347,0.8021,0.8021,0.8898,0,0,0,-0.6998,-0.6810,0.8173,0.8173,0.7659,0,0,0,1.1457,1.1729,1.4075,1.4075,1.4454,0,0,0,-0.6282,-0.6110,-0.7332,-0.7332,-0.7341,0,0,0
3.399129,1788533103.171247,-41.3982,-41.5652,-41.5652,-41.5652,-41.8709,0,0,0,-1.5638,-1.5822,3.4808,3.4808,3.5719,0,0,0,0.4964,0.5330,0.7995,0.7995,0.8838,0,0,0,-0.6998,-0.6819,0.8183,0.8183,0.7703,0,0,0,1.1457,1.1716,1.4060,1.4060,1.4434,0,0,0,-0.6282,-0.6118,-0.7341,-0.7341,-0.7329,0,0,0
3.407490,1788533103.179608,-41.1612,-41.5449,-41.5449,-41.5449,-41.8521,0,0,0,-1.4886,-1.5775,3.4705,3.4705,3.5654,0,0,0,0.5744,0.5351,0.8026,0.8026,0.8794,0,0,0,-0.6573,-0.6807,0.8168,0.8168,0.7734,0,0,0,1.1946,1.1728,1.4073,1.4073,1.4419,0,0,0,-0.6964,-0.6160,-0.7392,-0.7392,-0.7322,0,0,0
3.416039,1788533103.179608,-41.1612,-41.5265,-41.5265,-41.5265,-41.8276,0,0,0,-1.4886,-1.5733,3.4612,3.4612,3.5572,0,0,0,0.5744,0.5369,0.8054,0.8054,0.8734,0,0,0,-0.6573,-0.6796,0.8155,0.8155,0.7774,0,0,0,1.1946,1.1738,1.4086,1.4086,1.4397,0,0,0,-0.6964,-0.6199,-0.7438,-0.7438,-0.7314,0,0,0
3.424093,1788533103.179608,-41.1612,-41.5090,-41.5090,-41.5090,-41.8040,0,0,0,-1.4886,-1.5692,3.4522,3.4522,3.5494,0,0,0,0.5744,0.5387,0.8081,0.8081,0.8675,0,0,0,-0.6573,-0.6785,0.8142,0.8142,0.7813,0,0,0,1.1946,1.1748,1.4098,1.4098,1.4374,0,0,0,-0.6964,-0.6235,-0.7482,-0.7482,-0.7308,0,0,0
3.432160,1788533103.196211,-41.1612,-41.4760,-41.4760,-41.4760,-41.7808,0,0,0,-1.4886,-1.5616,3.4355,3.4355,3.5418,0,0,0,0.5744,0.5421,0.8131,0.8131,0.8618,0,0,0,-0.6573,-0.6765,0.8118,0.8118,0.7849,0,0,0,1.1946,1.1767,1.4120,1.4120,1.4351,0,0,0,-0.6964,-0.6304,-0.7565,-0.7565,-0.7305,0,0,0
3.439502,1788533103.211619,-41.1612,-41.4481,-41.4481,-41.4481,-41.7581,0,0,0,-1.4886,-1.5551,3.4213,3.4213,3.5344,0,0,0,0.5744,0.5450,0.8174,0.8174,0.8563,0,0,0,-0.6573,-0.6748,0.8097,0.8097,0.7883,0,0,0,1.1946,1.1783,1.4139,1.4139,1.4329,0,0,0,-0.6964,-0.6362,-0.7635,-0.7635,-0.7306,0,0,0
3.447550,1788533103.211619,-41.1612,-41.4344,-41.4344,-41.4344,-41.7355,0,0,0,-1.4886,-1.5519,3.4143,3.4143,3.5270,0,0,0,0.5744,0.5464,0.8195,0.8195,0.8513,0,0,0,-0.6573,-0.6740,0.8087,0.8087,0.7913,0,0,0,1.1946,1.1791,1.4149,1.4149,1.4308,0,0,0,-0.6964,-0.6391,-0.7669,-0.7669,-0.7311,0,0,0
3.456293,1788533103.227417,-41.1612,-41.4096,-41.4096,-41.4096,-41.7131,0,0,0,-1.4886,-1.5462,3.4017,3.4017,3.5194,0,0,0,0.5744,0.5489,0.8233,0.8233,0.8468,0,0,0,-0.6573,-0.6724,0.8069,0.8069,0.7940,0,0,0,1.1946,1.1805,1.4166,1.4166,1.4288,0,0,0,-0.6964,-0.6443,-0.7732,-0.7732,-0.7320,0,0,0
3.464315,1788533103.235433,-41.1612,-41.3977,-41.3977,-41.3977,-41.7019,0,0,0,-1.4886,-1.5435,3.3956,3.3956,3.5156,0,0,0,0.5744,0.5501,0.8252,0.8252,0.8447,0,0,0,-0.6573,-0.6717,0.8061,0.8061,0.7952,0,0,0,1.1946,1.1811,1.4174,1.4174,1.4279,0,0,0,-0.6964,-0.6468,-0.7762,-0.7762,-0.7326,0,0,0
3.472450,1788533103.243540,-41.1612,-41.3862,-41.3862,-41.3862,-41.6684,0,0,0,-1.4886,-1.5408,3.3898,3.3898,3.5038,0,0,0,0.5744,0.5513,0.8269,0.8269,0.8392,0,0,0,-0.6573,-0.6710,0.8052,0.8052,0.7984,0,0,0,1.1946,1.1818,1.4182,1.4182,1.4254,0,0,0,-0.6964,-0.6492,-0.7790,-0.7790,-0.7349,0,0,0
3.480215,1788533103.243540,-41.1612,-41.3754,-41.3754,-41.3754,-41.6465,0,0,0,-1.4886,-1.5383,3.3843,3.3843,3.4958,0,0,0,0.5744,0.5524,0.8286,0.8286,0.8362,0,0,0,-0.6573,-0.6704,0.8044,0.8044,0.8002,0,0,0,1.1946,1.1824,1.4189,1.4189,1.4241,0,0,0,-0.6964,-0.6515,-0.7817,-0.7817,-0.7369,0,0,0
3.487696,1788533103.252332,-40.7281,-41.3414,-41.3414,-41.3414,-41.6303,0,0,0,-1.3113,-1.5264,3.3581,3.3581,3.4898,0,0,0,0.4657,0.5479,0.8218,0.8218,0.8343,0,0,0,-0.8151,-0.6779,0.8135,0.8135,0.8013,0,0,0,0.9972,1.1727,1.4072,1.4072,1.4231,0,0,0,-0.5872,-0.6481,-0.7777,-0.7777,-0.7386,0,0,0
3.496253,1788533103.252332,-40.7281,-41.3119,-41.3119,-41.3119,-41.6091,0,0,0,-1.3113,-1.5161,3.3354,3.3354,3.4818,0,0,0,0.4657,0.5439,0.8159,0.8159,0.8321,0,0,0,-0.8151,-0.6845,0.8214,0.8214,0.8026,0,0,0,0.9972,1.1643,1.3972,1.3972,1.4221,0,0,0,-0.5872,-0.6452,-0.7742,-0.7742,-0.7410,0,0,0
3.504327,1788533103.252332,-40.7281,-41.2839,-41.2839,-41.2839,-41.5881,0,0,0,-1.3113,-1.5063,3.3138,3.3138,3.4736,0,0,0,0.4657,0.5402,0.8103,0.8103,0.8302,0,0,0,-0.8151,-0.6908,0.8289,0.8289,0.8037,0,0,0,0.9972,1.1563,1.3876,1.3876,1.4211,0,0,0,-0.5872,-0.6424,-0.7709,-0.7709,-0.7436,0,0,0
3.511357,1788533103.276445,-40.6088,-41.1947,-41.1947,-41.1947,-41.5671,0,0,0,-1.2415,-1.4714,3.2371,3.2371,3.4650,0,0,0,0.4651,0.5303,0.7955,0.7955,0.8286,0,0,0,-0.8121,-0.7067,0.8481,0.8481,0.8048,0,0,0,0.9919,1.1347,1.3616,1.3616,1.4200,0,0,0,-0.4850,-0.6217,-0.7460,-0.7460,-0.7462,0,0,0
3.519895,1788533103.284992,-40.6088,-41.1647,-41.1647,-41.1647,-41.5514,0,0,0,-1.2415,-1.4597,3.2113,3.2113,3.4582,0,0,0,0.4651,0.5270,0.7905,0.7905,0.8275,0,0,0,-0.8121,-0.7121,0.8545,0.8545,0.8056,0,0,0,0.9919,1.1274,1.3529,1.3529,1.4190,0,0,0,-0.4850,-0.6147,-0.7377,-0.7377,-0.7481,0,0,0
3.528434,1788533103.299537,-40.4234,-41.1024,-41.1024,-41.1024,-41.5299,0,0,0,-1.2170,-1.4393,3.1666,3.1666,3.4482,0,0,0,0.4696,0.5222,0.7833,0.7833,0.8259,0,0,0,-0.8513,-0.7238,0.8685,0.8685,0.8071,0,0,0,0.9301,1.1109,1.3330,1.3330,1.4174,0,0,0,-0.3774,-0.5948,-0.7138,-0.7138,-0.7503,0,0,0
3.535677,1788533103.307795,-40.4234,-41.0688,-41.0688,-41.0688,-41.5072,0,0,0,-1.2170,-1.4284,3.1424,3.1424,3.4367,0,0,0,0.4696,0.5196,0.7794,0.7794,0.8241,0,0,0,-0.8513,-0.7301,0.8761,0.8761,0.8089,0,0,0,0.9301,1.1019,1.3223,1.3223,1.4151,0,0,0,-0.3774,-0.5841,-0.7009,-0.7009,-0.7520,0,0,0
3.544267,1788533103.315425,-40.4234,-41.0391,-41.0391,-41.0391,-41.4832,0,0,0,-1.2170,-1.4187,3.1211,3.1211,3.4236,0,0,0,0.4696,0.5173,0.7759,0.7759,0.8221,0,0,0,-0.8513,-0.7356,0.8827,0.8827,0.8112,0,0,0,0.9301,1.0941,1.3129,1.3129,1.4121,0,0,0,-0.3774,-0.5747,-0.6896,-0.6896,-0.7529,0,0,0
3.552288,1788533103.315425,-40.4234,-41.0095,-41.0095,-41.0095,-41.4577,0,0,0,-1.2170,-1.4090,3.0998,3.0998,3.4088,0,0,0,0.4696,0.5150,0.7725,0.7725,0.8198,0,0,0,-0.8513,-0.7412,0.8894,0.8894,0.8140,0,0,0,0.9301,1.0862,1.3035,1.3035,1.4084,0,0,0,-0.3774,-0.5652,-0.6783,-0.6783,-0.7529,0,0,0
3.559835,1788533103.331953,-40.4234,-40.9541,-40.9541,-40.9541,-41.4377,0,0,0,-1.2170,-1.3909,3.0600,3.0600,3.3967,0,0,0,0.4696,0.5107,0.7661,0.7661,0.8180,0,0,0,-0.8513,-0.7515,0.9018,0.9018,0.8164,0,0,0,0.9301,1.0715,1.2858,1.2858,1.4051,0,0,0,-0.3774,-0.5475,-0.6570,-0.6570,-0.7523,0,0,0
3.568354,1788533103.339471,-39.6995,-40.8972,-40.8972,-40.8972,-41.4029,0,0,0,-1.1093,-1.3782,3.0320,3.0320,3.3750,0,0,0,0.8936,0.5280,0.7920,0.7920,0.8147,0,0,0,-0.5285,-0.7415,0.8897,0.8897,0.8210,0,0,0,1.0248,1.0694,1.2833,1.2833,1.3989,0,0,0,-0.9475,-0.5656,-0.6787,-0.6787,-0.7501,0,0,0
3.575412,1788533103.339471,-39.6995,-40.8395,-40.8395,-40.8395,-41.3813,0,0,0,-1.1093,-1.3653,3.0037,3.0037,3.3611,0,0,0,0.8936,0.5455,0.8183,0.8183,0.8126,0,0,0,-0.5285,-0.7313,0.8775,0.8775,0.8241,0,0,0,1.0248,1.0673,1.2807,1.2807,1.3946,0,0,0,-0.9475,-0.5839,-0.7006,-0.7006,-0.7481,0,0,0
3.584510,1788533103.339471,-39.6995,-40.7846,-40.7846,-40.7846,-41.3515,0,0,0,-1.1093,-1.3530,2.9767,2.9767,3.3415,0,0,0,0.8936,0.5622,0.8433,0.8433,0.8096,0,0,0,-0.5285,-0.7216,0.8659,0.8659,0.8286,0,0,0,1.0248,1.0652,1.2783,1.2783,1.3884,0,0,0,-0.9475,-0.6013,-0.7215,-0.7215,-0.7446,0,0,0
3.591796,1788533103.363914,-39.1872,-40.5706,-40.5706,-40.5706,-41.3203,0,0,0,-1.0206,-1.3087,2.8792,2.8792,3.3208,0,0,0,0.7947,0.5931,0.8897,0.8897,0.8070,0,0,0,-0.6325,-0.7097,0.8516,0.8516,0.8332,0,0,0,0.9810,1.0540,1.2648,1.2648,1.3817,0,0,0,-0.7806,-0.6251,-0.7502,-0.7502,-0.7407,0,0,0
3.600366,1788533103.371488,-39.1872,-40.5073,-40.5073,-40.5073,-41.2875,0,0,0,-1.0206,-1.2956,2.8503,2.8503,3.2991,0,0,0,0.7947,0.6023,0.9035,0.9035,0.8052,0,0,0,-0.6325,-0.7062,0.8474,0.8474,0.8375,0,0,0,0.9810,1.0507,1.2608,1.2608,1.3747,0,0,0,-0.7806,-0.6322,-0.7587,-0.7587,-0.7370,0,0,0
3.607927,1788533103.380044,-38.9590,-40.4277,-40.4277,-40.4277,-41.2528,0,0,0,-0.9898,-1.2800,2.8159,2.8159,3.2763,0,0,0,0.6426,0.6044,0.9065,0.9065,0.8044,0,0,0,-0.6325,-0.7024,0.8429,0.8429,0.8414,0,0,0,0.9482,1.0455,1.2546,1.2546,1.3676,0,0,0,-0.6373,-0.6325,-0.7590,-0.7590,-0.7338,0,0,0
3.616507,1788533103.388624,-39.1769,-40.3632,-40.3632,-40.3632,-41.2142,0,0,0,-1.2087,-1.2763,2.8079,2.8079,3.2518,0,0,0,0.5701,0.6026,0.9039,0.9039,0.8052,0,0,0,-0.5429,-0.6943,0.8331,0.8331,0.8447,0,0,0,0.9482,1.0405,1.2486,1.2486,1.3602,0,0,0,-0.7443,-0.6382,-0.7658,-0.7658,-0.7315,0,0,0
3.624599,1788533103.395649,-39.1769,-40.3126,-40.3126,-40.3126,-41.1827,0,0,0,-1.2087,-1.2734,2.8016,2.8016,3.2324,0,0,0,0.5701,0.6012,0.9019,0.9019,0.8068,0,0,0,-0.5429,-0.6879,0.8254,0.8254,0.8467,0,0,0,0.9482,1.0366,1.2439,1.2439,1.3546,0,0,0,-0.7443,-0.6427,-0.7712,-0.7712,-0.7305,0,0,0
3.633140,1788533103.395649,-39.1769,-40.2577,-40.2577,-40.2577,-41.1255,0,0,0,-1.2087,-1.2703,2.7948,2.7948,3.1982,0,0,0,0.5701,0.5997,0.8996,0.8996,0.8111,0,0,0,-0.5429,-0.6809,0.8171,0.8171,0.8492,0,0,0,0.9482,1.0323,1.2388,1.2388,1.3451,0,0,0,-0.7443,-0.6475,-0.7771,-0.7771,-0.7297,0,0,0
3.640606,1788533103.411659,-39.1769,-40.1581,-40.1581,-40.1581,-41.0882,0,0,0,-1.2087,-1.2647,2.7823,2.7823,3.1769,0,0,0,0.5701,0.5970,0.8956,0.8956,0.8143,0,0,0,-0.5429,-0.6683,0.8020,0.8020,0.8501,0,0,0,0.9482,1.0246,1.2296,1.2296,1.3394,0,0,0,-0.7443,-0.6564,-0.7877,-0.7877,-0.7299,0,0,0
3.648576,1788533103.420694,-39.1769,-40.1049,-40.1049,-40.1049,-41.0355,0,0,0,-1.2087,-1.2617,2.7757,2.7757,3.1482,0,0,0,0.5701,0.5956,0.8934,0.8934,0.8190,0,0,0,-0.5429,-0.6616,0.7939,0.7939,0.8506,0,0,0,0.9482,1.0205,1.2246,1.2246,1.3317,0,0,0,-0.7443,-0.6611,-0.7933,-0.7933,-0.7308,0,0,0
3.656619,1788533103.420694,-39.1769,-40.0600,-40.0600,-40.0600,-40.9795,0,0,0,-1.2087,-1.2591,2.7701,2.7701,3.1195,0,0,0,0.5701,0.5944,0.8915,0.8915,0.8241,0,0,0,-0.5429,-0.6559,0.7871,0.7871,0.8502,0,0,0,0.9482,1.0171,1.2205,1.2205,1.3239,0,0,0,-0.7443,-0.6651,-0.7981,-0.7981,-0.7324,0,0,0
3.665251,1788533103.436378,-39.1769,-39.9801,-39.9801,-39.9801,-40.9208,0,0,0,-1.2087,-1.2546,2.7602,2.7602,3.0910,0,0,0,0.5701,0.5922,0.8883,0.8883,0.8293,0,0,0,-0.5429,-0.6457,0.7749,0.7749,0.8490,0,0,0,0.9482,1.0109,1.2131,1.2131,1.3161,0,0,0,-0.7443,-0.6722,-0.8067,-0.8067,-0.7347,0,0,0
3.673176,1788533103.443770,-39.1769,-39.9441,-39.9441,-39.9441,-40.8606,0,0,0,-1.2087,-1.2526,2.7557,2.7557,3.0633,0,0,0,0.5701,0.5912,0.8868,0.8868,0.8345,0,0,0,-0.5429,-0.6412,0.7694,0.7694,0.8470,0,0,0,0.9482,1.0081,1.2097,1.2097,1.3085,0,0,0,-0.7443,-0.6754,-0.8105,-0.8105,-0.7375,0,0,0
3.681038,1788533103.443770,-39.1769,-39.9070,-39.9070,-39.9070,-40.7988,0,0,0,-1.2087,-1.2505,2.7510,2.7510,3.0364,0,0,0,0.5701,0.5902,0.8853,0.8853,0.8395,0,0,0,-0.5429,-0.6365,0.7638,0.7638,0.8443,0,0,0,0.9482,1.0052,1.2063,1.2063,1.3009,0,0,0,-0.7443,-0.6787,-0.8145,-0.8145,-0.7409,0,0,0
3.689321,1788533103.443770,-39.1769,-39.8718,-39.8718,-39.8718,-40.7358,0,0,0,-1.2087,-1.2485,2.7466,2.7466,3.0105,0,0,0,0.5701,0.5892,0.8839,0.8839,0.8442,0,0,0,-0.5429,-0.6320,0.7584,0.7584,0.8410,0,0,0,0.9482,1.0025,1.2030,1.2030,1.2934,0,0,0,-0.7443,-0.6819,-0.8182,-0.8182,-0.7447,0,0,0
3.697215,1788533103.468335,-36.3983,-39.4029,-39.4029,-39.4029,-40.6882,0,0,0,-1.0983,-1.2284,2.7024,2.7024,2.9919,0,0,0,0.4281,0.5677,0.8515,0.8515,0.8476,0,0,0,-0.7945,-0.6537,0.7845,0.7845,0.8380,0,0,0,0.8369,0.9803,1.1764,1.1764,1.2878,0,0,0,-0.7822,-0.6953,-0.8343,-0.8343,-0.7478,0,0,0
3.704801,1788533103.475885,-36.3983,-39.2652,-39.2652,-39.2652,-40.6246,0,0,0,-1.0983,-1.2225,2.6894,2.6894,2.9681,0,0,0,0.4281,0.5614,0.8420,0.8420,0.8517,0,0,0,-0.7945,-0.6601,0.7921,0.7921,0.8337,0,0,0,0.8369,0.9738,1.1686,1.1686,1.2806,0,0,0,-0.7822,-0.6992,-0.8391,-0.8391,-0.7522,0,0,0
3.712861,1788533103.483959,-36.3983,-39.1249,-39.1249,-39.1249,-40.5578,0,0,0,-1.0983,-1.2165,2.6762,2.6762,2.9452,0,0,0,0.4281,0.5549,0.8324,0.8324,0.8553,0,0,0,-0.7945,-0.6666,0.7999,0.7999,0.8292,0,0,0,0.8369,0.9672,1.1607,1.1607,1.2733,0,0,0,-0.7822,-0.7032,-0.8439,-0.8439,-0.7569,0,0,0
3.721549,1788533103.483959,-36.3983,-38.9925,-38.9925,-38.9925,-40.4844,0,0,0,-1.0983,-1.2108,2.6638,2.6638,2.9230,0,0,0,0.4281,0.5489,0.8233,0.8233,0.8579,0,0,0,-0.7945,-0.6727,0.8073,0.8073,0.8250,0,0,0,0.8369,0.9610,1.1532,1.1532,1.2659,0,0,0,-0.7822,-0.7070,-0.8484,-0.8484,-0.7620,0,0,0
3.729717,1788533103.483959,-36.3983,-38.8663,-38.8663,-38.8663,-40.4047,0,0,0,-1.0983,-1.2054,2.6519,2.6519,2.9015,0,0,0,0.4281,0.5431,0.8146,0.8146,0.8596,0,0,0,-0.7945,-0.6785,0.8143,0.8143,0.8212,0,0,0,0.8369,0.9550,1.1460,1.1460,1.2584,0,0,0,-0.7822,-0.7106,-0.8527,-0.8527,-0.7674,0,0,0
3.737741,1788533103.508861,-36.3983,-38.5278,-38.5278,-38.5278,-40.3189,0,0,0,-1.0983,-1.1909,2.6200,2.6200,2.8807,0,0,0,0.4281,0.5275,0.7913,0.7913,0.8604,0,0,0,-0.7945,-0.6942,0.8331,0.8331,0.8179,0,0,0,0.8369,0.9390,1.1268,1.1268,1.2507,0,0,0,-0.7822,-0.7203,-0.8644,-0.8644,-0.7729,0,0,0
3.745125,1788533103.517243,-36.3983,-38.4195,-38.4195,-38.4195,-40.2509,0,0,0,-1.0983,-1.1863,2.6098,2.6098,2.8655,0,0,0,0.4281,0.5225,0.7838,0.7838,0.8604,0,0,0,-0.7945,-0.6993,0.8391,0.8391,0.8159,0,0,0,0.8369,0.9339,1.1207,1.1207,1.2449,0,0,0,-0.7822,-0.7234,-0.8681,-0.8681,-0.7772,0,0,0
3.753072,1788533103.517243,-36.3983,-38.3212,-38.3212,-38.3212,-40.1549,0,0,0,-1.0983,-1.1820,2.6005,2.6005,2.8457,0,0,0,0.4281,0.5180,0.7770,0.7770,0.8596,0,0,0,-0.7945,-0.7038,0.8446,0.8446,0.8137,0,0,0,0.8369,0.9293,1.1151,1.1151,1.2370,0,0,0,-0.7822,-0.7262,-0.8715,-0.8715,-0.7830,0,0,0
3.761111,1788533103.517243,-36.3983,-38.2276,-38.2276,-38.2276,-40.0513,0,0,0,-1.0983,-1.1780,2.5917,2.5917,2.8263,0,0,0,0.4281,0.5137,0.7706,0.7706,0.8577,0,0,0,-0.7945,-0.7082,0.8498,0.8498,0.8123,0,0,0,0.8369,0.9248,1.1098,1.1098,1.2289,0,0,0,-0.7822,-0.7289,-0.8747,-0.8747,-0.7890,0,0,0
3.769771,1788533103.540777,-33.4210,-37.5982,-37.5982,-37.7476,-40.0513,1,0,0,-0.8542,-1.1363,2.4998,2.4998,2.8263,0,0,0,0.8225,0.5535,0.8303,0.8303,0.8577,0,0,0,-0.2767,-0.6526,0.7831,0.7831,0.8123,0,0,0,0.7340,0.9002,1.0803,1.0803,1.2289,0,0,0,-1.0618,-0.7718,-0.9262,-0.9262,-0.7890,0,0,0
3.777158,1788533103.540777,-33.4210,-37.3943,-37.3943,-37.3943,-39.8276,0,0,0,-0.8542,-1.1227,2.4700,2.4700,2.7889,0,0,0,0.8225,0.5664,0.8496,0.8496,0.8514,0,0,0,-0.2767,-0.6346,0.7615,0.7615,0.8119,0,0,0,0.7340,0.8923,1.0707,1.0707,1.2125,0,0,0,-1.0618,-0.7857,-0.9429,-0.9429,-0.8011,0,0,0
3.785834,1788533103.540777,-33.4210,-37.1999,-37.1999,-37.1999,-39.7093,0,0,0,-0.8542,-1.1099,2.4417,2.4417,2.7707,0,0,0,0.8225,0.5786,0.8680,0.8680,0.8477,0,0,0,-0.2767,-0.6174,0.7409,0.7409,0.8123,0,0,0,0.7340,0.8847,1.0616,1.0616,1.2041,0,0,0,-1.0618,-0.7989,-0.9587,-0.9587,-0.8073,0,0,0
3.793451,1788533103.563570,-32.2359,-36.5654,-36.5654,-36.7199,-39.5815,1,0,0,-0.7923,-1.0700,2.3541,2.3541,2.7517,0,0,0,0.9341,0.6232,0.9348,0.9348,0.8445,0,0,0,-0.2314,-0.5690,0.6829,0.6829,0.8120,0,0,0,0.8020,0.8743,1.0492,1.0492,1.1955,0,0,0,-1.0698,-0.8329,-0.9995,-0.9995,-0.8143,0,0,0
3.801458,1788533103.572699,-32.2359,-36.3249,-36.3249,-36.3249,-39.4429,0,0,0,-0.7923,-1.0549,2.3209,2.3209,2.7319,0,0,0,0.9341,0.6401,0.9601,0.9601,0.8421,0,0,0,-0.2314,-0.5507,0.6608,0.6608,0.8108,0,0,0,0.8020,0.8704,1.0445,1.0445,1.1865,0,0,0,-1.0698,-0.8458,-1.0149,-1.0149,-0.8220,0,0,0
3.809604,1788533103.580111,-31.3798,-36.0990,-36.0990,-36.0990,-39.2932,0,0,0,-0.6897,-1.0387,2.2851,2.2851,2.7109,0,0,0,0.8931,0.6513,0.9770,0.9770,0.8410,0,0,0,-0.2606,-0.5378,0.6453,0.6453,0.8084,0,0,0,0.7885,0.8667,1.0401,1.0401,1.1772,0,0,0,-0.9933,-0.8523,-1.0228,-1.0228,-0.8307,0,0,0
3.817616,1788533103.580111,-31.3798,-35.8667,-35.8667,-35.8667,-39.1721,0,0,0,-0.6897,-1.0219,2.2482,2.2482,2.6940,0,0,0,0.8931,0.6629,0.9944,0.9944,0.8415,0,0,0,-0.2606,-0.5245,0.6294,0.6294,0.8055,0,0,0,0.7885,0.8630,1.0356,1.0356,1.1701,0,0,0,-0.9933,-0.8591,-1.0309,-1.0309,-0.8379,0,0,0
3.826006,1788533103.580111,-31.3798,-35.6455,-35.6455,-35.6455,-38.9982,0,0,0,-0.6897,-1.0060,2.2132,2.2132,2.6701,0,0,0,0.8931,0.6739,1.0109,1.0109,0.8438,0,0,0,-0.2606,-0.5119,0.6142,0.6142,0.8001,0,0,0,0.7885,0.8594,1.0313,1.0313,1.1605,0,0,0,-0.9933,-0.8655,-1.0386,-1.0386,-0.8483,0,0,0
3.834188,1788533103.603686,-30.9505,-35.0236,-35.0236,-35.1655,-38.8117,1,0,0,-0.6768,-0.9634,2.1196,2.1196,2.6447,0,0,0,0.8899,0.7018,1.0527,1.0527,0.8479,0,0,0,-0.2781,-0.4817,0.5780,0.5780,0.7932,0,0,0,0.7595,0.8465,1.0158,1.0158,1.1510,0,0,0,-0.9933,-0.8820,-1.0584,-1.0584,-0.8595,0,0,0
3.841957,1788533103.613020,-30.9505,-34.7911,-34.7911,-34.7911,-38.6148,0,0,0,-0.6768,-0.9475,2.0846,2.0846,2.6180,0,0,0,0.8899,0.7123,1.0684,1.0684,0.8537,0,0,0,-0.2781,-0.4704,0.5644,0.5644,0.7850,0,0,0,0.7595,0.8417,1.0100,1.0100,1.1415,0,0,0,-0.9933,-0.8882,-1.0658,-1.0658,-0.8713,0,0,0
3.849645,1788533103.619770,-30.9505,-34.6298,-34.6298,-34.6298,-38.4075,0,0,0,-0.6768,-0.9365,2.0603,2.0603,2.5898,0,0,0,0.8899,0.7195,1.0792,1.0792,0.8611,0,0,0,-0.2781,-0.4625,0.5550,0.5550,0.7755,0,0,0,0.7595,0.8384,1.0060,1.0060,1.1321,0,0,0,-0.9933,-0.8925,-1.0710,-1.0710,-0.8834,0,0,0
3.857664,1788533103.628677,-30.9505,-34.4285,-34.4285,-34.4285,-38.1846,0,0,0,-0.6768,-0.9227,2.0299,2.0299,2.5593,0,0,0,0.8899,0.7285,1.0928,1.0928,0.8703,0,0,0,-0.2781,-0.4527,0.5433,0.5433,0.7645,0,0,0,0.7595,0.8342,1.0010,1.0010,1.1227,0,0,0,-0.9933,-0.8978,-1.0774,-1.0774,-0.8960,0,0,0
3.865324,1788533103.637442,-30.9505,-34.2409,-34.2409,-34.2409,-38.0084,0,0,0,-0.6768,-0.9098,2.0016,2.0016,2.5350,0,0,0,0.8899,0.7370,1.1054,1.1054,0.8783,0,0,0,-0.2781,-0.4436,0.5323,0.5323,0.7554,0,0,0,0.7595,0.8303,0.9963,0.9963,1.1156,0,0,0,-0.9933,-0.9028,-1.0834,-1.0834,-0.9057,0,0,0
3.873446,1788533103.644561,-27.7926,-33.9546,-33.9546,-33.9546,-37.7646,0,0,0,-0.4346,-0.8894,1.9567,1.9567,2.5013,0,0,0,0.7290,0.7366,1.1049,1.1049,0.8901,0,0,0,-0.5052,-0.4463,0.5355,0.5355,0.7424,0,0,0,0.8561,0.8314,0.9976,0.9976,1.1063,0,0,0,-0.7239,-0.8952,-1.0742,-1.0742,-0.9187,0,0,0
3.881979,1788533103.652065,-27.7926,-33.6663,-33.6663,-33.6663,-37.5133,0,0,0,-0.4346,-0.8689,1.9116,1.9116,2.4663,0,0,0,0.7290,0.7363,1.1044,1.1044,0.9031,0,0,0,-0.5052,-0.4489,0.5387,0.5387,0.7287,0,0,0,0.8561,0.8325,0.9990,0.9990,1.0971,0,0,0,-0.7239,-0.8874,-1.0649,-1.0649,-0.9317,0,0,0
3.890198,1788533103.661432,-27.7926,-33.3265,-33.3265,-33.3265,-37.2562,0,0,0,-0.4346,-0.8447,1.8583,1.8583,2.4303,0,0,0,0.7290,0.7359,1.1038,1.1038,0.9168,0,0,0,-0.5052,-0.4520,0.5425,0.5425,0.7145,0,0,0,0.8561,0.8338,1.0006,1.0006,1.0882,0,0,0,-0.7239,-0.8783,-1.0540,-1.0540,-0.9444,0,0,0
3.897116,1788533103.669234,-27.7926,-33.0568,-33.0568,-33.0568,-36.9940,0,0,0,-0.4346,-0.8255,1.8160,1.8160,2.3933,0,0,0,0.7290,0.7356,1.1033,1.1033,0.9307,0,0,0,-0.5052,-0.4545,0.5454,0.5454,0.7004,0,0,0,0.8561,0.8348,1.0018,1.0018,1.0797,0,0,0,-0.7239,-0.8711,-1.0453,-1.0453,-0.9565,0,0,0
3.906231,1788533103.677342,-27.7926,-32.7903,-32.7903,-32.7903,-36.7940,0,0,0,-0.4346,-0.8065,1.7742,1.7742,2.3649,0,0,0,0.7290,0.7352,1.1029,1.1029,0.9412,0,0,0,-0.5052,-0.4570,0.5484,0.5484,0.6900,0,0,0,0.8561,0.8359,1.0030,1.0030,1.0736,0,0,0,-0.7239,-0.8640,-1.0368,-1.0368,-0.9649,0,0,0
3.914270,1788533103.685395,-27.7926,-32.5385,-32.5385,-32.5385,-36.5235,0,0,0,-0.4346,-0.7885,1.7347,1.7347,2.3262,0,0,0,0.7290,0.7349,1.1024,1.1024,0.9549,0,0,0,-0.5052,-0.4593,0.5512,0.5512,0.6766,0,0,0,0.8561,0.8368,1.0042,1.0042,1.0660,0,0,0,-0.7239,-0.8572,-1.0287,-1.0287,-0.9753,0,0,0
3.922185,1788533103.692291,-25.5981,-32.2362,-32.2362,-32.2362,-36.2493,0,0,0,-0.3060,-0.7684,1.6904,1.6904,2.2867,0,0,0,0.8275,0.7388,1.1082,1.1082,0.9682,0,0,0,-0.4548,-0.4591,0.5510,0.5510,0.6638,0,0,0,0.9412,0.8412,1.0094,1.0094,1.0589,0,0,0,-0.8091,-0.8552,-1.0263,-1.0263,-0.9846,0,0,0
3.929998,1788533103.700063,-25.5981,-31.9113,-31.9113,-31.9113,-35.9726,0,0,0,-0.3060,-0.7468,1.6429,1.6429,2.2466,0,0,0,0.8275,0.7429,1.1144,1.1144,0.9810,0,0,0,-0.4548,-0.4589,0.5507,0.5507,0.6519,0,0,0,0.9412,0.8458,1.0150,1.0150,1.0524,0,0,0,-0.8091,-0.8531,-1.0237,-1.0237,-0.9927,0,0,0
3.937434,1788533103.708550,-24.6544,-31.5242,-31.5242,-31.5242,-35.6940,0,0,0,-0.2378,-0.7209,1.5860,1.5860,2.2060,0,0,0,0.9555,0.7537,1.1305,1.1305,0.9931,0,0,0,-0.3781,-0.4548,0.5458,0.5458,0.6407,0,0,0,1.0004,0.8537,1.0244,1.0244,1.0465,0,0,0,-0.9635,-0.8587,-1.0304,-1.0304,-0.9997,0,0,0
3.945510,1788533103.716109,-24.6544,-31.1953,-31.1953,-31.1953,-35.4836,0,0,0,-0.2378,-0.6989,1.5376,1.5376,2.1752,0,0,0,0.9555,0.7629,1.1443,1.1443,1.0019,0,0,0,-0.3781,-0.4513,0.5416,0.5416,0.6330,0,0,0,1.0004,0.8603,1.0324,1.0324,1.0425,0,0,0,-0.9635,-0.8634,-1.0361,-1.0361,-1.0042,0,0,0
3.954256,1788533103.724359,-24.6544,-30.8544,-30.8544,-30.8544,-35.2006,0,0,0,-0.2378,-0.6761,1.4874,1.4874,2.1336,0,0,0,0.9555,0.7724,1.1585,1.1585,1.0130,0,0,0,-0.3781,-0.4477,0.5373,0.5373,0.6233,0,0,0,1.0004,0.8672,1.0407,1.0407,1.0379,0,0,0,-0.9635,-0.8684,-1.0420,-1.0420,-1.0093,0,0,0
3.962317,1788533103.733381,-24.6544,-30.5023,-30.5023,-30.5023,-34.9142,0,0,0,-0.2378,-0.6525,1.4355,1.4355,2.0913,0,0,0,0.9555,0.7822,1.1733,1.1733,1.0239,0,0,0,-0.3781,-0.4440,0.5328,0.5328,0.6145,0,0,0,1.0004,0.8744,1.0492,1.0492,1.0341,0,0,0,-0.9635,-0.8735,-1.0482,-1.0482,-1.0137,0,0,0
3.970033,1788533103.740101,-24.6544,-30.2509,-30.2509,-30.2509,-34.6241,0,0,0,-0.2378,-0.6356,1.3983,1.3983,2.0485,0,0,0,0.9555,0.7892,1.1838,1.1838,1.0345,0,0,0,-0.3781,-0.4413,0.5296,0.5296,0.6062,0,0,0,1.0004,0.8795,1.0554,1.0554,1.0311,0,0,0,-0.9635,-0.8771,-1.0525,-1.0525,-1.0176,0,0,0
3.977671,1788533103.748697,-24.6544,-29.9467,-29.9467,-29.9467,-34.3302,0,0,0,-0.2378,-0.6151,1.3533,1.3533,2.0050,0,0,0,0.9555,0.7978,1.1966,1.1966,1.0450,0,0,0,-0.3781,-0.4381,0.5257,0.5257,0.5986,0,0,0,1.0004,0.8857,1.0628,1.0628,1.0289,0,0,0,-0.9635,-0.8815,-1.0579,-1.0579,-1.0211,0,0,0
3.985620,1788533103.755933,-21.9963,-29.5786,-29.5786,-29.5786,-34.0329,0,0,0,-0.2052,-0.5972,1.3139,1.3139,1.9609,0,0,0,0.9120,0.8027,1.2041,1.2041,1.0555,0,0,0,-0.5042,-0.4410,0.5291,0.5291,0.5914,0,0,0,1.1175,0.8958,1.0749,1.0749,1.0277,0,0,0,-0.9924,-0.8864,-1.0636,-1.0636,-1.0243,0,0,0
3.993182,1788533103.755933,-21.9963,-29.1917,-29.1917,-29.1917,-33.8084,0,0,0,-0.2052,-0.5784,1.2724,1.2724,1.9276,0,0,0,0.9120,0.8080,1.2120,1.2120,1.0634,0,0,0,-0.5042,-0.4440,0.5328,0.5328,0.5864,0,0,0,1.1175,0.9064,1.0877,1.0877,1.0272,0,0,0,-0.9924,-0.8915,-1.0697,-1.0697,-1.0266,0,0,0
4.001730,1788533103.772850,-21.0320,-28.3592,-28.3592,-28.7117,-33.5072,1,0,0,-0.1379,-0.5359,1.1789,1.1789,1.8830,0,0,0,0.9989,0.8263,1.2395,1.2395,1.0739,0,0,0,-0.3804,-0.4379,0.5254,0.5254,0.5800,0,0,0,1.1175,0.9267,1.1120,1.1120,1.0273,0,0,0,-0.8602,-0.8884,-1.0661,-1.0661,-1.0295,0,0,0
4.010303,1788533103.781423,-21.0320,-27.9596,-27.9596,-28.2317,-33.2035,1,0,0,-0.1379,-0.5154,1.1340,1.1340,1.8382,0,0,0,0.9989,0.8352,1.2528,1.2528,1.0844,0,0,0,-0.3804,-0.4349,0.5219,0.5219,0.5742,0,0,0,1.1175,0.9364,1.1237,1.1237,1.0282,0,0,0,-0.8602,-0.8870,-1.0644,-1.0644,-1.0324,0,0,0
4.018241,1788533103.781423,-21.0320,-27.6053,-27.6053,-27.7517,-32.8960,1,0,0,-0.1379,-0.4973,1.0941,1.0941,1.7932,0,0,0,0.9989,0.8430,1.2645,1.2645,1.0948,0,0,0,-0.3804,-0.4323,0.5188,0.5188,0.5689,0,0,0,1.1175,0.9451,1.1341,1.1341,1.0300,0,0,0,-0.8602,-0.8857,-1.0629,-1.0629,-1.0353,0,0,0
4.025488,1788533103.781423,-21.0320,-27.2687,-27.2687,-27.2717,-32.5830,1,0,0,-0.1379,-0.4800,1.0560,1.0560,1.7475,0,0,0,0.9989,0.8505,1.2757,1.2757,1.1055,0,0,0,-0.3804,-0.4298,0.5158,0.5158,0.5640,0,0,0,1.1175,0.9534,1.1440,1.1440,1.0327,0,0,0,-0.8602,-0.8845,-1.0614,-1.0614,-1.0380,0,0,0
4.033613,1788533103.805731,-19.3967,-26.1637,-26.1637,-26.7917,-32.2626,1,0,0,-0.1150,-0.4315,0.9492,0.9492,1.7011,0,0,0,0.9098,0.8584,1.2875,1.2875,1.1164,0,0,0,-0.4893,-0.4377,0.5253,0.5253,0.5594,0,0,0,1.2758,0.9961,1.1953,1.1953,1.0365,0,0,0,-0.5493,-0.8401,-1.0081,-1.0081,-1.0407,0,0,0
4.042167,1788533103.805731,-19.3967,-25.8180,-25.8180,-26.3117,-31.9338,1,0,0,-0.1150,-0.4163,0.9158,0.9158,1.6542,0,0,0,0.9098,0.8608,1.2912,1.2912,1.1274,0,0,0,-0.4893,-0.4402,0.5282,0.5282,0.5551,0,0,0,1.2758,1.0095,1.2114,1.2114,1.0411,0,0,0,-0.5493,-0.8262,-0.9914,-0.9914,-1.0431,0,0,0
4.050206,1788533103.820817,-18.4897,-25.1433,-25.1433,-25.8317,-31.6811,1,0,0,-0.1330,-0.3916,0.8616,0.8616,1.6189,0,0,0,0.9521,0.8687,1.3031,1.3031,1.1359,0,0,0,-0.4893,-0.4444,0.5333,0.5333,0.5521,0,0,0,1.2211,1.0279,1.2334,1.2334,1.0451,0,0,0,-0.4248,-0.7914,-0.9497,-0.9497,-1.0448,0,0,0
4.057229,1788533103.828345,-18.4897,-24.8223,-24.8223,-25.3517,-31.3352,1,0,0,-0.1330,-0.3799,0.8358,0.8358,1.5710,0,0,0,0.9521,0.8725,1.3088,1.3088,1.1472,0,0,0,-0.4893,-0.4465,0.5358,0.5358,0.5484,0,0,0,1.2211,1.0366,1.2439,1.2439,1.0516,0,0,0,-0.4248,-0.7748,-0.9298,-0.9298,-1.0462,0,0,0
4.066318,1788533103.836914,-17.4776,-24.4211,-24.4211,-24.8717,-30.9740,1,0,0,-0.0965,-0.3654,0.8038,0.8038,1.5216,0,0,0,1.0255,0.8803,1.3205,1.3205,1.1587,0,0,0,-0.4014,-0.4442,0.5330,0.5330,0.5452,0,0,0,1.1739,1.0436,1.2523,1.2523,1.0596,0,0,0,-0.4433,-0.7579,-0.9095,-0.9095,-1.0459,0,0,0
4.074361,1788533103.844496,-17.1324,-24.0660,-24.0660,-24.3917,-30.5959,1,0,0,-0.1367,-0.3549,0.7809,0.7809,1.4712,0,0,0,0.9929,0.8855,1.3282,1.3282,1.1703,0,0,0,-0.4465,-0.4443,0.5331,0.5331,0.5425,0,0,0,1.1739,1.0496,1.2595,1.2595,1.0691,0,0,0,-0.4339,-0.7431,-0.8918,-0.8918,-1.0437,0,0,0
4.082448,1788533103.852052,-17.1324,-23.7287,-23.7287,-23.9117,-30.2029,1,0,0,-0.1367,-0.3450,0.7590,0.7590,1.4203,0,0,0,0.9929,0.8903,1.3355,1.3355,1.1819,0,0,0,-0.4465,-0.4444,0.5332,0.5332,0.5403,0,0,0,1.1739,1.0552,1.2662,1.2662,1.0796,0,0,0,-0.4339,-0.7291,-0.8749,-0.8749,-1.0398,0,0,0
4.090002,1788533103.861116,-17.1324,-23.3473,-23.3473,-23.4317,-29.8993,1,0,0,-0.1367,-0.3337,0.7342,0.7342,1.3822,0,0,0,0.9929,0.8959,1.3438,1.3438,1.1906,0,0,0,-0.4465,-0.4445,0.5334,0.5334,0.5389,0,0,0,1.1739,1.0616,1.2739,1.2739,1.0880,0,0,0,-0.4339,-0.7132,-0.8558,-0.8558,-1.0357,0,0,0
4.098025,1788533103.869142,-17.1324,-23.0268,-23.0268,-23.0268,-29.4842,0,0,0,-0.1367,-0.3242,0.7133,0.7133,1.3318,0,0,0,0.9929,0.9005,1.3508,1.3508,1.2022,0,0,0,-0.4465,-0.4446,0.5335,0.5335,0.5372,0,0,0,1.1739,1.0670,1.2804,1.2804,1.0998,0,0,0,-0.4339,-0.6998,-0.8397,-0.8397,-1.0290,0,0,0
4.106142,1788533103.869142,-17.1324,-22.7235,-22.7235,-22.7235,-29.0586,0,0,0,-0.1367,-0.3152,0.6935,0.6935,1.2821,0,0,0,0.9929,0.9050,1.3574,1.3574,1.2136,0,0,0,-0.4465,-0.4447,0.5336,0.5336,0.5359,0,0,0,1.1739,1.0721,1.2865,1.2865,1.1120,0,0,0,-0.4339,-0.6870,-0.8244,-0.8244,-1.0210,0,0,0
4.114145,1788533103.885262,-15.5012,-22.0133,-22.0133,-22.2435,-28.6244,1,0,0,-0.0317,-0.2891,0.6359,0.6359,1.2336,0,0,0,1.0816,0.9212,1.3818,1.3818,1.2248,0,0,0,-0.3356,-0.4346,0.5216,0.5216,0.5348,0,0,0,1.2011,1.0840,1.3008,1.3008,1.1244,0,0,0,-0.4450,-0.6647,-0.7977,-0.7977,-1.0116,0,0,0
4.122173,1788533103.893283,-14.7513,-21.6390,-21.6390,-21.7635,-28.1850,1,0,0,-0.0173,-0.2760,0.6072,0.6072,1.1865,0,0,0,1.0813,0.9289,1.3934,1.3934,1.2359,0,0,0,-0.3323,-0.4297,0.5157,0.5157,0.5339,0,0,0,1.2428,1.0916,1.3100,1.3100,1.1368,0,0,0,-0.3113,-0.6477,-0.7773,-0.7773,-1.0012,0,0,0
4.130169,1788533103.901289,-14.3634,-21.2641,-21.2641,-21.2835,-27.7422,1,0,0,0.0264,-0.2614,0.5752,0.5752,1.1405,0,0,0,1.0813,0.9362,1.4043,1.4043,1.2468,0,0,0,-0.2526,-0.4212,0.5055,0.5055,0.5331,0,0,0,1.2507,1.0993,1.3191,1.3191,1.1493,0,0,0,-0.3113,-0.6316,-0.7579,-0.7579,-0.9897,0,0,0
4.137716,1788533103.908947,-14.3634,-20.9229,-20.9229,-20.9229,-27.2964,0,0,0,0.0264,-0.2482,0.5460,0.5460,1.0956,0,0,0,1.0813,0.9429,1.4143,1.4143,1.2578,0,0,0,-0.2526,-0.4135,0.4962,0.4962,0.5323,0,0,0,1.2507,1.1062,1.3275,1.3275,1.1617,0,0,0,-0.3113,-0.6169,-0.7402,-0.7402,-0.9773,0,0,0
4.146305,1788533103.908947,-14.3634,-20.5844,-20.5844,-20.5844,-26.8514,0,0,0,0.0264,-0.2350,0.5170,0.5170,1.0520,0,0,0,1.0813,0.9495,1.4243,1.4243,1.2688,0,0,0,-0.2526,-0.4058,0.4869,0.4869,0.5313,0,0,0,1.2507,1.1131,1.3358,1.3358,1.1741,0,0,0,-0.3113,-0.6022,-0.7226,-0.7226,-0.9640,0,0,0
4.154344,1788533103.908947,-14.3634,-20.2633,-20.2633,-20.2633,-26.5189,0,0,0,0.0264,-0.2224,0.4894,0.4894,1.0201,0,0,0,1.0813,0.9558,1.4338,1.4338,1.2770,0,0,0,-0.2526,-0.3985,0.4781,0.4781,0.5304,0,0,0,1.2507,1.1197,1.3437,1.3437,1.1832,0,0,0,-0.3113,-0.5882,-0.7059,-0.7059,-0.9537,0,0,0
4.161971,1788533103.933033,-14.3634,-19.4372,-19.4372,-19.7833,-26.0740,1,0,0,0.0264,-0.1896,0.4172,0.4172,0.9785,0,0,0,1.0813,0.9724,1.4585,1.4585,1.2879,0,0,0,-0.2526,-0.3793,0.4551,0.4551,0.5289,0,0,0,1.2507,1.1370,1.3644,1.3644,1.1952,0,0,0,-0.3113,-0.5518,-0.6621,-0.6621,-0.9392,0,0,0
4.170126,1788533103.933033,-14.3634,-19.1769,-19.1769,-19.3033,-25.6294,1,0,0,0.0264,-0.1793,0.3944,0.3944,0.9377,0,0,0,1.0813,0.9776,1.4664,1.4664,1.2989,0,0,0,-0.2526,-0.3732,0.4478,0.4478,0.5270,0,0,0,1.2507,1.1424,1.3709,1.3709,1.2071,0,0,0,-0.3113,-0.5402,-0.6483,-0.6483,-0.9240,0,0,0
4.178277,1788533103.933033,-14.3634,-18.9299,-18.9299,-18.9299,-25.1862,0,0,0,0.0264,-0.1694,0.3726,0.3726,0.8978,0,0,0,1.0813,0.9826,1.4738,1.4738,1.3100,0,0,0,-0.2526,-0.3674,0.4409,0.4409,0.5245,0,0,0,1.2507,1.1476,1.3771,1.3771,1.2189,0,0,0,-0.3113,-0.5293,-0.6351,-0.6351,-0.9081,0,0,0
4.186226,1788533103.956824,-14.3634,-18.3008,-18.3008,-18.4499,-24.8543,1,0,0,0.0264,-0.1438,0.3165,0.3165,0.8680,0,0,0,1.0813,0.9954,1.4931,1.4931,1.3184,0,0,0,-0.2526,-0.3525,0.4230,0.4230,0.5222,0,0,0,1.2507,1.1610,1.3932,1.3932,1.2278,0,0,0,-0.3113,-0.5009,-0.6010,-0.6010,-0.8957,0,0,0
4.194332,1788533103.965442,-14.3634,-18.0854,-18.0854,-18.0854,-24.4121,0,0,0,0.0264,-0.1351,0.2972,0.2972,0.8287,0,0,0,1.0813,0.9998,1.4997,1.4997,1.3297,0,0,0,-0.2526,-0.3473,0.4168,0.4168,0.5186,0,0,0,1.2507,1.1656,1.3988,1.3988,1.2394,0,0,0,-0.3113,-0.4911,-0.5893,-0.5893,-0.8785,0,0,0
4.202839,1788533103.972940,-14.3634,-17.9071,-17.9071,-17.9071,-23.9707,0,0,0,0.0264,-0.1278,0.2811,0.2811,0.7899,0,0,0,1.0813,1.0035,1.5052,1.5052,1.3411,0,0,0,-0.2526,-0.3431,0.4117,0.4117,0.5144,0,0,0,1.2507,1.1695,1.4034,1.4034,1.2510,0,0,0,-0.3113,-0.4830,-0.5796,-0.5796,-0.8607,0,0,0
4.209996,1788533103.982114,-14.3634,-17.7018,-17.7018,-17.7018,-23.6401,0,0,0,0.0264,-0.1194,0.2626,0.2626,0.7611,0,0,0,1.0813,1.0077,1.5116,1.5116,1.3497,0,0,0,-0.2526,-0.3381,0.4058,0.4058,0.5108,0,0,0,1.2507,1.1739,1.4087,1.4087,1.2596,0,0,0,-0.3113,-0.4736,-0.5683,-0.5683,-0.8470,0,0,0
4.218044,1788533103.989142,-14.3634,-17.5517,-17.5517,-17.5517,-23.0907,0,0,0,0.0264,-0.1132,0.2490,0.2490,0.7135,0,0,0,1.0813,1.0109,1.5163,1.5163,1.3642,0,0,0,-0.2526,-0.3345,0.4014,0.4014,0.5041,0,0,0,1.2507,1.1772,1.4126,1.4126,1.2738,0,0,0,-0.3113,-0.4667,-0.5601,-0.5601,-0.8236,0,0,0
4.226067,1788533103.997184,-14.3634,-17.3888,-17.3888,-17.3888,-22.7628,0,0,0,0.0264,-0.1064,0.2342,0.2342,0.6853,0,0,0,1.0813,1.0142,1.5214,1.5214,1.3729,0,0,0,-0.2526,-0.3306,0.3967,0.3967,0.4997,0,0,0,1.2507,1.1807,1.4168,1.4168,1.2823,0,0,0,-0.3113,-0.4592,-0.5511,-0.5511,-0.8093,0,0,0
4.234156,1788533104.006273,-9.5954,-16.9409,-16.9409,-16.9409,-22.3306,0,0,0,-0.0598,-0.1039,0.2286,0.2286,0.6484,0,0,0,1.3005,1.0297,1.5446,1.5446,1.3844,0,0,0,-0.3426,-0.3312,0.3975,0.3975,0.4935,0,0,0,1.2333,1.1835,1.4203,1.4203,1.2933,0,0,0,-0.4109,-0.4566,-0.5480,-0.5480,-0.7902,0,0,0
4.242179,1788533104.014297,-9.5954,-16.5650,-16.5650,-16.5650,-21.9072,0,0,0,-0.0598,-0.1018,0.2239,0.2239,0.6124,0,0,0,1.3005,1.0427,1.5641,1.5641,1.3958,0,0,0,-0.3426,-0.3318,0.3981,0.3981,0.4869,0,0,0,1.2333,1.1859,1.4231,1.4231,1.3041,0,0,0,-0.4109,-0.4544,-0.5453,-0.5453,-0.7711,0,0,0
4.250125,1788533104.021246,-9.5954,-16.2533,-16.2533,-16.2533,-21.4919,0,0,0,-0.0598,-0.1000,0.2201,0.2201,0.5775,0,0,0,1.3005,1.0536,1.5803,1.5803,1.4072,0,0,0,-0.3426,-0.3322,0.3987,0.3987,0.4803,0,0,0,1.2333,1.1879,1.4255,1.4255,1.3145,0,0,0,-0.4109,-0.4526,-0.5431,-0.5431,-0.7523,0,0,0
4.258188,1788533104.021246,-9.5954,-15.9125,-15.9125,-15.9125,-21.1848,0,0,0,-0.0598,-0.0981,0.2158,0.2158,0.5524,0,0,0,1.3005,1.0654,1.5981,1.5981,1.4159,0,0,0,-0.3426,-0.3327,0.3993,0.3993,0.4753,0,0,0,1.2333,1.1901,1.4281,1.4281,1.3221,0,0,0,-0.4109,-0.4506,-0.5407,-0.5407,-0.7385,0,0,0
4.266301,1788533104.021246,-9.5954,-15.5887,-15.5887,-15.5887,-20.8814,0,0,0,-0.0598,-0.0963,0.2118,0.2118,0.5281,0,0,0,1.3005,1.0767,1.6150,1.6150,1.4246,0,0,0,-0.3426,-0.3332,0.3998,0.3998,0.4703,0,0,0,1.2333,1.1922,1.4306,1.4306,1.3294,0,0,0,-0.4109,-0.4487,-0.5384,-0.5384,-0.7251,0,0,0
4.274311,1788533104.021246,-9.5954,-15.2814,-15.2814,-15.2814,-20.3837,0,0,0,-0.0598,-0.0945,0.2079,0.2079,0.4899,0,0,0,1.3005,1.0874,1.6311,1.6311,1.4395,0,0,0,-0.3426,-0.3336,0.4004,0.4004,0.4624,0,0,0,1.2333,1.1941,1.4330,1.4330,1.3410,0,0,0,-0.4109,-0.4469,-0.5363,-0.5363,-0.7037,0,0,0
4.281929,1788533104.054047,-8.4027,-14.0415,-14.0415,-14.8014,-19.9952,1,0,0,0.1519,-0.0523,0.1151,0.1151,0.4613,0,0,0,1.3774,1.1370,1.7055,1.7055,1.4516,0,0,0,-0.1367,-0.3000,0.3600,0.3600,0.4563,0,0,0,1.1203,1.1815,1.4178,1.4178,1.3497,0,0,0,-0.5090,-0.4575,-0.5490,-0.5490,-0.6875,0,0,0
4.290514,1788533104.061612,-6.8630,-13.6944,-13.6944,-14.3214,-19.7096,1,0,0,0.2069,-0.0405,0.0892,0.0892,0.4412,0,0,0,1.3955,1.1488,1.7232,1.7232,1.4608,0,0,0,-0.1435,-0.2929,0.3514,0.3514,0.4520,0,0,0,0.9856,1.1726,1.4071,1.4071,1.3560,0,0,0,-0.4165,-0.4557,-0.5468,-0.5468,-0.6760,0,0,0
4.298551,1788533104.061612,-6.8630,-13.3455,-13.3455,-13.8414,-19.3323,1,0,0,0.2069,-0.0287,0.0631,0.0631,0.4155,0,0,0,1.3955,1.1606,1.7409,1.7409,1.4737,0,0,0,-0.1435,-0.2857,0.3429,0.3429,0.4464,0,0,0,0.9856,1.1637,1.3964,1.3964,1.3638,0,0,0,-0.4165,-0.4538,-0.5445,-0.5445,-0.6616,0,0,0
4.306594,1788533104.078712,-6.1374,-12.6029,-12.6029,-13.3614,-18.9565,1,0,0,-0.1753,-0.0429,0.0944,0.0944,0.3901,0,0,0,1.2611,1.1704,1.7556,1.7556,1.4878,0,0,0,-0.2009,-0.2775,0.3330,0.3330,0.4404,0,0,0,0.9900,1.1468,1.3762,1.3762,1.3708,0,0,0,-0.2799,-0.4369,-0.5243,-0.5243,-0.6483,0,0,0
4.314166,1788533104.085275,-6.1374,-12.3295,-12.3295,-12.8814,-18.5801,1,0,0,-0.1753,-0.0482,0.1060,0.1060,0.3650,0,0,0,1.2611,1.1740,1.7610,1.7610,1.5030,0,0,0,-0.2009,-0.2744,0.3293,0.3293,0.4342,0,0,0,0.9900,1.1406,1.3687,1.3687,1.3768,0,0,0,-0.2799,-0.4307,-0.5168,-0.5168,-0.6362,0,0,0
4.322142,1788533104.094260,-6.1374,-11.9762,-11.9762,-12.4014,-18.2014,1,0,0,-0.1753,-0.0550,0.1210,0.1210,0.3402,0,0,0,1.2611,1.1786,1.7680,1.7680,1.5191,0,0,0,-0.2009,-0.2705,0.3246,0.3246,0.4277,0,0,0,0.9900,1.1325,1.3591,1.3591,1.3818,0,0,0,-0.2799,-0.4226,-0.5071,-0.5071,-0.6250,0,0,0
4.330852,1788533104.100958,-6.1374,-11.7239,-11.7239,-11.9214,-17.9151,1,0,0,-0.1753,-0.0598,0.1317,0.1317,0.3224,0,0,0,1.2611,1.1820,1.7730,1.7730,1.5316,0,0,0,-0.2009,-0.2677,0.3212,0.3212,0.4227,0,0,0,0.9900,1.1268,1.3521,1.3521,1.3847,0,0,0,-0.2799,-0.4168,-0.5002,-0.5002,-0.6170,0,0,0
4.338906,1788533104.110028,-6.1374,-11.4019,-11.4019,-11.4414,-17.5296,1,0,0,-0.1753,-0.0661,0.1454,0.1454,0.2999,0,0,0,1.2611,1.1862,1.7794,1.7794,1.5485,0,0,0,-0.2009,-0.2641,0.3169,0.3169,0.4159,0,0,0,0.9900,1.1194,1.3433,1.3433,1.3877,0,0,0,-0.2799,-0.4094,-0.4913,-0.4913,-0.6069,0,0,0
4.346617,1788533104.116743,-6.1374,-11.1737,-11.1737,-11.1737,-17.1390,0,0,0,-0.1753,-0.0705,0.1551,0.1551,0.2792,0,0,0,1.2611,1.1893,1.7839,1.7839,1.5656,0,0,0,-0.2009,-0.2615,0.3138,0.3138,0.4089,0,0,0,0.9900,1.1142,1.3370,1.3370,1.3894,0,0,0,-0.2799,-0.4042,-0.4850,-0.4850,-0.5973,0,0,0
4.354667,1788533104.116743,-6.1374,-10.9157,-10.9157,-10.9157,-16.7429,0,0,0,-0.1753,-0.0755,0.1662,0.1662,0.2605,0,0,0,1.2611,1.1927,1.7891,1.7891,1.5826,0,0,0,-0.2009,-0.2586,0.3104,0.3104,0.4020,0,0,0,0.9900,1.1082,1.3299,1.3299,1.3902,0,0,0,-0.2799,-0.3982,-0.4779,-0.4779,-0.5881,0,0,0
4.362906,1788533104.116743,-6.1374,-10.6709,-10.6709,-10.6709,-16.3416,0,0,0,-0.1753,-0.0803,0.1767,0.1767,0.2438,0,0,0,1.2611,1.1960,1.7940,1.7940,1.5992,0,0,0,-0.2009,-0.2559,0.3070,0.3070,0.3951,0,0,0,0.9900,1.1026,1.3231,1.3231,1.3899,0,0,0,-0.2799,-0.3925,-0.4711,-0.4711,-0.5792,0,0,0
4.370441,1788533104.142559,-3.7561,-9.6496,-9.6496,-10.1909,-16.0390,1,0,0,0.0461,-0.0627,0.1378,0.1378,0.2327,0,0,0,1.2747,1.2070,1.8105,1.8105,1.6115,0,0,0,-0.2648,-0.2571,0.3085,0.3085,0.3899,0,0,0,0.9517,1.0815,1.2978,1.2978,1.3892,0,0,0,-0.2665,-0.3749,-0.4499,-0.4499,-0.5728,0,0,0
4.378494,1788533104.149599,-3.7561,-9.3833,-9.3833,-9.7109,-15.6351,1,0,0,0.0461,-0.0580,0.1277,0.1277,0.2196,0,0,0,1.2747,1.2099,1.8148,1.8148,1.6274,0,0,0,-0.2648,-0.2574,0.3089,0.3089,0.3832,0,0,0,0.9517,1.0760,1.2912,1.2912,1.3875,0,0,0,-0.2665,-0.3703,-0.4444,-0.4444,-0.5644,0,0,0
4.387001,1788533104.157602,-3.7561,-9.0958,-9.0958,-9.2309,-15.2283,1,0,0,0.0461,-0.0530,0.1167,0.1167,0.2081,0,0,0,1.2747,1.2130,1.8195,1.8195,1.6429,0,0,0,-0.2648,-0.2578,0.3093,0.3093,0.3767,0,0,0,0.9517,1.0701,1.2841,1.2841,1.3847,0,0,0,-0.2665,-0.3654,-0.4384,-0.4384,-0.5560,0,0,0
4.394576,1788533104.165670,-3.7561,-8.8208,-8.8208,-8.8208,-14.8164,0,0,0,0.0461,-0.0483,0.1062,0.1062,0.1978,0,0,0,1.2747,1.2160,1.8239,1.8239,1.6580,0,0,0,-0.2648,-0.2581,0.3098,0.3098,0.3704,0,0,0,0.9517,1.0643,1.2772,1.2772,1.3810,0,0,0,-0.2665,-0.3606,-0.4327,-0.4327,-0.5475,0,0,0
4.402847,1788533104.173276,-3.7561,-8.5741,-8.5741,-8.5741,-14.3994,0,0,0,0.0461,-0.0440,0.0967,0.0967,0.1884,0,0,0,1.2747,1.2186,1.8280,1.8280,1.6725,0,0,0,-0.2648,-0.2584,0.3101,0.3101,0.3644,0,0,0,0.9517,1.0592,1.2710,1.2710,1.3764,0,0,0,-0.2665,-0.3563,-0.4275,-0.4275,-0.5390,0,0,0
4.410279,1788533104.182396,-3.7561,-8.2955,-8.2955,-8.2955,-14.0839,0,0,0,0.0461,-0.0391,0.0860,0.0860,0.1818,0,0,0,1.2747,1.2217,1.8325,1.8325,1.6831,0,0,0,-0.2648,-0.2588,0.3105,0.3105,0.3601,0,0,0,0.9517,1.0534,1.2640,1.2640,1.3725,0,0,0,-0.2665,-0.3514,-0.4217,-0.4217,-0.5326,0,0,0
4.418858,1788533104.182396,-3.7561,-8.0635,-8.0635,-8.0635,-13.6616,0,0,0,0.0461,-0.0350,0.0770,0.0770,0.1734,0,0,0,1.2747,1.2242,1.8363,1.8363,1.6967,0,0,0,-0.2648,-0.2591,0.3109,0.3109,0.3548,0,0,0,0.9517,1.0485,1.2582,1.2582,1.3668,0,0,0,-0.2665,-0.3473,-0.4168,-0.4168,-0.5242,0,0,0
4.426890,1788533104.198005,-3.7561,-7.6552,-7.6552,-7.6552,-13.2406,0,0,0,0.0461,-0.0277,0.0610,0.0610,0.1655,0,0,0,1.2747,1.2287,1.8431,1.8431,1.7096,0,0,0,-0.2648,-0.2596,0.3115,0.3115,0.3498,0,0,0,0.9517,1.0398,1.2478,1.2478,1.3606,0,0,0,-0.2665,-0.3401,-0.4081,-0.4081,-0.5159,0,0,0
4.435117,1788533104.198005,-3.7561,-7.4567,-7.4567,-7.4567,-12.8233,0,0,0,0.0461,-0.0242,0.0532,0.0532,0.1578,0,0,0,1.2747,1.2309,1.8464,1.8464,1.7219,0,0,0,-0.2648,-0.2598,0.3118,0.3118,0.3453,0,0,0,0.9517,1.0356,1.2427,1.2427,1.3540,0,0,0,-0.2665,-0.3366,-0.4039,-0.4039,-0.5077,0,0,0
4.442741,1788533104.213857,-3.7561,-7.1022,-7.1022,-7.1022,-12.4107,0,0,0,0.0461,-0.0178,0.0392,0.0392,0.1503,0,0,0,1.2747,1.2349,1.8524,1.8524,1.7335,0,0,0,-0.2648,-0.2603,0.3123,0.3123,0.3411,0,0,0,0.9517,1.0280,1.2336,1.2336,1.3471,0,0,0,-0.2665,-0.3302,-0.3963,-0.3963,-0.4996,0,0,0
4.450750,1788533104.213857,-3.7561,-6.9324,-6.9324,-6.9324,-12.0038,0,0,0,0.0461,-0.0148,0.0325,0.0325,0.1428,0,0,0,1.2747,1.2368,1.8552,1.8552,1.7446,0,0,0,-0.2648,-0.2605,0.3126,0.3126,0.3373,0,0,0,0.9517,1.0244,1.2292,1.2292,1.3400,0,0,0,-0.2665,-0.3272,-0.3926,-0.3926,-0.4917,0,0,0
4.458037,1788533104.229028,-3.7561,-6.6409,-6.6409,-6.6409,-11.8028,0,0,0,0.0461,-0.0095,0.0208,0.0208,0.1390,0,0,0,1.2747,1.2401,1.8602,1.8602,1.7499,0,0,0,-0.2648,-0.2609,0.3130,0.3130,0.3356,0,0,0,0.9517,1.0180,1.2216,1.2216,1.3363,0,0,0,-0.2665,-0.3219,-0.3863,-0.3863,-0.4878,0,0,0
4.466775,1788533104.237937,-3.7561,-6.4795,-6.4795,-6.4795,-11.2121,0,0,0,0.0461,-0.0065,0.0143,0.0143,0.1276,0,0,0,1.2747,1.2420,1.8629,1.8629,1.7649,0,0,0,-0.2648,-0.2611,0.3133,0.3133,0.3309,0,0,0,0.9517,1.0145,1.2174,1.2174,1.3251,0,0,0,-0.2665,-0.3189,-0.3827,-0.3827,-0.4763,0,0,0
4.474289,1788533104.245389,-3.7561,-6.3509,-6.3509,-6.3509,-10.8307,0,0,0,0.0461,-0.0042,0.0092,0.0092,0.1200,0,0,0,1.2747,1.2434,1.8651,1.8651,1.7742,0,0,0,-0.2648,-0.2612,0.3135,0.3135,0.3283,0,0,0,0.9517,1.0117,1.2140,1.2140,1.3176,0,0,0,-0.2665,-0.3166,-0.3799,-0.3799,-0.4689,0,0,0
4.483121,1788533104.254240,-3.7561,-6.2069,-6.2069,-6.2069,-10.4583,0,0,0,0.0461,-0.0015,0.0033,0.0033,0.1123,0,0,0,1.2747,1.2451,1.8676,1.8676,1.7830,0,0,0,-0.2648,-0.2614,0.3137,0.3137,0.3259,0,0,0,0.9517,1.0085,1.2102,1.2102,1.3100,0,0,0,-0.2665,-0.3140,-0.3767,-0.3767,-0.4616,0,0,0
4.490703,1788533104.254240,-3.7561,-6.0833,-6.0833,-6.0833,-10.1861,0,0,0,0.0461,0.0008,-0.0017,-0.0017,0.1064,0,0,0,1.2747,1.2465,1.8697,1.8697,1.7892,0,0,0,-0.2648,-0.2616,0.3139,0.3139,0.3243,0,0,0,0.9517,1.0058,1.2070,1.2070,1.3043,0,0,0,-0.2665,-0.3117,-0.3740,-0.3740,-0.4563,0,0,0
4.498839,1788533104.254240,-3.7561,-5.9661,-5.9661,-5.9661,-9.8339,0,0,0,0.0461,0.0029,-0.0065,-0.0065,0.0986,0,0,0,1.2747,1.2478,1.8718,1.8718,1.7971,0,0,0,-0.2648,-0.2617,0.3141,0.3141,0.3225,0,0,0,0.9517,1.0032,1.2039,1.2039,1.2967,0,0,0,-0.2665,-0.3095,-0.3714,-0.3714,-0.4494,0,0,0
4.506737,1788533104.254240,-3.7561,-5.8549,-5.8549,-5.8549,-9.4948,0,0,0,0.0461,0.0050,-0.0110,-0.0110,0.0909,0,0,0,1.2747,1.2491,1.8737,1.8737,1.8045,0,0,0,-0.2648,-0.2619,0.3143,0.3143,0.3209,0,0,0,0.9517,1.0008,1.2009,1.2009,1.2893,0,0,0,-0.2665,-0.3075,-0.3689,-0.3689,-0.4427,0,0,0
4.514889,1788533104.254240,-3.7561,-5.7494,-5.7494,-5.7494,-9.1699,0,0,0,0.0461,0.0070,-0.0153,-0.0153,0.0831,0,0,0,1.2747,1.2504,1.8755,1.8755,1.8115,0,0,0,-0.2648,-0.2620,0.3144,0.3144,0.3195,0,0,0,0.9517,0.9984,1.1981,1.1981,1.2821,0,0,0,-0.2665,-0.3055,-0.3666,-0.3666,-0.4362,0,0,0
4.522935,1788533104.295053,2.8430,-3.9301,-3.9301,-5.2694,-8.8597,1,0,0,0.4227,0.0919,-0.2022,-0.2022,0.0755,0,0,0,1.6048,1.3227,1.9841,1.9841,1.8180,0,0,0,-0.0119,-0.2110,0.2532,0.2532,0.3184,0,0,0,1.0374,1.0064,1.2076,1.2076,1.2751,0,0,0,-0.3302,-0.3105,-0.3726,-0.3726,-0.4301,0,0,0
4.530835,1788533104.295053,2.8430,-3.5905,-3.5905,-4.7894,-8.5645,1,0,0,0.4227,0.1077,-0.2370,-0.2370,0.0681,0,0,0,1.6048,1.3363,2.0044,2.0044,1.8240,0,0,0,-0.0119,-0.2014,0.2417,0.2417,0.3174,0,0,0,1.0374,1.0079,1.2094,1.2094,1.2683,0,0,0,-0.3302,-0.3115,-0.3738,-0.3738,-0.4242,0,0,0
4.538983,1788533104.310109,2.8430,-3.0090,-3.0090,-4.3094,-8.2823,1,0,0,0.4227,0.1350,-0.2970,-0.2970,0.0598,0,0,0,1.6048,1.3595,2.0392,2.0392,1.8302,0,0,0,-0.0119,-0.1850,0.2221,0.2221,0.3162,0,0,0,1.0374,1.0104,1.2125,1.2125,1.2618,0,0,0,-0.3302,-0.3131,-0.3757,-0.3757,-0.4186,0,0,0
4.546628,1788533104.310109,2.8430,-2.7151,-2.7151,-3.8294,-8.0074,1,0,0,0.4227,0.1488,-0.3273,-0.3273,0.0488,0,0,0,1.6048,1.3712,2.0569,2.0569,1.8377,0,0,0,-0.0119,-0.1768,0.2121,0.2121,0.3143,0,0,0,1.0374,1.0117,1.2140,1.2140,1.2558,0,0,0,-0.3302,-0.3139,-0.3767,-0.3767,-0.4134,0,0,0
4.555348,1788533104.325403,2.8430,-2.2050,-2.2050,-3.3494,-7.8028,1,0,0,0.4227,0.1728,-0.3802,-0.3802,0.0388,0,0,0,1.6048,1.3917,2.0876,2.0876,1.8442,0,0,0,-0.0119,-0.1623,0.1948,0.1948,0.3122,0,0,0,1.0374,1.0140,1.2167,1.2167,1.2516,0,0,0,-0.3302,-0.3153,-0.3784,-0.3784,-0.4099,0,0,0
4.562892,1788533104.334015,2.8430,-1.9330,-1.9330,-2.8694,-7.4596,1,0,0,0.4227,0.1857,-0.4085,-0.4085,0.0183,0,0,0,1.6048,1.4027,2.1040,2.1040,1.8570,0,0,0,-0.0119,-0.1546,0.1855,0.1855,0.3075,0,0,0,1.0374,1.0152,1.2182,1.2182,1.2453,0,0,0,-0.3302,-0.3161,-0.3793,-0.3793,-0.4045,0,0,0
4.571388,1788533104.334015,2.8430,-1.6928,-1.6928,-2.3894,-7.2503,1,0,0,0.4227,0.1970,-0.4335,-0.4335,0.0041,0,0,0,1.6048,1.4124,2.1186,2.1186,1.8656,0,0,0,-0.0119,-0.1477,0.1773,0.1773,0.3041,0,0,0,1.0374,1.0162,1.2195,1.2195,1.2420,0,0,0,-0.3302,-0.3168,-0.3801,-0.3801,-0.4016,0,0,0
4.579189,1788533104.349169,2.8430,-1.2798,-1.2798,-1.9094,-6.9648,1,0,0,0.4227,0.2167,-0.4767,-0.4767,-0.0171,0,0,0,1.6048,1.4291,2.1437,2.1437,1.8784,0,0,0,-0.0119,-0.1359,0.1631,0.1631,0.2986,0,0,0,1.0374,1.0181,1.2217,1.2217,1.2380,0,0,0,-0.3302,-0.3180,-0.3815,-0.3815,-0.3981,0,0,0
4.586582,1788533104.349169,2.8430,-1.0726,-1.0726,-1.4294,-6.6705,1,0,0,0.4227,0.2266,-0.4984,-0.4984,-0.0405,0,0,0,1.6048,1.4376,2.1563,2.1563,1.8922,0,0,0,-0.0119,-0.1300,0.1560,0.1560,0.2924,0,0,0,1.0374,1.0190,1.2228,1.2228,1.2345,0,0,0,-0.3302,-0.3185,-0.3822,-0.3822,-0.3951,0,0,0
4.594738,1788533104.349169,2.8430,-0.8758,-0.8758,-0.9494,-6.3660,1,0,0,0.4227,0.2360,-0.5191,-0.5191,-0.0656,0,0,0,1.6048,1.4456,2.1684,2.1684,1.9070,0,0,0,-0.0119,-0.1243,0.1492,0.1492,0.2856,0,0,0,1.0374,1.0199,1.2238,1.2238,1.2316,0,0,0,-0.3302,-0.3191,-0.3829,-0.3829,-0.3924,0,0,0
4.602695,1788533104.373794,5.8966,0.0709,0.0709,-0.4694,-6.0505,1,0,0,1.1204,0.3547,-0.7803,-0.7803,-0.0924,0,0,0,1.8373,1.4981,2.2472,2.2472,1.9227,0,0,0,0.0335,-0.1032,0.1238,0.1238,0.2781,0,0,0,1.0557,1.0247,1.2296,1.2296,1.2291,0,0,0,-0.2937,-0.3157,-0.3788,-0.3788,-0.3902,0,0,0
4.611320,1788533104.382375,5.8966,0.3836,0.3836,0.0106,-5.7235,1,0,0,1.1204,0.3940,-0.8667,-0.8667,-0.1204,0,0,0,1.8373,1.5155,2.2733,2.2733,1.9390,0,0,0,0.0335,-0.0962,0.1154,0.1154,0.2701,0,0,0,1.0557,1.0263,1.2315,1.2315,1.2270,0,0,0,-0.2937,-0.3146,-0.3775,-0.3775,-0.3883,0,0,0
4.619285,1788533104.389392,5.8966,0.6284,0.6284,0.4906,-5.4706,1,0,0,1.1204,0.4247,-0.9344,-0.9344,-0.1422,0,0,0,1.8373,1.5291,2.2937,2.2937,1.9516,0,0,0,0.0335,-0.0907,0.1088,0.1088,0.2639,0,0,0,1.0557,1.0275,1.2330,1.2330,1.2257,0,0,0,-0.2937,-0.3137,-0.3764,-0.3764,-0.3871,0,0,0
4.626892,1788533104.399010,5.8966,0.9440,0.9440,0.9440,-5.1228,0,0,0,1.1204,0.4645,-1.0219,-1.0219,-0.1745,0,0,0,1.8373,1.5467,2.3201,2.3201,1.9694,0,0,0,0.0335,-0.0836,0.1003,0.1003,0.2551,0,0,0,1.0557,1.0291,1.2349,1.2349,1.2244,0,0,0,-0.2937,-0.3125,-0.3751,-0.3751,-0.3857,0,0,0
4.634907,1788533104.407025,7.1528,1.2577,1.2577,1.2577,-4.7582,0,0,0,1.1670,0.4983,-1.0963,-1.0963,-0.2123,0,0,0,1.7949,1.5587,2.3380,2.3380,1.9888,0,0,0,-0.0012,-0.0796,0.0956,0.0956,0.2458,0,0,0,1.0578,1.0305,1.2366,1.2366,1.2235,0,0,0,-0.1937,-0.3068,-0.3682,-0.3682,-0.3844,0,0,0
4.643657,1788533104.413776,7.1528,1.5110,1.5110,1.5110,-4.3760,0,0,0,1.1670,0.5256,-1.1563,-1.1563,-0.2554,0,0,0,1.7949,1.5683,2.3524,2.3524,2.0095,0,0,0,-0.0012,-0.0764,0.0917,0.0917,0.2360,0,0,0,1.0578,1.0316,1.2379,1.2379,1.2230,0,0,0,-0.1937,-0.3022,-0.3627,-0.3627,-0.3833,0,0,0
4.651306,1788533104.413776,7.1528,1.7964,1.7964,1.7964,-4.0805,0,0,0,1.1670,0.5564,-1.2242,-1.2242,-0.2910,0,0,0,1.7949,1.5792,2.3687,2.3687,2.0258,0,0,0,-0.0012,-0.0728,0.0874,0.0874,0.2284,0,0,0,1.0578,1.0329,1.2394,1.2394,1.2228,0,0,0,-0.1937,-0.2970,-0.3565,-0.3565,-0.3824,0,0,0
4.659210,1788533104.430332,7.1528,2.3274,2.3274,2.2764,-3.5801,1,0,0,1.1670,0.6142,-1.3512,-1.3512,-0.3549,0,0,0,1.7949,1.5995,2.3993,2.3993,2.0538,0,0,0,-0.0012,-0.0661,0.0793,0.0793,0.2157,0,0,0,1.0578,1.0352,1.2422,1.2422,1.2229,0,0,0,-0.1937,-0.2873,-0.3448,-0.3448,-0.3810,0,0,0
4.667251,1788533104.438367,7.1528,2.5723,2.5723,2.5723,-3.2773,0,0,0,1.1670,0.6409,-1.4099,-1.4099,-0.3956,0,0,0,1.7949,1.6089,2.4134,2.4134,2.0710,0,0,0,-0.0012,-0.0630,0.0756,0.0756,0.2081,0,0,0,1.0578,1.0363,1.2435,1.2435,1.2231,0,0,0,-0.1937,-0.2828,-0.3394,-0.3394,-0.3801,0,0,0
4.675280,1788533104.446394,7.1528,2.8046,2.8046,2.8046,-2.8696,0,0,0,1.1670,0.6663,-1.4658,-1.4658,-0.4532,0,0,0,1.7949,1.6179,2.4268,2.4268,2.0942,0,0,0,-0.0012,-0.0600,0.0720,0.0720,0.1980,0,0,0,1.0578,1.0373,1.2448,1.2448,1.2237,0,0,0,-0.1937,-0.2785,-0.3342,-0.3342,-0.3786,0,0,0
4.683328,1788533104.454444,7.1528,3.0257,3.0257,3.0257,-2.4589,0,0,0,1.1670,0.6905,-1.5190,-1.5190,-0.5144,0,0,0,1.7949,1.6264,2.4396,2.4396,2.1178,0,0,0,-0.0012,-0.0572,0.0686,0.0686,0.1880,0,0,0,1.0578,1.0383,1.2460,1.2460,1.2244,0,0,0,-0.1937,-0.2744,-0.3293,-0.3293,-0.3769,0,0,0
4.690942,1788533104.454444,7.1528,3.2344,3.2344,3.2344,-2.0482,0,0,0,1.1670,0.7134,-1.5694,-1.5694,-0.5783,0,0,0,1.7949,1.6345,2.4518,2.4518,2.1415,0,0,0,-0.0012,-0.0545,0.0654,0.0654,0.1782,0,0,0,1.0578,1.0392,1.2471,1.2471,1.2254,0,0,0,-0.1937,-0.2706,-0.3247,-0.3247,-0.3748,0,0,0
4.699477,1788533104.454444,7.1528,3.4326,3.4326,3.4326,-1.7422,0,0,0,1.1670,0.7352,-1.6174,-1.6174,-0.6275,0,0,0,1.7949,1.6422,2.4633,2.4633,2.1593,0,0,0,-0.0012,-0.0519,0.0623,0.0623,0.1711,0,0,0,1.0578,1.0401,1.2482,1.2482,1.2262,0,0,0,-0.1937,-0.2669,-0.3203,-0.3203,-0.3731,0,0,0
4.707557,1788533104.478646,10.3832,4.3947,4.3947,3.9126,-1.3390,1,0,0,0.1634,0.6595,-1.4508,-1.4508,-0.6944,0,0,0,2.1902,1.7147,2.5720,2.5720,2.1827,0,0,0,-0.1217,-0.0611,0.0734,0.0734,0.1617,0,0,0,1.1628,1.0563,1.2676,1.2676,1.2273,0,0,0,-0.1568,-0.2523,-0.3028,-0.3028,-0.3705,0,0,0
4.715570,1788533104.478646,10.3832,4.6971,4.6971,4.3926,-0.9433,1,0,0,0.1634,0.6356,-1.3984,-1.3984,-0.7621,0,0,0,2.1902,1.7375,2.6062,2.6062,2.2057,0,0,0,-0.1217,-0.0640,0.0769,0.0769,0.1528,0,0,0,1.1628,1.0614,1.2737,1.2737,1.2286,0,0,0,-0.1568,-0.2478,-0.2973,-0.2973,-0.3676,0,0,0
4.722583,1788533104.494701,10.9933,5.3039,5.3039,4.8726,-0.5555,1,0,0,-1.0385,0.4820,-1.0603,-1.0603,-0.8291,0,0,0,2.1759,1.7778,2.6667,2.6667,2.2288,0,0,0,-0.0780,-0.0653,0.0784,0.0784,0.1442,0,0,0,1.1800,1.0723,1.2867,1.2867,1.2300,0,0,0,-0.1585,-0.2396,-0.2875,-0.2875,-0.3645,0,0,0
4.731124,1788533104.502229,10.9933,5.5752,5.5752,5.3526,-0.1726,1,0,0,-1.0385,0.4132,-0.9091,-0.9091,-0.8922,0,0,0,2.1759,1.7958,2.6937,2.6937,2.2528,0,0,0,-0.0780,-0.0659,0.0791,0.0791,0.1363,0,0,0,1.1800,1.0772,1.2926,1.2926,1.2318,0,0,0,-0.1585,-0.2359,-0.2831,-0.2831,-0.3610,0,0,0
4.739268,1788533104.511385,10.9933,5.8865,5.8865,5.8326,0.2081,1,0,0,-1.0385,0.3342,-0.7353,-0.7353,-0.9486,0,0,0,2.1759,1.8165,2.7248,2.7248,2.2781,0,0,0,-0.0780,-0.0666,0.0799,0.0799,0.1291,0,0,0,1.1800,1.0828,1.2993,1.2993,1.2340,0,0,0,-0.1585,-0.2317,-0.2780,-0.2780,-0.3571,0,0,0
4.746809,1788533104.518927,10.9933,6.1309,6.1309,6.1309,0.5889,0,0,0,-1.0385,0.2721,-0.5985,-0.5985,-0.9943,0,0,0,2.1759,1.8328,2.7493,2.7493,2.3046,0,0,0,-0.0780,-0.0671,0.0805,0.0805,0.1226,0,0,0,1.1800,1.0872,1.3046,1.3046,1.2366,0,0,0,-0.1585,-0.2284,-0.2741,-0.2741,-0.3528,0,0,0
4.754865,1788533104.526982,10.9933,6.3787,6.3787,6.3787,0.8756,0,0,0,-1.0385,0.2088,-0.4593,-0.4593,-1.0207,0,0,0,2.1759,1.8494,2.7741,2.7741,2.3253,0,0,0,-0.0780,-0.0676,0.0811,0.0811,0.1182,0,0,0,1.1800,1.0916,1.3100,1.3100,1.2389,0,0,0,-0.1585,-0.2250,-0.2700,-0.2700,-0.3494,0,0,0
4.763965,1788533104.534109,10.9933,6.5882,6.5882,6.5882,1.3562,0,0,0,-1.0385,0.1552,-0.3414,-0.3414,-1.0485,0,0,0,2.1759,1.8635,2.7952,2.7952,2.3608,0,0,0,-0.0780,-0.0680,0.0817,0.0817,0.1116,0,0,0,1.1800,1.0954,1.3145,1.3145,1.2431,0,0,0,-0.1585,-0.2222,-0.2666,-0.2666,-0.3434,0,0,0
4.772110,1788533104.542811,10.9933,6.8300,6.8300,6.8300,1.6444,0,0,0,-1.0385,0.0931,-0.2048,-0.2048,-1.0558,0,0,0,2.1759,1.8797,2.8196,2.8196,2.3826,0,0,0,-0.0780,-0.0686,0.0823,0.0823,0.1081,0,0,0,1.1800,1.0998,1.3198,1.3198,1.2459,0,0,0,-0.1585,-0.2189,-0.2626,-0.2626,-0.3397,0,0,0
4.780250,1788533104.550848,10.9933,7.0419,7.0419,7.0419,2.0243,0,0,0,-1.0385,0.0384,-0.0846,-0.0846,-1.0559,0,0,0,2.1759,1.8940,2.8410,2.8410,2.4118,0,0,0,-0.0780,-0.0690,0.0828,0.0828,0.1039,0,0,0,1.1800,1.1037,1.3244,1.3244,1.2499,0,0,0,-0.1585,-0.2160,-0.2592,-0.2592,-0.3346,0,0,0
4.787535,1788533104.550848,10.9933,7.2421,7.2421,7.2421,2.4000,0,0,0,-1.0385,-0.0133,0.0293,0.0293,-1.0440,0,0,0,2.1759,1.9075,2.8613,2.8613,2.4412,0,0,0,-0.0780,-0.0694,0.0833,0.0833,0.1002,0,0,0,1.1800,1.1073,1.3288,1.3288,1.2541,0,0,0,-0.1585,-0.2132,-0.2558,-0.2558,-0.3295,0,0,0
4.796164,1788533104.550848,10.9933,7.4322,7.4322,7.4322,2.7708,0,0,0,-1.0385,-0.0627,0.1379,0.1379,-1.0201,0,0,0,2.1759,1.9204,2.8806,2.8806,2.4708,0,0,0,-0.0780,-0.0699,0.0838,0.0838,0.0970,0,0,0,1.1800,1.1108,1.3330,1.3330,1.2585,0,0,0,-0.1585,-0.2106,-0.2527,-0.2527,-0.3244,0,0,0
4.803225,1788533104.575342,10.9933,7.9300,7.9300,7.9122,3.1349,1,0,0,-1.0385,-0.1934,0.4255,0.4255,-0.9852,0,0,0,2.1759,1.9546,2.9319,2.9319,2.5004,0,0,0,-0.0780,-0.0709,0.0851,0.0851,0.0943,0,0,0,1.1800,1.1200,1.3440,1.3440,1.2631,0,0,0,-0.1585,-0.2036,-0.2444,-0.2444,-0.3192,0,0,0
4.812387,1788533104.583613,10.9933,8.0892,8.0892,8.0892,3.4028,0,0,0,-1.0385,-0.2354,0.5179,0.5179,-0.9524,0,0,0,2.1759,1.9656,2.9483,2.9483,2.5224,0,0,0,-0.0780,-0.0713,0.0855,0.0855,0.0925,0,0,0,1.1800,1.1230,1.3476,1.3476,1.2666,0,0,0,-0.1585,-0.2014,-0.2417,-0.2417,-0.3154,0,0,0
4.819520,1788533104.590607,14.2488,8.3628,8.3628,8.3628,3.7526,0,0,0,-1.7549,-0.2998,0.6595,0.6595,-0.9003,0,0,0,2.2468,1.9774,2.9661,2.9661,2.5516,0,0,0,-0.0575,-0.0707,0.0849,0.0849,0.0905,0,0,0,1.2389,1.1279,1.3535,1.3535,1.2715,0,0,0,-0.0312,-0.1942,-0.2331,-0.2331,-0.3103,0,0,0
4.828269,1788533104.597734,14.2488,8.6294,8.6294,8.6294,4.0981,0,0,0,-1.7549,-0.3626,0.7977,0.7977,-0.8370,0,0,0,2.2468,1.9890,2.9835,2.9835,2.5810,0,0,0,-0.0575,-0.0701,0.0842,0.0842,0.0888,0,0,0,1.2389,1.1326,1.3592,1.3592,1.2765,0,0,0,-0.0312,-0.1872,-0.2247,-0.2247,-0.3051,0,0,0
4.836288,1788533104.607401,14.2488,8.9693,8.9693,8.9693,4.4411,0,0,0,-1.7549,-0.4429,0.9744,0.9744,-0.7620,0,0,0,2.2468,2.0038,3.0057,3.0057,2.6106,0,0,0,-0.0575,-0.0694,0.0833,0.0833,0.0874,0,0,0,1.2389,1.1387,1.3665,1.3665,1.2817,0,0,0,-0.0312,-0.1783,-0.2140,-0.2140,-0.2999,0,0,0
4.843587,1788533104.607401,14.2488,9.2366,9.2366,9.2366,4.6964,0,0,0,-1.7549,-0.5062,1.1137,1.1137,-0.6991,0,0,0,2.2468,2.0155,3.0232,3.0232,2.6328,0,0,0,-0.0575,-0.0688,0.0826,0.0826,0.0865,0,0,0,1.2389,1.1435,1.3722,1.3722,1.2858,0,0,0,-0.0312,-0.1712,-0.2055,-0.2055,-0.2959,0,0,0
4.852161,1788533104.622330,15.1869,9.7748,9.7748,9.7166,5.0341,1,0,0,-1.9926,-0.6347,1.3964,1.3964,-0.6068,0,0,0,2.2980,2.0398,3.0597,3.0597,2.6622,0,0,0,-0.1097,-0.0724,0.0868,0.0868,0.0855,0,0,0,1.3791,1.1637,1.3965,1.3965,1.2913,0,0,0,0.0376,-0.1533,-0.1840,-0.1840,-0.2904,0,0,0
4.859815,1788533104.622330,15.1869,10.0488,10.0488,10.0488,5.3690,0,0,0,-1.9926,-0.7003,1.5406,1.5406,-0.5060,0,0,0,2.2980,2.0522,3.0783,3.0783,2.6913,0,0,0,-0.1097,-0.0741,0.0890,0.0890,0.0847,0,0,0,1.3791,1.1741,1.4089,1.4089,1.2970,0,0,0,0.0376,-0.1442,-0.1730,-0.1730,-0.2847,0,0,0
4.868460,1788533104.622330,15.1869,10.3092,10.3092,10.3092,5.7021,0,0,0,-1.9926,-0.7627,1.6780,1.6780,-0.3965,0,0,0,2.2980,2.0640,3.0960,3.0960,2.7202,0,0,0,-0.1097,-0.0758,0.0910,0.0910,0.0841,0,0,0,1.3791,1.1839,1.4207,1.4207,1.3030,0,0,0,0.0376,-0.1355,-0.1626,-0.1626,-0.2787,0,0,0
4.875921,1788533104.646015,15.4649,11.0101,11.0101,10.7892,6.0352,1,0,0,-1.7779,-0.8953,1.9696,1.9696,-0.2786,0,0,0,2.1875,2.0800,3.1200,3.1200,2.7488,0,0,0,-0.2973,-0.1045,0.1254,0.1254,0.0836,0,0,0,1.3923,1.2109,1.4531,1.4531,1.3094,0,0,0,0.0376,-0.1130,-0.1356,-0.1356,-0.2723,0,0,0
4.884074,1788533104.655241,15.4649,11.2674,11.2674,11.2674,6.3677,0,0,0,-1.7779,-0.9441,2.0770,2.0770,-0.1535,0,0,0,2.1875,2.0859,3.1289,3.1289,2.7771,0,0,0,-0.2973,-0.1151,0.1381,0.1381,0.0834,0,0,0,1.3923,1.2209,1.4650,1.4650,1.3162,0,0,0,0.0376,-0.1048,-0.1257,-0.1257,-0.2654,0,0,0
4.892048,1788533104.655241,15.4649,11.4793,11.4793,11.4793,6.7003,0,0,0,-1.7779,-0.9844,2.1656,2.1656,-0.0213,0,0,0,2.1875,2.0908,3.1362,3.1362,2.8049,0,0,0,-0.2973,-0.1238,0.1486,0.1486,0.0837,0,0,0,1.3923,1.2291,1.4749,1.4749,1.3236,0,0,0,0.0376,-0.0979,-0.1175,-0.1175,-0.2580,0,0,0
4.899596,1788533104.671714,15.4649,11.8717,11.8717,11.8717,6.9515,0,0,0,-1.7779,-1.0594,2.3307,2.3307,0.0824,0,0,0,2.1875,2.0999,3.1498,3.1498,2.8255,0,0,0,-0.2973,-0.1401,0.1681,0.1681,0.0844,0,0,0,1.3923,1.2444,1.4933,1.4933,1.3297,0,0,0,0.0376,-0.0852,-0.1023,-0.1023,-0.2521,0,0,0
4.908149,1788533104.679267,15.4649,12.0431,12.0431,12.0431,7.2886,0,0,0,-1.7779,-1.0923,2.4030,2.4030,0.2248,0,0,0,2.1875,2.1039,3.1558,3.1558,2.8523,0,0,0,-0.2973,-0.1472,0.1767,0.1767,0.0860,0,0,0,1.3923,1.2511,1.5013,1.5013,1.3383,0,0,0,0.0376,-0.0796,-0.0956,-0.0956,-0.2437,0,0,0
4.915831,1788533104.686949,15.4649,12.2089,12.2089,12.2089,7.6269,0,0,0,-1.7779,-1.1241,2.4730,2.4730,0.3708,0,0,0,2.1875,2.1077,3.1616,3.1616,2.8782,0,0,0,-0.2973,-0.1541,0.1850,0.1850,0.0884,0,0,0,1.3923,1.2576,1.5091,1.5091,1.3476,0,0,0,0.0376,-0.0742,-0.0891,-0.0891,-0.2349,0,0,0
4.924504,1788533104.694547,15.4649,12.3650,12.3650,12.3650,7.9658,0,0,0,-1.7779,-1.1542,2.5392,2.5392,0.5192,0,0,0,2.1875,2.1114,3.1671,3.1671,2.9033,0,0,0,-0.2973,-0.1607,0.1928,0.1928,0.0918,0,0,0,1.3923,1.2638,1.5165,1.5165,1.3573,0,0,0,0.0376,-0.0691,-0.0830,-0.0830,-0.2257,0,0,0
4.931879,1788533104.694547,15.4649,12.5211,12.5211,12.5211,8.3024,0,0,0,-1.7779,-1.1843,2.6054,2.6054,0.6684,0,0,0,2.1875,2.1150,3.1725,3.1725,2.9273,0,0,0,-0.2973,-0.1672,0.2006,0.2006,0.0959,0,0,0,1.3923,1.2699,1.5239,1.5239,1.3675,0,0,0,0.0376,-0.0640,-0.0768,-0.0768,-0.2162,0,0,0
4.940383,1788533104.694547,15.4649,12.6693,12.6693,12.6693,8.5519,0,0,0,-1.7779,-1.2130,2.6685,2.6685,0.7798,0,0,0,2.1875,2.1185,3.1778,3.1778,2.9445,0,0,0,-0.2973,-0.1734,0.2081,0.2081,0.0994,0,0,0,1.3923,1.2758,1.5309,1.5309,1.3753,0,0,0,0.0376,-0.0591,-0.0710,-0.0710,-0.2090,0,0,0
4.948201,1788533104.719321,17.3504,13.3269,13.3269,13.1493,8.8787,1,0,0,-2.4689,-1.3834,3.0436,3.0436,0.9266,0,0,0,2.3840,2.1543,3.2315,3.2315,2.9665,0,0,0,-0.3281,-0.1943,0.2331,0.2331,0.1047,0,0,0,1.5097,1.3073,1.5688,1.5688,1.3859,0,0,0,0.4340,0.0074,0.0088,0.0088,-0.1993,0,0,0
4.956265,1788533104.728383,17.3504,13.5539,13.5539,13.5539,9.1977,0,0,0,-2.4689,-1.4424,3.1733,3.1733,1.0706,0,0,0,2.3840,2.1667,3.2501,3.2501,2.9873,0,0,0,-0.3281,-0.2015,0.2418,0.2418,0.1104,0,0,0,1.5097,1.3183,1.5819,1.5819,1.3966,0,0,0,0.4340,0.0304,0.0365,0.0365,-0.1895,0,0,0
4.963897,1788533104.734951,18.4018,13.7556,13.7556,13.7556,9.5082,0,0,0,-1.7999,-1.4567,3.2048,3.2048,1.2118,0,0,0,2.4389,2.1775,3.2663,3.2663,3.0069,0,0,0,-0.3398,-0.2070,0.2484,0.2484,0.1167,0,0,0,1.7165,1.3341,1.6009,1.6009,1.4073,0,0,0,0.7070,0.0573,0.0687,0.0687,-0.1797,0,0,0
4.972223,1788533104.734951,18.4018,13.9891,13.9891,13.9891,9.7378,0,0,0,-1.7999,-1.4733,3.2412,3.2412,1.3178,0,0,0,2.4389,2.1901,3.2851,3.2851,3.0213,0,0,0,-0.3398,-0.2133,0.2560,0.2560,0.1218,0,0,0,1.7165,1.3524,1.6229,1.6229,1.4157,0,0,0,0.7070,0.0884,0.1061,0.1061,-0.1717,0,0,0
4.979831,1788533104.750992,18.4018,14.4118,14.4118,14.4118,10.0421,0,0,0,-1.7999,-1.5034,3.3075,3.3075,1.4598,0,0,0,2.4389,2.2129,3.3194,3.3194,3.0403,0,0,0,-0.3398,-0.2249,0.2699,0.2699,0.1291,0,0,0,1.7165,1.3858,1.6630,1.6630,1.4271,0,0,0,0.7070,0.1452,0.1742,0.1742,-0.1599,0,0,0
4.988366,1788533104.757947,18.4018,14.5871,14.5871,14.5871,10.3467,0,0,0,-1.7999,-1.5159,3.3351,3.3351,1.6016,0,0,0,2.4389,2.2224,3.3336,3.3336,3.0592,0,0,0,-0.3398,-0.2297,0.2757,0.2757,0.1369,0,0,0,1.7165,1.3997,1.6796,1.6796,1.4393,0,0,0,0.7070,0.1688,0.2026,0.2026,-0.1464,0,0,0
4.996357,1788533104.757947,18.4018,14.7787,14.7787,14.7787,10.6533,0,0,0,-1.7999,-1.5296,3.3652,3.3652,1.7418,0,0,0,2.4389,2.2328,3.3492,3.3492,3.0784,0,0,0,-0.3398,-0.2350,0.2820,0.2820,0.1453,0,0,0,1.7165,1.4149,1.6978,1.6978,1.4526,0,0,0,0.7070,0.1946,0.2336,0.2336,-0.1306,0,0,0
5.004359,1788533104.775474,19.2787,15.2451,15.2451,15.2451,10.8071,0,0,0,-1.7838,-1.5550,3.4210,3.4210,1.8109,0,0,0,2.3806,2.2475,3.3712,3.3712,3.0880,0,0,0,-0.5137,-0.2627,0.3152,0.3152,0.1497,0,0,0,1.7671,1.4499,1.7399,1.7399,1.4596,0,0,0,0.5122,0.2262,0.2715,0.2715,-0.1219,0,0,0
5.012720,1788533104.781825,19.2787,15.4075,15.4075,15.4075,11.2670,0,0,0,-1.7838,-1.5639,3.4405,3.4405,2.0121,0,0,0,2.3806,2.2526,3.3789,3.3789,3.1171,0,0,0,-0.5137,-0.2723,0.3268,0.3268,0.1632,0,0,0,1.7671,1.4621,1.7545,1.7545,1.4818,0,0,0,0.5122,0.2372,0.2847,0.2847,-0.0926,0,0,0
5.020490,1788533104.791455,19.2787,15.6390,15.6390,15.6390,11.4966,0,0,0,-1.7838,-1.5765,3.4683,3.4683,2.1088,0,0,0,2.3806,2.2599,3.3899,3.3899,3.1318,0,0,0,-0.5137,-0.2861,0.3433,0.3433,0.1704,0,0,0,1.7671,1.4795,1.7754,1.7754,1.4938,0,0,0,0.5122,0.2530,0.3036,0.3036,-0.0765,0,0,0
5.028797,1788533104.798957,19.2787,15.8108,15.8108,15.8108,11.8025,0,0,0,-1.7838,-1.5859,3.4889,3.4889,2.2330,0,0,0,2.3806,2.2654,3.3980,3.3980,3.1512,0,0,0,-0.5137,-0.2964,0.3557,0.3557,0.1804,0,0,0,1.7671,1.4925,1.7910,1.7910,1.5105,0,0,0,0.5122,0.2647,0.3176,0.3176,-0.0536,0,0,0
5.036464,1788533104.798957,19.2787,15.9849,15.9849,15.9849,12.1063,0,0,0,-1.7838,-1.5954,3.5099,3.5099,2.3514,0,0,0,2.3806,2.2709,3.4063,3.4063,3.1705,0,0,0,-0.5137,-0.3068,0.3682,0.3682,0.1909,0,0,0,1.7671,1.5057,1.8068,1.8068,1.5281,0,0,0,0.5122,0.2766,0.3319,0.3319,-0.0297,0,0,0
5.044518,1788533104.814816,19.2787,16.2967,16.2967,16.2967,12.4068,0,0,0,-1.7838,-1.6126,3.5477,3.5477,2.4636,0,0,0,2.3806,2.2808,3.4213,3.4213,3.1895,0,0,0,-0.5137,-0.3256,0.3907,0.3907,0.2019,0,0,0,1.7671,1.5294,1.8353,1.8353,1.5462,0,0,0,0.5122,0.2980,0.3576,0.3576,-0.0051,0,0,0
5.052225,1788533104.814816,19.2787,16.4460,16.4460,16.4460,12.7025,0,0,0,-1.7838,-1.6208,3.5658,3.5658,2.5693,0,0,0,2.3806,2.2856,3.4284,3.4284,3.2080,0,0,0,-0.5137,-0.3346,0.4015,0.4015,0.2132,0,0,0,1.7671,1.5408,1.8490,1.8490,1.5648,0,0,0,0.5122,0.3083,0.3699,0.3699,0.0199,0,0,0
5.060860,1788533104.814816,19.2787,16.5878,16.5878,16.5878,12.9934,0,0,0,-1.7838,-1.6287,3.5831,3.5831,2.6687,0,0,0,2.3806,2.2902,3.4353,3.4353,3.2261,0,0,0,-0.5137,-0.3432,0.4118,0.4118,0.2250,0,0,0,1.7671,1.5517,1.8620,1.8620,1.5838,0,0,0,0.5122,0.3181,0.3817,0.3817,0.0451,0,0,0
5.068020,1788533104.814816,19.2787,16.7225,16.7225,16.7225,13.2796,0,0,0,-1.7838,-1.6361,3.5995,3.5995,2.7618,0,0,0,2.3806,2.2945,3.4418,3.4418,3.2436,0,0,0,-0.5137,-0.3514,0.4216,0.4216,0.2372,0,0,0,1.7671,1.5620,1.8744,1.8744,1.6031,0,0,0,0.5122,0.3274,0.3928,0.3928,0.0704,0,0,0
5.076082,1788533104.846226,20.4382,17.3567,17.3567,17.2025,13.5597,1,0,0,-1.4630,-1.6075,3.5365,3.5365,2.8487,0,0,0,2.4412,2.3187,3.4781,3.4781,3.2607,0,0,0,-0.4037,-0.3600,0.4320,0.4320,0.2496,0,0,0,1.6658,1.5792,1.8950,1.8950,1.6226,0,0,0,0.8078,0.4068,0.4881,0.4881,0.0954,0,0,0
5.084712,1788533104.854757,21.1859,17.5595,17.5595,17.5595,13.8326,0,0,0,-2.1294,-1.6342,3.5952,3.5952,2.9295,0,0,0,2.5324,2.3296,3.4944,3.4944,3.2771,0,0,0,-0.4957,-0.3669,0.4403,0.4403,0.2623,0,0,0,1.9196,1.5965,1.9158,1.9158,1.6421,0,0,0,1.1174,0.4430,0.5316,0.5316,0.1201,0,0,0
5.092129,1788533104.863230,21.1859,17.7504,17.7504,17.7504,14.0336,0,0,0,-2.1294,-1.6593,3.6505,3.6505,2.9859,0,0,0,2.5324,2.3399,3.5098,3.5098,3.2891,0,0,0,-0.4957,-0.3734,0.4481,0.4481,0.2719,0,0,0,1.9196,1.6129,1.9355,1.9355,1.6568,0,0,0,1.1174,0.4772,0.5727,0.5727,0.1386,0,0,0
5.100740,1788533104.863230,21.1859,17.9217,17.9217,17.9217,14.3000,0,0,0,-2.1294,-1.6819,3.7002,3.7002,3.0553,0,0,0,2.5324,2.3491,3.5237,3.5237,3.3050,0,0,0,-0.4957,-0.3793,0.4551,0.4551,0.2846,0,0,0,1.9196,1.6276,1.9531,1.9531,1.6762,0,0,0,1.1174,0.5080,0.6096,0.6096,0.1642,0,0,0
5.108784,1788533104.878852,21.1859,18.2247,18.2247,18.2247,14.4993,0,0,0,-2.1294,-1.7221,3.7886,3.7886,3.1037,0,0,0,2.5324,2.3655,3.5483,3.5483,3.3168,0,0,0,-0.4957,-0.3897,0.4676,0.4676,0.2942,0,0,0,1.9196,1.6538,1.9845,1.9845,1.6908,0,0,0,1.1174,0.5627,0.6752,0.6752,0.1839,0,0,0
5.116675,1788533104.878852,21.1859,18.3722,18.3722,18.3722,14.8293,0,0,0,-2.1294,-1.7417,3.8317,3.8317,3.1786,0,0,0,2.5324,2.3735,3.5603,3.5603,3.3364,0,0,0,-0.4957,-0.3948,0.4737,0.4737,0.3100,0,0,0,1.9196,1.6665,1.9998,1.9998,1.7152,0,0,0,1.1174,0.5893,0.7072,0.7072,0.2182,0,0,0
5.124726,1788533104.878852,21.1859,18.5123,18.5123,18.5123,15.0908,0,0,0,-2.1294,-1.7603,3.8727,3.8727,3.2344,0,0,0,2.5324,2.3812,3.5717,3.5717,3.3521,0,0,0,-0.4957,-0.3996,0.4795,0.4795,0.3224,0,0,0,1.9196,1.6787,2.0144,2.0144,1.7347,0,0,0,1.1174,0.6147,0.7376,0.7376,0.2468,0,0,0
5.132233,1788533104.903237,22.2053,19.0196,19.0196,18.9923,15.3502,1,0,0,-1.8334,-1.7701,3.8942,3.8942,3.2879,0,0,0,2.6254,2.4137,3.6205,3.6205,3.3677,0,0,0,-0.3815,-0.3972,0.4767,0.4767,0.3347,0,0,0,1.8638,1.7033,2.0440,2.0440,1.7543,0,0,0,1.2679,0.7018,0.8422,0.8422,0.2767,0,0,0
5.139918,1788533104.912035,22.2053,19.1928,19.1928,19.1928,15.5425,0,0,0,-1.8334,-1.7734,3.9015,3.9015,3.3266,0,0,0,2.6254,2.4248,3.6372,3.6372,3.3795,0,0,0,-0.3815,-0.3964,0.4757,0.4757,0.3437,0,0,0,1.8638,1.7117,2.0541,2.0541,1.7691,0,0,0,1.2679,0.7316,0.8779,0.8779,0.2999,0,0,0
5.148488,1788533104.918702,22.2053,19.3186,19.3186,19.3186,15.7959,0,0,0,-1.8334,-1.7758,3.9068,3.9068,3.3766,0,0,0,2.6254,2.4328,3.6493,3.6493,3.3952,0,0,0,-0.3815,-0.3958,0.4749,0.4749,0.3555,0,0,0,1.8638,1.7179,2.0615,2.0615,1.7888,0,0,0,1.2679,0.7532,0.9039,0.9039,0.3318,0,0,0
5.156497,1788533104.927702,22.6661,19.5046,19.5046,19.5046,16.0488,0,0,0,-2.2557,-1.8016,3.9635,3.9635,3.4247,0,0,0,2.5261,2.4378,3.6568,3.6568,3.4113,0,0,0,-0.5060,-0.4017,0.4820,0.4820,0.3669,0,0,0,1.9404,1.7298,2.0758,2.0758,1.8086,0,0,0,1.4100,0.7886,0.9463,0.9463,0.3653,0,0,0
5.164637,1788533104.935246,22.6661,19.6533,19.6533,19.6533,16.3010,0,0,0,-2.2557,-1.8222,4.0089,4.0089,3.4706,0,0,0,2.5261,2.4419,3.6628,3.6628,3.4277,0,0,0,-0.5060,-0.4064,0.4877,0.4877,0.3777,0,0,0,1.9404,1.7394,2.0872,2.0872,1.8283,0,0,0,1.4100,0.8168,0.9802,0.9802,0.4005,0,0,0
5.172723,1788533104.935246,22.6661,19.8032,19.8032,19.8032,16.5509,0,0,0,-2.2557,-1.8431,4.0548,4.0548,3.5141,0,0,0,2.5261,2.4459,3.6688,3.6688,3.4445,0,0,0,-0.5060,-0.4112,0.4934,0.4934,0.3878,0,0,0,1.9404,1.7490,2.0988,2.0988,1.8478,0,0,0,1.4100,0.8453,1.0144,1.0144,0.4368,0,0,0
5.180825,1788533104.951862,23.0255,20.1187,20.1187,20.1187,16.7975,0,0,0,-1.8655,-1.8452,4.0595,4.0595,3.5560,0,0,0,2.5008,2.4511,3.6766,3.6766,3.4613,0,0,0,-0.3518,-0.4056,0.4867,0.4867,0.3973,0,0,0,1.7012,1.7445,2.0934,2.0934,1.8670,0,0,0,0.4278,0.8057,0.9669,0.9669,0.4740,0,0,0
5.188955,1788533104.960052,23.0255,20.2663,20.2663,20.2663,16.9797,0,0,0,-1.8655,-1.8462,4.0616,4.0616,3.5865,0,0,0,2.5008,2.4535,3.6803,3.6803,3.4738,0,0,0,-0.3518,-0.4029,0.4835,0.4835,0.4042,0,0,0,1.7012,1.7424,2.0908,2.0908,1.8812,0,0,0,0.4278,0.7871,0.9446,0.9446,0.5023,0,0,0
5.196001,1788533104.968119,23.0255,20.4045,20.4045,20.4045,17.2190,0,0,0,-1.8655,-1.8471,4.0637,4.0637,3.6264,0,0,0,2.5008,2.4558,3.6837,3.6837,3.4902,0,0,0,-0.3518,-0.4005,0.4806,0.4806,0.4128,0,0,0,1.7012,1.7404,2.0884,2.0884,1.8997,0,0,0,0.4278,0.7698,0.9237,0.9237,0.5405,0,0,0
5.204565,1788533104.975684,23.0255,20.5279,20.5279,20.5279,17.4565,0,0,0,-1.8655,-1.8480,4.0655,4.0655,3.6650,0,0,0,2.5008,2.4579,3.6868,3.6868,3.5063,0,0,0,-0.3518,-0.3983,0.4779,0.4779,0.4209,0,0,0,1.7012,1.7386,2.0863,2.0863,1.9176,0,0,0,0.4278,0.7542,0.9050,0.9050,0.5778,0,0,0
5.212489,1788533104.983607,23.0255,20.6509,20.6509,20.6509,17.6929,0,0,0,-1.8655,-1.8488,4.0674,4.0674,3.7022,0,0,0,2.5008,2.4599,3.6898,3.6898,3.5219,0,0,0,-0.3518,-0.3961,0.4753,0.4753,0.4283,0,0,0,1.7012,1.7368,2.0842,2.0842,1.9345,0,0,0,0.4278,0.7387,0.8864,0.8864,0.6130,0,0,0
5.220520,1788533104.983607,23.0255,20.7688,20.7688,20.7688,17.9265,0,0,0,-1.8655,-1.8496,4.0691,4.0691,3.7376,0,0,0,2.5008,2.4619,3.6928,3.6928,3.5370,0,0,0,-0.3518,-0.3939,0.4727,0.4727,0.4349,0,0,0,1.7012,1.7351,2.0821,2.0821,1.9504,0,0,0,0.4278,0.7238,0.8685,0.8685,0.6458,0,0,0
5.228117,1788533104.999218,23.4356,21.0153,21.0153,21.0153,18.1560,0,0,0,-1.4692,-1.8155,3.9942,3.9942,3.7710,0,0,0,2.6153,2.4756,3.7134,3.7134,3.5514,0,0,0,-0.1675,-0.3737,0.4484,0.4484,0.4408,0,0,0,1.7731,1.7385,2.0862,2.0862,1.9652,0,0,0,0.0389,0.6625,0.7950,0.7950,0.6757,0,0,0
5.236193,1788533105.007314,23.7545,21.1527,21.1527,21.1527,18.3805,0,0,0,-1.4692,-1.7987,3.9572,3.9572,3.8022,0,0,0,2.7573,2.4892,3.7339,3.7339,3.5652,0,0,0,-0.0878,-0.3599,0.4318,0.4318,0.4459,0,0,0,1.8172,1.7423,2.0908,2.0908,1.9788,0,0,0,-0.3148,0.6151,0.7382,0.7382,0.7024,0,0,0
5.244576,1788533105.007314,23.7545,21.2817,21.2817,21.2817,18.6006,0,0,0,-1.4692,-1.7829,3.9225,3.9225,3.8304,0,0,0,2.7573,2.5021,3.7531,3.7531,3.5784,0,0,0,-0.0878,-0.3468,0.4162,0.4162,0.4501,0,0,0,1.8172,1.7459,2.0951,2.0951,1.9913,0,0,0,-0.3148,0.5706,0.6847,0.6847,0.7253,0,0,0
5.252237,1788533105.007314,23.7545,21.4044,21.4044,21.4044,18.8165,0,0,0,-1.4692,-1.7679,3.8894,3.8894,3.8548,0,0,0,2.7573,2.5143,3.7715,3.7715,3.5914,0,0,0,-0.0878,-0.3344,0.4013,0.4013,0.4532,0,0,0,1.8172,1.7493,2.0992,2.0992,2.0027,0,0,0,-0.3148,0.5282,0.6339,0.6339,0.7437,0,0,0
5.260244,1788533105.007314,23.7545,21.5210,21.5210,21.5210,18.9753,0,0,0,-1.4692,-1.7536,3.8579,3.8579,3.8704,0,0,0,2.7573,2.5260,3.7890,3.7890,3.6010,0,0,0,-0.0878,-0.3226,0.3872,0.3872,0.4547,0,0,0,1.8172,1.7526,2.1031,2.1031,2.0107,0,0,0,-0.3148,0.4878,0.5854,0.5854,0.7543,0,0,0
5.268775,1788533105.039894,23.7545,21.9109,21.9109,21.9109,19.2333,0,0,0,-1.4692,-1.7052,3.7515,3.7515,3.8915,0,0,0,2.7573,2.5653,3.8480,3.8480,3.6171,0,0,0,-0.0878,-0.2827,0.3393,0.3393,0.4555,0,0,0,1.8172,1.7636,2.1163,2.1163,2.0230,0,0,0,-0.3148,0.3513,0.4216,0.4216,0.7660,0,0,0
5.276813,1788533105.047935,23.7545,22.0023,22.0023,22.0023,19.3832,0,0,0,-1.4692,-1.6939,3.7265,3.7265,3.9014,0,0,0,2.7573,2.5746,3.8619,3.8619,3.6267,0,0,0,-0.0878,-0.2733,0.3280,0.3280,0.4552,0,0,0,1.8172,1.7662,2.1194,2.1194,2.0298,0,0,0,-0.3148,0.3192,0.3830,0.3830,0.7697,0,0,0
5.284890,1788533105.047935,23.7545,22.0888,22.0888,22.0888,19.5795,0,0,0,-1.4692,-1.6831,3.7028,3.7028,3.9106,0,0,0,2.7573,2.5833,3.8750,3.8750,3.6399,0,0,0,-0.0878,-0.2644,0.3173,0.3173,0.4536,0,0,0,1.8172,1.7686,2.1223,2.1223,2.0383,0,0,0,-0.3148,0.2888,0.3466,0.3466,0.7698,0,0,0
5.292470,1788533105.063600,23.7545,22.2422,22.2422,22.2422,19.7743,0,0,0,-1.4692,-1.6639,3.6607,3.6607,3.9149,0,0,0,2.7573,2.5990,3.8984,3.8984,3.6539,0,0,0,-0.0878,-0.2486,0.2983,0.2983,0.4502,0,0,0,1.8172,1.7730,2.1276,2.1276,2.0463,0,0,0,-0.3148,0.2346,0.2815,0.2815,0.7636,0,0,0
5.300502,1788533105.071634,23.7545,22.3170,22.3170,22.3170,19.9661,0,0,0,-1.4692,-1.6546,3.6401,3.6401,3.9147,0,0,0,2.7573,2.6066,3.9099,3.9099,3.6686,0,0,0,-0.0878,-0.2409,0.2890,0.2890,0.4453,0,0,0,1.8172,1.7751,2.1301,2.1301,2.0538,0,0,0,-0.3148,0.2081,0.2498,0.2498,0.7517,0,0,0
5.308512,1788533105.071634,23.7545,22.3877,22.3877,22.3877,20.1543,0,0,0,-1.4692,-1.6457,3.6206,3.6206,3.9106,0,0,0,2.7573,2.6138,3.9207,3.9207,3.6839,0,0,0,-0.0878,-0.2335,0.2803,0.2803,0.4391,0,0,0,1.8172,1.7771,2.1325,2.1325,2.0610,0,0,0,-0.3148,0.1830,0.2196,0.2196,0.7348,0,0,0
5.316574,1788533105.088692,24.7387,22.6212,22.6212,22.6212,20.3384,0,0,0,-1.7712,-1.6579,3.6473,3.6473,3.9028,0,0,0,2.5792,2.6105,3.9157,3.9157,3.6996,0,0,0,0.0450,-0.2066,0.2479,0.2479,0.4317,0,0,0,1.7520,1.7747,2.1296,2.1296,2.0677,0,0,0,-0.6339,0.1037,0.1245,0.1245,0.7135,0,0,0
5.325150,1788533105.095242,24.7387,22.7073,22.7073,22.7073,20.5174,0,0,0,-1.7712,-1.6623,3.6571,3.6571,3.8919,0,0,0,2.5792,2.6092,3.9138,3.9138,3.7157,0,0,0,0.0450,-0.1966,0.2359,0.2359,0.4234,0,0,0,1.7520,1.7738,2.1285,2.1285,2.0741,0,0,0,-0.6339,0.0745,0.0894,0.0894,0.6884,0,0,0
5.332184,1788533105.095242,24.7387,22.8072,22.8072,22.8072,20.6919,0,0,0,-1.7712,-1.6675,3.6686,3.6686,3.8790,0,0,0,2.5792,2.6078,3.9117,3.9117,3.7318,0,0,0,0.0450,-0.1850,0.2220,0.2220,0.4141,0,0,0,1.7520,1.7727,2.1273,2.1273,2.0801,0,0,0,-0.6339,0.0404,0.0485,0.0485,0.6599,0,0,0
5.341071,1788533105.095242,24.7387,22.9022,22.9022,22.9022,20.8202,0,0,0,-1.7712,-1.6725,3.6795,3.6795,3.8684,0,0,0,2.5792,2.6064,3.9096,3.9096,3.7437,0,0,0,0.0450,-0.1740,0.2088,0.2088,0.4065,0,0,0,1.7520,1.7717,2.1261,2.1261,2.0843,0,0,0,-0.6339,0.0080,0.0096,0.0096,0.6362,0,0,0
5.349061,1788533105.119498,24.9339,23.1771,23.1771,23.1771,20.9877,0,0,0,-1.4398,-1.6417,3.6118,3.6118,3.8539,0,0,0,2.7514,2.6256,3.9384,3.9384,3.7591,0,0,0,-0.1453,-0.1702,0.2042,0.2042,0.3956,0,0,0,1.9049,1.7894,2.1472,2.1472,2.0895,0,0,0,0.1919,0.0324,0.0389,0.0389,0.6021,0,0,0
5.356743,1788533105.127340,25.3338,23.2810,23.2810,23.2810,21.1502,0,0,0,-1.2309,-1.6224,3.5694,3.5694,3.8394,0,0,0,2.8111,2.6343,3.9515,3.9515,3.7738,0,0,0,0.0344,-0.1606,0.1927,0.1927,0.3841,0,0,0,1.8997,1.7945,2.1535,2.1535,2.0942,0,0,0,-0.6039,0.0024,0.0029,0.0029,0.5659,0,0,0
5.364772,1788533105.135889,25.5033,23.3972,23.3972,23.3972,21.3080,0,0,0,-1.2555,-1.6037,3.5282,3.5282,3.8247,0,0,0,2.9557,2.6507,3.9761,3.9761,3.7878,0,0,0,0.1068,-0.1469,0.1763,0.1763,0.3722,0,0,0,1.8750,1.7987,2.1584,2.1584,2.0986,0,0,0,-0.8904,-0.0433,-0.0519,-0.0519,0.5285,0,0,0
5.372325,1788533105.143445,25.5033,23.4952,23.4952,23.4952,21.4640,0,0,0,-1.2555,-1.5879,3.4934,3.4934,3.8094,0,0,0,2.9557,2.6646,3.9969,3.9969,3.8014,0,0,0,0.1068,-0.1354,0.1625,0.1625,0.3599,0,0,0,1.8750,1.8021,2.1625,2.1625,2.1028,0,0,0,-0.8904,-0.0818,-0.0982,-0.0982,0.4906,0,0,0
5.381136,1788533105.143445,25.5033,23.5938,23.5938,23.5938,21.6181,0,0,0,-1.2555,-1.5720,3.4584,3.4584,3.7931,0,0,0,2.9557,2.6785,4.0178,4.0178,3.8148,0,0,0,0.1068,-0.1238,0.1486,0.1486,0.3474,0,0,0,1.8750,1.8056,2.1667,2.1667,2.1071,0,0,0,-0.8904,-0.1207,-0.1449,-0.1449,0.4522,0,0,0
5.388659,1788533105.143445,25.5033,23.6876,23.6876,23.6876,21.7699,0,0,0,-1.2555,-1.5568,3.4251,3.4251,3.7755,0,0,0,2.9557,2.6918,4.0377,4.0377,3.8281,0,0,0,0.1068,-0.1127,0.1353,0.1353,0.3345,0,0,0,1.8750,1.8089,2.1707,2.1707,2.1113,0,0,0,-0.8904,-0.1578,-0.1893,-0.1893,0.4132,0,0,0
5.396899,1788533105.143445,25.5033,23.7768,23.7768,23.7768,21.9191,0,0,0,-1.2555,-1.5424,3.3933,3.3933,3.7568,0,0,0,2.9557,2.7045,4.0567,4.0567,3.8415,0,0,0,0.1068,-0.1022,0.1227,0.1227,0.3214,0,0,0,1.8750,1.8121,2.1745,2.1745,2.1155,0,0,0,-0.8904,-0.1930,-0.2316,-0.2316,0.3736,0,0,0
5.405015,1788533105.175131,25.5033,24.0693,24.0693,24.0693,22.0290,0,0,0,-1.2555,-1.4947,3.2884,3.2884,3.7419,0,0,0,2.9557,2.7463,4.1194,4.1194,3.8518,0,0,0,0.1068,-0.0675,0.0810,0.0810,0.3114,0,0,0,1.8750,1.8225,2.1871,2.1871,2.1186,0,0,0,-0.8904,-0.3093,-0.3712,-0.3712,0.3436,0,0,0
5.412407,1788533105.175131,25.5033,24.1395,24.1395,24.1395,22.1726,0,0,0,-1.2555,-1.4833,3.2632,3.2632,3.7211,0,0,0,2.9557,2.7563,4.1344,4.1344,3.8656,0,0,0,0.1068,-0.0591,0.0709,0.0709,0.2980,0,0,0,1.8750,1.8251,2.1901,2.1901,2.1228,0,0,0,-0.8904,-0.3373,-0.4047,-0.4047,0.3031,0,0,0
5.419981,1788533105.192099,25.8817,24.3108,24.3108,24.3108,22.3134,0,0,0,-2.1034,-1.5430,3.3947,3.3947,3.6988,0,0,0,2.6996,2.7508,4.1262,4.1262,3.8799,0,0,0,0.0171,-0.0518,0.0621,0.0621,0.2843,0,0,0,1.8651,1.8289,2.1947,2.1947,2.1270,0,0,0,-0.8367,-0.3856,-0.4627,-0.4627,0.2618,0,0,0
5.429068,1788533105.199670,25.8817,24.3837,24.3837,24.3837,22.4533,0,0,0,-2.1034,-1.5685,3.4507,3.4507,3.6746,0,0,0,2.6996,2.7485,4.1227,4.1227,3.8951,0,0,0,0.0171,-0.0486,0.0584,0.0584,0.2702,0,0,0,1.8651,1.8306,2.1967,2.1967,2.1313,0,0,0,-0.8367,-0.4062,-0.4874,-0.4874,0.2189,0,0,0
5.437084,1788533105.207201,25.8817,24.4529,24.4529,24.4529,22.5923,0,0,0,-2.1034,-1.5927,3.5039,3.5039,3.6488,0,0,0,2.6996,2.7463,4.1194,4.1194,3.9111,0,0,0,0.0171,-0.0457,0.0548,0.0548,0.2558,0,0,0,1.8651,1.8321,2.1985,2.1985,2.1357,0,0,0,-0.8367,-0.4257,-0.5109,-0.5109,0.1744,0,0,0
5.444899,1788533105.207201,25.8817,24.5228,24.5228,24.5228,22.7306,0,0,0,-2.1034,-1.6171,3.5577,3.5577,3.6240,0,0,0,2.6996,2.7440,4.1161,4.1161,3.9273,0,0,0,0.0171,-0.0426,0.0512,0.0512,0.2411,0,0,0,1.8651,1.8337,2.2004,2.2004,2.1402,0,0,0,-0.8367,-0.4455,-0.5346,-0.5346,0.1286,0,0,0
5.452956,1788533105.223961,26.2890,24.6945,24.6945,24.6945,22.8334,0,0,0,-2.1979,-1.6725,3.6795,3.6795,3.6069,0,0,0,2.8195,2.7512,4.1269,4.1269,3.9394,0,0,0,0.1739,-0.0220,0.0264,0.0264,0.2301,0,0,0,1.7145,1.8223,2.1868,2.1868,2.1435,0,0,0,-1.1287,-0.5109,-0.6131,-0.6131,0.0938,0,0,0
5.460496,1788533105.231612,26.2890,24.7691,24.7691,24.7691,22.9688,0,0,0,-2.1979,-1.6966,3.7326,3.7326,3.5869,0,0,0,2.8195,2.7544,4.1316,4.1316,3.9553,0,0,0,0.1739,-0.0130,0.0156,0.0156,0.2155,0,0,0,1.7145,1.8174,2.1809,2.1809,2.1479,0,0,0,-1.1287,-0.5394,-0.6473,-0.6473,0.0470,0,0,0
5.468646,1788533105.231612,26.2890,24.8434,24.8434,24.8434,23.1034,0,0,0,-2.1979,-1.7206,3.7854,3.7854,3.5719,0,0,0,2.8195,2.7575,4.1362,4.1362,3.9706,0,0,0,0.1739,-0.0040,0.0048,0.0048,0.2010,0,0,0,1.7145,1.8125,2.1750,2.1750,2.1521,0,0,0,-1.1287,-0.5678,-0.6813,-0.6813,-0.0005,0,0,0
5.476571,1788533105.231612,26.2890,24.9141,24.9141,24.9141,23.2373,0,0,0,-2.1979,-1.7435,3.8358,3.8358,3.5627,0,0,0,2.8195,2.7605,4.1407,4.1407,3.9853,0,0,0,0.1739,0.0045,-0.0054,-0.0054,0.1865,0,0,0,1.7145,1.8078,2.1693,2.1693,2.1559,0,0,0,-1.1287,-0.5948,-0.7137,-0.7137,-0.0487,0,0,0
5.485137,1788533105.256260,26.2890,25.1017,25.1017,25.1017,23.3696,0,0,0,-2.1979,-1.8046,3.9700,3.9700,3.5592,0,0,0,2.8195,2.7684,4.1526,4.1526,3.9995,0,0,0,0.1739,0.0272,-0.0327,-0.0327,0.1720,0,0,0,1.7145,1.7953,2.1543,2.1543,2.1593,0,0,0,-1.1287,-0.6667,-0.8000,-0.8000,-0.0973,0,0,0
5.493320,1788533105.264423,26.2890,25.1607,25.1607,25.1607,23.4674,0,0,0,-2.1979,-1.8238,4.0123,4.0123,3.5601,0,0,0,2.8195,2.7709,4.1563,4.1563,4.0096,0,0,0,0.1739,0.0344,-0.0413,-0.0413,0.1612,0,0,0,1.7145,1.7913,2.1496,2.1496,2.1614,0,0,0,-1.1287,-0.6894,-0.8272,-0.8272,-0.1337,0,0,0
5.501294,1788533105.272411,26.5569,25.2287,25.2287,25.2287,23.5963,0,0,0,-2.8302,-1.8720,4.1184,4.1184,3.5665,0,0,0,2.3988,2.7531,4.1296,4.1296,4.0227,0,0,0,0.0202,0.0337,-0.0405,-0.0405,0.1469,0,0,0,1.8200,1.7927,2.1512,2.1512,2.1638,0,0,0,-0.9499,-0.7019,-0.8423,-0.8423,-0.1826,0,0,0
5.509243,1788533105.279493,26.5569,25.2864,25.2864,25.2864,23.7237,0,0,0,-2.8302,-1.9129,4.2085,4.2085,3.5788,0,0,0,2.3988,2.7380,4.1070,4.1070,4.0352,0,0,0,0.0202,0.0332,-0.0398,-0.0398,0.1324,0,0,0,1.8200,1.7939,2.1526,2.1526,2.1654,0,0,0,-0.9499,-0.7125,-0.8550,-0.8550,-0.2317,0,0,0
5.516281,1788533105.279493,26.5569,25.3484,25.3484,25.3484,23.8489,0,0,0,-2.8302,-1.9570,4.3054,4.3054,3.5969,0,0,0,2.3988,2.7218,4.0826,4.0826,4.0468,0,0,0,0.0202,0.0325,-0.0390,-0.0390,0.1181,0,0,0,1.8200,1.7951,2.1541,2.1541,2.1664,0,0,0,-0.9499,-0.7239,-0.8687,-0.8687,-0.2806,0,0,0
5.524858,1788533105.279493,26.5569,25.4073,25.4073,25.4073,23.9714,0,0,0,-2.8302,-1.9990,4.3977,4.3977,3.6209,0,0,0,2.3988,2.7063,4.0594,4.0594,4.0572,0,0,0,0.0202,0.0319,-0.0383,-0.0383,0.1042,0,0,0,1.8200,1.7963,2.1556,2.1556,2.1669,0,0,0,-0.9499,-0.7348,-0.8817,-0.8817,-0.3287,0,0,0
5.533418,1788533105.304535,26.9445,25.6197,25.6197,25.6197,24.0905,0,0,0,-2.8884,-2.1203,4.6647,4.6647,3.6508,0,0,0,2.6126,2.6936,4.0403,4.0403,4.0660,0,0,0,-0.0287,0.0237,-0.0284,-0.0284,0.0908,0,0,0,1.8398,1.8022,2.1627,2.1627,2.1671,0,0,0,-0.7894,-0.7422,-0.8907,-0.8907,-0.3756,0,0,0
5.540887,1788533105.311373,26.9445,25.6752,25.6752,25.6752,24.2060,0,0,0,-2.8884,-2.1521,4.7346,4.7346,3.6863,0,0,0,2.6126,2.6902,4.0353,4.0353,4.0729,0,0,0,-0.0287,0.0215,-0.0258,-0.0258,0.0781,0,0,0,1.8398,1.8038,2.1645,2.1645,2.1670,0,0,0,-0.7894,-0.7442,-0.8930,-0.8930,-0.4210,0,0,0
5.548467,1788533105.320585,26.9445,25.7459,25.7459,25.7459,24.3191,0,0,0,-2.8884,-2.1926,4.8237,4.8237,3.7287,0,0,0,2.6126,2.6860,4.0290,4.0290,4.0780,0,0,0,-0.0287,0.0188,-0.0225,-0.0225,0.0662,0,0,0,1.8398,1.8057,2.1669,2.1669,2.1668,0,0,0,-0.7894,-0.7467,-0.8960,-0.8960,-0.4646,0,0,0
5.557511,1788533105.320585,26.9445,25.8042,25.8042,25.8042,24.4305,0,0,0,-2.8884,-2.2260,4.8973,4.8973,3.7787,0,0,0,2.6126,2.6825,4.0237,4.0237,4.0812,0,0,0,-0.0287,0.0165,-0.0198,-0.0198,0.0552,0,0,0,1.8398,1.8074,2.1688,2.1688,2.1666,0,0,0,-0.7894,-0.7487,-0.8985,-0.8985,-0.5061,0,0,0
5.565524,1788533105.336625,26.8810,25.9044,25.9044,25.9044,24.5399,0,0,0,-3.0080,-2.2980,5.0556,5.0556,3.8352,0,0,0,2.3421,2.6513,3.9769,3.9769,4.0829,0,0,0,0.0783,0.0222,-0.0266,-0.0266,0.0453,0,0,0,1.9350,1.8191,2.1829,2.1829,2.1664,0,0,0,-0.9876,-0.7707,-0.9248,-0.9248,-0.5453,0,0,0
5.572542,1788533105.343660,26.8810,25.9464,25.9464,25.9464,24.6204,0,0,0,-3.0080,-2.3282,5.1220,5.1220,3.8813,0,0,0,2.3421,2.6382,3.9573,3.9573,4.0832,0,0,0,0.0783,0.0245,-0.0295,-0.0295,0.0385,0,0,0,1.9350,1.8240,2.1888,2.1888,2.1663,0,0,0,-0.9876,-0.7799,-0.9359,-0.9359,-0.5731,0,0,0
5.581119,1788533105.352225,26.8810,25.9950,25.9950,25.9950,24.7256,0,0,0,-3.0080,-2.3631,5.1988,5.1988,3.9472,0,0,0,2.3421,2.6231,3.9346,3.9346,4.0825,0,0,0,0.0783,0.0273,-0.0328,-0.0328,0.0303,0,0,0,1.9350,1.8296,2.1956,2.1956,2.1663,0,0,0,-0.9876,-0.7905,-0.9486,-0.9486,-0.6081,0,0,0
5.589336,1788533105.359926,27.0197,26.0430,26.0430,26.0430,24.8285,0,0,0,-3.2171,-2.4027,5.2860,5.2860,4.0182,0,0,0,2.2694,2.6067,3.9101,3.9101,4.0800,0,0,0,0.0171,0.0268,-0.0322,-0.0322,0.0229,0,0,0,1.9251,1.8340,2.2009,2.2009,2.1666,0,0,0,-0.9826,-0.7994,-0.9593,-0.9593,-0.6410,0,0,0
5.596987,1788533105.368071,27.1233,26.0965,26.0965,26.0965,24.9286,0,0,0,-3.2269,-2.4431,5.3748,5.3748,4.0933,0,0,0,2.3601,2.5947,3.8920,3.8920,4.0758,0,0,0,0.0169,0.0263,-0.0316,-0.0316,0.0162,0,0,0,1.9560,1.8400,2.2080,2.2080,2.1673,0,0,0,-0.9205,-0.8053,-0.9664,-0.9664,-0.6719,0,0,0
5.605045,1788533105.368071,27.1233,26.1464,26.1464,26.1464,25.0256,0,0,0,-3.2269,-2.4809,5.4579,5.4579,4.1716,0,0,0,2.3601,2.5835,3.8752,3.8752,4.0700,0,0,0,0.0169,0.0259,-0.0311,-0.0311,0.0101,0,0,0,1.9560,1.8455,2.2147,2.2147,2.1683,0,0,0,-0.9205,-0.8109,-0.9731,-0.9731,-0.7010,0,0,0
5.613469,1788533105.383569,27.1233,26.2344,26.2344,26.2344,25.1194,0,0,0,-3.2269,-2.5475,5.6044,5.6044,4.2526,0,0,0,2.3601,2.5636,3.8454,3.8454,4.0625,0,0,0,0.0169,0.0251,-0.0301,-0.0301,0.0046,0,0,0,1.9560,1.8553,2.2264,2.2264,2.1697,0,0,0,-0.9205,-0.8206,-0.9848,-0.9848,-0.7282,0,0,0
5.621033,1788533105.392132,27.1233,26.2805,26.2805,26.2805,25.2099,0,0,0,-3.2269,-2.5824,5.6812,5.6812,4.3358,0,0,0,2.3601,2.5532,3.8298,3.8298,4.0537,0,0,0,0.0169,0.0247,-0.0296,-0.0296,-0.0004,0,0,0,1.9560,1.8605,2.2326,2.2326,2.1715,0,0,0,-0.9205,-0.8257,-0.9909,-0.9909,-0.7536,0,0,0
5.629085,1788533105.400180,27.1233,26.3217,26.3217,26.3217,25.2758,0,0,0,-3.2269,-2.6136,5.7499,5.7499,4.3995,0,0,0,2.3601,2.5439,3.8158,3.8158,4.0462,0,0,0,0.0169,0.0243,-0.0292,-0.0292,-0.0037,0,0,0,1.9560,1.8651,2.2381,2.2381,2.1731,0,0,0,-0.9205,-0.8303,-0.9964,-0.9964,-0.7716,0,0,0
5.636858,1788533105.400180,27.1233,26.3606,26.3606,26.3606,25.3613,0,0,0,-3.2269,-2.6432,5.8149,5.8149,4.4865,0,0,0,2.3601,2.5351,3.8026,3.8026,4.0351,0,0,0,0.0169,0.0239,-0.0287,-0.0287,-0.0077,0,0,0,1.9560,1.8694,2.2433,2.2433,2.1756,0,0,0,-0.9205,-0.8347,-1.0016,-1.0016,-0.7942,0,0,0
5.644608,1788533105.416725,27.1233,26.4334,26.4334,26.4334,25.4441,0,0,0,-3.2269,-2.6985,5.9366,5.9366,4.5752,0,0,0,2.3601,2.5186,3.7779,3.7779,4.0228,0,0,0,0.0169,0.0233,-0.0279,-0.0279,-0.0112,0,0,0,1.9560,1.8776,2.2531,2.2531,2.1786,0,0,0,-0.9205,-0.8428,-1.0113,-1.0113,-0.8153,0,0,0
5.653220,1788533105.416725,27.1233,26.4669,26.4669,26.4669,25.5241,0,0,0,-3.2269,-2.7239,5.9926,5.9926,4.6651,0,0,0,2.3601,2.5110,3.7665,3.7665,4.0096,0,0,0,0.0169,0.0230,-0.0276,-0.0276,-0.0142,0,0,0,1.9560,1.8814,2.2576,2.2576,2.1820,0,0,0,-0.9205,-0.8465,-1.0158,-1.0158,-0.8349,0,0,0
5.661260,1788533105.431377,26.8293,26.4978,26.4978,26.4978,25.6012,0,0,0,-3.9660,-2.8293,6.2245,6.2245,4.7555,0,0,0,2.4166,2.5030,3.7545,3.7545,3.9957,0,0,0,0.0198,0.0227,-0.0272,-0.0272,-0.0169,0,0,0,1.9244,1.8850,2.2620,2.2620,2.1857,0,0,0,-0.5649,-0.8227,-0.9872,-0.9872,-0.8531,0,0,0
5.669310,1788533105.440432,26.8293,26.5159,26.5159,26.5159,25.6759,0,0,0,-3.9660,-2.8909,6.3601,6.3601,4.8465,0,0,0,2.4166,2.4984,3.7475,3.7475,3.9810,0,0,0,0.0198,0.0225,-0.0271,-0.0271,-0.0191,0,0,0,1.9244,1.8871,2.2645,2.2645,2.1897,0,0,0,-0.5649,-0.8088,-0.9706,-0.9706,-0.8702,0,0,0
5.676873,1788533105.448991,26.8293,26.5321,26.5321,26.5321,25.7481,0,0,0,-3.9660,-2.9462,6.4817,6.4817,4.9380,0,0,0,2.4166,2.4942,3.7413,3.7413,3.9658,0,0,0,0.0198,0.0224,-0.0269,-0.0269,-0.0210,0,0,0,1.9244,1.8890,2.2668,2.2668,2.1941,0,0,0,-0.5649,-0.7963,-0.9556,-0.9556,-0.8859,0,0,0
5.685115,1788533105.456205,26.8293,26.5451,26.5451,26.5451,25.8175,0,0,0,-3.9660,-2.9908,6.5797,6.5797,5.0317,0,0,0,2.4166,2.4908,3.7362,3.7362,3.9503,0,0,0,0.0198,0.0223,-0.0268,-0.0268,-0.0226,0,0,0,1.9244,1.8906,2.2687,2.2687,2.1987,0,0,0,-0.5649,-0.7863,-0.9435,-0.9435,-0.9000,0,0,0
5.692685,1788533105.463782,26.8293,26.5582,26.5582,26.5582,25.8839,0,0,0,-3.9660,-3.0355,6.6780,6.6780,5.1279,0,0,0,2.4166,2.4874,3.7312,3.7312,3.9346,0,0,0,0.0198,0.0222,-0.0266,-0.0266,-0.0240,0,0,0,1.9244,1.8921,2.2705,2.2705,2.2034,0,0,0,-0.5649,-0.7762,-0.9314,-0.9314,-0.9123,0,0,0
5.701742,1788533105.472859,27.1191,26.5888,26.5888,26.5888,25.9471,0,0,0,-4.5167,-3.1161,6.8554,6.8554,5.2266,0,0,0,2.3801,2.4816,3.7225,3.7225,3.9190,0,0,0,0.0058,0.0213,-0.0256,-0.0256,-0.0250,0,0,0,1.8167,1.8880,2.2656,2.2656,2.2082,0,0,0,-0.5765,-0.7654,-0.9185,-0.9185,-0.9226,0,0,0
5.708799,1788533105.480917,27.1191,26.6146,26.6146,26.6146,26.0069,0,0,0,-4.5167,-3.1842,7.0053,7.0053,5.3274,0,0,0,2.3801,2.4767,3.7151,3.7151,3.9036,0,0,0,0.0058,0.0206,-0.0247,-0.0247,-0.0259,0,0,0,1.8167,1.8846,2.2615,2.2615,2.2130,0,0,0,-0.5765,-0.7563,-0.9076,-0.9076,-0.9311,0,0,0
5.717379,1788533105.488468,27.1711,26.6401,26.6401,26.6401,26.0496,0,0,0,-4.4143,-3.2405,7.1291,7.1291,5.4040,0,0,0,2.3429,2.4707,3.7060,3.7060,3.8923,0,0,0,0.0599,0.0223,-0.0268,-0.0268,-0.0265,0,0,0,1.8214,1.8817,2.2581,2.2581,2.2166,0,0,0,-0.7381,-0.7555,-0.9066,-0.9066,-0.9362,0,0,0
5.725375,1788533105.496480,27.1891,26.6667,26.6667,26.6667,26.1036,0,0,0,-4.4143,-3.2973,7.2541,7.2541,5.5083,0,0,0,2.3429,2.4645,3.6968,3.6968,3.8775,0,0,0,0.0625,0.0243,-0.0291,-0.0291,-0.0270,0,0,0,1.8214,1.8788,2.2546,2.2546,2.2212,0,0,0,-0.8502,-0.7600,-0.9120,-0.9120,-0.9415,0,0,0
5.733444,1788533105.504577,27.2258,26.6941,26.6941,26.6941,26.1423,0,0,0,-4.4152,-3.3520,7.3744,7.3744,5.5891,0,0,0,2.3651,2.4597,3.6896,3.6896,3.8667,0,0,0,0.0625,0.0261,-0.0313,-0.0313,-0.0274,0,0,0,1.8214,1.8760,2.2513,2.2513,2.2244,0,0,0,-0.8502,-0.7644,-0.9173,-0.9173,-0.9444,0,0,0
5.741379,1788533105.512482,27.2468,26.7205,26.7205,26.7205,26.1917,0,0,0,-4.4152,-3.4029,7.4863,7.4863,5.7007,0,0,0,2.3712,2.4555,3.6833,3.6833,3.8524,0,0,0,0.0625,0.0278,-0.0334,-0.0334,-0.0277,0,0,0,1.8396,1.8743,2.2492,2.2492,2.2284,0,0,0,-0.7213,-0.7624,-0.9148,-0.9148,-0.9469,0,0,0
5.749193,1788533105.512482,27.2468,26.7459,26.7459,26.7459,26.2504,0,0,0,-4.4152,-3.4518,7.5940,7.5940,5.8453,0,0,0,2.3712,2.4515,3.6772,3.6772,3.8351,0,0,0,0.0625,0.0295,-0.0354,-0.0354,-0.0282,0,0,0,1.8396,1.8727,2.2472,2.2472,2.2328,0,0,0,-0.7213,-0.7604,-0.9125,-0.9125,-0.9485,0,0,0
5.757862,1788533105.512482,27.2468,26.7701,26.7701,26.7701,26.2949,0,0,0,-4.4152,-3.4985,7.6966,7.6966,5.9641,0,0,0,2.3712,2.4476,3.6714,3.6714,3.8217,0,0,0,0.0625,0.0311,-0.0373,-0.0373,-0.0285,0,0,0,1.8396,1.8711,2.2453,2.2453,2.2357,0,0,0,-0.7213,-0.7585,-0.9102,-0.9102,-0.9488,0,0,0
5.765631,1788533105.535650,27.2468,26.8312,26.8312,26.8312,26.3374,0,0,0,-4.4152,-3.6160,7.9553,7.9553,6.0849,0,0,0,2.3712,2.4379,3.6569,3.6569,3.8088,0,0,0,0.0625,0.0351,-0.0421,-0.0421,-0.0289,0,0,0,1.8396,1.8671,2.2405,2.2405,2.2383,0,0,0,-0.7213,-0.7538,-0.9045,-0.9045,-0.9484,0,0,0
5.773072,1788533105.535650,27.2468,26.8513,26.8513,26.8513,26.3681,0,0,0,-4.4152,-3.6547,8.0403,8.0403,6.1764,0,0,0,2.3712,2.4347,3.6521,3.6521,3.7994,0,0,0,0.0625,0.0364,-0.0437,-0.0437,-0.0292,0,0,0,1.8396,1.8658,2.2389,2.2389,2.2399,0,0,0,-0.7213,-0.7522,-0.9027,-0.9027,-0.9478,0,0,0
5.781071,1788533105.552189,27.3095,26.8948,26.8948,26.8948,26.4077,0,0,0,-4.0985,-3.6968,8.1330,8.1330,6.3003,0,0,0,2.2995,2.4220,3.6330,3.6330,3.7871,0,0,0,0.0655,0.0391,-0.0469,-0.0469,-0.0297,0,0,0,1.9346,1.8722,2.2467,2.2467,2.2417,0,0,0,-0.7499,-0.7520,-0.9024,-0.9024,-0.9464,0,0,0
5.789114,1788533105.552189,27.3095,26.9148,26.9148,26.9148,26.4463,0,0,0,-4.0985,-3.7162,8.1757,8.1757,6.4266,0,0,0,2.2995,2.4161,3.6242,3.6242,3.7753,0,0,0,0.0655,0.0404,-0.0485,-0.0485,-0.0303,0,0,0,1.9346,1.8752,2.2503,2.2503,2.2430,0,0,0,-0.7499,-0.7519,-0.9023,-0.9023,-0.9446,0,0,0
5.797411,1788533105.568516,27.3333,26.9540,26.9540,26.9540,26.4838,0,0,0,-4.0479,-3.7474,8.2442,8.2442,6.5543,0,0,0,2.3233,2.4075,3.6112,3.6112,3.7637,0,0,0,0.0655,0.0427,-0.0513,-0.0513,-0.0311,0,0,0,1.9807,1.8850,2.2621,2.2621,2.2441,0,0,0,-0.7917,-0.7556,-0.9067,-0.9067,-0.9425,0,0,0
5.805409,1788533105.577527,27.3333,26.9745,26.9745,26.9745,26.5205,0,0,0,-4.0479,-3.7636,8.2799,8.2799,6.6819,0,0,0,2.3233,2.4029,3.6044,3.6044,3.7523,0,0,0,0.0655,0.0439,-0.0527,-0.0527,-0.0319,0,0,0,1.9807,1.8902,2.2682,2.2682,2.2450,0,0,0,-0.7917,-0.7575,-0.9091,-0.9091,-0.9401,0,0,0
5.813604,1788533105.577527,27.3333,26.9918,26.9918,26.9918,26.5563,0,0,0,-4.0479,-3.7773,8.3101,8.3101,6.8083,0,0,0,2.3233,2.3991,3.5987,3.5987,3.7411,0,0,0,0.0655,0.0450,-0.0540,-0.0540,-0.0329,0,0,0,1.9807,1.8945,2.2734,2.2734,2.2459,0,0,0,-0.7917,-0.7592,-0.9110,-0.9110,-0.9377,0,0,0
5.821663,1788533105.577527,27.3333,27.0083,27.0083,27.0083,26.5915,0,0,0,-4.0479,-3.7904,8.3388,8.3388,6.9324,0,0,0,2.3233,2.3955,3.5932,3.5932,3.7299,0,0,0,0.0655,0.0460,-0.0552,-0.0552,-0.0340,0,0,0,1.9807,1.8986,2.2784,2.2784,2.2469,0,0,0,-0.7917,-0.7607,-0.9129,-0.9129,-0.9352,0,0,0
5.829441,1788533105.600558,27.3333,27.0496,27.0496,27.0496,26.6257,0,0,0,-4.0479,-3.8231,8.4109,8.4109,7.0532,0,0,0,2.3233,2.3864,3.5795,3.5795,3.7190,0,0,0,0.0655,0.0484,-0.0581,-0.0581,-0.0353,0,0,0,1.9807,1.9090,2.2908,2.2908,2.2481,0,0,0,-0.7917,-0.7647,-0.9176,-0.9176,-0.9329,0,0,0
5.836967,1788533105.608080,27.3333,27.0625,27.0625,27.0625,26.6591,0,0,0,-4.0479,-3.8334,8.4334,8.4334,7.1697,0,0,0,2.3233,2.3835,3.5753,3.5753,3.7083,0,0,0,0.0655,0.0492,-0.0590,-0.0590,-0.0365,0,0,0,1.9807,1.9122,2.2947,2.2947,2.2496,0,0,0,-0.7917,-0.7659,-0.9191,-0.9191,-0.9306,0,0,0
5.845502,1788533105.617620,27.3333,27.0779,27.0779,27.0779,26.6835,0,0,0,-4.0479,-3.8456,8.4603,8.4603,7.2541,0,0,0,2.3233,2.3801,3.5701,3.5701,3.7005,0,0,0,0.0655,0.0501,-0.0601,-0.0601,-0.0375,0,0,0,1.9807,1.9161,2.2993,2.2993,2.2508,0,0,0,-0.7917,-0.7673,-0.9208,-0.9208,-0.9291,0,0,0
5.854047,1788533105.625166,27.4698,27.0958,27.0958,27.0958,26.7153,0,0,0,-3.8084,-3.8439,8.4565,8.4565,7.3627,0,0,0,2.2539,2.3744,3.5616,3.5616,3.6902,0,0,0,-0.0506,0.0456,-0.0547,-0.0547,-0.0389,0,0,0,2.1276,1.9257,2.3108,2.3108,2.2528,0,0,0,-1.1094,-0.7828,-0.9394,-0.9394,-0.9273,0,0,0
5.862041,1788533105.632165,27.4698,27.1116,27.1116,27.1116,26.7462,0,0,0,-3.8084,-3.8424,8.4532,8.4532,7.4660,0,0,0,2.2539,2.3693,3.5539,3.5539,3.6801,0,0,0,-0.0506,0.0415,-0.0498,-0.0498,-0.0404,0,0,0,2.1276,1.9342,2.3210,2.3210,2.2550,0,0,0,-1.1094,-0.7966,-0.9559,-0.9559,-0.9257,0,0,0
5.869586,1788533105.640705,27.4698,27.1300,27.1300,27.1300,26.7762,0,0,0,-3.8084,-3.8406,8.4494,8.4494,7.5641,0,0,0,2.2539,2.3634,3.5451,3.5451,3.6703,0,0,0,-0.0506,0.0368,-0.0442,-0.0442,-0.0418,0,0,0,2.1276,1.9441,2.3329,2.3329,2.2576,0,0,0,-1.1094,-0.8125,-0.9751,-0.9751,-0.9245,0,0,0
5.878115,1788533105.649223,27.4698,27.1474,27.1474,27.1474,26.8052,0,0,0,-3.8084,-3.8390,8.4458,8.4458,7.6562,0,0,0,2.2539,2.3578,3.5368,3.5368,3.6608,0,0,0,-0.0506,0.0324,-0.0389,-0.0389,-0.0431,0,0,0,2.1276,1.9534,2.3441,2.3441,2.2606,0,0,0,-1.1094,-0.8276,-0.9932,-0.9932,-0.9239,0,0,0
5.886113,1788533105.657232,27.4698,27.1629,27.1629,27.1629,26.8334,0,0,0,-3.8084,-3.8375,8.4425,8.4425,7.7421,0,0,0,2.2539,2.3529,3.5293,3.5293,3.6514,0,0,0,-0.0506,0.0284,-0.0341,-0.0341,-0.0443,0,0,0,2.1276,1.9618,2.3541,2.3541,2.2640,0,0,0,-1.1094,-0.8412,-1.0094,-1.0094,-0.9240,0,0,0
5.893901,1788533105.664989,27.4698,27.1773,27.1773,27.1773,26.8539,0,0,0,-3.8084,-3.8362,8.4395,8.4395,7.8024,0,0,0,2.2539,2.3483,3.5224,3.5224,3.6444,0,0,0,-0.0506,0.0247,-0.0297,-0.0297,-0.0449,0,0,0,2.1276,1.9695,2.3634,2.3634,2.2669,0,0,0,-1.1094,-0.8536,-1.0244,-1.0244,-0.9247,0,0,0
5.901496,1788533105.664989,27.4698,27.1913,27.1913,27.1913,26.8804,0,0,0,-3.8084,-3.8348,8.4366,8.4366,7.8769,0,0,0,2.2539,2.3437,3.5156,3.5156,3.6353,0,0,0,-0.0506,0.0211,-0.0253,-0.0253,-0.0456,0,0,0,2.1276,1.9770,2.3725,2.3725,2.2712,0,0,0,-1.1094,-0.8659,-1.0391,-1.0391,-0.9266,0,0,0
5.909271,1788533105.680425,27.4668,27.2158,27.2158,27.2158,26.9061,0,0,0,-3.8607,-3.8371,8.4417,8.4417,7.9451,0,0,0,2.1894,2.3301,3.4951,3.4951,3.6264,0,0,0,-0.0286,0.0167,-0.0201,-0.0201,-0.0459,0,0,0,2.1379,1.9913,2.3895,2.3895,2.2760,0,0,0,-0.9623,-0.8744,-1.0493,-1.0493,-0.9294,0,0,0
5.918314,1788533105.680425,27.4668,27.2279,27.2279,27.2279,26.9309,0,0,0,-3.8607,-3.8383,8.4442,8.4442,8.0070,0,0,0,2.1894,2.3233,3.4850,3.4850,3.6176,0,0,0,-0.0286,0.0146,-0.0175,-0.0175,-0.0458,0,0,0,2.1379,1.9983,2.3980,2.3980,2.2813,0,0,0,-0.9623,-0.8786,-1.0544,-1.0544,-0.9333,0,0,0
5.925930,1788533105.697129,27.4964,27.2535,27.2535,27.2535,26.9548,0,0,0,-3.9249,-3.8465,8.4623,8.4623,8.0628,0,0,0,2.1894,2.3106,3.4659,3.4659,3.6089,0,0,0,-0.1009,0.0036,-0.0043,-0.0043,-0.0454,0,0,0,2.1549,2.0132,2.4158,2.4158,2.2871,0,0,0,-0.8344,-0.8744,-1.0493,-1.0493,-0.9382,0,0,0
5.933733,1788533105.704873,27.5117,27.2656,27.2656,27.2656,26.9723,0,0,0,-3.9933,-3.8533,8.4774,8.4774,8.1011,0,0,0,2.2223,2.3065,3.4597,3.4597,3.6023,0,0,0,-0.1038,-0.0014,0.0017,0.0017,-0.0449,0,0,0,2.1453,2.0193,2.4232,2.4232,2.2917,0,0,0,-0.7944,-0.8707,-1.0449,-1.0449,-0.9424,0,0,0
5.942333,1788533105.704873,27.5117,27.2774,27.2774,27.2774,26.9950,0,0,0,-3.9933,-3.8601,8.4922,8.4922,8.1474,0,0,0,2.2223,2.3025,3.4537,3.4537,3.5935,0,0,0,-0.1038,-0.0063,0.0076,0.0076,-0.0439,0,0,0,2.1453,2.0254,2.4304,2.4304,2.2983,0,0,0,-0.7944,-0.8671,-1.0405,-1.0405,-0.9486,0,0,0
5.950058,1788533105.704873,27.5117,27.2887,27.2887,27.2887,27.0172,0,0,0,-3.9933,-3.8665,8.5062,8.5062,8.1892,0,0,0,2.2223,2.2986,3.4479,3.4479,3.5844,0,0,0,-0.1038,-0.0110,0.0132,0.0132,-0.0424,0,0,0,2.1453,2.0311,2.4373,2.4373,2.3055,0,0,0,-0.7944,-0.8636,-1.0363,-1.0363,-0.9553,0,0,0
5.958072,1788533105.728201,27.5390,27.3208,27.3208,27.3208,27.0391,0,0,0,-4.0622,-3.8916,8.5614,8.5614,8.2270,0,0,0,2.2799,2.2962,3.4443,3.4443,3.5750,0,0,0,-0.0332,-0.0138,0.0166,0.0166,-0.0404,0,0,0,2.1437,2.0455,2.4546,2.4546,2.3133,0,0,0,-0.8191,-0.8579,-1.0295,-1.0295,-0.9619,0,0,0
5.966055,1788533105.737181,27.5570,27.3335,27.3335,27.3335,27.0605,0,0,0,-4.0287,-3.8989,8.5776,8.5776,8.2615,0,0,0,2.2819,2.2955,3.4432,3.4432,3.5655,0,0,0,-0.0368,-0.0150,0.0180,0.0180,-0.0380,0,0,0,2.1420,2.0507,2.4608,2.4608,2.3215,0,0,0,-0.8191,-0.8558,-1.0270,-1.0270,-0.9685,0,0,0
5.974069,1788533105.737181,27.5570,27.3442,27.3442,27.3442,27.0816,0,0,0,-4.0287,-3.9051,8.5913,8.5913,8.2933,0,0,0,2.2819,2.2948,3.4422,3.4422,3.5560,0,0,0,-0.0368,-0.0161,0.0193,0.0193,-0.0351,0,0,0,2.1420,2.0551,2.4661,2.4661,2.3301,0,0,0,-0.8191,-0.8541,-1.0249,-1.0249,-0.9747,0,0,0
5.982668,1788533105.753138,27.5570,27.3637,27.3637,27.3637,27.1024,0,0,0,-4.0287,-3.9164,8.6162,8.6162,8.3230,0,0,0,2.2819,2.2936,3.4404,3.4404,3.5466,0,0,0,-0.0368,-0.0180,0.0216,0.0216,-0.0319,0,0,0,2.1420,2.0630,2.4756,2.4756,2.3391,0,0,0,-0.8191,-0.8509,-1.0210,-1.0210,-0.9804,0,0,0
5.990437,1788533105.753138,27.5570,27.3730,27.3730,27.3730,27.1229,0,0,0,-4.0287,-3.9218,8.6280,8.6280,8.3509,0,0,0,2.2819,2.2931,3.4396,3.4396,3.5374,0,0,0,-0.0368,-0.0189,0.0226,0.0226,-0.0286,0,0,0,2.1420,2.0668,2.4801,2.4801,2.3484,0,0,0,-0.8191,-0.8494,-1.0192,-1.0192,-0.9857,0,0,0
5.998119,1788533105.753138,27.5570,27.3818,27.3818,27.3818,27.1430,0,0,0,-4.0287,-3.9270,8.6393,8.6393,8.3772,0,0,0,2.2819,2.2925,3.4388,3.4388,3.5286,0,0,0,-0.0368,-0.0197,0.0237,0.0237,-0.0251,0,0,0,2.1420,2.0704,2.4845,2.4845,2.3578,0,0,0,-0.8191,-0.8479,-1.0175,-1.0175,-0.9905,0,0,0
6.005653,1788533105.777770,27.5570,27.4054,27.4054,27.4054,27.1626,0,0,0,-4.0287,-3.9406,8.6694,8.6694,8.4020,0,0,0,2.2819,2.2911,3.4367,3.4367,3.5201,0,0,0,-0.0368,-0.0220,0.0264,0.0264,-0.0216,0,0,0,2.1420,2.0800,2.4960,2.4960,2.3672,0,0,0,-0.8191,-0.8440,-1.0128,-1.0128,-0.9947,0,0,0
6.014442,1788533105.784942,27.5570,27.4119,27.4119,27.4119,27.1818,0,0,0,-4.0287,-3.9444,8.6777,8.6777,8.4256,0,0,0,2.2819,2.2907,3.4361,3.4361,3.5121,0,0,0,-0.0368,-0.0227,0.0272,0.0272,-0.0180,0,0,0,2.1420,2.0827,2.4992,2.4992,2.3766,0,0,0,-0.8191,-0.8430,-1.0116,-1.0116,-0.9985,0,0,0
6.022592,1788533105.793142,27.5570,27.4191,27.4191,27.4191,27.1959,0,0,0,-4.0287,-3.9486,8.6868,8.6868,8.4425,0,0,0,2.2819,2.2903,3.4354,3.4354,3.5064,0,0,0,-0.0368,-0.0233,0.0280,0.0280,-0.0153,0,0,0,2.1420,2.0856,2.5027,2.5027,2.3837,0,0,0,-0.8191,-0.8418,-1.0102,-1.0102,-1.0009,0,0,0
6.030615,1788533105.793142,27.5570,27.4257,27.4257,27.4257,27.2143,0,0,0,-4.0287,-3.9524,8.6953,8.6953,8.4643,0,0,0,2.2819,2.2899,3.4348,3.4348,3.4991,0,0,0,-0.0368,-0.0240,0.0288,0.0288,-0.0118,0,0,0,2.1420,2.0883,2.5059,2.5059,2.3930,0,0,0,-0.8191,-0.8407,-1.0089,-1.0089,-1.0037,0,0,0
6.038194,1788533105.809310,27.5570,27.4378,27.4378,27.4378,27.2322,0,0,0,-4.0287,-3.9595,8.7108,8.7108,8.4851,0,0,0,2.2819,2.2891,3.4337,3.4337,3.4924,0,0,0,-0.0368,-0.0252,0.0302,0.0302,-0.0084,0,0,0,2.1420,2.0932,2.5119,2.5119,2.4022,0,0,0,-0.8191,-0.8387,-1.0065,-1.0065,-1.0060,0,0,0
6.045919,1788533105.818037,27.5570,27.4441,27.4441,27.4441,27.2495,0,0,0,-4.0287,-3.9631,8.7187,8.7187,8.5049,0,0,0,2.2819,2.2888,3.4331,3.4331,3.4861,0,0,0,-0.0368,-0.0258,0.0309,0.0309,-0.0051,0,0,0,2.1420,2.0958,2.5149,2.5149,2.4111,0,0,0,-0.8191,-0.8377,-1.0052,-1.0052,-1.0078,0,0,0
6.054486,1788533105.825606,27.5570,27.4492,27.4492,27.4492,27.2662,0,0,0,-4.0287,-3.9661,8.7253,8.7253,8.5239,0,0,0,2.2819,2.2885,3.4327,3.4327,3.4803,0,0,0,-0.0368,-0.0263,0.0315,0.0315,-0.0019,0,0,0,2.1420,2.0979,2.5174,2.5174,2.4198,0,0,0,-0.8191,-0.8369,-1.0042,-1.0042,-1.0093,0,0,0
6.061737,1788533105.833855,27.5570,27.4545,27.4545,27.4545,27.2823,0,0,0,-4.0287,-3.9691,8.7321,8.7321,8.5420,0,0,0,2.2819,2.2881,3.4322,3.4322,3.4749,0,0,0,-0.0368,-0.0268,0.0322,0.0322,0.0012,0,0,0,2.1420,2.1000,2.5201,2.5201,2.4282,0,0,0,-0.8191,-0.8360,-1.0032,-1.0032,-1.0104,0,0,0
6.070452,1788533105.841955,27.5570,27.4595,27.4595,27.4595,27.2976,0,0,0,-4.0287,-3.9720,8.7385,8.7385,8.5591,0,0,0,2.2819,2.2878,3.4317,3.4317,3.4700,0,0,0,-0.0368,-0.0273,0.0327,0.0327,0.0041,0,0,0,2.1420,2.1021,2.5225,2.5225,2.4363,0,0,0,-0.8191,-0.8352,-1.0022,-1.0022,-1.0111,0,0,0
6.078134,1788533105.850252,27.5570,27.4643,27.4643,27.4643,27.3123,0,0,0,-4.0287,-3.9748,8.7447,8.7447,8.5755,0,0,0,2.2819,2.2875,3.4313,3.4313,3.4655,0,0,0,-0.0368,-0.0278,0.0333,0.0333,0.0069,0,0,0,2.1420,2.1041,2.5249,2.5249,2.4440,0,0,0,-0.8191,-0.8344,-1.0012,-1.0012,-1.0116,0,0,0
6.086603,1788533105.850252,27.5570,27.4688,27.4688,27.4688,27.3263,0,0,0,-4.0287,-3.9774,8.7503,8.7503,8.5911,0,0,0,2.2819,2.2873,3.4309,3.4309,3.4614,0,0,0,-0.0368,-0.0282,0.0338,0.0338,0.0095,0,0,0,2.1420,2.1059,2.5271,2.5271,2.4514,0,0,0,-0.8191,-0.8336,-1.0004,-1.0004,-1.0118,0,0,0
6.094329,1788533105.865443,27.5570,27.4765,27.4765,27.4765,27.3363,0,0,0,-4.0287,-3.9819,8.7602,8.7602,8.6023,0,0,0,2.2819,2.2868,3.4302,3.4302,3.4586,0,0,0,-0.0368,-0.0289,0.0347,0.0347,0.0113,0,0,0,2.1420,2.1090,2.5308,2.5308,2.4567,0,0,0,-0.8191,-0.8324,-0.9988,-0.9988,-1.0118,0,0,0
6.102042,1788533105.873151,27.6181,27.4831,27.4831,27.4831,27.3491,0,0,0,-4.2246,-3.9931,8.7849,8.7849,8.6165,0,0,0,2.3326,2.2889,3.4334,3.4334,3.4552,0,0,0,-0.0133,-0.0282,0.0339,0.0339,0.0136,0,0,0,1.9890,2.1035,2.5242,2.5242,2.4635,0,0,0,-0.7084,-0.8266,-0.9920,-0.9920,-1.0117,0,0,0
6.110759,1788533105.873151,27.6181,27.4895,27.4895,27.4895,27.3612,0,0,0,-4.2246,-4.0042,8.8093,8.8093,8.6300,0,0,0,2.3326,2.2910,3.4365,3.4365,3.4520,0,0,0,-0.0133,-0.0275,0.0330,0.0330,0.0158,0,0,0,1.9890,2.0980,2.5176,2.5176,2.4699,0,0,0,-0.7084,-0.8210,-0.9852,-0.9852,-1.0113,0,0,0
6.118746,1788533105.889778,27.6104,27.5010,27.5010,27.5010,27.3727,0,0,0,-4.2285,-4.0255,8.8561,8.8561,8.6430,0,0,0,2.3462,2.2962,3.4443,3.4443,3.4492,0,0,0,-0.0134,-0.0262,0.0314,0.0314,0.0178,0,0,0,2.0094,2.0896,2.5075,2.5075,2.4759,0,0,0,-0.7395,-0.8133,-0.9759,-0.9759,-1.0108,0,0,0
6.126738,1788533105.889778,27.6104,27.5062,27.5062,27.5062,27.3836,0,0,0,-4.2285,-4.0352,8.8775,8.8775,8.6556,0,0,0,2.3462,2.2986,3.4479,3.4479,3.4468,0,0,0,-0.0134,-0.0256,0.0307,0.0307,0.0197,0,0,0,2.0094,2.0858,2.5029,2.5029,2.4815,0,0,0,-0.7395,-0.8097,-0.9717,-0.9717,-1.0101,0,0,0
6.134417,1788533105.905541,27.6104,27.5156,27.5156,27.5156,27.3941,0,0,0,-4.2285,-4.0527,8.9159,8.9159,8.6684,0,0,0,2.3462,2.3029,3.4544,3.4544,3.4447,0,0,0,-0.0134,-0.0245,0.0294,0.0294,0.0214,0,0,0,2.0094,2.0789,2.4947,2.4947,2.4864,0,0,0,-0.7395,-0.8034,-0.9641,-0.9641,-1.0090,0,0,0
6.141881,1788533105.913998,27.6104,27.5204,27.5204,27.5204,27.4041,0,0,0,-4.2285,-4.0616,8.9354,8.9354,8.6818,0,0,0,2.3462,2.3051,3.4576,3.4576,3.4431,0,0,0,-0.0134,-0.0239,0.0287,0.0287,0.0228,0,0,0,2.0094,2.0754,2.4905,2.4905,2.4906,0,0,0,-0.7395,-0.8002,-0.9602,-0.9602,-1.0076,0,0,0
6.150579,1788533105.913998,27.6104,27.5248,27.5248,27.5248,27.4114,0,0,0,-4.2285,-4.0696,8.9530,8.9530,8.6922,0,0,0,2.3462,2.3071,3.4606,3.4606,3.4422,0,0,0,-0.0134,-0.0234,0.0281,0.0281,0.0238,0,0,0,2.0094,2.0722,2.4867,2.4867,2.4933,0,0,0,-0.7395,-0.7973,-0.9567,-0.9567,-1.0063,0,0,0
6.158278,1788533105.913998,27.6104,27.5289,27.5289,27.5289,27.4208,0,0,0,-4.2285,-4.0772,8.9698,8.9698,8.7068,0,0,0,2.3462,2.3089,3.4634,3.4634,3.4414,0,0,0,-0.0134,-0.0229,0.0275,0.0275,0.0250,0,0,0,2.0094,2.0692,2.4831,2.4831,2.4961,0,0,0,-0.7395,-0.7945,-0.9534,-0.9534,-1.0043,0,0,0
6.165863,1788533105.937077,27.5682,27.5339,27.5339,27.5339,27.4299,0,0,0,-4.3025,-4.1058,9.0327,9.0327,8.7222,0,0,0,2.4049,2.3211,3.4816,3.4816,3.4411,0,0,0,0.1134,-0.0057,0.0068,0.0068,0.0259,0,0,0,2.0236,2.0634,2.4761,2.4761,2.4983,0,0,0,-1.1810,-0.8435,-1.0122,-1.0122,-1.0019,0,0,0
6.174506,1788533105.945616,27.5682,27.5356,27.5356,27.5356,27.4387,0,0,0,-4.3025,-4.1158,9.0548,9.0548,8.7383,0,0,0,2.4049,2.3254,3.4880,3.4880,3.4412,0,0,0,0.1134,0.0004,-0.0005,-0.0005,0.0267,0,0,0,2.0236,2.0614,2.4737,2.4737,2.4998,0,0,0,-1.1810,-0.8607,-1.0328,-1.0328,-0.9993,0,0,0
6.183025,1788533105.953630,27.5682,27.5372,27.5372,27.5372,27.4471,0,0,0,-4.3025,-4.1248,9.0745,9.0745,8.7550,0,0,0,2.4049,2.3292,3.4938,3.4938,3.4416,0,0,0,0.1134,0.0058,-0.0070,-0.0070,0.0273,0,0,0,2.0236,2.0596,2.4715,2.4715,2.5006,0,0,0,-1.1810,-0.8760,-1.0512,-1.0512,-0.9966,0,0,0
6.190830,1788533105.962947,27.5325,27.5369,27.5369,27.5369,27.4532,0,0,0,-4.1360,-4.1254,9.0759,9.0759,8.7682,0,0,0,2.3699,2.3314,3.4971,3.4971,3.4424,0,0,0,0.0517,0.0084,-0.0100,-0.0100,0.0274,0,0,0,2.0178,2.0573,2.4687,2.4687,2.5009,0,0,0,-0.7932,-0.8714,-1.0457,-1.0457,-0.9950,0,0,0
6.198848,1788533105.962947,27.5325,27.5367,27.5367,27.5367,27.4610,0,0,0,-4.1360,-4.1259,9.0770,9.0770,8.7867,0,0,0,2.3699,2.3333,3.4999,3.4999,3.4438,0,0,0,0.0517,0.0104,-0.0125,-0.0125,0.0272,0,0,0,2.0178,2.0554,2.4665,2.4665,2.5007,0,0,0,-0.7932,-0.8677,-1.0412,-1.0412,-0.9938,0,0,0
6.206844,1788533105.977961,27.4934,27.5330,27.5330,27.5330,27.4684,0,0,0,-4.0468,-4.1191,9.0620,9.0620,8.8062,0,0,0,2.3521,2.3349,3.5023,3.5023,3.4459,0,0,0,0.0517,0.0140,-0.0168,-0.0168,0.0264,0,0,0,2.0451,2.0545,2.4654,2.4654,2.5001,0,0,0,-0.7758,-0.8598,-1.0317,-1.0317,-0.9938,0,0,0
6.215167,1788533105.977961,27.4934,27.5311,27.5311,27.5311,27.4754,0,0,0,-4.0468,-4.1156,9.0543,9.0543,8.8261,0,0,0,2.3521,2.3357,3.5036,3.5036,3.4484,0,0,0,0.0517,0.0158,-0.0190,-0.0190,0.0251,0,0,0,2.0451,2.0541,2.4649,2.4649,2.4990,0,0,0,-0.7758,-0.8557,-1.0269,-1.0269,-0.9945,0,0,0
6.223141,1788533105.977961,27.4934,27.5293,27.5293,27.5293,27.4819,0,0,0,-4.0468,-4.1123,9.0471,9.0471,8.8458,0,0,0,2.3521,2.3365,3.5047,3.5047,3.4513,0,0,0,0.0517,0.0175,-0.0210,-0.0210,0.0234,0,0,0,2.0451,2.0536,2.4644,2.4644,2.4976,0,0,0,-0.7758,-0.8519,-1.0223,-1.0223,-0.9958,0,0,0
6.230756,1788533105.977961,27.4934,27.5275,27.5275,27.5275,27.4864,0,0,0,-4.0468,-4.1092,9.0402,9.0402,8.8602,0,0,0,2.3521,2.3372,3.5059,3.5059,3.4536,0,0,0,0.0517,0.0192,-0.0230,-0.0230,0.0219,0,0,0,2.0451,2.0532,2.4639,2.4639,2.4963,0,0,0,-0.7758,-0.8483,-1.0179,-1.0179,-0.9970,0,0,0
6.238441,1788533106.009647,27.4611,27.5165,27.5165,27.5165,27.4919,0,0,0,-3.9327,-4.0798,8.9757,8.9757,8.8786,0,0,0,2.4433,2.3549,3.5323,3.5323,3.4569,0,0,0,0.1041,0.0333,-0.0399,-0.0399,0.0196,0,0,0,2.1222,2.0647,2.4776,2.4776,2.4945,0,0,0,-0.8215,-0.8438,-1.0126,-1.0126,-0.9987,0,0,0
6.247146,1788533106.009647,27.4611,27.5138,27.5138,27.5138,27.4969,0,0,0,-3.9327,-4.0728,8.9602,8.9602,8.8959,0,0,0,2.4433,2.3591,3.5386,3.5386,3.4604,0,0,0,0.1041,0.0367,-0.0440,-0.0440,0.0171,0,0,0,2.1222,2.0674,2.4809,2.4809,2.4926,0,0,0,-0.8215,-0.8428,-1.0113,-1.0113,-1.0004,0,0,0
6.255067,1788533106.026268,27.3850,27.5017,27.5017,27.5017,27.5012,0,0,0,-3.6780,-4.0355,8.8780,8.8780,8.9113,0,0,0,2.4601,2.3686,3.5530,3.5530,3.4641,0,0,0,0.0984,0.0425,-0.0510,-0.0510,0.0143,0,0,0,2.2401,2.0838,2.5005,2.5005,2.4906,0,0,0,-1.0102,-0.8586,-1.0303,-1.0303,-1.0020,0,0,0
6.263069,1788533106.026268,27.3850,27.4961,27.4961,27.4961,27.5039,0,0,0,-3.6780,-4.0183,8.8404,8.8404,8.9214,0,0,0,2.4601,2.3730,3.5595,3.5595,3.4671,0,0,0,0.0984,0.0452,-0.0542,-0.0542,0.0119,0,0,0,2.2401,2.0912,2.5095,2.5095,2.4894,0,0,0,-1.0102,-0.8659,-1.0390,-1.0390,-1.0031,0,0,0
6.271171,1788533106.026268,27.3850,27.4908,27.4908,27.4908,27.5070,0,0,0,-3.6780,-4.0021,8.8045,8.8045,8.9323,0,0,0,2.4601,2.3772,3.5658,3.5658,3.4716,0,0,0,0.0984,0.0477,-0.0573,-0.0573,0.0085,0,0,0,2.2401,2.0984,2.5180,2.5180,2.4879,0,0,0,-1.0102,-0.8728,-1.0473,-1.0473,-1.0044,0,0,0
6.279183,1788533106.026268,27.3850,27.4857,27.4857,27.4857,27.5093,0,0,0,-3.6780,-3.9865,8.7704,8.7704,8.9399,0,0,0,2.4601,2.3812,3.5717,3.5717,3.4765,0,0,0,0.0984,0.0501,-0.0602,-0.0602,0.0048,0,0,0,2.2401,2.1052,2.5262,2.5262,2.4871,0,0,0,-1.0102,-0.8793,-1.0552,-1.0552,-1.0060,0,0,0
6.287173,1788533106.058305,27.3850,27.4688,27.4688,27.4688,27.5108,0,0,0,-3.6780,-3.9348,8.6566,8.6566,8.9439,0,0,0,2.4601,2.3944,3.5916,3.5916,3.4818,0,0,0,0.0984,0.0582,-0.0699,-0.0699,0.0008,0,0,0,2.2401,2.1278,2.5533,2.5533,2.4868,0,0,0,-1.0102,-0.9013,-1.0815,-1.0815,-1.0078,0,0,0
6.294776,1788533106.065895,27.3850,27.4650,27.4650,27.4650,27.5117,0,0,0,-3.6780,-3.9231,8.6309,8.6309,8.9444,0,0,0,2.4601,2.3974,3.5961,3.5961,3.4875,0,0,0,0.0984,0.0601,-0.0721,-0.0721,-0.0033,0,0,0,2.2401,2.1329,2.5595,2.5595,2.4872,0,0,0,-1.0102,-0.9062,-1.0875,-1.0875,-1.0100,0,0,0
6.302769,1788533106.074887,27.3850,27.4607,27.4607,27.4607,27.5118,0,0,0,-3.6780,-3.9100,8.6020,8.6020,8.9425,0,0,0,2.4601,2.4007,3.6011,3.6011,3.4919,0,0,0,0.0984,0.0621,-0.0745,-0.0745,-0.0064,0,0,0,2.2401,2.1386,2.5664,2.5664,2.4879,0,0,0,-1.0102,-0.9118,-1.0942,-1.0942,-1.0118,0,0,0
6.310782,1788533106.074887,27.3850,27.4571,27.4571,27.4571,27.5114,0,0,0,-3.6780,-3.8989,8.5776,8.5776,8.9361,0,0,0,2.4601,2.4036,3.6054,3.6054,3.4982,0,0,0,0.0984,0.0639,-0.0766,-0.0766,-0.0108,0,0,0,2.2401,2.1435,2.5722,2.5722,2.4897,0,0,0,-1.0102,-0.9165,-1.0998,-1.0998,-1.0149,0,0,0
6.318755,1788533106.089886,27.3850,27.4509,27.4509,27.4509,27.5102,0,0,0,-3.6780,-3.8798,8.5357,8.5357,8.9258,0,0,0,2.4601,2.4085,3.6127,3.6127,3.5048,0,0,0,0.0984,0.0668,-0.0802,-0.0802,-0.0153,0,0,0,2.2401,2.1518,2.5822,2.5822,2.4923,0,0,0,-1.0102,-0.9246,-1.1095,-1.1095,-1.0186,0,0,0
6.326689,1788533106.098807,27.3850,27.4474,27.4474,27.4474,27.5084,0,0,0,-3.6780,-3.8691,8.5121,8.5121,8.9121,0,0,0,2.4601,2.4112,3.6168,3.6168,3.5117,0,0,0,0.0984,0.0685,-0.0822,-0.0822,-0.0198,0,0,0,2.2401,2.1565,2.5878,2.5878,2.4956,0,0,0,-1.0102,-0.9291,-1.1150,-1.1150,-1.0228,0,0,0
6.335212,1788533106.098807,27.3850,27.4444,27.4444,27.4444,27.5061,0,0,0,-3.6780,-3.8600,8.4919,8.4919,8.8955,0,0,0,2.4601,2.4135,3.6203,3.6203,3.5187,0,0,0,0.0984,0.0699,-0.0839,-0.0839,-0.0244,0,0,0,2.2401,2.1605,2.5926,2.5926,2.4996,0,0,0,-1.0102,-0.9330,-1.1196,-1.1196,-1.0274,0,0,0
6.343213,1788533106.114331,27.2372,27.4260,27.4260,27.4260,27.5041,0,0,0,-3.5822,-3.8353,8.4376,8.4376,8.8814,0,0,0,2.4992,2.4212,3.6317,3.6317,3.5240,0,0,0,0.0119,0.0648,-0.0777,-0.0777,-0.0278,0,0,0,2.2635,2.1697,2.6036,2.6036,2.5029,0,0,0,-1.1022,-0.9481,-1.1377,-1.1377,-1.0311,0,0,0
6.350744,1788533106.122861,27.2372,27.4164,27.4164,27.4164,27.5010,0,0,0,-3.5822,-3.8224,8.4092,8.4092,8.8605,0,0,0,2.4992,2.4251,3.6377,3.6377,3.5311,0,0,0,0.0119,0.0621,-0.0745,-0.0745,-0.0322,0,0,0,2.2635,2.1744,2.6093,2.6093,2.5078,0,0,0,-1.1022,-0.9559,-1.1471,-1.1471,-1.0364,0,0,0
6.358745,1788533106.130863,27.2372,27.4078,27.4078,27.4078,27.4974,0,0,0,-3.5822,-3.8108,8.3839,8.3839,8.8372,0,0,0,2.4992,2.4287,3.6430,3.6430,3.5384,0,0,0,0.0119,0.0597,-0.0716,-0.0716,-0.0365,0,0,0,2.2635,2.1787,2.6144,2.6144,2.5132,0,0,0,-1.1022,-0.9629,-1.1555,-1.1555,-1.0422,0,0,0
6.366744,1788533106.130863,27.2372,27.3996,27.3996,27.3996,27.4933,0,0,0,-3.5822,-3.7999,8.3598,8.3598,8.8117,0,0,0,2.4992,2.4321,3.6481,3.6481,3.5458,0,0,0,0.0119,0.0574,-0.0689,-0.0689,-0.0406,0,0,0,2.2635,2.1828,2.6193,2.6193,2.5191,0,0,0,-1.1022,-0.9696,-1.1635,-1.1635,-1.0485,0,0,0
6.375499,1788533106.145627,27.2572,27.3875,27.3875,27.3875,27.4886,0,0,0,-3.6898,-3.7905,8.3392,8.3392,8.7844,0,0,0,2.4240,2.4314,3.6471,3.6471,3.5532,0,0,0,0.0056,0.0530,-0.0636,-0.0636,-0.0443,0,0,0,2.1911,2.1835,2.6202,2.6202,2.5253,0,0,0,-1.1204,-0.9824,-1.1789,-1.1789,-1.0553,0,0,0
6.383520,1788533106.154619,27.2572,27.3806,27.3806,27.3806,27.4834,0,0,0,-3.6898,-3.7851,8.3273,8.3273,8.7557,0,0,0,2.4240,2.4310,3.6465,3.6465,3.5606,0,0,0,0.0056,0.0505,-0.0606,-0.0606,-0.0477,0,0,0,2.1911,2.1839,2.6207,2.6207,2.5318,0,0,0,-1.1204,-0.9898,-1.1877,-1.1877,-1.0624,0,0,0
6.391073,1788533106.162596,27.2572,27.3747,27.3747,27.3747,27.4777,0,0,0,-3.6898,-3.7806,8.3173,8.3173,8.7262,0,0,0,2.4240,2.4306,3.6460,3.6460,3.5679,0,0,0,0.0056,0.0483,-0.0580,-0.0580,-0.0506,0,0,0,2.1911,2.1842,2.6211,2.6211,2.5384,0,0,0,-1.1204,-0.9960,-1.1952,-1.1952,-1.0699,0,0,0
6.398858,1788533106.169982,27.2572,27.3694,27.3694,27.3694,27.4747,0,0,0,-3.6898,-3.7765,8.3084,8.3084,8.7112,0,0,0,2.4240,2.4303,3.6455,3.6455,3.5715,0,0,0,0.0056,0.0464,-0.0557,-0.0557,-0.0519,0,0,0,2.1911,2.1845,2.6214,2.6214,2.5417,0,0,0,-1.1204,-1.0016,-1.2019,-1.2019,-1.0739,0,0,0
6.407362,1788533106.178377,27.2572,27.3638,27.3638,27.3638,27.4668,0,0,0,-3.6898,-3.7722,8.2988,8.2988,8.6737,0,0,0,2.4240,2.4300,3.6450,3.6450,3.5802,0,0,0,0.0056,0.0444,-0.0533,-0.0533,-0.0546,0,0,0,2.1911,2.1849,2.6218,2.6218,2.5498,0,0,0,-1.1204,-1.0075,-1.2090,-1.2090,-1.0840,0,0,0
6.414696,1788533106.178377,27.2572,27.3587,27.3587,27.3587,27.4603,0,0,0,-3.6898,-3.7682,8.2901,8.2901,8.6440,0,0,0,2.4240,2.4297,3.6446,3.6446,3.5867,0,0,0,0.0056,0.0425,-0.0510,-0.0510,-0.0563,0,0,0,2.1911,2.1852,2.6222,2.6222,2.5562,0,0,0,-1.1204,-1.0129,-1.2155,-1.2155,-1.0922,0,0,0
6.423165,1788533106.194293,27.2572,27.3495,27.3495,27.3495,27.4535,0,0,0,-3.6898,-3.7611,8.2744,8.2744,8.6149,0,0,0,2.4240,2.4292,3.6438,3.6438,3.5928,0,0,0,0.0056,0.0392,-0.0470,-0.0470,-0.0577,0,0,0,2.1911,2.1857,2.6228,2.6228,2.5623,0,0,0,-1.1204,-1.0227,-1.2272,-1.2272,-1.1006,0,0,0
6.431451,1788533106.202487,27.2572,27.3450,27.3450,27.3450,27.4467,0,0,0,-3.6898,-3.7576,8.2667,8.2667,8.5867,0,0,0,2.4240,2.4290,3.6434,3.6434,3.5985,0,0,0,0.0056,0.0375,-0.0450,-0.0450,-0.0586,0,0,0,2.1911,2.1860,2.6232,2.6232,2.5681,0,0,0,-1.1204,-1.0275,-1.2330,-1.2330,-1.1091,0,0,0
6.439187,1788533106.202487,27.2572,27.3408,27.3408,27.3408,27.4397,0,0,0,-3.6898,-3.7544,8.2596,8.2596,8.5592,0,0,0,2.4240,2.4287,3.6431,3.6431,3.6037,0,0,0,0.0056,0.0360,-0.0432,-0.0432,-0.0592,0,0,0,2.1911,2.1862,2.6235,2.6235,2.5736,0,0,0,-1.1204,-1.0319,-1.2383,-1.2383,-1.1177,0,0,0
6.447507,1788533106.218626,27.2572,27.3331,27.3331,27.3331,27.4326,0,0,0,-3.6898,-3.7484,8.2465,8.2465,8.5328,0,0,0,2.4240,2.4283,3.6424,3.6424,3.6085,0,0,0,0.0056,0.0332,-0.0398,-0.0398,-0.0594,0,0,0,2.1911,2.1867,2.6240,2.6240,2.5787,0,0,0,-1.1204,-1.0401,-1.2481,-1.2481,-1.1264,0,0,0
6.455553,1788533106.226677,27.2572,27.3294,27.3294,27.3294,27.4273,0,0,0,-3.6898,-3.7456,8.2403,8.2403,8.5137,0,0,0,2.4240,2.4281,3.6421,3.6421,3.6118,0,0,0,0.0056,0.0319,-0.0382,-0.0382,-0.0594,0,0,0,2.1911,2.1869,2.6243,2.6243,2.5823,0,0,0,-1.1204,-1.0440,-1.2528,-1.2528,-1.1329,0,0,0
6.463681,1788533106.234801,27.2572,27.3259,27.3259,27.3259,27.4203,0,0,0,-3.6898,-3.7429,8.2343,8.2343,8.4891,0,0,0,2.4240,2.4279,3.6418,3.6418,3.6159,0,0,0,0.0056,0.0306,-0.0367,-0.0367,-0.0591,0,0,0,2.1911,2.1871,2.6245,2.6245,2.5869,0,0,0,-1.1204,-1.0477,-1.2572,-1.2572,-1.1416,0,0,0
6.471724,1788533106.242851,27.0737,27.3137,27.3137,27.3137,27.4114,0,0,0,-3.9302,-3.7519,8.2542,8.2542,8.4600,0,0,0,2.4238,2.4277,3.6415,3.6415,3.6203,0,0,0,0.0304,0.0306,-0.0367,-0.0367,-0.0583,0,0,0,2.0671,2.1813,2.6176,2.6176,2.5921,0,0,0,-1.1799,-1.0541,-1.2649,-1.2649,-1.1524,0,0,0
6.479252,1788533106.242851,27.0737,27.3022,27.3022,27.3022,27.4062,0,0,0,-3.9302,-3.7604,8.2730,8.2730,8.4434,0,0,0,2.4238,2.4275,3.6413,3.6413,3.6227,0,0,0,0.0304,0.0306,-0.0367,-0.0367,-0.0577,0,0,0,2.0671,2.1758,2.6110,2.6110,2.5949,0,0,0,-1.1799,-1.0601,-1.2721,-1.2721,-1.1588,0,0,0
6.487433,1788533106.258550,27.0574,27.2802,27.2802,27.2802,27.3993,0,0,0,-3.9320,-3.7759,8.3069,8.3069,8.4225,0,0,0,2.4238,2.4272,3.6408,3.6408,3.6255,0,0,0,0.0407,0.0315,-0.0378,-0.0378,-0.0567,0,0,0,2.0671,2.1661,2.5993,2.5993,2.5984,0,0,0,-1.1243,-1.0659,-1.2790,-1.2790,-1.1672,0,0,0
6.495502,1788533106.266620,27.0574,27.2695,27.2695,27.2695,27.3923,0,0,0,-3.9320,-3.7834,8.3235,8.3235,8.4033,0,0,0,2.4238,2.4270,3.6405,3.6405,3.6280,0,0,0,0.0407,0.0319,-0.0383,-0.0383,-0.0555,0,0,0,2.0671,2.1613,2.5936,2.5936,2.6015,0,0,0,-1.1243,-1.0687,-1.2824,-1.2824,-1.1756,0,0,0
6.503575,1788533106.266620,27.0574,27.2593,27.2593,27.2593,27.3852,0,0,0,-3.9320,-3.7905,8.3391,8.3391,8.3861,0,0,0,2.4238,2.4269,3.6403,3.6403,3.6302,0,0,0,0.0407,0.0323,-0.0388,-0.0388,-0.0543,0,0,0,2.0671,2.1568,2.5881,2.5881,2.6039,0,0,0,-1.1243,-1.0713,-1.2856,-1.2856,-1.1838,0,0,0
6.510807,1788533106.282030,27.0574,27.2415,27.2415,27.2415,27.3778,0,0,0,-3.9320,-3.8030,8.3666,8.3666,8.3714,0,0,0,2.4238,2.4266,3.6399,3.6399,3.6321,0,0,0,0.0407,0.0331,-0.0397,-0.0397,-0.0531,0,0,0,2.0671,2.1489,2.5786,2.5786,2.6058,0,0,0,-1.1243,-1.0760,-1.2912,-1.2912,-1.1919,0,0,0
6.519814,1788533106.289933,27.0574,27.2327,27.2327,27.2327,27.3701,0,0,0,-3.9320,-3.8091,8.3800,8.3800,8.3591,0,0,0,2.4238,2.4265,3.6397,3.6397,3.6337,0,0,0,0.0407,0.0334,-0.0401,-0.0401,-0.0519,0,0,0,2.0671,2.1450,2.5740,2.5740,2.6070,0,0,0,-1.1243,-1.0783,-1.2940,-1.2940,-1.1998,0,0,0
6.527434,1788533106.298538,27.0574,27.2237,27.2237,27.2237,27.3641,0,0,0,-3.9320,-3.8154,8.3939,8.3939,8.3515,0,0,0,2.4238,2.4263,3.6395,3.6395,3.6348,0,0,0,0.0407,0.0338,-0.0406,-0.0406,-0.0510,0,0,0,2.0671,2.1410,2.5692,2.5692,2.6075,0,0,0,-1.1243,-1.0807,-1.2968,-1.2968,-1.2056,0,0,0
6.535533,1788533106.306638,27.0025,27.2130,27.2130,27.2130,27.3558,0,0,0,-4.1082,-3.8296,8.4251,8.4251,8.3435,0,0,0,2.4598,2.4279,3.6419,3.6419,3.6360,0,0,0,-0.0307,0.0307,-0.0368,-0.0368,-0.0499,0,0,0,2.0762,2.1379,2.5654,2.5654,2.6076,0,0,0,-1.1063,-1.0819,-1.2983,-1.2983,-1.2132,0,0,0
6.543158,1788533106.314362,27.0025,27.2032,27.2032,27.2032,27.3471,0,0,0,-4.1082,-3.8425,8.4535,8.4535,8.3380,0,0,0,2.4598,2.4294,3.6441,3.6441,3.6370,0,0,0,-0.0307,0.0279,-0.0334,-0.0334,-0.0488,0,0,0,2.0762,2.1350,2.5620,2.5620,2.6071,0,0,0,-1.1063,-1.0830,-1.2997,-1.2997,-1.2205,0,0,0
6.551754,1788533106.322377,27.0025,27.1936,27.1936,27.1936,27.3382,0,0,0,-4.1082,-3.8552,8.4815,8.4815,8.3346,0,0,0,2.4598,2.4309,3.6463,3.6463,3.6378,0,0,0,-0.0307,0.0250,-0.0301,-0.0301,-0.0478,0,0,0,2.0762,2.1322,2.5586,2.5586,2.6060,0,0,0,-1.1063,-1.0842,-1.3010,-1.3010,-1.2275,0,0,0
6.559295,1788533106.330413,27.0025,27.1844,27.1844,27.1844,27.3337,0,0,0,-4.1082,-3.8674,8.5083,8.5083,8.3338,0,0,0,2.4598,2.4323,3.6484,3.6484,3.6382,0,0,0,-0.0307,0.0224,-0.0268,-0.0268,-0.0474,0,0,0,2.0762,2.1295,2.5554,2.5554,2.6053,0,0,0,-1.1063,-1.0852,-1.3023,-1.3023,-1.2309,0,0,0
6.567299,1788533106.339417,27.0025,27.1746,27.1746,27.1746,27.3197,0,0,0,-4.1082,-3.8803,8.5367,8.5367,8.3348,0,0,0,2.4598,2.4337,3.6506,3.6506,3.6392,0,0,0,-0.0307,0.0195,-0.0234,-0.0234,-0.0459,0,0,0,2.0762,2.1266,2.5520,2.5520,2.6025,0,0,0,-1.1063,-1.0864,-1.3036,-1.3036,-1.2406,0,0,0
6.575300,1788533106.339417,27.0025,27.1664,27.1664,27.1664,27.3104,0,0,0,-4.1082,-3.8912,8.5607,8.5607,8.3380,0,0,0,2.4598,2.4350,3.6525,3.6525,3.6398,0,0,0,-0.0307,0.0171,-0.0205,-0.0205,-0.0449,0,0,0,2.0762,2.1242,2.5491,2.5491,2.6003,0,0,0,-1.1063,-1.0873,-1.3048,-1.3048,-1.2467,0,0,0
6.583387,1788533106.355505,26.9568,27.1471,27.1471,27.1471,27.3032,0,0,0,-4.0471,-3.9055,8.5922,8.5922,8.3421,0,0,0,2.4731,2.4385,3.6577,3.6577,3.6403,0,0,0,-0.1087,0.0056,-0.0067,-0.0067,-0.0441,0,0,0,2.1336,2.1251,2.5501,2.5501,2.5984,0,0,0,-1.0057,-1.0798,-1.2958,-1.2958,-1.2510,0,0,0
6.591856,1788533106.361600,26.9568,27.1401,27.1401,27.1401,27.2933,0,0,0,-4.0471,-3.9108,8.6037,8.6037,8.3498,0,0,0,2.4731,2.4398,3.6596,3.6596,3.6410,0,0,0,-0.1087,0.0013,-0.0016,-0.0016,-0.0428,0,0,0,2.1336,2.1254,2.5505,2.5505,2.5956,0,0,0,-1.0057,-1.0771,-1.2925,-1.2925,-1.2564,0,0,0
6.599871,1788533106.361600,26.9568,27.1313,27.1313,27.1313,27.2832,0,0,0,-4.0471,-3.9173,8.6181,8.6181,8.3599,0,0,0,2.4731,2.4414,3.6620,3.6620,3.6418,0,0,0,-0.1087,-0.0039,0.0047,0.0047,-0.0413,0,0,0,2.1336,2.1258,2.5510,2.5510,2.5926,0,0,0,-1.0057,-1.0737,-1.2884,-1.2884,-1.2614,0,0,0
6.607468,1788533106.361600,26.9568,27.1229,27.1229,27.1229,27.2728,0,0,0,-4.0471,-3.9235,8.6317,8.6317,8.3719,0,0,0,2.4731,2.4429,3.6643,3.6643,3.6428,0,0,0,-0.1087,-0.0089,0.0107,0.0107,-0.0394,0,0,0,2.1336,2.1262,2.5514,2.5514,2.5896,0,0,0,-1.0057,-1.0704,-1.2845,-1.2845,-1.2659,0,0,0
6.615561,1788533106.361600,26.9568,27.1150,27.1150,27.1150,27.2623,0,0,0,-4.0471,-3.9294,8.6448,8.6448,8.3856,0,0,0,2.4731,2.4443,3.6665,3.6665,3.6438,0,0,0,-0.1087,-0.0137,0.0165,0.0165,-0.0372,0,0,0,2.1336,2.1265,2.5518,2.5518,2.5865,0,0,0,-1.0057,-1.0673,-1.2808,-1.2808,-1.2698,0,0,0
6.623247,1788533106.395365,26.9362,27.0836,27.0836,27.0836,27.2517,0,0,0,-3.9743,-3.9373,8.6621,8.6621,8.4004,0,0,0,2.4411,2.4438,3.6656,3.6656,3.6450,0,0,0,-0.0846,-0.0261,0.0314,0.0314,-0.0347,0,0,0,2.1091,2.1235,2.5482,2.5482,2.5835,0,0,0,-1.0890,-1.0711,-1.2853,-1.2853,-1.2731,0,0,0
6.631359,1788533106.403476,26.9362,27.0765,27.0765,27.0765,27.2438,0,0,0,-3.9743,-3.9391,8.6660,8.6660,8.4120,0,0,0,2.4411,2.4436,3.6654,3.6654,3.6459,0,0,0,-0.0846,-0.0290,0.0348,0.0348,-0.0327,0,0,0,2.1091,2.1228,2.5473,2.5473,2.5813,0,0,0,-1.0890,-1.0720,-1.2864,-1.2864,-1.2753,0,0,0
6.639339,1788533106.409468,26.9362,27.0714,27.0714,27.0714,27.2331,0,0,0,-3.9743,-3.9404,8.6688,8.6688,8.4283,0,0,0,2.4411,2.4435,3.6653,3.6653,3.6472,0,0,0,-0.0846,-0.0310,0.0372,0.0372,-0.0296,0,0,0,2.1091,2.1223,2.5467,2.5467,2.5784,0,0,0,-1.0890,-1.0726,-1.2871,-1.2871,-1.2777,0,0,0
6.647922,1788533106.419067,26.9362,27.0637,27.0637,27.0637,27.2221,0,0,0,-3.9743,-3.9423,8.6731,8.6731,8.4451,0,0,0,2.4411,2.4434,3.6651,3.6651,3.6486,0,0,0,-0.0846,-0.0340,0.0408,0.0408,-0.0261,0,0,0,2.1091,2.1215,2.5458,2.5458,2.5757,0,0,0,-1.0890,-1.0735,-1.2882,-1.2882,-1.2798,0,0,0
6.655756,1788533106.419067,26.9362,27.0575,27.0575,27.0575,27.2109,0,0,0,-3.9743,-3.9438,8.6764,8.6764,8.4621,0,0,0,2.4411,2.4433,3.6649,3.6649,3.6499,0,0,0,-0.0846,-0.0365,0.0437,0.0437,-0.0224,0,0,0,2.1091,2.1209,2.5451,2.5451,2.5730,0,0,0,-1.0890,-1.0743,-1.2891,-1.2891,-1.2815,0,0,0
6.663756,1788533106.419067,26.9362,27.0517,27.0517,27.0517,27.1997,0,0,0,-3.9743,-3.9453,8.6797,8.6797,8.4790,0,0,0,2.4411,2.4432,3.6648,3.6648,3.6512,0,0,0,-0.0846,-0.0388,0.0465,0.0465,-0.0183,0,0,0,2.1091,2.1204,2.5444,2.5444,2.5705,0,0,0,-1.0890,-1.0750,-1.2900,-1.2900,-1.2829,0,0,0
6.671795,1788533106.419067,26.9362,27.0462,27.0462,27.0462,27.1885,0,0,0,-3.9743,-3.9467,8.6827,8.6827,8.4957,0,0,0,2.4411,2.4431,3.6646,3.6646,3.6525,0,0,0,-0.0846,-0.0410,0.0491,0.0491,-0.0142,0,0,0,2.1091,2.1198,2.5438,2.5438,2.5681,0,0,0,-1.0890,-1.0756,-1.2908,-1.2908,-1.2842,0,0,0
6.679894,1788533106.451012,26.8740,27.0174,27.0174,27.0174,27.1775,0,0,0,-3.7183,-3.9085,8.5987,8.5987,8.5118,0,0,0,2.2365,2.4086,3.6128,3.6128,3.6537,0,0,0,-0.1369,-0.0570,0.0684,0.0684,-0.0098,0,0,0,2.1424,2.1236,2.5483,2.5483,2.5658,0,0,0,-1.0387,-1.0695,-1.2834,-1.2834,-1.2852,0,0,0
6.687182,1788533106.451012,26.8740,27.0105,27.0105,27.0105,27.1666,0,0,0,-3.7183,-3.8994,8.5786,8.5786,8.5274,0,0,0,2.2365,2.4003,3.6005,3.6005,3.6548,0,0,0,-0.1369,-0.0608,0.0730,0.0730,-0.0055,0,0,0,2.1424,2.1245,2.5494,2.5494,2.5636,0,0,0,-1.0387,-1.0680,-1.2816,-1.2816,-1.2861,0,0,0
6.695500,1788533106.466659,26.8740,26.9983,26.9983,26.9983,27.1557,0,0,0,-3.7183,-3.8832,8.5430,8.5430,8.5416,0,0,0,2.2365,2.3856,3.5785,3.5785,3.6554,0,0,0,-0.1369,-0.0676,0.0812,0.0812,-0.0009,0,0,0,2.1424,2.1261,2.5513,2.5513,2.5616,0,0,0,-1.0387,-1.0654,-1.2784,-1.2784,-1.2868,0,0,0
6.703529,1788533106.466659,26.8740,26.9923,26.9923,26.9923,27.1475,0,0,0,-3.7183,-3.8753,8.5256,8.5256,8.5507,0,0,0,2.2365,2.3785,3.5678,3.5678,3.6553,0,0,0,-0.1369,-0.0710,0.0851,0.0851,0.0026,0,0,0,2.1424,2.1269,2.5523,2.5523,2.5602,0,0,0,-1.0387,-1.0641,-1.2769,-1.2769,-1.2872,0,0,0
6.711424,1788533106.483541,26.8740,26.9809,26.9809,26.9809,27.1365,0,0,0,-3.7183,-3.8602,8.4925,8.4925,8.5608,0,0,0,2.2365,2.3649,3.5473,3.5473,3.6541,0,0,0,-0.1369,-0.0773,0.0927,0.0927,0.0076,0,0,0,2.1424,2.1284,2.5540,2.5540,2.5586,0,0,0,-1.0387,-1.0617,-1.2740,-1.2740,-1.2876,0,0,0
6.719537,1788533106.491655,26.8740,26.9757,26.9757,26.9757,27.1255,0,0,0,-3.7183,-3.8533,8.4773,8.4773,8.5683,0,0,0,2.2365,2.3587,3.5380,3.5380,3.6519,0,0,0,-0.1369,-0.0802,0.0962,0.0962,0.0128,0,0,0,2.1424,2.1291,2.5549,2.5549,2.5572,0,0,0,-1.0387,-1.0605,-1.2727,-1.2727,-1.2876,0,0,0
6.728038,1788533106.491655,26.8740,26.9709,26.9709,26.9709,27.1146,0,0,0,-3.7183,-3.8469,8.4631,8.4631,8.5733,0,0,0,2.2365,2.3528,3.5292,3.5292,3.6486,0,0,0,-0.1369,-0.0829,0.0995,0.0995,0.0181,0,0,0,2.1424,2.1297,2.5556,2.5556,2.5561,0,0,0,-1.0387,-1.0595,-1.2714,-1.2714,-1.2875,0,0,0
6.735632,1788533106.500155,26.8740,26.9660,26.9660,26.9660,27.1036,0,0,0,-3.7183,-3.8404,8.4488,8.4488,8.5758,0,0,0,2.2365,2.3469,3.5204,3.5204,3.6442,0,0,0,-0.1369,-0.0856,0.1028,0.1028,0.0236,0,0,0,2.1424,2.1303,2.5564,2.5564,2.5551,0,0,0,-1.0387,-1.0584,-1.2701,-1.2701,-1.2872,0,0,0
6.743929,1788533106.515047,26.8740,26.9581,26.9581,26.9581,27.0928,0,0,0,-3.7183,-3.8299,8.4258,8.4258,8.5759,0,0,0,2.2365,2.3375,3.5062,3.5062,3.6389,0,0,0,-0.1369,-0.0900,0.1080,0.1080,0.0291,0,0,0,2.1424,2.1314,2.5576,2.5576,2.5544,0,0,0,-1.0387,-1.0568,-1.2681,-1.2681,-1.2866,0,0,0
6.751604,1788533106.515047,26.8740,26.9540,26.9540,26.9540,27.0823,0,0,0,-3.7183,-3.8246,8.4140,8.4140,8.5740,0,0,0,2.2365,2.3326,3.4989,3.4989,3.6328,0,0,0,-0.1369,-0.0923,0.1107,0.1107,0.0347,0,0,0,2.1424,2.1319,2.5583,2.5583,2.5538,0,0,0,-1.0387,-1.0559,-1.2671,-1.2671,-1.2860,0,0,0
6.759121,1788533106.530231,26.7377,26.9352,26.9352,26.9352,27.0719,0,0,0,-3.3059,-3.7794,8.3146,8.3146,8.5702,0,0,0,2.2078,2.3217,3.4826,3.4826,3.6260,0,0,0,-0.1059,-0.0935,0.1121,0.1121,0.0403,0,0,0,2.1341,2.1321,2.5585,2.5585,2.5534,0,0,0,-1.0780,-1.0578,-1.2694,-1.2694,-1.2851,0,0,0
6.767786,1788533106.539904,26.7129,26.9224,26.9224,26.9224,27.0619,0,0,0,-3.2122,-3.7468,8.2430,8.2430,8.5648,0,0,0,2.1855,2.3139,3.4709,3.4709,3.6186,0,0,0,-0.1262,-0.0953,0.1144,0.1144,0.0458,0,0,0,2.1617,2.1338,2.5605,2.5605,2.5532,0,0,0,-0.9850,-1.0536,-1.2644,-1.2644,-1.2842,0,0,0
6.776309,1788533106.547426,26.7129,26.9130,26.9130,26.9130,27.0545,0,0,0,-3.2122,-3.7227,8.1899,8.1899,8.5596,0,0,0,2.1855,2.3081,3.4622,3.4622,3.6128,0,0,0,-0.1262,-0.0967,0.1161,0.1161,0.0499,0,0,0,2.1617,2.1350,2.5621,2.5621,2.5531,0,0,0,-0.9850,-1.0505,-1.2607,-1.2607,-1.2835,0,0,0
6.783463,1788533106.555580,26.7001,26.9026,26.9026,26.9026,27.0448,0,0,0,-3.1437,-3.6944,8.1277,8.1277,8.5502,0,0,0,2.1826,2.3020,3.4530,3.4530,3.6045,0,0,0,-0.1294,-0.0983,0.1180,0.1180,0.0553,0,0,0,2.1597,2.1362,2.5635,2.5635,2.5531,0,0,0,-0.9808,-1.0471,-1.2566,-1.2566,-1.2824,0,0,0
6.791113,1788533106.563231,26.7001,26.8933,26.8933,26.8933,27.0351,0,0,0,-3.1437,-3.6691,8.0720,8.0720,8.5376,0,0,0,2.1826,2.2965,3.4448,3.4448,3.5957,0,0,0,-0.1294,-0.0997,0.1197,0.1197,0.0605,0,0,0,2.1597,2.1373,2.5648,2.5648,2.5533,0,0,0,-0.9808,-1.0441,-1.2529,-1.2529,-1.2813,0,0,0
6.799672,1788533106.563231,26.7001,26.8840,26.8840,26.8840,27.0254,0,0,0,-3.1437,-3.6439,8.0166,8.0166,8.5217,0,0,0,2.1826,2.2911,3.4366,3.4366,3.5865,0,0,0,-0.1294,-0.1012,0.1214,0.1214,0.0655,0,0,0,2.1597,2.1384,2.5661,2.5661,2.5535,0,0,0,-0.9808,-1.0411,-1.2493,-1.2493,-1.2801,0,0,0
6.807675,1788533106.579792,26.6751,26.8643,26.8643,26.8643,27.0156,0,0,0,-3.1346,-3.5958,7.9107,7.9107,8.5024,0,0,0,2.2403,2.2863,3.4294,3.4294,3.5770,0,0,0,-0.0387,-0.0953,0.1143,0.1143,0.0704,0,0,0,2.1757,2.1419,2.5703,2.5703,2.5539,0,0,0,-1.1093,-1.0475,-1.2570,-1.2570,-1.2787,0,0,0
6.816192,1788533106.586789,26.6823,26.8566,26.8566,26.8566,27.0059,0,0,0,-3.1450,-3.5767,7.8688,7.8688,8.4799,0,0,0,2.2567,2.2850,3.4275,3.4275,3.5673,0,0,0,-0.0424,-0.0930,0.1117,0.1117,0.0750,0,0,0,2.2018,2.1444,2.5733,2.5733,2.5544,0,0,0,-1.0623,-1.0481,-1.2578,-1.2578,-1.2772,0,0,0
6.823726,1788533106.595844,26.6823,26.8472,26.8472,26.8472,26.9961,0,0,0,-3.1450,-3.5534,7.8176,7.8176,8.4541,0,0,0,2.2567,2.2835,3.4253,3.4253,3.5574,0,0,0,-0.0424,-0.0903,0.1084,0.1084,0.0794,0,0,0,2.2018,2.1475,2.5770,2.5770,2.5549,0,0,0,-1.0623,-1.0489,-1.2587,-1.2587,-1.2755,0,0,0
6.832458,1788533106.603573,26.6823,26.8395,26.8395,26.8395,26.9862,0,0,0,-3.1450,-3.5345,7.7758,7.7758,8.4246,0,0,0,2.2567,2.2823,3.4234,3.4234,3.5475,0,0,0,-0.0424,-0.0881,0.1057,0.1057,0.0835,0,0,0,2.2018,2.1500,2.5800,2.5800,2.5557,0,0,0,-1.0623,-1.0495,-1.2594,-1.2594,-1.2739,0,0,0
6.840037,1788533106.603573,26.6823,26.8320,26.8320,26.8320,26.9762,0,0,0,-3.1450,-3.5158,7.7347,7.7347,8.3919,0,0,0,2.2567,2.2810,3.4216,3.4216,3.5376,0,0,0,-0.0424,-0.0859,0.1031,0.1031,0.0872,0,0,0,2.2018,2.1525,2.5830,2.5830,2.5565,0,0,0,-1.0623,-1.0501,-1.2601,-1.2601,-1.2723,0,0,0
6.847570,1788533106.618672,26.6823,26.8190,26.8190,26.8190,26.9662,0,0,0,-3.1450,-3.4836,7.6638,7.6638,8.3564,0,0,0,2.2567,2.2789,3.4184,3.4184,3.5280,0,0,0,-0.0424,-0.0821,0.0986,0.0986,0.0904,0,0,0,2.2018,2.1568,2.5881,2.5881,2.5576,0,0,0,-1.0623,-1.0512,-1.2614,-1.2614,-1.2709,0,0,0
6.855570,1788533106.627687,26.6823,26.8117,26.8117,26.8117,26.9612,0,0,0,-3.1450,-3.4653,7.6238,7.6238,8.3377,0,0,0,2.2567,2.2777,3.4166,3.4166,3.5232,0,0,0,-0.0424,-0.0800,0.0960,0.0960,0.0919,0,0,0,2.2018,2.1592,2.5910,2.5910,2.5582,0,0,0,-1.0623,-1.0518,-1.2621,-1.2621,-1.2702,0,0,0
6.864097,1788533106.635215,26.6823,26.8058,26.8058,26.8058,26.9461,0,0,0,-3.1450,-3.4508,7.5918,7.5918,8.2788,0,0,0,2.2567,2.2768,3.4152,3.4152,3.5096,0,0,0,-0.0424,-0.0783,0.0940,0.0940,0.0956,0,0,0,2.2018,2.1611,2.5933,2.5933,2.5601,0,0,0,-1.0623,-1.0523,-1.2627,-1.2627,-1.2683,0,0,0
6.871626,1788533106.635215,26.6823,26.7999,26.7999,26.7999,26.9387,0,0,0,-3.1450,-3.4361,7.5595,7.5595,8.2483,0,0,0,2.2567,2.2758,3.4137,3.4137,3.5031,0,0,0,-0.0424,-0.0766,0.0919,0.0919,0.0971,0,0,0,2.2018,2.1631,2.5957,2.5957,2.5612,0,0,0,-1.0623,-1.0527,-1.2633,-1.2633,-1.2675,0,0,0
6.879670,1788533106.635215,26.6823,26.7943,26.7943,26.7943,26.9288,0,0,0,-3.1450,-3.4222,7.5288,7.5288,8.2060,0,0,0,2.2567,2.2749,3.4124,3.4124,3.4948,0,0,0,-0.0424,-0.0750,0.0899,0.0899,0.0987,0,0,0,2.2018,2.1649,2.5979,2.5979,2.5629,0,0,0,-1.0623,-1.0532,-1.2638,-1.2638,-1.2665,0,0,0
6.888259,1788533106.658776,26.6194,26.7717,26.7717,26.7717,26.9188,0,0,0,-2.9967,-3.3671,7.4077,7.4077,8.1618,0,0,0,2.2470,2.2713,3.4070,3.4070,3.4869,0,0,0,-0.0649,-0.0737,0.0884,0.0884,0.0999,0,0,0,2.1380,2.1615,2.5937,2.5937,2.5647,0,0,0,-0.9927,-1.0454,-1.2545,-1.2545,-1.2657,0,0,0
6.895793,1788533106.667911,26.6194,26.7634,26.7634,26.7634,26.9089,0,0,0,-2.9967,-3.3470,7.3633,7.3633,8.1162,0,0,0,2.2470,2.2700,3.4050,3.4050,3.4794,0,0,0,-0.0649,-0.0732,0.0878,0.0878,0.1006,0,0,0,2.1380,2.1602,2.5922,2.5922,2.5667,0,0,0,-0.9927,-1.0425,-1.2510,-1.2510,-1.2650,0,0,0
6.903793,1788533106.667911,26.6194,26.7565,26.7565,26.7565,26.8988,0,0,0,-2.9967,-3.3302,7.3263,7.3263,8.0689,0,0,0,2.2470,2.2689,3.4033,3.4033,3.4724,0,0,0,-0.0649,-0.0728,0.0873,0.0873,0.1010,0,0,0,2.1380,2.1591,2.5909,2.5909,2.5687,0,0,0,-0.9927,-1.0401,-1.2482,-1.2482,-1.2644,0,0,0
6.911798,1788533106.682913,26.6194,26.7447,26.7447,26.7447,26.8912,0,0,0,-2.9967,-3.3013,7.2629,7.2629,8.0323,0,0,0,2.2470,2.2670,3.4005,3.4005,3.4673,0,0,0,-0.0649,-0.0721,0.0865,0.0865,0.1011,0,0,0,2.1380,2.1573,2.5888,2.5888,2.5703,0,0,0,-0.9927,-1.0361,-1.2433,-1.2433,-1.2638,0,0,0
6.920314,1788533106.690431,26.5872,26.7375,26.7375,26.7375,26.8810,0,0,0,-3.0620,-3.2905,7.2391,7.2391,7.9823,0,0,0,2.2287,2.2653,3.3979,3.3979,3.4609,0,0,0,-0.0819,-0.0726,0.0871,0.0871,0.1009,0,0,0,2.1686,2.1578,2.5894,2.5894,2.5722,0,0,0,-0.8490,-1.0276,-1.2331,-1.2331,-1.2630,0,0,0
6.928310,1788533106.690431,26.5872,26.7303,26.7303,26.7303,26.8707,0,0,0,-3.0620,-3.2795,7.2150,7.2150,7.9312,0,0,0,2.2287,2.2635,3.3953,3.3953,3.4549,0,0,0,-0.0819,-0.0730,0.0876,0.0876,0.1006,0,0,0,2.1686,2.1583,2.5900,2.5900,2.5741,0,0,0,-0.8490,-1.0191,-1.2229,-1.2229,-1.2621,0,0,0
6.936354,1788533106.707472,26.5872,26.7165,26.7165,26.7165,26.8605,0,0,0,-3.0620,-3.2584,7.1686,7.1686,7.8795,0,0,0,2.2287,2.2602,3.3902,3.3902,3.4492,0,0,0,-0.0819,-0.0739,0.0886,0.0886,0.1001,0,0,0,2.1686,2.1593,2.5912,2.5912,2.5758,0,0,0,-0.8490,-1.0026,-1.2031,-1.2031,-1.2609,0,0,0
6.944390,1788533106.714994,26.5872,26.7106,26.7106,26.7106,26.8528,0,0,0,-3.0620,-3.2495,7.1490,7.1490,7.8406,0,0,0,2.2287,2.2587,3.3881,3.3881,3.4451,0,0,0,-0.0819,-0.0742,0.0891,0.0891,0.0996,0,0,0,2.1686,2.1597,2.5917,2.5917,2.5770,0,0,0,-0.8490,-0.9957,-1.1948,-1.1948,-1.2599,0,0,0
6.951926,1788533106.724044,26.5872,26.7040,26.7040,26.7040,26.8426,0,0,0,-3.0620,-3.2394,7.1267,7.1267,7.7889,0,0,0,2.2287,2.2571,3.3857,3.3857,3.4400,0,0,0,-0.0819,-0.0746,0.0896,0.0896,0.0989,0,0,0,2.1686,2.1602,2.5923,2.5923,2.5785,0,0,0,-0.8490,-0.9878,-1.1853,-1.1853,-1.2581,0,0,0
6.960467,1788533106.731581,26.5872,26.6987,26.6987,26.6987,26.8324,0,0,0,-3.0620,-3.2314,7.1090,7.1090,7.7377,0,0,0,2.2287,2.2558,3.3837,3.3837,3.4351,0,0,0,-0.0819,-0.0750,0.0900,0.0900,0.0982,0,0,0,2.1686,2.1606,2.5927,2.5927,2.5798,0,0,0,-0.8490,-0.9815,-1.1778,-1.1778,-1.2557,0,0,0
6.967541,1788533106.739659,26.5015,26.6891,26.6891,26.6891,26.8223,0,0,0,-3.0909,-3.2246,7.0941,7.0941,7.6873,0,0,0,2.2269,2.2544,3.3816,3.3816,3.4305,0,0,0,-0.0166,-0.0721,0.0866,0.0866,0.0975,0,0,0,2.1484,2.1600,2.5920,2.5920,2.5811,0,0,0,-0.8997,-0.9775,-1.1731,-1.1731,-1.2527,0,0,0
6.975598,1788533106.739659,26.5015,26.6802,26.6802,26.6802,26.8123,0,0,0,-3.0909,-3.2182,7.0799,7.0799,7.6381,0,0,0,2.2269,2.2531,3.3797,3.3797,3.4260,0,0,0,-0.0166,-0.0695,0.0834,0.0834,0.0968,0,0,0,2.1484,2.1594,2.5913,2.5913,2.5823,0,0,0,-0.8997,-0.9738,-1.1686,-1.1686,-1.2492,0,0,0
6.984123,1788533106.739659,26.5015,26.6716,26.6716,26.6716,26.8049,0,0,0,-3.0909,-3.2120,7.0665,7.0665,7.6021,0,0,0,2.2269,2.2519,3.3778,3.3778,3.4229,0,0,0,-0.0166,-0.0670,0.0803,0.0803,0.0963,0,0,0,2.1484,2.1589,2.5907,2.5907,2.5832,0,0,0,-0.8997,-0.9703,-1.1643,-1.1643,-1.2462,0,0,0
6.991653,1788533106.763770,26.5015,26.6492,26.6492,26.6492,26.7952,0,0,0,-3.0909,-3.1961,7.0314,7.0314,7.5556,0,0,0,2.2269,2.2486,3.3729,3.3729,3.4188,0,0,0,-0.0166,-0.0603,0.0724,0.0724,0.0956,0,0,0,2.1484,2.1575,2.5890,2.5890,2.5842,0,0,0,-0.8997,-0.9610,-1.1532,-1.1532,-1.2419,0,0,0
7.000391,1788533106.771508,26.5015,26.6423,26.6423,26.6423,26.7856,0,0,0,-3.0909,-3.1912,7.0206,7.0206,7.5110,0,0,0,2.2269,2.2476,3.3714,3.3714,3.4150,0,0,0,-0.0166,-0.0583,0.0700,0.0700,0.0949,0,0,0,2.1484,2.1571,2.5885,2.5885,2.5852,0,0,0,-0.8997,-0.9581,-1.1498,-1.1498,-1.2372,0,0,0
7.008389,1788533106.779507,26.5015,26.6356,26.6356,26.6356,26.7761,0,0,0,-3.0909,-3.1864,7.0100,7.0100,7.4684,0,0,0,2.2269,2.2466,3.3699,3.3699,3.4113,0,0,0,-0.0166,-0.0563,0.0676,0.0676,0.0940,0,0,0,2.1484,2.1567,2.5880,2.5880,2.5860,0,0,0,-0.8997,-0.9553,-1.1464,-1.1464,-1.2323,0,0,0
7.016547,1788533106.787129,26.5015,26.6294,26.6294,26.6294,26.7689,0,0,0,-3.0909,-3.1820,7.0004,7.0004,7.4375,0,0,0,2.2269,2.2457,3.3685,3.3685,3.4087,0,0,0,-0.0166,-0.0545,0.0654,0.0654,0.0933,0,0,0,2.1484,2.1563,2.5876,2.5876,2.5865,0,0,0,-0.8997,-0.9528,-1.1433,-1.1433,-1.2284,0,0,0
7.024070,1788533106.794327,26.5320,26.6252,26.6252,26.6252,26.7592,0,0,0,-3.2225,-3.1838,7.0043,7.0043,7.3980,0,0,0,2.1703,2.2424,3.3636,3.3636,3.4052,0,0,0,-0.0516,-0.0544,0.0652,0.0652,0.0921,0,0,0,2.1556,2.1563,2.5875,2.5875,2.5872,0,0,0,-0.7551,-0.9442,-1.1331,-1.1331,-1.2231,0,0,0
7.032270,1788533106.804388,26.5320,26.6197,26.6197,26.6197,26.7494,0,0,0,-3.2225,-3.1861,7.0093,7.0093,7.3603,0,0,0,2.1703,2.2381,3.3572,3.3572,3.4019,0,0,0,-0.0516,-0.0542,0.0650,0.0650,0.0907,0,0,0,2.1556,2.1562,2.5875,2.5875,2.5876,0,0,0,-0.7551,-0.9330,-1.1196,-1.1196,-1.2175,0,0,0
7.039779,1788533106.811897,26.5320,26.6157,26.6157,26.6157,26.7397,0,0,0,-3.2225,-3.1877,7.0130,7.0130,7.3246,0,0,0,2.1703,2.2351,3.3526,3.3526,3.3987,0,0,0,-0.0516,-0.0541,0.0649,0.0649,0.0892,0,0,0,2.1556,2.1562,2.5875,2.5875,2.5880,0,0,0,-0.7551,-0.9250,-1.1099,-1.1099,-1.2117,0,0,0
7.048316,1788533106.819913,26.5320,26.6117,26.6117,26.6117,26.7300,0,0,0,-3.2225,-3.1894,7.0166,7.0166,7.2912,0,0,0,2.1703,2.2320,3.3479,3.3479,3.3955,0,0,0,-0.0516,-0.0540,0.0648,0.0648,0.0876,0,0,0,2.1556,2.1562,2.5874,2.5874,2.5883,0,0,0,-0.7551,-0.9168,-1.1002,-1.1002,-1.2057,0,0,0
7.055923,1788533106.828041,26.5320,26.6078,26.6078,26.6078,26.7252,0,0,0,-3.2225,-3.1910,7.0202,7.0202,7.2754,0,0,0,2.1703,2.2290,3.3434,3.3434,3.3939,0,0,0,-0.0516,-0.0538,0.0646,0.0646,0.0868,0,0,0,2.1556,2.1562,2.5874,2.5874,2.5884,0,0,0,-0.7551,-0.9089,-1.0907,-1.0907,-1.2025,0,0,0
7.064248,1788533106.835738,26.5320,26.6043,26.6043,26.6043,26.7111,0,0,0,-3.2225,-3.1924,7.0234,7.0234,7.2317,0,0,0,2.1703,2.2263,3.3394,3.3394,3.3890,0,0,0,-0.0516,-0.0537,0.0645,0.0645,0.0844,0,0,0,2.1556,2.1561,2.5874,2.5874,2.5887,0,0,0,-0.7551,-0.9018,-1.0822,-1.0822,-1.1928,0,0,0
7.071917,1788533106.844035,26.5320,26.6007,26.6007,26.6007,26.7043,0,0,0,-3.2225,-3.1939,7.0267,7.0267,7.2119,0,0,0,2.1703,2.2235,3.3352,3.3352,3.3866,0,0,0,-0.0516,-0.0536,0.0644,0.0644,0.0831,0,0,0,2.1556,2.1561,2.5873,2.5873,2.5888,0,0,0,-0.7551,-0.8945,-1.0735,-1.0735,-1.1877,0,0,0
7.079761,1788533106.851879,26.5320,26.5975,26.5975,26.5975,26.6955,0,0,0,-3.2225,-3.1953,7.0296,7.0296,7.1878,0,0,0,2.1703,2.2210,3.3315,3.3315,3.3833,0,0,0,-0.0516,-0.0535,0.0643,0.0643,0.0815,0,0,0,2.1556,2.1561,2.5873,2.5873,2.5888,0,0,0,-0.7551,-0.8880,-1.0656,-1.0656,-1.1807,0,0,0
7.087740,1788533106.859858,26.5320,26.5943,26.5943,26.5943,26.6870,0,0,0,-3.2225,-3.1966,7.0325,7.0325,7.1661,0,0,0,2.1703,2.2186,3.3278,3.3278,3.3799,0,0,0,-0.0516,-0.0535,0.0641,0.0641,0.0800,0,0,0,2.1556,2.1561,2.5873,2.5873,2.5888,0,0,0,-0.7551,-0.8816,-1.0580,-1.0580,-1.1734,0,0,0
7.096334,1788533106.867463,26.5320,26.5915,26.5915,26.5915,26.6788,0,0,0,-3.2225,-3.1978,7.0351,7.0351,7.1467,0,0,0,2.1703,2.2164,3.3245,3.3245,3.3764,0,0,0,-0.0516,-0.0534,0.0640,0.0640,0.0785,0,0,0,2.1556,2.1560,2.5872,2.5872,2.5888,0,0,0,-0.7551,-0.8759,-1.0510,-1.0510,-1.1660,0,0,0
7.103854,1788533106.875971,26.5320,26.5885,26.5885,26.5885,26.6710,0,0,0,-3.2225,-3.1990,7.0378,7.0378,7.1295,0,0,0,2.1703,2.2140,3.3210,3.3210,3.3729,0,0,0,-0.0516,-0.0533,0.0639,0.0639,0.0771,0,0,0,2.1556,2.1560,2.5872,2.5872,2.5888,0,0,0,-0.7551,-0.8697,-1.0437,-1.0437,-1.1583,0,0,0
7.111861,1788533106.883979,26.5320,26.5858,26.5858,26.5858,26.6653,0,0,0,-3.2225,-3.2001,7.0403,7.0403,7.1181,0,0,0,2.1703,2.2119,3.3179,3.3179,3.3702,0,0,0,-0.0516,-0.0532,0.0638,0.0638,0.0761,0,0,0,2.1556,2.1560,2.5872,2.5872,2.5887,0,0,0,-0.7551,-0.8642,-1.0371,-1.0371,-1.1525,0,0,0
7.119882,1788533106.891999,26.5320,26.5832,26.5832,26.5832,26.6581,0,0,0,-3.2225,-3.2012,7.0427,7.0427,7.1045,0,0,0,2.1703,2.2099,3.3149,3.3149,3.3666,0,0,0,-0.0516,-0.0531,0.0637,0.0637,0.0748,0,0,0,2.1556,2.1560,2.5872,2.5872,2.5887,0,0,0,-0.7551,-0.8590,-1.0308,-1.0308,-1.1446,0,0,0
7.127882,1788533106.891999,26.5320,26.5807,26.5807,26.5807,26.6512,0,0,0,-3.2225,-3.2022,7.0449,7.0449,7.0927,0,0,0,2.1703,2.2080,3.3120,3.3120,3.3630,0,0,0,-0.0516,-0.0530,0.0637,0.0637,0.0736,0,0,0,2.1556,2.1560,2.5872,2.5872,2.5886,0,0,0,-0.7551,-0.8540,-1.0248,-1.0248,-1.1366,0,0,0
7.136400,1788533106.907524,26.5320,26.5764,26.5764,26.5764,26.6447,0,0,0,-3.2225,-3.2040,7.0489,7.0489,7.0826,0,0,0,2.1703,2.2047,3.3070,3.3070,3.3594,0,0,0,-0.0516,-0.0529,0.0635,0.0635,0.0725,0,0,0,2.1556,2.1559,2.5871,2.5871,2.5885,0,0,0,-0.7551,-0.8452,-1.0142,-1.0142,-1.1287,0,0,0
7.144042,1788533106.907524,26.5320,26.5743,26.5743,26.5743,26.6385,0,0,0,-3.2225,-3.2049,7.0508,7.0508,7.0740,0,0,0,2.1703,2.2030,3.3045,3.3045,3.3558,0,0,0,-0.0516,-0.0529,0.0634,0.0634,0.0715,0,0,0,2.1556,2.1559,2.5871,2.5871,2.5884,0,0,0,-0.7551,-0.8409,-1.0091,-1.0091,-1.1207,0,0,0
7.152076,1788533106.923201,26.5320,26.5705,26.5705,26.5705,26.6327,0,0,0,-3.2225,-3.2065,7.0543,7.0543,7.0668,0,0,0,2.1703,2.2001,3.3001,3.3001,3.3522,0,0,0,-0.0516,-0.0527,0.0633,0.0633,0.0706,0,0,0,2.1556,2.1559,2.5871,2.5871,2.5883,0,0,0,-0.7551,-0.8332,-0.9998,-0.9998,-1.1128,0,0,0
7.160614,1788533106.931812,26.5320,26.5685,26.5685,26.5685,26.6271,0,0,0,-3.2225,-3.2073,7.0561,7.0561,7.0608,0,0,0,2.1703,2.1986,3.2978,3.2978,3.3485,0,0,0,-0.0516,-0.0527,0.0632,0.0632,0.0698,0,0,0,2.1556,2.1559,2.5870,2.5870,2.5882,0,0,0,-0.7551,-0.8292,-0.9950,-0.9950,-1.1049,0,0,0
7.168327,1788533106.931812,26.5320,26.5667,26.5667,26.5667,26.6218,0,0,0,-3.2225,-3.2081,7.0577,7.0577,7.0560,0,0,0,2.1703,2.1972,3.2958,3.2958,3.3449,0,0,0,-0.0516,-0.0526,0.0632,0.0632,0.0690,0,0,0,2.1556,2.1559,2.5870,2.5870,2.5881,0,0,0,-0.7551,-0.8256,-0.9907,-0.9907,-1.0969,0,0,0
7.175552,1788533106.947669,26.1154,26.5258,26.5258,26.5258,26.6180,0,0,0,-2.8555,-3.1761,6.9874,6.9874,7.0531,0,0,0,2.2852,2.2052,3.3078,3.3078,3.3422,0,0,0,-0.0467,-0.0521,0.0625,0.0625,0.0684,0,0,0,2.2616,2.1654,2.5985,2.5985,2.5881,0,0,0,-0.9957,-0.8410,-1.0093,-1.0093,-1.0910,0,0,0
7.184265,1788533106.955378,26.1154,26.5068,26.5068,26.5068,26.6132,0,0,0,-2.8555,-3.1613,6.9548,6.9548,7.0500,0,0,0,2.2852,2.2089,3.3133,3.3133,3.3386,0,0,0,-0.0467,-0.0518,0.0622,0.0622,0.0678,0,0,0,2.2616,2.1699,2.6039,2.6039,2.5880,0,0,0,-0.9957,-0.8482,-1.0178,-1.0178,-1.0832,0,0,0
7.192105,1788533106.962718,26.1154,26.4895,26.4895,26.4895,26.6085,0,0,0,-2.8555,-3.1478,6.9251,6.9251,7.0476,0,0,0,2.2852,2.2122,3.3184,3.3184,3.3351,0,0,0,-0.0467,-0.0516,0.0619,0.0619,0.0672,0,0,0,2.2616,2.1739,2.6087,2.6087,2.5879,0,0,0,-0.9957,-0.8547,-1.0256,-1.0256,-1.0755,0,0,0
7.200428,1788533106.972546,26.1154,26.4677,26.4677,26.4677,26.6035,0,0,0,-2.8555,-3.1307,6.8876,6.8876,7.0448,0,0,0,2.2852,2.2165,3.3247,3.3247,3.3318,0,0,0,-0.0467,-0.0513,0.0616,0.0616,0.0667,0,0,0,2.2616,2.1790,2.6148,2.6148,2.5880,0,0,0,-0.9957,-0.8629,-1.0355,-1.0355,-1.0683,0,0,0
7.207467,1788533106.979584,26.1154,26.4528,26.4528,26.4528,26.5979,0,0,0,-2.8555,-3.1191,6.8619,6.8619,7.0410,0,0,0,2.2852,2.2194,3.3291,3.3291,3.3290,0,0,0,-0.0467,-0.0511,0.0614,0.0614,0.0662,0,0,0,2.2616,2.1825,2.6190,2.6190,2.5884,0,0,0,-0.9957,-0.8685,-1.0422,-1.0422,-1.0618,0,0,0
7.216058,1788533106.988176,25.8727,26.4230,26.4230,26.4230,26.5916,0,0,0,-2.6680,-3.0959,6.8110,6.8110,7.0360,0,0,0,2.3195,2.2245,3.3368,3.3368,3.3266,0,0,0,-0.0944,-0.0534,0.0640,0.0640,0.0657,0,0,0,2.3313,2.1901,2.6282,2.6282,2.5891,0,0,0,-1.0833,-0.8795,-1.0554,-1.0554,-1.0561,0,0,0
7.224872,1788533106.995651,25.8727,26.3982,26.3982,26.3982,26.5864,0,0,0,-2.6680,-3.0767,6.7687,6.7687,7.0313,0,0,0,2.3195,2.2288,3.3432,3.3432,3.3251,0,0,0,-0.0944,-0.0552,0.0662,0.0662,0.0654,0,0,0,2.3313,2.1965,2.6358,2.6358,2.5897,0,0,0,-1.0833,-0.8887,-1.0664,-1.0664,-1.0523,0,0,0
7.232744,1788533107.004317,25.8727,26.3710,26.3710,26.3710,26.5787,0,0,0,-2.6680,-3.0555,6.7222,6.7222,7.0237,0,0,0,2.3195,2.2335,3.3502,3.3502,3.3235,0,0,0,-0.0944,-0.0572,0.0687,0.0687,0.0649,0,0,0,2.3313,2.2034,2.6441,2.6441,2.5909,0,0,0,-1.0833,-0.8987,-1.0785,-1.0785,-1.0482,0,0,0
7.240398,1788533107.011442,25.8727,26.3496,26.3496,26.3496,26.5722,0,0,0,-2.6680,-3.0389,6.6856,6.6856,7.0165,0,0,0,2.3195,2.2372,3.3557,3.3557,3.3227,0,0,0,-0.0944,-0.0588,0.0706,0.0706,0.0647,0,0,0,2.3313,2.2089,2.6507,2.6507,2.5921,0,0,0,-1.0833,-0.9066,-1.0880,-1.0880,-1.0458,0,0,0
7.248486,1788533107.019588,25.8727,26.3263,26.3263,26.3263,26.5597,0,0,0,-2.6680,-3.0208,6.6458,6.6458,7.0012,0,0,0,2.3195,2.2412,3.3618,3.3618,3.3223,0,0,0,-0.0944,-0.0605,0.0727,0.0727,0.0644,0,0,0,2.3313,2.2149,2.6579,2.6579,2.5946,0,0,0,-1.0833,-0.9152,-1.0983,-1.0983,-1.0433,0,0,0
7.256504,1788533107.019588,25.8727,26.3045,26.3045,26.3045,26.5481,0,0,0,-2.6680,-3.0039,6.6085,6.6085,6.9860,0,0,0,2.3195,2.2449,3.3674,3.3674,3.3226,0,0,0,-0.0944,-0.0622,0.0746,0.0746,0.0644,0,0,0,2.3313,2.2205,2.6646,2.6646,2.5973,0,0,0,-1.0833,-0.9233,-1.1079,-1.1079,-1.0426,0,0,0
7.264057,1788533107.036175,25.8727,26.2636,26.2636,26.2636,26.5353,0,0,0,-2.6680,-2.9721,6.5386,6.5386,6.9684,0,0,0,2.3195,2.2520,3.3779,3.3779,3.3235,0,0,0,-0.0944,-0.0652,0.0782,0.0782,0.0645,0,0,0,2.3313,2.2309,2.6771,2.6771,2.6003,0,0,0,-1.0833,-0.9384,-1.1261,-1.1261,-1.0429,0,0,0
7.272576,1788533107.036175,25.8727,26.2449,26.2449,26.2449,26.5249,0,0,0,-2.6680,-2.9575,6.5065,6.5065,6.9537,0,0,0,2.3195,2.2552,3.3828,3.3828,3.3246,0,0,0,-0.0944,-0.0666,0.0799,0.0799,0.0646,0,0,0,2.3313,2.2357,2.6829,2.6829,2.6029,0,0,0,-1.0833,-0.9453,-1.1344,-1.1344,-1.0439,0,0,0
7.280397,1788533107.052515,25.8727,26.2101,26.2101,26.2101,26.5101,0,0,0,-2.6680,-2.9305,6.4471,6.4471,6.9320,0,0,0,2.3195,2.2612,3.3918,3.3918,3.3264,0,0,0,-0.0944,-0.0692,0.0830,0.0830,0.0650,0,0,0,2.3313,2.2446,2.6936,2.6936,2.6067,0,0,0,-1.0833,-0.9582,-1.1498,-1.1498,-1.0460,0,0,0
7.288401,1788533107.060519,25.8727,26.1939,26.1939,26.1939,26.4940,0,0,0,-2.6680,-2.9179,6.4193,6.4193,6.9079,0,0,0,2.3195,2.2640,3.3960,3.3960,3.3288,0,0,0,-0.0944,-0.0704,0.0845,0.0845,0.0655,0,0,0,2.3313,2.2488,2.6986,2.6986,2.6110,0,0,0,-1.0833,-0.9642,-1.1570,-1.1570,-1.0492,0,0,0
7.296801,1788533107.067919,25.8727,26.1796,26.1796,26.1796,26.4768,0,0,0,-2.6680,-2.9067,6.3948,6.3948,6.8816,0,0,0,2.3195,2.2664,3.3997,3.3997,3.3317,0,0,0,-0.0944,-0.0715,0.0858,0.0858,0.0662,0,0,0,2.3313,2.2525,2.7030,2.7030,2.6156,0,0,0,-1.0833,-0.9695,-1.1634,-1.1634,-1.0532,0,0,0
7.304801,1788533107.067919,25.8727,26.1648,26.1648,26.1648,26.4586,0,0,0,-2.6680,-2.8953,6.3696,6.3696,6.8532,0,0,0,2.3195,2.2690,3.4035,3.4035,3.3351,0,0,0,-0.0944,-0.0726,0.0871,0.0871,0.0671,0,0,0,2.3313,2.2562,2.7075,2.7075,2.6207,0,0,0,-1.0833,-0.9749,-1.1699,-1.1699,-1.0582,0,0,0
7.312316,1788533107.084433,25.3125,26.0844,26.0844,26.0844,26.4396,0,0,0,-2.6378,-2.8710,6.3162,6.3162,6.8232,0,0,0,2.1330,2.2562,3.3843,3.3843,3.3388,0,0,0,-0.1260,-0.0776,0.0931,0.0931,0.0680,0,0,0,2.3200,2.2622,2.7147,2.7147,2.6260,0,0,0,-0.8815,-0.9661,-1.1594,-1.1594,-1.0638,0,0,0
7.320316,1788533107.092434,25.3125,26.0473,26.0473,26.0473,26.4201,0,0,0,-2.6378,-2.8598,6.2916,6.2916,6.7921,0,0,0,2.1330,2.2503,3.3755,3.3755,3.3428,0,0,0,-0.1260,-0.0799,0.0959,0.0959,0.0691,0,0,0,2.3200,2.2650,2.7180,2.7180,2.6316,0,0,0,-0.8815,-0.9621,-1.1545,-1.1545,-1.0700,0,0,0
7.328825,1788533107.092434,25.3125,26.0120,26.0120,26.0120,26.3998,0,0,0,-2.6378,-2.8492,6.2682,6.2682,6.7600,0,0,0,2.1330,2.2447,3.3670,3.3670,3.3468,0,0,0,-0.1260,-0.0821,0.0985,0.0985,0.0703,0,0,0,2.3200,2.2676,2.7212,2.7212,2.6373,0,0,0,-0.8815,-0.9582,-1.1499,-1.1499,-1.0765,0,0,0
7.336826,1788533107.100943,25.3125,25.9763,25.9763,25.9763,26.3780,0,0,0,-2.6378,-2.8384,6.2445,6.2445,6.7270,0,0,0,2.1330,2.2390,3.3585,3.3585,3.3505,0,0,0,-0.1260,-0.0843,0.1012,0.1012,0.0717,0,0,0,2.3200,2.2703,2.7244,2.7244,2.6432,0,0,0,-0.8815,-0.9543,-1.1452,-1.1452,-1.0830,0,0,0
7.344665,1788533107.116782,24.8644,25.8752,25.8752,25.8752,26.3609,0,0,0,-2.4925,-2.8070,6.1755,6.1755,6.7018,0,0,0,2.1537,2.2313,3.3469,3.3469,3.3530,0,0,0,-0.0712,-0.0832,0.0998,0.0998,0.0728,0,0,0,2.3428,2.2769,2.7322,2.7322,2.6476,0,0,0,-1.0848,-0.9661,-1.1594,-1.1594,-1.0877,0,0,0
7.352752,1788533107.116782,24.8644,25.8265,25.8265,25.8265,26.3369,0,0,0,-2.4925,-2.7919,6.1422,6.1422,6.6679,0,0,0,2.1537,2.2276,3.3414,3.3414,3.3559,0,0,0,-0.0712,-0.0826,0.0991,0.0991,0.0744,0,0,0,2.3428,2.2800,2.7360,2.7360,2.6535,0,0,0,-1.0848,-0.9718,-1.1662,-1.1662,-1.0937,0,0,0
7.360764,1788533107.116782,24.8644,25.7802,25.7802,25.7802,26.3114,0,0,0,-2.4925,-2.7776,6.1106,6.1106,6.6338,0,0,0,2.1537,2.2240,3.3361,3.3361,3.3581,0,0,0,-0.0712,-0.0820,0.0984,0.0984,0.0761,0,0,0,2.3428,2.2830,2.7396,2.7396,2.6594,0,0,0,-1.0848,-0.9772,-1.1727,-1.1727,-1.0994,0,0,0
7.368280,1788533107.132881,24.6023,25.6714,25.6714,25.6714,26.2837,0,0,0,-2.4445,-2.7469,6.0431,6.0431,6.5990,0,0,0,2.0972,2.2124,3.3186,3.3186,3.3596,0,0,0,-0.1506,-0.0883,0.1060,0.1060,0.0779,0,0,0,2.3415,2.2884,2.7461,2.7461,2.6653,0,0,0,-0.8502,-0.9656,-1.1587,-1.1587,-1.1049,0,0,0
7.376799,1788533107.148916,24.2168,25.5374,25.5374,25.5374,26.2539,0,0,0,-2.4221,-2.7171,5.9776,5.9776,6.5637,0,0,0,2.2839,2.2189,3.3284,3.3284,3.3605,0,0,0,0.0182,-0.0786,0.0943,0.0943,0.0796,0,0,0,2.2758,2.2873,2.7447,2.7447,2.6711,0,0,0,-0.8595,-0.9559,-1.1470,-1.1470,-1.1103,0,0,0
7.384431,1788533107.155549,24.2168,25.4842,25.4842,25.4842,26.2219,0,0,0,-2.4221,-2.7052,5.9515,5.9515,6.5280,0,0,0,2.2839,2.2215,3.3323,3.3323,3.3607,0,0,0,0.0182,-0.0747,0.0897,0.0897,0.0814,0,0,0,2.2758,2.2868,2.7442,2.7442,2.6769,0,0,0,-0.8595,-0.9520,-1.1424,-1.1424,-1.1155,0,0,0
7.393046,1788533107.155549,24.2168,25.4231,25.4231,25.4231,26.1867,0,0,0,-2.4221,-2.6916,5.9216,5.9216,6.4913,0,0,0,2.2839,2.2245,3.3368,3.3368,3.3601,0,0,0,0.0182,-0.0703,0.0843,0.0843,0.0831,0,0,0,2.2758,2.2863,2.7435,2.7435,2.6826,0,0,0,-0.8595,-0.9476,-1.1371,-1.1371,-1.1203,0,0,0
7.401108,1788533107.155549,24.2168,25.3649,25.3649,25.3649,26.1477,0,0,0,-2.4221,-2.6787,5.8932,5.8932,6.4536,0,0,0,2.2839,2.2274,3.3410,3.3410,3.3592,0,0,0,0.0182,-0.0660,0.0792,0.0792,0.0846,0,0,0,2.2758,2.2858,2.7429,2.7429,2.6882,0,0,0,-0.8595,-0.9434,-1.1320,-1.1320,-1.1245,0,0,0
7.408473,1788533107.180591,24.2168,25.2077,25.2077,25.2077,26.1055,0,0,0,-2.4221,-2.6437,5.8162,5.8162,6.4153,0,0,0,2.2839,2.2350,3.3526,3.3526,3.3580,0,0,0,0.0182,-0.0546,0.0655,0.0655,0.0858,0,0,0,2.2758,2.2844,2.7413,2.7413,2.6935,0,0,0,-0.8595,-0.9320,-1.1183,-1.1183,-1.1281,0,0,0
7.416027,1788533107.188145,24.2168,25.1624,25.1624,25.1624,26.0603,0,0,0,-2.4221,-2.6337,5.7941,5.7941,6.3766,0,0,0,2.2839,2.2373,3.3559,3.3559,3.3567,0,0,0,0.0182,-0.0513,0.0615,0.0615,0.0868,0,0,0,2.2758,2.2840,2.7408,2.7408,2.6985,0,0,0,-0.8595,-0.9287,-1.1144,-1.1144,-1.1310,0,0,0
7.424967,1788533107.196082,24.2168,25.1171,25.1171,25.1171,26.0121,0,0,0,-2.4221,-2.6236,5.7719,5.7719,6.3376,0,0,0,2.2839,2.2395,3.3592,3.3592,3.3554,0,0,0,0.0182,-0.0480,0.0576,0.0576,0.0873,0,0,0,2.2758,2.2836,2.7404,2.7404,2.7032,0,0,0,-0.8595,-0.9254,-1.1105,-1.1105,-1.1333,0,0,0
7.432500,1788533107.204618,22.6894,24.9923,24.9923,24.9923,25.9604,0,0,0,-2.8698,-2.6362,5.7995,5.7995,6.2980,0,0,0,2.4925,2.2524,3.3785,3.3785,3.3544,0,0,0,-0.2758,-0.0596,0.0715,0.0715,0.0874,0,0,0,2.3656,2.2878,2.7454,2.7454,2.7075,0,0,0,-1.1639,-0.9375,-1.1250,-1.1250,-1.1348,0,0,0
7.440500,1788533107.204618,22.6894,24.8809,24.8809,24.8809,25.9059,0,0,0,-2.8698,-2.6474,5.8242,5.8242,6.2581,0,0,0,2.4925,2.2639,3.3958,3.3958,3.3537,0,0,0,-0.2758,-0.0699,0.0839,0.0839,0.0869,0,0,0,2.3656,2.2915,2.7498,2.7498,2.7115,0,0,0,-1.1639,-0.9484,-1.1380,-1.1380,-1.1355,0,0,0
7.449019,1788533107.221136,21.8981,24.5973,24.5973,24.5973,25.8634,0,0,0,-2.7469,-2.6567,5.8448,5.8448,6.2285,0,0,0,2.2394,2.2616,3.3923,3.3923,3.3533,0,0,0,-0.2758,-0.0893,0.1071,0.1071,0.0863,0,0,0,2.2410,2.2868,2.7441,2.7441,2.7142,0,0,0,-0.8403,-0.9382,-1.1258,-1.1258,-1.1358,0,0,0
7.457034,1788533107.228155,21.8981,24.4818,24.4818,24.4818,25.8043,0,0,0,-2.7469,-2.6606,5.8532,5.8532,6.1900,0,0,0,2.2394,2.2606,3.3909,3.3909,3.3534,0,0,0,-0.2758,-0.0972,0.1166,0.1166,0.0855,0,0,0,2.2410,2.2848,2.7418,2.7418,2.7177,0,0,0,-0.8403,-0.9341,-1.1209,-1.1209,-1.1359,0,0,0
7.464551,1788533107.236668,21.8981,24.3487,24.3487,24.3487,25.7416,0,0,0,-2.7469,-2.6649,5.8629,5.8629,6.1535,0,0,0,2.2394,2.2595,3.3893,3.3893,3.3541,0,0,0,-0.2758,-0.1062,0.1275,0.1275,0.0848,0,0,0,2.2410,2.2826,2.7391,2.7391,2.7209,0,0,0,-0.8403,-0.9293,-1.1152,-1.1152,-1.1359,0,0,0
7.472564,1788533107.244682,20.8502,24.1783,24.1783,24.1783,25.6732,0,0,0,-2.4198,-2.6532,5.8370,5.8370,6.1196,0,0,0,2.0865,2.2512,3.3769,3.3769,3.3553,0,0,0,-0.3625,-0.1185,0.1422,0.1422,0.0847,0,0,0,2.0779,2.2728,2.7274,2.7274,2.7238,0,0,0,-0.8612,-0.9260,-1.1112,-1.1112,-1.1358,0,0,0
7.481084,1788533107.244682,20.8502,24.0162,24.0162,24.0162,25.5989,0,0,0,-2.4198,-2.6420,5.8124,5.8124,6.0884,0,0,0,2.0865,2.2434,3.3650,3.3650,3.3569,0,0,0,-0.3625,-0.1302,0.1563,0.1563,0.0851,0,0,0,2.0779,2.2635,2.7162,2.7162,2.7264,0,0,0,-0.8612,-0.9229,-1.1075,-1.1075,-1.1354,0,0,0
7.488695,1788533107.244682,20.8502,23.8618,23.8618,23.8618,25.5191,0,0,0,-2.4198,-2.6313,5.7889,5.7889,6.0600,0,0,0,2.0865,2.2359,3.3538,3.3538,3.3586,0,0,0,-0.3625,-0.1413,0.1696,0.1696,0.0862,0,0,0,2.0779,2.2546,2.7055,2.7055,2.7287,0,0,0,-0.8612,-0.9200,-1.1040,-1.1040,-1.1348,0,0,0
7.497228,1788533107.244682,20.8502,23.7148,23.7148,23.7148,25.4333,0,0,0,-2.4198,-2.6212,5.7666,5.7666,6.0340,0,0,0,2.0865,2.2287,3.3431,3.3431,3.3604,0,0,0,-0.3625,-0.1519,0.1823,0.1823,0.0880,0,0,0,2.0779,2.2461,2.6954,2.6954,2.7304,0,0,0,-0.8612,-0.9172,-1.1006,-1.1006,-1.1339,0,0,0
7.504736,1788533107.276853,19.4646,22.9881,22.9881,23.2348,25.3417,1,0,0,-1.9258,-2.5040,5.5089,5.5089,6.0098,0,0,0,2.1399,2.2138,3.3207,3.3207,3.3618,0,0,0,-0.5710,-0.2225,0.2670,0.2670,0.0906,0,0,0,2.1752,2.2342,2.6810,2.6810,2.7315,0,0,0,-0.2512,-0.8051,-0.9662,-0.9662,-1.1327,0,0,0
7.513259,1788533107.284377,19.0535,22.8067,22.8067,22.8067,25.2444,0,0,0,-1.8868,-2.4761,5.4475,5.4475,5.9870,0,0,0,2.1258,2.2098,3.3147,3.3147,3.3628,0,0,0,-0.4929,-0.2347,0.2816,0.2816,0.0940,0,0,0,2.0559,2.2262,2.6714,2.6714,2.7319,0,0,0,-0.3136,-0.7829,-0.9395,-0.9395,-1.1313,0,0,0
7.521445,1788533107.284377,19.0535,22.6230,22.6230,22.6230,25.1675,0,0,0,-1.8868,-2.4478,5.3852,5.3852,5.9705,0,0,0,2.1258,2.2058,3.3087,3.3087,3.3631,0,0,0,-0.4929,-0.2471,0.2965,0.2965,0.0971,0,0,0,2.0559,2.2180,2.6616,2.6616,2.7318,0,0,0,-0.3136,-0.7604,-0.9125,-0.9125,-1.1300,0,0,0
7.528953,1788533107.301071,19.0535,22.2767,22.2767,22.2767,25.0565,0,0,0,-1.8868,-2.3944,5.2678,5.2678,5.9465,0,0,0,2.1258,2.1982,3.2973,3.2973,3.3630,0,0,0,-0.4929,-0.2704,0.3245,0.3245,0.1028,0,0,0,2.0559,2.2026,2.6431,2.6431,2.7308,0,0,0,-0.3136,-0.7180,-0.8616,-0.8616,-1.1265,0,0,0
7.537470,1788533107.301071,19.0535,22.1188,22.1188,22.1188,24.9304,0,0,0,-1.8868,-2.3701,5.2142,5.2142,5.9186,0,0,0,2.1258,2.1947,3.2921,3.2921,3.3619,0,0,0,-0.4929,-0.2811,0.3373,0.3373,0.1105,0,0,0,2.0559,2.1956,2.6347,2.6347,2.7290,0,0,0,-0.3136,-0.6986,-0.8383,-0.8383,-1.1203,0,0,0
7.545487,1788533107.301071,19.0535,21.9684,21.9684,21.9684,24.7875,0,0,0,-1.8868,-2.3469,5.1631,5.1631,5.8861,0,0,0,2.1258,2.1914,3.2871,3.2871,3.3600,0,0,0,-0.4929,-0.2913,0.3495,0.3495,0.1201,0,0,0,2.0559,2.1889,2.6267,2.6267,2.7262,0,0,0,-0.3136,-0.6801,-0.8162,-0.8162,-1.1113,0,0,0
7.553593,1788533107.301071,19.0535,21.8253,21.8253,21.8253,24.6300,0,0,0,-1.8868,-2.3248,5.1145,5.1145,5.8492,0,0,0,2.1258,2.1883,3.2824,3.2824,3.3574,0,0,0,-0.4929,-0.3009,0.3611,0.3611,0.1313,0,0,0,2.0559,2.1825,2.6190,2.6190,2.7224,0,0,0,-0.3136,-0.6626,-0.7951,-0.7951,-1.0995,0,0,0
7.561114,1788533107.333231,17.4545,21.0750,21.0750,21.3453,24.4611,1,0,0,-0.9980,-2.1010,4.6223,4.6223,5.8086,0,0,0,2.0271,2.1612,3.2418,3.2418,3.3542,0,0,0,-0.3676,-0.3121,0.3746,0.3746,0.1438,0,0,0,1.8566,2.1277,2.5532,2.5532,2.7178,0,0,0,-0.6204,-0.6555,-0.7865,-0.7865,-1.0855,0,0,0
7.569618,1788533107.340736,17.4545,20.9078,20.9078,20.9078,24.2835,0,0,0,-0.9980,-2.0512,4.5126,4.5126,5.7646,0,0,0,2.0271,2.1551,3.2327,3.2327,3.3504,0,0,0,-0.3676,-0.3146,0.3776,0.3776,0.1573,0,0,0,1.8566,2.1155,2.5386,2.5386,2.7125,0,0,0,-0.6204,-0.6539,-0.7846,-0.7846,-1.0696,0,0,0
7.577122,1788533107.348738,17.4545,20.7380,20.7380,20.7380,24.0958,0,0,0,-0.9980,-2.0005,4.4011,4.4011,5.7130,0,0,0,2.0271,2.1490,3.2235,3.2235,3.3457,0,0,0,-0.3676,-0.3172,0.3806,0.3806,0.1716,0,0,0,1.8566,2.1031,2.5237,2.5237,2.7059,0,0,0,-0.6204,-0.6523,-0.7827,-0.7827,-1.0523,0,0,0
7.585658,1788533107.348738,17.4545,20.5765,20.5765,20.5765,23.8959,0,0,0,-0.9980,-1.9523,4.2950,4.2950,5.6523,0,0,0,2.0271,2.1432,3.2147,3.2147,3.3402,0,0,0,-0.3676,-0.3196,0.3835,0.3835,0.1864,0,0,0,1.8566,2.0913,2.5095,2.5095,2.6979,0,0,0,-0.6204,-0.6507,-0.7809,-0.7809,-1.0341,0,0,0
7.593595,1788533107.357775,17.4545,20.4040,20.4040,20.4040,23.7388,0,0,0,-0.9980,-1.9007,4.1816,4.1816,5.6014,0,0,0,2.0271,2.1369,3.2054,3.2054,3.3355,0,0,0,-0.3676,-0.3222,0.3866,0.3866,0.1975,0,0,0,1.8566,2.0786,2.4944,2.4944,2.6911,0,0,0,-0.6204,-0.6491,-0.7789,-0.7789,-1.0201,0,0,0
7.601117,1788533107.373234,17.4545,20.1359,20.1359,20.1359,23.5223,0,0,0,-0.9980,-1.8204,4.0048,4.0048,5.5274,0,0,0,2.0271,2.1272,3.1908,3.1908,3.3286,0,0,0,-0.3676,-0.3262,0.3914,0.3914,0.2124,0,0,0,1.8566,2.0590,2.4707,2.4707,2.6811,0,0,0,-0.6204,-0.6466,-0.7759,-0.7759,-1.0015,0,0,0
7.609353,1788533107.373234,17.4545,20.0039,20.0039,20.0039,23.3003,0,0,0,-0.9980,-1.7808,3.9177,3.9177,5.4470,0,0,0,2.0271,2.1224,3.1836,3.1836,3.3212,0,0,0,-0.3676,-0.3282,0.3938,0.3938,0.2270,0,0,0,1.8566,2.0493,2.4591,2.4591,2.6702,0,0,0,-0.6204,-0.6453,-0.7744,-0.7744,-0.9830,0,0,0
7.617395,1788533107.389513,17.4545,19.7612,19.7612,19.7612,23.0741,0,0,0,-0.9980,-1.7077,3.7570,3.7570,5.3606,0,0,0,2.0271,2.1135,3.1703,3.1703,3.3133,0,0,0,-0.3676,-0.3318,0.3982,0.3982,0.2413,0,0,0,1.8566,2.0314,2.4376,2.4376,2.6584,0,0,0,-0.6204,-0.6430,-0.7716,-0.7716,-0.9650,0,0,0
7.625162,1788533107.397280,17.4545,19.6509,19.6509,19.6509,22.8449,0,0,0,-0.9980,-1.6745,3.6839,3.6839,5.2688,0,0,0,2.0271,2.1095,3.1643,3.1643,3.3049,0,0,0,-0.3676,-0.3335,0.4002,0.4002,0.2550,0,0,0,1.8566,2.0232,2.4279,2.4279,2.6457,0,0,0,-0.6204,-0.6419,-0.7703,-0.7703,-0.9476,0,0,0
7.633671,1788533107.404789,17.4545,19.5491,19.5491,19.5491,22.6142,0,0,0,-0.9980,-1.6438,3.6164,3.6164,5.1721,0,0,0,2.0271,2.1058,3.1587,3.1587,3.2961,0,0,0,-0.3676,-0.3351,0.4021,0.4021,0.2683,0,0,0,1.8566,2.0157,2.4188,2.4188,2.6325,0,0,0,-0.6204,-0.6410,-0.7692,-0.7692,-0.9310,0,0,0
7.641331,1788533107.412432,17.4545,19.4504,19.4504,19.4504,22.3833,0,0,0,-0.9980,-1.6140,3.5509,3.5509,5.0713,0,0,0,2.0271,2.1022,3.1533,3.1533,3.2870,0,0,0,-0.3676,-0.3365,0.4039,0.4039,0.2809,0,0,0,1.8566,2.0084,2.4101,2.4101,2.6186,0,0,0,-0.6204,-0.6400,-0.7680,-0.7680,-0.9152,0,0,0
7.649829,1788533107.412432,17.4545,19.3522,19.3522,19.3522,22.1543,0,0,0,-0.9980,-1.5844,3.4856,3.4856,4.9677,0,0,0,2.0271,2.0986,3.1479,3.1479,3.2777,0,0,0,-0.3676,-0.3380,0.4056,0.4056,0.2928,0,0,0,1.8566,2.0011,2.4013,2.4013,2.6044,0,0,0,-0.6204,-0.6391,-0.7669,-0.7669,-0.9004,0,0,0
7.657833,1788533107.421947,17.4545,19.2422,19.2422,19.2422,21.9291,0,0,0,-0.9980,-1.5511,3.4123,3.4123,4.8626,0,0,0,2.0271,2.0946,3.1418,3.1418,3.2683,0,0,0,-0.3676,-0.3397,0.4076,0.4076,0.3041,0,0,0,1.8566,1.9929,2.3915,2.3915,2.5899,0,0,0,-0.6204,-0.6380,-0.7656,-0.7656,-0.8864,0,0,0
7.665949,1788533107.437064,11.6574,18.5649,18.5649,18.7622,21.7090,1,0,0,-1.2447,-1.5243,3.3535,3.3535,4.7571,0,0,0,1.3260,2.0278,3.0417,3.0417,3.2589,0,0,0,-0.7007,-0.3710,0.4453,0.4453,0.3147,0,0,0,0.7272,1.8829,2.2595,2.2595,2.5754,0,0,0,-0.1867,-0.5988,-0.7186,-0.7186,-0.8735,0,0,0
7.673949,1788533107.437064,11.6574,18.2231,18.2231,18.2822,21.4950,1,0,0,-1.2447,-1.5109,3.3239,3.3239,4.6518,0,0,0,1.3260,1.9942,2.9913,2.9913,3.2495,0,0,0,-0.7007,-0.3868,0.4642,0.4642,0.3245,0,0,0,0.7272,1.8274,2.1929,2.1929,2.5610,0,0,0,-0.1867,-0.5791,-0.6949,-0.6949,-0.8615,0,0,0
7.681952,1788533107.452067,11.6574,17.6383,17.6383,17.8022,21.3369,1,0,0,-1.2447,-1.4878,3.2732,3.2732,4.5734,0,0,0,1.3260,1.9365,2.9047,2.9047,3.2422,0,0,0,-0.7007,-0.4139,0.4967,0.4967,0.3316,0,0,0,0.7272,1.7323,2.0788,2.0788,2.5496,0,0,0,-0.1867,-0.5452,-0.6543,-0.6543,-0.8529,0,0,0
7.689960,1788533107.461077,10.0204,17.2144,17.2144,17.3222,21.1252,1,0,0,-0.7150,-1.4461,3.1815,3.1815,4.4702,0,0,0,1.4549,1.9106,2.8660,2.8660,3.2309,0,0,0,-0.7211,-0.4304,0.5165,0.5165,0.3411,0,0,0,0.4370,1.6626,1.9952,1.9952,2.5326,0,0,0,-0.4236,-0.5387,-0.6464,-0.6464,-0.8415,0,0,0
7.698026,1788533107.461077,10.0204,16.8557,16.8557,16.8557,20.9083,0,0,0,-0.7150,-1.4109,3.1041,3.1041,4.3694,0,0,0,1.4549,1.8888,2.8332,2.8332,3.2176,0,0,0,-0.7211,-0.4443,0.5332,0.5332,0.3508,0,0,0,0.4370,1.6037,1.9244,1.9244,2.5130,0,0,0,-0.4236,-0.5332,-0.6398,-0.6398,-0.8298,0,0,0
7.706029,1788533107.477147,10.0204,16.2034,16.2034,16.3757,20.6827,1,0,0,-0.7150,-1.3467,2.9628,2.9628,4.2711,0,0,0,1.4549,1.8489,2.7733,2.7733,3.2016,0,0,0,-0.7211,-0.4698,0.5637,0.5637,0.3610,0,0,0,0.4370,1.4962,1.7954,1.7954,2.4897,0,0,0,-0.4236,-0.5231,-0.6277,-0.6277,-0.8177,0,0,0
7.713553,1788533107.477147,10.0204,15.8942,15.8942,15.8957,20.4460,1,0,0,-0.7150,-1.3163,2.8959,2.8959,4.1749,0,0,0,1.4549,1.8300,2.7450,2.7450,3.1831,0,0,0,-0.7211,-0.4818,0.5782,0.5782,0.3717,0,0,0,0.4370,1.4452,1.7342,1.7342,2.4627,0,0,0,-0.4236,-0.5184,-0.6220,-0.6220,-0.8052,0,0,0
7.721569,1788533107.492673,10.0204,15.3498,15.3498,15.4157,20.1964,1,0,0,-0.7150,-1.2625,2.7776,2.7776,4.0805,0,0,0,1.4549,1.7966,2.6948,2.6948,3.1623,0,0,0,-0.7211,-0.5031,0.6037,0.6037,0.3830,0,0,0,0.4370,1.3551,1.6261,1.6261,2.4315,0,0,0,-0.4236,-0.5099,-0.6119,-0.6119,-0.7924,0,0,0
7.730079,1788533107.492673,10.0204,15.0829,15.0829,15.0829,19.9328,0,0,0,-0.7150,-1.2362,2.7196,2.7196,3.9870,0,0,0,1.4549,1.7802,2.6702,2.6702,3.1392,0,0,0,-0.7211,-0.5136,0.6163,0.6163,0.3951,0,0,0,0.4370,1.3109,1.5730,1.5730,2.3960,0,0,0,-0.4236,-0.5058,-0.6069,-0.6069,-0.7796,0,0,0
7.738110,1788533107.509217,10.0204,14.5857,14.5857,14.6029,19.6545,1,0,0,-0.7150,-1.1868,2.6110,2.6110,3.8944,0,0,0,1.4549,1.7495,2.6242,2.6242,3.1140,0,0,0,-0.7211,-0.5331,0.6398,0.6398,0.4078,0,0,0,0.4370,1.2281,1.4737,1.4737,2.3561,0,0,0,-0.4236,-0.4980,-0.5976,-0.5976,-0.7668,0,0,0
7.746097,1788533107.509217,10.0204,14.3571,14.3571,14.3571,19.4363,0,0,0,-0.7150,-1.1641,2.5610,2.5610,3.8253,0,0,0,1.4549,1.7353,2.6030,2.6030,3.0939,0,0,0,-0.7211,-0.5422,0.6506,0.6506,0.4178,0,0,0,0.4370,1.1900,1.4280,1.4280,2.3235,0,0,0,-0.4236,-0.4945,-0.5934,-0.5934,-0.7572,0,0,0
7.753165,1788533107.525283,10.0204,13.9425,13.9425,13.9425,19.0590,0,0,0,-0.7150,-1.1227,2.4699,2.4699,3.7116,0,0,0,1.4549,1.7095,2.5643,2.5643,3.0586,0,0,0,-0.7211,-0.5586,0.6703,0.6703,0.4351,0,0,0,0.4370,1.1205,1.3446,1.3446,2.2649,0,0,0,-0.4236,-0.4880,-0.5856,-0.5856,-0.7415,0,0,0
7.761185,1788533107.532798,10.0204,13.7575,13.7575,13.7575,18.7491,0,0,0,-0.7150,-1.1042,2.4293,2.4293,3.6226,0,0,0,1.4549,1.6980,2.5470,2.5470,3.0293,0,0,0,-0.7211,-0.5659,0.6791,0.6791,0.4493,0,0,0,0.4370,1.0895,1.3074,1.3074,2.2151,0,0,0,-0.4236,-0.4851,-0.5821,-0.5821,-0.7293,0,0,0
7.769698,1788533107.532798,10.0204,13.5705,13.5705,13.5705,18.5101,0,0,0,-0.7150,-1.0855,2.3880,2.3880,3.5563,0,0,0,1.4549,1.6864,2.5295,2.5295,3.0065,0,0,0,-0.7211,-0.5734,0.6880,0.6880,0.4602,0,0,0,0.4370,1.0581,1.2697,1.2697,2.1758,0,0,0,-0.4236,-0.4821,-0.5785,-0.5785,-0.7204,0,0,0
7.777924,1788533107.550042,10.0204,13.2090,13.2090,13.2090,18.1831,0,0,0,-0.7150,-1.0491,2.3080,2.3080,3.4684,0,0,0,1.4549,1.6637,2.4955,2.4955,2.9753,0,0,0,-0.7211,-0.5878,0.7054,0.7054,0.4752,0,0,0,0.4370,0.9970,1.1964,1.1964,2.1208,0,0,0,-0.4236,-0.4764,-0.5717,-0.5717,-0.7087,0,0,0
7.785505,1788533107.556616,6.2827,12.9213,12.9213,12.9213,17.8504,0,0,0,-0.6212,-1.0320,2.2704,2.2704,3.3815,0,0,0,1.3829,1.6525,2.4788,2.4788,2.9434,0,0,0,-1.0508,-0.6062,0.7275,0.7275,0.4904,0,0,0,-0.0552,0.9550,1.1460,1.1460,2.0636,0,0,0,-0.4697,-0.4761,-0.5713,-0.5713,-0.6973,0,0,0
7.794007,1788533107.565120,6.2827,12.5680,12.5680,12.5680,17.5154,0,0,0,-0.6212,-1.0111,2.2243,2.2243,3.2963,0,0,0,1.3829,1.6388,2.4582,2.4582,2.9113,0,0,0,-1.0508,-0.6288,0.7546,0.7546,0.5058,0,0,0,-0.0552,0.9034,1.0840,1.0840,2.0050,0,0,0,-0.4697,-0.4758,-0.5710,-0.5710,-0.6864,0,0,0
7.802009,1788533107.573127,6.2827,12.2515,12.2515,12.2515,17.1787,0,0,0,-0.6212,-0.9923,2.1830,2.1830,3.2125,0,0,0,1.3829,1.6265,2.4397,2.4397,2.8789,0,0,0,-1.0508,-0.6491,0.7789,0.7789,0.5213,0,0,0,-0.0552,0.8571,1.0285,1.0285,1.9451,0,0,0,-0.4697,-0.4755,-0.5706,-0.5706,-0.6758,0,0,0
7.809499,1788533107.581617,6.2827,11.9334,11.9334,11.9334,16.8413,0,0,0,-0.6212,-0.9734,2.1414,2.1414,3.1306,0,0,0,1.3829,1.6141,2.4212,2.4212,2.8467,0,0,0,-1.0508,-0.6695,0.8034,0.8034,0.5371,0,0,0,-0.0552,0.8105,0.9726,0.9726,1.8844,0,0,0,-0.4697,-0.4752,-0.5702,-0.5702,-0.6657,0,0,0
7.817510,1788533107.589628,5.2975,11.5980,11.5980,11.5980,16.5879,0,0,0,-0.4725,-0.9492,2.0883,2.0883,3.0706,0,0,0,1.4900,1.6082,2.4122,2.4122,2.8227,0,0,0,-0.9693,-0.6839,0.8207,0.8207,0.5491,0,0,0,-0.0585,0.7686,0.9223,0.9223,1.8384,0,0,0,-0.6288,-0.4826,-0.5791,-0.5791,-0.6586,0,0,0
7.825921,1788533107.596965,5.2975,11.3045,11.3045,11.3045,16.1643,0,0,0,-0.4725,-0.9281,2.0418,2.0418,2.9733,0,0,0,1.4900,1.6029,2.4044,2.4044,2.7832,0,0,0,-0.9693,-0.6965,0.8358,0.8358,0.5697,0,0,0,-0.0585,0.7318,0.8782,0.8782,1.7611,0,0,0,-0.6288,-0.4890,-0.5868,-0.5868,-0.6473,0,0,0
7.833475,1788533107.604588,5.2975,11.0138,11.0138,11.0138,15.9072,0,0,0,-0.4725,-0.9072,1.9958,1.9958,2.9162,0,0,0,1.4900,1.5978,2.3966,2.3966,2.7598,0,0,0,-0.9693,-0.7090,0.8508,0.8508,0.5825,0,0,0,-0.0585,0.6954,0.8344,0.8344,1.7141,0,0,0,-0.6288,-0.4954,-0.5945,-0.5945,-0.6411,0,0,0
7.841483,1788533107.613601,5.2975,10.6895,10.6895,10.6895,15.5609,0,0,0,-0.4725,-0.8837,1.9442,1.9442,2.8415,0,0,0,1.4900,1.5920,2.3880,2.3880,2.7293,0,0,0,-0.9693,-0.7230,0.8676,0.8676,0.6002,0,0,0,-0.0585,0.6546,0.7855,0.7855,1.6508,0,0,0,-0.6288,-0.5026,-0.6031,-0.6031,-0.6336,0,0,0
7.849508,1788533107.621626,5.2975,10.4151,10.4151,10.4151,15.2123,0,0,0,-0.4725,-0.8639,1.9005,1.9005,2.7686,0,0,0,1.4900,1.5871,2.3806,2.3806,2.6997,0,0,0,-0.9693,-0.7349,0.8818,0.8818,0.6183,0,0,0,-0.0585,0.6201,0.7441,0.7441,1.5873,0,0,0,-0.6288,-0.5086,-0.6104,-0.6104,-0.6270,0,0,0
7.858021,1788533107.629151,5.2975,10.1699,10.1699,10.1699,14.8625,0,0,0,-0.4725,-0.8461,1.8614,1.8614,2.6976,0,0,0,1.4900,1.5827,2.3740,2.3740,2.6711,0,0,0,-0.9693,-0.7455,0.8946,0.8946,0.6367,0,0,0,-0.0585,0.5892,0.7070,0.7070,1.5239,0,0,0,-0.6288,-0.5141,-0.6169,-0.6169,-0.6214,0,0,0
7.866185,1788533107.629151,5.2975,9.9224,9.9224,9.9224,14.5130,0,0,0,-0.4725,-0.8281,1.8219,1.8219,2.6283,0,0,0,1.4900,1.5782,2.3673,2.3673,2.6438,0,0,0,-0.9693,-0.7562,0.9075,0.9075,0.6553,0,0,0,-0.0585,0.5579,0.6695,0.6695,1.4610,0,0,0,-0.6288,-0.5195,-0.6235,-0.6235,-0.6168,0,0,0
7.874185,1788533107.629151,5.2975,9.6874,9.6874,9.6874,14.1652,0,0,0,-0.4725,-0.8110,1.7842,1.7842,2.5610,0,0,0,1.4900,1.5740,2.3610,2.3610,2.6177,0,0,0,-0.9693,-0.7664,0.9197,0.9197,0.6739,0,0,0,-0.0585,0.5282,0.6338,0.6338,1.3988,0,0,0,-0.6288,-0.5248,-0.6297,-0.6297,-0.6132,0,0,0
7.882194,1788533107.629151,5.2975,9.4644,9.4644,9.4644,13.8206,0,0,0,-0.4725,-0.7947,1.7484,1.7484,2.4957,0,0,0,1.4900,1.5700,2.3549,2.3549,2.5930,0,0,0,-0.9693,-0.7762,0.9314,0.9314,0.6925,0,0,0,-0.0585,0.4998,0.5998,0.5998,1.3377,0,0,0,-0.6288,-0.5298,-0.6357,-0.6357,-0.6105,0,0,0
7.889196,1788533107.654311,5.2975,8.8668,8.8668,8.9844,13.5649,1,0,0,-0.4725,-0.7505,1.6512,1.6512,2.4481,0,0,0,1.4900,1.5590,2.3385,2.3385,2.5754,0,0,0,-0.9693,-0.8026,0.9631,0.9631,0.7064,0,0,0,-0.0585,0.4231,0.5077,0.5077,1.2927,0,0,0,-0.6288,-0.5433,-0.6519,-0.6519,-0.6090,0,0,0
7.897513,1788533107.654311,5.2975,8.6865,8.6865,8.6865,13.2285,0,0,0,-0.4725,-0.7372,1.6217,1.6217,2.3863,0,0,0,1.4900,1.5557,2.3336,2.3336,2.5531,0,0,0,-0.9693,-0.8106,0.9727,0.9727,0.7246,0,0,0,-0.0585,0.3999,0.4798,0.4798,1.2338,0,0,0,-0.6288,-0.5474,-0.6568,-0.6568,-0.6079,0,0,0
7.905726,1788533107.676717,3.5967,8.0284,8.0284,8.2065,12.8959,1,0,0,-0.6206,-0.7227,1.5900,1.5900,2.3262,0,0,0,1.6239,1.5641,2.3462,2.3462,2.5321,0,0,0,-1.0087,-0.8351,1.0021,1.0021,0.7428,0,0,0,0.1593,0.3700,0.4440,0.4440,1.1760,0,0,0,-0.5797,-0.5514,-0.6616,-0.6616,-0.6076,0,0,0
7.913511,1788533107.685628,3.5967,7.7811,7.7811,7.7811,12.5653,0,0,0,-0.6206,-0.7173,1.5780,1.5780,2.2671,0,0,0,1.6239,1.5673,2.3510,2.3510,2.5123,0,0,0,-1.0087,-0.8443,1.0132,1.0132,0.7609,0,0,0,0.1593,0.3587,0.4305,0.4305,1.1190,0,0,0,-0.5797,-0.5529,-0.6634,-0.6634,-0.6082,0,0,0
7.921595,1788533107.693712,3.5967,7.5682,7.5682,7.5682,12.2353,0,0,0,-0.6206,-0.7126,1.5677,1.5677,2.2095,0,0,0,1.6239,1.5701,2.3551,2.3551,2.4938,0,0,0,-1.0087,-0.8523,1.0228,1.0228,0.7790,0,0,0,0.1593,0.3490,0.4188,0.4188,1.0630,0,0,0,-0.5797,-0.5542,-0.6650,-0.6650,-0.6095,0,0,0
7.929970,1788533107.701092,3.5967,7.3828,7.3828,7.3828,11.9036,0,0,0,-0.6206,-0.7085,1.5587,1.5587,2.1535,0,0,0,1.6239,1.5724,2.3587,2.3587,2.4768,0,0,0,-1.0087,-0.8592,1.0311,1.0311,0.7971,0,0,0,0.1593,0.3406,0.4087,0.4087,1.0083,0,0,0,-0.5797,-0.5553,-0.6664,-0.6664,-0.6115,0,0,0
7.937550,1788533107.709667,3.5967,7.1790,7.1790,7.1790,11.5708,0,0,0,-0.6206,-0.7040,1.5487,1.5487,2.0997,0,0,0,1.6239,1.5751,2.3626,2.3626,2.4614,0,0,0,-1.0087,-0.8669,1.0403,1.0403,0.8151,0,0,0,0.1593,0.3312,0.3975,0.3975,0.9554,0,0,0,-0.5797,-0.5565,-0.6678,-0.6678,-0.6140,0,0,0
7.945551,1788533107.709667,3.5967,6.9985,6.9985,6.9985,11.3220,0,0,0,-0.6206,-0.7000,1.5399,1.5399,2.0609,0,0,0,1.6239,1.5774,2.3661,2.3661,2.4508,0,0,0,-1.0087,-0.8737,1.0485,1.0485,0.8284,0,0,0,0.1593,0.3230,0.3875,0.3875,0.9171,0,0,0,-0.5797,-0.5576,-0.6692,-0.6692,-0.6161,0,0,0
7.954269,1788533107.725393,3.5967,6.6778,6.6778,6.6778,10.9929,0,0,0,-0.6206,-0.6928,1.5242,1.5242,2.0114,0,0,0,1.6239,1.5816,2.3724,2.3724,2.4381,0,0,0,-1.0087,-0.8859,1.0630,1.0630,0.8459,0,0,0,0.1593,0.3082,0.3698,0.3698,0.8680,0,0,0,-0.5797,-0.5596,-0.6716,-0.6716,-0.6191,0,0,0
7.962281,1788533107.734398,3.5967,6.5046,6.5046,6.5046,10.6686,0,0,0,-0.6206,-0.6889,1.5156,1.5156,1.9646,0,0,0,1.6239,1.5839,2.3758,2.3758,2.4268,0,0,0,-1.0087,-0.8925,1.0710,1.0710,0.8631,0,0,0,0.1593,0.3001,0.3602,0.3602,0.8215,0,0,0,-0.5797,-0.5607,-0.6728,-0.6728,-0.6223,0,0,0
7.970232,1788533107.734398,3.5967,6.3585,6.3585,6.3585,10.3496,0,0,0,-0.6206,-0.6856,1.5084,1.5084,1.9206,0,0,0,1.6239,1.5858,2.3787,2.3787,2.4170,0,0,0,-1.0087,-0.8980,1.0776,1.0776,0.8797,0,0,0,0.1593,0.2934,0.3520,0.3520,0.7774,0,0,0,-0.5797,-0.5616,-0.6739,-0.6739,-0.6257,0,0,0
7.977810,1788533107.749927,3.5967,6.1020,6.1020,6.1020,10.0359,0,0,0,-0.6206,-0.6798,1.4957,1.4957,1.8792,0,0,0,1.6239,1.5892,2.3838,2.3838,2.4085,0,0,0,-1.0087,-0.9079,1.0895,1.0895,0.8960,0,0,0,0.1593,0.2814,0.3377,0.3377,0.7359,0,0,0,-0.5797,-0.5632,-0.6759,-0.6759,-0.6291,0,0,0
7.985541,1788533107.749927,3.5967,5.9765,5.9765,5.9765,9.7285,0,0,0,-0.6206,-0.6770,1.4894,1.4894,1.8406,0,0,0,1.6239,1.5908,2.3863,2.3863,2.4014,0,0,0,-1.0087,-0.9127,1.0953,1.0953,0.9117,0,0,0,0.1593,0.2755,0.3306,0.3306,0.6968,0,0,0,-0.5797,-0.5640,-0.6768,-0.6768,-0.6325,0,0,0
7.994076,1788533107.765689,2.7917,5.6774,5.6774,5.6774,9.4283,0,0,0,-0.5509,-0.6656,1.4643,1.4643,1.8045,0,0,0,1.5252,1.5849,2.3774,2.3774,2.3954,0,0,0,-0.9249,-0.9138,1.0966,1.0966,0.9270,0,0,0,0.2450,0.2728,0.3273,0.3273,0.6602,0,0,0,-0.7095,-0.5771,-0.6926,-0.6926,-0.6360,0,0,0
8.001772,1788533107.765689,2.7917,5.5331,5.5331,5.5331,9.1354,0,0,0,-0.5509,-0.6601,1.4522,1.4522,1.7709,0,0,0,1.5252,1.5821,2.3731,2.3731,2.3905,0,0,0,-0.9249,-0.9144,1.0972,1.0972,0.9418,0,0,0,0.2450,0.2714,0.3257,0.3257,0.6260,0,0,0,-0.7095,-0.5835,-0.7002,-0.7002,-0.6393,0,0,0
8.009862,1788533107.765689,2.7917,5.3961,5.3961,5.3961,8.9207,0,0,0,-0.5509,-0.6549,1.4407,1.4407,1.7472,0,0,0,1.5252,1.5793,2.3690,2.3690,2.3875,0,0,0,-0.9249,-0.9149,1.0978,1.0978,0.9525,0,0,0,0.2450,0.2702,0.3242,0.3242,0.6018,0,0,0,-0.7095,-0.5895,-0.7074,-0.7074,-0.6419,0,0,0
8.017888,1788533107.782903,2.7917,5.1320,5.1320,5.1320,8.6403,0,0,0,-0.5509,-0.6447,1.4183,1.4183,1.7175,0,0,0,1.5252,1.5741,2.3611,2.3611,2.3841,0,0,0,-0.9249,-0.9158,1.0990,1.0990,0.9663,0,0,0,0.2450,0.2677,0.3212,0.3212,0.5716,0,0,0,-0.7095,-0.6012,-0.7215,-0.7215,-0.6453,0,0,0
8.026200,1788533107.798318,2.7917,4.9175,4.9175,4.9175,8.3670,0,0,0,-0.5509,-0.6364,1.4001,1.4001,1.6896,0,0,0,1.5252,1.5697,2.3546,2.3546,2.3813,0,0,0,-0.9249,-0.9166,1.1000,1.1000,0.9793,0,0,0,0.2450,0.2657,0.3188,0.3188,0.5437,0,0,0,-0.7095,-0.6108,-0.7329,-0.7329,-0.6490,0,0,0
8.033844,1788533107.805961,2.7917,4.8163,4.8163,4.8163,8.1013,0,0,0,-0.5509,-0.6325,1.3914,1.3914,1.6634,0,0,0,1.5252,1.5677,2.3515,2.3515,2.3789,0,0,0,-0.9249,-0.9170,1.1004,1.1004,0.9916,0,0,0,0.2450,0.2647,0.3177,0.3177,0.5181,0,0,0,-0.7095,-0.6153,-0.7384,-0.7384,-0.6529,0,0,0
8.042225,1788533107.805961,2.7917,4.7157,4.7157,4.7157,7.8421,0,0,0,-0.5509,-0.6286,1.3828,1.3828,1.6388,0,0,0,1.5252,1.5657,2.3485,2.3485,2.3767,0,0,0,-0.9249,-0.9174,1.1009,1.1009,1.0030,0,0,0,0.2450,0.2638,0.3165,0.3165,0.4947,0,0,0,-0.7095,-0.6198,-0.7438,-0.7438,-0.6571,0,0,0
8.050009,1788533107.814342,2.6450,4.6081,4.6081,4.6081,7.6516,0,0,0,-0.5389,-0.6241,1.3729,1.3729,1.6211,0,0,0,1.5429,1.5645,2.3468,2.3468,2.3751,0,0,0,-0.8966,-0.9164,1.0996,1.0996,1.0111,0,0,0,0.3462,0.2679,0.3215,0.3215,0.4785,0,0,0,-0.5087,-0.6143,-0.7371,-0.7371,-0.6606,0,0,0
8.058367,1788533107.814342,2.6450,4.5106,4.5106,4.5106,7.4035,0,0,0,-0.5389,-0.6200,1.3639,1.3639,1.5986,0,0,0,1.5429,1.5635,2.3452,2.3452,2.3730,0,0,0,-0.8966,-0.9154,1.0985,1.0985,1.0211,0,0,0,0.3462,0.2717,0.3260,0.3260,0.4586,0,0,0,-0.5087,-0.6092,-0.7310,-0.7310,-0.6654,0,0,0
8.065684,1788533107.814342,2.6450,4.4180,4.4180,4.4180,7.1619,0,0,0,-0.5389,-0.6161,1.3554,1.3554,1.5771,0,0,0,1.5429,1.5625,2.3437,2.3437,2.3710,0,0,0,-0.8966,-0.9145,1.0974,1.0974,1.0303,0,0,0,0.3462,0.2753,0.3303,0.3303,0.4406,0,0,0,-0.5087,-0.6044,-0.7253,-0.7253,-0.6705,0,0,0
8.073777,1788533107.814342,2.6450,4.3301,4.3301,4.3301,6.9274,0,0,0,-0.5389,-0.6124,1.3473,1.3473,1.5567,0,0,0,1.5429,1.5616,2.3423,2.3423,2.3690,0,0,0,-0.8966,-0.9137,1.0964,1.0964,1.0387,0,0,0,0.3462,0.2787,0.3344,0.3344,0.4245,0,0,0,-0.5087,-0.5998,-0.7198,-0.7198,-0.6755,0,0,0
8.082478,1788533107.814342,2.6450,4.2465,4.2465,4.2465,6.7007,0,0,0,-0.5389,-0.6089,1.3395,1.3395,1.5373,0,0,0,1.5429,1.5607,2.3410,2.3410,2.3669,0,0,0,-0.8966,-0.9128,1.0954,1.0954,1.0463,0,0,0,0.3462,0.2819,0.3383,0.3383,0.4103,0,0,0,-0.5087,-0.5955,-0.7145,-0.7145,-0.6803,0,0,0
8.090586,1788533107.814342,2.6450,4.1671,4.1671,4.1671,6.4827,0,0,0,-0.5389,-0.6055,1.3321,1.3321,1.5188,0,0,0,1.5429,1.5598,2.3397,2.3397,2.3649,0,0,0,-0.8966,-0.9121,1.0945,1.0945,1.0531,0,0,0,0.3462,0.2850,0.3420,0.3420,0.3979,0,0,0,-0.5087,-0.5913,-0.7096,-0.7096,-0.6848,0,0,0
8.098642,1788533107.814342,2.6450,4.0918,4.0918,4.0918,6.2738,0,0,0,-0.5389,-0.6023,1.3251,1.3251,1.5013,0,0,0,1.5429,1.5590,2.3385,2.3385,2.3630,0,0,0,-0.8966,-0.9113,1.0936,1.0936,1.0591,0,0,0,0.3462,0.2879,0.3455,0.3455,0.3871,0,0,0,-0.5087,-0.5873,-0.7048,-0.7048,-0.6889,0,0,0
8.106457,1788533107.870760,2.6276,3.7008,3.7008,3.7008,6.1237,0,0,0,-0.1920,-0.4948,1.0886,1.0886,1.4888,0,0,0,1.5726,1.5626,2.3438,2.3438,2.3615,0,0,0,-0.8262,-0.8890,1.0668,1.0668,1.0632,0,0,0,0.1702,0.2571,0.3085,0.3085,0.3800,0,0,0,-0.6351,-0.5998,-0.7198,-0.7198,-0.6916,0,0,0
8.114527,1788533107.870760,2.6276,3.6481,3.6481,3.6481,5.9322,0,0,0,-0.1920,-0.4803,1.0566,1.0566,1.4729,0,0,0,1.5726,1.5630,2.3446,2.3446,2.3596,0,0,0,-0.8262,-0.8860,1.0632,1.0632,1.0681,0,0,0,0.1702,0.2529,0.3035,0.3035,0.3718,0,0,0,-0.6351,-0.6015,-0.7218,-0.7218,-0.6948,0,0,0
8.122609,1788533107.894727,2.5924,3.5070,3.5070,3.5070,5.7472,0,0,0,-0.3376,-0.4616,1.0155,1.0155,1.4560,0,0,0,1.5874,1.5662,2.3493,2.3493,2.3578,0,0,0,-0.8334,-0.8791,1.0550,1.0550,1.0721,0,0,0,0.3198,0.2617,0.3140,0.3140,0.3646,0,0,0,-0.5945,-0.6006,-0.7207,-0.7207,-0.6977,0,0,0
8.130716,1788533107.894727,2.5924,3.4622,3.4622,3.4622,5.5666,0,0,0,-0.3376,-0.4556,1.0024,1.0024,1.4361,0,0,0,1.5874,1.5672,2.3509,2.3509,2.3562,0,0,0,-0.8334,-0.8769,1.0523,1.0523,1.0751,0,0,0,0.3198,0.2645,0.3174,0.3174,0.3580,0,0,0,-0.5945,-0.6003,-0.7204,-0.7204,-0.7003,0,0,0
8.138350,1788533107.894727,2.5924,3.4196,3.4196,3.4196,5.4344,0,0,0,-0.3376,-0.4500,0.9900,0.9900,1.4195,0,0,0,1.5874,1.5682,2.3523,2.3523,2.3551,0,0,0,-0.8334,-0.8749,1.0498,1.0498,1.0768,0,0,0,0.3198,0.2671,0.3205,0.3205,0.3534,0,0,0,-0.5945,-0.6000,-0.7200,-0.7200,-0.7021,0,0,0
8.146391,1788533107.894727,2.5924,3.3792,3.3792,3.3792,5.2624,0,0,0,-0.3376,-0.4446,0.9781,0.9781,1.3953,0,0,0,1.5874,1.5691,2.3537,2.3537,2.3538,0,0,0,-0.8334,-0.8729,1.0475,1.0475,1.0782,0,0,0,0.3198,0.2696,0.3236,0.3236,0.3479,0,0,0,-0.5945,-0.5998,-0.7197,-0.7197,-0.7043,0,0,0
8.153982,1788533107.926099,2.5970,3.2483,3.2483,3.2483,5.0964,0,0,0,-0.3418,-0.4276,0.9408,0.9408,1.3695,0,0,0,1.5926,1.5730,2.3595,2.3595,2.3527,0,0,0,-0.8478,-0.8687,1.0425,1.0425,1.0789,0,0,0,0.3664,0.2856,0.3427,0.3427,0.3431,0,0,0,-0.5962,-0.5992,-0.7190,-0.7190,-0.7064,0,0,0
8.162347,1788533107.933468,2.6179,3.2199,3.2199,3.2199,4.9375,0,0,0,-0.4160,-0.4271,0.9397,0.9397,1.3428,0,0,0,1.6429,1.5761,2.3641,2.3641,2.3519,0,0,0,-0.8224,-0.8667,1.0400,1.0400,1.0789,0,0,0,0.3824,0.2899,0.3478,0.3478,0.3389,0,0,0,-0.6368,-0.6009,-0.7210,-0.7210,-0.7082,0,0,0
8.170209,1788533107.941814,2.6204,3.1895,3.1895,3.1895,4.7860,0,0,0,-0.3455,-0.4231,0.9307,0.9307,1.3154,0,0,0,1.6650,1.5805,2.3708,2.3708,2.3513,0,0,0,-0.8120,-0.8640,1.0368,1.0368,1.0783,0,0,0,0.3610,0.2934,0.3521,0.3521,0.3354,0,0,0,-0.6334,-0.6025,-0.7230,-0.7230,-0.7098,0,0,0
8.178530,1788533107.941814,2.6204,3.1618,3.1618,3.1618,4.6765,0,0,0,-0.3455,-0.4193,0.9225,0.9225,1.2946,0,0,0,1.6650,1.5846,2.3768,2.3768,2.3511,0,0,0,-0.8120,-0.8615,1.0338,1.0338,1.0776,0,0,0,0.3610,0.2966,0.3560,0.3560,0.3334,0,0,0,-0.6334,-0.6040,-0.7247,-0.7247,-0.7109,0,0,0
8.186535,1788533107.958653,2.6204,3.1092,3.1092,3.1092,4.5364,0,0,0,-0.3455,-0.4123,0.9070,0.9070,1.2667,0,0,0,1.6650,1.5923,2.3884,2.3884,2.3510,0,0,0,-0.8120,-0.8567,1.0281,1.0281,1.0762,0,0,0,0.3610,0.3028,0.3634,0.3634,0.3315,0,0,0,-0.6334,-0.6068,-0.7281,-0.7281,-0.7123,0,0,0
8.194056,1788533107.966174,2.6204,3.0868,3.0868,3.0868,4.4034,0,0,0,-0.3455,-0.4092,0.9003,0.9003,1.2390,0,0,0,1.6650,1.5955,2.3933,2.3933,2.3513,0,0,0,-0.8120,-0.8547,1.0257,1.0257,1.0744,0,0,0,0.3610,0.3054,0.3665,0.3665,0.3303,0,0,0,-0.6334,-0.6080,-0.7296,-0.7296,-0.7135,0,0,0
8.202118,1788533107.966174,2.6204,3.0641,3.0641,3.0641,4.2778,0,0,0,-0.3455,-0.4062,0.8936,0.8936,1.2119,0,0,0,1.6650,1.5989,2.3983,2.3983,2.3520,0,0,0,-0.8120,-0.8527,1.0232,1.0232,1.0723,0,0,0,0.3610,0.3081,0.3697,0.3697,0.3298,0,0,0,-0.6334,-0.6092,-0.7310,-0.7310,-0.7147,0,0,0
8.210675,1788533107.975254,2.6204,3.0398,3.0398,3.0398,4.1593,0,0,0,-0.3455,-0.4029,0.8864,0.8864,1.1854,0,0,0,1.6650,1.6024,2.4037,2.4037,2.3531,0,0,0,-0.8120,-0.8505,1.0206,1.0206,1.0699,0,0,0,0.3610,0.3109,0.3731,0.3731,0.3301,0,0,0,-0.6334,-0.6105,-0.7326,-0.7326,-0.7158,0,0,0
8.218255,1788533107.975254,2.6204,3.0195,3.0195,3.0195,4.0480,0,0,0,-0.3455,-0.4002,0.8804,0.8804,1.1597,0,0,0,1.6650,1.6054,2.4081,2.4081,2.3547,0,0,0,-0.8120,-0.8486,1.0184,1.0184,1.0673,0,0,0,0.3610,0.3133,0.3760,0.3760,0.3309,0,0,0,-0.6334,-0.6116,-0.7339,-0.7339,-0.7169,0,0,0
8.226972,1788533107.998439,2.6204,2.9681,2.9681,2.9681,3.9439,0,0,0,-0.3455,-0.3932,0.8651,0.8651,1.1350,0,0,0,1.6650,1.6130,2.4195,2.4195,2.3567,0,0,0,-0.8120,-0.8440,1.0128,1.0128,1.0645,0,0,0,0.3610,0.3194,0.3833,0.3833,0.3322,0,0,0,-0.6334,-0.6144,-0.7372,-0.7372,-0.7180,0,0,0
8.234213,1788533108.005781,2.6204,2.9526,2.9526,2.9526,3.8468,0,0,0,-0.3455,-0.3911,0.8604,0.8604,1.1113,0,0,0,1.6650,1.6153,2.4230,2.4230,2.3591,0,0,0,-0.8120,-0.8426,1.0111,1.0111,1.0615,0,0,0,0.3610,0.3212,0.3855,0.3855,0.3339,0,0,0,-0.6334,-0.6152,-0.7382,-0.7382,-0.7192,0,0,0
8.242273,1788533108.014391,2.6124,2.9349,2.9349,2.9349,3.7784,0,0,0,-0.2529,-0.3840,0.8448,0.8448,1.0943,0,0,0,1.7008,1.6197,2.4295,2.4295,2.3611,0,0,0,-0.7803,-0.8394,1.0073,1.0073,1.0592,0,0,0,0.4530,0.3280,0.3936,0.3936,0.3355,0,0,0,-0.6302,-0.6160,-0.7392,-0.7392,-0.7200,0,0,0
8.250294,1788533108.022412,2.6124,2.9193,2.9193,2.9193,3.6722,0,0,0,-0.2529,-0.3777,0.8309,0.8309,1.0673,0,0,0,1.7008,1.6236,2.4354,2.4354,2.3650,0,0,0,-0.7803,-0.8365,1.0039,1.0039,1.0552,0,0,0,0.4530,0.3340,0.4008,0.4008,0.3385,0,0,0,-0.6302,-0.6167,-0.7400,-0.7400,-0.7215,0,0,0
8.258864,1788533108.022412,2.6124,2.9044,2.9044,2.9044,3.6126,0,0,0,-0.2529,-0.3717,0.8178,0.8178,1.0517,0,0,0,1.7008,1.6273,2.4409,2.4409,2.3676,0,0,0,-0.7803,-0.8339,1.0006,1.0006,1.0527,0,0,0,0.4530,0.3397,0.4076,0.4076,0.3406,0,0,0,-0.6302,-0.6173,-0.7408,-0.7408,-0.7224,0,0,0
8.267047,1788533108.030982,2.6343,2.8905,2.8905,2.8905,3.5380,0,0,0,-0.1849,-0.3622,0.7968,0.7968,1.0316,0,0,0,1.7055,1.6313,2.4469,2.4469,2.3714,0,0,0,-0.7836,-0.8313,0.9975,0.9975,1.0493,0,0,0,0.4732,0.3465,0.4158,0.4158,0.3438,0,0,0,-0.6408,-0.6185,-0.7422,-0.7422,-0.7237,0,0,0
8.274944,1788533108.039165,2.6343,2.8778,2.8778,2.8778,3.4688,0,0,0,-0.1849,-0.3535,0.7777,0.7777,1.0122,0,0,0,1.7055,1.6349,2.4524,2.4524,2.3756,0,0,0,-0.7836,-0.8290,0.9947,0.9947,1.0458,0,0,0,0.4732,0.3527,0.4233,0.4233,0.3474,0,0,0,-0.6408,-0.6196,-0.7435,-0.7435,-0.7250,0,0,0
8.282966,1788533108.047061,2.6343,2.8662,2.8662,2.8662,3.4046,0,0,0,-0.1849,-0.3455,0.7601,0.7601,0.9934,0,0,0,1.7055,1.6382,2.4574,2.4574,2.3801,0,0,0,-0.7836,-0.8268,0.9922,0.9922,1.0422,0,0,0,0.4732,0.3584,0.4301,0.4301,0.3513,0,0,0,-0.6408,-0.6206,-0.7447,-0.7447,-0.7263,0,0,0
8.290932,1788533108.063049,2.6343,2.8448,2.8448,2.8448,3.3454,0,0,0,-0.1849,-0.3308,0.7278,0.7278,0.9751,0,0,0,1.7055,1.6444,2.4666,2.4666,2.3849,0,0,0,-0.7836,-0.8229,0.9874,0.9874,1.0386,0,0,0,0.4732,0.3689,0.4427,0.4427,0.3556,0,0,0,-0.6408,-0.6224,-0.7469,-0.7469,-0.7276,0,0,0
8.298410,1788533108.063049,2.6343,2.8347,2.8347,2.8347,3.2908,0,0,0,-0.1849,-0.3238,0.7124,0.7124,0.9571,0,0,0,1.7055,1.6473,2.4710,2.4710,2.3899,0,0,0,-0.7836,-0.8210,0.9852,0.9852,1.0350,0,0,0,0.4732,0.3739,0.4487,0.4487,0.3602,0,0,0,-0.6408,-0.6233,-0.7480,-0.7480,-0.7289,0,0,0
8.306417,1788533108.071590,2.6343,2.8244,2.8244,2.8244,3.2404,0,0,0,-0.1849,-0.3167,0.6968,0.6968,0.9391,0,0,0,1.7055,1.6503,2.4754,2.4754,2.3950,0,0,0,-0.7836,-0.8191,0.9829,0.9829,1.0314,0,0,0,0.4732,0.3790,0.4547,0.4547,0.3652,0,0,0,-0.6408,-0.6242,-0.7491,-0.7491,-0.7302,0,0,0
8.314447,1788533108.086564,2.7053,2.8140,2.8140,2.8140,3.1941,0,0,0,-0.0860,-0.2969,0.6531,0.6531,0.9213,0,0,0,1.6193,1.6476,2.4714,2.4714,2.4004,0,0,0,-0.8893,-0.8251,0.9901,0.9901,1.0277,0,0,0,0.5254,0.3916,0.4699,0.4699,0.3706,0,0,0,-0.5763,-0.6201,-0.7441,-0.7441,-0.7315,0,0,0
8.323056,1788533108.086564,2.7053,2.8088,2.8088,2.8088,3.1514,0,0,0,-0.0860,-0.2868,0.6309,0.6309,0.9034,0,0,0,1.6193,1.6463,2.4694,2.4694,2.4058,0,0,0,-0.8893,-0.8282,0.9938,0.9938,1.0241,0,0,0,0.5254,0.3980,0.4776,0.4776,0.3762,0,0,0,-0.5763,-0.6180,-0.7416,-0.7416,-0.7329,0,0,0
8.331114,1788533108.086564,2.7053,2.8038,2.8038,2.8038,3.1218,0,0,0,-0.0860,-0.2771,0.6097,0.6097,0.8899,0,0,0,1.6193,1.6450,2.4675,2.4675,2.4099,0,0,0,-0.8893,-0.8311,0.9973,0.9973,1.0215,0,0,0,0.5254,0.4041,0.4849,0.4849,0.3806,0,0,0,-0.5763,-0.6160,-0.7392,-0.7392,-0.7339,0,0,0
8.338635,1788533108.086564,2.7053,2.7991,2.7991,2.7991,3.0851,0,0,0,-0.0860,-0.2680,0.5896,0.5896,0.8715,0,0,0,1.6193,1.6437,2.4656,2.4656,2.4152,0,0,0,-0.8893,-0.8339,1.0007,1.0007,1.0183,0,0,0,0.5254,0.4099,0.4919,0.4919,0.3868,0,0,0,-0.5763,-0.6141,-0.7369,-0.7369,-0.7350,0,0,0
8.346675,1788533108.086564,2.7053,2.7945,2.7945,2.7945,3.0516,0,0,0,-0.0860,-0.2593,0.5704,0.5704,0.8528,0,0,0,1.6193,1.6426,2.4639,2.4639,2.4203,0,0,0,-0.8893,-0.8366,1.0039,1.0039,1.0153,0,0,0,0.5254,0.4154,0.4985,0.4985,0.3933,0,0,0,-0.5763,-0.6123,-0.7347,-0.7347,-0.7360,0,0,0
8.355234,1788533108.119792,2.7089,2.7797,2.7797,2.7797,3.0210,0,0,0,-0.1214,-0.2354,0.5179,0.5179,0.8338,0,0,0,1.6249,1.6395,2.4593,2.4593,2.4251,0,0,0,-0.8579,-0.8402,1.0083,1.0083,1.0127,0,0,0,0.5353,0.4361,0.5234,0.5234,0.4000,0,0,0,-0.6325,-0.6158,-0.7389,-0.7389,-0.7369,0,0,0
8.362828,1788533108.134437,2.7089,2.7737,2.7737,2.7737,2.9933,0,0,0,-0.1214,-0.2258,0.4967,0.4967,0.8145,0,0,0,1.6249,1.6383,2.4574,2.4574,2.4295,0,0,0,-0.8579,-0.8417,1.0101,1.0101,1.0105,0,0,0,0.5353,0.4445,0.5334,0.5334,0.4069,0,0,0,-0.6325,-0.6172,-0.7406,-0.7406,-0.7375,0,0,0
8.370911,1788533108.143029,2.6925,2.7695,2.7695,2.7695,2.9680,0,0,0,-0.1069,-0.2197,0.4833,0.4833,0.7947,0,0,0,1.6227,1.6375,2.4562,2.4562,2.4335,0,0,0,-0.8514,-0.8422,1.0107,1.0107,1.0087,0,0,0,0.5306,0.4489,0.5387,0.5387,0.4141,0,0,0,-0.6707,-0.6199,-0.7439,-0.7439,-0.7380,0,0,0
8.378495,1788533108.150613,2.6925,2.7660,2.7660,2.7660,2.9449,0,0,0,-0.1069,-0.2146,0.4720,0.4720,0.7742,0,0,0,1.6227,1.6368,2.4552,2.4552,2.4371,0,0,0,-0.8514,-0.8426,1.0112,1.0112,1.0073,0,0,0,0.5306,0.4526,0.5432,0.5432,0.4218,0,0,0,-0.6707,-0.6222,-0.7467,-0.7467,-0.7384,0,0,0
8.386524,1788533108.150613,2.6925,2.7624,2.7624,2.7624,2.9238,0,0,0,-0.1069,-0.2094,0.4607,0.4607,0.7533,0,0,0,1.6227,1.6361,2.4542,2.4542,2.4402,0,0,0,-0.8514,-0.8431,1.0117,1.0117,1.0063,0,0,0,0.5306,0.4564,0.5476,0.5476,0.4297,0,0,0,-0.6707,-0.6246,-0.7495,-0.7495,-0.7388,0,0,0
8.394813,1788533108.150613,2.6925,2.7591,2.7591,2.7591,2.9046,0,0,0,-0.1069,-0.2045,0.4499,0.4499,0.7321,0,0,0,1.6227,1.6355,2.4532,2.4532,2.4430,0,0,0,-0.8514,-0.8435,1.0121,1.0121,1.0056,0,0,0,0.5306,0.4599,0.5519,0.5519,0.4379,0,0,0,-0.6707,-0.6268,-0.7521,-0.7521,-0.7392,0,0,0
8.402955,1788533108.175072,2.6925,2.7502,2.7502,2.7502,2.8872,0,0,0,-0.1069,-0.1915,0.4212,0.4212,0.7109,0,0,0,1.6227,1.6338,2.4507,2.4507,2.4453,0,0,0,-0.8514,-0.8445,1.0134,1.0134,1.0051,0,0,0,0.5306,0.4693,0.5632,0.5632,0.4461,0,0,0,-0.6707,-0.6326,-0.7591,-0.7591,-0.7397,0,0,0
8.410907,1788533108.175072,2.6925,2.7474,2.7474,2.7474,2.8752,0,0,0,-0.1069,-0.1874,0.4123,0.4123,0.6952,0,0,0,1.6227,1.6333,2.4499,2.4499,2.4468,0,0,0,-0.8514,-0.8448,1.0138,1.0138,1.0049,0,0,0,0.5306,0.4723,0.5667,0.5667,0.4523,0,0,0,-0.6707,-0.6344,-0.7613,-0.7613,-0.7401,0,0,0
8.418962,1788533108.183593,2.7508,2.7476,2.7476,2.7476,2.8604,0,0,0,-0.1408,-0.1850,0.4071,0.4071,0.6743,0,0,0,1.6477,1.6340,2.4510,2.4510,2.4485,0,0,0,-0.8769,-0.8465,1.0158,1.0158,1.0048,0,0,0,0.5547,0.4765,0.5718,0.5718,0.4605,0,0,0,-0.5745,-0.6314,-0.7577,-0.7577,-0.7407,0,0,0
8.427005,1788533108.199122,2.7508,2.7479,2.7479,2.7479,2.8470,0,0,0,-0.1408,-0.1811,0.3984,0.3984,0.6536,0,0,0,1.6477,1.6352,2.4528,2.4528,2.4499,0,0,0,-0.8769,-0.8492,1.0190,1.0190,1.0049,0,0,0,0.5547,0.4834,0.5801,0.5801,0.4688,0,0,0,-0.5745,-0.6263,-0.7516,-0.7516,-0.7416,0,0,0
8.434585,1788533108.199122,2.7508,2.7480,2.7480,2.7480,2.8348,0,0,0,-0.1408,-0.1792,0.3942,0.3942,0.6331,0,0,0,1.6477,1.6358,2.4537,2.4537,2.4510,0,0,0,-0.8769,-0.8505,1.0206,1.0206,1.0051,0,0,0,0.5547,0.4868,0.5842,0.5842,0.4769,0,0,0,-0.5745,-0.6239,-0.7486,-0.7486,-0.7426,0,0,0
8.443277,1788533108.207713,2.7508,2.7482,2.7482,2.7482,2.8237,0,0,0,-0.1408,-0.1772,0.3899,0.3899,0.6132,0,0,0,1.6477,1.6364,2.4546,2.4546,2.4518,0,0,0,-0.8769,-0.8519,1.0222,1.0222,1.0055,0,0,0,0.5547,0.4903,0.5884,0.5884,0.4850,0,0,0,-0.5745,-0.6213,-0.7456,-0.7456,-0.7436,0,0,0
8.450883,1788533108.215395,2.7508,2.7483,2.7483,2.7483,2.8137,0,0,0,-0.1408,-0.1755,0.3862,0.3862,0.5938,0,0,0,1.6477,1.6369,2.4554,2.4554,2.4525,0,0,0,-0.8769,-0.8530,1.0236,1.0236,1.0060,0,0,0,0.5547,0.4933,0.5919,0.5919,0.4930,0,0,0,-0.5745,-0.6192,-0.7430,-0.7430,-0.7445,0,0,0
8.459394,1788533108.230995,2.7508,2.7485,2.7485,2.7485,2.8048,0,0,0,-0.1408,-0.1724,0.3793,0.3793,0.5752,0,0,0,1.6477,1.6379,2.4568,2.4568,2.4531,0,0,0,-0.8769,-0.8551,1.0262,1.0262,1.0067,0,0,0,0.5547,0.4988,0.5985,0.5985,0.5008,0,0,0,-0.5745,-0.6152,-0.7382,-0.7382,-0.7453,0,0,0
8.467430,1788533108.230995,2.7508,2.7486,2.7486,2.7486,2.7968,0,0,0,-0.1408,-0.1709,0.3760,0.3760,0.5574,0,0,0,1.6477,1.6384,2.4576,2.4576,2.4535,0,0,0,-0.8769,-0.8562,1.0274,1.0274,1.0075,0,0,0,0.5547,0.5014,0.6017,0.6017,0.5085,0,0,0,-0.5745,-0.6132,-0.7359,-0.7359,-0.7459,0,0,0
8.475060,1788533108.230995,2.7508,2.7487,2.7487,2.7487,2.7914,0,0,0,-0.1408,-0.1695,0.3728,0.3728,0.5446,0,0,0,1.6477,1.6388,2.4582,2.4582,2.4538,0,0,0,-0.8769,-0.8572,1.0286,1.0286,1.0082,0,0,0,0.5547,0.5040,0.6048,0.6048,0.5141,0,0,0,-0.5745,-0.6114,-0.7337,-0.7337,-0.7462,0,0,0
8.482789,1788533108.248159,2.7508,2.7489,2.7489,2.7489,2.7849,0,0,0,-0.1408,-0.1667,0.3667,0.3667,0.5284,0,0,0,1.6477,1.6397,2.4595,2.4595,2.4542,0,0,0,-0.8769,-0.8591,1.0309,1.0309,1.0092,0,0,0,0.5547,0.5089,0.6107,0.6107,0.5215,0,0,0,-0.5745,-0.6078,-0.7294,-0.7294,-0.7464,0,0,0
8.491425,1788533108.248159,2.7508,2.7490,2.7490,2.7490,2.7793,0,0,0,-0.1408,-0.1654,0.3640,0.3640,0.5130,0,0,0,1.6477,1.6401,2.4601,2.4601,2.4546,0,0,0,-0.8769,-0.8599,1.0319,1.0319,1.0103,0,0,0,0.5547,0.5111,0.6134,0.6134,0.5286,0,0,0,-0.5745,-0.6062,-0.7274,-0.7274,-0.7464,0,0,0
8.499006,1788533108.271124,2.7508,2.7492,2.7492,2.7492,2.7743,0,0,0,-0.1408,-0.1623,0.3571,0.3571,0.4985,0,0,0,1.6477,1.6410,2.4615,2.4615,2.4549,0,0,0,-0.8769,-0.8621,1.0345,1.0345,1.0115,0,0,0,0.5547,0.5166,0.6200,0.6200,0.5355,0,0,0,-0.5745,-0.6022,-0.7226,-0.7226,-0.7462,0,0,0
8.506974,1788533108.271124,2.7508,2.7493,2.7493,2.7493,2.7700,0,0,0,-0.1408,-0.1613,0.3549,0.3549,0.4849,0,0,0,1.6477,1.6413,2.4620,2.4620,2.4552,0,0,0,-0.8769,-0.8628,1.0354,1.0354,1.0127,0,0,0,0.5547,0.5185,0.6221,0.6221,0.5422,0,0,0,-0.5745,-0.6009,-0.7211,-0.7211,-0.7457,0,0,0
8.514579,1788533108.280089,2.9922,2.7623,2.7623,2.7623,2.7671,0,0,0,0.0168,-0.1518,0.3339,0.3339,0.4753,0,0,0,1.7315,1.6462,2.4692,2.4692,2.4555,0,0,0,-0.8734,-0.8634,1.0360,1.0360,1.0137,0,0,0,0.7006,0.5282,0.6338,0.6338,0.5471,0,0,0,-0.5233,-0.5967,-0.7161,-0.7161,-0.7452,0,0,0
8.523407,1788533108.287803,2.9922,2.7729,2.7729,2.7729,2.7638,0,0,0,0.0168,-0.1440,0.3168,0.3168,0.4632,0,0,0,1.7315,1.6501,2.4752,2.4752,2.4559,0,0,0,-0.8734,-0.8638,1.0366,1.0366,1.0151,0,0,0,0.7006,0.5361,0.6434,0.6434,0.5535,0,0,0,-0.5233,-0.5933,-0.7120,-0.7120,-0.7443,0,0,0
8.531380,1788533108.295525,3.0587,2.7862,2.7862,2.7862,2.7611,0,0,0,-0.0566,-0.1399,0.3079,0.3079,0.4515,0,0,0,1.7299,1.6538,2.4807,2.4807,2.4564,0,0,0,-0.8388,-0.8627,1.0352,1.0352,1.0165,0,0,0,0.6468,0.5413,0.6495,0.6495,0.5598,0,0,0,-0.5443,-0.5911,-0.7093,-0.7093,-0.7432,0,0,0
8.538923,1788533108.311040,3.0587,2.8104,2.8104,2.8104,2.7591,0,0,0,-0.0566,-0.1325,0.2916,0.2916,0.4402,0,0,0,1.7299,1.6606,2.4908,2.4908,2.4571,0,0,0,-0.8388,-0.8605,1.0327,1.0327,1.0180,0,0,0,0.6468,0.5507,0.6608,0.6608,0.5661,0,0,0,-0.5443,-0.5869,-0.7043,-0.7043,-0.7418,0,0,0
8.547010,1788533108.311040,3.0587,2.8223,2.8223,2.8223,2.7582,0,0,0,-0.0566,-0.1289,0.2836,0.2836,0.4318,0,0,0,1.7299,1.6639,2.4958,2.4958,2.4577,0,0,0,-0.8388,-0.8595,1.0314,1.0314,1.0191,0,0,0,0.6468,0.5553,0.6663,0.6663,0.5709,0,0,0,-0.5443,-0.5849,-0.7019,-0.7019,-0.7406,0,0,0
8.555601,1788533108.326838,3.1986,2.8563,2.8563,2.8563,2.7580,0,0,0,-0.1367,-0.1296,0.2851,0.2851,0.4180,0,0,0,1.7401,1.6708,2.5061,2.5061,2.4592,0,0,0,-0.8008,-0.8542,1.0250,1.0250,1.0208,0,0,0,0.5876,0.5582,0.6698,0.6698,0.5789,0,0,0,-0.7134,-0.5965,-0.7158,-0.7158,-0.7382,0,0,0
8.563612,1788533108.326838,3.1986,2.8726,2.8726,2.8726,2.7586,0,0,0,-0.1367,-0.1299,0.2859,0.2859,0.4098,0,0,0,1.7401,1.6741,2.5111,2.5111,2.4604,0,0,0,-0.8008,-0.8516,1.0220,1.0220,1.0218,0,0,0,0.5876,0.5596,0.6715,0.6715,0.5838,0,0,0,-0.7134,-0.6021,-0.7225,-0.7225,-0.7367,0,0,0
8.571662,1788533108.326838,3.1986,2.8883,2.8883,2.8883,2.7606,0,0,0,-0.1367,-0.1303,0.2866,0.2866,0.3990,0,0,0,1.7401,1.6772,2.5159,2.5159,2.4623,0,0,0,-0.8008,-0.8492,1.0191,1.0191,1.0229,0,0,0,0.5876,0.5609,0.6731,0.6731,0.5904,0,0,0,-0.7134,-0.6074,-0.7289,-0.7289,-0.7346,0,0,0
8.579698,1788533108.343780,3.2690,2.9249,2.9249,2.9249,2.7639,0,0,0,-0.1640,-0.1335,0.2937,0.2937,0.3887,0,0,0,1.7130,1.6807,2.5210,2.5210,2.4645,0,0,0,-0.8007,-0.8445,1.0135,1.0135,1.0238,0,0,0,0.5576,0.5606,0.6727,0.6727,0.5970,0,0,0,-0.7485,-0.6210,-0.7452,-0.7452,-0.7327,0,0,0
8.586847,1788533108.352810,3.3153,2.9459,2.9459,2.9459,2.7686,0,0,0,-0.1841,-0.1362,0.2997,0.2997,0.3788,0,0,0,1.6946,1.6814,2.5221,2.5221,2.4672,0,0,0,-0.7903,-0.8416,1.0100,1.0100,1.0244,0,0,0,0.5382,0.5594,0.6713,0.6713,0.6034,0,0,0,-0.7444,-0.6276,-0.7531,-0.7531,-0.7311,0,0,0
8.595242,1788533108.366762,3.3153,2.9757,2.9757,2.9757,2.7730,0,0,0,-0.1841,-0.1401,0.3082,0.3082,0.3718,0,0,0,1.6946,1.6825,2.5237,2.5237,2.4693,0,0,0,-0.7903,-0.8375,1.0050,1.0050,1.0247,0,0,0,0.5382,0.5577,0.6692,0.6692,0.6081,0,0,0,-0.7444,-0.6370,-0.7644,-0.7644,-0.7301,0,0,0
8.602977,1788533108.366762,3.3153,2.9920,2.9920,2.9920,2.7801,0,0,0,-0.1841,-0.1422,0.3128,0.3128,0.3630,0,0,0,1.6946,1.6831,2.5246,2.5246,2.4725,0,0,0,-0.7903,-0.8352,1.0023,1.0023,1.0249,0,0,0,0.5382,0.5568,0.6681,0.6681,0.6141,0,0,0,-0.7444,-0.6422,-0.7706,-0.7706,-0.7294,0,0,0
8.610936,1788533108.376105,3.3707,3.0130,3.0130,3.0130,2.7887,0,0,0,-0.1761,-0.1441,0.3170,0.3170,0.3551,0,0,0,1.6614,1.6819,2.5228,2.5228,2.4758,0,0,0,-0.7849,-0.8324,0.9989,0.9989,1.0247,0,0,0,0.5318,0.5554,0.6665,0.6665,0.6198,0,0,0,-0.7056,-0.6457,-0.7748,-0.7748,-0.7293,0,0,0
8.619133,1788533108.384063,3.3707,3.0300,3.0300,3.0300,2.7987,0,0,0,-0.1761,-0.1456,0.3203,0.3203,0.3482,0,0,0,1.6614,1.6809,2.5213,2.5213,2.4793,0,0,0,-0.7849,-0.8302,0.9962,0.9962,1.0242,0,0,0,0.5318,0.5543,0.6651,0.6651,0.6251,0,0,0,-0.7056,-0.6485,-0.7782,-0.7782,-0.7298,0,0,0
8.627066,1788533108.384063,3.3707,3.0464,3.0464,3.0464,2.8100,0,0,0,-0.1761,-0.1471,0.3235,0.3235,0.3421,0,0,0,1.6614,1.6800,2.5199,2.5199,2.4827,0,0,0,-0.7849,-0.8280,0.9936,0.9936,1.0234,0,0,0,0.5318,0.5532,0.6638,0.6638,0.6300,0,0,0,-0.7056,-0.6513,-0.7815,-0.7815,-0.7310,0,0,0
8.635603,1788533108.407721,3.3707,3.0884,3.0884,3.0884,2.8193,0,0,0,-0.1761,-0.1508,0.3318,0.3318,0.3382,0,0,0,1.6614,1.6776,2.5163,2.5163,2.4853,0,0,0,-0.7849,-0.8224,0.9869,0.9869,1.0227,0,0,0,0.5318,0.5504,0.6605,0.6605,0.6334,0,0,0,-0.7056,-0.6583,-0.7900,-0.7900,-0.7322,0,0,0
8.643659,1788533108.407721,3.3707,3.1019,3.1019,3.1019,2.8325,0,0,0,-0.1761,-0.1520,0.3345,0.3345,0.3337,0,0,0,1.6614,1.6768,2.5152,2.5152,2.4886,0,0,0,-0.7849,-0.8206,0.9848,0.9848,1.0214,0,0,0,0.5318,0.5495,0.6594,0.6594,0.6375,0,0,0,-0.7056,-0.6606,-0.7927,-0.7927,-0.7342,0,0,0
8.651700,1788533108.416778,3.3707,3.1164,3.1164,3.1164,2.8465,0,0,0,-0.1761,-0.1533,0.3373,0.3373,0.3300,0,0,0,1.6614,1.6760,2.5139,2.5139,2.4917,0,0,0,-0.7849,-0.8187,0.9825,0.9825,1.0200,0,0,0,0.5318,0.5486,0.6583,0.6583,0.6412,0,0,0,-0.7056,-0.6630,-0.7956,-0.7956,-0.7366,0,0,0
8.659800,1788533108.431015,3.4448,3.1435,3.1435,3.1435,2.8617,0,0,0,-0.2323,-0.1598,0.3516,0.3516,0.3271,0,0,0,1.6585,1.6745,2.5118,2.5118,2.4946,0,0,0,-0.7258,-0.8111,0.9733,0.9733,1.0183,0,0,0,0.4805,0.5430,0.6516,0.6516,0.6444,0,0,0,-0.5461,-0.6534,-0.7841,-0.7841,-0.7394,0,0,0
8.667508,1788533108.439626,3.4448,3.1589,3.1589,3.1589,2.8777,0,0,0,-0.2323,-0.1635,0.3598,0.3598,0.3250,0,0,0,1.6585,1.6737,2.5106,2.5106,2.4972,0,0,0,-0.7258,-0.8067,0.9680,0.9680,1.0164,0,0,0,0.4805,0.5398,0.6477,0.6477,0.6472,0,0,0,-0.5461,-0.6479,-0.7775,-0.7775,-0.7426,0,0,0
8.675612,1788533108.447729,3.4448,3.1728,3.1728,3.1728,2.8944,0,0,0,-0.2323,-0.1669,0.3671,0.3671,0.3236,0,0,0,1.6585,1.6730,2.5094,2.5094,2.4996,0,0,0,-0.7258,-0.8028,0.9633,0.9633,1.0143,0,0,0,0.4805,0.5369,0.6443,0.6443,0.6495,0,0,0,-0.5461,-0.6430,-0.7715,-0.7715,-0.7459,0,0,0
8.683152,1788533108.455270,3.4448,3.1852,3.1852,3.1852,2.9074,0,0,0,-0.2323,-0.1698,0.3736,0.3736,0.3231,0,0,0,1.6585,1.6723,2.5085,2.5085,2.5011,0,0,0,-0.7258,-0.7993,0.9592,0.9592,1.0125,0,0,0,0.4805,0.5343,0.6412,0.6412,0.6510,0,0,0,-0.5461,-0.6386,-0.7663,-0.7663,-0.7484,0,0,0
8.691930,1788533108.455270,3.4448,3.1976,3.1976,3.1976,2.9252,0,0,0,-0.2323,-0.1728,0.3802,0.3802,0.3230,0,0,0,1.6585,1.6716,2.5075,2.5075,2.5029,0,0,0,-0.7258,-0.7958,0.9549,0.9549,1.0100,0,0,0,0.4805,0.5318,0.6381,0.6381,0.6525,0,0,0,-0.5461,-0.6341,-0.7610,-0.7610,-0.7515,0,0,0
8.699713,1788533108.470883,3.4448,3.2197,3.2197,3.2197,2.9435,0,0,0,-0.2323,-0.1781,0.3919,0.3919,0.3238,0,0,0,1.6585,1.6705,2.5057,2.5057,2.5045,0,0,0,-0.7258,-0.7895,0.9474,0.9474,1.0072,0,0,0,0.4805,0.5272,0.6326,0.6326,0.6535,0,0,0,-0.5461,-0.6263,-0.7515,-0.7515,-0.7542,0,0,0
8.707810,1788533108.479928,3.4448,3.2319,3.2319,3.2319,2.9621,0,0,0,-0.2323,-0.1810,0.3983,0.3983,0.3254,0,0,0,1.6585,1.6698,2.5047,2.5047,2.5057,0,0,0,-0.7258,-0.7861,0.9433,0.9433,1.0041,0,0,0,0.4805,0.5247,0.6296,0.6296,0.6541,0,0,0,-0.5461,-0.6220,-0.7464,-0.7464,-0.7565,0,0,0
8.715837,1788533108.487955,3.4448,3.2421,3.2421,3.2421,2.9811,0,0,0,-0.2323,-0.1835,0.4037,0.4037,0.3277,0,0,0,1.6585,1.6693,2.5039,2.5039,2.5067,0,0,0,-0.7258,-0.7832,0.9398,0.9398,1.0007,0,0,0,0.4805,0.5226,0.6271,0.6271,0.6542,0,0,0,-0.5461,-0.6183,-0.7420,-0.7420,-0.7583,0,0,0
8.723449,1788533108.495566,3.6517,3.2609,3.2609,3.2609,3.0002,0,0,0,-0.1052,-0.1799,0.3958,0.3958,0.3307,0,0,0,1.6304,1.6675,2.5013,2.5013,2.5074,0,0,0,-0.7268,-0.7806,0.9367,0.9367,0.9971,0,0,0,0.4212,0.5179,0.6215,0.6215,0.6538,0,0,0,-0.5718,-0.6162,-0.7394,-0.7394,-0.7595,0,0,0
8.731339,1788533108.503457,3.6517,3.2794,3.2794,3.2794,3.0194,0,0,0,-0.1052,-0.1764,0.3881,0.3881,0.3343,0,0,0,1.6304,1.6658,2.4986,2.4986,2.5080,0,0,0,-0.7268,-0.7781,0.9337,0.9337,0.9933,0,0,0,0.4212,0.5134,0.6160,0.6160,0.6531,0,0,0,-0.5718,-0.6141,-0.7369,-0.7369,-0.7601,0,0,0
8.739897,1788533108.503457,3.6517,3.2972,3.2972,3.2972,3.0337,0,0,0,-0.1052,-0.1730,0.3806,0.3806,0.3372,0,0,0,1.6304,1.6641,2.4961,2.4961,2.5082,0,0,0,-0.7268,-0.7756,0.9307,0.9307,0.9903,0,0,0,0.4212,0.5089,0.6107,0.6107,0.6523,0,0,0,-0.5718,-0.6121,-0.7345,-0.7345,-0.7603,0,0,0
8.747729,1788533108.503457,3.6517,3.3143,3.3143,3.3143,3.0480,0,0,0,-0.1052,-0.1697,0.3734,0.3734,0.3402,0,0,0,1.6304,1.6625,2.4937,2.4937,2.5083,0,0,0,-0.7268,-0.7733,0.9279,0.9279,0.9873,0,0,0,0.4212,0.5047,0.6057,0.6057,0.6513,0,0,0,-0.5718,-0.6101,-0.7322,-0.7322,-0.7602,0,0,0
8.756149,1788533108.520878,3.7005,3.3525,3.3525,3.3525,3.0717,0,0,0,-0.1288,-0.1657,0.3646,0.3646,0.3451,0,0,0,1.6196,1.6582,2.4873,2.4873,2.5083,0,0,0,-0.7570,-0.7717,0.9260,0.9260,0.9822,0,0,0,0.4704,0.5014,0.6016,0.6016,0.6492,0,0,0,-0.5089,-0.6002,-0.7202,-0.7202,-0.7596,0,0,0
8.764080,1788533108.520878,3.7005,3.3692,3.3692,3.3692,3.0906,0,0,0,-0.1288,-0.1639,0.3607,0.3607,0.3487,0,0,0,1.6196,1.6564,2.4846,2.4846,2.5080,0,0,0,-0.7570,-0.7710,0.9252,0.9252,0.9781,0,0,0,0.4704,0.4999,0.5999,0.5999,0.6471,0,0,0,-0.5089,-0.5958,-0.7149,-0.7149,-0.7587,0,0,0
8.771694,1788533108.520878,3.7005,3.3851,3.3851,3.3851,3.1096,0,0,0,-0.1288,-0.1623,0.3570,0.3570,0.3518,0,0,0,1.6196,1.6546,2.4819,2.4819,2.5074,0,0,0,-0.7570,-0.7703,0.9244,0.9244,0.9740,0,0,0,0.4704,0.4985,0.5982,0.5982,0.6448,0,0,0,-0.5089,-0.5916,-0.7100,-0.7100,-0.7574,0,0,0
8.779404,1788533108.551522,3.7005,3.4361,3.4361,3.4361,3.1289,0,0,0,-0.1288,-0.1569,0.3451,0.3451,0.3545,0,0,0,1.6196,1.6490,2.4734,2.4734,2.5066,0,0,0,-0.7570,-0.7682,0.9218,0.9218,0.9699,0,0,0,0.4704,0.4939,0.5927,0.5927,0.6422,0,0,0,-0.5089,-0.5783,-0.6939,-0.6939,-0.7557,0,0,0
8.787954,1788533108.560071,3.8250,3.4560,3.4560,3.4560,3.1434,0,0,0,-0.2785,-0.1631,0.3587,0.3587,0.3561,0,0,0,1.6519,1.6491,2.4737,2.4737,2.5059,0,0,0,-0.7375,-0.7666,0.9199,0.9199,0.9670,0,0,0,0.4796,0.4932,0.5918,0.5918,0.6401,0,0,0,-0.6316,-0.5810,-0.6972,-0.6972,-0.7542,0,0,0
8.794946,1788533108.560071,3.8250,3.4737,3.4737,3.4737,3.1629,0,0,0,-0.2785,-0.1686,0.3709,0.3709,0.3579,0,0,0,1.6519,1.6492,2.4739,2.4739,2.5047,0,0,0,-0.7375,-0.7652,0.9182,0.9182,0.9631,0,0,0,0.4796,0.4926,0.5911,0.5911,0.6372,0,0,0,-0.6316,-0.5834,-0.7001,-0.7001,-0.7518,0,0,0
8.803560,1788533108.568632,3.8250,3.4917,3.4917,3.4917,3.1830,0,0,0,-0.2785,-0.1742,0.3832,0.3832,0.3591,0,0,0,1.6519,1.6494,2.4741,2.4741,2.5032,0,0,0,-0.7375,-0.7638,0.9165,0.9165,0.9593,0,0,0,0.4796,0.4919,0.5903,0.5903,0.6341,0,0,0,-0.6316,-0.5859,-0.7030,-0.7030,-0.7490,0,0,0
8.810928,1788533108.568632,3.8250,3.5077,3.5077,3.5077,3.2035,0,0,0,-0.2785,-0.1792,0.3942,0.3942,0.3601,0,0,0,1.6519,1.6495,2.4743,2.4743,2.5015,0,0,0,-0.7375,-0.7625,0.9150,0.9150,0.9557,0,0,0,0.4796,0.4913,0.5896,0.5896,0.6310,0,0,0,-0.6316,-0.5881,-0.7057,-0.7057,-0.7459,0,0,0
8.820154,1788533108.584616,3.8250,3.5368,3.5368,3.5368,3.2244,0,0,0,-0.2785,-0.1883,0.4142,0.4142,0.3611,0,0,0,1.6519,1.6497,2.4746,2.4746,2.4997,0,0,0,-0.7375,-0.7602,0.9123,0.9123,0.9522,0,0,0,0.4796,0.4902,0.5883,0.5883,0.6278,0,0,0,-0.6316,-0.5920,-0.7104,-0.7104,-0.7426,0,0,0
8.827572,1788533108.584616,3.8250,3.5506,3.5506,3.5506,3.2401,0,0,0,-0.2785,-0.1926,0.4237,0.4237,0.3620,0,0,0,1.6519,1.6498,2.4747,2.4747,2.4983,0,0,0,-0.7375,-0.7592,0.9110,0.9110,0.9497,0,0,0,0.4796,0.4897,0.5877,0.5877,0.6255,0,0,0,-0.6316,-0.5939,-0.7127,-0.7127,-0.7402,0,0,0
8.835348,1788533108.584616,3.8250,3.5638,3.5638,3.5638,3.2612,0,0,0,-0.2785,-0.1967,0.4327,0.4327,0.3635,0,0,0,1.6519,1.6499,2.4749,2.4749,2.4965,0,0,0,-0.7375,-0.7581,0.9097,0.9097,0.9464,0,0,0,0.4796,0.4892,0.5871,0.5871,0.6224,0,0,0,-0.6316,-0.5957,-0.7149,-0.7149,-0.7371,0,0,0
8.844005,1788533108.608514,3.8250,3.5980,3.5980,3.5980,3.2824,0,0,0,-0.2785,-0.2074,0.4562,0.4562,0.3655,0,0,0,1.6519,1.6502,2.4753,2.4753,2.4946,0,0,0,-0.7375,-0.7554,0.9065,0.9065,0.9433,0,0,0,0.4796,0.4880,0.5856,0.5856,0.6194,0,0,0,-0.6316,-0.6004,-0.7205,-0.7205,-0.7342,0,0,0
8.852021,1788533108.608514,3.8250,3.6089,3.6089,3.6089,3.3037,0,0,0,-0.2785,-0.2108,0.4637,0.4637,0.3680,0,0,0,1.6519,1.6503,2.4754,2.4754,2.4929,0,0,0,-0.7375,-0.7546,0.9055,0.9055,0.9403,0,0,0,0.4796,0.4876,0.5851,0.5851,0.6166,0,0,0,-0.6316,-0.6019,-0.7223,-0.7223,-0.7316,0,0,0
8.860134,1788533108.608514,3.8250,3.6192,3.6192,3.6192,3.3247,0,0,0,-0.2785,-0.2140,0.4708,0.4708,0.3711,0,0,0,1.6519,1.6503,2.4755,2.4755,2.4912,0,0,0,-0.7375,-0.7537,0.9045,0.9045,0.9374,0,0,0,0.4796,0.4872,0.5846,0.5846,0.6138,0,0,0,-0.6316,-0.6033,-0.7240,-0.7240,-0.7292,0,0,0
8.868294,1788533108.632761,3.9803,3.6671,3.6671,3.6671,3.3460,0,0,0,-0.4067,-0.2395,0.5269,0.5269,0.3750,0,0,0,1.6875,1.6553,2.4829,2.4829,2.4896,0,0,0,-0.6788,-0.7438,0.8926,0.8926,0.9346,0,0,0,0.4251,0.4790,0.5748,0.5748,0.6111,0,0,0,-0.7138,-0.6179,-0.7415,-0.7415,-0.7272,0,0,0
8.875818,1788533108.632761,3.9803,3.6821,3.6821,3.6821,3.3674,0,0,0,-0.4067,-0.2475,0.5445,0.5445,0.3799,0,0,0,1.6875,1.6568,2.4852,2.4852,2.4881,0,0,0,-0.6788,-0.7407,0.8889,0.8889,0.9319,0,0,0,0.4251,0.4764,0.5717,0.5717,0.6086,0,0,0,-0.7138,-0.6225,-0.7470,-0.7470,-0.7256,0,0,0
8.884172,1788533108.632761,3.9803,3.6964,3.6964,3.6964,3.3893,0,0,0,-0.4067,-0.2551,0.5613,0.5613,0.3861,0,0,0,1.6875,1.6583,2.4874,2.4874,2.4868,0,0,0,-0.6788,-0.7378,0.8853,0.8853,0.9291,0,0,0,0.4251,0.4740,0.5687,0.5687,0.6060,0,0,0,-0.7138,-0.6269,-0.7523,-0.7523,-0.7246,0,0,0
8.892199,1788533108.656290,3.9803,3.7331,3.7331,3.7331,3.4116,0,0,0,-0.4067,-0.2747,0.6043,0.6043,0.3937,0,0,0,1.6875,1.6620,2.4930,2.4930,2.4858,0,0,0,-0.6788,-0.7302,0.8762,0.8762,0.9262,0,0,0,0.4251,0.4677,0.5612,0.5612,0.6034,0,0,0,-0.7138,-0.6381,-0.7657,-0.7657,-0.7242,0,0,0
8.899788,1788533108.671906,3.9803,3.7552,3.7552,3.7552,3.4339,0,0,0,-0.4067,-0.2865,0.6302,0.6302,0.4027,0,0,0,1.6875,1.6643,2.4965,2.4965,2.4850,0,0,0,-0.6788,-0.7256,0.8707,0.8707,0.9232,0,0,0,0.4251,0.4639,0.5566,0.5566,0.6007,0,0,0,-0.7138,-0.6449,-0.7738,-0.7738,-0.7244,0,0,0
8.908350,1788533108.679553,3.9803,3.7656,3.7656,3.7656,3.4509,0,0,0,-0.4067,-0.2920,0.6424,0.6424,0.4104,0,0,0,1.6875,1.6654,2.4981,2.4981,2.4846,0,0,0,-0.6788,-0.7234,0.8681,0.8681,0.9209,0,0,0,0.4251,0.4621,0.5545,0.5545,0.5987,0,0,0,-0.7138,-0.6480,-0.7776,-0.7776,-0.7250,0,0,0
8.916030,1788533108.679553,3.9803,3.7759,3.7759,3.7759,3.4738,0,0,0,-0.4067,-0.2975,0.6545,0.6545,0.4219,0,0,0,1.6875,1.6664,2.4996,2.4996,2.4844,0,0,0,-0.6788,-0.7213,0.8655,0.8655,0.9176,0,0,0,0.4251,0.4603,0.5524,0.5524,0.5958,0,0,0,-0.7138,-0.6512,-0.7814,-0.7814,-0.7264,0,0,0
8.924067,1788533108.679553,3.9803,3.7857,3.7857,3.7857,3.4967,0,0,0,-0.4067,-0.3027,0.6660,0.6660,0.4347,0,0,0,1.6875,1.6674,2.5012,2.5012,2.4845,0,0,0,-0.6788,-0.7193,0.8631,0.8631,0.9142,0,0,0,0.4251,0.4586,0.5503,0.5503,0.5929,0,0,0,-0.7138,-0.6542,-0.7850,-0.7850,-0.7283,0,0,0
8.932171,1788533108.679553,3.9803,3.7950,3.7950,3.7950,3.5194,0,0,0,-0.4067,-0.3077,0.6769,0.6769,0.4485,0,0,0,1.6875,1.6684,2.5026,2.5026,2.4848,0,0,0,-0.6788,-0.7173,0.8608,0.8608,0.9107,0,0,0,0.4251,0.4570,0.5484,0.5484,0.5899,0,0,0,-0.7138,-0.6570,-0.7884,-0.7884,-0.7307,0,0,0
8.940289,1788533108.679553,3.9803,3.8039,3.8039,3.8039,3.5417,0,0,0,-0.4067,-0.3124,0.6874,0.6874,0.4631,0,0,0,1.6875,1.6693,2.5040,2.5040,2.4853,0,0,0,-0.6788,-0.7155,0.8586,0.8586,0.9072,0,0,0,0.4251,0.4555,0.5466,0.5466,0.5869,0,0,0,-0.7138,-0.6597,-0.7917,-0.7917,-0.7335,0,0,0
8.948293,1788533108.712406,4.2284,3.8767,3.8767,3.8767,3.5636,0,0,0,-0.1237,-0.2801,0.6163,0.6163,0.4781,0,0,0,1.7473,1.6827,2.5240,2.5240,2.4860,0,0,0,-0.6374,-0.7021,0.8425,0.8425,0.9036,0,0,0,0.4202,0.4494,0.5393,0.5393,0.5839,0,0,0,-0.8642,-0.6947,-0.8337,-0.8337,-0.7367,0,0,0
8.956388,1788533108.728506,4.2756,3.9135,3.9135,3.9135,3.5848,0,0,0,-0.1542,-0.2686,0.5908,0.5908,0.4934,0,0,0,1.7620,1.6899,2.5349,2.5349,2.4868,0,0,0,-0.5954,-0.6923,0.8308,0.8308,0.9000,0,0,0,0.4485,0.4494,0.5392,0.5392,0.5809,0,0,0,-0.8815,-0.7119,-0.8543,-0.8543,-0.7401,0,0,0
8.963907,1788533108.728506,4.2756,3.9308,3.9308,3.9308,3.6062,0,0,0,-0.1542,-0.2631,0.5788,0.5788,0.5078,0,0,0,1.7620,1.6934,2.5401,2.5401,2.4881,0,0,0,-0.5954,-0.6877,0.8252,0.8252,0.8963,0,0,0,0.4485,0.4493,0.5392,0.5392,0.5779,0,0,0,-0.8815,-0.7200,-0.8640,-0.8640,-0.7442,0,0,0
8.972433,1788533108.737535,4.2756,3.9494,3.9494,3.9494,3.6225,0,0,0,-0.1542,-0.2572,0.5659,0.5659,0.5177,0,0,0,1.7620,1.6971,2.5456,2.5456,2.4893,0,0,0,-0.5954,-0.6827,0.8192,0.8192,0.8933,0,0,0,0.4485,0.4493,0.5391,0.5391,0.5756,0,0,0,-0.8815,-0.7287,-0.8744,-0.8744,-0.7479,0,0,0
8.979858,1788533108.745552,4.2756,3.9651,3.9651,3.9651,3.6447,0,0,0,-0.1542,-0.2523,0.5550,0.5550,0.5293,0,0,0,1.7620,1.7002,2.5503,2.5503,2.4914,0,0,0,-0.5954,-0.6785,0.8142,0.8142,0.8891,0,0,0,0.4485,0.4492,0.5391,0.5391,0.5726,0,0,0,-0.8815,-0.7360,-0.8832,-0.8832,-0.7536,0,0,0
8.987850,1788533108.752978,4.2741,3.9789,3.9789,3.9789,3.6672,0,0,0,-0.2436,-0.2519,0.5542,0.5542,0.5391,0,0,0,1.7154,1.7009,2.5513,2.5513,2.4939,0,0,0,-0.5763,-0.6740,0.8088,0.8088,0.8847,0,0,0,0.4391,0.4488,0.5385,0.5385,0.5696,0,0,0,-0.9430,-0.7453,-0.8943,-0.8943,-0.7600,0,0,0
8.996564,1788533108.760969,4.2741,3.9931,3.9931,3.9931,3.6898,0,0,0,-0.2436,-0.2515,0.5533,0.5533,0.5471,0,0,0,1.7154,1.7016,2.5524,2.5524,2.4968,0,0,0,-0.5763,-0.6693,0.8031,0.8031,0.8800,0,0,0,0.4391,0.4483,0.5380,0.5380,0.5668,0,0,0,-0.9430,-0.7547,-0.9057,-0.9057,-0.7671,0,0,0
9.004233,1788533108.776350,4.2741,4.0179,4.0179,4.0179,3.7067,0,0,0,-0.2436,-0.2508,0.5518,0.5518,0.5520,0,0,0,1.7154,1.7028,2.5542,2.5542,2.4992,0,0,0,-0.5763,-0.6611,0.7933,0.7933,0.8764,0,0,0,0.4391,0.4475,0.5370,0.5370,0.5648,0,0,0,-0.9430,-0.7713,-0.9256,-0.9256,-0.7728,0,0,0
9.012223,1788533108.776350,4.2741,4.0302,4.0302,4.0302,3.7292,0,0,0,-0.2436,-0.2505,0.5510,0.5510,0.5574,0,0,0,1.7154,1.7034,2.5551,2.5551,2.5026,0,0,0,-0.5763,-0.6570,0.7884,0.7884,0.8715,0,0,0,0.4391,0.4471,0.5365,0.5365,0.5622,0,0,0,-0.9430,-0.7796,-0.9355,-0.9355,-0.7809,0,0,0
9.019916,1788533108.792034,4.2202,4.0473,4.0473,4.0473,3.7515,0,0,0,-0.1360,-0.2402,0.5284,0.5284,0.5615,0,0,0,1.6724,1.7006,2.5509,2.5509,2.5061,0,0,0,-0.6056,-0.6524,0.7829,0.7829,0.8664,0,0,0,0.4867,0.4507,0.5408,0.5408,0.5597,0,0,0,-0.8924,-0.7897,-0.9476,-0.9476,-0.7894,0,0,0
9.028242,1788533108.792034,4.2202,4.0556,4.0556,4.0556,3.7736,0,0,0,-0.1360,-0.2352,0.5175,0.5175,0.5645,0,0,0,1.6724,1.6993,2.5489,2.5489,2.5097,0,0,0,-0.6056,-0.6502,0.7802,0.7802,0.8611,0,0,0,0.4867,0.4524,0.5429,0.5429,0.5574,0,0,0,-0.8924,-0.7946,-0.9535,-0.9535,-0.7985,0,0,0
9.036681,1788533108.792034,4.2202,4.0635,4.0635,4.0635,3.7954,0,0,0,-0.1360,-0.2305,0.5070,0.5070,0.5665,0,0,0,1.6724,1.6980,2.5470,2.5470,2.5132,0,0,0,-0.6056,-0.6480,0.7776,0.7776,0.8557,0,0,0,0.4867,0.4540,0.5448,0.5448,0.5552,0,0,0,-0.8924,-0.7993,-0.9592,-0.9592,-0.8081,0,0,0
9.044728,1788533108.808798,4.2202,4.0785,4.0785,4.0785,3.8115,0,0,0,-0.1360,-0.2215,0.4872,0.4872,0.5673,0,0,0,1.6724,1.6955,2.5433,2.5433,2.5158,0,0,0,-0.6056,-0.6440,0.7728,0.7728,0.8516,0,0,0,0.4867,0.4571,0.5486,0.5486,0.5538,0,0,0,-0.8924,-0.8082,-0.9698,-0.9698,-0.8155,0,0,0
9.052255,1788533108.824373,4.2202,4.0911,4.0911,4.0911,3.8327,0,0,0,-0.1360,-0.2138,0.4704,0.4704,0.5674,0,0,0,1.6724,1.6935,2.5402,2.5402,2.5192,0,0,0,-0.6056,-0.6406,0.7687,0.7687,0.8460,0,0,0,0.4867,0.4598,0.5517,0.5517,0.5520,0,0,0,-0.8924,-0.8157,-0.9788,-0.9788,-0.8256,0,0,0
9.059898,1788533108.824373,4.2202,4.0973,4.0973,4.0973,3.8532,0,0,0,-0.1360,-0.2101,0.4622,0.4622,0.5663,0,0,0,1.6724,1.6925,2.5387,2.5387,2.5222,0,0,0,-0.6056,-0.6389,0.7667,0.7667,0.8405,0,0,0,0.4867,0.4611,0.5533,0.5533,0.5505,0,0,0,-0.8924,-0.8194,-0.9832,-0.9832,-0.8358,0,0,0
9.068285,1788533108.840402,4.1903,4.1058,4.1058,4.1058,3.8732,0,0,0,-0.7564,-0.2601,0.5722,0.5722,0.5641,0,0,0,1.7059,1.6937,2.5405,2.5405,2.5250,0,0,0,-0.5314,-0.6290,0.7549,0.7549,0.8350,0,0,0,0.5741,0.4714,0.5657,0.5657,0.5493,0,0,0,-1.0946,-0.8446,-1.0135,-1.0135,-0.8461,0,0,0
9.075969,1788533108.840402,4.1903,4.1099,4.1099,4.1099,3.8877,0,0,0,-0.7564,-0.2839,0.6245,0.6245,0.5618,0,0,0,1.7059,1.6943,2.5414,2.5414,2.5268,0,0,0,-0.5314,-0.6244,0.7492,0.7492,0.8309,0,0,0,0.5741,0.4763,0.5716,0.5716,0.5486,0,0,0,-1.0946,-0.8566,-1.0279,-1.0279,-0.8539,0,0,0
9.083982,1788533108.849016,4.1903,4.1140,4.1140,4.1140,3.9066,0,0,0,-0.7564,-0.3082,0.6779,0.6779,0.5579,0,0,0,1.7059,1.6949,2.5423,2.5423,2.5290,0,0,0,-0.5314,-0.6196,0.7435,0.7435,0.8255,0,0,0,0.5741,0.4813,0.5776,0.5776,0.5480,0,0,0,-1.0946,-0.8688,-1.0426,-1.0426,-0.8643,0,0,0
9.092268,1788533108.849016,4.1903,4.1177,4.1177,4.1177,3.9249,0,0,0,-0.7564,-0.3296,0.7252,0.7252,0.5551,0,0,0,1.7059,1.6954,2.5431,2.5431,2.5309,0,0,0,-0.5314,-0.6154,0.7384,0.7384,0.8201,0,0,0,0.5741,0.4858,0.5829,0.5829,0.5478,0,0,0,-1.0946,-0.8796,-1.0555,-1.0555,-0.8750,0,0,0
9.100794,1788533108.865383,4.0229,4.1088,4.1088,4.1088,3.9424,0,0,0,-0.9336,-0.3860,0.8492,0.8492,0.5548,0,0,0,1.7242,1.6981,2.5471,2.5471,2.5326,0,0,0,-0.4003,-0.5953,0.7144,0.7144,0.8145,0,0,0,0.5695,0.4936,0.5923,0.5923,0.5481,0,0,0,-1.2268,-0.9120,-1.0945,-1.0945,-0.8862,0,0,0
9.108331,1788533108.865383,4.0229,4.1047,4.1047,4.1047,3.9592,0,0,0,-0.9336,-0.4123,0.9070,0.9070,0.5574,0,0,0,1.7242,1.6993,2.5490,2.5490,2.5341,0,0,0,-0.4003,-0.5860,0.7032,0.7032,0.8088,0,0,0,0.5695,0.4972,0.5967,0.5967,0.5489,0,0,0,-1.2268,-0.9271,-1.1126,-1.1126,-0.8979,0,0,0
9.116852,1788533108.888049,3.9494,4.0853,4.0853,4.0853,3.9749,0,0,0,-1.1622,-0.5059,1.1130,1.1130,0.5638,0,0,0,1.6722,1.6960,2.5439,2.5439,2.5355,0,0,0,-0.4848,-0.5733,0.6880,0.6880,0.8029,0,0,0,0.5990,0.5099,0.6119,0.6119,0.5503,0,0,0,-1.3417,-0.9789,-1.1747,-1.1747,-0.9103,0,0,0
9.124860,1788533108.888049,3.9494,4.0788,4.0788,4.0788,3.9859,0,0,0,-1.1622,-0.5374,1.1823,1.1823,0.5715,0,0,0,1.6722,1.6948,2.5422,2.5422,2.5365,0,0,0,-0.4848,-0.5691,0.6829,0.6829,0.7982,0,0,0,0.5990,0.5142,0.6170,0.6170,0.5516,0,0,0,-1.3417,-0.9963,-1.1955,-1.1955,-0.9200,0,0,0
9.132491,1788533108.888049,3.9494,4.0726,4.0726,4.0726,3.9995,0,0,0,-1.1622,-0.5674,1.2483,1.2483,0.5867,0,0,0,1.6722,1.6937,2.5406,2.5406,2.5377,0,0,0,-0.4848,-0.5651,0.6781,0.6781,0.7915,0,0,0,0.5990,0.5182,0.6219,0.6219,0.5539,0,0,0,-1.3417,-1.0129,-1.2154,-1.2154,-0.9340,0,0,0
9.140193,1788533108.888049,3.9494,4.0667,4.0667,4.0667,4.0115,0,0,0,-1.1622,-0.5959,1.3111,1.3111,0.6083,0,0,0,1.6722,1.6927,2.5391,2.5391,2.5387,0,0,0,-0.4848,-0.5612,0.6735,0.6735,0.7845,0,0,0,0.5990,0.5221,0.6265,0.6265,0.5567,0,0,0,-1.3417,-1.0286,-1.2344,-1.2344,-0.9493,0,0,0
9.148221,1788533108.913249,3.8951,4.0432,4.0432,4.0432,4.0220,0,0,0,-2.0020,-0.7887,1.7352,1.7352,0.6357,0,0,0,1.6992,1.6936,2.5404,2.5404,2.5396,0,0,0,-0.4352,-0.5440,0.6528,0.6528,0.7771,0,0,0,0.5796,0.5300,0.6360,0.6360,0.5601,0,0,0,-1.3148,-1.0678,-1.2814,-1.2814,-0.9657,0,0,0
9.156500,1788533108.928617,3.8795,4.0288,4.0288,4.0288,4.0311,0,0,0,-2.1163,-0.9061,1.9934,1.9934,0.6684,0,0,0,1.6312,1.6881,2.5321,2.5321,2.5402,0,0,0,-0.4080,-0.5320,0.6384,0.6384,0.7696,0,0,0,0.5527,0.5320,0.6384,0.6384,0.5638,0,0,0,-1.3337,-1.0913,-1.3095,-1.3095,-0.9831,0,0,0
9.164586,1788533108.928617,3.8795,4.0217,4.0217,4.0217,4.0368,0,0,0,-2.1163,-0.9643,2.1214,2.1214,0.6978,0,0,0,1.6312,1.6854,2.5281,2.5281,2.5406,0,0,0,-0.4080,-0.5261,0.6313,0.6313,0.7639,0,0,0,0.5527,0.5330,0.6396,0.6396,0.5668,0,0,0,-1.3337,-1.1029,-1.3235,-1.3235,-0.9967,0,0,0
9.172909,1788533108.937698,3.8731,4.0136,4.0136,4.0136,4.0431,0,0,0,-2.4845,-1.0468,2.3029,2.3029,0.7464,0,0,0,1.7064,1.6865,2.5298,2.5298,2.5410,0,0,0,-0.3696,-0.5176,0.6211,0.6211,0.7559,0,0,0,0.5862,0.5358,0.6430,0.6430,0.5711,0,0,0,-1.3296,-1.1152,-1.3382,-1.3382,-1.0159,0,0,0
9.181008,1788533108.945027,3.8731,4.0075,4.0075,4.0075,4.0477,0,0,0,-2.4845,-1.1105,2.4430,2.4430,0.8065,0,0,0,1.7064,1.6874,2.5311,2.5311,2.5412,0,0,0,-0.3696,-0.5111,0.6133,0.6133,0.7476,0,0,0,0.5862,0.5381,0.6457,0.6457,0.5756,0,0,0,-1.3296,-1.1246,-1.3496,-1.3496,-1.0360,0,0,0
9.188563,1788533108.953671,3.8731,4.0005,4.0005,4.0005,4.0501,0,0,0,-2.4845,-1.1817,2.5998,2.5998,0.8585,0,0,0,1.7064,1.6884,2.5325,2.5325,2.5411,0,0,0,-0.3696,-0.5038,0.6045,0.6045,0.7413,0,0,0,0.5862,0.5405,0.6486,0.6486,0.5791,0,0,0,-1.3296,-1.1352,-1.3623,-1.3623,-1.0516,0,0,0
9.196671,1788533108.953671,3.8731,3.9944,3.9944,3.9944,4.0526,0,0,0,-2.4845,-1.2445,2.7380,2.7380,0.9571,0,0,0,1.7064,1.6892,2.5338,2.5338,2.5408,0,0,0,-0.3696,-0.4974,0.5968,0.5968,0.7304,0,0,0,0.5862,0.5427,0.6513,0.6513,0.5851,0,0,0,-1.3296,-1.1445,-1.3734,-1.3734,-1.0780,0,0,0
9.204761,1788533108.969885,3.8731,3.9832,3.9832,3.9832,4.0532,0,0,0,-2.4845,-1.3600,2.9920,2.9920,1.0446,0,0,0,1.7064,1.6908,2.5362,2.5362,2.5404,0,0,0,-0.3696,-0.4855,0.5826,0.5826,0.7216,0,0,0,0.5862,0.5467,0.6561,0.6561,0.5898,0,0,0,-1.3296,-1.1617,-1.3940,-1.3940,-1.0992,0,0,0
9.212791,1788533108.978483,3.8731,3.9776,3.9776,3.9776,4.0530,0,0,0,-2.4845,-1.4181,3.1198,3.1198,1.1157,0,0,0,1.7064,1.6916,2.5374,2.5374,2.5400,0,0,0,-0.3696,-0.4796,0.5755,0.5755,0.7149,0,0,0,0.5862,0.5488,0.6585,0.6585,0.5934,0,0,0,-1.3296,-1.1703,-1.4044,-1.4044,-1.1151,0,0,0
9.220876,1788533108.978483,3.8731,3.9726,3.9726,3.9726,4.0518,0,0,0,-2.4845,-1.4696,3.2330,3.2330,1.2176,0,0,0,1.7064,1.6923,2.5385,2.5385,2.5396,0,0,0,-0.3696,-0.4743,0.5692,0.5692,0.7058,0,0,0,0.5862,0.5506,0.6607,0.6607,0.5981,0,0,0,-1.3296,-1.1779,-1.4135,-1.4135,-1.1362,0,0,0
9.228881,1788533108.994035,3.8731,3.9637,3.9637,3.9637,4.0498,0,0,0,-2.4845,-1.5606,3.4334,3.4334,1.3277,0,0,0,1.7064,1.6936,2.5404,2.5404,2.5392,0,0,0,-0.3696,-0.4650,0.5580,0.5580,0.6966,0,0,0,0.5862,0.5537,0.6645,0.6645,0.6028,0,0,0,-1.3296,-1.1915,-1.4298,-1.4298,-1.1572,0,0,0
9.237246,1788533109.001917,3.9326,3.9622,3.9622,3.9622,4.0469,0,0,0,-4.5324,-1.7022,3.7449,3.7449,1.4449,0,0,0,1.5788,1.6882,2.5322,2.5322,2.5388,0,0,0,-0.4179,-0.4628,0.5553,0.5553,0.6873,0,0,0,0.6804,0.5597,0.6717,0.6717,0.6075,0,0,0,-1.3924,-1.2010,-1.4412,-1.4412,-1.1778,0,0,0
9.244239,1788533109.009363,3.9326,3.9609,3.9609,3.9609,4.0433,0,0,0,-4.5324,-1.8302,4.0264,4.0264,1.5679,0,0,0,1.5788,1.6833,2.5249,2.5249,2.5385,0,0,0,-0.4179,-0.4607,0.5529,0.5529,0.6780,0,0,0,0.6804,0.5651,0.6781,0.6781,0.6120,0,0,0,-1.3924,-1.2096,-1.4515,-1.4515,-1.1981,0,0,0
9.252771,1788533109.009363,3.9326,3.9596,3.9596,3.9596,4.0391,0,0,0,-4.5324,-1.9612,4.3146,4.3146,1.6968,0,0,0,1.5788,1.6783,2.5174,2.5174,2.5383,0,0,0,-0.4179,-0.4587,0.5504,0.5504,0.6686,0,0,0,0.6804,0.5706,0.6848,0.6848,0.6165,0,0,0,-1.3924,-1.2183,-1.4620,-1.4620,-1.2180,0,0,0
9.260820,1788533109.032937,3.9326,3.9561,3.9561,3.9561,4.0357,0,0,0,-4.7893,-2.3303,5.1267,5.1267,1.7982,0,0,0,1.5788,1.6654,2.4982,2.4982,2.5381,0,0,0,-0.4179,-0.4534,0.5441,0.5441,0.6617,0,0,0,0.6879,0.5858,0.7029,0.7029,0.6199,0,0,0,-1.4280,-1.2454,-1.4945,-1.4945,-1.2326,0,0,0
9.268822,1788533109.032937,3.9326,3.9550,3.9550,3.9550,4.0309,0,0,0,-4.7893,-2.4497,5.3893,5.3893,1.9415,0,0,0,1.5788,1.6613,2.4919,2.4919,2.5377,0,0,0,-0.4179,-0.4517,0.5421,0.5421,0.6525,0,0,0,0.6879,0.5907,0.7088,0.7088,0.6243,0,0,0,-1.4280,-1.2542,-1.5050,-1.5050,-1.2517,0,0,0
9.276731,1788533109.042023,3.9326,3.9537,3.9537,3.9537,4.0259,0,0,0,-4.7893,-2.5779,5.6714,5.6714,2.1029,0,0,0,1.5788,1.6568,2.4852,2.4852,2.5369,0,0,0,-0.4179,-0.4499,0.5399,0.5399,0.6435,0,0,0,0.6879,0.5959,0.7151,0.7151,0.6291,0,0,0,-1.4280,-1.2636,-1.5163,-1.5163,-1.2706,0,0,0
9.285274,1788533109.042023,3.9326,3.9527,3.9527,3.9527,4.0207,0,0,0,-4.7893,-2.6854,5.9079,5.9079,2.2851,0,0,0,1.5788,1.6531,2.4796,2.4796,2.5354,0,0,0,-0.4179,-0.4484,0.5380,0.5380,0.6347,0,0,0,0.6879,0.6003,0.7204,0.7204,0.6342,0,0,0,-1.4280,-1.2715,-1.5258,-1.5258,-1.2894,0,0,0
9.292734,1788533109.064851,4.1388,3.9761,3.9761,3.9761,4.0155,0,0,0,-6.0545,-3.1142,6.8512,6.8512,2.4850,0,0,0,1.7824,1.6693,2.5040,2.5040,2.5335,0,0,0,-0.3595,-0.4372,0.5247,0.5247,0.6261,0,0,0,0.8508,0.6318,0.7581,0.7581,0.6395,0,0,0,-1.5183,-1.3025,-1.5630,-1.5630,-1.3080,0,0,0
9.300556,1788533109.064851,4.1388,3.9839,3.9839,3.9839,4.0116,0,0,0,-6.0545,-3.2573,7.1661,7.1661,2.6434,0,0,0,1.7824,1.6747,2.5121,2.5121,2.5318,0,0,0,-0.3595,-0.4335,0.5202,0.5202,0.6200,0,0,0,0.8508,0.6423,0.7707,0.7707,0.6436,0,0,0,-1.5183,-1.3128,-1.5754,-1.5754,-1.3217,0,0,0
9.309147,1788533109.064851,4.1388,3.9913,3.9913,3.9913,4.0068,0,0,0,-6.0545,-3.3936,7.4660,7.4660,2.8701,0,0,0,1.7824,1.6799,2.5198,2.5198,2.5293,0,0,0,-0.3595,-0.4299,0.5159,0.5159,0.6120,0,0,0,0.8508,0.6522,0.7827,0.7827,0.6495,0,0,0,-1.5183,-1.3227,-1.5872,-1.5872,-1.3398,0,0,0
9.317137,1788533109.081265,4.3313,4.0231,4.0231,4.0231,4.0025,0,0,0,-6.9932,-3.7362,8.2197,8.2197,3.1191,0,0,0,1.8555,1.6963,2.5445,2.5445,2.5270,0,0,0,-0.3335,-0.4209,0.5051,0.5051,0.6042,0,0,0,0.8447,0.6703,0.8043,0.8043,0.6561,0,0,0,-1.5105,-1.3403,-1.6083,-1.6083,-1.3579,0,0,0
9.324820,1788533109.089871,4.3313,4.0389,4.0389,4.0389,3.9989,0,0,0,-6.9932,-3.9067,8.5947,8.5947,3.3868,0,0,0,1.8555,1.7045,2.5567,2.5567,2.5251,0,0,0,-0.3335,-0.4164,0.4997,0.4997,0.5966,0,0,0,0.8447,0.6792,0.8151,0.8151,0.6633,0,0,0,-1.5105,-1.3490,-1.6188,-1.6188,-1.3759,0,0,0
9.332749,1788533109.097868,4.3081,4.0518,4.0518,4.0518,3.9968,0,0,0,-7.9037,-4.1021,9.0247,9.0247,3.6001,0,0,0,1.7966,1.7089,2.5633,2.5633,2.5239,0,0,0,-0.4641,-0.4187,0.5025,0.5025,0.5910,0,0,0,0.9215,0.6908,0.8290,0.8290,0.6692,0,0,0,-1.7110,-1.3664,-1.6397,-1.6397,-1.3894,0,0,0
9.340799,1788533109.097868,4.3081,4.0641,4.0641,4.0641,3.9950,0,0,0,-7.9037,-4.2884,9.4344,9.4344,3.9019,0,0,0,1.7966,1.7131,2.5696,2.5696,2.5231,0,0,0,-0.4641,-0.4209,0.5051,0.5051,0.5837,0,0,0,0.9215,0.7019,0.8423,0.8423,0.6777,0,0,0,-1.7110,-1.3829,-1.6595,-1.6595,-1.4073,0,0,0
9.348579,1788533109.113945,4.3081,4.0865,4.0865,4.0865,3.9944,0,0,0,-7.9037,-4.6276,10.1808,10.1808,4.2213,0,0,0,1.7966,1.7207,2.5811,2.5811,2.5230,0,0,0,-0.4641,-0.4249,0.5098,0.5098,0.5765,0,0,0,0.9215,0.7221,0.8665,0.8665,0.6867,0,0,0,-1.7110,-1.4131,-1.6957,-1.6957,-1.4251,0,0,0
9.357019,1788533109.121619,4.0466,4.0846,4.0846,4.0846,3.9949,0,0,0,-8.9665,-4.8324,10.6312,10.6312,4.5543,0,0,0,2.0728,1.7369,2.6054,2.6054,2.5237,0,0,0,-0.2889,-0.4186,0.5023,0.5023,0.5696,0,0,0,0.8609,0.7284,0.8741,0.8741,0.6963,0,0,0,-1.7787,-1.4299,-1.7159,-1.7159,-1.4427,0,0,0
9.365018,1788533109.130231,3.8136,4.0707,4.0707,4.0707,3.9965,0,0,0,-9.3117,-5.0686,11.1509,11.1509,4.8985,0,0,0,2.1025,1.7557,2.6336,2.6336,2.5250,0,0,0,-0.2547,-0.4102,0.4922,0.4922,0.5631,0,0,0,0.9943,0.7421,0.8905,0.8905,0.7062,0,0,0,-1.8841,-1.4533,-1.7440,-1.7440,-1.4602,0,0,0
9.373111,1788533109.138221,3.7446,4.0551,4.0551,4.0551,3.9993,0,0,0,-9.5609,-5.2897,11.6373,11.6373,5.2605,0,0,0,2.2035,1.7772,2.6657,2.6657,2.5270,0,0,0,-0.2547,-0.4027,0.4833,0.4833,0.5570,0,0,0,1.1261,0.7605,0.9126,0.9126,0.7168,0,0,0,-2.0142,-1.4802,-1.7763,-1.7763,-1.4780,0,0,0
9.381125,1788533109.146230,3.5704,4.0319,4.0319,4.0319,4.0019,0,0,0,-9.9513,-5.5200,12.1439,12.1439,5.5431,0,0,0,2.3419,1.8042,2.7064,2.7064,2.5293,0,0,0,-0.2323,-0.3946,0.4735,0.4735,0.5526,0,0,0,1.1601,0.7797,0.9356,0.9356,0.7251,0,0,0,-2.1752,-1.5136,-1.8163,-1.8163,-1.4916,0,0,0
9.388504,1788533109.154227,3.5704,4.0098,4.0098,4.0098,4.0058,0,0,0,-9.9513,-5.7389,12.6256,12.6256,5.9335,0,0,0,2.3419,1.8300,2.7450,2.7450,2.5333,0,0,0,-0.2323,-0.3868,0.4642,0.4642,0.5470,0,0,0,1.1601,0.7979,0.9575,0.9575,0.7366,0,0,0,-2.1752,-1.5454,-1.8545,-1.8545,-1.5102,0,0,0
9.397169,1788533109.161625,3.5704,3.9903,3.9903,3.9903,4.0097,0,0,0,-9.9513,-5.9325,13.0514,13.0514,6.3379,0,0,0,2.3419,1.8528,2.7792,2.7792,2.5388,0,0,0,-0.2323,-0.3799,0.4559,0.4559,0.5416,0,0,0,1.1601,0.8140,0.9769,0.9769,0.7486,0,0,0,-2.1752,-1.5735,-1.8882,-1.8882,-1.5293,0,0,0
9.405240,1788533109.169286,3.5704,3.9710,3.9710,3.9710,4.0131,0,0,0,-9.9513,-6.1236,13.4719,13.4719,6.7550,0,0,0,2.3419,1.8753,2.8130,2.8130,2.5460,0,0,0,-0.2323,-0.3731,0.4478,0.4478,0.5361,0,0,0,1.1601,0.8300,0.9960,0.9960,0.7612,0,0,0,-2.1752,-1.6012,-1.9215,-1.9215,-1.5492,0,0,0
9.413216,1788533109.178372,3.5704,3.9493,3.9493,3.9493,4.0157,0,0,0,-9.9513,-6.3378,13.9431,13.9431,7.1831,0,0,0,2.3419,1.9006,2.8509,2.8509,2.5550,0,0,0,-0.2323,-0.3655,0.4386,0.4386,0.5306,0,0,0,1.1601,0.8478,1.0174,1.0174,0.7745,0,0,0,-2.1752,-1.6323,-1.9588,-1.9588,-1.5701,0,0,0
9.421461,1788533109.185849,3.5704,3.9323,3.9323,3.9323,4.0174,0,0,0,-9.9513,-6.5059,14.3130,14.3130,7.6198,0,0,0,2.3419,1.9204,2.8806,2.8806,2.5660,0,0,0,-0.2323,-0.3595,0.4314,0.4314,0.5250,0,0,0,1.1601,0.8619,1.0343,1.0343,0.7884,0,0,0,-2.1752,-1.6568,-1.9882,-1.9882,-1.5920,0,0,0
9.429099,1788533109.185849,3.5704,3.9150,3.9150,3.9150,4.0178,0,0,0,-9.9513,-6.6770,14.6895,14.6895,8.0631,0,0,0,2.3419,1.9407,2.9110,2.9110,2.5789,0,0,0,-0.2323,-0.3534,0.4241,0.4241,0.5192,0,0,0,1.1601,0.8762,1.0514,1.0514,0.8029,0,0,0,-2.1752,-1.6817,-2.0181,-2.0181,-1.6148,0,0,0
9.437355,1788533109.185849,3.5704,3.8984,3.8984,3.8984,4.0173,0,0,0,-9.9513,-6.8397,15.0474,15.0474,8.3992,0,0,0,2.3419,1.9599,2.9399,2.9399,2.5898,0,0,0,-0.2323,-0.3476,0.4172,0.4172,0.5148,0,0,0,1.1601,0.8898,1.0678,1.0678,0.8141,0,0,0,-2.1752,-1.7055,-2.0466,-2.0466,-1.6326,0,0,0
9.444889,1788533109.217006,3.2600,3.7937,3.7937,3.7937,4.0155,0,0,0,-12.3851,-7.7756,17.1064,16.2474,8.8507,1,0,0,2.7860,2.0955,3.1433,3.1433,2.6059,0,0,0,-0.1841,-0.3208,0.3850,0.3850,0.5088,0,0,0,1.5590,0.9996,1.1996,1.1996,0.8296,0,0,0,-2.7239,-1.8729,-2.2474,-2.2474,-1.6571,0,0,0
9.452892,1788533109.217006,3.2600,3.7681,3.7681,3.7681,4.0122,0,0,0,-12.3851,-8.0044,17.6096,17.4474,9.3085,1,0,0,2.7860,2.1287,3.1930,3.1930,2.6242,0,0,0,-0.1841,-0.3143,0.3771,0.3771,0.5026,0,0,0,1.5590,1.0265,1.2318,1.2318,0.8457,0,0,0,-2.7239,-1.9138,-2.2966,-2.2966,-1.6829,0,0,0
9.461430,1788533109.217006,3.2600,3.7438,3.7438,3.7438,4.0063,0,0,0,-12.3851,-8.2220,18.0885,18.0885,9.7816,0,0,0,2.7860,2.1602,3.2404,3.2404,2.6465,0,0,0,-0.1841,-0.3080,0.3697,0.3697,0.4959,0,0,0,1.5590,1.0521,1.2625,1.2625,0.8638,0,0,0,-2.7239,-1.9528,-2.3433,-2.3433,-1.7118,0,0,0
9.469490,1788533109.217006,3.2600,3.7206,3.7206,3.7206,3.9977,0,0,0,-12.3851,-8.4291,18.5440,18.5440,10.2787,0,0,0,2.7860,2.1903,3.2855,3.2855,2.6731,0,0,0,-0.1841,-0.3021,0.3625,0.3625,0.4886,0,0,0,1.5590,1.0764,1.2917,1.2917,0.8842,0,0,0,-2.7239,-1.9899,-2.3879,-2.3879,-1.7443,0,0,0
9.477501,1788533109.242609,3.2600,3.6566,3.6566,3.6566,3.9867,0,0,0,-12.3851,-8.9952,19.7894,19.7440,10.8002,1,0,0,2.7860,2.2731,3.4097,3.4097,2.7036,0,0,0,-0.1841,-0.2857,0.3429,0.3429,0.4808,0,0,0,1.5590,1.1435,1.3722,1.3722,0.9065,0,0,0,-2.7239,-2.0921,-2.5105,-2.5105,-1.7800,0,0,0
9.485019,1788533109.249619,3.2600,3.6398,3.6398,3.6398,3.9735,0,0,0,-12.3851,-9.1435,20.1157,20.1157,11.3415,0,0,0,2.7860,2.2948,3.4423,3.4423,2.7375,0,0,0,-0.1841,-0.2814,0.3377,0.3377,0.4727,0,0,0,1.5590,1.1611,1.3933,1.3933,0.9307,0,0,0,-2.7239,-2.1189,-2.5427,-2.5427,-1.8183,0,0,0
9.493075,1788533109.249619,3.2600,3.6216,3.6216,3.6216,3.9580,0,0,0,-12.3851,-9.3045,20.4699,20.4699,11.9045,0,0,0,2.7860,2.3184,3.4777,3.4777,2.7750,0,0,0,-0.1841,-0.2768,0.3321,0.3321,0.4642,0,0,0,1.5590,1.1802,1.4162,1.4162,0.9568,0,0,0,-2.7239,-2.1480,-2.5776,-2.5776,-1.8597,0,0,0
9.501477,1788533109.265872,3.2600,3.5880,3.5880,3.5880,3.9404,0,0,0,-12.3851,-9.5998,21.1195,21.1195,12.4860,0,0,0,2.7860,2.3619,3.5429,3.5429,2.8158,0,0,0,-0.1841,-0.2682,0.3218,0.3218,0.4554,0,0,0,1.5590,1.2154,1.4585,1.4585,0.9847,0,0,0,-2.7239,-2.2017,-2.6420,-2.6420,-1.9038,0,0,0
9.508681,1788533109.273595,3.2600,3.5728,3.5728,3.5728,3.9261,0,0,0,-12.3851,-9.7333,21.4134,21.4134,12.9295,0,0,0,2.7860,2.3816,3.5725,3.5725,2.8481,0,0,0,-0.1841,-0.2643,0.3171,0.3171,0.4487,0,0,0,1.5590,1.2313,1.4776,1.4776,1.0065,0,0,0,-2.7239,-2.2260,-2.6711,-2.6711,-1.9382,0,0,0
9.516810,1788533109.281915,3.2600,3.5572,3.5572,3.5572,3.9058,0,0,0,-12.3851,-9.8699,21.7137,21.7137,13.5277,0,0,0,2.7860,2.4018,3.6027,3.6027,2.8930,0,0,0,-0.1841,-0.2603,0.3124,0.3124,0.4396,0,0,0,1.5590,1.2477,1.4972,1.4972,1.0367,0,0,0,-2.7239,-2.2508,-2.7010,-2.7010,-1.9855,0,0,0
9.525332,1788533109.289921,3.2600,3.5429,3.5429,3.5429,3.8842,0,0,0,-12.3851,-9.9947,21.9884,21.9884,14.1299,0,0,0,2.7860,2.4203,3.6304,3.6304,2.9397,0,0,0,-0.1841,-0.2566,0.3080,0.3080,0.4303,0,0,0,1.5590,1.2626,1.5152,1.5152,1.0677,0,0,0,-2.7239,-2.2736,-2.7283,-2.7283,-2.0342,0,0,0
9.533460,1788533109.289921,3.2600,3.5293,3.5293,3.5293,3.8618,0,0,0,-12.3851,-10.1133,22.2492,22.2492,14.7302,0,0,0,2.7860,2.4379,3.6568,3.6568,2.9875,0,0,0,-0.1841,-0.2532,0.3038,0.3038,0.4211,0,0,0,1.5590,1.2769,1.5323,1.5323,1.0993,0,0,0,-2.7239,-2.2953,-2.7544,-2.7544,-2.0837,0,0,0
9.541523,1788533109.305578,2.8491,3.4682,3.4682,3.4682,3.8389,0,0,0,-14.6557,-10.5341,23.1751,23.1751,15.3234,0,0,0,2.9469,2.4836,3.7255,3.7255,3.0358,0,0,0,-0.6712,-0.2906,0.3488,0.3488,0.4120,0,0,0,1.7766,1.3218,1.5862,1.5862,1.1311,0,0,0,-2.4100,-2.3056,-2.7667,-2.7667,-2.1333,0,0,0
9.549527,1788533109.305578,2.8491,3.4385,3.4385,3.4385,3.8157,0,0,0,-14.6557,-10.7387,23.6252,23.6252,15.9054,0,0,0,2.9469,2.5059,3.7589,3.7589,3.0841,0,0,0,-0.6712,-0.3089,0.3706,0.3706,0.4030,0,0,0,1.7766,1.3436,1.6124,1.6124,1.1628,0,0,0,-2.4100,-2.3106,-2.7728,-2.7728,-2.1826,0,0,0
9.557165,1788533109.322711,2.8342,3.3796,3.3796,3.3796,3.7925,0,0,0,-15.2241,-11.1898,24.6175,24.6175,16.4710,0,0,0,3.2988,2.5833,3.8750,3.8750,3.1319,0,0,0,-0.8113,-0.3577,0.4292,0.4292,0.3942,0,0,0,2.0208,1.4097,1.6916,1.6916,1.1940,0,0,0,-2.7395,-2.3525,-2.8230,-2.8230,-2.2312,0,0,0
9.564711,1788533109.330793,2.8342,3.3531,3.3531,3.3531,3.7750,0,0,0,-15.2241,-11.3920,25.0625,25.0625,16.8872,0,0,0,3.2988,2.6180,3.9271,3.9271,3.1674,0,0,0,-0.8113,-0.3796,0.4555,0.4555,0.3882,0,0,0,2.0208,1.4393,1.7272,1.7272,1.2172,0,0,0,-2.7395,-2.3713,-2.8456,-2.8456,-2.2668,0,0,0
9.573488,1788533109.330793,2.8342,3.3282,3.3282,3.3282,3.7445,0,0,0,-15.2241,-11.5825,25.4815,25.4815,17.5821,0,0,0,3.2988,2.6508,3.9762,3.9762,3.2274,0,0,0,-0.8113,-0.4003,0.4804,0.4804,0.3804,0,0,0,2.0208,1.4673,1.7608,1.7608,1.2566,0,0,0,-2.7395,-2.3890,-2.8668,-2.8668,-2.3244,0,0,0
9.581005,1788533109.345606,2.8342,3.2859,3.2859,3.2859,3.7253,0,0,0,-15.2241,-11.9038,26.1883,26.1883,18.0027,0,0,0,3.2988,2.7062,4.0593,4.0593,3.2642,0,0,0,-0.8113,-0.4353,0.5224,0.5224,0.3776,0,0,0,2.0208,1.5146,1.8175,1.8175,1.2809,0,0,0,-2.7395,-2.4190,-2.9028,-2.9028,-2.3581,0,0,0
9.589665,1788533109.345606,2.8342,3.2642,3.2642,3.2642,3.6987,0,0,0,-15.2241,-12.0687,26.5512,26.5512,18.5653,0,0,0,3.2988,2.7347,4.1021,4.1021,3.3143,0,0,0,-0.8113,-0.4533,0.5440,0.5440,0.3758,0,0,0,2.0208,1.5390,1.8467,1.8467,1.3141,0,0,0,-2.7395,-2.4344,-2.9213,-2.9213,-2.4019,0,0,0
9.597277,1788533109.362783,2.8342,3.2222,3.2222,3.2222,3.6714,0,0,0,-15.2241,-12.3867,27.2508,27.2508,19.1288,0,0,0,3.2988,2.7899,4.1849,4.1849,3.3653,0,0,0,-0.8113,-0.4882,0.5859,0.5859,0.3764,0,0,0,2.0208,1.5861,1.9033,1.9033,1.3481,0,0,0,-2.7395,-2.4643,-2.9571,-2.9571,-2.4444,0,0,0
9.605381,1788533109.362783,2.8342,3.2035,3.2035,3.2035,3.6432,0,0,0,-15.2241,-12.5275,27.5605,27.5605,19.6933,0,0,0,3.2988,2.8144,4.2216,4.2216,3.4174,0,0,0,-0.8113,-0.5037,0.6045,0.6045,0.3795,0,0,0,2.0208,1.6070,1.9284,1.9284,1.3829,0,0,0,-2.7395,-2.4775,-2.9730,-2.9730,-2.4857,0,0,0
9.613370,1788533109.378489,2.8342,3.1702,3.1702,3.1702,3.6144,0,0,0,-15.2241,-12.7779,28.1113,28.1113,20.2573,0,0,0,3.2988,2.8581,4.2872,4.2872,3.4705,0,0,0,-0.8113,-0.5314,0.6377,0.6377,0.3849,0,0,0,2.0208,1.6443,1.9732,1.9732,1.4185,0,0,0,-2.7395,-2.5011,-3.0013,-3.0013,-2.5257,0,0,0
9.621033,1788533109.386484,2.6522,3.1454,3.1454,3.1454,3.5850,0,0,0,-16.1228,-12.9436,28.4759,28.4759,20.8208,0,0,0,3.8424,2.9055,4.3582,4.3582,3.5245,0,0,0,-0.8948,-0.5488,0.6585,0.6585,0.3928,0,0,0,2.2518,1.6735,2.0082,2.0082,1.4548,0,0,0,-2.9498,-2.5227,-3.0272,-3.0272,-2.5646,0,0,0
9.629716,1788533109.394152,2.6522,3.1226,3.1226,3.1226,3.5552,0,0,0,-16.1228,-13.0950,28.8091,28.8091,21.3812,0,0,0,3.8424,2.9488,4.4232,4.4232,3.5791,0,0,0,-0.8948,-0.5647,0.6777,0.6777,0.4027,0,0,0,2.2518,1.7002,2.0402,2.0402,1.4917,0,0,0,-2.9498,-2.5424,-3.0509,-3.0509,-2.6022,0,0,0
9.637303,1788533109.409420,2.6522,3.0813,3.0813,3.0813,3.5251,0,0,0,-16.1228,-13.3690,29.4118,29.4118,21.9378,0,0,0,3.8424,3.0275,4.5412,4.5412,3.6345,0,0,0,-0.8948,-0.5937,0.7124,0.7124,0.4147,0,0,0,2.2518,1.7487,2.0984,2.0984,1.5290,0,0,0,-2.9498,-2.5782,-3.0938,-3.0938,-2.6386,0,0,0
9.645391,1788533109.409420,2.6522,3.0606,3.0606,3.0606,3.5024,0,0,0,-16.1228,-13.5055,29.7121,29.7121,22.3512,0,0,0,3.8424,3.0667,4.6001,4.6001,3.6765,0,0,0,-0.8948,-0.6081,0.7297,0.7297,0.4248,0,0,0,2.2518,1.7729,2.1275,2.1275,1.5572,0,0,0,-2.9498,-2.5961,-3.1153,-3.1153,-2.6652,0,0,0
9.653098,1788533109.418510,2.7667,3.0447,3.0447,3.0447,3.4646,0,0,0,-16.5600,-13.6764,30.0880,30.0880,23.0311,0,0,0,3.9608,3.1153,4.6730,4.6730,3.7478,0,0,0,-0.9544,-0.6269,0.7522,0.7522,0.4435,0,0,0,2.4175,1.8079,2.1695,2.1695,1.6046,0,0,0,-2.9839,-2.6171,-3.1405,-3.1405,-2.7084,0,0,0
9.661733,1788533109.426222,2.7667,3.0318,3.0318,3.0318,3.4418,0,0,0,-16.7021,-13.8213,30.4068,30.4068,23.4342,0,0,0,4.1494,3.1634,4.7452,4.7452,3.7917,0,0,0,-0.8386,-0.6367,0.7640,0.7640,0.4559,0,0,0,2.4561,1.8380,2.2056,2.2056,1.6333,0,0,0,-3.1155,-2.6403,-3.1683,-3.1683,-2.7337,0,0,0
9.669147,1788533109.426222,2.7667,3.0190,3.0190,3.0190,3.4114,0,0,0,-16.7021,-13.9641,30.7211,30.7211,23.9644,0,0,0,4.1494,3.2110,4.8165,4.8165,3.8514,0,0,0,-0.8386,-0.6463,0.7756,0.7756,0.4734,0,0,0,2.4561,1.8678,2.2413,2.2413,1.6719,0,0,0,-3.1155,-2.6631,-3.1957,-3.1957,-2.7668,0,0,0
9.677642,1788533109.426222,2.7667,3.0069,3.0069,3.0069,3.3812,0,0,0,-16.7021,-14.1000,31.0199,31.0199,24.4853,0,0,0,4.1494,3.2562,4.8843,4.8843,3.9123,0,0,0,-0.8386,-0.6556,0.7867,0.7867,0.4919,0,0,0,2.4561,1.8961,2.2753,2.2753,1.7106,0,0,0,-3.1155,-2.6849,-3.2218,-3.2218,-2.7992,0,0,0
9.685338,1788533109.426222,2.7667,2.9954,2.9954,2.9954,3.3516,0,0,0,-16.7021,-14.2291,31.3040,31.3040,24.9956,0,0,0,4.1494,3.2993,4.9490,4.9490,3.9744,0,0,0,-0.8386,-0.6643,0.7972,0.7972,0.5111,0,0,0,2.4561,1.9230,2.3076,2.3076,1.7495,0,0,0,-3.1155,-2.7056,-3.2467,-3.2467,-2.8309,0,0,0
9.693348,1788533109.458468,2.7667,2.9567,2.9567,2.9567,3.3226,0,0,0,-16.7021,-14.6573,32.2460,32.2460,25.4940,0,0,0,4.1494,3.4434,5.1651,5.1651,4.0377,0,0,0,-0.8386,-0.6938,0.8325,0.8325,0.5307,0,0,0,2.4561,2.0132,2.4159,2.4159,1.7885,0,0,0,-3.1155,-2.7749,-3.3299,-3.3299,-2.8620,0,0,0
9.701518,1788533109.473636,2.7667,2.9401,2.9401,2.9401,3.2945,0,0,0,-16.7021,-14.8404,32.6489,32.6489,25.9798,0,0,0,4.1494,3.5052,5.2579,5.2579,4.1018,0,0,0,-0.8386,-0.7064,0.8477,0.8477,0.5505,0,0,0,2.4561,2.0519,2.4623,2.4623,1.8275,0,0,0,-3.1155,-2.8046,-3.3656,-3.3656,-2.8926,0,0,0
9.709518,1788533109.473636,2.7667,2.9318,2.9318,2.9318,3.2740,0,0,0,-16.7021,-14.9322,32.8509,32.8509,26.3360,0,0,0,4.1494,3.5363,5.3044,5.3044,4.1505,0,0,0,-0.8386,-0.7127,0.8553,0.8553,0.5654,0,0,0,2.4561,2.0714,2.4857,2.4857,1.8566,0,0,0,-3.1155,-2.8196,-3.3835,-3.3835,-2.9153,0,0,0
9.717519,1788533109.482629,2.7667,2.9229,2.9229,2.9229,3.2472,0,0,0,-16.7021,-15.0297,33.0653,33.0653,26.8066,0,0,0,4.1494,3.5693,5.3540,5.3540,4.2178,0,0,0,-0.8386,-0.7195,0.8634,0.8634,0.5854,0,0,0,2.4561,2.0921,2.5105,2.5105,1.8962,0,0,0,-3.1155,-2.8355,-3.4026,-3.4026,-2.9458,0,0,0
9.725518,1788533109.482629,2.7667,2.9154,2.9154,2.9154,3.2209,0,0,0,-16.7021,-15.1121,33.2466,33.2466,27.2764,0,0,0,4.1494,3.5973,5.3959,5.3959,4.2886,0,0,0,-0.8386,-0.7252,0.8702,0.8702,0.6055,0,0,0,2.4561,2.1096,2.5315,2.5315,1.9371,0,0,0,-3.1155,-2.8489,-3.4187,-3.4187,-2.9769,0,0,0
9.733828,1788533109.499141,2.7667,2.9014,2.9014,2.9014,3.1952,0,0,0,-16.7021,-15.2655,33.5842,33.5842,27.7436,0,0,0,4.1494,3.6495,5.4743,5.4743,4.3622,0,0,0,-0.8386,-0.7359,0.8830,0.8830,0.6258,0,0,0,2.4561,2.1423,2.5707,2.5707,1.9789,0,0,0,-3.1155,-2.8741,-3.4489,-3.4489,-3.0086,0,0,0
9.741916,1788533109.506961,2.7667,2.8951,2.8951,2.8951,3.1702,0,0,0,-16.7021,-15.3347,33.7363,33.7363,28.2039,0,0,0,4.1494,3.6731,5.5096,5.5096,4.4376,0,0,0,-0.8386,-0.7407,0.8888,0.8888,0.6458,0,0,0,2.4561,2.1570,2.5885,2.5885,2.0211,0,0,0,-3.1155,-2.8854,-3.4625,-3.4625,-3.0404,0,0,0
9.749926,1788533109.515039,2.7667,2.8889,2.8889,2.8889,3.1521,0,0,0,-16.7021,-15.4025,33.8856,33.8856,28.5437,0,0,0,4.1494,3.6962,5.5444,5.5444,4.4950,0,0,0,-0.8386,-0.7454,0.8945,0.8945,0.6607,0,0,0,2.4561,2.1716,2.6059,2.6059,2.0529,0,0,0,-3.1155,-2.8966,-3.4759,-3.4759,-3.0643,0,0,0
9.757529,1788533109.523043,2.5229,2.8713,2.8713,2.8713,3.1229,0,0,0,-17.7614,-15.5186,34.1409,34.1409,29.0968,0,0,0,4.9008,3.7544,5.6315,5.6315,4.5913,0,0,0,-0.8400,-0.7500,0.8999,0.8999,0.6849,0,0,0,2.7117,2.1976,2.6371,2.6371,2.1057,0,0,0,-3.3596,-2.9188,-3.5026,-3.5026,-3.1039,0,0,0
9.765532,1788533109.523043,2.5229,2.8546,2.8546,2.8546,3.1062,0,0,0,-17.7614,-15.6289,34.3836,34.3836,29.4188,0,0,0,4.9008,3.8096,5.7145,5.7145,4.6490,0,0,0,-0.8400,-0.7543,0.9051,0.9051,0.6990,0,0,0,2.7117,2.2223,2.6667,2.6667,2.1370,0,0,0,-3.3596,-2.9400,-3.5280,-3.5280,-3.1273,0,0,0
9.773944,1788533109.523043,2.5229,2.8386,2.8386,2.8386,3.0847,0,0,0,-17.7614,-15.7338,34.6144,34.6144,29.8358,0,0,0,4.9008,3.8623,5.7934,5.7934,4.7254,0,0,0,-0.8400,-0.7584,0.9101,0.9101,0.7172,0,0,0,2.7117,2.2458,2.6950,2.6950,2.1781,0,0,0,-3.3596,-2.9602,-3.5522,-3.5522,-3.1581,0,0,0
9.781628,1788533109.547740,2.1804,2.7500,2.7500,2.7500,3.0641,0,0,0,-17.9077,-16.0326,35.2718,35.2718,30.2387,0,0,0,4.8593,3.9972,5.9957,5.9957,4.8016,0,0,0,-0.9182,-0.7799,0.9359,0.9359,0.7346,0,0,0,2.7911,2.3194,2.7833,2.7833,2.2185,0,0,0,-3.0992,-2.9789,-3.5747,-3.5747,-3.1884,0,0,0
9.790307,1788533109.554746,2.1468,2.7244,2.7244,2.7244,3.0441,0,0,0,-17.9930,-16.1174,35.4584,35.4584,30.6279,0,0,0,4.8704,4.0343,6.0514,6.0514,4.8778,0,0,0,-0.9182,-0.7857,0.9429,0.9429,0.7513,0,0,0,2.7939,2.3395,2.8074,2.8074,2.2581,0,0,0,-3.0124,-2.9803,-3.5764,-3.5764,-3.2181,0,0,0
9.797803,1788533109.569921,1.9855,2.6599,2.6599,2.6599,3.0242,0,0,0,-18.1173,-16.2957,35.8505,35.8505,31.0071,0,0,0,4.8873,4.1091,6.1636,6.1636,4.9550,0,0,0,-0.9933,-0.8038,0.9646,0.9646,0.7673,0,0,0,2.8023,2.3800,2.8560,2.8560,2.2974,0,0,0,-3.1386,-2.9942,-3.5930,-3.5930,-3.2474,0,0,0
9.805700,1788533109.569921,1.9855,2.6275,2.6275,2.6275,3.0037,0,0,0,-18.1173,-16.3851,36.0471,36.0471,31.3792,0,0,0,4.8873,4.1466,6.2200,6.2200,5.0339,0,0,0,-0.9933,-0.8129,0.9755,0.9755,0.7828,0,0,0,2.8023,2.4003,2.8803,2.8803,2.3368,0,0,0,-3.1386,-3.0011,-3.6013,-3.6013,-3.2760,0,0,0
9.814034,1788533109.586152,2.0514,2.5740,2.5740,2.5740,2.9822,0,0,0,-18.1901,-16.5559,36.4230,36.4230,31.7445,0,0,0,5.0986,4.2354,6.3531,6.3531,5.1142,0,0,0,-0.9045,-0.8214,0.9857,0.9857,0.7979,0,0,0,2.8301,2.4402,2.9283,2.9283,2.3762,0,0,0,-3.2789,-3.0269,-3.6323,-3.6323,-3.3038,0,0,0
9.822040,1788533109.586152,2.0514,2.5489,2.5489,2.5489,2.9653,0,0,0,-18.1901,-16.6360,36.5992,36.5992,32.0141,0,0,0,5.0986,4.2771,6.4156,6.4156,5.1753,0,0,0,-0.9045,-0.8254,0.9904,0.9904,0.8090,0,0,0,2.8301,2.4590,2.9508,2.9508,2.4057,0,0,0,-3.2789,-3.0390,-3.6468,-3.6468,-3.3239,0,0,0
9.830612,1788533109.595157,2.0514,2.5221,2.5221,2.5221,2.9417,0,0,0,-18.1901,-16.7212,36.7866,36.7866,32.3678,0,0,0,5.0986,4.3214,6.4821,6.4821,5.2577,0,0,0,-0.9045,-0.8296,0.9955,0.9955,0.8235,0,0,0,2.8301,2.4789,2.9747,2.9747,2.4450,0,0,0,-3.2789,-3.0519,-3.6623,-3.6623,-3.3500,0,0,0
9.838031,1788533109.610148,2.0514,2.4814,2.4814,2.4814,2.9168,0,0,0,-18.1901,-16.8504,37.0708,37.0708,32.7154,0,0,0,5.0986,4.3888,6.5833,6.5833,5.3414,0,0,0,-0.9045,-0.8361,1.0033,1.0033,0.8378,0,0,0,2.8301,2.5093,3.0112,3.0112,2.4842,0,0,0,-3.2789,-3.0715,-3.6858,-3.6858,-3.3754,0,0,0
9.846640,1788533109.618757,2.0514,2.4593,2.4593,2.4593,2.8908,0,0,0,-18.1901,-16.9207,37.2254,37.2254,33.0556,0,0,0,5.0986,4.4256,6.6383,6.6383,5.4258,0,0,0,-0.9045,-0.8396,1.0075,1.0075,0.8516,0,0,0,2.8301,2.5258,3.0310,3.0310,2.5231,0,0,0,-3.2789,-3.0822,-3.6986,-3.6986,-3.4000,0,0,0
9.854228,1788533109.618757,2.0514,2.4396,2.4396,2.4396,2.8639,0,0,0,-18.1901,-16.9828,37.3621,37.3621,33.3877,0,0,0,5.0986,4.4580,6.6870,6.6870,5.5106,0,0,0,-0.9045,-0.8427,1.0112,1.0112,0.8649,0,0,0,2.8301,2.5405,3.0486,3.0486,2.5615,0,0,0,-3.2789,-3.0916,-3.7099,-3.7099,-3.4240,0,0,0
9.862351,1788533109.618757,2.0514,2.4210,2.4210,2.4210,2.8361,0,0,0,-18.1901,-17.0418,37.4920,37.4920,33.7120,0,0,0,5.0986,4.4889,6.7334,6.7334,5.5958,0,0,0,-0.9045,-0.8457,1.0148,1.0148,0.8777,0,0,0,2.8301,2.5544,3.0653,3.0653,2.5994,0,0,0,-3.2789,-3.1006,-3.7207,-3.7207,-3.4472,0,0,0
9.870710,1788533109.635469,2.0514,2.3857,2.3857,2.3857,2.8077,0,0,0,-18.1901,-17.1531,37.7368,37.7368,34.0272,0,0,0,5.0986,4.5473,6.8210,6.8210,5.6807,0,0,0,-0.9045,-0.8513,1.0215,1.0215,0.8900,0,0,0,2.8301,2.5807,3.0968,3.0968,2.6366,0,0,0,-3.2789,-3.1176,-3.7411,-3.7411,-3.4699,0,0,0
9.878889,1788533109.642827,2.0514,2.3709,2.3709,2.3709,2.7790,0,0,0,-18.1901,-17.1998,37.8396,37.8396,34.3322,0,0,0,5.0986,4.5719,6.8578,6.8578,5.7648,0,0,0,-0.9045,-0.8536,1.0243,1.0243,0.9018,0,0,0,2.8301,2.5918,3.1101,3.1101,2.6730,0,0,0,-3.2789,-3.1247,-3.7497,-3.7497,-3.4918,0,0,0
9.886609,1788533109.658726,2.0915,2.3454,2.3454,2.3454,2.7502,0,0,0,-18.4481,-17.3153,38.0937,38.0937,34.6268,0,0,0,5.9874,4.7014,7.0521,7.0521,5.8478,0,0,0,-0.0963,-0.7848,0.9417,0.9417,0.9130,0,0,0,2.9355,2.6231,3.1477,3.1477,2.7083,0,0,0,-4.0209,-3.2064,-3.8477,-3.8477,-3.5130,0,0,0
9.894702,1788533109.666819,2.0915,2.3331,2.3331,2.3331,2.7213,0,0,0,-18.4481,-17.3712,38.2166,38.2166,34.9115,0,0,0,5.9874,4.7642,7.1463,7.1463,5.9297,0,0,0,-0.0963,-0.7515,0.9018,0.9018,0.9236,0,0,0,2.9355,2.6383,3.1659,3.1659,2.7428,0,0,0,-4.0209,-3.2459,-3.8951,-3.8951,-3.5336,0,0,0
9.902242,1788533109.666819,2.0915,2.3215,2.3215,2.3215,2.6925,0,0,0,-18.4481,-17.4237,38.3322,38.3322,35.1863,0,0,0,5.9874,4.8233,7.2349,7.2349,6.0109,0,0,0,-0.0963,-0.7201,0.8641,0.8641,0.9332,0,0,0,2.9355,2.6526,3.1831,3.1831,2.7763,0,0,0,-4.0209,-3.2832,-3.9398,-3.9398,-3.5539,0,0,0
9.910930,1788533109.666819,2.0915,2.3104,2.3104,2.3104,2.6639,0,0,0,-18.4481,-17.4737,38.4421,38.4421,35.4520,0,0,0,5.9874,4.8795,7.3193,7.3193,6.0928,0,0,0,-0.0963,-0.6902,0.8283,0.8283,0.9408,0,0,0,2.9355,2.6662,3.1994,3.1994,2.8090,0,0,0,-4.0209,-3.3186,-3.9824,-3.9824,-3.5751,0,0,0
9.918540,1788533109.666819,2.0915,2.2999,2.2999,2.2999,2.6427,0,0,0,-18.4481,-17.5212,38.5466,38.5466,35.6452,0,0,0,5.9874,4.9331,7.3996,7.3996,6.1547,0,0,0,-0.0963,-0.6618,0.7941,0.7941,0.9449,0,0,0,2.9355,2.6791,3.2149,3.2149,2.8330,0,0,0,-4.0209,-3.3524,-4.0229,-4.0229,-3.5917,0,0,0
9.927143,1788533109.666819,2.0915,2.2899,2.2899,2.2899,2.6150,0,0,0,-18.4481,-17.5664,38.6460,38.6460,35.8942,0,0,0,5.9874,4.9840,7.4760,7.4760,6.2380,0,0,0,-0.0963,-0.6347,0.7616,0.7616,0.9480,0,0,0,2.9355,2.6914,3.2297,3.2297,2.8642,0,0,0,-4.0209,-3.3845,-4.0615,-4.0615,-3.6149,0,0,0
9.934848,1788533109.705773,2.0791,2.2483,2.2483,2.2483,2.5880,0,0,0,-18.5328,-17.7588,39.0695,39.0695,36.1332,0,0,0,6.3080,5.2463,7.8694,7.8694,6.3219,0,0,0,0.0927,-0.4915,0.5897,0.5897,0.9484,0,0,0,2.9892,2.7502,3.3002,3.3002,2.8944,0,0,0,-4.2518,-3.5557,-4.2668,-4.2668,-3.6394,0,0,0
9.943444,1788533109.714057,2.0791,2.2399,2.2399,2.2399,2.5619,0,0,0,-18.5328,-17.7977,39.1550,39.1550,36.3620,0,0,0,6.3080,5.2993,7.9490,7.9490,6.4062,0,0,0,0.0927,-0.4625,0.5550,0.5550,0.9460,0,0,0,2.9892,2.7620,3.3144,3.3144,2.9236,0,0,0,-4.2518,-3.5903,-4.3084,-4.3084,-3.6653,0,0,0
9.951131,1788533109.722250,2.0791,2.2320,2.2320,2.2320,2.5367,0,0,0,-18.5328,-17.8342,39.2353,39.2353,36.5814,0,0,0,6.3080,5.3492,8.0237,8.0237,6.4915,0,0,0,0.0927,-0.4353,0.5223,0.5223,0.9405,0,0,0,2.9892,2.7732,3.3278,3.3278,2.9519,0,0,0,-4.2518,-3.6228,-4.3474,-4.3474,-3.6928,0,0,0
9.958550,1788533109.730031,2.0791,2.2249,2.2249,2.2249,2.5121,0,0,0,-18.5328,-17.8673,39.3080,39.3080,36.7952,0,0,0,6.3080,5.3943,8.0914,8.0914,6.5812,0,0,0,0.0927,-0.4106,0.4927,0.4927,0.9306,0,0,0,2.9892,2.7833,3.3399,3.3399,2.9799,0,0,0,-4.2518,-3.6523,-4.3828,-4.3828,-3.7238,0,0,0
9.966899,1788533109.739017,2.0957,2.2179,2.2179,2.2179,2.4881,0,0,0,-18.4911,-17.9011,39.3824,39.3824,37.0034,0,0,0,6.5075,5.4544,8.1815,8.1815,6.6752,0,0,0,0.1761,-0.3791,0.4550,0.4550,0.9163,0,0,0,3.1299,2.8019,3.3622,3.3622,3.0076,0,0,0,-4.3462,-3.6896,-4.4275,-4.4275,-3.7582,0,0,0
9.974606,1788533109.739017,2.0957,2.2121,2.2121,2.2121,2.4649,0,0,0,-18.4911,-17.9297,39.4454,39.4454,37.2050,0,0,0,6.5075,5.5053,8.2579,8.2579,6.7721,0,0,0,0.1761,-0.3525,0.4230,0.4230,0.8982,0,0,0,3.1299,2.8176,3.3812,3.3812,3.0348,0,0,0,-4.3462,-3.7212,-4.4654,-4.4654,-3.7953,0,0,0
9.982724,1788533109.753844,2.0957,2.2021,2.2021,2.2021,2.4481,0,0,0,-18.4911,-17.9782,39.5520,39.5520,37.3514,0,0,0,6.5075,5.5915,8.3872,8.3872,6.8460,0,0,0,0.1761,-0.3073,0.3688,0.3688,0.8826,0,0,0,3.1299,2.8443,3.4132,3.4132,3.0548,0,0,0,-4.3462,-3.7747,-4.5297,-4.5297,-3.8246,0,0,0
9.990638,1788533109.753844,2.0957,2.1970,2.1970,2.1970,2.4264,0,0,0,-18.4911,-18.0030,39.6067,39.6067,37.5398,0,0,0,6.5075,5.6358,8.4537,8.4537,6.9459,0,0,0,0.1761,-0.2841,0.3409,0.3409,0.8593,0,0,0,3.1299,2.8580,3.4297,3.4297,3.0810,0,0,0,-4.3462,-3.8022,-4.5627,-4.5627,-3.8653,0,0,0
9.999432,1788533109.753844,2.0957,2.1922,2.1922,2.1922,2.4057,0,0,0,-18.4911,-18.0267,39.6587,39.6587,37.7212,0,0,0,6.5075,5.6779,8.5169,8.5169,7.0480,0,0,0,0.1761,-0.2620,0.3144,0.3144,0.8330,0,0,0,3.1299,2.8711,3.4453,3.4453,3.1070,0,0,0,-4.3462,-3.8284,-4.5941,-4.5941,-3.9082,0,0,0
10.007260,1788533109.753844,2.0957,2.1875,2.1875,2.1875,2.3859,0,0,0,-18.4911,-18.0492,39.7083,39.7083,37.8956,0,0,0,6.5075,5.7180,8.5771,8.5771,7.1520,0,0,0,0.1761,-0.2410,0.2891,0.2891,0.8040,0,0,0,3.1299,2.8835,3.4602,3.4602,3.1329,0,0,0,-4.3462,-3.8533,-4.6240,-4.6240,-3.9529,0,0,0
10.015488,1788533109.753844,2.0957,2.1831,2.1831,2.1831,2.3671,0,0,0,-18.4911,-18.0706,39.7553,39.7553,38.0624,0,0,0,6.5075,5.7562,8.6343,8.6343,7.2567,0,0,0,0.1761,-0.2209,0.2651,0.2651,0.7729,0,0,0,3.1299,2.8954,3.4744,3.4744,3.1585,0,0,0,-4.3462,-3.8771,-4.6525,-4.6525,-3.9989,0,0,0
10.023489,1788533109.794605,2.1712,2.1807,2.1807,2.1807,2.3493,0,0,0,-18.4983,-18.1585,39.9488,39.9488,38.2212,0,0,0,6.6682,5.9435,8.9153,8.9153,7.3614,0,0,0,0.1367,-0.1478,0.1774,0.1774,0.7403,0,0,0,3.1939,2.9564,3.5477,3.5477,3.1837,0,0,0,-4.3032,-3.9643,-4.7572,-4.7572,-4.0456,0,0,0
10.031348,1788533109.794605,2.1712,2.1802,2.1802,2.1802,2.3324,0,0,0,-18.4983,-18.1750,39.9849,39.9849,38.3720,0,0,0,6.6682,5.9785,8.9678,8.9678,7.4653,0,0,0,0.1367,-0.1341,0.1610,0.1610,0.7066,0,0,0,3.1939,2.9678,3.5613,3.5613,3.2084,0,0,0,-4.3032,-3.9806,-4.7767,-4.7767,-4.0926,0,0,0
10.038997,1788533109.810112,2.1712,2.1794,2.1794,2.1794,2.3205,0,0,0,-18.4983,-18.2039,40.0486,40.0486,38.4808,0,0,0,6.6682,6.0403,9.0604,9.0604,7.5438,0,0,0,0.1367,-0.1100,0.1320,0.1320,0.6804,0,0,0,3.1939,2.9879,3.5855,3.5855,3.2270,0,0,0,-4.3032,-4.0094,-4.8113,-4.8113,-4.1284,0,0,0
10.047363,1788533109.810112,2.1712,2.1790,2.1790,2.1790,2.3055,0,0,0,-18.4983,-18.2181,40.0799,40.0799,38.6205,0,0,0,6.6682,6.0706,9.1058,9.1058,7.6498,0,0,0,0.1367,-0.0982,0.1178,0.1178,0.6443,0,0,0,3.1939,2.9978,3.5974,3.5974,3.2521,0,0,0,-4.3032,-4.0235,-4.8282,-4.8282,-4.1766,0,0,0
10.054699,1788533109.826816,2.1712,2.1783,2.1783,2.1783,2.2917,0,0,0,-18.4983,-18.2449,40.1389,40.1389,38.7541,0,0,0,6.6682,6.1278,9.1917,9.1917,7.7563,0,0,0,0.1367,-0.0758,0.0910,0.0910,0.6075,0,0,0,3.1939,3.0165,3.6198,3.6198,3.2773,0,0,0,-4.3032,-4.0502,-4.8602,-4.8602,-4.2251,0,0,0
10.062729,1788533109.834847,2.1712,2.1780,2.1780,2.1780,2.2788,0,0,0,-18.4983,-18.2572,40.1659,40.1659,38.8810,0,0,0,6.6682,6.1539,9.2309,9.2309,7.8624,0,0,0,0.1367,-0.0656,0.0787,0.0787,0.5704,0,0,0,3.1939,3.0250,3.6300,3.6300,3.3023,0,0,0,-4.3032,-4.0624,-4.8749,-4.8749,-4.2732,0,0,0
10.070790,1788533109.834847,2.1712,2.1776,2.1776,2.1776,2.2671,0,0,0,-18.4983,-18.2688,40.1914,40.1914,39.0013,0,0,0,6.6682,6.1788,9.2681,9.2681,7.9673,0,0,0,0.1367,-0.0559,0.0670,0.0670,0.5334,0,0,0,3.1939,3.0331,3.6398,3.6398,3.3271,0,0,0,-4.3032,-4.0740,-4.8888,-4.8888,-4.3206,0,0,0
10.078795,1788533109.850913,2.1754,2.1774,2.1774,2.1774,2.2564,0,0,0,-18.3444,-18.2758,40.2068,40.2068,39.1154,0,0,0,6.7592,6.2324,9.3485,9.3485,8.0709,0,0,0,0.1266,-0.0391,0.0469,0.0469,0.4967,0,0,0,3.2450,3.0526,3.6631,3.6631,3.3517,0,0,0,-4.3715,-4.1014,-4.9216,-4.9216,-4.3672,0,0,0
10.086828,1788533109.857946,2.1754,2.1773,2.1773,2.1773,2.2466,0,0,0,-18.3444,-18.2787,40.2132,40.2132,39.2231,0,0,0,6.7592,6.2548,9.3823,9.3823,8.1724,0,0,0,0.1266,-0.0321,0.0385,0.0385,0.4606,0,0,0,3.2450,3.0608,3.6729,3.6729,3.3758,0,0,0,-4.3715,-4.1128,-4.9354,-4.9354,-4.4125,0,0,0
10.095363,1788533109.857946,2.1754,2.1772,2.1772,2.1772,2.2378,0,0,0,-18.3444,-18.2819,40.2202,40.2202,39.3242,0,0,0,6.7592,6.2792,9.4187,9.4187,8.2715,0,0,0,0.1266,-0.0244,0.0293,0.0293,0.4254,0,0,0,3.2450,3.0696,3.6835,3.6835,3.3995,0,0,0,-4.3715,-4.1253,-4.9503,-4.9503,-4.4566,0,0,0
10.103377,1788533109.875494,2.1754,2.1771,2.1771,2.1771,2.2298,0,0,0,-18.3444,-18.2881,40.2339,40.2339,39.4187,0,0,0,6.7592,6.3272,9.4907,9.4907,8.3681,0,0,0,0.1266,-0.0094,0.0113,0.0113,0.3912,0,0,0,3.2450,3.0871,3.7045,3.7045,3.4226,0,0,0,-4.3715,-4.1498,-4.9798,-4.9798,-4.4992,0,0,0
10.110386,1788533109.875494,2.1754,2.1770,2.1770,2.1770,2.2227,0,0,0,-18.3444,-18.2908,40.2399,40.2399,39.5065,0,0,0,6.7592,6.3480,9.5220,9.5220,8.4615,0,0,0,0.1266,-0.0029,0.0035,0.0035,0.3582,0,0,0,3.2450,3.0946,3.7136,3.7136,3.4452,0,0,0,-4.3715,-4.1605,-4.9926,-4.9926,-4.5403,0,0,0
10.118917,1788533109.884021,2.1754,2.1769,2.1769,2.1769,2.2163,0,0,0,-18.3444,-18.2936,40.2459,40.2459,39.5876,0,0,0,6.7592,6.3691,9.5536,9.5536,8.5518,0,0,0,0.1266,0.0037,-0.0045,-0.0045,0.3266,0,0,0,3.2450,3.1023,3.7228,3.7228,3.4672,0,0,0,-4.3715,-4.1712,-5.0055,-5.0055,-4.5797,0,0,0
10.127614,1788533109.898729,2.1754,2.1768,2.1768,2.1768,2.2107,0,0,0,-18.3444,-18.2979,40.2554,40.2554,39.6624,0,0,0,6.7592,6.4023,9.6034,9.6034,8.6390,0,0,0,0.1266,0.0141,-0.0170,-0.0170,0.2963,0,0,0,3.2450,3.1144,3.7373,3.7373,3.4886,0,0,0,-4.3715,-4.1882,-5.0259,-5.0259,-4.6177,0,0,0
10.135258,1788533109.907376,2.1754,2.1767,2.1767,2.1767,2.2068,0,0,0,-18.3444,-18.3003,40.2607,40.2607,39.7143,0,0,0,6.7592,6.4208,9.6312,9.6312,8.7022,0,0,0,0.1266,0.0200,-0.0239,-0.0239,0.2745,0,0,0,3.2450,3.1212,3.7454,3.7454,3.5041,0,0,0,-4.3715,-4.1977,-5.0373,-5.0373,-4.6450,0,0,0
10.142817,1788533109.914935,2.1754,2.1766,2.1766,2.1766,2.2023,0,0,0,-18.3444,-18.3023,40.2651,40.2651,39.7783,0,0,0,6.7592,6.4362,9.6544,9.6544,8.7834,0,0,0,0.1266,0.0248,-0.0298,-0.0298,0.2468,0,0,0,3.2450,3.1268,3.7521,3.7521,3.5243,0,0,0,-4.3715,-4.2056,-5.0467,-5.0467,-4.6801,0,0,0
10.151317,1788533109.923434,2.1754,2.1766,2.1766,2.1766,2.1983,0,0,0,-18.3444,-18.3045,40.2698,40.2698,39.8367,0,0,0,6.7592,6.4527,9.6791,9.6791,8.8613,0,0,0,0.1266,0.0300,-0.0360,-0.0360,0.2205,0,0,0,3.2450,3.1328,3.7593,3.7593,3.5439,0,0,0,-4.3715,-4.2141,-5.0569,-5.0569,-4.7136,0,0,0
10.158932,1788533109.923434,2.1754,2.1765,2.1765,2.1765,2.1948,0,0,0,-18.3444,-18.3064,40.2740,40.2740,39.8898,0,0,0,6.7592,6.4675,9.7012,9.7012,8.9357,0,0,0,0.1266,0.0346,-0.0415,-0.0415,0.1956,0,0,0,3.2450,3.1382,3.7658,3.7658,3.5627,0,0,0,-4.3715,-4.2216,-5.0659,-5.0659,-4.7454,0,0,0
10.166932,1788533109.923434,2.1754,2.1765,2.1765,2.1765,2.1917,0,0,0,-18.3444,-18.3082,40.2781,40.2781,39.9378,0,0,0,6.7592,6.4815,9.7223,9.7223,9.0064,0,0,0,0.1266,0.0390,-0.0468,-0.0468,0.1723,0,0,0,3.2450,3.1433,3.7720,3.7720,3.5807,0,0,0,-4.3715,-4.2288,-5.0746,-5.0746,-4.7756,0,0,0
10.175387,1788533109.940563,2.4309,2.2012,2.2012,2.2012,2.1891,0,0,0,-18.2950,-18.3069,40.2752,40.2752,39.9811,0,0,0,6.7440,6.5072,9.7608,9.7608,9.0736,0,0,0,0.2695,0.0615,-0.0738,-0.0738,0.1503,0,0,0,3.2326,3.1520,3.7824,3.7824,3.5979,0,0,0,-4.5172,-4.2569,-5.1083,-5.1083,-4.8041,0,0,0
10.183493,1788533109.940563,2.4309,2.2122,2.2122,2.2122,2.1868,0,0,0,-18.2950,-18.3063,40.2740,40.2740,40.0201,0,0,0,6.7440,6.5186,9.7779,9.7779,9.1370,0,0,0,0.2695,0.0714,-0.0857,-0.0857,0.1299,0,0,0,3.2326,3.1559,3.7870,3.7870,3.6143,0,0,0,-4.5172,-4.2694,-5.1233,-5.1233,-4.8310,0,0,0
10.191479,1788533109.955611,2.4540,2.2331,2.2331,2.2331,2.1849,0,0,0,-18.2472,-18.3012,40.2627,40.2627,40.0550,0,0,0,6.7628,6.5398,9.8097,9.8097,9.1970,0,0,0,0.2884,0.0902,-0.1083,-0.1083,0.1106,0,0,0,3.1991,3.1596,3.7915,3.7915,3.6299,0,0,0,-4.5477,-4.2935,-5.1522,-5.1522,-4.8564,0,0,0
10.199469,1788533109.971586,2.5310,2.2603,2.2603,2.2603,2.1838,0,0,0,-18.2383,-18.2955,40.2500,40.2500,40.0861,0,0,0,6.7694,6.5608,9.8412,9.8412,9.2538,0,0,0,0.2504,0.1049,-0.1258,-0.1258,0.0924,0,0,0,3.1961,3.1629,3.7955,3.7955,3.6448,0,0,0,-4.5313,-4.3153,-5.1783,-5.1783,-4.8807,0,0,0
10.207975,1788533109.971586,2.5310,2.2732,2.2732,2.2732,2.1835,0,0,0,-18.2383,-18.2927,40.2440,40.2440,40.1137,0,0,0,6.7694,6.5709,9.8563,9.8563,9.3074,0,0,0,0.2504,0.1118,-0.1342,-0.1342,0.0749,0,0,0,3.1961,3.1645,3.7974,3.7974,3.6589,0,0,0,-4.5313,-4.3256,-5.1908,-5.1908,-4.9041,0,0,0
10.215987,1788533109.980093,2.5310,2.2863,2.2863,2.2863,2.1843,0,0,0,-18.2383,-18.2900,40.2379,40.2379,40.1378,0,0,0,6.7694,6.5810,9.8715,9.8715,9.3582,0,0,0,0.2504,0.1189,-0.1427,-0.1427,0.0579,0,0,0,3.1961,3.1661,3.7994,3.7994,3.6723,0,0,0,-4.5313,-4.3361,-5.2033,-5.2033,-4.9267,0,0,0
10.223545,1788533109.995663,2.5453,2.3094,2.3094,2.3094,2.1856,0,0,0,-18.1757,-18.2798,40.2155,40.2155,40.1536,0,0,0,6.7867,6.5994,9.8991,9.8991,9.3946,0,0,0,0.3261,0.1374,-0.1649,-0.1649,0.0456,0,0,0,3.1838,3.1677,3.8012,3.8012,3.6818,0,0,0,-4.6369,-4.3630,-5.2356,-5.2356,-4.9434,0,0,0
10.231524,1788533110.003642,2.5453,2.3207,2.3207,2.3207,2.1884,0,0,0,-18.1757,-18.2748,40.2045,40.2045,40.1720,0,0,0,6.7867,6.6084,9.9126,9.9126,9.4408,0,0,0,0.3261,0.1464,-0.1757,-0.1757,0.0295,0,0,0,3.1838,3.1685,3.8022,3.8022,3.6938,0,0,0,-4.6369,-4.3761,-5.2513,-5.2513,-4.9651,0,0,0
10.239930,1788533110.003642,2.5453,2.3314,2.3314,2.3314,2.1923,0,0,0,-18.1757,-18.2700,40.1941,40.1941,40.1876,0,0,0,6.7867,6.6170,9.9254,9.9254,9.4844,0,0,0,0.3261,0.1550,-0.1860,-0.1860,0.0139,0,0,0,3.1838,3.1692,3.8030,3.8030,3.7051,0,0,0,-4.6369,-4.3886,-5.2664,-5.2664,-4.9863,0,0,0
10.247928,1788533110.012048,2.5453,2.3422,2.3422,2.3422,2.1974,0,0,0,-18.1757,-18.2653,40.1836,40.1836,40.2002,0,0,0,6.7867,6.6255,9.9383,9.9383,9.5257,0,0,0,0.3261,0.1636,-0.1964,-0.1964,-0.0014,0,0,0,3.1838,3.1699,3.8039,3.8039,3.7155,0,0,0,-4.6369,-4.4011,-5.2813,-5.2813,-5.0071,0,0,0
10.255592,1788533110.027710,2.6030,2.3656,2.3656,2.3656,2.2035,0,0,0,-18.0696,-18.2477,40.1450,40.1450,40.2102,0,0,0,6.7652,6.6381,9.9571,9.9571,9.5646,0,0,0,0.3025,0.1761,-0.2113,-0.2113,-0.0163,0,0,0,3.2210,3.1745,3.8094,3.8094,3.7252,0,0,0,-4.5490,-4.4144,-5.2973,-5.2973,-5.0276,0,0,0
10.263793,1788533110.027710,2.6030,2.3769,2.3769,2.3769,2.2103,0,0,0,-18.0696,-18.2392,40.1262,40.1262,40.2178,0,0,0,6.7652,6.6442,9.9663,9.9663,9.6012,0,0,0,0.3025,0.1822,-0.2186,-0.2186,-0.0308,0,0,0,3.2210,3.1767,3.8121,3.8121,3.7341,0,0,0,-4.5490,-4.4209,-5.3050,-5.3050,-5.0476,0,0,0
10.271787,1788533110.043905,2.6030,2.3978,2.3978,2.3978,2.2180,0,0,0,-18.0696,-18.2235,40.0917,40.0917,40.2232,0,0,0,6.7652,6.6554,9.9831,9.9831,9.6357,0,0,0,0.3025,0.1933,-0.2319,-0.2319,-0.0450,0,0,0,3.2210,3.1808,3.8170,3.8170,3.7423,0,0,0,-4.5490,-4.4327,-5.3193,-5.3193,-5.0673,0,0,0
10.279295,1788533110.051413,2.7065,2.4118,2.4118,2.4118,2.2265,0,0,0,-18.0696,-18.2166,40.0765,40.0765,40.2260,0,0,0,6.7325,6.6589,9.9883,9.9883,9.6682,0,0,0,0.2872,0.1975,-0.2370,-0.2370,-0.0590,0,0,0,3.2494,3.1839,3.8207,3.8207,3.7498,0,0,0,-4.5268,-4.4370,-5.3244,-5.3244,-5.0866,0,0,0
10.287300,1788533110.051413,2.7065,2.4259,2.4259,2.4259,2.2358,0,0,0,-18.0696,-18.2095,40.0610,40.0610,40.2265,0,0,0,6.7325,6.6624,9.9936,9.9936,9.6988,0,0,0,0.2872,0.2018,-0.2422,-0.2422,-0.0727,0,0,0,3.2494,3.1871,3.8245,3.8245,3.7568,0,0,0,-4.5268,-4.4413,-5.3295,-5.3295,-5.1056,0,0,0
10.295302,1788533110.060420,2.7065,2.4409,2.4409,2.4409,2.2459,0,0,0,-18.0696,-18.2020,40.0445,40.0445,40.2246,0,0,0,6.7325,6.6662,9.9993,9.9993,9.7276,0,0,0,0.2872,0.2064,-0.2477,-0.2477,-0.0862,0,0,0,3.2494,3.1904,3.8285,3.8285,3.7633,0,0,0,-4.5268,-4.4459,-5.3351,-5.3351,-5.1241,0,0,0
10.303573,1788533110.075691,2.7065,2.4642,2.4642,2.4642,2.2566,0,0,0,-18.0696,-18.1904,40.0190,40.0190,40.2205,0,0,0,6.7325,6.6720,10.0080,10.0080,9.7547,0,0,0,0.2872,0.2135,-0.2562,-0.2562,-0.0994,0,0,0,3.2494,3.1956,3.8347,3.8347,3.7694,0,0,0,-4.5268,-4.4530,-5.3436,-5.3436,-5.1420,0,0,0
10.312085,1788533110.083201,2.7065,2.4752,2.4752,2.4752,2.2680,0,0,0,-18.0696,-18.1850,40.0070,40.0070,40.2145,0,0,0,6.7325,6.6747,10.0121,10.0121,9.7800,0,0,0,0.2872,0.2168,-0.2602,-0.2602,-0.1121,0,0,0,3.2494,3.1980,3.8376,3.8376,3.7752,0,0,0,-4.5268,-4.4563,-5.3476,-5.3476,-5.1593,0,0,0
10.320087,1788533110.083201,2.7065,2.4863,2.4863,2.4863,2.2769,0,0,0,-18.0696,-18.1795,39.9948,39.9948,40.2089,0,0,0,6.7325,6.6775,10.0163,10.0163,9.7979,0,0,0,0.2872,0.2202,-0.2642,-0.2642,-0.1214,0,0,0,3.2494,3.2005,3.8406,3.8406,3.7792,0,0,0,-4.5268,-4.4597,-5.3516,-5.3516,-5.1718,0,0,0
10.327614,1788533110.099732,2.7065,2.5070,2.5070,2.5070,2.2892,0,0,0,-18.0696,-18.1691,39.9721,39.9721,40.2001,0,0,0,6.7325,6.6827,10.0240,10.0240,9.8203,0,0,0,0.2872,0.2265,-0.2718,-0.2718,-0.1335,0,0,0,3.2494,3.2051,3.8461,3.8461,3.7844,0,0,0,-4.5268,-4.4660,-5.3592,-5.3592,-5.1879,0,0,0
10.336147,1788533110.099732,2.7065,2.5166,2.5166,2.5166,2.3022,0,0,0,-18.0696,-18.1644,39.9616,39.9616,40.1897,0,0,0,6.7325,6.6851,10.0276,10.0276,9.8412,0,0,0,0.2872,0.2294,-0.2753,-0.2753,-0.1451,0,0,0,3.2494,3.2072,3.8486,3.8486,3.7895,0,0,0,-4.5268,-4.4689,-5.3627,-5.3627,-5.2033,0,0,0
10.343800,1788533110.099732,2.7065,2.5257,2.5257,2.5257,2.3158,0,0,0,-18.0696,-18.1598,39.9516,39.9516,40.1779,0,0,0,6.7325,6.6874,10.0310,10.0310,9.8607,0,0,0,0.2872,0.2322,-0.2786,-0.2786,-0.1564,0,0,0,3.2494,3.2092,3.8511,3.8511,3.7944,0,0,0,-4.5268,-4.4717,-5.3661,-5.3661,-5.2179,0,0,0
10.351464,1788533110.123582,2.8823,2.5722,2.5722,2.5722,2.3299,0,0,0,-18.2526,-18.1719,39.9782,39.9782,40.1650,0,0,0,6.6337,6.6804,10.0205,10.0205,9.8788,0,0,0,0.2485,0.2343,-0.2812,-0.2812,-0.1673,0,0,0,3.3040,3.2216,3.8659,3.8659,3.7991,0,0,0,-4.5406,-4.4807,-5.3768,-5.3768,-5.2319,0,0,0
10.359999,1788533110.123582,2.8823,2.5871,2.5871,2.5871,2.3443,0,0,0,-18.2526,-18.1758,39.9867,39.9867,40.1512,0,0,0,6.6337,6.6781,10.0172,10.0172,9.8956,0,0,0,0.2485,0.2350,-0.2820,-0.2820,-0.1777,0,0,0,3.3040,3.2255,3.8706,3.8706,3.8037,0,0,0,-4.5406,-4.4836,-5.3803,-5.3803,-5.2452,0,0,0
10.368000,1788533110.123582,2.8823,2.6013,2.6013,2.6013,2.3593,0,0,0,-18.2526,-18.1795,39.9948,39.9948,40.1373,0,0,0,6.6337,6.6760,10.0140,10.0140,9.9109,0,0,0,0.2485,0.2356,-0.2828,-0.2828,-0.1876,0,0,0,3.3040,3.2293,3.8751,3.8751,3.8083,0,0,0,-4.5406,-4.4863,-5.3836,-5.3836,-5.2578,0,0,0
10.376526,1788533110.147637,2.9150,2.6425,2.6425,2.6425,2.3750,0,0,0,-18.2853,-18.1934,40.0254,40.0254,40.1238,0,0,0,6.6508,6.6727,10.0090,10.0090,9.9248,0,0,0,0.2279,0.2346,-0.2815,-0.2815,-0.1970,0,0,0,3.2919,3.2375,3.8850,3.8850,3.8130,0,0,0,-4.5042,-4.4887,-5.3864,-5.3864,-5.2698,0,0,0
10.383518,1788533110.155635,2.9150,2.6556,2.6556,2.6556,2.3911,0,0,0,-18.2853,-18.1978,40.0351,40.0351,40.1109,0,0,0,6.6508,6.6716,10.0074,10.0074,9.9372,0,0,0,0.2279,0.2343,-0.2812,-0.2812,-0.2059,0,0,0,3.2919,3.2401,3.8881,3.8881,3.8177,0,0,0,-4.5042,-4.4894,-5.3873,-5.3873,-5.2811,0,0,0
10.392039,1788533110.164156,2.9150,2.6688,2.6688,2.6688,2.4078,0,0,0,-18.2853,-18.2022,40.0449,40.0449,40.0992,0,0,0,6.6508,6.6706,10.0059,10.0059,9.9481,0,0,0,0.2279,0.2340,-0.2808,-0.2808,-0.2141,0,0,0,3.2919,3.2428,3.8913,3.8913,3.8225,0,0,0,-4.5042,-4.4902,-5.3882,-5.3882,-5.2917,0,0,0
10.399920,1788533110.172037,2.9150,2.6805,2.6805,2.6805,2.4252,0,0,0,-18.2853,-18.2061,40.0535,40.0535,40.0889,0,0,0,6.6508,6.6696,10.0044,10.0044,9.9578,0,0,0,0.2279,0.2337,-0.2804,-0.2804,-0.2217,0,0,0,3.2919,3.2451,3.8941,3.8941,3.8274,0,0,0,-4.5042,-4.4908,-5.3890,-5.3890,-5.3017,0,0,0
10.408082,1788533110.178708,2.9213,2.6902,2.6902,2.6902,2.4429,0,0,0,-18.2606,-18.2083,40.0583,40.0583,40.0800,0,0,0,6.7581,6.6732,10.0098,10.0098,9.9661,0,0,0,0.0632,0.2268,-0.2722,-0.2722,-0.2287,0,0,0,3.3038,3.2474,3.8969,3.8969,3.8323,0,0,0,-4.0995,-4.4751,-5.3701,-5.3701,-5.3111,0,0,0
10.416090,1788533110.187205,2.9213,2.7019,2.7019,2.7019,2.4609,0,0,0,-18.2606,-18.2110,40.0641,40.0641,40.0726,0,0,0,6.7581,6.6775,10.0163,10.0163,9.9733,0,0,0,0.0632,0.2185,-0.2622,-0.2622,-0.2350,0,0,0,3.3038,3.2503,3.9004,3.9004,3.8372,0,0,0,-4.0995,-4.4560,-5.3472,-5.3472,-5.3197,0,0,0
10.424266,1788533110.195383,2.9213,2.7127,2.7127,2.7127,2.4744,0,0,0,-18.2606,-18.2134,40.0695,40.0695,40.0679,0,0,0,6.7581,6.6814,10.0222,10.0222,9.9781,0,0,0,0.0632,0.2109,-0.2531,-0.2531,-0.2394,0,0,0,3.3038,3.2529,3.9035,3.9035,3.8409,0,0,0,-4.0995,-4.4386,-5.3263,-5.3263,-5.3256,0,0,0
10.432316,1788533110.195383,2.9213,2.7227,2.7227,2.7227,2.4923,0,0,0,-18.2606,-18.2157,40.0745,40.0745,40.0628,0,0,0,6.7581,6.6851,10.0277,10.0277,9.9838,0,0,0,0.0632,0.2039,-0.2446,-0.2446,-0.2444,0,0,0,3.3038,3.2554,3.9064,3.9064,3.8457,0,0,0,-4.0995,-4.4224,-5.3068,-5.3068,-5.3324,0,0,0
10.440473,1788533110.204433,2.9213,2.7334,2.7334,2.7334,2.5101,0,0,0,-18.2606,-18.2181,40.0798,40.0798,40.0588,0,0,0,6.7581,6.6891,10.0336,10.0336,9.9888,0,0,0,0.0632,0.1963,-0.2356,-0.2356,-0.2486,0,0,0,3.3038,3.2580,3.9096,3.9096,3.8505,0,0,0,-4.0995,-4.4050,-5.2860,-5.2860,-5.3378,0,0,0
10.448558,1788533110.204433,2.9213,2.7424,2.7424,2.7424,2.5276,0,0,0,-18.2606,-18.2201,40.0843,40.0843,40.0560,0,0,0,6.7581,6.6924,10.0385,10.0385,9.9934,0,0,0,0.0632,0.1899,-0.2279,-0.2279,-0.2519,0,0,0,3.3038,3.2602,3.9122,3.9122,3.8551,0,0,0,-4.0995,-4.3904,-5.2684,-5.2684,-5.3416,0,0,0
10.456079,1788533110.227198,2.9213,2.7648,2.7648,2.7648,2.5447,0,0,0,-18.2606,-18.2252,40.0954,40.0954,40.0541,0,0,0,6.7581,6.7006,10.0509,10.0509,9.9976,0,0,0,0.0632,0.1741,-0.2089,-0.2089,-0.2542,0,0,0,3.3038,3.2656,3.9187,3.9187,3.8597,0,0,0,-4.0995,-4.3539,-5.2247,-5.2247,-5.3439,0,0,0
10.463619,1788533110.235737,2.9213,2.7728,2.7728,2.7728,2.5615,0,0,0,-18.2606,-18.2270,40.0994,40.0994,40.0531,0,0,0,6.7581,6.7035,10.0553,10.0553,10.0015,0,0,0,0.0632,0.1684,-0.2021,-0.2021,-0.2557,0,0,0,3.3038,3.2676,3.9211,3.9211,3.8641,0,0,0,-4.0995,-4.3410,-5.2092,-5.2092,-5.3445,0,0,0
10.472157,1788533110.235737,2.9213,2.7799,2.7799,2.7799,2.5780,0,0,0,-18.2606,-18.2286,40.1029,40.1029,40.0530,0,0,0,6.7581,6.7061,10.0592,10.0592,10.0054,0,0,0,0.0632,0.1634,-0.1961,-0.1961,-0.2562,0,0,0,3.3038,3.2693,3.9232,3.9232,3.8685,0,0,0,-4.0995,-4.3294,-5.1953,-5.1953,-5.3432,0,0,0
10.480339,1788533110.251801,2.6932,2.7720,2.7720,2.7720,2.5941,0,0,0,-17.1077,-18.1258,39.8767,39.8767,40.0537,0,0,0,6.7483,6.7100,10.0650,10.0650,10.0092,0,0,0,-0.6158,0.0919,-0.1103,-0.1103,-0.2557,0,0,0,3.3658,3.2782,3.9338,3.9338,3.8728,0,0,0,-3.5302,-4.2561,-5.1073,-5.1073,-5.3401,0,0,0
10.488343,1788533110.259460,2.6932,2.7683,2.7683,2.7683,2.6100,0,0,0,-17.1077,-18.0790,39.7738,39.7738,40.0550,0,0,0,6.7483,6.7118,10.0677,10.0677,10.0130,0,0,0,-0.6158,0.0594,-0.0712,-0.0712,-0.2543,0,0,0,3.3658,3.2822,3.9386,3.9386,3.8771,0,0,0,-3.5302,-4.2227,-5.0672,-5.0672,-5.3352,0,0,0
10.496691,1788533110.267805,2.6932,2.7646,2.7646,2.7646,2.6252,0,0,0,-17.1077,-18.0305,39.6672,39.6672,40.0550,0,0,0,6.7483,6.7136,10.0704,10.0704,10.0169,0,0,0,-0.6158,0.0257,-0.0308,-0.0308,-0.2514,0,0,0,3.3658,3.2864,3.9436,3.9436,3.8813,0,0,0,-3.5302,-4.1881,-5.0257,-5.0257,-5.3282,0,0,0
10.504208,1788533110.276325,2.6932,2.7610,2.7610,2.7610,2.6397,0,0,0,-17.1077,-17.9835,39.5638,39.5638,40.0510,0,0,0,6.7483,6.7154,10.0730,10.0730,10.0208,0,0,0,-0.6158,-0.0070,0.0084,0.0084,-0.2465,0,0,0,3.3658,3.2904,3.9485,3.9485,3.8855,0,0,0,-3.5302,-4.1546,-4.9855,-4.9855,-5.3186,0,0,0
10.512208,1788533110.284326,2.6932,2.7577,2.7577,2.7577,2.6532,0,0,0,-17.1077,-17.9415,39.4713,39.4713,40.0422,0,0,0,6.7483,6.7169,10.0754,10.0754,10.0246,0,0,0,-0.6158,-0.0362,0.0434,0.0434,-0.2392,0,0,0,3.3658,3.2940,3.9528,3.9528,3.8898,0,0,0,-3.5302,-4.1246,-4.9495,-4.9495,-5.3063,0,0,0
10.520214,1788533110.292331,2.6932,2.7546,2.7546,2.7546,2.6657,0,0,0,-17.1077,-17.9014,39.3832,39.3832,40.0279,0,0,0,6.7483,6.7184,10.0777,10.0777,10.0285,0,0,0,-0.6158,-0.0640,0.0768,0.0768,-0.2295,0,0,0,3.3658,3.2974,3.9569,3.9569,3.8941,0,0,0,-3.5302,-4.0961,-4.9153,-4.9153,-5.2915,0,0,0
10.528733,1788533110.292331,2.6932,2.7517,2.7517,2.7517,2.6743,0,0,0,-17.1077,-17.8633,39.2993,39.2993,40.0134,0,0,0,6.7483,6.7199,10.0798,10.0798,10.0313,0,0,0,-0.6158,-0.0905,0.1086,0.1086,-0.2207,0,0,0,3.3658,3.3007,3.9609,3.9609,3.8974,0,0,0,-3.5302,-4.0689,-4.8827,-4.8827,-5.2788,0,0,0
10.536279,1788533110.308396,3.0189,2.7762,2.7762,2.7762,2.6848,0,0,0,-15.8273,-17.6758,38.8868,38.8868,39.9891,0,0,0,7.0361,6.7489,10.1233,10.1233,10.0351,0,0,0,-0.8650,-0.1617,0.1941,0.1941,-0.2071,0,0,0,3.8028,3.3468,4.0162,4.0162,3.9018,0,0,0,-3.9211,-4.0553,-4.8664,-4.8664,-5.2599,0,0,0
10.544279,1788533110.316396,3.0189,2.7878,2.7878,2.7878,2.6943,0,0,0,-15.8273,-17.5868,38.6911,38.6911,39.9591,0,0,0,7.0361,6.7627,10.1440,10.1440,10.0388,0,0,0,-0.8650,-0.1955,0.2346,0.2346,-0.1913,0,0,0,3.8028,3.3687,4.0424,4.0424,3.9062,0,0,0,-3.9211,-4.0489,-4.8586,-4.8586,-5.2390,0,0,0
10.552814,1788533110.316396,3.0189,2.7989,2.7989,2.7989,2.6986,0,0,0,-15.8273,-17.5021,38.5046,38.5046,39.9419,0,0,0,7.0361,6.7758,10.1636,10.1636,10.0406,0,0,0,-0.8650,-0.2276,0.2732,0.2732,-0.1827,0,0,0,3.8028,3.3895,4.0674,4.0674,3.9084,0,0,0,-3.9211,-4.0427,-4.8513,-4.8513,-5.2279,0,0,0
10.560498,1788533110.316396,3.0189,2.8095,2.8095,2.8095,2.7088,0,0,0,-15.8273,-17.4213,38.3269,38.3269,39.8882,0,0,0,7.0361,6.7882,10.1824,10.1824,10.0458,0,0,0,-0.8650,-0.2583,0.3099,0.3099,-0.1583,0,0,0,3.8028,3.4093,4.0911,4.0911,3.9148,0,0,0,-3.9211,-4.0369,-4.8443,-4.8443,-5.1987,0,0,0
10.568009,1788533110.316396,3.0189,2.8195,2.8195,2.8195,2.7182,0,0,0,-15.8273,-17.3444,38.1577,38.1577,39.8203,0,0,0,7.0361,6.8001,10.2002,10.2002,10.0518,0,0,0,-0.8650,-0.2874,0.3449,0.3449,-0.1307,0,0,0,3.8028,3.4282,4.1138,4.1138,3.9225,0,0,0,-3.9211,-4.0313,-4.8376,-4.8376,-5.1683,0,0,0
10.576656,1788533110.316396,3.0189,2.8291,2.8291,2.8291,2.7254,0,0,0,-15.8273,-17.2711,37.9965,37.9965,39.7535,0,0,0,7.0361,6.8114,10.2171,10.2171,10.0577,0,0,0,-0.8650,-0.3152,0.3782,0.3782,-0.1061,0,0,0,3.8028,3.4461,4.1353,4.1353,3.9300,0,0,0,-3.9211,-4.0260,-4.8313,-4.8313,-5.1438,0,0,0
10.584287,1788533110.316396,3.0189,2.8382,2.8382,2.8382,2.7326,0,0,0,-15.8273,-17.2014,37.8431,37.8431,39.6758,0,0,0,7.0361,6.8222,10.2333,10.2333,10.0645,0,0,0,-0.8650,-0.3416,0.4100,0.4100,-0.0795,0,0,0,3.8028,3.4632,4.1559,4.1559,3.9387,0,0,0,-3.9211,-4.0210,-4.8252,-4.8252,-5.1193,0,0,0
10.592285,1788533110.316396,3.0189,2.8468,2.8468,2.8468,2.7397,0,0,0,-15.8273,-17.1350,37.6969,37.6969,39.5879,0,0,0,7.0361,6.8325,10.2487,10.2487,10.0723,0,0,0,-0.8650,-0.3668,0.4402,0.4402,-0.0511,0,0,0,3.8028,3.4795,4.1754,4.1754,3.9487,0,0,0,-3.9211,-4.0162,-4.8195,-4.8195,-5.0953,0,0,0
10.600591,1788533110.316396,3.0189,2.8551,2.8551,2.8551,2.7451,0,0,0,-15.8273,-17.0717,37.5578,37.5578,39.5160,0,0,0,7.0361,6.8422,10.2633,10.2633,10.0787,0,0,0,-0.8650,-0.3908,0.4689,0.4689,-0.0289,0,0,0,3.8028,3.4950,4.1940,4.1940,3.9569,0,0,0,-3.9211,-4.0117,-4.8140,-4.8140,-5.0776,0,0,0
10.608564,1788533110.380682,4.2131,3.2464,3.2464,3.2464,2.7523,0,0,0,-12.7708,-15.8254,34.8159,36.3578,39.4127,1,0,0,5.5319,6.4651,9.6976,9.6976,10.0880,0,0,0,-1.2681,-0.6439,0.7727,0.7727,0.0017,0,0,0,2.9497,3.3380,4.0056,4.0056,3.9688,0,0,0,-3.8042,-3.9519,-4.7423,-4.7423,-5.0548,0,0,0
10.616565,1788533110.380682,4.2131,3.2928,3.2928,3.2928,2.7596,0,0,0,-12.7708,-15.6776,34.4906,35.1578,39.3022,1,0,0,5.5319,6.4204,9.6306,9.6306,10.0980,0,0,0,-1.2681,-0.6739,0.8087,0.8087,0.0333,0,0,0,2.9497,3.3194,3.9832,3.9832,3.9818,0,0,0,-3.8042,-3.9448,-4.7338,-4.7338,-5.0328,0,0,0
10.624123,1788533110.380682,4.2131,3.3369,3.3369,3.3369,2.7679,0,0,0,-12.7708,-15.5367,34.1807,34.1807,39.1827,0,0,0,5.5319,6.3778,9.5668,9.5668,10.1073,0,0,0,-1.2681,-0.7025,0.8430,0.8430,0.0663,0,0,0,2.9497,3.3016,3.9620,3.9620,3.9950,0,0,0,-3.8042,-3.9381,-4.7257,-4.7257,-5.0117,0,0,0
10.632681,1788533110.380682,4.2131,3.3790,3.3790,3.3790,2.7817,0,0,0,-12.7708,-15.4024,33.8853,33.8853,39.0407,0,0,0,5.5319,6.3373,9.5060,9.5060,10.1089,0,0,0,-1.2681,-0.7297,0.8756,0.8756,0.1036,0,0,0,2.9497,3.2848,3.9418,3.9418,4.0061,0,0,0,-3.8042,-3.9316,-4.7180,-4.7180,-4.9907,0,0,0
10.640231,1788533110.412349,4.6723,3.5944,3.5944,3.5944,2.8015,0,0,0,-12.0785,-14.8442,32.6572,32.6853,38.8622,1,0,0,5.0510,6.1235,9.1853,9.1853,10.1017,0,0,0,-1.3056,-0.8256,0.9907,0.9907,0.1451,0,0,0,2.8631,3.2148,3.8578,3.8578,4.0143,0,0,0,-3.8042,-3.9105,-4.6925,-4.6925,-4.9698,0,0,0
10.648242,1788533110.412349,4.6723,3.6462,3.6462,3.6462,2.8273,0,0,0,-12.0785,-14.7098,32.3616,32.3616,38.6367,0,0,0,5.0510,6.0720,9.1081,9.1081,10.0853,0,0,0,-1.3056,-0.8487,1.0184,1.0184,0.1903,0,0,0,2.8631,3.1980,3.8376,3.8376,4.0194,0,0,0,-3.8042,-3.9054,-4.6864,-4.6864,-4.9490,0,0,0
10.656788,1788533110.412349,4.6723,3.6955,3.6955,3.6955,2.8603,0,0,0,-12.0785,-14.5819,32.0801,32.0801,38.3602,0,0,0,5.0510,6.0230,9.0345,9.0345,10.0576,0,0,0,-1.3056,-0.8706,1.0447,1.0447,0.2393,0,0,0,2.8631,3.1819,3.8183,3.8183,4.0208,0,0,0,-3.8042,-3.9005,-4.6806,-4.6806,-4.9284,0,0,0
10.664305,1788533110.435536,4.6723,3.8203,3.8203,3.8203,2.8990,0,0,0,-12.0785,-14.2589,31.3697,31.3697,38.0442,0,0,0,5.0510,5.8991,8.8486,8.8486,10.0206,0,0,0,-1.3056,-0.9261,1.1114,1.1114,0.2908,0,0,0,2.8631,3.1414,3.7697,3.7697,4.0189,0,0,0,-3.8042,-3.8882,-4.6659,-4.6659,-4.9081,0,0,0
10.672399,1788533110.444516,4.6723,3.8660,3.8660,3.8660,2.9425,0,0,0,-12.0785,-14.1406,31.1093,31.1093,37.6964,0,0,0,5.0510,5.8536,8.7804,8.7804,9.9753,0,0,0,-1.3056,-0.9465,1.1358,1.1358,0.3439,0,0,0,2.8631,3.1265,3.7518,3.7518,4.0142,0,0,0,-3.8042,-3.8838,-4.6605,-4.6605,-4.8884,0,0,0
10.680432,1788533110.452549,6.1809,3.9780,3.9780,3.9780,2.9915,0,0,0,-9.6436,-13.9205,30.6250,30.6250,37.3166,0,0,0,3.3696,5.7336,8.6004,8.6004,9.9209,0,0,0,-0.9914,-0.9487,1.1384,1.1384,0.3986,0,0,0,2.2706,3.0853,3.7024,3.7024,4.0065,0,0,0,-3.4463,-3.8627,-4.6352,-4.6352,-4.8691,0,0,0
10.688416,1788533110.460534,6.1809,4.0840,4.0840,4.0840,3.0452,0,0,0,-9.6436,-13.7119,30.1662,30.1662,36.9109,0,0,0,3.3696,5.6199,8.4299,8.4299,9.8581,0,0,0,-0.9914,-0.9507,1.1409,1.1409,0.4541,0,0,0,2.2706,3.0463,3.6556,3.6556,3.9958,0,0,0,-3.4463,-3.8428,-4.6113,-4.6113,-4.8504,0,0,0
10.696418,1788533110.467525,6.1809,4.1731,4.1731,4.1731,3.1033,0,0,0,-9.6436,-13.5368,29.7809,29.7809,36.4844,0,0,0,3.3696,5.5245,8.2867,8.2867,9.7873,0,0,0,-0.9914,-0.9524,1.1429,1.1429,0.5094,0,0,0,2.2706,3.0136,3.6164,3.6164,3.9825,0,0,0,-3.4463,-3.8260,-4.5913,-4.5913,-4.8320,0,0,0
10.704747,1788533110.475865,6.6204,4.2961,4.2961,4.2961,3.1498,0,0,0,-9.0886,-13.3099,29.2817,29.2817,36.1534,0,0,0,2.6605,5.3805,8.0708,8.0708,9.7288,0,0,0,-0.9792,-0.9538,1.1445,1.1445,0.5502,0,0,0,2.0765,2.9668,3.5602,3.5602,3.9706,0,0,0,-2.8367,-3.7766,-4.5320,-4.5320,-4.8184,0,0,0
10.712747,1788533110.484864,6.6204,4.4219,4.4219,4.4219,3.2153,0,0,0,-9.0886,-13.0780,28.7717,28.7717,35.7006,0,0,0,2.6605,5.2334,7.8501,7.8501,9.6441,0,0,0,-0.9792,-0.9551,1.1462,1.1462,0.6032,0,0,0,2.0765,2.9190,3.5029,3.5029,3.9525,0,0,0,-2.8367,-3.7262,-4.4714,-4.4714,-4.8002,0,0,0
10.721042,1788533110.491168,6.6204,4.5067,4.5067,4.5067,3.2847,0,0,0,-9.0886,-12.9217,28.4278,28.4278,35.2371,0,0,0,2.6605,5.1341,7.7012,7.7012,9.5515,0,0,0,-0.9792,-0.9561,1.1473,1.1473,0.6541,0,0,0,2.0765,2.8868,3.4642,3.4642,3.9318,0,0,0,-2.8367,-3.6922,-4.4306,-4.4306,-4.7816,0,0,0
10.729051,1788533110.491168,6.6204,4.6092,4.6092,4.6092,3.3582,0,0,0,-9.0886,-12.7329,28.0124,28.0124,34.7646,0,0,0,2.6605,5.0142,7.5212,7.5212,9.4506,0,0,0,-0.9792,-0.9572,1.1486,1.1486,0.7024,0,0,0,2.0765,2.8479,3.4175,3.4175,3.9084,0,0,0,-2.8367,-3.6511,-4.3813,-4.3813,-4.7620,0,0,0
10.736607,1788533110.491168,6.6204,4.7068,4.7068,4.7068,3.4352,0,0,0,-9.0886,-12.5531,27.6169,27.6169,34.2864,0,0,0,2.6605,4.8999,7.3498,7.3498,9.3419,0,0,0,-0.9792,-0.9582,1.1499,1.1499,0.7479,0,0,0,2.0765,2.8108,3.3730,3.3730,3.8826,0,0,0,-2.8367,-3.6119,-4.3343,-4.3343,-4.7411,0,0,0
10.744634,1788533110.515760,6.6204,4.9660,4.9660,4.9660,3.4951,0,0,0,-9.0886,-12.0774,26.5703,26.5703,33.9257,0,0,0,2.6605,4.5964,6.8946,6.8946,9.2556,0,0,0,-0.9792,-0.9610,1.1532,1.1532,0.7801,0,0,0,2.0765,2.7121,3.2546,3.2546,3.8617,0,0,0,-2.8367,-3.5077,-4.2093,-4.2093,-4.7245,0,0,0
10.753166,1788533110.524288,6.3923,5.0395,5.0395,5.0395,3.5986,0,0,0,-7.7088,-11.8486,26.0668,26.0668,33.3225,0,0,0,0.9767,4.4094,6.6141,6.6141,9.1033,0,0,0,-1.2357,-0.9750,1.1700,1.1700,0.8300,0,0,0,1.2857,2.6392,3.1671,3.1671,3.8243,0,0,0,-1.7624,-3.4185,-4.1022,-4.1022,-4.6947,0,0,0
10.760164,1788533110.524288,6.3923,5.1052,5.1052,5.1052,3.6860,0,0,0,-7.7088,-11.6442,25.6172,25.6172,32.8330,0,0,0,0.9767,4.2423,6.3634,6.3634,8.9712,0,0,0,-1.2357,-0.9875,1.1851,1.1851,0.8665,0,0,0,1.2857,2.5741,3.0889,3.0889,3.7913,0,0,0,-1.7624,-3.3387,-4.0065,-4.0065,-4.6680,0,0,0
10.768677,1788533110.524288,6.3923,5.1677,5.1677,5.1677,3.7544,0,0,0,-7.7088,-11.4496,25.1892,25.1892,32.4601,0,0,0,0.9767,4.0831,6.1246,6.1246,8.8649,0,0,0,-1.2357,-0.9995,1.1993,1.1993,0.8921,0,0,0,1.2857,2.5120,3.0144,3.0144,3.7645,0,0,0,-1.7624,-3.2628,-3.9153,-3.9153,-4.6457,0,0,0
10.777107,1788533110.524288,6.3923,5.2271,5.2271,5.2271,3.8482,0,0,0,-7.7088,-11.2645,24.7820,24.7820,31.9571,0,0,0,0.9767,3.9314,5.8971,5.8971,8.7140,0,0,0,-1.2357,-1.0108,1.2130,1.2130,0.9239,0,0,0,1.2857,2.4529,2.9435,2.9435,3.7258,0,0,0,-1.7624,-3.1904,-3.8285,-3.8285,-4.6126,0,0,0
10.784737,1788533110.555855,7.7667,5.6524,5.6524,5.6524,3.9440,0,0,0,-5.9145,-10.3547,22.7802,23.5820,31.4498,1,0,0,0.1291,3.2916,4.9374,4.9374,8.5530,0,0,0,-1.7682,-1.1365,1.3638,1.3638,0.9535,0,0,0,0.9407,2.2012,2.6414,2.6414,3.6838,0,0,0,-0.8186,-2.7951,-3.3541,-3.3541,-4.5754,0,0,0
10.793295,1788533110.555855,7.7667,5.7551,5.7551,5.7551,4.0408,0,0,0,-5.9145,-10.1351,22.2973,22.3820,30.9407,1,0,0,0.1291,3.1372,4.7057,4.7057,8.3828,0,0,0,-1.7682,-1.1668,1.4001,1.4001,0.9810,0,0,0,0.9407,2.1404,2.5685,2.5685,3.6387,0,0,0,-0.8186,-2.6997,-3.2396,-3.2396,-4.5340,0,0,0
10.800773,1788533110.565413,7.9716,5.8825,5.8825,5.8825,4.1407,0,0,0,-5.5648,-9.8674,21.7082,21.7082,30.4251,0,0,0,0.1291,2.9632,4.4447,4.4447,8.1984,0,0,0,-1.7682,-1.2010,1.4412,1.4412,1.0078,0,0,0,0.9247,2.0710,2.4852,2.4852,3.5887,0,0,0,-0.6541,-2.5826,-3.0992,-3.0992,-4.4854,0,0,0
10.808784,1788533110.580901,8.3139,6.1013,6.1013,6.1013,4.2459,0,0,0,-4.9105,-9.4132,20.7091,20.7091,29.8930,0,0,0,0.1749,2.7109,4.0663,4.0663,7.9957,0,0,0,-1.8389,-1.2577,1.5093,1.5093,1.0353,0,0,0,0.8320,1.9603,2.3524,2.3524,3.5327,0,0,0,-0.6947,-2.4136,-2.8963,-2.8963,-4.4268,0,0,0
10.817050,1788533110.580901,8.3139,6.2089,6.2089,6.2089,4.3555,0,0,0,-4.9105,-9.1899,20.2179,20.2179,29.3407,0,0,0,0.1749,2.5868,3.8802,3.8802,7.7777,0,0,0,-1.8389,-1.2857,1.5428,1.5428,1.0634,0,0,0,0.8320,1.9059,2.2870,2.2870,3.4713,0,0,0,-0.6947,-2.3304,-2.7965,-2.7965,-4.3591,0,0,0
10.825051,1788533110.580901,8.3139,6.3113,6.3113,6.3113,4.4407,0,0,0,-4.9105,-8.9775,19.7505,19.7505,28.9127,0,0,0,0.1749,2.4688,3.7032,3.7032,7.6050,0,0,0,-1.8389,-1.3122,1.5747,1.5747,1.0852,0,0,0,0.8320,1.8540,2.2248,2.2248,3.4220,0,0,0,-0.6947,-2.2512,-2.7015,-2.7015,-4.3024,0,0,0
10.832757,1788533110.604874,8.5059,6.6028,6.6028,6.6028,4.5582,0,0,0,-4.3655,-8.3543,18.3795,18.5505,28.3246,1,0,0,0.1608,2.1608,3.2413,3.2413,7.3643,0,0,0,-2.0149,-1.4045,1.6854,1.6854,1.1152,0,0,0,0.7928,1.7141,2.0569,2.0569,3.3524,0,0,0,-0.6842,-2.0440,-2.4528,-2.4528,-4.2195,0,0,0
10.840284,1788533110.612401,8.7948,6.7035,6.7035,6.7035,4.6792,0,0,0,-3.9354,-8.1474,17.9242,17.9242,27.7217,0,0,0,0.3537,2.0775,3.1162,3.1162,7.1147,0,0,0,-2.0337,-1.4331,1.7197,1.7197,1.1463,0,0,0,0.7945,1.6722,2.0066,2.0066,3.2791,0,0,0,-0.6842,-1.9819,-2.3783,-2.3783,-4.1295,0,0,0
10.849332,1788533110.612401,8.7948,6.8053,6.8053,6.8053,4.7721,0,0,0,-3.9354,-7.9381,17.4639,17.4639,27.2615,0,0,0,0.3537,1.9932,2.9898,2.9898,6.9229,0,0,0,-2.0337,-1.4619,1.7543,1.7543,1.1704,0,0,0,0.7945,1.6298,1.9558,1.9558,3.2221,0,0,0,-0.6842,-1.9191,-2.3029,-2.3029,-4.0579,0,0,0
10.857539,1788533110.627656,8.7948,6.9822,6.9822,6.9822,4.9325,0,0,0,-3.9354,-7.5755,16.6662,16.6662,26.4736,0,0,0,0.3537,1.8470,2.7704,2.7704,6.5941,0,0,0,-2.0337,-1.5122,1.8146,1.8146,1.2127,0,0,0,0.7945,1.5562,1.8674,1.8674,3.1228,0,0,0,-0.6842,-1.8099,-2.1718,-2.1718,-3.9301,0,0,0
10.865243,1788533110.637361,9.0446,7.1028,7.1028,7.1028,5.0645,0,0,0,-3.3563,-7.3239,16.1126,16.1126,25.8287,0,0,0,0.3963,1.7619,2.6428,2.6428,6.3268,0,0,0,-2.1901,-1.5513,1.8616,1.8616,1.2483,0,0,0,0.6659,1.5046,1.8055,1.8055,3.0408,0,0,0,-0.5308,-1.7355,-2.0826,-2.0826,-3.8222,0,0,0
10.873276,1788533110.637361,9.0446,7.1974,7.1974,7.1974,5.1650,0,0,0,-3.3563,-7.1266,15.6785,15.6785,25.3394,0,0,0,0.3963,1.6952,2.5428,2.5428,6.1257,0,0,0,-2.1901,-1.5820,1.8984,1.8984,1.2759,0,0,0,0.6659,1.4641,1.7569,1.7569,2.9783,0,0,0,-0.5308,-1.6771,-2.0126,-2.0126,-3.7390,0,0,0
10.881276,1788533110.652386,9.0446,7.3595,7.3595,7.3595,5.3009,0,0,0,-3.1877,-6.7744,14.9036,14.9036,24.6799,0,0,0,0.3963,1.5810,2.3715,2.3715,5.8579,0,0,0,-2.1082,-1.6276,1.9531,1.9531,1.3139,0,0,0,0.5665,1.3860,1.6632,1.6632,2.8941,0,0,0,-0.5308,-1.5771,-1.8925,-1.8925,-3.6254,0,0,0
10.888805,1788533110.660923,9.0446,7.4468,7.4468,7.4468,5.4385,0,0,0,-3.1877,-6.5847,14.4863,14.4863,24.0156,0,0,0,0.3963,1.5195,2.2793,2.2793,5.5927,0,0,0,-2.1082,-1.6522,1.9826,1.9826,1.3531,0,0,0,0.5665,1.3439,1.6127,1.6127,2.8093,0,0,0,-0.5308,-1.5232,-1.8279,-1.8279,-3.5098,0,0,0
10.896806,1788533110.668923,9.0446,7.5247,7.5247,7.5247,5.5769,0,0,0,-3.1877,-6.4157,14.1146,14.1146,23.3504,0,0,0,0.3963,1.4647,2.1971,2.1971,5.3321,0,0,0,-2.1082,-1.6741,2.0090,2.0090,1.3932,0,0,0,0.5665,1.3064,1.5677,1.5677,2.7246,0,0,0,-0.5308,-1.4751,-1.7702,-1.7702,-3.3932,0,0,0
10.904699,1788533110.668923,9.0446,7.5988,7.5988,7.5988,5.7158,0,0,0,-3.1877,-6.2551,13.7612,13.7612,22.6843,0,0,0,0.3963,1.4126,2.1189,2.1189,5.0771,0,0,0,-2.1082,-1.6950,2.0340,2.0340,1.4343,0,0,0,0.5665,1.2707,1.5248,1.5248,2.6401,0,0,0,-0.5308,-1.4294,-1.7153,-1.7153,-3.2761,0,0,0
10.912716,1788533110.668923,9.0446,7.6693,7.6693,7.6693,5.8200,0,0,0,-3.1877,-6.1024,13.4253,13.4253,22.1864,0,0,0,0.3963,1.3631,2.0446,2.0446,4.8903,0,0,0,-2.1082,-1.7149,2.0579,2.0579,1.4655,0,0,0,0.5665,1.2367,1.4840,1.4840,2.5770,0,0,0,-0.5308,-1.3859,-1.6630,-1.6630,-3.1885,0,0,0
10.920708,1788533110.668923,9.0446,7.7363,7.7363,7.7363,5.9579,0,0,0,-3.1877,-5.9573,13.1061,13.1061,21.5282,0,0,0,0.3963,1.3159,1.9739,1.9739,4.6484,0,0,0,-2.1082,-1.7338,2.0806,2.0806,1.5073,0,0,0,0.5665,1.2043,1.4452,1.4452,2.4938,0,0,0,-0.5308,-1.3444,-1.6133,-1.6133,-3.0726,0,0,0
10.929608,1788533110.700039,9.1259,7.9669,7.9669,7.9669,6.0940,0,0,0,-2.0709,-5.3018,11.6640,11.9061,20.8796,1,0,0,0.3877,1.1620,1.7430,1.7430,4.4155,0,0,0,-2.2826,-1.8239,2.1887,2.1887,1.5491,0,0,0,0.3393,1.0619,1.2742,1.2742,2.4121,0,0,0,-0.5663,-1.2160,-1.4592,-1.4592,-2.9586,0,0,0
10.937222,1788533110.707661,9.1259,8.0207,8.0207,8.0207,6.2284,0,0,0,-2.0709,-5.1488,11.3273,11.3273,20.2398,0,0,0,0.3877,1.1260,1.6890,1.6890,4.1915,0,0,0,-2.2826,-1.8450,2.2140,2.2140,1.5908,0,0,0,0.3393,1.0286,1.2343,1.2343,2.3317,0,0,0,-0.5663,-1.1860,-1.4232,-1.4232,-2.8465,0,0,0
10.945251,1788533110.715336,9.1259,8.0724,8.0724,8.0724,6.3626,0,0,0,-2.0709,-5.0019,11.0043,11.0043,19.6008,0,0,0,0.3877,1.0915,1.6373,1.6373,3.9751,0,0,0,-2.2826,-1.8652,2.2382,2.2382,1.6333,0,0,0,0.3393,0.9966,1.1959,1.1959,2.2513,0,0,0,-0.5663,-1.1572,-1.3886,-1.3886,-2.7356,0,0,0
10.953218,1788533110.715336,9.1259,8.1237,8.1237,8.1237,6.4295,0,0,0,-2.0709,-4.8564,10.6842,10.6842,19.2805,0,0,0,0.3877,1.0573,1.5860,1.5860,3.8697,0,0,0,-2.2826,-1.8853,2.2623,2.2623,1.6548,0,0,0,0.3393,0.9649,1.1578,1.1578,2.2111,0,0,0,-0.5663,-1.1286,-1.3543,-1.3543,-2.6806,0,0,0
10.960773,1788533110.732891,9.2246,8.2346,8.2346,8.2346,6.6276,0,0,0,-1.5171,-4.5135,9.9298,9.9298,18.3222,0,0,0,0.2411,0.9751,1.4627,1.4627,3.5663,0,0,0,-2.3899,-1.9356,2.3227,2.3227,1.7199,0,0,0,0.4229,0.9106,1.0927,1.0927,2.0913,0,0,0,-0.2171,-1.0372,-1.2446,-1.2446,-2.5192,0,0,0
10.968800,1788533110.740918,9.3909,8.2910,8.2910,8.2910,6.7244,0,0,0,-1.3545,-4.3564,9.5840,9.5840,17.8485,0,0,0,0.2879,0.9416,1.4125,1.4125,3.4224,0,0,0,-2.4153,-1.9588,2.3505,2.3505,1.7524,0,0,0,0.3981,0.8858,1.0630,1.0630,2.0324,0,0,0,-0.1900,-0.9961,-1.1953,-1.1953,-2.4410,0,0,0
10.977491,1788533110.747621,9.3909,8.3362,8.3362,8.3362,6.8510,0,0,0,-1.3545,-4.2305,9.3072,9.3072,17.2227,0,0,0,0.2879,0.9148,1.3723,1.3723,3.2385,0,0,0,-2.4153,-1.9773,2.3728,2.3728,1.7957,0,0,0,0.3981,0.8660,1.0391,1.0391,1.9551,0,0,0,-0.1900,-0.9632,-1.1558,-1.1558,-2.3394,0,0,0
10.984501,1788533110.747621,9.3909,8.3875,8.3875,8.3875,6.9744,0,0,0,-1.3545,-4.0878,8.9931,8.9931,16.6038,0,0,0,0.2879,0.8844,1.3266,1.3266,3.0634,0,0,0,-2.4153,-1.9984,2.3980,2.3980,1.8390,0,0,0,0.3981,0.8434,1.0121,1.0121,1.8794,0,0,0,-0.1900,-0.9258,-1.1110,-1.1110,-2.2405,0,0,0
10.993031,1788533110.764156,9.3909,8.4832,8.4832,8.4832,7.0943,0,0,0,-1.3545,-3.8219,8.4082,8.4082,15.9953,0,0,0,0.2879,0.8276,1.2414,1.2414,2.8974,0,0,0,-2.4153,-2.0378,2.4453,2.4453,1.8819,0,0,0,0.3981,0.8012,0.9614,0.9614,1.8058,0,0,0,-0.1900,-0.8559,-1.0271,-1.0271,-2.1446,0,0,0
11.001563,1788533110.772684,9.5320,8.5374,8.5374,8.5374,7.2100,0,0,0,-1.0544,-3.6762,8.0876,8.0876,15.4004,0,0,0,0.2983,0.8003,1.2005,1.2005,2.7407,0,0,0,-2.5632,-2.0646,2.4776,2.4776,1.9242,0,0,0,0.4239,0.7819,0.9382,0.9382,1.7347,0,0,0,-0.2989,-0.8273,-0.9928,-0.9928,-2.0521,0,0,0
11.009599,1788533110.772684,9.5320,8.5857,8.5857,8.5857,7.3218,0,0,0,-1.0544,-3.5462,7.8017,7.8017,14.8189,0,0,0,0.2983,0.7760,1.1640,1.1640,2.5929,0,0,0,-2.5632,-2.0886,2.5063,2.5063,1.9659,0,0,0,0.4239,0.7646,0.9175,0.9175,1.6661,0,0,0,-0.2989,-0.8018,-0.9621,-0.9621,-1.9627,0,0,0
11.017601,1788533110.788720,9.4992,8.6704,8.6704,8.6704,7.4299,0,0,0,-0.9082,-3.2969,7.2532,7.2532,14.2501,0,0,0,0.2266,0.7252,1.0877,1.0877,2.4535,0,0,0,-2.5923,-2.1349,2.5619,2.5619,2.0071,0,0,0,0.3634,0.7276,0.8732,0.8732,1.6000,0,0,0,-0.1042,-0.7373,-0.8848,-0.8848,-1.8762,0,0,0
11.025105,1788533110.788720,9.4992,8.7106,8.7106,8.7106,7.5340,0,0,0,-0.9082,-3.1787,6.9931,6.9931,13.6956,0,0,0,0.2266,0.7010,1.0515,1.0515,2.3224,0,0,0,-2.5923,-2.1569,2.5883,2.5883,2.0478,0,0,0,0.3634,0.7101,0.8521,0.8521,1.5366,0,0,0,-0.1042,-0.7068,-0.8481,-0.8481,-1.7929,0,0,0
11.033481,1788533110.804332,9.5782,8.7891,8.7891,8.7891,7.6097,0,0,0,-0.7796,-2.9577,6.5069,6.5069,13.2890,0,0,0,0.2480,0.6601,0.9902,0.9902,2.2293,0,0,0,-2.6010,-2.1968,2.6361,2.6361,2.0780,0,0,0,0.3606,0.6787,0.8144,0.8144,1.4909,0,0,0,-0.1099,-0.6530,-0.7836,-0.7836,-1.7325,0,0,0
11.041754,1788533110.804332,9.5782,8.8274,8.8274,8.8274,7.7075,0,0,0,-0.7796,-2.8500,6.2701,6.2701,12.7580,0,0,0,0.2480,0.6402,0.9603,0.9603,2.1115,0,0,0,-2.6010,-2.2162,2.6595,2.6595,2.1181,0,0,0,0.3606,0.6634,0.7960,0.7960,1.4321,0,0,0,-0.1099,-0.6268,-0.7521,-0.7521,-1.6544,0,0,0
11.049278,1788533110.804332,9.5782,8.8638,8.8638,8.8638,7.8018,0,0,0,-0.7796,-2.7477,6.0450,6.0450,12.2402,0,0,0,0.2480,0.6212,0.9319,0.9319,2.0006,0,0,0,-2.6010,-2.2347,2.6817,2.6817,2.1577,0,0,0,0.3606,0.6488,0.7785,0.7785,1.3759,0,0,0,-0.1099,-0.6018,-0.7222,-0.7222,-1.5790,0,0,0
11.057272,1788533110.829390,9.5394,8.9567,8.9567,8.9567,7.8928,0,0,0,-0.7033,-2.4622,5.4169,5.4169,11.7350,0,0,0,0.2299,0.5676,0.8513,0.8513,1.8963,0,0,0,-2.6761,-2.2950,2.7540,2.7540,2.1972,0,0,0,0.2805,0.5984,0.7181,0.7181,1.3222,0,0,0,-0.2304,-0.5509,-0.6611,-0.6611,-1.5062,0,0,0
11.065297,1788533110.836909,9.5394,8.9833,8.9833,8.9833,7.9803,0,0,0,-0.7033,-2.3806,5.2372,5.2372,11.2440,0,0,0,0.2299,0.5522,0.8283,0.8283,1.7984,0,0,0,-2.6761,-2.3123,2.7747,2.7747,2.2361,0,0,0,0.2805,0.5840,0.7008,0.7008,1.2709,0,0,0,-0.2304,-0.5364,-0.6436,-0.6436,-1.4359,0,0,0
11.073631,1788533110.844748,9.4844,9.0071,9.0071,9.0071,8.0646,0,0,0,-0.7666,-2.3026,5.0657,5.0657,10.7666,0,0,0,0.0631,0.5290,0.7935,0.7935,1.7063,0,0,0,-2.7259,-2.3318,2.7982,2.7982,2.2747,0,0,0,0.3059,0.5709,0.6851,0.6851,1.2220,0,0,0,-0.2136,-0.5211,-0.6253,-0.6253,-1.3683,0,0,0
11.081152,1788533110.852259,9.4844,9.0288,9.0288,9.0288,8.1260,0,0,0,-0.7666,-2.2314,4.9090,4.9090,10.4156,0,0,0,0.0631,0.5078,0.7618,0.7618,1.6407,0,0,0,-2.7259,-2.3496,2.8196,2.8196,2.3036,0,0,0,0.3059,0.5589,0.6707,0.6707,1.1865,0,0,0,-0.2136,-0.5071,-0.6086,-0.6086,-1.3192,0,0,0
11.089261,1788533110.860800,9.6188,9.0592,9.0592,9.0592,8.2051,0,0,0,-0.6563,-2.1489,4.7275,4.7275,9.9585,0,0,0,0.1804,0.4910,0.7365,0.7365,1.5576,0,0,0,-2.7433,-2.3698,2.8437,2.8437,2.3420,0,0,0,0.3599,0.5487,0.6584,0.6584,1.1409,0,0,0,-0.1589,-0.4893,-0.5871,-0.5871,-1.2560,0,0,0
11.097267,1788533110.868385,9.6188,9.0849,9.0849,9.0849,8.2810,0,0,0,-0.6563,-2.0791,4.5739,4.5739,9.5161,0,0,0,0.1804,0.4768,0.7152,0.7152,1.4794,0,0,0,-2.7433,-2.3869,2.8642,2.8642,2.3799,0,0,0,0.3599,0.5401,0.6481,0.6481,1.0973,0,0,0,-0.1589,-0.4741,-0.5690,-0.5690,-1.1956,0,0,0
11.105376,1788533110.875986,9.6188,9.1095,9.1095,9.1095,8.3533,0,0,0,-0.6563,-2.0124,4.4273,4.4273,9.0900,0,0,0,0.1804,0.4632,0.6947,0.6947,1.4058,0,0,0,-2.7433,-2.4032,2.8838,2.8838,2.4172,0,0,0,0.3599,0.5318,0.6382,0.6382,1.0559,0,0,0,-0.1589,-0.4597,-0.5516,-0.5516,-1.1382,0,0,0
11.113390,1788533110.884508,9.6188,9.1357,9.1357,9.1357,8.4221,0,0,0,-0.6563,-1.9416,4.2715,4.2715,8.6810,0,0,0,0.1804,0.4487,0.6730,0.6730,1.3366,0,0,0,-2.7433,-2.4206,2.9047,2.9047,2.4537,0,0,0,0.3599,0.5230,0.6276,0.6276,1.0165,0,0,0,-0.1589,-0.4443,-0.5331,-0.5331,-1.0837,0,0,0
11.121575,1788533110.893693,9.6188,9.1623,9.1623,9.1623,8.4874,0,0,0,-0.6563,-1.8696,4.1131,4.1131,8.2899,0,0,0,0.1804,0.4339,0.6509,0.6509,1.2717,0,0,0,-2.7433,-2.4382,2.9259,2.9259,2.4895,0,0,0,0.3599,0.5141,0.6169,0.6169,0.9793,0,0,0,-0.1589,-0.4286,-0.5143,-0.5143,-1.0322,0,0,0
11.130102,1788533110.900219,9.6831,9.1831,9.1831,9.1831,8.5493,0,0,0,-0.6735,-1.8212,4.0067,4.0067,7.9169,0,0,0,0.2599,0.4270,0.6405,0.6405,1.2110,0,0,0,-2.7627,-2.4511,2.9413,2.9413,2.5242,0,0,0,0.3004,0.5056,0.6067,0.6067,0.9444,0,0,0,-0.3111,-0.4240,-0.5087,-0.5087,-0.9835,0,0,0
11.137804,1788533110.908869,9.6831,9.2091,9.2091,9.2091,8.5935,0,0,0,-0.6735,-1.7605,3.8732,3.8732,7.6489,0,0,0,0.2599,0.4183,0.6275,0.6275,1.1680,0,0,0,-2.7627,-2.4672,2.9607,2.9607,2.5497,0,0,0,0.3004,0.4950,0.5940,0.5940,0.9195,0,0,0,-0.3111,-0.4181,-0.5017,-0.5017,-0.9488,0,0,0
11.145797,1788533110.917915,9.6831,9.2348,9.2348,9.2348,8.6497,0,0,0,-0.6735,-1.7006,3.7413,3.7413,7.3070,0,0,0,0.2599,0.4098,0.6146,0.6146,1.1139,0,0,0,-2.7627,-2.4832,2.9798,2.9798,2.5828,0,0,0,0.3004,0.4845,0.5814,0.5814,0.8882,0,0,0,-0.3111,-0.4123,-0.4948,-0.4948,-0.9050,0,0,0
11.153707,1788533110.924921,9.6831,9.2539,9.2539,9.2539,8.6901,0,0,0,-0.6735,-1.6562,3.6436,3.6436,7.0612,0,0,0,0.2599,0.4034,0.6051,0.6051,1.0756,0,0,0,-2.7627,-2.4950,2.9940,2.9940,2.6071,0,0,0,0.3004,0.4767,0.5720,0.5720,0.8659,0,0,0,-0.3111,-0.4080,-0.4896,-0.4896,-0.8738,0,0,0
11.161549,1788533110.932559,9.6831,9.2738,9.2738,9.2738,8.7541,0,0,0,-0.6735,-1.6101,3.5422,3.5422,6.6707,0,0,0,0.2599,0.3968,0.5952,0.5952,1.0159,0,0,0,-2.7627,-2.5073,3.0088,3.0088,2.6466,0,0,0,0.3004,0.4686,0.5623,0.5623,0.8309,0,0,0,-0.3111,-0.4036,-0.4843,-0.4843,-0.8251,0,0,0
11.170442,1788533110.940950,9.6831,9.2945,9.2945,9.2945,8.8025,0,0,0,-0.6735,-1.5621,3.4365,3.4365,6.3757,0,0,0,0.2599,0.3899,0.5848,0.5848,0.9718,0,0,0,-2.7627,-2.5202,3.0242,3.0242,2.6772,0,0,0,0.3004,0.4601,0.5521,0.5521,0.8047,0,0,0,-0.3111,-0.3989,-0.4787,-0.4787,-0.7891,0,0,0
11.178170,1788533110.940950,9.6831,9.3132,9.3132,9.3132,8.8485,0,0,0,-0.6735,-1.5185,3.3408,3.3408,6.0963,0,0,0,0.2599,0.3836,0.5754,0.5754,0.9308,0,0,0,-2.7627,-2.5319,3.0382,3.0382,2.7068,0,0,0,0.3004,0.4524,0.5429,0.5429,0.7800,0,0,0,-0.3111,-0.3947,-0.4736,-0.4736,-0.7557,0,0,0
11.185768,1788533110.956896,9.6831,9.3472,9.3472,9.3472,8.8921,0,0,0,-0.6735,-1.4400,3.1680,3.1680,5.8320,0,0,0,0.2599,0.3723,0.5584,0.5584,0.8928,0,0,0,-2.7627,-2.5530,3.0636,3.0636,2.7354,0,0,0,0.3004,0.4385,0.5263,0.5263,0.7568,0,0,0,-0.3111,-0.3870,-0.4644,-0.4644,-0.7247,0,0,0
11.193780,1788533110.965897,9.6831,9.3653,9.3653,9.3653,8.9334,0,0,0,-0.6735,-1.3981,3.0758,3.0758,5.5825,0,0,0,0.2599,0.3662,0.5494,0.5494,0.8576,0,0,0,-2.7627,-2.5642,3.0771,3.0771,2.7630,0,0,0,0.3004,0.4311,0.5173,0.5173,0.7350,0,0,0,-0.3111,-0.3829,-0.4595,-0.4595,-0.6962,0,0,0
11.202211,1788533110.972375,9.4210,9.3675,9.3675,9.3675,8.9631,0,0,0,-0.7642,-1.3728,3.0201,3.0201,5.4041,0,0,0,0.1902,0.3593,0.5390,0.5390,0.8329,0,0,0,-2.6844,-2.5690,3.0828,3.0828,2.7831,0,0,0,0.2587,0.4244,0.5092,0.5092,0.7194,0,0,0,-0.4789,-0.3867,-0.4641,-0.4641,-0.6763,0,0,0
11.209821,1788533110.980930,9.4210,9.3703,9.3703,9.3703,9.0010,0,0,0,-0.7642,-1.3411,2.9504,2.9504,5.1772,0,0,0,0.1902,0.3507,0.5260,0.5260,0.8021,0,0,0,-2.6844,-2.5749,3.0898,3.0898,2.8091,0,0,0,0.2587,0.4159,0.4990,0.4990,0.6996,0,0,0,-0.4789,-0.3914,-0.4697,-0.4697,-0.6516,0,0,0
11.218439,1788533110.980930,9.4210,9.3727,9.3727,9.3727,9.0371,0,0,0,-0.7642,-1.3130,2.8885,2.8885,4.9628,0,0,0,0.1902,0.3429,0.5144,0.5144,0.7735,0,0,0,-2.6844,-2.5801,3.0962,3.0962,2.8341,0,0,0,0.2587,0.4083,0.4900,0.4900,0.6809,0,0,0,-0.4789,-0.3956,-0.4748,-0.4748,-0.6290,0,0,0
11.225438,1788533110.996647,9.5815,9.3916,9.3916,9.3916,9.0710,0,0,0,-0.7874,-1.2649,2.7828,2.7828,4.7608,0,0,0,0.2783,0.3371,0.5056,0.5056,0.7469,0,0,0,-2.7604,-2.5964,3.1157,3.1157,2.8581,0,0,0,0.3946,0.4071,0.4885,0.4885,0.6633,0,0,0,-0.5109,-0.4060,-0.4872,-0.4872,-0.6085,0,0,0
11.234188,1788533111.005396,9.5852,9.4018,9.4018,9.4018,9.1028,0,0,0,-0.7773,-1.2390,2.7259,2.7259,4.5709,0,0,0,0.2862,0.3344,0.5017,0.5017,0.7222,0,0,0,-2.7661,-2.6053,3.1263,3.1263,2.8809,0,0,0,0.4450,0.4091,0.4909,0.4909,0.6465,0,0,0,-0.5109,-0.4115,-0.4938,-0.4938,-0.5901,0,0,0
11.242330,1788533111.013465,9.5852,9.4107,9.4107,9.4107,9.1325,0,0,0,-0.7773,-1.2164,2.6760,2.6760,4.3922,0,0,0,0.2862,0.3321,0.4981,0.4981,0.6992,0,0,0,-2.7661,-2.6131,3.1357,3.1357,2.9027,0,0,0,0.4450,0.4108,0.4930,0.4930,0.6307,0,0,0,-0.5109,-0.4163,-0.4996,-0.4996,-0.5738,0,0,0
11.250245,1788533111.013465,9.5852,9.4191,9.4191,9.4191,9.1535,0,0,0,-0.7773,-1.1950,2.6290,2.6290,4.2652,0,0,0,0.2862,0.3299,0.4948,0.4948,0.6831,0,0,0,-2.7661,-2.6204,3.1445,3.1445,2.9184,0,0,0,0.4450,0.4124,0.4949,0.4949,0.6194,0,0,0,-0.5109,-0.4209,-0.5050,-0.5050,-0.5630,0,0,0
11.258309,1788533111.030426,9.6024,9.4368,9.4368,9.4368,9.1800,0,0,0,-0.7078,-1.1474,2.5243,2.5243,4.1048,0,0,0,0.3672,0.3335,0.5002,0.5002,0.6629,0,0,0,-2.7331,-2.6313,3.1576,3.1576,2.9385,0,0,0,0.4676,0.4178,0.5013,0.5013,0.6054,0,0,0,-0.7020,-0.4480,-0.5376,-0.5376,-0.5503,0,0,0
11.265817,1788533111.036942,9.6024,9.4434,9.4434,9.4434,9.2047,0,0,0,-0.7078,-1.1299,2.4857,2.4857,3.9543,0,0,0,0.3672,0.3348,0.5022,0.5022,0.6442,0,0,0,-2.7331,-2.6353,3.1624,3.1624,2.9577,0,0,0,0.4676,0.4197,0.5037,0.5037,0.5925,0,0,0,-0.7020,-0.4580,-0.5496,-0.5496,-0.5395,0,0,0
11.273356,1788533111.036942,9.6024,9.4510,9.4510,9.4510,9.2278,0,0,0,-0.7078,-1.1094,2.4406,2.4406,3.8131,0,0,0,0.3672,0.3364,0.5046,0.5046,0.6271,0,0,0,-2.7331,-2.6400,3.1680,3.1680,2.9760,0,0,0,0.4676,0.4220,0.5064,0.5064,0.5807,0,0,0,-0.7020,-0.4697,-0.5636,-0.5636,-0.5307,0,0,0
11.281865,1788533111.053982,9.6230,9.4678,9.4678,9.4678,9.2496,0,0,0,-0.6857,-1.0679,2.3493,2.3493,3.6802,0,0,0,0.3932,0.3419,0.5128,0.5128,0.6114,0,0,0,-2.6910,-2.6449,3.1739,3.1739,2.9935,0,0,0,0.3977,0.4197,0.5036,0.5036,0.5702,0,0,0,-0.7020,-0.4922,-0.5906,-0.5906,-0.5239,0,0,0
11.290867,1788533111.062066,9.6230,9.4753,9.4753,9.4753,9.2700,0,0,0,-0.6857,-1.0492,2.3082,2.3082,3.5553,0,0,0,0.3932,0.3444,0.5166,0.5166,0.5973,0,0,0,-2.6910,-2.6472,3.1766,3.1766,3.0101,0,0,0,0.3977,0.4186,0.5023,0.5023,0.5607,0,0,0,-0.7020,-0.5024,-0.6028,-0.6028,-0.5191,0,0,0
11.297668,1788533111.068777,9.6230,9.4813,9.4813,9.4813,9.2892,0,0,0,-0.6857,-1.0343,2.2754,2.2754,3.4379,0,0,0,0.3932,0.3464,0.5195,0.5195,0.5847,0,0,0,-2.6910,-2.6490,3.1787,3.1787,3.0259,0,0,0,0.3977,0.4178,0.5013,0.5013,0.5524,0,0,0,-0.7020,-0.5104,-0.6125,-0.6125,-0.5163,0,0,0
11.306323,1788533111.076479,9.6230,9.4879,9.4879,9.4879,9.3028,0,0,0,-0.6857,-1.0180,2.2395,2.2395,3.3541,0,0,0,0.3932,0.3485,0.5228,0.5228,0.5763,0,0,0,-2.6910,-2.6509,3.1811,3.1811,3.0371,0,0,0,0.3977,0.4168,0.5002,0.5002,0.5468,0,0,0,-0.7020,-0.5193,-0.6231,-0.6231,-0.5155,0,0,0
11.314829,1788533111.085431,9.6230,9.4951,9.4951,9.4951,9.3202,0,0,0,-0.6857,-1.0001,2.2002,2.2002,3.2480,0,0,0,0.3932,0.3509,0.5264,0.5264,0.5663,0,0,0,-2.6910,-2.6530,3.1837,3.1837,3.0514,0,0,0,0.3977,0.4158,0.4990,0.4990,0.5401,0,0,0,-0.7020,-0.5290,-0.6348,-0.6348,-0.5159,0,0,0
11.322845,1788533111.085431,9.6230,9.5012,9.5012,9.5012,9.3366,0,0,0,-0.6857,-0.9848,2.1667,2.1667,3.1482,0,0,0,0.3932,0.3529,0.5294,0.5294,0.5577,0,0,0,-2.6910,-2.6549,3.1858,3.1858,3.0648,0,0,0,0.3977,0.4149,0.4979,0.4979,0.5342,0,0,0,-0.7020,-0.5373,-0.6448,-0.6448,-0.5179,0,0,0
11.330839,1788533111.102046,9.6073,9.5113,9.5113,9.5113,9.3520,0,0,0,-0.7831,-0.9656,2.1243,2.1243,3.0543,0,0,0,0.4544,0.3625,0.5438,0.5438,0.5503,0,0,0,-2.6354,-2.6530,3.1836,3.1836,3.0772,0,0,0,0.3138,0.4054,0.4864,0.4864,0.5290,0,0,0,-0.7349,-0.5560,-0.6672,-0.6672,-0.5214,0,0,0
11.338153,1788533111.108350,9.6073,9.5150,9.5150,9.5150,9.3666,0,0,0,-0.7831,-0.9586,2.1088,2.1088,2.9661,0,0,0,0.4544,0.3661,0.5491,0.5491,0.5441,0,0,0,-2.6354,-2.6523,3.1828,3.1828,3.0888,0,0,0,0.3138,0.4019,0.4823,0.4823,0.5244,0,0,0,-0.7349,-0.5628,-0.6754,-0.6754,-0.5260,0,0,0
11.346789,1788533111.117328,9.6073,9.5199,9.5199,9.5199,9.3803,0,0,0,-0.7831,-0.9491,2.0880,2.0880,2.8832,0,0,0,0.4544,0.3708,0.5562,0.5562,0.5391,0,0,0,-2.6354,-2.6514,3.1817,3.1817,3.0996,0,0,0,0.3138,0.3972,0.4766,0.4766,0.5203,0,0,0,-0.7349,-0.5720,-0.6864,-0.6864,-0.5318,0,0,0
11.354403,1788533111.125561,9.6073,9.5242,9.5242,9.5242,9.3836,0,0,0,-0.7831,-0.9409,2.0699,2.0699,2.8632,0,0,0,0.4544,0.3749,0.5623,0.5623,0.5380,0,0,0,-2.6354,-2.6507,3.1808,3.1808,3.1021,0,0,0,0.3138,0.3931,0.4717,0.4717,0.5194,0,0,0,-0.7349,-0.5800,-0.6960,-0.6960,-0.5334,0,0,0
11.362093,1788533111.134210,9.6073,9.5285,9.5285,9.5285,9.4026,0,0,0,-0.7831,-0.9326,2.0518,2.0518,2.7500,0,0,0,0.4544,0.3790,0.5685,0.5685,0.5330,0,0,0,-2.6354,-2.6499,3.1798,3.1798,3.1163,0,0,0,0.3138,0.3890,0.4668,0.4668,0.5139,0,0,0,-0.7349,-0.5880,-0.7056,-0.7056,-0.5443,0,0,0
11.370198,1788533111.142315,9.5551,9.5298,9.5298,9.5298,9.4144,0,0,0,-0.7719,-0.9248,2.0345,2.0345,2.6803,0,0,0,0.4919,0.3845,0.5767,0.5767,0.5311,0,0,0,-2.5683,-2.6459,3.1751,3.1751,3.1246,0,0,0,0.4558,0.3922,0.4707,0.4707,0.5104,0,0,0,-0.7816,-0.5974,-0.7169,-0.7169,-0.5527,0,0,0
11.378374,1788533111.142315,9.5551,9.5310,9.5310,9.5310,9.4256,0,0,0,-0.7719,-0.9174,2.0183,2.0183,2.6149,0,0,0,0.4919,0.3896,0.5844,0.5844,0.5302,0,0,0,-2.5683,-2.6422,3.1706,3.1706,3.1321,0,0,0,0.4558,0.3953,0.4743,0.4743,0.5070,0,0,0,-0.7816,-0.6062,-0.7274,-0.7274,-0.5619,0,0,0
11.386964,1788533111.157886,9.5551,9.5332,9.5332,9.5332,9.4361,0,0,0,-0.7719,-0.9043,1.9896,1.9896,2.5538,0,0,0,0.4919,0.3987,0.5981,0.5981,0.5303,0,0,0,-2.5683,-2.6356,3.1627,3.1627,3.1387,0,0,0,0.4558,0.4007,0.4808,0.4808,0.5036,0,0,0,-0.7816,-0.6218,-0.7462,-0.7462,-0.5717,0,0,0
11.394783,1788533111.166901,9.5551,9.5344,9.5344,9.5344,9.4460,0,0,0,-0.7719,-0.8972,1.9738,1.9738,2.4968,0,0,0,0.4919,0.4037,0.6056,0.6056,0.5312,0,0,0,-2.5683,-2.6320,3.1584,3.1584,3.1444,0,0,0,0.4558,0.4036,0.4843,0.4843,0.5005,0,0,0,-0.7816,-0.6304,-0.7565,-0.7565,-0.5821,0,0,0
11.402903,1788533111.173303,9.5551,9.5352,9.5352,9.5352,9.4553,0,0,0,-0.7719,-0.8923,1.9631,1.9631,2.4435,0,0,0,0.4919,0.4072,0.6107,0.6107,0.5331,0,0,0,-2.5683,-2.6295,3.1554,3.1554,3.1493,0,0,0,0.4558,0.4056,0.4868,0.4868,0.4976,0,0,0,-0.7816,-0.6363,-0.7635,-0.7635,-0.5929,0,0,0
11.410907,1788533111.181019,9.5551,9.5361,9.5361,9.5361,9.4618,0,0,0,-0.7719,-0.8867,1.9507,1.9507,2.4059,0,0,0,0.4919,0.4111,0.6166,0.6166,0.5350,0,0,0,-2.5683,-2.6267,3.1520,3.1520,3.1523,0,0,0,0.4558,0.4080,0.4896,0.4896,0.4958,0,0,0,-0.7816,-0.6430,-0.7716,-0.7716,-0.6014,0,0,0
11.418965,1788533111.190154,9.5551,9.5371,9.5371,9.5371,9.4699,0,0,0,-0.7719,-0.8804,1.9369,1.9369,2.3587,0,0,0,0.4919,0.4155,0.6232,0.6232,0.5382,0,0,0,-2.5683,-2.6235,3.1482,3.1482,3.1557,0,0,0,0.4558,0.4106,0.4927,0.4927,0.4936,0,0,0,-0.7816,-0.6505,-0.7806,-0.7806,-0.6129,0,0,0
11.427174,1788533111.198093,9.5551,9.5380,9.5380,9.5380,9.4774,0,0,0,-0.7719,-0.8752,1.9255,1.9255,2.3149,0,0,0,0.4919,0.4191,0.6286,0.6286,0.5421,0,0,0,-2.5683,-2.6209,3.1451,3.1451,3.1583,0,0,0,0.4558,0.4127,0.4953,0.4953,0.4918,0,0,0,-0.7816,-0.6567,-0.7881,-0.7881,-0.6246,0,0,0
11.434723,1788533111.206840,9.5551,9.5389,9.5389,9.5389,9.4843,0,0,0,-0.7719,-0.8698,1.9136,1.9136,2.2741,0,0,0,0.4919,0.4229,0.6343,0.6343,0.5464,0,0,0,-2.5683,-2.6181,3.1418,3.1418,3.1601,0,0,0,0.4558,0.4150,0.4979,0.4979,0.4904,0,0,0,-0.7816,-0.6633,-0.7959,-0.7959,-0.6364,0,0,0
11.442262,1788533111.214380,9.3951,9.5324,9.5324,9.5324,9.4906,0,0,0,-0.4924,-0.8526,1.8758,1.8758,2.2363,0,0,0,0.4266,0.4231,0.6346,0.6346,0.5512,0,0,0,-2.5865,-2.6167,3.1401,3.1401,3.1614,0,0,0,0.4864,0.4182,0.5018,0.5018,0.4893,0,0,0,-0.8509,-0.6718,-0.8061,-0.8061,-0.6481,0,0,0
11.450455,1788533111.221992,9.3951,9.5261,9.5261,9.5261,9.4950,0,0,0,-0.4924,-0.8361,1.8394,1.8394,2.2098,0,0,0,0.4266,0.4232,0.6348,0.6348,0.5550,0,0,0,-2.5865,-2.6153,3.1384,3.1384,3.1619,0,0,0,0.4864,0.4213,0.5056,0.5056,0.4888,0,0,0,-0.8509,-0.6799,-0.8159,-0.8159,-0.6569,0,0,0
11.459208,1788533111.221992,9.3951,9.5198,9.5198,9.5198,9.5003,0,0,0,-0.4924,-0.8195,1.8030,1.8030,2.1765,0,0,0,0.4266,0.4234,0.6351,0.6351,0.5604,0,0,0,-2.5865,-2.6140,3.1367,3.1367,3.1622,0,0,0,0.4864,0.4244,0.5093,0.5093,0.4883,0,0,0,-0.8509,-0.6881,-0.8258,-0.8258,-0.6686,0,0,0
11.466805,1788533111.237669,9.3623,9.5057,9.5057,9.5057,9.5050,0,0,0,-0.4617,-0.7873,1.7320,1.7320,2.1451,0,0,0,0.4195,0.4230,0.6346,0.6346,0.5658,0,0,0,-2.5610,-2.6092,3.1310,3.1310,3.1620,0,0,0,0.4751,0.4290,0.5148,0.5148,0.4882,0,0,0,-0.8738,-0.7048,-0.8458,-0.8458,-0.6801,0,0,0
11.474895,1788533111.237669,9.3623,9.4988,9.4988,9.4988,9.5090,0,0,0,-0.4617,-0.7716,1.6975,1.6975,2.1151,0,0,0,0.4195,0.4229,0.6343,0.6343,0.5713,0,0,0,-2.5610,-2.6069,3.1283,3.1283,3.1614,0,0,0,0.4751,0.4312,0.5174,0.5174,0.4885,0,0,0,-0.8738,-0.7129,-0.8555,-0.8555,-0.6915,0,0,0
11.482767,1788533111.237669,9.3623,9.4923,9.4923,9.4923,9.5123,0,0,0,-0.4617,-0.7567,1.6647,1.6647,2.0859,0,0,0,0.4195,0.4227,0.6341,0.6341,0.5767,0,0,0,-2.5610,-2.6047,3.1256,3.1256,3.1605,0,0,0,0.4751,0.4333,0.5199,0.5199,0.4891,0,0,0,-0.8738,-0.7206,-0.8647,-0.8647,-0.7029,0,0,0
11.490760,1788533111.261885,9.3598,9.4747,9.4747,9.4747,9.5147,0,0,0,-0.4236,-0.7125,1.5675,1.5675,2.0568,0,0,0,0.4195,0.4223,0.6334,0.6334,0.5819,0,0,0,-2.5641,-2.5993,3.1192,3.1192,3.1593,0,0,0,0.4864,0.4403,0.5284,0.5284,0.4900,0,0,0,-0.8402,-0.7364,-0.8837,-0.8837,-0.7143,0,0,0
11.499047,1788533111.270494,9.4820,9.4751,9.4751,9.4751,9.5163,0,0,0,-0.4789,-0.7004,1.5410,1.5410,2.0277,0,0,0,0.4473,0.4236,0.6353,0.6353,0.5869,0,0,0,-2.5634,-2.5975,3.1170,3.1170,3.1578,0,0,0,0.5116,0.4440,0.5327,0.5327,0.4912,0,0,0,-0.7250,-0.7358,-0.8830,-0.8830,-0.7257,0,0,0
11.506579,1788533111.270494,9.4820,9.4755,9.4755,9.4755,9.5170,0,0,0,-0.4789,-0.6898,1.5175,1.5175,1.9982,0,0,0,0.4473,0.4247,0.6371,0.6371,0.5916,0,0,0,-2.5634,-2.5959,3.1150,3.1150,3.1560,0,0,0,0.5116,0.4472,0.5366,0.5366,0.4927,0,0,0,-0.7250,-0.7353,-0.8824,-0.8824,-0.7371,0,0,0
11.517581,1788533111.270494,9.4820,9.4758,9.4758,9.4758,9.5168,0,0,0,-0.4789,-0.6796,1.4952,1.4952,1.9597,0,0,0,0.4473,0.4258,0.6387,0.6387,0.5971,0,0,0,-2.5634,-2.5943,3.1132,3.1132,3.1534,0,0,0,0.5116,0.4503,0.5403,0.5403,0.4950,0,0,0,-0.7250,-0.7348,-0.8818,-0.8818,-0.7514,0,0,0
11.525473,1788533111.289698,9.4820,9.4764,9.4764,9.4764,9.5158,0,0,0,-0.4789,-0.6579,1.4475,1.4475,1.9281,0,0,0,0.4473,0.4281,0.6422,0.6422,0.6012,0,0,0,-2.5634,-2.5910,3.1092,3.1092,3.1512,0,0,0,0.5116,0.4569,0.5483,0.5483,0.4971,0,0,0,-0.7250,-0.7338,-0.8805,-0.8805,-0.7626,0,0,0
11.533633,1788533111.301754,9.4820,9.4768,9.4768,9.4768,9.5147,0,0,0,-0.4789,-0.6453,1.4196,1.4196,1.9041,0,0,0,0.4473,0.4295,0.6442,0.6442,0.6041,0,0,0,-2.5634,-2.5890,3.1068,3.1068,3.1493,0,0,0,0.5116,0.4607,0.5529,0.5529,0.4989,0,0,0,-0.7250,-0.7331,-0.8798,-0.8798,-0.7708,0,0,0
11.541616,1788533111.301754,9.4820,9.4771,9.4771,9.4771,9.5130,0,0,0,-0.4789,-0.6373,1.4020,1.4020,1.8717,0,0,0,0.4473,0.4303,0.6455,0.6455,0.6078,0,0,0,-2.5634,-2.5878,3.1054,3.1054,3.1468,0,0,0,0.5116,0.4632,0.5558,0.5558,0.5015,0,0,0,-0.7250,-0.7328,-0.8793,-0.8793,-0.7813,0,0,0
11.549384,1788533111.301754,9.4820,9.4773,9.4773,9.4773,9.5110,0,0,0,-0.4789,-0.6297,1.3853,1.3853,1.8390,0,0,0,0.4473,0.4311,0.6467,0.6467,0.6112,0,0,0,-2.5634,-2.5866,3.1040,3.1040,3.1442,0,0,0,0.5116,0.4655,0.5586,0.5586,0.5043,0,0,0,-0.7250,-0.7324,-0.8789,-0.8789,-0.7913,0,0,0
11.557390,1788533111.326501,9.4244,9.4702,9.4702,9.4702,9.5088,0,0,0,-0.3651,-0.5939,1.3067,1.3067,1.8060,0,0,0,0.3570,0.4211,0.6317,0.6317,0.6145,0,0,0,-2.4787,-2.5721,3.0865,3.0865,3.1415,0,0,0,0.5016,0.4703,0.5644,0.5644,0.5074,0,0,0,-0.6606,-0.7227,-0.8673,-0.8673,-0.8006,0,0,0
11.565920,1788533111.335021,9.4244,9.4679,9.4679,9.4679,9.5066,0,0,0,-0.3651,-0.5823,1.2810,1.2810,1.7731,0,0,0,0.3570,0.4179,0.6268,0.6268,0.6176,0,0,0,-2.4787,-2.5674,3.0808,3.0808,3.1387,0,0,0,0.5016,0.4719,0.5663,0.5663,0.5107,0,0,0,-0.6606,-0.7196,-0.8635,-0.8635,-0.8092,0,0,0
11.574107,1788533111.335021,9.4244,9.4658,9.4658,9.4658,9.5043,0,0,0,-0.3651,-0.5718,1.2581,1.2581,1.7403,0,0,0,0.3570,0.4150,0.6225,0.6225,0.6205,0,0,0,-2.4787,-2.5631,3.0757,3.0757,3.1359,0,0,0,0.5016,0.4734,0.5680,0.5680,0.5141,0,0,0,-0.6606,-0.7167,-0.8601,-0.8601,-0.8171,0,0,0
11.582151,1788533111.335021,9.4244,9.4638,9.4638,9.4638,9.5019,0,0,0,-0.3651,-0.5619,1.2362,1.2362,1.7070,0,0,0,0.3570,0.4122,0.6183,0.6183,0.6229,0,0,0,-2.4787,-2.5591,3.0709,3.0709,3.1328,0,0,0,0.5016,0.4747,0.5696,0.5696,0.5177,0,0,0,-0.6606,-0.7140,-0.8569,-0.8569,-0.8242,0,0,0
11.589681,1788533111.358799,9.3469,9.4486,9.4486,9.4486,9.4994,0,0,0,-0.3540,-0.5348,1.1766,1.1766,1.6735,0,0,0,0.1945,0.3839,0.5758,0.5758,0.6249,0,0,0,-2.4050,-2.5390,3.0469,3.0469,3.1294,0,0,0,0.5163,0.4801,0.5761,0.5761,0.5213,0,0,0,-0.5531,-0.6931,-0.8317,-0.8317,-0.8304,0,0,0
11.597681,1788533111.366790,9.3469,9.4437,9.4437,9.4437,9.4969,0,0,0,-0.3540,-0.5261,1.1575,1.1575,1.6399,0,0,0,0.1945,0.3748,0.5622,0.5622,0.6263,0,0,0,-2.4050,-2.5326,3.0392,3.0392,3.1258,0,0,0,0.5163,0.4818,0.5782,0.5782,0.5249,0,0,0,-0.5531,-0.6864,-0.8237,-0.8237,-0.8357,0,0,0
11.605585,1788533111.374188,9.3469,9.4394,9.4394,9.4394,9.4942,0,0,0,-0.3540,-0.5185,1.1406,1.1406,1.6064,0,0,0,0.1945,0.3668,0.5502,0.5502,0.6271,0,0,0,-2.4050,-2.5270,3.0324,3.0324,3.1220,0,0,0,0.5163,0.4834,0.5800,0.5800,0.5286,0,0,0,-0.5531,-0.6805,-0.8166,-0.8166,-0.8401,0,0,0
11.613973,1788533111.382714,9.3469,9.4347,9.4347,9.4347,9.4921,0,0,0,-0.3540,-0.5101,1.1222,1.1222,1.5811,0,0,0,0.1945,0.3581,0.5371,0.5371,0.6270,0,0,0,-2.4050,-2.5208,3.0249,3.0249,3.1188,0,0,0,0.5163,0.4850,0.5821,0.5821,0.5314,0,0,0,-0.5531,-0.6740,-0.8088,-0.8088,-0.8427,0,0,0
11.622179,1788533111.382714,9.3469,9.4305,9.4305,9.4305,9.4891,0,0,0,-0.3540,-0.5026,1.1057,1.1057,1.5474,0,0,0,0.1945,0.3502,0.5253,0.5253,0.6259,0,0,0,-2.4050,-2.5152,3.0183,3.0183,3.1141,0,0,0,0.5163,0.4865,0.5839,0.5839,0.5351,0,0,0,-0.5531,-0.6682,-0.8019,-0.8019,-0.8451,0,0,0
11.629994,1788533111.397637,9.3074,9.4200,9.4200,9.4200,9.4859,0,0,0,-0.6632,-0.5164,1.1361,1.1361,1.5140,0,0,0,0.1273,0.3311,0.4966,0.4966,0.6237,0,0,0,-2.1097,-2.4804,2.9765,2.9765,3.1090,0,0,0,0.4215,0.4810,0.5772,0.5772,0.5388,0,0,0,-0.4972,-0.6536,-0.7843,-0.7843,-0.8466,0,0,0
11.637292,1788533111.397637,9.3074,9.4146,9.4146,9.4146,9.4825,0,0,0,-0.6632,-0.5234,1.1516,1.1516,1.4810,0,0,0,0.1273,0.3213,0.4820,0.4820,0.6204,0,0,0,-2.1097,-2.4627,2.9552,2.9552,3.1036,0,0,0,0.4215,0.4781,0.5737,0.5737,0.5424,0,0,0,-0.4972,-0.6461,-0.7753,-0.7753,-0.8470,0,0,0
11.645876,1788533111.414977,9.1924,9.3927,9.3927,9.3927,9.4789,0,0,0,-0.8107,-0.5517,1.2138,1.2138,1.4489,0,0,0,0.0455,0.2942,0.4413,0.4413,0.6162,0,0,0,-2.0159,-2.4187,2.9025,2.9025,3.0977,0,0,0,0.3553,0.4661,0.5593,0.5593,0.5459,0,0,0,-0.5345,-0.6351,-0.7621,-0.7621,-0.8466,0,0,0
11.653876,1788533111.422990,9.1924,9.3831,9.3831,9.3831,9.4770,0,0,0,-0.8107,-0.5641,1.2411,1.2411,1.4333,0,0,0,0.0455,0.2823,0.4234,0.4234,0.6137,0,0,0,-2.0159,-2.3994,2.8793,2.8793,3.0946,0,0,0,0.3553,0.4607,0.5529,0.5529,0.5476,0,0,0,-0.5345,-0.6303,-0.7564,-0.7564,-0.8460,0,0,0
11.661870,1788533111.430995,9.1924,9.3740,9.3740,9.3740,9.4710,0,0,0,-0.8107,-0.5760,1.2671,1.2671,1.3898,0,0,0,0.0455,0.2709,0.4064,0.4064,0.6044,0,0,0,-2.0159,-2.3810,2.8572,2.8572,3.0835,0,0,0,0.3553,0.4557,0.5468,0.5468,0.5522,0,0,0,-0.5345,-0.6257,-0.7508,-0.7508,-0.8428,0,0,0
11.669396,1788533111.430995,9.1924,9.3653,9.3653,9.3653,9.4663,0,0,0,-0.8107,-0.5872,1.2919,1.2919,1.3648,0,0,0,0.0455,0.2601,0.3902,0.3902,0.5962,0,0,0,-2.0159,-2.3635,2.8362,2.8362,3.0741,0,0,0,0.3553,0.4509,0.5411,0.5411,0.5546,0,0,0,-0.5345,-0.6213,-0.7456,-0.7456,-0.8395,0,0,0
11.678169,1788533111.430995,9.1924,9.3570,9.3570,9.3570,9.4610,0,0,0,-0.8107,-0.5979,1.3154,1.3154,1.3435,0,0,0,0.0455,0.2498,0.3747,0.3747,0.5866,0,0,0,-2.0159,-2.3468,2.8162,2.8162,3.0630,0,0,0,0.3553,0.4463,0.5356,0.5356,0.5564,0,0,0,-0.5345,-0.6172,-0.7406,-0.7406,-0.8354,0,0,0
11.685827,1788533111.430995,9.1924,9.3491,9.3491,9.3491,9.4568,0,0,0,-0.8107,-0.6081,1.3379,1.3379,1.3300,0,0,0,0.0455,0.2400,0.3601,0.3601,0.5785,0,0,0,-2.0159,-2.3310,2.7971,2.7971,3.0537,0,0,0,0.3553,0.4420,0.5303,0.5303,0.5572,0,0,0,-0.5345,-0.6132,-0.7359,-0.7359,-0.8319,0,0,0
11.693826,1788533111.430995,9.1924,9.3416,9.3416,9.3416,9.4506,0,0,0,-0.8107,-0.6178,1.3592,1.3592,1.3152,0,0,0,0.0455,0.2307,0.3461,0.3461,0.5667,0,0,0,-2.0159,-2.3158,2.7790,2.7790,3.0401,0,0,0,0.3553,0.4378,0.5254,0.5254,0.5579,0,0,0,-0.5345,-0.6094,-0.7313,-0.7313,-0.8267,0,0,0
11.701351,1788533111.470944,8.8392,9.2407,9.2407,9.2407,9.4441,0,0,0,-1.6480,-0.8245,1.8140,1.8140,1.3040,0,0,0,-0.0016,0.1840,0.2761,0.2761,0.5539,0,0,0,-1.7154,-2.1952,2.6342,2.6342,3.0253,0,0,0,0.4359,0.4374,0.5249,0.5249,0.5579,0,0,0,-0.1207,-0.5113,-0.6136,-0.6136,-0.8211,0,0,0
11.709866,1788533111.477983,8.8392,9.2237,9.2237,9.2237,9.4372,0,0,0,-1.6480,-0.8594,1.8907,1.8907,1.2964,0,0,0,-0.0016,0.1762,0.2643,0.2643,0.5403,0,0,0,-1.7154,-2.1748,2.6097,2.6097,3.0094,0,0,0,0.4359,0.4374,0.5248,0.5248,0.5574,0,0,0,-0.1207,-0.4948,-0.5937,-0.5937,-0.8150,0,0,0
11.717867,1788533111.477983,8.8392,9.2053,9.2053,9.2053,9.4289,0,0,0,-1.6480,-0.8972,1.9739,1.9739,1.2970,0,0,0,-0.0016,0.1676,0.2515,0.2515,0.5255,0,0,0,-1.7154,-2.1527,2.5833,2.5833,2.9912,0,0,0,0.4359,0.4373,0.5247,0.5247,0.5564,0,0,0,-0.1207,-0.4768,-0.5722,-0.5722,-0.8074,0,0,0
11.725870,1788533111.477983,8.8392,9.1877,9.1877,9.1877,9.4190,0,0,0,-1.6480,-0.9332,2.0530,2.0530,1.3075,0,0,0,-0.0016,0.1595,0.2393,0.2393,0.5094,0,0,0,-1.7154,-2.1318,2.5581,2.5581,2.9705,0,0,0,0.4359,0.4372,0.5247,0.5247,0.5551,0,0,0,-0.1207,-0.4598,-0.5517,-0.5517,-0.7979,0,0,0
11.734403,1788533111.502986,8.5525,9.1013,9.1013,9.1013,9.4075,0,0,0,-2.3658,-1.1281,2.4818,2.4818,1.3269,0,0,0,-0.0767,0.1274,0.1911,0.1911,0.4924,0,0,0,-1.6568,-2.0671,2.4805,2.4805,2.9476,0,0,0,0.4034,0.4326,0.5192,0.5192,0.5535,0,0,0,0.0746,-0.3871,-0.4645,-0.4645,-0.7866,0,0,0
11.741400,1788533111.510520,8.5525,9.0765,9.0765,9.0765,9.3948,0,0,0,-2.3658,-1.1842,2.6053,2.6053,1.3547,0,0,0,-0.0767,0.1182,0.1773,0.1773,0.4747,0,0,0,-1.6568,-2.0485,2.4582,2.4582,2.9231,0,0,0,0.4034,0.4313,0.5176,0.5176,0.5518,0,0,0,0.0746,-0.3662,-0.4394,-0.4394,-0.7737,0,0,0
11.749676,1788533111.517785,8.5525,9.0536,9.0536,9.0536,9.3840,0,0,0,-2.3658,-1.2360,2.7192,2.7192,1.3828,0,0,0,-0.0767,0.1097,0.1645,0.1645,0.4609,0,0,0,-1.6568,-2.0314,2.4376,2.4376,2.9034,0,0,0,0.4034,0.4301,0.5161,0.5161,0.5504,0,0,0,0.0746,-0.3469,-0.4163,-0.4163,-0.7627,0,0,0
11.757564,1788533111.525869,8.5525,9.0293,9.0293,9.0293,9.3636,0,0,0,-2.3658,-1.2908,2.8398,2.8398,1.4447,0,0,0,-0.0767,0.1006,0.1510,0.1510,0.4369,0,0,0,-1.6568,-2.0132,2.4158,2.4158,2.8683,0,0,0,0.4034,0.4288,0.5146,0.5146,0.5479,0,0,0,0.0746,-0.3265,-0.3918,-0.3918,-0.7415,0,0,0
11.766548,1788533111.534330,8.0611,8.9802,8.9802,8.9802,9.3456,0,0,0,-4.0989,-1.4335,3.1536,3.1536,1.5050,0,0,0,-0.0762,0.0917,0.1375,0.1375,0.4173,0,0,0,-1.6715,-1.9959,2.3951,2.3951,2.8391,0,0,0,0.4989,0.4323,0.5188,0.5188,0.5458,0,0,0,0.2464,-0.2975,-0.3570,-0.3570,-0.7228,0,0,0
11.774071,1788533111.534330,8.0611,8.9361,8.9361,8.9361,9.3312,0,0,0,-4.0989,-1.5620,3.4364,3.4364,1.5561,0,0,0,-0.0762,0.0836,0.1255,0.1255,0.4024,0,0,0,-1.6715,-1.9803,2.3764,2.3764,2.8166,0,0,0,0.4989,0.4355,0.5226,0.5226,0.5442,0,0,0,0.2464,-0.2714,-0.3257,-0.3257,-0.7078,0,0,0
11.781715,1788533111.550832,7.8737,8.8359,8.8359,8.8359,9.3107,0,0,0,-4.4390,-1.8345,4.0360,4.0360,1.6334,0,0,0,-0.0485,0.0712,0.1068,0.1068,0.3825,0,0,0,-1.6675,-1.9508,2.3410,2.3410,2.7861,0,0,0,0.4989,0.4415,0.5298,0.5298,0.5420,0,0,0,0.2464,-0.2226,-0.2672,-0.2672,-0.6866,0,0,0
11.790243,1788533111.550832,7.8737,8.7896,8.7896,8.7896,9.2885,0,0,0,-4.4390,-1.9605,4.3130,4.3130,1.7228,0,0,0,-0.0485,0.0655,0.0982,0.0982,0.3625,0,0,0,-1.6675,-1.9372,2.3247,2.3247,2.7553,0,0,0,0.4989,0.4442,0.5331,0.5331,0.5399,0,0,0,0.2464,-0.2001,-0.2401,-0.2401,-0.6639,0,0,0
11.798236,1788533111.567363,7.8737,8.7031,8.7031,8.7031,9.2642,0,0,0,-4.4390,-2.1961,4.8314,4.8314,1.8276,0,0,0,-0.0485,0.0547,0.0821,0.0821,0.3426,0,0,0,-1.6675,-1.9118,2.2941,2.2941,2.7244,0,0,0,0.4989,0.4494,0.5392,0.5392,0.5381,0,0,0,0.2464,-0.1580,-0.1896,-0.1896,-0.6399,0,0,0
11.805844,1788533111.574964,7.8737,8.6651,8.6651,8.6651,9.2442,0,0,0,-4.4390,-2.2995,5.0590,5.0590,1.9180,0,0,0,-0.0485,0.0500,0.0750,0.0750,0.3278,0,0,0,-1.6675,-1.9006,2.2807,2.2807,2.7011,0,0,0,0.4989,0.4516,0.5420,0.5420,0.5369,0,0,0,0.2464,-0.1395,-0.1674,-0.1674,-0.6208,0,0,0
11.814367,1788533111.582495,7.8737,8.6291,8.6291,8.6291,9.2154,0,0,0,-4.4390,-2.3975,5.2744,5.2744,2.0545,0,0,0,-0.0485,0.0456,0.0683,0.0683,0.3083,0,0,0,-1.6675,-1.8901,2.2681,2.2681,2.6701,0,0,0,0.4989,0.4538,0.5445,0.5445,0.5355,0,0,0,0.2464,-0.1220,-0.1464,-0.1464,-0.5943,0,0,0
11.822452,1788533111.591493,7.8737,8.5885,8.5885,8.5885,9.1839,0,0,0,-4.4390,-2.5082,5.5180,5.5180,2.2102,0,0,0,-0.0485,0.0405,0.0608,0.0608,0.2891,0,0,0,-1.6675,-1.8781,2.2537,2.2537,2.6393,0,0,0,0.4989,0.4562,0.5474,0.5474,0.5346,0,0,0,0.2464,-0.1022,-0.1227,-0.1227,-0.5664,0,0,0
11.830521,1788533111.591493,7.8737,8.5541,8.5541,8.5541,9.1500,0,0,0,-4.4390,-2.6019,5.7242,5.7242,2.3824,0,0,0,-0.0485,0.0363,0.0544,0.0544,0.2703,0,0,0,-1.6675,-1.8680,2.2416,2.2416,2.6090,0,0,0,0.4989,0.4582,0.5499,0.5499,0.5339,0,0,0,0.2464,-0.0855,-0.1026,-0.1026,-0.5376,0,0,0
11.838523,1788533111.606649,6.1527,8.3439,8.3439,8.3439,9.1143,0,0,0,-7.6810,-3.0505,6.7111,6.7111,2.5684,0,0,0,0.5322,0.0794,0.1191,0.1191,0.2520,0,0,0,-1.3126,-1.8196,2.1835,2.1835,2.5792,0,0,0,0.6968,0.4790,0.5748,0.5748,0.5337,0,0,0,-0.1409,-0.0903,-0.1084,-0.1084,-0.5081,0,0,0
11.846168,1788533111.614268,6.1527,8.2430,8.2430,8.2430,9.0771,0,0,0,-7.6810,-3.2660,7.1853,7.1853,2.7661,0,0,0,0.5322,0.1001,0.1502,0.1502,0.2344,0,0,0,-1.3126,-1.7963,2.1556,2.1556,2.5503,0,0,0,0.6968,0.4889,0.5867,0.5867,0.5337,0,0,0,-0.1409,-0.0926,-0.1111,-0.1111,-0.4783,0,0,0
11.854243,1788533111.623279,6.1527,8.1299,8.1299,8.1299,9.0480,0,0,0,-7.6810,-3.5076,7.7166,7.7166,2.9225,0,0,0,0.5322,0.1233,0.1849,0.1849,0.2218,0,0,0,-1.3126,-1.7703,2.1244,2.1244,2.5290,0,0,0,0.6968,0.5001,0.6001,0.6001,0.5340,0,0,0,-0.1409,-0.0952,-0.1143,-0.1143,-0.4559,0,0,0
11.862260,1788533111.631390,6.1527,8.0331,8.0331,8.0331,9.0059,0,0,0,-7.6810,-3.7145,8.1720,8.1720,3.1484,0,0,0,0.5322,0.1431,0.2147,0.2147,0.2067,0,0,0,-1.3126,-1.7480,2.0976,2.0976,2.5009,0,0,0,0.6968,0.5096,0.6115,0.6115,0.5349,0,0,0,-0.1409,-0.0974,-0.1169,-0.1169,-0.4265,0,0,0
11.870517,1788533111.638658,5.7815,7.9337,7.9337,7.9337,8.9598,0,0,0,-9.2288,-3.9616,8.7155,8.7155,3.3953,0,0,0,0.8349,0.1733,0.2600,0.2600,0.1939,0,0,0,-1.1812,-1.7232,2.0678,2.0678,2.4729,0,0,0,0.6838,0.5172,0.6207,0.6207,0.5365,0,0,0,-0.1285,-0.0988,-0.1186,-0.1186,-0.3980,0,0,0
11.878524,1788533111.638658,5.7815,7.8294,7.8294,7.8294,8.9094,0,0,0,-9.2288,-4.2208,9.2857,9.2857,3.6633,0,0,0,0.8349,0.2050,0.3075,0.3075,0.1837,0,0,0,-1.1812,-1.6971,2.0366,2.0366,2.4449,0,0,0,0.6838,0.5252,0.6303,0.6303,0.5388,0,0,0,-0.1285,-0.1002,-0.1203,-0.1203,-0.3708,0,0,0
11.886531,1788533111.654648,5.6996,7.6327,7.6327,7.6327,8.8547,0,0,0,-9.8385,-4.7480,10.4455,10.4455,3.9515,0,0,0,1.1671,0.2930,0.4395,0.4395,0.1763,0,0,0,-1.0464,-1.6375,1.9650,1.9650,2.4170,0,0,0,0.8673,0.5565,0.6678,0.6678,0.5419,0,0,0,-0.3468,-0.1228,-0.1473,-0.1473,-0.3451,0,0,0
11.894571,1788533111.662689,5.6996,7.5385,7.5385,7.5385,8.8110,0,0,0,-9.8385,-5.0005,11.0010,11.0010,4.1806,0,0,0,1.1671,0.3351,0.5026,0.5026,0.1727,0,0,0,-1.0464,-1.6089,1.9307,1.9307,2.3961,0,0,0,0.8673,0.5714,0.6857,0.6857,0.5447,0,0,0,-0.3468,-0.1336,-0.1603,-0.1603,-0.3269,0,0,0
11.902094,1788533111.670693,5.6996,7.4492,7.4492,7.4492,8.7490,0,0,0,-9.8385,-5.2398,11.5276,11.5276,4.5050,0,0,0,1.1671,0.3750,0.5625,0.5625,0.1710,0,0,0,-1.0464,-1.5819,1.8982,1.8982,2.3682,0,0,0,0.8673,0.5856,0.7027,0.7027,0.5490,0,0,0,-0.3468,-0.1438,-0.1726,-0.1726,-0.3042,0,0,0
11.910107,1788533111.670693,5.6996,7.3642,7.3642,7.3642,8.6811,0,0,0,-9.8385,-5.4676,12.0287,12.0287,4.8624,0,0,0,1.1671,0.4130,0.6196,0.6196,0.1743,0,0,0,-1.0464,-1.5561,1.8673,1.8673,2.3392,0,0,0,0.8673,0.5991,0.7189,0.7189,0.5545,0,0,0,-0.3468,-0.1535,-0.1842,-0.1842,-0.2837,0,0,0
11.918108,1788533111.687235,5.6996,7.2054,7.2054,7.2054,8.6069,0,0,0,-9.8385,-5.8926,12.9636,12.9636,5.2554,0,0,0,1.1671,0.4843,0.7264,0.7264,0.1834,0,0,0,-1.0464,-1.5079,1.8095,1.8095,2.3091,0,0,0,0.8673,0.6244,0.7493,0.7493,0.5613,0,0,0,-0.3468,-0.1717,-0.2061,-0.2061,-0.2658,0,0,0
11.926109,1788533111.695236,5.6277,7.1288,7.1288,7.1288,8.5479,0,0,0,-10.8378,-6.1379,13.5033,13.5033,5.5702,0,0,0,1.6632,0.5409,0.8113,0.8113,0.1938,0,0,0,-1.0068,-1.4838,1.7806,1.7806,2.2858,0,0,0,1.0342,0.6441,0.7729,0.7729,0.5671,0,0,0,-0.5007,-0.1875,-0.2250,-0.2250,-0.2539,0,0,0
11.934341,1788533111.702451,5.6277,7.0627,7.0627,7.0627,8.4649,0,0,0,-10.8378,-6.3495,13.9688,13.9688,6.0159,0,0,0,1.6632,0.5898,0.8847,0.8847,0.2124,0,0,0,-1.0068,-1.4630,1.7556,1.7556,2.2539,0,0,0,1.0342,0.6610,0.7932,0.7932,0.5761,0,0,0,-0.5007,-0.2011,-0.2413,-0.2413,-0.2402,0,0,0
11.942684,1788533111.710800,5.1973,6.9683,6.9683,6.9683,8.3774,0,0,0,-11.6034,-6.6217,14.5678,14.5678,6.4898,0,0,0,1.6632,0.6435,0.9653,0.9653,0.2367,0,0,0,-1.0456,-1.4421,1.7305,1.7305,2.2210,0,0,0,1.0342,0.6796,0.8156,0.8156,0.5862,0,0,0,-0.5007,-0.2160,-0.2592,-0.2592,-0.2291,0,0,0
11.949773,1788533111.710800,5.1973,6.8822,6.8822,6.8822,8.2868,0,0,0,-11.6034,-6.8700,15.1139,15.1139,6.9864,0,0,0,1.6632,0.6926,1.0389,1.0389,0.2662,0,0,0,-1.0456,-1.4231,1.7077,1.7077,2.1874,0,0,0,1.0342,0.6967,0.8360,0.8360,0.5976,0,0,0,-0.5007,-0.2296,-0.2756,-0.2756,-0.2205,0,0,0
11.958772,1788533111.726891,5.1973,6.7252,6.7252,6.7252,8.1937,0,0,0,-11.6034,-7.3214,16.1071,16.1071,7.5014,0,0,0,1.6632,0.7822,1.1733,1.1733,0.3008,0,0,0,-1.0456,-1.3882,1.6659,1.6659,2.1533,0,0,0,1.0342,0.7277,0.8733,0.8733,0.6101,0,0,0,-0.5007,-0.2545,-0.3054,-0.3054,-0.2143,0,0,0
11.966500,1788533111.726891,5.1973,6.6509,6.6509,6.6509,8.0989,0,0,0,-11.6034,-7.5349,16.5767,16.5767,8.0317,0,0,0,1.6632,0.8246,1.2369,1.2369,0.3400,0,0,0,-1.0456,-1.3718,1.6461,1.6461,2.1192,0,0,0,1.0342,0.7424,0.8909,0.8909,0.6236,0,0,0,-0.5007,-0.2663,-0.3196,-0.3196,-0.2104,0,0,0
11.974199,1788533111.742224,5.1973,6.5212,6.5212,6.5212,8.0023,0,0,0,-11.6034,-7.9063,17.3938,17.3938,8.5780,0,0,0,1.6632,0.8987,1.3481,1.3481,0.3840,0,0,0,-1.0456,-1.3430,1.6116,1.6116,2.0850,0,0,0,1.0342,0.7681,0.9217,0.9217,0.6382,0,0,0,-0.5007,-0.2869,-0.3443,-0.3443,-0.2087,0,0,0
11.982702,1788533111.750025,4.2904,6.4153,6.4153,6.4153,7.9039,0,0,0,-12.9267,-8.1508,17.9318,17.9318,9.1399,0,0,0,2.0889,0.9547,1.4320,1.4320,0.4327,0,0,0,-1.3188,-1.3418,1.6102,1.6102,2.0507,0,0,0,1.1782,0.7873,0.9448,0.9448,0.6538,0,0,0,-0.4549,-0.2948,-0.3537,-0.3537,-0.2092,0,0,0
11.990416,1788533111.759440,4.2904,6.2946,6.2946,6.2946,7.8052,0,0,0,-12.9267,-8.4290,18.5438,18.5438,9.7090,0,0,0,2.0889,1.0185,1.5277,1.5277,0.4847,0,0,0,-1.3188,-1.3405,1.6087,1.6087,2.0169,0,0,0,1.1782,0.8092,0.9711,0.9711,0.6702,0,0,0,-0.4549,-0.3037,-0.3645,-0.3645,-0.2115,0,0,0
11.998253,1788533111.767158,4.0628,6.1896,6.1896,6.1896,7.7308,0,0,0,-13.6732,-8.6824,19.1013,19.1013,10.1399,0,0,0,2.3664,1.0813,1.6219,1.6219,0.5260,0,0,0,-1.4658,-1.3464,1.6156,1.6156,1.9920,0,0,0,1.3857,0.8359,1.0031,1.0031,0.6829,0,0,0,-0.7048,-0.3223,-0.3868,-0.3868,-0.2143,0,0,0
12.006739,1788533111.775964,4.0628,6.0760,6.0760,6.0760,7.6302,0,0,0,-13.6732,-8.9560,19.7032,19.7032,10.7254,0,0,0,2.3664,1.1492,1.7238,1.7238,0.5846,0,0,0,-1.4658,-1.3526,1.6232,1.6232,1.9593,0,0,0,1.3857,0.8649,1.0378,1.0378,0.7008,0,0,0,-0.7048,-0.3424,-0.4108,-0.4108,-0.2195,0,0,0
12.014262,1788533111.775964,4.0628,5.9779,5.9779,5.9779,7.5536,0,0,0,-13.6732,-9.1924,20.2233,20.2233,11.1715,0,0,0,2.3664,1.2079,1.8119,1.8119,0.6312,0,0,0,-1.4658,-1.3581,1.6297,1.6297,1.9355,0,0,0,1.3857,0.8899,1.0678,1.0678,0.7147,0,0,0,-0.7048,-0.3597,-0.4317,-0.4317,-0.2244,0,0,0
12.022267,1788533111.791385,4.0628,5.8057,5.8057,5.8057,7.4240,0,0,0,-13.6732,-9.6056,21.1322,21.1322,11.9254,0,0,0,2.3664,1.3111,1.9667,1.9667,0.7136,0,0,0,-1.4658,-1.3676,1.6411,1.6411,1.8976,0,0,0,1.3857,0.9338,1.1206,1.1206,0.7393,0,0,0,-0.7048,-0.3903,-0.4683,-0.4683,-0.2344,0,0,0
12.030746,1788533111.791385,4.0628,5.7208,5.7208,5.7208,7.3190,0,0,0,-13.6732,-9.8093,21.5804,21.5804,12.5351,0,0,0,2.3664,1.3621,2.0431,2.0431,0.7835,0,0,0,-1.4658,-1.3723,1.6468,1.6468,1.8693,0,0,0,1.3857,0.9555,1.1466,1.1466,0.7601,0,0,0,-0.7048,-0.4053,-0.4864,-0.4864,-0.2439,0,0,0
12.038603,1788533111.791385,4.0628,5.6399,5.6399,5.6399,7.2128,0,0,0,-13.6732,-10.0029,22.0063,22.0063,13.1497,0,0,0,2.3664,1.4106,2.1159,2.1159,0.8567,0,0,0,-1.4658,-1.3768,1.6522,1.6522,1.8431,0,0,0,1.3857,0.9762,1.1714,1.1714,0.7819,0,0,0,-0.7048,-0.4197,-0.5036,-0.5036,-0.2548,0,0,0
12.046705,1788533111.791385,4.0628,5.5630,5.5630,5.5630,7.1050,0,0,0,-13.6732,-10.1868,22.4110,22.4110,13.7705,0,0,0,2.3664,1.4567,2.1851,2.1851,0.9335,0,0,0,-1.4658,-1.3811,1.6573,1.6573,1.8191,0,0,0,1.3857,0.9959,1.1950,1.1950,0.8049,0,0,0,-0.7048,-0.4334,-0.5200,-0.5200,-0.2671,0,0,0
12.054228,1788533111.824346,4.0628,5.3018,5.3018,5.3018,7.0235,0,0,0,-13.6732,-10.8063,23.7739,23.6110,14.2378,1,0,0,2.3664,1.6139,2.4209,2.4209,0.9930,0,0,0,-1.4658,-1.3956,1.6748,1.6748,1.8025,0,0,0,1.3857,1.0629,1.2755,1.2755,0.8229,0,0,0,-0.7048,-0.4800,-0.5760,-0.5760,-0.2771,0,0,0
12.061883,1788533111.832058,4.0628,5.2436,5.2436,5.2436,6.9146,0,0,0,-13.6732,-10.9443,24.0775,24.0775,14.8599,0,0,0,2.3664,1.6490,2.4735,2.4735,1.0743,0,0,0,-1.4658,-1.3989,1.6787,1.6787,1.7825,0,0,0,1.3857,1.0779,1.2935,1.2935,0.8476,0,0,0,-0.7048,-0.4904,-0.5885,-0.5885,-0.2914,0,0,0
12.070910,1788533111.832058,4.0628,5.1861,5.1861,5.1861,6.8055,0,0,0,-13.6732,-11.0803,24.3767,24.3767,15.4796,0,0,0,2.3664,1.6836,2.5254,2.5254,1.1576,0,0,0,-1.4658,-1.4021,1.6825,1.6825,1.7646,0,0,0,1.3857,1.0927,1.3112,1.3112,0.8731,0,0,0,-0.7048,-0.5007,-0.6008,-0.6008,-0.3066,0,0,0
12.078914,1788533111.848068,4.0628,5.0819,5.0819,5.0819,6.6946,0,0,0,-13.6732,-11.3261,24.9175,24.9175,16.1034,0,0,0,2.3664,1.7465,2.6198,2.6198,1.2442,0,0,0,-1.4658,-1.4079,1.6895,1.6895,1.7491,0,0,0,1.3857,1.1196,1.3435,1.3435,0.8998,0,0,0,-0.7048,-0.5194,-0.6232,-0.6232,-0.3231,0,0,0
12.086862,1788533111.855088,4.0628,5.0381,5.0381,5.0381,6.5827,0,0,0,-13.6732,-11.4292,25.1443,25.1443,16.7294,0,0,0,2.3664,1.7729,2.6594,2.6594,1.3333,0,0,0,-1.4658,-1.4104,1.6925,1.6925,1.7357,0,0,0,1.3857,1.1308,1.3570,1.3570,0.9276,0,0,0,-0.7048,-0.5272,-0.6327,-0.6327,-0.3406,0,0,0
12.094216,1788533111.864359,4.0628,4.9836,4.9836,4.9836,6.4987,0,0,0,-13.6732,-11.5575,25.4264,25.4264,17.1971,0,0,0,2.3664,1.8059,2.7088,2.7088,1.4010,0,0,0,-1.4658,-1.4134,1.6961,1.6961,1.7270,0,0,0,1.3857,1.1449,1.3739,1.3739,0.9489,0,0,0,-0.7048,-0.5370,-0.6444,-0.6444,-0.3542,0,0,0
12.102527,1788533111.871335,2.3389,4.8706,4.8706,4.8706,6.3869,0,0,0,-17.2721,-11.8073,25.9761,25.9761,17.8169,0,0,0,3.7243,1.8872,2.8308,2.8308,1.4923,0,0,0,-1.2670,-1.4073,1.6887,1.6887,1.7170,0,0,0,1.8190,1.1733,1.4080,1.4080,0.9777,0,0,0,-1.8809,-0.5936,-0.7123,-0.7123,-0.3729,0,0,0
12.110894,1788533111.880342,2.3389,4.7326,4.7326,4.7326,6.2756,0,0,0,-17.2721,-12.1124,26.6473,26.6473,18.4317,0,0,0,3.7243,1.9865,2.9798,2.9798,1.5845,0,0,0,-1.2670,-1.3998,1.6797,1.6797,1.7089,0,0,0,1.8190,1.2080,1.4497,1.4497,1.0070,0,0,0,-1.8809,-0.6628,-0.7953,-0.7953,-0.3922,0,0,0
12.118888,1788533111.887963,2.3389,4.6212,4.6212,4.6212,6.1646,0,0,0,-17.2721,-12.3586,27.1889,27.1889,19.0412,0,0,0,3.7243,2.0668,3.1002,3.1002,1.6778,0,0,0,-1.2670,-1.3937,1.6724,1.6724,1.7021,0,0,0,1.8190,1.2361,1.4833,1.4833,1.0367,0,0,0,-1.8809,-0.7187,-0.8624,-0.8624,-0.4126,0,0,0
12.126799,1788533111.895920,2.3389,4.5104,4.5104,4.5104,6.0535,0,0,0,-17.2721,-12.6032,27.7270,27.7270,19.6469,0,0,0,3.7243,2.1466,3.2199,3.2199,1.7726,0,0,0,-1.2670,-1.3876,1.6652,1.6652,1.6966,0,0,0,1.8190,1.2640,1.5167,1.5167,1.0670,0,0,0,-1.8809,-0.7743,-0.9291,-0.9291,-0.4347,0,0,0
12.134409,1788533111.903927,2.3389,4.4043,4.4043,4.4043,5.9701,0,0,0,-17.2721,-12.8372,28.2419,28.2419,20.0989,0,0,0,3.7243,2.2231,3.3347,3.3347,1.8449,0,0,0,-1.2670,-1.3819,1.6582,1.6582,1.6929,0,0,0,1.8190,1.2907,1.5488,1.5488,1.0900,0,0,0,-1.8809,-0.8276,-0.9931,-0.9931,-0.4528,0,0,0
12.142924,1788533111.911537,2.3389,4.3081,4.3081,4.3081,5.8587,0,0,0,-17.2721,-13.0493,28.7084,28.7084,20.6985,0,0,0,3.7243,2.2925,3.4387,3.4387,1.9430,0,0,0,-1.2670,-1.3766,1.6519,1.6519,1.6887,0,0,0,1.8190,1.3149,1.5779,1.5779,1.1210,0,0,0,-1.8809,-0.8759,-1.0511,-1.0511,-0.4792,0,0,0
12.150432,1788533111.919053,2.3389,4.2174,4.2174,4.2174,5.7473,0,0,0,-17.2721,-13.2489,29.1476,29.1476,21.2939,0,0,0,3.7243,2.3579,3.5368,3.5368,2.0429,0,0,0,-1.2670,-1.3717,1.6460,1.6460,1.6848,0,0,0,1.8190,1.3377,1.6053,1.6053,1.1525,0,0,0,-1.8809,-0.9215,-1.1058,-1.1058,-0.5082,0,0,0
12.158433,1788533111.927558,2.3389,4.1201,4.1201,4.1201,5.6360,0,0,0,-17.2721,-13.4629,29.6183,29.6183,21.8842,0,0,0,3.7243,2.4281,3.6421,3.6421,2.1444,0,0,0,-1.2670,-1.3663,1.6396,1.6396,1.6814,0,0,0,1.8190,1.3623,1.6347,1.6347,1.1842,0,0,0,-1.8809,-0.9705,-1.1646,-1.1646,-0.5397,0,0,0
12.166969,1788533111.937084,2.3389,4.0174,4.0174,4.0174,5.5252,0,0,0,-17.2721,-13.6883,30.1143,30.1143,22.4682,0,0,0,3.7243,2.5023,3.7534,3.7534,2.2470,0,0,0,-1.2670,-1.3607,1.6329,1.6329,1.6781,0,0,0,1.8190,1.3882,1.6658,1.6658,1.2161,0,0,0,-1.8809,-1.0223,-1.2267,-1.2267,-0.5738,0,0,0
12.174374,1788533111.943969,1.0993,3.8937,3.8937,3.8937,5.4429,0,0,0,-19.1290,-13.9254,30.6358,30.6358,22.8992,0,0,0,4.0245,2.5663,3.8494,3.8494,2.3242,0,0,0,-1.7374,-1.3764,1.6516,1.6516,1.6757,0,0,0,1.8104,1.4058,1.6869,1.6869,1.2399,0,0,0,-1.9652,-1.0617,-1.2740,-1.2740,-0.6006,0,0,0
12.183064,1788533111.951566,1.0993,3.7634,3.7634,3.7634,5.3345,0,0,0,-19.1290,-14.1747,31.1843,31.1843,23.4635,0,0,0,4.0245,2.6336,3.9505,3.9505,2.4268,0,0,0,-1.7374,-1.3928,1.6714,1.6714,1.6726,0,0,0,1.8104,1.4243,1.7092,1.7092,1.2715,0,0,0,-1.9652,-1.1031,-1.3237,-1.3237,-0.6378,0,0,0
12.190747,1788533111.951566,1.0993,3.6328,3.6328,3.6328,5.2265,0,0,0,-19.1290,-14.4243,31.7334,31.7334,24.0221,0,0,0,4.0245,2.7012,4.0518,4.0518,2.5304,0,0,0,-1.7374,-1.4093,1.6912,1.6912,1.6697,0,0,0,1.8104,1.4429,1.7315,1.7315,1.3030,0,0,0,-1.9652,-1.1447,-1.3736,-1.3736,-0.6772,0,0,0
12.198747,1788533111.951566,1.0993,3.5086,3.5086,3.5086,5.1183,0,0,0,-19.1290,-14.6614,32.2552,32.2552,24.5761,0,0,0,4.0245,2.7654,4.1482,4.1482,2.6348,0,0,0,-1.7374,-1.4250,1.7100,1.7100,1.6671,0,0,0,1.8104,1.4606,1.7527,1.7527,1.3345,0,0,0,-1.9652,-1.1843,-1.4211,-1.4211,-0.7187,0,0,0
12.206519,1788533111.975655,0.6488,3.1247,3.1247,3.1247,5.0368,0,0,0,-19.5268,-15.3298,33.7255,33.4552,24.9892,1,0,0,4.3832,2.9808,4.4712,4.4712,2.7134,0,0,0,-1.8174,-1.4766,1.7719,1.7719,1.6656,0,0,0,1.9445,1.5245,1.8294,1.8294,1.3579,0,0,0,-2.0621,-1.3005,-1.5606,-1.5606,-0.7509,0,0,0
12.214536,1788533111.984647,0.5274,2.9825,2.9825,2.9825,4.9276,0,0,0,-19.8873,-15.5855,34.2882,34.2882,25.5374,0,0,0,4.3832,3.0568,4.5853,4.5853,2.8186,0,0,0,-1.8235,-1.4952,1.7942,1.7942,1.6645,0,0,0,1.9445,1.5470,1.8564,1.8564,1.3888,0,0,0,-1.8129,-1.3281,-1.5937,-1.5937,-0.7951,0,0,0
12.222429,1788533111.984647,0.5274,2.8621,2.8621,2.8621,4.8169,0,0,0,-19.8873,-15.8018,34.7640,34.7640,26.0844,0,0,0,4.3832,3.1212,4.6818,4.6818,2.9246,0,0,0,-1.8235,-1.5109,1.8131,1.8131,1.6645,0,0,0,1.9445,1.5661,1.8794,1.8794,1.4195,0,0,0,-1.8129,-1.3514,-1.6217,-1.6217,-0.8408,0,0,0
12.231105,1788533111.984647,0.5274,2.7476,2.7476,2.7476,4.7016,0,0,0,-19.8873,-16.0073,35.2161,35.2161,26.6391,0,0,0,4.3832,3.1825,4.7737,4.7737,3.0337,0,0,0,-1.8235,-1.5259,1.8310,1.8310,1.6662,0,0,0,1.9445,1.5843,1.9012,1.9012,1.4505,0,0,0,-1.8129,-1.3737,-1.6484,-1.6484,-0.8888,0,0,0
12.238712,1788533112.008824,0.5274,2.4487,2.4487,2.4487,4.5816,0,0,0,-19.8873,-16.5407,36.3895,36.3895,27.2047,0,0,0,4.3832,3.3428,5.0142,5.0142,3.1459,0,0,0,-1.8235,-1.5651,1.8782,1.8782,1.6698,0,0,0,1.9445,1.6320,1.9584,1.9584,1.4817,0,0,0,-1.8129,-1.4320,-1.7184,-1.7184,-0.9385,0,0,0
12.247085,1788533112.008824,0.5274,2.3546,2.3546,2.3546,4.4892,0,0,0,-19.8873,-16.7083,36.7584,36.7584,27.6344,0,0,0,4.3832,3.3932,5.0899,5.0899,3.2316,0,0,0,-1.8235,-1.5775,1.8930,1.8930,1.6736,0,0,0,1.9445,1.6471,1.9765,1.9765,1.5052,0,0,0,-1.8129,-1.4503,-1.7404,-1.7404,-0.9765,0,0,0
12.255084,1788533112.024287,0.5274,2.1893,2.1893,2.1893,4.3630,0,0,0,-19.8873,-17.0019,37.4042,37.4042,28.2126,0,0,0,4.3832,3.4820,5.2230,5.2230,3.3474,0,0,0,-1.8235,-1.5993,1.9192,1.9192,1.6801,0,0,0,1.9445,1.6735,2.0082,2.0082,1.5366,0,0,0,-1.8129,-1.4826,-1.7791,-1.7791,-1.0277,0,0,0
12.263084,1788533112.024287,0.5274,2.1080,2.1080,2.1080,4.2317,0,0,0,-19.8873,-17.1461,37.7215,37.7215,28.8046,0,0,0,4.3832,3.5257,5.2885,5.2885,3.4664,0,0,0,-1.8235,-1.6101,1.9321,1.9321,1.6885,0,0,0,1.9445,1.6865,2.0238,2.0238,1.5683,0,0,0,-1.8129,-1.4985,-1.7982,-1.7982,-1.0796,0,0,0
12.270373,1788533112.038941,0.5274,1.9720,1.9720,1.9720,4.0961,0,0,0,-19.8873,-17.3867,38.2508,38.2508,29.4070,0,0,0,4.3832,3.5988,5.3982,5.3982,3.5880,0,0,0,-1.8235,-1.6281,1.9537,1.9537,1.6987,0,0,0,1.9445,1.7084,2.0500,2.0500,1.6003,0,0,0,-1.8129,-1.5252,-1.8302,-1.8302,-1.1318,0,0,0
12.279099,1788533112.047701,0.5274,1.8950,1.8950,1.8950,3.9567,0,0,0,-19.8873,-17.5226,38.5498,38.5498,30.0178,0,0,0,4.3832,3.6403,5.4604,5.4604,3.7116,0,0,0,-1.8235,-1.6383,1.9659,1.9659,1.7106,0,0,0,1.9445,1.7207,2.0649,2.0649,1.6324,0,0,0,-1.8129,-1.5403,-1.8483,-1.8483,-1.1839,0,0,0
12.287090,1788533112.047701,0.5274,1.8282,1.8282,1.8282,3.8138,0,0,0,-19.8873,-17.6405,38.8092,38.8092,30.6361,0,0,0,4.3832,3.6762,5.5144,5.5144,3.8371,0,0,0,-1.8235,-1.6472,1.9766,1.9766,1.7240,0,0,0,1.9445,1.7315,2.0778,2.0778,1.6647,0,0,0,-1.8129,-1.5534,-1.8641,-1.8641,-1.2357,0,0,0
12.294694,1788533112.063812,0.5274,1.7063,1.7063,1.7063,3.7053,0,0,0,-19.8873,-17.8548,39.2806,39.2806,31.1011,0,0,0,4.3832,3.7419,5.6129,5.6129,3.9316,0,0,0,-1.8235,-1.6634,1.9961,1.9961,1.7348,0,0,0,1.9445,1.7511,2.1014,2.1014,1.6888,0,0,0,-1.8129,-1.5774,-1.8929,-1.8929,-1.2741,0,0,0
12.302842,1788533112.071324,-0.9896,1.5822,1.5822,1.5822,3.5603,0,0,0,-21.6418,-18.0324,39.6713,39.6713,31.7178,0,0,0,6.1088,3.8500,5.7750,5.7750,4.0573,0,0,0,-1.7864,-1.6689,2.0027,2.0027,1.7502,0,0,0,2.3664,1.7790,2.1348,2.1348,1.7206,0,0,0,-2.2868,-1.6095,-1.9314,-1.9314,-1.3244,0,0,0
12.310372,1788533112.080477,-0.9896,1.4393,1.4393,1.4393,3.4157,0,0,0,-21.6418,-18.2366,40.1205,40.1205,32.3274,0,0,0,6.1088,3.9745,5.9617,5.9617,4.1817,0,0,0,-1.7864,-1.6753,2.0104,2.0104,1.7663,0,0,0,2.3664,1.8111,2.1733,2.1733,1.7519,0,0,0,-2.2868,-1.6466,-1.9759,-1.9759,-1.3733,0,0,0
12.318891,1788533112.080477,-0.9896,1.3204,1.3204,1.3204,3.2719,0,0,0,-21.6418,-18.4063,40.4938,40.4938,32.9284,0,0,0,6.1088,4.0781,6.1171,6.1171,4.3053,0,0,0,-1.7864,-1.6807,2.0168,2.0168,1.7829,0,0,0,2.3664,1.8378,2.2053,2.2053,1.7827,0,0,0,-2.2868,-1.6774,-2.0129,-2.0129,-1.4209,0,0,0
12.326890,1788533112.096006,-0.9896,1.1107,1.1107,1.1107,3.1288,0,0,0,-21.6418,-18.7048,41.1505,41.1505,33.5194,0,0,0,6.1088,4.2611,6.3917,6.3917,4.4291,0,0,0,-1.7864,-1.6901,2.0281,2.0281,1.7998,0,0,0,2.3664,1.8849,2.2619,2.2619,1.8133,0,0,0,-2.2868,-1.7319,-2.0782,-2.0782,-1.4674,0,0,0
12.334414,1788533112.096006,-0.9896,1.0079,1.0079,1.0079,2.9865,0,0,0,-21.6418,-18.8509,41.4720,41.4720,34.0995,0,0,0,6.1088,4.3509,6.5263,6.5263,4.5539,0,0,0,-1.7864,-1.6947,2.0336,2.0336,1.8168,0,0,0,2.3664,1.9081,2.2897,2.2897,1.8437,0,0,0,-2.2868,-1.7586,-2.1103,-2.1103,-1.5129,0,0,0
12.342485,1788533112.096006,-0.9896,0.9102,0.9102,0.9102,2.8445,0,0,0,-21.6418,-18.9898,41.7775,41.7775,34.6699,0,0,0,6.1088,4.4363,6.6545,6.6545,4.6809,0,0,0,-1.7864,-1.6991,2.0389,2.0389,1.8336,0,0,0,2.3664,1.9301,2.3162,2.3162,1.8743,0,0,0,-2.2868,-1.7840,-2.1408,-2.1408,-1.5578,0,0,0
12.350079,1788533112.120171,-1.2259,0.6232,0.6232,0.6232,2.7024,0,0,0,-22.1793,-19.4242,42.7332,42.7332,35.2313,0,0,0,6.4710,4.7081,7.0622,7.0622,4.8111,0,0,0,-1.7796,-1.7097,2.0516,2.0516,1.8502,0,0,0,2.3711,1.9885,2.3862,2.3862,1.9052,0,0,0,-2.3503,-1.8590,-2.2309,-2.2309,-1.6021,0,0,0
12.358750,1788533112.120171,-1.2259,0.5328,0.5328,0.5328,2.5610,0,0,0,-22.1793,-19.5609,43.0339,43.0339,35.7815,0,0,0,6.4710,4.7938,7.1907,7.1907,4.9439,0,0,0,-1.7796,-1.7131,2.0557,2.0557,1.8664,0,0,0,2.3711,2.0069,2.4082,2.4082,1.9362,0,0,0,-2.3503,-1.8827,-2.2592,-2.2592,-1.6459,0,0,0
12.366699,1788533112.136208,-1.2472,0.3666,0.3666,0.3666,2.4549,0,0,0,-22.7303,-19.8608,43.6937,43.6937,36.1887,0,0,0,7.4859,5.0439,7.5659,7.5659,5.0462,0,0,0,-1.5721,-1.7001,2.0402,2.0402,1.8783,0,0,0,2.6270,2.0639,2.4766,2.4766,1.9598,0,0,0,-2.3475,-1.9255,-2.3105,-2.3105,-1.6786,0,0,0
12.374442,1788533112.136208,-1.2472,0.2878,0.2878,0.2878,2.3123,0,0,0,-22.7303,-20.0030,44.0067,44.0067,36.7282,0,0,0,7.4859,5.1627,7.7441,7.7441,5.1875,0,0,0,-1.5721,-1.6940,2.0328,2.0328,1.8937,0,0,0,2.6270,2.0909,2.5091,2.5091,1.9917,0,0,0,-2.3475,-1.9458,-2.3349,-2.3349,-1.7224,0,0,0
12.383105,1788533112.151550,-1.2472,0.1503,0.1503,0.1503,2.1690,0,0,0,-22.7303,-20.2507,44.5516,44.5516,37.2628,0,0,0,7.4859,5.3703,8.0554,8.0554,5.3347,0,0,0,-1.5721,-1.6833,2.0199,2.0199,1.9085,0,0,0,2.6270,2.1383,2.5659,2.5659,2.0243,0,0,0,-2.3475,-1.9813,-2.3775,-2.3775,-1.7662,0,0,0
12.390850,1788533112.160847,-1.2472,0.0716,0.0716,0.0716,2.0254,0,0,0,-22.7303,-20.3922,44.8628,44.8628,37.7936,0,0,0,7.4859,5.4890,8.2336,8.2336,5.4891,0,0,0,-1.5721,-1.6771,2.0126,2.0126,1.9224,0,0,0,2.6270,2.1654,2.5985,2.5985,2.0577,0,0,0,-2.3475,-2.0016,-2.4019,-2.4019,-1.8099,0,0,0
12.399175,1788533112.160847,-1.2472,0.0073,0.0073,0.0073,1.8823,0,0,0,-22.7303,-20.5079,45.1174,45.1174,38.3193,0,0,0,7.4859,5.5863,8.3795,8.3795,5.6506,0,0,0,-1.5721,-1.6721,2.0065,2.0065,1.9351,0,0,0,2.6270,2.1876,2.6251,2.6251,2.0920,0,0,0,-2.3475,-2.0182,-2.4219,-2.4219,-1.8535,0,0,0
12.406776,1788533112.175392,-1.2472,-0.0997,-0.0997,-0.0997,1.7400,0,0,0,-22.7303,-20.6999,45.5398,45.5398,38.8397,0,0,0,7.4859,5.7481,8.6221,8.6221,5.8192,0,0,0,-1.5721,-1.6637,1.9965,1.9965,1.9464,0,0,0,2.6270,2.2245,2.6694,2.6694,2.1271,0,0,0,-2.3475,-2.0459,-2.4551,-2.4551,-1.8967,0,0,0
12.415473,1788533112.183991,-1.2472,-0.1596,-0.1596,-0.1596,1.5994,0,0,0,-22.7303,-20.8073,45.7761,45.7761,39.3524,0,0,0,7.4859,5.8387,8.7581,8.7581,5.9936,0,0,0,-1.5721,-1.6590,1.9908,1.9908,1.9565,0,0,0,2.6270,2.2453,2.6943,2.6943,2.1629,0,0,0,-2.3475,-2.0615,-2.4738,-2.4738,-1.9394,0,0,0
12.422551,1788533112.191145,-1.2472,-0.2073,-0.2073,-0.2073,1.4613,0,0,0,-22.7303,-20.8928,45.9641,45.9641,39.8556,0,0,0,7.4859,5.9109,8.8663,8.8663,6.1727,0,0,0,-1.5721,-1.6553,1.9864,1.9864,1.9651,0,0,0,2.6270,2.2618,2.7141,2.7141,2.1991,0,0,0,-2.3475,-2.0738,-2.4886,-2.4886,-1.9813,0,0,0
12.431324,1788533112.199340,-1.2472,-0.2592,-0.2592,-0.2592,1.3260,0,0,0,-22.7303,-20.9856,46.1684,46.1684,40.3486,0,0,0,7.4859,5.9894,8.9842,8.9842,6.3557,0,0,0,-1.5721,-1.6512,1.9815,1.9815,1.9724,0,0,0,2.6270,2.2797,2.7357,2.7357,2.2357,0,0,0,-2.3475,-2.0873,-2.5048,-2.5048,-2.0224,0,0,0
12.438750,1788533112.199340,-1.2472,-0.3073,-0.3073,-0.3073,1.2267,0,0,0,-22.7303,-21.0718,46.3579,46.3579,40.7105,0,0,0,7.4859,6.0624,9.0936,9.0936,6.4947,0,0,0,-1.5721,-1.6474,1.9769,1.9769,1.9770,0,0,0,2.6270,2.2964,2.7557,2.7557,2.2632,0,0,0,-2.3475,-2.0998,-2.5198,-2.5198,-2.0526,0,0,0
12.447384,1788533112.216485,-1.2472,-0.4002,-0.4002,-0.4002,1.0979,0,0,0,-22.7303,-21.2376,46.7228,46.7228,41.1803,0,0,0,7.4859,6.2032,9.3048,9.3048,6.6806,0,0,0,-1.5721,-1.6401,1.9681,1.9681,1.9821,0,0,0,2.6270,2.3287,2.7945,2.7945,2.2997,0,0,0,-2.3475,-2.1240,-2.5488,-2.5488,-2.0917,0,0,0
12.454673,1788533112.216485,-1.2472,-0.4414,-0.4414,-0.4414,0.9737,0,0,0,-22.7303,-21.3112,46.8846,46.8846,41.6344,0,0,0,7.4859,6.2657,9.3985,9.3985,6.8660,0,0,0,-1.5721,-1.6369,1.9642,1.9642,1.9861,0,0,0,2.6270,2.3430,2.8117,2.8117,2.3358,0,0,0,-2.3475,-2.1347,-2.5617,-2.5617,-2.1294,0,0,0
12.463479,1788533112.232500,-1.2472,-0.5162,-0.5162,-0.5162,0.8541,0,0,0,-22.7303,-21.4444,47.1776,47.1776,42.0720,0,0,0,7.4859,6.3790,9.5685,9.5685,7.0500,0,0,0,-1.5721,-1.6309,1.9571,1.9571,1.9891,0,0,0,2.6270,2.3691,2.8429,2.8429,2.3715,0,0,0,-2.3475,-2.1543,-2.5851,-2.5851,-2.1658,0,0,0
12.471113,1788533112.232500,-1.2472,-0.5518,-0.5518,-0.5518,0.7390,0,0,0,-22.7303,-21.5076,47.3167,47.3167,42.4945,0,0,0,7.4859,6.4329,9.6493,9.6493,7.2327,0,0,0,-1.5721,-1.6281,1.9537,1.9537,1.9910,0,0,0,2.6270,2.3815,2.8578,2.8578,2.4066,0,0,0,-2.3475,-2.1636,-2.5963,-2.5963,-2.2008,0,0,0
12.479591,1788533112.232500,-1.2472,-0.5856,-0.5856,-0.5856,0.6283,0,0,0,-22.7303,-21.5677,47.4489,47.4489,42.9014,0,0,0,7.4859,6.4841,9.7262,9.7262,7.4134,0,0,0,-1.5721,-1.6254,1.9505,1.9505,1.9920,0,0,0,2.6270,2.3933,2.8720,2.8720,2.4411,0,0,0,-2.3475,-2.1724,-2.6069,-2.6069,-2.2345,0,0,0
12.487622,1788533112.256701,-1.2472,-0.6740,-0.6740,-0.6740,0.5220,0,0,0,-22.7303,-21.7245,47.7938,47.7938,43.2936,0,0,0,7.4859,6.6182,9.9273,9.9273,7.5920,0,0,0,-1.5721,-1.6184,1.9421,1.9421,1.9923,0,0,0,2.6270,2.4243,2.9091,2.9091,2.4751,0,0,0,-2.3475,-2.1956,-2.6347,-2.6347,-2.2669,0,0,0
12.495321,1788533112.264791,-1.2472,-0.7021,-0.7021,-0.7021,0.4202,0,0,0,-22.7303,-21.7743,47.9034,47.9034,43.6701,0,0,0,7.4859,6.6608,9.9912,9.9912,7.7673,0,0,0,-1.5721,-1.6162,1.9394,1.9394,1.9918,0,0,0,2.6270,2.4341,2.9209,2.9209,2.5083,0,0,0,-2.3475,-2.2030,-2.6436,-2.6436,-2.2980,0,0,0
12.503379,1788533112.271769,-1.2472,-0.7253,-0.7253,-0.7253,0.3469,0,0,0,-22.7303,-21.8154,47.9938,47.9938,43.9420,0,0,0,7.4859,6.6960,10.0440,10.0440,7.8963,0,0,0,-1.5721,-1.6143,1.9372,1.9372,1.9910,0,0,0,2.6270,2.4422,2.9307,2.9307,2.5326,0,0,0,-2.3475,-2.2091,-2.6509,-2.6509,-2.3204,0,0,0
12.511380,1788533112.271769,-1.2472,-0.7506,-0.7506,-0.7506,0.2528,0,0,0,-22.7303,-21.8601,48.0923,48.0923,44.2921,0,0,0,7.4859,6.7344,10.1015,10.1015,8.0654,0,0,0,-1.5721,-1.6123,1.9347,1.9347,1.9894,0,0,0,2.6270,2.4511,2.9413,2.9413,2.5644,0,0,0,-2.3475,-2.2157,-2.6588,-2.6588,-2.3492,0,0,0
12.518990,1788533112.271769,-1.2472,-0.7747,-0.7747,-0.7747,0.1627,0,0,0,-22.7303,-21.9027,48.1860,48.1860,44.6283,0,0,0,7.4859,6.7709,10.1563,10.1563,8.2309,0,0,0,-1.5721,-1.6104,1.9324,1.9324,1.9873,0,0,0,2.6270,2.4596,2.9515,2.9515,2.5955,0,0,0,-2.3475,-2.2220,-2.6664,-2.6664,-2.3768,0,0,0
12.526997,1788533112.271769,-1.2472,-0.7976,-0.7976,-0.7976,0.0766,0,0,0,-22.7303,-21.9432,48.2750,48.2750,44.9504,0,0,0,7.4859,6.8056,10.2084,10.2084,8.3923,0,0,0,-1.5721,-1.6085,1.9302,1.9302,1.9848,0,0,0,2.6270,2.4676,2.9611,2.9611,2.6256,0,0,0,-2.3475,-2.2281,-2.6737,-2.6737,-2.4032,0,0,0
12.535674,1788533112.305189,-1.6253,-0.9426,-0.9426,-0.9426,-0.0055,0,0,0,-22.6628,-22.0701,48.5542,48.5542,45.2581,0,0,0,8.6787,7.1343,10.7015,10.7015,8.5489,0,0,0,-1.1429,-1.5277,1.8332,1.8332,1.9819,0,0,0,2.6794,2.5045,3.0053,3.0053,2.6548,0,0,0,-2.6637,-2.3039,-2.7646,-2.7646,-2.4284,0,0,0
12.542824,1788533112.313374,-1.6000,-0.9751,-0.9751,-0.9751,-0.0834,0,0,0,-22.4480,-22.0889,48.5955,48.5955,45.5510,0,0,0,8.3129,7.1928,10.7891,10.7891,8.7004,0,0,0,-1.4058,-1.5217,1.8261,1.8261,1.9787,0,0,0,2.5583,2.5071,3.0085,3.0085,2.6830,0,0,0,-2.9288,-2.3345,-2.8014,-2.8014,-2.4524,0,0,0
12.551525,1788533112.319653,-1.6000,-0.9990,-0.9990,-0.9990,-0.1584,0,0,0,-22.4480,-22.1028,48.6261,48.6261,45.8307,0,0,0,8.3129,7.2359,10.8538,10.8538,8.8509,0,0,0,-1.4058,-1.5173,1.8208,1.8208,1.9742,0,0,0,2.5583,2.5090,3.0109,3.0109,2.7104,0,0,0,-2.9288,-2.3572,-2.8286,-2.8286,-2.4761,0,0,0
12.559453,1788533112.329577,-1.6000,-1.0347,-1.0347,-1.0347,-0.2312,0,0,0,-22.4480,-22.1233,48.6714,48.6714,46.0972,0,0,0,8.3129,7.2999,10.9499,10.9499,9.0020,0,0,0,-1.4058,-1.5108,1.8129,1.8129,1.9681,0,0,0,2.5583,2.5119,3.0143,3.0143,2.7370,0,0,0,-2.9288,-2.3908,-2.8690,-2.8690,-2.5002,0,0,0
12.566971,1788533112.336565,-1.6000,-1.0587,-1.0587,-1.0587,-0.2841,0,0,0,-22.4480,-22.1372,48.7019,48.7019,46.2879,0,0,0,8.3129,7.3431,11.0147,11.0147,9.1147,0,0,0,-1.4058,-1.5064,1.8076,1.8076,1.9627,0,0,0,2.5583,2.5139,3.0167,3.0167,2.7562,0,0,0,-2.9288,-2.4136,-2.8963,-2.8963,-2.5184,0,0,0
12.575501,1788533112.344616,-1.6048,-1.0853,-1.0853,-1.0853,-0.3522,0,0,0,-22.2521,-22.1428,48.7143,48.7143,46.5291,0,0,0,8.2327,7.3865,11.0798,11.0798,9.2633,0,0,0,-1.3744,-1.5000,1.8000,1.8000,1.9547,0,0,0,2.6158,2.5188,3.0226,3.0226,2.7809,0,0,0,-2.9781,-2.4409,-2.9290,-2.9290,-2.5431,0,0,0
12.583028,1788533112.352145,-1.6048,-1.1090,-1.1090,-1.1090,-0.4175,0,0,0,-22.2521,-22.1479,48.7253,48.7253,46.7552,0,0,0,8.2327,7.4253,11.1379,11.1379,9.4095,0,0,0,-1.3744,-1.4943,1.7932,1.7932,1.9459,0,0,0,2.6158,2.5232,3.0279,3.0279,2.8042,0,0,0,-2.9781,-2.4652,-2.9583,-2.9583,-2.5684,0,0,0
12.591738,1788533112.359660,-1.6048,-1.1316,-1.1316,-1.1316,-0.4799,0,0,0,-22.2521,-22.1526,48.7358,48.7358,46.9659,0,0,0,8.2327,7.4622,11.1933,11.1933,9.5523,0,0,0,-1.3744,-1.4889,1.7867,1.7867,1.9366,0,0,0,2.6158,2.5274,3.0329,3.0329,2.8262,0,0,0,-2.9781,-2.4885,-2.9861,-2.9861,-2.5941,0,0,0
12.599744,1788533112.367865,-1.6048,-1.1550,-1.1550,-1.1550,-0.5395,0,0,0,-22.2521,-22.1576,48.7466,48.7466,47.1612,0,0,0,8.2327,7.5005,11.2507,11.2507,9.6909,0,0,0,-1.3744,-1.4833,1.7799,1.7799,1.9268,0,0,0,2.6158,2.5317,3.0381,3.0381,2.8469,0,0,0,-2.9781,-2.5126,-3.0151,-3.0151,-2.6203,0,0,0
12.607294,1788533112.376412,-1.5678,-1.1762,-1.1762,-1.1762,-0.5962,0,0,0,-22.1390,-22.1566,48.7445,48.7445,47.3411,0,0,0,7.8498,7.5185,11.2777,11.2777,9.8250,0,0,0,-1.4644,-1.4823,1.7788,1.7788,1.9168,0,0,0,2.4993,2.5301,3.0361,3.0361,2.8662,0,0,0,-2.9246,-2.5337,-3.0404,-3.0404,-2.6469,0,0,0
12.615293,1788533112.384410,-1.5678,-1.1952,-1.1952,-1.1952,-0.6500,0,0,0,-22.1390,-22.1558,48.7427,48.7427,47.5061,0,0,0,7.8498,7.5345,11.3018,11.3018,9.9542,0,0,0,-1.4644,-1.4815,1.7778,1.7778,1.9067,0,0,0,2.4993,2.5286,3.0343,3.0343,2.8843,0,0,0,-2.9246,-2.5525,-3.0630,-3.0630,-2.6738,0,0,0
12.623293,1788533112.384410,-1.5678,-1.2132,-1.2132,-1.2132,-0.7010,0,0,0,-22.1390,-22.1549,48.7409,48.7409,47.6567,0,0,0,7.8498,7.5498,11.3247,11.3247,10.0779,0,0,0,-1.4644,-1.4806,1.7768,1.7768,1.8965,0,0,0,2.4993,2.5272,3.0326,3.0326,2.9011,0,0,0,-2.9246,-2.5704,-3.0844,-3.0844,-2.7010,0,0,0
12.631293,1788533112.400405,-1.5511,-1.2443,-1.2443,-1.2443,-0.7494,0,0,0,-22.1242,-22.1521,48.7346,48.7346,47.7933,0,0,0,7.8498,7.5775,11.3663,11.3663,10.1957,0,0,0,-1.4644,-1.4792,1.7750,1.7750,1.8865,0,0,0,2.5114,2.5258,3.0309,3.0309,2.9166,0,0,0,-2.9666,-2.6067,-3.1280,-3.1280,-2.7284,0,0,0
12.639374,1788533112.409493,-1.5511,-1.2610,-1.2610,-1.2610,-0.7951,0,0,0,-22.1242,-22.1506,48.7313,48.7313,47.9166,0,0,0,7.8498,7.5924,11.3886,11.3886,10.3073,0,0,0,-1.4644,-1.4784,1.7740,1.7740,1.8768,0,0,0,2.5114,2.5250,3.0300,3.0300,2.9307,0,0,0,-2.9666,-2.6262,-3.1515,-3.1515,-2.7558,0,0,0
12.647877,1788533112.409493,-1.5511,-1.2750,-1.2750,-1.2750,-0.8277,0,0,0,-22.1242,-22.1493,48.7285,48.7285,48.0007,0,0,0,7.8498,7.6048,11.4072,11.4072,10.3868,0,0,0,-1.4644,-1.4777,1.7732,1.7732,1.8698,0,0,0,2.5114,2.5243,3.0292,3.0292,2.9404,0,0,0,-2.9666,-2.6426,-3.1711,-3.1711,-2.7764,0,0,0
12.656164,1788533112.409493,-1.5511,-1.2883,-1.2883,-1.2883,-0.8793,0,0,0,-22.1242,-22.1481,48.7258,48.7258,48.1261,0,0,0,7.8498,7.6167,11.4250,11.4250,10.5117,0,0,0,-1.4644,-1.4771,1.7725,1.7725,1.8585,0,0,0,2.5114,2.5237,3.0285,3.0285,2.9550,0,0,0,-2.9666,-2.6582,-3.1898,-3.1898,-2.8110,0,0,0
12.663332,1788533112.432448,-1.5511,-1.3217,-1.3217,-1.3217,-0.9087,0,0,0,-22.1242,-22.1451,48.7191,48.7191,48.1928,0,0,0,7.8498,7.6463,11.4694,11.4694,10.5819,0,0,0,-1.4644,-1.4755,1.7706,1.7706,1.8521,0,0,0,2.5114,2.5222,3.0266,3.0266,2.9628,0,0,0,-2.9666,-2.6972,-3.2366,-3.2366,-2.8319,0,0,0
12.671430,1788533112.439965,-1.5511,-1.3321,-1.3321,-1.3321,-0.9459,0,0,0,-22.1242,-22.1441,48.7170,48.7170,48.2728,0,0,0,7.8498,7.6556,11.4833,11.4833,10.6701,0,0,0,-1.4644,-1.4750,1.7700,1.7700,1.8441,0,0,0,2.5114,2.5217,3.0260,3.0260,2.9722,0,0,0,-2.9666,-2.7094,-3.2513,-3.2513,-2.8595,0,0,0
12.680205,1788533112.449230,-1.5511,-1.3442,-1.3442,-1.3442,-0.9809,0,0,0,-22.1242,-22.1430,48.7146,48.7146,48.3432,0,0,0,7.8498,7.6663,11.4995,11.4995,10.7522,0,0,0,-1.4644,-1.4744,1.7693,1.7693,1.8365,0,0,0,2.5114,2.5211,3.0253,3.0253,2.9806,0,0,0,-2.9666,-2.7236,-3.2683,-3.2683,-2.8869,0,0,0
12.687122,1788533112.457275,-1.5511,-1.3542,-1.3542,-1.3542,-1.0139,0,0,0,-22.1242,-22.1421,48.7126,48.7126,48.4048,0,0,0,7.8498,7.6752,11.5128,11.5128,10.8284,0,0,0,-1.4644,-1.4739,1.7687,1.7687,1.8295,0,0,0,2.5114,2.5206,3.0248,3.0248,2.9880,0,0,0,-2.9666,-2.7354,-3.2824,-3.2824,-2.9139,0,0,0
12.696155,1788533112.465279,-1.5511,-1.3637,-1.3637,-1.3637,-1.0452,0,0,0,-22.1242,-22.1412,48.7107,48.7107,48.4584,0,0,0,7.8498,7.6837,11.5255,11.5255,10.8994,0,0,0,-1.4644,-1.4734,1.7681,1.7681,1.8229,0,0,0,2.5114,2.5202,3.0242,3.0242,2.9944,0,0,0,-2.9666,-2.7465,-3.2958,-3.2958,-2.9409,0,0,0
12.703683,1788533112.473279,-1.5511,-1.3727,-1.3727,-1.3727,-1.0749,0,0,0,-22.1242,-22.1404,48.7089,48.7089,48.5048,0,0,0,7.8498,7.6917,11.5375,11.5375,10.9654,0,0,0,-1.4644,-1.4730,1.7676,1.7676,1.8169,0,0,0,2.5114,2.5198,3.0237,3.0237,2.9999,0,0,0,-2.9666,-2.7570,-3.3085,-3.3085,-2.9678,0,0,0
12.711686,1788533112.473279,-1.5511,-1.3813,-1.3813,-1.3813,-1.1031,0,0,0,-22.1242,-22.1396,48.7072,48.7072,48.5446,0,0,0,7.8498,7.6993,11.5489,11.5489,11.0266,0,0,0,-1.4644,-1.4726,1.7671,1.7671,1.8113,0,0,0,2.5114,2.5194,3.0232,3.0232,3.0047,0,0,0,-2.9666,-2.7671,-3.3205,-3.3205,-2.9943,0,0,0
12.719712,1788533112.473279,-1.5511,-1.3895,-1.3895,-1.3895,-1.1296,0,0,0,-22.1242,-22.1389,48.7056,48.7056,48.5786,0,0,0,7.8498,7.7065,11.5598,11.5598,11.0831,0,0,0,-1.4644,-1.4722,1.7666,1.7666,1.8062,0,0,0,2.5114,2.5190,3.0228,3.0228,3.0087,0,0,0,-2.9666,-2.7767,-3.3320,-3.3320,-3.0203,0,0,0
12.727355,1788533112.473279,-1.5511,-1.3973,-1.3973,-1.3973,-1.1547,0,0,0,-22.1242,-22.1382,48.7040,48.7040,48.6074,0,0,0,7.8498,7.7134,11.5702,11.5702,11.1353,0,0,0,-1.4644,-1.4718,1.7662,1.7662,1.8015,0,0,0,2.5114,2.5186,3.0224,3.0224,3.0122,0,0,0,-2.9666,-2.7858,-3.3430,-3.3430,-3.0458,0,0,0
12.736232,1788533112.504854,-1.5712,-1.4262,-1.4262,-1.4262,-1.1782,0,0,0,-21.4049,-22.0164,48.4360,48.4360,48.6317,0,0,0,6.8423,7.5686,11.3529,11.3529,11.1833,0,0,0,-1.4244,-1.4640,1.7568,1.7568,1.7973,0,0,0,2.3778,2.4953,2.9944,2.9944,3.0150,0,0,0,-3.0530,-2.8302,-3.3962,-3.3962,-3.0705,0,0,0
12.744238,1788533112.512360,-1.5712,-1.4328,-1.4328,-1.4328,-1.2003,0,0,0,-21.2974,-21.9839,48.3646,48.3646,48.6519,0,0,0,6.8196,7.5347,11.3020,11.3020,11.2274,0,0,0,-1.4586,-1.4637,1.7565,1.7565,1.7934,0,0,0,2.3727,2.4898,2.9877,2.9877,3.0174,0,0,0,-3.0915,-2.8420,-3.4104,-3.4104,-3.0944,0,0,0
12.751769,1788533112.520884,-1.5712,-1.4398,-1.4398,-1.4398,-1.2109,0,0,0,-21.2974,-21.9489,48.2876,48.2876,48.6604,0,0,0,6.8196,7.4982,11.2473,11.2473,11.2479,0,0,0,-1.4586,-1.4635,1.7562,1.7562,1.7916,0,0,0,2.3727,2.4838,2.9806,2.9806,3.0184,0,0,0,-3.0915,-2.8547,-3.4257,-3.4257,-3.1061,0,0,0
12.760298,1788533112.528414,-1.5712,-1.4458,-1.4458,-1.4458,-1.2362,0,0,0,-21.2974,-21.9194,48.2227,48.2227,48.6741,0,0,0,6.8196,7.4675,11.2012,11.2012,11.2917,0,0,0,-1.4586,-1.4633,1.7559,1.7559,1.7874,0,0,0,2.3727,2.4788,2.9746,2.9746,3.0200,0,0,0,-3.0915,-2.8655,-3.4386,-3.4386,-3.1350,0,0,0
12.768356,1788533112.536950,-1.5712,-1.4522,-1.4522,-1.4522,-1.2552,0,0,0,-21.2974,-21.8877,48.1529,48.1529,48.6774,0,0,0,6.8196,7.4344,11.1516,11.1516,11.3192,0,0,0,-1.4586,-1.4630,1.7556,1.7556,1.7842,0,0,0,2.3727,2.4734,2.9681,2.9681,3.0205,0,0,0,-3.0915,-2.8770,-3.4524,-3.4524,-3.1576,0,0,0
12.775881,1788533112.545982,-1.5712,-1.4586,-1.4586,-1.4586,-1.2733,0,0,0,-21.2974,-21.8560,48.0831,48.0831,48.6734,0,0,0,6.8196,7.4013,11.1020,11.1020,11.3397,0,0,0,-1.4586,-1.4628,1.7553,1.7553,1.7812,0,0,0,2.3727,2.4680,2.9616,2.9616,3.0202,0,0,0,-3.0915,-2.8886,-3.4663,-3.4663,-3.1800,0,0,0
12.783887,1788533112.553005,-1.5701,-1.4634,-1.4634,-1.4634,-1.2905,0,0,0,-21.1216,-21.8249,48.0148,48.0148,48.6625,0,0,0,6.9576,7.3825,11.0738,11.0738,11.3532,0,0,0,-1.1188,-1.4482,1.7379,1.7379,1.7785,0,0,0,2.3917,2.4648,2.9577,2.9577,3.0191,0,0,0,-3.0450,-2.8952,-3.4742,-3.4742,-3.2019,0,0,0
12.791889,1788533112.561005,-1.5701,-1.4685,-1.4685,-1.4685,-1.3067,0,0,0,-21.1216,-21.7913,47.9408,47.9408,48.6449,0,0,0,6.9576,7.3622,11.0433,11.0433,11.3603,0,0,0,-1.1188,-1.4325,1.7189,1.7189,1.7759,0,0,0,2.3917,2.4613,2.9535,2.9535,3.0174,0,0,0,-3.0450,-2.9024,-3.4829,-3.4829,-3.2235,0,0,0
12.799887,1788533112.569005,-1.5701,-1.4734,-1.4734,-1.4734,-1.3221,0,0,0,-21.1216,-21.7592,47.8702,47.8702,48.6203,0,0,0,6.9576,7.3428,11.0142,11.0142,11.3609,0,0,0,-1.1188,-1.4174,1.7009,1.7009,1.7732,0,0,0,2.3917,2.4579,2.9495,2.9495,3.0151,0,0,0,-3.0450,-2.9092,-3.4911,-3.4911,-3.2446,0,0,0
12.808199,1788533112.569005,-1.5701,-1.4780,-1.4780,-1.4780,-1.3367,0,0,0,-21.1216,-21.7286,47.8030,47.8030,48.5893,0,0,0,6.9576,7.3243,10.9865,10.9865,11.3559,0,0,0,-1.1188,-1.4031,1.6837,1.6837,1.7701,0,0,0,2.3917,2.4548,2.9457,2.9457,3.0121,0,0,0,-3.0450,-2.9158,-3.4989,-3.4989,-3.2653,0,0,0
12.816182,1788533112.585302,-1.5701,-1.4866,-1.4866,-1.4866,-1.3504,0,0,0,-21.1216,-21.6722,47.6788,47.6788,48.5526,0,0,0,6.9576,7.2903,10.9354,10.9354,11.3460,0,0,0,-1.1188,-1.3767,1.6520,1.6520,1.7666,0,0,0,2.3917,2.4489,2.9387,2.9387,3.0088,0,0,0,-3.0450,-2.9278,-3.5134,-3.5134,-3.2854,0,0,0
12.824172,1788533112.593299,-1.6449,-1.4942,-1.4942,-1.4942,-1.3634,0,0,0,-21.0976,-21.6447,47.6182,47.6182,48.5107,0,0,0,6.9070,7.2719,10.9079,10.9079,11.3319,0,0,0,-1.1365,-1.3652,1.6382,1.6382,1.7623,0,0,0,2.4520,2.4491,2.9389,2.9389,3.0050,0,0,0,-3.2012,-2.9409,-3.5291,-3.5291,-3.3049,0,0,0
12.831879,1788533112.600994,-1.6795,-1.5028,-1.5028,-1.5028,-1.3757,0,0,0,-21.0882,-21.6189,47.5617,47.5617,48.4637,0,0,0,6.9070,7.2551,10.8827,10.8827,11.3141,0,0,0,-1.1365,-1.3546,1.6255,1.6255,1.7571,0,0,0,2.5008,2.4514,2.9417,2.9417,3.0010,0,0,0,-3.1620,-2.9511,-3.5414,-3.5414,-3.3237,0,0,0
12.839454,1788533112.608581,-1.7178,-1.5126,-1.5126,-1.5126,-1.3845,0,0,0,-21.0302,-21.5921,47.5026,47.5026,48.4254,0,0,0,6.8726,7.2377,10.8565,10.8565,11.2986,0,0,0,-1.1369,-1.3447,1.6136,1.6136,1.7526,0,0,0,2.5038,2.4538,2.9446,2.9446,2.9978,0,0,0,-3.0753,-2.9568,-3.5482,-3.5482,-3.3375,0,0,0
12.847487,1788533112.616111,-1.7178,-1.5219,-1.5219,-1.5219,-1.3930,0,0,0,-21.0302,-21.5666,47.4466,47.4466,48.3850,0,0,0,6.8726,7.2212,10.8318,10.8318,11.2816,0,0,0,-1.1369,-1.3353,1.6024,1.6024,1.7476,0,0,0,2.5038,2.4561,2.9473,2.9473,2.9946,0,0,0,-3.0753,-2.9622,-3.5546,-3.5546,-3.3510,0,0,0
12.856065,1788533112.625177,-1.7178,-1.5325,-1.5325,-1.5325,-1.4065,0,0,0,-20.9509,-21.5334,47.3734,47.3734,48.3146,0,0,0,6.8637,7.2019,10.8028,10.8028,11.2508,0,0,0,-1.1744,-1.3266,1.5919,1.5919,1.7384,0,0,0,2.5038,2.4587,2.9504,2.9504,2.9892,0,0,0,-2.8128,-2.9541,-3.5449,-3.5449,-3.3726,0,0,0
12.864058,1788533112.633179,-1.7178,-1.5414,-1.5414,-1.5414,-1.4167,0,0,0,-20.9509,-21.5054,47.3119,47.3119,48.2558,0,0,0,6.8637,7.1857,10.7785,10.7785,11.2243,0,0,0,-1.1744,-1.3193,1.5832,1.5832,1.7304,0,0,0,2.5038,2.4608,2.9530,2.9530,2.9852,0,0,0,-2.8128,-2.9473,-3.5368,-3.5368,-3.3892,0,0,0
12.872105,1788533112.633179,-1.7178,-1.5499,-1.5499,-1.5499,-1.4267,0,0,0,-20.9509,-21.4788,47.2533,47.2533,48.1949,0,0,0,6.8637,7.1703,10.7554,10.7554,11.1964,0,0,0,-1.1744,-1.3124,1.5748,1.5748,1.7217,0,0,0,2.5038,2.4629,2.9554,2.9554,2.9813,0,0,0,-2.8128,-2.9409,-3.5290,-3.5290,-3.4049,0,0,0
12.879635,1788533112.649749,-1.7178,-1.5657,-1.5657,-1.5657,-1.4341,0,0,0,-20.9509,-21.4288,47.1434,47.1434,48.1479,0,0,0,6.8637,7.1413,10.7120,10.7120,11.1748,0,0,0,-1.1744,-1.2993,1.5592,1.5592,1.7149,0,0,0,2.5038,2.4667,2.9601,2.9601,2.9787,0,0,0,-2.8128,-2.9288,-3.5145,-3.5145,-3.4159,0,0,0
12.888120,1788533112.657211,-1.7509,-1.5741,-1.5741,-1.5741,-1.4437,0,0,0,-20.7401,-21.3979,47.0753,47.0753,48.0842,0,0,0,6.1510,7.0969,10.6453,10.6453,11.1452,0,0,0,-1.8535,-1.3242,1.5890,1.5890,1.7055,0,0,0,2.3267,2.4605,2.9526,2.9526,2.9755,0,0,0,-2.6287,-2.9153,-3.4984,-3.4984,-3.4296,0,0,0
12.896110,1788533112.666229,-1.7509,-1.5836,-1.5836,-1.5836,-1.4530,0,0,0,-20.7401,-21.3625,46.9974,46.9974,48.0198,0,0,0,6.1510,7.0460,10.5690,10.5690,11.1153,0,0,0,-1.8535,-1.3526,1.6231,1.6231,1.6959,0,0,0,2.3267,2.4533,2.9439,2.9439,2.9726,0,0,0,-2.6287,-2.8999,-3.4799,-3.4799,-3.4421,0,0,0
12.903650,1788533112.673748,-1.7509,-1.5911,-1.5911,-1.5911,-1.4622,0,0,0,-20.7401,-21.3343,46.9354,46.9354,47.9546,0,0,0,6.1510,7.0055,10.5083,10.5083,11.0847,0,0,0,-1.8535,-1.3752,1.6502,1.6502,1.6864,0,0,0,2.3267,2.4476,2.9371,2.9371,2.9700,0,0,0,-2.6287,-2.8877,-3.4652,-3.4652,-3.4530,0,0,0
12.912165,1788533112.681285,-1.7509,-1.5984,-1.5984,-1.5984,-1.4715,0,0,0,-20.7401,-21.3073,46.8760,46.8760,47.8877,0,0,0,6.1510,6.9667,10.4501,10.4501,11.0525,0,0,0,-1.8535,-1.3968,1.6762,1.6762,1.6775,0,0,0,2.3267,2.4421,2.9305,2.9305,2.9677,0,0,0,-2.6287,-2.8760,-3.4511,-3.4511,-3.4622,0,0,0
12.920165,1788533112.689290,-1.7509,-1.6057,-1.6057,-1.6057,-1.4807,0,0,0,-20.7401,-21.2800,46.8160,46.8160,47.8194,0,0,0,6.1510,6.9275,10.3913,10.3913,11.0184,0,0,0,-1.8535,-1.4187,1.7024,1.7024,1.6699,0,0,0,2.3267,2.4366,2.9239,2.9239,2.9653,0,0,0,-2.6287,-2.8641,-3.4369,-3.4369,-3.4696,0,0,0
12.927686,1788533112.696806,-1.7509,-1.6123,-1.6123,-1.6123,-1.4899,0,0,0,-20.7401,-21.2555,46.7622,46.7622,47.7501,0,0,0,6.1510,6.8924,10.3385,10.3385,10.9824,0,0,0,-1.8535,-1.4383,1.7260,1.7260,1.6638,0,0,0,2.3267,2.4316,2.9179,2.9179,2.9630,0,0,0,-2.6287,-2.8535,-3.4242,-3.4242,-3.4752,0,0,0
12.936683,1788533112.696806,-1.7509,-1.6189,-1.6189,-1.6189,-1.4967,0,0,0,-20.7401,-21.2307,46.7076,46.7076,47.6977,0,0,0,6.1510,6.8567,10.2851,10.2851,10.9541,0,0,0,-1.8535,-1.4582,1.7498,1.7498,1.6604,0,0,0,2.3267,2.4266,2.9119,2.9119,2.9611,0,0,0,-2.6287,-2.8427,-3.4113,-3.4113,-3.4782,0,0,0
12.944209,1788533112.696806,-1.7509,-1.6253,-1.6253,-1.6253,-1.5058,0,0,0,-20.7401,-21.2071,46.6557,46.6557,47.6275,0,0,0,6.1510,6.8228,10.2341,10.2341,10.9148,0,0,0,-1.8535,-1.4771,1.7726,1.7726,1.6574,0,0,0,2.3267,2.4218,2.9062,2.9062,2.9585,0,0,0,-2.6287,-2.8325,-3.3990,-3.3990,-3.4808,0,0,0
12.952304,1788533112.720373,-1.8479,-1.6540,-1.6540,-1.6540,-1.5148,0,0,0,-20.3418,-21.0950,46.4091,46.4091,47.5574,0,0,0,6.7645,6.8152,10.2228,10.2228,10.8738,0,0,0,-1.5361,-1.4848,1.7817,1.7817,1.6564,0,0,0,2.3626,2.4142,2.8970,2.8970,2.9558,0,0,0,-2.6140,-2.8043,-3.3652,-3.3652,-3.4817,0,0,0
12.960296,1788533112.730417,-1.8479,-1.6656,-1.6656,-1.6656,-1.5237,0,0,0,-20.2842,-21.0467,46.3026,46.3026,47.4876,0,0,0,6.9317,6.8222,10.2332,10.2332,10.8313,0,0,0,-1.4682,-1.4838,1.7805,1.7805,1.6574,0,0,0,2.4263,2.4149,2.8979,2.8979,2.9529,0,0,0,-2.6702,-2.7963,-3.3556,-3.3556,-3.4812,0,0,0
12.968591,1788533112.737106,-1.8479,-1.6730,-1.6730,-1.6730,-1.5303,0,0,0,-20.2842,-21.0157,46.2346,46.2346,47.4351,0,0,0,6.9317,6.8266,10.2399,10.2399,10.7987,0,0,0,-1.4682,-1.4831,1.7798,1.7798,1.6593,0,0,0,2.4263,2.4154,2.8984,2.8984,2.9505,0,0,0,-2.6702,-2.7912,-3.3495,-3.3495,-3.4798,0,0,0
12.976252,1788533112.737106,-1.8479,-1.6813,-1.6813,-1.6813,-1.5415,0,0,0,-20.2842,-20.9805,46.1571,46.1571,47.3446,0,0,0,6.9317,6.8316,10.2475,10.2475,10.7438,0,0,0,-1.4682,-1.4824,1.7789,1.7789,1.6644,0,0,0,2.4263,2.4159,2.8991,2.8991,2.9463,0,0,0,-2.6702,-2.7855,-3.3425,-3.3425,-3.4756,0,0,0
12.984653,1788533112.737106,-1.8479,-1.6893,-1.6893,-1.6893,-1.5508,0,0,0,-20.2842,-20.9470,46.0834,46.0834,47.2693,0,0,0,6.9317,6.8364,10.2547,10.2547,10.7006,0,0,0,-1.4682,-1.4817,1.7781,1.7781,1.6698,0,0,0,2.4263,2.4164,2.8997,2.8997,2.9429,0,0,0,-2.6702,-2.7799,-3.3359,-3.3359,-3.4707,0,0,0
12.992666,1788533112.760827,-1.9161,-1.7188,-1.7188,-1.7188,-1.5602,0,0,0,-19.8174,-20.7997,45.7593,45.7593,47.1921,0,0,0,7.1522,6.8775,10.3163,10.3163,10.6589,0,0,0,-1.5696,-1.4931,1.7918,1.7918,1.6759,0,0,0,2.3955,2.4137,2.8964,2.8964,2.9394,0,0,0,-2.5891,-2.7552,-3.3062,-3.3062,-3.4647,0,0,0
13.000665,1788533112.760827,-1.9161,-1.7283,-1.7283,-1.7283,-1.5673,0,0,0,-19.8174,-20.7524,45.6552,45.6552,47.1332,0,0,0,7.1522,6.8907,10.3360,10.3360,10.6288,0,0,0,-1.5696,-1.4968,1.7962,1.7962,1.6808,0,0,0,2.3955,2.4128,2.8954,2.8954,2.9368,0,0,0,-2.5891,-2.7472,-3.2967,-3.2967,-3.4597,0,0,0
13.008188,1788533112.777305,-1.9161,-1.7459,-1.7459,-1.7459,-1.5769,0,0,0,-19.8174,-20.6641,45.4611,45.4611,47.0531,0,0,0,7.1522,6.9153,10.3729,10.3729,10.5909,0,0,0,-1.5696,-1.5036,1.8044,1.8044,1.6876,0,0,0,2.3955,2.4112,2.8934,2.8934,2.9335,0,0,0,-2.5891,-2.7324,-3.2789,-3.2789,-3.4523,0,0,0
13.016186,1788533112.777305,-1.9161,-1.7541,-1.7541,-1.7541,-1.5868,0,0,0,-19.8174,-20.6233,45.3713,45.3713,46.9686,0,0,0,7.1522,6.9266,10.3899,10.3899,10.5564,0,0,0,-1.5696,-1.5068,1.8082,1.8082,1.6947,0,0,0,2.3955,2.4104,2.8925,2.8925,2.9302,0,0,0,-2.5891,-2.7255,-3.2706,-3.2706,-3.4440,0,0,0
13.024223,1788533112.793341,-2.2597,-1.8005,-1.8005,-1.8005,-1.5970,0,0,0,-19.3079,-20.5021,45.1047,45.1047,46.8795,0,0,0,7.0874,6.9414,10.4120,10.4120,10.5256,0,0,0,-1.5731,-1.5129,1.8155,1.8155,1.7020,0,0,0,2.4135,2.4107,2.8928,2.8928,2.9270,0,0,0,-2.5515,-2.7096,-3.2515,-3.2515,-3.4350,0,0,0
13.032660,1788533112.793341,-2.2597,-1.8225,-1.8225,-1.8225,-1.6049,0,0,0,-19.3079,-20.4446,44.9780,44.9780,46.8094,0,0,0,7.0874,6.9484,10.4225,10.4225,10.5051,0,0,0,-1.5731,-1.5158,1.8189,1.8189,1.7076,0,0,0,2.4135,2.4108,2.8930,2.8930,2.9247,0,0,0,-2.5515,-2.7020,-3.2424,-3.2424,-3.4277,0,0,0
13.040368,1788533112.809031,-2.3282,-1.8680,-1.8680,-1.8680,-1.6157,0,0,0,-18.9084,-20.3057,44.6725,44.6725,46.7119,0,0,0,7.0594,6.9583,10.4375,10.4375,10.4813,0,0,0,-1.3847,-1.5040,1.8048,1.8048,1.7152,0,0,0,2.4270,2.4123,2.8948,2.8948,2.9218,0,0,0,-2.8962,-2.7194,-3.2633,-3.2633,-3.4175,0,0,0
13.048359,1788533112.817189,-2.3282,-1.8905,-1.8905,-1.8905,-1.6274,0,0,0,-18.9084,-20.2370,44.5214,44.5214,46.6074,0,0,0,7.0594,6.9633,10.4449,10.4449,10.4615,0,0,0,-1.3847,-1.4982,1.7978,1.7978,1.7229,0,0,0,2.4270,2.4130,2.8956,2.8956,2.9190,0,0,0,-2.8962,-2.7281,-3.2737,-3.2737,-3.4066,0,0,0
13.056383,1788533112.825517,-2.4532,-1.9186,-1.9186,-1.9186,-1.6405,0,0,0,-18.7951,-20.1647,44.3622,44.3622,46.4936,0,0,0,7.0298,6.9666,10.4499,10.4499,10.4455,0,0,0,-1.3303,-1.4898,1.7878,1.7878,1.7303,0,0,0,2.4846,2.4166,2.8999,2.8999,2.9163,0,0,0,-2.9100,-2.7371,-3.2845,-3.2845,-3.3955,0,0,0
13.064397,1788533112.825517,-2.4532,-1.9443,-1.9443,-1.9443,-1.6513,0,0,0,-18.7951,-20.0985,44.2167,44.2167,46.4024,0,0,0,7.0298,6.9696,10.4544,10.4544,10.4358,0,0,0,-1.3303,-1.4822,1.7786,1.7786,1.7357,0,0,0,2.4846,2.4198,2.9038,2.9038,2.9145,0,0,0,-2.9100,-2.7454,-3.2945,-3.2945,-3.3873,0,0,0
13.072057,1788533112.841211,-2.4532,-1.9901,-1.9901,-1.9901,-1.6708,0,0,0,-18.7951,-19.9804,43.9570,43.9570,46.2410,0,0,0,7.0298,6.9750,10.4625,10.4625,10.4235,0,0,0,-1.3303,-1.4686,1.7623,1.7623,1.7439,0,0,0,2.4846,2.4256,2.9108,2.9108,2.9117,0,0,0,-2.9100,-2.7602,-3.3122,-3.3122,-3.3744,0,0,0
13.080714,1788533112.848846,-2.4532,-2.0114,-2.0114,-2.0114,-1.6875,0,0,0,-18.7951,-19.9256,43.8364,43.8364,46.1062,0,0,0,7.0298,6.9775,10.4663,10.4663,10.4165,0,0,0,-1.3303,-1.4622,1.7547,1.7547,1.7496,0,0,0,2.4846,2.4283,2.9140,2.9140,2.9099,0,0,0,-2.9100,-2.7670,-3.3204,-3.3204,-3.3648,0,0,0
13.088738,1788533112.848846,-2.4532,-2.0326,-2.0326,-2.0326,-1.7009,0,0,0,-18.7951,-19.8710,43.7162,43.7162,46.0014,0,0,0,7.0298,6.9800,10.4700,10.4700,10.4128,0,0,0,-1.3303,-1.4559,1.7471,1.7471,1.7534,0,0,0,2.4846,2.4310,2.9172,2.9172,2.9087,0,0,0,-2.9100,-2.7739,-3.3286,-3.3286,-3.3583,0,0,0
13.096712,1788533112.848846,-2.4532,-2.0528,-2.0528,-2.0528,-1.7198,0,0,0,-18.7951,-19.8190,43.6017,43.6017,45.8562,0,0,0,7.0298,6.9824,10.4736,10.4736,10.4096,0,0,0,-1.3303,-1.4499,1.7399,1.7399,1.7575,0,0,0,2.4846,2.4336,2.9203,2.9203,2.9075,0,0,0,-2.9100,-2.7804,-3.3365,-3.3365,-3.3506,0,0,0
13.104113,1788533112.848846,-2.4532,-2.0720,-2.0720,-2.0720,-1.7399,0,0,0,-18.7951,-19.7694,43.4927,43.4927,45.7066,0,0,0,7.0298,6.9847,10.4770,10.4770,10.4081,0,0,0,-1.3303,-1.4442,1.7330,1.7330,1.7606,0,0,0,2.4846,2.4360,2.9232,2.9232,2.9067,0,0,0,-2.9100,-2.7866,-3.3439,-3.3439,-3.3442,0,0,0
13.112570,1788533112.881688,-2.5218,-2.1492,-2.1492,-2.1492,-1.7609,0,0,0,-17.9222,-19.4507,42.7916,42.7916,45.5539,0,0,0,6.3511,6.8762,10.3143,10.3143,10.4081,0,0,0,-1.5653,-1.4649,1.7579,1.7579,1.7627,0,0,0,2.5078,2.4483,2.9380,2.9380,2.9063,0,0,0,-2.5155,-2.7402,-3.2883,-3.2883,-3.3389,0,0,0
13.120095,1788533112.881688,-2.5218,-2.1671,-2.1671,-2.1671,-1.7825,0,0,0,-17.9222,-19.3768,42.6289,42.6289,45.3995,0,0,0,6.3511,6.8511,10.2766,10.2766,10.4092,0,0,0,-1.5653,-1.4697,1.7636,1.7636,1.7639,0,0,0,2.5078,2.4512,2.9414,2.9414,2.9062,0,0,0,-2.5155,-2.7295,-3.2754,-3.2754,-3.3348,0,0,0
13.128601,1788533112.881688,-2.5218,-2.1842,-2.1842,-2.1842,-1.8051,0,0,0,-17.9222,-19.3064,42.4741,42.4741,45.2397,0,0,0,6.3511,6.8271,10.2407,10.2407,10.4099,0,0,0,-1.5653,-1.4743,1.7691,1.7691,1.7646,0,0,0,2.5078,2.4539,2.9446,2.9446,2.9066,0,0,0,-2.5155,-2.7192,-3.2631,-3.2631,-3.3313,0,0,0
13.136624,1788533112.905734,-2.6053,-2.2396,-2.2396,-2.2396,-1.8289,0,0,0,-17.0726,-19.0103,41.8226,41.8226,45.0710,0,0,0,6.0547,6.7256,10.0884,10.0884,10.4085,0,0,0,-1.7054,-1.5046,1.8055,1.8055,1.7650,0,0,0,2.6125,2.4747,2.9696,2.9696,2.9075,0,0,0,-2.4660,-2.6860,-3.2232,-3.2232,-3.3278,0,0,0
13.144615,1788533112.905734,-2.6053,-2.2572,-2.2572,-2.2572,-1.8536,0,0,0,-17.0726,-18.9164,41.6162,41.6162,44.8951,0,0,0,6.0547,6.6934,10.0401,10.0401,10.4048,0,0,0,-1.7054,-1.5142,1.8171,1.8171,1.7653,0,0,0,2.6125,2.4813,2.9776,2.9776,2.9088,0,0,0,-2.4660,-2.6754,-3.2105,-3.2105,-3.3239,0,0,0
13.152616,1788533112.905734,-2.6053,-2.2739,-2.2739,-2.2739,-1.8726,0,0,0,-17.0726,-18.8271,41.4196,41.4196,44.7573,0,0,0,6.0547,6.6628,9.9941,9.9941,10.3998,0,0,0,-1.7054,-1.5234,1.8281,1.8281,1.7657,0,0,0,2.6125,2.4876,2.9851,2.9851,2.9101,0,0,0,-2.4660,-2.6654,-3.1985,-3.1985,-3.3207,0,0,0
13.160139,1788533112.929256,-2.6053,-2.3167,-2.3167,-2.3167,-1.8988,0,0,0,-17.0726,-18.5987,40.9171,40.9171,44.5633,0,0,0,6.0547,6.5843,9.8764,9.8764,10.3896,0,0,0,-1.7054,-1.5468,1.8562,1.8562,1.7668,0,0,0,2.6125,2.5037,3.0044,3.0044,2.9125,0,0,0,-2.4660,-2.6397,-3.1677,-3.1677,-3.3157,0,0,0
13.168669,1788533112.929256,-2.6053,-2.3306,-2.3306,-2.3306,-1.9256,0,0,0,-17.0726,-18.5247,40.7544,40.7544,44.3596,0,0,0,6.0547,6.5589,9.8383,9.8383,10.3753,0,0,0,-1.7054,-1.5544,1.8653,1.8653,1.7686,0,0,0,2.6125,2.5089,3.0107,3.0107,2.9155,0,0,0,-2.4660,-2.6314,-3.1577,-3.1577,-3.3099,0,0,0
13.176891,1788533112.929256,-2.6053,-2.3438,-2.3438,-2.3438,-1.9528,0,0,0,-17.0726,-18.4543,40.5995,40.5995,44.1467,0,0,0,6.0547,6.5347,9.8020,9.8020,10.3570,0,0,0,-1.7054,-1.5617,1.8740,1.8740,1.7712,0,0,0,2.6125,2.5138,3.0166,3.0166,2.9192,0,0,0,-2.4660,-2.6235,-3.1482,-3.1482,-3.3033,0,0,0
13.184167,1788533112.953272,-2.6053,-2.3781,-2.3781,-2.3781,-1.9804,0,0,0,-17.0726,-18.2712,40.1966,40.1966,43.9237,0,0,0,6.0547,6.4716,9.7074,9.7074,10.3342,0,0,0,-1.7054,-1.5805,1.8966,1.8966,1.7747,0,0,0,2.6125,2.5268,3.0321,3.0321,2.9235,0,0,0,-2.4660,-2.6028,-3.1234,-3.1234,-3.2958,0,0,0
13.192692,1788533112.961800,-2.6053,-2.3897,-2.3897,-2.3897,-2.0012,0,0,0,-17.0726,-18.2095,40.0608,40.0608,43.7516,0,0,0,6.0547,6.4503,9.6755,9.6755,10.3146,0,0,0,-1.7054,-1.5869,1.9042,1.9042,1.7779,0,0,0,2.6125,2.5311,3.0374,3.0374,2.9272,0,0,0,-2.4660,-2.5958,-3.1150,-3.1150,-3.2896,0,0,0
13.200696,1788533112.970814,-2.6053,-2.4013,-2.4013,-2.4013,-2.0289,0,0,0,-17.0726,-18.1478,39.9251,39.9251,43.5174,0,0,0,6.0547,6.4290,9.6436,9.6436,10.2854,0,0,0,-1.7054,-1.5932,1.9119,1.9119,1.7828,0,0,0,2.6125,2.5355,3.0426,3.0426,2.9325,0,0,0,-2.4660,-2.5889,-3.1067,-3.1067,-3.2807,0,0,0
13.208742,1788533112.977343,-2.6053,-2.4094,-2.4094,-2.4094,-2.0566,0,0,0,-17.0726,-18.1049,39.8307,39.8307,43.2773,0,0,0,6.0547,6.4142,9.6214,9.6214,10.2527,0,0,0,-1.7054,-1.5976,1.9172,1.9172,1.7886,0,0,0,2.6125,2.5385,3.0463,3.0463,2.9384,0,0,0,-2.4660,-2.5840,-3.1008,-3.1008,-3.2711,0,0,0
13.216256,1788533112.985856,-2.6053,-2.4194,-2.4194,-2.4194,-2.0840,0,0,0,-17.0726,-18.0518,39.7139,39.7139,43.0335,0,0,0,6.0547,6.3959,9.5939,9.5939,10.2171,0,0,0,-1.7054,-1.6031,1.9237,1.9237,1.7952,0,0,0,2.6125,2.5423,3.0508,3.0508,2.9447,0,0,0,-2.4660,-2.5780,-3.0936,-3.0936,-3.2608,0,0,0
13.225014,1788533112.993469,-2.6053,-2.4279,-2.4279,-2.4279,-2.1110,0,0,0,-17.0726,-18.0065,39.6143,39.6143,42.7889,0,0,0,6.0547,6.3803,9.5704,9.5704,10.1793,0,0,0,-1.7054,-1.6078,1.9294,1.9294,1.8023,0,0,0,2.6125,2.5455,3.0546,3.0546,2.9514,0,0,0,-2.4660,-2.5729,-3.0875,-3.0875,-3.2501,0,0,0
13.233036,1788533112.993469,-2.6053,-2.4364,-2.4364,-2.4364,-2.1308,0,0,0,-17.0726,-17.9612,39.5147,39.5147,42.6066,0,0,0,6.0547,6.3647,9.5470,9.5470,10.1499,0,0,0,-1.7054,-1.6125,1.9350,1.9350,1.8080,0,0,0,2.6125,2.5487,3.0585,3.0585,2.9565,0,0,0,-2.4660,-2.5678,-3.0814,-3.0814,-3.2419,0,0,0
13.241033,1788533113.010151,-2.6053,-2.4525,-2.4525,-2.4525,-2.1564,0,0,0,-17.0726,-17.8759,39.3271,39.3271,42.3665,0,0,0,6.0547,6.3352,9.5027,9.5027,10.1099,0,0,0,-1.7054,-1.6213,1.9456,1.9456,1.8159,0,0,0,2.6125,2.5548,3.0657,3.0657,2.9634,0,0,0,-2.4660,-2.5581,-3.0698,-3.0698,-3.2309,0,0,0
13.248630,1788533113.010151,-2.6053,-2.4598,-2.4598,-2.4598,-2.1812,0,0,0,-17.0726,-17.8370,39.2414,39.2414,42.1311,0,0,0,6.0547,6.3217,9.4825,9.4825,10.0693,0,0,0,-1.7054,-1.6253,1.9504,1.9504,1.8239,0,0,0,2.6125,2.5575,3.0690,3.0690,2.9704,0,0,0,-2.4660,-2.5537,-3.0645,-3.0645,-3.2197,0,0,0
13.256755,1788533113.024864,-2.6053,-2.4721,-2.4721,-2.4721,-2.2052,0,0,0,-17.0726,-17.7716,39.0975,39.0975,41.8998,0,0,0,6.0547,6.2990,9.4485,9.4485,10.0280,0,0,0,-1.7054,-1.6321,1.9585,1.9585,1.8323,0,0,0,2.6125,2.5622,3.0746,3.0746,2.9775,0,0,0,-2.4660,-2.5463,-3.0555,-3.0555,-3.2085,0,0,0
13.264724,1788533113.024864,-2.6053,-2.4785,-2.4785,-2.4785,-2.2168,0,0,0,-17.0726,-17.7378,39.0231,39.0231,41.7858,0,0,0,6.0547,6.2873,9.4309,9.4309,10.0072,0,0,0,-1.7054,-1.6356,1.9627,1.9627,1.8366,0,0,0,2.6125,2.5646,3.0775,3.0775,2.9811,0,0,0,-2.4660,-2.5424,-3.0509,-3.0509,-3.2029,0,0,0
13.273043,1788533113.042536,-3.0041,-2.5312,-2.5312,-2.5312,-2.2506,0,0,0,-12.1488,-17.1717,37.7778,37.8231,41.4516,1,0,0,4.3317,6.0911,9.1366,9.1366,9.9446,0,0,0,-1.3192,-1.6040,1.9248,1.9248,1.8496,0,0,0,2.4326,2.5514,3.0617,3.0617,2.9917,0,0,0,-2.3299,-2.5212,-3.0254,-3.0254,-3.1860,0,0,0
13.281028,1788533113.050146,-3.0041,-2.5528,-2.5528,-2.5528,-2.2667,0,0,0,-12.1488,-16.9386,37.2650,37.2650,41.2895,0,0,0,4.3317,6.0104,9.0155,9.0155,9.9133,0,0,0,-1.3192,-1.5910,1.9092,1.9092,1.8562,0,0,0,2.4326,2.5460,3.0552,3.0552,2.9970,0,0,0,-2.3299,-2.5124,-3.0149,-3.0149,-3.1776,0,0,0
13.289030,1788533113.058150,-3.0041,-2.5745,-2.5745,-2.5745,-2.2929,0,0,0,-12.1488,-16.7048,36.7505,36.7505,41.0135,0,0,0,4.3317,5.9295,8.8942,8.8942,9.8583,0,0,0,-1.3192,-1.5780,1.8936,1.8936,1.8665,0,0,0,2.4326,2.5405,3.0487,3.0487,3.0054,0,0,0,-2.3299,-2.5037,-3.0044,-3.0044,-3.1637,0,0,0
13.296561,1788533113.065680,-3.0041,-2.5940,-2.5940,-2.5940,-2.3085,0,0,0,-12.1488,-16.4945,36.2878,36.2878,40.8379,0,0,0,4.3317,5.8568,8.7852,8.7852,9.8221,0,0,0,-1.3192,-1.5663,1.8795,1.8795,1.8720,0,0,0,2.4326,2.5357,3.0428,3.0428,3.0100,0,0,0,-2.3299,-2.4958,-2.9950,-2.9950,-3.1553,0,0,0
13.304611,1788533113.074679,-2.6224,-2.5955,-2.5955,-2.5955,-2.3292,0,0,0,-10.8427,-16.1846,35.6062,35.6062,40.5897,0,0,0,3.8850,5.7504,8.6256,8.6256,9.7698,0,0,0,-1.1409,-1.5435,1.8522,1.8522,1.8784,0,0,0,2.4122,2.5291,3.0349,3.0349,3.0157,0,0,0,-1.7345,-2.4550,-2.9460,-2.9460,-3.1439,0,0,0
13.313126,1788533113.074679,-2.6224,-2.5968,-2.5968,-2.5968,-2.3499,0,0,0,-10.8427,-15.9220,35.0285,35.0285,40.3249,0,0,0,3.8850,5.6604,8.4905,8.4905,9.7127,0,0,0,-1.1409,-1.5242,1.8291,1.8291,1.8835,0,0,0,2.4122,2.5235,3.0282,3.0282,3.0206,0,0,0,-1.7345,-2.4205,-2.9045,-2.9045,-3.1326,0,0,0
13.321127,1788533113.089329,-2.6224,-2.5990,-2.5990,-2.5990,-2.3703,0,0,0,-10.8427,-15.4823,34.0610,34.0610,40.0419,0,0,0,3.8850,5.5094,8.2640,8.2640,9.6505,0,0,0,-1.1409,-1.4919,1.7903,1.7903,1.8872,0,0,0,2.4122,2.5141,3.0169,3.0169,3.0248,0,0,0,-1.7345,-2.3625,-2.8350,-2.8350,-3.1209,0,0,0
13.328659,1788533113.098766,-2.6224,-2.6003,-2.6003,-2.6003,-2.3901,0,0,0,-10.8427,-15.2149,33.4729,33.4729,39.7384,0,0,0,3.8850,5.4175,8.1263,8.1263,9.5829,0,0,0,-1.1409,-1.4722,1.7667,1.7667,1.8893,0,0,0,2.4122,2.5084,3.0101,3.0101,3.0281,0,0,0,-1.7345,-2.3273,-2.7927,-2.7927,-3.1083,0,0,0
13.337098,1788533113.098766,-2.6224,-2.6013,-2.6013,-2.6013,-2.4093,0,0,0,-10.8427,-14.9991,32.9980,32.9980,39.4110,0,0,0,3.8850,5.3434,8.0151,8.0151,9.5092,0,0,0,-1.1409,-1.4563,1.7476,1.7476,1.8895,0,0,0,2.4122,2.5038,3.0045,3.0045,3.0307,0,0,0,-1.7345,-2.2988,-2.7586,-2.7586,-3.0944,0,0,0
13.345107,1788533113.113322,-2.6224,-2.6031,-2.6031,-2.6031,-2.4276,0,0,0,-10.8427,-14.6402,32.2085,32.2085,39.0571,0,0,0,3.8850,5.2200,7.8299,7.8299,9.4287,0,0,0,-1.1409,-1.4299,1.7159,1.7159,1.8878,0,0,0,2.4122,2.4961,2.9953,2.9953,3.0324,0,0,0,-1.7345,-2.2514,-2.7016,-2.7016,-3.0786,0,0,0
13.353105,1788533113.122315,-1.3126,-2.5340,-2.5340,-2.5340,-2.4449,0,0,0,-8.8421,-14.3197,31.5033,31.5033,38.6791,0,0,0,3.1614,5.1086,7.6629,7.6629,9.3421,0,0,0,-0.9724,-1.4054,1.6864,1.6864,1.8842,0,0,0,2.6424,2.5039,3.0047,3.0047,3.0333,0,0,0,-1.4577,-2.2088,-2.6505,-2.6505,-3.0610,0,0,0
13.361196,1788533113.130273,-1.3126,-2.4758,-2.4758,-2.4758,-2.4572,0,0,0,-8.8421,-14.0495,30.9088,30.9088,38.3803,0,0,0,3.1614,5.0147,7.5221,7.5221,9.2734,0,0,0,-0.9724,-1.3847,1.6617,1.6617,1.8802,0,0,0,2.6424,2.5105,3.0126,3.0126,3.0334,0,0,0,-1.4577,-2.1729,-2.6074,-2.6074,-3.0466,0,0,0
13.369467,1788533113.137985,-1.3783,-2.4251,-2.4251,-2.4251,-2.4758,0,0,0,-8.3133,-13.7742,30.3031,30.3031,37.8527,0,0,0,3.0811,4.9242,7.3863,7.3863,9.1515,0,0,0,-0.9724,-1.3656,1.6388,1.6388,1.8713,0,0,0,2.5750,2.5135,3.0162,3.0162,3.0329,0,0,0,-0.8738,-2.1126,-2.5351,-2.5351,-3.0199,0,0,0
13.377076,1788533113.145303,-1.3783,-2.3790,-2.3790,-2.3790,-2.4877,0,0,0,-8.3133,-13.5243,29.7535,29.7535,37.4047,0,0,0,3.0811,4.8421,7.2631,7.2631,9.0475,0,0,0,-0.9724,-1.3483,1.6180,1.6180,1.8621,0,0,0,2.5750,2.5162,3.0194,3.0194,3.0321,0,0,0,-0.8738,-2.0578,-2.4694,-2.4694,-2.9963,0,0,0
13.385066,1788533113.154284,-1.3783,-2.3255,-2.3255,-2.3255,-2.4945,0,0,0,-8.3133,-13.2344,29.1157,29.1157,37.0550,0,0,0,3.0811,4.7467,7.1200,7.1200,8.9661,0,0,0,-0.9724,-1.3282,1.5938,1.5938,1.8541,0,0,0,2.5750,2.5193,3.0232,3.0232,3.0314,0,0,0,-0.8738,-1.9942,-2.3930,-2.3930,-2.9771,0,0,0
13.393574,1788533113.161701,-1.3783,-2.2832,-2.2832,-2.2832,-2.5006,0,0,0,-8.3133,-13.0057,28.6125,28.6125,36.5728,0,0,0,3.0811,4.6714,7.0071,7.0071,8.8539,0,0,0,-0.9724,-1.3123,1.5748,1.5748,1.8421,0,0,0,2.5750,2.5218,3.0262,3.0262,3.0304,0,0,0,-0.8738,-1.9440,-2.3328,-2.3328,-2.9493,0,0,0
13.400728,1788533113.161701,-1.3783,-2.2398,-2.2398,-2.2398,-2.5030,0,0,0,-8.3133,-12.7711,28.0964,28.0964,36.0744,0,0,0,3.0811,4.5941,6.8912,6.8912,8.7378,0,0,0,-0.9724,-1.2960,1.5552,1.5552,1.8287,0,0,0,2.5750,2.5244,3.0292,3.0292,3.0295,0,0,0,-0.8738,-1.8924,-2.2709,-2.2709,-2.9189,0,0,0
13.409302,1788533113.178899,-1.2996,-2.1478,-2.1478,-2.1478,-2.5016,0,0,0,-7.2068,-12.2059,26.8529,26.8964,35.5616,1,0,0,2.2314,4.3604,6.5406,6.5406,8.6184,0,0,0,-1.3896,-1.3051,1.5662,1.5662,1.8141,0,0,0,2.1164,2.4846,2.9815,2.9815,3.0286,0,0,0,-0.4405,-1.7499,-2.0999,-2.0999,-2.8858,0,0,0
13.417301,1788533113.185425,-1.2996,-2.1143,-2.1143,-2.1143,-2.4982,0,0,0,-7.2068,-11.9999,26.3997,26.3997,35.1695,0,0,0,2.2314,4.2752,6.4127,6.4127,8.5272,0,0,0,-1.3896,-1.3085,1.5702,1.5702,1.8024,0,0,0,2.1164,2.4701,2.9641,2.9641,3.0281,0,0,0,-0.4405,-1.6979,-2.0375,-2.0375,-2.8592,0,0,0
13.425462,1788533113.185425,-1.2996,-2.0751,-2.0751,-2.0751,-2.4903,0,0,0,-7.2068,-11.7597,25.8714,25.8714,34.6371,0,0,0,2.2314,4.1757,6.2635,6.2635,8.4033,0,0,0,-1.3896,-1.3124,1.5748,1.5748,1.7861,0,0,0,2.1164,2.4531,2.9438,2.9438,3.0274,0,0,0,-0.4405,-1.6372,-1.9647,-1.9647,-2.8212,0,0,0
13.432988,1788533113.202583,-1.2996,-1.9994,-1.9994,-1.9994,-2.4784,0,0,0,-7.2068,-11.2977,24.8549,24.8549,34.0883,0,0,0,2.2314,3.9835,5.9753,5.9753,8.2747,0,0,0,-1.3896,-1.3199,1.5839,1.5839,1.7695,0,0,0,2.1164,2.4203,2.9044,2.9044,3.0262,0,0,0,-0.4405,-1.5199,-1.8239,-1.8239,-2.7793,0,0,0
13.441652,1788533113.202583,-1.2996,-1.9657,-1.9657,-1.9657,-2.4627,0,0,0,-7.2068,-11.0929,24.4043,24.4043,33.5253,0,0,0,2.2314,3.8983,5.8474,5.8474,8.1418,0,0,0,-1.3896,-1.3232,1.5879,1.5879,1.7530,0,0,0,2.1164,2.4058,2.8869,2.8869,3.0242,0,0,0,-0.4405,-1.4678,-1.7613,-1.7613,-2.7336,0,0,0
13.449050,1788533113.218467,-1.2996,-1.9050,-1.9050,-1.9050,-2.4436,0,0,0,-7.2068,-10.7253,23.5957,23.5957,32.9508,0,0,0,2.2314,3.7446,5.6169,5.6169,8.0048,0,0,0,-1.3896,-1.3293,1.5951,1.5951,1.7371,0,0,0,2.1164,2.3795,2.8554,2.8554,3.0211,0,0,0,-0.4405,-1.3738,-1.6486,-1.6486,-2.6844,0,0,0
13.457165,1788533113.226263,-1.2996,-1.8766,-1.8766,-1.8766,-2.4270,0,0,0,-7.2068,-10.5536,23.2180,23.2180,32.5108,0,0,0,2.2314,3.6728,5.5092,5.5092,7.8988,0,0,0,-1.3896,-1.3321,1.5985,1.5985,1.7256,0,0,0,2.1164,2.3672,2.8406,2.8406,3.0180,0,0,0,-0.4405,-1.3298,-1.5958,-1.5958,-2.6448,0,0,0
13.465098,1788533113.235304,-1.2996,-1.8454,-1.8454,-1.8454,-2.4021,0,0,0,-7.2068,-10.3658,22.8047,22.8047,31.9137,0,0,0,2.2314,3.5940,5.3910,5.3910,7.7534,0,0,0,-1.3896,-1.3352,1.6022,1.6022,1.7112,0,0,0,2.1164,2.3537,2.8244,2.8244,3.0126,0,0,0,-0.4405,-1.2816,-1.5379,-1.5379,-2.5887,0,0,0
13.473472,1788533113.242494,-1.2996,-1.8217,-1.8217,-1.8217,-2.3884,0,0,0,-7.2068,-10.2231,22.4907,22.4907,31.6096,0,0,0,2.2314,3.5341,5.3011,5.3011,7.6787,0,0,0,-1.3896,-1.3375,1.6050,1.6050,1.7044,0,0,0,2.1164,2.3434,2.8121,2.8121,3.0094,0,0,0,-0.4405,-1.2449,-1.4939,-1.4939,-2.5591,0,0,0
13.481721,1788533113.242494,-1.2996,-1.7966,-1.7966,-1.7966,-2.3429,0,0,0,-7.2068,-10.0722,22.1589,22.1589,30.6773,0,0,0,2.2314,3.4707,5.2060,5.2060,7.4466,0,0,0,-1.3896,-1.3400,1.6080,1.6080,1.6858,0,0,0,2.1164,2.3325,2.7991,2.7991,2.9972,0,0,0,-0.4405,-1.2061,-1.4473,-1.4473,-2.4644,0,0,0
13.489310,1788533113.257520,-1.2996,-1.7535,-1.7535,-1.7535,-2.3096,0,0,0,-7.2068,-9.8149,21.5927,21.5927,30.0480,0,0,0,2.2314,3.3621,5.0431,5.0431,7.2878,0,0,0,-1.3896,-1.3443,1.6132,1.6132,1.6749,0,0,0,2.1164,2.3139,2.7766,2.7766,2.9874,0,0,0,-0.4405,-1.1395,-1.3674,-1.3674,-2.3976,0,0,0
13.497166,1788533113.257520,-1.2996,-1.7317,-1.7317,-1.7317,-2.2836,0,0,0,-7.2068,-9.6847,21.3064,21.3064,29.5766,0,0,0,2.2314,3.3071,4.9606,4.9606,7.1678,0,0,0,-1.3896,-1.3465,1.6158,1.6158,1.6675,0,0,0,2.1164,2.3044,2.7653,2.7653,2.9793,0,0,0,-0.4405,-1.1057,-1.3269,-1.3269,-2.3463,0,0,0
13.505531,1788533113.257520,-1.2996,-1.7109,-1.7109,-1.7109,-2.2478,0,0,0,-7.2068,-9.5611,21.0344,21.0344,28.9511,0,0,0,2.2314,3.2547,4.8821,4.8821,7.0072,0,0,0,-1.3896,-1.3485,1.6183,1.6183,1.6588,0,0,0,2.1164,2.2954,2.7545,2.7545,2.9676,0,0,0,-0.4405,-1.0736,-1.2883,-1.2883,-2.2766,0,0,0
13.513397,1788533113.282533,0.0663,-1.4683,-1.4683,-1.4683,-2.2110,0,0,0,-3.0531,-8.6446,19.0182,19.8344,28.3315,1,0,0,1.3806,2.9966,4.4950,4.4950,6.8468,0,0,0,-1.8359,-1.4148,1.6977,1.6977,1.6511,0,0,0,1.6978,2.2141,2.6569,2.6569,2.9551,0,0,0,0.1587,-0.9049,-1.0859,-1.0859,-2.2060,0,0,0
13.521420,1788533113.290545,0.0663,-1.3943,-1.3943,-1.3943,-2.1737,0,0,0,-3.0531,-8.3652,18.4035,18.6344,27.7224,1,0,0,1.3806,2.9180,4.3770,4.3770,6.6879,0,0,0,-1.8359,-1.4349,1.7219,1.7219,1.6446,0,0,0,1.6978,2.1893,2.6272,2.6272,2.9419,0,0,0,0.1587,-0.8535,-1.0242,-1.0242,-2.1351,0,0,0
13.529011,1788533113.298042,0.0663,-1.3281,-1.3281,-1.3281,-2.1344,0,0,0,-3.0531,-8.1156,17.8544,17.8544,27.1195,0,0,0,1.3806,2.8477,4.2715,4.2715,6.5289,0,0,0,-1.8359,-1.4530,1.7436,1.7436,1.6397,0,0,0,1.6978,2.1671,2.6006,2.6006,2.9275,0,0,0,0.1587,-0.8075,-0.9691,-0.9691,-2.0633,0,0,0
13.536939,1788533113.307106,0.0663,-1.2524,-1.2524,-1.2524,-2.1026,0,0,0,-3.0531,-7.8305,17.2271,17.2271,26.6643,0,0,0,1.3806,2.7674,4.1510,4.1510,6.4085,0,0,0,-1.8359,-1.4736,1.7683,1.7683,1.6375,0,0,0,1.6978,2.1418,2.5701,2.5701,2.9155,0,0,0,0.1587,-0.7550,-0.9060,-0.9060,-2.0081,0,0,0
13.545455,1788533113.307106,0.0663,-1.1888,-1.1888,-1.1888,-2.0571,0,0,0,-3.0531,-7.5912,16.7006,16.7006,26.0481,0,0,0,1.3806,2.6999,4.0498,4.0498,6.2474,0,0,0,-1.8359,-1.4910,1.7892,1.7892,1.6365,0,0,0,1.6978,2.1205,2.5446,2.5446,2.8980,0,0,0,0.1587,-0.7108,-0.8530,-0.8530,-1.9335,0,0,0
13.553470,1788533113.307106,0.0663,-1.1282,-1.1282,-1.1282,-2.0086,0,0,0,-3.0531,-7.3637,16.2001,16.2001,25.4214,0,0,0,1.3806,2.6357,3.9536,3.9536,6.0865,0,0,0,-1.8359,-1.5075,1.8090,1.8090,1.6378,0,0,0,1.6978,2.1002,2.5202,2.5202,2.8791,0,0,0,0.1587,-0.6688,-0.8026,-0.8026,-1.8581,0,0,0
13.561469,1788533113.330586,0.0663,-0.9734,-0.9734,-0.9734,-1.9572,0,0,0,-3.0531,-6.7872,14.9318,15.0001,24.7866,1,0,0,1.3806,2.4721,3.7081,3.7081,5.9267,0,0,0,-1.8359,-1.5498,1.8597,1.8597,1.6411,0,0,0,1.6978,2.0483,2.4580,2.4580,2.8588,0,0,0,0.1587,-0.5616,-0.6739,-0.6739,-1.7823,0,0,0
13.569547,1788533113.338664,0.0663,-0.9228,-0.9228,-0.9228,-1.9035,0,0,0,-3.0531,-6.5987,14.5172,14.5172,24.1476,0,0,0,1.3806,2.4186,3.6278,3.6278,5.7686,0,0,0,-1.8359,-1.5636,1.8763,1.8763,1.6463,0,0,0,1.6978,2.0314,2.4376,2.4376,2.8373,0,0,0,0.1587,-0.5265,-0.6317,-0.6317,-1.7067,0,0,0
13.577081,1788533113.346199,0.0663,-0.8777,-0.8777,-0.8777,-1.8472,0,0,0,-3.0531,-6.4312,14.1487,14.1487,23.5039,0,0,0,1.3806,2.3709,3.5564,3.5564,5.6123,0,0,0,-1.8359,-1.5759,1.8911,1.8911,1.6535,0,0,0,1.6978,2.0162,2.4195,2.4195,2.8147,0,0,0,0.1587,-0.4952,-0.5942,-0.5942,-1.6313,0,0,0
13.585608,1788533113.355195,0.0663,-0.8267,-0.8267,-0.8267,-1.8030,0,0,0,-3.0531,-6.2424,13.7333,13.7333,23.0153,0,0,0,1.3806,2.3171,3.4757,3.4757,5.4956,0,0,0,-1.8359,-1.5899,1.9078,1.9078,1.6603,0,0,0,1.6978,1.9991,2.3990,2.3990,2.7969,0,0,0,0.1587,-0.4599,-0.5519,-0.5519,-1.5745,0,0,0
13.593606,1788533113.361725,0.0663,-0.7912,-0.7912,-0.7912,-1.7573,0,0,0,-3.0531,-6.1109,13.4441,13.4441,22.5234,0,0,0,1.3806,2.2797,3.4195,3.4195,5.3797,0,0,0,-1.8359,-1.5996,1.9195,1.9195,1.6681,0,0,0,1.6978,1.9872,2.3847,2.3847,2.7785,0,0,0,0.1587,-0.4353,-0.5224,-0.5224,-1.5177,0,0,0
13.601128,1788533113.370251,0.0663,-0.7472,-0.7472,-0.7472,-1.6791,0,0,0,-3.0531,-5.9484,13.0866,13.0866,21.7043,0,0,0,1.3806,2.2333,3.3499,3.3499,5.1898,0,0,0,-1.8359,-1.6116,1.9339,1.9339,1.6829,0,0,0,1.6978,1.9725,2.3670,2.3670,2.7468,0,0,0,0.1587,-0.4048,-0.4858,-0.4858,-1.4241,0,0,0
13.609254,1788533113.370251,0.0663,-0.7079,-0.7079,-0.7079,-1.6158,0,0,0,-3.0531,-5.8036,12.7679,12.7679,21.0580,0,0,0,1.3806,2.1918,3.2878,3.2878,5.0424,0,0,0,-1.8359,-1.6224,1.9468,1.9468,1.6961,0,0,0,1.6978,1.9593,2.3511,2.3511,2.7211,0,0,0,0.1587,-0.3776,-0.4531,-0.4531,-1.3510,0,0,0
13.617791,1788533113.386911,-0.1361,-0.6532,-0.6532,-0.6532,-1.5515,0,0,0,-2.1945,-5.4476,11.9847,11.9847,20.4162,0,0,0,0.2688,2.0071,3.0106,3.0106,4.8982,0,0,0,-2.3181,-1.6884,2.0261,2.0261,1.7105,0,0,0,0.7627,1.8455,2.2146,2.2146,2.6950,0,0,0,0.7516,-0.2697,-0.3236,-0.3236,-1.2790,0,0,0
13.625379,1788533113.386911,-0.1361,-0.6282,-0.6282,-0.6282,-1.4864,0,0,0,-2.1945,-5.2851,11.6273,11.6273,19.7801,0,0,0,0.2688,1.9226,2.8839,2.8839,4.7568,0,0,0,-2.3181,-1.7186,2.0623,2.0623,1.7260,0,0,0,0.7627,1.7935,2.1521,2.1521,2.6683,0,0,0,0.7516,-0.2204,-0.2644,-0.2644,-1.2080,0,0,0
13.632825,1788533113.386911,-0.1361,-0.6045,-0.6045,-0.6045,-1.4212,0,0,0,-2.1945,-5.1308,11.2877,11.2877,19.1485,0,0,0,0.2688,1.8422,2.7633,2.7633,4.6164,0,0,0,-2.3181,-1.7474,2.0969,2.0969,1.7432,0,0,0,0.7627,1.7439,2.0927,2.0927,2.6397,0,0,0,0.7516,-0.1734,-0.2081,-0.2081,-1.1374,0,0,0
13.641851,1788533113.411095,-0.1361,-0.5422,-0.5422,-0.5422,-1.3725,0,0,0,-2.1945,-4.7295,10.4049,10.4049,18.6792,0,0,0,0.2688,1.6319,2.4478,2.4478,4.5114,0,0,0,-2.3181,-1.8228,2.1874,2.1874,1.7573,0,0,0,0.7627,1.6139,1.9367,1.9367,2.6168,0,0,0,0.7516,-0.0504,-0.0605,-0.0605,-1.0846,0,0,0
13.649148,1788533113.418662,-0.1361,-0.5237,-0.5237,-0.5237,-1.3084,0,0,0,-2.1945,-4.6099,10.1417,10.1417,18.0615,0,0,0,0.2688,1.5691,2.3536,2.3536,4.3719,0,0,0,-2.3181,-1.8454,2.2145,2.2145,1.7776,0,0,0,0.7627,1.5751,1.8901,1.8901,2.5843,0,0,0,0.7516,-0.0137,-0.0164,-0.0164,-1.0144,0,0,0
13.657301,1788533113.427497,-0.1361,-0.5031,-0.5031,-0.5031,-1.2452,0,0,0,-2.1945,-4.4779,9.8514,9.8514,17.4501,0,0,0,0.2688,1.4997,2.2495,2.2495,4.2310,0,0,0,-2.3181,-1.8703,2.2444,2.2444,1.8001,0,0,0,0.7627,1.5321,1.8385,1.8385,2.5484,0,0,0,0.7516,0.0269,0.0323,0.0323,-0.9437,0,0,0
13.665376,1788533113.427497,-0.1361,-0.4854,-0.4854,-0.4854,-1.1834,0,0,0,-2.1945,-4.3644,9.6016,9.6016,16.8461,0,0,0,0.2688,1.4399,2.1598,2.1598,4.0886,0,0,0,-2.3181,-1.8918,2.2702,2.2702,1.8248,0,0,0,0.7627,1.4951,1.7941,1.7941,2.5090,0,0,0,0.7516,0.0619,0.0743,0.0743,-0.8725,0,0,0
13.673789,1788533113.442194,-0.1361,-0.4557,-0.4557,-0.4557,-1.1233,0,0,0,-2.1945,-4.1744,9.1837,9.1837,16.2534,0,0,0,0.2688,1.3395,2.0092,2.0092,3.9457,0,0,0,-2.3181,-1.9280,2.3136,2.3136,1.8513,0,0,0,0.7627,1.4328,1.7194,1.7194,2.4669,0,0,0,0.7516,0.1207,0.1449,0.1449,-0.8014,0,0,0
13.681391,1788533113.442194,-0.1361,-0.4403,-0.4403,-0.4403,-1.0653,0,0,0,-2.1945,-4.0762,8.9676,8.9676,15.6752,0,0,0,0.2688,1.2875,1.9312,1.9312,3.8033,0,0,0,-2.3181,-1.9467,2.3361,2.3361,1.8792,0,0,0,0.7627,1.4006,1.6807,1.6807,2.4223,0,0,0,0.7516,0.1512,0.1814,0.1814,-0.7306,0,0,0
13.689459,1788533113.459589,-0.1361,-0.4101,-0.4101,-0.4101,-1.0095,0,0,0,-2.1945,-3.8848,8.5465,8.5465,15.1123,0,0,0,0.2688,1.1858,1.7787,1.7787,3.6614,0,0,0,-2.3181,-1.9834,2.3801,2.3801,1.9084,0,0,0,0.7627,1.3374,1.6048,1.6048,2.3757,0,0,0,0.7516,0.2108,0.2530,0.2530,-0.6604,0,0,0
13.697464,1788533113.466585,-0.1361,-0.3985,-0.3985,-0.3985,-0.9560,0,0,0,-2.1945,-3.8112,8.3846,8.3846,14.5660,0,0,0,0.2688,1.1466,1.7199,1.7199,3.5207,0,0,0,-2.3181,-1.9976,2.3971,2.3971,1.9386,0,0,0,0.7627,1.3130,1.5756,1.5756,2.3272,0,0,0,0.7516,0.2338,0.2805,0.2805,-0.5910,0,0,0
13.705371,1788533113.474310,-0.1361,-0.3863,-0.3863,-0.3863,-0.9174,0,0,0,-2.1945,-3.7338,8.2144,8.2144,14.1672,0,0,0,0.2688,1.1054,1.6581,1.6581,3.4159,0,0,0,-2.3181,-2.0124,2.4149,2.4149,1.9618,0,0,0,0.7627,1.2874,1.5449,1.5449,2.2898,0,0,0,0.7516,0.2579,0.3095,0.3095,-0.5395,0,0,0
13.713502,1788533113.483019,-0.1361,-0.3732,-0.3732,-0.3732,-0.8680,0,0,0,-2.1945,-3.6513,8.0329,8.0329,13.6508,0,0,0,0.2688,1.0614,1.5921,1.5921,3.2776,0,0,0,-2.3181,-2.0284,2.4340,2.4340,1.9933,0,0,0,0.7627,1.2600,1.5120,1.5120,2.2388,0,0,0,0.7516,0.2838,0.3405,0.3405,-0.4717,0,0,0
13.721197,1788533113.483019,-0.1361,-0.3618,-0.3618,-0.3618,-0.8211,0,0,0,-2.1945,-3.5794,7.8746,7.8746,13.1539,0,0,0,0.2688,1.0230,1.5344,1.5344,3.1419,0,0,0,-2.3181,-2.0423,2.4507,2.4507,2.0251,0,0,0,0.7627,1.2361,1.4833,1.4833,2.1871,0,0,0,0.7516,0.3063,0.3676,0.3676,-0.4054,0,0,0
13.729283,1788533113.498405,-0.1361,-0.3418,-0.3418,-0.3418,-0.7768,0,0,0,-2.1945,-3.4537,7.5982,7.5982,12.6780,0,0,0,0.2688,0.9557,1.4335,1.4335,3.0093,0,0,0,-2.3181,-2.0667,2.4800,2.4800,2.0570,0,0,0,0.7627,1.1941,1.4329,1.4329,2.1353,0,0,0,0.7516,0.3459,0.4151,0.4151,-0.3408,0,0,0
13.737208,1788533113.507324,0.2338,-0.3111,-0.3111,-0.3111,-0.7350,0,0,0,-1.2761,-3.3347,7.3363,7.3363,12.2237,0,0,0,0.1805,0.9140,1.3710,1.3710,2.8805,0,0,0,-2.5268,-2.0912,2.5094,2.5094,2.0886,0,0,0,0.2456,1.1435,1.3722,1.3722,2.0836,0,0,0,1.1816,0.3906,0.4687,0.4687,-0.2782,0,0,0
13.745260,1788533113.516399,0.2338,-0.2815,-0.2815,-0.2815,-0.6957,0,0,0,-1.2761,-3.2203,7.0847,7.0847,11.7904,0,0,0,0.1805,0.8739,1.3109,1.3109,2.7556,0,0,0,-2.5268,-2.1148,2.5377,2.5377,2.1198,0,0,0,0.2456,1.0947,1.3137,1.3137,2.0324,0,0,0,1.1816,0.4336,0.5203,0.5203,-0.2177,0,0,0
13.753277,1788533113.516399,0.2338,-0.2567,-0.2567,-0.2567,-0.6585,0,0,0,-1.2761,-3.1245,6.8739,6.8739,11.3766,0,0,0,0.1805,0.8403,1.2605,1.2605,2.6343,0,0,0,-2.5268,-2.1345,2.5615,2.5615,2.1508,0,0,0,0.2456,1.0538,1.2646,1.2646,1.9813,0,0,0,1.1816,0.4697,0.5636,0.5636,-0.1588,0,0,0
13.761884,1788533113.531985,0.2338,-0.2127,-0.2127,-0.2127,-0.6232,0,0,0,-1.2761,-2.9551,6.5013,6.5013,10.9807,0,0,0,0.1805,0.7808,1.1712,1.1712,2.5171,0,0,0,-2.5268,-2.1697,2.6036,2.6036,2.1815,0,0,0,0.2456,0.9812,1.1775,1.1775,1.9303,0,0,0,1.1816,0.5337,0.6404,0.6404,-0.1015,0,0,0
13.769563,1788533113.540084,0.2338,-0.1910,-0.1910,-0.1910,-0.5894,0,0,0,-1.2761,-2.8715,6.3173,6.3173,10.6015,0,0,0,0.1805,0.7514,1.1271,1.1271,2.4040,0,0,0,-2.5268,-2.1870,2.6244,2.6244,2.2119,0,0,0,0.2456,0.9454,1.1344,1.1344,1.8793,0,0,0,1.1816,0.5653,0.6783,0.6783,-0.0455,0,0,0
13.777989,1788533113.547431,0.2338,-0.1721,-0.1721,-0.1721,-0.5649,0,0,0,-1.2761,-2.7991,6.1581,6.1581,10.3271,0,0,0,0.1805,0.7259,1.0889,1.0889,2.3218,0,0,0,-2.5268,-2.2021,2.6425,2.6425,2.2345,0,0,0,0.2456,0.9143,1.0971,1.0971,1.8409,0,0,0,1.1816,0.5927,0.7112,0.7112,-0.0042,0,0,0
13.785983,1788533113.555096,0.2338,-0.1533,-0.1533,-0.1533,-0.5330,0,0,0,-1.2761,-2.7272,5.9998,5.9998,9.9724,0,0,0,0.1805,0.7006,1.0508,1.0508,2.2156,0,0,0,-2.5268,-2.2170,2.6605,2.6605,2.2646,0,0,0,0.2456,0.8833,1.0600,1.0600,1.7892,0,0,0,1.1816,0.6200,0.7440,0.7440,0.0504,0,0,0
13.793571,1788533113.563689,0.2338,-0.1334,-0.1334,-0.1334,-0.5021,0,0,0,-1.2761,-2.6508,5.8318,5.8318,9.6309,0,0,0,0.1805,0.6736,1.0104,1.0104,2.1135,0,0,0,-2.5268,-2.2330,2.6796,2.6796,2.2945,0,0,0,0.2456,0.8504,1.0205,1.0205,1.7372,0,0,0,1.1816,0.6490,0.7788,0.7788,0.1040,0,0,0
13.802101,1788533113.571697,0.2338,-0.1157,-0.1157,-0.1157,-0.4721,0,0,0,-1.2761,-2.5832,5.6829,5.6829,9.3028,0,0,0,0.1805,0.6497,0.9746,0.9746,2.0157,0,0,0,-2.5268,-2.2471,2.6965,2.6965,2.3240,0,0,0,0.2456,0.8212,0.9855,0.9855,1.6853,0,0,0,1.1816,0.6747,0.8096,0.8096,0.1567,0,0,0
13.809578,1788533113.579733,0.2338,-0.0988,-0.0988,-0.0988,-0.4430,0,0,0,-1.2761,-2.5187,5.5410,5.5410,8.9882,0,0,0,0.1805,0.6269,0.9404,0.9404,1.9222,0,0,0,-2.5268,-2.2606,2.7127,2.7127,2.3530,0,0,0,0.2456,0.7934,0.9520,0.9520,1.6337,0,0,0,1.1816,0.6993,0.8391,0.8391,0.2082,0,0,0
13.817856,1788533113.588340,0.2338,-0.0816,-0.0816,-0.0816,-0.4148,0,0,0,-1.2761,-2.4532,5.3971,5.3971,8.6866,0,0,0,0.1805,0.6038,0.9057,0.9057,1.8332,0,0,0,-2.5268,-2.2743,2.7292,2.7292,2.3814,0,0,0,0.2456,0.7650,0.9181,0.9181,1.5825,0,0,0,1.1816,0.7242,0.8690,0.8690,0.2586,0,0,0
13.825890,1788533113.588340,0.2338,-0.0665,-0.0665,-0.0665,-0.3875,0,0,0,-1.2761,-2.3954,5.2700,5.2700,8.3981,0,0,0,0.1805,0.5833,0.8750,0.8750,1.7485,0,0,0,-2.5268,-2.2864,2.7437,2.7437,2.4092,0,0,0,0.2456,0.7400,0.8880,0.8880,1.5319,0,0,0,1.1816,0.7463,0.8955,0.8955,0.3077,0,0,0
13.833826,1788533113.603822,0.2338,-0.0397,-0.0397,-0.0397,-0.3610,0,0,0,-1.2761,-2.2939,5.0466,5.0466,8.1221,0,0,0,0.1805,0.5473,0.8209,0.8209,1.6681,0,0,0,-2.5268,-2.3078,2.7694,2.7694,2.4362,0,0,0,0.2456,0.6959,0.8351,0.8351,1.4822,0,0,0,1.1816,0.7851,0.9422,0.9422,0.3554,0,0,0
13.841829,1788533113.603822,0.2338,-0.0265,-0.0265,-0.0265,-0.3354,0,0,0,-1.2761,-2.2440,4.9369,4.9369,7.8585,0,0,0,0.1805,0.5296,0.7943,0.7943,1.5918,0,0,0,-2.5268,-2.3183,2.7820,2.7820,2.4626,0,0,0,0.2456,0.6742,0.8090,0.8090,1.4333,0,0,0,1.1816,0.8043,0.9651,0.9651,0.4018,0,0,0
13.849891,1788533113.619941,0.2338,-0.0025,-0.0025,-0.0025,-0.3106,0,0,0,-1.2761,-2.1531,4.7369,4.7369,7.6063,0,0,0,0.1805,0.4972,0.7458,0.7458,1.5194,0,0,0,-2.5268,-2.3376,2.8051,2.8051,2.4881,0,0,0,0.2456,0.6345,0.7614,0.7614,1.3854,0,0,0,1.1816,0.8392,1.0070,1.0070,0.4468,0,0,0
13.857392,1788533113.627504,0.2338,0.0083,0.0083,0.0083,-0.2924,0,0,0,-1.2761,-2.1125,4.6474,4.6474,7.4239,0,0,0,0.1805,0.4827,0.7241,0.7241,1.4675,0,0,0,-2.5268,-2.3462,2.8154,2.8154,2.5069,0,0,0,0.2456,0.6167,0.7401,0.7401,1.3500,0,0,0,1.1816,0.8548,1.0258,1.0258,0.4799,0,0,0
13.865916,1788533113.627504,0.2338,0.0191,0.0191,0.0191,-0.2688,0,0,0,-1.2761,-2.0716,4.5575,4.5575,7.1892,0,0,0,0.1805,0.4681,0.7022,0.7022,1.4013,0,0,0,-2.5268,-2.3549,2.8258,2.8258,2.5313,0,0,0,0.2456,0.5989,0.7186,0.7186,1.3035,0,0,0,1.1816,0.8706,1.0447,1.0447,0.5229,0,0,0
13.873953,1788533113.643557,0.2338,0.0389,0.0389,0.0389,-0.2457,0,0,0,-1.2761,-1.9973,4.3941,4.3941,6.9634,0,0,0,0.1805,0.4416,0.6623,0.6623,1.3382,0,0,0,-2.5268,-2.3707,2.8448,2.8448,2.5552,0,0,0,0.2456,0.5663,0.6796,0.6796,1.2578,0,0,0,1.1816,0.8992,1.0791,1.0791,0.5649,0,0,0
13.882015,1788533113.651062,0.2338,0.0477,0.0477,0.0477,-0.2232,0,0,0,-1.2761,-1.9642,4.3212,4.3212,6.7466,0,0,0,0.1805,0.4297,0.6446,0.6446,1.2782,0,0,0,-2.5268,-2.3777,2.8533,2.8533,2.5783,0,0,0,0.2456,0.5518,0.6621,0.6621,1.2131,0,0,0,1.1816,0.9120,1.0944,1.0944,0.6058,0,0,0
13.889584,1788533113.659696,0.2338,0.0573,0.0573,0.0573,-0.2014,0,0,0,-1.2761,-1.9281,4.2419,4.2419,6.5389,0,0,0,0.1805,0.4168,0.6252,0.6252,1.2212,0,0,0,-2.5268,-2.3854,2.8625,2.8625,2.6008,0,0,0,0.2456,0.5359,0.6431,0.6431,1.1695,0,0,0,1.1816,0.9260,1.1112,1.1112,0.6454,0,0,0
13.897802,1788533113.667922,-0.0440,0.0523,0.0523,0.0523,-0.1802,0,0,0,-0.9174,-1.8775,4.1305,4.1305,6.3394,0,0,0,0.2987,0.4110,0.6164,0.6164,1.1670,0,0,0,-2.5646,-2.3942,2.8731,2.8731,2.6225,0,0,0,-0.0338,0.5078,0.6093,0.6093,1.1270,0,0,0,0.9562,0.9275,1.1130,1.1130,0.6839,0,0,0
13.905319,1788533113.667922,-0.0440,0.0477,0.0477,0.0477,-0.1596,0,0,0,-0.9174,-1.8307,4.0275,4.0275,6.1483,0,0,0,0.2987,0.4055,0.6083,0.6083,1.1155,0,0,0,-2.5646,-2.4024,2.8829,2.8829,2.6435,0,0,0,-0.0338,0.4817,0.5780,0.5780,1.0856,0,0,0,0.9562,0.9289,1.1146,1.1146,0.7211,0,0,0
13.913830,1788533113.683435,-0.0440,0.0395,0.0395,0.0395,-0.1398,0,0,0,-0.9174,-1.7482,3.8461,3.8461,5.9657,0,0,0,0.2987,0.3960,0.5940,0.5940,1.0668,0,0,0,-2.5646,-2.4169,2.9002,2.9002,2.6638,0,0,0,-0.0338,0.4356,0.5227,0.5227,1.0455,0,0,0,0.9562,0.9313,1.1176,1.1176,0.7569,0,0,0
13.921849,1788533113.691464,-0.0440,0.0355,0.0355,0.0355,-0.1210,0,0,0,-0.9174,-1.7076,3.7568,3.7568,5.7911,0,0,0,0.2987,0.3913,0.5869,0.5869,1.0209,0,0,0,-2.5646,-2.4240,2.9088,2.9088,2.6832,0,0,0,-0.0338,0.4129,0.4955,0.4955,1.0066,0,0,0,0.9562,0.9325,1.1190,1.1190,0.7912,0,0,0
13.929992,1788533113.691464,-0.0440,0.0317,0.0317,0.0317,-0.1034,0,0,0,-0.9174,-1.6692,3.6722,3.6722,5.6237,0,0,0,0.2987,0.3868,0.5803,0.5803,0.9778,0,0,0,-2.5646,-2.4307,2.9169,2.9169,2.7020,0,0,0,-0.0338,0.3914,0.4697,0.4697,0.9687,0,0,0,0.9562,0.9336,1.1204,1.1204,0.8236,0,0,0
13.942024,1788533113.691464,-0.0440,0.0280,0.0280,0.0280,-0.0832,0,0,0,-0.9174,-1.6326,3.5917,3.5917,5.4222,0,0,0,0.2987,0.3826,0.5739,0.5739,0.9277,0,0,0,-2.5646,-2.4372,2.9246,2.9246,2.7245,0,0,0,-0.0338,0.3710,0.4451,0.4451,0.9220,0,0,0,0.9562,0.9347,1.1217,1.1217,0.8613,0,0,0
13.949025,1788533113.715150,-0.0694,0.0154,0.0154,0.0154,-0.0688,0,0,0,-0.8201,-1.5259,3.3570,3.3570,5.2664,0,0,0,0.2514,0.3655,0.5483,0.5483,0.8906,0,0,0,-2.5880,-2.4567,2.9481,2.9481,2.7418,0,0,0,-0.1654,0.3011,0.3613,0.3613,0.8850,0,0,0,1.0863,0.9544,1.1453,1.1453,0.8892,0,0,0
13.957112,1788533113.724217,-0.0694,0.0108,0.0108,0.0108,-0.0558,0,0,0,-0.8201,-1.4873,3.2720,3.2720,5.1165,0,0,0,0.2514,0.3593,0.5390,0.5390,0.8562,0,0,0,-2.5880,-2.4638,2.9566,2.9566,2.7585,0,0,0,-0.1654,0.2758,0.3310,0.3310,0.8487,0,0,0,1.0863,0.9616,1.1539,1.1539,0.9150,0,0,0
13.965114,1788533113.732224,-0.0694,0.0070,0.0070,0.0070,-0.0442,0,0,0,-0.8201,-1.4549,3.2007,3.2007,4.9716,0,0,0,0.2514,0.3541,0.5312,0.5312,0.8243,0,0,0,-2.5880,-2.4698,2.9638,2.9638,2.7745,0,0,0,-0.1654,0.2546,0.3055,0.3055,0.8129,0,0,0,1.0863,0.9676,1.1611,1.1611,0.9390,0,0,0
13.973128,1788533113.740220,-0.0694,0.0033,0.0033,0.0033,-0.0341,0,0,0,-0.8201,-1.4241,3.1330,3.1330,4.8300,0,0,0,0.2514,0.3492,0.5238,0.5238,0.7945,0,0,0,-2.5880,-2.4755,2.9706,2.9706,2.7900,0,0,0,-0.1654,0.2344,0.2812,0.2812,0.7770,0,0,0,1.0863,0.9733,1.1679,1.1679,0.9613,0,0,0
13.981130,1788533113.747247,-0.0694,0.0002,0.0002,0.0002,-0.0275,0,0,0,-0.8201,-1.3982,3.0760,3.0760,4.7261,0,0,0,0.2514,0.3451,0.5176,0.5176,0.7735,0,0,0,-2.5880,-2.4802,2.9763,2.9763,2.8014,0,0,0,-0.1654,0.2174,0.2608,0.2608,0.7501,0,0,0,1.0863,0.9781,1.1737,1.1737,0.9770,0,0,0
13.989639,1788533113.756248,-0.0694,-0.0035,-0.0035,-0.0035,-0.0181,0,0,0,-0.8201,-1.3668,3.0070,3.0070,4.5578,0,0,0,0.2514,0.3400,0.5100,0.5100,0.7409,0,0,0,-2.5880,-2.4860,2.9832,2.9832,2.8197,0,0,0,-0.1654,0.1968,0.2361,0.2361,0.7053,0,0,0,1.0863,0.9839,1.1807,1.1807,1.0015,0,0,0
13.997653,1788533113.756248,-0.0694,-0.0067,-0.0067,-0.0067,-0.0135,0,0,0,-0.8201,-1.3403,2.9486,2.9486,4.4599,0,0,0,0.2514,0.3358,0.5036,0.5036,0.7227,0,0,0,-2.5880,-2.4909,2.9891,2.9891,2.8303,0,0,0,-0.1654,0.1793,0.2152,0.2152,0.6787,0,0,0,1.0863,0.9888,1.1866,1.1866,1.0152,0,0,0
14.005697,1788533113.756248,-0.0694,-0.0097,-0.0097,-0.0097,-0.0082,0,0,0,-0.8201,-1.3151,2.8932,2.8932,4.3334,0,0,0,0.2514,0.3317,0.4976,0.4976,0.7000,0,0,0,-2.5880,-2.4956,2.9947,2.9947,2.8440,0,0,0,-0.1654,0.1627,0.1953,0.1953,0.6436,0,0,0,1.0863,0.9935,1.1922,1.1922,1.0324,0,0,0
14.013221,1788533113.779822,-0.3349,-0.0517,-0.0517,-0.0517,-0.0041,0,0,0,-0.4770,-1.2058,2.6527,2.6527,4.2114,0,0,0,0.2880,0.3261,0.4891,0.4891,0.6790,0,0,0,-2.5326,-2.5004,3.0004,3.0004,2.8570,0,0,0,-0.2536,0.1088,0.1305,0.1305,0.6091,0,0,0,0.9555,0.9886,1.1863,1.1863,1.0484,0,0,0
14.021215,1788533113.788339,-0.3349,-0.0661,-0.0661,-0.0661,-0.0009,0,0,0,-0.4770,-1.1683,2.5703,2.5703,4.0941,0,0,0,0.2880,0.3241,0.4862,0.4862,0.6595,0,0,0,-2.5326,-2.5020,3.0024,3.0024,2.8696,0,0,0,-0.2536,0.0903,0.1083,0.1083,0.5753,0,0,0,0.9555,0.9869,1.1843,1.1843,1.0633,0,0,0
14.028942,1788533113.796339,-0.3349,-0.0789,-0.0789,-0.0789,0.0013,0,0,0,-0.4770,-1.1348,2.4966,2.4966,3.9809,0,0,0,0.2880,0.3224,0.4836,0.4836,0.6414,0,0,0,-2.5326,-2.5035,3.0042,3.0042,2.8815,0,0,0,-0.2536,0.0737,0.0885,0.0885,0.5421,0,0,0,0.9555,0.9854,1.1825,1.1825,1.0771,0,0,0
14.037539,1788533113.803755,-0.4928,-0.0974,-0.0974,-0.0974,0.0020,0,0,0,-0.5953,-1.1105,2.4432,2.4432,3.8685,0,0,0,0.2690,0.3200,0.4800,0.4800,0.6246,0,0,0,-2.4650,-2.5017,3.0021,3.0021,2.8930,0,0,0,-0.2931,0.0573,0.0688,0.0688,0.5088,0,0,0,0.7771,0.9761,1.1713,1.1713,1.0898,0,0,0
14.046076,1788533113.812146,-0.4977,-0.1174,-0.1174,-0.1174,0.0011,0,0,0,-0.5584,-1.0826,2.3816,2.3816,3.7569,0,0,0,0.2865,0.3183,0.4775,0.4775,0.6091,0,0,0,-2.4446,-2.4989,2.9987,2.9987,2.9039,0,0,0,-0.2871,0.0400,0.0480,0.0480,0.4754,0,0,0,0.7771,0.9661,1.1593,1.1593,1.1014,0,0,0
14.053243,1788533113.819626,-0.4977,-0.1345,-0.1345,-0.1345,-0.0013,0,0,0,-0.5584,-1.0588,2.3293,2.3293,3.6467,0,0,0,0.2865,0.3169,0.4753,0.4753,0.5946,0,0,0,-2.4446,-2.4964,2.9957,2.9957,2.9141,0,0,0,-0.2871,0.0252,0.0303,0.0303,0.4423,0,0,0,0.7771,0.9576,1.1491,1.1491,1.1116,0,0,0
14.061845,1788533113.819626,-0.4977,-0.1519,-0.1519,-0.1519,-0.0052,0,0,0,-0.5584,-1.0346,2.2760,2.2760,3.5386,0,0,0,0.2865,0.3154,0.4731,0.4731,0.5813,0,0,0,-2.4446,-2.4940,2.9927,2.9927,2.9235,0,0,0,-0.2871,0.0102,0.0122,0.0122,0.4095,0,0,0,0.7771,0.9489,1.1387,1.1387,1.1204,0,0,0
14.069531,1788533113.836060,-0.4977,-0.1843,-0.1843,-0.1843,-0.0090,0,0,0,-0.5584,-0.9895,2.1770,2.1770,3.4591,0,0,0,0.2865,0.3127,0.4691,0.4691,0.5720,0,0,0,-2.4446,-2.4893,2.9872,2.9872,2.9301,0,0,0,-0.2871,-0.0178,-0.0213,-0.0213,0.3853,0,0,0,0.7771,0.9328,1.1194,1.1194,1.1261,0,0,0
14.077178,1788533113.844265,-0.4977,-0.1997,-0.1997,-0.1997,-0.0153,0,0,0,-0.5584,-0.9682,2.1300,2.1300,3.3558,0,0,0,0.2865,0.3114,0.4671,0.4671,0.5605,0,0,0,-2.4446,-2.4871,2.9846,2.9846,2.9381,0,0,0,-0.2871,-0.0310,-0.0372,-0.0372,0.3536,0,0,0,0.7771,0.9252,1.1102,1.1102,1.1325,0,0,0
14.085193,1788533113.844265,-0.4977,-0.2139,-0.2139,-0.2139,-0.0226,0,0,0,-0.5584,-0.9484,2.0864,2.0864,3.2560,0,0,0,0.2865,0.3102,0.4653,0.4653,0.5500,0,0,0,-2.4446,-2.4851,2.9821,2.9821,2.9453,0,0,0,-0.2871,-0.0433,-0.0520,-0.0520,0.3228,0,0,0,0.7771,0.9181,1.1017,1.1017,1.1375,0,0,0
14.093420,1788533113.844265,-0.4977,-0.2275,-0.2275,-0.2275,-0.0311,0,0,0,-0.5584,-0.9295,2.0450,2.0450,3.1592,0,0,0,0.2865,0.3091,0.4636,0.4636,0.5404,0,0,0,-2.4446,-2.4832,2.9798,2.9798,2.9517,0,0,0,-0.2871,-0.0551,-0.0661,-0.0661,0.2927,0,0,0,0.7771,0.9113,1.0936,1.0936,1.1411,0,0,0
14.101456,1788533113.868549,-0.7293,-0.2940,-0.2940,-0.2940,-0.0409,0,0,0,-0.5825,-0.8832,1.9431,1.9431,3.0651,0,0,0,0.2619,0.3028,0.4542,0.4542,0.5316,0,0,0,-2.4303,-2.4762,2.9714,2.9714,2.9572,0,0,0,-0.2198,-0.0770,-0.0924,-0.0924,0.2633,0,0,0,0.8130,0.8983,1.0780,1.0780,1.1433,0,0,0
14.109727,1788533113.876058,-0.7293,-0.3137,-0.3137,-0.3137,-0.0519,0,0,0,-0.5825,-0.8696,1.9130,1.9130,2.9738,0,0,0,0.2619,0.3010,0.4515,0.4515,0.5235,0,0,0,-2.4303,-2.4741,2.9689,2.9689,2.9619,0,0,0,-0.2198,-0.0834,-0.1001,-0.1001,0.2346,0,0,0,0.8130,0.8945,1.0734,1.0734,1.1442,0,0,0
14.117417,1788533113.883442,-0.7963,-0.3351,-0.3351,-0.3351,-0.0642,0,0,0,-0.6008,-0.8576,1.8866,1.8866,2.8851,0,0,0,0.2484,0.2986,0.4480,0.4480,0.5160,0,0,0,-2.4341,-2.4723,2.9668,2.9668,2.9658,0,0,0,-0.2309,-0.0900,-0.1080,-0.1080,0.2066,0,0,0,0.9299,0.8960,1.0753,1.0753,1.1438,0,0,0
14.125424,1788533113.892544,-0.7963,-0.3601,-0.3601,-0.3601,-0.0782,0,0,0,-0.6008,-0.8436,1.8558,1.8558,2.7990,0,0,0,0.2484,0.2959,0.4439,0.4439,0.5091,0,0,0,-2.4341,-2.4702,2.9643,2.9643,2.9689,0,0,0,-0.2309,-0.0976,-0.1172,-0.1172,0.1794,0,0,0,0.9299,0.8979,1.0775,1.0775,1.1423,0,0,0
14.133726,1788533113.900229,-0.7963,-0.3803,-0.3803,-0.3803,-0.0895,0,0,0,-0.6008,-0.8323,1.8310,1.8310,2.7363,0,0,0,0.2484,0.2937,0.4406,0.4406,0.5042,0,0,0,-2.4341,-2.4686,2.9623,2.9623,2.9708,0,0,0,-0.2309,-0.1038,-0.1246,-0.1246,0.1597,0,0,0,0.9299,0.8994,1.0792,1.0792,1.1406,0,0,0
14.141721,1788533113.908797,-0.7963,-0.4016,-0.4016,-0.4016,-0.1057,0,0,0,-0.6008,-0.8204,1.8048,1.8048,2.6557,0,0,0,0.2484,0.2914,0.4371,0.4371,0.4980,0,0,0,-2.4341,-2.4668,2.9602,2.9602,2.9727,0,0,0,-0.2309,-0.1103,-0.1324,-0.1324,0.1342,0,0,0,0.9299,0.9009,1.0811,1.0811,1.1378,0,0,0
14.149632,1788533113.916834,-0.7963,-0.4206,-0.4206,-0.4206,-0.1230,0,0,0,-0.6008,-0.8097,1.7814,1.7814,2.5785,0,0,0,0.2484,0.2893,0.4340,0.4340,0.4922,0,0,0,-2.4341,-2.4652,2.9583,2.9583,2.9740,0,0,0,-0.2309,-0.1161,-0.1394,-0.1394,0.1099,0,0,0,0.9299,0.9023,1.0828,1.0828,1.1345,0,0,0
14.157722,1788533113.924316,-0.7963,-0.4375,-0.4375,-0.4375,-0.1411,0,0,0,-0.6008,-0.8003,1.7606,1.7606,2.5049,0,0,0,0.2484,0.2875,0.4312,0.4312,0.4868,0,0,0,-2.4341,-2.4638,2.9566,2.9566,2.9749,0,0,0,-0.2309,-0.1213,-0.1456,-0.1456,0.0867,0,0,0,0.9299,0.9035,1.0843,1.0843,1.1310,0,0,0
14.165718,1788533113.924316,-0.7963,-0.4547,-0.4547,-0.4547,-0.1600,0,0,0,-0.6008,-0.7907,1.7395,1.7395,2.4350,0,0,0,0.2484,0.2856,0.4284,0.4284,0.4816,0,0,0,-2.4341,-2.4624,2.9549,2.9549,2.9752,0,0,0,-0.2309,-0.1266,-0.1519,-0.1519,0.0648,0,0,0,0.9299,0.9048,1.0858,1.0858,1.1274,0,0,0
14.173790,1788533113.940362,-0.7963,-0.4861,-0.4861,-0.4861,-0.1745,0,0,0,-0.6008,-0.7732,1.7010,1.7010,2.3851,0,0,0,0.2484,0.2822,0.4233,0.4233,0.4779,0,0,0,-2.4341,-2.4598,2.9518,2.9518,2.9752,0,0,0,-0.2309,-0.1362,-0.1634,-0.1634,0.0491,0,0,0,0.9299,0.9071,1.0885,1.0885,1.1248,0,0,0
14.181370,1788533113.947922,-0.7963,-0.5002,-0.5002,-0.5002,-0.1943,0,0,0,-0.6008,-0.7653,1.6837,1.6837,2.3216,0,0,0,0.2484,0.2807,0.4210,0.4210,0.4732,0,0,0,-2.4341,-2.4587,2.9504,2.9504,2.9750,0,0,0,-0.2309,-0.1405,-0.1686,-0.1686,0.0292,0,0,0,0.9299,0.9081,1.0898,1.0898,1.1213,0,0,0
14.190127,1788533113.957262,-1.1086,-0.5340,-0.5340,-0.5340,-0.2144,0,0,0,-0.7045,-0.7619,1.6762,1.6762,2.2617,0,0,0,0.1775,0.2749,0.4124,0.4124,0.4688,0,0,0,-2.4406,-2.4577,2.9492,2.9492,2.9744,0,0,0,-0.2257,-0.1452,-0.1742,-0.1742,0.0104,0,0,0,0.8383,0.9043,1.0851,1.0851,1.1179,0,0,0
14.197838,1788533113.957262,-1.1086,-0.5616,-0.5616,-0.5616,-0.2349,0,0,0,-0.7045,-0.7592,1.6701,1.6701,2.2051,0,0,0,0.1775,0.2703,0.4054,0.4054,0.4645,0,0,0,-2.4406,-2.4568,2.9482,2.9482,2.9735,0,0,0,-0.2257,-0.1491,-0.1789,-0.1789,-0.0073,0,0,0,0.8383,0.9011,1.0813,1.0813,1.1148,0,0,0
14.205557,1788533113.957262,-1.1086,-0.5879,-0.5879,-0.5879,-0.2557,0,0,0,-0.7045,-0.7565,1.6644,1.6644,2.1517,0,0,0,0.1775,0.2658,0.3987,0.3987,0.4603,0,0,0,-2.4406,-2.4561,2.9473,2.9473,2.9725,0,0,0,-0.2257,-0.1527,-0.1833,-0.1833,-0.0240,0,0,0,0.8383,0.8981,1.0777,1.0777,1.1119,0,0,0
14.213561,1788533113.980684,-1.1374,-0.6586,-0.6586,-0.6586,-0.2716,0,0,0,-0.7141,-0.7511,1.6523,1.6523,2.1139,0,0,0,0.1764,0.2543,0.3815,0.3815,0.4572,0,0,0,-2.4334,-2.4532,2.9438,2.9438,2.9715,0,0,0,-0.2253,-0.1621,-0.1945,-0.1945,-0.0358,0,0,0,0.8388,0.8905,1.0686,1.0686,1.1098,0,0,0
14.221667,1788533113.988763,-1.1374,-0.6818,-0.6818,-0.6818,-0.2932,0,0,0,-0.7141,-0.7493,1.6484,1.6484,2.0664,0,0,0,0.1764,0.2506,0.3759,0.3759,0.4531,0,0,0,-2.4334,-2.4522,2.9426,2.9426,2.9702,0,0,0,-0.2253,-0.1651,-0.1982,-0.1982,-0.0507,0,0,0,0.8388,0.8880,1.0656,1.0656,1.1072,0,0,0
14.229265,1788533113.988763,-1.1374,-0.7037,-0.7037,-0.7037,-0.3152,0,0,0,-0.7141,-0.7476,1.6447,1.6447,2.0223,0,0,0,0.1764,0.2470,0.3705,0.3705,0.4489,0,0,0,-2.4334,-2.4513,2.9416,2.9416,2.9687,0,0,0,-0.2253,-0.1680,-0.2016,-0.2016,-0.0647,0,0,0,0.8388,0.8856,1.0628,1.0628,1.1046,0,0,0
14.237585,1788533114.002992,-1.1374,-0.7395,-0.7395,-0.7395,-0.3383,0,0,0,-0.7141,-0.7448,1.6386,1.6386,1.9814,0,0,0,0.1764,0.2412,0.3618,0.3618,0.4445,0,0,0,-2.4334,-2.4498,2.9398,2.9398,2.9671,0,0,0,-0.2253,-0.1727,-0.2073,-0.2073,-0.0779,0,0,0,0.8388,0.8818,1.0582,1.0582,1.1019,0,0,0
14.245682,1788533114.012817,-1.1374,-0.7627,-0.7627,-0.7627,-0.3563,0,0,0,-0.7141,-0.7430,1.6346,1.6346,1.9528,0,0,0,0.1764,0.2374,0.3562,0.3562,0.4411,0,0,0,-2.4334,-2.4489,2.9387,2.9387,2.9659,0,0,0,-0.2253,-0.1758,-0.2110,-0.2110,-0.0873,0,0,0,0.8388,0.8793,1.0552,1.0552,1.0999,0,0,0
14.253382,1788533114.020751,-1.1374,-0.7805,-0.7805,-0.7805,-0.3809,0,0,0,-0.7141,-0.7416,1.6316,1.6316,1.9173,0,0,0,0.1764,0.2345,0.3518,0.3518,0.4363,0,0,0,-2.4334,-2.4481,2.9378,2.9378,2.9642,0,0,0,-0.2253,-0.1782,-0.2138,-0.2138,-0.0991,0,0,0,0.8388,0.8774,1.0529,1.0529,1.0971,0,0,0
14.262379,1788533114.028487,-1.3353,-0.8064,-0.8064,-0.8064,-0.4064,0,0,0,-0.6824,-0.7389,1.6256,1.6256,1.8847,0,0,0,0.2079,0.2333,0.3500,0.3500,0.4312,0,0,0,-2.4289,-2.4472,2.9367,2.9367,2.9625,0,0,0,-0.1022,-0.1746,-0.2095,-0.2095,-0.1102,0,0,0,0.6862,0.8685,1.0422,1.0422,1.0943,0,0,0
14.270081,1788533114.037490,-1.3353,-0.8348,-0.8348,-0.8348,-0.4329,0,0,0,-0.6824,-0.7359,1.6189,1.6189,1.8548,0,0,0,0.2079,0.2319,0.3479,0.3479,0.4259,0,0,0,-2.4289,-2.4463,2.9355,2.9355,2.9607,0,0,0,-0.1022,-0.1707,-0.2049,-0.2049,-0.1207,0,0,0,0.6862,0.8587,1.0305,1.0305,1.0914,0,0,0
14.277521,1788533114.037490,-1.3353,-0.8589,-0.8589,-0.8589,-0.4599,0,0,0,-0.6824,-0.7333,1.6132,1.6132,1.8275,0,0,0,0.2079,0.2308,0.3462,0.3462,0.4204,0,0,0,-2.4289,-2.4454,2.9345,2.9345,2.9588,0,0,0,-0.1022,-0.1675,-0.2009,-0.2009,-0.1305,0,0,0,0.6862,0.8505,1.0206,1.0206,1.0883,0,0,0
14.285520,1788533114.052639,-1.3353,-0.9004,-0.9004,-0.9004,-0.4805,0,0,0,-0.6824,-0.7289,1.6035,1.6035,1.8085,0,0,0,0.2079,0.2288,0.3432,0.3432,0.4163,0,0,0,-2.4289,-2.4440,2.9328,2.9328,2.9575,0,0,0,-0.1022,-0.1618,-0.1941,-0.1941,-0.1373,0,0,0,0.6862,0.8362,1.0034,1.0034,1.0858,0,0,0
14.294045,1788533114.061151,-1.4279,-0.9273,-0.9273,-0.9273,-0.5084,0,0,0,-0.6416,-0.7244,1.5937,1.5937,1.7852,0,0,0,0.2307,0.2289,0.3433,0.3433,0.4107,0,0,0,-2.3856,-2.4410,2.9292,2.9292,2.9556,0,0,0,-0.0568,-0.1564,-0.1877,-0.1877,-0.1456,0,0,0,0.6757,0.8281,0.9937,0.9937,1.0822,0,0,0
14.302046,1788533114.069166,-1.4279,-0.9515,-0.9515,-0.9515,-0.5366,0,0,0,-0.6416,-0.7204,1.5849,1.5849,1.7639,0,0,0,0.2307,0.2290,0.3435,0.3435,0.4053,0,0,0,-2.3856,-2.4384,2.9261,2.9261,2.9538,0,0,0,-0.0568,-0.1517,-0.1820,-0.1820,-0.1530,0,0,0,0.6757,0.8207,0.9849,0.9849,1.0781,0,0,0
14.309573,1788533114.069166,-1.4279,-0.9744,-0.9744,-0.9744,-0.5652,0,0,0,-0.6416,-0.7166,1.5766,1.5766,1.7444,0,0,0,0.2307,0.2291,0.3436,0.3436,0.3999,0,0,0,-2.3856,-2.4358,2.9230,2.9230,2.9520,0,0,0,-0.0568,-0.1471,-0.1765,-0.1765,-0.1594,0,0,0,0.6757,0.8138,0.9766,0.9766,1.0736,0,0,0
14.317573,1788533114.085691,-1.4279,-1.0172,-1.0172,-1.0172,-0.5941,0,0,0,-0.6416,-0.7096,1.5610,1.5610,1.7265,0,0,0,0.2307,0.2292,0.3438,0.3438,0.3947,0,0,0,-2.3856,-2.4311,2.9173,2.9173,2.9502,0,0,0,-0.0568,-0.1386,-0.1663,-0.1663,-0.1649,0,0,0,0.6757,0.8008,0.9610,0.9610,1.0685,0,0,0
14.325650,1788533114.085691,-1.4279,-1.0370,-1.0370,-1.0370,-0.6230,0,0,0,-0.6416,-0.7063,1.5539,1.5539,1.7099,0,0,0,0.2307,0.2293,0.3439,0.3439,0.3898,0,0,0,-2.3856,-2.4289,2.9147,2.9147,2.9483,0,0,0,-0.0568,-0.1347,-0.1616,-0.1616,-0.1694,0,0,0,0.6757,0.7948,0.9538,0.9538,1.0631,0,0,0
14.334321,1788533114.101454,-1.4929,-1.0782,-1.0782,-1.0782,-0.6449,0,0,0,-0.6196,-0.6985,1.5366,1.5366,1.6983,0,0,0,0.2379,0.2301,0.3451,0.3451,0.3863,0,0,0,-2.3395,-2.4209,2.9051,2.9051,2.9469,0,0,0,-0.1194,-0.1333,-0.1600,-0.1600,-0.1722,0,0,0,0.6160,0.7787,0.9344,0.9344,1.0587,0,0,0
14.341934,1788533114.101454,-1.4929,-1.0982,-1.0982,-1.0982,-0.6742,0,0,0,-0.6196,-0.6947,1.5283,1.5283,1.6836,0,0,0,0.2379,0.2304,0.3457,0.3457,0.3818,0,0,0,-2.3395,-2.4170,2.9004,2.9004,2.9448,0,0,0,-0.1194,-0.1326,-0.1592,-0.1592,-0.1751,0,0,0,0.6160,0.7709,0.9251,0.9251,1.0525,0,0,0
14.350049,1788533114.117156,-1.4929,-1.1338,-1.1338,-1.1338,-0.7036,0,0,0,-0.6196,-0.6879,1.5135,1.5135,1.6698,0,0,0,0.2379,0.2311,0.3467,0.3467,0.3777,0,0,0,-2.3395,-2.4100,2.8920,2.8920,2.9427,0,0,0,-0.1194,-0.1315,-0.1577,-0.1577,-0.1771,0,0,0,0.6160,0.7570,0.9084,0.9084,1.0458,0,0,0
14.358042,1788533114.117156,-1.4929,-1.1510,-1.1510,-1.1510,-0.7331,0,0,0,-0.6196,-0.6847,1.5062,1.5062,1.6567,0,0,0,0.2379,0.2314,0.3472,0.3472,0.3739,0,0,0,-2.3395,-2.4066,2.8880,2.8880,2.9403,0,0,0,-0.1194,-0.1309,-0.1571,-0.1571,-0.1784,0,0,0,0.6160,0.7502,0.9003,0.9003,1.0386,0,0,0
14.366045,1788533114.133160,-1.4929,-1.1824,-1.1824,-1.1824,-0.7628,0,0,0,-0.6196,-0.6787,1.4931,1.4931,1.6441,0,0,0,0.2379,0.2320,0.3480,0.3480,0.3705,0,0,0,-2.3395,-2.4005,2.8806,2.8806,2.9377,0,0,0,-0.1194,-0.1298,-0.1558,-0.1558,-0.1790,0,0,0,0.6160,0.7379,0.8855,0.8855,1.0309,0,0,0
14.374648,1788533114.133160,-1.4929,-1.1973,-1.1973,-1.1973,-0.7850,0,0,0,-0.6196,-0.6759,1.4869,1.4869,1.6350,0,0,0,0.2379,0.2323,0.3485,0.3485,0.3681,0,0,0,-2.3395,-2.3976,2.8771,2.8771,2.9356,0,0,0,-0.1194,-0.1293,-0.1552,-0.1552,-0.1792,0,0,0,0.6160,0.7321,0.8785,0.8785,1.0248,0,0,0
14.382462,1788533114.133160,-1.4929,-1.2115,-1.2115,-1.2115,-0.8146,0,0,0,-0.6196,-0.6732,1.4810,1.4810,1.6232,0,0,0,0.2379,0.2326,0.3489,0.3489,0.3653,0,0,0,-2.3395,-2.3948,2.8738,2.8738,2.9326,0,0,0,-0.1194,-0.1289,-0.1546,-0.1546,-0.1790,0,0,0,0.6160,0.7265,0.8718,0.8718,1.0163,0,0,0
14.390518,1788533114.156178,-1.4929,-1.2472,-1.2472,-1.2472,-0.8441,0,0,0,-0.6196,-0.6664,1.4661,1.4661,1.6117,0,0,0,0.2379,0.2333,0.3499,0.3499,0.3627,0,0,0,-2.3395,-2.3878,2.8654,2.8654,2.9294,0,0,0,-0.1194,-0.1277,-0.1532,-0.1532,-0.1784,0,0,0,0.6160,0.7126,0.8551,0.8551,1.0075,0,0,0
14.398221,1788533114.156178,-1.4929,-1.2590,-1.2590,-1.2590,-0.8733,0,0,0,-0.6196,-0.6641,1.4611,1.4611,1.6006,0,0,0,0.2379,0.2335,0.3502,0.3502,0.3605,0,0,0,-2.3395,-2.3855,2.8626,2.8626,2.9260,0,0,0,-0.1194,-0.1273,-0.1527,-0.1527,-0.1776,0,0,0,0.6160,0.7079,0.8495,0.8495,0.9983,0,0,0
14.405672,1788533114.156178,-1.4929,-1.2703,-1.2703,-1.2703,-0.9021,0,0,0,-0.6196,-0.6620,1.4564,1.4564,1.5898,0,0,0,0.2379,0.2337,0.3505,0.3505,0.3585,0,0,0,-2.3395,-2.3833,2.8600,2.8600,2.9224,0,0,0,-0.1194,-0.1269,-0.1523,-0.1523,-0.1765,0,0,0,0.6160,0.7035,0.8442,0.8442,0.9889,0,0,0
14.414287,1788533114.180480,-1.5773,-1.3111,-1.3111,-1.3111,-0.9235,0,0,0,-0.4346,-0.6318,1.3901,1.3901,1.5818,0,0,0,0.2639,0.2377,0.3565,0.3565,0.3573,0,0,0,-2.2932,-2.3714,2.8456,2.8456,2.9195,0,0,0,-0.2256,-0.1400,-0.1680,-0.1680,-0.1756,0,0,0,0.6085,0.6909,0.8291,0.8291,0.9816,0,0,0
14.421808,1788533114.180480,-1.5773,-1.3238,-1.3238,-1.3238,-0.9516,0,0,0,-0.4346,-0.6224,1.3693,1.3693,1.5714,0,0,0,0.2639,0.2389,0.3584,0.3584,0.3558,0,0,0,-2.2932,-2.3676,2.8411,2.8411,2.9156,0,0,0,-0.2256,-0.1441,-0.1729,-0.1729,-0.1743,0,0,0,0.6085,0.6870,0.8244,0.8244,0.9719,0,0,0
14.430336,1788533114.196927,-1.5373,-1.3439,-1.3439,-1.3439,-0.9789,0,0,0,-0.3856,-0.6002,1.3204,1.3204,1.5613,0,0,0,0.2811,0.2429,0.3643,0.3643,0.3545,0,0,0,-2.2918,-2.3605,2.8326,2.8326,2.9116,0,0,0,-0.2244,-0.1516,-0.1819,-0.1819,-0.1729,0,0,0,0.6048,0.6793,0.8151,0.8151,0.9621,0,0,0
14.437855,1788533114.196927,-1.5373,-1.3532,-1.3532,-1.3532,-1.0060,0,0,0,-0.3856,-0.5899,1.2978,1.2978,1.5505,0,0,0,0.2811,0.2447,0.3671,0.3671,0.3536,0,0,0,-2.2918,-2.3572,2.8287,2.8287,2.9074,0,0,0,-0.2244,-0.1551,-0.1861,-0.1861,-0.1717,0,0,0,0.6048,0.6757,0.8108,0.8108,0.9522,0,0,0
14.445980,1788533114.212981,-1.5373,-1.3701,-1.3701,-1.3701,-1.0329,0,0,0,-0.3856,-0.5711,1.2565,1.2565,1.5383,0,0,0,0.2811,0.2481,0.3721,0.3721,0.3530,0,0,0,-2.2918,-2.3512,2.8215,2.8215,2.9028,0,0,0,-0.2244,-0.1614,-0.1937,-0.1937,-0.1709,0,0,0,0.6048,0.6692,0.8030,0.8030,0.9421,0,0,0
14.453761,1788533114.221211,-1.5373,-1.3784,-1.3784,-1.3784,-1.0529,0,0,0,-0.3856,-0.5620,1.2364,1.2364,1.5283,0,0,0,0.2811,0.2497,0.3745,0.3745,0.3528,0,0,0,-2.2918,-2.3483,2.8180,2.8180,2.8992,0,0,0,-0.2244,-0.1645,-0.1974,-0.1974,-0.1706,0,0,0,0.6048,0.6660,0.7992,0.7992,0.9344,0,0,0
14.461800,1788533114.221211,-1.5373,-1.3860,-1.3860,-1.3860,-1.0791,0,0,0,-0.3856,-0.5536,1.2178,1.2178,1.5135,0,0,0,0.2811,0.2512,0.3768,0.3768,0.3528,0,0,0,-2.2918,-2.3456,2.8147,2.8147,2.8942,0,0,0,-0.2244,-0.1674,-0.2009,-0.2009,-0.1705,0,0,0,0.6048,0.6631,0.7957,0.7957,0.9243,0,0,0
14.469788,1788533114.221211,-1.5373,-1.3933,-1.3933,-1.3933,-1.1048,0,0,0,-0.3856,-0.5455,1.2001,1.2001,1.4974,0,0,0,0.2811,0.2526,0.3789,0.3789,0.3532,0,0,0,-2.2918,-2.3430,2.8116,2.8116,2.8889,0,0,0,-0.2244,-0.1701,-0.2042,-0.2042,-0.1709,0,0,0,0.6048,0.6603,0.7924,0.7924,0.9142,0,0,0
14.478430,1788533114.246464,-1.5306,-1.4121,-1.4121,-1.4121,-1.1297,0,0,0,-0.4093,-0.5268,1.1590,1.1590,1.4800,0,0,0,0.2336,0.2500,0.3750,0.3750,0.3539,0,0,0,-2.3059,-2.3379,2.8055,2.8055,2.8836,0,0,0,-0.1912,-0.1730,-0.2076,-0.2076,-0.1717,0,0,0,0.6097,0.6534,0.7840,0.7840,0.9043,0,0,0
14.486047,1788533114.246464,-1.5306,-1.4178,-1.4178,-1.4178,-1.1477,0,0,0,-0.4093,-0.5212,1.1466,1.1466,1.4664,0,0,0,0.2336,0.2492,0.3738,0.3738,0.3546,0,0,0,-2.3059,-2.3364,2.8037,2.8037,2.8795,0,0,0,-0.1912,-0.1739,-0.2087,-0.2087,-0.1726,0,0,0,0.6097,0.6513,0.7815,0.7815,0.8970,0,0,0
14.493816,1788533114.261265,-1.5306,-1.4274,-1.4274,-1.4274,-1.1710,0,0,0,-0.4093,-0.5117,1.1256,1.1256,1.4474,0,0,0,0.2336,0.2479,0.3718,0.3718,0.3557,0,0,0,-2.3059,-2.3338,2.8006,2.8006,2.8741,0,0,0,-0.1912,-0.1754,-0.2104,-0.2104,-0.1740,0,0,0,0.6097,0.6477,0.7773,0.7773,0.8875,0,0,0
14.501793,1788533114.268918,-1.5306,-1.4322,-1.4322,-1.4322,-1.1879,0,0,0,-0.4093,-0.5070,1.1153,1.1153,1.4326,0,0,0,0.2336,0.2472,0.3709,0.3709,0.3566,0,0,0,-2.3059,-2.3325,2.7990,2.7990,2.8700,0,0,0,-0.1912,-0.1761,-0.2113,-0.2113,-0.1752,0,0,0,0.6097,0.6460,0.7752,0.7752,0.8806,0,0,0
14.510589,1788533114.268918,-1.5306,-1.4369,-1.4369,-1.4369,-1.2149,0,0,0,-0.4093,-0.5023,1.1050,1.1050,1.4071,0,0,0,0.2336,0.2466,0.3699,0.3699,0.3582,0,0,0,-2.3059,-2.3313,2.7975,2.7975,2.8632,0,0,0,-0.1912,-0.1768,-0.2122,-0.2122,-0.1776,0,0,0,0.6097,0.6443,0.7731,0.7731,0.8694,0,0,0
14.518590,1788533114.285717,-1.4907,-1.4420,-1.4420,-1.4420,-1.2354,0,0,0,-0.3273,-0.4855,1.0682,1.0682,1.3861,0,0,0,0.2671,0.2485,0.3728,0.3728,0.3593,0,0,0,-2.3051,-2.3288,2.7945,2.7945,2.8579,0,0,0,-0.1460,-0.1739,-0.2086,-0.2086,-0.1796,0,0,0,0.6599,0.6458,0.7749,0.7749,0.8608,0,0,0
14.525995,1788533114.285717,-1.4907,-1.4444,-1.4444,-1.4444,-1.2549,0,0,0,-0.3273,-0.4780,1.0515,1.0515,1.3650,0,0,0,0.2671,0.2494,0.3742,0.3742,0.3605,0,0,0,-2.3051,-2.3276,2.7931,2.7931,2.8527,0,0,0,-0.1460,-0.1725,-0.2070,-0.2070,-0.1818,0,0,0,0.6599,0.6464,0.7757,0.7757,0.8526,0,0,0
14.534502,1788533114.300799,-1.5066,-1.4498,-1.4498,-1.4498,-1.2733,0,0,0,-0.3483,-0.4667,1.0268,1.0268,1.3437,0,0,0,0.1893,0.2442,0.3663,0.3663,0.3615,0,0,0,-2.4220,-2.3358,2.8030,2.8030,2.8477,0,0,0,-0.0416,-0.1612,-0.1934,-0.1934,-0.1840,0,0,0,0.8130,0.6609,0.7930,0.7930,0.8449,0,0,0
14.542618,1788533114.300799,-1.5066,-1.4525,-1.4525,-1.4525,-1.2906,0,0,0,-0.3483,-0.4610,1.0143,1.0143,1.3223,0,0,0,0.1893,0.2416,0.3624,0.3624,0.3626,0,0,0,-2.4220,-2.3399,2.8079,2.8079,2.8428,0,0,0,-0.0416,-0.1555,-0.1866,-0.1866,-0.1861,0,0,0,0.8130,0.6681,0.8018,0.8018,0.8376,0,0,0
14.550626,1788533114.318743,-1.4983,-1.4571,-1.4571,-1.4571,-1.3029,0,0,0,-0.3098,-0.4457,0.9805,0.9805,1.3061,0,0,0,0.1893,0.2363,0.3544,0.3544,0.3633,0,0,0,-2.4220,-2.3482,2.8179,2.8179,2.8393,0,0,0,-0.0393,-0.1437,-0.1724,-0.1724,-0.1877,0,0,0,0.8251,0.6840,0.8209,0.8209,0.8325,0,0,0
14.558618,1788533114.325742,-1.4983,-1.4589,-1.4589,-1.4589,-1.3184,0,0,0,-0.3098,-0.4400,0.9679,0.9679,1.2844,0,0,0,0.1893,0.2343,0.3515,0.3515,0.3641,0,0,0,-2.4220,-2.3513,2.8216,2.8216,2.8350,0,0,0,-0.0393,-0.1393,-0.1672,-0.1672,-0.1894,0,0,0,0.8251,0.6900,0.8280,0.8280,0.8264,0,0,0
14.566417,1788533114.325742,-1.4983,-1.4608,-1.4608,-1.4608,-1.3328,0,0,0,-0.3098,-0.4337,0.9542,0.9542,1.2627,0,0,0,0.1893,0.2322,0.3482,0.3482,0.3648,0,0,0,-2.4220,-2.3547,2.8257,2.8257,2.8312,0,0,0,-0.0393,-0.1345,-0.1614,-0.1614,-0.1907,0,0,0,0.8251,0.6965,0.8357,0.8357,0.8212,0,0,0
14.573864,1788533114.340540,-1.4983,-1.4640,-1.4640,-1.4640,-1.3462,0,0,0,-0.3098,-0.4232,0.9310,0.9310,1.2409,0,0,0,0.1893,0.2285,0.3428,0.3428,0.3651,0,0,0,-2.4220,-2.3604,2.8325,2.8325,2.8279,0,0,0,-0.0393,-0.1264,-0.1517,-0.1517,-0.1914,0,0,0,0.8251,0.7074,0.8489,0.8489,0.8171,0,0,0
14.581838,1788533114.349509,-1.4983,-1.4658,-1.4658,-1.4658,-1.3587,0,0,0,-0.3098,-0.4171,0.9176,0.9176,1.2191,0,0,0,0.1893,0.2264,0.3396,0.3396,0.3651,0,0,0,-2.4220,-2.3637,2.8365,2.8365,2.8253,0,0,0,-0.0393,-0.1218,-0.1461,-0.1461,-0.1915,0,0,0,0.8251,0.7137,0.8564,0.8564,0.8141,0,0,0
14.589838,1788533114.349509,-1.4983,-1.4674,-1.4674,-1.4674,-1.3674,0,0,0,-0.3098,-0.4120,0.9063,0.9063,1.2028,0,0,0,0.1893,0.2246,0.3370,0.3370,0.3649,0,0,0,-2.4220,-2.3665,2.8398,2.8398,2.8237,0,0,0,-0.0393,-0.1178,-0.1414,-0.1414,-0.1912,0,0,0,0.8251,0.7190,0.8628,0.8628,0.8126,0,0,0
14.597840,1788533114.365956,-1.4983,-1.4703,-1.4703,-1.4703,-1.3783,0,0,0,-0.3098,-0.4024,0.8852,0.8852,1.1812,0,0,0,0.1893,0.2213,0.3320,0.3320,0.3644,0,0,0,-2.4220,-2.3717,2.8461,2.8461,2.8221,0,0,0,-0.0393,-0.1105,-0.1326,-0.1326,-0.1904,0,0,0,0.8251,0.7290,0.8747,0.8747,0.8114,0,0,0
14.605926,1788533114.365956,-1.4983,-1.4716,-1.4716,-1.4716,-1.3883,0,0,0,-0.3098,-0.3979,0.8755,0.8755,1.1596,0,0,0,0.1893,0.2198,0.3297,0.3297,0.3635,0,0,0,-2.4220,-2.3741,2.8490,2.8490,2.8211,0,0,0,-0.0393,-0.1071,-0.1285,-0.1285,-0.1889,0,0,0,0.8251,0.7336,0.8803,0.8803,0.8113,0,0,0
14.613975,1788533114.381040,-1.5294,-1.4766,-1.4766,-1.4766,-1.3975,0,0,0,-0.2241,-0.3829,0.8423,0.8423,1.1381,0,0,0,0.2027,0.2183,0.3275,0.3275,0.3623,0,0,0,-2.3579,-2.3727,2.8473,2.8473,2.8207,0,0,0,-0.0481,-0.1020,-0.1223,-0.1223,-0.1868,0,0,0,0.6851,0.7294,0.8752,0.8752,0.8123,0,0,0
14.622738,1788533114.381040,-1.5294,-1.4791,-1.4791,-1.4791,-1.4061,0,0,0,-0.2241,-0.3753,0.8256,0.8256,1.1167,0,0,0,0.2027,0.2176,0.3264,0.3264,0.3608,0,0,0,-2.3579,-2.3720,2.8464,2.8464,2.8209,0,0,0,-0.0481,-0.0994,-0.1192,-0.1192,-0.1842,0,0,0,0.6851,0.7272,0.8727,0.8727,0.8142,0,0,0
14.630232,1788533114.397836,-1.5294,-1.4839,-1.4839,-1.4839,-1.4139,0,0,0,-0.2241,-0.3608,0.7938,0.7938,1.0954,0,0,0,0.2027,0.2162,0.3242,0.3242,0.3591,0,0,0,-2.3579,-2.3707,2.8448,2.8448,2.8215,0,0,0,-0.0481,-0.0945,-0.1134,-0.1134,-0.1810,0,0,0,0.6851,0.7232,0.8679,0.8679,0.8168,0,0,0
14.638278,1788533114.405441,-1.5002,-1.4847,-1.4847,-1.4847,-1.4212,0,0,0,-0.1710,-0.3522,0.7747,0.7747,1.0741,0,0,0,0.2197,0.2163,0.3245,0.3245,0.3572,0,0,0,-2.3244,-2.3686,2.8423,2.8423,2.8225,0,0,0,-0.0880,-0.0942,-0.1130,-0.1130,-0.1775,0,0,0,0.8696,0.7299,0.8759,0.8759,0.8198,0,0,0
14.646097,1788533114.413974,-1.5002,-1.4855,-1.4855,-1.4855,-1.4279,0,0,0,-0.1710,-0.3429,0.7544,0.7544,1.0527,0,0,0,0.2197,0.2165,0.3247,0.3247,0.3551,0,0,0,-2.3244,-2.3663,2.8396,2.8396,2.8236,0,0,0,-0.0880,-0.0939,-0.1126,-0.1126,-0.1737,0,0,0,0.8696,0.7370,0.8844,0.8844,0.8231,0,0,0
14.654871,1788533114.421199,-1.5002,-1.4861,-1.4861,-1.4861,-1.4342,0,0,0,-0.1710,-0.3354,0.7380,0.7380,1.0313,0,0,0,0.2197,0.2166,0.3249,0.3249,0.3530,0,0,0,-2.3244,-2.3645,2.8374,2.8374,2.8248,0,0,0,-0.0880,-0.0936,-0.1123,-0.1123,-0.1697,0,0,0,0.8696,0.7428,0.8913,0.8913,0.8265,0,0,0
14.662581,1788533114.428941,-1.5002,-1.4868,-1.4868,-1.4868,-1.4400,0,0,0,-0.1710,-0.3278,0.7212,0.7212,1.0098,0,0,0,0.2197,0.2168,0.3252,0.3252,0.3508,0,0,0,-2.3244,-2.3626,2.8352,2.8352,2.8260,0,0,0,-0.0880,-0.0934,-0.1120,-0.1120,-0.1655,0,0,0,0.8696,0.7487,0.8984,0.8984,0.8301,0,0,0
14.670274,1788533114.428941,-1.5002,-1.4874,-1.4874,-1.4874,-1.4440,0,0,0,-0.1710,-0.3203,0.7046,0.7046,0.9937,0,0,0,0.2197,0.2169,0.3254,0.3254,0.3492,0,0,0,-2.3244,-2.3608,2.8330,2.8330,2.8269,0,0,0,-0.0880,-0.0931,-0.1117,-0.1117,-0.1624,0,0,0,0.8696,0.7544,0.9053,0.9053,0.8330,0,0,0
14.678571,1788533114.428941,-1.5002,-1.4880,-1.4880,-1.4880,-1.4490,0,0,0,-0.1710,-0.3131,0.6889,0.6889,0.9723,0,0,0,0.2197,0.2170,0.3256,0.3256,0.3470,0,0,0,-2.3244,-2.3591,2.8309,2.8309,2.8280,0,0,0,-0.0880,-0.0929,-0.1114,-0.1114,-0.1583,0,0,0,0.8696,0.7600,0.9120,0.9120,0.8370,0,0,0
14.686659,1788533114.453708,-1.6605,-1.5113,-1.5113,-1.5113,-1.4535,0,0,0,-0.2129,-0.2996,0.6591,0.6591,0.9511,0,0,0,0.3512,0.2351,0.3527,0.3527,0.3450,0,0,0,-2.1149,-2.3262,2.7914,2.7914,2.8289,0,0,0,-0.2873,-0.1190,-0.1428,-0.1428,-0.1542,0,0,0,0.6251,0.7418,0.8901,0.8901,0.8413,0,0,0
14.694668,1788533114.453708,-1.6605,-1.5184,-1.5184,-1.5184,-1.4567,0,0,0,-0.2129,-0.2955,0.6500,0.6500,0.9353,0,0,0,0.3512,0.2407,0.3610,0.3610,0.3436,0,0,0,-2.1149,-2.3161,2.7793,2.7793,2.8296,0,0,0,-0.2873,-0.1271,-0.1525,-0.1525,-0.1513,0,0,0,0.6251,0.7362,0.8834,0.8834,0.8447,0,0,0
14.702144,1788533114.453708,-1.6605,-1.5252,-1.5252,-1.5252,-1.4587,0,0,0,-0.2129,-0.2915,0.6413,0.6413,0.9248,0,0,0,0.3512,0.2460,0.3689,0.3689,0.3427,0,0,0,-2.1149,-2.3064,2.7677,2.7677,2.8299,0,0,0,-0.2873,-0.1348,-0.1617,-0.1617,-0.1494,0,0,0,0.6251,0.7309,0.8771,0.8771,0.8470,0,0,0
14.710172,1788533114.478279,-1.6605,-1.5433,-1.5433,-1.5433,-1.4656,0,0,0,-0.2129,-0.2810,0.6181,0.6181,0.8885,0,0,0,0.3512,0.2600,0.3901,0.3901,0.3405,0,0,0,-2.1149,-2.2808,2.7370,2.7370,2.8296,0,0,0,-0.2873,-0.1552,-0.1862,-0.1862,-0.1441,0,0,0,0.6251,0.7167,0.8601,0.8601,0.8546,0,0,0
14.718694,1788533114.478279,-1.6605,-1.5489,-1.5489,-1.5489,-1.4697,0,0,0,-0.2129,-0.2777,0.6110,0.6110,0.8681,0,0,0,0.3512,0.2644,0.3966,0.3966,0.3400,0,0,0,-2.1149,-2.2729,2.7274,2.7274,2.8284,0,0,0,-0.2873,-0.1615,-0.1938,-0.1938,-0.1420,0,0,0,0.6251,0.7123,0.8548,0.8548,0.8584,0,0,0
14.726948,1788533114.494337,-1.9596,-1.5866,-1.5866,-1.5866,-1.4739,0,0,0,-0.0865,-0.2602,0.5724,0.5724,0.8481,0,0,0,0.6225,0.2972,0.4458,0.4458,0.3403,0,0,0,-2.0438,-2.2518,2.7022,2.7022,2.8262,0,0,0,-0.2266,-0.1675,-0.2010,-0.2010,-0.1410,0,0,0,0.7329,0.7142,0.8571,0.8571,0.8615,0,0,0
14.734956,1788533114.494337,-1.9596,-1.6045,-1.6045,-1.6045,-1.4773,0,0,0,-0.0865,-0.2518,0.5541,0.5541,0.8333,0,0,0,0.6225,0.3128,0.4692,0.4692,0.3411,0,0,0,-2.0438,-2.2419,2.6903,2.6903,2.8237,0,0,0,-0.2266,-0.1703,-0.2043,-0.2043,-0.1409,0,0,0,0.7329,0.7151,0.8582,0.8582,0.8634,0,0,0
14.742693,1788533114.509994,-2.0670,-1.6460,-1.6460,-1.6460,-1.4823,0,0,0,0.0529,-0.2245,0.4939,0.4939,0.8138,0,0,0,0.7445,0.3515,0.5273,0.5273,0.3431,0,0,0,-2.0462,-2.2243,2.6692,2.6692,2.8195,0,0,0,-0.3250,-0.1842,-0.2210,-0.2210,-0.1417,0,0,0,0.7538,0.7186,0.8623,0.8623,0.8653,0,0,0
14.750589,1788533114.517627,-2.0670,-1.6653,-1.6653,-1.6653,-1.4880,0,0,0,0.2742,-0.2016,0.4436,0.4436,0.7942,0,0,0,0.9008,0.3767,0.5650,0.5650,0.3465,0,0,0,-2.0473,-2.2162,2.6595,2.6595,2.8141,0,0,0,-0.3459,-0.1916,-0.2299,-0.2299,-0.1434,0,0,0,0.9796,0.7305,0.8766,0.8766,0.8666,0,0,0
14.759130,1788533114.517627,-2.0670,-1.6846,-1.6846,-1.6846,-1.4947,0,0,0,0.2742,-0.1788,0.3934,0.3934,0.7745,0,0,0,0.9008,0.4018,0.6027,0.6027,0.3515,0,0,0,-2.0473,-2.2081,2.6498,2.6498,2.8076,0,0,0,-0.3459,-0.1989,-0.2387,-0.2387,-0.1458,0,0,0,0.9796,0.7425,0.8910,0.8910,0.8676,0,0,0
14.766912,1788533114.533936,-2.0670,-1.7202,-1.7202,-1.7202,-1.5027,0,0,0,0.2742,-0.1366,0.3006,0.3006,0.7540,0,0,0,0.9008,0.4483,0.6724,0.6724,0.3587,0,0,0,-2.0473,-2.1932,2.6318,2.6318,2.8001,0,0,0,-0.3459,-0.2126,-0.2551,-0.2551,-0.1490,0,0,0,0.9796,0.7645,0.9174,0.9174,0.8683,0,0,0
14.775234,1788533114.542038,-2.0670,-1.7370,-1.7370,-1.7370,-1.5094,0,0,0,0.2742,-0.1167,0.2567,0.2567,0.7379,0,0,0,0.9008,0.4702,0.7053,0.7053,0.3655,0,0,0,-2.0473,-2.1861,2.6233,2.6233,2.7939,0,0,0,-0.3459,-0.2191,-0.2629,-0.2629,-0.1519,0,0,0,0.9796,0.7749,0.9299,0.9299,0.8688,0,0,0
14.782578,1788533114.550666,-2.0670,-1.7540,-1.7540,-1.7540,-1.5194,0,0,0,0.2742,-0.0965,0.2124,0.2124,0.7151,0,0,0,0.9008,0.4924,0.7386,0.7386,0.3765,0,0,0,-2.0473,-2.1790,2.6147,2.6147,2.7850,0,0,0,-0.3459,-0.2256,-0.2707,-0.2707,-0.1564,0,0,0,0.9796,0.7855,0.9426,0.9426,0.8698,0,0,0
14.790568,1788533114.550666,-2.0670,-1.7690,-1.7690,-1.7690,-1.5277,0,0,0,0.2742,-0.0787,0.1732,0.1732,0.6966,0,0,0,0.9008,0.5120,0.7680,0.7680,0.3866,0,0,0,-2.0473,-2.1726,2.6072,2.6072,2.7779,0,0,0,-0.3459,-0.2314,-0.2776,-0.2776,-0.1603,0,0,0,0.9796,0.7948,0.9537,0.9537,0.8709,0,0,0
14.799079,1788533114.550666,-2.0670,-1.7833,-1.7833,-1.7833,-1.5433,0,0,0,0.2742,-0.0618,0.1360,0.1360,0.6626,0,0,0,0.9008,0.5307,0.7960,0.7960,0.4070,0,0,0,-2.0473,-2.1666,2.6000,2.6000,2.7651,0,0,0,-0.3459,-0.2369,-0.2842,-0.2842,-0.1676,0,0,0,0.9796,0.8036,0.9644,0.9644,0.8737,0,0,0
14.807171,1788533114.574726,-1.9763,-1.8087,-1.8087,-1.8087,-1.5569,0,0,0,1.4791,0.1412,-0.3105,-0.3105,0.6329,0,0,0,1.4828,0.6560,0.9840,0.9840,0.4259,0,0,0,-2.0430,-2.1504,2.5805,2.5805,2.7544,0,0,0,-0.7534,-0.3047,-0.3657,-0.3657,-0.1741,0,0,0,1.5614,0.9033,1.0839,1.0839,0.8768,0,0,0
14.814774,1788533114.574726,-1.9763,-1.8168,-1.8168,-1.8168,-1.5715,0,0,0,1.4791,0.2054,-0.4520,-0.4520,0.6002,0,0,0,1.4828,0.6957,1.0435,1.0435,0.4475,0,0,0,-2.0430,-2.1452,2.5743,2.5743,2.7434,0,0,0,-0.7534,-0.3262,-0.3915,-0.3915,-0.1813,0,0,0,1.5614,0.9348,1.1218,1.1218,0.8811,0,0,0
14.823315,1788533114.589819,-2.1909,-1.8492,-1.8492,-1.8492,-1.5830,0,0,0,2.4298,0.3991,-0.8780,-0.8780,0.5707,0,0,0,2.0923,0.8171,1.2257,1.2257,0.4664,0,0,0,-2.4331,-2.1702,2.6042,2.6042,2.7348,0,0,0,-1.2178,-0.4036,-0.4843,-0.4843,-0.1876,0,0,0,2.5536,1.0754,1.2905,1.2905,0.8857,0,0,0
14.831127,1788533114.589819,-2.1909,-1.8656,-1.8656,-1.8656,-1.5990,0,0,0,2.4298,0.4969,-1.0932,-1.0932,0.5234,0,0,0,2.0923,0.8784,1.3176,1.3176,0.4956,0,0,0,-2.4331,-2.1828,2.6193,2.6193,2.7232,0,0,0,-1.2178,-0.4427,-0.5312,-0.5312,-0.1975,0,0,0,2.5536,1.1464,1.3757,1.3757,0.8944,0,0,0
14.838590,1788533114.606100,-2.1909,-1.8959,-1.8959,-1.8959,-1.6157,0,0,0,2.4298,0.6775,-1.4905,-1.4905,0.4642,0,0,0,2.0923,0.9916,1.4874,1.4874,0.5302,0,0,0,-2.4331,-2.2060,2.6472,2.6472,2.7119,0,0,0,-1.2178,-0.5148,-0.6177,-0.6177,-0.2097,0,0,0,2.5536,1.2775,1.5330,1.5330,0.9072,0,0,0
14.846747,1788533114.614792,-2.1909,-1.9112,-1.9112,-1.9112,-1.6286,0,0,0,2.4298,0.7689,-1.6917,-1.6917,0.4111,0,0,0,2.0923,1.0489,1.5734,1.5734,0.5599,0,0,0,-2.4331,-2.2178,2.6613,2.6613,2.7039,0,0,0,-1.2178,-0.5513,-0.6615,-0.6615,-0.2207,0,0,0,2.5536,1.3439,1.6127,1.6127,0.9201,0,0,0
14.855624,1788533114.621846,-2.1909,-1.9231,-1.9231,-1.9231,-1.6465,0,0,0,2.4298,0.8401,-1.8481,-1.8481,0.3275,0,0,0,2.0923,1.0935,1.6402,1.6402,0.6050,0,0,0,-2.4331,-2.2269,2.6723,2.6723,2.6943,0,0,0,-1.2178,-0.5797,-0.6956,-0.6956,-0.2380,0,0,0,2.5536,1.3955,1.6746,1.6746,0.9422,0,0,0
14.863634,1788533114.630756,-2.6484,-1.9617,-1.9617,-1.9617,-1.6649,0,0,0,2.7413,0.9418,-2.0720,-2.0720,0.2288,0,0,0,3.0925,1.2002,1.8003,1.8003,0.6563,0,0,0,-3.0406,-2.2701,2.7241,2.7241,2.6861,0,0,0,-1.6093,-0.6345,-0.7613,-0.7613,-0.2585,0,0,0,3.5512,1.5106,1.8127,1.8127,0.9705,0,0,0
14.871165,1788533114.638285,-2.6484,-1.9928,-1.9928,-1.9928,-1.6836,0,0,0,2.7413,1.0239,-2.2527,-2.2527,0.1169,0,0,0,3.0925,1.2863,1.9295,1.9295,0.7129,0,0,0,-3.0406,-2.3049,2.7659,2.7659,2.6793,0,0,0,-1.6093,-0.6787,-0.8144,-0.8144,-0.2819,0,0,0,3.5512,1.6035,1.9242,1.9242,1.0043,0,0,0
14.879215,1788533114.645795,-2.8365,-2.0310,-2.0310,-2.0310,-1.7028,0,0,0,3.0375,1.1157,-2.4546,-2.4546,-0.0068,0,0,0,3.6355,1.3932,2.0898,2.0898,0.7748,0,0,0,-3.2431,-2.3473,2.8167,2.8167,2.6743,0,0,0,-1.9031,-0.7341,-0.8810,-0.8810,-0.3079,0,0,0,4.3483,1.7283,2.0740,2.0740,1.0436,0,0,0
14.887298,1788533114.653426,-2.8365,-2.0680,-2.0680,-2.0680,-1.7226,0,0,0,3.0375,1.2047,-2.6504,-2.6504,-0.1409,0,0,0,3.6355,1.4968,2.2453,2.2453,0.8420,0,0,0,-3.2431,-2.3883,2.8660,2.8660,2.6716,0,0,0,-1.9031,-0.7879,-0.9455,-0.9455,-0.3366,0,0,0,4.3483,1.8495,2.2194,2.2194,1.0887,0,0,0
14.894887,1788533114.653426,-2.8365,-2.1049,-2.1049,-2.1049,-1.7431,0,0,0,3.0375,1.2936,-2.8458,-2.8458,-0.2843,0,0,0,3.6355,1.6004,2.4006,2.4006,0.9149,0,0,0,-3.2431,-2.4294,2.9152,2.9152,2.6716,0,0,0,-1.9031,-0.8416,-1.0099,-1.0099,-0.3679,0,0,0,4.3483,1.9705,2.3646,2.3646,1.1397,0,0,0
14.902981,1788533114.670058,-2.8365,-2.1744,-2.1744,-2.1744,-1.7641,0,0,0,3.0375,1.4606,-3.2132,-3.2132,-0.4342,0,0,0,3.6355,1.7951,2.6926,2.6926,0.9923,0,0,0,-3.2431,-2.5066,3.0079,3.0079,2.6741,0,0,0,-1.9031,-0.9426,-1.1312,-1.1312,-0.4013,0,0,0,4.3483,2.1981,2.6377,2.6377,1.1959,0,0,0
14.910633,1788533114.677762,-3.4538,-2.2338,-2.2338,-2.2338,-1.7858,0,0,0,2.7084,1.5189,-3.3416,-3.3416,-0.5900,0,0,0,5.0790,1.9487,2.9231,2.9231,1.0747,0,0,0,-3.7423,-2.5638,3.0766,3.0766,2.6794,0,0,0,-2.2408,-1.0030,-1.2036,-1.2036,-0.4369,0,0,0,5.1625,2.3369,2.8043,2.8043,1.2576,0,0,0
14.918931,1788533114.677762,-3.4538,-2.2925,-2.2925,-2.2925,-1.8089,0,0,0,2.7084,1.5766,-3.4686,-3.4686,-0.7540,0,0,0,5.0790,2.1008,3.1512,3.1512,1.1646,0,0,0,-3.7423,-2.6205,3.1446,3.1446,2.6884,0,0,0,-2.2408,-1.0627,-1.2752,-1.2752,-0.4757,0,0,0,5.1625,2.4742,2.9690,2.9690,1.3274,0,0,0
14.926934,1788533114.677762,-3.4538,-2.3485,-2.3485,-2.3485,-1.8274,0,0,0,2.7084,1.6315,-3.5893,-3.5893,-0.8826,0,0,0,5.0790,2.2456,3.3685,3.3685,1.2379,0,0,0,-3.7423,-2.6744,3.2093,3.2093,2.6979,0,0,0,-2.2408,-1.1195,-1.3434,-1.3434,-0.5072,0,0,0,5.1625,2.6050,3.1259,3.1259,1.3857,0,0,0
14.934937,1788533114.677762,-3.4538,-2.4017,-2.4017,-2.4017,-1.8539,0,0,0,2.7084,1.6837,-3.7042,-3.7042,-1.0591,0,0,0,5.0790,2.3836,3.5754,3.5754,1.3436,0,0,0,-3.7423,-2.7258,3.2710,3.2710,2.7143,0,0,0,-2.2408,-1.1736,-1.4083,-1.4083,-0.5520,0,0,0,5.1625,2.7295,3.2754,3.2754,1.4709,0,0,0
14.942849,1788533114.711052,-3.7177,-2.6306,-2.6306,-2.6306,-1.8824,0,0,0,2.3202,1.7950,-3.9489,-3.9489,-1.2396,0,0,0,5.9136,3.0030,4.5046,4.5046,1.4586,0,0,0,-3.8946,-2.9289,3.5147,3.5147,2.7348,0,0,0,-2.1093,-1.3365,-1.6038,-1.6038,-0.6000,0,0,0,5.1398,3.1521,3.7826,3.7826,1.5643,0,0,0
14.951387,1788533114.718503,-4.1519,-2.6992,-2.6992,-2.6992,-1.9130,0,0,0,2.1419,1.8106,-3.9834,-3.9834,-1.4221,0,0,0,7.6832,3.2164,4.8246,4.8246,1.5826,0,0,0,-4.0873,-2.9810,3.5772,3.5772,2.7594,0,0,0,-2.2000,-1.3754,-1.6505,-1.6505,-0.6506,0,0,0,5.4708,3.2576,3.9091,3.9091,1.6650,0,0,0
14.959467,1788533114.726497,-4.1519,-2.7692,-2.7692,-2.7692,-1.9466,0,0,0,2.1419,1.8267,-4.0187,-4.0187,-1.6056,0,0,0,7.6832,3.4346,5.1518,5.1518,1.7189,0,0,0,-4.0873,-3.0342,3.6411,3.6411,2.7887,0,0,0,-2.2000,-1.4151,-1.6982,-1.6982,-0.7044,0,0,0,5.4708,3.3653,4.0383,4.0383,1.7743,0,0,0
14.967485,1788533114.735583,-4.1519,-2.8445,-2.8445,-2.8445,-1.9849,0,0,0,2.1419,1.8439,-4.0565,-4.0565,-1.7898,0,0,0,7.6832,3.6693,5.5039,5.5039,1.8744,0,0,0,-4.0873,-3.0915,3.7098,3.7098,2.8243,0,0,0,-2.2000,-1.4579,-1.7494,-1.7494,-0.7621,0,0,0,5.4708,3.4810,4.1772,4.1772,1.8948,0,0,0
14.975775,1788533114.743182,-4.1519,-2.9046,-2.9046,-2.9046,-2.0275,0,0,0,2.1419,1.8576,-4.0867,-4.0867,-1.9722,0,0,0,7.6832,3.8567,5.7851,5.7851,2.0488,0,0,0,-4.0873,-3.1372,3.7646,3.7646,2.8655,0,0,0,-2.2000,-1.4920,-1.7904,-1.7904,-0.8229,0,0,0,5.4708,3.5734,4.2880,4.2880,2.0246,0,0,0
14.983089,1788533114.743182,-4.1519,-2.9649,-2.9649,-2.9649,-2.0741,0,0,0,2.1419,1.8713,-4.1169,-4.1169,-2.1506,0,0,0,7.6832,4.0447,6.0670,6.0670,2.2406,0,0,0,-4.0873,-3.1830,3.8196,3.8196,2.9116,0,0,0,-2.2000,-1.5261,-1.8314,-1.8314,-0.8859,0,0,0,5.4708,3.6659,4.3991,4.3991,2.1618,0,0,0
14.991621,1788533114.743182,-4.1519,-3.0222,-3.0222,-3.0222,-2.1113,0,0,0,2.1419,1.8844,-4.1457,-4.1457,-2.2807,0,0,0,7.6832,4.2236,6.3354,6.3354,2.3951,0,0,0,-4.0873,-3.2266,3.8719,3.8719,2.9488,0,0,0,-2.2000,-1.5586,-1.8704,-1.8704,-0.9341,0,0,0,5.4708,3.7539,4.5047,4.5047,2.2684,0,0,0
14.999666,1788533114.765773,-4.7510,-3.2390,-3.2390,-3.2390,-2.1636,0,0,0,2.4917,1.9605,-4.3131,-4.3131,-2.4485,0,0,0,10.1053,4.9734,7.4602,7.2954,2.6136,1,0,0,-4.3404,-3.3660,4.0392,4.0392,3.0014,0,0,0,-2.4446,-1.6696,-2.0035,-2.0035,-0.9992,0,0,0,6.0560,4.0449,4.8539,4.8539,2.4142,0,0,0
15.007373,1788533114.774788,-4.7510,-3.3209,-3.3209,-3.3209,-2.2184,0,0,0,2.4917,1.9892,-4.3763,-4.3763,-2.6086,0,0,0,10.1053,5.2568,7.8851,7.8851,2.8445,0,0,0,-4.3404,-3.4186,4.1024,4.1024,3.0568,0,0,0,-2.4446,-1.7114,-2.0537,-2.0537,-1.0645,0,0,0,6.0560,4.1547,4.9857,4.9857,2.5627,0,0,0
15.015383,1788533114.782472,-4.7510,-3.3875,-3.3875,-3.3875,-2.2757,0,0,0,2.4917,2.0126,-4.4277,-4.4277,-2.7609,0,0,0,10.1053,5.4872,8.2308,8.2308,3.0874,0,0,0,-4.3404,-3.4614,4.1537,4.1537,3.1146,0,0,0,-2.4446,-1.7455,-2.0946,-2.0946,-1.1299,0,0,0,6.0560,4.2440,5.0928,5.0928,2.7133,0,0,0
15.023359,1788533114.782472,-4.7510,-3.4534,-3.4534,-3.4534,-2.3368,0,0,0,2.4917,2.0357,-4.4786,-4.4786,-2.9067,0,0,0,10.1053,5.7156,8.5735,8.5735,3.3494,0,0,0,-4.3404,-3.5038,4.2046,4.2046,3.1755,0,0,0,-2.4446,-1.7792,-2.1351,-2.1351,-1.1959,0,0,0,6.0560,4.3324,5.1989,5.1989,2.8675,0,0,0
15.031382,1788533114.798408,-5.2899,-3.6224,-3.6224,-3.6224,-2.4016,0,0,0,2.5594,2.0837,-4.5842,-4.5842,-3.0462,0,0,0,12.5071,6.3544,9.5317,9.5317,3.6323,0,0,0,-4.5017,-3.5954,4.3144,4.3144,3.2393,0,0,0,-2.0004,-1.7995,-2.1594,-2.1594,-1.2624,0,0,0,6.1384,4.4998,5.3997,5.3997,3.0249,0,0,0
15.039396,1788533114.798408,-5.2899,-3.7032,-3.7032,-3.7032,-2.4523,0,0,0,2.5594,2.1067,-4.6347,-4.6347,-3.1466,0,0,0,12.5071,6.6600,9.9900,9.9900,3.8567,0,0,0,-4.5017,-3.6391,4.3669,4.3669,3.2884,0,0,0,-2.0004,-1.8092,-2.1710,-2.1710,-1.3123,0,0,0,6.1384,4.5797,5.4956,5.4956,3.1441,0,0,0
15.047906,1788533114.813799,-5.6472,-3.8766,-3.8766,-3.8766,-2.5221,0,0,0,2.7296,2.1620,-4.7565,-4.7565,-3.2749,0,0,0,14.5290,7.3801,11.0702,10.9500,4.1705,1,0,0,-4.3661,-3.7037,4.4444,4.4444,3.3553,0,0,0,-2.1469,-1.8392,-2.2070,-2.2070,-1.3785,0,0,0,6.4328,4.7460,5.6952,5.6952,3.3038,0,0,0
15.055775,1788533114.822302,-5.6472,-3.9675,-3.9675,-3.9675,-2.5960,0,0,0,2.7296,2.1910,-4.8203,-4.8203,-3.3982,0,0,0,14.5290,7.7580,11.6370,11.6370,4.5100,0,0,0,-4.3661,-3.7376,4.4851,4.4851,3.4244,0,0,0,-2.1469,-1.8549,-2.2258,-2.2258,-1.4439,0,0,0,6.4328,4.8332,5.7998,5.7998,3.4652,0,0,0
15.063650,1788533114.822302,-5.6472,-4.0490,-4.0490,-4.0490,-2.6751,0,0,0,2.7296,2.2170,-4.8775,-4.8775,-3.5175,0,0,0,14.5290,8.0967,12.1451,12.1451,4.8822,0,0,0,-4.3661,-3.7679,4.5215,4.5215,3.4957,0,0,0,-2.1469,-1.8689,-2.2427,-2.2427,-1.5080,0,0,0,6.4328,4.9112,5.8935,5.8935,3.6291,0,0,0
15.071017,1788533114.838282,-5.6472,-4.1967,-4.1967,-4.1967,-2.7580,0,0,0,2.7296,2.2641,-4.9811,-4.9811,-3.6324,0,0,0,14.5290,8.7090,13.0634,13.0634,5.2801,0,0,0,-4.3661,-3.8229,4.5875,4.5875,3.5681,0,0,0,-2.1469,-1.8945,-2.2733,-2.2733,-1.5704,0,0,0,6.4328,5.0525,6.0630,6.0630,3.7935,0,0,0
15.079595,1788533114.846143,-5.6472,-4.2659,-4.2659,-4.2659,-2.8445,0,0,0,2.7296,2.2862,-5.0296,-5.0296,-3.7434,0,0,0,14.5290,8.9958,13.4938,13.4938,5.7049,0,0,0,-4.3661,-3.8487,4.6184,4.6184,3.6409,0,0,0,-2.1469,-1.9064,-2.2877,-2.2877,-1.6307,0,0,0,6.4328,5.1187,6.1424,6.1424,3.9576,0,0,0
15.087221,1788533114.854753,-6.9484,-4.4056,-4.4056,-4.4056,-2.9350,0,0,0,2.2131,2.2824,-5.0213,-5.0213,-3.8511,0,0,0,17.8296,9.4722,14.2083,14.2083,6.1603,0,0,0,-4.3410,-3.8741,4.6489,4.6489,3.7140,0,0,0,-2.5989,-1.9422,-2.3306,-2.3306,-1.6889,0,0,0,6.4830,5.1900,6.2280,6.2280,4.1217,0,0,0
15.094926,1788533114.854753,-6.9484,-4.5292,-4.5292,-4.5292,-3.0286,0,0,0,2.2131,2.2791,-5.0140,-5.0140,-3.9556,0,0,0,17.8296,9.8939,14.8408,14.8408,6.6424,0,0,0,-4.3410,-3.8966,4.6760,4.6760,3.7867,0,0,0,-2.5989,-1.9738,-2.3686,-2.3686,-1.7448,0,0,0,6.4830,5.2530,6.3036,6.3036,4.2848,0,0,0
15.103021,1788533114.871140,-7.0409,-4.7672,-4.7672,-4.7672,-3.1251,0,0,0,2.2093,2.2725,-4.9996,-4.9996,-4.0559,0,0,0,18.4667,10.7358,16.1038,15.8008,7.1478,1,0,0,-4.3193,-3.9364,4.7236,4.7236,3.8584,0,0,0,-2.5989,-2.0325,-2.4390,-2.4390,-1.7985,0,0,0,6.9617,5.4153,6.4983,6.4983,4.4457,0,0,0
15.111372,1788533114.879394,-7.2544,-4.8919,-4.8919,-4.8919,-3.1993,0,0,0,2.1705,2.2675,-4.9884,-4.9884,-4.1277,0,0,0,20.1632,11.2279,16.8418,16.7608,7.5406,1,0,0,-4.2577,-3.9523,4.7428,4.7428,3.9113,0,0,0,-2.5378,-2.0576,-2.4691,-2.4691,-1.8374,0,0,0,7.1347,5.5016,6.6019,6.6019,4.5645,0,0,0
15.119381,1788533114.886497,-7.2544,-4.9947,-4.9947,-4.9947,-3.3016,0,0,0,2.1705,2.2633,-4.9793,-4.9793,-4.2185,0,0,0,20.1632,11.6336,17.4504,17.4504,8.0834,0,0,0,-4.2577,-3.9655,4.7586,4.7586,3.9802,0,0,0,-2.5378,-2.0782,-2.4939,-2.4939,-1.8880,0,0,0,7.1347,5.5727,6.6872,6.6872,4.7205,0,0,0
15.127995,1788533114.894490,-7.7369,-5.1283,-5.1283,-5.1283,-3.4081,0,0,0,2.1804,2.2593,-4.9705,-4.9705,-4.3029,0,0,0,22.0470,12.1647,18.2470,18.2470,8.6501,0,0,0,-4.2303,-3.9782,4.7739,4.7739,4.0472,0,0,0,-2.6899,-2.1077,-2.5292,-2.5292,-1.9375,0,0,0,7.3042,5.6570,6.7884,6.7884,4.8742,0,0,0
15.135636,1788533114.901900,-7.7369,-5.2466,-5.2466,-5.2466,-3.5181,0,0,0,2.1804,2.2558,-4.9628,-4.9628,-4.3808,0,0,0,22.0470,12.6354,18.9532,18.9532,9.2402,0,0,0,-4.2303,-3.9895,4.7874,4.7874,4.1118,0,0,0,-2.6899,-2.1337,-2.5605,-2.5605,-1.9855,0,0,0,7.3042,5.7317,6.8781,6.8781,5.0252,0,0,0
15.143380,1788533114.909781,-8.2139,-5.3896,-5.3896,-5.3896,-3.6309,0,0,0,2.0537,2.2462,-4.9417,-4.9417,-4.4520,0,0,0,23.5766,13.1903,19.7854,19.7854,9.8512,0,0,0,-4.3227,-4.0053,4.8064,4.8064,4.1737,0,0,0,-2.7388,-2.1625,-2.5950,-2.5950,-2.0323,0,0,0,7.5014,5.8168,6.9802,6.9802,5.1731,0,0,0
15.151837,1788533114.909781,-8.2139,-5.5277,-5.5277,-5.5277,-3.7462,0,0,0,2.0537,2.2370,-4.9213,-4.9213,-4.5166,0,0,0,23.5766,13.7263,20.5895,20.5895,10.4811,0,0,0,-4.3227,-4.0206,4.8247,4.8247,4.2327,0,0,0,-2.7388,-2.1902,-2.6283,-2.6283,-2.0778,0,0,0,7.5014,5.8991,7.0789,7.0789,5.3175,0,0,0
15.159839,1788533114.926954,-8.2139,-5.7947,-5.7947,-5.7947,-3.8341,0,0,0,2.0537,2.2191,-4.8819,-4.8819,-4.5608,0,0,0,23.5766,14.7556,22.1334,21.5495,10.9649,1,0,0,-4.3227,-4.0502,4.8603,4.8603,4.2749,0,0,0,-2.7388,-2.2440,-2.6928,-2.6928,-2.1110,0,0,0,7.5014,6.0579,7.2695,7.2695,5.4236,0,0,0
15.167838,1788533114.934949,-8.2139,-5.9130,-5.9130,-5.9130,-3.9821,0,0,0,2.0537,2.2111,-4.8645,-4.8645,-4.6265,0,0,0,23.5766,15.2112,22.8167,22.5095,11.7846,1,0,0,-4.3227,-4.0633,4.8760,4.8760,4.3413,0,0,0,-2.7388,-2.2678,-2.7214,-2.7214,-2.1648,0,0,0,7.5014,6.1283,7.3539,7.3539,5.5952,0,0,0
15.175901,1788533114.934949,-8.2139,-6.0256,-6.0256,-6.0256,-4.0721,0,0,0,2.0537,2.2036,-4.8479,-4.8479,-4.6612,0,0,0,23.5766,15.6442,23.4663,23.4663,12.2837,0,0,0,-4.3227,-4.0758,4.8910,4.8910,4.3789,0,0,0,-2.7388,-2.2905,-2.7486,-2.7486,-2.1962,0,0,0,7.5014,6.1952,7.4343,7.4343,5.6954,0,0,0
15.183925,1788533114.934949,-8.2139,-6.1328,-6.1328,-6.1328,-4.1957,0,0,0,2.0537,2.1964,-4.8320,-4.8320,-4.7019,0,0,0,23.5766,16.0554,24.0831,24.0831,12.9667,0,0,0,-4.3227,-4.0877,4.9052,4.9052,4.4267,0,0,0,-2.7388,-2.3121,-2.7745,-2.7745,-2.2377,0,0,0,7.5014,6.2589,7.5107,7.5107,5.8277,0,0,0
15.191458,1788533114.934949,-8.2139,-6.2347,-6.2347,-6.2347,-4.3228,0,0,0,2.0537,2.1895,-4.8170,-4.8170,-4.7364,0,0,0,23.5766,16.4458,24.6687,24.6687,13.6707,0,0,0,-4.3227,-4.0990,4.9188,4.9188,4.4720,0,0,0,-2.7388,-2.3327,-2.7992,-2.7992,-2.2786,0,0,0,7.5014,6.3195,7.5835,7.5835,5.9579,0,0,0
15.199458,1788533114.966578,-9.1325,-6.7241,-6.7241,-6.7147,-4.4522,1,0,0,1.7096,2.1098,-4.6417,-4.6417,-4.7652,0,0,0,26.3421,18.1953,27.2929,25.6287,14.3938,1,0,0,-4.2624,-4.1262,4.9515,4.9515,4.5147,0,0,0,-2.9188,-2.4303,-2.9164,-2.9164,-2.3189,0,0,0,8.0826,6.6162,7.9394,7.9394,6.0858,0,0,0
15.207517,1788533114.966578,-9.1325,-6.8419,-6.8419,-6.8419,-4.5830,0,0,0,1.7096,2.0907,-4.5995,-4.5995,-4.7889,0,0,0,26.3421,18.6158,27.9237,26.5887,15.1303,1,0,0,-4.2624,-4.1328,4.9593,4.9593,4.5550,0,0,0,-2.9188,-2.4538,-2.9446,-2.9446,-2.3585,0,0,0,8.0826,6.6875,8.0251,8.0251,6.2109,0,0,0
15.215514,1788533114.982632,-9.1325,-7.0561,-7.0561,-7.0561,-4.6826,0,0,0,1.7096,2.0557,-4.5226,-4.5226,-4.8031,0,0,0,26.3421,19.3751,29.0627,27.5487,15.6889,1,0,0,-4.2624,-4.1447,4.9736,4.9736,4.5837,0,0,0,-2.9188,-2.4967,-2.9960,-2.9960,-2.3878,0,0,0,8.0826,6.8174,8.1809,8.1809,6.3034,0,0,0
15.223620,1788533114.982632,-9.1325,-7.1577,-7.1577,-7.1577,-4.8203,0,0,0,1.7096,2.0391,-4.4861,-4.4861,-4.8160,0,0,0,26.3421,19.7344,29.6016,28.5087,16.4431,1,0,0,-4.2624,-4.1503,4.9804,4.9804,4.6201,0,0,0,-2.9188,-2.5170,-3.0204,-3.0204,-2.4273,0,0,0,8.0826,6.8789,8.2547,8.2547,6.4276,0,0,0
15.231611,1788533114.982632,-9.1325,-7.2543,-7.2543,-7.2543,-4.9635,0,0,0,1.7096,2.0234,-4.4514,-4.4514,-4.8223,0,0,0,26.3421,20.0755,30.1132,29.4687,17.2091,1,0,0,-4.2624,-4.1557,4.9869,4.9869,4.6545,0,0,0,-2.9188,-2.5363,-3.0436,-3.0436,-2.4673,0,0,0,8.0826,6.9375,8.3250,8.3250,6.5526,0,0,0
15.240022,1788533114.982632,-9.1325,-7.3462,-7.3462,-7.3462,-5.1114,0,0,0,1.7096,2.0083,-4.4183,-4.4183,-4.8221,0,0,0,26.3421,20.3991,30.5986,30.4287,17.9877,1,0,0,-4.2624,-4.1609,4.9930,4.9930,4.6869,0,0,0,-2.9188,-2.5547,-3.0657,-3.0657,-2.5077,0,0,0,8.0826,6.9932,8.3919,8.3919,6.6785,0,0,0
15.248023,1788533114.982632,-9.1325,-7.4337,-7.4337,-7.4337,-5.2247,0,0,0,1.7096,1.9940,-4.3869,-4.3869,-4.8181,0,0,0,26.3421,20.7061,31.0591,31.0591,18.5802,0,0,0,-4.2624,-4.1657,4.9989,4.9989,4.7099,0,0,0,-2.9188,-2.5723,-3.0867,-3.0867,-2.5380,0,0,0,8.0826,7.0462,8.4555,8.4555,6.7729,0,0,0
15.255027,1788533115.023154,-10.4198,-8.0497,-8.0497,-7.9137,-5.3774,1,0,0,1.2609,1.8452,-4.0595,-4.0595,-4.8082,0,0,0,32.0935,23.1507,34.7260,32.0191,19.3822,1,0,0,-5.3888,-4.4147,5.2977,5.2977,4.7389,0,0,0,-4.0355,-2.8705,-3.4446,-3.4446,-2.5784,0,0,0,9.4882,7.5479,9.0574,9.0574,6.8981,0,0,0
15.263514,1788533115.023154,-10.4198,-8.1654,-8.1654,-8.1654,-5.5321,0,0,0,1.2609,1.8172,-3.9979,-3.9979,-4.7932,0,0,0,32.0935,23.6098,35.4147,32.9791,20.2045,1,0,0,-5.3888,-4.4616,5.3539,5.3539,4.7663,0,0,0,-4.0355,-2.9266,-3.5119,-3.5119,-2.6189,0,0,0,9.4882,7.6421,9.1706,9.1706,7.0230,0,0,0
15.271613,1788533115.038701,-10.4198,-8.3699,-8.3699,-8.3699,-5.6920,0,0,0,1.2609,1.7677,-3.8888,-3.8888,-4.7704,0,0,0,32.0935,24.4165,36.6248,33.9391,21.0486,1,0,0,-5.3888,-4.5444,5.4533,5.4533,4.7953,0,0,0,-4.0355,-3.0259,-3.6311,-3.6311,-2.6630,0,0,0,9.4882,7.8088,9.3706,9.3706,7.1527,0,0,0
15.280210,1788533115.046714,-10.4198,-8.4702,-8.4702,-8.4702,-5.8589,0,0,0,1.2609,1.7433,-3.8353,-3.8353,-4.7395,0,0,0,32.0935,24.8116,37.2175,34.8991,21.9119,1,0,0,-5.3888,-4.5851,5.5021,5.5021,4.8275,0,0,0,-4.0355,-3.0746,-3.6895,-3.6895,-2.7119,0,0,0,9.4882,7.8906,9.4687,9.4687,7.2888,0,0,0
15.287770,1788533115.054920,-10.4198,-8.5678,-8.5678,-8.5678,-6.0320,0,0,0,1.2609,1.7196,-3.7832,-3.7832,-4.7010,0,0,0,32.0935,25.1955,37.7933,35.8591,22.7918,1,0,0,-5.3888,-4.6247,5.5497,5.5497,4.8631,0,0,0,-4.0355,-3.1220,-3.7464,-3.7464,-2.7656,0,0,0,9.4882,7.9701,9.5642,9.5642,7.4304,0,0,0
15.295751,1788533115.062909,-10.4198,-8.6582,-8.6582,-8.6582,-6.1648,0,0,0,1.2609,1.6977,-3.7349,-3.7349,-4.6678,0,0,0,32.0935,25.5504,38.3256,36.8191,23.4612,1,0,0,-5.3888,-4.6614,5.5937,5.5937,4.8918,0,0,0,-4.0355,-3.1660,-3.7992,-3.7992,-2.8086,0,0,0,9.4882,8.0439,9.6527,9.6527,7.5395,0,0,0
15.303753,1788533115.062909,-10.4198,-8.7443,-8.7443,-8.7443,-6.3438,0,0,0,1.2609,1.6767,-3.6888,-3.6888,-4.6189,0,0,0,32.0935,25.8877,38.8316,37.7791,24.3649,1,0,0,-5.3888,-4.6964,5.6357,5.6357,4.9325,0,0,0,-4.0355,-3.2079,-3.8495,-3.8495,-2.8689,0,0,0,9.4882,8.1141,9.7370,9.7370,7.6872,0,0,0
15.311401,1788533115.078525,-10.7227,-8.9246,-8.9246,-8.9246,-6.5232,0,0,0,1.2165,1.6355,-3.5981,-3.5981,-4.5657,0,0,0,40.1299,27.2570,40.8855,38.7391,25.2797,1,0,0,-4.5071,-4.6794,5.6153,5.6153,4.9755,0,0,0,-3.8421,-3.2650,-3.9180,-3.9180,-2.9317,0,0,0,9.1400,8.2072,9.8486,9.8486,7.8361,0,0,0
15.319413,1788533115.087488,-10.7227,-9.0225,-9.0225,-9.0225,-6.7015,0,0,0,1.2165,1.6131,-3.5489,-3.5489,-4.5092,0,0,0,40.1299,28.0008,42.0013,39.6991,26.2039,1,0,0,-4.5071,-4.6702,5.6043,5.6043,5.0202,0,0,0,-3.8421,-3.2960,-3.9552,-3.9552,-2.9964,0,0,0,9.1400,8.2577,9.9092,9.9092,7.9849,0,0,0
15.328130,1788533115.095228,-10.6691,-9.1005,-9.1005,-9.1005,-6.8339,0,0,0,1.2684,1.5971,-3.5136,-3.5136,-4.4650,0,0,0,41.7759,28.6973,43.0460,40.6591,26.9024,1,0,0,-4.3487,-4.6552,5.5863,5.5863,5.0543,0,0,0,-3.8421,-3.3215,-3.9858,-3.9858,-3.0458,0,0,0,9.1187,8.2982,9.9579,9.9579,8.0958,0,0,0
15.336100,1788533115.103243,-10.6691,-9.1773,-9.1773,-9.1773,-7.0089,0,0,0,1.2684,1.5813,-3.4788,-3.4788,-4.4040,0,0,0,41.7759,29.3837,44.0755,41.6191,27.8396,1,0,0,-4.3487,-4.6405,5.5686,5.5686,5.0995,0,0,0,-3.8421,-3.3466,-4.0160,-4.0160,-3.1125,0,0,0,9.1187,8.3382,10.0058,10.0058,8.2423,0,0,0
15.344113,1788533115.103243,-10.6691,-9.2502,-9.2502,-9.2502,-7.1810,0,0,0,1.2684,1.5663,-3.4458,-3.4458,-4.3412,0,0,0,41.7759,30.0353,45.0530,42.5791,28.7828,1,0,0,-4.3487,-4.6265,5.5518,5.5518,5.1436,0,0,0,-3.8421,-3.3705,-4.0446,-4.0446,-3.1794,0,0,0,9.1187,8.3761,10.0513,10.0513,8.3860,0,0,0
15.352028,1788533115.103243,-10.6691,-9.3196,-9.3196,-9.3196,-7.3494,0,0,0,1.2684,1.5520,-3.4144,-3.4144,-4.2776,0,0,0,41.7759,30.6546,45.9819,43.5391,29.7308,1,0,0,-4.3487,-4.6131,5.5358,5.5358,5.1857,0,0,0,-3.8421,-3.3932,-4.0719,-4.0719,-3.2459,0,0,0,9.1187,8.4121,10.0946,10.0946,8.5259,0,0,0
15.359541,1788533115.127147,-12.4147,-9.7313,-9.7313,-9.7313,-7.4726,0,0,0,1.8999,1.5975,-3.5145,-3.5145,-4.2298,0,0,0,45.1355,32.7133,49.0700,44.4991,30.4445,1,0,0,-4.1939,-4.5583,5.4699,5.4699,5.2156,0,0,0,-3.7303,-3.4375,-4.1250,-4.1250,-3.2952,0,0,0,8.9593,8.4845,10.1813,10.1813,8.6279,0,0,0
15.367557,1788533115.127147,-12.4147,-9.8624,-9.8624,-9.8624,-7.6325,0,0,0,1.8999,1.6120,-3.5464,-3.5464,-4.1663,0,0,0,45.1355,33.3684,50.0526,45.4591,31.3991,1,0,0,-4.1939,-4.5408,5.4490,5.4490,5.2529,0,0,0,-3.7303,-3.4516,-4.1419,-4.1419,-3.3596,0,0,0,8.9593,8.5075,10.2090,10.2090,8.7594,0,0,0
15.376090,1788533115.142204,-12.4147,-10.0875,-10.0875,-10.0875,-7.7877,0,0,0,1.8999,1.6369,-3.6012,-3.6012,-4.1039,0,0,0,45.1355,34.4834,51.7252,46.4191,32.3565,1,0,0,-4.1939,-4.5108,5.4129,5.4129,5.2869,0,0,0,-3.7303,-3.4758,-4.1710,-4.1710,-3.4225,0,0,0,8.9593,8.5470,10.2564,10.2564,8.8856,0,0,0
15.383598,1788533115.142204,-12.4147,-10.2013,-10.2013,-10.2013,-7.9419,0,0,0,1.8999,1.6495,-3.6290,-3.6290,-4.0446,0,0,0,45.1355,35.0460,52.5690,47.3791,33.3162,1,0,0,-4.1939,-4.4956,5.3947,5.3947,5.3168,0,0,0,-3.7303,-3.4881,-4.1857,-4.1857,-3.4838,0,0,0,8.9593,8.5669,10.2803,10.2803,9.0066,0,0,0
15.391605,1788533115.158724,-13.0465,-10.4743,-10.4743,-10.4743,-8.0576,0,0,0,2.2915,1.7099,-3.7619,-3.7619,-4.0029,0,0,0,47.5709,36.3374,54.5062,48.3391,34.0370,1,0,0,-4.1639,-4.4644,5.3572,5.3572,5.3364,0,0,0,-3.6713,-3.5054,-4.2065,-4.2065,-3.5285,0,0,0,8.8537,8.5942,10.3130,10.3130,9.0938,0,0,0
15.399443,1788533115.158724,-13.0465,-10.6002,-10.6002,-10.6002,-8.2508,0,0,0,2.2915,1.7378,-3.8231,-3.8231,-3.9397,0,0,0,47.5709,36.9314,55.3971,49.2991,35.2378,1,0,0,-4.1639,-4.4500,5.3400,5.3400,5.3638,0,0,0,-3.6713,-3.5134,-4.2161,-4.2161,-3.6004,0,0,0,8.8537,8.6067,10.3281,10.3281,9.2322,0,0,0
15.408211,1788533115.175643,-13.0465,-10.8401,-10.8401,-10.8401,-8.3663,0,0,0,2.2915,1.7910,-3.9402,-3.9402,-3.9058,0,0,0,47.5709,38.0521,57.0781,50.2591,35.9520,1,0,0,-4.1639,-4.4225,5.3070,5.3070,5.3772,0,0,0,-3.6713,-3.5286,-4.2344,-4.2344,-3.6418,0,0,0,8.8537,8.6307,10.3568,10.3568,9.3107,0,0,0
15.415811,1788533115.182342,-13.0465,-10.9313,-10.9313,-10.9313,-8.5229,0,0,0,2.2915,1.8112,-3.9847,-3.9847,-3.8673,0,0,0,47.5709,38.4770,57.7155,51.2191,36.9142,1,0,0,-4.1639,-4.4120,5.2944,5.2944,5.3913,0,0,0,-3.6713,-3.5344,-4.2413,-4.2413,-3.6949,0,0,0,8.8537,8.6398,10.3677,10.3677,9.4105,0,0,0
15.423913,1788533115.182342,-13.0465,-11.0348,-11.0348,-11.0348,-8.6844,0,0,0,2.2915,1.8342,-4.0353,-4.0353,-3.8379,0,0,0,47.5709,38.9582,58.4373,52.1791,37.8944,1,0,0,-4.1639,-4.4001,5.2802,5.2802,5.4010,0,0,0,-3.6713,-3.5410,-4.2492,-4.2492,-3.7457,0,0,0,8.8537,8.6501,10.3801,10.3801,9.5048,0,0,0
15.432289,1788533115.182342,-13.0465,-11.1333,-11.1333,-11.1333,-8.8495,0,0,0,2.2915,1.8561,-4.0835,-4.0835,-3.8173,0,0,0,47.5709,39.4143,59.1214,53.1391,38.8883,1,0,0,-4.1639,-4.3888,5.2666,5.2666,5.4068,0,0,0,-3.6713,-3.5473,-4.2567,-4.2567,-3.7940,0,0,0,8.8537,8.6599,10.3919,10.3919,9.5935,0,0,0
15.440492,1788533115.182342,-13.0465,-11.2271,-11.2271,-11.2271,-9.0161,0,0,0,2.2915,1.8770,-4.1294,-4.1294,-3.8047,0,0,0,47.5709,39.8464,59.7697,54.0991,39.8923,1,0,0,-4.1639,-4.3781,5.2537,5.2537,5.4092,0,0,0,-3.6713,-3.5532,-4.2639,-4.2639,-3.8397,0,0,0,8.8537,8.6693,10.4032,10.4032,9.6765,0,0,0
15.448523,1788533115.214686,-13.0465,-11.5399,-11.5399,-11.5399,-9.1827,0,0,0,2.2915,1.9471,-4.2836,-4.2836,-3.7995,0,0,0,47.5709,41.2565,61.8848,55.0591,40.9034,1,0,0,-4.1639,-4.3419,5.2103,5.2103,5.4086,0,0,0,-3.6713,-3.5732,-4.2879,-4.2879,-3.8826,0,0,0,8.8537,8.7006,10.4408,10.4408,9.7538,0,0,0
15.456118,1788533115.223561,-13.0465,-11.6211,-11.6211,-11.6211,-9.3070,0,0,0,2.2915,1.9653,-4.3237,-4.3237,-3.8001,0,0,0,47.5709,41.6209,62.4313,56.0191,41.6650,1,0,0,-4.1639,-4.3325,5.1990,5.1990,5.4065,0,0,0,-3.6713,-3.5784,-4.2941,-4.2941,-3.9130,0,0,0,8.8537,8.7088,10.4505,10.4505,9.8080,0,0,0
15.464554,1788533115.223561,-13.0465,-11.6907,-11.6907,-11.6907,-9.4728,0,0,0,2.2915,1.9809,-4.3581,-4.3581,-3.8071,0,0,0,47.5709,41.9321,62.8981,56.9791,42.6830,1,0,0,-4.1639,-4.3244,5.1893,5.1893,5.4015,0,0,0,-3.6713,-3.5829,-4.2995,-4.2995,-3.9512,0,0,0,8.8537,8.7158,10.4589,10.4589,9.8758,0,0,0
15.471625,1788533115.238750,-13.0465,-11.8110,-11.8110,-11.8110,-9.6390,0,0,0,2.2915,2.0080,-4.4177,-4.4177,-3.8211,0,0,0,47.5709,42.4648,63.6973,57.9391,43.7024,1,0,0,-4.1639,-4.3104,5.1725,5.1725,5.3942,0,0,0,-3.6713,-3.5906,-4.3088,-4.3088,-3.9870,0,0,0,8.8537,8.7279,10.4734,10.4734,9.9387,0,0,0
15.480240,1788533115.246761,-13.0465,-11.8714,-11.8714,-11.8714,-9.8041,0,0,0,2.2915,2.0216,-4.4476,-4.4476,-3.8412,0,0,0,47.5709,42.7310,64.0965,58.8991,44.7220,1,0,0,-4.1639,-4.3034,5.1641,5.1641,5.3850,0,0,0,-3.6713,-3.5945,-4.3134,-4.3134,-4.0204,0,0,0,8.8537,8.7339,10.4807,10.4807,9.9969,0,0,0
15.487929,1788533115.255370,-13.0465,-11.9329,-11.9329,-11.9329,-9.9670,0,0,0,2.2915,2.0355,-4.4781,-4.4781,-3.8664,0,0,0,47.5709,43.0008,64.5012,59.8591,45.7403,1,0,0,-4.1639,-4.2962,5.1555,5.1555,5.3742,0,0,0,-3.6713,-3.5985,-4.3182,-4.3182,-4.0515,0,0,0,8.8537,8.7401,10.4881,10.4881,10.0505,0,0,0
15.496556,1788533115.263054,-13.0465,-11.9851,-11.9851,-11.9851,-10.1264,0,0,0,2.2915,2.0473,-4.5041,-4.5041,-3.8957,0,0,0,47.5709,43.2294,64.8440,60.8191,46.7491,1,0,0,-4.1639,-4.2901,5.1482,5.1482,5.3623,0,0,0,-3.6713,-3.6018,-4.3222,-4.3222,-4.0802,0,0,0,8.8537,8.7454,10.4944,10.4944,10.0997,0,0,0
15.504563,1788533115.263054,-13.0465,-12.0369,-12.0369,-12.0369,-10.2815,0,0,0,2.2915,2.0590,-4.5299,-4.5299,-3.9282,0,0,0,47.5709,43.4547,65.1821,61.7791,47.7490,1,0,0,-4.1639,-4.2841,5.1409,5.1409,5.3495,0,0,0,-3.6713,-3.6052,-4.3262,-4.3262,-4.1067,0,0,0,8.8537,8.7506,10.5007,10.5007,10.1449,0,0,0
15.512157,1788533115.278264,-13.0465,-12.1265,-12.1265,-12.1265,-10.3947,0,0,0,2.2915,2.0794,-4.5746,-4.5746,-3.9544,0,0,0,47.5709,43.8413,65.7619,62.7391,48.4992,1,0,0,-4.1639,-4.2736,5.1283,5.1283,5.3395,0,0,0,-3.6713,-3.6109,-4.3331,-4.3331,-4.1252,0,0,0,8.8537,8.7596,10.5115,10.5115,10.1762,0,0,0
15.519676,1788533115.286794,-13.0465,-12.1741,-12.1741,-12.1741,-10.5411,0,0,0,2.2915,2.0902,-4.5984,-4.5984,-3.9912,0,0,0,47.5709,44.0458,66.0687,63.6991,49.4995,1,0,0,-4.1639,-4.2680,5.1216,5.1216,5.3257,0,0,0,-3.6713,-3.6140,-4.3368,-4.3368,-4.1482,0,0,0,8.8537,8.7644,10.5173,10.5173,10.2148,0,0,0
15.527862,1788533115.294798,-13.3443,-12.2312,-12.2312,-12.2312,-10.6821,0,0,0,2.5250,2.1110,-4.6443,-4.6443,-4.0295,0,0,0,59.0380,44.8249,67.2373,64.6591,50.4993,1,0,0,-3.9691,-4.2537,5.1044,5.1044,5.3117,0,0,0,-2.4262,-3.5570,-4.2685,-4.2685,-4.1692,0,0,0,8.5459,8.7539,10.5047,10.5047,10.2500,0,0,0
15.535873,1788533115.294798,-13.3443,-12.2854,-12.2854,-12.2854,-10.8175,0,0,0,2.5250,2.1309,-4.6880,-4.6880,-4.0691,0,0,0,59.0380,45.5670,68.3504,65.6191,51.4979,1,0,0,-3.9691,-4.2400,5.0881,5.0881,5.2975,0,0,0,-2.4262,-3.5029,-4.2035,-4.2035,-4.1886,0,0,0,8.5459,8.7439,10.4927,10.4927,10.2821,0,0,0
15.544400,1788533115.311992,-13.3473,-12.3905,-12.3905,-12.3905,-10.9473,0,0,0,2.5256,2.1695,-4.7729,-4.7729,-4.1094,0,0,0,60.3508,47.1331,70.6996,66.5791,52.4949,1,0,0,-3.9094,-4.2078,5.0493,5.0493,5.2833,0,0,0,-2.3041,-3.3860,-4.0632,-4.0632,-4.2059,0,0,0,8.4137,8.7116,10.4539,10.4539,10.3111,0,0,0
15.552473,1788533115.311992,-13.3473,-12.4371,-12.4371,-12.4371,-11.0713,0,0,0,2.5256,2.1866,-4.8104,-4.8104,-4.1504,0,0,0,60.3508,47.8267,71.7401,67.5391,53.4901,1,0,0,-3.9094,-4.1935,5.0322,5.0322,5.2690,0,0,0,-2.3041,-3.3342,-4.0010,-4.0010,-4.2203,0,0,0,8.4137,8.6973,10.4368,10.4368,10.3372,0,0,0
15.560471,1788533115.326596,-13.3473,-12.5147,-12.5147,-12.5147,-11.1607,0,0,0,2.5256,2.2151,-4.8733,-4.8733,-4.1817,0,0,0,60.3508,48.9769,73.4654,68.4991,54.2351,1,0,0,-3.9094,-4.1696,5.0035,5.0035,5.2581,0,0,0,-2.3041,-3.2475,-3.8970,-3.8970,-4.2285,0,0,0,8.4137,8.6734,10.4081,10.4081,10.3547,0,0,0
15.568690,1788533115.333892,-13.3473,-12.5518,-12.5518,-12.5518,-11.2756,0,0,0,2.5256,2.2288,-4.9033,-4.9033,-4.2243,0,0,0,60.3508,49.5258,74.2887,69.4591,55.2265,1,0,0,-3.9094,-4.1581,4.9898,4.9898,5.2433,0,0,0,-2.3041,-3.2060,-3.8472,-3.8472,-4.2349,0,0,0,8.4137,8.6620,10.3944,10.3944,10.3750,0,0,0
15.576693,1788533115.342833,-13.3473,-12.5948,-12.5948,-12.5948,-11.3857,0,0,0,2.5256,2.2446,-4.9381,-4.9381,-4.2679,0,0,0,60.3508,50.1602,75.2402,70.4191,56.2157,1,0,0,-3.9094,-4.1449,4.9739,4.9739,5.2280,0,0,0,-2.3041,-3.1579,-3.7895,-3.7895,-4.2357,0,0,0,8.4137,8.6488,10.3785,10.3785,10.3920,0,0,0
15.584059,1788533115.342833,-13.3473,-12.6313,-12.6313,-12.6313,-11.4913,0,0,0,2.5256,2.2581,-4.9678,-4.9678,-4.3125,0,0,0,60.3508,50.6989,76.0484,71.3791,57.2026,1,0,0,-3.9094,-4.1336,4.9603,4.9603,5.2121,0,0,0,-2.3041,-3.1170,-3.7403,-3.7403,-4.2306,0,0,0,8.4137,8.6375,10.3650,10.3650,10.4056,0,0,0
15.592278,1788533115.342833,-13.3473,-12.6661,-12.6661,-12.6661,-11.5923,0,0,0,2.5256,2.2709,-4.9961,-4.9961,-4.3575,0,0,0,60.3508,51.2099,76.8149,72.3391,58.1849,1,0,0,-3.9094,-4.1228,4.9474,4.9474,5.1959,0,0,0,-2.3041,-3.0779,-3.6935,-3.6935,-4.2200,0,0,0,8.4137,8.6268,10.3521,10.3521,10.4160,0,0,0
15.599831,1788533115.367321,-13.3485,-12.7582,-12.7582,-12.7582,-11.6881,0,0,0,2.6377,2.3200,-5.1039,-5.1039,-4.4024,0,0,0,63.3321,52.9719,79.4578,73.2991,59.1541,1,0,0,-3.8228,-4.0828,4.8993,4.8993,5.1796,0,0,0,-1.7649,-2.9022,-3.4827,-3.4827,-4.2050,0,0,0,8.2734,8.5796,10.2955,10.2955,10.4237,0,0,0
15.608562,1788533115.374918,-13.3485,-12.7855,-12.7855,-12.7855,-11.7792,0,0,0,2.6377,2.3345,-5.1359,-5.1359,-4.4472,0,0,0,63.3321,53.4924,80.2386,74.2591,60.1215,1,0,0,-3.8228,-4.0709,4.8851,4.8851,5.1630,0,0,0,-1.7649,-2.8502,-3.4202,-3.4202,-4.1854,0,0,0,8.2734,8.5656,10.2788,10.2788,10.4288,0,0,0
15.616614,1788533115.383736,-13.3485,-12.8154,-12.8154,-12.8154,-11.8447,0,0,0,2.6377,2.3504,-5.1710,-5.1710,-4.4807,0,0,0,63.3321,54.0623,81.0934,75.2191,60.8479,1,0,0,-3.8228,-4.0579,4.8694,4.8694,5.1505,0,0,0,-1.7649,-2.7929,-3.3515,-3.3515,-4.1676,0,0,0,8.2734,8.5503,10.2603,10.2603,10.4309,0,0,0
15.624615,1788533115.383736,-13.3485,-12.8412,-12.8412,-12.8412,-11.9289,0,0,0,2.6377,2.3642,-5.2013,-5.2013,-4.5260,0,0,0,63.3321,54.5526,81.8289,76.1791,61.8183,1,0,0,-3.8228,-4.0466,4.8559,4.8559,5.1333,0,0,0,-1.7649,-2.7434,-3.2921,-3.2921,-4.1388,0,0,0,8.2734,8.5370,10.2444,10.2444,10.4313,0,0,0
15.632574,1788533115.398746,-13.2352,-12.8756,-12.8756,-12.8756,-12.0098,0,0,0,2.6117,2.3856,-5.2484,-5.2484,-4.5723,0,0,0,65.7489,55.6131,83.4196,77.1391,62.8003,1,0,0,-3.7503,-4.0210,4.8252,4.8252,5.1155,0,0,0,-1.4862,-2.6345,-3.1614,-3.1614,-4.1031,0,0,0,8.1790,8.5062,10.2074,10.2074,10.4288,0,0,0
15.640625,1788533115.398746,-13.2352,-12.8930,-12.8930,-12.8930,-12.0874,0,0,0,2.6117,2.3965,-5.2722,-5.2722,-4.6193,0,0,0,65.7489,56.1494,84.2241,78.0991,63.7965,1,0,0,-3.7503,-4.0080,4.8096,4.8096,5.0970,0,0,0,-1.4862,-2.5792,-3.0950,-3.0950,-4.0614,0,0,0,8.1790,8.4905,10.1886,10.1886,10.4237,0,0,0
15.647748,1788533115.414764,-13.2352,-12.9246,-12.9246,-12.9246,-12.1616,0,0,0,2.6117,2.4162,-5.3157,-5.3157,-4.6668,0,0,0,65.7489,57.1126,85.6689,79.0591,64.8032,1,0,0,-3.7503,-3.9844,4.7813,4.7813,5.0780,0,0,0,-1.4862,-2.4786,-2.9743,-2.9743,-4.0137,0,0,0,8.1790,8.4620,10.1544,10.1544,10.4161,0,0,0
15.656056,1788533115.422880,-13.2352,-12.9398,-12.9398,-12.9398,-12.2150,0,0,0,2.6117,2.4257,-5.3366,-5.3366,-4.7024,0,0,0,65.7489,57.5749,86.3624,80.0191,65.5632,1,0,0,-3.7503,-3.9730,4.7676,4.7676,5.0635,0,0,0,-1.4862,-2.4301,-2.9162,-2.9162,-3.9744,0,0,0,8.1790,8.4483,10.1379,10.1379,10.4090,0,0,0
15.664770,1788533115.430171,-13.0683,-12.9455,-12.9455,-12.9455,-12.2830,0,0,0,2.5314,2.4304,-5.3468,-5.3468,-4.7499,0,0,0,68.6722,58.1130,87.1695,80.9791,66.5812,1,0,0,-3.7677,-3.9640,4.7568,4.7568,5.0437,0,0,0,-1.2499,-2.3781,-2.8537,-2.8537,-3.9176,0,0,0,8.1708,8.4361,10.1233,10.1233,10.3976,0,0,0
15.672565,1788533115.430171,-13.0683,-12.9514,-12.9514,-12.9514,-12.3475,0,0,0,2.5314,2.4352,-5.3575,-5.3575,-4.7971,0,0,0,68.6722,58.6733,88.0100,81.9391,67.6024,1,0,0,-3.7677,-3.9546,4.7455,4.7455,5.0235,0,0,0,-1.2499,-2.3236,-2.7884,-2.7884,-3.8563,0,0,0,8.1708,8.4234,10.1081,10.1081,10.3843,0,0,0
15.680705,1788533115.448306,-12.9353,-12.9498,-12.9498,-12.9498,-12.4082,0,0,0,2.4499,2.4367,-5.3608,-5.3608,-4.8434,0,0,0,69.7703,59.9201,89.8801,82.8991,68.6250,1,0,0,-3.7830,-3.9370,4.7244,4.7244,5.0032,0,0,0,-1.1892,-2.2067,-2.6481,-2.6481,-3.7915,0,0,0,8.1252,8.3929,10.0715,10.0715,10.3695,0,0,0
15.688236,1788533115.448306,-12.9353,-12.9491,-12.9491,-12.9491,-12.4651,0,0,0,2.4499,2.4373,-5.3622,-5.3622,-4.8885,0,0,0,69.7703,60.4418,90.6627,83.8591,69.6477,1,1,0,-3.7830,-3.9296,4.7155,4.7155,4.9829,0,0,0,-1.1892,-2.1577,-2.5892,-2.5892,-3.7239,0,0,0,8.1252,8.3801,10.0561,10.0561,10.3535,0,0,0
15.696219,1788533115.448306,-12.9353,-12.9484,-12.9484,-12.9484,-12.5181,0,0,0,2.4499,2.4379,-5.3635,-5.3635,-4.9319,0,0,0,69.7703,60.9365,91.4047,84.8191,70.6693,1,1,0,-3.7830,-3.9226,4.7071,4.7071,4.9628,0,0,0,-1.1892,-2.1109,-2.5331,-2.5331,-3.6536,0,0,0,8.1252,8.3678,10.0414,10.0414,10.3364,0,0,0
15.704739,1788533115.471341,-12.9353,-12.9467,-12.9467,-12.9467,-12.5670,0,0,0,2.4499,2.4395,-5.3668,-5.3668,-4.9734,0,0,0,69.7703,62.1550,93.2325,85.7791,71.6890,1,1,0,-3.7830,-3.9049,4.6859,4.6859,4.9428,0,0,0,-1.1892,-1.9935,-2.3922,-2.3922,-3.5806,0,0,0,8.1252,8.3371,10.0046,10.0046,10.3183,0,0,0
15.712260,1788533115.480370,-12.9353,-12.9461,-12.9461,-12.9461,-12.6118,0,0,0,2.4499,2.4400,-5.3681,-5.3681,-5.0125,0,0,0,69.7703,62.6043,93.9065,86.7391,72.7062,1,1,0,-3.7830,-3.8983,4.6780,4.6780,4.9232,0,0,0,-1.1892,-1.9500,-2.3400,-2.3400,-3.5058,0,0,0,8.1252,8.3257,9.9909,9.9909,10.2995,0,0,0
15.720414,1788533115.480370,-12.9353,-12.9456,-12.9456,-12.9456,-12.6527,0,0,0,2.4499,2.4405,-5.3691,-5.3691,-5.0493,0,0,0,69.7703,62.9816,94.4724,87.6991,73.7204,1,1,0,-3.7830,-3.8928,4.6714,4.6714,4.9038,0,0,0,-1.1892,-1.9133,-2.2960,-2.2960,-3.4292,0,0,0,8.1252,8.3161,9.9794,9.9794,10.2800,0,0,0
15.728205,1788533115.480370,-12.9353,-12.9451,-12.9451,-12.9451,-12.6809,0,0,0,2.4499,2.4409,-5.3701,-5.3701,-5.0752,0,0,0,69.7703,63.3390,95.0085,88.6591,74.4789,1,1,0,-3.7830,-3.8875,4.6651,4.6651,4.8896,0,0,0,-1.1892,-1.8784,-2.2540,-2.2540,-3.3705,0,0,0,8.1252,8.3070,9.9684,9.9684,10.2649,0,0,0
15.736206,1788533115.480370,-12.9353,-12.9446,-12.9446,-12.9446,-12.7152,0,0,0,2.4499,2.4414,-5.3710,-5.3710,-5.1076,0,0,0,69.7703,63.6775,95.5162,89.6191,75.4872,1,1,0,-3.7830,-3.8825,4.6590,4.6590,4.8710,0,0,0,-1.1892,-1.8451,-2.2141,-2.2141,-3.2914,0,0,0,8.1252,8.2983,9.9579,9.9579,10.2444,0,0,0
15.744590,1788533115.510704,-12.5014,-12.8734,-12.8734,-12.8734,-12.7461,0,0,0,2.4079,2.4360,-5.3592,-5.3592,-5.1375,0,0,0,74.2353,65.5007,98.2510,90.0000,76.4921,0,1,0,-3.6504,-3.8453,4.6144,4.6144,4.8530,0,0,0,-1.4354,-1.7791,-2.1349,-2.1349,-3.2121,0,0,0,8.0023,8.2508,9.9010,9.9010,10.2237,0,0,0
15.752593,1788533115.510704,-12.5014,-12.8555,-12.8555,-12.8555,-12.7737,0,0,0,2.4079,2.4347,-5.3563,-5.3563,-5.1649,0,0,0,74.2353,65.9571,98.9357,90.0000,77.4934,0,1,0,-3.6504,-3.8360,4.6032,4.6032,4.8356,0,0,0,-1.4354,-1.7625,-2.1150,-2.1150,-3.1332,0,0,0,8.0023,8.2389,9.8867,9.8867,10.2030,0,0,0
15.760592,1788533115.526719,-12.5014,-12.8231,-12.8231,-12.8231,-12.7978,0,0,0,2.4079,2.4322,-5.3509,-5.3509,-5.1899,0,0,0,74.2353,66.7780,100.1670,90.0000,78.4882,0,1,0,-3.6504,-3.8190,4.5828,4.5828,4.8186,0,0,0,-1.4354,-1.7324,-2.0789,-2.0789,-3.0552,0,0,0,8.0023,8.2172,9.8607,9.8607,10.1823,0,0,0
15.768622,1788533115.526719,-12.5014,-12.8076,-12.8076,-12.8076,-12.8180,0,0,0,2.4079,2.4311,-5.3483,-5.3483,-5.2123,0,0,0,74.2353,67.1670,100.7505,90.0000,79.4660,0,1,0,-3.6504,-3.8109,4.5731,4.5731,4.8019,0,0,0,-1.4354,-1.7181,-2.0617,-2.0617,-2.9781,0,0,0,8.0023,8.2069,9.8483,9.8483,10.1613,0,0,0
15.776124,1788533115.543747,-12.3078,-12.7592,-12.7592,-12.7592,-12.8343,0,0,0,2.4003,2.4281,-5.3418,-5.3418,-5.2323,0,0,0,75.6854,68.0578,102.0867,90.0000,80.4140,0,1,0,-3.7493,-3.8049,4.5659,4.5659,4.7852,0,0,0,-1.5703,-1.7037,-2.0445,-2.0445,-2.9027,0,0,0,8.0584,8.1926,9.8311,9.8311,10.1399,0,0,0
15.784858,1788533115.551255,-12.3078,-12.7388,-12.7388,-12.7388,-12.8440,0,0,0,2.4003,2.4268,-5.3390,-5.3390,-5.2458,0,0,0,75.6854,68.4318,102.6477,90.0000,81.0993,0,1,0,-3.7493,-3.8024,4.5629,4.5629,4.7728,0,0,0,-1.5703,-1.6977,-2.0372,-2.0372,-2.8474,0,0,0,8.0584,8.1865,9.8238,9.8238,10.1237,0,0,0
15.792869,1788533115.559982,-12.3078,-12.7164,-12.7164,-12.7164,-12.8556,0,0,0,2.4003,2.4254,-5.3360,-5.3360,-5.2656,0,0,0,75.6854,68.8421,103.2632,90.0000,82.1831,0,1,0,-3.7493,-3.7997,4.5596,4.5596,4.7522,0,0,0,-1.5703,-1.6910,-2.0292,-2.0292,-2.7585,0,0,0,8.0584,8.1798,9.8158,9.8158,10.0966,0,0,0
15.799867,1788533115.567993,-12.3078,-12.6968,-12.6968,-12.6968,-12.8608,0,0,0,2.4003,2.4242,-5.3333,-5.3333,-5.2790,0,0,0,75.6854,69.1993,103.7989,90.0000,82.9923,0,1,0,-3.7493,-3.7972,4.5567,4.5567,4.7362,0,0,0,-1.5703,-1.6852,-2.0223,-2.0223,-2.6907,0,0,0,8.0584,8.1740,9.8088,9.8088,10.0750,0,0,0
15.808399,1788533115.567993,-12.3078,-12.6782,-12.6782,-12.6782,-12.8626,0,0,0,2.4003,2.4231,-5.3308,-5.3308,-5.2906,0,0,0,75.6854,69.5374,104.3062,90.0000,83.7470,0,1,0,-3.7493,-3.7949,4.5539,4.5539,4.7206,0,0,0,-1.5703,-1.6797,-2.0156,-2.0156,-2.6263,0,0,0,8.0584,8.1685,9.8022,9.8022,10.0537,0,0,0
15.816391,1788533115.583509,-11.9442,-12.6129,-12.6129,-12.6129,-12.8620,0,0,0,2.3037,2.4125,-5.3075,-5.3075,-5.2981,0,0,0,77.8866,70.3406,105.5109,90.0000,84.2764,0,1,0,-3.9186,-3.8059,4.5671,4.5671,4.7093,0,0,0,-1.6275,-1.6750,-2.0100,-2.0100,-2.5804,0,0,0,8.0018,8.1536,9.7844,9.7844,10.0380,0,0,0
15.824900,1788533115.591509,-11.9442,-12.5809,-12.5809,-12.5809,-12.8588,0,0,0,2.3037,2.4073,-5.2960,-5.2960,-5.3067,0,0,0,77.8866,70.7335,106.1003,90.0000,84.9332,0,1,0,-3.9186,-3.8113,4.5736,4.5736,4.6947,0,0,0,-1.6275,-1.6727,-2.0073,-2.0073,-2.5224,0,0,0,8.0018,8.1464,9.7756,9.7756,10.0177,0,0,0
15.832721,1788533115.599526,-11.8489,-12.5458,-12.5458,-12.5458,-12.8530,0,0,0,2.2418,2.3993,-5.2785,-5.2785,-5.3138,0,0,0,78.6072,71.1448,106.7172,90.0000,85.5349,0,1,0,-3.8743,-3.8144,4.5772,4.5772,4.6810,0,0,0,-1.2782,-1.6537,-1.9845,-1.9845,-2.4683,0,0,0,7.6242,8.1213,9.7455,9.7455,9.9980,0,0,0
15.839673,1788533115.599526,-11.8489,-12.5124,-12.5124,-12.5124,-12.8443,0,0,0,2.2418,2.3918,-5.2619,-5.2619,-5.3192,0,0,0,78.6072,71.5341,107.3012,90.0000,86.0829,0,1,0,-3.8743,-3.8172,4.5807,4.5807,4.6682,0,0,0,-1.2782,-1.6357,-1.9628,-1.9628,-2.4180,0,0,0,7.6242,8.0974,9.7169,9.7169,9.9789,0,0,0
15.848698,1788533115.599526,-11.8489,-12.4806,-12.4806,-12.4806,-12.8330,0,0,0,2.2418,2.3846,-5.2462,-5.2462,-5.3231,0,0,0,78.6072,71.9034,107.8551,90.0000,86.5794,0,1,0,-3.8743,-3.8200,4.5840,4.5840,4.6566,0,0,0,-1.2782,-1.6185,-1.9422,-1.9422,-2.3715,0,0,0,7.6242,8.0747,9.6897,9.6897,9.9604,0,0,0
15.856229,1788533115.623832,-11.8489,-12.3968,-12.3968,-12.3968,-12.8192,0,0,0,2.2418,2.3657,-5.2045,-5.2045,-5.3253,0,0,0,78.6072,72.8582,109.2873,90.0000,87.0271,0,1,0,-3.8743,-3.8272,4.5926,4.5926,4.6461,0,0,0,-1.2782,-1.5732,-1.8879,-1.8879,-2.3284,0,0,0,7.6242,8.0149,9.6179,9.6179,9.9422,0,0,0
15.864257,1788533115.631333,-11.8489,-12.3721,-12.3721,-12.3721,-12.8073,0,0,0,2.2418,2.3601,-5.1923,-5.1923,-5.3260,0,0,0,78.6072,73.1385,109.7078,90.0000,87.3326,0,1,0,-3.8743,-3.8293,4.5951,4.5951,4.6390,0,0,0,-1.2782,-1.5599,-1.8719,-1.8719,-2.2982,0,0,0,7.6242,7.9973,9.5967,9.5967,9.9286,0,0,0
15.872361,1788533115.639475,-11.8489,-12.3465,-12.3465,-12.3465,-12.7895,0,0,0,2.2418,2.3544,-5.1796,-5.1796,-5.3254,0,0,0,78.6072,73.4268,110.1401,90.0000,87.7017,0,1,0,-3.8743,-3.8315,4.5978,4.5978,4.6305,0,0,0,-1.2782,-1.5461,-1.8553,-1.8553,-2.2602,0,0,0,7.6242,7.9791,9.5749,9.5749,9.9103,0,0,0
15.880695,1788533115.648992,-11.8489,-12.3184,-12.3184,-12.3184,-12.7688,0,0,0,2.2418,2.3480,-5.1656,-5.1656,-5.3230,0,0,0,78.6072,73.7427,110.6141,90.0000,88.0302,0,1,0,-3.8743,-3.8339,4.6007,4.6007,4.6232,0,0,0,-1.2782,-1.5309,-1.8371,-1.8371,-2.2241,0,0,0,7.6242,7.9590,9.5508,9.5508,9.8911,0,0,0
15.887770,1788533115.656826,-11.8489,-12.2963,-12.2963,-12.2963,-12.7455,0,0,0,2.2418,2.3430,-5.1546,-5.1546,-5.3186,0,0,0,78.6072,73.9895,110.9843,90.0000,88.3213,0,1,0,-3.8743,-3.8358,4.6030,4.6030,4.6171,0,0,0,-1.2782,-1.5190,-1.8228,-1.8228,-2.1895,0,0,0,7.6242,7.9433,9.5319,9.5319,9.8706,0,0,0
15.896165,1788533115.663343,-11.7299,-12.2740,-12.2740,-12.2740,-12.7199,0,0,0,2.1278,2.3345,-5.1360,-5.1360,-5.3126,0,0,0,81.4145,74.3062,111.4593,90.0000,88.5780,0,1,0,-4.0374,-3.8437,4.6125,4.6125,4.6120,0,0,0,-0.9285,-1.4957,-1.7948,-1.7948,-2.1565,0,0,0,7.4784,7.9249,9.5099,9.5099,9.8492,0,0,0
15.904184,1788533115.671785,-11.7299,-12.2465,-12.2465,-12.2465,-12.6927,0,0,0,2.1278,2.3241,-5.1131,-5.1131,-5.3052,0,0,0,81.4145,74.6943,112.0414,90.0000,88.8034,0,1,0,-4.0374,-3.8535,4.6242,4.6242,4.6078,0,0,0,-0.9285,-1.4670,-1.7604,-1.7604,-2.1249,0,0,0,7.4784,7.9023,9.4828,9.4828,9.8270,0,0,0
15.912345,1788533115.671785,-11.7299,-12.2217,-12.2217,-12.2217,-12.6714,0,0,0,2.1278,2.3147,-5.0924,-5.0924,-5.2989,0,0,0,81.4145,75.0431,112.5647,90.0000,88.9536,0,1,0,-4.0374,-3.8623,4.6347,4.6347,4.6053,0,0,0,-0.9285,-1.4411,-1.7293,-1.7293,-2.1020,0,0,0,7.4784,7.8820,9.4584,9.4584,9.8100,0,0,0
15.920382,1788533115.687989,-11.7350,-12.1765,-12.1765,-12.1765,-12.6421,0,0,0,2.0593,2.2911,-5.0404,-5.0404,-5.2893,0,0,0,82.3668,75.7724,113.6586,90.0000,89.1311,0,1,0,-4.1187,-3.8860,4.6632,4.6632,4.6028,0,0,0,-0.8560,-1.3868,-1.6641,-1.6641,-2.0725,0,0,0,7.4056,7.8378,9.4054,9.4054,9.7868,0,0,0
15.928901,1788533115.687989,-11.7350,-12.1553,-12.1553,-12.1553,-12.6122,0,0,0,2.0593,2.2800,-5.0160,-5.0160,-5.2786,0,0,0,82.3668,76.1140,114.1710,90.0000,89.2849,0,1,0,-4.1187,-3.8971,4.6766,4.6766,4.6014,0,0,0,-0.8560,-1.3613,-1.6335,-1.6335,-2.0437,0,0,0,7.4056,7.8171,9.3805,9.3805,9.7632,0,0,0
15.936912,1788533115.704023,-11.6864,-12.1123,-12.1123,-12.1123,-12.5816,0,0,0,2.1071,2.2642,-4.9812,-4.9812,-5.2665,0,0,0,83.1112,76.8028,115.2042,90.0000,89.4176,0,1,0,-4.2521,-3.9296,4.7156,4.7156,4.6010,0,0,0,-1.2357,-1.3497,-1.6197,-1.6197,-2.0151,0,0,0,7.6566,7.8023,9.3628,9.3628,9.7390,0,0,0
15.944930,1788533115.711626,-11.6543,-12.0913,-12.0913,-12.0913,-12.5504,0,0,0,2.0882,2.2561,-4.9635,-4.9635,-5.2529,0,0,0,83.4032,77.1280,115.6920,90.0000,89.5314,0,1,0,-4.2653,-3.9449,4.7339,4.7339,4.6020,0,0,0,-1.2145,-1.3435,-1.6122,-1.6122,-1.9864,0,0,0,7.6566,7.7957,9.3548,9.3548,9.7140,0,0,0
15.953129,1788533115.711626,-11.6543,-12.0703,-12.0703,-12.0703,-12.5188,0,0,0,2.0882,2.2481,-4.9458,-4.9458,-5.2379,0,0,0,83.4032,77.4526,116.1790,90.0000,89.6285,0,1,0,-4.2653,-3.9603,4.7524,4.7524,4.6043,0,0,0,-1.2145,-1.3373,-1.6048,-1.6048,-1.9578,0,0,0,7.6566,7.7890,9.3468,9.3468,9.6886,0,0,0
15.960167,1788533115.728758,-11.5249,-12.0171,-12.0171,-12.0171,-12.4869,0,0,0,1.9440,2.2185,-4.8807,-4.8807,-5.2215,0,0,0,83.9468,78.1299,117.1948,90.0000,89.7108,0,1,0,-4.2972,-3.9931,4.7917,4.7917,4.6083,0,0,0,-1.1542,-1.3195,-1.5833,-1.5833,-1.9294,0,0,0,7.6365,7.7741,9.3290,9.3290,9.6629,0,0,0
15.968181,1788533115.728758,-11.5249,-11.9935,-11.9935,-11.9935,-12.4628,0,0,0,1.9440,2.2053,-4.8518,-4.8518,-5.2085,0,0,0,83.9468,78.4299,117.6448,90.0000,89.7639,0,1,0,-4.2972,-4.0076,4.8092,4.8092,4.6122,0,0,0,-1.1542,-1.3115,-1.5738,-1.5738,-1.9085,0,0,0,7.6365,7.7675,9.3210,9.3210,9.6438,0,0,0
15.976171,1788533115.744289,-11.5249,-11.9516,-11.9516,-11.9516,-12.4307,0,0,0,1.9440,2.1821,-4.8006,-4.8006,-5.1902,0,0,0,83.9468,78.9552,118.4328,90.0000,89.8246,0,1,0,-4.2972,-4.0334,4.8401,4.8401,4.6188,0,0,0,-1.1542,-1.2975,-1.5570,-1.5570,-1.8813,0,0,0,7.6365,7.7558,9.3070,9.3070,9.6186,0,0,0
15.984694,1788533115.744289,-11.5249,-11.9311,-11.9311,-11.9311,-12.3983,0,0,0,1.9440,2.1707,-4.7755,-4.7755,-5.1704,0,0,0,83.9468,79.2119,118.8178,90.0000,89.8751,0,1,0,-4.2972,-4.0461,4.8553,4.8553,4.6270,0,0,0,-1.1542,-1.2906,-1.5487,-1.5487,-1.8548,0,0,0,7.6365,7.7501,9.3001,9.3001,9.5938,0,0,0
15.993212,1788533115.759327,-11.2917,-11.8757,-11.8757,-11.8757,-12.3659,0,0,0,1.7646,2.1356,-4.6982,-4.6982,-5.1494,0,0,0,84.4407,79.6941,119.5412,90.0000,89.9167,0,1,0,-3.7693,-4.0221,4.8266,4.8266,4.6366,0,0,0,-1.3341,-1.2944,-1.5532,-1.5532,-1.8292,0,0,0,9.2189,7.8771,9.4525,9.4525,9.5697,0,0,0
16.000726,1788533115.767838,-11.2227,-11.8424,-11.8424,-11.8424,-12.3338,0,0,0,1.7113,2.1140,-4.6508,-4.6508,-5.1274,0,0,0,85.1145,79.9889,119.9833,90.0000,89.9507,0,1,0,-3.8467,-4.0132,4.8159,4.8159,4.6473,0,0,0,-1.3788,-1.2987,-1.5584,-1.5584,-1.8046,0,0,0,9.1336,7.9409,9.5291,9.5291,9.5464,0,0,0
16.008766,1788533115.767838,-11.2227,-11.8126,-11.8126,-11.8126,-12.3015,0,0,0,1.7113,2.0947,-4.6083,-4.6083,-5.1038,0,0,0,85.1145,80.2518,120.3777,90.0000,89.9781,0,1,0,-3.8467,-4.0052,4.8063,4.8063,4.6591,0,0,0,-1.3788,-1.3025,-1.5630,-1.5630,-1.7810,0,0,0,9.1336,7.9980,9.5976,9.5976,9.5247,0,0,0
16.017008,1788533115.783889,-11.2227,-11.7583,-11.7583,-11.7583,-12.2687,0,0,0,1.7113,2.0595,-4.5309,-4.5309,-5.0781,0,0,0,85.1145,80.7262,121.0893,90.0000,89.9999,0,1,0,-3.8467,-3.9907,4.7889,4.7889,4.6712,0,0,0,-1.3788,-1.3095,-1.5714,-1.5714,-1.7586,0,0,0,9.1336,8.1021,9.7226,9.7226,9.5067,0,0,0
16.025168,1788533115.791334,-11.2227,-11.7343,-11.7343,-11.7343,-12.2356,0,0,0,1.7113,2.0439,-4.4965,-4.4965,-5.0504,0,0,0,85.1145,80.9358,121.4036,90.0000,90.0169,0,1,0,-3.8467,-3.9843,4.7811,4.7811,4.6832,0,0,0,-1.3788,-1.3126,-1.5751,-1.5751,-1.7376,0,0,0,9.1336,8.1483,9.7780,9.7780,9.4933,0,0,0
16.033165,1788533115.791334,-11.2227,-11.7097,-11.7097,-11.7097,-12.2105,0,0,0,1.7113,2.0279,-4.4614,-4.4614,-5.0283,0,0,0,85.1145,81.1493,121.7240,90.0000,90.0270,0,1,0,-3.8467,-3.9777,4.7732,4.7732,4.6918,0,0,0,-1.3788,-1.3158,-1.5790,-1.5790,-1.7228,0,0,0,9.1336,8.1956,9.8347,9.8347,9.4866,0,0,0
16.041204,1788533115.808213,-11.2227,-11.6628,-11.6628,-11.6628,-12.1765,0,0,0,1.7113,1.9975,-4.3945,-4.3945,-4.9970,0,0,0,85.1145,81.5526,122.3289,90.0000,90.0374,0,1,0,-3.8467,-3.9651,4.7582,4.7582,4.7026,0,0,0,-1.3788,-1.3218,-1.5862,-1.5862,-1.7047,0,0,0,9.1336,8.2858,9.9429,9.9429,9.4830,0,0,0
16.048874,1788533115.808213,-11.2227,-11.6416,-11.6416,-11.6416,-12.1423,0,0,0,1.7113,1.9838,-4.3643,-4.3643,-4.9638,0,0,0,85.1145,81.7339,122.6008,90.0000,90.0449,0,1,0,-3.8467,-3.9595,4.7514,4.7514,4.7124,0,0,0,-1.3788,-1.3246,-1.5895,-1.5895,-1.6883,0,0,0,9.1336,8.3265,9.9918,9.9918,9.4854,0,0,0
16.056916,1788533115.808213,-11.2227,-11.6215,-11.6215,-11.6215,-12.1080,0,0,0,1.7113,1.9707,-4.3355,-4.3355,-4.9290,0,0,0,85.1145,81.9058,122.8588,90.0000,90.0499,0,1,0,-3.8467,-3.9541,4.7449,4.7449,4.7212,0,0,0,-1.3788,-1.3272,-1.5926,-1.5926,-1.6735,0,0,0,9.1336,8.3652,10.0383,10.0383,9.4934,0,0,0
16.064431,1788533115.832043,-11.1060,-11.5541,-11.5541,-11.5541,-12.0735,0,0,0,1.7264,1.9388,-4.2654,-4.2654,-4.8926,0,0,0,86.1972,82.4938,123.7408,90.0000,90.0530,0,1,0,-4.0545,-3.9671,4.7606,4.7606,4.7286,0,0,0,-2.0579,-1.4224,-1.7069,-1.7069,-1.6605,0,0,0,9.2343,8.4788,10.1746,10.1746,9.5073,0,0,0
16.072984,1788533115.839571,-11.1060,-11.5337,-11.5337,-11.5337,-12.0390,0,0,0,1.7264,1.9292,-4.2442,-4.2442,-4.8549,0,0,0,86.1972,82.6707,124.0061,90.0000,90.0545,0,1,0,-4.0545,-3.9711,4.7653,4.7653,4.7349,0,0,0,-2.0579,-1.4511,-1.7414,-1.7414,-1.6490,0,0,0,9.2343,8.5130,10.2157,10.2157,9.5267,0,0,0
16.080471,1788533115.848092,-11.1060,-11.5119,-11.5119,-11.5119,-12.0046,0,0,0,1.7264,1.9189,-4.2215,-4.2215,-4.8164,0,0,0,86.1972,82.8601,124.2901,90.0000,90.0547,0,1,0,-4.0545,-3.9753,4.7704,4.7704,4.7400,0,0,0,-2.0579,-1.4820,-1.7784,-1.7784,-1.6394,0,0,0,9.2343,8.5499,10.2598,10.2598,9.5509,0,0,0
16.088511,1788533115.855599,-11.1060,-11.4935,-11.4935,-11.4935,-11.9701,0,0,0,1.7264,1.9102,-4.2024,-4.2024,-4.7768,0,0,0,86.1972,83.0189,124.5284,90.0000,90.0539,0,1,0,-4.0545,-3.9789,4.7747,4.7747,4.7443,0,0,0,-2.0579,-1.5079,-1.8095,-1.8095,-1.6328,0,0,0,9.2343,8.5808,10.2970,10.2970,9.5804,0,0,0
16.096702,1788533115.855599,-11.1060,-11.4749,-11.4749,-11.4749,-11.9355,0,0,0,1.7264,1.9014,-4.1830,-4.1830,-4.7365,0,0,0,86.1972,83.1796,124.7694,90.0000,90.0523,0,1,0,-4.0545,-3.9825,4.7790,4.7790,4.7480,0,0,0,-2.0579,-1.5343,-1.8411,-1.8411,-1.6295,0,0,0,9.2343,8.6123,10.3347,10.3347,9.6146,0,0,0
16.105219,1788533115.871820,-11.1060,-11.4406,-11.4406,-11.4406,-11.9096,0,0,0,1.7264,1.8851,-4.1473,-4.1473,-4.7062,0,0,0,86.1972,83.4727,125.2091,90.0000,90.0508,0,1,0,-4.0545,-3.9892,4.7870,4.7870,4.7506,0,0,0,-2.0579,-1.5827,-1.8993,-1.8993,-1.6292,0,0,0,9.2343,8.6701,10.4041,10.4041,9.6427,0,0,0
16.112832,1788533115.871820,-11.1060,-11.4245,-11.4245,-11.4245,-11.8755,0,0,0,1.7264,1.8775,-4.1306,-4.1306,-4.6659,0,0,0,86.1972,83.6099,125.4149,90.0000,90.0483,0,1,0,-4.0545,-3.9923,4.7908,4.7908,4.7536,0,0,0,-2.0579,-1.6055,-1.9266,-1.9266,-1.6316,0,0,0,9.2343,8.6972,10.4366,10.4366,9.6830,0,0,0
16.121430,1788533115.887948,-11.1060,-11.3951,-11.3951,-11.3951,-11.8415,0,0,0,1.7264,1.8636,-4.0999,-4.0999,-4.6257,0,0,0,86.1972,83.8591,125.7887,90.0000,90.0456,0,1,0,-4.0545,-3.9980,4.7976,4.7976,4.7565,0,0,0,-2.0579,-1.6472,-1.9766,-1.9766,-1.6377,0,0,0,9.2343,8.7468,10.4962,10.4962,9.7264,0,0,0
16.128433,1788533115.895563,-11.1060,-11.3818,-11.3818,-11.3818,-11.8077,0,0,0,1.7264,1.8573,-4.0861,-4.0861,-4.5856,0,0,0,86.1972,83.9711,125.9567,90.0000,90.0426,0,1,0,-4.0545,-4.0006,4.8007,4.8007,4.7594,0,0,0,-2.0579,-1.6660,-1.9992,-1.9992,-1.6474,0,0,0,9.2343,8.7692,10.5231,10.5231,9.7727,0,0,0
16.136468,1788533115.895563,-11.1060,-11.3686,-11.3686,-11.3686,-11.7743,0,0,0,1.7264,1.8510,-4.0723,-4.0723,-4.5460,0,0,0,86.1972,84.0827,126.1241,90.0000,90.0395,0,1,0,-4.0545,-4.0032,4.8038,4.8038,4.7622,0,0,0,-2.0579,-1.6848,-2.0217,-2.0217,-1.6604,0,0,0,9.2343,8.7916,10.5499,10.5499,9.8211,0,0,0
16.144475,1788533115.912591,-11.1060,-11.3431,-11.3431,-11.3431,-11.7413,0,0,0,1.7264,1.8390,-4.0457,-4.0457,-4.5071,0,0,0,86.1972,84.2957,126.4436,90.0000,90.0365,0,1,0,-4.0545,-4.0081,4.8098,4.8098,4.7651,0,0,0,-2.0579,-1.7209,-2.0651,-2.0651,-1.6764,0,0,0,9.2343,8.8346,10.6015,10.6015,9.8711,0,0,0
16.152484,1788533115.920594,-11.1060,-11.3317,-11.3317,-11.3317,-11.7092,0,0,0,1.7264,1.8336,-4.0338,-4.0338,-4.4692,0,0,0,86.1972,84.3907,126.5861,90.0000,90.0334,0,1,0,-4.0545,-4.0104,4.8124,4.8124,4.7681,0,0,0,-2.0579,-1.7371,-2.0845,-2.0845,-1.6949,0,0,0,9.2343,8.8538,10.6246,10.6246,9.9219,0,0,0
16.160481,1788533115.928595,-11.1060,-11.3209,-11.3209,-11.3209,-11.6778,0,0,0,1.7264,1.8284,-4.0225,-4.0225,-4.4323,0,0,0,86.1972,84.4809,126.7214,90.0000,90.0305,0,1,0,-4.0545,-4.0125,4.8150,4.8150,4.7710,0,0,0,-2.0579,-1.7525,-2.1030,-2.1030,-1.7155,0,0,0,9.2343,8.8721,10.6465,10.6465,9.9732,0,0,0
16.168985,1788533115.928595,-11.1060,-11.3105,-11.3105,-11.3105,-11.6473,0,0,0,1.7264,1.8235,-4.0118,-4.0118,-4.3966,0,0,0,86.1972,84.5665,126.8498,90.0000,90.0276,0,1,0,-4.0545,-4.0145,4.8174,4.8174,4.7741,0,0,0,-2.0579,-1.7671,-2.1205,-2.1205,-1.7380,0,0,0,9.2343,8.8895,10.6674,10.6674,10.0245,0,0,0
16.176954,1788533115.944116,-11.0157,-11.2842,-11.2842,-11.2842,-11.6250,0,0,0,1.6086,1.8044,-3.9697,-3.9697,-4.3707,0,0,0,88.5294,84.9324,127.3986,90.0000,90.0256,0,1,0,-3.9546,-4.0092,4.8110,4.8110,4.7764,0,0,0,-1.2088,-1.7174,-2.0609,-2.0609,-1.7558,0,0,0,9.1943,8.9167,10.7001,10.7001,10.0627,0,0,0
16.184982,1788533115.953096,-11.0157,-11.2698,-11.2698,-11.2698,-11.5964,0,0,0,1.6086,1.7939,-3.9466,-3.9466,-4.3374,0,0,0,88.5294,85.1324,127.6986,90.0000,90.0230,0,1,0,-3.9546,-4.0063,4.8075,4.8075,4.7795,0,0,0,-1.2088,-1.6902,-2.0283,-2.0283,-1.7804,0,0,0,9.1943,8.9316,10.7179,10.7179,10.1130,0,0,0
16.192705,1788533115.960789,-11.0157,-11.2581,-11.2581,-11.2581,-11.5688,0,0,0,1.6086,1.7854,-3.9278,-3.9278,-4.3053,0,0,0,88.7021,85.3039,127.9558,90.0000,90.0206,0,1,0,-4.0364,-4.0076,4.8092,4.8092,4.7825,0,0,0,-1.1342,-1.6646,-1.9975,-1.9975,-1.8050,0,0,0,8.5689,8.9148,10.6978,10.6978,10.1622,0,0,0
16.200814,1788533115.960789,-11.0157,-11.2464,-11.2464,-11.2464,-11.5421,0,0,0,1.6086,1.7769,-3.9091,-3.9091,-4.2742,0,0,0,88.7021,85.4734,128.2101,90.0000,90.0183,0,1,0,-4.0364,-4.0090,4.8108,4.8108,4.7853,0,0,0,-1.1342,-1.6392,-1.9670,-1.9670,-1.8285,0,0,0,8.5689,8.8982,10.6779,10.6779,10.2101,0,0,0
16.209274,1788533115.975586,-11.0157,-11.2267,-11.2267,-11.2267,-11.5165,0,0,0,1.6086,1.7625,-3.8776,-3.8776,-4.2440,0,0,0,88.7021,85.7588,128.6382,90.0000,90.0162,0,1,0,-4.0364,-4.0114,4.8136,4.8136,4.7879,0,0,0,-1.1342,-1.5962,-1.9155,-1.9155,-1.8501,0,0,0,8.5689,8.8701,10.6441,10.6441,10.2563,0,0,0
16.217199,1788533115.975586,-11.0157,-11.2166,-11.2166,-11.2166,-11.4918,0,0,0,1.6086,1.7552,-3.8613,-3.8613,-4.2148,0,0,0,88.7021,85.9054,128.8581,90.0000,90.0143,0,1,0,-4.0364,-4.0126,4.8151,4.8151,4.7904,0,0,0,-1.1342,-1.5741,-1.8889,-1.8889,-1.8692,0,0,0,8.5689,8.8557,10.6268,10.6268,10.2999,0,0,0
16.225206,1788533115.993426,-11.0157,-11.1963,-11.1963,-11.1963,-11.4739,0,0,0,1.6086,1.7404,-3.8288,-3.8288,-4.1934,0,0,0,88.7021,86.1975,129.2963,90.0000,90.0130,0,1,0,-4.0364,-4.0150,4.8179,4.8179,4.7921,0,0,0,-1.1342,-1.5297,-1.8357,-1.8357,-1.8817,0,0,0,8.5689,8.8267,10.5920,10.5920,10.3305,0,0,0
16.233257,1788533116.000847,-11.0157,-11.1882,-11.1882,-11.1882,-11.4739,0,0,0,1.6086,1.7345,-3.8159,-3.8159,-4.1934,0,0,0,88.7021,86.3135,129.4702,90.0000,90.0130,0,1,0,-4.0364,-4.0159,4.8191,4.8191,4.7921,0,0,0,-1.1342,-1.5121,-1.8145,-1.8145,-1.8817,0,0,0,8.5689,8.8152,10.5782,10.5782,10.3305,0,0,0
16.241258,1788533116.008376,-11.0157,-11.1804,-11.1804,-11.1804,-11.4288,0,0,0,1.6086,1.7288,-3.8033,-3.8033,-4.1383,0,0,0,88.7021,86.4255,129.6383,90.0000,90.0099,0,1,0,-4.0364,-4.0168,4.8202,4.8202,4.7963,0,0,0,-1.1342,-1.4950,-1.7940,-1.7940,-1.9063,0,0,0,8.5689,8.8040,10.5648,10.5648,10.4022,0,0,0
16.249420,1788533116.008376,-11.0157,-11.1725,-11.1725,-11.1725,-11.4077,0,0,0,1.6086,1.7230,-3.7906,-3.7906,-4.1121,0,0,0,88.7021,86.5386,129.8080,90.0000,90.0086,0,1,0,-4.0364,-4.0178,4.8213,4.8213,4.7983,0,0,0,-1.1342,-1.4777,-1.7733,-1.7733,-1.9140,0,0,0,8.5689,8.7928,10.5513,10.5513,10.4324,0,0,0
16.257420,1788533116.024544,-11.0722,-11.1632,-11.1632,-11.1632,-11.3874,0,0,0,1.3850,1.6918,-3.7219,-3.7219,-4.0864,0,0,0,89.9289,86.8623,130.2934,90.0000,90.0074,0,1,0,-4.3566,-4.0490,4.8588,4.8588,4.8002,0,0,0,-2.6418,-1.5851,-1.9021,-1.9021,-1.9182,0,0,0,8.3826,8.7549,10.5059,10.5059,10.4585,0,0,0
16.264940,1788533116.031636,-11.0722,-11.1593,-11.1593,-11.1593,-11.3678,0,0,0,1.3850,1.6787,-3.6931,-3.6931,-4.0613,0,0,0,89.9289,86.9980,130.4971,90.0000,90.0064,0,1,0,-4.3566,-4.0622,4.8746,4.8746,4.8020,0,0,0,-2.6418,-1.6302,-1.9562,-1.9562,-1.9193,0,0,0,8.3826,8.7390,10.4868,10.4868,10.4807,0,0,0
16.272945,1788533116.031636,-11.0722,-11.1551,-11.1551,-11.1551,-11.3491,0,0,0,1.3850,1.6646,-3.6621,-3.6621,-4.0367,0,0,0,89.9289,87.1436,130.7154,90.0000,90.0054,0,1,0,-4.3566,-4.0763,4.8915,4.8915,4.8040,0,0,0,-2.6418,-1.6787,-2.0144,-2.0144,-1.9183,0,0,0,8.3826,8.7219,10.4663,10.4663,10.4991,0,0,0
16.281245,1788533116.031636,-11.0722,-11.1512,-11.1512,-11.1512,-11.3313,0,0,0,1.3850,1.6512,-3.6326,-3.6326,-4.0119,0,0,0,89.9289,87.2820,130.9230,90.0000,90.0046,0,1,0,-4.3566,-4.0897,4.9076,4.9076,4.8065,0,0,0,-2.6418,-1.7248,-2.0698,-2.0698,-1.9173,0,0,0,8.3826,8.7057,10.4468,10.4468,10.5136,0,0,0
16.288905,1788533116.031636,-11.0722,-11.1474,-11.1474,-11.1474,-11.3143,0,0,0,1.3850,1.6384,-3.6045,-3.6045,-3.9868,0,0,0,89.9289,87.4135,131.1202,90.0000,90.0039,0,1,0,-4.3566,-4.1025,4.9230,4.9230,4.8098,0,0,0,-2.6418,-1.7688,-2.1226,-2.1226,-1.9175,0,0,0,8.3826,8.6902,10.4283,10.4283,10.5243,0,0,0
16.296816,1788533116.063991,-11.0017,-11.1227,-11.1227,-11.1227,-11.2982,0,0,0,1.3652,1.5922,-3.5028,-3.5028,-3.9614,0,0,0,90.0673,87.8747,131.8121,90.0000,90.0033,0,1,0,-4.5511,-4.1784,5.0140,5.0140,4.8138,0,0,0,-2.7571,-1.9362,-2.3234,-2.3234,-1.9195,0,0,0,8.5239,8.6621,10.3945,10.3945,10.5316,0,0,0
16.305343,1788533116.073015,-11.0017,-11.1162,-11.1162,-11.1162,-11.2831,0,0,0,1.3652,1.5800,-3.4759,-3.4759,-3.9357,0,0,0,90.0673,87.9962,131.9943,90.0000,90.0027,0,1,0,-4.5511,-4.1984,5.0381,5.0381,4.8186,0,0,0,-2.7571,-1.9803,-2.3764,-2.3764,-1.9239,0,0,0,8.5239,8.6547,10.3856,10.3856,10.5357,0,0,0
16.312871,1788533116.073015,-11.0017,-11.1107,-11.1107,-11.1107,-11.2723,0,0,0,1.3652,1.5697,-3.4532,-3.4532,-3.9161,0,0,0,90.0673,88.0986,132.1479,90.0000,90.0023,0,1,0,-4.5511,-4.2153,5.0584,5.0584,4.8230,0,0,0,-2.7571,-2.0176,-2.4212,-2.4212,-1.9293,0,0,0,8.5239,8.6484,10.3781,10.3781,10.5369,0,0,0
16.321073,1788533116.088191,-10.8466,-11.0877,-11.0877,-11.0877,-11.2584,0,0,0,1.5057,1.5641,-3.4410,-3.4410,-3.8887,0,0,0,90.0356,88.2723,132.4084,90.0000,90.0019,0,1,0,-4.4388,-4.2348,5.0817,5.0817,4.8305,0,0,0,-2.3564,-2.0472,-2.4567,-2.4567,-1.9410,0,0,0,8.2613,8.6147,10.3377,10.3377,10.5360,0,0,0
16.329321,1788533116.097196,-10.9351,-11.0795,-11.0795,-11.0795,-11.2451,0,0,0,1.2642,1.5480,-3.4056,-3.4056,-3.8602,0,0,0,90.0221,88.3688,132.5532,90.0000,90.0015,0,1,0,-4.6768,-4.2585,5.1102,5.1102,4.8400,0,0,0,-2.4174,-2.0671,-2.4805,-2.4805,-1.9578,0,0,0,8.3961,8.6030,10.3236,10.3236,10.5327,0,0,0
16.337333,1788533116.104450,-10.9351,-11.0732,-11.0732,-11.0732,-11.2323,0,0,0,1.2642,1.5356,-3.3783,-3.3783,-3.8308,0,0,0,90.0221,88.4431,132.6646,90.0000,90.0012,0,1,0,-4.6768,-4.2768,5.1321,5.1321,4.8512,0,0,0,-2.4174,-2.0824,-2.4989,-2.4989,-1.9789,0,0,0,8.3961,8.5940,10.3128,10.3128,10.5273,0,0,0
16.344856,1788533116.104450,-10.9351,-11.0665,-11.0665,-11.0665,-11.2198,0,0,0,1.2642,1.5226,-3.3497,-3.3497,-3.8010,0,0,0,90.0221,88.5209,132.7814,90.0000,90.0010,0,1,0,-4.6768,-4.2960,5.1551,5.1551,4.8640,0,0,0,-2.4174,-2.0985,-2.5182,-2.5182,-2.0037,0,0,0,8.3961,8.5845,10.3014,10.3014,10.5199,0,0,0
16.352863,1788533116.120978,-10.8854,-11.0495,-11.0495,-11.0495,-11.2076,0,0,0,1.2780,1.4995,-3.2989,-3.2989,-3.7707,0,0,0,89.9277,88.6568,132.9853,90.0000,90.0007,0,1,0,-4.5377,-4.3187,5.1825,5.1825,4.8783,0,0,0,-2.1791,-2.1061,-2.5273,-2.5273,-2.0314,0,0,0,8.1088,8.5397,10.2477,10.2477,10.5106,0,0,0
16.360957,1788533116.120978,-10.8854,-11.0416,-11.0416,-11.0416,-11.1956,0,0,0,1.2780,1.4889,-3.2755,-3.2755,-3.7398,0,0,0,89.9277,88.7194,133.0790,90.0000,90.0005,0,1,0,-4.5377,-4.3292,5.1951,5.1951,4.8943,0,0,0,-2.1791,-2.1096,-2.5316,-2.5316,-2.0615,0,0,0,8.1088,8.5191,10.2229,10.2229,10.4997,0,0,0
16.368876,1788533116.137082,-10.8854,-11.0272,-11.0272,-11.0272,-11.1837,0,0,0,1.2780,1.4695,-3.2328,-3.2328,-3.7080,0,0,0,89.9277,88.8331,133.2497,90.0000,90.0004,0,1,0,-4.4782,-4.3430,5.2116,5.2116,4.9118,0,0,0,-2.1756,-2.1157,-2.5388,-2.5388,-2.0931,0,0,0,8.0214,8.4733,10.1679,10.1679,10.4868,0,0,0
16.376878,1788533116.144008,-10.8854,-11.0213,-11.0213,-11.0213,-11.1749,0,0,0,1.2780,1.4615,-3.2152,-3.2152,-3.6838,0,0,0,89.9277,88.8800,133.3200,90.0000,90.0003,0,1,0,-4.4782,-4.3486,5.2183,5.2183,4.9256,0,0,0,-2.1756,-2.1182,-2.5419,-2.5419,-2.1173,0,0,0,8.0214,8.4544,10.1453,10.1453,10.4760,0,0,0
16.385091,1788533116.144008,-10.8854,-11.0148,-11.0148,-11.0148,-11.1661,0,0,0,1.2780,1.4527,-3.1959,-3.1959,-3.6592,0,0,0,89.9277,88.9314,133.3971,90.0000,90.0002,0,1,0,-4.4782,-4.3548,5.2258,5.2258,4.9400,0,0,0,-2.1756,-2.1210,-2.5452,-2.5452,-2.1417,0,0,0,8.0214,8.4336,10.1203,10.1203,10.4640,0,0,0
16.393083,1788533116.144008,-10.8854,-11.0086,-11.0086,-11.0086,-11.1515,0,0,0,1.2780,1.4443,-3.1774,-3.1774,-3.6177,0,0,0,89.9277,88.9802,133.4704,90.0000,90.0001,0,1,0,-4.4782,-4.3607,5.2329,5.2329,4.9646,0,0,0,-2.1756,-2.1236,-2.5483,-2.5483,-2.1821,0,0,0,8.0214,8.4139,10.0966,10.0966,10.4417,0,0,0
16.401965,1788533116.169495,-10.5966,-10.9516,-10.9516,-10.9516,-11.1401,0,0,0,1.3771,1.4350,-3.1570,-3.1570,-3.5845,0,0,0,89.8287,89.0997,133.6495,90.0000,90.0000,0,1,0,-4.3458,-4.3587,5.2304,5.2304,4.9846,0,0,0,-2.1942,-2.1334,-2.5600,-2.5600,-2.2136,0,0,0,7.8781,8.3398,10.0077,10.0077,10.4221,0,0,0
16.409320,1788533116.169495,-10.5966,-10.9346,-10.9346,-10.9346,-11.1288,0,0,0,1.3771,1.4322,-3.1509,-3.1509,-3.5515,0,0,0,89.8287,89.1353,133.7030,90.0000,90.0000,0,1,0,-4.3458,-4.3581,5.2297,5.2297,5.0045,0,0,0,-2.1942,-2.1363,-2.5635,-2.5635,-2.2441,0,0,0,7.8781,8.3176,9.9811,9.9811,10.4012,0,0,0
16.417456,1788533116.184531,-10.4887,-10.8960,-10.8960,-10.8960,-11.1173,0,0,0,1.1614,1.4088,-3.0993,-3.0993,-3.5190,0,0,0,89.5557,89.1723,133.7584,90.0000,89.9999,0,1,0,-4.2369,-4.3476,5.2171,5.2171,5.0240,0,0,0,-1.9205,-2.1176,-2.5411,-2.5411,-2.2733,0,0,0,7.8660,8.2785,9.9342,9.9342,10.3784,0,0,0
16.425150,1788533116.184531,-10.4887,-10.8765,-10.8765,-10.8765,-11.1051,0,0,0,1.1614,1.3969,-3.0732,-3.0732,-3.4871,0,0,0,89.5557,89.1910,133.7865,90.0000,89.9999,0,1,0,-4.2369,-4.3423,5.2107,5.2107,5.0428,0,0,0,-1.9205,-2.1082,-2.5298,-2.5298,-2.3012,0,0,0,7.8660,8.2587,9.9105,9.9105,10.3538,0,0,0
16.433199,1788533116.200384,-10.4887,-10.8412,-10.8412,-10.8412,-11.0922,0,0,0,1.1297,1.3727,-3.0199,-3.0199,-3.4557,0,0,0,89.4506,89.2149,133.8223,90.0000,89.9999,0,1,0,-4.2363,-4.3327,5.1992,5.1992,5.0607,0,0,0,-1.8974,-2.0890,-2.5069,-2.5069,-2.3273,0,0,0,7.9461,8.2303,9.8764,9.8764,10.3275,0,0,0
16.442096,1788533116.208906,-10.4887,-10.8233,-10.8233,-10.8233,-11.0783,0,0,0,1.1297,1.3603,-2.9927,-2.9927,-3.4246,0,0,0,89.4506,89.2271,133.8406,90.0000,89.9998,0,1,0,-4.2363,-4.3278,5.1933,5.1933,5.0772,0,0,0,-1.8974,-2.0793,-2.4952,-2.4952,-2.3513,0,0,0,7.9461,8.2159,9.8590,9.8590,10.2998,0,0,0
16.449625,1788533116.216221,-10.4887,-10.8085,-10.8085,-10.8085,-11.0636,0,0,0,1.1297,1.3501,-2.9703,-2.9703,-3.3935,0,0,0,89.4506,89.2371,133.8556,90.0000,89.9998,0,1,0,-4.2363,-4.3237,5.1885,5.1885,5.0924,0,0,0,-1.8974,-2.0713,-2.4856,-2.4856,-2.3728,0,0,0,7.9461,8.2040,9.8448,9.8448,10.2709,0,0,0
16.457711,1788533116.224759,-10.4887,-10.7922,-10.7922,-10.7922,-11.0480,0,0,0,1.1297,1.3389,-2.9456,-2.9456,-3.3624,0,0,0,89.4506,89.2481,133.8721,90.0000,89.9998,0,1,0,-4.2363,-4.3193,5.1831,5.1831,5.1060,0,0,0,-1.8974,-2.0624,-2.4749,-2.4749,-2.3919,0,0,0,7.9461,8.1908,9.8290,9.8290,10.2412,0,0,0
16.465943,1788533116.232365,-10.4887,-10.7783,-10.7783,-10.7783,-11.0317,0,0,0,1.1297,1.3293,-2.9245,-2.9245,-3.3313,0,0,0,89.4506,89.2575,133.8862,90.0000,89.9998,0,1,0,-4.2363,-4.3155,5.1786,5.1786,5.1181,0,0,0,-1.8974,-2.0549,-2.4659,-2.4659,-2.4084,0,0,0,7.9461,8.1796,9.8155,9.8155,10.2112,0,0,0
16.473942,1788533116.232365,-10.4887,-10.7644,-10.7644,-10.7644,-11.0191,0,0,0,1.1297,1.3198,-2.9035,-2.9035,-3.3081,0,0,0,89.4506,89.2668,133.9003,90.0000,89.9998,0,1,0,-4.2363,-4.3117,5.1741,5.1741,5.1262,0,0,0,-1.8974,-2.0474,-2.4568,-2.4568,-2.4193,0,0,0,7.9461,8.1684,9.8021,9.8021,10.1886,0,0,0
16.481742,1788533116.249133,-10.4887,-10.7381,-10.7381,-10.7381,-11.0019,0,0,0,1.1297,1.3016,-2.8635,-2.8635,-3.2774,0,0,0,89.4506,89.2846,133.9269,90.0000,89.9998,0,1,0,-4.2363,-4.3045,5.1654,5.1654,5.1357,0,0,0,-1.8974,-2.0331,-2.4397,-2.4397,-2.4317,0,0,0,7.9461,8.1472,9.7766,9.7766,10.1587,0,0,0
16.490157,1788533116.256532,-10.4887,-10.7270,-10.7270,-10.7270,-10.9845,0,0,0,1.1297,1.2939,-2.8467,-2.8467,-3.2471,0,0,0,89.4506,89.2920,133.9381,90.0000,89.9998,0,1,0,-4.2363,-4.3015,5.1618,5.1618,5.1439,0,0,0,-1.8974,-2.0270,-2.4324,-2.4324,-2.4419,0,0,0,7.9461,8.1382,9.7658,9.7658,10.1293,0,0,0
16.497609,1788533116.265272,-10.4887,-10.7145,-10.7145,-10.7145,-10.9668,0,0,0,1.1297,1.2854,-2.8278,-2.8278,-3.2171,0,0,0,89.4506,89.3004,133.9506,90.0000,89.9999,0,1,0,-4.2363,-4.2981,5.1577,5.1577,5.1507,0,0,0,-1.8974,-2.0203,-2.4243,-2.4243,-2.4500,0,0,0,7.9461,8.1282,9.7538,9.7538,10.1003,0,0,0
16.506153,1788533116.265272,-10.4887,-10.7037,-10.7037,-10.7037,-10.9489,0,0,0,1.1297,1.2779,-2.8114,-2.8114,-3.1873,0,0,0,89.4506,89.3077,133.9615,90.0000,89.9999,0,1,0,-4.2363,-4.2951,5.1542,5.1542,5.1563,0,0,0,-1.8974,-2.0144,-2.4173,-2.4173,-2.4561,0,0,0,7.9461,8.1194,9.7433,9.7433,10.0720,0,0,0
16.513677,1788533116.281791,-9.8045,-10.6189,-10.6189,-10.6189,-10.9310,0,0,0,0.8077,1.2336,-2.7139,-2.7139,-3.1580,0,0,0,86.4306,89.0349,133.5524,90.0000,89.9999,0,1,0,-3.9950,-4.2669,5.1203,5.1203,5.1607,0,0,0,-1.1226,-1.9305,-2.3166,-2.3166,-2.4604,0,0,0,7.1858,8.0314,9.6377,9.6377,10.0444,0,0,0
16.521874,1788533116.281791,-9.8045,-10.5797,-10.5797,-10.5797,-10.9175,0,0,0,0.8077,1.2132,-2.6690,-2.6690,-3.1363,0,0,0,86.4306,88.9095,133.3642,90.0000,89.9999,0,1,0,-3.9950,-4.2539,5.1047,5.1047,5.1633,0,0,0,-1.1226,-1.8918,-2.2702,-2.2702,-2.4625,0,0,0,7.1858,7.9908,9.5889,9.5889,10.0242,0,0,0
16.529888,1788533116.295999,-9.7396,-10.5106,-10.5106,-10.5106,-10.8994,0,0,0,0.7192,1.1726,-2.5797,-2.5797,-3.1075,0,0,0,85.5364,88.6321,132.9481,90.0000,89.9999,0,1,0,-4.3828,-4.2645,5.1174,5.1174,5.1658,0,0,0,-1.5099,-1.8605,-2.2325,-2.2325,-2.4636,0,0,0,7.2714,7.9316,9.5179,9.5179,9.9977,0,0,0
16.537890,1788533116.305005,-9.7396,-10.4692,-10.4692,-10.4692,-10.8802,0,0,0,0.7192,1.1482,-2.5261,-2.5261,-3.0780,0,0,0,85.5364,88.4661,132.6991,90.0000,89.9999,0,1,0,-4.3828,-4.2708,5.1250,5.1250,5.1669,0,0,0,-1.5099,-1.8417,-2.2100,-2.2100,-2.4617,0,0,0,7.2714,7.8961,9.4753,9.4753,9.9706,0,0,0
16.545422,1788533116.314005,-9.7396,-10.4299,-10.4299,-10.4299,-10.8596,0,0,0,0.7192,1.1252,-2.4754,-2.4754,-3.0474,0,0,0,85.5364,88.3091,132.4637,90.0000,89.9999,0,1,0,-4.3828,-4.2768,5.1322,5.1322,5.1668,0,0,0,-1.5099,-1.8239,-2.1886,-2.1886,-2.4568,0,0,0,7.2714,7.8625,9.4350,9.4350,9.9425,0,0,0
16.553430,1788533116.314005,-9.7396,-10.3967,-10.3967,-10.3967,-10.8374,0,0,0,0.7192,1.1057,-2.4326,-2.4326,-3.0152,0,0,0,85.5364,88.1761,132.2641,90.0000,89.9999,0,1,0,-4.3828,-4.2819,5.1382,5.1382,5.1658,0,0,0,-1.5099,-1.8088,-2.1706,-2.1706,-2.4490,0,0,0,7.2714,7.8341,9.4009,9.4009,9.9129,0,0,0
16.561466,1788533116.328543,-9.7396,-10.3415,-10.3415,-10.3415,-10.8134,0,0,0,0.7192,1.0733,-2.3612,-2.3612,-2.9813,0,0,0,85.5364,87.9542,131.9313,90.0000,89.9999,0,1,0,-4.3828,-4.2903,5.1484,5.1484,5.1644,0,0,0,-1.5099,-1.7838,-2.1405,-2.1405,-2.4386,0,0,0,7.2714,7.7868,9.3442,9.3442,9.8821,0,0,0
16.569543,1788533116.328543,-9.7396,-10.3125,-10.3125,-10.3125,-10.7944,0,0,0,0.7192,1.0563,-2.3238,-2.3238,-2.9548,0,0,0,85.5364,87.8379,131.7568,90.0000,89.9999,0,1,0,-4.3828,-4.2947,5.1537,5.1537,5.1632,0,0,0,-1.5099,-1.7706,-2.1248,-2.1248,-2.4294,0,0,0,7.2714,7.7620,9.3144,9.3144,9.8581,0,0,0
16.578060,1788533116.344666,-9.3566,-10.2242,-10.2242,-10.2242,-10.7677,0,0,0,0.2398,0.9809,-2.1580,-2.1580,-2.9182,0,0,0,82.7148,87.3628,131.0441,90.0000,89.9999,0,1,0,-3.9005,-4.2585,5.1102,5.1102,5.1615,0,0,0,-1.7051,-1.7646,-2.1175,-2.1175,-2.4155,0,0,0,7.7367,7.7597,9.3116,9.3116,9.8253,0,0,0
16.585590,1788533116.352187,-9.3566,-10.1848,-10.1848,-10.1848,-10.7395,0,0,0,0.2398,0.9473,-2.0842,-2.0842,-2.8800,0,0,0,82.7148,87.1506,130.7259,90.0000,89.9999,0,1,0,-3.9005,-4.2423,5.0908,5.0908,5.1599,0,0,0,-1.7051,-1.7619,-2.1143,-2.1143,-2.3998,0,0,0,7.7367,7.7586,9.3104,9.3104,9.7913,0,0,0
16.594117,1788533116.360710,-9.3364,-10.1414,-10.1414,-10.1414,-10.7099,0,0,0,0.2353,0.9110,-2.0042,-2.0042,-2.8401,0,0,0,80.5174,86.8082,130.2124,90.0000,89.9999,0,1,0,-3.8856,-4.2242,5.0690,5.0690,5.1585,0,0,0,-1.4420,-1.7456,-2.0947,-2.0947,-2.3828,0,0,0,7.2294,7.7316,9.2780,9.2780,9.7565,0,0,0
16.602117,1788533116.369235,-9.3364,-10.1002,-10.1002,-10.1002,-10.6785,0,0,0,0.2353,0.8765,-1.9283,-1.9283,-2.7974,0,0,0,80.5174,86.4823,129.7235,90.0000,90.0000,0,1,0,-3.8856,-4.2070,5.0483,5.0483,5.1566,0,0,0,-1.4420,-1.7301,-2.0762,-2.0762,-2.3649,0,0,0,7.2294,7.7060,9.2472,9.2472,9.7216,0,0,0
16.609721,1788533116.376745,-9.3364,-10.0656,-10.0656,-10.0656,-10.6453,0,0,0,0.2353,0.8475,-1.8644,-1.8644,-2.7515,0,0,0,80.5174,86.2076,129.3114,90.0000,90.0000,0,1,0,-3.8856,-4.1925,5.0310,5.0310,5.1539,0,0,0,-1.4420,-1.7171,-2.0606,-2.0606,-2.3465,0,0,0,7.2294,7.6844,9.2213,9.2213,9.6870,0,0,0
16.617334,1788533116.384839,-9.3364,-10.0301,-10.0301,-10.0301,-10.6106,0,0,0,0.2353,0.8177,-1.7989,-1.7989,-2.7027,0,0,0,80.5174,85.9252,128.8879,90.0000,90.0000,0,1,0,-3.8856,-4.1776,5.0131,5.0131,5.1504,0,0,0,-1.4420,-1.7038,-2.0445,-2.0445,-2.3277,0,0,0,7.2294,7.6623,9.1948,9.1948,9.6529,0,0,0
16.625332,1788533116.393451,-9.1014,-9.9821,-9.9821,-9.9821,-10.5746,0,0,0,0.1448,0.7830,-1.7226,-1.7226,-2.6511,0,0,0,77.3062,85.4696,128.2044,90.0000,90.0000,0,1,0,-4.6231,-4.2005,5.0406,5.0406,5.1459,0,0,0,-1.2568,-1.6808,-2.0169,-2.0169,-2.3087,0,0,0,6.2417,7.5890,9.1068,9.1068,9.6191,0,0,0
16.633403,1788533116.393451,-9.1014,-9.9396,-9.9396,-9.9396,-10.5376,0,0,0,0.1448,0.7523,-1.6550,-1.6550,-2.5971,0,0,0,77.3062,85.0656,127.5984,90.0000,90.0000,0,1,0,-4.6231,-4.2207,5.0649,5.0649,5.1404,0,0,0,-1.2568,-1.6604,-1.9925,-1.9925,-2.2895,0,0,0,6.2417,7.5241,9.0289,9.0289,9.5858,0,0,0
16.642059,1788533116.408520,-9.1014,-9.8666,-9.8666,-9.8666,-10.4998,0,0,0,0.1448,0.6995,-1.5389,-1.5389,-2.5409,0,0,0,77.3062,84.3711,126.5567,90.0000,90.0000,0,1,0,-4.6231,-4.2555,5.1066,5.1066,5.1339,0,0,0,-1.2568,-1.6254,-1.9505,-1.9505,-2.2702,0,0,0,6.2417,7.4125,8.8950,8.8950,9.5529,0,0,0
16.650153,1788533116.408520,-9.1014,-9.8297,-9.8297,-9.8297,-10.4613,0,0,0,0.1448,0.6728,-1.4801,-1.4801,-2.4828,0,0,0,77.3062,84.0196,126.0295,90.0000,90.0000,0,1,0,-4.6231,-4.2731,5.1277,5.1277,5.1273,0,0,0,-1.2568,-1.6078,-1.9293,-1.9293,-2.2507,0,0,0,6.2417,7.3561,8.8273,8.8273,9.5194,0,0,0
16.658163,1788533116.424277,-9.1014,-9.7637,-9.7637,-9.7637,-10.4220,0,0,0,0.1448,0.6250,-1.3750,-1.3750,-2.4229,0,0,0,77.3062,83.3916,125.0874,90.0000,90.0000,0,1,0,-4.6231,-4.3047,5.1656,5.1656,5.1210,0,0,0,-1.2568,-1.5761,-1.8913,-1.8913,-2.2309,0,0,0,6.2417,7.2551,8.7061,8.7061,9.4845,0,0,0
16.665577,1788533116.433291,-9.1014,-9.7279,-9.7279,-9.7279,-10.3919,0,0,0,0.1448,0.5991,-1.3181,-1.3181,-2.3765,0,0,0,77.3062,83.0517,124.5775,90.0000,90.0000,0,1,0,-4.6231,-4.3217,5.1861,5.1861,5.1170,0,0,0,-1.2568,-1.5589,-1.8707,-1.8707,-2.2158,0,0,0,6.2417,7.2003,8.6404,8.6404,9.4568,0,0,0
16.674112,1788533116.441213,-9.1014,-9.6980,-9.6980,-9.6980,-10.3509,0,0,0,0.1448,0.5775,-1.2704,-1.2704,-2.3129,0,0,0,77.3062,82.7671,124.1507,90.0000,90.0000,0,1,0,-4.6231,-4.3360,5.2032,5.2032,5.1128,0,0,0,-1.2568,-1.5445,-1.8534,-1.8534,-2.1951,0,0,0,6.2417,7.1545,8.5855,8.5855,9.4175,0,0,0
16.682087,1788533116.441213,-9.1014,-9.6692,-9.6692,-9.6692,-10.3086,0,0,0,0.1448,0.5566,-1.2246,-1.2246,-2.2468,0,0,0,77.3062,82.4938,123.7406,90.0000,90.0000,0,1,0,-4.6231,-4.3498,5.2197,5.2197,5.1104,0,0,0,-1.2568,-1.5307,-1.8369,-1.8369,-2.1736,0,0,0,6.2417,7.1105,8.5326,8.5326,9.3742,0,0,0
16.690232,1788533116.457803,-9.1014,-9.6153,-9.6153,-9.6153,-10.2651,0,0,0,0.1448,0.5176,-1.1387,-1.1387,-2.1784,0,0,0,77.3062,81.9831,122.9746,90.0000,90.0000,0,1,0,-4.6231,-4.3756,5.2507,5.2507,5.1101,0,0,0,-1.2568,-1.5048,-1.8058,-1.8058,-2.1513,0,0,0,6.2417,7.0279,8.4335,8.4335,9.3269,0,0,0
16.697738,1788533116.457803,-9.1014,-9.5905,-9.5905,-9.5905,-10.2211,0,0,0,0.1448,0.4996,-1.0992,-1.0992,-2.1089,0,0,0,77.3062,81.7489,122.6233,90.0000,90.0000,0,1,0,-4.6231,-4.3875,5.2650,5.2650,5.1116,0,0,0,-1.2568,-1.4929,-1.7915,-1.7915,-2.1287,0,0,0,6.2417,6.9900,8.3880,8.3880,9.2768,0,0,0
16.706273,1788533116.473855,-9.1014,-9.5454,-9.5454,-9.5454,-10.1765,0,0,0,0.1448,0.4670,-1.0274,-1.0274,-2.0384,0,0,0,77.3062,81.3244,121.9867,90.0000,90.0000,0,1,0,-4.6231,-4.4091,5.2909,5.2909,5.1149,0,0,0,-1.2568,-1.4712,-1.7654,-1.7654,-2.1056,0,0,0,6.2417,6.9209,8.3051,8.3051,9.2238,0,0,0
16.713782,1788533116.481905,-8.6958,-9.5042,-9.5042,-9.5042,-10.1316,0,0,0,0.0345,0.4461,-0.9813,-0.9813,-1.9671,0,0,0,68.2342,80.6616,120.9924,90.0000,90.0000,0,1,0,-4.0805,-4.3933,5.2719,5.2719,5.1200,0,0,0,-1.6709,-1.4808,-1.7770,-1.7770,-2.0822,0,0,0,6.1256,6.8823,8.2588,8.2588,9.1680,0,0,0
16.721781,1788533116.481905,-8.6958,-9.4653,-9.4653,-9.4653,-10.0865,0,0,0,0.0345,0.4263,-0.9378,-0.9378,-1.8953,0,0,0,68.2342,80.0323,120.0485,90.0000,90.0000,0,1,0,-4.0805,-4.3783,5.2539,5.2539,5.1269,0,0,0,-1.6709,-1.4900,-1.7880,-1.7880,-2.0585,0,0,0,6.1256,6.8458,8.2150,8.2150,9.1098,0,0,0
16.729799,1788533116.497915,-8.6958,-9.3945,-9.3945,-9.3945,-10.0413,0,0,0,0.0345,0.3903,-0.8586,-0.8586,-1.8235,0,0,0,68.2342,78.8920,118.3380,90.0000,90.0000,0,1,0,-4.0805,-4.3510,5.2213,5.2213,5.1348,0,0,0,-1.6709,-1.5065,-1.8078,-1.8078,-2.0350,0,0,0,6.1256,6.7795,8.1354,8.1354,9.0496,0,0,0
16.737798,1788533116.505923,-8.6958,-9.3607,-9.3607,-9.3607,-9.9961,0,0,0,0.0345,0.3732,-0.8210,-0.8210,-1.7521,0,0,0,68.2342,78.3483,117.5224,90.0000,90.0000,0,1,0,-4.0805,-4.3381,5.2057,5.2057,5.1432,0,0,0,-1.6709,-1.5144,-1.8173,-1.8173,-2.0123,0,0,0,6.1256,6.7479,8.0975,8.0975,8.9882,0,0,0
16.745805,1788533116.513922,-8.6958,-9.3287,-9.3287,-9.3287,-9.9506,0,0,0,0.0345,0.3569,-0.7851,-0.7851,-1.6811,0,0,0,68.2342,77.8309,116.7464,90.0000,90.0000,0,1,0,-4.0805,-4.3258,5.1909,5.1909,5.1513,0,0,0,-1.6709,-1.5219,-1.8263,-1.8263,-1.9908,0,0,0,6.1256,6.7179,8.0615,8.0615,8.9258,0,0,0
16.753805,1788533116.513922,-8.6958,-9.2982,-9.2982,-9.2982,-9.9050,0,0,0,0.0345,0.3414,-0.7510,-0.7510,-1.6109,0,0,0,68.2342,77.3385,116.0077,90.0000,90.0000,0,1,0,-4.0805,-4.3140,5.1768,5.1768,5.1586,0,0,0,-1.6709,-1.5291,-1.8349,-1.8349,-1.9710,0,0,0,6.1256,6.6893,8.0272,8.0272,8.8627,0,0,0
16.762320,1788533116.513922,-8.6958,-9.2691,-9.2691,-9.2691,-9.8708,0,0,0,0.0345,0.3266,-0.7186,-0.7186,-1.5589,0,0,0,68.2342,76.8700,115.3050,90.0000,90.0000,0,1,0,-4.0805,-4.3028,5.1634,5.1634,5.1635,0,0,0,-1.6709,-1.5359,-1.8430,-1.8430,-1.9573,0,0,0,6.1256,6.6622,7.9946,7.9946,8.8154,0,0,0
16.770367,1788533116.536976,-8.6958,-9.1961,-9.1961,-9.1961,-9.8254,0,0,0,0.0345,0.2895,-0.6369,-0.6369,-1.4908,0,0,0,68.2342,75.7066,113.5599,90.0000,90.0000,0,1,0,-4.0805,-4.2747,5.1296,5.1296,5.1691,0,0,0,-1.6709,-1.5530,-1.8635,-1.8635,-1.9406,0,0,0,6.1256,6.5938,7.9126,7.9126,8.7526,0,0,0
16.778421,1788533116.536976,-8.6958,-9.1720,-9.1720,-9.1720,-9.7805,0,0,0,0.0345,0.2772,-0.6099,-0.6099,-1.4244,0,0,0,68.2342,75.3229,112.9844,90.0000,90.0000,0,1,0,-4.0805,-4.2654,5.1185,5.1185,5.1734,0,0,0,-1.6709,-1.5586,-1.8703,-1.8703,-1.9258,0,0,0,6.1256,6.5712,7.8855,7.8855,8.6906,0,0,0
16.786575,1788533116.536976,-8.6958,-9.1491,-9.1491,-9.1491,-9.7359,0,0,0,0.0345,0.2656,-0.5843,-0.5843,-1.3595,0,0,0,68.2342,74.9584,112.4377,90.0000,90.0000,0,1,0,-4.0805,-4.2565,5.1079,5.1079,5.1764,0,0,0,-1.6709,-1.5640,-1.8768,-1.8768,-1.9130,0,0,0,6.1256,6.5498,7.8597,7.8597,8.6293,0,0,0
16.794574,1788533116.560695,-8.6958,-9.0899,-9.0899,-9.0899,-9.6916,0,0,0,0.0345,0.2355,-0.5181,-0.5181,-1.2963,0,0,0,68.2342,74.0317,111.0476,90.0000,90.0000,0,1,0,-4.0805,-4.2337,5.0804,5.0804,5.1779,0,0,0,-1.6709,-1.5779,-1.8934,-1.8934,-1.9021,0,0,0,6.1256,6.4944,7.7933,7.7933,8.5690,0,0,0
16.802574,1788533116.560695,-8.6958,-9.0710,-9.0710,-9.0710,-9.6480,0,0,0,0.0345,0.2258,-0.4969,-0.4969,-1.2348,0,0,0,68.2342,73.7349,110.6024,90.0000,90.0000,0,1,0,-4.0805,-4.2264,5.0716,5.0716,5.1780,0,0,0,-1.6709,-1.5823,-1.8988,-1.8988,-1.8930,0,0,0,6.1256,6.4767,7.7720,7.7720,8.5099,0,0,0
16.810623,1788533116.577221,-7.9583,-8.9656,-8.9656,-8.9656,-9.6047,0,0,0,-0.1133,0.1938,-0.4264,-0.4264,-1.1750,0,0,0,56.2323,71.9720,107.9580,90.0000,90.0000,0,1,0,-3.0898,-4.1193,4.9432,4.9432,5.1766,0,0,0,-1.8335,-1.6059,-1.9271,-1.9271,-1.8858,0,0,0,5.6914,6.4023,7.6828,7.6828,8.4518,0,0,0
16.818722,1788533116.577221,-7.9583,-8.9171,-8.9171,-8.9171,-9.5724,0,0,0,-0.1133,0.1791,-0.3940,-0.3940,-1.1310,0,0,0,56.2323,71.1570,106.7355,90.0000,90.0000,0,1,0,-3.0898,-4.0699,4.8839,4.8839,5.1747,0,0,0,-1.8335,-1.6168,-1.9402,-1.9402,-1.8815,0,0,0,5.6914,6.3681,7.6417,7.6417,8.4089,0,0,0
16.826330,1788533116.577221,-7.9583,-8.8709,-8.8709,-8.8709,-9.5187,0,0,0,-0.1133,0.1650,-0.3631,-0.3631,-1.0595,0,0,0,56.2323,70.3797,105.5695,90.0000,90.0000,0,1,0,-3.0898,-4.0229,4.8275,4.8275,5.1688,0,0,0,-1.8335,-1.6272,-1.9526,-1.9526,-1.8766,0,0,0,5.6914,6.3355,7.6026,7.6026,8.3386,0,0,0
16.834755,1788533116.602242,-7.9583,-8.7461,-8.7461,-8.7461,-9.4750,0,0,0,-0.1133,0.1271,-0.2796,-0.2796,-1.0036,0,0,0,56.2323,68.3102,102.4653,90.0000,90.0000,0,1,0,-3.0898,-3.8958,4.6750,4.6750,5.1604,0,0,0,-1.8335,-1.6552,-1.9863,-1.9863,-1.8747,0,0,0,5.6914,6.2475,7.4970,7.4970,8.2829,0,0,0
16.841938,1788533116.609873,-7.6253,-8.6945,-8.6945,-8.6945,-9.4419,0,0,0,-0.3671,0.1044,-0.2297,-0.2297,-0.9625,0,0,0,49.6995,67.3783,101.0675,90.0000,90.0000,0,1,0,-3.7823,-3.8906,4.6687,4.6687,5.1518,0,0,0,-1.8451,-1.6639,-1.9967,-1.9967,-1.8743,0,0,0,6.4850,6.2584,7.5101,7.5101,8.2416,0,0,0
16.850459,1788533116.609873,-7.6253,-8.6429,-8.6429,-8.6429,-9.3968,0,0,0,-0.3671,0.0818,-0.1799,-0.1799,-0.9088,0,0,0,49.6995,66.4460,99.6690,90.0000,90.0000,0,1,0,-3.7823,-3.8854,4.6625,4.6625,5.1369,0,0,0,-1.8451,-1.6726,-2.0071,-2.0071,-1.8754,0,0,0,6.4850,6.2693,7.5232,7.5232,8.1868,0,0,0
16.857990,1788533116.609873,-7.6253,-8.5938,-8.5938,-8.5938,-9.3502,0,0,0,-0.3671,0.0602,-0.1324,-0.1324,-0.8556,0,0,0,49.6995,65.5575,98.3362,90.0000,90.0000,0,1,0,-3.7823,-3.8804,4.6565,4.6565,5.1173,0,0,0,-1.8451,-1.6809,-2.0170,-2.0170,-1.8781,0,0,0,6.4850,6.2797,7.5356,7.5356,8.1321,0,0,0
16.866422,1788533116.634120,-7.5564,-8.4557,-8.4557,-8.4557,-9.3021,0,0,0,-0.4036,-0.0013,0.0029,0.0029,-0.8030,0,0,0,48.4275,63.0780,94.6169,90.0000,90.0000,0,1,0,-3.9595,-3.8909,4.6691,4.6691,5.0941,0,0,0,-1.9347,-1.7144,-2.0573,-2.0573,-1.8824,0,0,0,6.4850,6.3069,7.5683,7.5683,8.0786,0,0,0
16.874449,1788533116.640566,-7.5564,-8.4204,-8.4204,-8.4204,-9.2528,0,0,0,-0.4036,-0.0171,0.0375,0.0375,-0.7508,0,0,0,48.4275,62.4436,93.6654,90.0000,90.0000,0,1,0,-3.9595,-3.8936,4.6723,4.6723,5.0685,0,0,0,-1.9347,-1.7230,-2.0676,-2.0676,-1.8879,0,0,0,6.4850,6.3139,7.5767,7.5767,8.0272,0,0,0
16.881653,1788533116.649775,-7.5564,-8.3728,-8.3728,-8.3728,-9.2150,0,0,0,-0.4036,-0.0383,0.0842,0.0842,-0.7117,0,0,0,48.4275,61.5898,92.3846,90.0000,90.0000,0,1,0,-3.9595,-3.8972,4.6766,4.6766,5.0482,0,0,0,-1.9347,-1.7346,-2.0815,-2.0815,-1.8929,0,0,0,6.4850,6.3233,7.5879,7.5879,7.9904,0,0,0
16.890174,1788533116.649775,-7.5564,-8.3334,-8.3334,-8.3334,-9.1495,0,0,0,-0.4036,-0.0558,0.1228,0.1228,-0.6455,0,0,0,48.4275,60.8853,91.3280,90.0000,90.0000,0,1,0,-3.9595,-3.9002,4.6802,4.6802,5.0136,0,0,0,-1.9347,-1.7442,-2.0930,-2.0930,-1.9028,0,0,0,6.4850,6.3311,7.5973,7.5973,7.9334,0,0,0
16.898704,1788533116.666295,-6.6423,-8.1731,-8.1731,-8.1731,-9.0955,0,0,0,-0.2994,-0.0788,0.1734,0.1734,-0.5919,0,0,0,41.7914,58.8863,88.3295,89.0400,90.0000,1,0,0,-4.5108,-3.9577,4.7492,4.7492,4.9859,0,0,0,-1.8135,-1.7507,-2.1009,-2.1009,-1.9121,0,0,0,6.9177,6.3864,7.6636,7.6636,7.8919,0,0,0
16.906230,1788533116.673816,-6.6423,-8.1034,-8.1034,-8.1034,-9.0405,0,0,0,-0.2994,-0.0888,0.1954,0.1954,-0.5381,0,0,0,41.7914,58.0174,87.0261,88.0800,90.0000,1,0,0,-4.5108,-3.9827,4.7792,4.7792,4.9590,0,0,0,-1.8135,-1.7536,-2.1043,-2.1043,-1.9224,0,0,0,6.9177,6.4104,7.6925,7.6925,7.8542,0,0,0
16.914763,1788533116.682873,-6.6423,-8.0239,-8.0239,-8.0239,-8.9986,0,0,0,-0.2994,-0.1002,0.2204,0.2204,-0.4978,0,0,0,41.7914,57.0305,85.5458,87.1200,89.9976,1,0,0,-4.5108,-4.0111,4.8133,4.8133,4.9396,0,0,0,-1.8135,-1.7568,-2.1081,-2.1081,-1.9306,0,0,0,6.9177,6.4377,7.7253,7.7253,7.8286,0,0,0
16.922759,1788533116.689881,-4.6501,-7.8800,-7.8800,-7.8800,-8.9410,0,0,0,0.6646,-0.0678,0.1492,0.1492,-0.4441,0,0,0,37.1468,56.0748,84.1122,86.1600,89.9794,1,0,0,-4.5252,-4.0328,4.8394,4.8394,4.9158,0,0,0,-1.6620,-1.7528,-2.1033,-2.1033,-1.9420,0,0,0,7.0158,6.4621,7.7546,7.7546,7.7985,0,0,0
16.930288,1788533116.697877,-4.6501,-7.7234,-7.7234,-7.7234,-8.8813,0,0,0,0.6646,-0.0327,0.0720,0.0720,-0.3910,0,0,0,37.1468,55.0379,82.5569,85.2000,89.9326,1,0,0,-4.5252,-4.0564,4.8676,4.8676,4.8948,0,0,0,-1.6620,-1.7484,-2.0981,-2.0981,-1.9538,0,0,0,7.0158,6.4887,7.7864,7.7864,7.7731,0,0,0
16.938346,1788533116.697877,-4.6501,-7.5741,-7.5741,-7.5741,-8.8196,0,0,0,0.6646,0.0007,-0.0016,-0.0016,-0.3391,0,0,0,37.1468,54.0528,81.0792,84.2400,89.8473,1,0,0,-4.5252,-4.0788,4.8946,4.8946,4.8769,0,0,0,-1.6620,-1.7443,-2.0932,-2.0932,-1.9657,0,0,0,7.0158,6.5139,7.8167,7.8167,7.7524,0,0,0
16.946256,1788533116.714100,-4.6501,-7.2996,-7.2996,-7.2996,-8.7551,0,0,0,0.6646,0.0622,-0.1368,-0.1368,-0.2900,0,0,0,37.1468,52.2702,78.4053,83.2800,89.7167,1,0,0,-4.5252,-4.1201,4.9442,4.9442,4.8623,0,0,0,-1.6620,-1.7367,-2.0840,-2.0840,-1.9774,0,0,0,7.0158,6.5603,7.8724,7.8724,7.7363,0,0,0
16.954268,1788533116.721388,-3.4042,-7.1261,-7.1261,-7.1261,-8.7042,0,0,0,1.0779,0.1067,-0.2347,-0.2347,-0.2559,0,0,0,31.7860,51.2332,76.8498,82.3200,89.5863,1,0,0,-4.9047,-4.1545,4.9854,4.9854,4.8535,0,0,0,-1.4703,-1.7250,-2.0700,-2.0700,-1.9859,0,0,0,7.6289,6.6071,7.9286,7.9286,7.7271,0,0,0
16.962784,1788533116.729902,-3.4042,-6.9334,-6.9334,-6.9334,-8.6322,0,0,0,1.0779,0.1560,-0.3432,-0.3432,-0.2154,0,0,0,31.7860,50.0874,75.1311,81.3600,89.3657,1,0,0,-4.9047,-4.1927,5.0312,5.0312,4.8446,0,0,0,-1.4703,-1.7121,-2.0545,-2.0545,-1.9966,0,0,0,7.6289,6.6591,7.9909,7.9909,7.7186,0,0,0
16.970820,1788533116.729902,-3.4042,-6.7610,-6.7610,-6.7610,-8.5522,0,0,0,1.0779,0.2002,-0.4404,-0.4404,-0.1828,0,0,0,31.7860,49.0663,73.5995,80.4000,89.0805,1,0,0,-4.9047,-4.2268,5.0722,5.0722,4.8397,0,0,0,-1.4703,-1.7005,-2.0406,-2.0406,-2.0064,0,0,0,7.6289,6.7056,8.0467,8.0467,7.7150,0,0,0
16.978821,1788533116.745939,-3.4042,-6.4476,-6.4476,-6.4476,-8.4623,0,0,0,1.0779,0.2806,-0.6174,-0.6174,-0.1596,0,0,0,31.7860,47.2418,70.8627,79.4400,88.7274,1,0,0,-4.9047,-4.2890,5.1469,5.1469,4.8390,0,0,0,-1.4703,-1.6794,-2.0153,-2.0153,-2.0150,0,0,0,7.6289,6.7903,8.1484,8.1484,7.7167,0,0,0
16.986350,1788533116.745939,-3.4042,-6.2987,-6.2987,-6.2987,-8.3630,0,0,0,1.0779,0.3189,-0.7015,-0.7015,-0.1460,0,0,0,31.7860,46.3801,69.5702,78.4800,88.3107,1,0,0,-4.9047,-4.3186,5.1823,5.1823,4.8423,0,0,0,-1.4703,-1.6694,-2.0033,-2.0033,-2.0222,0,0,0,7.6289,6.8306,8.1967,8.1967,7.7236,0,0,0
16.994877,1788533116.761484,-3.4042,-6.0357,-6.0357,-6.0357,-8.2537,0,0,0,1.0779,0.3865,-0.8504,-0.8504,-0.1426,0,0,0,31.7860,44.8842,67.3264,77.5200,87.8349,1,0,0,-4.9047,-4.3709,5.2451,5.2451,4.8498,0,0,0,-1.4703,-1.6517,-1.9820,-1.9820,-2.0279,0,0,0,7.6289,6.9018,8.2822,8.2822,7.7359,0,0,0
17.002880,1788533116.769001,-2.7406,-5.8836,-5.8836,-5.8836,-8.1348,0,0,0,0.8259,0.4064,-0.8941,-0.8941,-0.1494,0,0,0,26.0180,43.8919,65.8378,76.5600,87.3043,1,0,0,-4.8718,-4.3936,5.2723,5.2723,4.8614,0,0,0,-1.3151,-1.6365,-1.9638,-1.9638,-2.0319,0,0,0,6.8564,6.8998,8.2797,8.2797,7.7533,0,0,0
17.010054,1788533116.777148,-2.6286,-5.7212,-5.7212,-5.7212,-8.0065,0,0,0,0.7767,0.4245,-0.9339,-0.9339,-0.1662,0,0,0,24.7810,42.8025,64.2038,75.6000,86.7236,1,0,0,-4.8925,-4.4179,5.3015,5.3015,4.8768,0,0,0,-1.2912,-1.6197,-1.9436,-1.9436,-2.0343,0,0,0,6.8564,6.8977,8.2772,8.2772,7.7756,0,0,0
17.018055,1788533116.777148,-2.6286,-5.5694,-5.5694,-5.5694,-7.8700,0,0,0,0.7767,0.4414,-0.9711,-0.9711,-0.1918,0,0,0,24.7810,41.7891,62.6837,74.6400,86.0969,1,0,0,-4.8925,-4.4407,5.3289,5.3289,4.8956,0,0,0,-1.2912,-1.6039,-1.9247,-1.9247,-2.0350,0,0,0,6.8564,6.8957,8.2748,8.2748,7.8019,0,0,0
17.026066,1788533116.795187,-2.4851,-5.2480,-5.2480,-5.2480,-7.7266,0,0,0,0.7729,0.4752,-1.0455,-1.0455,-0.2245,0,0,0,23.7176,39.6589,59.4883,73.6800,85.4286,1,0,0,-4.9781,-4.4956,5.3947,5.3947,4.9172,0,0,0,-1.2460,-1.5675,-1.8809,-1.8809,-2.0341,0,0,0,7.2148,6.9283,8.3139,8.3139,7.8308,0,0,0
17.034306,1788533116.795187,-2.4851,-5.1124,-5.1124,-5.1124,-7.5774,0,0,0,0.7729,0.4895,-1.0769,-1.0769,-0.2630,0,0,0,23.7176,38.7648,58.1472,72.7200,84.7226,1,0,0,-4.9781,-4.5188,5.4225,5.4225,4.9412,0,0,0,-1.2460,-1.5520,-1.8625,-1.8625,-2.0315,0,0,0,7.2148,6.9420,8.3304,8.3304,7.8611,0,0,0
17.042835,1788533116.795187,-2.4851,-4.9834,-4.9834,-4.9834,-7.4614,0,0,0,0.7729,0.5031,-1.1069,-1.1069,-0.2951,0,0,0,23.7176,37.9193,56.8790,71.7600,84.1708,1,0,0,-4.9781,-4.5409,5.4490,5.4490,4.9607,0,0,0,-1.2460,-1.5374,-1.8449,-1.8449,-2.0284,0,0,0,7.2148,6.9551,8.3461,8.3461,7.8846,0,0,0
17.050197,1788533116.817882,-1.9948,-4.6019,-4.6019,-4.6019,-7.3015,0,0,0,0.7719,0.5367,-1.1808,-1.1808,-0.3415,0,0,0,20.3597,35.4028,53.1042,70.8000,83.4080,1,0,0,-4.9783,-4.5956,5.5148,5.5148,4.9886,0,0,0,-1.2290,-1.4988,-1.7986,-1.7986,-2.0226,0,0,0,7.1358,6.9777,8.3732,8.3732,7.9166,0,0,0
17.058974,1788533116.826444,-1.9948,-4.4654,-4.4654,-4.4654,-7.1372,0,0,0,0.7719,0.5488,-1.2073,-1.2073,-0.3908,0,0,0,20.3597,34.5083,51.7624,69.8400,82.6174,1,0,0,-4.9783,-4.6152,5.5383,5.5383,5.0182,0,0,0,-1.2290,-1.4850,-1.7820,-1.7820,-2.0151,0,0,0,7.1358,6.9858,8.3830,8.3830,7.9489,0,0,0
17.066504,1788533116.826444,-1.9948,-4.3441,-4.3441,-4.3441,-6.9681,0,0,0,0.7719,0.5595,-1.2309,-1.2309,-0.4424,0,0,0,20.3597,33.7178,50.5767,68.8800,81.8021,1,0,0,-4.9783,-4.6327,5.5592,5.5592,5.0494,0,0,0,-1.2290,-1.4728,-1.7673,-1.7673,-2.0059,0,0,0,7.1358,6.9930,8.3916,8.3916,7.9814,0,0,0
17.074725,1788533116.842828,-1.9948,-4.1196,-4.1196,-4.1196,-6.7935,0,0,0,0.7719,0.5794,-1.2746,-1.2746,-0.4959,0,0,0,20.3597,32.2818,48.4228,67.9200,80.9651,1,0,0,-4.9783,-4.6650,5.5981,5.5981,5.0821,0,0,0,-1.2290,-1.4500,-1.7400,-1.7400,-1.9950,0,0,0,7.1358,7.0063,8.4076,8.4076,8.0136,0,0,0
17.082383,1788533116.849362,-1.9948,-4.0336,-4.0336,-4.0336,-6.6155,0,0,0,0.7719,0.5870,-1.2913,-1.2913,-0.5502,0,0,0,20.3597,31.7345,47.6018,66.9600,80.1088,1,0,0,-4.9783,-4.6774,5.6129,5.6129,5.1158,0,0,0,-1.2290,-1.4412,-1.7295,-1.7295,-1.9826,0,0,0,7.1358,7.0115,8.4138,8.4138,8.0454,0,0,0
17.090901,1788533116.849362,-1.9948,-3.9336,-3.9336,-3.9336,-6.4348,0,0,0,0.7719,0.5958,-1.3109,-1.3109,-0.6050,0,0,0,20.3597,31.1016,46.6525,66.0000,79.2358,1,0,0,-4.9783,-4.6919,5.6303,5.6303,5.1502,0,0,0,-1.2290,-1.4311,-1.7173,-1.7173,-1.9689,0,0,0,7.1358,7.0174,8.4209,8.4209,8.0763,0,0,0
17.098418,1788533116.866526,-1.9948,-3.7404,-3.7404,-3.7404,-6.2526,0,0,0,0.7719,0.6130,-1.3487,-1.3487,-0.6596,0,0,0,20.3597,29.9046,44.8570,65.0400,78.3482,1,0,0,-4.9783,-4.7199,5.6639,5.6639,5.1850,0,0,0,-1.2290,-1.4114,-1.6936,-1.6936,-1.9542,0,0,0,7.1358,7.0290,8.4348,8.4348,8.1064,0,0,0
17.106929,1788533116.874527,-1.9948,-3.6548,-3.6548,-3.6548,-6.0706,0,0,0,0.7719,0.6206,-1.3654,-1.3654,-0.7134,0,0,0,20.3597,29.3779,44.0668,64.0800,77.4478,1,0,0,-4.9783,-4.7323,5.6787,5.6787,5.2198,0,0,0,-1.2290,-1.4026,-1.6831,-1.6831,-1.9386,0,0,0,7.1358,7.0341,8.4409,8.4409,8.1353,0,0,0
17.114168,1788533116.883225,-1.9948,-3.5667,-3.5667,-3.5667,-5.8895,0,0,0,0.7719,0.6285,-1.3827,-1.3827,-0.7663,0,0,0,20.3597,28.8401,43.2602,63.1200,76.5365,1,0,0,-4.9783,-4.7451,5.6941,5.6941,5.2545,0,0,0,-1.2290,-1.3936,-1.6723,-1.6723,-1.9224,0,0,0,7.1358,7.0394,8.4473,8.4473,8.1629,0,0,0
17.122218,1788533116.890323,-1.7925,-3.4891,-3.4891,-3.4891,-5.7098,0,0,0,0.5535,0.6253,-1.3756,-1.3756,-0.8178,0,0,0,14.1767,28.1165,42.1747,62.1600,75.6158,1,0,0,-5.0490,-4.7581,5.7097,5.7097,5.2888,0,0,0,-1.3088,-1.3900,-1.6680,-1.6680,-1.9056,0,0,0,7.8282,7.0731,8.4878,8.4878,8.1894,0,0,0
17.131122,1788533116.898334,-1.7925,-3.4058,-3.4058,-3.4058,-5.5767,0,0,0,0.5535,0.6218,-1.3681,-1.3681,-0.8555,0,0,0,14.1767,27.3434,41.0151,61.2000,74.9198,1,0,0,-5.0490,-4.7721,5.7265,5.7265,5.3142,0,0,0,-1.3088,-1.3861,-1.6633,-1.6633,-1.8929,0,0,0,7.8282,7.1094,8.5313,8.5313,8.2083,0,0,0
17.139126,1788533116.906337,-1.5343,-3.3140,-3.3140,-3.3140,-5.4024,0,0,0,0.5097,0.6165,-1.3562,-1.3562,-0.9040,0,0,0,13.1968,26.5581,39.8371,60.2400,73.9858,1,0,0,-4.7958,-4.7732,5.7279,5.7279,5.3474,0,0,0,-1.2454,-1.3793,-1.6552,-1.6552,-1.8757,0,0,0,7.7184,7.1387,8.5664,8.5664,8.2325,0,0,0
17.146210,1788533116.915331,-1.5343,-3.2164,-3.2164,-3.2164,-5.2325,0,0,0,0.5097,0.6107,-1.3436,-1.3436,-0.9502,0,0,0,13.1968,25.7298,38.5947,59.2800,73.0458,1,0,0,-4.7958,-4.7744,5.7293,5.7293,5.3797,0,0,0,-1.2454,-1.3722,-1.6466,-1.6466,-1.8587,0,0,0,7.7184,7.1698,8.6038,8.6038,8.2561,0,0,0
17.155122,1788533116.922326,-1.5343,-3.1439,-3.1439,-3.1439,-5.0674,0,0,0,0.5097,0.6065,-1.3343,-1.3343,-0.9935,0,0,0,13.1968,25.1161,37.6741,58.3200,72.1008,1,0,0,-4.7958,-4.7753,5.7304,5.7304,5.4110,0,0,0,-1.2454,-1.3668,-1.6402,-1.6402,-1.8419,0,0,0,7.7184,7.1930,8.6316,8.6316,8.2794,0,0,0
17.162123,1788533116.931325,-1.5343,-3.0556,-3.0556,-3.0556,-4.9075,0,0,0,0.5097,0.6013,-1.3229,-1.3229,-1.0336,0,0,0,13.1968,24.3758,36.5638,57.3600,71.1515,1,0,0,-4.7958,-4.7764,5.7317,5.7317,5.4410,0,0,0,-1.2454,-1.3603,-1.6324,-1.6324,-1.8255,0,0,0,7.7184,7.2212,8.6655,8.6655,8.3028,0,0,0
17.170813,1788533116.939000,-1.5343,-2.9839,-2.9839,-2.9839,-4.7527,0,0,0,0.5097,0.5971,-1.3136,-1.3136,-1.0703,0,0,0,13.1968,23.7781,35.6672,56.4000,70.1988,1,0,0,-4.7958,-4.7773,5.7328,5.7328,5.4695,0,0,0,-1.2454,-1.3550,-1.6260,-1.6260,-1.8096,0,0,0,7.7184,7.2442,8.6930,8.6930,8.3265,0,0,0
17.179144,1788533116.946692,-1.5343,-2.9154,-2.9154,-2.9154,-4.6034,0,0,0,0.5097,0.5930,-1.3047,-1.3047,-1.1035,0,0,0,13.1968,23.2113,34.8169,55.4400,69.2433,1,0,0,-4.7958,-4.7782,5.7338,5.7338,5.4963,0,0,0,-1.2454,-1.3499,-1.6199,-1.6199,-1.7941,0,0,0,7.7184,7.2661,8.7194,8.7194,8.3504,0,0,0
17.186826,1788533116.946692,-1.5343,-2.8477,-2.8477,-2.8477,-4.4949,0,0,0,0.5097,0.5891,-1.2959,-1.2959,-1.1262,0,0,0,13.1968,22.6549,33.9823,54.4800,68.5251,1,0,0,-4.7958,-4.7790,5.7348,5.7348,5.5153,0,0,0,-1.2454,-1.3449,-1.6139,-1.6139,-1.7829,0,0,0,7.7184,7.2879,8.7454,8.7454,8.3686,0,0,0
17.194825,1788533116.946692,-1.5343,-2.7834,-2.7834,-2.7834,-4.3550,0,0,0,0.5097,0.5853,-1.2876,-1.2876,-1.1534,0,0,0,13.1968,22.1299,33.1949,53.5200,67.5658,1,0,0,-4.7958,-4.7798,5.7358,5.7358,5.5390,0,0,0,-1.2454,-1.3402,-1.6082,-1.6082,-1.7684,0,0,0,7.7184,7.3086,8.7703,8.7703,8.3932,0,0,0
17.202837,1788533116.970951,-1.5343,-2.6149,-2.6149,-2.6149,-4.2205,0,0,0,0.5097,0.5753,-1.2656,-1.2656,-1.1773,0,0,0,13.1968,20.7950,31.1924,52.5600,66.6050,1,0,0,-4.7958,-4.7820,5.7383,5.7383,5.5609,0,0,0,-1.2454,-1.3276,-1.5931,-1.5931,-1.7544,0,0,0,7.7184,7.3630,8.8356,8.8356,8.4180,0,0,0
17.209883,1788533116.978478,-1.5343,-2.5651,-2.5651,-2.5651,-4.0916,0,0,0,0.5097,0.5723,-1.2590,-1.2590,-1.1981,0,0,0,13.1968,20.4026,30.6039,51.6000,65.6431,1,0,0,-4.7958,-4.7826,5.7391,5.7391,5.5811,0,0,0,-1.2454,-1.3239,-1.5887,-1.5887,-1.7411,0,0,0,7.7184,7.3791,8.8549,8.8549,8.4432,0,0,0
17.218382,1788533116.978478,-1.5343,-2.5147,-2.5147,-2.5147,-3.9678,0,0,0,0.5097,0.5693,-1.2524,-1.2524,-1.2158,0,0,0,13.1968,20.0090,30.0135,50.6400,64.6802,1,0,0,-4.7958,-4.7832,5.7399,5.7399,5.5996,0,0,0,-1.2454,-1.3201,-1.5842,-1.5842,-1.7284,0,0,0,7.7184,7.3954,8.8745,8.8745,8.4686,0,0,0
17.226935,1788533116.993001,-1.5343,-2.4312,-2.4312,-2.4312,-3.8478,0,0,0,0.5097,0.5643,-1.2415,-1.2415,-1.2306,0,0,0,13.1968,19.3663,29.0494,49.6800,63.7167,1,0,0,-4.7958,-4.7843,5.7411,5.7411,5.6164,0,0,0,-1.2454,-1.3139,-1.5766,-1.5766,-1.7161,0,0,0,7.7184,7.4225,8.9070,8.9070,8.4948,0,0,0
17.234941,1788533116.993001,-1.5343,-2.3874,-2.3874,-2.3874,-3.7317,0,0,0,0.5097,0.5617,-1.2357,-1.2357,-1.2426,0,0,0,13.1968,19.0321,28.5481,48.7200,62.7528,1,0,0,-4.7958,-4.7848,5.7418,5.7418,5.6317,0,0,0,-1.2454,-1.3106,-1.5727,-1.5727,-1.7042,0,0,0,7.7184,7.4367,8.9241,8.9241,8.5215,0,0,0
17.242512,1788533116.993001,-1.5343,-2.3458,-2.3458,-2.3458,-3.6196,0,0,0,0.5097,0.5592,-1.2302,-1.2302,-1.2522,0,0,0,13.1968,18.7166,28.0749,47.7600,61.7886,1,0,0,-4.7958,-4.7854,5.7424,5.7424,5.6456,0,0,0,-1.2454,-1.3075,-1.5690,-1.5690,-1.6929,0,0,0,7.7184,7.4503,8.9403,8.9403,8.5485,0,0,0
17.250512,1788533117.018629,-1.5343,-2.2315,-2.2315,-2.2315,-3.5381,0,0,0,0.5097,0.5523,-1.2151,-1.2151,-1.2579,0,0,0,13.1968,17.8722,26.8082,46.8000,61.0653,1,0,0,-4.7958,-4.7868,5.7442,5.7442,5.6551,0,0,0,-1.2454,-1.2988,-1.5586,-1.5586,-1.6847,0,0,0,7.7184,7.4876,8.9851,8.9851,8.5690,0,0,0
17.258518,1788533117.026629,-0.0687,-2.1261,-2.1261,-2.1261,-3.4329,0,0,0,0.6236,0.5557,-1.2226,-1.2226,-1.2637,0,0,0,4.5836,17.1606,25.7409,45.8400,60.1000,1,0,0,-4.5244,-4.7742,5.7291,5.7291,5.6666,0,0,0,-0.2601,-1.2490,-1.4988,-1.4988,-1.6742,0,0,0,8.5161,7.5370,9.0444,9.0444,8.5965,0,0,0
17.266532,1788533117.034649,0.0545,-2.0196,-2.0196,-2.0196,-3.3305,0,0,0,0.6266,0.5591,-1.2301,-1.2301,-1.2674,0,0,0,4.2038,16.4632,24.6947,44.8800,59.1237,1,0,0,-4.5244,-4.7622,5.7147,5.7147,5.6769,0,0,0,-0.2601,-1.2015,-1.4418,-1.4418,-1.6639,0,0,0,8.6775,7.5920,9.1104,9.1104,8.6244,0,0,0
17.275189,1788533117.042300,0.0545,-1.9226,-1.9226,-1.9226,-3.2300,0,0,0,0.6266,0.5622,-1.2369,-1.2369,-1.2696,0,0,0,4.2038,15.8304,23.7456,43.9200,58.1336,1,0,0,-4.5244,-4.7513,5.7016,5.7016,5.6860,0,0,0,-0.2601,-1.1582,-1.3898,-1.3898,-1.6534,0,0,0,8.6775,7.6420,9.1705,9.1705,8.6533,0,0,0
17.282712,1788533117.051309,0.1893,-1.8073,-1.8073,-1.8073,-3.1308,0,0,0,0.6266,0.5657,-1.2445,-1.2445,-1.2705,0,0,0,3.8877,15.1103,22.6654,42.9600,57.1333,1,0,0,-4.5106,-4.7384,5.6861,5.6861,5.6936,0,0,0,-0.2601,-1.1099,-1.3319,-1.3319,-1.6417,0,0,0,8.6775,7.6978,9.2374,9.2374,8.6836,0,0,0
17.290937,1788533117.059051,0.1893,-1.7128,-1.7128,-1.7128,-3.0327,0,0,0,0.6266,0.5685,-1.2507,-1.2507,-1.2706,0,0,0,3.8877,14.5227,21.7841,42.0000,56.1255,1,0,0,-4.5106,-4.7278,5.6734,5.6734,5.6998,0,0,0,-0.2601,-1.0703,-1.2844,-1.2844,-1.6284,0,0,0,8.6775,7.7436,9.2923,9.2923,8.7154,0,0,0
17.298929,1788533117.059051,0.1893,-1.6199,-1.6199,-1.6199,-2.9352,0,0,0,0.6266,0.5713,-1.2569,-1.2569,-1.2702,0,0,0,3.8877,13.9478,20.9217,41.0400,55.1129,1,0,0,-4.5106,-4.7174,5.6609,5.6609,5.7045,0,0,0,-0.2601,-1.0314,-1.2376,-1.2376,-1.6131,0,0,0,8.6775,7.7886,9.3463,9.3463,8.7491,0,0,0
17.306934,1788533117.075047,0.1893,-1.4516,-1.4516,-1.4516,-2.8382,0,0,0,0.6266,0.5764,-1.2680,-1.2680,-1.2695,0,0,0,3.8877,12.9206,19.3809,40.0800,54.0974,1,0,0,-4.5106,-4.6985,5.6383,5.6383,5.7076,0,0,0,-0.2601,-0.9606,-1.1527,-1.1527,-1.5957,0,0,0,8.6775,7.8702,9.4443,9.4443,8.7846,0,0,0
17.315464,1788533117.075047,0.1893,-1.3715,-1.3715,-1.3715,-2.7414,0,0,0,0.6266,0.5788,-1.2733,-1.2733,-1.2687,0,0,0,3.8877,12.4344,18.6516,39.1200,53.0805,1,0,0,-4.5106,-4.6896,5.6275,5.6275,5.7093,0,0,0,-0.2601,-0.9269,-1.1123,-1.1123,-1.5760,0,0,0,8.6775,7.9091,9.4910,9.4910,8.8219,0,0,0
17.322526,1788533117.089637,0.1893,-1.2380,-1.2380,-1.2380,-2.6442,0,0,0,0.6266,0.5828,-1.2821,-1.2821,-1.2681,0,0,0,3.8877,11.6343,17.4514,38.1600,52.0637,1,0,0,-4.5106,-4.6745,5.6094,5.6094,5.7095,0,0,0,-0.2601,-0.8707,-1.0448,-1.0448,-1.5537,0,0,0,8.6775,7.9741,9.5689,9.5689,8.8615,0,0,0
17.330528,1788533117.099637,0.1893,-1.1521,-1.1521,-1.1521,-2.5464,0,0,0,0.6266,0.5854,-1.2878,-1.2878,-1.2676,0,0,0,3.8877,11.1230,16.6844,37.2000,51.0478,1,0,0,-4.5106,-4.6648,5.5978,5.5978,5.7083,0,0,0,-0.2601,-0.8344,-1.0013,-1.0013,-1.5287,0,0,0,8.6775,8.0159,9.6191,9.6191,8.9031,0,0,0
17.339051,1788533117.099637,0.1893,-1.0866,-1.0866,-1.0866,-2.4725,0,0,0,0.6266,0.5873,-1.2922,-1.2922,-1.2674,0,0,0,3.8877,10.7360,16.1040,36.2400,50.2870,1,0,0,-4.5106,-4.6574,5.5889,5.5889,5.7065,0,0,0,-0.2601,-0.8068,-0.9681,-0.9681,-1.5083,0,0,0,8.6775,8.0478,9.6574,9.6574,8.9358,0,0,0
17.347051,1788533117.099637,0.1893,-1.0244,-1.0244,-1.0244,-2.3734,0,0,0,0.6266,0.5892,-1.2963,-1.2963,-1.2675,0,0,0,3.8877,10.3700,15.5550,35.2800,49.2745,1,0,0,-4.5106,-4.6504,5.5805,5.5805,5.7029,0,0,0,-0.2601,-0.7805,-0.9366,-0.9366,-1.4787,0,0,0,8.6775,8.0782,9.6938,9.6938,8.9810,0,0,0
17.355043,1788533117.099637,0.1893,-0.9652,-0.9652,-0.9652,-2.2741,0,0,0,0.6266,0.5910,-1.3002,-1.3002,-1.2680,0,0,0,3.8877,10.0239,15.0359,34.3200,48.2647,1,0,0,-4.5106,-4.6437,5.5725,5.5725,5.6983,0,0,0,-0.2601,-0.7554,-0.9065,-0.9065,-1.4471,0,0,0,8.6775,8.1071,9.7285,9.7285,9.0278,0,0,0
17.363060,1788533117.099637,0.1893,-0.9089,-0.9089,-0.9089,-2.1753,0,0,0,0.6266,0.5927,-1.3040,-1.3040,-1.2689,0,0,0,3.8877,9.6967,14.5451,33.3600,47.2577,1,0,0,-4.5106,-4.6373,5.5648,5.5648,5.6926,0,0,0,-0.2601,-0.7316,-0.8779,-0.8779,-1.4137,0,0,0,8.6775,8.1346,9.7615,9.7615,9.0757,0,0,0
17.371052,1788533117.139169,0.5612,-0.6125,-0.6125,-0.6125,-2.0775,0,0,0,0.6802,0.6101,-1.3423,-1.3423,-1.2700,0,0,0,1.8579,8.0127,12.0191,32.4000,46.2539,1,0,0,-4.3042,-4.5710,5.4852,5.4852,5.6862,0,0,0,-0.5752,-0.7004,-0.8405,-0.8405,-1.3791,0,0,0,8.9702,8.3017,9.9620,9.9620,9.1242,0,0,0
17.379252,1788533117.147188,0.5612,-0.5553,-0.5553,-0.5553,-1.9811,0,0,0,0.6802,0.6135,-1.3497,-1.3497,-1.2715,0,0,0,1.8579,7.6892,11.5339,31.4400,45.2533,1,0,0,-4.3042,-4.5582,5.4699,5.4699,5.6791,0,0,0,-0.5752,-0.6943,-0.8332,-0.8332,-1.3435,0,0,0,8.9702,8.3340,10.0008,10.0008,9.1730,0,0,0
17.387424,1788533117.154396,0.5612,-0.5061,-0.5061,-0.5061,-1.8846,0,0,0,0.6802,0.6164,-1.3560,-1.3560,-1.2735,0,0,0,1.8579,7.4123,11.1184,30.4800,44.2559,1,0,0,-4.3042,-4.5472,5.4566,5.4566,5.6709,0,0,0,-0.5752,-0.6892,-0.8270,-0.8270,-1.3073,0,0,0,8.9702,8.3617,10.0341,10.0341,9.2230,0,0,0
17.394941,1788533117.164053,0.5612,-0.4441,-0.4441,-0.4441,-1.7866,0,0,0,0.6802,0.6200,-1.3641,-1.3641,-1.2764,0,0,0,1.8579,7.0649,10.5974,29.5200,43.2616,1,0,0,-4.3042,-4.5333,5.4399,5.4399,5.6611,0,0,0,-0.5752,-0.6826,-0.8191,-0.8191,-1.2708,0,0,0,8.9702,8.3968,10.0761,10.0761,9.2753,0,0,0
17.403042,1788533117.164053,0.5612,-0.3952,-0.3952,-0.3952,-1.6882,0,0,0,0.6802,0.6229,-1.3704,-1.3704,-1.2799,0,0,0,1.8579,6.7925,10.1888,28.5600,42.2704,1,0,0,-4.3042,-4.5223,5.4268,5.4268,5.6501,0,0,0,-0.5752,-0.6775,-0.8129,-0.8129,-1.2346,0,0,0,8.9702,8.4244,10.1093,10.1093,9.3290,0,0,0
17.410137,1788533117.180672,0.7010,-0.2901,-0.2901,-0.2901,-1.5901,0,0,0,0.8374,0.6432,-1.4151,-1.4151,-1.2841,0,0,0,0.8592,6.1846,9.2770,27.6000,41.2821,1,0,0,-3.9299,-4.4662,5.3595,5.3595,5.6379,0,0,0,-0.7854,-0.6877,-0.8252,-0.8252,-1.1991,0,0,0,8.7642,8.4567,10.1480,10.1480,9.3837,0,0,0
17.419210,1788533117.188328,0.7010,-0.2439,-0.2439,-0.2439,-1.4930,0,0,0,0.8377,0.6521,-1.4347,-1.4347,-1.2888,0,0,0,0.5827,5.9048,8.8572,26.6400,40.2966,1,0,0,-3.8638,-4.4385,5.3262,5.3262,5.6248,0,0,0,-0.8116,-0.6934,-0.8321,-0.8321,-1.1647,0,0,0,8.8718,8.4759,10.1711,10.1711,9.4388,0,0,0
17.427212,1788533117.196328,0.7222,-0.1970,-0.1970,-0.1970,-1.4210,0,0,0,0.8377,0.6610,-1.4543,-1.4543,-1.2928,0,0,0,0.4658,5.6217,8.4325,25.6800,39.5592,1,0,0,-3.8633,-4.4109,5.2931,5.2931,5.6143,0,0,0,-0.8116,-0.6991,-0.8389,-0.8389,-1.1398,0,0,0,8.8718,8.4949,10.1939,10.1939,9.4801,0,0,0
17.435219,1788533117.204334,0.7506,-0.1509,-0.1509,-0.1509,-1.3260,0,0,0,0.8591,0.6705,-1.4752,-1.4752,-1.2991,0,0,0,0.3694,5.3482,8.0224,24.7200,38.5782,1,0,0,-3.8545,-4.3842,5.2611,5.2611,5.5989,0,0,0,-0.8116,-0.7045,-0.8454,-0.8454,-1.1083,0,0,0,8.8718,8.5131,10.2157,10.2157,9.5349,0,0,0
17.442762,1788533117.211888,0.7506,-0.1094,-0.1094,-0.1094,-1.2327,0,0,0,0.8591,0.6791,-1.4940,-1.4940,-1.3065,0,0,0,0.3694,5.1030,7.6545,23.7600,37.5995,1,0,0,-3.8545,-4.3601,5.2322,5.2322,5.5819,0,0,0,-0.8116,-0.7093,-0.8512,-0.8512,-1.0789,0,0,0,8.8718,8.5295,10.2354,10.2354,9.5889,0,0,0
17.451539,1788533117.220644,0.7506,-0.0639,-0.0639,-0.0639,-1.1416,0,0,0,0.8591,0.6885,-1.5146,-1.5146,-1.3149,0,0,0,0.3694,4.8352,7.2528,22.8000,36.6230,1,0,0,-3.8545,-4.3337,5.2004,5.2004,5.5636,0,0,0,-0.8116,-0.7147,-0.8576,-0.8576,-1.0517,0,0,0,8.8718,8.5474,10.2569,10.2569,9.6418,0,0,0
17.458535,1788533117.228651,0.7506,-0.0244,-0.0244,-0.0244,-1.0529,0,0,0,0.8591,0.6967,-1.5326,-1.5326,-1.3243,0,0,0,0.3694,4.6032,6.9049,21.8400,35.6484,1,0,0,-3.8545,-4.3107,5.1728,5.1728,5.5438,0,0,0,-0.8116,-0.7193,-0.8632,-0.8632,-1.0269,0,0,0,8.8718,8.5630,10.2757,10.2757,9.6932,0,0,0
17.467078,1788533117.228651,0.7506,0.0133,0.0133,0.0133,-0.9669,0,0,0,0.8591,0.7044,-1.5498,-1.5498,-1.3347,0,0,0,0.3694,4.3837,6.5756,20.8800,34.6756,1,0,0,-3.8545,-4.2888,5.1465,5.1465,5.5228,0,0,0,-0.8116,-0.7238,-0.8685,-0.8685,-1.0045,0,0,0,8.8718,8.5779,10.2935,10.2935,9.7429,0,0,0
17.474651,1788533117.244762,0.8698,0.0930,0.0930,0.0930,-0.8839,0,0,0,0.9210,0.7244,-1.5936,-1.5936,-1.3461,0,0,0,-0.0051,3.9502,5.9253,19.9200,33.7044,1,0,0,-3.7315,-4.2374,5.0849,5.0849,5.5006,0,0,0,-1.0249,-0.7515,-0.9018,-0.9018,-0.9845,0,0,0,8.5333,8.5738,10.2886,10.2886,9.7907,0,0,0
17.483425,1788533117.253455,0.8698,0.1338,0.1338,0.1338,-0.8435,0,0,0,0.9210,0.7346,-1.6161,-1.6161,-1.3521,0,0,0,-0.0051,3.7296,5.5944,18.9600,33.2193,1,0,0,-3.7315,-4.2111,5.0533,5.0533,5.4892,0,0,0,-1.0249,-0.7657,-0.9188,-0.9188,-0.9753,0,0,0,8.5333,8.5717,10.2860,10.2860,9.8140,0,0,0
17.491602,1788533117.261073,0.8698,0.1679,0.1679,0.1679,-0.7271,0,0,0,0.9210,0.7431,-1.6348,-1.6348,-1.3711,0,0,0,-0.0051,3.5459,5.3189,18.0000,31.7712,1,0,0,-3.7315,-4.1891,5.0269,5.0269,5.4537,0,0,0,-1.0249,-0.7775,-0.9330,-0.9330,-0.9511,0,0,0,8.5333,8.5699,10.2839,10.2839,9.8805,0,0,0
17.499602,1788533117.261073,0.8698,0.2019,0.2019,0.2019,-0.6717,0,0,0,0.9210,0.7516,-1.6536,-1.6536,-1.3812,0,0,0,-0.0051,3.3632,5.0448,17.0400,31.0564,1,0,0,-3.7315,-4.1671,5.0005,5.0005,5.4355,0,0,0,-1.0249,-0.7894,-0.9472,-0.9472,-0.9408,0,0,0,8.5333,8.5682,10.2818,10.2818,9.9119,0,0,0
17.507618,1788533117.276228,0.8011,0.2546,0.2546,0.2546,-0.5999,0,0,0,0.9071,0.7652,-1.6834,-1.6834,-1.3955,0,0,0,-0.3354,3.0198,4.5297,16.0800,30.1029,1,0,0,-3.7676,-4.1323,4.9587,4.9587,5.4101,0,0,0,-0.9824,-0.8062,-0.9674,-0.9674,-0.9294,0,0,0,8.6788,8.5778,10.2934,10.2934,9.9513,0,0,0
17.515474,1788533117.284593,0.7732,0.2808,0.2808,0.2808,-0.5303,0,0,0,0.9500,0.7744,-1.7037,-1.7037,-1.4109,0,0,0,-0.3637,2.8391,4.2586,15.1200,29.1447,1,0,0,-3.7718,-4.1142,4.9370,4.9370,5.3835,0,0,0,-1.0031,-0.8160,-0.9792,-0.9792,-0.9206,0,0,0,8.7597,8.5869,10.3043,10.3043,9.9879,0,0,0
17.523475,1788533117.292596,0.7732,0.3047,0.3047,0.3047,-0.4624,0,0,0,0.9500,0.7828,-1.7222,-1.7222,-1.4277,0,0,0,-0.3637,2.6752,4.0128,14.1600,28.1712,1,0,0,-3.7718,-4.0977,4.9173,4.9173,5.3554,0,0,0,-1.0031,-0.8250,-0.9900,-0.9900,-0.9145,0,0,0,8.7597,8.5952,10.3143,10.3143,10.0219,0,0,0
17.531492,1788533117.292596,0.7732,0.3274,0.3274,0.3274,-0.3964,0,0,0,0.9500,0.7908,-1.7398,-1.7398,-1.4455,0,0,0,-0.3637,2.5199,3.7799,13.2000,27.1831,1,0,0,-3.7718,-4.0821,4.8985,4.8985,5.3262,0,0,0,-1.0031,-0.8335,-1.0002,-1.0002,-0.9108,0,0,0,8.7597,8.6031,10.3238,10.3238,10.0533,0,0,0
17.539063,1788533117.308177,0.7926,0.3693,0.3693,0.3693,-0.3326,0,0,0,1.0274,0.8120,-1.7863,-1.7863,-1.4643,0,0,0,-0.4103,2.2428,3.3642,12.2400,26.1841,1,0,0,-3.7825,-4.0553,4.8663,4.8663,5.2962,0,0,0,-1.0684,-0.8544,-1.0253,-1.0253,-0.9093,0,0,0,8.6549,8.6078,10.3293,10.3293,10.0825,0,0,0
17.547587,1788533117.316713,0.7926,0.3911,0.3911,0.3911,-0.2712,0,0,0,1.0274,0.8229,-1.8105,-1.8105,-1.4839,0,0,0,-0.4103,2.0994,3.1491,11.2800,25.1773,1,0,0,-3.7825,-4.0413,4.8496,4.8496,5.2658,0,0,0,-1.0684,-0.8653,-1.0384,-1.0384,-0.9097,0,0,0,8.6549,8.6102,10.3322,10.3322,10.1094,0,0,0
17.554929,1788533117.325057,0.7926,0.4113,0.4113,0.4113,-0.2266,0,0,0,1.0274,0.8331,-1.8329,-1.8329,-1.4991,0,0,0,-0.4103,1.9668,2.9502,10.3200,24.4186,1,0,0,-3.7825,-4.0284,4.8341,4.8341,5.2429,0,0,0,-1.0684,-0.8755,-1.0505,-1.0505,-0.9113,0,0,0,8.6549,8.6124,10.3349,10.3349,10.1283,0,0,0
17.563455,1788533117.332574,0.7926,0.4287,0.4287,0.4287,-0.1693,0,0,0,1.0274,0.8419,-1.8522,-1.8522,-1.5203,0,0,0,-0.4103,1.8532,2.7798,9.3600,23.4038,1,0,0,-3.7825,-4.0173,4.8207,4.8207,5.2122,0,0,0,-1.0684,-0.8842,-1.0610,-1.0610,-0.9149,0,0,0,8.6549,8.6143,10.3372,10.3372,10.1517,0,0,0
17.571639,1788533117.340783,0.8246,0.4483,0.4483,0.4483,-0.1145,0,0,0,1.1109,0.8551,-1.8813,-1.8813,-1.5422,0,0,0,-0.4944,1.7313,2.5970,8.4000,22.3872,1,0,0,-3.7751,-4.0053,4.8064,4.8064,5.1817,0,0,0,-1.1025,-0.8949,-1.0738,-1.0738,-0.9201,0,0,0,8.8333,8.6251,10.3501,10.3501,10.1731,0,0,0
17.579144,1788533117.340783,0.8246,0.4665,0.4665,0.4665,-0.0623,0,0,0,1.1109,0.8674,-1.9083,-1.9083,-1.5646,0,0,0,-0.4944,1.6187,2.4281,7.4400,21.3700,1,0,0,-3.7751,-3.9943,4.7931,4.7931,5.1516,0,0,0,-1.1025,-0.9048,-1.0858,-1.0858,-0.9265,0,0,0,8.8333,8.6351,10.3621,10.3621,10.1928,0,0,0
17.587582,1788533117.356431,0.8568,0.5017,0.5017,0.5017,-0.0127,0,0,0,1.0995,0.8882,-1.9541,-1.9541,-1.5874,0,0,0,-0.5329,1.4163,2.1244,6.4800,20.3543,1,0,0,-3.6886,-3.9668,4.7602,4.7602,5.1221,0,0,0,-1.0878,-0.9212,-1.1054,-1.1054,-0.9340,0,0,0,8.7243,8.6431,10.3717,10.3717,10.2108,0,0,0
17.595345,1788533117.364744,0.8568,0.5195,0.5195,0.5195,0.0342,0,0,0,1.0995,0.8987,-1.9772,-1.9772,-1.6105,0,0,0,-0.5329,1.3145,1.9717,5.5200,19.3501,1,0,0,-3.6886,-3.9530,4.7435,4.7435,5.0936,0,0,0,-1.0878,-0.9295,-1.1154,-1.1154,-0.9424,0,0,0,8.7243,8.6472,10.3766,10.3766,10.2273,0,0,0
17.603781,1788533117.364744,0.8568,0.5358,0.5358,0.5358,0.0787,0,0,0,1.0995,0.9084,-1.9984,-1.9984,-1.6341,0,0,0,-0.5329,1.2216,1.8324,4.5600,18.3510,1,0,0,-3.6886,-3.9403,4.7283,4.7283,5.0657,0,0,0,-1.0878,-0.9371,-1.1245,-1.1245,-0.9516,0,0,0,8.7243,8.6509,10.3810,10.3810,10.2426,0,0,0
17.611580,1788533117.380693,0.8735,0.5668,0.5668,0.5668,0.1210,0,0,0,1.0757,0.9236,-2.0320,-2.0320,-1.6585,0,0,0,-0.5463,1.0533,1.5799,3.6000,17.3509,1,0,0,-3.6485,-3.9136,4.6963,4.6963,5.0383,0,0,0,-1.1492,-0.9564,-1.1477,-1.1477,-0.9616,0,0,0,8.5732,8.6438,10.3725,10.3725,10.2569,0,0,0
17.619582,1788533117.388701,0.8735,0.5816,0.5816,0.5816,0.1613,0,0,0,1.0757,0.9309,-2.0480,-2.0480,-1.6833,0,0,0,-0.5463,0.9731,1.4596,2.6400,16.3509,1,0,0,-3.6485,-3.9009,4.6810,4.6810,5.0116,0,0,0,-1.1492,-0.9656,-1.1588,-1.1588,-0.9722,0,0,0,8.5732,8.6404,10.3685,10.3685,10.2702,0,0,0
17.627188,1788533117.388701,0.8735,0.5957,0.5957,0.5957,0.1997,0,0,0,1.0757,0.9379,-2.0633,-2.0633,-1.7087,0,0,0,-0.5463,0.8971,1.3456,1.6800,15.3515,1,0,0,-3.6485,-3.8887,4.6665,4.6665,4.9854,0,0,0,-1.1492,-0.9744,-1.1693,-1.1693,-0.9835,0,0,0,8.5732,8.6372,10.3646,10.3646,10.2824,0,0,0
17.635336,1788533117.405454,0.8942,0.6243,0.6243,0.6243,0.2363,0,0,0,1.1099,0.9543,-2.0994,-2.0994,-1.7343,0,0,0,-0.6060,0.7483,1.1224,1.1224,14.3533,0,0,0,-3.6961,-3.8703,4.6444,4.6444,4.9597,0,0,0,-1.1850,-0.9945,-1.1934,-1.1934,-0.9952,0,0,0,8.7267,8.6457,10.3748,10.3748,10.2935,0,0,0
17.643334,1788533117.412453,0.8942,0.6358,0.6358,0.6358,0.2711,0,0,0,1.1099,0.9609,-2.1139,-2.1139,-1.7601,0,0,0,-0.6060,0.6889,1.0333,1.0333,13.3571,0,0,0,-3.6961,-3.8630,4.6356,4.6356,4.9346,0,0,0,-1.1850,-1.0026,-1.2031,-1.2031,-1.0075,0,0,0,8.7267,8.6491,10.3789,10.3789,10.3034,0,0,0
17.651640,1788533117.419744,0.8942,0.6472,0.6472,0.6472,0.2961,0,0,0,1.1099,0.9674,-2.1283,-2.1283,-1.7794,0,0,0,-0.6060,0.6298,0.9448,0.9448,12.6142,0,0,0,-3.6961,-3.8556,4.6268,4.6268,4.9161,0,0,0,-1.1850,-1.0106,-1.2127,-1.2127,-1.0169,0,0,0,8.7267,8.6525,10.3830,10.3830,10.3102,0,0,0
17.659641,1788533117.427843,0.8545,0.6573,0.6573,0.6573,0.3282,0,0,0,1.1690,0.9772,-2.1498,-2.1498,-1.8053,0,0,0,-0.6295,0.5665,0.8497,0.8497,11.6382,0,0,0,-3.6700,-3.8466,4.6159,4.6159,4.8919,0,0,0,-1.1673,-1.0182,-1.2218,-1.2218,-1.0299,0,0,0,8.5994,8.6500,10.3799,10.3799,10.3185,0,0,0
17.667350,1788533117.436855,0.8545,0.6679,0.6679,0.6679,0.3587,0,0,0,1.1690,0.9875,-2.1724,-2.1724,-1.8310,0,0,0,-0.6295,0.5000,0.7500,0.7500,10.6897,0,0,0,-3.6700,-3.8371,4.6045,4.6045,4.8685,0,0,0,-1.1673,-1.0262,-1.2314,-1.2314,-1.0431,0,0,0,8.5994,8.6472,10.3767,10.3767,10.3261,0,0,0
17.675874,1788533117.444087,0.8545,0.6761,0.6761,0.6761,0.3877,0,0,0,1.1690,0.9954,-2.1898,-2.1898,-1.8565,0,0,0,-0.6295,0.4491,0.6736,0.6736,9.7776,0,0,0,-3.6700,-3.8298,4.5958,4.5958,4.8459,0,0,0,-1.1673,-1.0323,-1.2388,-1.2388,-1.0565,0,0,0,8.5994,8.6452,10.3742,10.3742,10.3330,0,0,0
17.683471,1788533117.452686,0.8545,0.6853,0.6853,0.6853,0.4151,0,0,0,1.1690,1.0043,-2.2095,-2.2095,-1.8817,0,0,0,-0.6295,0.3918,0.5877,0.5877,8.9083,0,0,0,-3.6700,-3.8216,4.5859,4.5859,4.8241,0,0,0,-1.1673,-1.0392,-1.2471,-1.2471,-1.0699,0,0,0,8.5994,8.6428,10.3714,10.3714,10.3392,0,0,0
17.691016,1788533117.452686,0.8545,0.6934,0.6934,0.6934,0.4410,0,0,0,1.1690,1.0122,-2.2268,-2.2268,-1.9066,0,0,0,-0.6295,0.3412,0.5118,0.5118,8.0860,0,0,0,-3.6700,-3.8143,4.5772,4.5772,4.8032,0,0,0,-1.1673,-1.0454,-1.2544,-1.2544,-1.0833,0,0,0,8.5994,8.6407,10.3689,10.3689,10.3446,0,0,0
17.699647,1788533117.469233,0.8353,0.7069,0.7069,0.7069,0.4653,0,0,0,1.1566,1.0258,-2.2568,-2.2568,-1.9310,0,0,0,-0.6415,0.2459,0.3688,0.3688,7.3141,0,0,0,-3.6003,-3.7941,4.5529,4.5529,4.7833,0,0,0,-1.1956,-1.0595,-1.2714,-1.2714,-1.0964,0,0,0,8.5355,8.6308,10.3570,10.3570,10.3494,0,0,0
17.707651,1788533117.476849,0.7772,0.7101,0.7101,0.7101,0.4882,0,0,0,1.1618,1.0320,-2.2705,-2.2705,-1.9549,0,0,0,-0.6444,0.2039,0.3059,0.3059,6.5936,0,0,0,-3.6314,-3.7867,4.5440,4.5440,4.7642,0,0,0,-1.1735,-1.0647,-1.2777,-1.2777,-1.1093,0,0,0,8.6415,8.6313,10.3576,10.3576,10.3535,0,0,0
17.715492,1788533117.484693,0.7265,0.7109,0.7109,0.7109,0.5097,0,0,0,1.1618,1.0382,-2.2839,-2.2839,-1.9786,0,0,0,-0.6444,0.1629,0.2443,0.2443,5.9234,0,0,0,-3.6595,-3.7807,4.5368,4.5368,4.7459,0,0,0,-1.1700,-1.0697,-1.2836,-1.2836,-1.1221,0,0,0,8.6415,8.6318,10.3581,10.3581,10.3569,0,0,0
17.723486,1788533117.492718,0.7265,0.7116,0.7116,0.7116,0.5300,0,0,0,1.1618,1.0441,-2.2970,-2.2970,-2.0020,0,0,0,-0.6444,0.1230,0.1844,0.1844,5.3023,0,0,0,-3.6595,-3.7748,4.5298,4.5298,4.7281,0,0,0,-1.1700,-1.0745,-1.2894,-1.2894,-1.1347,0,0,0,8.6415,8.6322,10.3587,10.3587,10.3596,0,0,0
17.731572,1788533117.492718,0.7265,0.7123,0.7123,0.7123,0.5444,0,0,0,1.1618,1.0497,-2.3094,-2.3094,-2.0194,0,0,0,-0.6444,0.0852,0.1278,0.1278,4.8684,0,0,0,-3.6595,-3.7693,4.5232,4.5232,4.7152,0,0,0,-1.1700,-1.0791,-1.2949,-1.2949,-1.1440,0,0,0,8.6415,8.6327,10.3592,10.3592,10.3612,0,0,0
17.739573,1788533117.508623,0.7265,0.7136,0.7136,0.7136,0.5624,0,0,0,1.1618,1.0599,-2.3319,-2.3319,-2.0422,0,0,0,-0.6444,0.0172,0.0258,0.0258,4.3304,0,0,0,-3.6595,-3.7593,4.5112,4.5112,4.6986,0,0,0,-1.1700,-1.0874,-1.3048,-1.3048,-1.1562,0,0,0,8.6415,8.6335,10.3602,10.3602,10.3628,0,0,0
17.747175,1788533117.517299,0.7265,0.7143,0.7143,0.7143,0.5791,0,0,0,1.1618,1.0652,-2.3435,-2.3435,-2.0645,0,0,0,-0.6444,-0.0179,-0.0268,-0.0268,3.8375,0,0,0,-3.6595,-3.7541,4.5050,4.5050,4.6826,0,0,0,-1.1700,-1.0916,-1.3100,-1.3100,-1.1681,0,0,0,8.6415,8.6339,10.3607,10.3607,10.3641,0,0,0
17.755098,1788533117.524309,0.7265,0.7148,0.7148,0.7148,0.5945,0,0,0,1.1618,1.0693,-2.3525,-2.3525,-2.0864,0,0,0,-0.6444,-0.0450,-0.0674,-0.0674,3.3871,0,0,0,-3.6595,-3.7501,4.5002,4.5002,4.6672,0,0,0,-1.1700,-1.0950,-1.3139,-1.3139,-1.1796,0,0,0,8.6415,8.6342,10.3611,10.3611,10.3649,0,0,0
17.763825,1788533117.524309,0.7265,0.7154,0.7154,0.7154,0.6086,0,0,0,1.1618,1.0737,-2.3622,-2.3622,-2.1077,0,0,0,-0.6444,-0.0743,-0.1115,-0.1115,2.9765,0,0,0,-3.6595,-3.7458,4.4949,4.4949,4.6525,0,0,0,-1.1700,-1.0985,-1.3183,-1.3183,-1.1909,0,0,0,8.6415,8.6346,10.3615,10.3615,10.3655,0,0,0
17.771514,1788533117.524309,0.7265,0.7159,0.7159,0.7159,0.6214,0,0,0,1.1618,1.0780,-2.3715,-2.3715,-2.1286,0,0,0,-0.6444,-0.1023,-0.1534,-0.1534,2.6031,0,0,0,-3.6595,-3.7416,4.4900,4.4900,4.6384,0,0,0,-1.1700,-1.1020,-1.3224,-1.3224,-1.2017,0,0,0,8.6415,8.6349,10.3619,10.3619,10.3659,0,0,0
17.779274,1788533117.524309,0.7265,0.7164,0.7164,0.7164,0.6331,0,0,0,1.1618,1.0820,-2.3804,-2.3804,-2.1488,0,0,0,-0.6444,-0.1288,-0.1932,-0.1932,2.2645,0,0,0,-3.6595,-3.7377,4.4852,4.4852,4.6250,0,0,0,-1.1700,-1.1052,-1.3263,-1.3263,-1.2122,0,0,0,8.6415,8.6352,10.3623,10.3623,10.3661,0,0,0
17.787392,1788533117.557061,0.7265,0.7181,0.7181,0.7181,0.6411,0,0,0,1.1618,1.0956,-2.4104,-2.4104,-2.1635,0,0,0,-0.6444,-0.2183,-0.3274,-0.3274,2.0319,0,0,0,-3.6595,-3.7243,4.4692,4.4692,4.6153,0,0,0,-1.1700,-1.1163,-1.3396,-1.3396,-1.2197,0,0,0,8.6415,8.6363,10.3635,10.3635,10.3662,0,0,0
17.795167,1788533117.557061,0.7265,0.7185,0.7185,0.7185,0.6532,0,0,0,1.1618,1.0988,-2.4173,-2.4173,-2.1872,0,0,0,-0.6444,-0.2390,-0.3585,-0.3585,1.6821,0,0,0,-3.6595,-3.7212,4.4655,4.4655,4.6000,0,0,0,-1.1700,-1.1189,-1.3426,-1.3426,-1.2318,0,0,0,8.6415,8.6365,10.3638,10.3638,10.3662,0,0,0
17.803852,1788533117.572965,0.7265,0.7193,0.7193,0.7193,0.6617,0,0,0,1.1618,1.1045,-2.4299,-2.4299,-2.2055,0,0,0,-0.6444,-0.2765,-0.4147,-0.4147,1.4330,0,0,0,-3.6595,-3.7156,4.4587,4.4587,4.5884,0,0,0,-1.1700,-1.1235,-1.3482,-1.3482,-1.2410,0,0,0,8.6415,8.6370,10.3644,10.3644,10.3662,0,0,0
17.811727,1788533117.580829,0.6081,0.7140,0.7140,0.7140,0.6675,0,0,0,1.2217,1.1100,-2.4421,-2.4421,-2.2189,0,0,0,-0.5698,-0.2905,-0.4358,-0.4358,1.2618,0,0,0,-3.5652,-3.7085,4.4502,4.4502,4.5801,0,0,0,-1.1551,-1.1250,-1.3500,-1.3500,-1.2478,0,0,0,8.3742,8.6246,10.3495,10.3495,10.3661,0,0,0
17.819728,1788533117.588944,0.6081,0.7089,0.7089,0.7089,0.6746,0,0,0,1.2217,1.1155,-2.4540,-2.4540,-2.2364,0,0,0,-0.5698,-0.3043,-0.4564,-0.4564,1.0529,0,0,0,-3.5652,-3.7016,4.4419,4.4419,4.5693,0,0,0,-1.1551,-1.1265,-1.3518,-1.3518,-1.2565,0,0,0,8.3742,8.6125,10.3350,10.3350,10.3660,0,0,0
17.827893,1788533117.597456,0.5922,0.7029,0.7029,0.7029,0.6808,0,0,0,1.2079,1.1202,-2.4644,-2.4644,-2.2535,0,0,0,-0.5703,-0.3180,-0.4770,-0.4770,0.8641,0,0,0,-3.5659,-3.6947,4.4336,4.4336,4.5589,0,0,0,-1.1292,-1.1266,-1.3519,-1.3519,-1.2648,0,0,0,8.4167,8.6025,10.3230,10.3230,10.3658,0,0,0
17.835464,1788533117.597456,0.5922,0.6976,0.6976,0.6976,0.6863,0,0,0,1.2079,1.1244,-2.4736,-2.4736,-2.2701,0,0,0,-0.5703,-0.3302,-0.4953,-0.4953,0.6940,0,0,0,-3.5659,-3.6885,4.4262,4.4262,4.5489,0,0,0,-1.1292,-1.1267,-1.3521,-1.3521,-1.2729,0,0,0,8.4167,8.5936,10.3124,10.3124,10.3654,0,0,0
17.843161,1788533117.613229,0.5922,0.6881,0.6881,0.6881,0.6888,0,0,0,1.2079,1.1319,-2.4902,-2.4902,-2.2782,0,0,0,-0.5703,-0.3522,-0.5282,-0.5282,0.6154,0,0,0,-3.5659,-3.6774,4.4129,4.4129,4.5441,0,0,0,-1.1292,-1.1270,-1.3523,-1.3523,-1.2767,0,0,0,8.4167,8.5777,10.2932,10.2932,10.3651,0,0,0
17.851799,1788533117.613229,0.5922,0.6835,0.6835,0.6835,0.6931,0,0,0,1.2079,1.1356,-2.4982,-2.4982,-2.2941,0,0,0,-0.5703,-0.3627,-0.5441,-0.5441,0.4706,0,0,0,-3.5659,-3.6721,4.4065,4.4065,4.5346,0,0,0,-1.1292,-1.1271,-1.3525,-1.3525,-1.2842,0,0,0,8.4167,8.5700,10.2840,10.2840,10.3641,0,0,0
17.859461,1788533117.629579,0.5710,0.6730,0.6730,0.6730,0.6966,0,0,0,1.2157,1.1430,-2.5147,-2.5147,-2.3096,0,0,0,-0.5405,-0.3795,-0.5692,-0.5692,0.3407,0,0,0,-3.5514,-3.6608,4.3930,4.3930,4.5254,0,0,0,-1.1060,-1.1251,-1.3501,-1.3501,-1.2912,0,0,0,8.4588,8.5596,10.2715,10.2715,10.3625,0,0,0
17.868163,1788533117.637265,0.5710,0.6683,0.6683,0.6683,0.6991,0,0,0,1.2157,1.1464,-2.5220,-2.5220,-2.3249,0,0,0,-0.5405,-0.3870,-0.5805,-0.5805,0.2239,0,0,0,-3.5514,-3.6558,4.3869,4.3869,4.5161,0,0,0,-1.1060,-1.1242,-1.3491,-1.3491,-1.2977,0,0,0,8.4588,8.5550,10.2660,10.2660,10.3599,0,0,0
17.875759,1788533117.645365,0.5710,0.6636,0.6636,0.6636,0.7004,0,0,0,1.2157,1.1497,-2.5294,-2.5294,-2.3363,0,0,0,-0.5405,-0.3945,-0.5918,-0.5918,0.1443,0,0,0,-3.5514,-3.6507,4.3808,4.3808,4.5092,0,0,0,-1.1060,-1.1233,-1.3480,-1.3480,-1.3023,0,0,0,8.4588,8.5503,10.2604,10.2604,10.3574,0,0,0
17.883787,1788533117.652889,0.5710,0.6594,0.6594,0.6594,0.7013,0,0,0,1.2157,1.1527,-2.5360,-2.5360,-2.3513,0,0,0,-0.5405,-0.4012,-0.6017,-0.6017,0.0476,0,0,0,-3.5514,-3.6462,4.3754,4.3754,4.4999,0,0,0,-1.1060,-1.1226,-1.3471,-1.3471,-1.3080,0,0,0,8.4588,8.5462,10.2554,10.2554,10.3534,0,0,0
17.892087,1788533117.660199,0.5569,0.6549,0.6549,0.6549,0.7015,0,0,0,1.1125,1.1510,-2.5321,-2.5321,-2.3660,0,0,0,-0.4963,-0.4054,-0.6081,-0.6081,-0.0389,0,0,0,-3.5566,-3.6423,4.3707,4.3707,4.4907,0,0,0,-1.0820,-1.1208,-1.3449,-1.3449,-1.3131,0,0,0,8.5197,8.5450,10.2540,10.2540,10.3487,0,0,0
17.899520,1788533117.669638,0.5626,0.6497,0.6497,0.6497,0.7011,0,0,0,1.0924,1.1477,-2.5249,-2.5249,-2.3768,0,0,0,-0.4777,-0.4095,-0.6142,-0.6142,-0.0977,0,0,0,-3.5566,-3.6375,4.3650,4.3650,4.4838,0,0,0,-1.0820,-1.1186,-1.3423,-1.3423,-1.3166,0,0,0,8.5197,8.5436,10.2523,10.2523,10.3448,0,0,0
17.907523,1788533117.677641,0.6499,0.6497,0.6497,0.6497,0.6997,0,0,0,1.0876,1.1448,-2.5186,-2.5186,-2.3943,0,0,0,-0.4256,-0.4103,-0.6154,-0.6154,-0.1850,0,0,0,-3.5508,-3.6333,4.3600,4.3600,4.4725,0,0,0,-1.0809,-1.1168,-1.3402,-1.3402,-1.3218,0,0,0,8.5197,8.5424,10.2509,10.2509,10.3379,0,0,0
17.916047,1788533117.685166,0.6499,0.6498,0.6498,0.6498,0.6980,0,0,0,1.0876,1.1422,-2.5129,-2.5129,-2.4076,0,0,0,-0.4256,-0.4110,-0.6164,-0.6164,-0.2463,0,0,0,-3.5508,-3.6296,4.3555,4.3555,4.4637,0,0,0,-1.0809,-1.1152,-1.3382,-1.3382,-1.3254,0,0,0,8.5197,8.5414,10.2497,10.2497,10.3320,0,0,0
17.924060,1788533117.693172,0.6499,0.6498,0.6498,0.6498,0.6958,0,0,0,1.0876,1.1396,-2.5071,-2.5071,-2.4200,0,0,0,-0.4256,-0.4117,-0.6175,-0.6175,-0.3005,0,0,0,-3.5508,-3.6258,4.3510,4.3510,4.4550,0,0,0,-1.0809,-1.1135,-1.3362,-1.3362,-1.3285,0,0,0,8.5197,8.5404,10.2485,10.2485,10.3260,0,0,0
17.931564,1788533117.693172,0.6499,0.6498,0.6498,0.6498,0.6933,0,0,0,1.0876,1.1371,-2.5016,-2.5016,-2.4313,0,0,0,-0.4256,-0.4123,-0.6185,-0.6185,-0.3484,0,0,0,-3.5508,-3.6222,4.3466,4.3466,4.4466,0,0,0,-1.0809,-1.1120,-1.3344,-1.3344,-1.3311,0,0,0,8.5197,8.5394,10.2473,10.2473,10.3200,0,0,0
17.940094,1788533117.709684,0.6460,0.6494,0.6494,0.6494,0.6906,0,0,0,1.0598,1.1298,-2.4856,-2.4856,-2.4416,0,0,0,-0.3420,-0.4057,-0.6085,-0.6085,-0.3905,0,0,0,-3.5129,-3.6119,4.3343,4.3343,4.4384,0,0,0,-1.0723,-1.1082,-1.3299,-1.3299,-1.3333,0,0,0,8.4784,8.5337,10.2404,10.2404,10.3141,0,0,0
17.946604,1788533117.709684,0.6460,0.6492,0.6492,0.6492,0.6885,0,0,0,1.0598,1.1265,-2.4783,-2.4783,-2.4486,0,0,0,-0.3420,-0.4026,-0.6039,-0.6039,-0.4186,0,0,0,-3.5129,-3.6072,4.3286,4.3286,4.4324,0,0,0,-1.0723,-1.1065,-1.3278,-1.3278,-1.3346,0,0,0,8.4784,8.5310,10.2372,10.2372,10.3098,0,0,0
17.955853,1788533117.725921,0.6460,0.6489,0.6489,0.6489,0.6856,0,0,0,1.0598,1.1203,-2.4647,-2.4647,-2.4569,0,0,0,-0.3420,-0.3970,-0.5954,-0.5954,-0.4518,0,0,0,-3.5129,-3.5984,4.3181,4.3181,4.4246,0,0,0,-1.0723,-1.1034,-1.3240,-1.3240,-1.3361,0,0,0,8.4784,8.5261,10.2314,10.2314,10.3041,0,0,0
17.963814,1788533117.732924,0.6460,0.6488,0.6488,0.6488,0.6827,0,0,0,1.0598,1.1178,-2.4591,-2.4591,-2.4639,0,0,0,-0.3420,-0.3946,-0.5919,-0.5919,-0.4806,0,0,0,-3.5129,-3.5948,4.3138,4.3138,4.4170,0,0,0,-1.0723,-1.1020,-1.3225,-1.3225,-1.3371,0,0,0,8.4784,8.5241,10.2289,10.2289,10.2986,0,0,0
17.971993,1788533117.741536,0.6460,0.6487,0.6487,0.6487,0.6806,0,0,0,1.0598,1.1148,-2.4525,-2.4525,-2.4683,0,0,0,-0.3420,-0.3919,-0.5879,-0.5879,-0.4994,0,0,0,-3.5129,-3.5906,4.3087,4.3087,4.4113,0,0,0,-1.0723,-1.1005,-1.3206,-1.3206,-1.3376,0,0,0,8.4784,8.5218,10.2261,10.2261,10.2946,0,0,0
17.980083,1788533117.741536,0.6460,0.6486,0.6486,0.6486,0.6771,0,0,0,1.0598,1.1121,-2.4467,-2.4467,-2.4740,0,0,0,-0.3420,-0.3895,-0.5843,-0.5843,-0.5259,0,0,0,-3.5129,-3.5869,4.3043,4.3043,4.4020,0,0,0,-1.0723,-1.0992,-1.3190,-1.3190,-1.3380,0,0,0,8.4784,8.5197,10.2236,10.2236,10.2880,0,0,0
17.987587,1788533117.757199,0.6163,0.6457,0.6457,0.6457,0.6745,0,0,0,1.0381,1.1055,-2.4321,-2.4321,-2.4772,0,0,0,-0.3077,-0.3822,-0.5732,-0.5732,-0.5434,0,0,0,-3.4943,-3.5786,4.2943,4.2943,4.3947,0,0,0,-1.0597,-1.0956,-1.3148,-1.3148,-1.3379,0,0,0,8.4558,8.5140,10.2168,10.2168,10.2828,0,0,0
17.995441,1788533117.765607,0.6167,0.6442,0.6442,0.6442,0.6719,0,0,0,1.0180,1.1011,-2.4225,-2.4225,-2.4793,0,0,0,-0.2696,-0.3765,-0.5647,-0.5647,-0.5577,0,0,0,-3.4875,-3.5740,4.2888,4.2888,4.3874,0,0,0,-1.0536,-1.0935,-1.3122,-1.3122,-1.3375,0,0,0,8.4111,8.5088,10.2106,10.2106,10.2778,0,0,0
18.003445,1788533117.773620,0.6167,0.6429,0.6429,0.6429,0.6695,0,0,0,1.0180,1.0971,-2.4137,-2.4137,-2.4800,0,0,0,-0.2696,-0.3713,-0.5570,-0.5570,-0.5692,0,0,0,-3.4875,-3.5699,4.2838,4.2838,4.3801,0,0,0,-1.0536,-1.0916,-1.3099,-1.3099,-1.3369,0,0,0,8.4111,8.5041,10.2049,10.2049,10.2728,0,0,0
18.011141,1788533117.782350,0.6081,0.6411,0.6411,0.6411,0.6672,0,0,0,0.9931,1.0917,-2.4018,-2.4018,-2.4796,0,0,0,-0.2387,-0.3644,-0.5466,-0.5466,-0.5781,0,0,0,-3.4825,-3.5653,4.2784,4.2784,4.3728,0,0,0,-1.0474,-1.0893,-1.3072,-1.3072,-1.3359,0,0,0,8.3801,8.4977,10.1972,10.1972,10.2678,0,0,0
18.019762,1788533117.788960,0.6081,0.6398,0.6398,0.6398,0.6649,0,0,0,0.9931,1.0878,-2.3931,-2.3931,-2.4782,0,0,0,-0.2387,-0.3594,-0.5391,-0.5391,-0.5847,0,0,0,-3.4825,-3.5620,4.2744,4.2744,4.3656,0,0,0,-1.0474,-1.0876,-1.3052,-1.3052,-1.3347,0,0,0,8.3801,8.4930,10.1916,10.1916,10.2628,0,0,0
18.028364,1788533117.788960,0.6081,0.6382,0.6382,0.6382,0.6628,0,0,0,0.9931,1.0833,-2.3832,-2.3832,-2.4757,0,0,0,-0.2387,-0.3536,-0.5304,-0.5304,-0.5892,0,0,0,-3.4825,-3.5582,4.2698,4.2698,4.3584,0,0,0,-1.0474,-1.0857,-1.3029,-1.3029,-1.3333,0,0,0,8.3801,8.4876,10.1851,10.1851,10.2578,0,0,0
18.036401,1788533117.788960,0.6081,0.6368,0.6368,0.6368,0.6612,0,0,0,0.9931,1.0789,-2.3737,-2.3737,-2.4732,0,0,0,-0.2387,-0.3481,-0.5221,-0.5221,-0.5913,0,0,0,-3.4825,-3.5546,4.2655,4.2655,4.3531,0,0,0,-1.0474,-1.0839,-1.3007,-1.3007,-1.3321,0,0,0,8.3801,8.4824,10.1789,10.1789,10.2540,0,0,0
18.044059,1788533117.813182,0.5868,0.6302,0.6302,0.6302,0.6591,0,0,0,0.9172,1.0576,-2.3267,-2.3267,-2.4693,0,0,0,-0.1670,-0.3241,-0.4861,-0.4861,-0.5927,0,0,0,-3.4494,-3.5407,4.2488,4.2488,4.3461,0,0,0,-1.0513,-1.0796,-1.2955,-1.2955,-1.3304,0,0,0,8.3342,8.4628,10.1554,10.1554,10.2488,0,0,0
18.052044,1788533117.813182,0.5868,0.6281,0.6281,0.6281,0.6571,0,0,0,0.9172,1.0509,-2.3119,-2.3119,-2.4645,0,0,0,-0.1670,-0.3166,-0.4748,-0.4748,-0.5926,0,0,0,-3.4494,-3.5363,4.2435,4.2435,4.3393,0,0,0,-1.0513,-1.0782,-1.2939,-1.2939,-1.3285,0,0,0,8.3342,8.4567,10.1480,10.1480,10.2436,0,0,0
18.060138,1788533117.828603,0.5868,0.6245,0.6245,0.6245,0.6552,0,0,0,0.9172,1.0390,-2.2859,-2.2859,-2.4586,0,0,0,-0.1670,-0.3033,-0.4550,-0.4550,-0.5908,0,0,0,-3.4494,-3.5286,4.2343,4.2343,4.3324,0,0,0,-1.0513,-1.0758,-1.2910,-1.2910,-1.3265,0,0,0,8.3342,8.4458,10.1350,10.1350,10.2381,0,0,0
18.068055,1788533117.837254,0.5868,0.6225,0.6225,0.6225,0.6531,0,0,0,0.9172,1.0328,-2.2721,-2.2721,-2.4515,0,0,0,-0.1670,-0.2963,-0.4444,-0.4444,-0.5874,0,0,0,-3.4494,-3.5245,4.2294,4.2294,4.3255,0,0,0,-1.0513,-1.0746,-1.2895,-1.2895,-1.3244,0,0,0,8.3342,8.4401,10.1281,10.1281,10.2323,0,0,0
18.075749,1788533117.837254,0.5868,0.6208,0.6208,0.6208,0.6511,0,0,0,0.9172,1.0272,-2.2599,-2.2599,-2.4432,0,0,0,-0.1670,-0.2901,-0.4351,-0.4351,-0.5826,0,0,0,-3.4494,-3.5209,4.2251,4.2251,4.3186,0,0,0,-1.0513,-1.0735,-1.2882,-1.2882,-1.3222,0,0,0,8.3342,8.4350,10.1220,10.1220,10.2261,0,0,0
18.083847,1788533117.853868,0.5868,0.6176,0.6176,0.6176,0.6490,0,0,0,0.9172,1.0168,-2.2370,-2.2370,-2.4338,0,0,0,-0.1670,-0.2784,-0.4177,-0.4177,-0.5764,0,0,0,-3.4494,-3.5141,4.2170,4.2170,4.3117,0,0,0,-1.0513,-1.0714,-1.2856,-1.2856,-1.3199,0,0,0,8.3342,8.4255,10.1106,10.1106,10.2196,0,0,0
18.092434,1788533117.862477,0.5868,0.6160,0.6160,0.6160,0.6469,0,0,0,0.9172,1.0117,-2.2257,-2.2257,-2.4235,0,0,0,-0.1670,-0.2727,-0.4091,-0.4091,-0.5692,0,0,0,-3.4494,-3.5108,4.2130,4.2130,4.3048,0,0,0,-1.0513,-1.0703,-1.2844,-1.2844,-1.3175,0,0,0,8.3342,8.4208,10.1049,10.1049,10.2128,0,0,0
18.100438,1788533117.862477,0.5868,0.6146,0.6146,0.6146,0.6453,0,0,0,0.9172,1.0072,-2.2158,-2.2158,-2.4151,0,0,0,-0.1670,-0.2676,-0.4015,-0.4015,-0.5631,0,0,0,-3.4494,-3.5079,4.2095,4.2095,4.2996,0,0,0,-1.0513,-1.0694,-1.2833,-1.2833,-1.3158,0,0,0,8.3342,8.4166,10.1000,10.1000,10.2076,0,0,0
18.108134,1788533117.877243,0.5868,0.6123,0.6123,0.6123,0.6431,0,0,0,0.9172,0.9995,-2.1990,-2.1990,-2.4033,0,0,0,-0.1670,-0.2591,-0.3886,-0.3886,-0.5543,0,0,0,-3.4494,-3.5029,4.2035,4.2035,4.2927,0,0,0,-1.0513,-1.0679,-1.2815,-1.2815,-1.3134,0,0,0,8.3342,8.4096,10.0916,10.0916,10.2004,0,0,0
18.115866,1788533117.885077,0.5868,0.6111,0.6111,0.6111,0.6409,0,0,0,0.9172,0.9957,-2.1905,-2.1905,-2.3909,0,0,0,-0.1670,-0.2548,-0.3822,-0.3822,-0.5448,0,0,0,-3.4494,-3.5004,4.2005,4.2005,4.2859,0,0,0,-1.0513,-1.0671,-1.2805,-1.2805,-1.3110,0,0,0,8.3342,8.4061,10.0873,10.0873,10.1931,0,0,0
18.123866,1788533117.885077,0.5868,0.6099,0.6099,0.6099,0.6387,0,0,0,0.9172,0.9919,-2.1822,-2.1822,-2.3781,0,0,0,-0.1670,-0.2506,-0.3758,-0.3758,-0.5348,0,0,0,-3.4494,-3.4980,4.1975,4.1975,4.2793,0,0,0,-1.0513,-1.0664,-1.2796,-1.2796,-1.3086,0,0,0,8.3342,8.4026,10.0832,10.0832,10.1857,0,0,0
18.132411,1788533117.901921,0.5868,0.6077,0.6077,0.6077,0.6371,0,0,0,0.9172,0.9848,-2.1665,-2.1665,-2.3681,0,0,0,-0.1670,-0.2426,-0.3638,-0.3638,-0.5270,0,0,0,-3.4494,-3.4933,4.1920,4.1920,4.2743,0,0,0,-1.0513,-1.0649,-1.2779,-1.2779,-1.3069,0,0,0,8.3342,8.3961,10.0753,10.0753,10.1801,0,0,0
18.140503,1788533117.909645,0.5868,0.6067,0.6067,0.6067,0.6349,0,0,0,0.9172,0.9816,-2.1596,-2.1596,-2.3547,0,0,0,-0.1670,-0.2391,-0.3586,-0.3586,-0.5163,0,0,0,-3.4494,-3.4913,4.1895,4.1895,4.2679,0,0,0,-1.0513,-1.0643,-1.2771,-1.2771,-1.3046,0,0,0,8.3342,8.3932,10.0719,10.0719,10.1726,0,0,0
18.148159,1788533117.917210,0.5868,0.6058,0.6058,0.6058,0.6328,0,0,0,0.9172,0.9787,-2.1531,-2.1531,-2.3411,0,0,0,-0.1670,-0.2358,-0.3537,-0.3537,-0.5055,0,0,0,-3.4494,-3.4894,4.1872,4.1872,4.2616,0,0,0,-1.0513,-1.0637,-1.2764,-1.2764,-1.3024,0,0,0,8.3342,8.3905,10.0687,10.0687,10.1652,0,0,0
18.156127,1788533117.926244,0.6426,0.6078,0.6078,0.6078,0.6307,0,0,0,1.0245,0.9812,-2.1586,-2.1586,-2.3274,0,0,0,-0.0578,-0.2262,-0.3393,-0.3393,-0.4945,0,0,0,-3.4684,-3.4882,4.1859,4.1859,4.2554,0,0,0,-1.0467,-1.0628,-1.2753,-1.2753,-1.3002,0,0,0,8.1994,8.3803,10.0563,10.0563,10.1578,0,0,0
18.164116,1788533117.926244,0.6426,0.6095,0.6095,0.6095,0.6286,0,0,0,1.0245,0.9832,-2.1631,-2.1631,-2.3138,0,0,0,-0.0578,-0.2182,-0.3272,-0.3272,-0.4836,0,0,0,-3.4684,-3.4873,4.1847,4.1847,4.2494,0,0,0,-1.0467,-1.0620,-1.2744,-1.2744,-1.2981,0,0,0,8.1994,8.3716,10.0459,10.0459,10.1505,0,0,0
18.171646,1788533117.941760,0.6426,0.6124,0.6124,0.6124,0.6276,0,0,0,1.0245,0.9869,-2.1712,-2.1712,-2.3070,0,0,0,-0.0578,-0.2039,-0.3059,-0.3059,-0.4782,0,0,0,-3.4684,-3.4856,4.1827,4.1827,4.2465,0,0,0,-1.0467,-1.0606,-1.2728,-1.2728,-1.2971,0,0,0,8.1994,8.3563,10.0275,10.0275,10.1469,0,0,0
18.180196,1788533117.949317,0.6426,0.6138,0.6138,0.6138,0.6247,0,0,0,1.0245,0.9886,-2.1749,-2.1749,-2.2874,0,0,0,-0.0578,-0.1973,-0.2959,-0.2959,-0.4619,0,0,0,-3.4684,-3.4848,4.1818,4.1818,4.2382,0,0,0,-1.0467,-1.0600,-1.2720,-1.2720,-1.2941,0,0,0,8.1994,8.3492,10.0190,10.0190,10.1362,0,0,0
18.188221,1788533117.949317,0.6426,0.6152,0.6152,0.6152,0.6230,0,0,0,1.0245,0.9903,-2.1787,-2.1787,-2.2751,0,0,0,-0.0578,-0.1906,-0.2859,-0.2859,-0.4511,0,0,0,-3.4684,-3.4840,4.1809,4.1809,4.2330,0,0,0,-1.0467,-1.0594,-1.2713,-1.2713,-1.2923,0,0,0,8.1994,8.3420,10.0104,10.0104,10.1291,0,0,0
18.195936,1788533117.966051,0.6306,0.6166,0.6166,0.6166,0.6218,0,0,0,1.0041,0.9916,-2.1816,-2.1816,-2.2664,0,0,0,-0.0590,-0.1781,-0.2671,-0.2671,-0.4429,0,0,0,-3.4658,-3.4823,4.1788,4.1788,4.2292,0,0,0,-1.0495,-1.0584,-1.2701,-1.2701,-1.2909,0,0,0,8.1665,8.3253,9.9903,9.9903,10.1237,0,0,0
18.203937,1788533117.966051,0.6306,0.6173,0.6173,0.6173,0.6204,0,0,0,1.0041,0.9922,-2.1829,-2.1829,-2.2557,0,0,0,-0.0590,-0.1724,-0.2586,-0.2586,-0.4318,0,0,0,-3.4658,-3.4815,4.1778,4.1778,4.2245,0,0,0,-1.0495,-1.0580,-1.2696,-1.2696,-1.2892,0,0,0,8.1665,8.3177,9.9812,9.9812,10.1162,0,0,0
18.212466,1788533117.981578,0.6306,0.6185,0.6185,0.6185,0.6192,0,0,0,1.0041,0.9933,-2.1852,-2.1852,-2.2460,0,0,0,-0.0590,-0.1623,-0.2435,-0.2435,-0.4206,0,0,0,-3.4658,-3.4801,4.1761,4.1761,4.2200,0,0,0,-1.0495,-1.0573,-1.2687,-1.2687,-1.2875,0,0,0,8.1665,8.3042,9.9651,9.9651,10.1084,0,0,0
18.220331,1788533117.981578,0.6306,0.6191,0.6191,0.6191,0.6182,0,0,0,1.0041,0.9938,-2.1864,-2.1864,-2.2372,0,0,0,-0.0590,-0.1574,-0.2360,-0.2360,-0.4092,0,0,0,-3.4658,-3.4794,4.1753,4.1753,4.2158,0,0,0,-1.0495,-1.0569,-1.2683,-1.2683,-1.2859,0,0,0,8.1665,8.2976,9.9571,9.9571,10.1004,0,0,0
18.228719,1788533117.998590,0.6306,0.6202,0.6202,0.6202,0.6175,0,0,0,1.0041,0.9948,-2.1886,-2.1886,-2.2295,0,0,0,-0.0590,-0.1479,-0.2218,-0.2218,-0.3976,0,0,0,-3.4658,-3.4781,4.1737,4.1737,4.2118,0,0,0,-1.0495,-1.0562,-1.2674,-1.2674,-1.2843,0,0,0,8.1665,8.2849,9.9419,9.9419,10.0919,0,0,0
18.236428,1788533118.006219,0.6306,0.6206,0.6206,0.6206,0.6169,0,0,0,1.0041,0.9952,-2.1895,-2.1895,-2.2227,0,0,0,-0.0590,-0.1438,-0.2157,-0.2157,-0.3858,0,0,0,-3.4658,-3.4776,4.1731,4.1731,4.2081,0,0,0,-1.0495,-1.0559,-1.2670,-1.2670,-1.2828,0,0,0,8.1665,8.2795,9.9354,9.9354,10.0830,0,0,0
18.244106,1788533118.006219,0.6306,0.6211,0.6211,0.6211,0.6165,0,0,0,1.0041,0.9957,-2.1904,-2.1904,-2.2167,0,0,0,-0.0590,-0.1397,-0.2096,-0.2096,-0.3737,0,0,0,-3.4658,-3.4770,4.1724,4.1724,4.2046,0,0,0,-1.0495,-1.0556,-1.2667,-1.2667,-1.2814,0,0,0,8.1665,8.2741,9.9289,9.9289,10.0737,0,0,0
18.252230,1788533118.021342,0.7100,0.6288,0.6288,0.6288,0.6162,0,0,0,0.8939,0.9868,-2.1710,-2.1710,-2.2116,0,0,0,-0.0109,-0.1285,-0.1928,-0.1928,-0.3615,0,0,0,-3.4334,-3.4732,4.1678,4.1678,4.2013,0,0,0,-1.0560,-1.0556,-1.2667,-1.2667,-1.2801,0,0,0,8.0900,8.2581,9.9097,9.9097,10.0639,0,0,0
18.259786,1788533118.021342,0.7100,0.6327,0.6327,0.6327,0.6162,0,0,0,0.8939,0.9824,-2.1612,-2.1612,-2.2083,0,0,0,-0.0109,-0.1229,-0.1844,-0.1844,-0.3523,0,0,0,-3.4334,-3.4713,4.1656,4.1656,4.1990,0,0,0,-1.0560,-1.0556,-1.2667,-1.2667,-1.2791,0,0,0,8.0900,8.2500,9.9001,9.9001,10.0564,0,0,0
18.268475,1788533118.038003,0.7554,0.6444,0.6444,0.6444,0.6162,0,0,0,0.8702,0.9717,-2.1378,-2.1378,-2.2042,0,0,0,0.0045,-0.1108,-0.1662,-0.1662,-0.3401,0,0,0,-3.3888,-3.4635,4.1562,4.1562,4.1960,0,0,0,-1.0989,-1.0597,-1.2717,-1.2717,-1.2778,0,0,0,7.8819,8.2151,9.8581,9.8581,10.0462,0,0,0
18.275521,1788533118.045685,0.7554,0.6495,0.6495,0.6495,0.6166,0,0,0,0.8702,0.9671,-2.1275,-2.1275,-2.2002,0,0,0,0.0045,-0.1055,-0.1583,-0.1583,-0.3279,0,0,0,-3.3888,-3.4600,4.1520,4.1520,4.1931,0,0,0,-1.0989,-1.0615,-1.2738,-1.2738,-1.2767,0,0,0,7.8819,8.1997,9.8397,9.8397,10.0357,0,0,0
18.284682,1788533118.054793,0.7849,0.6568,0.6568,0.6568,0.6173,0,0,0,0.8611,0.9613,-2.1149,-2.1149,-2.1962,0,0,0,-0.0270,-0.1013,-0.1519,-0.1519,-0.3156,0,0,0,-3.4029,-3.4569,4.1483,4.1483,4.1903,0,0,0,-1.0772,-1.0624,-1.2748,-1.2748,-1.2756,0,0,0,8.0232,8.1902,9.8282,9.8282,10.0246,0,0,0
18.292270,1788533118.062394,0.7849,0.6626,0.6626,0.6626,0.6184,0,0,0,0.8611,0.9568,-2.1049,-2.1049,-2.1919,0,0,0,-0.0270,-0.0979,-0.1468,-0.1468,-0.3033,0,0,0,-3.4029,-3.4545,4.1454,4.1454,4.1875,0,0,0,-1.0772,-1.0630,-1.2757,-1.2757,-1.2748,0,0,0,8.0232,8.1825,9.8191,9.8191,10.0128,0,0,0
18.300269,1788533118.070383,0.7849,0.6685,0.6685,0.6685,0.6198,0,0,0,0.8611,0.9522,-2.0948,-2.0948,-2.1873,0,0,0,-0.0270,-0.0945,-0.1417,-0.1417,-0.2910,0,0,0,-3.4029,-3.4520,4.1424,4.1424,4.1846,0,0,0,-1.0772,-1.0637,-1.2765,-1.2765,-1.2741,0,0,0,8.0232,8.1749,9.8099,9.8099,10.0004,0,0,0
18.307899,1788533118.078017,0.7849,0.6738,0.6738,0.6738,0.6217,0,0,0,0.8611,0.9480,-2.0856,-2.0856,-2.1822,0,0,0,-0.0270,-0.0914,-0.1371,-0.1371,-0.2790,0,0,0,-3.4029,-3.4498,4.1397,4.1397,4.1817,0,0,0,-1.0772,-1.0643,-1.2772,-1.2772,-1.2736,0,0,0,8.0232,8.1680,9.8016,9.8016,9.9876,0,0,0
18.316425,1788533118.078017,0.7849,0.6791,0.6791,0.6791,0.6240,0,0,0,0.8611,0.9438,-2.0765,-2.0765,-2.1768,0,0,0,-0.0270,-0.0883,-0.1325,-0.1325,-0.2672,0,0,0,-3.4029,-3.4475,4.1370,4.1370,4.1787,0,0,0,-1.0772,-1.0650,-1.2779,-1.2779,-1.2733,0,0,0,8.0232,8.1610,9.7932,9.7932,9.9745,0,0,0
18.324441,1788533118.094558,0.7849,0.6891,0.6891,0.6891,0.6259,0,0,0,0.8611,0.9361,-2.0593,-2.0593,-2.1726,0,0,0,-0.0270,-0.0825,-0.1238,-0.1238,-0.2586,0,0,0,-3.4029,-3.4433,4.1320,4.1320,4.1765,0,0,0,-1.0772,-1.0661,-1.2793,-1.2793,-1.2731,0,0,0,8.0232,8.1480,9.7776,9.7776,9.9647,0,0,0
18.331954,1788533118.102082,0.7849,0.6934,0.6934,0.6934,0.6287,0,0,0,0.8611,0.9327,-2.0519,-2.0519,-2.1665,0,0,0,-0.0270,-0.0800,-0.1200,-0.1200,-0.2474,0,0,0,-3.4029,-3.4415,4.1298,4.1298,4.1735,0,0,0,-1.0772,-1.0666,-1.2799,-1.2799,-1.2730,0,0,0,8.0232,8.1424,9.7709,9.7709,9.9514,0,0,0
18.340480,1788533118.110083,0.8477,0.7008,0.7008,0.7008,0.6319,0,0,0,0.8577,0.9291,-2.0440,-2.0440,-2.1601,0,0,0,-0.0335,-0.0778,-0.1167,-0.1167,-0.2366,0,0,0,-3.4134,-3.4401,4.1282,4.1282,4.1705,0,0,0,-1.0969,-1.0681,-1.2817,-1.2817,-1.2730,0,0,0,8.0031,8.1357,9.7628,9.7628,9.9382,0,0,0
18.347997,1788533118.118117,0.8477,0.7079,0.7079,0.7079,0.6354,0,0,0,0.8577,0.9256,-2.0364,-2.0364,-2.1533,0,0,0,-0.0335,-0.0757,-0.1135,-0.1135,-0.2261,0,0,0,-3.4134,-3.4389,4.1266,4.1266,4.1674,0,0,0,-1.0969,-1.0694,-1.2833,-1.2833,-1.2732,0,0,0,8.0031,8.1293,9.7552,9.7552,9.9251,0,0,0
18.355993,1788533118.127118,0.8477,0.7154,0.7154,0.7154,0.6393,0,0,0,0.8619,0.9222,-2.0289,-2.0289,-2.1461,0,0,0,-0.0270,-0.0731,-0.1096,-0.1096,-0.2161,0,0,0,-3.4140,-3.4375,4.1250,4.1250,4.1644,0,0,0,-1.1107,-1.0717,-1.2860,-1.2860,-1.2734,0,0,0,8.0306,8.1240,9.7488,9.7488,9.9120,0,0,0
18.364537,1788533118.134131,0.8477,0.7210,0.7210,0.7210,0.6434,0,0,0,0.8619,0.9197,-2.0233,-2.0233,-2.1386,0,0,0,-0.0270,-0.0711,-0.1067,-0.1067,-0.2065,0,0,0,-3.4140,-3.4365,4.1238,4.1238,4.1613,0,0,0,-1.1107,-1.0733,-1.2880,-1.2880,-1.2737,0,0,0,8.0306,8.1201,9.7441,9.7441,9.8991,0,0,0
18.372061,1788533118.134131,0.8477,0.7270,0.7270,0.7270,0.6478,0,0,0,0.8619,0.9169,-2.0172,-2.0172,-2.1310,0,0,0,-0.0270,-0.0690,-0.1035,-0.1035,-0.1973,0,0,0,-3.4140,-3.4355,4.1225,4.1225,4.1584,0,0,0,-1.1107,-1.0751,-1.2901,-1.2901,-1.2742,0,0,0,8.0306,8.1158,9.7389,9.7389,9.8865,0,0,0
18.380602,1788533118.149719,0.8477,0.7378,0.7378,0.7378,0.6524,0,0,0,0.8619,0.9120,-2.0064,-2.0064,-2.1232,0,0,0,-0.0270,-0.0653,-0.0979,-0.0979,-0.1886,0,0,0,-3.4140,-3.4335,4.1202,4.1202,4.1554,0,0,0,-1.1107,-1.0783,-1.2939,-1.2939,-1.2748,0,0,0,8.0306,8.1082,9.7298,9.7298,9.8742,0,0,0
18.388593,1788533118.149719,0.8477,0.7431,0.7431,0.7431,0.6572,0,0,0,0.8619,0.9096,-2.0011,-2.0011,-2.1154,0,0,0,-0.0270,-0.0634,-0.0951,-0.0951,-0.1804,0,0,0,-3.4140,-3.4326,4.1191,4.1191,4.1526,0,0,0,-1.1107,-1.0798,-1.2958,-1.2958,-1.2754,0,0,0,8.0306,8.1045,9.7254,9.7254,9.8624,0,0,0
18.396121,1788533118.166230,0.8449,0.7527,0.7527,0.7527,0.6623,0,0,0,0.9008,0.9088,-1.9993,-1.9993,-2.1074,0,0,0,-0.0294,-0.0602,-0.0903,-0.0903,-0.1726,0,0,0,-3.4134,-3.4308,4.1170,4.1170,4.1499,0,0,0,-1.0939,-1.0811,-1.2974,-1.2974,-1.2762,0,0,0,8.0697,8.1012,9.7214,9.7214,9.8509,0,0,0
18.404186,1788533118.174304,0.8449,0.7571,0.7571,0.7571,0.6676,0,0,0,0.9008,0.9084,-1.9985,-1.9985,-2.0995,0,0,0,-0.0294,-0.0587,-0.0881,-0.0881,-0.1652,0,0,0,-3.4134,-3.4300,4.1159,4.1159,4.1472,0,0,0,-1.0939,-1.0818,-1.2981,-1.2981,-1.2772,0,0,0,8.0697,8.0997,9.7196,9.7196,9.8398,0,0,0
18.412368,1788533118.182831,0.8665,0.7627,0.7627,0.7627,0.6718,0,0,0,0.9136,0.9087,-1.9990,-1.9990,-2.0935,0,0,0,-0.0006,-0.0558,-0.0837,-0.0837,-0.1598,0,0,0,-3.3697,-3.4269,4.1123,4.1123,4.1452,0,0,0,-1.0852,-1.0819,-1.2983,-1.2983,-1.2780,0,0,0,8.0209,8.0957,9.7148,9.7148,9.8317,0,0,0
18.420890,1788533118.189488,0.8665,0.7669,0.7669,0.7669,0.6775,0,0,0,0.9136,0.9089,-1.9995,-1.9995,-2.0856,0,0,0,-0.0006,-0.0536,-0.0803,-0.0803,-0.1530,0,0,0,-3.3697,-3.4246,4.1095,4.1095,4.1427,0,0,0,-1.0852,-1.0821,-1.2985,-1.2985,-1.2792,0,0,0,8.0209,8.0926,9.7112,9.7112,9.8213,0,0,0
18.428422,1788533118.198015,0.8665,0.7719,0.7719,0.7719,0.6834,0,0,0,0.9136,0.9091,-2.0000,-2.0000,-2.0779,0,0,0,-0.0006,-0.0509,-0.0763,-0.0763,-0.1465,0,0,0,-3.3697,-3.4218,4.1062,4.1062,4.1402,0,0,0,-1.0852,-1.0822,-1.2987,-1.2987,-1.2804,0,0,0,8.0209,8.0890,9.7068,9.7068,9.8114,0,0,0
18.435948,1788533118.206074,0.8665,0.7765,0.7765,0.7765,0.6894,0,0,0,0.9136,0.9093,-2.0005,-2.0005,-2.0705,0,0,0,-0.0006,-0.0484,-0.0727,-0.0727,-0.1404,0,0,0,-3.3697,-3.4193,4.1031,4.1031,4.1378,0,0,0,-1.0852,-1.0824,-1.2988,-1.2988,-1.2817,0,0,0,8.0209,8.0857,9.7029,9.7029,9.8019,0,0,0
18.444633,1788533118.206074,0.8665,0.7808,0.7808,0.7808,0.6954,0,0,0,0.9136,0.9095,-2.0009,-2.0009,-2.0635,0,0,0,-0.0006,-0.0461,-0.0692,-0.0692,-0.1345,0,0,0,-3.3697,-3.4169,4.1003,4.1003,4.1354,0,0,0,-1.0852,-1.0825,-1.2990,-1.2990,-1.2830,0,0,0,8.0209,8.0826,9.6991,9.6991,9.7929,0,0,0
18.452979,1788533118.206074,0.8665,0.7849,0.7849,0.7849,0.7015,0,0,0,0.9136,0.9097,-2.0014,-2.0014,-2.0569,0,0,0,-0.0006,-0.0440,-0.0660,-0.0660,-0.1289,0,0,0,-3.3697,-3.4147,4.0976,4.0976,4.1330,0,0,0,-1.0852,-1.0826,-1.2992,-1.2992,-1.2843,0,0,0,8.0209,8.0796,9.6956,9.6956,9.7844,0,0,0
18.460968,1788533118.231088,0.8665,0.7960,0.7960,0.7960,0.7076,0,0,0,0.9136,0.9102,-2.0025,-2.0025,-2.0508,0,0,0,-0.0006,-0.0381,-0.0571,-0.0571,-0.1235,0,0,0,-3.3697,-3.4085,4.0903,4.0903,4.1306,0,0,0,-1.0852,-1.0830,-1.2996,-1.2996,-1.2855,0,0,0,8.0209,8.0717,9.6860,9.6860,9.7763,0,0,0
18.469053,1788533118.238172,0.8665,0.7990,0.7990,0.7990,0.7121,0,0,0,0.9136,0.9104,-2.0028,-2.0028,-2.0465,0,0,0,-0.0006,-0.0365,-0.0547,-0.0547,-0.1196,0,0,0,-3.3697,-3.4069,4.0883,4.0883,4.1288,0,0,0,-1.0852,-1.0831,-1.2997,-1.2997,-1.2865,0,0,0,8.0209,8.0695,9.6834,9.6834,9.7705,0,0,0
18.476613,1788533118.246679,0.8750,0.8029,0.8029,0.8029,0.7197,0,0,0,1.0486,0.9174,-2.0183,-2.0183,-2.0400,0,0,0,-0.0083,-0.0350,-0.0526,-0.0526,-0.1133,0,0,0,-3.3170,-3.4023,4.0828,4.0828,4.1257,0,0,0,-1.1033,-1.0841,-1.3009,-1.3009,-1.2879,0,0,0,7.7197,8.0517,9.6621,9.6621,9.7613,0,0,0
18.484913,1788533118.254040,0.8757,0.8061,0.8061,0.8061,0.7257,0,0,0,1.0593,0.9237,-2.0321,-2.0321,-2.0353,0,0,0,-0.0156,-0.0342,-0.0513,-0.0513,-0.1084,0,0,0,-3.2877,-3.3973,4.0767,4.0767,4.1232,0,0,0,-1.1323,-1.0862,-1.3035,-1.3035,-1.2890,0,0,0,7.7160,8.0369,9.6442,9.6442,9.7542,0,0,0
18.492392,1788533118.262858,0.8757,0.8097,0.8097,0.8097,0.7302,0,0,0,1.0593,0.9308,-2.0477,-2.0477,-2.0321,0,0,0,-0.0156,-0.0332,-0.0498,-0.0498,-0.1048,0,0,0,-3.2877,-3.3915,4.0698,4.0698,4.1212,0,0,0,-1.1323,-1.0887,-1.3064,-1.3064,-1.2899,0,0,0,7.7160,8.0200,9.6240,9.6240,9.7491,0,0,0
18.501188,1788533118.270274,0.8757,0.8127,0.8127,0.8127,0.7362,0,0,0,1.0593,0.9365,-2.0603,-2.0603,-2.0285,0,0,0,-0.0156,-0.0324,-0.0486,-0.0486,-0.1002,0,0,0,-3.2877,-3.3869,4.0643,4.0643,4.1185,0,0,0,-1.1323,-1.0906,-1.3087,-1.3087,-1.2909,0,0,0,7.7160,8.0064,9.6077,9.6077,9.7422,0,0,0
18.508102,1788533118.270274,0.8757,0.8157,0.8157,0.8157,0.7421,0,0,0,1.0593,0.9424,-2.0733,-2.0733,-2.0257,0,0,0,-0.0156,-0.0316,-0.0474,-0.0474,-0.0957,0,0,0,-3.2877,-3.3821,4.0586,4.0586,4.1157,0,0,0,-1.1323,-1.0926,-1.3111,-1.3111,-1.2919,0,0,0,7.7160,7.9925,9.5910,9.5910,9.7351,0,0,0
18.517310,1788533118.286915,0.8757,0.8214,0.8214,0.8214,0.7478,0,0,0,1.0593,0.9535,-2.0976,-2.0976,-2.0239,0,0,0,-0.0156,-0.0301,-0.0452,-0.0452,-0.0914,0,0,0,-3.2877,-3.3732,4.0478,4.0478,4.1126,0,0,0,-1.1323,-1.0964,-1.3156,-1.3156,-1.2930,0,0,0,7.7160,7.9663,9.5595,9.5595,9.7277,0,0,0
18.525404,1788533118.294520,0.8757,0.8239,0.8239,0.8239,0.7535,0,0,0,1.0593,0.9583,-2.1082,-2.1082,-2.0232,0,0,0,-0.0156,-0.0294,-0.0442,-0.0442,-0.0873,0,0,0,-3.2877,-3.3693,4.0431,4.0431,4.1095,0,0,0,-1.1323,-1.0980,-1.3176,-1.3176,-1.2941,0,0,0,7.7160,7.9548,9.5458,9.5458,9.7198,0,0,0
18.533364,1788533118.303515,0.9005,0.8280,0.8280,0.8280,0.7590,0,0,0,1.1177,0.9668,-2.1270,-2.1270,-2.0235,0,0,0,0.0045,-0.0276,-0.0414,-0.0414,-0.0834,0,0,0,-3.2819,-3.3646,4.0375,4.0375,4.1061,0,0,0,-1.1429,-1.1004,-1.3205,-1.3205,-1.2952,0,0,0,7.7966,7.9464,9.5356,9.5356,9.7113,0,0,0
18.541422,1788533118.310545,0.9005,0.8310,0.8310,0.8310,0.7630,0,0,0,1.1177,0.9732,-2.1411,-2.1411,-2.0245,0,0,0,0.0045,-0.0263,-0.0394,-0.0394,-0.0805,0,0,0,-3.2819,-3.3611,4.0333,4.0333,4.1033,0,0,0,-1.1429,-1.1022,-1.3226,-1.3226,-1.2962,0,0,0,7.7966,7.9400,9.5280,9.5280,9.7045,0,0,0
18.549117,1788533118.319226,0.9005,0.8346,0.8346,0.8346,0.7696,0,0,0,1.1177,0.9807,-2.1575,-2.1575,-2.0276,0,0,0,0.0045,-0.0247,-0.0370,-0.0370,-0.0761,0,0,0,-3.2819,-3.3570,4.0284,4.0284,4.0985,0,0,0,-1.1429,-1.1043,-1.3252,-1.3252,-1.2978,0,0,0,7.7966,7.9326,9.5191,9.5191,9.6922,0,0,0
18.556829,1788533118.326873,0.9005,0.8377,0.8377,0.8377,0.7735,0,0,0,1.1177,0.9870,-2.1713,-2.1713,-2.0305,0,0,0,0.0045,-0.0233,-0.0350,-0.0350,-0.0735,0,0,0,-3.2819,-3.3536,4.0243,4.0243,4.0954,0,0,0,-1.1429,-1.1061,-1.3273,-1.3273,-1.2989,0,0,0,7.7966,7.9263,9.5116,9.5116,9.6843,0,0,0
18.565438,1788533118.334960,0.9005,0.8407,0.8407,0.8407,0.7786,0,0,0,1.1177,0.9933,-2.1852,-2.1852,-2.0355,0,0,0,0.0045,-0.0220,-0.0330,-0.0330,-0.0702,0,0,0,-3.2819,-3.3501,4.0201,4.0201,4.0911,0,0,0,-1.1429,-1.1079,-1.3294,-1.3294,-1.3005,0,0,0,7.7966,7.9200,9.5041,9.5041,9.6733,0,0,0
18.573001,1788533118.334960,0.9005,0.8436,0.8436,0.8436,0.7836,0,0,0,1.1177,0.9993,-2.1984,-2.1984,-2.0417,0,0,0,0.0045,-0.0207,-0.0311,-0.0311,-0.0671,0,0,0,-3.2819,-3.3468,4.0162,4.0162,4.0865,0,0,0,-1.1429,-1.1095,-1.3314,-1.3314,-1.3022,0,0,0,7.7966,7.9141,9.4970,9.4970,9.6619,0,0,0
18.581333,1788533118.334960,0.9005,0.8463,0.8463,0.8463,0.7885,0,0,0,1.1177,1.0049,-2.2108,-2.2108,-2.0490,0,0,0,0.0045,-0.0195,-0.0293,-0.0293,-0.0640,0,0,0,-3.2819,-3.3437,4.0125,4.0125,4.0818,0,0,0,-1.1429,-1.1111,-1.3334,-1.3334,-1.3040,0,0,0,7.7966,7.9085,9.4902,9.4902,9.6503,0,0,0
18.589560,1788533118.359156,0.9279,0.8571,0.8571,0.8571,0.7933,0,0,0,1.1259,1.0209,-2.2460,-2.2460,-2.0572,0,0,0,0.0316,-0.0128,-0.0191,-0.0191,-0.0610,0,0,0,-3.2927,-3.3370,4.0044,4.0044,4.0770,0,0,0,-1.1464,-1.1158,-1.3389,-1.3389,-1.3059,0,0,0,7.7789,7.8914,9.4696,9.4696,9.6386,0,0,0
18.597333,1788533118.359156,0.9279,0.8605,0.8605,0.8605,0.7979,0,0,0,1.1259,1.0259,-2.2570,-2.2570,-2.0663,0,0,0,0.0316,-0.0106,-0.0160,-0.0160,-0.0581,0,0,0,-3.2927,-3.3349,4.0018,4.0018,4.0722,0,0,0,-1.1464,-1.1172,-1.3407,-1.3407,-1.3078,0,0,0,7.7789,7.8860,9.4632,9.4632,9.6269,0,0,0
18.605249,1788533118.359156,0.9279,0.8637,0.8637,0.8637,0.8014,0,0,0,1.1259,1.0307,-2.2676,-2.2676,-2.0737,0,0,0,0.0316,-0.0086,-0.0129,-0.0129,-0.0560,0,0,0,-3.2927,-3.3328,3.9994,3.9994,4.0685,0,0,0,-1.1464,-1.1186,-1.3424,-1.3424,-1.3093,0,0,0,7.7789,7.8808,9.4570,9.4570,9.6181,0,0,0
18.612771,1788533118.382894,0.9302,0.8723,0.8723,0.8723,0.8060,0,0,0,1.1755,1.0495,-2.3090,-2.3090,-2.0845,0,0,0,0.0243,-0.0043,-0.0065,-0.0065,-0.0531,0,0,0,-3.2978,-3.3283,3.9939,3.9939,4.0635,0,0,0,-1.1522,-1.1230,-1.3476,-1.3476,-1.3114,0,0,0,7.8428,7.8759,9.4511,9.4511,9.6062,0,0,0
18.621004,1788533118.391116,0.9302,0.8752,0.8752,0.8752,0.8105,0,0,0,1.1755,1.0557,-2.3226,-2.3226,-2.0960,0,0,0,0.0243,-0.0029,-0.0044,-0.0044,-0.0502,0,0,0,-3.2978,-3.3268,3.9921,3.9921,4.0585,0,0,0,-1.1522,-1.1244,-1.3493,-1.3493,-1.3136,0,0,0,7.8428,7.8743,9.4491,9.4491,9.5944,0,0,0
18.629006,1788533118.399123,0.9302,0.8778,0.8778,0.8778,0.8151,0,0,0,1.1755,1.0615,-2.3352,-2.3352,-2.1083,0,0,0,0.0243,-0.0016,-0.0024,-0.0024,-0.0472,0,0,0,-3.2978,-3.3254,3.9905,3.9905,4.0535,0,0,0,-1.1522,-1.1258,-1.3509,-1.3509,-1.3158,0,0,0,7.8428,7.8728,9.4473,9.4473,9.5828,0,0,0
18.637026,1788533118.399123,0.9302,0.8803,0.8803,0.8803,0.8197,0,0,0,1.1755,1.0669,-2.3472,-2.3472,-2.1216,0,0,0,0.0243,-0.0004,-0.0006,-0.0006,-0.0441,0,0,0,-3.2978,-3.3241,3.9889,3.9889,4.0486,0,0,0,-1.1522,-1.1270,-1.3524,-1.3524,-1.3181,0,0,0,7.8428,7.8713,9.4456,9.4456,9.5713,0,0,0
18.645101,1788533118.416230,0.9263,0.8848,0.8848,0.8848,0.8243,0,0,0,1.1940,1.0793,-2.3744,-2.3744,-2.1355,0,0,0,0.0131,0.0009,0.0014,0.0014,-0.0410,0,0,0,-3.2893,-3.3207,3.9848,3.9848,4.0437,0,0,0,-1.2546,-1.1394,-1.3673,-1.3673,-1.3205,0,0,0,7.9045,7.8745,9.4495,9.4495,9.5602,0,0,0
18.653368,1788533118.422467,0.9263,0.8864,0.8864,0.8864,0.8288,0,0,0,1.1940,1.0836,-2.3839,-2.3839,-2.1500,0,0,0,0.0131,0.0014,0.0021,0.0021,-0.0379,0,0,0,-3.2893,-3.3195,3.9834,3.9834,4.0390,0,0,0,-1.2546,-1.1438,-1.3725,-1.3725,-1.3229,0,0,0,7.9045,7.8757,9.4508,9.4508,9.5496,0,0,0
18.661357,1788533118.431428,0.9263,0.8885,0.8885,0.8885,0.8333,0,0,0,1.1940,1.0895,-2.3969,-2.3969,-2.1650,0,0,0,0.0131,0.0020,0.0030,0.0030,-0.0348,0,0,0,-3.2893,-3.3179,3.9815,3.9815,4.0344,0,0,0,-1.2546,-1.1497,-1.3796,-1.3796,-1.3254,0,0,0,7.9045,7.8772,9.4527,9.4527,9.5395,0,0,0
18.669355,1788533118.431428,0.9263,0.8903,0.8903,0.8903,0.8366,0,0,0,1.1940,1.0945,-2.4079,-2.4079,-2.1766,0,0,0,0.0131,0.0025,0.0038,0.0038,-0.0325,0,0,0,-3.2893,-3.3165,3.9798,3.9798,4.0310,0,0,0,-1.2546,-1.1547,-1.3856,-1.3856,-1.3274,0,0,0,7.9045,7.8785,9.4542,9.4542,9.5324,0,0,0
18.676948,1788533118.447155,0.9263,0.8935,0.8935,0.8935,0.8420,0,0,0,1.1940,1.1035,-2.4276,-2.4276,-2.1962,0,0,0,0.0131,0.0035,0.0052,0.0052,-0.0287,0,0,0,-3.2893,-3.3141,3.9769,3.9769,4.0256,0,0,0,-1.2546,-1.1637,-1.3964,-1.3964,-1.3311,0,0,0,7.9045,7.8809,9.4570,9.4570,9.5213,0,0,0
18.685635,1788533118.447155,0.9263,0.8951,0.8951,0.8951,0.8462,0,0,0,1.1940,1.1078,-2.4371,-2.4371,-2.2121,0,0,0,0.0131,0.0039,0.0059,0.0059,-0.0258,0,0,0,-3.2893,-3.3129,3.9755,3.9755,4.0214,0,0,0,-1.2546,-1.1680,-1.4016,-1.4016,-1.3343,0,0,0,7.9045,7.8820,9.4584,9.4584,9.5133,0,0,0
18.693037,1788533118.463176,0.9131,0.8968,0.8968,0.8968,0.8493,0,0,0,1.2284,1.1188,-2.4614,-2.4614,-2.2241,0,0,0,0.0469,0.0079,0.0118,0.0118,-0.0237,0,0,0,-3.2698,-3.3090,3.9707,3.9707,4.0184,0,0,0,-1.3021,-1.1803,-1.4164,-1.4164,-1.3369,0,0,0,7.8736,7.8812,9.4575,9.4575,9.5078,0,0,0
18.701037,1788533118.463176,0.9131,0.8975,0.8975,0.8975,0.8533,0,0,0,1.2284,1.1241,-2.4730,-2.4730,-2.2401,0,0,0,0.0469,0.0097,0.0146,0.0146,-0.0210,0,0,0,-3.2698,-3.3071,3.9685,3.9685,4.0145,0,0,0,-1.3021,-1.1861,-1.4234,-1.4234,-1.3406,0,0,0,7.8736,7.8809,9.4570,9.4570,9.5010,0,0,0
18.709034,1788533118.480152,0.9256,0.9002,0.9002,0.9002,0.8571,0,0,0,1.2470,1.1359,-2.4991,-2.4991,-2.2562,0,0,0,0.0656,0.0151,0.0227,0.0227,-0.0184,0,0,0,-3.2612,-3.3027,3.9632,3.9632,4.0108,0,0,0,-1.3079,-1.1979,-1.4375,-1.4375,-1.3447,0,0,0,7.8438,7.8773,9.4527,9.4527,9.4950,0,0,0
18.717047,1788533118.487238,0.9256,0.9013,0.9013,0.9013,0.8608,0,0,0,1.2470,1.1407,-2.5095,-2.5095,-2.2724,0,0,0,0.0656,0.0173,0.0259,0.0259,-0.0158,0,0,0,-3.2612,-3.3009,3.9611,3.9611,4.0071,0,0,0,-1.3079,-1.2026,-1.4431,-1.4431,-1.3491,0,0,0,7.8438,7.8759,9.4510,9.4510,9.4897,0,0,0
18.725749,1788533118.494868,0.9256,0.9024,0.9024,0.9024,0.8644,0,0,0,1.2470,1.1455,-2.5202,-2.5202,-2.2887,0,0,0,0.0656,0.0195,0.0292,0.0292,-0.0132,0,0,0,-3.2612,-3.2991,3.9589,3.9589,4.0036,0,0,0,-1.3079,-1.2074,-1.4489,-1.4489,-1.3539,0,0,0,7.8438,7.8744,9.4493,9.4493,9.4849,0,0,0
18.732971,1788533118.494868,0.9256,0.9035,0.9035,0.9035,0.8678,0,0,0,1.2470,1.1504,-2.5309,-2.5309,-2.3051,0,0,0,0.0656,0.0217,0.0326,0.0326,-0.0106,0,0,0,-3.2612,-3.2973,3.9567,3.9567,4.0001,0,0,0,-1.3079,-1.2122,-1.4547,-1.4547,-1.3592,0,0,0,7.8438,7.8729,9.4475,9.4475,9.4806,0,0,0
18.741339,1788533118.511445,0.9256,0.9056,0.9056,0.9056,0.8710,0,0,0,1.2470,1.1595,-2.5510,-2.5510,-2.3215,0,0,0,0.0656,0.0258,0.0388,0.0388,-0.0078,0,0,0,-3.2612,-3.2939,3.9526,3.9526,3.9967,0,0,0,-1.3079,-1.2212,-1.4655,-1.4655,-1.3648,0,0,0,7.8438,7.8702,9.4442,9.4442,9.4768,0,0,0
18.749611,1788533118.519522,0.9256,0.9066,0.9066,0.9066,0.8741,0,0,0,1.2470,1.1638,-2.5603,-2.5603,-2.3379,0,0,0,0.0656,0.0278,0.0416,0.0416,-0.0051,0,0,0,-3.2612,-3.2923,3.9507,3.9507,3.9934,0,0,0,-1.3079,-1.2254,-1.4705,-1.4705,-1.3706,0,0,0,7.8438,7.8689,9.4427,9.4427,9.4733,0,0,0
18.757412,1788533118.519522,0.9256,0.9075,0.9075,0.9075,0.8763,0,0,0,1.2470,1.1677,-2.5690,-2.5690,-2.3501,0,0,0,0.0656,0.0296,0.0444,0.0444,-0.0029,0,0,0,-3.2612,-3.2908,3.9489,3.9489,3.9910,0,0,0,-1.3079,-1.2294,-1.4753,-1.4753,-1.3752,0,0,0,7.8438,7.8677,9.4412,9.4412,9.4708,0,0,0
18.765059,1788533118.519522,0.9256,0.9084,0.9084,0.9084,0.8791,0,0,0,1.2470,1.1715,-2.5774,-2.5774,-2.3662,0,0,0,0.0656,0.0313,0.0470,0.0470,0.0000,0,0,0,-3.2612,-3.2894,3.9472,3.9472,3.9877,0,0,0,-1.3079,-1.2331,-1.4798,-1.4798,-1.3814,0,0,0,7.8438,7.8666,9.4399,9.4399,9.4678,0,0,0
18.773720,1788533118.542231,0.9256,0.9105,0.9105,0.9105,0.8818,0,0,0,1.2470,1.1810,-2.5981,-2.5981,-2.3822,0,0,0,0.0656,0.0356,0.0534,0.0534,0.0030,0,0,0,-3.2612,-3.2859,3.9430,3.9430,3.9846,0,0,0,-1.3079,-1.2425,-1.4910,-1.4910,-1.3879,0,0,0,7.8438,7.8637,9.4365,9.4365,9.4650,0,0,0
18.781155,1788533118.542231,0.9256,0.9112,0.9112,0.9112,0.8844,0,0,0,1.2470,1.1841,-2.6051,-2.6051,-2.3980,0,0,0,0.0656,0.0370,0.0555,0.0555,0.0061,0,0,0,-3.2612,-3.2847,3.9416,3.9416,3.9815,0,0,0,-1.3079,-1.2456,-1.4947,-1.4947,-1.3944,0,0,0,7.8438,7.8628,9.4353,9.4353,9.4624,0,0,0
18.789735,1788533118.542231,0.9256,0.9119,0.9119,0.9119,0.8868,0,0,0,1.2470,1.1871,-2.6117,-2.6117,-2.4135,0,0,0,0.0656,0.0384,0.0576,0.0576,0.0092,0,0,0,-3.2612,-3.2835,3.9403,3.9403,3.9785,0,0,0,-1.3079,-1.2486,-1.4983,-1.4983,-1.4011,0,0,0,7.8438,7.8618,9.4342,9.4342,9.4600,0,0,0
18.797862,1788533118.566952,0.9059,0.9111,0.9111,0.9111,0.8885,0,0,0,1.2096,1.1902,-2.6184,-2.6184,-2.4250,0,0,0,0.1482,0.0532,0.0797,0.0797,0.0116,0,0,0,-3.2335,-3.2768,3.9322,3.9322,3.9762,0,0,0,-1.3052,-1.2562,-1.5075,-1.5075,-1.4061,0,0,0,7.8361,7.8584,9.4301,9.4301,9.4582,0,0,0
18.805846,1788533118.575958,0.9059,0.9108,0.9108,0.9108,0.8907,0,0,0,1.2096,1.1912,-2.6207,-2.6207,-2.4401,0,0,0,0.1482,0.0583,0.0874,0.0874,0.0149,0,0,0,-3.2335,-3.2745,3.9294,3.9294,3.9733,0,0,0,-1.3052,-1.2588,-1.5106,-1.5106,-1.4129,0,0,0,7.8361,7.8572,9.4286,9.4286,9.4560,0,0,0
18.813535,1788533118.583654,0.9192,0.9112,0.9112,0.9112,0.8928,0,0,0,1.1774,1.1906,-2.6193,-2.6193,-2.4549,0,0,0,0.1765,0.0637,0.0956,0.0956,0.0184,0,0,0,-3.2431,-3.2730,3.9277,3.9277,3.9703,0,0,0,-1.2867,-1.2601,-1.5122,-1.5122,-1.4198,0,0,0,7.8248,7.8557,9.4268,9.4268,9.4539,0,0,0
18.821457,1788533118.591573,0.9192,0.9116,0.9116,0.9116,0.8948,0,0,0,1.1774,1.1899,-2.6179,-2.6179,-2.4694,0,0,0,0.1765,0.0691,0.1036,0.1036,0.0224,0,0,0,-3.2431,-3.2716,3.9260,3.9260,3.9673,0,0,0,-1.2867,-1.2614,-1.5137,-1.5137,-1.4267,0,0,0,7.8248,7.8542,9.4251,9.4251,9.4517,0,0,0
18.829259,1788533118.591573,0.9192,0.9120,0.9120,0.9120,0.8966,0,0,0,1.1774,1.1893,-2.6166,-2.6166,-2.4833,0,0,0,0.1765,0.0742,0.1113,0.1113,0.0267,0,0,0,-3.2431,-3.2703,3.9243,3.9243,3.9643,0,0,0,-1.2867,-1.2626,-1.5151,-1.5151,-1.4336,0,0,0,7.8248,7.8528,9.4234,9.4234,9.4497,0,0,0
18.837767,1788533118.607378,0.9154,0.9123,0.9123,0.9123,0.8982,0,0,0,1.1488,1.1857,-2.6085,-2.6085,-2.4965,0,0,0,0.1918,0.0848,0.1272,0.1272,0.0314,0,0,0,-3.2374,-3.2673,3.9207,3.9207,3.9613,0,0,0,-1.2867,-1.2648,-1.5177,-1.5177,-1.4404,0,0,0,7.8510,7.8527,9.4232,9.4232,9.4476,0,0,0
18.846277,1788533118.607378,0.9154,0.9124,0.9124,0.9124,0.8998,0,0,0,1.1488,1.1839,-2.6046,-2.6046,-2.5090,0,0,0,0.1918,0.0900,0.1349,0.1349,0.0364,0,0,0,-3.2374,-3.2659,3.9190,3.9190,3.9582,0,0,0,-1.2867,-1.2658,-1.5190,-1.5190,-1.4470,0,0,0,7.8510,7.8526,9.4231,9.4231,9.4456,0,0,0
18.854281,1788533118.623406,0.9154,0.9127,0.9127,0.9127,0.9012,0,0,0,1.1488,1.1807,-2.5975,-2.5975,-2.5205,0,0,0,0.1918,0.0993,0.1489,0.1489,0.0418,0,0,0,-3.2374,-3.2633,3.9159,3.9159,3.9553,0,0,0,-1.2867,-1.2677,-1.5213,-1.5213,-1.4534,0,0,0,7.8510,7.8524,9.4229,9.4229,9.4436,0,0,0
18.861786,1788533118.623406,0.9154,0.9128,0.9128,0.9128,0.9022,0,0,0,1.1488,1.1792,-2.5942,-2.5942,-2.5284,0,0,0,0.1918,0.1037,0.1556,0.1556,0.0462,0,0,0,-3.2374,-3.2620,3.9144,3.9144,3.9530,0,0,0,-1.2867,-1.2686,-1.5224,-1.5224,-1.4580,0,0,0,7.8510,7.8524,9.4228,9.4228,9.4422,0,0,0
18.870315,1788533118.639422,0.9057,0.9122,0.9122,0.9122,0.9034,0,0,0,1.1751,1.1788,-2.5934,-2.5934,-2.5381,0,0,0,0.1843,0.1111,0.1666,0.1666,0.0523,0,0,0,-3.2091,-3.2572,3.9086,3.9086,3.9501,0,0,0,-1.3345,-1.2747,-1.5296,-1.5296,-1.4639,0,0,0,7.7175,7.8400,9.4080,9.4080,9.4404,0,0,0
18.877326,1788533118.647013,0.9057,0.9119,0.9119,0.9119,0.9045,0,0,0,1.1751,1.1786,-2.5930,-2.5930,-2.5467,0,0,0,0.1843,0.1144,0.1716,0.1716,0.0588,0,0,0,-3.2091,-3.2550,3.9060,3.9060,3.9472,0,0,0,-1.3345,-1.2774,-1.5329,-1.5329,-1.4696,0,0,0,7.7175,7.8344,9.4013,9.4013,9.4386,0,0,0
18.886379,1788533118.655577,0.8891,0.9107,0.9107,0.9107,0.9056,0,0,0,1.2075,1.1801,-2.5962,-2.5962,-2.5542,0,0,0,0.1678,0.1171,0.1757,0.1757,0.0656,0,0,0,-3.2004,-3.2522,3.9026,3.9026,3.9444,0,0,0,-1.3562,-1.2814,-1.5377,-1.5377,-1.4749,0,0,0,7.7364,7.8294,9.3953,9.3953,9.4370,0,0,0
18.893866,1788533118.663298,0.8881,0.9097,0.9097,0.9097,0.9065,0,0,0,1.2269,1.1823,-2.6010,-2.6010,-2.5607,0,0,0,0.1678,0.1195,0.1792,0.1792,0.0727,0,0,0,-3.2004,-3.2498,3.8998,3.8998,3.9415,0,0,0,-1.3569,-1.2849,-1.5419,-1.5419,-1.4800,0,0,0,7.7430,7.8254,9.3905,9.3905,9.4353,0,0,0
18.901798,1788533118.671912,0.8854,0.9084,0.9084,0.9084,0.9073,0,0,0,1.2289,1.1847,-2.6063,-2.6063,-2.5664,0,0,0,0.1678,0.1220,0.1830,0.1830,0.0799,0,0,0,-3.2007,-3.2473,3.8967,3.8967,3.9387,0,0,0,-1.3685,-1.2892,-1.5471,-1.5471,-1.4849,0,0,0,7.7430,7.8212,9.3854,9.3854,9.4333,0,0,0
18.910484,1788533118.680004,0.8761,0.9069,0.9069,0.9069,0.9078,0,0,0,1.2319,1.1870,-2.6113,-2.6113,-2.5703,0,0,0,0.1685,0.1242,0.1863,0.1863,0.0854,0,0,0,-3.1991,-3.2449,3.8939,3.8939,3.9365,0,0,0,-1.3685,-1.2931,-1.5517,-1.5517,-1.4885,0,0,0,7.7245,7.8165,9.3798,9.3798,9.4317,0,0,0
18.918478,1788533118.687721,0.8761,0.9054,0.9054,0.9054,0.9084,0,0,0,1.2319,1.1890,-2.6159,-2.6159,-2.5749,0,0,0,0.1685,0.1263,0.1894,0.1894,0.0928,0,0,0,-3.1991,-3.2428,3.8914,3.8914,3.9336,0,0,0,-1.3685,-1.2965,-1.5559,-1.5559,-1.4933,0,0,0,7.7245,7.8123,9.3747,9.3747,9.4292,0,0,0
18.926183,1788533118.695283,0.8761,0.9041,0.9041,0.9041,0.9088,0,0,0,1.2319,1.1910,-2.6202,-2.6202,-2.5790,0,0,0,0.1685,0.1282,0.1923,0.1923,0.1002,0,0,0,-3.1991,-3.2408,3.8890,3.8890,3.9307,0,0,0,-1.3685,-1.2998,-1.5598,-1.5598,-1.4979,0,0,0,7.7245,7.8083,9.3699,9.3699,9.4265,0,0,0
18.934087,1788533118.704281,0.8761,0.9026,0.9026,0.9026,0.9091,0,0,0,1.2319,1.1932,-2.6250,-2.6250,-2.5829,0,0,0,0.1685,0.1304,0.1955,0.1955,0.1074,0,0,0,-3.1991,-3.2386,3.8863,3.8863,3.9278,0,0,0,-1.3685,-1.3035,-1.5642,-1.5642,-1.5025,0,0,0,7.7245,7.8038,9.3646,9.3646,9.4236,0,0,0
18.942201,1788533118.704281,0.8761,0.9013,0.9013,0.9013,0.9093,0,0,0,1.2319,1.1950,-2.6291,-2.6291,-2.5865,0,0,0,0.1685,0.1322,0.1983,0.1983,0.1146,0,0,0,-3.1991,-3.2367,3.8841,3.8841,3.9249,0,0,0,-1.3685,-1.3066,-1.5679,-1.5679,-1.5070,0,0,0,7.7245,7.8000,9.3600,9.3600,9.4204,0,0,0
18.949791,1788533118.719707,0.8761,0.8991,0.8991,0.8991,0.9093,0,0,0,1.2319,1.1983,-2.6362,-2.6362,-2.5899,0,0,0,0.1685,0.1354,0.2031,0.2031,0.1215,0,0,0,-3.1991,-3.2334,3.8801,3.8801,3.9219,0,0,0,-1.3685,-1.3121,-1.5745,-1.5745,-1.5115,0,0,0,7.7245,7.7933,9.3520,9.3520,9.4171,0,0,0
18.957887,1788533118.727017,0.8581,0.8973,0.8973,0.8973,0.9092,0,0,0,1.1370,1.1956,-2.6303,-2.6303,-2.5932,0,0,0,0.1538,0.1362,0.2043,0.2043,0.1282,0,0,0,-3.1725,-3.2307,3.8769,3.8769,3.9190,0,0,0,-1.3363,-1.3131,-1.5758,-1.5758,-1.5160,0,0,0,7.7593,7.7918,9.3502,9.3502,9.4135,0,0,0
18.966300,1788533118.727017,0.8581,0.8954,0.8954,0.8954,0.9090,0,0,0,1.1370,1.1928,-2.6241,-2.6241,-2.5964,0,0,0,0.1538,0.1370,0.2056,0.2056,0.1347,0,0,0,-3.1725,-3.2279,3.8735,3.8735,3.9161,0,0,0,-1.3363,-1.3142,-1.5771,-1.5771,-1.5204,0,0,0,7.7593,7.7903,9.3483,9.3483,9.4097,0,0,0
18.974301,1788533118.744426,0.8581,0.8918,0.8918,0.8918,0.9087,0,0,0,1.1370,1.1873,-2.6120,-2.6120,-2.5996,0,0,0,0.1538,0.1387,0.2080,0.2080,0.1410,0,0,0,-3.1725,-3.2225,3.8670,3.8670,3.9132,0,0,0,-1.3363,-1.3164,-1.5797,-1.5797,-1.5247,0,0,0,7.7593,7.7872,9.3447,9.3447,9.4058,0,0,0
18.981833,1788533118.750939,0.8484,0.8900,0.8900,0.8900,0.9083,0,0,0,1.1041,1.1840,-2.6048,-2.6048,-2.6019,0,0,0,0.1400,0.1387,0.2081,0.2081,0.1455,0,0,0,-3.1947,-3.2214,3.8656,3.8656,3.9110,0,0,0,-1.3082,-1.3161,-1.5793,-1.5793,-1.5280,0,0,0,7.9548,7.7938,9.3526,9.3526,9.4027,0,0,0
18.990440,1788533118.750939,0.8484,0.8881,0.8881,0.8881,0.9077,0,0,0,1.1041,1.1802,-2.5964,-2.5964,-2.6046,0,0,0,0.1400,0.1388,0.2082,0.2082,0.1513,0,0,0,-3.1947,-3.2201,3.8641,3.8641,3.9080,0,0,0,-1.3082,-1.3157,-1.5789,-1.5789,-1.5322,0,0,0,7.9548,7.8015,9.3618,9.3618,9.3986,0,0,0
18.998449,1788533118.766658,0.8484,0.8845,0.8845,0.8845,0.9070,0,0,0,1.1041,1.1733,-2.5814,-2.5814,-2.6069,0,0,0,0.1400,0.1389,0.2084,0.2084,0.1568,0,0,0,-3.1947,-3.2178,3.8614,3.8614,3.9050,0,0,0,-1.3082,-1.3150,-1.5781,-1.5781,-1.5364,0,0,0,7.9548,7.8153,9.3784,9.3784,9.3945,0,0,0
19.006451,1788533118.766658,0.8484,0.8828,0.8828,0.8828,0.9062,0,0,0,1.1041,1.1700,-2.5741,-2.5741,-2.6087,0,0,0,0.1400,0.1390,0.2084,0.2084,0.1620,0,0,0,-3.1947,-3.2167,3.8600,3.8600,3.9020,0,0,0,-1.3082,-1.3147,-1.5777,-1.5777,-1.5404,0,0,0,7.9548,7.8220,9.3864,9.3864,9.3905,0,0,0
19.014114,1788533118.784327,0.8484,0.8793,0.8793,0.8793,0.9052,0,0,0,1.1041,1.1634,-2.5596,-2.5596,-2.6099,0,0,0,0.1400,0.1391,0.2086,0.2086,0.1669,0,0,0,-3.1947,-3.2145,3.8574,3.8574,3.8990,0,0,0,-1.3082,-1.3141,-1.5769,-1.5769,-1.5441,0,0,0,7.9548,7.8352,9.4023,9.4023,9.3870,0,0,0
19.022119,1788533118.784327,0.8484,0.8778,0.8778,0.8778,0.9040,0,0,0,1.1041,1.1606,-2.5533,-2.5533,-2.6103,0,0,0,0.1400,0.1391,0.2087,0.2087,0.1714,0,0,0,-3.1947,-3.2136,3.8563,3.8563,3.8960,0,0,0,-1.3082,-1.3138,-1.5765,-1.5765,-1.5477,0,0,0,7.9548,7.8410,9.4092,9.4092,9.3840,0,0,0
19.030452,1788533118.800557,0.8484,0.8751,0.8751,0.8751,0.9028,0,0,0,1.1041,1.1554,-2.5418,-2.5418,-2.6100,0,0,0,0.1400,0.1392,0.2088,0.2088,0.1756,0,0,0,-3.1947,-3.2118,3.8542,3.8542,3.8930,0,0,0,-1.3082,-1.3133,-1.5759,-1.5759,-1.5510,0,0,0,7.9548,7.8515,9.4218,9.4218,9.3817,0,0,0
19.038056,1788533118.807662,0.8484,0.8740,0.8740,0.8740,0.9014,0,0,0,1.1041,1.1532,-2.5370,-2.5370,-2.6089,0,0,0,0.1400,0.1392,0.2088,0.2088,0.1795,0,0,0,-3.1947,-3.2111,3.8533,3.8533,3.8900,0,0,0,-1.3082,-1.3131,-1.5757,-1.5757,-1.5540,0,0,0,7.9548,7.8559,9.4271,9.4271,9.3803,0,0,0
19.046646,1788533118.816260,0.8484,0.8727,0.8727,0.8727,0.8999,0,0,0,1.1041,1.1507,-2.5315,-2.5315,-2.6070,0,0,0,0.1400,0.1393,0.2089,0.2089,0.1830,0,0,0,-3.1947,-3.2102,3.8523,3.8523,3.8871,0,0,0,-1.3082,-1.3128,-1.5754,-1.5754,-1.5568,0,0,0,7.9548,7.8610,9.4332,9.4332,9.3797,0,0,0
19.054748,1788533118.822563,0.8484,0.8717,0.8717,0.8717,0.8987,0,0,0,1.1041,1.1489,-2.5276,-2.5276,-2.6052,0,0,0,0.1400,0.1393,0.2089,0.2089,0.1854,0,0,0,-3.1947,-3.2096,3.8516,3.8516,3.8850,0,0,0,-1.3082,-1.3126,-1.5752,-1.5752,-1.5587,0,0,0,7.9548,7.8646,9.4375,9.4375,9.3798,0,0,0
19.061907,1788533118.832027,0.8484,0.8704,0.8704,0.8704,0.8970,0,0,0,1.1041,1.1464,-2.5220,-2.5220,-2.6022,0,0,0,0.1400,0.1393,0.2090,0.2090,0.1884,0,0,0,-3.1947,-3.2088,3.8506,3.8506,3.8822,0,0,0,-1.3082,-1.3124,-1.5749,-1.5749,-1.5610,0,0,0,7.9548,7.8696,9.4436,9.4436,9.3806,0,0,0
19.070661,1788533118.840265,0.8484,0.8693,0.8693,0.8693,0.8958,0,0,0,1.1041,1.1443,-2.5175,-2.5175,-2.5995,0,0,0,0.1400,0.1394,0.2091,0.2091,0.1904,0,0,0,-3.1947,-3.2081,3.8497,3.8497,3.8802,0,0,0,-1.3082,-1.3122,-1.5746,-1.5746,-1.5625,0,0,0,7.9548,7.8738,9.4486,9.4486,9.3817,0,0,0
19.078351,1788533118.847316,0.8484,0.8685,0.8685,0.8685,0.8935,0,0,0,1.1041,1.1426,-2.5137,-2.5137,-2.5944,0,0,0,0.1400,0.1394,0.2091,0.2091,0.1935,0,0,0,-3.1947,-3.2075,3.8491,3.8491,3.8769,0,0,0,-1.3082,-1.3120,-1.5744,-1.5744,-1.5648,0,0,0,7.9548,7.8773,9.4527,9.4527,9.3845,0,0,0
19.086523,1788533118.854650,0.8484,0.8676,0.8676,0.8676,0.8917,0,0,0,1.1041,1.1409,-2.5100,-2.5100,-2.5898,0,0,0,0.1400,0.1394,0.2091,0.2091,0.1956,0,0,0,-3.1947,-3.2070,3.8484,3.8484,3.8744,0,0,0,-1.3082,-1.3118,-1.5742,-1.5742,-1.5664,0,0,0,7.9548,7.8807,9.4568,9.4568,9.3873,0,0,0
19.093582,1788533118.854650,0.8484,0.8667,0.8667,0.8667,0.8899,0,0,0,1.1041,1.1391,-2.5061,-2.5061,-2.5850,0,0,0,0.1400,0.1395,0.2092,0.2092,0.1975,0,0,0,-3.1947,-3.2064,3.8477,3.8477,3.8720,0,0,0,-1.3082,-1.3117,-1.5740,-1.5740,-1.5678,0,0,0,7.9548,7.8842,9.4611,9.4611,9.3907,0,0,0
19.102294,1788533118.871410,0.8516,0.8652,0.8652,0.8652,0.8881,0,0,0,1.0532,1.1309,-2.4881,-2.4881,-2.5799,0,0,0,0.1515,0.1406,0.2109,0.2109,0.1992,0,0,0,-3.1322,-3.1993,3.8392,3.8392,3.8697,0,0,0,-1.3616,-1.3164,-1.5797,-1.5797,-1.5690,0,0,0,7.8608,7.8820,9.4584,9.4584,9.3945,0,0,0
19.110441,1788533118.880402,0.8542,0.8646,0.8646,0.8646,0.8863,0,0,0,1.0480,1.1265,-2.4783,-2.4783,-2.5746,0,0,0,0.1546,0.1413,0.2120,0.2120,0.2007,0,0,0,-3.1285,-3.1955,3.8346,3.8346,3.8675,0,0,0,-1.3706,-1.3193,-1.5832,-1.5832,-1.5700,0,0,0,7.8755,7.8816,9.4580,9.4580,9.3986,0,0,0
19.118454,1788533118.888583,0.8542,0.8641,0.8641,0.8641,0.8846,0,0,0,1.0480,1.1227,-2.4699,-2.4699,-2.5691,0,0,0,0.1546,0.1420,0.2130,0.2130,0.2021,0,0,0,-3.1285,-3.1923,3.8307,3.8307,3.8654,0,0,0,-1.3706,-1.3218,-1.5862,-1.5862,-1.5709,0,0,0,7.8755,7.8813,9.4576,9.4576,9.4028,0,0,0
19.126459,1788533118.896577,0.8553,0.8637,0.8637,0.8637,0.8829,0,0,0,1.0651,1.1199,-2.4638,-2.4638,-2.5632,0,0,0,0.1782,0.1437,0.2156,0.2156,0.2033,0,0,0,-3.1076,-3.1882,3.8258,3.8258,3.8632,0,0,0,-1.3965,-1.3254,-1.5905,-1.5905,-1.5719,0,0,0,7.8449,7.8796,9.4555,9.4555,9.4071,0,0,0
19.134462,1788533118.896577,0.8553,0.8633,0.8633,0.8633,0.8812,0,0,0,1.0651,1.1173,-2.4580,-2.4580,-2.5571,0,0,0,0.1782,0.1454,0.2181,0.2181,0.2044,0,0,0,-3.1076,-3.1843,3.8212,3.8212,3.8609,0,0,0,-1.3965,-1.3288,-1.5946,-1.5946,-1.5728,0,0,0,7.8449,7.8779,9.4535,9.4535,9.4113,0,0,0
19.141973,1788533118.896577,0.8553,0.8629,0.8629,0.8629,0.8796,0,0,0,1.0651,1.1148,-2.4525,-2.4525,-2.5506,0,0,0,0.1782,0.1469,0.2204,0.2204,0.2055,0,0,0,-3.1076,-3.1807,3.8168,3.8168,3.8586,0,0,0,-1.3965,-1.3320,-1.5985,-1.5985,-1.5739,0,0,0,7.8449,7.8764,9.4516,9.4516,9.4154,0,0,0
19.150531,1788533118.920648,0.8689,0.8637,0.8637,0.8637,0.8781,0,0,0,1.0581,1.1073,-2.4361,-2.4361,-2.5440,0,0,0,0.1951,0.1533,0.2299,0.2299,0.2065,0,0,0,-3.0903,-3.1688,3.8025,3.8025,3.8561,0,0,0,-1.3927,-1.3400,-1.6080,-1.6080,-1.5750,0,0,0,7.8656,7.8749,9.4499,9.4499,9.4193,0,0,0
19.158055,1788533118.928164,0.8689,0.8639,0.8639,0.8639,0.8766,0,0,0,1.0581,1.1051,-2.4313,-2.4313,-2.5373,0,0,0,0.1951,0.1552,0.2327,0.2327,0.2075,0,0,0,-3.0903,-3.1652,3.7983,3.7983,3.8535,0,0,0,-1.3927,-1.3424,-1.6109,-1.6109,-1.5763,0,0,0,7.8656,7.8745,9.4494,9.4494,9.4229,0,0,0
19.166059,1788533118.936176,0.8689,0.8642,0.8642,0.8642,0.8756,0,0,0,1.0581,1.1029,-2.4263,-2.4263,-2.5321,0,0,0,0.1951,0.1571,0.2356,0.2356,0.2084,0,0,0,-3.0903,-3.1617,3.7940,3.7940,3.8514,0,0,0,-1.3927,-1.3448,-1.6138,-1.6138,-1.5774,0,0,0,7.8656,7.8741,9.4489,9.4489,9.4254,0,0,0
19.174586,1788533118.945178,0.8689,0.8644,0.8644,0.8644,0.8743,0,0,0,1.0581,1.1005,-2.4210,-2.4210,-2.5250,0,0,0,0.1951,0.1591,0.2387,0.2387,0.2097,0,0,0,-3.0903,-3.1578,3.7894,3.7894,3.8483,0,0,0,-1.3927,-1.3474,-1.6168,-1.6168,-1.5791,0,0,0,7.8656,7.8736,9.4484,9.4484,9.4284,0,0,0
19.182760,1788533118.951604,0.8689,0.8646,0.8646,0.8646,0.8731,0,0,0,1.0581,1.0988,-2.4174,-2.4174,-2.5178,0,0,0,0.1951,0.1605,0.2408,0.2408,0.2111,0,0,0,-3.0903,-3.1552,3.7863,3.7863,3.8451,0,0,0,-1.3927,-1.3491,-1.6190,-1.6190,-1.5810,0,0,0,7.8656,7.8733,9.4480,9.4480,9.4312,0,0,0
19.190555,1788533118.951604,0.8689,0.8648,0.8648,0.8648,0.8720,0,0,0,1.0581,1.0969,-2.4131,-2.4131,-2.5106,0,0,0,0.1951,0.1622,0.2432,0.2432,0.2126,0,0,0,-3.0903,-3.1521,3.7825,3.7825,3.8416,0,0,0,-1.3927,-1.3512,-1.6215,-1.6215,-1.5830,0,0,0,7.8656,7.8730,9.4475,9.4475,9.4337,0,0,0
19.198578,1788533118.967696,0.8689,0.8652,0.8652,0.8652,0.8710,0,0,0,1.0581,1.0933,-2.4053,-2.4053,-2.5034,0,0,0,0.1951,0.1652,0.2478,0.2478,0.2142,0,0,0,-3.0903,-3.1464,3.7757,3.7757,3.8380,0,0,0,-1.3927,-1.3550,-1.6260,-1.6260,-1.5852,0,0,0,7.8656,7.8723,9.4467,9.4467,9.4358,0,0,0
19.206185,1788533118.967696,0.8689,0.8654,0.8654,0.8654,0.8701,0,0,0,1.0581,1.0916,-2.4016,-2.4016,-2.4962,0,0,0,0.1951,0.1666,0.2499,0.2499,0.2160,0,0,0,-3.0903,-3.1437,3.7725,3.7725,3.8342,0,0,0,-1.3927,-1.3568,-1.6282,-1.6282,-1.5876,0,0,0,7.8656,7.8720,9.4464,9.4464,9.4377,0,0,0
19.214972,1788533118.983912,0.8689,0.8657,0.8657,0.8657,0.8694,0,0,0,1.0581,1.0885,-2.3948,-2.3948,-2.4891,0,0,0,0.1951,0.1693,0.2539,0.2539,0.2179,0,0,0,-3.0903,-3.1388,3.7665,3.7665,3.8303,0,0,0,-1.3927,-1.3601,-1.6322,-1.6322,-1.5900,0,0,0,7.8656,7.8714,9.4456,9.4456,9.4394,0,0,0
19.222973,1788533118.993089,0.8689,0.8659,0.8659,0.8659,0.8687,0,0,0,1.0581,1.0869,-2.3911,-2.3911,-2.4820,0,0,0,0.1951,0.1707,0.2560,0.2560,0.2199,0,0,0,-3.0903,-3.1361,3.7634,3.7634,3.8263,0,0,0,-1.3927,-1.3619,-1.6343,-1.6343,-1.5926,0,0,0,7.8656,7.8711,9.4453,9.4453,9.4408,0,0,0
19.230982,1788533119.000090,0.8689,0.8660,0.8660,0.8660,0.8681,0,0,0,1.0581,1.0857,-2.3884,-2.3884,-2.4751,0,0,0,0.1951,0.1717,0.2575,0.2575,0.2221,0,0,0,-3.0903,-3.1342,3.7611,3.7611,3.8222,0,0,0,-1.3927,-1.3632,-1.6359,-1.6359,-1.5952,0,0,0,7.8656,7.8708,9.4450,9.4450,9.4420,0,0,0
19.239008,1788533119.000090,0.8689,0.8661,0.8661,0.8661,0.8676,0,0,0,1.0581,1.0843,-2.3855,-2.3855,-2.4682,0,0,0,0.1951,0.1728,0.2592,0.2592,0.2243,0,0,0,-3.0903,-3.1321,3.7585,3.7585,3.8179,0,0,0,-1.3927,-1.3646,-1.6376,-1.6376,-1.5980,0,0,0,7.8656,7.8706,9.4447,9.4447,9.4430,0,0,0
19.247008,1788533119.016123,0.8689,0.8664,0.8664,0.8664,0.8673,0,0,0,1.0581,1.0819,-2.3802,-2.3802,-2.4631,0,0,0,0.1951,0.1749,0.2623,0.2623,0.2261,0,0,0,-3.0903,-3.1283,3.7539,3.7539,3.8147,0,0,0,-1.3927,-1.3672,-1.6406,-1.6406,-1.6001,0,0,0,7.8656,7.8701,9.4441,9.4441,9.4436,0,0,0
19.254081,1788533119.025204,0.8689,0.8665,0.8665,0.8665,0.8669,0,0,0,1.0581,1.0806,-2.3774,-2.3774,-2.4565,0,0,0,0.1951,0.1759,0.2639,0.2639,0.2284,0,0,0,-3.0903,-3.1262,3.7515,3.7515,3.8105,0,0,0,-1.3927,-1.3686,-1.6423,-1.6423,-1.6029,0,0,0,7.8656,7.8699,9.4439,9.4439,9.4443,0,0,0
19.262138,1788533119.025204,0.8689,0.8666,0.8666,0.8666,0.8666,0,0,0,1.0581,1.0796,-2.3750,-2.3750,-2.4500,0,0,0,0.1951,0.1769,0.2653,0.2653,0.2308,0,0,0,-3.0903,-3.1245,3.7494,3.7494,3.8062,0,0,0,-1.3927,-1.3697,-1.6437,-1.6437,-1.6057,0,0,0,7.8656,7.8697,9.4436,9.4436,9.4449,0,0,0
19.270676,1788533119.039766,0.8689,0.8668,0.8668,0.8668,0.8664,0,0,0,1.0581,1.0778,-2.3711,-2.3711,-2.4438,0,0,0,0.1951,0.1784,0.2676,0.2676,0.2332,0,0,0,-3.0903,-3.1216,3.7460,3.7460,3.8019,0,0,0,-1.3927,-1.3717,-1.6460,-1.6460,-1.6085,0,0,0,7.8656,7.8693,9.4432,9.4432,9.4453,0,0,0
19.278667,1788533119.048882,0.8689,0.8669,0.8669,0.8669,0.8662,0,0,0,1.0581,1.0767,-2.3687,-2.3687,-2.4377,0,0,0,0.1951,0.1793,0.2690,0.2690,0.2357,0,0,0,-3.0903,-3.1199,3.7439,3.7439,3.7977,0,0,0,-1.3927,-1.3728,-1.6474,-1.6474,-1.6113,0,0,0,7.8656,7.8691,9.4430,9.4430,9.4456,0,0,0
19.286767,1788533119.056333,0.8689,0.8670,0.8670,0.8670,0.8661,0,0,0,1.0581,1.0759,-2.3669,-2.3669,-2.4319,0,0,0,0.1951,0.1800,0.2700,0.2700,0.2381,0,0,0,-3.0903,-3.1186,3.7423,3.7423,3.7936,0,0,0,-1.3927,-1.3737,-1.6484,-1.6484,-1.6140,0,0,0,7.8656,7.8690,9.4428,9.4428,9.4458,0,0,0
19.294506,1788533119.063921,0.9013,0.8686,0.8686,0.8686,0.8660,0,0,0,0.9660,1.0709,-2.3559,-2.3559,-2.4263,0,0,0,0.3897,0.1896,0.2843,0.2843,0.2405,0,0,0,-2.9731,-3.1120,3.7344,3.7344,3.7895,0,0,0,-1.4955,-1.3792,-1.6551,-1.6551,-1.6167,0,0,0,7.9421,7.8723,9.4468,9.4468,9.4459,0,0,0
19.302570,1788533119.063921,0.9013,0.8701,0.8701,0.8701,0.8659,0,0,0,0.9660,1.0658,-2.3449,-2.3449,-2.4209,0,0,0,0.3897,0.1991,0.2987,0.2987,0.2429,0,0,0,-2.9731,-3.1053,3.7264,3.7264,3.7855,0,0,0,-1.4955,-1.3848,-1.6618,-1.6618,-1.6194,0,0,0,7.9421,7.8756,9.4508,9.4508,9.4459,0,0,0
19.310887,1788533119.063921,0.9013,0.8716,0.8716,0.8716,0.8659,0,0,0,0.9660,1.0611,-2.3343,-2.3343,-2.4156,0,0,0,0.3897,0.2083,0.3124,0.3124,0.2453,0,0,0,-2.9731,-3.0990,3.7188,3.7188,3.7816,0,0,0,-1.4955,-1.3901,-1.6681,-1.6681,-1.6220,0,0,0,7.9421,7.8788,9.4546,9.4546,9.4459,0,0,0
19.318980,1788533119.063921,0.9013,0.8731,0.8731,0.8731,0.8659,0,0,0,0.9660,1.0565,-2.3243,-2.3243,-2.4118,0,0,0,0.3897,0.2170,0.3254,0.3254,0.2473,0,0,0,-2.9731,-3.0930,3.7116,3.7116,3.7786,0,0,0,-1.4955,-1.3952,-1.6742,-1.6742,-1.6240,0,0,0,7.9421,7.8819,9.4582,9.4582,9.4459,0,0,0
19.326989,1788533119.063921,0.9013,0.8744,0.8744,0.8744,0.8660,0,0,0,0.9660,1.0522,-2.3148,-2.3148,-2.4066,0,0,0,0.3897,0.2252,0.3378,0.3378,0.2501,0,0,0,-2.9731,-3.0872,3.7047,3.7047,3.7747,0,0,0,-1.4955,-1.4000,-1.6799,-1.6799,-1.6267,0,0,0,7.9421,7.8847,9.4617,9.4617,9.4460,0,0,0
19.334456,1788533119.104317,0.9134,0.8823,0.8823,0.8823,0.8662,0,0,0,0.9653,1.0346,-2.2761,-2.2761,-2.4012,0,0,0,0.4822,0.2773,0.4159,0.4159,0.2535,0,0,0,-2.8904,-3.0474,3.6568,3.6568,3.7706,0,0,0,-1.5173,-1.4237,-1.7085,-1.7085,-1.6296,0,0,0,7.7539,7.8582,9.4299,9.4299,9.4462,0,0,0
19.342480,1788533119.112700,0.9134,0.8839,0.8839,0.8839,0.8665,0,0,0,0.9653,1.0311,-2.2684,-2.2684,-2.3957,0,0,0,0.4822,0.2875,0.4313,0.4313,0.2573,0,0,0,-2.8904,-3.0395,3.6474,3.6474,3.7664,0,0,0,-1.5173,-1.4284,-1.7141,-1.7141,-1.6325,0,0,0,7.7539,7.8530,9.4236,9.4236,9.4466,0,0,0
19.350622,1788533119.120145,0.9134,0.8852,0.8852,0.8852,0.8668,0,0,0,0.9653,1.0282,-2.2620,-2.2620,-2.3900,0,0,0,0.4822,0.2963,0.4444,0.4444,0.2619,0,0,0,-2.8904,-3.0328,3.6394,3.6394,3.7620,0,0,0,-1.5173,-1.4324,-1.7189,-1.7189,-1.6358,0,0,0,7.7539,7.8486,9.4183,9.4183,9.4471,0,0,0
19.358573,1788533119.128678,0.9437,0.8882,0.8882,0.8882,0.8673,0,0,0,0.9778,1.0256,-2.2563,-2.2563,-2.3836,0,0,0,0.5814,0.3108,0.4662,0.4662,0.2680,0,0,0,-2.7735,-3.0196,3.6235,3.6235,3.7568,0,0,0,-1.4975,-1.4357,-1.7228,-1.7228,-1.6395,0,0,0,7.9081,7.8516,9.4220,9.4220,9.4472,0,0,0
19.366938,1788533119.138034,0.9437,0.8912,0.8912,0.8912,0.8680,0,0,0,0.9778,1.0229,-2.2505,-2.2505,-2.3766,0,0,0,0.5814,0.3258,0.4887,0.4887,0.2756,0,0,0,-2.7735,-3.0059,3.6071,3.6071,3.7508,0,0,0,-1.4975,-1.4391,-1.7270,-1.7270,-1.6437,0,0,0,7.9081,7.8548,9.4257,9.4257,9.4469,0,0,0
19.374976,1788533119.138034,0.9437,0.8938,0.8938,0.8938,0.8689,0,0,0,0.9778,1.0208,-2.2457,-2.2457,-2.3691,0,0,0,0.5814,0.3381,0.5071,0.5071,0.2844,0,0,0,-2.7735,-2.9948,3.5938,3.5938,3.7442,0,0,0,-1.4975,-1.4419,-1.7303,-1.7303,-1.6483,0,0,0,7.9081,7.8573,9.4288,9.4288,9.4462,0,0,0
19.383077,1788533119.152655,0.9522,0.8987,0.8987,0.8987,0.8699,0,0,0,1.0036,1.0193,-2.2425,-2.2425,-2.3613,0,0,0,0.6322,0.3629,0.5443,0.5443,0.2946,0,0,0,-2.7198,-2.9716,3.5660,3.5660,3.7369,0,0,0,-1.4983,-1.4467,-1.7360,-1.7360,-1.6532,0,0,0,8.0309,7.8719,9.4463,9.4463,9.4452,0,0,0
19.390701,1788533119.161820,0.9522,0.9016,0.9016,0.9016,0.8707,0,0,0,1.0036,1.0185,-2.2407,-2.2407,-2.3553,0,0,0,0.6322,0.3775,0.5663,0.5663,0.3029,0,0,0,-2.7198,-2.9579,3.5495,3.5495,3.7310,0,0,0,-1.4983,-1.4495,-1.7394,-1.7394,-1.6570,0,0,0,8.0309,7.8806,9.4567,9.4567,9.4444,0,0,0
19.398600,1788533119.169718,0.9522,0.9040,0.9040,0.9040,0.8720,0,0,0,1.0036,1.0178,-2.2391,-2.2391,-2.3471,0,0,0,0.6322,0.3896,0.5844,0.5844,0.3150,0,0,0,-2.7198,-2.9466,3.5360,3.5360,3.7226,0,0,0,-1.4983,-1.4518,-1.7422,-1.7422,-1.6622,0,0,0,8.0309,7.8877,9.4652,9.4652,9.4433,0,0,0
19.407178,1788533119.177299,0.9522,0.9062,0.9062,0.9062,0.8734,0,0,0,1.0036,1.0171,-2.2377,-2.2377,-2.3390,0,0,0,0.6322,0.4007,0.6010,0.6010,0.3285,0,0,0,-2.7198,-2.9363,3.5236,3.5236,3.7132,0,0,0,-1.4983,-1.4539,-1.7447,-1.7447,-1.6676,0,0,0,8.0309,7.8942,9.4730,9.4730,9.4425,0,0,0
19.414821,1788533119.184409,0.9522,0.9081,0.9081,0.9081,0.8751,0,0,0,1.0036,1.0166,-2.2364,-2.2364,-2.3308,0,0,0,0.6322,0.4106,0.6159,0.6159,0.3435,0,0,0,-2.7198,-2.9270,3.5124,3.5124,3.7029,0,0,0,-1.4983,-1.4558,-1.7470,-1.7470,-1.6731,0,0,0,8.0309,7.9001,9.4801,9.4801,9.4423,0,0,0
19.422845,1788533119.184409,0.9522,0.9103,0.9103,0.9103,0.8765,0,0,0,1.0036,1.0159,-2.2351,-2.2351,-2.3248,0,0,0,0.6322,0.4212,0.6318,0.6318,0.3554,0,0,0,-2.7198,-2.9171,3.5005,3.5005,3.6946,0,0,0,-1.4983,-1.4578,-1.7494,-1.7494,-1.6772,0,0,0,8.0309,7.9063,9.4876,9.4876,9.4424,0,0,0
19.430861,1788533119.200983,0.9522,0.9142,0.9142,0.9142,0.8784,0,0,0,1.0036,1.0148,-2.2325,-2.2325,-2.3170,0,0,0,0.6322,0.4411,0.6617,0.6617,0.3722,0,0,0,-2.7198,-2.8984,3.4781,3.4781,3.6829,0,0,0,-1.4983,-1.4617,-1.7540,-1.7540,-1.6827,0,0,0,8.0309,7.9181,9.5017,9.5017,9.4431,0,0,0
19.438395,1788533119.207993,0.9522,0.9158,0.9158,0.9158,0.8805,0,0,0,1.0036,1.0143,-2.2315,-2.2315,-2.3095,0,0,0,0.6322,0.4492,0.6738,0.6738,0.3897,0,0,0,-2.7198,-2.8909,3.4691,3.4691,3.6707,0,0,0,-1.4983,-1.4632,-1.7559,-1.7559,-1.6882,0,0,0,8.0309,7.9228,9.5074,9.5074,9.4444,0,0,0
19.446954,1788533119.219072,1.0224,0.9228,0.9228,0.9228,0.8826,0,0,0,1.0389,1.0159,-2.2350,-2.2350,-2.3023,0,0,0,0.5332,0.4547,0.6820,0.6820,0.4079,0,0,0,-5.2087,-3.0418,3.6501,3.6501,3.6580,0,0,0,-2.5156,-1.5318,-1.8381,-1.8381,-1.6935,0,0,0,9.0931,7.9991,9.5989,9.5989,9.4463,0,0,0
19.455534,1788533119.226650,1.0224,0.9273,0.9273,0.9273,0.8849,0,0,0,1.0389,1.0169,-2.2373,-2.2373,-2.2955,0,0,0,0.5332,0.4583,0.6874,0.6874,0.4266,0,0,0,-5.2087,-3.1404,3.7685,3.7685,3.6450,0,0,0,-2.5156,-1.5766,-1.8919,-1.8919,-1.6988,0,0,0,9.0931,8.0489,9.6587,9.6587,9.4487,0,0,0
19.463096,1788533119.226650,1.0224,0.9318,0.9318,0.9318,0.8872,0,0,0,1.0389,1.0180,-2.2396,-2.2396,-2.2891,0,0,0,0.5332,0.4619,0.6928,0.6928,0.4456,0,0,0,-5.2087,-3.2397,3.8876,3.8876,3.6332,0,0,0,-2.5156,-1.6216,-1.9460,-1.9460,-1.7046,0,0,0,9.0931,8.0990,9.7189,9.7189,9.4525,0,0,0
19.471142,1788533119.242241,1.0224,0.9399,0.9399,0.9399,0.8891,0,0,0,1.0389,1.0199,-2.2437,-2.2437,-2.2845,0,0,0,0.5332,0.4682,0.7023,0.7023,0.4599,0,0,0,-5.2087,-3.4160,4.0992,4.0992,3.6269,0,0,0,-2.5156,-1.7016,-2.0419,-2.0419,-1.7100,0,0,0,9.0931,8.1880,9.8256,9.8256,9.4567,0,0,0
19.479460,1788533119.250580,1.0224,0.9440,0.9440,0.9440,0.8917,0,0,0,1.0389,1.0208,-2.2458,-2.2458,-2.2790,0,0,0,0.5332,0.4715,0.7072,0.7072,0.4787,0,0,0,-5.2087,-3.5057,4.2068,4.2068,3.6227,0,0,0,-2.5156,-1.7423,-2.0907,-2.0907,-1.7187,0,0,0,9.0931,8.2332,9.8799,9.8799,9.4647,0,0,0
19.486999,1788533119.258116,1.0224,0.9476,0.9476,0.9476,0.8945,0,0,0,1.0389,1.0216,-2.2476,-2.2476,-2.2740,0,0,0,0.5332,0.4743,0.7114,0.7114,0.4973,0,0,0,-5.2087,-3.5831,4.2997,4.2997,3.6251,0,0,0,-2.5156,-1.7774,-2.1328,-2.1328,-1.7300,0,0,0,9.0931,8.2723,9.9267,9.9267,9.4758,0,0,0
19.494923,1788533119.267040,1.1724,0.9595,0.9595,0.9595,0.8974,0,0,0,0.9011,1.0152,-2.2335,-2.2335,-2.2695,0,0,0,0.9479,0.4995,0.7492,0.7492,0.5153,0,0,0,-12.8624,-4.0817,4.8980,4.8980,3.6355,0,0,0,-3.7087,-1.8804,-2.2565,-2.2565,-1.7443,0,0,0,9.2202,8.3228,9.9874,9.9874,9.4908,0,0,0
19.503763,1788533119.274863,1.1724,0.9695,0.9695,0.9695,0.9006,0,0,0,0.9011,1.0099,-2.2217,-2.2217,-2.2656,0,0,0,0.9479,0.5205,0.7808,0.7808,0.5328,0,0,0,-12.8624,-4.5003,5.4003,5.4003,3.6539,0,0,0,-3.7087,-1.9666,-2.3599,-2.3599,-1.7618,0,0,0,9.2202,8.3651,10.0381,10.0381,9.5094,0,0,0
19.511470,1788533119.274863,1.1724,0.9792,0.9792,0.9792,0.9031,0,0,0,0.9011,1.0047,-2.2103,-2.2103,-2.2630,0,0,0,0.9479,0.5410,0.8115,0.8115,0.5456,0,0,0,-12.8624,-4.9095,5.8914,5.8914,3.6741,0,0,0,-3.7087,-2.0505,-2.4606,-2.4606,-1.7769,0,0,0,9.2202,8.4062,10.0875,10.0875,9.5257,0,0,0
19.518942,1788533119.291059,1.1724,0.9971,0.9971,0.9971,0.9066,0,0,0,0.9011,0.9951,-2.1892,-2.1892,-2.2598,0,0,0,0.9479,0.5787,0.8680,0.8680,0.5624,0,0,0,-12.8624,-5.6620,6.7944,6.6114,3.7148,1,0,0,-3.7087,-2.2047,-2.6457,-2.6457,-1.8006,0,0,0,9.2202,8.4818,10.1781,10.1781,9.5503,0,0,0
19.527061,1788533119.299179,1.1724,1.0056,1.0056,1.0056,0.9105,0,0,0,0.9011,0.9905,-2.1792,-2.1792,-2.2566,0,0,0,0.9479,0.5966,0.8950,0.8950,0.5794,0,0,0,-12.8624,-6.0218,7.2261,7.2261,3.7758,0,0,0,-3.7087,-2.2783,-2.7340,-2.7340,-1.8289,0,0,0,9.2202,8.5178,10.2214,10.2214,9.5780,0,0,0
19.535055,1788533119.299179,1.1724,1.0136,1.0136,1.0136,0.9147,0,0,0,0.9011,0.9863,-2.1698,-2.1698,-2.2533,0,0,0,0.9479,0.6135,0.9203,0.9203,0.5967,0,0,0,-12.8624,-6.3599,7.6319,7.6319,3.8608,0,0,0,-3.7087,-2.3474,-2.8168,-2.8168,-1.8622,0,0,0,9.2202,8.5516,10.2620,10.2620,9.6087,0,0,0
19.543061,1788533119.315179,1.4488,1.0534,1.0534,1.0534,0.9194,0,0,0,0.7797,0.9674,-2.1282,-2.1282,-2.2496,0,0,0,1.4564,0.6907,1.0361,1.0361,0.6149,0,0,0,-20.6185,-7.7111,9.2533,8.3519,3.9746,1,0,0,-4.4612,-2.5421,-3.0506,-3.0506,-1.9015,0,0,0,6.6692,8.3790,10.0548,10.0548,9.6424,0,0,0
19.551658,1788533119.315179,1.4488,1.0723,1.0723,1.0723,0.9246,0,0,0,0.7797,0.9584,-2.1084,-2.1084,-2.2455,0,0,0,1.4564,0.7275,1.0912,1.0912,0.6340,0,0,0,-20.6185,-8.3574,10.0289,9.0719,4.1195,1,0,0,-4.4612,-2.6349,-3.1619,-3.1619,-1.9467,0,0,0,6.6692,8.2970,9.9564,9.9564,9.6788,0,0,0
19.559662,1788533119.315179,1.4488,1.0904,1.0904,1.0904,0.9303,0,0,0,0.7797,0.9498,-2.0896,-2.0896,-2.2409,0,0,0,1.4564,0.7625,1.1437,1.1437,0.6541,0,0,0,-20.6185,-8.9751,10.7701,9.7919,4.2946,1,0,0,-4.4612,-2.7233,-3.2679,-3.2679,-1.9976,0,0,0,6.6692,8.2190,9.8627,9.8627,9.7168,0,0,0
19.567667,1788533119.315179,1.4488,1.1076,1.1076,1.1076,0.9368,0,0,0,0.7797,0.9417,-2.0717,-2.0717,-2.2354,0,0,0,1.4564,0.7958,1.1938,1.1938,0.6763,0,0,0,-20.6185,-9.5647,11.4777,10.5119,4.5020,1,0,0,-4.4612,-2.8074,-3.3689,-3.3689,-2.0553,0,0,0,6.6692,8.1448,9.7737,9.7737,9.7528,0,0,0
19.575380,1788533119.347497,1.5843,1.1882,1.1882,1.1882,0.9404,0,0,0,1.1354,0.9744,-2.1437,-2.1437,-2.2323,0,0,0,1.3439,0.8886,1.3330,1.3330,0.6883,0,0,0,-24.3427,-12.1829,14.6195,11.2319,4.6183,1,0,0,-3.7738,-2.9720,-3.5664,-3.5664,-2.0867,0,0,0,5.6255,7.7190,9.2629,9.2629,9.7693,0,0,0
19.582476,1788533119.347497,1.5843,1.2072,1.2072,1.2072,0.9504,0,0,0,1.1354,0.9821,-2.1606,-2.1606,-2.2234,0,0,0,1.3439,0.9105,1.3658,1.3658,0.7208,0,0,0,-24.3427,-12.8015,15.3618,11.9519,4.9468,1,0,0,-3.7738,-3.0107,-3.6129,-3.6129,-2.1718,0,0,0,5.6255,7.6186,9.1423,9.1423,9.8049,0,0,0
19.591081,1788533119.362202,1.5843,1.2391,1.2391,1.2391,0.9593,0,0,0,1.1354,0.9951,-2.1892,-2.1892,-2.2155,0,0,0,1.3439,0.9473,1.4209,1.4209,0.7489,0,0,0,-24.3427,-13.8388,16.6065,12.6719,5.2422,1,0,0,-3.7738,-3.0759,-3.6911,-3.6911,-2.2450,0,0,0,5.6255,7.4494,8.9393,8.9393,9.8269,0,0,0
19.599101,1788533119.362202,1.5843,1.2557,1.2557,1.2557,0.9699,0,0,0,1.1354,1.0018,-2.2039,-2.2039,-2.2080,0,0,0,1.3439,0.9664,1.4495,1.4495,0.7804,0,0,0,-24.3427,-14.3764,17.2517,13.3919,5.5783,1,0,0,-3.7738,-3.1096,-3.7316,-3.7316,-2.3241,0,0,0,5.6255,7.3617,8.8340,8.8340,9.8361,0,0,0
19.607114,1788533119.379231,1.5843,1.2875,1.2875,1.2875,0.9828,0,0,0,1.1354,1.0147,-2.2324,-2.2324,-2.2016,0,0,0,1.3439,1.0030,1.5045,1.5045,0.8159,0,0,0,-24.3427,-15.4028,18.4834,14.1119,5.9613,1,0,0,-3.7738,-3.1744,-3.8093,-3.8093,-2.4095,0,0,0,5.6255,7.1930,8.6316,8.6316,9.8288,0,0,0
19.615698,1788533119.386818,1.3466,1.2902,1.2902,1.2902,0.9975,0,0,0,0.4638,0.9896,-2.1772,-2.1772,-2.1966,0,0,0,2.0006,1.0486,1.5728,1.5728,0.8546,0,0,0,-30.3886,-16.1370,19.3644,14.8319,6.3869,1,0,0,-4.5525,-3.2377,-3.8853,-3.8853,-2.4990,0,0,0,4.1716,7.0545,8.4654,8.4654,9.8060,0,0,0
19.623717,1788533119.394832,1.3466,1.2929,1.2929,1.2929,1.0097,0,0,0,0.4638,0.9644,-2.1217,-2.1217,-2.1939,0,0,0,2.0006,1.0944,1.6416,1.6416,0.8854,0,0,0,-30.3886,-16.8767,20.2521,15.5519,6.7314,1,0,0,-4.5525,-3.3014,-3.9617,-3.9617,-2.5682,0,0,0,4.1716,6.9150,8.2980,8.2980,9.7795,0,0,0
19.631470,1788533119.402176,1.3466,1.2953,1.2953,1.2953,1.0315,0,0,0,0.4638,0.9423,-2.0730,-2.0730,-2.1904,0,0,0,2.0006,1.1346,1.7019,1.7019,0.9397,0,0,0,-30.3886,-17.5256,21.0307,16.2719,7.3492,1,0,0,-4.5525,-3.3572,-4.0286,-4.0286,-2.6861,0,0,0,4.1716,6.7927,8.1513,8.1513,9.7177,0,0,0
19.639474,1788533119.410656,1.3466,1.2979,1.2979,1.2979,1.0499,0,0,0,0.4638,0.9181,-2.0197,-2.0197,-2.1873,0,0,0,2.0006,1.1786,1.7680,1.7680,0.9859,0,0,0,-30.3886,-18.2365,21.8838,16.9919,7.8784,1,0,0,-4.5525,-3.4183,-4.1020,-4.1020,-2.7818,0,0,0,4.1716,6.6586,7.9903,7.9903,9.6538,0,0,0
19.647080,1788533119.419198,1.3466,1.3004,1.3004,1.3004,1.0685,0,0,0,0.4638,0.8949,-1.9687,-1.9687,-2.1832,0,0,0,2.0006,1.2207,1.8311,1.8311,1.0341,0,0,0,-30.3886,-18.9150,22.6980,17.7119,8.4350,1,0,0,-4.5525,-3.4767,-4.1721,-4.1721,-2.8781,0,0,0,4.1716,6.5302,7.8363,7.8363,9.5784,0,0,0
19.655779,1788533119.426898,1.3466,1.3025,1.3025,1.3025,1.0870,0,0,0,0.4638,0.8749,-1.9249,-1.9249,-2.1773,0,0,0,2.0006,1.2570,1.8854,1.8854,1.0843,0,0,0,-30.3886,-19.4976,23.3971,18.4319,9.0158,1,0,0,-4.5525,-3.5270,-4.2324,-4.2324,-2.9743,0,0,0,4.1716,6.4199,7.7038,7.7038,9.4925,0,0,0
19.663782,1788533119.426898,1.3466,1.3046,1.3046,1.3046,1.1052,0,0,0,0.4638,0.8552,-1.8815,-1.8815,-2.1694,0,0,0,2.0006,1.2928,1.9392,1.9392,1.1363,0,0,0,-30.3886,-20.0724,24.0868,19.1519,9.6180,1,0,0,-4.5525,-3.5766,-4.2919,-4.2919,-3.0700,0,0,0,4.1716,6.3107,7.5728,7.5728,9.3972,0,0,0
19.671877,1788533119.426898,1.3466,1.3066,1.3066,1.3066,1.1185,0,0,0,0.4638,0.8364,-1.8402,-1.8402,-2.1619,0,0,0,2.0006,1.3269,1.9903,1.9903,1.1762,0,0,0,-30.3886,-20.6179,24.7415,19.8719,10.0821,1,0,0,-4.5525,-3.6239,-4.3487,-4.3487,-3.1413,0,0,0,4.1716,6.2067,7.4480,7.4480,9.3203,0,0,0
19.679469,1788533119.450572,1.3466,1.3118,1.3118,1.3118,1.1356,0,0,0,0.4638,0.7881,-1.7338,-1.7338,-2.1498,0,0,0,2.0006,1.4146,2.1219,2.1219,1.2305,0,0,0,-30.3886,-21.9950,26.3940,20.5919,10.7154,1,0,0,-4.5525,-3.7453,-4.4944,-4.4944,-3.2351,0,0,0,4.1716,5.9396,7.1275,7.1275,9.2117,0,0,0
19.687869,1788533119.458081,1.3466,1.3134,1.3134,1.3134,1.1519,0,0,0,0.4638,0.7735,-1.7016,-1.7016,-2.1357,0,0,0,2.0006,1.4412,2.1617,2.1617,1.2853,0,0,0,-30.3886,-22.4107,26.8929,21.3119,11.3576,1,0,0,-4.5525,-3.7821,-4.5385,-4.5385,-3.3269,0,0,0,4.1716,5.8587,7.0304,7.0304,9.0982,0,0,0
19.695682,1788533119.466348,1.3466,1.3150,1.3150,1.3150,1.1674,0,0,0,0.4638,0.7581,-1.6679,-1.6679,-2.1190,0,0,0,2.0006,1.4689,2.2034,2.2034,1.3411,0,0,0,-30.3886,-22.8438,27.4126,22.0319,12.0078,1,0,0,-4.5525,-3.8205,-4.5846,-4.5846,-3.4172,0,0,0,4.1716,5.7740,6.9288,6.9288,8.9791,0,0,0
19.703691,1788533119.474890,1.3466,1.3166,1.3166,1.3166,1.1821,0,0,0,0.4638,0.7431,-1.6348,-1.6348,-2.0990,0,0,0,2.0006,1.4962,2.2443,2.2443,1.3986,0,0,0,-30.3886,-23.2663,27.9196,22.7519,12.6713,1,0,0,-4.5525,-3.8582,-4.6299,-4.6299,-3.5068,0,0,0,4.1716,5.6911,6.8293,6.8293,8.8531,0,0,0
19.711771,1788533119.474890,1.3466,1.3181,1.3181,1.3181,1.1958,0,0,0,0.4638,0.7297,-1.6053,-1.6053,-2.0761,0,0,0,2.0006,1.5205,2.2807,2.2807,1.4572,0,0,0,-30.3886,-23.6412,28.3695,23.4719,13.3466,1,0,0,-4.5525,-3.8918,-4.6702,-4.6702,-3.5953,0,0,0,4.1716,5.6172,6.7406,6.7406,8.7219,0,0,0
19.719148,1788533119.491266,1.3672,1.3227,1.3227,1.3227,1.2086,0,0,0,0.2077,0.6809,-1.4979,-1.4979,-2.0509,0,0,0,3.2151,1.6796,2.5194,2.5194,1.5164,0,0,0,-32.1117,-24.5035,29.4042,24.1919,14.0319,1,0,0,-5.4009,-4.0341,-4.8409,-4.8409,-3.6820,0,0,0,1.8497,5.2599,6.3118,6.3118,8.5873,0,0,0
19.727147,1788533119.499265,1.3672,1.3248,1.3248,1.3248,1.2206,0,0,0,0.2077,0.6582,-1.4480,-1.4480,-2.0236,0,0,0,3.2151,1.7537,2.6305,2.6305,1.5756,0,0,0,-32.1117,-24.9029,29.8835,24.9119,14.7255,1,0,0,-5.4009,-4.1002,-4.9202,-4.9202,-3.7667,0,0,0,1.8497,5.0936,6.1123,6.1123,8.4506,0,0,0
19.736147,1788533119.507273,1.3672,1.3268,1.3268,1.3268,1.2316,0,0,0,0.2077,0.6365,-1.4003,-1.4003,-1.9941,0,0,0,3.2151,1.8243,2.7364,2.7364,1.6363,0,0,0,-32.1117,-25.2818,30.3381,25.6319,15.4261,1,0,0,-5.4009,-4.1632,-4.9959,-4.9959,-3.8501,0,0,0,1.8497,4.9350,5.9220,5.9220,8.3103,0,0,0
19.744149,1788533119.515352,1.3474,1.3278,1.3278,1.3278,1.2419,0,0,0,0.1084,0.6109,-1.3440,-1.3440,-1.9620,0,0,0,3.6672,1.9141,2.8712,2.8712,1.6999,0,0,0,-32.2013,-25.6486,30.7783,26.3519,16.1326,1,0,0,-5.5287,-4.2300,-5.0760,-5.0760,-3.9332,0,0,0,1.7224,4.7765,5.7318,5.7318,8.1643,0,0,0
19.751420,1788533119.515352,1.3474,1.3288,1.3288,1.3288,1.2513,0,0,0,0.1084,0.5868,-1.2909,-1.2909,-1.9275,0,0,0,3.6672,1.9988,2.9983,2.9983,1.7668,0,0,0,-32.2013,-25.9926,31.1912,27.0719,16.8438,1,0,0,-5.5287,-4.2929,-5.1515,-5.1515,-4.0159,0,0,0,1.7224,4.6270,5.5524,5.5524,8.0127,0,0,0
19.760096,1788533119.531306,1.4050,1.3357,1.3357,1.3357,1.2580,0,0,0,0.0754,0.5400,-1.1881,-1.1881,-1.9002,0,0,0,3.8055,2.1651,3.2476,3.2476,1.8192,0,0,0,-32.2401,-26.6119,31.9343,27.7919,17.3799,1,0,0,-5.7169,-4.4242,-5.3090,-5.3090,-4.0778,0,0,0,1.7535,4.3596,5.2315,5.2315,7.8958,0,0,0
19.768113,1788533119.539226,1.4050,1.3390,1.3390,1.3390,1.2661,0,0,0,0.0754,0.5179,-1.1395,-1.1395,-1.8621,0,0,0,3.8055,2.2437,3.3655,3.3655,1.8923,0,0,0,-32.2401,-26.9033,32.2839,28.5119,18.0974,1,0,0,-5.7169,-4.4862,-5.3835,-5.3835,-4.1600,0,0,0,1.7535,4.2331,5.0798,5.0798,7.7360,0,0,0
19.775418,1788533119.539226,1.4050,1.3422,1.3422,1.3422,1.2718,0,0,0,0.0754,0.4967,-1.0927,-1.0927,-1.8322,0,0,0,3.8055,2.3193,3.4789,3.4789,1.9499,0,0,0,-32.2401,-27.1820,32.6184,29.2319,18.6372,1,0,0,-5.7169,-4.5459,-5.4550,-5.4550,-4.2216,0,0,0,1.7535,4.1116,4.9340,4.9340,7.6132,0,0,0
19.783975,1788533119.539226,1.4050,1.3452,1.3452,1.3452,1.2806,0,0,0,0.0754,0.4764,-1.0482,-1.0482,-1.7796,0,0,0,3.8055,2.3913,3.5869,3.5869,2.0524,0,0,0,-32.2401,-27.4460,32.9352,29.9519,19.5360,1,0,0,-5.7169,-4.6026,-5.5232,-5.5232,-4.3249,0,0,0,1.7535,3.9960,4.7952,4.7952,7.4026,0,0,0
19.791870,1788533119.563988,1.4817,1.3636,1.3636,1.3636,1.2870,0,0,0,0.2044,0.4397,-0.9673,-0.9673,-1.7356,0,0,0,4.1271,2.6274,3.9411,3.9411,2.1390,0,0,0,-32.1512,-28.1259,33.7511,30.6719,20.2490,1,0,0,-5.7514,-4.7590,-5.7108,-5.7108,-4.4075,0,0,0,1.6967,3.6801,4.4161,4.4161,7.2312,0,0,0
19.800109,1788533119.563988,1.4817,1.3692,1.3692,1.3692,1.2930,0,0,0,0.2044,0.4284,-0.9425,-0.9425,-1.6900,0,0,0,4.1271,2.7000,4.0500,4.0500,2.2304,0,0,0,-32.1512,-28.3340,34.0008,31.3919,20.9647,1,0,0,-5.7514,-4.8070,-5.7685,-5.7685,-4.4904,0,0,0,1.6967,3.5830,4.2996,4.2996,7.0568,0,0,0
19.807798,1788533119.578999,1.4840,1.3791,1.3791,1.3791,1.2987,0,0,0,0.1753,0.4065,-0.8943,-0.8943,-1.6428,0,0,0,4.2946,2.8390,4.2586,4.2586,2.3271,0,0,0,-31.9896,-28.6719,34.4063,32.1119,21.6838,1,0,0,-5.6678,-4.8821,-5.8585,-5.8585,-4.5742,0,0,0,1.5538,3.4044,4.0853,4.0853,6.8792,0,0,0
19.815960,1788533119.587161,1.4920,1.3846,1.3846,1.3846,1.3043,0,0,0,0.2028,0.3965,-0.8724,-0.8724,-1.5940,0,0,0,4.3811,2.9152,4.3728,4.3728,2.4310,0,0,0,-31.8938,-28.8407,34.6088,32.8319,22.4053,1,0,0,-5.6678,-4.9208,-5.9050,-5.9050,-4.6595,0,0,0,1.5142,3.3101,3.9722,3.9722,6.6974,0,0,0
19.823640,1788533119.595758,1.5058,1.3909,1.3909,1.3909,1.3098,0,0,0,0.2235,0.3876,-0.8528,-0.8528,-1.5444,0,0,0,4.4362,2.9941,4.4912,4.4912,2.5413,0,0,0,-31.8498,-29.0061,34.8073,33.5519,23.1288,1,0,0,-5.6955,-4.9610,-5.9532,-5.9532,-4.7459,0,0,0,1.5142,3.2160,3.8592,3.8592,6.5125,0,0,0
19.831461,1788533119.602569,1.5089,1.3957,1.3957,1.3957,1.3154,0,0,0,0.2509,0.3820,-0.8404,-0.8404,-1.4941,0,0,0,4.4470,3.0546,4.5819,4.5819,2.6579,0,0,0,-31.8306,-29.1303,34.9564,34.2719,23.8537,1,0,0,-5.7779,-4.9949,-5.9939,-5.9939,-4.8330,0,0,0,1.5401,3.1457,3.7748,3.7748,6.3253,0,0,0
19.839900,1788533119.611087,1.5089,1.4015,1.4015,1.4015,1.3196,0,0,0,0.2509,0.3753,-0.8257,-0.8257,-1.4565,0,0,0,4.4470,3.1263,4.6894,4.6894,2.7486,0,0,0,-31.8306,-29.2770,35.1325,34.9919,24.3981,1,0,0,-5.7779,-5.0351,-6.0422,-6.0422,-4.8983,0,0,0,1.5401,3.0623,3.6747,3.6747,6.1844,0,0,0
19.847981,1788533119.619110,1.5089,1.4066,1.4066,1.4066,1.3251,0,0,0,0.2509,0.3693,-0.8125,-0.8125,-1.4067,0,0,0,4.4470,3.1905,4.7858,4.7858,2.8730,0,0,0,-31.8306,-29.4080,35.2895,35.2895,25.1247,0,0,0,-5.7779,-5.0712,-6.0854,-6.0854,-4.9847,0,0,0,1.5401,2.9875,3.5850,3.5850,5.9972,0,0,0
19.855467,1788533119.627585,1.5089,1.4118,1.4118,1.4118,1.3307,0,0,0,0.2509,0.3633,-0.7993,-0.7993,-1.3579,0,0,0,4.4470,3.2549,4.8824,4.8824,3.0000,0,0,0,-31.8306,-29.5385,35.4463,35.4463,25.8518,0,0,0,-5.7779,-5.1073,-6.1288,-6.1288,-5.0698,0,0,0,1.5401,2.9127,3.4953,3.4953,5.8122,0,0,0
19.864136,1788533119.635261,1.5393,1.4177,1.4177,1.4177,1.3363,0,0,0,0.2337,0.3573,-0.7862,-0.7862,-1.3106,0,0,0,4.5325,3.3146,4.9719,4.9719,3.1286,0,0,0,-31.7846,-29.6486,35.5783,35.5783,26.5781,0,0,0,-6.0182,-5.1497,-6.1797,-6.1797,-5.1533,0,0,0,1.4087,2.8419,3.4103,3.4103,5.6303,0,0,0
19.871670,1788533119.643787,1.5378,1.4238,1.4238,1.4238,1.3419,0,0,0,0.2134,0.3500,-0.7700,-0.7700,-1.2648,0,0,0,4.5784,3.3798,5.0696,5.0696,3.2581,0,0,0,-31.7410,-29.7617,35.7140,35.7140,27.2972,0,0,0,-6.0712,-5.1971,-6.2365,-6.2365,-5.2347,0,0,0,1.3824,2.7661,3.3193,3.3193,5.4525,0,0,0
19.879673,1788533119.643787,1.5378,1.4293,1.4293,1.4293,1.3475,0,0,0,0.2134,0.3434,-0.7556,-0.7556,-1.2210,0,0,0,4.5784,3.4380,5.1570,5.1570,3.3875,0,0,0,-31.7410,-29.8622,35.8347,35.8347,28.0012,0,0,0,-6.0712,-5.2394,-6.2873,-6.2873,-5.3140,0,0,0,1.3824,2.6984,3.2381,3.2381,5.2795,0,0,0
19.886960,1788533119.643787,1.5378,1.4345,1.4345,1.4345,1.3531,0,0,0,0.2134,0.3372,-0.7419,-0.7419,-1.1791,0,0,0,4.5784,3.4934,5.2400,5.2400,3.5163,0,0,0,-31.7410,-29.9575,35.9490,35.9490,28.6836,0,0,0,-6.0712,-5.2797,-6.3357,-6.3357,-5.3910,0,0,0,1.3824,2.6340,3.1608,3.1608,5.1117,0,0,0
19.896247,1788533119.643787,1.5378,1.4394,1.4394,1.4394,1.3587,0,0,0,0.2134,0.3313,-0.7288,-0.7288,-1.1393,0,0,0,4.5784,3.5460,5.3191,5.3191,3.6439,0,0,0,-31.7410,-30.0479,36.0574,36.0574,29.3394,0,0,0,-6.0712,-5.3180,-6.3816,-6.3816,-5.4659,0,0,0,1.3824,2.5728,3.0873,3.0873,4.9494,0,0,0
19.904243,1788533119.643787,1.5378,1.4441,1.4441,1.4441,1.3644,0,0,0,0.2134,0.3256,-0.7163,-0.7163,-1.1015,0,0,0,4.5784,3.5962,5.3943,5.3943,3.7700,0,0,0,-31.7410,-30.1335,36.1602,36.1602,29.9651,0,0,0,-6.0712,-5.3545,-6.4254,-6.4254,-5.5388,0,0,0,1.3824,2.5146,3.0175,3.0175,4.7927,0,0,0
19.911767,1788533119.643787,1.5378,1.4486,1.4486,1.4486,1.3700,0,0,0,0.2134,0.3202,-0.7045,-0.7045,-1.0657,0,0,0,4.5784,3.6439,5.4658,5.4658,3.8942,0,0,0,-31.7410,-30.2146,36.2576,36.2576,30.5585,0,0,0,-6.0712,-5.3892,-6.4670,-6.4670,-5.6096,0,0,0,1.3824,2.4592,2.9511,2.9511,4.6419,0,0,0
19.919880,1788533119.691998,1.5378,1.4694,1.4694,1.4694,1.3755,0,0,0,0.2134,0.2953,-0.6498,-0.6498,-1.0318,0,0,0,4.5784,3.8632,5.7948,5.7948,4.0160,0,0,0,-31.7410,-30.5817,36.6981,36.6981,31.1180,0,0,0,-6.0712,-5.5489,-6.6587,-6.6587,-5.6783,0,0,0,1.3824,2.2054,2.6465,2.6465,4.4969,0,0,0
19.927463,1788533119.699075,1.5151,1.4713,1.4713,1.4713,1.3811,0,0,0,0.2019,0.2914,-0.6410,-0.6410,-0.9999,0,0,0,4.7294,3.9005,5.8508,5.8508,4.1353,0,0,0,-31.4395,-30.6198,36.7437,36.7437,31.6431,0,0,0,-6.0989,-5.5726,-6.6871,-6.6871,-5.7451,0,0,0,1.1577,2.1601,2.5921,2.5921,4.3578,0,0,0
19.935468,1788533119.707585,1.5151,1.4735,1.4735,1.4735,1.3853,0,0,0,0.2019,0.2868,-0.6310,-0.6310,-0.9771,0,0,0,4.7294,3.9431,5.9147,5.9147,4.2231,0,0,0,-31.4395,-30.6631,36.7957,36.7957,32.0148,0,0,0,-6.0989,-5.5995,-6.7194,-6.7194,-5.7940,0,0,0,1.1577,2.1083,2.5300,2.5300,4.2572,0,0,0
19.943981,1788533119.715110,1.4940,1.4745,1.4745,1.4745,1.3909,0,0,0,0.1767,0.2818,-0.6200,-0.6200,-0.9478,0,0,0,4.7398,3.9795,5.9693,5.9693,4.3404,0,0,0,-31.4149,-30.6983,36.8380,36.8380,32.4845,0,0,0,-6.1527,-5.6247,-6.7497,-6.7497,-5.8591,0,0,0,1.2326,2.0681,2.4817,2.4817,4.1253,0,0,0
19.951561,1788533119.715110,1.4940,1.4754,1.4754,1.4754,1.3968,0,0,0,0.1767,0.2768,-0.6089,-0.6089,-0.9194,0,0,0,4.7398,4.0163,6.0245,6.0245,4.4589,0,0,0,-31.4149,-30.7339,36.8807,36.8807,32.9263,0,0,0,-6.1527,-5.6502,-6.7803,-6.7803,-5.9247,0,0,0,1.2326,2.0275,2.4330,2.4330,3.9951,0,0,0
19.959568,1788533119.715110,1.4940,1.4763,1.4763,1.4763,1.4027,0,0,0,0.1767,0.2720,-0.5984,-0.5984,-0.8921,0,0,0,4.7398,4.0514,6.0770,6.0770,4.5776,0,0,0,-31.4149,-30.7677,36.9212,36.9212,33.3395,0,0,0,-6.1527,-5.6745,-6.8094,-6.8094,-5.9902,0,0,0,1.2326,1.9888,2.3866,2.3866,3.8671,0,0,0
19.967579,1788533119.739697,1.4940,1.4787,1.4787,1.4787,1.4086,0,0,0,0.1767,0.2592,-0.5703,-0.5703,-0.8658,0,0,0,4.7398,4.1444,6.2166,6.2166,4.6954,0,0,0,-31.4149,-30.8568,37.0282,37.0282,33.7240,0,0,0,-6.1527,-5.7390,-6.8867,-6.8867,-6.0550,0,0,0,1.2326,1.8863,2.2635,2.2635,3.7424,0,0,0
19.976278,1788533119.747293,1.4940,1.4794,1.4794,1.4794,1.4144,0,0,0,0.1767,0.2554,-0.5620,-0.5620,-0.8407,0,0,0,4.7398,4.1718,6.2577,6.2577,4.8113,0,0,0,-31.4149,-30.8830,37.0596,37.0596,34.0801,0,0,0,-6.1527,-5.7580,-6.9095,-6.9095,-6.1188,0,0,0,1.2326,1.8561,2.2273,2.2273,3.6214,0,0,0
19.984276,1788533119.747293,1.4940,1.4801,1.4801,1.4801,1.4201,0,0,0,0.1767,0.2517,-0.5537,-0.5537,-0.8165,0,0,0,4.7398,4.1993,6.2989,6.2989,4.9257,0,0,0,-31.4149,-30.9092,37.0911,37.0911,34.4091,0,0,0,-6.1527,-5.7770,-6.9324,-6.9324,-6.1815,0,0,0,1.2326,1.8258,2.1910,2.1910,3.5038,0,0,0
19.991905,1788533119.763023,1.4589,1.4782,1.4782,1.4782,1.4255,0,0,0,0.2184,0.2487,-0.5471,-0.5471,-0.7932,0,0,0,4.7406,4.2484,6.3726,6.3726,5.0381,0,0,0,-31.2219,-30.9381,37.1257,37.1257,34.7124,0,0,0,-6.1368,-5.8096,-6.9715,-6.9715,-6.2432,0,0,0,1.1972,1.7685,2.1222,2.1222,3.3898,0,0,0
19.999692,1788533119.771810,1.4589,1.4772,1.4772,1.4772,1.4307,0,0,0,0.2184,0.2471,-0.5436,-0.5436,-0.7708,0,0,0,4.7406,4.2744,6.4116,6.4116,5.1478,0,0,0,-31.2219,-30.9533,37.1440,37.1440,34.9907,0,0,0,-6.1368,-5.8268,-6.9922,-6.9922,-6.3033,0,0,0,1.1972,1.7383,2.0859,2.0859,3.2799,0,0,0
20.007616,1788533119.779733,1.4589,1.4763,1.4763,1.4763,1.4356,0,0,0,0.2184,0.2457,-0.5406,-0.5406,-0.7495,0,0,0,4.7406,4.2967,6.4451,6.4451,5.2545,0,0,0,-31.2219,-30.9664,37.1596,37.1596,35.2452,0,0,0,-6.1368,-5.8416,-7.0100,-7.0100,-6.3617,0,0,0,1.1972,1.7123,2.0547,2.0547,3.1743,0,0,0
20.016205,1788533119.788322,1.4585,1.4754,1.4754,1.4754,1.4390,0,0,0,0.2774,0.2474,-0.5442,-0.5442,-0.7342,0,0,0,4.7017,4.3177,6.4765,6.4765,5.3324,0,0,0,-31.1258,-30.9747,37.1697,37.1697,35.4213,0,0,0,-6.1423,-5.8571,-7.0286,-7.0286,-6.4043,0,0,0,1.0954,1.6803,2.0164,2.0164,3.0978,0,0,0
20.024127,1788533119.788322,1.4585,1.4746,1.4746,1.4746,1.4433,0,0,0,0.2774,0.2488,-0.5473,-0.5473,-0.7148,0,0,0,4.7017,4.3362,6.5043,6.5043,5.4329,0,0,0,-31.1258,-30.9821,37.1785,37.1785,35.6370,0,0,0,-6.1423,-5.8709,-7.0451,-7.0451,-6.4593,0,0,0,1.0954,1.6520,1.9823,1.9823,2.9998,0,0,0
20.032526,1788533119.803629,1.4585,1.4732,1.4732,1.4732,1.4472,0,0,0,0.2774,0.2513,-0.5529,-0.5529,-0.6966,0,0,0,4.7017,4.3685,6.5528,6.5528,5.5295,0,0,0,-31.1258,-30.9950,37.1940,37.1940,35.8322,0,0,0,-6.1423,-5.8948,-7.0738,-7.0738,-6.5121,0,0,0,1.0954,1.6026,1.9231,1.9231,2.9064,0,0,0
20.040229,1788533119.803629,1.4585,1.4725,1.4725,1.4725,1.4508,0,0,0,0.2774,0.2526,-0.5556,-0.5556,-0.6798,0,0,0,4.7017,4.3846,6.5769,6.5769,5.6216,0,0,0,-31.1258,-31.0014,37.2016,37.2016,36.0082,0,0,0,-6.1423,-5.9068,-7.0881,-7.0881,-6.5624,0,0,0,1.0954,1.5780,1.8936,1.8936,2.8176,0,0,0
20.047571,1788533119.818699,1.4598,1.4714,1.4714,1.4714,1.4539,0,0,0,0.1756,0.2459,-0.5410,-0.5410,-0.6644,0,0,0,4.7122,4.4132,6.6198,6.6198,5.7095,0,0,0,-31.0262,-31.0036,37.2043,37.2043,36.1662,0,0,0,-6.0910,-5.9228,-7.1073,-7.1073,-6.6104,0,0,0,1.0276,1.5299,1.8359,1.8359,2.7332,0,0,0
20.056317,1788533119.827306,1.4598,1.4708,1.4708,1.4708,1.4568,0,0,0,0.1756,0.2423,-0.5330,-0.5330,-0.6504,0,0,0,4.7122,4.4286,6.6429,6.6429,5.7930,0,0,0,-31.0262,-31.0047,37.2057,37.2057,36.3076,0,0,0,-6.0910,-5.9315,-7.1178,-7.1178,-6.6561,0,0,0,1.0276,1.5039,1.8047,1.8047,2.6528,0,0,0
20.064490,1788533119.835530,1.4598,1.4702,1.4702,1.4702,1.4592,0,0,0,0.1756,0.2390,-0.5258,-0.5258,-0.6377,0,0,0,4.7122,4.4427,6.6640,6.6640,5.8723,0,0,0,-31.0262,-31.0058,37.2070,37.2070,36.4338,0,0,0,-6.0910,-5.9393,-7.1272,-7.1272,-6.6996,0,0,0,1.0276,1.4802,1.7763,1.7763,2.5763,0,0,0
20.071363,1788533119.835530,1.4598,1.4697,1.4697,1.4697,1.4613,0,0,0,0.1756,0.2360,-0.5191,-0.5191,-0.6261,0,0,0,4.7122,4.4557,6.6835,6.6835,5.9475,0,0,0,-31.0262,-31.0068,37.2082,37.2082,36.5458,0,0,0,-6.0910,-5.9466,-7.1360,-7.1360,-6.7407,0,0,0,1.0276,1.4584,1.7500,1.7500,2.5033,0,0,0
20.079755,1788533119.835530,1.4598,1.4693,1.4693,1.4693,1.4632,0,0,0,0.1756,0.2331,-0.5128,-0.5128,-0.6153,0,0,0,4.7122,4.4680,6.7020,6.7020,6.0186,0,0,0,-31.0262,-31.0077,37.2093,37.2093,36.6448,0,0,0,-6.0910,-5.9536,-7.1443,-7.1443,-6.7795,0,0,0,1.0276,1.4375,1.7250,1.7250,2.4339,0,0,0
20.088458,1788533119.835530,1.4598,1.4688,1.4688,1.4688,1.4644,0,0,0,0.1756,0.2303,-0.5067,-0.5067,-0.6077,0,0,0,4.7122,4.4798,6.7197,6.7197,6.0691,0,0,0,-31.0262,-31.0086,37.2104,37.2104,36.7112,0,0,0,-6.0910,-5.9602,-7.1522,-7.1522,-6.8070,0,0,0,1.0276,1.4177,1.7013,1.7013,2.3842,0,0,0
20.095806,1788533119.860575,1.4598,1.4676,1.4676,1.4676,1.4657,0,0,0,0.1756,0.2229,-0.4903,-0.4903,-0.5982,0,0,0,4.7122,4.5116,6.7674,6.7674,6.1327,0,0,0,-31.0262,-31.0111,37.2133,37.2133,36.7903,0,0,0,-6.0910,-5.9781,-7.1737,-7.1737,-6.8416,0,0,0,1.0276,1.3643,1.6371,1.6371,2.3212,0,0,0
20.104457,1788533119.860575,1.4598,1.4672,1.4672,1.4672,1.4668,0,0,0,0.1756,0.2206,-0.4853,-0.4853,-0.5893,0,0,0,4.7122,4.5212,6.7819,6.7819,6.1924,0,0,0,-31.0262,-31.0118,37.2141,37.2141,36.8593,0,0,0,-6.0910,-5.9835,-7.1802,-7.1802,-6.8739,0,0,0,1.0276,1.3480,1.6176,1.6176,2.2616,0,0,0
20.112704,1788533119.860575,1.4598,1.4668,1.4668,1.4668,1.4677,0,0,0,0.1756,0.2185,-0.4806,-0.4806,-0.5808,0,0,0,4.7122,4.5304,6.7956,6.7956,6.2485,0,0,0,-31.0262,-31.0125,37.2150,37.2150,36.9194,0,0,0,-6.0910,-5.9886,-7.1864,-7.1864,-6.9041,0,0,0,1.0276,1.3325,1.5990,1.5990,2.2049,0,0,0
20.119723,1788533119.860575,1.4598,1.4665,1.4665,1.4665,1.4684,0,0,0,0.1756,0.2164,-0.4761,-0.4761,-0.5726,0,0,0,4.7122,4.5392,6.8088,6.8088,6.3014,0,0,0,-31.0262,-31.0131,37.2158,37.2158,36.9715,0,0,0,-6.0910,-5.9936,-7.1923,-7.1923,-6.9324,0,0,0,1.0276,1.3178,1.5814,1.5814,2.1506,0,0,0
20.128390,1788533119.899570,1.4598,1.4652,1.4652,1.4652,1.4689,0,0,0,0.1756,0.2084,-0.4584,-0.4584,-0.5666,0,0,0,4.7122,4.5734,6.8600,6.8600,6.3390,0,0,0,-31.0262,-31.0157,37.2189,37.2189,37.0058,0,0,0,-6.0910,-6.0128,-7.2154,-7.2154,-6.9525,0,0,0,1.0276,1.2604,1.5125,1.5125,2.1116,0,0,0
20.136122,1788533119.907234,1.4598,1.4649,1.4649,1.4649,1.4693,0,0,0,0.1756,0.2069,-0.4551,-0.4551,-0.5589,0,0,0,4.7122,4.5798,6.8697,6.8697,6.3864,0,0,0,-31.0262,-31.0162,37.2195,37.2195,37.0459,0,0,0,-6.0910,-6.0164,-7.2197,-7.2197,-6.9776,0,0,0,1.0276,1.2496,1.4995,1.4995,2.0617,0,0,0
20.143733,1788533119.915850,1.4598,1.4647,1.4647,1.4647,1.4695,0,0,0,0.1756,0.2053,-0.4516,-0.4516,-0.5513,0,0,0,4.7122,4.5866,6.8799,6.8799,6.4310,0,0,0,-31.0262,-31.0167,37.2201,37.2201,37.0802,0,0,0,-6.0910,-6.0202,-7.2243,-7.2243,-7.0010,0,0,0,1.0276,1.2381,1.4858,1.4858,2.0142,0,0,0
20.151976,1788533119.924093,1.4598,1.4644,1.4644,1.4644,1.4697,0,0,0,0.1756,0.2038,-0.4483,-0.4483,-0.5439,0,0,0,4.7122,4.5928,6.8892,6.8892,6.4731,0,0,0,-31.0262,-31.0172,37.2206,37.2206,37.1094,0,0,0,-6.0910,-6.0237,-7.2285,-7.2285,-7.0230,0,0,0,1.0276,1.2277,1.4733,1.4733,1.9686,0,0,0
20.159981,1788533119.924093,1.4598,1.4642,1.4642,1.4642,1.4697,0,0,0,0.1756,0.2024,-0.4454,-0.4454,-0.5365,0,0,0,4.7122,4.5986,6.8978,6.8978,6.5130,0,0,0,-31.0262,-31.0176,37.2212,37.2212,37.1341,0,0,0,-6.0910,-6.0270,-7.2324,-7.2324,-7.0436,0,0,0,1.0276,1.2181,1.4617,1.4617,1.9247,0,0,0
20.167982,1788533119.924093,1.4598,1.4640,1.4640,1.4640,1.4696,0,0,0,0.1756,0.2012,-0.4425,-0.4425,-0.5292,0,0,0,4.7122,4.6040,6.9060,6.9060,6.5505,0,0,0,-31.0262,-31.0180,37.2217,37.2217,37.1549,0,0,0,-6.0910,-6.0300,-7.2360,-7.2360,-7.0628,0,0,0,1.0276,1.2089,1.4507,1.4507,1.8828,0,0,0
20.176071,1788533119.948189,1.4074,1.4566,1.4566,1.4566,1.4695,0,0,0,0.1127,0.1895,-0.4169,-0.4169,-0.5239,0,0,0,4.7658,4.6254,6.9380,6.9380,6.5772,0,0,0,-30.6416,-30.9683,37.1620,37.1620,37.1683,0,0,0,-5.7244,-5.9898,-7.1877,-7.1877,-7.0764,0,0,0,1.0697,1.1905,1.4286,1.4286,1.8526,0,0,0
20.184374,1788533119.955492,1.4074,1.4544,1.4544,1.4544,1.4693,0,0,0,0.1127,0.1861,-0.4095,-0.4095,-0.5170,0,0,0,4.7658,4.6315,6.9473,6.9473,6.6107,0,0,0,-30.6416,-30.9539,37.1447,37.1447,37.1834,0,0,0,-5.7244,-5.9781,-7.1737,-7.1737,-7.0934,0,0,0,1.0697,1.1852,1.4222,1.4222,1.8143,0,0,0
20.192431,1788533119.963611,1.4074,1.4521,1.4521,1.4521,1.4691,0,0,0,0.1127,0.1826,-0.4017,-0.4017,-0.5103,0,0,0,4.7658,4.6381,6.9571,6.9571,6.6420,0,0,0,-30.6416,-30.9387,37.1264,37.1264,37.1959,0,0,0,-5.7244,-5.9658,-7.1589,-7.1589,-7.1090,0,0,0,1.0697,1.1796,1.4155,1.4155,1.7781,0,0,0
20.199867,1788533119.963611,1.4074,1.4500,1.4500,1.4500,1.4687,0,0,0,0.1127,0.1792,-0.3943,-0.3943,-0.5035,0,0,0,4.7658,4.6442,6.9663,6.9663,6.6714,0,0,0,-30.6416,-30.9244,37.1093,37.1093,37.2051,0,0,0,-5.7244,-5.9542,-7.1450,-7.1450,-7.1227,0,0,0,1.0697,1.1743,1.4091,1.4091,1.7439,0,0,0
20.208136,1788533119.979243,1.4074,1.4462,1.4462,1.4462,1.4681,0,0,0,0.1127,0.1733,-0.3812,-0.3812,-0.4965,0,0,0,4.7658,4.6551,6.9827,6.9827,6.6994,0,0,0,-30.6416,-30.8990,37.0788,37.0788,37.2110,0,0,0,-5.7244,-5.9336,-7.1203,-7.1203,-7.1340,0,0,0,1.0697,1.1649,1.3979,1.3979,1.7115,0,0,0
20.216655,1788533119.987781,1.4074,1.4442,1.4442,1.4442,1.4673,0,0,0,0.1127,0.1702,-0.3744,-0.3744,-0.4892,0,0,0,4.7658,4.6608,6.9912,6.9912,6.7259,0,0,0,-30.6416,-30.8859,37.0630,37.0630,37.2140,0,0,0,-5.7244,-5.9230,-7.1076,-7.1076,-7.1432,0,0,0,1.0697,1.1600,1.3920,1.3920,1.6809,0,0,0
20.224658,1788533119.995776,1.4074,1.4424,1.4424,1.4424,1.4664,0,0,0,0.1127,0.1674,-0.3684,-0.3684,-0.4817,0,0,0,4.7658,4.6658,6.9987,6.9987,6.7510,0,0,0,-30.6416,-30.8741,37.0490,37.0490,37.2140,0,0,0,-5.7244,-5.9135,-7.0961,-7.0961,-7.1501,0,0,0,1.0697,1.1557,1.3868,1.3868,1.6521,0,0,0
20.232237,1788533120.003356,1.4074,1.4408,1.4408,1.4408,1.4653,0,0,0,0.1127,0.1649,-0.3629,-0.3629,-0.4740,0,0,0,4.7658,4.6704,7.0056,7.0056,6.7747,0,0,0,-30.6416,-30.8635,37.0362,37.0362,37.2115,0,0,0,-5.7244,-5.9049,-7.0858,-7.0858,-7.1547,0,0,0,1.0697,1.1518,1.3821,1.3821,1.6250,0,0,0
20.240842,1788533120.003356,1.4074,1.4392,1.4392,1.4392,1.4640,0,0,0,0.1127,0.1624,-0.3574,-0.3574,-0.4662,0,0,0,4.7658,4.6750,7.0124,7.0124,6.7971,0,0,0,-30.6416,-30.8529,37.0235,37.0235,37.2068,0,0,0,-5.7244,-5.8962,-7.0755,-7.0755,-7.1574,0,0,0,1.0697,1.1478,1.3774,1.3774,1.5998,0,0,0
20.248461,1788533120.003356,1.4074,1.4377,1.4377,1.4377,1.4630,0,0,0,0.1127,0.1601,-0.3521,-0.3521,-0.4603,0,0,0,4.7658,4.6793,7.0190,7.0190,6.8131,0,0,0,-30.6416,-30.8428,37.0113,37.0113,37.2020,0,0,0,-5.7244,-5.8880,-7.0656,-7.0656,-7.1583,0,0,0,1.0697,1.1441,1.3729,1.3729,1.5820,0,0,0
20.256376,1788533120.028494,1.4074,1.4336,1.4336,1.4336,1.4615,0,0,0,0.1127,0.1536,-0.3379,-0.3379,-0.4524,0,0,0,4.7658,4.6911,7.0367,7.0367,6.8333,0,0,0,-30.6416,-30.8153,36.9783,36.9783,37.1942,0,0,0,-5.7244,-5.8657,-7.0388,-7.0388,-7.1580,0,0,0,1.0697,1.1339,1.3607,1.3607,1.5598,0,0,0
20.264456,1788533120.028494,1.4074,1.4323,1.4323,1.4323,1.4600,0,0,0,0.1127,0.1516,-0.3336,-0.3336,-0.4445,0,0,0,4.7658,4.6947,7.0421,7.0421,6.8522,0,0,0,-30.6416,-30.8070,36.9683,36.9683,37.1850,0,0,0,-5.7244,-5.8589,-7.0307,-7.0307,-7.1562,0,0,0,1.0697,1.1308,1.3570,1.3570,1.5392,0,0,0
20.272470,1788533120.044587,1.2805,1.4184,1.4184,1.4184,1.4583,0,0,0,-0.0509,0.1330,-0.2927,-0.2927,-0.4366,0,0,0,4.8188,4.7061,7.0592,7.0592,6.8701,0,0,0,-30.4239,-30.7717,36.9261,36.9261,37.1745,0,0,0,-5.6963,-5.8440,-7.0128,-7.0128,-7.1530,0,0,0,1.2135,1.1384,1.3661,1.3661,1.5201,0,0,0
20.280379,1788533120.044587,1.2805,1.4118,1.4118,1.4118,1.4566,0,0,0,-0.0509,0.1242,-0.2733,-0.2733,-0.4287,0,0,0,4.8188,4.7115,7.0673,7.0673,6.8870,0,0,0,-30.4239,-30.7551,36.9061,36.9061,37.1628,0,0,0,-5.6963,-5.8369,-7.0043,-7.0043,-7.1485,0,0,0,1.2135,1.1420,1.3704,1.3704,1.5024,0,0,0
20.288493,1788533120.059599,1.2487,1.3977,1.3977,1.3977,1.4547,0,0,0,-0.0701,0.1075,-0.2364,-0.2364,-0.4205,0,0,0,4.8076,4.7198,7.0798,7.0798,6.9031,0,0,0,-30.4225,-30.7264,36.8717,36.8717,37.1499,0,0,0,-5.7249,-5.8273,-6.9927,-6.9927,-7.1427,0,0,0,1.3456,1.1596,1.3915,1.3915,1.4861,0,0,0
20.296196,1788533120.068314,1.2487,1.3900,1.3900,1.3900,1.4526,0,0,0,-0.0979,0.0968,-0.2129,-0.2129,-0.4117,0,0,0,4.8057,4.7243,7.0865,7.0865,6.9184,0,0,0,-30.4247,-30.7107,36.8529,36.8529,37.1358,0,0,0,-5.7747,-5.8245,-6.9894,-6.9894,-7.1359,0,0,0,1.3479,1.1694,1.4033,1.4033,1.4713,0,0,0
20.304440,1788533120.068314,1.2487,1.3832,1.3832,1.3832,1.4507,0,0,0,-0.0979,0.0875,-0.1924,-0.1924,-0.4046,0,0,0,4.8057,4.7282,7.0923,7.0923,6.9295,0,0,0,-30.4247,-30.6970,36.8364,36.8364,37.1244,0,0,0,-5.7747,-5.8221,-6.9866,-6.9866,-7.1301,0,0,0,1.3479,1.1780,1.4136,1.4136,1.4613,0,0,0
20.312940,1788533120.068314,1.2487,1.3768,1.3768,1.3768,1.4479,0,0,0,-0.0979,0.0786,-0.1729,-0.1729,-0.3943,0,0,0,4.8057,4.7319,7.0979,7.0979,6.9437,0,0,0,-30.4247,-30.6840,36.8208,36.8208,37.1081,0,0,0,-5.7747,-5.8199,-6.9838,-6.9838,-7.1218,0,0,0,1.3479,1.1861,1.4233,1.4233,1.4495,0,0,0
20.319944,1788533120.092062,1.2535,1.3608,1.3608,1.3608,1.4446,0,0,0,-0.1699,0.0463,-0.1018,-0.1018,-0.3829,0,0,0,4.7854,4.7389,7.1083,7.1083,6.9574,0,0,0,-30.4269,-30.6506,36.7807,36.7807,37.0909,0,0,0,-5.8081,-5.8183,-6.9820,-6.9820,-7.1131,0,0,0,1.4271,1.2174,1.4609,1.4609,1.4395,0,0,0
20.328559,1788533120.100677,1.2535,1.3552,1.3552,1.3552,1.4410,0,0,0,-0.1699,0.0352,-0.0774,-0.0774,-0.3707,0,0,0,4.7854,4.7413,7.1119,7.1119,6.9704,0,0,0,-30.4269,-30.6391,36.7669,36.7669,37.0730,0,0,0,-5.8081,-5.8178,-6.9814,-6.9814,-7.1040,0,0,0,1.4271,1.2282,1.4738,1.4738,1.4313,0,0,0
20.336986,1788533120.107099,1.2535,1.3513,1.3513,1.3513,1.4380,0,0,0,-0.1699,0.0272,-0.0598,-0.0598,-0.3608,0,0,0,4.7854,4.7430,7.1145,7.1145,6.9798,0,0,0,-30.4269,-30.6309,36.7571,36.7571,37.0591,0,0,0,-5.8081,-5.8174,-6.9809,-6.9809,-7.0971,0,0,0,1.4271,1.2359,1.4831,1.4831,1.4263,0,0,0
20.344930,1788533120.107099,1.2535,1.3466,1.3466,1.3466,1.4336,0,0,0,-0.1699,0.0178,-0.0391,-0.0391,-0.3463,0,0,0,4.7854,4.7450,7.1175,7.1175,6.9918,0,0,0,-30.4269,-30.6211,36.7453,36.7453,37.0399,0,0,0,-5.8081,-5.8170,-6.9804,-6.9804,-7.0879,0,0,0,1.4271,1.2451,1.4941,1.4941,1.4215,0,0,0
20.352951,1788533120.117048,1.2535,1.3411,1.3411,1.3411,1.4288,0,0,0,-0.1699,0.0067,-0.0147,-0.0147,-0.3303,0,0,0,4.7854,4.7474,7.1211,7.1211,7.0034,0,0,0,-30.4269,-30.6097,36.7316,36.7316,37.0202,0,0,0,-5.8081,-5.8165,-6.9798,-6.9798,-7.0788,0,0,0,1.4271,1.2558,1.5070,1.5070,1.4186,0,0,0
20.360861,1788533120.117048,1.2535,1.3369,1.3369,1.3369,1.4238,0,0,0,-0.1699,-0.0018,0.0039,0.0039,-0.3130,0,0,0,4.7854,4.7492,7.1238,7.1238,7.0143,0,0,0,-30.4269,-30.6009,36.7211,36.7211,37.0002,0,0,0,-5.8081,-5.8161,-6.9793,-6.9793,-7.0701,0,0,0,1.4271,1.2640,1.5168,1.5168,1.4175,0,0,0
20.368858,1788533120.132978,1.2535,1.3293,1.3293,1.3293,1.4184,0,0,0,-0.1699,-0.0171,0.0376,0.0376,-0.2947,0,0,0,4.7854,4.7525,7.1288,7.1288,7.0247,0,0,0,-30.4269,-30.5851,36.7021,36.7021,36.9801,0,0,0,-5.8081,-5.8153,-6.9784,-6.9784,-7.0616,0,0,0,1.4271,1.2788,1.5346,1.5346,1.4179,0,0,0
20.376647,1788533120.132978,1.2535,1.3257,1.3257,1.3257,1.4129,0,0,0,-0.1699,-0.0244,0.0537,0.0537,-0.2756,0,0,0,4.7854,4.7541,7.1311,7.1311,7.0344,0,0,0,-30.4269,-30.5775,36.6930,36.6930,36.9601,0,0,0,-5.8081,-5.8150,-6.9780,-6.9780,-7.0536,0,0,0,1.4271,1.2859,1.5431,1.5431,1.4198,0,0,0
20.384618,1788533120.155797,1.2535,1.3166,1.3166,1.3166,1.4087,0,0,0,-0.1699,-0.0427,0.0939,0.0939,-0.2608,0,0,0,4.7854,4.7580,7.1370,7.1370,7.0414,0,0,0,-30.4269,-30.5586,36.6703,36.6703,36.9452,0,0,0,-5.8081,-5.8141,-6.9770,-6.9770,-7.0479,0,0,0,1.4271,1.3036,1.5644,1.5644,1.4221,0,0,0
20.392254,1788533120.155797,1.2535,1.3136,1.3136,1.3136,1.4030,0,0,0,-0.1699,-0.0488,0.1073,0.1073,-0.2403,0,0,0,4.7854,4.7593,7.1390,7.1390,7.0502,0,0,0,-30.4269,-30.5523,36.6628,36.6628,36.9255,0,0,0,-5.8081,-5.8138,-6.9766,-6.9766,-7.0407,0,0,0,1.4271,1.3095,1.5715,1.5715,1.4263,0,0,0
20.400873,1788533120.172068,1.1605,1.2994,1.2994,1.2994,1.3970,0,0,0,-0.1203,-0.0554,0.1219,0.1219,-0.2188,0,0,0,4.6195,4.7464,7.1195,7.1195,7.0585,0,0,0,-29.8527,-30.4873,36.5848,36.5848,36.9058,0,0,0,-5.7907,-5.8117,-6.9740,-6.9740,-7.0340,0,0,0,2.2349,1.3954,1.6745,1.6745,1.4317,0,0,0
20.408864,1788533120.179990,1.1605,1.2928,1.2928,1.2928,1.3910,0,0,0,-0.1203,-0.0585,0.1287,0.1287,-0.1964,0,0,0,4.6195,4.7403,7.1105,7.1105,7.0664,0,0,0,-29.8527,-30.4572,36.5486,36.5486,36.8862,0,0,0,-5.7907,-5.8107,-6.9728,-6.9728,-7.0277,0,0,0,2.2349,1.4353,1.7223,1.7223,1.4385,0,0,0
20.416255,1788533120.187869,1.1605,1.2866,1.2866,1.2866,1.3847,0,0,0,-0.1203,-0.0614,0.1351,0.1351,-0.1734,0,0,0,4.6195,4.7346,7.1019,7.1019,7.0736,0,0,0,-29.8527,-30.4286,36.5143,36.5143,36.8660,0,0,0,-5.7907,-5.8098,-6.9717,-6.9717,-7.0219,0,0,0,2.2349,1.4731,1.7677,1.7677,1.4474,0,0,0
20.424258,1788533120.187869,1.1605,1.2805,1.2805,1.2805,1.3782,0,0,0,-0.1203,-0.0642,0.1413,0.1413,-0.1502,0,0,0,4.6195,4.7291,7.0937,7.0937,7.0799,0,0,0,-29.8527,-30.4010,36.4812,36.4812,36.8448,0,0,0,-5.7907,-5.8088,-6.9706,-6.9706,-7.0165,0,0,0,2.2349,1.5096,1.8115,1.8115,1.4589,0,0,0
20.432930,1788533120.203945,1.1605,1.2695,1.2695,1.2695,1.3733,0,0,0,-0.1203,-0.0694,0.1527,0.1527,-0.1328,0,0,0,4.6195,4.7191,7.0786,7.0786,7.0840,0,0,0,-29.8527,-30.3506,36.4207,36.4207,36.8283,0,0,0,-5.7907,-5.8072,-6.9686,-6.9686,-7.0127,0,0,0,2.2349,1.5763,1.8916,1.8916,1.4692,0,0,0
20.441172,1788533120.203945,1.1605,1.2643,1.2643,1.2643,1.3666,0,0,0,-0.1203,-0.0718,0.1580,0.1580,-0.1100,0,0,0,4.6195,4.7143,7.0714,7.0714,7.0887,0,0,0,-29.8527,-30.3267,36.3920,36.3920,36.8055,0,0,0,-5.7907,-5.8064,-6.9677,-6.9677,-7.0080,0,0,0,2.2349,1.6079,1.9295,1.9295,1.4854,0,0,0
20.448975,1788533120.203945,1.1605,1.2593,1.2593,1.2593,1.3597,0,0,0,-0.1203,-0.0742,0.1631,0.1631,-0.0877,0,0,0,4.6195,4.7098,7.0646,7.0646,7.0922,0,0,0,-29.8527,-30.3039,36.3647,36.3647,36.7815,0,0,0,-5.7907,-5.8056,-6.9668,-6.9668,-7.0037,0,0,0,2.2349,1.6380,1.9656,1.9656,1.5043,0,0,0
20.457176,1788533120.228295,1.1263,1.2416,1.2416,1.2416,1.3527,0,0,0,-0.1232,-0.0807,0.1775,0.1775,-0.0660,0,0,0,4.5019,4.6822,7.0233,7.0233,7.0947,0,0,0,-27.6332,-29.9482,35.9378,35.9378,36.7562,0,0,0,-6.5545,-5.9050,-7.0860,-7.0860,-6.9997,0,0,0,3.5444,1.8919,2.2703,2.2703,1.5262,0,0,0
20.465195,1788533120.228295,1.1263,1.2361,1.2361,1.2361,1.3457,0,0,0,-0.1232,-0.0827,0.1819,0.1819,-0.0451,0,0,0,4.5019,4.6735,7.0103,7.0103,7.0962,0,0,0,-27.6332,-29.8367,35.8041,35.8041,36.7297,0,0,0,-6.5545,-5.9361,-7.1234,-7.1234,-6.9960,0,0,0,3.5444,1.9714,2.3656,2.3656,1.5507,0,0,0
20.473176,1788533120.244294,1.1263,1.2261,1.2261,1.2261,1.3386,0,0,0,-0.1232,-0.0864,0.1901,0.1901,-0.0251,0,0,0,4.5019,4.6579,6.9868,6.9868,7.0965,0,0,0,-27.6332,-29.6342,35.5610,35.5610,36.6991,0,0,0,-6.5545,-5.9927,-7.1912,-7.1912,-6.9936,0,0,0,3.5444,2.1158,2.5390,2.5390,1.5796,0,0,0
20.480863,1788533120.244294,1.1263,1.2213,1.2213,1.2213,1.3313,0,0,0,-0.1232,-0.0882,0.1940,0.1940,-0.0058,0,0,0,4.5019,4.6504,6.9756,6.9756,7.0953,0,0,0,-27.6332,-29.5377,35.4452,35.4452,36.6609,0,0,0,-6.5545,-6.0196,-7.2235,-7.2235,-6.9936,0,0,0,3.5444,2.1846,2.6215,2.6215,1.6150,0,0,0
20.488244,1788533120.260362,1.1263,1.2126,1.2126,1.2126,1.3238,0,0,0,-0.1232,-0.0914,0.2010,0.2010,0.0126,0,0,0,4.5019,4.6368,6.9552,6.9552,7.0927,0,0,0,-27.6332,-29.3617,35.2340,35.2340,36.6140,0,0,0,-6.5545,-6.0687,-7.2825,-7.2825,-6.9965,0,0,0,3.5444,2.3101,2.7721,2.7721,1.6572,0,0,0
20.496945,1788533120.268046,1.1066,1.2077,1.2077,1.2077,1.3162,0,0,0,-0.2580,-0.0991,0.2179,0.2179,0.0301,0,0,0,4.7235,4.6408,6.9612,6.9612,7.0887,0,0,0,-20.2814,-28.9375,34.7250,34.7250,36.5581,0,0,0,-7.2124,-6.1215,-7.3458,-7.3458,-7.0024,0,0,0,4.2579,2.4005,2.8805,2.8805,1.7063,0,0,0
20.504397,1788533120.276514,1.1066,1.2026,1.2026,1.2026,1.3105,0,0,0,-0.2580,-0.1071,0.2356,0.2356,0.0426,0,0,0,4.7235,4.6449,6.9674,6.9674,7.0849,0,0,0,-20.2814,-28.4917,34.1901,34.1901,36.5102,0,0,0,-7.2124,-6.1768,-7.4122,-7.4122,-7.0089,0,0,0,4.2579,2.4951,2.9941,2.9941,1.7474,0,0,0
20.513000,1788533120.284607,1.1365,1.1994,1.1994,1.1994,1.3028,0,0,0,-0.3145,-0.1171,0.2577,0.2577,0.0586,0,0,0,6.5182,4.7357,7.1035,7.1035,7.0788,0,0,0,-16.2037,-27.8811,33.4573,33.4701,36.4366,1,0,0,-7.9343,-6.2622,-7.5146,-7.5146,-7.0203,0,0,0,3.7856,2.5581,3.0697,3.0697,1.8078,0,0,0
20.521088,1788533120.292248,1.1365,1.1965,1.1965,1.1965,1.2951,0,0,0,-0.3145,-0.1262,0.2776,0.2776,0.0739,0,0,0,6.5182,4.8175,7.2263,7.2263,7.0721,0,0,0,-16.2037,-27.3279,32.7935,32.7935,36.3471,0,0,0,-7.9343,-6.3392,-7.6070,-7.6070,-7.0351,0,0,0,3.7856,2.6149,3.1378,3.1378,1.8742,0,0,0
20.528791,1788533120.292248,1.1365,1.1936,1.1936,1.1936,1.2875,0,0,0,-0.3145,-0.1352,0.2975,0.2975,0.0888,0,0,0,6.5182,4.8992,7.3488,7.3488,7.0656,0,0,0,-16.2037,-26.7742,32.1291,32.1291,36.2365,0,0,0,-7.9343,-6.4160,-7.6992,-7.6992,-7.0538,0,0,0,3.7856,2.6714,3.2057,3.2057,1.9458,0,0,0
20.537334,1788533120.308400,1.1365,1.1884,1.1884,1.1884,1.2800,0,0,0,-0.3145,-0.1518,0.3339,0.3339,0.1035,0,0,0,6.5182,5.0490,7.5735,7.5735,7.0617,0,0,0,-16.2037,-25.7602,30.9122,31.4091,36.0992,1,0,0,-7.9343,-6.5567,-7.8681,-7.8681,-7.0768,0,0,0,3.7856,2.7750,3.3300,3.3300,2.0217,0,0,0
20.545278,1788533120.308400,1.1365,1.1859,1.1859,1.1859,1.2726,0,0,0,-0.3145,-0.1596,0.3510,0.3510,0.1181,0,0,0,6.5182,5.1196,7.6795,7.6795,7.0620,0,0,0,-16.2037,-25.2809,30.3371,30.6891,35.9316,1,0,0,-7.9343,-6.6231,-7.9477,-7.9477,-7.1043,0,0,0,3.7856,2.8239,3.3886,3.3886,2.1008,0,0,0
20.556881,1788533120.317396,1.1365,1.1832,1.1832,1.1832,1.2620,0,0,0,-0.3145,-0.1679,0.3693,0.3693,0.1402,0,0,0,6.5182,5.1949,7.7923,7.7923,7.0742,0,0,0,-16.2037,-24.7704,29.7245,29.9691,35.6185,1,0,0,-7.9343,-6.6938,-8.0326,-8.0326,-7.1555,0,0,0,3.7856,2.8758,3.4510,3.4510,2.2241,0,0,0
20.565583,1788533120.333006,1.3828,1.2011,1.2011,1.2011,1.2552,0,0,0,-0.7806,-0.2227,0.4899,0.4899,0.1554,0,0,0,7.1445,5.3701,8.0552,8.0552,7.0921,0,0,0,-1.0054,-22.5208,27.0249,29.2491,35.3661,1,0,0,-10.6725,-7.0524,-8.4629,-8.4629,-7.1968,0,0,0,4.3635,3.0100,3.6120,3.6120,2.3089,0,0,0
20.573105,1788533120.333006,1.3828,1.2098,1.2098,1.2098,1.2502,0,0,0,-0.7806,-0.2494,0.5487,0.5487,0.1671,0,0,0,7.1445,5.4557,8.1835,8.1835,7.1107,0,0,0,-1.0054,-21.4142,25.6971,28.5291,35.1536,1,0,0,-10.6725,-7.2277,-8.6732,-8.6732,-7.2312,0,0,0,4.3635,3.0755,3.6906,3.6906,2.3733,0,0,0
20.581110,1788533120.349326,1.3828,1.2259,1.2259,1.2259,1.2440,0,0,0,-0.7806,-0.2989,0.6577,0.6577,0.1837,0,0,0,7.1445,5.6139,8.4208,8.4208,7.1433,0,0,0,-1.0054,-19.3700,23.2440,27.8091,34.8390,1,0,0,-10.6725,-7.5520,-9.0624,-9.0624,-7.2842,0,0,0,4.3635,3.1964,3.8357,3.8357,2.4604,0,0,0
20.589689,1788533120.356807,1.3828,1.2329,1.2329,1.2329,1.2385,0,0,0,-0.7806,-0.3206,0.7053,0.7053,0.2025,0,0,0,7.1445,5.6832,8.5248,8.5248,7.1858,0,0,0,-1.0054,-18.4709,22.1651,27.0891,34.4896,1,0,0,-10.6725,-7.6941,-9.2329,-9.2329,-7.3479,0,0,0,4.3635,3.2494,3.8993,3.8993,2.5493,0,0,0
20.597195,1788533120.364437,1.3828,1.2398,1.2398,1.2398,1.2338,0,0,0,-0.7806,-0.3417,0.7518,0.7518,0.2242,0,0,0,7.1445,5.7507,8.6260,8.6260,7.2384,0,0,0,-1.0054,-17.5933,21.1120,26.3691,34.1066,1,0,0,-10.6725,-7.8325,-9.3990,-9.3990,-7.4240,0,0,0,4.3635,3.3009,3.9611,3.9611,2.6398,0,0,0
20.605287,1788533120.364437,1.3828,1.2466,1.2466,1.2466,1.2301,0,0,0,-0.7806,-0.3628,0.7981,0.7981,0.2490,0,0,0,7.1445,5.8180,8.7270,8.7270,7.3010,0,0,0,-1.0054,-16.7161,20.0594,25.6491,33.6914,1,0,0,-10.6725,-7.9707,-9.5649,-9.5649,-7.5134,0,0,0,4.3635,3.3524,4.0228,4.0228,2.7319,0,0,0
20.613816,1788533120.381318,1.3828,1.2597,1.2597,1.2597,1.2273,0,0,0,-0.7806,-0.4029,0.8865,0.8865,0.2768,0,0,0,7.1445,5.9464,8.9196,8.9196,7.3721,0,0,0,-1.0054,-15.0599,18.0719,24.9291,33.2458,1,0,0,-10.6725,-8.2341,-9.8809,-9.8809,-7.6147,0,0,0,4.3635,3.4503,4.1404,4.1404,2.8248,0,0,0
20.621509,1788533120.389025,1.3828,1.2654,1.2654,1.2654,1.2258,0,0,0,-0.7806,-0.4204,0.9250,0.9250,0.2994,0,0,0,7.1445,6.0023,9.0034,9.0034,7.4302,0,0,0,-1.0054,-14.3392,17.2071,24.2091,32.8925,1,0,0,-10.6725,-8.3487,-10.0185,-10.0185,-7.6976,0,0,0,4.3635,3.4930,4.1916,4.1916,2.8945,0,0,0
20.630126,1788533120.396647,1.3828,1.2707,1.2707,1.2707,1.2243,0,0,0,-0.7806,-0.4369,0.9613,0.9613,0.3402,0,0,0,7.1445,6.0550,9.0825,9.0825,7.5354,0,0,0,-1.0054,-13.6601,16.3921,23.4891,32.2706,1,0,0,-10.6725,-8.4569,-10.1483,-10.1483,-7.8484,0,0,0,4.3635,3.5332,4.2398,4.2398,3.0106,0,0,0
20.638130,1788533120.404272,1.3828,1.2759,1.2759,1.2759,1.2241,0,0,0,-0.7806,-0.4527,0.9960,0.9960,0.3668,0,0,0,7.1445,6.1054,9.1581,9.1581,7.6035,0,0,0,-1.0054,-13.0132,15.6158,22.7691,31.8786,1,0,0,-10.6725,-8.5602,-10.2723,-10.2723,-7.9466,0,0,0,4.3635,3.5716,4.2859,4.2859,3.0802,0,0,0
20.646005,1788533120.413576,1.3828,1.2818,1.2818,1.2818,1.2246,0,0,0,-0.7806,-0.4709,1.0359,1.0359,0.4041,0,0,0,7.1445,6.1634,9.2451,9.2451,7.6984,0,0,0,-1.0054,-12.2714,14.7257,22.0491,31.3359,1,0,0,-10.6725,-8.6792,-10.4150,-10.4150,-8.0845,0,0,0,4.3635,3.6158,4.3390,4.3390,3.1723,0,0,0
20.653959,1788533120.420732,1.3828,1.2861,1.2861,1.2861,1.2258,0,0,0,-0.7806,-0.4842,1.0653,1.0653,0.4431,0,0,0,7.1445,6.2061,9.3091,9.3091,7.7971,0,0,0,-1.0054,-11.7271,14.0725,21.3291,30.7720,1,0,0,-10.6725,-8.7667,-10.5201,-10.5201,-8.2288,0,0,0,4.3635,3.6483,4.3780,4.3780,3.2631,0,0,0
20.661883,1788533120.420732,1.3828,1.2907,1.2907,1.2907,1.2276,0,0,0,-0.7806,-0.4985,1.0966,1.0966,0.4833,0,0,0,7.1445,6.2515,9.3772,9.3772,7.8983,0,0,0,-1.0054,-11.1505,13.3806,20.6091,30.1889,1,0,0,-10.6725,-8.8598,-10.6318,-10.6318,-8.3778,0,0,0,4.3635,3.6829,4.4195,4.4195,3.3521,0,0,0
20.669403,1788533120.437521,1.3828,1.2995,1.2995,1.2995,1.2300,0,0,0,-0.7806,-0.5255,1.1560,1.1560,0.5246,0,0,0,7.1445,6.3376,9.5063,9.5063,8.0012,0,0,0,-1.0054,-10.0740,12.0888,19.8891,29.5883,1,0,0,-10.6725,-9.0361,-10.8433,-10.8433,-8.5302,0,0,0,4.3635,3.7485,4.4982,4.4982,3.4390,0,0,0
20.677928,1788533120.445520,1.3828,1.3035,1.3035,1.3035,1.2329,0,0,0,-0.7806,-0.5377,1.1830,1.1830,0.5663,0,0,0,7.1445,6.3766,9.5649,9.5649,8.1046,0,0,0,-1.0054,-9.5883,11.5059,19.1691,28.9721,1,0,0,-10.6725,-9.1160,-10.9392,-10.9392,-8.6845,0,0,0,4.3635,3.7783,4.5339,4.5339,3.5235,0,0,0
20.685932,1788533120.445520,1.3828,1.3073,1.3073,1.3073,1.2362,0,0,0,-0.7806,-0.5494,1.2087,1.2087,0.6085,0,0,0,7.1445,6.4137,9.6206,9.6206,8.2082,0,0,0,-1.0054,-9.1284,10.9541,18.4491,28.3417,1,0,0,-10.6725,-9.1920,-11.0304,-11.0304,-8.8399,0,0,0,4.3635,3.8066,4.5679,4.5679,3.6055,0,0,0
20.694126,1788533120.460246,1.3828,1.3137,1.3137,1.3137,1.2389,0,0,0,-0.7806,-0.5690,1.2519,1.2519,0.6404,0,0,0,7.1445,6.4762,9.7143,9.7143,8.2861,0,0,0,-1.0054,-8.3649,10.0379,17.7291,27.8606,1,0,0,-10.6725,-9.3197,-11.1837,-11.1837,-8.9574,0,0,0,4.3635,3.8542,4.6250,4.6250,3.6655,0,0,0
20.706676,1788533120.468749,1.3828,1.3172,1.3172,1.3172,1.2449,0,0,0,-0.7806,-0.5798,1.2755,1.2755,0.7044,0,0,0,7.1445,6.5105,9.7657,9.7657,8.4408,0,0,0,-1.0054,-7.9493,9.5392,17.0091,26.8796,1,0,0,-10.6725,-9.3897,-11.2676,-11.2676,-9.1924,0,0,0,4.3635,3.8803,4.6563,4.6563,3.7814,0,0,0
20.714471,1788533120.484169,1.7925,1.3592,1.3592,1.3592,1.2492,0,0,0,-0.2074,-0.5468,1.2030,1.2030,0.7469,0,0,0,4.4279,6.3251,9.4877,9.4877,8.5426,0,0,0,22.6560,-4.9263,5.9115,16.2891,26.2133,1,0,0,-12.4634,-9.6663,-11.5996,-11.5996,-9.3480,0,0,0,7.5745,4.2101,5.0521,5.0521,3.8554,0,0,0
20.722424,1788533120.492557,1.7925,1.3809,1.3809,1.3809,1.2538,0,0,0,-0.2074,-0.5298,1.1655,1.1655,0.7890,0,0,0,4.4279,6.2295,9.3443,9.3443,8.6430,0,0,0,22.6560,-3.3568,4.0282,15.5691,25.5387,1,0,0,-12.4634,-9.8093,-11.7711,-11.7711,-9.5024,0,0,0,7.5745,4.3807,5.2569,5.2569,3.9271,0,0,0
20.730058,1788533120.501177,1.7925,1.4021,1.4021,1.4021,1.2588,0,0,0,-0.2074,-0.5132,1.1290,1.1290,0.8299,0,0,0,4.4279,6.1365,9.2048,9.2048,8.7386,0,0,0,22.6560,-1.8238,2.1886,14.8491,24.8566,1,0,0,-12.4634,-9.9486,-11.9383,-11.9383,-9.6567,0,0,0,7.5745,4.5472,5.4566,5.4566,3.9991,0,0,0
20.738286,1788533120.510403,1.7925,1.4235,1.4235,1.4235,1.2646,0,0,0,-0.2074,-0.4964,1.0921,1.0921,0.8680,0,0,0,4.4279,6.0426,9.0639,9.0639,8.8253,0,0,0,22.6560,-0.2746,0.3295,14.1291,24.1682,1,0,0,-12.4634,-10.0894,-12.1073,-12.1073,-9.8125,0,0,0,7.5745,4.7157,5.6588,5.6588,4.0754,0,0,0
20.746048,1788533120.518166,1.7925,1.4407,1.4407,1.4407,1.2714,0,0,0,-0.2074,-0.4830,1.0625,1.0625,0.9026,0,0,0,4.4279,5.9674,8.9511,8.9511,8.9009,0,0,0,22.6560,0.9679,-1.1615,13.4091,23.4741,1,0,0,-12.4634,-10.2023,-12.2428,-12.2428,-9.9698,0,0,0,7.5745,4.8509,5.8211,5.8211,4.1573,0,0,0
20.754583,1788533120.524696,1.7755,1.4539,1.4539,1.4539,1.2792,0,0,0,0.2528,-0.4539,0.9987,0.9987,0.9334,0,0,0,4.0696,5.8925,8.8388,8.8388,8.9641,0,0,0,24.1818,2.0440,-2.4528,12.6891,22.7753,1,0,0,-14.2733,-10.3668,-12.4401,-12.4401,-10.1285,0,0,0,6.8298,4.9303,5.9164,5.9164,4.2456,0,0,0
20.762590,1788533120.524696,1.7755,1.4694,1.4694,1.4694,1.2879,0,0,0,0.2528,-0.4201,0.9242,0.9242,0.9599,0,0,0,4.0696,5.8052,8.7078,8.7078,9.0144,0,0,0,24.1818,3.2956,-3.9547,11.9691,22.0724,1,0,0,-14.2733,-10.5586,-12.6704,-12.6704,-10.2882,0,0,0,6.8298,5.0229,6.0275,6.0275,4.3406,0,0,0
20.770118,1788533120.540236,1.7755,1.4967,1.4967,1.4967,1.2950,0,0,0,0.2528,-0.3602,0.7925,0.7925,0.9768,0,0,0,4.0696,5.6506,8.4759,8.4759,9.0434,0,0,0,24.1818,5.4692,-6.5630,11.2491,21.5428,1,0,0,-14.2733,-10.8974,-13.0769,-13.0769,-10.4085,0,0,0,6.8298,5.1864,6.2237,6.2237,4.4158,0,0,0
20.778136,1788533120.540236,1.7755,1.5100,1.5100,1.5100,1.3052,0,0,0,0.2528,-0.3309,0.7279,0.7279,0.9950,0,0,0,4.0696,5.5747,8.3620,8.3620,9.0709,0,0,0,24.1818,6.5289,-7.8346,10.5291,20.8340,1,0,0,-14.2733,-11.0634,-13.2761,-13.2761,-10.5701,0,0,0,6.8298,5.2665,6.3198,6.3198,4.5202,0,0,0
20.786683,1788533120.557790,1.7755,1.5365,1.5365,1.5365,1.3161,0,0,0,0.2528,-0.2728,0.6002,0.6002,1.0074,0,0,0,4.0696,5.4247,8.1370,8.1370,9.0850,0,0,0,24.1818,8.5727,-10.2872,9.8091,20.1227,1,0,0,-14.2733,-11.3903,-13.6684,-13.6684,-10.7349,0,0,0,6.8298,5.4243,6.5092,6.5092,4.6290,0,0,0
20.794198,1788533120.565306,1.7755,1.5473,1.5473,1.5473,1.3278,0,0,0,0.2528,-0.2491,0.5480,0.5480,1.0132,0,0,0,4.0696,5.3633,8.0450,8.0450,9.0851,0,0,0,24.1818,9.4033,-11.2839,9.0891,19.4091,1,0,0,-14.2733,-11.5240,-13.8287,-13.8287,-10.9050,0,0,0,6.8298,5.4888,6.5866,6.5866,4.7421,0,0,0
20.802733,1788533120.565306,1.7755,1.5582,1.5582,1.5582,1.3403,0,0,0,0.2528,-0.2250,0.4951,0.4951,1.0121,0,0,0,4.0696,5.3011,7.9516,7.9516,9.0715,0,0,0,24.1818,10.2386,-12.2863,8.3691,18.6937,1,0,0,-14.2733,-11.6593,-13.9911,-13.9911,-11.0812,0,0,0,6.8298,5.5541,6.6650,6.6650,4.8589,0,0,0
20.810737,1788533120.581853,1.7755,1.5787,1.5787,1.5787,1.3535,0,0,0,0.2528,-0.1800,0.3959,0.3959,1.0040,0,0,0,4.0696,5.1845,7.7768,7.7768,9.0443,0,0,0,24.1818,11.7663,-14.1195,7.6491,17.9768,1,0,0,-14.2733,-11.9118,-14.2942,-14.2942,-11.2643,0,0,0,6.8298,5.6762,6.8114,6.8114,4.9791,0,0,0
20.818327,1788533120.588467,1.7755,1.5866,1.5866,1.5866,1.3672,0,0,0,0.2528,-0.1627,0.3579,0.3579,0.9894,0,0,0,4.0696,5.1398,7.7096,7.7096,9.0053,0,0,0,24.1818,12.3491,-14.8190,6.9291,17.2587,1,0,0,-14.2733,-12.0087,-14.4104,-14.4104,-11.4528,0,0,0,6.8298,5.7230,6.8676,6.8676,5.1014,0,0,0
20.826738,1788533120.597083,1.7755,1.5963,1.5963,1.5963,1.3814,0,0,0,0.2528,-0.1413,0.3108,0.3108,0.9690,0,0,0,4.0696,5.0844,7.6267,7.6267,8.9556,0,0,0,24.1818,13.0621,-15.6746,6.2091,16.5395,1,0,0,-14.2733,-12.1282,-14.5539,-14.5539,-11.6457,0,0,0,6.8298,5.7808,6.9370,6.9370,5.2249,0,0,0
20.834610,1788533120.605729,1.7518,1.6043,1.6043,1.6043,1.3959,0,0,0,0.7040,-0.0976,0.2147,0.2147,0.9430,0,0,0,4.0205,5.0293,7.5439,7.5439,8.8961,0,0,0,25.2922,13.8011,-16.5613,5.4891,15.8196,1,0,0,-14.8956,-12.2749,-14.7298,-14.7298,-11.8430,0,0,0,5.8064,5.7821,6.9386,6.9386,5.3493,0,0,0
20.842480,1788533120.613596,1.7518,1.6113,1.6113,1.6113,1.4106,0,0,0,0.7040,-0.0597,0.1314,0.1314,0.9122,0,0,0,4.0205,4.9814,7.4721,7.4721,8.8285,0,0,0,25.2922,14.4362,-17.3234,4.7691,15.0990,1,0,0,-14.8956,-12.4019,-14.8823,-14.8823,-12.0425,0,0,0,5.8064,5.7833,6.9400,6.9400,5.4732,0,0,0
20.850478,1788533120.613596,1.7518,1.6180,1.6180,1.6180,1.4217,0,0,0,0.7040,-0.0231,0.0507,0.0507,0.8864,0,0,0,4.0205,4.9351,7.4026,7.4026,8.7735,0,0,0,25.2922,15.0454,-18.0544,4.0491,14.5583,1,0,0,-14.8956,-12.5247,-15.0297,-15.0297,-12.1928,0,0,0,5.8064,5.7844,6.9413,6.9413,5.5652,0,0,0
20.858999,1788533120.629117,1.7488,1.6297,1.6297,1.6297,1.4364,0,0,0,0.8297,0.0530,-0.1166,-0.1166,0.8482,0,0,0,4.0089,4.8522,7.2783,7.2783,8.6953,0,0,0,25.4247,16.1114,-19.3337,3.3291,13.8370,1,0,0,-15.4857,-12.7950,-15.3540,-15.3540,-12.3935,0,0,0,5.5527,5.7636,6.9163,6.9163,5.6852,0,0,0
20.867051,1788533120.637156,1.7319,1.6346,1.6346,1.6346,1.4510,0,0,0,0.8684,0.0924,-0.2032,-0.2032,0.8059,0,0,0,4.0354,4.8126,7.2189,7.2189,8.6129,0,0,0,25.5935,16.6415,-19.9698,2.6091,13.1154,1,0,0,-15.4857,-12.9282,-15.5138,-15.5138,-12.5937,0,0,0,5.4961,5.7506,6.9007,6.9007,5.8009,0,0,0
20.875059,1788533120.645170,1.7166,1.6385,1.6385,1.6385,1.4653,0,0,0,0.8722,0.1299,-0.2858,-0.2858,0.7595,0,0,0,4.0411,4.7753,7.1630,7.1630,8.5273,0,0,0,25.6760,17.1444,-20.5733,1.8891,12.3936,1,0,0,-15.5995,-13.0600,-15.6720,-15.6720,-12.7930,0,0,0,5.4717,5.7370,6.8844,6.8844,5.9111,0,0,0
20.882586,1788533120.654179,1.7138,1.6426,1.6426,1.6426,1.4793,0,0,0,0.9294,0.1729,-0.3805,-0.3805,0.7082,0,0,0,4.0723,4.7374,7.1061,7.1061,8.4388,0,0,0,25.6760,17.6734,-21.2081,1.1691,11.6717,1,0,0,-15.6090,-13.2006,-15.8408,-15.8408,-12.9929,0,0,0,5.4696,5.7226,6.8671,6.8671,6.0148,0,0,0
20.890724,1788533120.660698,1.7138,1.6454,1.6454,1.6454,1.4930,0,0,0,0.9294,0.2029,-0.4463,-0.4463,0.6523,0,0,0,4.0723,4.7110,7.0665,7.0665,8.3484,0,0,0,25.6760,18.0385,-21.6462,0.4491,10.9498,1,0,0,-15.6090,-13.2983,-15.9580,-15.9580,-13.1930,0,0,0,5.4696,5.7125,6.8550,6.8550,6.1113,0,0,0
20.898603,1788533120.669708,1.7138,1.6491,1.6491,1.6491,1.5062,0,0,0,0.9294,0.2420,-0.5324,-0.5324,0.5922,0,0,0,4.0723,4.6765,7.0148,7.0148,8.2571,0,0,0,25.6760,18.5105,-22.2126,-0.2709,10.2278,1,0,0,-15.6090,-13.4258,-16.1110,-16.1110,-13.3926,0,0,0,5.4696,5.6994,6.8392,6.8392,6.2002,0,0,0
20.906574,1788533120.677699,1.6974,1.6514,1.6514,1.6514,1.5189,0,0,0,1.0361,0.2802,-0.6164,-0.6164,0.5284,0,0,0,4.1571,4.6515,6.9772,6.9772,8.1657,0,0,0,25.6632,18.9045,-22.6854,-0.9909,9.5059,1,0,0,-15.8559,-13.5456,-16.2547,-16.2547,-13.5911,0,0,0,5.0936,5.6702,6.8042,6.8042,6.2813,0,0,0
20.914634,1788533120.685236,1.6974,1.6535,1.6535,1.6535,1.5280,0,0,0,1.0361,0.3146,-0.6920,-0.6920,0.4785,0,0,0,4.1571,4.6289,6.9434,6.9434,8.0977,0,0,0,25.6632,19.2560,-23.1072,-1.7109,8.9645,1,0,0,-15.8559,-13.6532,-16.3839,-16.3839,-13.7387,0,0,0,5.0936,5.6439,6.7727,6.7727,6.3371,0,0,0
20.923160,1788533120.694273,1.6974,1.6558,1.6558,1.6558,1.5397,0,0,0,1.0361,0.3536,-0.7778,-0.7778,0.4095,0,0,0,4.1571,4.6034,6.9051,6.9051,8.0080,0,0,0,25.6632,19.6503,-23.5804,-2.4309,8.2420,1,0,0,-15.8559,-13.7752,-16.5302,-16.5302,-13.9334,0,0,0,5.0936,5.6141,6.7369,6.7369,6.4047,0,0,0
20.931173,1788533120.701276,1.6974,1.6576,1.6576,1.6576,1.5508,0,0,0,1.0361,0.3825,-0.8415,-0.8415,0.3372,0,0,0,4.1571,4.5844,6.8766,6.8766,7.9197,0,0,0,25.6632,19.9406,-23.9287,-3.1509,7.5113,1,0,0,-15.8559,-13.8656,-16.6387,-16.6387,-14.1269,0,0,0,5.0936,5.5920,6.7104,6.7104,6.4644,0,0,0
20.939165,1788533120.710283,1.6974,1.6597,1.6597,1.6597,1.5613,0,0,0,1.0361,0.4177,-0.9190,-0.9190,0.2616,0,0,0,4.1571,4.5614,6.8420,6.8420,7.8332,0,0,0,25.6632,20.2899,-24.3479,-3.8709,6.7703,1,0,0,-15.8559,-13.9754,-16.7705,-16.7705,-14.3193,0,0,0,5.0936,5.5652,6.6782,6.6782,6.5159,0,0,0
20.947170,1788533120.718282,1.6974,1.6615,1.6615,1.6615,1.5712,0,0,0,1.0361,0.4475,-0.9846,-0.9846,0.1836,0,0,0,4.1571,4.5419,6.8128,6.8128,7.7491,0,0,0,25.6632,20.5824,-24.6989,-4.5909,6.0216,1,0,0,-15.8559,-14.0681,-16.8818,-16.8818,-14.5097,0,0,0,5.0936,5.5425,6.6510,6.6510,6.5597,0,0,0
20.954171,1788533120.726289,1.6452,1.6607,1.6607,1.6607,1.5804,0,0,0,1.1146,0.4797,-1.0553,-1.0553,0.1038,0,0,0,4.1796,4.5244,6.7866,6.7866,7.6676,0,0,0,25.6870,20.8598,-25.0317,-5.3109,5.2673,1,0,0,-16.2883,-14.1777,-17.0133,-17.0133,-14.6972,0,0,0,4.8686,5.5101,6.6121,6.6121,6.5961,0,0,0
20.963287,1788533120.732844,1.6452,1.6601,1.6601,1.6601,1.5891,0,0,0,1.1146,0.5050,-1.1110,-1.1110,0.0228,0,0,0,4.1796,4.5106,6.7660,6.7660,7.5892,0,0,0,25.6870,21.0763,-25.2916,-6.0309,4.5093,1,0,0,-16.2883,-14.2638,-17.1166,-17.1166,-14.8814,0,0,0,4.8686,5.4846,6.5815,6.5815,6.6256,0,0,0
20.970907,1788533120.732844,1.6452,1.6594,1.6594,1.6594,1.5970,0,0,0,1.1146,0.5344,-1.1756,-1.1756,-0.0590,0,0,0,4.1796,4.4947,6.7420,6.7420,7.5141,0,0,0,25.6870,21.3255,-25.5906,-6.7509,3.7490,1,0,0,-16.2883,-14.3637,-17.2364,-17.2364,-15.0618,0,0,0,4.8686,5.4550,6.5461,6.5461,6.6486,0,0,0
20.978577,1788533120.749031,1.6452,1.6581,1.6581,1.6581,1.6044,0,0,0,1.1146,0.5883,-1.2942,-1.2942,-0.1411,0,0,0,4.1796,4.4654,6.6981,6.6981,7.4424,0,0,0,25.6870,21.7742,-26.1290,-7.4709,2.9877,1,0,0,-16.2883,-14.5463,-17.4555,-17.4555,-15.2382,0,0,0,4.8686,5.4008,6.4809,6.4809,6.6656,0,0,0
20.987293,1788533120.758359,1.5981,1.6548,1.6548,1.6548,1.6111,0,0,0,1.1775,0.6211,-1.3665,-1.3665,-0.2230,0,0,0,4.2696,4.4545,6.6817,6.6817,7.3743,0,0,0,25.6538,22.0137,-26.4165,-8.1909,2.2263,1,0,0,-16.4066,-14.6522,-17.5826,-17.5826,-15.4104,0,0,0,4.7878,5.3668,6.4401,6.4401,6.6769,0,0,0
20.995337,1788533120.758359,1.5981,1.6521,1.6521,1.6521,1.6172,0,0,0,1.1775,0.6479,-1.4254,-1.4254,-0.3050,0,0,0,4.2696,4.4456,6.6684,6.6684,7.3095,0,0,0,25.6538,22.2077,-26.6493,-8.9109,1.4656,1,0,0,-16.4066,-14.7386,-17.6863,-17.6863,-15.5795,0,0,0,4.7878,5.3390,6.4068,6.4068,6.6827,0,0,0
21.002775,1788533120.772893,1.5981,1.6475,1.6475,1.6475,1.6213,0,0,0,1.1775,0.6925,-1.5235,-1.5235,-0.3667,0,0,0,4.2696,4.4308,6.6462,6.6462,7.2631,0,0,0,25.6538,22.5255,-27.0305,-9.6309,0.8958,1,0,0,-16.4066,-14.8818,-17.8582,-17.8582,-15.7047,0,0,0,4.7878,5.2929,6.3514,6.3514,6.6835,0,0,0
21.010782,1788533120.781896,1.5981,1.6449,1.6449,1.6449,1.6262,0,0,0,1.1775,0.7187,-1.5810,-1.5810,-0.4490,0,0,0,4.2696,4.4221,6.6331,6.6331,7.2041,0,0,0,25.6538,22.7100,-27.2520,-10.3509,0.1374,1,0,0,-16.4066,-14.9656,-17.9588,-17.9588,-15.8689,0,0,0,4.7878,5.2658,6.3190,6.3190,6.6803,0,0,0
21.019300,1788533120.789418,1.5981,1.6428,1.6428,1.6428,1.6305,0,0,0,1.1775,0.7395,-1.6269,-1.6269,-0.5311,0,0,0,4.2696,4.4152,6.6228,6.6228,7.1485,0,0,0,25.6538,22.8562,-27.4275,-11.0709,-0.6191,1,0,0,-16.4066,-15.0324,-18.0389,-18.0389,-16.0304,0,0,0,4.7878,5.2442,6.2931,6.2931,6.6726,0,0,0
21.026832,1788533120.796947,1.5981,1.6408,1.6408,1.6408,1.6341,0,0,0,1.1775,0.7594,-1.6707,-1.6707,-0.6130,0,0,0,4.2696,4.4086,6.6128,6.6128,7.0961,0,0,0,25.6538,22.9950,-27.5940,-11.7909,-1.3734,1,0,0,-16.4066,-15.0961,-18.1154,-18.1154,-16.1894,0,0,0,4.7878,5.2236,6.2683,6.2683,6.6607,0,0,0
21.035353,1788533120.805478,1.5362,1.6354,1.6354,1.6354,1.6371,0,0,0,1.2573,0.7849,-1.7268,-1.7268,-0.6943,0,0,0,4.3025,4.4031,6.6047,6.6047,7.0471,0,0,0,25.6661,23.1437,-27.7724,-12.5109,-2.1255,1,0,0,-16.2173,-15.1546,-18.1856,-18.1856,-16.3451,0,0,0,4.8279,5.2035,6.2442,6.2442,6.6452,0,0,0
21.043366,1788533120.812954,1.5362,1.6310,1.6310,1.6310,1.6395,0,0,0,1.2573,0.8062,-1.7737,-1.7737,-0.7745,0,0,0,4.3025,4.3986,6.5979,6.5979,7.0013,0,0,0,25.6661,23.2673,-27.9207,-13.2309,-2.8753,1,0,0,-16.2173,-15.2035,-18.2442,-18.2442,-16.4969,0,0,0,4.8279,5.1866,6.2239,6.2239,6.6267,0,0,0
21.051367,1788533120.812954,1.5362,1.6264,1.6264,1.6264,1.6409,0,0,0,1.2573,0.8280,-1.8216,-1.8216,-0.8337,0,0,0,4.3025,4.3940,6.5910,6.5910,6.9690,0,0,0,25.6661,23.3923,-28.0708,-13.9509,-3.4362,1,0,0,-16.2173,-15.2533,-18.3039,-18.3039,-16.6080,0,0,0,4.8279,5.1694,6.2033,6.2033,6.6113,0,0,0
21.059433,1788533120.829552,1.5362,1.6179,1.6179,1.6179,1.6424,0,0,0,1.2573,0.8688,-1.9113,-1.9113,-0.9113,0,0,0,4.3025,4.3853,6.5780,6.5780,6.9287,0,0,0,25.6661,23.6238,-28.3486,-14.6709,-4.1819,1,0,0,-16.2173,-15.3463,-18.4156,-18.4156,-16.7518,0,0,0,4.8279,5.1371,6.1646,6.1646,6.5889,0,0,0
21.067363,1788533120.829552,1.5362,1.6140,1.6140,1.6140,1.6433,0,0,0,1.2573,0.8875,-1.9525,-1.9525,-0.9872,0,0,0,4.3025,4.3813,6.5720,6.5720,6.8914,0,0,0,25.6661,23.7294,-28.4752,-15.3909,-4.9254,1,0,0,-16.2173,-15.3889,-18.4667,-18.4667,-16.8906,0,0,0,4.8279,5.1223,6.1468,6.1468,6.5650,0,0,0
21.074771,1788533120.845889,1.5362,1.6068,1.6068,1.6068,1.6436,0,0,0,1.2573,0.9221,-2.0286,-2.0286,-1.0430,0,0,0,4.3025,4.3740,6.5609,6.5609,6.8653,0,0,0,25.6661,23.9223,-28.7067,-16.1109,-5.4816,1,0,0,-16.2173,-15.4676,-18.5611,-18.5611,-16.9912,0,0,0,4.8279,5.0949,6.1139,6.1139,6.5462,0,0,0
21.083290,1788533120.853416,1.5362,1.6036,1.6036,1.6036,1.6435,0,0,0,1.2573,0.9373,-2.0621,-2.0621,-1.1342,0,0,0,4.3025,4.3707,6.5561,6.5561,6.8252,0,0,0,25.6661,24.0067,-28.8080,-16.8309,-6.4022,1,0,0,-16.2173,-15.5022,-18.6026,-18.6026,-17.1526,0,0,0,4.8279,5.0828,6.0994,6.0994,6.5136,0,0,0
21.091902,1788533120.853416,1.5362,1.6003,1.6003,1.6003,1.6429,0,0,0,1.2573,0.9527,-2.0960,-2.0960,-1.2052,0,0,0,4.3025,4.3674,6.5512,6.5512,6.7960,0,0,0,25.6661,24.0916,-28.9099,-17.5509,-7.1288,1,0,0,-16.2173,-15.5371,-18.6445,-18.6445,-17.2758,0,0,0,4.8279,5.0706,6.0847,6.0847,6.4868,0,0,0
21.100009,1788533120.870131,1.5362,1.5943,1.5943,1.5943,1.6418,0,0,0,1.2573,0.9818,-2.1600,-2.1600,-1.2751,0,0,0,4.3025,4.3612,6.5419,6.5419,6.7690,0,0,0,25.6661,24.2503,-29.1004,-18.2709,-7.8551,1,0,0,-16.2173,-15.6029,-18.7235,-18.7235,-17.3946,0,0,0,4.8279,5.0475,6.0570,6.0570,6.4593,0,0,0
21.108017,1788533120.878145,1.5362,1.5915,1.5915,1.5915,1.6403,0,0,0,1.2573,0.9951,-2.1892,-2.1892,-1.3435,0,0,0,4.3025,4.3584,6.5376,6.5376,6.7442,0,0,0,25.6661,24.3224,-29.1868,-18.9909,-8.5822,1,0,0,-16.2173,-15.6329,-18.7595,-18.7595,-17.5086,0,0,0,4.8279,5.0369,6.0443,6.0443,6.4315,0,0,0
21.115350,1788533120.885352,1.5362,1.5891,1.5891,1.5891,1.6383,0,0,0,1.2573,1.0065,-2.2144,-2.2144,-1.4105,0,0,0,4.3025,4.3560,6.5340,6.5340,6.7215,0,0,0,25.6661,24.3841,-29.2609,-19.7109,-9.3097,1,0,0,-16.2173,-15.6587,-18.7904,-18.7904,-17.6179,0,0,0,4.8279,5.0279,6.0335,6.0335,6.4036,0,0,0
21.123350,1788533120.892496,1.5362,1.5868,1.5868,1.5868,1.6360,0,0,0,1.2573,1.0174,-2.2382,-2.2382,-1.4759,0,0,0,4.3025,4.3537,6.5305,6.5305,6.7005,0,0,0,25.6661,24.4424,-29.3309,-20.4309,-10.0374,1,0,0,-16.2173,-15.6831,-18.8197,-18.8197,-17.7227,0,0,0,4.8279,5.0193,6.0231,6.0231,6.3757,0,0,0
21.131497,1788533120.902616,1.5362,1.5838,1.5838,1.5838,1.6335,0,0,0,1.2573,1.0318,-2.2699,-2.2699,-1.5396,0,0,0,4.3025,4.3506,6.5259,6.5259,6.6813,0,0,0,25.6661,24.5196,-29.4235,-21.1509,-10.7651,1,0,0,-16.2173,-15.7156,-18.8587,-18.8587,-17.8227,0,0,0,4.8279,5.0078,6.0094,6.0094,6.3481,0,0,0
21.139505,1788533120.909621,1.5362,1.5818,1.5818,1.5818,1.6307,0,0,0,1.2573,1.0413,-2.2909,-2.2909,-1.6012,0,0,0,4.3025,4.3486,6.5229,6.5229,6.6637,0,0,0,25.6661,24.5705,-29.4847,-21.8709,-11.4927,1,0,0,-16.2173,-15.7371,-18.8845,-18.8845,-17.9179,0,0,0,4.8279,5.0002,6.0003,6.0003,6.3210,0,0,0
21.147515,1788533120.918620,1.5362,1.5793,1.5793,1.5793,1.6285,0,0,0,1.2573,1.0529,-2.3165,-2.3165,-1.6460,0,0,0,4.3025,4.3461,6.5192,6.5192,6.6515,0,0,0,25.6661,24.6322,-29.5586,-22.5909,-12.0383,1,0,0,-16.2173,-15.7632,-18.9158,-18.9158,-17.9861,0,0,0,4.8279,4.9910,5.9892,5.9892,6.3011,0,0,0
21.155958,1788533120.926631,1.2720,1.5646,1.5646,1.5646,1.6254,0,0,0,1.3368,1.0666,-2.3466,-2.3466,-1.7037,0,0,0,4.3368,4.3457,6.5185,6.5185,6.6364,0,0,0,25.6429,24.6831,-29.6197,-23.3109,-12.7654,1,0,0,-15.6901,-15.7596,-18.9115,-18.9115,-18.0728,0,0,0,5.4862,5.0147,6.0177,6.0177,6.2752,0,0,0
21.163942,1788533120.926631,1.2720,1.5506,1.5506,1.5506,1.6222,0,0,0,1.3368,1.0796,-2.3751,-2.3751,-1.7591,0,0,0,4.3368,4.3452,6.5179,6.5179,6.6227,0,0,0,25.6429,24.7312,-29.6775,-24.0309,-13.4922,1,0,0,-15.6901,-15.7562,-18.9075,-18.9075,-18.1547,0,0,0,5.4862,5.0373,6.0448,6.0448,6.2502,0,0,0
21.170951,1788533120.942078,1.2720,1.5259,1.5259,1.5259,1.6190,0,0,0,1.3368,1.1025,-2.4254,-2.4254,-1.8120,0,0,0,4.3368,4.3445,6.5167,6.5167,6.6102,0,0,0,25.6429,24.8153,-29.7784,-24.7509,-14.2187,1,0,0,-15.6901,-15.7503,-18.9004,-18.9004,-18.2319,0,0,0,5.4862,5.0771,6.0925,6.0925,6.2262,0,0,0
21.180018,1788533120.949612,1.2720,1.5144,1.5144,1.5144,1.6155,0,0,0,1.3368,1.1131,-2.4488,-2.4488,-1.8627,0,0,0,4.3368,4.3441,6.5162,6.5162,6.5988,0,0,0,25.6429,24.8544,-29.8252,-25.4709,-14.9429,1,0,0,-15.6901,-15.7476,-18.8971,-18.8971,-18.3040,0,0,0,5.4862,5.0956,6.1147,6.1147,6.2037,0,0,0
21.187560,1788533120.949612,1.2720,1.5028,1.5028,1.5028,1.6119,0,0,0,1.3368,1.1239,-2.4725,-2.4725,-1.9109,0,0,0,4.3368,4.3438,6.5157,6.5157,6.5885,0,0,0,25.6429,24.8937,-29.8724,-26.1909,-15.6585,1,0,0,-15.6901,-15.7448,-18.8937,-18.8937,-18.3710,0,0,0,5.4862,5.1143,6.1371,6.1371,6.1831,0,0,0
21.195710,1788533120.949612,1.2720,1.4918,1.4918,1.4918,1.6076,0,0,0,1.3368,1.1341,-2.4950,-2.4950,-1.9574,0,0,0,4.3368,4.3435,6.5152,6.5152,6.5792,0,0,0,25.6429,24.9310,-29.9172,-26.9109,-16.3738,1,0,0,-15.6901,-15.7421,-18.8906,-18.8906,-18.4326,0,0,0,5.4862,5.1321,6.1585,6.1585,6.1652,0,0,0
21.203448,1788533120.949612,1.2720,1.4812,1.4812,1.4812,1.6039,0,0,0,1.3368,1.1438,-2.5164,-2.5164,-1.9912,0,0,0,4.3368,4.3431,6.5147,6.5147,6.5728,0,0,0,25.6429,24.9664,-29.9597,-27.6309,-16.9117,1,0,0,-15.6901,-15.7396,-18.8875,-18.8875,-18.4753,0,0,0,5.4862,5.1490,6.1788,6.1788,6.1538,0,0,0
21.211490,1788533120.982567,1.2720,1.4453,1.4453,1.4453,1.5985,0,0,0,1.3368,1.1770,-2.5895,-2.5895,-2.0349,0,0,0,4.3368,4.3420,6.5131,6.5131,6.5651,0,0,0,25.6429,25.0857,-30.1029,-28.3509,-17.6312,1,0,0,-15.6901,-15.7311,-18.8773,-18.8773,-18.5276,0,0,0,5.4862,5.2069,6.2483,6.2483,6.1412,0,0,0
21.219784,1788533120.988795,1.2720,1.4388,1.4388,1.4388,1.5922,0,0,0,1.3368,1.1831,-2.6028,-2.6028,-2.0772,0,0,0,4.3368,4.3418,6.5128,6.5128,6.5582,0,0,0,25.6429,25.1074,-30.1289,-29.0709,-18.3602,1,0,0,-15.6901,-15.7295,-18.8754,-18.8754,-18.5747,0,0,0,5.4862,5.2174,6.2609,6.2609,6.1319,0,0,0
21.227696,1788533120.988795,1.2720,1.4308,1.4308,1.4308,1.5850,0,0,0,1.3368,1.1905,-2.6190,-2.6190,-2.1188,0,0,0,4.3368,4.3416,6.5124,6.5124,6.5520,0,0,0,25.6429,25.1338,-30.1606,-29.7909,-19.1009,1,0,0,-15.6901,-15.7276,-18.8731,-18.8731,-18.6169,0,0,0,5.4862,5.2303,6.2763,6.2763,6.1262,0,0,0
21.235388,1788533121.005594,1.2720,1.4156,1.4156,1.4156,1.5789,0,0,0,1.3368,1.2045,-2.6499,-2.6499,-2.1496,0,0,0,4.3368,4.3411,6.5117,6.5117,6.5479,0,0,0,25.6429,25.1837,-30.2204,-30.2204,-19.6621,0,0,0,-15.6901,-15.7240,-18.8688,-18.8688,-18.6455,0,0,0,5.4862,5.2547,6.3057,6.3057,6.1243,0,0,0
21.244075,1788533121.005594,1.2720,1.4087,1.4087,1.4087,1.5702,0,0,0,1.3368,1.2108,-2.6638,-2.6638,-2.1898,0,0,0,4.3368,4.3409,6.5114,6.5114,6.5428,0,0,0,25.6429,25.2063,-30.2475,-30.2475,-20.4163,0,0,0,-15.6901,-15.7224,-18.8668,-18.8668,-18.6797,0,0,0,5.4862,5.2658,6.3190,6.3190,6.1245,0,0,0
21.252110,1788533121.022287,1.2720,1.3957,1.3957,1.3957,1.5608,0,0,0,1.3368,1.2228,-2.6902,-2.6902,-2.2289,0,0,0,4.3368,4.3405,6.5108,6.5108,6.5383,0,0,0,25.6429,25.2487,-30.2984,-30.2984,-21.1726,0,0,0,-15.6901,-15.7193,-18.8631,-18.8631,-18.7097,0,0,0,5.4862,5.2868,6.3441,6.3441,6.1276,0,0,0
21.259726,1788533121.030330,1.2720,1.3898,1.3898,1.3898,1.5509,0,0,0,1.3368,1.2283,-2.7023,-2.7023,-2.2670,0,0,0,4.3368,4.3404,6.5105,6.5105,6.5344,0,0,0,25.6429,25.2681,-30.3217,-30.3217,-21.9216,0,0,0,-15.6901,-15.7179,-18.8614,-18.8614,-18.7359,0,0,0,5.4862,5.2964,6.3557,6.3557,6.1332,0,0,0
21.268359,1788533121.036936,1.2720,1.3851,1.3851,1.3851,1.5405,0,0,0,1.3368,1.2327,-2.7119,-2.7119,-2.3039,0,0,0,4.3368,4.3402,6.5103,6.5103,6.5309,0,0,0,25.6429,25.2834,-30.3401,-30.3401,-22.6527,0,0,0,-15.6901,-15.7168,-18.8601,-18.8601,-18.7587,0,0,0,5.4862,5.3040,6.3647,6.3647,6.1410,0,0,0
21.275131,1788533121.045270,1.0157,1.3667,1.3667,1.3667,1.5299,0,0,0,1.4109,1.2416,-2.7314,-2.7314,-2.3395,0,0,0,4.4072,4.3436,6.5153,6.5153,6.5278,0,0,0,25.6505,25.3021,-30.3625,-30.3625,-23.3576,0,0,0,-16.1324,-15.7376,-18.8851,-18.8851,-18.7783,0,0,0,5.1983,5.2987,6.3584,6.3584,6.1508,0,0,0
21.284565,1788533121.055067,1.0157,1.3463,1.3463,1.3463,1.5191,0,0,0,1.4109,1.2514,-2.7531,-2.7531,-2.3737,0,0,0,4.4072,4.3473,6.5209,6.5209,6.5251,0,0,0,25.6505,25.3227,-30.3872,-30.3872,-24.0300,0,0,0,-16.1324,-15.7606,-18.9127,-18.9127,-18.7950,0,0,0,5.1983,5.2929,6.3514,6.3514,6.1620,0,0,0
21.291639,1788533121.061787,1.0157,1.3329,1.3329,1.3329,1.5110,0,0,0,1.4109,1.2579,-2.7674,-2.7674,-2.3984,0,0,0,4.4072,4.3497,6.5245,6.5245,6.5233,0,0,0,25.6505,25.3363,-30.4035,-30.4035,-24.5101,0,0,0,-16.1324,-15.7757,-18.9309,-18.9309,-18.8060,0,0,0,5.1983,5.2890,6.3468,6.3468,6.1711,0,0,0
21.299832,1788533121.070444,1.0157,1.3165,1.3165,1.3165,1.4999,0,0,0,1.4109,1.2658,-2.7848,-2.7848,-2.4301,0,0,0,4.4072,4.3527,6.5290,6.5290,6.5213,0,0,0,25.6505,25.3528,-30.4233,-30.4233,-25.1163,0,0,0,-16.1324,-15.7942,-18.9531,-18.9531,-18.8192,0,0,0,5.1983,5.2843,6.3412,6.3412,6.1836,0,0,0
21.307931,1788533121.070444,1.0157,1.3020,1.3020,1.3020,1.4885,0,0,0,1.4109,1.2728,-2.8001,-2.8001,-2.4606,0,0,0,4.4072,4.3553,6.5329,6.5329,6.5197,0,0,0,25.6505,25.3673,-30.4408,-30.4408,-25.6820,0,0,0,-16.1324,-15.8105,-18.9726,-18.9726,-18.8312,0,0,0,5.1983,5.2802,6.3363,6.3363,6.1964,0,0,0
21.316434,1788533121.086651,0.9507,1.2695,1.2695,1.2695,1.4769,0,0,0,1.3251,1.2776,-2.8108,-2.8108,-2.4898,0,0,0,4.3180,4.3518,6.5277,6.5277,6.5186,0,0,0,25.5674,25.3861,-30.4633,-30.4633,-26.2066,0,0,0,-16.1458,-15.8416,-19.0100,-19.0100,-18.8424,0,0,0,5.2079,5.2735,6.3282,6.3282,6.2089,0,0,0
21.324440,1788533121.094672,0.9507,1.2542,1.2542,1.2542,1.4649,0,0,0,1.3251,1.2799,-2.8158,-2.8158,-2.5178,0,0,0,4.3180,4.3502,6.5253,6.5253,6.5179,0,0,0,25.5674,25.3949,-30.4739,-30.4739,-26.6901,0,0,0,-16.1458,-15.8563,-19.0276,-19.0276,-18.8531,0,0,0,5.2079,5.2704,6.3245,6.3245,6.2210,0,0,0
21.332086,1788533121.094672,0.9507,1.2396,1.2396,1.2396,1.4525,0,0,0,1.3251,1.2821,-2.8206,-2.8206,-2.5447,0,0,0,4.3180,4.3487,6.5230,6.5230,6.5176,0,0,0,25.5674,25.4033,-30.4840,-30.4840,-27.1334,0,0,0,-16.1458,-15.8702,-19.0443,-19.0443,-18.8638,0,0,0,5.2079,5.2674,6.3209,6.3209,6.2325,0,0,0
21.340167,1788533121.110288,0.8717,1.2067,1.2067,1.2067,1.4397,0,0,0,1.3098,1.2846,-2.8260,-2.8260,-2.5704,0,0,0,4.3034,4.3446,6.5169,6.5169,6.5175,0,0,0,25.4855,25.4108,-30.4929,-30.4929,-27.5380,0,0,0,-16.2165,-15.9013,-19.0816,-19.0816,-18.8747,0,0,0,5.1722,5.2589,6.3107,6.3107,6.2431,0,0,0
21.347769,1788533121.118291,0.8595,1.1900,1.1900,1.1900,1.4263,0,0,0,1.3063,1.2856,-2.8283,-2.8283,-2.5947,0,0,0,4.3106,4.3430,6.5145,6.5145,6.5176,0,0,0,25.4843,25.4143,-30.4972,-30.4972,-27.9053,0,0,0,-16.2165,-15.9165,-19.0998,-19.0998,-18.8860,0,0,0,5.1744,5.2548,6.3058,6.3058,6.2528,0,0,0
21.356467,1788533121.125571,0.8269,1.1741,1.1741,1.1741,1.4124,0,0,0,1.3063,1.2865,-2.8303,-2.8303,-2.6177,0,0,0,4.3106,4.3416,6.5123,6.5123,6.5177,0,0,0,25.4502,25.4159,-30.4991,-30.4991,-28.2374,0,0,0,-16.2237,-15.9300,-19.1160,-19.1160,-18.8977,0,0,0,5.1722,5.2512,6.3015,6.3015,6.2615,0,0,0
21.364470,1788533121.134584,0.8269,1.1554,1.1554,1.1554,1.4017,0,0,0,1.3063,1.2876,-2.8326,-2.8326,-2.6340,0,0,0,4.3106,4.3399,6.5099,6.5099,6.5178,0,0,0,25.4502,25.4178,-30.5014,-30.5014,-28.4646,0,0,0,-16.2237,-15.9458,-19.1350,-19.1350,-18.9070,0,0,0,5.1722,5.2470,6.2964,6.2964,6.2673,0,0,0
21.372487,1788533121.142715,0.8190,1.1390,1.1390,1.1390,1.3868,0,0,0,1.3162,1.2890,-2.8357,-2.8357,-2.6546,0,0,0,4.3072,4.3383,6.5075,6.5075,6.5178,0,0,0,25.4502,25.4194,-30.5033,-30.5033,-28.7399,0,0,0,-16.2272,-15.9595,-19.1515,-19.1515,-18.9199,0,0,0,5.2410,5.2467,6.2960,6.2960,6.2742,0,0,0
21.380485,1788533121.142715,0.8190,1.1237,1.1237,1.1237,1.3715,0,0,0,1.3162,1.2903,-2.8386,-2.8386,-2.6737,0,0,0,4.3072,4.3368,6.5052,6.5052,6.5177,0,0,0,25.4502,25.4209,-30.5051,-30.5051,-28.9857,0,0,0,-16.2272,-15.9724,-19.1669,-19.1669,-18.9334,0,0,0,5.2410,5.2464,6.2957,6.2957,6.2800,0,0,0
21.388004,1788533121.158112,0.8190,1.0967,1.0967,1.0967,1.3560,0,0,0,1.3162,1.2926,-2.8436,-2.8436,-2.6914,0,0,0,4.3072,4.3342,6.5013,6.5013,6.5176,0,0,0,25.4502,25.4235,-30.5082,-30.5082,-29.2041,0,0,0,-16.2272,-15.9950,-19.1940,-19.1940,-18.9472,0,0,0,5.2410,5.2459,6.2951,6.2951,6.2850,0,0,0
21.396023,1788533121.166625,0.8190,1.0826,1.0826,1.0826,1.3402,0,0,0,1.3162,1.2938,-2.8463,-2.8463,-2.7077,0,0,0,4.3072,4.3328,6.4993,6.4993,6.5173,0,0,0,25.4502,25.4249,-30.5098,-30.5098,-29.3975,0,0,0,-16.2272,-16.0068,-19.2082,-19.2082,-18.9615,0,0,0,5.2410,5.2457,6.2948,6.2948,6.2890,0,0,0
21.404553,1788533121.166625,0.8190,1.0699,1.0699,1.0699,1.3241,0,0,0,1.3162,1.2948,-2.8486,-2.8486,-2.7228,0,0,0,4.3072,4.3316,6.4974,6.4974,6.5168,0,0,0,25.4502,25.4261,-30.5113,-30.5113,-29.5678,0,0,0,-16.2272,-16.0174,-19.2209,-19.2209,-18.9763,0,0,0,5.2410,5.2455,6.2946,6.2946,6.2923,0,0,0
21.412191,1788533121.182300,0.8190,1.0474,1.0474,1.0474,1.3075,0,0,0,1.3162,1.2968,-2.8529,-2.8529,-2.7366,0,0,0,4.3072,4.3294,6.4941,6.4941,6.5162,0,0,0,25.4502,25.4283,-30.5139,-30.5139,-29.7174,0,0,0,-16.2272,-16.0363,-19.2436,-19.2436,-18.9915,0,0,0,5.2410,5.2451,6.2941,6.2941,6.2949,0,0,0
21.420726,1788533121.182300,0.8190,1.0364,1.0364,1.0364,1.2949,0,0,0,1.3162,1.2977,-2.8549,-2.8549,-2.7463,0,0,0,4.3072,4.3284,6.4925,6.4925,6.5157,0,0,0,25.4502,25.4293,-30.5152,-30.5152,-29.8171,0,0,0,-16.2272,-16.0455,-19.2546,-19.2546,-19.0033,0,0,0,5.2410,5.2449,6.2938,6.2938,6.2965,0,0,0
21.428227,1788533121.198838,0.8190,1.0159,1.0159,1.0159,1.2779,0,0,0,1.3162,1.2994,-2.8587,-2.8587,-2.7582,0,0,0,4.3072,4.3264,6.4895,6.4895,6.5148,0,0,0,25.4502,25.4313,-30.5176,-30.5176,-29.9348,0,0,0,-16.2272,-16.0626,-19.2752,-19.2752,-19.0193,0,0,0,5.2410,5.2445,6.2934,6.2934,6.2982,0,0,0
21.436242,1788533121.206347,0.8190,1.0070,1.0070,1.0070,1.2605,0,0,0,1.3162,1.3002,-2.8604,-2.8604,-2.7692,0,0,0,4.3072,4.3255,6.4882,6.4882,6.5137,0,0,0,25.4502,25.4322,-30.5186,-30.5186,-30.0369,0,0,0,-16.2272,-16.0701,-19.2841,-19.2841,-19.0357,0,0,0,5.2410,5.2444,6.2932,6.2932,6.2994,0,0,0
21.444021,1788533121.214616,0.8190,0.9977,0.9977,0.9977,1.2428,0,0,0,1.3162,1.3010,-2.8622,-2.8622,-2.7793,0,0,0,4.3072,4.3246,6.4869,6.4869,6.5125,0,0,0,25.4502,25.4331,-30.5197,-30.5197,-30.1250,0,0,0,-16.2272,-16.0779,-19.2935,-19.2935,-19.0526,0,0,0,5.2410,5.2442,6.2930,6.2930,6.3003,0,0,0
21.452539,1788533121.222142,0.8190,0.9896,0.9896,0.9896,1.2249,0,0,0,1.3162,1.3017,-2.8637,-2.8637,-2.7886,0,0,0,4.3072,4.3238,6.4857,6.4857,6.5111,0,0,0,25.4502,25.4338,-30.5206,-30.5206,-30.2007,0,0,0,-16.2272,-16.0846,-19.3016,-19.3016,-19.0698,0,0,0,5.2410,5.2440,6.2929,6.2929,6.3008,0,0,0
21.460093,1788533121.230218,0.8190,0.9813,0.9813,0.9813,1.2070,0,0,0,1.3162,1.3024,-2.8652,-2.8652,-2.7972,0,0,0,4.3072,4.3230,6.4845,6.4845,6.5096,0,0,0,25.4502,25.4346,-30.5216,-30.5216,-30.2654,0,0,0,-16.2272,-16.0916,-19.3099,-19.3099,-19.0871,0,0,0,5.2410,5.2439,6.2927,6.2927,6.3011,0,0,0
21.468096,1788533121.230218,0.8190,0.9735,0.9735,0.9735,1.1893,0,0,0,1.3162,1.3030,-2.8667,-2.8667,-2.8050,0,0,0,4.3072,4.3222,6.4834,6.4834,6.5080,0,0,0,25.4502,25.4354,-30.5225,-30.5225,-30.3205,0,0,0,-16.2272,-16.0981,-19.3177,-19.3177,-19.1043,0,0,0,5.2410,5.2438,6.2925,6.2925,6.3012,0,0,0
21.476617,1788533121.246734,0.6593,0.9439,0.9439,0.9439,1.1761,0,0,0,1.2610,1.2991,-2.8580,-2.8580,-2.8105,0,0,0,4.3782,4.3275,6.4913,6.4913,6.5068,0,0,0,25.3614,25.4284,-30.5141,-30.5141,-30.3561,0,0,0,-16.5596,-16.1416,-19.3699,-19.3699,-19.1171,0,0,0,4.9261,5.2139,6.2567,6.2567,6.3012,0,0,0
21.484665,1788533121.246734,0.6593,0.9303,0.9303,0.9303,1.1547,0,0,0,1.2610,1.2973,-2.8540,-2.8540,-2.8188,0,0,0,4.3782,4.3299,6.4949,6.4949,6.5047,0,0,0,25.3614,25.4252,-30.5102,-30.5102,-30.4059,0,0,0,-16.5596,-16.1617,-19.3940,-19.3940,-19.1380,0,0,0,4.9261,5.2001,6.2401,6.2401,6.3009,0,0,0
21.492187,1788533121.262794,0.6593,0.9054,0.9054,0.9054,1.1382,0,0,0,1.2610,1.2939,-2.8466,-2.8466,-2.8247,0,0,0,4.3782,4.3344,6.5015,6.5015,6.5030,0,0,0,25.3614,25.4193,-30.5032,-30.5032,-30.4385,0,0,0,-16.5596,-16.1983,-19.4379,-19.4379,-19.1542,0,0,0,4.9261,5.1750,6.2100,6.2100,6.3005,0,0,0
21.500339,1788533121.270944,0.6593,0.8933,0.8933,0.8933,1.1260,0,0,0,1.2610,1.2923,-2.8431,-2.8431,-2.8287,0,0,0,4.3782,4.3365,6.5047,6.5047,6.5019,0,0,0,25.3614,25.4165,-30.4998,-30.4998,-30.4590,0,0,0,-16.5596,-16.2159,-19.4591,-19.4591,-19.1665,0,0,0,4.9261,5.1628,6.1954,6.1954,6.2998,0,0,0
21.508355,1788533121.270944,0.6593,0.8821,0.8821,0.8821,1.1096,0,0,0,1.2610,1.2908,-2.8398,-2.8398,-2.8333,0,0,0,4.3782,4.3385,6.5077,6.5077,6.5006,0,0,0,25.3614,25.4138,-30.4966,-30.4966,-30.4818,0,0,0,-16.5596,-16.2324,-19.4789,-19.4789,-19.1836,0,0,0,4.9261,5.1515,6.1818,6.1818,6.2979,0,0,0
21.516402,1788533121.270944,0.6593,0.8714,0.8714,0.8714,1.0931,0,0,0,1.2610,1.2894,-2.8367,-2.8367,-2.8371,0,0,0,4.3782,4.3404,6.5106,6.5106,6.4996,0,0,0,25.3614,25.4113,-30.4936,-30.4936,-30.4999,0,0,0,-16.5596,-16.2482,-19.4978,-19.4978,-19.2015,0,0,0,4.9261,5.1407,6.1689,6.1689,6.2948,0,0,0
21.523918,1788533121.270944,0.6593,0.8612,0.8612,0.8612,1.0767,0,0,0,1.2610,1.2880,-2.8337,-2.8337,-2.8401,0,0,0,4.3782,4.3422,6.5133,6.5133,6.4990,0,0,0,25.3614,25.4089,-30.4907,-30.4907,-30.5141,0,0,0,-16.5596,-16.2631,-19.5157,-19.5157,-19.2202,0,0,0,4.9261,5.1304,6.1565,6.1565,6.2905,0,0,0
21.531919,1788533121.270944,0.6593,0.8515,0.8515,0.8515,1.0604,0,0,0,1.2610,1.2867,-2.8308,-2.8308,-2.8425,0,0,0,4.3782,4.3439,6.5159,6.5159,6.4987,0,0,0,25.3614,25.4066,-30.4879,-30.4879,-30.5248,0,0,0,-16.5596,-16.2774,-19.5328,-19.5328,-19.2395,0,0,0,4.9261,5.1206,6.1448,6.1448,6.2851,0,0,0
21.539931,1788533121.311040,0.6418,0.8093,0.8093,0.8093,1.0442,0,0,0,1.1935,1.2680,-2.7895,-2.7895,-2.8442,0,0,0,4.3562,4.3464,6.5196,6.5196,6.4986,0,0,0,25.3472,25.3946,-30.4736,-30.4736,-30.5326,0,0,0,-16.6479,-16.3521,-19.6226,-19.6226,-19.2592,0,0,0,4.9162,5.0795,6.0954,6.0954,6.2788,0,0,0
21.548445,1788533121.318570,0.6418,0.8017,0.8017,0.8017,1.0323,0,0,0,1.1935,1.2646,-2.7821,-2.7821,-2.8451,0,0,0,4.3562,4.3468,6.5203,6.5203,6.4988,0,0,0,25.3472,25.3925,-30.4710,-30.4710,-30.5368,0,0,0,-16.6479,-16.3655,-19.6386,-19.6386,-19.2742,0,0,0,4.9162,5.0721,6.0865,6.0865,6.2734,0,0,0
21.556959,1788533121.318570,0.6418,0.7940,0.7940,0.7940,1.0165,0,0,0,1.1935,1.2612,-2.7746,-2.7746,-2.8456,0,0,0,4.3562,4.3473,6.5209,6.5209,6.4993,0,0,0,25.3472,25.3903,-30.4684,-30.4684,-30.5405,0,0,0,-16.6479,-16.3791,-19.6549,-19.6549,-19.2948,0,0,0,4.9162,5.0646,6.0775,6.0775,6.2655,0,0,0
21.564248,1788533121.334363,0.6221,0.7784,0.7784,0.7784,1.0045,0,0,0,1.1682,1.2528,-2.7562,-2.7562,-2.8453,0,0,0,4.3706,4.3494,6.5241,6.5241,6.4998,0,0,0,25.3618,25.3877,-30.4653,-30.4653,-30.5420,0,0,0,-16.6917,-16.4074,-19.6889,-19.6889,-19.3110,0,0,0,4.9295,5.0524,6.0629,6.0629,6.2587,0,0,0
21.572254,1788533121.334363,0.6221,0.7709,0.7709,0.7709,0.9885,0,0,0,1.1682,1.2488,-2.7473,-2.7473,-2.8440,0,0,0,4.3706,4.3504,6.5256,6.5256,6.5007,0,0,0,25.3618,25.3865,-30.4638,-30.4638,-30.5424,0,0,0,-16.6917,-16.4211,-19.7053,-19.7053,-19.3335,0,0,0,4.9295,5.0465,6.0558,6.0558,6.2488,0,0,0
21.580968,1788533121.334363,0.6221,0.7638,0.7638,0.7638,0.9687,0,0,0,1.1682,1.2449,-2.7388,-2.7388,-2.8411,0,0,0,4.3706,4.3514,6.5271,6.5271,6.5020,0,0,0,25.3618,25.3853,-30.4624,-30.4624,-30.5411,0,0,0,-16.6917,-16.4340,-19.7209,-19.7209,-19.3624,0,0,0,4.9295,5.0409,6.0491,6.0491,6.2353,0,0,0
21.588491,1788533121.359596,0.6180,0.7438,0.7438,0.7438,0.9532,0,0,0,1.1646,1.2339,-2.7146,-2.7146,-2.8379,0,0,0,4.3706,4.3540,6.5310,6.5310,6.5032,0,0,0,25.3879,25.3857,-30.4628,-30.4628,-30.5388,0,0,0,-16.6917,-16.4694,-19.7633,-19.7633,-19.3859,0,0,0,4.9295,5.0256,6.0308,6.0308,6.2240,0,0,0
21.597020,1788533121.359596,0.6180,0.7378,0.7378,0.7378,0.9379,0,0,0,1.1646,1.2306,-2.7073,-2.7073,-2.8338,0,0,0,4.3706,4.3548,6.5322,6.5322,6.5045,0,0,0,25.3879,25.3858,-30.4629,-30.4629,-30.5358,0,0,0,-16.6917,-16.4801,-19.7761,-19.7761,-19.4099,0,0,0,4.9295,5.0210,6.0252,6.0252,6.2121,0,0,0
21.604551,1788533121.373660,0.6180,0.7280,0.7280,0.7280,0.9228,0,0,0,1.1646,1.2252,-2.6955,-2.6955,-2.8289,0,0,0,4.3706,4.3561,6.5341,6.5341,6.5059,0,0,0,25.3879,25.3859,-30.4631,-30.4631,-30.5321,0,0,0,-16.6917,-16.4973,-19.7968,-19.7968,-19.4342,0,0,0,4.9295,5.0136,6.0163,6.0163,6.2000,0,0,0
21.612551,1788533121.373660,0.6180,0.7228,0.7228,0.7228,0.9078,0,0,0,1.1646,1.2223,-2.6891,-2.6891,-2.8230,0,0,0,4.3706,4.3568,6.5352,6.5352,6.5075,0,0,0,25.3879,25.3860,-30.4632,-30.4632,-30.5280,0,0,0,-16.6917,-16.5066,-19.8080,-19.8080,-19.4590,0,0,0,4.9295,5.0096,6.0115,6.0115,6.1875,0,0,0
21.620586,1788533121.390711,0.6180,0.7126,0.7126,0.7126,0.8968,0,0,0,1.1646,1.2167,-2.6768,-2.6768,-2.8181,0,0,0,4.3706,4.3581,6.5372,6.5372,6.5087,0,0,0,25.3879,25.3862,-30.4635,-30.4635,-30.5248,0,0,0,-16.6917,-16.5246,-19.8295,-19.8295,-19.4778,0,0,0,4.9295,5.0018,6.0022,6.0022,6.1780,0,0,0
21.628588,1788533121.398711,0.6180,0.7081,0.7081,0.7081,0.8824,0,0,0,1.1646,1.2142,-2.6713,-2.6713,-2.8109,0,0,0,4.3706,4.3587,6.5381,6.5381,6.5105,0,0,0,25.3879,25.3863,-30.4636,-30.4636,-30.5204,0,0,0,-16.6917,-16.5326,-19.8391,-19.8391,-19.5028,0,0,0,4.9295,4.9983,5.9980,5.9980,6.1654,0,0,0
21.637119,1788533121.398711,0.6180,0.7038,0.7038,0.7038,0.8683,0,0,0,1.1646,1.2119,-2.6661,-2.6661,-2.8031,0,0,0,4.3706,4.3593,6.5389,6.5389,6.5122,0,0,0,25.3879,25.3864,-30.4637,-30.4637,-30.5159,0,0,0,-16.6917,-16.5402,-19.8483,-19.8483,-19.5277,0,0,0,4.9295,4.9951,5.9941,5.9941,6.1528,0,0,0
21.645135,1788533121.398711,0.6180,0.6996,0.6996,0.6996,0.8546,0,0,0,1.1646,1.2096,-2.6611,-2.6611,-2.7949,0,0,0,4.3706,4.3598,6.5397,6.5397,6.5141,0,0,0,25.3879,25.3864,-30.4637,-30.4637,-30.5115,0,0,0,-16.6917,-16.5475,-19.8570,-19.8570,-19.5524,0,0,0,4.9295,4.9919,5.9903,5.9903,6.1404,0,0,0
21.653126,1788533121.398711,0.6180,0.6957,0.6957,0.6957,0.8413,0,0,0,1.1646,1.2075,-2.6564,-2.6564,-2.7863,0,0,0,4.3706,4.3603,6.5405,6.5405,6.5159,0,0,0,25.3879,25.3865,-30.4638,-30.4638,-30.5072,0,0,0,-16.6917,-16.5544,-19.8653,-19.8653,-19.5767,0,0,0,4.9295,4.9889,5.9867,5.9867,6.1282,0,0,0
21.661198,1788533121.431317,0.6030,0.6799,0.6799,0.6799,0.8285,0,0,0,1.1407,1.1961,-2.6314,-2.6314,-2.7775,0,0,0,4.4035,4.3677,6.5515,6.5515,6.5177,0,0,0,25.3970,25.3883,-30.4660,-30.4660,-30.5032,0,0,0,-16.5239,-16.5492,-19.8591,-19.8591,-19.6004,0,0,0,5.0870,5.0056,6.0067,6.0067,6.1163,0,0,0
21.668702,1788533121.439316,0.6030,0.6763,0.6763,0.6763,0.8163,0,0,0,1.1407,1.1934,-2.6256,-2.6256,-2.7686,0,0,0,4.4035,4.3694,6.5541,6.5541,6.5196,0,0,0,25.3970,25.3887,-30.4665,-30.4665,-30.4993,0,0,0,-16.5239,-16.5480,-19.8576,-19.8576,-19.6234,0,0,0,5.0870,5.0095,6.0114,6.0114,6.1048,0,0,0
21.677245,1788533121.446345,0.6030,0.6732,0.6732,0.6732,0.8046,0,0,0,1.1407,1.1912,-2.6207,-2.6207,-2.7596,0,0,0,4.4035,4.3708,6.5563,6.5563,6.5214,0,0,0,25.3970,25.3891,-30.4669,-30.4669,-30.4956,0,0,0,-16.5239,-16.5470,-19.8564,-19.8564,-19.6456,0,0,0,5.0870,5.0128,6.0153,6.0153,6.0939,0,0,0
21.684444,1788533121.446345,0.6030,0.6698,0.6698,0.6698,0.7934,0,0,0,1.1407,1.1888,-2.6154,-2.6154,-2.7504,0,0,0,4.4035,4.3724,6.5586,6.5586,6.5233,0,0,0,25.3970,25.3894,-30.4673,-30.4673,-30.4922,0,0,0,-16.5239,-16.5459,-19.8551,-19.8551,-19.6666,0,0,0,5.0870,5.0163,6.0196,6.0196,6.0837,0,0,0
21.692959,1788533121.462565,0.6030,0.6636,0.6636,0.6636,0.7825,0,0,0,1.1407,1.1843,-2.6056,-2.6056,-2.7411,0,0,0,4.4035,4.3753,6.5629,6.5629,6.5253,0,0,0,25.3970,25.3901,-30.4682,-30.4682,-30.4891,0,0,0,-16.5239,-16.5439,-19.8526,-19.8526,-19.6864,0,0,0,5.0870,5.0229,6.0275,6.0275,6.0745,0,0,0
21.701239,1788533121.462565,0.6030,0.6607,0.6607,0.6607,0.7721,0,0,0,1.1407,1.1823,-2.6010,-2.6010,-2.7317,0,0,0,4.4035,4.3766,6.5649,6.5649,6.5275,0,0,0,25.3970,25.3905,-30.4686,-30.4686,-30.4863,0,0,0,-16.5239,-16.5429,-19.8515,-19.8515,-19.7049,0,0,0,5.0870,5.0259,6.0311,6.0311,6.0663,0,0,0
21.708250,1788533121.478368,0.5271,0.6486,0.6486,0.6486,0.7622,0,0,0,0.9711,1.1632,-2.5590,-2.5590,-2.7223,0,0,0,4.4587,4.3840,6.5761,6.5761,6.5297,0,0,0,25.3055,25.3828,-30.4594,-30.4594,-30.4838,0,0,0,-16.3303,-16.5237,-19.8284,-19.8284,-19.7219,0,0,0,5.0501,5.0281,6.0338,6.0338,6.0591,0,0,0
21.716886,1788533121.478368,0.5271,0.6428,0.6428,0.6428,0.7551,0,0,0,0.9711,1.1540,-2.5388,-2.5388,-2.7152,0,0,0,4.4587,4.3876,6.5814,6.5814,6.5314,0,0,0,25.3055,25.3791,-30.4549,-30.4549,-30.4821,0,0,0,-16.3303,-16.5144,-19.8173,-19.8173,-19.7337,0,0,0,5.0501,5.0292,6.0350,6.0350,6.0543,0,0,0
21.724888,1788533121.478368,0.5271,0.6372,0.6372,0.6372,0.7460,0,0,0,0.9711,1.1452,-2.5195,-2.5195,-2.7059,0,0,0,4.4587,4.3910,6.5865,6.5865,6.5338,0,0,0,25.3055,25.3756,-30.4507,-30.4507,-30.4801,0,0,0,-16.3303,-16.5056,-19.8067,-19.8067,-19.7482,0,0,0,5.0501,5.0302,6.0362,6.0362,6.0489,0,0,0
21.732780,1788533121.502677,0.4974,0.6187,0.6187,0.6187,0.7372,0,0,0,0.9057,1.1135,-2.4496,-2.4496,-2.6960,0,0,0,4.4217,4.3951,6.5926,6.5926,6.5364,0,0,0,25.2160,25.3544,-30.4253,-30.4253,-30.4781,0,0,0,-16.2914,-16.4772,-19.7726,-19.7726,-19.7609,0,0,0,5.1454,5.0455,6.0545,6.0545,6.0443,0,0,0
21.741492,1788533121.502677,0.4974,0.6129,0.6129,0.6129,0.7285,0,0,0,0.9057,1.1035,-2.4277,-2.4277,-2.6853,0,0,0,4.4217,4.3964,6.5945,6.5945,6.5392,0,0,0,25.2160,25.3478,-30.4174,-30.4174,-30.4761,0,0,0,-16.2914,-16.4683,-19.7619,-19.7619,-19.7717,0,0,0,5.1454,5.0502,6.0603,6.0603,6.0406,0,0,0
21.749443,1788533121.519645,0.4974,0.6017,0.6017,0.6017,0.7200,0,0,0,0.9057,1.0844,-2.3858,-2.3858,-2.6731,0,0,0,4.4217,4.3988,6.5982,6.5982,6.5424,0,0,0,25.2160,25.3351,-30.4021,-30.4021,-30.4737,0,0,0,-16.2914,-16.4512,-19.7415,-19.7415,-19.7803,0,0,0,5.1454,5.0594,6.0713,6.0713,6.0379,0,0,0
21.757465,1788533121.526657,0.4974,0.5973,0.5973,0.5973,0.7114,0,0,0,0.9057,1.0769,-2.3692,-2.3692,-2.6594,0,0,0,4.4217,4.3998,6.5997,6.5997,6.5457,0,0,0,25.2160,25.3301,-30.3961,-30.3961,-30.4710,0,0,0,-16.2914,-16.4445,-19.7334,-19.7334,-19.7867,0,0,0,5.1454,5.0630,6.0756,6.0756,6.0362,0,0,0
21.765465,1788533121.534667,0.4974,0.5925,0.5925,0.5925,0.7029,0,0,0,0.9057,1.0687,-2.3511,-2.3511,-2.6442,0,0,0,4.4217,4.4008,6.6012,6.6012,6.5493,0,0,0,25.2160,25.3246,-30.3895,-30.3895,-30.4677,0,0,0,-16.2914,-16.4372,-19.7246,-19.7246,-19.7911,0,0,0,5.1454,5.0670,6.0804,6.0804,6.0353,0,0,0
21.773069,1788533121.542273,0.4728,0.5871,0.5871,0.5871,0.6966,0,0,0,0.8646,1.0594,-2.3306,-2.3306,-2.6318,0,0,0,4.4259,4.4020,6.6029,6.6029,6.5520,0,0,0,25.3913,25.3276,-30.3932,-30.3932,-30.4649,0,0,0,-16.1035,-16.4219,-19.7063,-19.7063,-19.7931,0,0,0,5.3543,5.0801,6.0961,6.0961,6.0353,0,0,0
21.780804,1788533121.550974,0.4728,0.5811,0.5811,0.5811,0.6861,0,0,0,0.8646,1.0492,-2.3083,-2.3083,-2.6098,0,0,0,4.4259,4.4032,6.6048,6.6048,6.5566,0,0,0,25.3913,25.3309,-30.3971,-30.3971,-30.4597,0,0,0,-16.1035,-16.4054,-19.6865,-19.6865,-19.7943,0,0,0,5.3543,5.0943,6.1132,6.1132,6.0362,0,0,0
21.789415,1788533121.560024,0.4728,0.5753,0.5753,0.5753,0.6778,0,0,0,0.8646,1.0393,-2.2865,-2.2865,-2.5912,0,0,0,4.4259,4.4044,6.6066,6.6066,6.5602,0,0,0,25.3913,25.3342,-30.4010,-30.4010,-30.4552,0,0,0,-16.1035,-16.3892,-19.6670,-19.6670,-19.7934,0,0,0,5.3543,5.1083,6.1300,6.1300,6.0378,0,0,0
21.797429,1788533121.566576,0.4728,0.5712,0.5712,0.5712,0.6717,0,0,0,0.8646,1.0324,-2.2712,-2.2712,-2.5767,0,0,0,4.4259,4.4053,6.6079,6.6079,6.5630,0,0,0,25.3913,25.3365,-30.4037,-30.4037,-30.4518,0,0,0,-16.1035,-16.3779,-19.6534,-19.6534,-19.7917,0,0,0,5.3543,5.1180,6.1416,6.1416,6.0395,0,0,0
21.805046,1788533121.575160,0.4564,0.5654,0.5654,0.5654,0.6637,0,0,0,0.8746,1.0243,-2.2535,-2.2535,-2.5568,0,0,0,4.4378,4.4069,6.6104,6.6104,6.5666,0,0,0,25.4016,25.3398,-30.4077,-30.4077,-30.4473,0,0,0,-16.1718,-16.3673,-19.6408,-19.6408,-19.7881,0,0,0,5.2444,5.1245,6.1494,6.1494,6.0427,0,0,0
21.813415,1788533121.584520,0.4564,0.5593,0.5593,0.5593,0.6559,0,0,0,0.8746,1.0160,-2.2351,-2.2351,-2.5364,0,0,0,4.4378,4.4087,6.6130,6.6130,6.5701,0,0,0,25.4016,25.3432,-30.4119,-30.4119,-30.4431,0,0,0,-16.1718,-16.3564,-19.6277,-19.6277,-19.7830,0,0,0,5.2444,5.1312,6.1574,6.1574,6.0468,0,0,0
21.820983,1788533121.590152,0.4564,0.5558,0.5558,0.5558,0.6483,0,0,0,0.8746,1.0111,-2.2245,-2.2245,-2.5157,0,0,0,4.4378,4.4097,6.6145,6.6145,6.5735,0,0,0,25.4016,25.3452,-30.4143,-30.4143,-30.4391,0,0,0,-16.1718,-16.3501,-19.6202,-19.6202,-19.7767,0,0,0,5.2444,5.1351,6.1621,6.1621,6.0518,0,0,0
21.829334,1788533121.599494,0.4249,0.5485,0.5485,0.5485,0.6426,0,0,0,0.8077,0.9998,-2.1996,-2.1996,-2.5001,0,0,0,4.4716,4.4131,6.6196,6.6196,6.5760,0,0,0,25.4116,25.3489,-30.4187,-30.4187,-30.4363,0,0,0,-16.1318,-16.3380,-19.6056,-19.6056,-19.7712,0,0,0,5.2875,5.1435,6.1722,6.1722,6.0559,0,0,0
21.837819,1788533121.607313,0.4249,0.5427,0.5427,0.5427,0.6353,0,0,0,0.8077,0.9908,-2.1798,-2.1798,-2.4791,0,0,0,4.4716,4.4158,6.6237,6.6237,6.5793,0,0,0,25.4116,25.3518,-30.4222,-30.4222,-30.4330,0,0,0,-16.1318,-16.3283,-19.5940,-19.5940,-19.7631,0,0,0,5.2875,5.1503,6.1803,6.1803,6.0620,0,0,0
21.845455,1788533121.614953,0.4249,0.5373,0.5373,0.5373,0.6282,0,0,0,0.8077,0.9824,-2.1613,-2.1613,-2.4582,0,0,0,4.4716,4.4184,6.6276,6.6276,6.5825,0,0,0,25.4116,25.3546,-30.4255,-30.4255,-30.4301,0,0,0,-16.1318,-16.3193,-19.5832,-19.5832,-19.7542,0,0,0,5.2875,5.1566,6.1879,6.1879,6.0685,0,0,0
21.853302,1788533121.614953,0.4249,0.5319,0.5319,0.5319,0.6212,0,0,0,0.8077,0.9740,-2.1429,-2.1429,-2.4372,0,0,0,4.4716,4.4209,6.6314,6.6314,6.5857,0,0,0,25.4116,25.3573,-30.4288,-30.4288,-30.4276,0,0,0,-16.1318,-16.3103,-19.5724,-19.5724,-19.7446,0,0,0,5.2875,5.1628,6.1954,6.1954,6.0754,0,0,0
21.861307,1788533121.614953,0.4249,0.5268,0.5268,0.5268,0.6143,0,0,0,0.8077,0.9661,-2.1254,-2.1254,-2.4163,0,0,0,4.4716,4.4234,6.6350,6.6350,6.5888,0,0,0,25.4116,25.3599,-30.4319,-30.4319,-30.4256,0,0,0,-16.1318,-16.3018,-19.5621,-19.5621,-19.7345,0,0,0,5.2875,5.1688,6.2026,6.2026,6.0827,0,0,0
21.869376,1788533121.639494,0.4249,0.5132,0.5132,0.5132,0.6076,0,0,0,0.8077,0.9449,-2.0787,-2.0787,-2.3954,0,0,0,4.4716,4.4298,6.6447,6.6447,6.5920,0,0,0,25.4116,25.3668,-30.4402,-30.4402,-30.4241,0,0,0,-16.1318,-16.2790,-19.5349,-19.5349,-19.7238,0,0,0,5.2875,5.1847,6.2216,6.2216,6.0903,0,0,0
21.877401,1788533121.639494,0.4249,0.5089,0.5089,0.5089,0.6026,0,0,0,0.8077,0.9383,-2.0643,-2.0643,-2.3798,0,0,0,4.4716,4.4318,6.6477,6.6477,6.5944,0,0,0,25.4116,25.3690,-30.4427,-30.4427,-30.4232,0,0,0,-16.1318,-16.2720,-19.5264,-19.5264,-19.7156,0,0,0,5.2875,5.1896,6.2275,6.2275,6.0961,0,0,0
21.885498,1788533121.654108,0.4097,0.5006,0.5006,0.5006,0.5961,0,0,0,0.7066,0.9188,-2.0213,-2.0213,-2.3590,0,0,0,4.5200,4.4392,6.6588,6.6588,6.5976,0,0,0,25.2455,25.3586,-30.4303,-30.4303,-30.4224,0,0,0,-16.3204,-16.2761,-19.5313,-19.5313,-19.7044,0,0,0,4.9855,5.1724,6.2069,6.2069,6.1040,0,0,0
21.893500,1788533121.662627,0.4097,0.4960,0.4960,0.4960,0.5896,0,0,0,0.7066,0.9080,-1.9976,-1.9976,-2.3380,0,0,0,4.5200,4.4433,6.6650,6.6650,6.6008,0,0,0,25.2455,25.3528,-30.4234,-30.4234,-30.4220,0,0,0,-16.3204,-16.2783,-19.5340,-19.5340,-19.6927,0,0,0,4.9855,5.1629,6.1955,6.1955,6.1122,0,0,0
21.901674,1788533121.671212,0.4097,0.4915,0.4915,0.4915,0.5831,0,0,0,0.7066,0.8977,-1.9749,-1.9749,-2.3168,0,0,0,4.5200,4.4473,6.6709,6.6709,6.6043,0,0,0,25.2455,25.3473,-30.4168,-30.4168,-30.4221,0,0,0,-16.3204,-16.2805,-19.5366,-19.5366,-19.6807,0,0,0,4.9855,5.1538,6.1846,6.1846,6.1206,0,0,0
21.909448,1788533121.671212,0.4097,0.4876,0.4876,0.4876,0.5766,0,0,0,0.7066,0.8885,-1.9547,-1.9547,-2.2950,0,0,0,4.5200,4.4507,6.6761,6.6761,6.6079,0,0,0,25.2455,25.3425,-30.4110,-30.4110,-30.4223,0,0,0,-16.3204,-16.2824,-19.5389,-19.5389,-19.6687,0,0,0,4.9855,5.1458,6.1749,6.1749,6.1286,0,0,0
21.917917,1788533121.671212,0.4097,0.4839,0.4839,0.4839,0.5717,0,0,0,0.7066,0.8798,-1.9355,-1.9355,-2.2785,0,0,0,4.5200,4.4541,6.6811,6.6811,6.6107,0,0,0,25.2455,25.3378,-30.4054,-30.4054,-30.4225,0,0,0,-16.3204,-16.2842,-19.5411,-19.5411,-19.6599,0,0,0,4.9855,5.1381,6.1657,6.1657,6.1343,0,0,0
21.924963,1788533121.696078,0.4383,0.4777,0.4777,0.4777,0.5652,0,0,0,0.7784,0.8661,-1.9053,-1.9053,-2.2560,0,0,0,4.5426,4.4660,6.6990,6.6990,6.6147,0,0,0,25.2545,25.3266,-30.3919,-30.3919,-30.4226,0,0,0,-16.1854,-16.2708,-19.5250,-19.5250,-19.6485,0,0,0,4.9635,5.1145,6.1374,6.1374,6.1412,0,0,0
21.933492,1788533121.703682,0.4385,0.4759,0.4759,0.4759,0.5588,0,0,0,0.8007,0.8631,-1.8988,-1.8988,-2.2331,0,0,0,4.5426,4.4695,6.7043,6.7043,6.6189,0,0,0,25.2580,25.3234,-30.3881,-30.3881,-30.4224,0,0,0,-16.1509,-16.2654,-19.5184,-19.5184,-19.6377,0,0,0,4.9863,5.1087,6.1304,6.1304,6.1471,0,0,0
21.941579,1788533121.703682,0.4385,0.4741,0.4741,0.4741,0.5524,0,0,0,0.8007,0.8601,-1.8922,-1.8922,-2.2097,0,0,0,4.5426,4.4730,6.7095,6.7095,6.6235,0,0,0,25.2580,25.3203,-30.3844,-30.3844,-30.4218,0,0,0,-16.1509,-16.2599,-19.5119,-19.5119,-19.6273,0,0,0,4.9863,5.1028,6.1234,6.1234,6.1517,0,0,0
21.949999,1788533121.719116,0.4385,0.4710,0.4710,0.4710,0.5461,0,0,0,0.8007,0.8548,-1.8806,-1.8806,-2.1859,0,0,0,4.5426,4.4792,6.7188,6.7188,6.6285,0,0,0,25.2580,25.3148,-30.3777,-30.3777,-30.4208,0,0,0,-16.1509,-16.2502,-19.5003,-19.5003,-19.6174,0,0,0,4.9863,5.0925,6.1110,6.1110,6.1549,0,0,0
21.958065,1788533121.727117,0.4593,0.4704,0.4704,0.4704,0.5399,0,0,0,0.7091,0.8478,-1.8653,-1.8653,-2.1623,0,0,0,4.5370,4.4819,6.7229,6.7229,6.6337,0,0,0,25.2450,25.3114,-30.3737,-30.3737,-30.4193,0,0,0,-16.1613,-16.2460,-19.4952,-19.4952,-19.6078,0,0,0,4.9192,5.0842,6.1010,6.1010,6.1570,0,0,0
21.965580,1788533121.735203,0.4598,0.4699,0.4699,0.4699,0.5339,0,0,0,0.6885,0.8401,-1.8483,-1.8483,-2.1389,0,0,0,4.5370,4.4846,6.7269,6.7269,6.6393,0,0,0,25.2431,25.3081,-30.3698,-30.3698,-30.4175,0,0,0,-16.1613,-16.2419,-19.4903,-19.4903,-19.5985,0,0,0,4.9192,5.0762,6.0915,6.0915,6.1578,0,0,0
21.973586,1788533121.743711,0.4586,0.4693,0.4693,0.4693,0.5280,0,0,0,0.6885,0.8324,-1.8313,-1.8313,-2.1160,0,0,0,4.5460,4.4877,6.7316,6.7316,6.6451,0,0,0,25.2431,25.3048,-30.3658,-30.3658,-30.4154,0,0,0,-16.1224,-16.2358,-19.4830,-19.4830,-19.5895,0,0,0,4.9259,5.0686,6.0823,6.0823,6.1575,0,0,0
21.981589,1788533121.751709,0.4598,0.4689,0.4689,0.4689,0.5225,0,0,0,0.7432,0.8281,-1.8219,-1.8219,-2.0935,0,0,0,4.5460,4.4905,6.7358,6.7358,6.6510,0,0,0,25.2453,25.3020,-30.3624,-30.3624,-30.4129,0,0,0,-16.1224,-16.2304,-19.4765,-19.4765,-19.5807,0,0,0,4.9667,5.0637,6.0765,6.0765,6.1562,0,0,0
21.989597,1788533121.758718,0.4818,0.4694,0.4694,0.4694,0.5172,0,0,0,0.8295,0.8282,-1.8220,-1.8220,-2.0714,0,0,0,4.5254,4.4920,6.7380,6.7380,6.6570,0,0,0,25.2515,25.2999,-30.3598,-30.3598,-30.4102,0,0,0,-16.1286,-16.2261,-19.4713,-19.4713,-19.5722,0,0,0,5.0376,5.0626,6.0751,6.0751,6.1539,0,0,0
21.997597,1788533121.758718,0.4818,0.4700,0.4700,0.4700,0.5135,0,0,0,0.8295,0.8283,-1.8222,-1.8222,-2.0552,0,0,0,4.5254,4.4936,6.7404,6.7404,6.6616,0,0,0,25.2515,25.2975,-30.3571,-30.3571,-30.4080,0,0,0,-16.1286,-16.2214,-19.4657,-19.4657,-19.5659,0,0,0,5.0376,5.0614,6.0737,6.0737,6.1516,0,0,0
22.005235,1788533121.758718,0.4818,0.4706,0.4706,0.4706,0.5088,0,0,0,0.8295,0.8283,-1.8223,-1.8223,-2.0341,0,0,0,4.5254,4.4951,6.7427,6.7427,6.6676,0,0,0,25.2515,25.2953,-30.3544,-30.3544,-30.4049,0,0,0,-16.1286,-16.2170,-19.4604,-19.4604,-19.5578,0,0,0,5.0376,5.0603,6.0723,6.0723,6.1480,0,0,0
22.013755,1788533121.784361,0.4818,0.4721,0.4721,0.4721,0.5044,0,0,0,0.8295,0.8285,-1.8227,-1.8227,-2.0140,0,0,0,4.5254,4.4993,6.7490,6.7490,6.6736,0,0,0,25.2515,25.2893,-30.3471,-30.3471,-30.4017,0,0,0,-16.1286,-16.2047,-19.4456,-19.4456,-19.5499,0,0,0,5.0376,5.0571,6.0686,6.0686,6.1439,0,0,0
22.021818,1788533121.791429,0.4818,0.4725,0.4725,0.4725,0.5004,0,0,0,0.8295,0.8285,-1.8228,-1.8228,-1.9949,0,0,0,4.5254,4.5004,6.7506,6.7506,6.6794,0,0,0,25.2515,25.2876,-30.3452,-30.3452,-30.3984,0,0,0,-16.1286,-16.2015,-19.4417,-19.4417,-19.5422,0,0,0,5.0376,5.0563,6.0676,6.0676,6.1395,0,0,0
22.029862,1788533121.799977,0.4818,0.4730,0.4730,0.4730,0.4968,0,0,0,0.8295,0.8286,-1.8229,-1.8229,-1.9770,0,0,0,4.5254,4.5017,6.7525,6.7525,6.6852,0,0,0,25.2515,25.2858,-30.3430,-30.3430,-30.3949,0,0,0,-16.1286,-16.1977,-19.4373,-19.4373,-19.5346,0,0,0,5.0376,5.0553,6.0664,6.0664,6.1348,0,0,0
22.038147,1788533121.806633,0.5021,0.4742,0.4742,0.4742,0.4943,0,0,0,0.9671,0.8341,-1.8351,-1.8351,-1.9644,0,0,0,4.4620,4.5001,6.7502,6.7502,6.6894,0,0,0,25.4203,25.2912,-30.3494,-30.3494,-30.3923,0,0,0,-15.9487,-16.1877,-19.4253,-19.4253,-19.5290,0,0,0,5.3333,5.0665,6.0798,6.0798,6.1312,0,0,0
22.046148,1788533121.806633,0.5021,0.4755,0.4755,0.4755,0.4913,0,0,0,0.9671,0.8405,-1.8491,-1.8491,-1.9486,0,0,0,4.4620,4.4983,6.7474,6.7474,6.6949,0,0,0,25.4203,25.2974,-30.3569,-30.3569,-30.3887,0,0,0,-15.9487,-16.1763,-19.4115,-19.4115,-19.5216,0,0,0,5.3333,5.0793,6.0951,6.0951,6.1263,0,0,0
22.053418,1788533121.824032,0.5327,0.4812,0.4812,0.4812,0.4886,0,0,0,0.9722,0.8535,-1.8777,-1.8777,-1.9341,0,0,0,4.4710,4.4956,6.7434,6.7434,6.7001,0,0,0,25.4382,25.3113,-30.3735,-30.3735,-30.3852,0,0,0,-15.9849,-16.1574,-19.3889,-19.3889,-19.5143,0,0,0,5.2376,5.0949,6.1139,6.1139,6.1215,0,0,0
22.061423,1788533121.831596,0.5327,0.4835,0.4835,0.4835,0.4863,0,0,0,0.9722,0.8589,-1.8896,-1.8896,-1.9210,0,0,0,4.4710,4.4945,6.7417,6.7417,6.7052,0,0,0,25.4382,25.3170,-30.3804,-30.3804,-30.3817,0,0,0,-15.9849,-16.1496,-19.3795,-19.3795,-19.5072,0,0,0,5.2376,5.1014,6.1216,6.1216,6.1169,0,0,0
22.070199,1788533121.831596,0.5327,0.4859,0.4859,0.4859,0.4843,0,0,0,0.9722,0.8643,-1.9015,-1.9015,-1.9096,0,0,0,4.4710,4.4934,6.7400,6.7400,6.7098,0,0,0,25.4382,25.3228,-30.3874,-30.3874,-30.3786,0,0,0,-15.9849,-16.1417,-19.3700,-19.3700,-19.4998,0,0,0,5.2376,5.1079,6.1295,6.1295,6.1130,0,0,0
22.077400,1788533121.847531,0.5327,0.4901,0.4901,0.4901,0.4827,0,0,0,0.9722,0.8741,-1.9231,-1.9231,-1.9001,0,0,0,4.4710,4.4913,6.7370,6.7370,6.7140,0,0,0,25.4382,25.3333,-30.4000,-30.4000,-30.3761,0,0,0,-15.9849,-16.1274,-19.3529,-19.3529,-19.4921,0,0,0,5.2376,5.1197,6.1436,6.1436,6.1100,0,0,0
22.085488,1788533121.855594,0.5327,0.4922,0.4922,0.4922,0.4817,0,0,0,0.9722,0.8789,-1.9335,-1.9335,-1.8943,0,0,0,4.4710,4.4903,6.7355,6.7355,6.7169,0,0,0,25.4382,25.3384,-30.4061,-30.4061,-30.3747,0,0,0,-15.9849,-16.1205,-19.3446,-19.3446,-19.4861,0,0,0,5.2376,5.1254,6.1504,6.1504,6.1083,0,0,0
22.093453,1788533121.855594,0.5327,0.4941,0.4941,0.4941,0.4808,0,0,0,0.9722,0.8833,-1.9433,-1.9433,-1.8882,0,0,0,4.4710,4.4894,6.7341,6.7341,6.7203,0,0,0,25.4382,25.3432,-30.4118,-30.4118,-30.3734,0,0,0,-15.9849,-16.1140,-19.3368,-19.3368,-19.4779,0,0,0,5.2376,5.1307,6.1569,6.1569,6.1068,0,0,0
22.101682,1788533121.872275,0.5582,0.5002,0.5002,0.5002,0.4802,0,0,0,0.9490,0.8896,-1.9570,-1.9570,-1.8840,0,0,0,4.4700,4.4876,6.7314,6.7314,6.7233,0,0,0,25.4352,25.3519,-30.4223,-30.4223,-30.3728,0,0,0,-15.9613,-16.0995,-19.3194,-19.3194,-19.4693,0,0,0,5.2397,5.1411,6.1693,6.1693,6.1063,0,0,0
22.109282,1788533121.872275,0.5582,0.5030,0.5030,0.5030,0.4799,0,0,0,0.9490,0.8924,-1.9633,-1.9633,-1.8814,0,0,0,4.4700,4.4867,6.7301,6.7301,6.7259,0,0,0,25.4352,25.3559,-30.4271,-30.4271,-30.3728,0,0,0,-15.9613,-16.0929,-19.3114,-19.3114,-19.4605,0,0,0,5.2397,5.1458,6.1750,6.1750,6.1066,0,0,0
22.117976,1788533121.886974,0.5582,0.5076,0.5076,0.5076,0.4799,0,0,0,0.9490,0.8972,-1.9738,-1.9738,-1.8805,0,0,0,4.4700,4.4853,6.7280,6.7280,6.7280,0,0,0,25.4352,25.3626,-30.4351,-30.4351,-30.3735,0,0,0,-15.9613,-16.0817,-19.2981,-19.2981,-19.4515,0,0,0,5.2397,5.1538,6.1845,6.1845,6.1076,0,0,0
22.125862,1788533121.886974,0.5582,0.5101,0.5101,0.5101,0.4803,0,0,0,0.9490,0.8997,-1.9793,-1.9793,-1.8811,0,0,0,4.4700,4.4846,6.7269,6.7269,6.7298,0,0,0,25.4352,25.3661,-30.4393,-30.4393,-30.3749,0,0,0,-15.9613,-16.0760,-19.2912,-19.2912,-19.4422,0,0,0,5.2397,5.1579,6.1894,6.1894,6.1095,0,0,0
22.133946,1788533121.904071,0.5592,0.5148,0.5148,0.5148,0.4808,0,0,0,0.9466,0.9042,-1.9893,-1.9893,-1.8824,0,0,0,4.4798,4.4841,6.7262,6.7262,6.7308,0,0,0,25.4390,25.3731,-30.4478,-30.4478,-30.3763,0,0,0,-15.9090,-16.0597,-19.2717,-19.2717,-19.4351,0,0,0,5.2208,5.1640,6.1968,6.1968,6.1114,0,0,0
22.141951,1788533121.912983,0.5592,0.5172,0.5172,0.5172,0.4817,0,0,0,0.9466,0.9065,-1.9942,-1.9942,-1.8852,0,0,0,4.4798,4.4839,6.7258,6.7258,6.7319,0,0,0,25.4390,25.3766,-30.4520,-30.4520,-30.3787,0,0,0,-15.9090,-16.0517,-19.2621,-19.2621,-19.4253,0,0,0,5.2208,5.1670,6.2004,6.2004,6.1146,0,0,0
22.149869,1788533121.912983,0.5592,0.5192,0.5192,0.5192,0.4830,0,0,0,0.9466,0.9084,-1.9985,-1.9985,-1.8891,0,0,0,4.4798,4.4837,6.7255,6.7255,6.7327,0,0,0,25.4390,25.3796,-30.4556,-30.4556,-30.3818,0,0,0,-15.9090,-16.0449,-19.2539,-19.2539,-19.4151,0,0,0,5.2208,5.1696,6.2035,6.2035,6.1184,0,0,0
22.158053,1788533121.927986,0.5477,0.5216,0.5216,0.5216,0.4845,0,0,0,0.9878,0.9152,-2.0135,-2.0135,-1.8939,0,0,0,4.5023,4.4853,6.7279,6.7279,6.7332,0,0,0,25.4883,25.3890,-30.4668,-30.4668,-30.3854,0,0,0,-15.8657,-16.0294,-19.2353,-19.2353,-19.4045,0,0,0,5.2281,5.1746,6.2095,6.2095,6.1228,0,0,0
22.165577,1788533121.935702,0.5477,0.5229,0.5229,0.5229,0.4864,0,0,0,0.9878,0.9186,-2.0209,-2.0209,-1.8996,0,0,0,4.5023,4.4861,6.7291,6.7291,6.7334,0,0,0,25.4883,25.3936,-30.4723,-30.4723,-30.3894,0,0,0,-15.8657,-16.0219,-19.2262,-19.2262,-19.3937,0,0,0,5.2281,5.1771,6.2125,6.2125,6.1277,0,0,0
22.174100,1788533121.944226,0.5477,0.5241,0.5241,0.5241,0.4884,0,0,0,0.9878,0.9221,-2.0286,-2.0286,-1.9059,0,0,0,4.5023,4.4869,6.7304,6.7304,6.7335,0,0,0,25.4883,25.3984,-30.4781,-30.4781,-30.3938,0,0,0,-15.8657,-16.0139,-19.2167,-19.2167,-19.3825,0,0,0,5.2281,5.1797,6.2156,6.2156,6.1329,0,0,0
22.181756,1788533121.944226,0.5477,0.5252,0.5252,0.5252,0.4906,0,0,0,0.9878,0.9253,-2.0356,-2.0356,-1.9128,0,0,0,4.5023,4.4876,6.7315,6.7315,6.7335,0,0,0,25.4883,25.4027,-30.4833,-30.4833,-30.3986,0,0,0,-15.8657,-16.0068,-19.2082,-19.2082,-19.3711,0,0,0,5.2281,5.1820,6.2184,6.2184,6.1383,0,0,0
22.189770,1788533121.960960,0.5477,0.5274,0.5274,0.5274,0.4929,0,0,0,0.9878,0.9312,-2.0487,-2.0487,-1.9201,0,0,0,4.5023,4.4890,6.7336,6.7336,6.7334,0,0,0,25.4883,25.4109,-30.4930,-30.4930,-30.4037,0,0,0,-15.8657,-15.9934,-19.1920,-19.1920,-19.3596,0,0,0,5.2281,5.1864,6.2237,6.2237,6.1438,0,0,0
22.198111,1788533121.960960,0.5477,0.5284,0.5284,0.5284,0.4952,0,0,0,0.9878,0.9339,-2.0546,-2.0546,-1.9279,0,0,0,4.5023,4.4897,6.7345,6.7345,6.7333,0,0,0,25.4883,25.4146,-30.4975,-30.4975,-30.4091,0,0,0,-15.8657,-15.9872,-19.1847,-19.1847,-19.3479,0,0,0,5.2281,5.1884,6.2261,6.2261,6.1495,0,0,0
22.206268,1788533121.975479,0.5398,0.5293,0.5293,0.5293,0.4970,0,0,0,0.9169,0.9325,-2.0515,-2.0515,-1.9338,0,0,0,4.5100,4.4914,6.7371,6.7371,6.7332,0,0,0,25.5025,25.4219,-30.5063,-30.5063,-30.4132,0,0,0,-15.7309,-15.9658,-19.1589,-19.1589,-19.3393,0,0,0,5.3388,5.2010,6.2412,6.2412,6.1537,0,0,0
22.213564,1788533121.983662,0.5398,0.5298,0.5298,0.5298,0.4993,0,0,0,0.9169,0.9317,-2.0498,-2.0498,-1.9419,0,0,0,4.5100,4.4923,6.7384,6.7384,6.7331,0,0,0,25.5025,25.4259,-30.5110,-30.5110,-30.4188,0,0,0,-15.7309,-15.9543,-19.1451,-19.1451,-19.3277,0,0,0,5.3388,5.2077,6.2493,6.2493,6.1593,0,0,0
22.222132,1788533121.992346,0.5398,0.5303,0.5303,0.5303,0.5017,0,0,0,0.9169,0.9310,-2.0481,-2.0481,-1.9502,0,0,0,4.5100,4.4932,6.7398,6.7398,6.7331,0,0,0,25.5025,25.4298,-30.5158,-30.5158,-30.4246,0,0,0,-15.7309,-15.9427,-19.1312,-19.1312,-19.3160,0,0,0,5.3388,5.2145,6.2574,6.2574,6.1650,0,0,0
22.230232,1788533122.001336,0.5398,0.5308,0.5308,0.5308,0.5040,0,0,0,0.9169,0.9302,-2.0465,-2.0465,-1.9584,0,0,0,4.5100,4.4941,6.7411,6.7411,6.7332,0,0,0,25.5025,25.4337,-30.5205,-30.5205,-30.4306,0,0,0,-15.7309,-15.9314,-19.1176,-19.1176,-19.3040,0,0,0,5.3388,5.2212,6.2654,6.2654,6.1708,0,0,0
22.237895,1788533122.008016,0.5415,0.5313,0.5313,0.5313,0.5057,0,0,0,0.9272,0.9301,-2.0462,-2.0462,-1.9644,0,0,0,4.5394,4.4959,6.7439,6.7439,6.7333,0,0,0,25.5003,25.4364,-30.5237,-30.5237,-30.4352,0,0,0,-15.6220,-15.9189,-19.1026,-19.1026,-19.2948,0,0,0,5.3856,5.2278,6.2733,6.2733,6.1753,0,0,0
22.245901,1788533122.016009,0.5415,0.5318,0.5318,0.5318,0.5080,0,0,0,0.9272,0.9300,-2.0459,-2.0459,-1.9722,0,0,0,4.5394,4.4980,6.7470,6.7470,6.7335,0,0,0,25.5003,25.4395,-30.5274,-30.5274,-30.4415,0,0,0,-15.6220,-15.9046,-19.0856,-19.0856,-19.2824,0,0,0,5.3856,5.2353,6.2824,6.2824,6.1814,0,0,0
22.253236,1788533122.016009,0.5415,0.5322,0.5322,0.5322,0.5101,0,0,0,0.9272,0.9298,-2.0456,-2.0456,-1.9796,0,0,0,4.5394,4.5000,6.7500,6.7500,6.7338,0,0,0,25.5003,25.4424,-30.5309,-30.5309,-30.4477,0,0,0,-15.6220,-15.8911,-19.0693,-19.0693,-19.2697,0,0,0,5.3856,5.2425,6.2910,6.2910,6.1876,0,0,0
22.261747,1788533122.016009,0.5415,0.5327,0.5327,0.5327,0.5121,0,0,0,0.9272,0.9297,-2.0453,-2.0453,-1.9865,0,0,0,4.5394,4.5019,6.7528,6.7528,6.7343,0,0,0,25.5003,25.4452,-30.5342,-30.5342,-30.4539,0,0,0,-15.6220,-15.8782,-19.0538,-19.0538,-19.2568,0,0,0,5.3856,5.2494,6.2993,6.2993,6.1941,0,0,0
22.270429,1788533122.016009,0.5415,0.5331,0.5331,0.5331,0.5141,0,0,0,0.9272,0.9296,-2.0451,-2.0451,-1.9929,0,0,0,4.5394,4.5037,6.7555,6.7555,6.7348,0,0,0,25.5003,25.4478,-30.5374,-30.5374,-30.4601,0,0,0,-15.6220,-15.8659,-19.0391,-19.0391,-19.2437,0,0,0,5.3856,5.2559,6.3071,6.3071,6.2007,0,0,0
22.278347,1788533122.048331,0.5415,0.5345,0.5345,0.5345,0.5155,0,0,0,0.9272,0.9292,-2.0442,-2.0442,-1.9974,0,0,0,4.5394,4.5097,6.7646,6.7646,6.7354,0,0,0,25.5003,25.4567,-30.5480,-30.5480,-30.4646,0,0,0,-15.6220,-15.8246,-18.9896,-18.9896,-19.2337,0,0,0,5.3856,5.2778,6.3334,6.3334,6.2057,0,0,0
22.286355,1788533122.048331,0.5415,0.5348,0.5348,0.5348,0.5172,0,0,0,0.9272,0.9291,-2.0440,-2.0440,-2.0030,0,0,0,4.5394,4.5111,6.7667,6.7667,6.7362,0,0,0,25.5003,25.4588,-30.5505,-30.5505,-30.4706,0,0,0,-15.6220,-15.8149,-18.9779,-18.9779,-19.2202,0,0,0,5.3856,5.2830,6.3396,6.3396,6.2126,0,0,0
22.294519,1788533122.048331,0.5415,0.5352,0.5352,0.5352,0.5189,0,0,0,0.9272,0.9290,-2.0438,-2.0438,-2.0081,0,0,0,4.5394,4.5125,6.7687,6.7687,6.7372,0,0,0,25.5003,25.4607,-30.5529,-30.5529,-30.4764,0,0,0,-15.6220,-15.8057,-18.9668,-18.9668,-19.2064,0,0,0,5.3856,5.2879,6.3455,6.3455,6.2197,0,0,0
22.302565,1788533122.048331,0.5415,0.5355,0.5355,0.5355,0.5204,0,0,0,0.9272,0.9289,-2.0436,-2.0436,-2.0127,0,0,0,4.5394,4.5138,6.7706,6.7706,6.7384,0,0,0,25.5003,25.4626,-30.5552,-30.5552,-30.4822,0,0,0,-15.6220,-15.7969,-18.9562,-18.9562,-19.1920,0,0,0,5.3856,5.2926,6.3511,6.3511,6.2271,0,0,0
22.309674,1788533122.079693,0.5415,0.5365,0.5365,0.5365,0.5219,0,0,0,0.9272,0.9286,-2.0430,-2.0430,-2.0169,0,0,0,4.5394,4.5180,6.7770,6.7770,6.7399,0,0,0,25.5003,25.4688,-30.5626,-30.5626,-30.4879,0,0,0,-15.6220,-15.7680,-18.9216,-18.9216,-19.1771,0,0,0,5.3856,5.3079,6.3695,6.3695,6.2348,0,0,0
22.317930,1788533122.088005,0.5415,0.5367,0.5367,0.5367,0.5233,0,0,0,0.9272,0.9286,-2.0428,-2.0428,-2.0206,0,0,0,4.5394,4.5190,6.7786,6.7786,6.7415,0,0,0,25.5003,25.4704,-30.5645,-30.5645,-30.4934,0,0,0,-15.6220,-15.7608,-18.9129,-18.9129,-19.1620,0,0,0,5.3856,5.3118,6.3741,6.3741,6.2426,0,0,0
22.325288,1788533122.095405,0.5415,0.5369,0.5369,0.5369,0.5245,0,0,0,0.9272,0.9285,-2.0427,-2.0427,-2.0239,0,0,0,4.5394,4.5200,6.7799,6.7799,6.7432,0,0,0,25.5003,25.4717,-30.5661,-30.5661,-30.4988,0,0,0,-15.6220,-15.7546,-18.9055,-18.9055,-19.1466,0,0,0,5.3856,5.3151,6.3781,6.3781,6.2507,0,0,0
22.334074,1788533122.105193,0.5415,0.5372,0.5372,0.5372,0.5258,0,0,0,0.9272,0.9284,-2.0425,-2.0425,-2.0268,0,0,0,4.5394,4.5211,6.7816,6.7816,6.7452,0,0,0,25.5003,25.4734,-30.5681,-30.5681,-30.5041,0,0,0,-15.6220,-15.7469,-18.8963,-18.8963,-19.1307,0,0,0,5.3856,5.3191,6.3830,6.3830,6.2590,0,0,0
22.342161,1788533122.113287,0.4869,0.5348,0.5348,0.5348,0.5266,0,0,0,0.8563,0.9249,-2.0348,-2.0348,-2.0288,0,0,0,4.5801,4.5239,6.7859,6.7859,6.7467,0,0,0,25.5837,25.4787,-30.5745,-30.5745,-30.5081,0,0,0,-15.4678,-15.7334,-18.8800,-18.8800,-19.1186,0,0,0,5.3215,5.3193,6.3831,6.3831,6.2653,0,0,0
22.350171,1788533122.120291,0.4869,0.5327,0.5327,0.5327,0.5279,0,0,0,0.8563,0.9220,-2.0285,-2.0285,-2.0316,0,0,0,4.5801,4.5263,6.7895,6.7895,6.7495,0,0,0,25.5837,25.4832,-30.5798,-30.5798,-30.5144,0,0,0,-15.4678,-15.7221,-18.8666,-18.8666,-19.0982,0,0,0,5.3215,5.3194,6.3832,6.3832,6.2760,0,0,0
22.358129,1788533122.128214,0.4869,0.5306,0.5306,0.5306,0.5287,0,0,0,0.8563,0.9189,-2.0216,-2.0216,-2.0330,0,0,0,4.5801,4.5289,6.7933,6.7933,6.7512,0,0,0,25.5837,25.4879,-30.5855,-30.5855,-30.5182,0,0,0,-15.4678,-15.7101,-18.8521,-18.8521,-19.0858,0,0,0,5.3215,5.3195,6.3833,6.3833,6.2825,0,0,0
22.366160,1788533122.137238,0.4869,0.5282,0.5282,0.5282,0.5295,0,0,0,0.8563,0.9156,-2.0142,-2.0142,-2.0344,0,0,0,4.5801,4.5316,6.7974,6.7974,6.7537,0,0,0,25.5837,25.4931,-30.5917,-30.5917,-30.5232,0,0,0,-15.4678,-15.6970,-18.8364,-18.8364,-19.0691,0,0,0,5.3215,5.3196,6.3835,6.3835,6.2909,0,0,0
22.374640,1788533122.137238,0.4869,0.5262,0.5262,0.5262,0.5302,0,0,0,0.8563,0.9127,-2.0080,-2.0080,-2.0353,0,0,0,4.5801,4.5339,6.8009,6.8009,6.7563,0,0,0,25.5837,25.4974,-30.5969,-30.5969,-30.5281,0,0,0,-15.4678,-15.6860,-18.8232,-18.8232,-19.0524,0,0,0,5.3215,5.3197,6.3836,6.3836,6.2991,0,0,0
22.381639,1788533122.152757,0.4795,0.5221,0.5221,0.5221,0.5307,0,0,0,0.9099,0.9125,-2.0074,-2.0074,-2.0357,0,0,0,4.5915,4.5390,6.8086,6.8086,6.7591,0,0,0,25.6508,25.5110,-30.6133,-30.6133,-30.5330,0,0,0,-15.7144,-15.6886,-18.8263,-18.8263,-19.0356,0,0,0,5.1569,5.3052,6.3662,6.3662,6.3070,0,0,0
22.390330,1788533122.152757,0.4795,0.5201,0.5201,0.5201,0.5310,0,0,0,0.9099,0.9123,-2.0072,-2.0072,-2.0356,0,0,0,4.5915,4.5416,6.8123,6.8123,6.7619,0,0,0,25.6508,25.5177,-30.6213,-30.6213,-30.5380,0,0,0,-15.7144,-15.6898,-18.8278,-18.8278,-19.0189,0,0,0,5.1569,5.2981,6.3577,6.3577,6.3145,0,0,0
22.397975,1788533122.152757,0.4795,0.5181,0.5181,0.5181,0.5312,0,0,0,0.9099,0.9122,-2.0069,-2.0069,-2.0350,0,0,0,4.5915,4.5439,6.8159,6.8159,6.7649,0,0,0,25.6508,25.5241,-30.6289,-30.6289,-30.5431,0,0,0,-15.7144,-15.6910,-18.8292,-18.8292,-19.0024,0,0,0,5.1569,5.2913,6.3496,6.3496,6.3214,0,0,0
22.406560,1788533122.177095,0.4548,0.5097,0.5097,0.5097,0.5311,0,0,0,0.9483,0.9170,-2.0174,-2.0174,-2.0343,0,0,0,4.6004,4.5514,6.8272,6.8272,6.7673,0,0,0,25.6709,25.5436,-30.6523,-30.6523,-30.5471,0,0,0,-15.6925,-15.6912,-18.8294,-18.8294,-18.9905,0,0,0,5.1467,5.2721,6.3266,6.3266,6.3260,0,0,0
22.414724,1788533122.185249,0.4497,0.5068,0.5068,0.5068,0.5309,0,0,0,0.9576,0.9190,-2.0218,-2.0218,-2.0332,0,0,0,4.6207,4.5548,6.8322,6.8322,6.7705,0,0,0,25.5940,25.5461,-30.6553,-30.6553,-30.5525,0,0,0,-15.8768,-15.7002,-18.8403,-18.8403,-18.9751,0,0,0,4.9001,5.2540,6.3048,6.3048,6.3313,0,0,0
22.422740,1788533122.191943,0.4497,0.5045,0.5045,0.5045,0.5304,0,0,0,0.9576,0.9206,-2.0252,-2.0252,-2.0319,0,0,0,4.6207,4.5575,6.8362,6.8362,6.7739,0,0,0,25.5940,25.5480,-30.6576,-30.6576,-30.5583,0,0,0,-15.8768,-15.7074,-18.8488,-18.8488,-18.9605,0,0,0,4.9001,5.2397,6.2877,6.2877,6.3356,0,0,0
22.430740,1788533122.200942,0.4497,0.5016,0.5016,0.5016,0.5297,0,0,0,0.9706,0.9232,-2.0311,-2.0311,-2.0307,0,0,0,4.6353,4.5616,6.8425,6.8425,6.7776,0,0,0,25.5875,25.5501,-30.6601,-30.6601,-30.5645,0,0,0,-15.9427,-15.7200,-18.8640,-18.8640,-18.9469,0,0,0,4.7112,5.2114,6.2537,6.2537,6.3387,0,0,0
22.438433,1788533122.207937,0.4497,0.4994,0.4994,0.4994,0.5286,0,0,0,0.9706,0.9252,-2.0355,-2.0355,-2.0296,0,0,0,4.6353,4.5647,6.8471,6.8471,6.7814,0,0,0,25.5875,25.5517,-30.6620,-30.6620,-30.5710,0,0,0,-15.9427,-15.7294,-18.8752,-18.8752,-18.9345,0,0,0,4.7112,5.1903,6.2284,6.2284,6.3403,0,0,0
22.446124,1788533122.207937,0.4497,0.4970,0.4970,0.4970,0.5274,0,0,0,0.9706,0.9274,-2.0403,-2.0403,-2.0287,0,0,0,4.6353,4.5681,6.8522,6.8522,6.7854,0,0,0,25.5875,25.5534,-30.6641,-30.6641,-30.5776,0,0,0,-15.9427,-15.7396,-18.8875,-18.8875,-18.9235,0,0,0,4.7112,5.1674,6.2009,6.2009,6.3404,0,0,0
22.454746,1788533122.224926,0.4268,0.4902,0.4902,0.4902,0.5260,0,0,0,0.9736,0.9319,-2.0501,-2.0501,-2.0281,0,0,0,4.6341,4.5745,6.8617,6.8617,6.7896,0,0,0,25.6069,25.5586,-30.6703,-30.6703,-30.5841,0,0,0,-15.8909,-15.7542,-18.9050,-18.9050,-18.9139,0,0,0,4.7710,5.1291,6.1549,6.1549,6.3387,0,0,0
22.462749,1788533122.232946,0.4268,0.4872,0.4872,0.4872,0.5248,0,0,0,0.9736,0.9339,-2.0545,-2.0545,-2.0279,0,0,0,4.6341,4.5774,6.8660,6.8660,6.7928,0,0,0,25.6069,25.5609,-30.6731,-30.6731,-30.5890,0,0,0,-15.8909,-15.7607,-18.9129,-18.9129,-18.9077,0,0,0,4.7710,5.1119,6.1343,6.1343,6.3363,0,0,0
22.470742,1788533122.239954,0.4268,0.4846,0.4846,0.4846,0.5230,0,0,0,0.9736,0.9355,-2.0582,-2.0582,-2.0278,0,0,0,4.6341,4.5797,6.8696,6.8696,6.7972,0,0,0,25.6069,25.5628,-30.6754,-30.6754,-30.5955,0,0,0,-15.8909,-15.7662,-18.9195,-18.9195,-18.9008,0,0,0,4.7710,5.0975,6.1170,6.1170,6.3314,0,0,0
22.478185,1788533122.239954,0.4268,0.4819,0.4819,0.4819,0.5211,0,0,0,0.9736,0.9374,-2.0622,-2.0622,-2.0282,0,0,0,4.6341,4.5823,6.8735,6.8735,6.8018,0,0,0,25.6069,25.5649,-30.6779,-30.6779,-30.6019,0,0,0,-15.8909,-15.7722,-18.9266,-18.9266,-18.8956,0,0,0,4.7710,5.0818,6.0982,6.0982,6.3244,0,0,0
22.485822,1788533122.257939,0.3937,0.4729,0.4729,0.4729,0.5190,0,0,0,1.0109,0.9448,-2.0786,-2.0786,-2.0290,0,0,0,4.6143,4.5856,6.8784,6.8784,6.8065,0,0,0,25.7190,25.5806,-30.6967,-30.6967,-30.6081,0,0,0,-15.9341,-15.7886,-18.9464,-18.9464,-18.8918,0,0,0,4.6472,5.0376,6.0451,6.0451,6.3156,0,0,0
22.494725,1788533122.264224,0.3937,0.4699,0.4699,0.4699,0.5173,0,0,0,1.0109,0.9473,-2.0841,-2.0841,-2.0298,0,0,0,4.6143,4.5867,6.8800,6.8800,6.8101,0,0,0,25.7190,25.5859,-30.7030,-30.7030,-30.6126,0,0,0,-15.9341,-15.7942,-18.9530,-18.9530,-18.8898,0,0,0,4.6472,5.0228,6.0273,6.0273,6.3079,0,0,0
22.502924,1788533122.271525,0.3944,0.4666,0.4666,0.4666,0.5143,0,0,0,1.0096,0.9501,-2.0901,-2.0901,-2.0316,0,0,0,4.6138,4.5879,6.8818,6.8818,6.8162,0,0,0,25.7545,25.5933,-30.7119,-30.7119,-30.6201,0,0,0,-15.9459,-15.8008,-18.9610,-18.9610,-18.8881,0,0,0,4.6472,5.0062,6.0075,6.0075,6.2931,0,0,0
22.510616,1788533122.281759,0.3944,0.4622,0.4622,0.4622,0.5123,0,0,0,1.0096,0.9537,-2.0981,-2.0981,-2.0331,0,0,0,4.6138,4.5894,6.8842,6.8842,6.8199,0,0,0,25.7545,25.6030,-30.7236,-30.7236,-30.6245,0,0,0,-15.9459,-15.8096,-18.9715,-18.9715,-18.8881,0,0,0,4.6472,4.9845,5.9814,5.9814,6.2829,0,0,0
22.518549,1788533122.288341,0.3962,0.4596,0.4596,0.4596,0.5096,0,0,0,0.9987,0.9555,-2.1020,-2.1020,-2.0354,0,0,0,4.6125,4.5904,6.8855,6.8855,6.8247,0,0,0,25.7579,25.6092,-30.7310,-30.7310,-30.6306,0,0,0,-15.9629,-15.8157,-18.9788,-18.9788,-18.8891,0,0,0,4.6532,4.9713,5.9656,5.9656,6.2681,0,0,0
22.526618,1788533122.296756,0.3962,0.4564,0.4564,0.4564,0.5067,0,0,0,0.9987,0.9576,-2.1068,-2.1068,-2.0383,0,0,0,4.6125,4.5915,6.8872,6.8872,6.8295,0,0,0,25.7579,25.6166,-30.7400,-30.7400,-30.6367,0,0,0,-15.9629,-15.8231,-18.9877,-18.9877,-18.8911,0,0,0,4.6532,4.9553,5.9463,5.9463,6.2519,0,0,0
22.534640,1788533122.305693,0.3847,0.4526,0.4526,0.4526,0.5037,0,0,0,1.0110,0.9605,-2.1130,-2.1130,-2.0415,0,0,0,4.6001,4.5919,6.8879,6.8879,6.8342,0,0,0,25.7710,25.6249,-30.7498,-30.7498,-30.6430,0,0,0,-15.9465,-15.8296,-18.9956,-18.9956,-18.8941,0,0,0,4.6771,4.9405,5.9285,5.9285,6.2345,0,0,0
22.542640,1788533122.313762,0.3796,0.4491,0.4491,0.4491,0.5005,0,0,0,1.0110,0.9629,-2.1184,-2.1184,-2.0451,0,0,0,4.6001,4.5923,6.8885,6.8885,6.8388,0,0,0,25.7892,25.6328,-30.7594,-30.7594,-30.6495,0,0,0,-15.9465,-15.8353,-19.0023,-19.0023,-18.8979,0,0,0,4.6771,4.9277,5.9133,5.9133,6.2163,0,0,0
22.550169,1788533122.320373,0.3796,0.4463,0.4463,0.4463,0.4973,0,0,0,1.0274,0.9655,-2.1240,-2.1240,-2.0489,0,0,0,4.5976,4.5925,6.8888,6.8888,6.8432,0,0,0,25.8149,25.6401,-30.7681,-30.7681,-30.6561,0,0,0,-16.0309,-15.8431,-19.0117,-19.0117,-18.9024,0,0,0,4.7073,4.9189,5.9027,5.9027,6.1973,0,0,0
22.558258,1788533122.329288,0.3796,0.4428,0.4428,0.4428,0.4948,0,0,0,1.0274,0.9688,-2.1313,-2.1313,-2.0520,0,0,0,4.5976,4.5928,6.8892,6.8892,6.8464,0,0,0,25.8149,25.6494,-30.7792,-30.7792,-30.6612,0,0,0,-16.0309,-15.8531,-19.0237,-19.0237,-18.9062,0,0,0,4.7073,4.9076,5.8892,5.8892,6.1828,0,0,0
22.566507,1788533122.329288,0.3796,0.4397,0.4397,0.4397,0.4915,0,0,0,1.0274,0.9716,-2.1375,-2.1375,-2.0563,0,0,0,4.5976,4.5930,6.8896,6.8896,6.8505,0,0,0,25.8149,25.6573,-30.7888,-30.7888,-30.6681,0,0,0,-16.0309,-15.8616,-19.0339,-19.0339,-18.9118,0,0,0,4.7073,4.8980,5.8776,5.8776,6.1630,0,0,0
22.575073,1788533122.345180,0.3796,0.4343,0.4343,0.4343,0.4880,0,0,0,1.0274,0.9766,-2.1486,-2.1486,-2.0610,0,0,0,4.5976,4.5934,6.8902,6.8902,6.8543,0,0,0,25.8149,25.6716,-30.8059,-30.8059,-30.6754,0,0,0,-16.0309,-15.8770,-19.0524,-19.0524,-18.9180,0,0,0,4.7073,4.8807,5.8568,5.8568,6.1429,0,0,0
22.582122,1788533122.345180,0.3796,0.4317,0.4317,0.4317,0.4845,0,0,0,1.0274,0.9791,-2.1540,-2.1540,-2.0659,0,0,0,4.5976,4.5936,6.8905,6.8905,6.8580,0,0,0,25.8149,25.6785,-30.8142,-30.8142,-30.6830,0,0,0,-16.0309,-15.8843,-19.0612,-19.0612,-18.9248,0,0,0,4.7073,4.8723,5.8468,5.8468,6.1226,0,0,0
22.591156,1788533122.361271,0.3796,0.4269,0.4269,0.4269,0.4809,0,0,0,1.0274,0.9835,-2.1637,-2.1637,-2.0711,0,0,0,4.5976,4.5940,6.8910,6.8910,6.8613,0,0,0,25.8149,25.6910,-30.8292,-30.8292,-30.6910,0,0,0,-16.0309,-15.8978,-19.0774,-19.0774,-18.9323,0,0,0,4.7073,4.8572,5.8286,5.8286,6.1022,0,0,0
22.599071,1788533122.368316,0.3796,0.4249,0.4249,0.4249,0.4782,0,0,0,1.0274,0.9854,-2.1678,-2.1678,-2.0752,0,0,0,4.5976,4.5942,6.8912,6.8912,6.8637,0,0,0,25.8149,25.6963,-30.8355,-30.8355,-30.6973,0,0,0,-16.0309,-15.9035,-19.0841,-19.0841,-18.9383,0,0,0,4.7073,4.8508,5.8209,5.8209,6.0869,0,0,0
22.607192,1788533122.376343,0.3194,0.4198,0.4198,0.4198,0.4736,0,0,0,1.0933,0.9906,-2.1792,-2.1792,-2.0824,0,0,0,4.6207,4.5954,6.8932,6.8932,6.8674,0,0,0,26.1009,25.7157,-30.8589,-30.8589,-30.7081,0,0,0,-15.9490,-15.9056,-19.0868,-19.0868,-18.9489,0,0,0,4.6383,4.8406,5.8087,5.8087,6.0616,0,0,0
22.613710,1788533122.385319,0.3194,0.4144,0.4144,0.4144,0.4698,0,0,0,1.0933,0.9960,-2.1913,-2.1913,-2.0883,0,0,0,4.6207,4.5968,6.8952,6.8952,6.8701,0,0,0,26.1009,25.7363,-30.8836,-30.8836,-30.7171,0,0,0,-15.9490,-15.9080,-19.0896,-19.0896,-18.9579,0,0,0,4.6383,4.8297,5.7957,5.7957,6.0417,0,0,0
22.622808,1788533122.385319,0.3194,0.4099,0.4099,0.4099,0.4661,0,0,0,1.0933,1.0007,-2.2015,-2.2015,-2.0945,0,0,0,4.6207,4.5979,6.8969,6.8969,6.8726,0,0,0,26.1009,25.7538,-30.9046,-30.9046,-30.7264,0,0,0,-15.9490,-15.9099,-19.0919,-19.0919,-18.9671,0,0,0,4.6383,4.8205,5.7847,5.7847,6.0222,0,0,0
22.631130,1788533122.400105,0.2841,0.3992,0.3992,0.3992,0.4633,0,0,0,1.1300,1.0117,-2.2257,-2.2257,-2.0993,0,0,0,4.6251,4.6002,6.9004,6.9004,6.8744,0,0,0,26.1309,25.7859,-30.9431,-30.9431,-30.7338,0,0,0,-16.1634,-15.9315,-19.1178,-19.1178,-18.9741,0,0,0,4.3532,4.7807,5.7369,5.7369,6.0079,0,0,0
22.638759,1788533122.408257,0.2841,0.3936,0.3936,0.3936,0.4594,0,0,0,1.1300,1.0175,-2.2384,-2.2384,-2.1060,0,0,0,4.6251,4.6015,6.9022,6.9022,6.8766,0,0,0,26.1309,25.8028,-30.9633,-30.9633,-30.7442,0,0,0,-16.1634,-15.9428,-19.1314,-19.1314,-18.9834,0,0,0,4.3532,4.7598,5.7118,5.7118,5.9890,0,0,0
22.646561,1788533122.416390,0.2841,0.3882,0.3882,0.3882,0.4554,0,0,0,1.1300,1.0229,-2.2505,-2.2505,-2.1130,0,0,0,4.6251,4.6026,6.9039,6.9039,6.8788,0,0,0,26.1309,25.8188,-30.9825,-30.9825,-30.7555,0,0,0,-16.1634,-15.9535,-19.1443,-19.1443,-18.9928,0,0,0,4.3532,4.7400,5.6880,5.6880,5.9704,0,0,0
22.654758,1788533122.424772,0.2841,0.3830,0.3830,0.3830,0.4513,0,0,0,1.1300,1.0283,-2.2623,-2.2623,-2.1206,0,0,0,4.6251,4.6037,6.9056,6.9056,6.8808,0,0,0,26.1309,25.8344,-31.0013,-31.0013,-30.7677,0,0,0,-16.1634,-15.9641,-19.1569,-19.1569,-19.0024,0,0,0,4.3532,4.7206,5.6647,5.6647,5.9515,0,0,0
22.662672,1788533122.432783,0.2930,0.3787,0.3787,0.3787,0.4470,0,0,0,1.0692,1.0303,-2.2666,-2.2666,-2.1287,0,0,0,4.6260,4.6048,6.9072,6.9072,6.8828,0,0,0,26.1855,25.8513,-31.0216,-31.0216,-30.7808,0,0,0,-16.1142,-15.9713,-19.1655,-19.1655,-19.0123,0,0,0,4.4764,4.7088,5.6506,5.6506,5.9324,0,0,0
22.670752,1788533122.432783,0.2930,0.3746,0.3746,0.3746,0.4426,0,0,0,1.0692,1.0321,-2.2707,-2.2707,-2.1373,0,0,0,4.6260,4.6058,6.9087,6.9087,6.8847,0,0,0,26.1855,25.8673,-31.0408,-31.0408,-30.7948,0,0,0,-16.1142,-15.9781,-19.1737,-19.1737,-19.0224,0,0,0,4.4764,4.6977,5.6372,5.6372,5.9130,0,0,0
22.678940,1788533122.447991,0.2930,0.3675,0.3675,0.3675,0.4393,0,0,0,1.0692,1.0354,-2.2778,-2.2778,-2.1439,0,0,0,4.6260,4.6076,6.9114,6.9114,6.8862,0,0,0,26.1855,25.8952,-31.0742,-31.0742,-30.8057,0,0,0,-16.1142,-15.9900,-19.1880,-19.1880,-19.0301,0,0,0,4.4764,4.6783,5.6140,5.6140,5.8983,0,0,0
22.686496,1788533122.457612,0.2930,0.3632,0.3632,0.3632,0.4347,0,0,0,1.0692,1.0373,-2.2820,-2.2820,-2.1530,0,0,0,4.6260,4.6086,6.9129,6.9129,6.8880,0,0,0,26.1855,25.9117,-31.0941,-31.0941,-30.8209,0,0,0,-16.1142,-15.9971,-19.1965,-19.1965,-19.0406,0,0,0,4.4764,4.6668,5.6001,5.6001,5.8786,0,0,0
22.695063,1788533122.465183,0.2930,0.3600,0.3600,0.3600,0.4300,0,0,0,1.0692,1.0387,-2.2852,-2.2852,-2.1621,0,0,0,4.6260,4.6094,6.9141,6.9141,6.8899,0,0,0,26.1855,25.9242,-31.1091,-31.1091,-30.8367,0,0,0,-16.1142,-16.0024,-19.2029,-19.2029,-19.0511,0,0,0,4.4764,4.6581,5.5897,5.5897,5.8589,0,0,0
22.703094,1788533122.465183,0.2930,0.3568,0.3568,0.3568,0.4253,0,0,0,1.0692,1.0402,-2.2884,-2.2884,-2.1713,0,0,0,4.6260,4.6102,6.9153,6.9153,6.8917,0,0,0,26.1855,25.9368,-31.1241,-31.1241,-30.8533,0,0,0,-16.1142,-16.0078,-19.2093,-19.2093,-19.0618,0,0,0,4.4764,4.6494,5.5793,5.5793,5.8392,0,0,0
22.710407,1788533122.481010,0.2930,0.3511,0.3511,0.3511,0.4205,0,0,0,1.0692,1.0428,-2.2942,-2.2942,-2.1804,0,0,0,4.6260,4.6116,6.9175,6.9175,6.8934,0,0,0,26.1855,25.9593,-31.1512,-31.1512,-30.8705,0,0,0,-16.1142,-16.0174,-19.2209,-19.2209,-19.0725,0,0,0,4.4764,4.6337,5.5604,5.5604,5.8196,0,0,0
22.719146,1788533122.481010,0.2930,0.3483,0.3483,0.3483,0.4156,0,0,0,1.0692,1.0441,-2.2970,-2.2970,-2.1894,0,0,0,4.6260,4.6123,6.9185,6.9185,6.8952,0,0,0,26.1855,25.9702,-31.1642,-31.1642,-30.8882,0,0,0,-16.1142,-16.0221,-19.2265,-19.2265,-19.0831,0,0,0,4.4764,4.6262,5.5514,5.5514,5.8002,0,0,0
22.727156,1788533122.497268,0.2930,0.3431,0.3431,0.3431,0.4108,0,0,0,1.0692,1.0464,-2.3021,-2.3021,-2.1982,0,0,0,4.6260,4.6136,6.9204,6.9204,6.8969,0,0,0,26.1855,25.9902,-31.1882,-31.1882,-30.9062,0,0,0,-16.1142,-16.0306,-19.2367,-19.2367,-19.0937,0,0,0,4.4764,4.6122,5.5347,5.5347,5.7812,0,0,0
22.735155,1788533122.505276,0.2930,0.3407,0.3407,0.3407,0.4072,0,0,0,1.0692,1.0475,-2.3045,-2.3045,-2.2046,0,0,0,4.6260,4.6142,6.9213,6.9213,6.8982,0,0,0,26.1855,25.9996,-31.1995,-31.1995,-30.9200,0,0,0,-16.1142,-16.0346,-19.2415,-19.2415,-19.1016,0,0,0,4.4764,4.6057,5.5269,5.5269,5.7670,0,0,0
22.742694,1788533122.512804,0.2930,0.3386,0.3386,0.3386,0.4024,0,0,0,1.0692,1.0485,-2.3067,-2.3067,-2.2129,0,0,0,4.6260,4.6147,6.9221,6.9221,6.8999,0,0,0,26.1855,26.0080,-31.2096,-31.2096,-30.9386,0,0,0,-16.1142,-16.0382,-19.2459,-19.2459,-19.1120,0,0,0,4.4764,4.5999,5.5198,5.5198,5.7485,0,0,0
22.755623,1788533122.512804,0.2930,0.3364,0.3364,0.3364,0.3941,0,0,0,1.0692,1.0495,-2.3089,-2.3089,-2.2268,0,0,0,4.6260,4.6153,6.9229,6.9229,6.9029,0,0,0,26.1855,26.0165,-31.2198,-31.2198,-30.9717,0,0,0,-16.1142,-16.0419,-19.2502,-19.2502,-19.1299,0,0,0,4.4764,4.5939,5.5127,5.5127,5.7170,0,0,0
22.763705,1788533122.527740,0.2593,0.3298,0.3298,0.3298,0.3906,0,0,0,1.1760,1.0603,-2.3328,-2.3328,-2.2325,0,0,0,4.7043,4.6229,6.9344,6.9344,6.9041,0,0,0,26.4796,26.0563,-31.2676,-31.2676,-30.9859,0,0,0,-15.7840,-16.0197,-19.2237,-19.2237,-19.1374,0,0,0,4.6352,4.5975,5.5170,5.5170,5.7039,0,0,0
22.771621,1788533122.536817,0.2604,0.3260,0.3260,0.3260,0.3860,0,0,0,1.1653,1.0660,-2.3452,-2.3452,-2.2398,0,0,0,4.6800,4.6260,6.9390,6.9390,6.9057,0,0,0,26.4766,26.0791,-31.2949,-31.2949,-31.0047,0,0,0,-15.7727,-16.0064,-19.2076,-19.2076,-19.1472,0,0,0,4.6405,4.5998,5.5198,5.5198,5.6870,0,0,0
22.779856,1788533122.544832,0.2604,0.3229,0.3229,0.3229,0.3815,0,0,0,1.1653,1.0708,-2.3557,-2.3557,-2.2468,0,0,0,4.6800,4.6286,6.9429,6.9429,6.9074,0,0,0,26.4766,26.0982,-31.3178,-31.3178,-31.0235,0,0,0,-15.7727,-15.9952,-19.1942,-19.1942,-19.1564,0,0,0,4.6405,4.6018,5.5221,5.5221,5.6707,0,0,0
22.787671,1788533122.553061,0.2570,0.3196,0.3196,0.3196,0.3770,0,0,0,1.1653,1.0754,-2.3659,-2.3659,-2.2539,0,0,0,4.6116,4.6277,6.9416,6.9416,6.9092,0,0,0,26.3888,26.1125,-31.3350,-31.3350,-31.0427,0,0,0,-15.7727,-15.9842,-19.1811,-19.1811,-19.1646,0,0,0,4.7025,4.6067,5.5281,5.5281,5.6554,0,0,0
22.795676,1788533122.561891,0.2570,0.3163,0.3163,0.3163,0.3726,0,0,0,1.1653,1.0802,-2.3763,-2.3763,-2.2612,0,0,0,4.6116,4.6269,6.9403,6.9403,6.9111,0,0,0,26.3888,26.1271,-31.3525,-31.3525,-31.0623,0,0,0,-15.7727,-15.9731,-19.1677,-19.1677,-19.1717,0,0,0,4.7025,4.6118,5.5341,5.5341,5.6410,0,0,0
22.803307,1788533122.568878,0.2570,0.3138,0.3138,0.3138,0.3683,0,0,0,1.1653,1.0837,-2.3842,-2.3842,-2.2685,0,0,0,4.6116,4.6262,6.9394,6.9394,6.9132,0,0,0,26.3888,26.1381,-31.3658,-31.3658,-31.0821,0,0,0,-15.7727,-15.9647,-19.1576,-19.1576,-19.1776,0,0,0,4.7025,4.6156,5.5387,5.5387,5.6278,0,0,0
22.811040,1788533122.577475,0.2570,0.3109,0.3109,0.3109,0.3641,0,0,0,1.1653,1.0879,-2.3934,-2.3934,-2.2759,0,0,0,4.6116,4.6255,6.9382,6.9382,6.9153,0,0,0,26.3888,26.1510,-31.3812,-31.3812,-31.1019,0,0,0,-15.7727,-15.9548,-19.1458,-19.1458,-19.1823,0,0,0,4.7025,4.6201,5.5441,5.5441,5.6156,0,0,0
22.819289,1788533122.585153,0.2570,0.3084,0.3084,0.3084,0.3600,0,0,0,1.1653,1.0915,-2.4013,-2.4013,-2.2835,0,0,0,4.6116,4.6249,6.9373,6.9373,6.9174,0,0,0,26.3888,26.1620,-31.3944,-31.3944,-31.1219,0,0,0,-15.7727,-15.9464,-19.1357,-19.1357,-19.1856,0,0,0,4.7025,4.6239,5.5486,5.5486,5.6048,0,0,0
22.827431,1788533122.592507,0.2570,0.3062,0.3062,0.3062,0.3569,0,0,0,1.1653,1.0947,-2.4084,-2.4084,-2.2893,0,0,0,4.6116,4.6243,6.9364,6.9364,6.9189,0,0,0,26.3888,26.1720,-31.4064,-31.4064,-31.1369,0,0,0,-15.7727,-15.9388,-19.1265,-19.1265,-19.1872,0,0,0,4.7025,4.6273,5.5528,5.5528,5.5975,0,0,0
22.835734,1788533122.601053,0.2449,0.3030,0.3030,0.3030,0.3529,0,0,0,1.1218,1.0961,-2.4115,-2.4115,-2.2972,0,0,0,4.6247,4.6243,6.9364,6.9364,6.9208,0,0,0,26.0602,26.1663,-31.3996,-31.3996,-31.1569,0,0,0,-15.7634,-15.9298,-19.1158,-19.1158,-19.1883,0,0,0,4.5885,4.6253,5.5504,5.5504,5.5888,0,0,0
22.843434,1788533122.608855,0.2449,0.3003,0.3003,0.3003,0.3490,0,0,0,1.1218,1.0973,-2.4141,-2.4141,-2.3052,0,0,0,4.6247,4.6243,6.9365,6.9365,6.9226,0,0,0,26.0602,26.1614,-31.3936,-31.3936,-31.1766,0,0,0,-15.7634,-15.9221,-19.1065,-19.1065,-19.1882,0,0,0,4.5885,4.6236,5.5483,5.5483,5.5813,0,0,0
22.851423,1788533122.617536,0.2449,0.2975,0.2975,0.2975,0.3452,0,0,0,1.1218,1.0986,-2.4169,-2.4169,-2.3131,0,0,0,4.6247,4.6243,6.9365,6.9365,6.9243,0,0,0,26.0602,26.1561,-31.3873,-31.3873,-31.1958,0,0,0,-15.7634,-15.9138,-19.0966,-19.0966,-19.1871,0,0,0,4.5885,4.6218,5.5462,5.5462,5.5749,0,0,0
22.859423,1788533122.625545,0.2449,0.2949,0.2949,0.2949,0.3424,0,0,0,1.1218,1.0997,-2.4194,-2.4194,-2.3191,0,0,0,4.6247,4.6243,6.9365,6.9365,6.9254,0,0,0,26.0602,26.1515,-31.3818,-31.3818,-31.2098,0,0,0,-15.7634,-15.9066,-19.0880,-19.0880,-19.1856,0,0,0,4.5885,4.6202,5.5442,5.5442,5.5708,0,0,0
22.867652,1788533122.633469,0.2449,0.2926,0.2926,0.2926,0.3388,0,0,0,1.1218,1.1008,-2.4217,-2.4217,-2.3270,0,0,0,4.6247,4.6244,6.9365,6.9365,6.9268,0,0,0,26.0602,26.1472,-31.3766,-31.3766,-31.2277,0,0,0,-15.7634,-15.8998,-19.0798,-19.0798,-19.1828,0,0,0,4.5885,4.6187,5.5424,5.5424,5.5660,0,0,0
22.875655,1788533122.640771,0.2449,0.2905,0.2905,0.2905,0.3352,0,0,0,1.1218,1.1017,-2.4237,-2.4237,-2.3347,0,0,0,4.6247,4.6244,6.9366,6.9366,6.9281,0,0,0,26.0602,26.1433,-31.3720,-31.3720,-31.2444,0,0,0,-15.7634,-15.8938,-19.0726,-19.0726,-19.1791,0,0,0,4.5885,4.6174,5.5409,5.5409,5.5619,0,0,0
22.883656,1788533122.640771,0.2449,0.2883,0.2883,0.2883,0.3317,0,0,0,1.1218,1.1026,-2.4258,-2.4258,-2.3422,0,0,0,4.6247,4.6244,6.9366,6.9366,6.9292,0,0,0,26.0602,26.1394,-31.3672,-31.3672,-31.2599,0,0,0,-15.7634,-15.8876,-19.0651,-19.0651,-19.1746,0,0,0,4.5885,4.6160,5.5392,5.5392,5.5583,0,0,0
22.891662,1788533122.657862,0.2449,0.2841,0.2841,0.2841,0.3283,0,0,0,1.1218,1.1045,-2.4299,-2.4299,-2.3494,0,0,0,4.6247,4.6244,6.9366,6.9366,6.9302,0,0,0,26.0602,26.1317,-31.3580,-31.3580,-31.2741,0,0,0,-15.7634,-15.8755,-19.0506,-19.0506,-19.1695,0,0,0,4.5885,4.6133,5.5360,5.5360,5.5553,0,0,0
22.899448,1788533122.665790,0.1469,0.2776,0.2776,0.2776,0.3250,0,0,0,1.3684,1.1170,-2.4575,-2.4575,-2.3564,0,0,0,4.3606,4.6119,6.9179,6.9179,6.9311,0,0,0,19.3595,25.8093,-30.9712,-30.9712,-31.2868,0,0,0,-10.7574,-15.6316,-18.7580,-18.7580,-19.1637,0,0,0,4.7561,4.6201,5.5441,5.5441,5.5527,0,0,0
22.907230,1788533122.673690,0.1469,0.2714,0.2714,0.2714,0.3218,0,0,0,1.3684,1.1289,-2.4836,-2.4836,-2.3631,0,0,0,4.3606,4.6000,6.9000,6.9000,6.9319,0,0,0,19.3595,25.5020,-30.6024,-30.6024,-31.2982,0,0,0,-10.7574,-15.3994,-18.4793,-18.4793,-19.1575,0,0,0,4.7561,4.6265,5.5518,5.5518,5.5504,0,0,0
22.915324,1788533122.673690,0.1469,0.2654,0.2654,0.2654,0.3194,0,0,0,1.3684,1.1404,-2.5089,-2.5089,-2.3679,0,0,0,4.3606,4.5886,6.8828,6.8828,6.9324,0,0,0,19.3595,25.2047,-30.2456,-30.2456,-31.3054,0,0,0,-10.7574,-15.1749,-18.2099,-18.2099,-19.1523,0,0,0,4.7561,4.6327,5.5593,5.5593,5.5489,0,0,0
22.924020,1788533122.688671,0.1469,0.2552,0.2552,0.2552,0.3162,0,0,0,1.3684,1.1600,-2.5521,-2.5521,-2.3743,0,0,0,4.3606,4.5689,6.8534,6.8534,6.9328,0,0,0,19.3595,24.6949,-29.6339,-29.6339,-31.3096,0,0,0,-10.7574,-14.7903,-17.7484,-17.7484,-19.1418,0,0,0,4.7561,4.6434,5.5720,5.5720,5.5471,0,0,0
22.931235,1788533122.697225,0.1469,0.2497,0.2497,0.2497,0.3130,0,0,0,1.3684,1.1707,-2.5755,-2.5755,-2.3809,0,0,0,4.3606,4.5583,6.8375,6.8375,6.9328,0,0,0,19.3595,24.4181,-29.3017,-29.3017,-31.3056,0,0,0,-10.7574,-14.5816,-17.4979,-17.4979,-19.1259,0,0,0,4.7561,4.6491,5.5789,5.5789,5.5458,0,0,0
22.938966,1788533122.697225,0.1469,0.2448,0.2448,0.2448,0.3096,0,0,0,1.3684,1.1802,-2.5963,-2.5963,-2.3885,0,0,0,4.3606,4.5488,6.8233,6.8233,6.9318,0,0,0,19.3595,24.1711,-29.0054,-29.0054,-31.2808,0,0,0,-10.7574,-14.3956,-17.2747,-17.2747,-19.0950,0,0,0,4.7561,4.6542,5.5851,5.5851,5.5450,0,0,0
22.947490,1788533122.712602,0.1469,0.2361,0.2361,0.2361,0.3060,0,0,0,1.3684,1.1968,-2.6329,-2.6329,-2.3976,0,0,0,4.3606,4.5322,6.7984,6.7984,6.9294,0,0,0,19.3595,23.7385,-28.4862,-28.4862,-31.2285,0,0,0,-10.7574,-14.0696,-16.8836,-16.8836,-19.0443,0,0,0,4.7561,4.6632,5.5958,5.5958,5.5449,0,0,0
22.955195,1788533122.720779,0.1469,0.2318,0.2318,0.2318,0.3021,0,0,0,1.3684,1.2052,-2.6513,-2.6513,-2.4081,0,0,0,4.3606,4.5238,6.7858,6.7858,6.9258,0,0,0,19.3595,23.5195,-28.2234,-28.2234,-31.1500,0,0,0,-10.7574,-13.9047,-16.6857,-16.6857,-18.9746,0,0,0,4.7561,4.6677,5.6013,5.6013,5.5455,0,0,0
22.963493,1788533122.729405,0.1469,0.2274,0.2274,0.2274,0.2979,0,0,0,1.3684,1.2136,-2.6698,-2.6698,-2.4200,0,0,0,4.3606,4.5154,6.7732,6.7732,6.9208,0,0,0,19.3595,23.3003,-27.9604,-27.9604,-31.0449,0,0,0,-10.7574,-13.7396,-16.4876,-16.4876,-18.8857,0,0,0,4.7561,4.6723,5.6067,5.6067,5.5469,0,0,0
22.972168,1788533122.736691,-0.1077,0.2127,0.2127,0.2127,0.2935,0,0,0,1.0531,1.2065,-2.6544,-2.6544,-2.4333,0,0,0,5.0360,4.5382,6.8074,6.8074,6.9147,0,0,0,9.6422,22.6822,-27.2187,-27.2404,-30.9148,1,0,0,-7.6515,-13.4668,-16.1602,-16.1602,-18.7788,0,0,0,0.8367,4.5039,5.4047,5.4047,5.5488,0,0,0
22.980180,1788533122.744286,-0.1077,0.1981,0.1981,0.1981,0.2901,0,0,0,1.0531,1.1995,-2.6390,-2.6390,-2.4440,0,0,0,5.0360,4.5609,6.8414,6.8414,6.9094,0,0,0,9.6422,22.0639,-26.4767,-26.5204,-30.8026,1,0,0,-7.6515,-13.1949,-15.8339,-15.8339,-18.6882,0,0,0,0.8367,4.3360,5.2033,5.2033,5.5506,0,0,0
22.988180,1788533122.754382,-0.0363,0.1841,0.1841,0.1841,0.2854,0,0,0,1.0394,1.1900,-2.6179,-2.6179,-2.4588,0,0,0,5.1495,4.5960,6.8941,6.8941,6.9018,0,0,0,7.9469,21.1817,-25.4180,-25.8004,-30.6321,1,0,0,-7.1322,-12.8229,-15.3874,-15.3874,-18.5542,0,0,0,-0.1404,4.0669,4.8803,4.8803,5.5517,0,0,0
22.996180,1788533122.761302,-0.0363,0.1749,0.1749,0.1749,0.2803,0,0,0,1.0394,1.1837,-2.6041,-2.6041,-2.4737,0,0,0,5.1495,4.6191,6.9287,6.9287,6.8946,0,0,0,7.9469,20.5994,-24.7193,-25.0804,-30.4337,1,0,0,-7.1322,-12.5782,-15.0938,-15.0938,-18.4049,0,0,0,-0.1404,3.8898,4.6678,4.6678,5.5483,0,0,0
23.003691,1788533122.770301,0.0288,0.1671,0.1671,0.1671,0.2761,0,0,0,1.0257,1.1752,-2.5855,-2.5855,-2.4846,0,0,0,5.3941,4.6606,6.9910,6.9910,6.8898,0,0,0,6.6668,19.8077,-23.7693,-24.3604,-30.2645,1,0,0,-7.0179,-12.2705,-14.7246,-14.7246,-18.2824,0,0,0,-0.9169,3.6292,4.3550,4.3550,5.5406,0,0,0
23.012048,1788533122.777906,0.0288,0.1608,0.1608,0.1608,0.2703,0,0,0,1.0257,1.1684,-2.5705,-2.5705,-2.4982,0,0,0,5.3941,4.6941,7.0412,7.0412,6.8849,0,0,0,6.6668,19.1674,-23.0009,-23.6404,-30.0108,1,0,0,-7.0179,-12.0223,-14.4268,-14.4268,-18.1050,0,0,0,-0.9169,3.4186,4.1023,4.1023,5.5214,0,0,0
23.020391,1788533122.785270,0.0288,0.1549,0.1549,0.1549,0.2640,0,0,0,1.0257,1.1621,-2.5566,-2.5566,-2.5107,0,0,0,5.3941,4.7252,7.0877,7.0877,6.8818,0,0,0,6.6668,18.5734,-22.2881,-22.9204,-29.7273,1,0,0,-7.0179,-11.7925,-14.1511,-14.1511,-17.9141,0,0,0,-0.9169,3.2233,3.8680,3.8680,5.4917,0,0,0
23.027964,1788533122.792508,0.0288,0.1494,0.1494,0.1494,0.2575,0,0,0,1.0257,1.1562,-2.5436,-2.5436,-2.5220,0,0,0,5.3941,4.7543,7.1315,7.1315,6.8808,0,0,0,6.6668,18.0143,-21.6172,-22.2004,-29.4172,1,0,0,-7.0179,-11.5766,-13.8919,-13.8919,-17.7123,0,0,0,-0.9169,3.0396,3.6475,3.6475,5.4511,0,0,0
23.035898,1788533122.801297,0.0288,0.1431,0.1431,0.1431,0.2507,0,0,0,1.0257,1.1493,-2.5285,-2.5285,-2.5316,0,0,0,5.3941,4.7879,7.1818,7.1818,6.8829,0,0,0,6.6668,17.3716,-20.8459,-21.4804,-29.0722,1,0,0,-7.0179,-11.3283,-13.5940,-13.5940,-17.4967,0,0,0,-0.9169,2.8280,3.3936,3.3936,5.3954,0,0,0
23.043982,1788533122.801297,0.0288,0.1376,0.1376,0.1376,0.2455,0,0,0,1.0257,1.1434,-2.5155,-2.5155,-2.5377,0,0,0,5.3941,4.8170,7.2255,7.2255,6.8866,0,0,0,6.6668,16.8151,-20.1781,-20.7604,-28.7906,1,0,0,-7.0179,-11.1134,-13.3361,-13.3361,-17.3268,0,0,0,-0.9169,2.6446,3.1735,3.1735,5.3436,0,0,0
23.052087,1788533122.818117,0.1421,0.1380,0.1380,0.1380,0.2384,0,0,0,1.1027,1.1395,-2.5070,-2.5070,-2.5443,0,0,0,5.4483,4.8775,7.3163,7.3163,6.8945,0,0,0,4.4862,15.5408,-18.6489,-20.0404,-28.3857,1,0,0,-6.8105,-10.6863,-12.8236,-12.8561,-17.0910,1,0,0,-1.2749,2.2615,2.7138,2.7138,5.2614,0,0,0
23.060092,1788533122.818117,0.1421,0.1382,0.1382,0.1382,0.2312,0,0,0,1.1027,1.1378,-2.5031,-2.5031,-2.5492,0,0,0,5.4483,4.9049,7.3574,7.3574,6.9056,0,0,0,4.4862,14.9643,-17.9571,-19.3204,-27.9491,1,0,0,-6.8105,-10.4931,-12.5918,-12.5918,-16.8459,0,0,0,-1.2749,2.0880,2.5056,2.5056,5.1648,0,0,0
23.067981,1788533122.834225,0.1421,0.1386,0.1386,0.1386,0.2239,0,0,0,1.1027,1.1345,-2.4960,-2.4960,-2.5524,0,0,0,5.4483,4.9550,7.4325,7.4325,6.9199,0,0,0,4.4862,13.9205,-16.7045,-18.6004,-27.4828,1,0,0,-6.8105,-10.1418,-12.1701,-12.1701,-16.5927,0,0,0,-1.2749,1.7715,2.1258,2.1258,5.0540,0,0,0
23.076077,1788533122.841425,0.1421,0.1387,0.1387,0.1387,0.2203,0,0,0,1.1027,1.1332,-2.4930,-2.4930,-2.5535,0,0,0,5.4483,4.9765,7.4647,7.4647,6.9285,0,0,0,4.4862,13.4748,-16.1697,-17.8804,-27.2392,1,0,0,-6.8105,-9.9917,-11.9900,-11.9900,-16.4627,0,0,0,-1.2749,1.6362,1.9635,1.9635,4.9928,0,0,0
23.083884,1788533122.849977,0.1421,0.1389,0.1389,0.1389,0.2115,0,0,0,1.1027,1.1316,-2.4895,-2.4895,-2.5546,0,0,0,5.4483,5.0006,7.5009,7.5009,6.9537,0,0,0,4.4862,12.9741,-15.5689,-17.1604,-26.6008,1,0,0,-6.8105,-9.8229,-11.7875,-11.7875,-16.1281,0,0,0,-1.2749,1.4838,1.7806,1.7806,4.8226,0,0,0
23.091890,1788533122.849977,0.1421,0.1391,0.1391,0.1391,0.2047,0,0,0,1.1027,1.1302,-2.4865,-2.4865,-2.5542,0,0,0,5.4483,5.0221,7.5332,7.5332,6.9781,0,0,0,4.4862,12.5297,-15.0356,-16.4404,-26.0545,1,0,0,-6.8105,-9.6728,-11.6074,-11.6074,-15.8492,0,0,0,-1.2749,1.3482,1.6178,1.6178,4.6678,0,0,0
23.100447,1788533122.865104,0.1381,0.1390,0.1390,0.1390,0.1983,0,0,0,1.2781,1.1431,-2.5147,-2.5147,-2.5528,0,0,0,5.4348,5.0581,7.5871,7.5871,7.0062,0,0,0,3.9310,11.7180,-14.0616,-15.7204,-25.4758,1,0,0,-6.1753,-9.3577,-11.2293,-11.2293,-15.5614,0,0,0,-2.0461,1.0459,1.2550,1.2550,4.4974,0,0,0
23.107983,1788533122.873565,0.1381,0.1389,0.1389,0.1389,0.1922,0,0,0,1.2781,1.1499,-2.5297,-2.5297,-2.5506,0,0,0,5.4348,5.0772,7.6157,7.6157,7.0372,0,0,0,3.9310,11.2888,-13.5465,-15.0004,-24.8694,1,0,0,-6.1753,-9.1907,-11.0288,-11.0288,-15.2681,0,0,0,-2.0461,0.8854,1.0625,1.0625,4.3145,0,0,0
23.116564,1788533122.881612,0.1381,0.1389,0.1389,0.1389,0.1879,0,0,0,1.2781,1.1560,-2.5433,-2.5433,-2.5487,0,0,0,5.4348,5.0944,7.6417,7.6417,7.0621,0,0,0,3.9310,10.9017,-13.0821,-14.2804,-24.3988,1,0,0,-6.1753,-9.0398,-10.8477,-10.8477,-15.0452,0,0,0,-2.0461,0.7403,0.8883,0.8883,4.1697,0,0,0
23.123757,1788533122.889791,0.1381,0.1389,0.1389,0.1389,0.1813,0,0,0,1.2781,1.1620,-2.5564,-2.5564,-2.5457,0,0,0,5.4348,5.1111,7.6667,7.6667,7.1063,0,0,0,3.9310,10.5293,-12.6351,-13.5604,-23.5890,1,0,0,-6.1753,-8.8942,-10.6730,-10.6730,-14.6700,0,0,0,-2.0461,0.6001,0.7201,0.7201,3.9157,0,0,0
23.132464,1788533122.897964,0.1867,0.1412,0.1412,0.1412,0.1776,0,0,0,1.2075,1.1642,-2.5613,-2.5613,-2.5441,0,0,0,5.5617,5.1332,7.6999,7.6999,7.1339,0,0,0,3.8839,10.1744,-12.2093,-12.8404,-23.0901,1,0,0,-6.1387,-8.7542,-10.5050,-10.5050,-14.4444,0,0,0,-2.0459,0.4670,0.5604,0.5604,3.7575,0,0,0
23.140574,1788533122.905690,0.1867,0.1433,0.1433,0.1433,0.1731,0,0,0,1.2075,1.1662,-2.5657,-2.5657,-2.5426,0,0,0,5.5617,5.1532,7.7297,7.7297,7.1717,0,0,0,3.8839,9.8560,-11.8272,-12.1204,-22.4122,1,0,0,-6.1387,-8.6283,-10.3539,-10.3539,-14.1452,0,0,0,-2.0459,0.3472,0.4166,0.4166,3.5419,0,0,0
23.148641,1788533122.913683,0.1867,0.1454,0.1454,0.1454,0.1690,0,0,0,1.2075,1.1682,-2.5701,-2.5701,-2.5417,0,0,0,5.5617,5.1728,7.7592,7.7592,7.2101,0,0,0,3.8839,9.5438,-11.4526,-11.4526,-21.7220,0,0,0,-6.1387,-8.5045,-10.2054,-10.2054,-13.8493,0,0,0,-2.0459,0.2293,0.2751,0.2751,3.3228,0,0,0
23.156542,1788533122.913683,0.1867,0.1474,0.1474,0.1474,0.1653,0,0,0,1.2075,1.1701,-2.5742,-2.5742,-2.5414,0,0,0,5.5617,5.1915,7.7872,7.7872,7.2489,0,0,0,3.8839,9.2479,-11.0974,-11.0974,-21.0216,0,0,0,-6.1387,-8.3868,-10.0641,-10.0641,-13.5585,0,0,0,-2.0459,0.1171,0.1405,0.1405,3.1022,0,0,0
23.164541,1788533122.913683,0.1867,0.1492,0.1492,0.1492,0.1620,0,0,0,1.2075,1.1719,-2.5782,-2.5782,-2.5416,0,0,0,5.5617,5.2093,7.8139,7.8139,7.2879,0,0,0,3.8839,8.9676,-10.7611,-10.7611,-20.3135,0,0,0,-6.1387,-8.2750,-9.9299,-9.9299,-13.2741,0,0,0,-2.0459,0.0104,0.0125,0.0125,2.8818,0,0,0
23.172568,1788533122.937754,0.1867,0.1542,0.1542,0.1542,0.1599,0,0,0,1.2075,1.1766,-2.5884,-2.5884,-2.5420,0,0,0,5.5617,5.2557,7.8836,7.8836,7.3171,0,0,0,3.8839,8.2495,-9.8994,-10.0411,-19.7803,1,0,0,-6.1387,-7.9853,-9.5823,-9.5823,-13.0657,0,0,0,-2.0459,-0.2666,-0.3199,-0.3199,2.7174,0,0,0
23.179898,1788533122.945741,0.1867,0.1557,0.1557,0.1557,0.1574,0,0,0,1.2075,1.1780,-2.5917,-2.5917,-2.5431,0,0,0,5.5617,5.2704,7.9056,7.9056,7.3558,0,0,0,3.8839,8.0238,-9.6285,-9.6285,-19.0720,0,0,0,-6.1387,-7.8939,-9.4727,-9.4727,-12.7949,0,0,0,-2.0459,-0.3539,-0.4247,-0.4247,2.5005,0,0,0
23.188608,1788533122.954116,0.1867,0.1573,0.1573,0.1573,0.1553,0,0,0,1.2075,1.1795,-2.5949,-2.5949,-2.5445,0,0,0,5.5617,5.2850,7.9276,7.9276,7.3944,0,0,0,3.8839,7.8002,-9.3602,-9.3602,-18.3702,0,0,0,-6.1387,-7.8032,-9.3638,-9.3638,-12.5316,0,0,0,-2.0459,-0.4408,-0.5290,-0.5290,2.2861,0,0,0
23.196221,1788533122.961808,0.1867,0.1586,0.1586,0.1586,0.1537,0,0,0,1.2075,1.1808,-2.5978,-2.5978,-2.5464,0,0,0,5.5617,5.2979,7.9468,7.9468,7.4332,0,0,0,3.8839,7.6052,-9.1262,-9.1262,-17.6752,0,0,0,-6.1387,-7.7238,-9.2686,-9.2686,-12.2743,0,0,0,-2.0459,-0.5169,-0.6202,-0.6202,2.0729,0,0,0
23.204430,1788533122.969347,0.2076,0.1608,0.1608,0.1608,0.1524,0,0,0,1.3201,1.1871,-2.6116,-2.6116,-2.5487,0,0,0,5.2584,5.2961,7.9441,7.9441,7.4717,0,0,0,3.5724,7.4083,-8.8900,-8.8900,-16.9908,0,0,0,-5.9075,-7.6389,-9.1667,-9.1667,-12.0240,0,0,0,-1.0236,-0.5404,-0.6485,-0.6485,1.8623,0,0,0
23.212548,1788533122.977689,0.2076,0.1632,0.1632,0.1632,0.1517,0,0,0,1.3201,1.1937,-2.6262,-2.6262,-2.5507,0,0,0,5.2584,5.2942,7.9413,7.9413,7.5004,0,0,0,3.5724,7.2025,-8.6430,-8.6430,-16.4874,0,0,0,-5.9075,-7.5498,-9.0598,-9.0598,-11.8413,0,0,0,-1.0236,-0.5651,-0.6781,-0.6781,1.7069,0,0,0
23.220486,1788533122.977689,0.2076,0.1653,0.1653,0.1653,0.1511,0,0,0,1.3201,1.1998,-2.6395,-2.6395,-2.5535,0,0,0,5.2584,5.2925,7.9387,7.9387,7.5381,0,0,0,3.5724,7.0154,-8.4185,-8.4185,-15.8330,0,0,0,-5.9075,-7.4686,-8.9623,-8.9623,-11.6054,0,0,0,-1.0236,-0.5875,-0.7051,-0.7051,1.5041,0,0,0
23.227928,1788533122.994606,0.2076,0.1694,0.1694,0.1694,0.1508,0,0,0,1.3201,1.2114,-2.6650,-2.6650,-2.5567,0,0,0,5.2584,5.2892,7.9338,7.9338,7.5746,0,0,0,3.5724,6.6623,-7.9947,-7.9947,-15.2005,0,0,0,-5.9075,-7.3143,-8.7771,-8.7771,-11.3785,0,0,0,-1.0236,-0.6303,-0.7564,-0.7564,1.3081,0,0,0
23.235932,1788533123.002049,0.2076,0.1711,0.1711,0.1711,0.1508,0,0,0,1.3201,1.2162,-2.6757,-2.6757,-2.5604,0,0,0,5.2584,5.2878,7.9317,7.9317,7.6096,0,0,0,3.5724,6.5145,-7.8174,-7.8174,-14.5921,0,0,0,-5.9075,-7.2495,-8.6994,-8.6994,-11.1608,0,0,0,-1.0236,-0.6483,-0.7779,-0.7779,1.1203,0,0,0
23.244553,1788533123.002049,0.2076,0.1728,0.1728,0.1728,0.1509,0,0,0,1.3201,1.2212,-2.6866,-2.6866,-2.5636,0,0,0,5.2584,5.2864,7.9296,7.9296,7.6345,0,0,0,3.5724,6.3639,-7.6367,-7.6367,-14.1520,0,0,0,-5.9075,-7.1833,-8.6200,-8.6200,-11.0035,0,0,0,-1.0236,-0.6666,-0.8000,-0.8000,0.9855,0,0,0
23.252079,1788533123.017671,0.2076,0.1759,0.1759,0.1759,0.1513,0,0,0,1.3201,1.2300,-2.7061,-2.7061,-2.5685,0,0,0,5.2584,5.2839,7.9258,7.9258,7.6660,0,0,0,3.5724,6.0990,-7.3188,-7.3188,-13.5859,0,0,0,-5.9075,-7.0663,-8.4795,-8.4795,-10.8008,0,0,0,-1.0236,-0.6991,-0.8389,-0.8389,0.8139,0,0,0
23.260073,1788533123.025198,0.2237,0.1781,0.1781,0.1781,0.1520,0,0,0,1.3782,1.2367,-2.7208,-2.7208,-2.5743,0,0,0,5.2799,5.2837,7.9255,7.9255,7.6952,0,0,0,3.5943,5.9787,-7.1744,-7.1744,-13.0414,0,0,0,-5.8798,-7.0112,-8.4134,-8.4134,-10.6052,0,0,0,-1.1088,-0.7180,-0.8616,-0.8616,0.6519,0,0,0
23.268084,1788533123.034196,0.2237,0.1805,0.1805,0.1805,0.1530,0,0,0,1.3782,1.2443,-2.7375,-2.7375,-2.5810,0,0,0,5.2799,5.2835,7.9252,7.9252,7.7220,0,0,0,3.5943,5.8432,-7.0119,-7.0119,-12.5178,0,0,0,-5.8798,-6.9490,-8.3388,-8.3388,-10.4160,0,0,0,-1.1088,-0.7393,-0.8871,-0.8871,0.4995,0,0,0
23.276695,1788533123.042199,0.2237,0.1826,0.1826,0.1826,0.1538,0,0,0,1.3782,1.2507,-2.7516,-2.7516,-2.5866,0,0,0,5.2799,5.2833,7.9250,7.9250,7.7407,0,0,0,3.5943,5.7291,-6.8749,-6.8749,-12.1393,0,0,0,-5.8798,-6.8965,-8.2758,-8.2758,-10.2784,0,0,0,-1.1088,-0.7573,-0.9087,-0.9087,0.3915,0,0,0
23.284487,1788533123.049786,0.2237,0.1845,0.1845,0.1845,0.1551,0,0,0,1.3782,1.2565,-2.7644,-2.7644,-2.5947,0,0,0,5.2799,5.2832,7.9247,7.9247,7.7635,0,0,0,3.5943,5.6262,-6.7514,-6.7514,-11.6562,0,0,0,-5.8798,-6.8490,-8.2189,-8.2189,-10.1019,0,0,0,-1.1088,-0.7735,-0.9282,-0.9282,0.2562,0,0,0
23.292490,1788533123.057616,0.2237,0.1863,0.1863,0.1863,0.1566,0,0,0,1.3782,1.2622,-2.7769,-2.7769,-2.6035,0,0,0,5.2799,5.2830,7.9245,7.9245,7.7842,0,0,0,3.5943,5.5254,-6.6304,-6.6304,-11.1980,0,0,0,-5.8798,-6.8024,-8.1629,-8.1629,-9.9333,0,0,0,-1.1088,-0.7895,-0.9474,-0.9474,0.1306,0,0,0
23.300814,1788533123.066224,0.2237,0.1882,0.1882,0.1882,0.1582,0,0,0,1.3782,1.2682,-2.7900,-2.7900,-2.6131,0,0,0,5.2799,5.2829,7.9243,7.9243,7.8028,0,0,0,3.5943,5.4207,-6.5049,-6.5049,-10.7635,0,0,0,-5.8798,-6.7539,-8.1047,-8.1047,-9.7723,0,0,0,-1.1088,-0.8061,-0.9674,-0.9674,0.0141,0,0,0
23.308624,1788533123.074023,0.2237,0.1899,0.1899,0.1899,0.1599,0,0,0,1.3782,1.2733,-2.8013,-2.8013,-2.6233,0,0,0,5.2799,5.2827,7.9241,7.9241,7.8195,0,0,0,3.5943,5.3307,-6.3969,-6.3969,-10.3530,0,0,0,-5.8798,-6.7121,-8.0545,-8.0545,-9.6188,0,0,0,-1.1088,-0.8205,-0.9846,-0.9846,-0.0935,0,0,0
23.316221,1788533123.081759,0.1642,0.1887,0.1887,0.1887,0.1617,0,0,0,1.3733,1.2780,-2.8116,-2.8116,-2.6341,0,0,0,5.1816,5.2780,7.9170,7.9170,7.8343,0,0,0,3.5626,5.2444,-6.2932,-6.2932,-9.9662,0,0,0,-5.9718,-6.6770,-8.0124,-8.0124,-9.4730,0,0,0,-0.9609,-0.8271,-0.9925,-0.9925,-0.1926,0,0,0
23.324311,1788533123.081759,0.1642,0.1875,0.1875,0.1875,0.1636,0,0,0,1.3733,1.2825,-2.8216,-2.8216,-2.6454,0,0,0,5.1816,5.2734,7.9101,7.9101,7.8475,0,0,0,3.5626,5.1597,-6.1916,-6.1916,-9.6027,0,0,0,-5.9718,-6.6425,-7.9710,-7.9710,-9.3348,0,0,0,-0.9609,-0.8336,-1.0003,-1.0003,-0.2837,0,0,0
23.332980,1788533123.098411,0.1642,0.1853,0.1853,0.1853,0.1656,0,0,0,1.3733,1.2912,-2.8405,-2.8405,-2.6569,0,0,0,5.1816,5.2647,7.8970,7.8970,7.8591,0,0,0,3.5626,5.0015,-6.0018,-6.0018,-9.2619,0,0,0,-5.9718,-6.5777,-7.8932,-7.8932,-9.2041,0,0,0,-0.9609,-0.8458,-1.0150,-1.0150,-0.3672,0,0,0
23.340563,1788533123.106095,0.1642,0.1843,0.1843,0.1843,0.1675,0,0,0,1.3733,1.2949,-2.8489,-2.8489,-2.6688,0,0,0,5.1816,5.2609,7.8913,7.8913,7.8691,0,0,0,3.5626,4.9321,-5.9185,-5.9185,-8.9429,0,0,0,-5.9718,-6.5492,-7.8590,-7.8590,-9.0809,0,0,0,-0.9609,-0.8512,-1.0214,-1.0214,-0.4434,0,0,0
23.348655,1788533123.113772,0.1464,0.1826,0.1826,0.1826,0.1688,0,0,0,1.4031,1.2999,-2.8598,-2.8598,-2.6778,0,0,0,5.2192,5.2589,7.8884,7.8884,7.8755,0,0,0,3.6241,4.8691,-5.8430,-5.8430,-8.7171,0,0,0,-6.1321,-6.5296,-7.8355,-7.8355,-8.9930,0,0,0,-1.2089,-0.8678,-1.0414,-1.0414,-0.4960,0,0,0
23.356652,1788533123.121781,0.1355,0.1803,0.1803,0.1803,0.1706,0,0,0,1.3653,1.3031,-2.8667,-2.8667,-2.6901,0,0,0,5.2305,5.2576,7.8864,7.8864,7.8828,0,0,0,3.6330,4.8073,-5.7687,-5.7687,-8.4322,0,0,0,-6.1715,-6.5121,-7.8146,-7.8146,-8.8816,0,0,0,-1.3316,-0.8903,-1.0684,-1.0684,-0.5606,0,0,0
23.364660,1788533123.121781,0.1355,0.1782,0.1782,0.1782,0.1722,0,0,0,1.3653,1.3060,-2.8733,-2.8733,-2.7024,0,0,0,5.2305,5.2563,7.8844,7.8844,7.8886,0,0,0,3.6330,4.7487,-5.6984,-5.6984,-8.1655,0,0,0,-6.1715,-6.4955,-7.7946,-7.7946,-8.7766,0,0,0,-1.3316,-0.9117,-1.0940,-1.0940,-0.6192,0,0,0
23.372663,1788533123.121781,0.1355,0.1761,0.1761,0.1761,0.1736,0,0,0,1.3653,1.3089,-2.8795,-2.8795,-2.7149,0,0,0,5.2305,5.2550,7.8826,7.8826,7.8931,0,0,0,3.6330,4.6930,-5.6316,-5.6316,-7.9163,0,0,0,-6.1715,-6.4797,-7.7757,-7.7757,-8.6780,0,0,0,-1.3316,-0.9320,-1.1184,-1.1184,-0.6725,0,0,0
23.380280,1788533123.146772,0.1219,0.1688,0.1688,0.1688,0.1748,0,0,0,1.3653,1.3165,-2.8964,-2.8964,-2.7273,0,0,0,5.2379,5.2527,7.8791,7.8791,7.8965,0,0,0,3.6524,4.5471,-5.4565,-5.4565,-7.6838,0,0,0,-6.2542,-6.4487,-7.7384,-7.7384,-8.5858,0,0,0,-1.3685,-0.9918,-1.1901,-1.1901,-0.7211,0,0,0
23.387968,1788533123.155097,0.1219,0.1665,0.1665,0.1665,0.1758,0,0,0,1.3653,1.3190,-2.9017,-2.9017,-2.7396,0,0,0,5.2379,5.2520,7.8780,7.8780,7.8989,0,0,0,3.6524,4.5010,-5.4012,-5.4012,-7.4672,0,0,0,-6.2542,-6.4389,-7.7267,-7.7267,-8.4999,0,0,0,-1.3685,-1.0107,-1.2128,-1.2128,-0.7657,0,0,0
23.396707,1788533123.162183,0.0717,0.1624,0.1624,0.1624,0.1765,0,0,0,1.3786,1.3215,-2.9073,-2.9073,-2.7517,0,0,0,5.1012,5.2456,7.8683,7.8683,7.9005,0,0,0,3.4339,4.4540,-5.3447,-5.3447,-7.2651,0,0,0,-6.6228,-6.4468,-7.7362,-7.7362,-8.4200,0,0,0,-1.0929,-1.0142,-1.2170,-1.2170,-0.8070,0,0,0
23.404476,1788533123.169900,0.0665,0.1580,0.1580,0.1580,0.1770,0,0,0,1.3904,1.3247,-2.9143,-2.9143,-2.7637,0,0,0,5.1012,5.2389,7.8583,7.8583,7.9014,0,0,0,3.4190,4.4045,-5.2854,-5.2854,-7.0756,0,0,0,-6.6228,-6.4551,-7.7461,-7.7461,-8.3456,0,0,0,-1.0614,-1.0164,-1.2197,-1.2197,-0.8460,0,0,0
23.413031,1788533123.169900,0.0665,0.1536,0.1536,0.1536,0.1771,0,0,0,1.3904,1.3278,-2.9213,-2.9213,-2.7755,0,0,0,5.1012,5.2323,7.8484,7.8484,7.9016,0,0,0,3.4190,4.3557,-5.2269,-5.2269,-6.8981,0,0,0,-6.6228,-6.4632,-7.7559,-7.7559,-8.2768,0,0,0,-1.0614,-1.0186,-1.2223,-1.2223,-0.8829,0,0,0
23.420728,1788533123.186163,0.0575,0.1447,0.1447,0.1447,0.1770,0,0,0,1.3701,1.3318,-2.9299,-2.9299,-2.7870,0,0,0,5.1178,5.2217,7.8325,7.8325,7.9012,0,0,0,3.3683,4.2615,-5.1138,-5.1138,-6.7320,0,0,0,-6.6104,-6.4770,-7.7724,-7.7724,-8.2136,0,0,0,-0.5473,-0.9746,-1.1695,-1.1695,-0.9176,0,0,0
23.428745,1788533123.193809,0.0575,0.1407,0.1407,0.1407,0.1766,0,0,0,1.3701,1.3335,-2.9338,-2.9338,-2.7955,0,0,0,5.1178,5.2169,7.8254,7.8254,7.9004,0,0,0,3.3683,4.2194,-5.0632,-5.0632,-6.6146,0,0,0,-6.6104,-6.4832,-7.7798,-7.7798,-8.1700,0,0,0,-0.5473,-0.9549,-1.1458,-1.1458,-0.9421,0,0,0
23.436167,1788533123.202776,0.0575,0.1362,0.1362,0.1362,0.1759,0,0,0,1.3701,1.3355,-2.9381,-2.9381,-2.8066,0,0,0,5.1178,5.2116,7.8174,7.8174,7.8987,0,0,0,3.3683,4.1727,-5.0072,-5.0072,-6.4669,0,0,0,-6.6104,-6.4900,-7.7880,-7.7880,-8.1167,0,0,0,-0.5473,-0.9330,-1.1196,-1.1196,-0.9725,0,0,0
23.444391,1788533123.210374,0.0575,0.1327,0.1327,0.1327,0.1748,0,0,0,1.3701,1.3371,-2.9415,-2.9415,-2.8173,0,0,0,5.1178,5.2073,7.8110,7.8110,7.8963,0,0,0,3.3683,4.1350,-4.9620,-4.9620,-6.3281,0,0,0,-6.6104,-6.4956,-7.7947,-7.7947,-8.0691,0,0,0,-0.5473,-0.9153,-1.0984,-1.0984,-0.9999,0,0,0
23.452401,1788533123.217522,0.0575,0.1294,0.1294,0.1294,0.1734,0,0,0,1.3701,1.3385,-2.9447,-2.9447,-2.8278,0,0,0,5.1178,5.2035,7.8052,7.8052,7.8932,0,0,0,3.3683,4.1011,-4.9213,-4.9213,-6.1976,0,0,0,-6.6104,-6.5006,-7.8007,-7.8007,-8.0268,0,0,0,-0.5473,-0.8994,-1.0793,-1.0793,-1.0238,0,0,0
23.460945,1788533123.217522,0.0575,0.1260,0.1260,0.1260,0.1716,0,0,0,1.3701,1.3400,-2.9480,-2.9480,-2.8379,0,0,0,5.1178,5.1994,7.7991,7.7991,7.8894,0,0,0,3.3683,4.0651,-4.8781,-4.8781,-6.0749,0,0,0,-6.6104,-6.5059,-7.8070,-7.8070,-7.9896,0,0,0,-0.5473,-0.8825,-1.0590,-1.0590,-1.0442,0,0,0
23.469017,1788533123.234139,0.0575,0.1195,0.1195,0.1195,0.1706,0,0,0,1.3701,1.3428,-2.9543,-2.9543,-2.8428,0,0,0,5.1178,5.1917,7.7875,7.7875,7.8873,0,0,0,3.3683,3.9977,-4.7972,-4.7972,-6.0163,0,0,0,-6.6104,-6.5158,-7.8190,-7.8190,-7.9728,0,0,0,-0.5473,-0.8507,-1.0208,-1.0208,-1.0531,0,0,0
23.477045,1788533123.234139,0.0575,0.1165,0.1165,0.1165,0.1678,0,0,0,1.3701,1.3441,-2.9571,-2.9571,-2.8546,0,0,0,5.1178,5.1881,7.7822,7.7822,7.8816,0,0,0,3.3683,3.9669,-4.7602,-4.7602,-5.8778,0,0,0,-6.6104,-6.5204,-7.8244,-7.8244,-7.9357,0,0,0,-0.5473,-0.8361,-1.0033,-1.0033,-1.0715,0,0,0
23.485043,1788533123.250167,0.0575,0.1111,0.1111,0.1111,0.1653,0,0,0,1.3701,1.3465,-2.9624,-2.9624,-2.8636,0,0,0,5.1178,5.1817,7.7726,7.7726,7.8764,0,0,0,3.3683,3.9109,-4.6931,-4.6931,-5.7736,0,0,0,-6.6104,-6.5287,-7.8344,-7.8344,-7.9108,0,0,0,-0.5473,-0.8096,-0.9715,-0.9715,-1.0821,0,0,0
23.492975,1788533123.259160,0.0575,0.1083,0.1083,0.1083,0.1624,0,0,0,1.3701,1.3478,-2.9651,-2.9651,-2.8723,0,0,0,5.1178,5.1783,7.7674,7.7674,7.8707,0,0,0,3.3683,3.8813,-4.6576,-4.6576,-5.6748,0,0,0,-6.6104,-6.5331,-7.8397,-7.8397,-7.8898,0,0,0,-0.5473,-0.7955,-0.9546,-0.9546,-1.0891,0,0,0
23.501260,1788533123.266165,0.0575,0.1061,0.1061,0.1061,0.1593,0,0,0,1.3701,1.3487,-2.9672,-2.9672,-2.8806,0,0,0,5.1178,5.1757,7.7636,7.7636,7.8646,0,0,0,3.3683,3.8592,-4.6311,-4.6311,-5.5807,0,0,0,-6.6104,-6.5363,-7.8436,-7.8436,-7.8724,0,0,0,-0.5473,-0.7850,-0.9421,-0.9421,-1.0927,0,0,0
23.509109,1788533123.274473,0.0575,0.1037,0.1037,0.1037,0.1569,0,0,0,1.3701,1.3498,-2.9695,-2.9695,-2.8866,0,0,0,5.1178,5.1729,7.7593,7.7593,7.8598,0,0,0,3.3683,3.8344,-4.6013,-4.6013,-5.5132,0,0,0,-6.6104,-6.5400,-7.8480,-7.8480,-7.8614,0,0,0,-0.5473,-0.7732,-0.9279,-0.9279,-1.0933,0,0,0
23.516718,1788533123.274473,0.0575,0.1015,0.1015,0.1015,0.1535,0,0,0,1.3701,1.3508,-2.9717,-2.9717,-2.8943,0,0,0,5.1178,5.1702,7.7553,7.7553,7.8532,0,0,0,3.3683,3.8116,-4.5740,-4.5740,-5.4273,0,0,0,-6.6104,-6.5434,-7.8521,-7.8521,-7.8494,0,0,0,-0.5473,-0.7624,-0.9149,-0.9149,-1.0917,0,0,0
23.524793,1788533123.290947,-0.0158,0.0905,0.0905,0.0905,0.1500,0,0,0,1.1483,1.3318,-2.9299,-2.9299,-2.9016,0,0,0,5.2117,5.1741,7.7612,7.7612,7.8464,0,0,0,3.1367,3.7473,-4.4967,-4.4967,-5.3460,0,0,0,-7.0856,-6.5945,-7.9134,-7.9134,-7.8399,0,0,0,-0.4318,-0.7313,-0.8776,-0.8776,-1.0878,0,0,0
23.533176,1788533123.298909,-0.0046,0.0860,0.0860,0.0860,0.1464,0,0,0,1.1883,1.3249,-2.9148,-2.9148,-2.9084,0,0,0,5.2374,5.1771,7.7657,7.7657,7.8396,0,0,0,3.0746,3.7146,-4.4576,-4.4576,-5.2692,0,0,0,-7.2981,-6.6281,-7.9538,-7.9538,-7.8327,0,0,0,-0.5064,-0.7206,-0.8647,-0.8647,-1.0817,0,0,0
23.540936,1788533123.305294,-0.0046,0.0825,0.0825,0.0825,0.1437,0,0,0,1.1883,1.3197,-2.9032,-2.9032,-2.9131,0,0,0,5.2374,5.1795,7.7692,7.7692,7.8345,0,0,0,3.0746,3.6895,-4.4274,-4.4274,-5.2144,0,0,0,-7.2981,-6.6540,-7.9849,-7.9849,-7.8289,0,0,0,-0.5064,-0.7123,-0.8548,-0.8548,-1.0760,0,0,0
23.548864,1788533123.305294,-0.0046,0.0783,0.0783,0.0783,0.1399,0,0,0,1.1883,1.3134,-2.8894,-2.8894,-2.9184,0,0,0,5.2374,5.1822,7.7733,7.7733,7.8279,0,0,0,3.0746,3.6596,-4.3915,-4.3915,-5.1442,0,0,0,-7.2981,-6.6849,-8.0219,-8.0219,-7.8262,0,0,0,-0.5064,-0.7025,-0.8430,-0.8430,-1.0667,0,0,0
23.556570,1788533123.323066,-0.0046,0.0700,0.0700,0.0700,0.1360,0,0,0,1.1883,1.3008,-2.8618,-2.8618,-2.9224,0,0,0,5.2374,5.1878,7.7817,7.7817,7.8217,0,0,0,3.0746,3.6000,-4.3200,-4.3200,-5.0772,0,0,0,-7.2981,-6.7466,-8.0960,-8.0960,-7.8265,0,0,0,-0.5064,-0.6828,-0.8193,-0.8193,-1.0559,0,0,0
23.565270,1788533123.323066,-0.0046,0.0664,0.0664,0.0664,0.1320,0,0,0,1.1883,1.2954,-2.8499,-2.8499,-2.9251,0,0,0,5.2374,5.1901,7.7852,7.7852,7.8159,0,0,0,3.0746,3.5744,-4.2893,-4.2893,-5.0135,0,0,0,-7.2981,-6.7731,-8.1277,-8.1277,-7.8296,0,0,0,-0.5064,-0.6743,-0.8092,-0.8092,-1.0438,0,0,0
23.573170,1788533123.339379,-0.0046,0.0598,0.0598,0.0598,0.1279,0,0,0,1.1883,1.2855,-2.8280,-2.8280,-2.9265,0,0,0,5.2374,5.1945,7.7918,7.7918,7.8107,0,0,0,3.0746,3.5273,-4.2328,-4.2328,-4.9524,0,0,0,-7.2981,-6.8219,-8.1863,-8.1863,-7.8358,0,0,0,-0.5064,-0.6587,-0.7904,-0.7904,-1.0308,0,0,0
23.581256,1788533123.347384,-0.0046,0.0567,0.0567,0.0567,0.1237,0,0,0,1.1883,1.2808,-2.8178,-2.8178,-2.9265,0,0,0,5.2374,5.1966,7.7949,7.7949,7.8062,0,0,0,3.0746,3.5054,-4.2064,-4.2064,-4.8936,0,0,0,-7.2981,-6.8447,-8.2137,-8.2137,-7.8452,0,0,0,-0.5064,-0.6514,-0.7817,-0.7817,-1.0169,0,0,0
23.588937,1788533123.353966,-0.0046,0.0543,0.0543,0.0543,0.1204,0,0,0,1.1883,1.2771,-2.8097,-2.8097,-2.9255,0,0,0,5.2374,5.1982,7.7973,7.7973,7.8032,0,0,0,3.0746,3.4880,-4.1856,-4.1856,-4.8509,0,0,0,-7.2981,-6.8627,-8.2353,-8.2353,-7.8543,0,0,0,-0.5064,-0.6457,-0.7748,-0.7748,-1.0061,0,0,0
23.596543,1788533123.363648,-0.0046,0.0509,0.0509,0.0509,0.1204,0,0,0,1.1883,1.2720,-2.7985,-2.7985,-2.9255,0,0,0,5.2374,5.2005,7.8007,7.8007,7.8032,0,0,0,3.0746,3.4640,-4.1568,-4.1568,-4.8509,0,0,0,-7.2981,-6.8877,-8.2653,-8.2653,-7.8543,0,0,0,-0.5064,-0.6377,-0.7652,-0.7652,-1.0061,0,0,0
23.604946,1788533123.369964,-0.0046,0.0488,0.0488,0.0488,0.1116,0,0,0,1.1883,1.2688,-2.7914,-2.7914,-2.9193,0,0,0,5.2374,5.2019,7.8028,7.8028,7.7970,0,0,0,3.0746,3.4489,-4.1387,-4.1387,-4.7425,0,0,0,-7.2981,-6.9034,-8.2841,-8.2841,-7.8863,0,0,0,-0.5064,-0.6327,-0.7592,-0.7592,-0.9759,0,0,0
23.612476,1788533123.378570,0.0437,0.0485,0.0485,0.0485,0.1072,0,0,0,1.2997,1.2704,-2.7949,-2.7949,-2.9146,0,0,0,5.5820,5.2214,7.8321,7.8321,7.7948,0,0,0,5.2090,3.5402,-4.2483,-4.2483,-4.6915,0,0,0,-2.3403,-6.6687,-8.0024,-8.0024,-7.9055,0,0,0,-2.5094,-0.7290,-0.8749,-0.8749,-0.9606,0,0,0
23.621010,1788533123.378570,0.0437,0.0483,0.0483,0.0483,0.1027,0,0,0,1.2997,1.2718,-2.7980,-2.7980,-2.9089,0,0,0,5.5820,5.2386,7.8580,7.8580,7.7932,0,0,0,5.2090,3.6208,-4.3450,-4.3450,-4.6425,0,0,0,-2.3403,-6.4603,-7.7524,-7.7524,-7.9263,0,0,0,-2.5094,-0.8145,-0.9774,-0.9774,-0.9455,0,0,0
23.629059,1788533123.394129,0.0437,0.0479,0.0479,0.0479,0.0983,0,0,0,1.2997,1.2743,-2.8035,-2.8035,-2.9025,0,0,0,5.5820,5.2692,7.9039,7.9039,7.7927,0,0,0,5.2090,3.7633,-4.5159,-4.5159,-4.5973,0,0,0,-2.3403,-6.0907,-7.3088,-7.3088,-7.9440,0,0,0,-2.5094,-0.9659,-1.1591,-1.1591,-0.9323,0,0,0
23.637059,1788533123.394129,0.0437,0.0477,0.0477,0.0477,0.0950,0,0,0,1.2997,1.2755,-2.8061,-2.8061,-2.8973,0,0,0,5.5820,5.2842,7.9263,7.9263,7.7931,0,0,0,5.2090,3.8329,-4.5995,-4.5995,-4.5669,0,0,0,-2.3403,-5.9094,-7.0913,-7.0913,-7.9527,0,0,0,-2.5094,-1.0401,-1.2481,-1.2481,-0.9249,0,0,0
23.645162,1788533123.394129,0.0437,0.0475,0.0475,0.0475,0.0908,0,0,0,1.2997,1.2767,-2.8087,-2.8087,-2.8904,0,0,0,5.5820,5.2985,7.9477,7.9477,7.7951,0,0,0,5.2090,3.8991,-4.6789,-4.6789,-4.5329,0,0,0,-2.3403,-5.7365,-6.8838,-6.8838,-7.9536,0,0,0,-2.5094,-1.1107,-1.3329,-1.3329,-0.9198,0,0,0
23.653152,1788533123.419261,-0.1695,0.0179,0.0179,0.0179,0.0867,0,0,0,1.7559,1.3420,-2.9525,-2.9525,-2.8834,0,0,0,5.7314,5.3576,8.0364,8.0364,7.7989,0,0,0,12.4621,5.0682,-6.0818,-5.3989,-4.5071,1,0,0,14.9753,-2.8519,-3.4223,-6.4038,-7.9403,1,0,0,-6.2017,-1.8098,-2.1717,-2.0529,-0.9211,1,0,0
23.661143,1788533123.419261,-0.1695,0.0089,0.0089,0.0089,0.0829,0,0,0,1.7559,1.3619,-2.9961,-2.9961,-2.8768,0,0,0,5.7314,5.3755,8.0633,8.0633,7.8043,0,0,0,12.4621,5.4243,-6.5091,-6.1189,-4.4901,1,0,0,14.9753,-1.9691,-2.3629,-5.9238,-7.9123,1,0,0,-6.2017,-2.0221,-2.4266,-2.4266,-0.9296,0,0,0
23.668728,1788533123.419261,-0.1695,0.0004,0.0004,0.0004,0.0788,0,0,0,1.7559,1.3807,-3.0376,-3.0376,-2.8722,0,0,0,5.7314,5.3926,8.0889,8.0889,7.8122,0,0,0,12.4621,5.7648,-6.9177,-6.8389,-4.4893,1,0,0,14.9753,-1.1218,-1.3461,-5.4438,-7.8663,1,0,0,-6.2017,-2.2247,-2.6696,-2.6696,-0.9519,0,0,0
23.677337,1788533123.442846,-0.1695,-0.0216,-0.0216,-0.0216,0.0745,0,0,0,1.7559,1.4292,-3.1442,-3.1442,-2.8705,0,0,0,5.7314,5.4364,8.1546,8.1546,7.8226,0,0,0,12.4621,6.6401,-7.9681,-7.5589,-4.5136,1,0,0,14.9753,1.0490,1.2588,-4.9638,-7.7988,1,0,0,-6.2017,-2.7444,-3.2932,-3.2932,-0.9932,0,0,0
23.684519,1788533123.450547,-0.1695,-0.0284,-0.0284,-0.0284,0.0699,0,0,0,1.7559,1.4443,-3.1774,-3.1774,-2.8720,0,0,0,5.7314,5.4500,8.1750,8.1750,7.8353,0,0,0,12.4621,6.9134,-8.2960,-8.2789,-4.5697,1,0,0,14.9753,1.7282,2.0738,-4.4838,-7.7072,1,0,0,-6.2017,-2.9064,-3.4876,-3.4876,-1.0540,0,0,0
23.693287,1788533123.450547,-0.1695,-0.0352,-0.0352,-0.0352,0.0648,0,0,0,1.7559,1.4592,-3.2103,-3.2103,-2.8773,0,0,0,5.7314,5.4635,8.1953,8.1953,7.8504,0,0,0,12.4621,7.1843,-8.6212,-8.6212,-4.6623,0,0,0,14.9753,2.4022,2.8826,-4.0038,-7.5901,1,0,0,-6.2017,-3.0667,-3.6801,-3.6801,-1.1371,0,0,0
23.701299,1788533123.467335,-0.1695,-0.0480,-0.0480,-0.0480,0.0607,0,0,0,1.7559,1.4876,-3.2726,-3.2726,-2.8839,0,0,0,5.7314,5.4891,8.2337,8.2337,7.8632,0,0,0,12.4621,7.6983,-9.2380,-9.2380,-4.7573,0,0,0,14.9753,3.6761,4.4114,-3.5238,-7.4850,1,0,0,-6.2017,-3.3708,-4.0450,-4.0450,-1.2140,0,0,0
23.709227,1788533123.475088,-0.1695,-0.0537,-0.0537,-0.0537,0.0533,0,0,0,1.7559,1.5000,-3.3001,-3.3001,-2.8993,0,0,0,5.7314,5.5004,8.2506,8.2506,7.8870,0,0,0,12.4621,7.9249,-9.5099,-9.5099,-4.9622,0,0,0,14.9753,4.2379,5.0855,-3.0438,-7.2768,1,0,0,-6.2017,-3.5047,-4.2057,-4.2057,-1.3661,0,0,0
23.717093,1788533123.483567,-0.7532,-0.0891,-0.0891,-0.0891,0.0485,0,0,0,2.2648,1.5388,-3.3853,-3.3853,-2.9111,0,0,0,4.8441,5.4671,8.2007,8.2007,7.9025,0,0,0,32.8035,9.2335,-11.0802,-10.2299,-5.1112,1,0,0,43.6632,6.4182,7.7019,-2.5638,-7.1322,1,0,0,-22.2562,-4.4820,-5.3784,-4.9257,-1.4707,1,0,0
23.724560,1788533123.489826,-0.7532,-0.1143,-0.1143,-0.1143,0.0419,0,0,0,2.2648,1.5663,-3.4459,-3.4459,-2.9296,0,0,0,4.8441,5.4435,8.1653,8.1653,7.9244,0,0,0,32.8035,10.1751,-12.2101,-10.9499,-5.3375,1,0,0,43.6632,7.9934,9.5920,-2.0838,-6.9172,1,0,0,-22.2562,-5.1831,-6.2198,-5.6457,-1.6244,1,0,0
23.732893,1788533123.499003,-0.7532,-0.1492,-0.1492,-0.1492,0.0347,0,0,0,2.2648,1.6045,-3.5299,-3.5299,-2.9512,0,0,0,4.8441,5.4109,8.1163,8.1163,7.9468,0,0,0,32.8035,11.4915,-13.7898,-11.6699,-5.5932,1,0,0,43.6632,10.1969,12.2362,-1.6038,-6.6775,1,0,0,-22.2562,-6.1613,-7.3936,-6.3657,-1.7956,1,0,0
23.740899,1788533123.507014,-0.7532,-0.1782,-0.1782,-0.1782,0.0268,0,0,0,2.2648,1.6362,-3.5997,-3.5997,-2.9762,0,0,0,4.8441,5.3837,8.0755,8.0755,7.9684,0,0,0,32.8035,12.5935,-15.1122,-12.3899,-5.8799,1,0,0,43.6632,12.0423,14.4508,-1.1238,-6.4145,1,0,0,-22.2562,-6.9789,-8.3747,-7.0857,-1.9900,1,0,0
23.749388,1788533123.507014,-0.7532,-0.2058,-0.2058,-0.2058,0.0178,0,0,0,2.2648,1.6664,-3.6661,-3.6661,-3.0047,0,0,0,4.8441,5.3579,8.0368,8.0368,7.9884,0,0,0,32.8035,13.6471,-16.3766,-13.1099,-6.1985,1,0,0,43.6632,13.8058,16.5670,-0.6438,-6.1293,1,0,0,-22.2562,-7.7596,-9.3115,-7.8057,-2.2117,1,0,0
23.756642,1788533123.522513,-0.6576,-0.2460,-0.2460,-0.2460,0.0076,0,0,0,2.1028,1.7053,-3.7516,-3.7516,-3.0366,0,0,0,4.6104,5.2915,7.9372,7.9372,8.0058,0,0,0,35.5011,15.7637,-18.9164,-13.8299,-6.5489,1,0,0,49.2818,17.4744,20.9692,-0.1638,-5.8235,1,0,0,-25.9362,-9.4861,-11.3834,-8.5257,-2.4634,1,0,0
23.765428,1788533123.531026,-0.6480,-0.2665,-0.2665,-0.2665,-0.0038,0,0,0,2.1028,1.7255,-3.7961,-3.7961,-3.0720,0,0,0,4.3523,5.2437,7.8656,7.8656,8.0204,0,0,0,31.6825,16.6539,-19.9847,-14.5499,-6.9306,1,0,0,52.3520,19.5785,23.4942,0.3162,-5.4986,1,0,0,-22.1429,-10.1791,-12.2150,-9.2457,-2.7467,1,0,0
23.773239,1788533123.531026,-0.6480,-0.2848,-0.2848,-0.2848,-0.0166,0,0,0,2.1028,1.7436,-3.8360,-3.8360,-3.1107,0,0,0,4.3523,5.2010,7.8015,7.8015,8.0312,0,0,0,31.6825,17.4505,-20.9406,-15.2699,-7.3427,1,0,0,52.3520,21.4645,25.7574,0.7962,-5.1559,1,0,0,-22.1429,-10.7994,-12.9593,-9.9657,-3.0624,1,0,0
23.781277,1788533123.547358,-0.6480,-0.3187,-0.3187,-0.3187,-0.0307,0,0,0,2.1028,1.7772,-3.9098,-3.9098,-3.1525,0,0,0,4.3523,5.1218,7.6827,7.6827,8.0374,0,0,0,31.6825,18.9091,-22.6909,-15.9899,-7.7840,1,0,0,52.3520,24.8918,29.8702,1.2762,-4.7970,1,0,0,-22.1429,-11.9382,-14.3259,-10.6857,-3.4104,1,0,0
23.788937,1788533123.547358,-0.6480,-0.3345,-0.3345,-0.3345,-0.0421,0,0,0,2.1028,1.7928,-3.9442,-3.9442,-3.1854,0,0,0,4.3523,5.0849,7.6273,7.6273,8.0388,0,0,0,31.6825,19.5880,-23.5056,-16.7099,-8.1333,1,0,0,52.3520,26.4858,31.7830,1.7562,-4.5180,1,0,0,-22.1429,-12.4687,-14.9624,-11.4057,-3.6925,1,0,0
23.797471,1788533123.563060,-0.5129,-0.3506,-0.3506,-0.3506,-0.0583,0,0,0,2.1681,1.8266,-4.0186,-4.0186,-3.2313,0,0,0,4.2989,5.0141,7.5211,7.5211,8.0362,0,0,0,32.2571,20.8435,-25.0123,-17.4299,-8.6218,1,0,0,55.3716,29.6023,35.5227,2.2362,-4.1342,1,0,0,-22.2280,-13.4158,-16.0990,-12.1257,-4.0954,1,0,0
23.805156,1788533123.570589,-0.5129,-0.3579,-0.3579,-0.3579,-0.0755,0,0,0,2.1681,1.8421,-4.0526,-4.0526,-3.2790,0,0,0,4.2989,4.9817,7.4725,7.4725,8.0278,0,0,0,32.2571,21.4170,-25.7004,-18.1499,-9.1350,1,0,0,55.3716,31.0242,37.2291,2.7162,-3.7379,1,0,0,-22.2280,-13.8486,-16.6184,-12.8457,-4.5282,1,0,0
23.813443,1788533123.570589,-0.5129,-0.3653,-0.3653,-0.3653,-0.0935,0,0,0,2.1681,1.8578,-4.0871,-4.0871,-3.3282,0,0,0,4.2989,4.9489,7.4233,7.4233,8.0137,0,0,0,32.2571,21.9950,-26.3940,-18.8699,-9.6710,1,0,0,55.3716,32.4540,38.9448,3.1962,-3.3305,1,0,0,-22.2280,-14.2852,-17.1423,-13.5657,-4.9892,1,0,0
23.821750,1788533123.586555,-0.4678,-0.3747,-0.3747,-0.3747,-0.1121,0,0,0,2.2239,1.8913,-4.1608,-4.1608,-3.3789,0,0,0,4.3621,4.8952,7.3428,7.3428,7.9941,0,0,0,33.1380,23.1181,-27.7417,-19.5899,-10.2281,1,0,0,55.7133,35.0187,42.0225,3.6762,-2.9131,1,0,0,-22.7164,-15.1170,-18.1404,-14.2857,-5.4769,1,0,0
23.829808,1788533123.595559,-0.4678,-0.3797,-0.3797,-0.3797,-0.1310,0,0,0,2.2239,1.9091,-4.2001,-4.2001,-3.4303,0,0,0,4.3621,4.8665,7.2998,7.2998,7.9694,0,0,0,33.1380,23.7143,-28.4571,-20.3099,-10.8046,1,0,0,55.7133,36.3730,43.6476,4.1562,-2.4867,1,0,0,-22.7164,-15.5590,-18.6708,-15.0057,-5.9894,1,0,0
23.836857,1788533123.603692,-0.4678,-0.3840,-0.3840,-0.3840,-0.1451,0,0,0,2.2239,1.9245,-4.2339,-4.2339,-3.4693,0,0,0,4.3621,4.8419,7.2629,7.2629,7.9479,0,0,0,33.1380,24.2242,-29.0691,-21.0299,-11.2485,1,0,0,55.7133,37.5258,45.0310,4.6362,-2.1618,1,0,0,-22.7164,-15.9374,-19.1249,-15.7257,-6.3889,1,0,0
23.845382,1788533123.610055,-0.4678,-0.3872,-0.3872,-0.3872,-0.1639,0,0,0,2.2239,1.9360,-4.2593,-4.2593,-3.5217,0,0,0,4.3621,4.8234,7.2351,7.2351,7.9155,0,0,0,33.1380,24.6067,-29.5280,-21.7499,-11.8547,1,0,0,55.7133,38.3878,46.0654,5.1162,-1.7223,1,0,0,-22.7164,-16.2214,-19.4657,-16.4457,-6.9406,1,0,0
23.853464,1788533123.619591,-0.4678,-0.3918,-0.3918,-0.3918,-0.1823,0,0,0,2.2239,1.9524,-4.2952,-4.2952,-3.5745,0,0,0,4.3621,4.7972,7.1958,7.1958,7.8795,0,0,0,33.1380,25.1435,-30.1723,-22.4699,-12.4756,1,0,0,55.7133,39.5890,47.5069,5.5962,-1.2765,1,0,0,-22.7164,-16.6207,-19.9449,-17.1657,-7.5121,1,0,0
23.861173,1788533123.619591,-0.4678,-0.3954,-0.3954,-0.3954,-0.2002,0,0,0,2.2239,1.9654,-4.3239,-4.3239,-3.6273,0,0,0,4.3621,4.7763,7.1644,7.1644,7.8407,0,0,0,33.1380,25.5699,-30.6839,-23.1899,-13.1098,1,0,0,55.7133,40.5375,48.6450,6.0762,-0.8251,1,0,0,-22.7164,-16.9382,-20.3259,-17.8857,-8.1018,1,0,0
23.869687,1788533123.635329,-0.4678,-0.4020,-0.4020,-0.4020,-0.2174,0,0,0,2.2239,1.9887,-4.3752,-4.3752,-3.6795,0,0,0,4.3621,4.7389,7.1083,7.1083,7.7997,0,0,0,33.1380,26.3216,-31.5859,-23.9099,-13.7559,1,0,0,55.7133,42.1856,50.6228,6.5562,-0.3689,1,0,0,-22.7164,-17.4999,-20.9999,-18.6057,-8.7079,1,0,0
23.877605,1788533123.642812,-0.4678,-0.4049,-0.4049,-0.4049,-0.2339,0,0,0,2.2239,1.9993,-4.3986,-4.3986,-3.7311,0,0,0,4.3621,4.7219,7.0828,7.0828,7.7572,0,0,0,33.1380,26.6612,-31.9934,-24.6299,-14.4125,1,0,0,55.7133,42.9262,51.5114,7.0362,0.0915,1,0,0,-22.7164,-17.7539,-21.3047,-19.3257,-9.3288,1,0,0
23.885123,1788533123.642812,-0.4678,-0.4079,-0.4079,-0.4079,-0.2458,0,0,0,2.2239,2.0101,-4.4223,-4.4223,-3.7692,0,0,0,4.3621,4.7046,7.0569,7.0569,7.7246,0,0,0,33.1380,27.0047,-32.4056,-25.3499,-14.9112,1,0,0,55.7133,43.6706,52.4048,7.5162,0.4392,1,0,0,-22.7164,-18.0113,-21.6135,-20.0457,-9.8033,1,0,0
23.893125,1788533123.659246,-0.1383,-0.3827,-0.3827,-0.3827,-0.2610,0,0,0,2.1314,2.0215,-4.4473,-4.4473,-3.8192,0,0,0,4.7200,4.7060,7.0590,7.0590,7.6802,0,0,0,38.9167,28.2314,-33.8777,-26.0699,-15.5841,1,0,0,53.7299,44.7922,53.7507,7.9962,0.9060,1,0,0,-25.7798,-18.7941,-22.5529,-20.7657,-10.4473,1,0,0
23.901124,1788533123.667244,-0.1383,-0.3710,-0.3710,-0.3710,-0.2718,0,0,0,2.1314,2.0268,-4.4589,-4.4589,-3.8564,0,0,0,4.7200,4.7067,7.0600,7.0600,7.6463,0,0,0,38.9167,28.7980,-34.5576,-26.7899,-16.0989,1,0,0,53.7299,45.3052,54.3662,8.4762,1.2613,1,0,0,-25.7798,-19.1557,-22.9868,-21.4857,-10.9425,1,0,0
23.909655,1788533123.667244,-0.1383,-0.3598,-0.3598,-0.3598,-0.2885,0,0,0,2.1314,2.0318,-4.4700,-4.4700,-3.9172,0,0,0,4.7200,4.7073,7.0610,7.0610,7.5895,0,0,0,38.9167,29.3356,-35.2027,-27.5099,-16.9785,1,0,0,53.7299,45.7873,54.9447,8.9562,1.8654,1,0,0,-25.7798,-19.4988,-23.3986,-22.2057,-11.7936,1,0,0
23.917276,1788533123.667244,-0.1383,-0.3492,-0.3492,-0.3492,-0.3003,0,0,0,2.1314,2.0366,-4.4805,-4.4805,-3.9646,0,0,0,4.7200,4.7079,7.0619,7.0619,7.5448,0,0,0,38.9167,29.8452,-35.8143,-28.2299,-17.6977,1,0,0,53.7299,46.2404,55.4884,9.4362,2.3570,1,0,0,-25.7798,-19.8244,-23.7892,-22.9257,-12.4932,1,0,0
23.925545,1788533123.690396,-0.1108,-0.3189,-0.3189,-0.3189,-0.3082,0,0,0,2.1820,2.0551,-4.5212,-4.5212,-3.9991,0,0,0,4.6985,4.7067,7.0601,7.0601,7.5120,0,0,0,39.1933,31.1438,-37.3726,-28.9499,-18.2442,1,0,0,53.5361,47.3112,56.7734,9.9162,2.7293,1,0,0,-25.7392,-20.6276,-24.7532,-23.6457,-13.0267,1,0,0
23.933536,1788533123.690396,-0.1108,-0.3089,-0.3089,-0.3089,-0.3174,0,0,0,2.1820,2.0612,-4.5346,-4.5346,-4.0435,0,0,0,4.6985,4.7063,7.0595,7.0595,7.4700,0,0,0,39.1933,31.5691,-37.8829,-29.6699,-18.9803,1,0,0,53.5361,47.6593,57.1911,10.3962,3.2294,1,0,0,-25.7392,-20.8909,-25.0691,-24.3657,-13.7475,1,0,0
23.941544,1788533123.690396,-0.1108,-0.2995,-0.2995,-0.2995,-0.3249,0,0,0,2.1820,2.0670,-4.5474,-4.5474,-4.0862,0,0,0,4.6985,4.7060,7.0589,7.0589,7.4299,0,0,0,39.1933,31.9720,-38.3664,-30.3899,-19.7230,1,0,0,53.5361,47.9868,57.5841,10.8762,3.7325,1,0,0,-25.7392,-21.1405,-25.3686,-25.0857,-14.4769,1,0,0
23.949544,1788533123.715663,-0.1108,-0.2736,-0.2736,-0.2736,-0.3305,0,0,0,2.1820,2.0828,-4.5821,-4.5821,-4.1272,0,0,0,4.6985,4.7049,7.0574,7.0574,7.3922,0,0,0,39.1933,33.0453,-39.6544,-31.1099,-20.4703,1,0,0,53.5361,48.8460,58.6152,11.3562,4.2375,1,0,0,-25.7392,-21.8093,-26.1712,-25.8057,-15.2128,1,0,0
23.958055,1788533123.723667,-0.1108,-0.2658,-0.2658,-0.2658,-0.3345,0,0,0,2.1820,2.0875,-4.5926,-4.5926,-4.1665,0,0,0,4.6985,4.7046,7.0569,7.0569,7.3569,0,0,0,39.1933,33.3675,-40.0410,-31.8299,-21.2208,1,0,0,53.5361,49.1024,58.9229,11.8362,4.7436,1,0,0,-25.7392,-22.0102,-26.4123,-26.4123,-15.9537,0,0,0
23.965852,1788533123.731951,-0.1108,-0.2581,-0.2581,-0.2581,-0.3368,0,0,0,2.1820,2.0922,-4.6029,-4.6029,-4.2042,0,0,0,4.6985,4.7043,7.0565,7.0565,7.3241,0,0,0,39.1933,33.6826,-40.4191,-32.5499,-21.9732,1,0,0,53.5361,49.3519,59.2223,12.3162,5.2501,1,0,0,-25.7392,-22.2070,-26.6485,-26.6485,-16.6979,0,0,0
23.973846,1788533123.731951,-0.1108,-0.2511,-0.2511,-0.2511,-0.3374,0,0,0,2.1820,2.0965,-4.6124,-4.6124,-4.2402,0,0,0,4.6985,4.7040,7.0561,7.0561,7.2938,0,0,0,39.1933,33.9709,-40.7650,-33.2699,-22.7266,1,0,0,53.5361,49.5790,59.4949,12.7962,5.7564,1,0,0,-25.7392,-22.3873,-26.8648,-26.8648,-17.4433,0,0,0
23.981939,1788533123.747471,-0.0133,-0.2299,-0.2299,-0.2299,-0.3365,0,0,0,2.4442,2.1275,-4.6805,-4.6805,-4.2747,0,0,0,4.6664,4.7007,7.0510,7.0510,7.2660,0,0,0,37.5343,34.3138,-41.1765,-33.9899,-23.4802,1,0,0,54.4421,50.0628,60.0753,13.2762,6.2621,1,1,0,-23.6656,-22.5075,-27.0090,-27.0090,-18.1842,0,0,0
23.990102,1788533123.755065,-0.0133,-0.2201,-0.2201,-0.2201,-0.3351,0,0,0,2.4442,2.1419,-4.7123,-4.7123,-4.2994,0,0,0,4.6664,4.6991,7.0487,7.0487,7.2468,0,0,0,37.5343,34.4730,-41.3676,-34.7099,-24.0451,1,0,0,54.4421,50.2868,60.3441,13.7562,6.6409,1,1,0,-23.6656,-22.5634,-27.0761,-27.0761,-18.7320,0,0,0
23.997631,1788533123.762220,-0.0133,-0.2112,-0.2112,-0.2112,-0.3312,0,0,0,2.4442,2.1550,-4.7410,-4.7410,-4.3389,0,0,0,4.6664,4.6977,7.0466,7.0466,7.2175,0,0,0,37.5343,34.6158,-41.5389,-35.4299,-24.9855,1,0,0,54.4421,50.4872,60.5846,14.2362,7.2707,1,1,0,-23.6656,-22.6135,-27.1362,-27.1362,-19.6218,0,0,0
24.006143,1788533123.762220,-0.0133,-0.2017,-0.2017,-0.2017,-0.3280,0,0,0,2.4442,2.1689,-4.7715,-4.7715,-4.3620,0,0,0,4.6664,4.6962,7.0443,7.0443,7.2016,0,0,0,37.5343,34.7669,-41.7203,-36.1499,-25.5488,1,0,0,54.4421,50.6987,60.8385,14.7162,7.6476,1,1,0,-23.6656,-22.6667,-27.2000,-27.2000,-20.1371,0,0,0
24.013679,1788533123.779266,-0.0133,-0.1835,-0.1835,-0.1835,-0.3229,0,0,0,2.4442,2.1956,-4.8302,-4.8302,-4.3923,0,0,0,4.6664,4.6933,7.0400,7.0400,7.1822,0,0,0,37.5343,35.0538,-42.0645,-36.8699,-26.2948,1,0,0,54.4421,51.0980,61.3176,15.1962,8.1464,1,1,0,-23.6656,-22.7680,-27.3216,-27.3216,-20.7977,0,0,0
24.022293,1788533123.779266,-0.0133,-0.1753,-0.1753,-0.1753,-0.3170,0,0,0,2.4442,2.2075,-4.8565,-4.8565,-4.4218,0,0,0,4.6664,4.6920,7.0381,7.0381,7.1646,0,0,0,37.5343,35.1813,-42.2175,-37.5899,-27.0321,1,0,0,54.4421,51.2749,61.5299,15.6762,8.6391,1,1,0,-23.6656,-22.8130,-27.3756,-27.3756,-21.4241,0,0,0
24.030373,1788533123.779266,-0.0133,-0.1676,-0.1676,-0.1676,-0.3103,0,0,0,2.4442,2.2188,-4.8815,-4.8815,-4.4512,0,0,0,4.6664,4.6908,7.0362,7.0362,7.1488,0,0,0,37.5343,35.3020,-42.3624,-38.3099,-27.7692,1,0,0,54.4421,51.4421,61.7305,16.1562,9.1314,1,1,0,-23.6656,-22.8558,-27.4269,-27.4269,-22.0149,0,0,0
24.037591,1788533123.804193,0.0639,-0.1362,-0.1362,-0.1362,-0.3029,0,0,0,2.4614,2.2518,-4.9539,-4.9539,-4.4809,0,0,0,4.8654,4.7145,7.0717,7.0717,7.1345,0,0,0,45.7935,36.8109,-44.1730,-39.0299,-28.5069,1,0,0,53.1465,51.6916,62.0300,16.6362,9.6238,1,1,0,-30.3246,-23.9087,-28.6905,-28.1469,-22.5692,1,0,0
24.045598,1788533123.804193,0.0639,-0.1266,-0.1266,-0.1266,-0.2948,0,0,0,2.4614,2.2618,-4.9760,-4.9760,-4.5107,0,0,0,4.8654,4.7217,7.0826,7.0826,7.1217,0,0,0,45.7935,37.2716,-44.7260,-39.7499,-29.2446,1,0,0,53.1465,51.7673,62.1208,17.1162,10.1161,1,1,0,-30.3246,-24.2305,-29.0766,-28.8669,-23.0865,1,0,0
24.053609,1788533123.819727,0.0754,-0.1086,-0.1086,-0.1086,-0.2861,0,0,0,2.5062,2.2836,-5.0239,-5.0239,-4.5408,0,0,0,4.9111,4.7386,7.1078,7.1078,7.1103,0,0,0,45.7774,38.0793,-45.6951,-40.4699,-29.9822,1,0,0,52.6388,51.8507,62.2208,17.5962,10.6081,1,1,0,-30.1092,-24.7769,-29.7323,-29.5869,-23.5700,1,0,0
24.061608,1788533123.819727,0.0754,-0.0998,-0.0998,-0.0998,-0.2767,0,0,0,2.5062,2.2943,-5.0474,-5.0474,-4.5716,0,0,0,4.9111,4.7468,7.1202,7.1202,7.1008,0,0,0,45.7774,38.4746,-46.1695,-41.1899,-30.7192,1,0,0,52.6388,51.8913,62.2696,18.0762,11.0997,1,1,0,-30.1092,-25.0446,-30.0535,-30.0535,-24.0305,0,0,0
24.069687,1788533123.835804,0.0754,-0.0837,-0.0837,-0.0837,-0.2666,0,0,0,2.5062,2.3138,-5.0903,-5.0903,-4.6029,0,0,0,4.9111,4.7619,7.1429,7.1429,7.0932,0,0,0,45.7774,39.1899,-47.0278,-41.9099,-31.4556,1,0,0,52.6388,51.9644,62.3573,18.5562,11.5907,1,1,0,-30.1092,-25.5304,-30.6365,-30.6365,-24.4776,0,0,0
24.077980,1788533123.835804,0.0754,-0.0761,-0.0761,-0.0761,-0.2560,0,0,0,2.5062,2.3230,-5.1106,-5.1106,-4.6348,0,0,0,4.9111,4.7690,7.1536,7.1536,7.0875,0,0,0,45.7774,39.5279,-47.4335,-42.6299,-32.1912,1,0,0,52.6388,51.9989,62.3986,19.0362,12.0810,1,1,0,-30.1092,-25.7602,-30.9122,-30.9122,-24.9175,0,0,0
24.086413,1788533123.850763,0.0667,-0.0638,-0.0638,-0.0638,-0.2477,0,0,0,2.5640,2.3438,-5.1563,-5.1563,-4.6590,0,0,0,4.8534,4.7763,7.1644,7.1644,7.0845,0,0,0,45.9847,40.1200,-48.1440,-43.3499,-32.7423,1,0,0,53.1132,52.1003,62.5204,19.5162,12.4483,1,1,0,-30.5716,-26.1925,-31.4310,-31.4310,-25.2446,0,0,0
24.093989,1788533123.859531,0.0624,-0.0572,-0.0572,-0.0572,-0.2363,0,0,0,2.5640,2.3553,-5.1816,-5.1816,-4.6916,0,0,0,4.8534,4.7803,7.1705,7.1705,7.0821,0,0,0,46.0665,40.4524,-48.5429,-44.0699,-33.4762,1,0,0,53.1461,52.1581,62.5898,19.9962,12.9375,1,1,0,-30.6425,-26.4360,-31.7232,-31.7232,-25.6788,0,0,0
24.102222,1788533123.859531,0.0624,-0.0515,-0.0515,-0.0515,-0.2304,0,0,0,2.5640,2.3653,-5.2036,-5.2036,-4.7080,0,0,0,4.8534,4.7838,7.1757,7.1757,7.0816,0,0,0,46.0665,40.7402,-48.8883,-44.7899,-33.8428,1,0,0,53.1461,52.2081,62.6498,20.4762,13.1818,1,1,0,-30.6425,-26.6471,-31.9766,-31.9766,-25.8947,0,0,0
24.109733,1788533123.859531,0.0624,-0.0460,-0.0460,-0.0460,-0.2126,0,0,0,2.5640,2.3748,-5.2246,-5.2246,-4.7575,0,0,0,4.8534,4.7871,7.1807,7.1807,7.0825,0,0,0,46.0665,41.0134,-49.2161,-45.5099,-34.9393,1,0,0,53.1461,52.2555,62.7066,20.9562,13.9125,1,1,0,-30.6425,-26.8478,-32.2173,-32.2173,-26.5381,0,0,0
24.118253,1788533123.882854,0.0624,-0.0321,-0.0321,-0.0321,-0.2006,0,0,0,2.5256,2.3941,-5.2671,-5.2671,-4.7905,0,0,0,4.8488,4.7950,7.1925,7.1925,7.0847,0,0,0,46.2417,41.7217,-50.0660,-46.2299,-35.6621,1,0,0,53.1707,52.3777,62.8532,21.4362,14.3942,1,1,0,-30.7410,-27.3660,-32.8392,-32.8392,-26.9601,0,0,0
24.125766,1788533123.892379,0.0624,-0.0268,-0.0268,-0.0268,-0.1886,0,0,0,2.5256,2.4016,-5.2835,-5.2835,-4.8237,0,0,0,4.8488,4.7981,7.1971,7.1971,7.0881,0,0,0,46.2417,41.9934,-50.3921,-46.9499,-36.3941,1,0,0,53.1707,52.4245,62.9095,21.9162,14.8820,1,1,0,-30.7410,-27.5652,-33.0782,-33.0782,-27.3809,0,0,0
24.134097,1788533123.900217,0.0624,-0.0226,-0.0226,-0.0226,-0.1765,0,0,0,2.5256,2.4074,-5.2963,-5.2963,-4.8574,0,0,0,4.8488,4.8004,7.2007,7.2007,7.0926,0,0,0,46.2417,42.2058,-50.6469,-47.6699,-37.1375,1,0,0,53.1707,52.4611,62.9534,22.3962,15.3774,1,1,0,-30.7410,-27.7210,-33.2652,-33.2652,-27.8036,0,0,0
24.141861,1788533123.907218,0.0624,-0.0190,-0.0190,-0.0190,-0.1644,0,0,0,2.5256,2.4124,-5.3073,-5.3073,-4.8911,0,0,0,4.8488,4.8025,7.2037,7.2037,7.0979,0,0,0,46.2417,42.3870,-50.8643,-48.3899,-37.8893,1,0,0,53.1707,52.4923,62.9908,22.8762,15.8784,1,1,0,-30.7410,-27.8540,-33.4249,-33.4249,-28.2258,0,0,0
24.150472,1788533123.915900,0.0624,-0.0148,-0.0148,-0.0148,-0.1555,0,0,0,2.5256,2.4183,-5.3202,-5.3202,-4.9162,0,0,0,4.8488,4.8049,7.2073,7.2073,7.1023,0,0,0,46.2417,42.5992,-51.1190,-49.1099,-38.4573,1,0,0,53.1707,52.5289,63.0347,23.3562,16.2568,1,1,0,-30.7410,-28.0101,-33.6121,-33.6121,-28.5397,0,0,0
24.158561,1788533123.923685,0.0624,-0.0112,-0.0112,-0.0112,-0.1438,0,0,0,2.5256,2.4233,-5.3312,-5.3312,-4.9491,0,0,0,4.8488,4.8069,7.2104,7.2104,7.1086,0,0,0,46.2417,42.7799,-51.3359,-49.8299,-39.2184,1,0,0,53.1707,52.5600,63.0720,23.8362,16.7640,1,1,0,-30.7410,-28.1432,-33.7718,-33.7718,-28.9518,0,0,0
24.166174,1788533123.923685,0.0624,-0.0077,-0.0077,-0.0077,-0.1324,0,0,0,2.5256,2.4282,-5.3420,-5.3420,-4.9813,0,0,0,4.8488,4.8089,7.2134,7.2134,7.1152,0,0,0,46.2417,42.9561,-51.5473,-50.5499,-39.9823,1,0,0,53.1707,52.5904,63.1085,24.3162,17.2731,1,1,0,-30.7410,-28.2731,-33.9277,-33.9277,-29.3542,0,0,0
24.173872,1788533123.939382,0.0624,-0.0014,-0.0014,-0.0014,-0.1214,0,0,0,2.5256,2.4369,-5.3613,-5.3613,-5.0125,0,0,0,4.8488,4.8125,7.2188,7.2188,7.1220,0,0,0,46.2417,43.2678,-51.9214,-51.2699,-40.7477,1,0,0,53.1707,52.6443,63.1731,24.7962,17.7831,1,1,0,-30.7410,-28.5036,-34.2043,-34.2043,-29.7450,0,0,0
24.181965,1788533123.946996,0.0611,0.0015,0.0015,0.0015,-0.1108,0,0,0,2.5099,2.4403,-5.3686,-5.3686,-5.0426,0,0,0,4.6897,4.8069,7.2104,7.2104,7.1289,0,0,0,46.5254,43.4254,-52.1105,-51.9899,-41.5133,1,0,0,54.0725,52.7118,63.2541,25.2762,18.2934,1,1,0,-31.1909,-28.6314,-34.3577,-34.3577,-30.1227,0,0,0
24.190565,1788533123.946996,0.0611,0.0043,0.0043,0.0043,-0.1007,0,0,0,2.5099,2.4436,-5.3760,-5.3760,-5.0715,0,0,0,4.6897,4.8013,7.2019,7.2019,7.1359,0,0,0,46.5254,43.5825,-52.2990,-52.2990,-42.2785,0,0,0,54.0725,52.7791,63.3350,25.7562,18.8033,1,1,0,-31.1909,-28.7591,-34.5109,-34.5109,-30.4877,0,0,0
24.198569,1788533123.963772,0.0249,0.0063,0.0063,0.0063,-0.0910,0,0,0,2.4763,2.4467,-5.3828,-5.3828,-5.0993,0,0,0,4.6180,4.7838,7.1757,7.1757,7.1426,0,0,0,46.5511,43.8803,-52.6564,-52.6564,-43.0420,0,0,0,54.0108,52.9001,63.4801,26.2362,19.3124,1,1,0,-31.2462,-29.0051,-34.8062,-34.8062,-30.8397,0,0,0
24.205748,1788533123.971780,0.0249,0.0072,0.0072,0.0072,-0.0818,0,0,0,2.4763,2.4482,-5.3860,-5.3860,-5.1258,0,0,0,4.6180,4.7759,7.1638,7.1638,7.1490,0,0,0,46.5511,44.0152,-52.8182,-52.8182,-43.7984,0,0,0,54.0108,52.9550,63.5460,26.7162,19.8200,1,1,0,-31.2462,-29.1167,-34.9400,-34.9400,-31.1779,0,0,0
24.214396,1788533123.979928,0.0249,0.0081,0.0081,0.0081,-0.0731,0,0,0,2.4763,2.4495,-5.3890,-5.3890,-5.1509,0,0,0,4.6180,4.7682,7.1523,7.1523,7.1548,0,0,0,46.5511,44.1453,-52.9743,-52.9743,-44.5384,0,0,0,54.0108,53.0080,63.6096,27.1962,20.3211,1,1,0,-31.2462,-29.2244,-35.0693,-35.0693,-31.5007,0,0,0
24.222697,1788533123.987607,0.0249,0.0088,0.0088,0.0088,-0.0669,0,0,0,2.4763,2.4508,-5.3917,-5.3917,-5.1688,0,0,0,4.6180,4.7613,7.1419,7.1419,7.1587,0,0,0,46.5511,44.2619,-53.1142,-53.1142,-45.0804,0,0,0,54.0108,53.0555,63.6666,27.6762,20.6947,1,1,0,-31.2462,-29.3211,-35.1853,-35.1853,-31.7343,0,0,0
24.230409,1788533123.995925,0.0249,0.0096,0.0096,0.0096,-0.0591,0,0,0,2.4763,2.4520,-5.3945,-5.3945,-5.1913,0,0,0,4.6180,4.7541,7.1312,7.1312,7.1627,0,0,0,46.5511,44.3814,-53.2577,-53.2577,-45.7831,0,0,0,54.0108,53.1043,63.7252,28.1562,21.1929,1,1,0,-31.2462,-29.4203,-35.3044,-35.3044,-32.0356,0,0,0
24.237965,1788533123.995925,0.0249,0.0104,0.0104,0.0104,-0.0518,0,0,0,2.4763,2.4532,-5.3970,-5.3970,-5.2124,0,0,0,4.6180,4.7476,7.1214,7.1214,7.1657,0,0,0,46.5511,44.4905,-53.3886,-53.3886,-46.4589,0,0,0,54.0108,53.1489,63.7787,28.6362,21.6910,1,1,0,-31.2462,-29.5110,-35.4131,-35.4131,-32.3250,0,0,0
24.246680,1788533124.012056,0.0249,0.0117,0.0117,0.0117,-0.0451,0,0,0,2.4763,2.4553,-5.4017,-5.4017,-5.2321,0,0,0,4.6180,4.7357,7.1035,7.1035,7.1674,0,0,0,46.5511,44.6887,-53.6264,-53.6264,-47.1044,0,0,0,54.0108,53.2302,63.8762,29.1162,22.1886,1,1,0,-31.2462,-29.6760,-35.6112,-35.6112,-32.6021,0,0,0
24.254364,1788533124.012056,0.0249,0.0123,0.0123,0.0123,-0.0404,0,0,0,2.4763,2.4563,-5.4039,-5.4039,-5.2458,0,0,0,4.6180,4.7301,7.0951,7.0951,7.1680,0,0,0,46.5511,44.7819,-53.7383,-53.7383,-47.5669,0,0,0,54.0108,53.2685,63.9222,29.5962,22.5614,1,1,0,-31.2462,-29.7537,-35.7045,-35.7045,-32.8016,0,0,0
24.262371,1788533124.012056,0.0249,0.0129,0.0129,0.0129,-0.0345,0,0,0,2.4763,2.4573,-5.4060,-5.4060,-5.2630,0,0,0,4.6180,4.7247,7.0870,7.0870,7.1679,0,0,0,46.5511,44.8704,-53.8445,-53.8445,-48.1549,0,0,0,54.0108,53.3049,63.9659,30.0762,23.0578,1,1,0,-31.2462,-29.8276,-35.7931,-35.7931,-33.0572,0,0,0
24.270067,1788533124.035568,0.0458,0.0172,0.0172,0.0172,-0.0291,0,0,0,2.3991,2.4498,-5.3895,-5.3895,-5.2788,0,0,0,4.5353,4.7003,7.0504,7.0504,7.1666,0,0,0,47.2209,45.1843,-54.2212,-54.2212,-48.7101,0,0,0,54.5513,53.4686,64.1623,30.5562,23.5533,1,1,0,-31.6973,-30.0750,-36.0900,-36.0900,-33.3017,0,0,0
24.277762,1788533124.044267,0.0430,0.0185,0.0185,0.0185,-0.0242,0,0,0,2.3574,2.4450,-5.3790,-5.3790,-5.2934,0,0,0,4.6155,4.6959,7.0438,7.0438,7.1643,0,0,0,47.2979,45.2982,-54.3579,-54.3579,-49.2321,0,0,0,54.7718,53.5376,64.2451,31.0362,24.0479,1,1,0,-31.8104,-30.1676,-36.2011,-36.2011,-33.5351,0,0,0
24.286829,1788533124.051959,0.0430,0.0196,0.0196,0.0196,-0.0197,0,0,0,2.3574,2.4410,-5.3701,-5.3701,-5.3067,0,0,0,4.6155,4.6922,7.0383,7.0383,7.1610,0,0,0,47.2979,45.3941,-54.4729,-54.4729,-49.7223,0,0,0,54.7718,53.5958,64.3149,31.5162,24.5414,1,1,0,-31.8104,-30.2456,-36.2948,-36.2948,-33.7582,0,0,0
24.293871,1788533124.051959,0.0430,0.0208,0.0208,0.0208,-0.0165,0,0,0,2.3574,2.4370,-5.3613,-5.3613,-5.3156,0,0,0,4.6155,4.6885,7.0328,7.0328,7.1578,0,0,0,47.2979,45.4888,-54.5866,-54.5866,-50.0713,0,0,0,54.7718,53.6533,64.3839,31.9962,24.9109,1,1,0,-31.8104,-30.3227,-36.3873,-36.3873,-33.9204,0,0,0
24.301883,1788533124.068020,0.0430,0.0228,0.0228,0.0228,-0.0126,0,0,0,2.3574,2.4297,-5.3453,-5.3453,-5.3263,0,0,0,4.6155,4.6818,7.0227,7.0227,7.1525,0,0,0,47.2979,45.6605,-54.7926,-54.7926,-50.5123,0,0,0,54.7718,53.7578,64.5093,32.4762,25.4026,1,1,0,-31.8104,-30.4627,-36.5553,-36.5553,-34.1298,0,0,0
24.310457,1788533124.068020,0.0430,0.0238,0.0238,0.0238,-0.0089,0,0,0,2.3574,2.4262,-5.3376,-5.3376,-5.3353,0,0,0,4.6155,4.6786,7.0180,7.0180,7.1464,0,0,0,47.2979,45.7417,-54.8900,-54.8900,-50.9256,0,0,0,54.7718,53.8073,64.5688,32.9562,25.8922,1,1,0,-31.8104,-30.5290,-36.6348,-36.6348,-34.3310,0,0,0
24.317436,1788533124.068020,0.0430,0.0247,0.0247,0.0247,-0.0056,0,0,0,2.3574,2.4229,-5.3304,-5.3304,-5.3430,0,0,0,4.6155,4.6756,7.0134,7.0134,7.1397,0,0,0,47.2979,45.8188,-54.9826,-54.9826,-51.3113,0,0,0,54.7718,53.8544,64.6253,33.4362,26.3753,1,1,0,-31.8104,-30.5920,-36.7104,-36.7104,-34.5231,0,0,0
24.326199,1788533124.092237,0.0430,0.0271,0.0271,0.0271,-0.0025,0,0,0,2.3574,2.4143,-5.3114,-5.3114,-5.3490,0,0,0,4.6155,4.6677,7.0015,7.0015,7.1325,0,0,0,47.2979,46.0198,-55.2238,-55.2238,-51.6727,0,0,0,54.7718,53.9775,64.7730,33.9162,26.8576,1,1,0,-31.8104,-30.7565,-36.9078,-36.9078,-34.7081,0,0,0
24.334188,1788533124.100315,0.0430,0.0279,0.0279,0.0279,0.0004,0,0,0,2.3574,2.4115,-5.3053,-5.3053,-5.3536,0,0,0,4.6155,4.6651,6.9977,6.9977,7.1248,0,0,0,47.2979,46.0835,-55.3002,-55.3002,-52.0112,0,0,0,54.7718,54.0165,64.8198,34.3962,27.3408,1,1,0,-31.8104,-30.8086,-36.9703,-36.9703,-34.8862,0,0,0
24.342694,1788533124.108305,0.0430,0.0286,0.0286,0.0286,0.0031,0,0,0,2.3574,2.4089,-5.2996,-5.2996,-5.3567,0,0,0,4.6155,4.6628,6.9942,6.9942,7.1169,0,0,0,47.2979,46.1433,-55.3720,-55.3720,-52.3278,0,0,0,54.7718,54.0533,64.8639,34.8762,27.8245,1,1,0,-31.8104,-30.8576,-37.0291,-37.0291,-35.0575,0,0,0
24.350707,1788533124.108305,0.0430,0.0293,0.0293,0.0293,0.0056,0,0,0,2.3574,2.4065,-5.2942,-5.2942,-5.3584,0,0,0,4.6155,4.6605,6.9908,6.9908,7.1087,0,0,0,47.2979,46.2002,-55.4402,-55.4402,-52.6253,0,0,0,54.7718,54.0882,64.9059,35.3562,28.3085,1,1,0,-31.8104,-30.9043,-37.0851,-37.0851,-35.2233,0,0,0
24.358708,1788533124.123816,0.0430,0.0305,0.0305,0.0305,0.0079,0,0,0,2.3574,2.4021,-5.2846,-5.2846,-5.3588,0,0,0,4.6155,4.6565,6.9848,6.9848,7.1003,0,0,0,47.2979,46.3003,-55.5603,-55.5603,-52.9043,0,0,0,54.7718,54.1499,64.9798,35.8362,28.7928,1,1,0,-31.8104,-30.9864,-37.1837,-37.1837,-35.3832,0,0,0
24.365712,1788533124.123816,0.0430,0.0311,0.0311,0.0311,0.0096,0,0,0,2.3574,2.4000,-5.2799,-5.2799,-5.3583,0,0,0,4.6155,4.6545,6.9818,6.9818,7.0941,0,0,0,47.2979,46.3493,-55.6192,-55.6192,-53.1018,0,0,0,54.7718,54.1801,65.0161,36.3162,29.1561,1,1,0,-31.8104,-31.0267,-37.2320,-37.2320,-35.4991,0,0,0
24.374752,1788533124.139339,0.0430,0.0322,0.0322,0.0322,0.0117,0,0,0,2.3574,2.3962,-5.2716,-5.2716,-5.3569,0,0,0,4.6155,4.6511,6.9766,6.9766,7.0857,0,0,0,47.2979,46.4357,-55.7228,-55.7228,-53.3499,0,0,0,54.7718,54.2334,65.0801,36.7962,29.6410,1,1,0,-31.8104,-31.0976,-37.3171,-37.3171,-35.6479,0,0,0
24.382771,1788533124.139339,0.0430,0.0327,0.0327,0.0327,0.0137,0,0,0,2.3574,2.3943,-5.2675,-5.2675,-5.3545,0,0,0,4.6155,4.6494,6.9741,6.9741,7.0774,0,0,0,47.2979,46.4780,-55.7736,-55.7736,-53.5824,0,0,0,54.7718,54.2595,65.1114,37.2762,30.1313,1,1,0,-31.8104,-31.1324,-37.3589,-37.3589,-35.7911,0,0,0
24.390774,1788533124.155892,0.0151,0.0310,0.0310,0.0310,0.0155,0,0,0,2.2539,2.3811,-5.2384,-5.2384,-5.3512,0,0,0,4.5305,4.6382,6.9572,6.9572,7.0692,0,0,0,47.1435,46.5421,-55.8505,-55.8505,-53.8008,0,0,0,54.8380,54.3147,65.1777,37.7562,30.6284,1,1,0,-31.7692,-31.1934,-37.4321,-37.4321,-35.9291,0,0,0
24.398301,1788533124.155892,0.0151,0.0303,0.0303,0.0303,0.0172,0,0,0,2.2539,2.3750,-5.2250,-5.2250,-5.3471,0,0,0,4.5305,4.6330,6.9495,6.9495,7.0612,0,0,0,47.1435,46.5715,-55.8858,-55.8858,-54.0057,0,0,0,54.8380,54.3401,65.2081,38.2362,31.1306,1,1,0,-31.7692,-31.2214,-37.4657,-37.4657,-36.0618,0,0,0
24.406852,1788533124.172424,0.0169,0.0290,0.0290,0.0290,0.0188,0,0,0,2.2572,2.3639,-5.2006,-5.2006,-5.3422,0,0,0,4.5475,4.6250,6.9374,6.9374,7.0532,0,0,0,47.2085,46.6326,-55.9591,-55.9591,-54.1976,0,0,0,54.8380,54.3875,65.2650,38.7162,31.6359,1,1,0,-31.7700,-31.2739,-37.5286,-37.5286,-36.1889,0,0,0
24.414380,1788533124.179974,0.0169,0.0285,0.0285,0.0285,0.0203,0,0,0,2.2572,2.3591,-5.1900,-5.1900,-5.3366,0,0,0,4.5475,4.6214,6.9322,6.9322,7.0452,0,0,0,47.2085,46.6592,-55.9911,-55.9911,-54.3765,0,0,0,54.8380,54.4081,65.2897,39.1962,32.1385,1,1,0,-31.7700,-31.2967,-37.5560,-37.5560,-36.3101,0,0,0
24.422875,1788533124.188498,0.0169,0.0279,0.0279,0.0279,0.0216,0,0,0,2.2572,2.3539,-5.1786,-5.1786,-5.3300,0,0,0,4.5475,4.6177,6.9265,6.9265,7.0372,0,0,0,47.2085,46.6877,-56.0252,-56.0252,-54.5432,0,0,0,54.8380,54.4302,65.3163,39.6762,32.6410,1,1,0,-31.7700,-31.3211,-37.5853,-37.5853,-36.4255,0,0,0
24.430418,1788533124.195999,0.0098,0.0271,0.0271,0.0271,0.0225,0,0,0,2.2383,2.3487,-5.1671,-5.1671,-5.3244,0,0,0,4.5397,4.6142,6.9213,6.9213,7.0312,0,0,0,46.9832,46.7012,-56.0415,-56.0415,-54.6609,0,0,0,54.5228,54.4344,65.3213,40.1562,33.0194,1,1,0,-31.8121,-31.3435,-37.6122,-37.6122,-36.5084,0,0,0
24.438984,1788533124.203532,0.0033,0.0260,0.0260,0.0260,0.0235,0,0,0,2.2460,2.3441,-5.1569,-5.1569,-5.3162,0,0,0,4.5413,4.6109,6.9163,6.9163,7.0231,0,0,0,47.0199,46.7159,-56.0591,-56.0591,-54.8080,0,0,0,54.6454,54.4441,65.3329,40.6362,33.5252,1,1,0,-31.8837,-31.3683,-37.6420,-37.6420,-36.6138,0,0,0
24.446509,1788533124.211102,0.0033,0.0249,0.0249,0.0249,0.0244,0,0,0,2.2460,2.3396,-5.1471,-5.1471,-5.3074,0,0,0,4.5413,4.6077,6.9116,6.9116,7.0151,0,0,0,47.0199,46.7299,-56.0759,-56.0759,-54.9444,0,0,0,54.6454,54.4533,65.3440,41.1162,34.0318,1,1,0,-31.8837,-31.3920,-37.6705,-37.6705,-36.7133,0,0,0
24.454508,1788533124.211102,0.0033,0.0239,0.0239,0.0239,0.0251,0,0,0,2.2460,2.3351,-5.1373,-5.1373,-5.2979,0,0,0,4.5413,4.6045,6.9068,6.9068,7.0071,0,0,0,47.0199,46.7441,-56.0929,-56.0929,-55.0702,0,0,0,54.6454,54.4626,65.3551,41.5962,34.5385,1,1,0,-31.8837,-31.4159,-37.6991,-37.6991,-36.8071,0,0,0
24.462508,1788533124.228626,0.0033,0.0219,0.0219,0.0219,0.0257,0,0,0,2.2460,2.3263,-5.1178,-5.1178,-5.2880,0,0,0,4.5413,4.5983,6.8974,6.8974,6.9993,0,0,0,47.0199,46.7718,-56.1262,-56.1262,-55.1859,0,0,0,54.6454,54.4809,65.3771,42.0762,35.0448,1,1,0,-31.8837,-31.4629,-37.7554,-37.7554,-36.8951,0,0,0
24.470510,1788533124.235628,0.0033,0.0211,0.0211,0.0211,0.0261,0,0,0,2.2460,2.3229,-5.1104,-5.1104,-5.2776,0,0,0,4.5413,4.5959,6.8938,6.8938,6.9916,0,0,0,47.0199,46.7824,-56.1389,-56.1389,-55.2920,0,0,0,54.6454,54.4879,65.3855,42.5562,35.5505,1,1,0,-31.8837,-31.4808,-37.7770,-37.7770,-36.9777,0,0,0
24.478508,1788533124.235628,0.0033,0.0202,0.0202,0.0202,0.0264,0,0,0,2.2460,2.3192,-5.1023,-5.1023,-5.2670,0,0,0,4.5413,4.5932,6.8899,6.8899,6.9840,0,0,0,47.0199,46.7940,-56.1527,-56.1527,-55.3891,0,0,0,54.6454,54.4955,65.3946,43.0362,36.0550,1,1,0,-31.8837,-31.5003,-37.8004,-37.8004,-37.0552,0,0,0
24.486660,1788533124.252789,0.0156,0.0198,0.0198,0.0198,0.0265,0,0,0,2.1753,2.3052,-5.0714,-5.0714,-5.2560,0,0,0,4.5450,4.5885,6.8828,6.8828,6.9766,0,0,0,47.0598,46.8202,-56.1842,-56.1842,-55.4780,0,0,0,54.2907,54.4754,65.3705,43.5162,36.5584,1,1,0,-32.0094,-31.5504,-37.8605,-37.8605,-37.1282,0,0,0
24.494668,1788533124.259784,0.0156,0.0196,0.0196,0.0196,0.0265,0,0,0,2.1753,2.2997,-5.0594,-5.0594,-5.2448,0,0,0,4.5450,4.5867,6.8801,6.8801,6.9693,0,0,0,47.0598,46.8304,-56.1964,-56.1964,-55.5591,0,0,0,54.2907,54.4676,65.3611,43.9962,37.0604,1,1,0,-32.0094,-31.5700,-37.8840,-37.8840,-37.1968,0,0,0
24.503170,1788533124.268790,0.0156,0.0194,0.0194,0.0194,0.0264,0,0,0,2.1753,2.2930,-5.0447,-5.0447,-5.2333,0,0,0,4.5450,4.5845,6.8767,6.8767,6.9621,0,0,0,47.0598,46.8428,-56.2114,-56.2114,-55.6331,0,0,0,54.2907,54.4580,65.3496,44.4762,37.5609,1,1,0,-32.0094,-31.5938,-37.9125,-37.9125,-37.2614,0,0,0
24.510680,1788533124.276292,0.0156,0.0192,0.0192,0.0192,0.0262,0,0,0,2.1753,2.2877,-5.0330,-5.0330,-5.2214,0,0,0,4.5450,4.5827,6.8740,6.8740,6.9551,0,0,0,47.0598,46.8527,-56.2232,-56.2232,-55.7006,0,0,0,54.2907,54.4505,65.3406,44.9562,38.0599,1,1,0,-32.0094,-31.6127,-37.9352,-37.9352,-37.3225,0,0,0
24.519426,1788533124.284800,-0.0137,0.0176,0.0176,0.0176,0.0259,0,0,0,2.1775,2.2821,-5.0207,-5.0207,-5.2091,0,0,0,4.5324,4.5801,6.8702,6.8702,6.9483,0,0,0,46.9966,46.8601,-56.2321,-56.2321,-55.7621,0,0,0,54.4683,54.4514,65.3416,45.4362,38.5575,1,1,0,-31.9752,-31.6313,-37.9575,-37.9575,-37.3803,0,0,0
24.527431,1788533124.292556,-0.0137,0.0161,0.0161,0.0161,0.0256,0,0,0,2.1775,2.2773,-5.0100,-5.0100,-5.1966,0,0,0,4.5324,4.5779,6.8669,6.8669,6.9417,0,0,0,46.9966,46.8665,-56.2398,-56.2398,-55.8181,0,0,0,54.4683,54.4522,65.3426,45.9162,39.0535,1,1,0,-31.9752,-31.6474,-37.9769,-37.9769,-37.4350,0,0,0
24.535439,1788533124.292556,-0.0137,0.0147,0.0147,0.0147,0.0252,0,0,0,2.1775,2.2725,-4.9995,-4.9995,-5.1838,0,0,0,4.5324,4.5757,6.8636,6.8636,6.9354,0,0,0,46.9966,46.8728,-56.2473,-56.2473,-55.8690,0,0,0,54.4683,54.4529,65.3435,46.3962,39.5481,1,1,0,-31.9752,-31.6633,-37.9959,-37.9959,-37.4866,0,0,0
24.542963,1788533124.309063,-0.0137,0.0120,0.0120,0.0120,0.0247,0,0,0,2.1775,2.2636,-4.9798,-4.9798,-5.1709,0,0,0,4.5324,4.5717,6.8575,6.8575,6.9292,0,0,0,46.9966,46.8845,-56.2614,-56.2614,-55.9152,0,0,0,54.4683,54.4544,65.3453,46.8762,40.0414,1,1,0,-31.9752,-31.6928,-38.0314,-38.0314,-37.5353,0,0,0
24.550962,1788533124.316083,-0.0137,0.0109,0.0109,0.0109,0.0242,0,0,0,2.1775,2.2599,-4.9718,-4.9718,-5.1579,0,0,0,4.5324,4.5700,6.8550,6.8550,6.9233,0,0,0,46.9966,46.8893,-56.2672,-56.2672,-55.9570,0,0,0,54.4683,54.4550,65.3460,47.3562,40.5333,1,1,0,-31.9752,-31.7049,-38.0458,-38.0458,-37.5812,0,0,0
24.558970,1788533124.325081,-0.0137,0.0096,0.0096,0.0096,0.0236,0,0,0,2.1775,2.2555,-4.9621,-4.9621,-5.1448,0,0,0,4.5324,4.5680,6.8520,6.8520,6.9176,0,0,0,46.9966,46.8951,-56.2741,-56.2741,-55.9948,0,0,0,54.4683,54.4557,65.3468,47.8362,41.0240,1,1,0,-31.9752,-31.7195,-38.0634,-38.0634,-37.6246,0,0,0
24.566969,1788533124.332092,-0.0137,0.0086,0.0086,0.0086,0.0231,0,0,0,2.1775,2.2522,-4.9549,-4.9549,-5.1350,0,0,0,4.5324,4.5665,6.8497,6.8497,6.9134,0,0,0,46.9966,46.8994,-56.2793,-56.2793,-56.0208,0,0,0,54.4683,54.4562,65.3475,48.3162,41.3913,1,1,0,-31.9752,-31.7303,-38.0764,-38.0764,-37.6556,0,0,0
24.575473,1788533124.332092,-0.0137,0.0076,0.0076,0.0076,0.0224,0,0,0,2.1775,2.2486,-4.9470,-4.9470,-5.1218,0,0,0,4.5324,4.5649,6.8473,6.8473,6.9081,0,0,0,46.9966,46.9041,-56.2849,-56.2849,-56.0526,0,0,0,54.4683,54.4568,65.3482,48.7962,41.8800,1,1,0,-31.9752,-31.7422,-38.0906,-38.0906,-37.6951,0,0,0
24.583601,1788533124.349095,-0.0137,0.0055,0.0055,0.0055,0.0216,0,0,0,2.1775,2.2418,-4.9319,-4.9319,-5.1087,0,0,0,4.5324,4.5617,6.8426,6.8426,6.9029,0,0,0,46.9966,46.9131,-56.2957,-56.2957,-56.0813,0,0,0,54.4683,54.4579,65.3495,49.2762,42.3678,1,1,0,-31.9752,-31.7648,-38.1178,-38.1178,-37.7324,0,0,0
24.591608,1788533124.349095,-0.0137,0.0046,0.0046,0.0046,0.0208,0,0,0,2.1775,2.2387,-4.9251,-4.9251,-5.0958,0,0,0,4.5324,4.5603,6.8405,6.8405,6.8979,0,0,0,46.9966,46.9171,-56.3005,-56.3005,-56.1073,0,0,0,54.4683,54.4584,65.3501,49.7562,42.8546,1,1,0,-31.9752,-31.7750,-38.1300,-38.1300,-37.7676,0,0,0
24.599108,1788533124.349095,-0.0137,0.0037,0.0037,0.0037,0.0199,0,0,0,2.1775,2.2358,-4.9187,-4.9187,-5.0830,0,0,0,4.5324,4.5590,6.8385,6.8385,6.8930,0,0,0,46.9966,46.9209,-56.3051,-56.3051,-56.1306,0,0,0,54.4683,54.4589,65.3507,50.2362,43.3406,1,1,0,-31.9752,-31.7846,-38.1415,-38.1415,-37.8009,0,0,0
24.607112,1788533124.372230,-0.0137,0.0015,0.0015,0.0015,0.0189,0,0,0,2.1775,2.2284,-4.9024,-4.9024,-5.0703,0,0,0,4.5324,4.5556,6.8334,6.8334,6.8884,0,0,0,46.9966,46.9306,-56.3167,-56.3167,-56.1518,0,0,0,54.4683,54.4601,65.3521,50.7162,43.8259,1,1,0,-31.9752,-31.8089,-38.1707,-38.1707,-37.8325,0,0,0
24.615213,1788533124.387331,-0.0137,0.0002,0.0002,0.0002,0.0179,0,0,0,2.1775,2.2239,-4.8927,-4.8927,-5.0579,0,0,0,4.5324,4.5536,6.8304,6.8304,6.8839,0,0,0,46.9966,46.9364,-56.3236,-56.3236,-56.1710,0,0,0,54.4683,54.4608,65.3530,51.1962,44.3104,1,1,0,-31.9752,-31.8234,-38.1881,-38.1881,-37.8624,0,0,0
24.623746,1788533124.387331,-0.0137,-0.0005,-0.0005,-0.0005,0.0169,0,0,0,2.1775,2.2217,-4.8878,-4.8878,-5.0457,0,0,0,4.5324,4.5526,6.8289,6.8289,6.8796,0,0,0,46.9966,46.9393,-56.3271,-56.3271,-56.1883,0,0,0,54.4683,54.4612,65.3534,51.6762,44.7944,1,1,0,-31.9752,-31.8307,-38.1969,-38.1969,-37.8907,0,0,0
24.631746,1788533124.387331,-0.0137,-0.0011,-0.0011,-0.0011,0.0158,0,0,0,2.1775,2.2196,-4.8831,-4.8831,-5.0336,0,0,0,4.5324,4.5516,6.8274,6.8274,6.8754,0,0,0,46.9966,46.9420,-56.3304,-56.3304,-56.2042,0,0,0,54.4683,54.4615,65.3538,52.1562,45.2778,1,1,0,-31.9752,-31.8377,-38.2052,-38.2052,-37.9178,0,0,0
24.639282,1788533124.403863,-0.0137,-0.0023,-0.0023,-0.0023,0.0146,0,0,0,2.1775,2.2156,-4.8744,-4.8744,-5.0217,0,0,0,4.5324,4.5498,6.8247,6.8247,6.8714,0,0,0,46.9966,46.9472,-56.3366,-56.3366,-56.2186,0,0,0,54.4683,54.4621,65.3546,52.6362,45.7607,1,1,0,-31.9752,-31.8507,-38.2208,-38.2208,-37.9438,0,0,0
24.647284,1788533124.412408,-0.0137,-0.0029,-0.0029,-0.0029,0.0135,0,0,0,2.1775,2.2137,-4.8701,-4.8701,-5.0100,0,0,0,4.5324,4.5489,6.8234,6.8234,6.8675,0,0,0,46.9966,46.9497,-56.3396,-56.3396,-56.2318,0,0,0,54.4683,54.4625,65.3550,53.1162,46.2431,1,1,0,-31.9752,-31.8571,-38.2285,-38.2285,-37.9685,0,0,0
24.655284,1788533124.421401,-0.0137,-0.0035,-0.0035,-0.0035,0.0123,0,0,0,2.1775,2.2118,-4.8659,-4.8659,-4.9986,0,0,0,4.5324,4.5480,6.8221,6.8221,6.8637,0,0,0,46.9966,46.9522,-56.3427,-56.3427,-56.2439,0,0,0,54.4683,54.4628,65.3553,53.5962,46.7252,1,1,0,-31.9752,-31.8634,-38.2361,-38.2361,-37.9920,0,0,0
24.663285,1788533124.428410,-0.0137,-0.0039,-0.0039,-0.0039,0.0112,0,0,0,2.1775,2.2103,-4.8627,-4.8627,-4.9876,0,0,0,4.5324,4.5474,6.8211,6.8211,6.8600,0,0,0,46.9966,46.9541,-56.3449,-56.3449,-56.2549,0,0,0,54.4683,54.4630,65.3556,54.0762,47.2070,1,1,0,-31.9752,-31.8682,-38.2418,-38.2418,-38.0143,0,0,0
24.671293,1788533124.428410,-0.0137,-0.0044,-0.0044,-0.0044,0.0100,0,0,0,2.1775,2.2087,-4.8592,-4.8592,-4.9769,0,0,0,4.5324,4.5467,6.8200,6.8200,6.8566,0,0,0,46.9966,46.9561,-56.3474,-56.3474,-56.2651,0,0,0,54.4683,54.4633,65.3559,54.5562,47.6885,1,1,0,-31.9752,-31.8733,-38.2480,-38.2480,-38.0356,0,0,0
24.679284,1788533124.428410,-0.0137,-0.0048,-0.0048,-0.0048,0.0089,0,0,0,2.1775,2.2072,-4.8559,-4.8559,-4.9666,0,0,0,4.5324,4.5460,6.8190,6.8190,6.8532,0,0,0,46.9966,46.9581,-56.3497,-56.3497,-56.2743,0,0,0,54.4683,54.4635,65.3562,55.0362,48.1697,1,1,0,-31.9752,-31.8782,-38.2538,-38.2538,-38.0557,0,0,0
24.687291,1788533124.452401,-0.0137,-0.0060,-0.0060,-0.0060,0.0081,0,0,0,2.1775,2.2033,-4.8474,-4.8474,-4.9591,0,0,0,4.5324,4.5442,6.8163,6.8163,6.8508,0,0,0,46.9966,46.9631,-56.3558,-56.3558,-56.2808,0,0,0,54.4683,54.4641,65.3570,55.5162,48.5304,1,1,0,-31.9752,-31.8910,-38.2691,-38.2691,-38.0701,0,0,0
24.695300,1788533124.461416,-0.0137,-0.0064,-0.0064,-0.0064,0.0070,0,0,0,2.1775,2.2020,-4.8443,-4.8443,-4.9495,0,0,0,4.5324,4.5436,6.8153,6.8153,6.8478,0,0,0,46.9966,46.9649,-56.3579,-56.3579,-56.2887,0,0,0,54.4683,54.4644,65.3572,55.9962,49.0113,1,1,0,-31.9752,-31.8955,-38.2746,-38.2746,-38.0883,0,0,0
24.703307,1788533124.469417,-0.0137,-0.0067,-0.0067,-0.0067,0.0059,0,0,0,2.1775,2.2008,-4.8417,-4.8417,-4.9404,0,0,0,4.5324,4.5430,6.8145,6.8145,6.8449,0,0,0,46.9966,46.9665,-56.3598,-56.3598,-56.2960,0,0,0,54.4683,54.4645,65.3575,56.4762,49.4920,1,1,0,-31.9752,-31.8993,-38.2792,-38.2792,-38.1054,0,0,0
24.711631,1788533124.476426,-0.1118,-0.0112,-0.0112,-0.0112,0.0049,0,0,0,2.2203,2.2016,-4.8435,-4.8435,-4.9317,0,0,0,4.6206,4.5463,6.8195,6.8195,6.8422,0,0,0,40.5224,46.6942,-56.0330,-56.0330,-56.3027,0,0,0,54.3291,54.4588,65.3506,56.9562,49.9725,1,1,0,-27.7681,-31.7250,-38.0699,-38.0699,-38.1216,0,0,0
24.719281,1788533124.484749,-0.1118,-0.0162,-0.0162,-0.0162,0.0039,0,0,0,2.2203,2.2025,-4.8456,-4.8456,-4.9234,0,0,0,4.6206,4.5500,6.8250,6.8250,6.8396,0,0,0,40.5224,46.3857,-55.6629,-55.6629,-56.3089,0,0,0,54.3291,54.4524,65.3428,57.4362,50.4529,1,1,0,-27.7681,-31.5279,-37.8335,-37.8335,-38.1369,0,0,0
24.727809,1788533124.484749,-0.1118,-0.0208,-0.0208,-0.0208,0.0031,0,0,0,2.2203,2.2034,-4.8475,-4.8475,-4.9174,0,0,0,4.6206,4.5534,6.8301,6.8301,6.8377,0,0,0,40.5224,46.1024,-55.3229,-55.3229,-56.3130,0,0,0,54.3291,54.4465,65.3358,57.9162,50.8132,1,1,0,-27.7681,-31.3471,-37.6165,-37.6165,-38.1476,0,0,0
24.735812,1788533124.500927,-0.0884,-0.0270,-0.0270,-0.0270,0.0019,0,0,0,2.1750,2.2008,-4.8417,-4.8417,-4.9080,0,0,0,4.6293,4.5604,6.8406,6.8406,6.8349,0,0,0,40.4693,45.5764,-54.6917,-54.6917,-56.3128,0,0,0,54.3624,54.4387,65.3264,58.3962,51.4135,1,1,0,-27.8187,-31.0195,-37.2234,-37.2234,-38.1603,0,0,0
24.742899,1788533124.508945,-0.0884,-0.0299,-0.0299,-0.0299,0.0011,0,0,0,2.1750,2.1995,-4.8390,-4.8390,-4.9027,0,0,0,4.6293,4.5637,6.8455,6.8455,6.8334,0,0,0,40.4693,45.3277,-54.3933,-54.3933,-56.3052,0,0,0,54.3624,54.4350,65.3220,58.8762,51.7736,1,1,0,-27.8187,-30.8647,-37.0376,-37.0376,-38.1625,0,0,0
24.750942,1788533124.508945,-0.0884,-0.0327,-0.0327,-0.0327,-0.0001,0,0,0,2.1750,2.1984,-4.8364,-4.8364,-4.8962,0,0,0,4.6293,4.5668,6.8502,6.8502,6.8317,0,0,0,40.4693,45.0910,-54.1092,-54.1092,-56.2822,0,0,0,54.3624,54.4316,65.3179,59.3562,52.2542,1,1,0,-27.8187,-30.7174,-36.8609,-36.8609,-38.1569,0,0,0
24.758968,1788533124.525072,-0.0884,-0.0379,-0.0379,-0.0379,-0.0016,0,0,0,2.1750,2.1962,-4.8317,-4.8317,-4.8902,0,0,0,4.6293,4.5726,6.8589,6.8589,6.8306,0,0,0,40.4693,44.6579,-53.5895,-53.5895,-56.2365,0,0,0,54.3624,54.4252,65.3102,59.8362,52.7402,1,1,0,-27.8187,-30.4478,-36.5374,-36.5374,-38.1361,0,0,0
24.766960,1788533124.532077,-0.0884,-0.0400,-0.0400,-0.0400,-0.0032,0,0,0,2.1750,2.1953,-4.8297,-4.8297,-4.8846,0,0,0,4.6293,4.5750,6.8624,6.8624,6.8301,0,0,0,40.4693,44.4775,-53.3730,-53.3730,-56.1647,0,0,0,54.3624,54.4225,65.3071,60.0000,53.2331,0,1,0,-27.8187,-30.3356,-36.4027,-36.4027,-38.0983,0,0,0
24.775134,1788533124.532077,-0.0884,-0.0423,-0.0423,-0.0423,-0.0050,0,0,0,2.1750,2.1943,-4.8276,-4.8276,-4.8793,0,0,0,4.6293,4.5776,6.8664,6.8664,6.8301,0,0,0,40.4693,44.2812,-53.1374,-53.1374,-56.0664,0,0,0,54.3624,54.4197,65.3036,60.0000,53.7310,0,1,0,-27.8187,-30.2135,-36.2562,-36.2562,-38.0432,0,0,0
24.783652,1788533124.548257,-0.0884,-0.0466,-0.0466,-0.0466,-0.0071,0,0,0,2.1750,2.1926,-4.8236,-4.8236,-4.8743,0,0,0,4.6293,4.5823,6.8735,6.8735,6.8306,0,0,0,40.4693,43.9215,-52.7058,-52.7058,-55.9437,0,0,0,54.3624,54.4144,65.2973,60.0000,54.2285,0,1,0,-27.8187,-29.9895,-35.9874,-35.9874,-37.9722,0,0,0
24.791655,1788533124.556770,-0.0884,-0.0487,-0.0487,-0.0487,-0.0093,0,0,0,2.1750,2.1917,-4.8217,-4.8217,-4.8696,0,0,0,4.6293,4.5847,6.8771,6.8771,6.8317,0,0,0,40.4693,43.7419,-52.4902,-52.4902,-55.7996,0,0,0,54.3624,54.4117,65.2941,60.0000,54.7180,0,1,0,-27.8187,-29.8777,-35.8532,-35.8532,-37.8873,0,0,0
24.799674,1788533124.564778,-0.0884,-0.0506,-0.0506,-0.0506,-0.0116,0,0,0,2.1750,2.1909,-4.8199,-4.8199,-4.8651,0,0,0,4.6293,4.5869,6.8803,6.8803,6.8332,0,0,0,40.4693,43.5810,-52.2972,-52.2972,-55.6356,0,0,0,54.3624,54.4094,65.2913,60.0000,55.1927,0,1,0,-27.8187,-29.7775,-35.7330,-35.7330,-37.7893,0,0,0
24.807338,1788533124.572796,-0.0884,-0.0524,-0.0524,-0.0524,-0.0141,0,0,0,2.1750,2.1901,-4.8182,-4.8182,-4.8609,0,0,0,4.6293,4.5889,6.8833,6.8833,6.8351,0,0,0,40.4693,43.4278,-52.1133,-52.1133,-55.4558,0,0,0,54.3624,54.4071,65.2885,60.0000,55.6475,0,1,0,-27.8187,-29.6820,-35.6184,-35.6184,-37.6811,0,0,0
24.815384,1788533124.580474,-0.0884,-0.0541,-0.0541,-0.0541,-0.0166,0,0,0,2.1750,2.1894,-4.8167,-4.8167,-4.8569,0,0,0,4.6293,4.5908,6.8861,6.8861,6.8373,0,0,0,40.4693,43.2878,-51.9454,-51.9454,-55.2624,0,0,0,54.3624,54.4051,65.2861,60.0000,56.0789,0,1,0,-27.8187,-29.5948,-35.5138,-35.5138,-37.5638,0,0,0
24.823922,1788533124.588527,-0.0884,-0.0557,-0.0557,-0.0557,-0.0186,0,0,0,2.1750,2.1887,-4.8152,-4.8152,-4.8540,0,0,0,4.6293,4.5926,6.8889,6.8889,6.8392,0,0,0,40.4693,43.1483,-51.7779,-51.7779,-55.1095,0,0,0,54.3624,54.4030,65.2836,60.0000,56.3856,0,1,0,-27.8187,-29.5078,-35.4094,-35.4094,-37.4707,0,0,0
24.831722,1788533124.588527,-0.0884,-0.0573,-0.0573,-0.0573,-0.0212,0,0,0,2.1750,2.1881,-4.8137,-4.8137,-4.8504,0,0,0,4.6293,4.5944,6.8916,6.8916,6.8419,0,0,0,40.4693,43.0164,-51.6196,-51.6196,-54.8975,0,0,0,54.3624,54.4011,65.2813,60.0000,56.7708,0,1,0,-27.8187,-29.4256,-35.3107,-35.3107,-37.3412,0,0,0
24.839628,1788533124.604410,-0.0884,-0.0601,-0.0601,-0.0601,-0.0238,0,0,0,2.1750,2.1869,-4.8111,-4.8111,-4.8470,0,0,0,4.6293,4.5975,6.8963,6.8963,6.8448,0,0,0,40.4693,42.7791,-51.3349,-51.3349,-54.6789,0,0,0,54.3624,54.3976,65.2771,60.0000,57.1281,0,1,0,-27.8187,-29.2774,-35.1329,-35.1329,-37.2072,0,0,0
24.847664,1788533124.604410,-0.0884,-0.0615,-0.0615,-0.0615,-0.0265,0,0,0,2.1750,2.1863,-4.8099,-4.8099,-4.8437,0,0,0,4.6293,4.5991,6.8986,6.8986,6.8479,0,0,0,40.4693,42.6654,-51.1985,-51.1985,-54.4561,0,0,0,54.3624,54.3959,65.2751,60.0000,57.4574,0,1,0,-27.8187,-29.2064,-35.0477,-35.0477,-37.0703,0,0,0
24.856056,1788533124.604410,-0.0884,-0.0628,-0.0628,-0.0628,-0.0291,0,0,0,2.1750,2.1858,-4.8087,-4.8087,-4.8406,0,0,0,4.6293,4.6005,6.9008,6.9008,6.8511,0,0,0,40.4693,42.5573,-51.0688,-51.0688,-54.2301,0,0,0,54.3624,54.3943,65.2731,60.0000,57.7590,0,1,0,-27.8187,-29.1388,-34.9666,-34.9666,-36.9311,0,0,0
24.864040,1788533124.628174,-0.1281,-0.0712,-0.0712,-0.0712,-0.0317,0,0,0,2.2329,2.1919,-4.8222,-4.8222,-4.8377,0,0,0,4.6382,4.6054,6.9081,6.9081,6.8544,0,0,0,40.4475,42.2767,-50.7321,-50.7321,-54.0019,0,0,0,54.5477,54.4142,65.2970,60.0000,58.0339,0,1,0,-28.1022,-29.0022,-34.8027,-34.8027,-36.7903,0,0,0
24.871981,1788533124.628174,-0.1281,-0.0740,-0.0740,-0.0740,-0.0342,0,0,0,2.2329,2.1939,-4.8265,-4.8265,-4.8349,0,0,0,4.6382,4.6070,6.9105,6.9105,6.8578,0,0,0,40.4475,42.1869,-50.6243,-50.6243,-53.7736,0,0,0,54.5477,54.4206,65.3047,60.0000,58.2829,0,1,0,-28.1022,-28.9585,-34.7502,-34.7502,-36.6491,0,0,0
24.879573,1788533124.628174,-0.1281,-0.0766,-0.0766,-0.0766,-0.0368,0,0,0,2.2329,2.1957,-4.8306,-4.8306,-4.8324,0,0,0,4.6382,4.6085,6.9127,6.9127,6.8612,0,0,0,40.4475,42.1015,-50.5218,-50.5218,-53.5451,0,0,0,54.5477,54.4267,65.3120,60.0000,58.5075,0,1,0,-28.1022,-28.9169,-34.7002,-34.7002,-36.5081,0,0,0
24.887596,1788533124.652694,-0.1286,-0.0835,-0.0835,-0.0835,-0.0394,0,0,0,2.2378,2.2013,-4.8429,-4.8429,-4.8303,0,0,0,4.6356,4.6121,6.9181,6.9181,6.8648,0,0,0,40.3240,41.8591,-50.2309,-50.2309,-53.3167,0,0,0,54.5981,54.4496,65.3395,60.0000,58.7089,0,1,0,-28.0388,-28.7982,-34.5578,-34.5578,-36.3678,0,0,0
24.896127,1788533124.661723,-0.1286,-0.0859,-0.0859,-0.0859,-0.0414,0,0,0,2.2378,2.2033,-4.8473,-4.8473,-4.8290,0,0,0,4.6356,4.6134,6.9200,6.9200,6.8675,0,0,0,40.3240,41.7748,-50.1297,-50.1297,-53.1467,0,0,0,54.5981,54.4576,65.3491,60.0000,58.8457,0,1,0,-28.0388,-28.7568,-34.5082,-34.5082,-36.2638,0,0,0
24.903671,1788533124.668244,-0.1286,-0.0876,-0.0876,-0.0876,-0.0442,0,0,0,2.2378,2.2047,-4.8502,-4.8502,-4.8276,0,0,0,4.6356,4.6142,6.9213,6.9213,6.8711,0,0,0,40.3240,41.7163,-50.0596,-50.0596,-52.9220,0,0,0,54.5981,54.4631,65.3557,60.0000,59.0106,0,1,0,-28.0388,-28.7282,-34.4738,-34.4738,-36.1272,0,0,0
24.911901,1788533124.668244,-0.1286,-0.0896,-0.0896,-0.0896,-0.0470,0,0,0,2.2378,2.2062,-4.8537,-4.8537,-4.8269,0,0,0,4.6356,4.6153,6.9229,6.9229,6.8747,0,0,0,40.3240,41.6481,-49.9777,-49.9777,-52.6994,0,0,0,54.5981,54.4696,65.3635,60.0000,59.1567,0,1,0,-28.0388,-28.6947,-34.4337,-34.4337,-35.9931,0,0,0
24.919738,1788533124.685024,-0.1286,-0.0933,-0.0933,-0.0933,-0.0499,0,0,0,2.2378,2.2093,-4.8604,-4.8604,-4.8267,0,0,0,4.6356,4.6172,6.9258,6.9258,6.8783,0,0,0,40.3240,41.5192,-49.8230,-49.8230,-52.4804,0,0,0,54.5981,54.4818,65.3782,60.0000,59.2855,0,1,0,-28.0388,-28.6314,-34.3577,-34.3577,-35.8622,0,0,0
24.927419,1788533124.693515,-0.1286,-0.0951,-0.0951,-0.0951,-0.0528,0,0,0,2.2378,2.2107,-4.8635,-4.8635,-4.8269,0,0,0,4.6356,4.6181,6.9272,6.9272,6.8819,0,0,0,40.3240,41.4573,-49.7488,-49.7488,-52.2666,0,0,0,54.5981,54.4877,65.3853,60.0000,59.3986,0,1,0,-28.0388,-28.6010,-34.3212,-34.3212,-35.7355,0,0,0
24.935403,1788533124.693515,-0.1286,-0.0967,-0.0967,-0.0967,-0.0558,0,0,0,2.2378,2.2120,-4.8664,-4.8664,-4.8276,0,0,0,4.6356,4.6190,6.9284,6.9284,6.8855,0,0,0,40.3240,41.4019,-49.6823,-49.6823,-52.0589,0,0,0,54.5981,54.4930,65.3916,60.0000,59.4975,0,1,0,-28.0388,-28.5738,-34.2886,-34.2886,-35.6135,0,0,0
24.943578,1788533124.693515,-0.1286,-0.0982,-0.0982,-0.0982,-0.0587,0,0,0,2.2378,2.2132,-4.8691,-4.8691,-4.8287,0,0,0,4.6356,4.6198,6.9296,6.9296,6.8890,0,0,0,40.3240,41.3493,-49.6191,-49.6191,-51.8574,0,0,0,54.5981,54.4980,65.3976,60.0000,59.5835,0,1,0,-28.0388,-28.5479,-34.2575,-34.2575,-35.4961,0,0,0
24.952097,1788533124.693515,-0.1286,-0.0997,-0.0997,-0.0997,-0.0617,0,0,0,2.2378,2.2144,-4.8717,-4.8717,-4.8302,0,0,0,4.6356,4.6205,6.9308,6.9308,6.8923,0,0,0,40.3240,41.2992,-49.5590,-49.5590,-51.6629,0,0,0,54.5981,54.5028,65.4034,60.0000,59.6580,0,1,0,-28.0388,-28.5232,-34.2279,-34.2279,-35.3838,0,0,0
24.960131,1788533124.724215,-0.1286,-0.1044,-0.1044,-0.1044,-0.0646,0,0,0,2.2378,2.2182,-4.8800,-4.8800,-4.8320,0,0,0,4.6356,4.6230,6.9344,6.9344,6.8956,0,0,0,40.3240,41.1390,-49.3668,-49.3668,-51.4761,0,0,0,54.5981,54.5182,65.4219,60.0000,59.7221,0,1,0,-28.0388,-28.4442,-34.1330,-34.1330,-35.2768,0,0,0
24.968162,1788533124.733259,-0.1286,-0.1057,-0.1057,-0.1057,-0.0675,0,0,0,2.2378,2.2192,-4.8823,-4.8823,-4.8341,0,0,0,4.6356,4.6236,6.9355,6.9355,6.8988,0,0,0,40.3240,41.0944,-49.3132,-49.3132,-51.2975,0,0,0,54.5981,54.5225,65.4270,60.0000,59.7771,0,1,0,-28.0388,-28.4222,-34.1066,-34.1066,-35.1753,0,0,0
24.976163,1788533124.741277,-0.1286,-0.1068,-0.1068,-0.1068,-0.0696,0,0,0,2.2378,2.2201,-4.8843,-4.8843,-4.8358,0,0,0,4.6356,4.6242,6.9363,6.9363,6.9011,0,0,0,40.3240,41.0568,-49.2681,-49.2681,-51.1688,0,0,0,54.5981,54.5262,65.4314,60.0000,59.8130,0,1,0,-28.0388,-28.4036,-34.0843,-34.0843,-35.1026,0,0,0
24.984179,1788533124.748788,-0.1286,-0.1077,-0.1077,-0.1077,-0.0724,0,0,0,2.2378,2.2209,-4.8860,-4.8860,-4.8383,0,0,0,4.6356,4.6247,6.9371,6.9371,6.9041,0,0,0,40.3240,41.0232,-49.2278,-49.2278,-51.0030,0,0,0,54.5981,54.5294,65.4353,60.0000,59.8543,0,1,0,-28.0388,-28.3870,-34.0644,-34.0644,-35.0097,0,0,0
24.991717,1788533124.756297,-0.1286,-0.1087,-0.1087,-0.1087,-0.0752,0,0,0,2.2378,2.2217,-4.8877,-4.8877,-4.8410,0,0,0,4.6356,4.6252,6.9378,6.9378,6.9069,0,0,0,40.3240,40.9912,-49.1894,-49.1894,-50.8447,0,0,0,54.5981,54.5325,65.4390,60.0000,59.8892,0,1,0,-28.0388,-28.3712,-34.0454,-34.0454,-34.9218,0,0,0
25.000308,1788533124.764836,-0.1286,-0.1097,-0.1097,-0.1097,-0.0779,0,0,0,2.2378,2.2225,-4.8895,-4.8895,-4.8439,0,0,0,4.6356,4.6257,6.9386,6.9386,6.9097,0,0,0,40.3240,40.9566,-49.1480,-49.1480,-50.6937,0,0,0,54.5981,54.5358,65.4430,60.0000,59.9184,0,1,0,-28.0388,-28.3541,-34.0249,-34.0249,-34.8385,0,0,0
25.008322,1788533124.773432,-0.1286,-0.1107,-0.1107,-0.1107,-0.0805,0,0,0,2.2378,2.2233,-4.8912,-4.8912,-4.8468,0,0,0,4.6356,4.6262,6.9394,6.9394,6.9123,0,0,0,40.3240,40.9237,-49.1084,-49.1084,-50.5501,0,0,0,54.5981,54.5390,65.4468,60.0000,59.9426,0,1,0,-28.0388,-28.3378,-34.0054,-34.0054,-34.7599,0,0,0
25.015969,1788533124.781440,-0.2110,-0.1155,-0.1155,-0.1155,-0.0831,0,0,0,2.5092,2.2370,-4.9214,-4.9214,-4.8499,0,0,0,4.7020,4.6299,6.9448,6.9448,6.9148,0,0,0,40.2871,40.8927,-49.0713,-49.0713,-50.4142,0,0,0,54.4453,54.5345,65.4415,60.0000,59.9625,0,1,0,-28.2066,-28.3315,-33.9978,-33.9978,-34.6861,0,0,0
25.023439,1788533124.781440,-0.2110,-0.1200,-0.1200,-0.1200,-0.0855,0,0,0,2.5092,2.2500,-4.9501,-4.9501,-4.8529,0,0,0,4.7020,4.6333,6.9500,6.9500,6.9171,0,0,0,40.2871,40.8633,-49.0359,-49.0359,-50.2859,0,0,0,54.4453,54.5303,65.4363,60.0000,59.9787,0,1,0,-28.2066,-28.3254,-33.9905,-33.9905,-34.6169,0,0,0
25.031886,1788533124.797566,-0.2584,-0.1328,-0.1328,-0.1328,-0.0873,0,0,0,2.5113,2.2741,-5.0030,-5.0030,-4.8553,0,0,0,4.7034,4.6398,6.9597,6.9597,6.9188,0,0,0,40.0613,40.7885,-48.9462,-48.9462,-50.1946,0,0,0,54.5896,54.5357,65.4429,60.0000,59.9887,0,1,0,-28.0137,-28.2966,-33.9559,-33.9559,-34.5679,0,0,0
25.039981,1788533124.805027,-0.2584,-0.1384,-0.1384,-0.1384,-0.0897,0,0,0,2.5113,2.2847,-5.0264,-5.0264,-4.8587,0,0,0,4.7034,4.6426,6.9639,6.9639,6.9210,0,0,0,40.0613,40.7554,-48.9065,-48.9065,-50.0793,0,0,0,54.5896,54.5381,65.4458,60.0000,59.9997,0,1,0,-28.0137,-28.2838,-33.9406,-33.9406,-34.5065,0,0,0
25.047760,1788533124.805027,-0.2584,-0.1442,-0.1442,-0.1442,-0.0921,0,0,0,2.5113,2.2956,-5.0502,-5.0502,-4.8635,0,0,0,4.7034,4.6455,6.9683,6.9683,6.9234,0,0,0,40.0613,40.7218,-48.8661,-48.8661,-49.9701,0,0,0,54.5896,54.5406,65.4487,60.0000,60.0083,0,1,0,-28.0137,-28.2708,-33.9249,-33.9249,-34.4491,0,0,0
25.056298,1788533124.805027,-0.2584,-0.1496,-0.1496,-0.1496,-0.0949,0,0,0,2.5113,2.3059,-5.0730,-5.0730,-4.8700,0,0,0,4.7034,4.6483,6.9725,6.9725,6.9259,0,0,0,40.0613,40.6897,-48.8276,-48.8276,-49.8664,0,0,0,54.5896,54.5430,65.4515,60.0000,60.0148,0,1,0,-28.0137,-28.2584,-33.9101,-33.9101,-34.3955,0,0,0
25.063795,1788533124.805027,-0.2584,-0.1548,-0.1548,-0.1548,-0.0978,0,0,0,2.5113,2.3157,-5.0946,-5.0946,-4.8781,0,0,0,4.7034,4.6509,6.9764,6.9764,6.9285,0,0,0,40.0613,40.6592,-48.7911,-48.7911,-49.7681,0,0,0,54.5896,54.5452,65.4542,60.0000,60.0197,0,1,0,-28.0137,-28.2466,-33.8959,-33.8959,-34.3455,0,0,0
25.072342,1788533124.805027,-0.2584,-0.1598,-0.1598,-0.1598,-0.1010,0,0,0,2.5113,2.3251,-5.1152,-5.1152,-4.8877,0,0,0,4.7034,4.6535,6.9802,6.9802,6.9314,0,0,0,40.0613,40.6302,-48.7563,-48.7563,-49.6751,0,0,0,54.5896,54.5473,65.4568,60.0000,60.0231,0,1,0,-28.0137,-28.2354,-33.8824,-33.8824,-34.2989,0,0,0
25.080095,1788533124.805027,-0.2584,-0.1645,-0.1645,-0.1645,-0.1036,0,0,0,2.5113,2.3340,-5.1349,-5.1349,-4.8958,0,0,0,4.7034,4.6559,6.9838,6.9838,6.9336,0,0,0,40.0613,40.6026,-48.7232,-48.7232,-49.6086,0,0,0,54.5896,54.5493,65.4592,60.0000,60.0249,0,1,0,-28.0137,-28.2247,-33.8696,-33.8696,-34.2660,0,0,0
25.087828,1788533124.805027,-0.2584,-0.1690,-0.1690,-0.1690,-0.1071,0,0,0,2.5113,2.3425,-5.1536,-5.1536,-4.9078,0,0,0,4.7034,4.6581,6.9872,6.9872,6.9367,0,0,0,40.0613,40.5764,-48.6917,-48.6917,-49.5244,0,0,0,54.5896,54.5513,65.4615,60.0000,60.0265,0,1,0,-28.0137,-28.2145,-33.8574,-33.8574,-34.2249,0,0,0
25.095841,1788533124.805027,-0.2584,-0.1733,-0.1733,-0.1733,-0.1109,0,0,0,2.5113,2.3506,-5.1714,-5.1714,-4.9209,0,0,0,4.7034,4.6603,6.9904,6.9904,6.9399,0,0,0,40.0613,40.5514,-48.6617,-48.6617,-49.4449,0,0,0,54.5896,54.5531,65.4637,60.0000,60.0273,0,1,0,-28.0137,-28.2049,-33.8458,-33.8458,-34.1868,0,0,0
25.103876,1788533124.805027,-0.2584,-0.1774,-0.1774,-0.1774,-0.1148,0,0,0,2.5113,2.3583,-5.1883,-5.1883,-4.9351,0,0,0,4.7034,4.6624,6.9935,6.9935,6.9432,0,0,0,40.0613,40.5277,-48.6332,-48.6332,-49.3699,0,0,0,54.5896,54.5549,65.4658,60.0000,60.0274,0,1,0,-28.0137,-28.1956,-33.8348,-33.8348,-34.1513,0,0,0
25.112390,1788533124.805027,-0.2584,-0.1813,-0.1813,-0.1813,-0.1188,0,0,0,2.5113,2.3656,-5.2044,-5.2044,-4.9501,0,0,0,4.7034,4.6643,6.9965,6.9965,6.9465,0,0,0,40.0613,40.5051,-48.6061,-48.6061,-49.2992,0,0,0,54.5896,54.5565,65.4678,60.0000,60.0270,0,1,0,-28.0137,-28.1869,-33.8243,-33.8243,-34.1183,0,0,0
25.120113,1788533124.805027,-0.2584,-0.1850,-0.1850,-0.1850,-0.1229,0,0,0,2.5113,2.3726,-5.2198,-5.2198,-4.9659,0,0,0,4.7034,4.6662,6.9993,6.9993,6.9500,0,0,0,40.0613,40.4836,-48.5803,-48.5803,-49.2326,0,0,0,54.5896,54.5581,65.4697,60.0000,60.0262,0,1,0,-28.0137,-28.1786,-33.8143,-33.8143,-34.0877,0,0,0
25.127619,1788533124.805027,-0.2584,-0.1885,-0.1885,-0.1885,-0.1271,0,0,0,2.5113,2.3793,-5.2344,-5.2344,-4.9822,0,0,0,4.7034,4.6680,7.0020,7.0020,6.9534,0,0,0,40.0613,40.4631,-48.5558,-48.5558,-49.1699,0,0,0,54.5896,54.5596,65.4715,60.0000,60.0251,0,1,0,-28.0137,-28.1706,-33.8047,-33.8047,-34.0593,0,0,0
25.136536,1788533124.805027,-0.2584,-0.1918,-0.1918,-0.1918,-0.1314,0,0,0,2.5113,2.3856,-5.2483,-5.2483,-4.9990,0,0,0,4.7034,4.6697,7.0045,7.0045,6.9569,0,0,0,40.0613,40.4437,-48.5324,-48.5324,-49.1109,0,0,0,54.5896,54.5610,65.4733,60.0000,60.0239,0,1,0,-28.0137,-28.1631,-33.7957,-33.7957,-34.0330,0,0,0
25.144535,1788533124.805027,-0.2584,-0.1950,-0.1950,-0.1950,-0.1357,0,0,0,2.5113,2.3916,-5.2616,-5.2616,-5.0160,0,0,0,4.7034,4.6713,7.0069,7.0069,6.9604,0,0,0,40.0613,40.4252,-48.5102,-48.5102,-49.0553,0,0,0,54.5896,54.5624,65.4749,60.0000,60.0225,0,1,0,-28.0137,-28.1559,-33.7871,-33.7871,-34.0085,0,0,0
25.152184,1788533124.805027,-0.2584,-0.1980,-0.1980,-0.1980,-0.1400,0,0,0,2.5113,2.3974,-5.2742,-5.2742,-5.0333,0,0,0,4.7034,4.6728,7.0092,7.0092,6.9638,0,0,0,40.0613,40.4076,-48.4891,-48.4891,-49.0029,0,0,0,54.5896,54.5637,65.4765,60.0000,60.0210,0,1,0,-28.0137,-28.1490,-33.7788,-33.7788,-33.9857,0,0,0
25.160281,1788533124.805027,-0.2584,-0.2009,-0.2009,-0.2009,-0.1432,0,0,0,2.5113,2.4028,-5.2862,-5.2862,-5.0463,0,0,0,4.7034,4.6743,7.0114,7.0114,6.9664,0,0,0,40.0613,40.3908,-48.4690,-48.4690,-48.9657,0,0,0,54.5896,54.5650,65.4779,60.0000,60.0198,0,1,0,-28.0137,-28.1425,-33.7710,-33.7710,-33.9697,0,0,0
25.168287,1788533124.805027,-0.2584,-0.2037,-0.2037,-0.2037,-0.1475,0,0,0,2.5113,2.4080,-5.2977,-5.2977,-5.0637,0,0,0,4.7034,4.6757,7.0135,7.0135,6.9698,0,0,0,40.0613,40.3749,-48.4499,-48.4499,-48.9185,0,0,0,54.5896,54.5661,65.4794,60.0000,60.0183,0,1,0,-28.0137,-28.1363,-33.7636,-33.7636,-33.9496,0,0,0
25.175794,1788533124.805027,-0.2584,-0.2063,-0.2063,-0.2063,-0.1517,0,0,0,2.5113,2.4130,-5.3086,-5.3086,-5.0810,0,0,0,4.7034,4.6770,7.0155,7.0155,6.9732,0,0,0,40.0613,40.3597,-48.4317,-48.4317,-48.8741,0,0,0,54.5896,54.5673,65.4807,60.0000,60.0168,0,1,0,-28.0137,-28.1304,-33.7565,-33.7565,-33.9309,0,0,0
25.183737,1788533124.805027,-0.2584,-0.2088,-0.2088,-0.2063,-0.1559,0,0,1,2.5113,2.4177,-5.3189,-5.3086,-5.0981,0,0,1,4.7034,4.6783,7.0174,7.0155,6.9765,0,0,1,40.0613,40.3453,-48.4144,-48.4317,-48.8323,0,0,1,54.5896,54.5683,65.4820,60.0000,60.0153,0,0,1,-28.0137,-28.1248,-33.7498,-33.7565,-33.9135,0,0,1
25.192322,1788533124.805027,-0.2584,-0.2112,-0.2112,-0.2063,-0.1600,0,0,1,2.5113,2.4222,-5.3288,-5.3086,-5.1150,0,0,1,4.7034,4.6795,7.0192,7.0155,6.9797,0,0,1,40.0613,40.3316,-48.3979,-48.4317,-48.7929,0,0,1,54.5896,54.5693,65.4832,60.0000,60.0139,0,0,1,-28.0137,-28.1195,-33.7434,-33.7565,-33.8972,0,0,1
25.199843,1788533124.805027,-0.2584,-0.2134,-0.2134,-0.2063,-0.1640,0,0,1,2.5113,2.4264,-5.3382,-5.3086,-5.1316,0,0,1,4.7034,4.6806,7.0209,7.0155,6.9829,0,0,1,40.0613,40.3185,-48.3823,-48.4317,-48.7558,0,0,1,54.5896,54.5703,65.4844,60.0000,60.0125,0,0,1,-28.0137,-28.1144,-33.7373,-33.7565,-33.8821,0,0,1
25.207847,1788533124.805027,-0.2584,-0.2156,-0.2156,-0.2063,-0.1679,0,0,1,2.5113,2.4305,-5.3471,-5.3086,-5.1476,0,0,1,4.7034,4.6817,7.0226,7.0155,6.9859,0,0,1,40.0613,40.3061,-48.3674,-48.4317,-48.7211,0,0,1,54.5896,54.5712,65.4855,60.0000,60.0112,0,0,1,-28.0137,-28.1096,-33.7315,-33.7565,-33.8680,0,0,1
25.216378,1788533124.805027,-0.2584,-0.2176,-0.2176,-0.2063,-0.1716,0,0,1,2.5113,2.4344,-5.3557,-5.3086,-5.1630,0,0,1,4.7034,4.6828,7.0241,7.0155,6.9888,0,0,1,40.0613,40.2943,-48.3532,-48.4317,-48.6890,0,0,1,54.5896,54.5721,65.4865,60.0000,60.0100,0,0,1,-28.0137,-28.1050,-33.7259,-33.7565,-33.8551,0,0,1
25.223897,1788533124.805027,-0.2584,-0.2196,-0.2196,-0.2063,-0.1751,0,0,1,2.5113,2.4381,-5.3638,-5.3086,-5.1775,0,0,1,4.7034,4.6837,7.0256,7.0155,6.9915,0,0,1,40.0613,40.2831,-48.3397,-48.4317,-48.6594,0,0,1,54.5896,54.5730,65.4875,60.0000,60.0089,0,0,1,-28.0137,-28.1006,-33.7207,-33.7565,-33.8433,0,0,1
25.232428,1788533124.805027,-0.2584,-0.2215,-0.2215,-0.2063,-0.1784,0,0,1,2.5113,2.4416,-5.3715,-5.3086,-5.1912,0,0,1,4.7034,4.6847,7.0270,7.0155,6.9941,0,0,1,40.0613,40.2724,-48.3268,-48.4317,-48.6323,0,0,1,54.5896,54.5738,65.4885,60.0000,60.0079,0,0,1,-28.0137,-28.0964,-33.7157,-33.7565,-33.8326,0,0,1
25.239945,1788533124.805027,-0.2584,-0.2232,-0.2232,-0.2063,-0.1814,0,0,1,2.5113,2.4449,-5.3788,-5.3086,-5.2039,0,0,1,4.7034,4.6856,7.0284,7.0155,6.9964,0,0,1,40.0613,40.2622,-48.3146,-48.4317,-48.6077,0,0,1,54.5896,54.5745,65.4894,60.0000,60.0070,0,0,1,-28.0137,-28.0924,-33.7109,-33.7565,-33.8229,0,0,1
25.248485,1788533124.805027,-0.2584,-0.2249,-0.2249,-0.2063,-0.1842,0,0,1,2.5113,2.4481,-5.3858,-5.3086,-5.2156,0,0,1,4.7034,4.6864,7.0296,7.0155,6.9986,0,0,1,40.0613,40.2525,-48.3030,-48.4317,-48.5853,0,0,1,54.5896,54.5752,65.4903,60.0000,60.0061,0,0,1,-28.0137,-28.0886,-33.7064,-33.7565,-33.8141,0,0,1
25.256486,1788533124.805027,-0.2584,-0.2265,-0.2265,-0.2063,-0.1862,0,0,1,2.5113,2.4511,-5.3925,-5.3086,-5.2238,0,0,1,4.7034,4.6872,7.0309,7.0155,7.0001,0,0,1,40.0613,40.2433,-48.2919,-48.4317,-48.5700,0,0,1,54.5896,54.5759,65.4911,60.0000,60.0055,0,0,1,-28.0137,-28.0850,-33.7021,-33.7565,-33.8081,0,0,1
25.264487,1788533124.805027,-0.2584,-0.2280,-0.2280,-0.2063,-0.1886,0,0,1,2.5113,2.4540,-5.3988,-5.3086,-5.2339,0,0,1,4.7034,4.6880,7.0320,7.0155,7.0020,0,0,1,40.0613,40.2345,-48.2814,-48.4317,-48.5514,0,0,1,54.5896,54.5766,65.4919,60.0000,60.0048,0,0,1,-28.0137,-28.0816,-33.6979,-33.7565,-33.8009,0,0,1
25.272488,1788533124.805027,-0.2584,-0.2295,-0.2295,-0.2063,-0.1908,0,0,1,2.5113,2.4568,-5.4049,-5.3086,-5.2431,0,0,1,4.7034,4.6888,7.0331,7.0155,7.0037,0,0,1,40.0613,40.2262,-48.2714,-48.4317,-48.5348,0,0,1,54.5896,54.5772,65.4926,60.0000,60.0042,0,0,1,-28.0137,-28.0784,-33.6940,-33.7565,-33.7945,0,0,1
25.280498,1788533124.805027,-0.2584,-0.2309,-0.2309,-0.2063,-0.1928,0,0,1,2.5113,2.4594,-5.4106,-5.3086,-5.2515,0,0,1,4.7034,4.6895,7.0342,7.0155,7.0052,0,0,1,40.0613,40.2182,-48.2619,-48.4317,-48.5201,0,0,1,54.5896,54.5778,65.4934,60.0000,60.0036,0,0,1,-28.0137,-28.0753,-33.6903,-33.7565,-33.7889,0,0,1
25.287994,1788533124.805027,-0.2584,-0.2322,-0.2322,-0.2063,-0.1946,0,0,1,2.5113,2.4619,-5.4161,-5.3086,-5.2590,0,0,1,4.7034,4.6901,7.0352,7.0155,7.0066,0,0,1,40.0613,40.2107,-48.2528,-48.4317,-48.5070,0,0,1,54.5896,54.5784,65.4940,60.0000,60.0031,0,0,1,-28.0137,-28.0723,-33.6868,-33.7565,-33.7839,0,0,1
25.295993,1788533124.805027,-0.2584,-0.2335,-0.2335,-0.2063,-0.1962,0,0,1,2.5113,2.4642,-5.4213,-5.3086,-5.2657,0,0,1,4.7034,4.6908,7.0361,7.0155,7.0078,0,0,1,40.0613,40.2035,-48.2442,-48.4317,-48.4954,0,0,1,54.5896,54.5789,65.4947,60.0000,60.0026,0,0,1,-28.0137,-28.0695,-33.6834,-33.7565,-33.7795,0,0,1
25.303998,1788533124.805027,-0.2584,-0.2346,-0.2346,-0.2063,-0.1976,0,0,1,2.5113,2.4665,-5.4263,-5.3086,-5.2717,0,0,1,4.7034,4.6914,7.0370,7.0155,7.0089,0,0,1,40.0613,40.1966,-48.2359,-48.4317,-48.4853,0,0,1,54.5896,54.5794,65.4953,60.0000,60.0022,0,0,1,-28.0137,-28.0668,-33.6802,-33.7565,-33.7757,0,0,1
25.312013,1788533124.805027,-0.2584,-0.2358,-0.2358,-0.2063,-0.1989,0,0,1,2.5113,2.4686,-5.4310,-5.3086,-5.2770,0,0,1,4.7034,4.6919,7.0379,7.0155,7.0099,0,0,1,40.0613,40.1901,-48.2281,-48.4317,-48.4765,0,0,1,54.5896,54.5799,65.4959,60.0000,60.0019,0,0,1,-28.0137,-28.0643,-33.6771,-33.7565,-33.7724,0,0,1
25.320071,1788533124.805027,-0.2584,-0.2369,-0.2369,-0.2063,-0.2000,0,0,1,2.5113,2.4707,-5.4355,-5.3086,-5.2818,0,0,1,4.7034,4.6925,7.0387,7.0155,7.0107,0,0,1,40.0613,40.1839,-48.2207,-48.4317,-48.4688,0,0,1,54.5896,54.5804,65.4964,60.0000,60.0016,0,0,1,-28.0137,-28.0618,-33.6742,-33.7565,-33.7695,0,0,1
25.328093,1788533124.805027,-0.2584,-0.2379,-0.2379,-0.2063,-0.2010,0,0,1,2.5113,2.4726,-5.4398,-5.3086,-5.2859,0,0,1,4.7034,4.6930,7.0395,7.0155,7.0115,0,0,1,40.0613,40.1780,-48.2136,-48.4317,-48.4621,0,0,1,54.5896,54.5808,65.4970,60.0000,60.0013,0,0,1,-28.0137,-28.0595,-33.6714,-33.7565,-33.7670,0,0,1
25.336766,1788533124.805027,-0.2584,-0.2389,-0.2389,-0.2063,-0.2016,0,0,1,2.5113,2.4745,-5.4439,-5.3086,-5.2887,0,0,1,4.7034,4.6935,7.0403,7.0155,7.0120,0,0,1,40.0613,40.1724,-48.2069,-48.4317,-48.4577,0,0,1,54.5896,54.5812,65.4975,60.0000,60.0011,0,0,1,-28.0137,-28.0573,-33.6688,-33.7565,-33.7654,0,0,1
25.344539,1788533124.805027,-0.2584,-0.2398,-0.2398,-0.2063,-0.2024,0,0,1,2.5113,2.4762,-5.4477,-5.3086,-5.2920,0,0,1,4.7034,4.6940,7.0410,7.0155,7.0126,0,0,1,40.0613,40.1670,-48.2004,-48.4317,-48.4526,0,0,1,54.5896,54.5816,65.4980,60.0000,60.0009,0,0,1,-28.0137,-28.0552,-33.6663,-33.7565,-33.7635,0,0,1
25.352069,1788533124.805027,-0.2584,-0.2407,-0.2407,-0.2063,-0.2031,0,0,1,2.5113,2.4779,-5.4514,-5.3086,-5.2948,0,0,1,4.7034,4.6944,7.0416,7.0155,7.0131,0,0,1,40.0613,40.1620,-48.1943,-48.4317,-48.4483,0,0,1,54.5896,54.5820,65.4984,60.0000,60.0007,0,0,1,-28.0137,-28.0532,-33.6639,-33.7565,-33.7620,0,0,1
25.360089,1788533124.805027,-0.2584,-0.2416,-0.2416,-0.2063,-0.2037,0,0,1,2.5113,2.4795,-5.4550,-5.3086,-5.2973,0,0,1,4.7034,4.6949,7.0423,7.0155,7.0135,0,0,1,40.0613,40.1571,-48.1885,-48.4317,-48.4446,0,0,1,54.5896,54.5824,65.4988,60.0000,60.0006,0,0,1,-28.0137,-28.0513,-33.6616,-33.7565,-33.7606,0,0,1
25.368605,1788533124.805027,-0.2584,-0.2424,-0.2424,-0.2063,-0.2042,0,0,1,2.5113,2.4810,-5.4583,-5.3086,-5.2994,0,0,1,4.7034,4.6953,7.0429,7.0155,7.0139,0,0,1,40.0613,40.1525,-48.1830,-48.4317,-48.4415,0,0,1,54.5896,54.5827,65.4993,60.0000,60.0005,0,0,1,-28.0137,-28.0495,-33.6594,-33.7565,-33.7595,0,0,1
25.376120,1788533124.805027,-0.2584,-0.2431,-0.2431,-0.2063,-0.2046,0,0,1,2.5113,2.4825,-5.4615,-5.3086,-5.3013,0,0,1,4.7034,4.6957,7.0435,7.0155,7.0143,0,0,1,40.0613,40.1481,-48.1777,-48.4317,-48.4389,0,0,1,54.5896,54.5830,65.4997,60.0000,60.0003,0,0,1,-28.0137,-28.0478,-33.6574,-33.7565,-33.7586,0,0,1
25.384137,1788533124.805027,-0.2584,-0.2439,-0.2439,-0.2063,-0.2050,0,0,1,2.5113,2.4839,-5.4645,-5.3086,-5.3028,0,0,1,4.7034,4.6960,7.0440,7.0155,7.0145,0,0,1,40.0613,40.1439,-48.1727,-48.4317,-48.4367,0,0,1,54.5896,54.5834,65.5000,60.0000,60.0003,0,0,1,-28.0137,-28.0462,-33.6554,-33.7565,-33.7578,0,0,1
25.392657,1788533124.805027,-0.2584,-0.2446,-0.2446,-0.2063,-0.2053,0,0,1,2.5113,2.4852,-5.4674,-5.3086,-5.3041,0,0,1,4.7034,4.6964,7.0446,7.0155,7.0148,0,0,1,40.0613,40.1400,-48.1680,-48.4317,-48.4350,0,0,1,54.5896,54.5837,65.5004,60.0000,60.0002,0,0,1,-28.0137,-28.0446,-33.6536,-33.7565,-33.7572,0,0,1
25.400831,1788533124.805027,-0.2584,-0.2452,-0.2452,-0.2063,-0.2055,0,0,1,2.5113,2.4864,-5.4702,-5.3086,-5.3052,0,0,1,4.7034,4.6967,7.0451,7.0155,7.0150,0,0,1,40.0613,40.1362,-48.1634,-48.4317,-48.4335,0,0,1,54.5896,54.5839,65.5007,60.0000,60.0001,0,0,1,-28.0137,-28.0431,-33.6518,-33.7565,-33.7567,0,0,1
25.408842,1788533124.805027,-0.2584,-0.2459,-0.2459,-0.2063,-0.2058,0,0,1,2.5113,2.4876,-5.4728,-5.3086,-5.3061,0,0,1,4.7034,4.6970,7.0456,7.0155,7.0151,0,0,1,40.0613,40.1326,-48.1591,-48.4317,-48.4324,0,0,1,54.5896,54.5842,65.5011,60.0000,60.0001,0,0,1,-28.0137,-28.0417,-33.6501,-33.7565,-33.7563,0,0,1
25.416856,1788533124.805027,-0.2584,-0.2465,-0.2465,-0.2063,-0.2059,0,0,1,2.5113,2.4888,-5.4753,-5.3086,-5.3069,0,0,1,4.7034,4.6973,7.0460,7.0155,7.0153,0,0,1,40.0613,40.1292,-48.1550,-48.4317,-48.4314,0,0,1,54.5896,54.5845,65.5014,60.0000,60.0000,0,0,1,-28.0137,-28.0404,-33.6485,-33.7565,-33.7560,0,0,1
25.424377,1788533124.805027,-0.2584,-0.2470,-0.2470,-0.2063,-0.2061,0,0,1,2.5113,2.4898,-5.4777,-5.3086,-5.3075,0,0,1,4.7034,4.6976,7.0465,7.0155,7.0154,0,0,1,40.0613,40.1259,-48.1511,-48.4317,-48.4307,0,0,1,54.5896,54.5847,65.5017,60.0000,60.0000,0,0,1,-28.0137,-28.0391,-33.6469,-33.7565,-33.7558,0,0,1
25.432385,1788533124.805027,-0.2584,-0.2476,-0.2476,-0.2063,-0.2062,0,0,1,2.5113,2.4909,-5.4799,-5.3086,-5.3080,0,0,1,4.7034,4.6979,7.0469,7.0155,7.0155,0,0,1,40.0613,40.1228,-48.1474,-48.4317,-48.4302,0,0,1,54.5896,54.5850,65.5019,60.0000,60.0000,0,0,1,-28.0137,-28.0379,-33.6455,-33.7565,-33.7557,0,0,1
25.440912,1788533124.805027,-0.2584,-0.2481,-0.2481,-0.2063,-0.2063,0,0,1,2.5113,2.4918,-5.4821,-5.3086,-5.3083,0,0,1,4.7034,4.6982,7.0473,7.0155,7.0155,0,0,1,40.0613,40.1199,-48.1438,-48.4317,-48.4299,0,0,1,54.5896,54.5852,65.5022,60.0000,60.0000,0,0,1,-28.0137,-28.0367,-33.6441,-33.7565,-33.7556,0,0,1
25.448214,1788533124.805027,-0.2584,-0.2486,-0.2486,-0.2063,-0.2064,0,0,1,2.5113,2.4928,-5.4841,-5.3086,-5.3087,0,0,1,4.7034,4.6984,7.0476,7.0155,7.0156,0,0,1,40.0613,40.1170,-48.1405,-48.4317,-48.4296,0,0,1,54.5896,54.5854,65.5025,60.0000,59.9999,0,0,1,-28.0137,-28.0356,-33.6428,-33.7565,-33.7555,0,0,1
25.456637,1788533124.805027,-0.2584,-0.2491,-0.2491,-0.2063,-0.2064,0,0,1,2.5113,2.4937,-5.4861,-5.3086,-5.3089,0,0,1,4.7034,4.6987,7.0480,7.0155,7.0156,0,0,1,40.0613,40.1144,-48.1372,-48.4317,-48.4294,0,0,1,54.5896,54.5856,65.5027,60.0000,59.9999,0,0,1,-28.0137,-28.0346,-33.6415,-33.7565,-33.7554,0,0,1
25.464667,1788533124.805027,-0.2584,-0.2495,-0.2495,-0.2063,-0.2065,0,0,1,2.5113,2.4945,-5.4879,-5.3086,-5.3091,0,0,1,4.7034,4.6989,7.0483,7.0155,7.0156,0,0,1,40.0613,40.1118,-48.1342,-48.4317,-48.4293,0,0,1,54.5896,54.5858,65.5029,60.0000,59.9999,0,0,1,-28.0137,-28.0336,-33.6403,-33.7565,-33.7554,0,0,1
25.472650,1788533124.805027,-0.2584,-0.2499,-0.2499,-0.2063,-0.2065,0,0,1,2.5113,2.4953,-5.4897,-5.3086,-5.3093,0,0,1,4.7034,4.6991,7.0487,7.0155,7.0157,0,0,1,40.0613,40.1094,-48.1313,-48.4317,-48.4292,0,0,1,54.5896,54.5860,65.5032,60.0000,59.9999,0,0,1,-28.0137,-28.0326,-33.6391,-33.7565,-33.7554,0,0,1
25.480180,1788533124.805027,-0.2584,-0.2503,-0.2503,-0.2063,-0.2065,0,0,1,2.5113,2.4961,-5.4914,-5.3086,-5.3094,0,0,1,4.7034,4.6993,7.0490,7.0155,7.0157,0,0,1,40.0613,40.1071,-48.1285,-48.4317,-48.4292,0,0,1,54.5896,54.5861,65.5034,60.0000,59.9999,0,0,1,-28.0137,-28.0317,-33.6381,-33.7565,-33.7555,0,0,1
25.488692,1788533124.805027,-0.2584,-0.2507,-0.2507,-0.2063,-0.2065,0,0,1,2.5113,2.4968,-5.4930,-5.3086,-5.3094,0,0,1,4.7034,4.6995,7.0493,7.0155,7.0157,0,0,1,40.0613,40.1049,-48.1259,-48.4317,-48.4293,0,0,1,54.5896,54.5863,65.5036,60.0000,59.9999,0,0,1,-28.0137,-28.0309,-33.6370,-33.7565,-33.7555,0,0,1
25.496804,1788533124.805027,-0.2584,-0.2511,-0.2511,-0.2063,-0.2065,0,0,1,2.5113,2.4975,-5.4945,-5.3086,-5.3095,0,0,1,4.7034,4.6997,7.0495,7.0155,7.0157,0,0,1,40.0613,40.1028,-48.1234,-48.4317,-48.4294,0,0,1,54.5896,54.5865,65.5038,60.0000,59.9999,0,0,1,-28.0137,-28.0300,-33.6360,-33.7565,-33.7555,0,0,1
25.504411,1788533124.805027,-0.2584,-0.2514,-0.2514,-0.2063,-0.2065,0,0,1,2.5113,2.4982,-5.4960,-5.3086,-5.3095,0,0,1,4.7034,4.6999,7.0498,7.0155,7.0157,0,0,1,40.0613,40.1008,-48.1210,-48.4317,-48.4295,0,0,1,54.5896,54.5866,65.5039,60.0000,59.9999,0,0,1,-28.0137,-28.0292,-33.6351,-33.7565,-33.7556,0,0,1
25.512417,1788533124.805027,-0.2584,-0.2518,-0.2518,-0.2063,-0.2065,0,0,1,2.5113,2.4988,-5.4973,-5.3086,-5.3095,0,0,1,4.7034,4.7000,7.0501,7.0155,7.0157,0,0,1,40.0613,40.0989,-48.1187,-48.4317,-48.4296,0,0,1,54.5896,54.5868,65.5041,60.0000,59.9999,0,0,1,-28.0137,-28.0285,-33.6342,-33.7565,-33.7557,0,0,1
25.520438,1788533124.805027,-0.2584,-0.2521,-0.2521,-0.2063,-0.2065,0,0,1,2.5113,2.4994,-5.4987,-5.3086,-5.3095,0,0,1,4.7034,4.7002,7.0503,7.0155,7.0157,0,0,1,40.0613,40.0971,-48.1165,-48.4317,-48.4297,0,0,1,54.5896,54.5869,65.5043,60.0000,59.9999,0,0,1,-28.0137,-28.0278,-33.6334,-33.7565,-33.7557,0,0,1
25.528962,1788533124.805027,-0.2584,-0.2524,-0.2524,-0.2063,-0.2065,0,0,1,2.5113,2.5000,-5.4999,-5.3086,-5.3094,0,0,1,4.7034,4.7004,7.0505,7.0155,7.0157,0,0,1,40.0613,40.0954,-48.1145,-48.4317,-48.4298,0,0,1,54.5896,54.5870,65.5044,60.0000,59.9999,0,0,1,-28.0137,-28.0271,-33.6325,-33.7565,-33.7558,0,0,1
25.536786,1788533124.805027,-0.2584,-0.2527,-0.2527,-0.2063,-0.2065,0,0,1,2.5113,2.5005,-5.5011,-5.3086,-5.3094,0,0,1,4.7034,4.7005,7.0507,7.0155,7.0157,0,0,1,40.0613,40.0938,-48.1125,-48.4317,-48.4299,0,0,1,54.5896,54.5871,65.5046,60.0000,59.9999,0,0,1,-28.0137,-28.0265,-33.6318,-33.7565,-33.7558,0,0,1
25.544777,1788533124.805027,-0.2584,-0.2529,-0.2529,-0.2063,-0.2065,0,0,1,2.5113,2.5010,-5.5023,-5.3086,-5.3093,0,0,1,4.7034,4.7006,7.0510,7.0155,7.0157,0,0,1,40.0613,40.0922,-48.1106,-48.4317,-48.4301,0,0,1,54.5896,54.5873,65.5047,60.0000,59.9999,0,0,1,-28.0137,-28.0259,-33.6310,-33.7565,-33.7559,0,0,1
25.552287,1788533124.805027,-0.2584,-0.2532,-0.2532,-0.2063,-0.2065,0,0,1,2.5113,2.5015,-5.5033,-5.3086,-5.3093,0,0,1,4.7034,4.7008,7.0512,7.0155,7.0157,0,0,1,40.0613,40.0907,-48.1089,-48.4317,-48.4302,0,0,1,54.5896,54.5874,65.5048,60.0000,59.9999,0,0,1,-28.0137,-28.0253,-33.6303,-33.7565,-33.7559,0,0,1
25.560674,1788533124.805027,-0.2584,-0.2535,-0.2535,-0.2063,-0.2065,0,0,1,2.5113,2.5020,-5.5044,-5.3086,-5.3092,0,0,1,4.7034,4.7009,7.0513,7.0155,7.0156,0,0,1,40.0613,40.0893,-48.1072,-48.4317,-48.4304,0,0,1,54.5896,54.5875,65.5050,60.0000,59.9999,0,0,1,-28.0137,-28.0247,-33.6297,-33.7565,-33.7560,0,0,1
25.569182,1788533124.805027,-0.2584,-0.2537,-0.2537,-0.2063,-0.2065,0,0,1,2.5113,2.5024,-5.5053,-5.3086,-5.3092,0,0,1,4.7034,4.7010,7.0515,7.0155,7.0156,0,0,1,40.0613,40.0880,-48.1056,-48.4317,-48.4305,0,0,1,54.5896,54.5876,65.5051,60.0000,60.0000,0,0,1,-28.0137,-28.0242,-33.6290,-33.7565,-33.7560,0,0,1
25.576703,1788533124.805027,-0.2584,-0.2539,-0.2539,-0.2063,-0.2065,0,0,1,2.5113,2.5029,-5.5063,-5.3086,-5.3091,0,0,1,4.7034,4.7011,7.0517,7.0155,7.0156,0,0,1,40.0613,40.0867,-48.1040,-48.4317,-48.4306,0,0,1,54.5896,54.5877,65.5052,60.0000,60.0000,0,0,1,-28.0137,-28.0237,-33.6284,-33.7565,-33.7561,0,0,1
25.584222,1788533124.805027,-0.2584,-0.2541,-0.2541,-0.2063,-0.2064,0,0,1,2.5113,2.5033,-5.5072,-5.3086,-5.3091,0,0,1,4.7034,4.7012,7.0519,7.0155,7.0156,0,0,1,40.0613,40.0855,-48.1026,-48.4317,-48.4307,0,0,1,54.5896,54.5878,65.5053,60.0000,60.0000,0,0,1,-28.0137,-28.0232,-33.6279,-33.7565,-33.7561,0,0,1
25.593224,1788533124.805027,-0.2584,-0.2543,-0.2543,-0.2063,-0.2064,0,0,1,2.5113,2.5036,-5.5080,-5.3086,-5.3090,0,0,1,4.7034,4.7013,7.0520,7.0155,7.0156,0,0,1,40.0613,40.0843,-48.1012,-48.4317,-48.4308,0,0,1,54.5896,54.5879,65.5054,60.0000,60.0000,0,0,1,-28.0137,-28.0228,-33.6273,-33.7565,-33.7562,0,0,1
25.600752,1788533124.805027,-0.2584,-0.2545,-0.2545,-0.2063,-0.2064,0,0,1,2.5113,2.5040,-5.5088,-5.3086,-5.3090,0,0,1,4.7034,4.7014,7.0522,7.0155,7.0156,0,0,1,40.0613,40.0832,-48.0998,-48.4317,-48.4309,0,0,1,54.5896,54.5879,65.5055,60.0000,60.0000,0,0,1,-28.0137,-28.0223,-33.6268,-33.7565,-33.7562,0,0,1
25.609044,1788533124.805027,-0.2584,-0.2547,-0.2547,-0.2063,-0.2064,0,0,1,2.5113,2.5044,-5.5096,-5.3086,-5.3089,0,0,1,4.7034,4.7015,7.0523,7.0155,7.0156,0,0,1,40.0613,40.0822,-48.0986,-48.4317,-48.4310,0,0,1,54.5896,54.5880,65.5056,60.0000,60.0000,0,0,1,-28.0137,-28.0219,-33.6263,-33.7565,-33.7563,0,0,1
25.616359,1788533124.805027,-0.2584,-0.2549,-0.2549,-0.2063,-0.2064,0,0,1,2.5113,2.5047,-5.5103,-5.3086,-5.3089,0,0,1,4.7034,4.7016,7.0524,7.0155,7.0156,0,0,1,40.0613,40.0812,-48.0974,-48.4317,-48.4311,0,0,1,54.5896,54.5881,65.5057,60.0000,60.0000,0,0,1,-28.0137,-28.0215,-33.6258,-33.7565,-33.7563,0,0,1
25.624891,1788533124.805027,-0.2584,-0.2551,-0.2551,-0.2063,-0.2064,0,0,1,2.5113,2.5050,-5.5110,-5.3086,-5.3089,0,0,1,4.7034,4.7017,7.0526,7.0155,7.0156,0,0,1,40.0613,40.0802,-48.0962,-48.4317,-48.4311,0,0,1,54.5896,54.5882,65.5058,60.0000,60.0000,0,0,1,-28.0137,-28.0211,-33.6254,-33.7565,-33.7563,0,0,1
25.632940,1788533124.805027,-0.2584,-0.2552,-0.2552,-0.2063,-0.2064,0,0,1,2.5113,2.5053,-5.5117,-5.3086,-5.3088,0,0,1,4.7034,4.7018,7.0527,7.0155,7.0156,0,0,1,40.0613,40.0793,-48.0952,-48.4317,-48.4312,0,0,1,54.5896,54.5882,65.5059,60.0000,60.0000,0,0,1,-28.0137,-28.0208,-33.6249,-33.7565,-33.7563,0,0,1
25.640956,1788533124.805027,-0.2584,-0.2554,-0.2554,-0.2063,-0.2064,0,0,1,2.5113,2.5056,-5.5123,-5.3086,-5.3088,0,0,1,4.7034,4.7019,7.0528,7.0155,7.0156,0,0,1,40.0613,40.0784,-48.0941,-48.4317,-48.4313,0,0,1,54.5896,54.5883,65.5060,60.0000,60.0000,0,0,1,-28.0137,-28.0205,-33.6245,-33.7565,-33.7564,0,0,1
25.648960,1788533124.805027,-0.2584,-0.2555,-0.2555,-0.2063,-0.2064,0,0,1,2.5113,2.5059,-5.5129,-5.3086,-5.3088,0,0,1,4.7034,4.7019,7.0529,7.0155,7.0156,0,0,1,40.0613,40.0776,-48.0931,-48.4317,-48.4313,0,0,1,54.5896,54.5884,65.5060,60.0000,60.0000,0,0,1,-28.0137,-28.0201,-33.6242,-33.7565,-33.7564,0,0,1
25.656962,1788533124.805027,-0.2584,-0.2557,-0.2557,-0.2063,-0.2064,0,0,1,2.5113,2.5061,-5.5135,-5.3086,-5.3087,0,0,1,4.7034,4.7020,7.0530,7.0155,7.0156,0,0,1,40.0613,40.0768,-48.0922,-48.4317,-48.4314,0,0,1,54.5896,54.5884,65.5061,60.0000,60.0000,0,0,1,-28.0137,-28.0198,-33.6238,-33.7565,-33.7564,0,0,1
25.665131,1788533124.805027,-0.2584,-0.2558,-0.2558,-0.2063,-0.2064,0,0,1,2.5113,2.5064,-5.5140,-5.3086,-5.3087,0,0,1,4.7034,4.7021,7.0531,7.0155,7.0155,0,0,1,40.0613,40.0761,-48.0913,-48.4317,-48.4314,0,0,1,54.5896,54.5885,65.5062,60.0000,60.0000,0,0,1,-28.0137,-28.0195,-33.6234,-33.7565,-33.7564,0,0,1
25.672652,1788533124.805027,-0.2584,-0.2559,-0.2559,-0.2063,-0.2063,0,0,1,2.5113,2.5066,-5.5145,-5.3086,-5.3087,0,0,1,4.7034,4.7021,7.0532,7.0155,7.0155,0,0,1,40.0613,40.0754,-48.0905,-48.4317,-48.4315,0,0,1,54.5896,54.5885,65.5062,60.0000,60.0000,0,0,1,-28.0137,-28.0192,-33.6231,-33.7565,-33.7564,0,0,1
25.680641,1788533124.805027,-0.2584,-0.2560,-0.2560,-0.2063,-0.2063,0,0,1,2.5113,2.5068,-5.5150,-5.3086,-5.3087,0,0,1,4.7034,4.7022,7.0533,7.0155,7.0155,0,0,1,40.0613,40.0747,-48.0896,-48.4317,-48.4315,0,0,1,54.5896,54.5886,65.5063,60.0000,60.0000,0,0,1,-28.0137,-28.0190,-33.6228,-33.7565,-33.7565,0,0,1
25.688661,1788533124.805027,-0.2584,-0.2561,-0.2561,-0.2063,-0.2063,0,0,1,2.5113,2.5071,-5.5155,-5.3086,-5.3087,0,0,1,4.7034,4.7023,7.0534,7.0155,7.0155,0,0,1,40.0613,40.0741,-48.0889,-48.4317,-48.4315,0,0,1,54.5896,54.5886,65.5064,60.0000,60.0000,0,0,1,-28.0137,-28.0187,-33.6225,-33.7565,-33.7565,0,0,1
25.697165,1788533124.805027,-0.2584,-0.2563,-0.2563,-0.2063,-0.2063,0,0,1,2.5113,2.5073,-5.5160,-5.3086,-5.3086,0,0,1,4.7034,4.7023,7.0535,7.0155,7.0155,0,0,1,40.0613,40.0735,-48.0881,-48.4317,-48.4316,0,0,1,54.5896,54.5887,65.5064,60.0000,60.0000,0,0,1,-28.0137,-28.0185,-33.6222,-33.7565,-33.7565,0,0,1
25.704680,1788533124.805027,-0.2584,-0.2564,-0.2564,-0.2063,-0.2063,0,0,1,2.5113,2.5074,-5.5164,-5.3086,-5.3086,0,0,1,4.7034,4.7024,7.0535,7.0155,7.0155,0,0,1,40.0613,40.0729,-48.0874,-48.4317,-48.4316,0,0,1,54.5896,54.5887,65.5065,60.0000,60.0000,0,0,1,-28.0137,-28.0183,-33.6219,-33.7565,-33.7565,0,0,1
25.712681,1788533124.805027,-0.2584,-0.2565,-0.2565,-0.2063,-0.2063,0,0,1,2.5113,2.5076,-5.5168,-5.3086,-5.3086,0,0,1,4.7034,4.7024,7.0536,7.0155,7.0155,0,0,1,40.0613,40.0723,-48.0868,-48.4317,-48.4316,0,0,1,54.5896,54.5888,65.5065,60.0000,60.0000,0,0,1,-28.0137,-28.0180,-33.6216,-33.7565,-33.7565,0,0,1
25.720359,1788533124.805027,-0.2584,-0.2565,-0.2565,-0.2063,-0.2063,0,0,1,2.5113,2.5078,-5.5172,-5.3086,-5.3086,0,0,1,4.7034,4.7025,7.0537,7.0155,7.0155,0,0,1,40.0613,40.0718,-48.0861,-48.4317,-48.4316,0,0,1,54.5896,54.5888,65.5066,60.0000,60.0000,0,0,1,-28.0137,-28.0178,-33.6214,-33.7565,-33.7565,0,0,1
25.728422,1788533124.805027,-0.2584,-0.2566,-0.2566,-0.2063,-0.2063,0,0,1,2.5113,2.5080,-5.5175,-5.3086,-5.3086,0,0,1,4.7034,4.7025,7.0538,7.0155,7.0155,0,0,1,40.0613,40.0713,-48.0855,-48.4317,-48.4316,0,0,1,54.5896,54.5888,65.5066,60.0000,60.0000,0,0,1,-28.0137,-28.0176,-33.6212,-33.7565,-33.7565,0,0,1
25.736429,1788533124.805027,-0.2584,-0.2567,-0.2567,-0.2063,-0.2063,0,0,1,2.5113,2.5081,-5.5179,-5.3086,-5.3086,0,0,1,4.7034,4.7025,7.0538,7.0155,7.0155,0,0,1,40.0613,40.0708,-48.0850,-48.4317,-48.4316,0,0,1,54.5896,54.5889,65.5067,60.0000,60.0000,0,0,1,-28.0137,-28.0174,-33.6209,-33.7565,-33.7565,0,0,1
25.745428,1788533124.805027,-0.2584,-0.2568,-0.2568,-0.2063,-0.2063,0,0,1,2.5113,2.5083,-5.5182,-5.3086,-5.3086,0,0,1,4.7034,4.7026,7.0539,7.0155,7.0155,0,0,1,40.0613,40.0704,-48.0844,-48.4317,-48.4317,0,0,1,54.5896,54.5889,65.5067,60.0000,60.0000,0,0,1,-28.0137,-28.0173,-33.6207,-33.7565,-33.7565,0,0,1
25.752944,1788533124.805027,-0.2584,-0.2569,-0.2569,-0.2063,-0.2063,0,0,1,2.5113,2.5084,-5.5185,-5.3086,-5.3086,0,0,1,4.7034,4.7026,7.0539,7.0155,7.0155,0,0,1,40.0613,40.0699,-48.0839,-48.4317,-48.4317,0,0,1,54.5896,54.5889,65.5067,60.0000,60.0000,0,0,1,-28.0137,-28.0171,-33.6205,-33.7565,-33.7565,0,0,1
25.761465,1788533124.805027,-0.2584,-0.2570,-0.2570,-0.2063,-0.2063,0,0,1,2.5113,2.5086,-5.5188,-5.3086,-5.3086,0,0,1,4.7034,4.7027,7.0540,7.0155,7.0155,0,0,1,40.0613,40.0695,-48.0834,-48.4317,-48.4317,0,0,1,54.5896,54.5890,65.5068,60.0000,60.0000,0,0,1,-28.0137,-28.0169,-33.6203,-33.7565,-33.7565,0,0,1
25.768980,1788533124.805027,-0.2584,-0.2570,-0.2570,-0.2063,-0.2063,0,0,1,2.5113,2.5087,-5.5191,-5.3086,-5.3086,0,0,1,4.7034,4.7027,7.0541,7.0155,7.0155,0,0,1,40.0613,40.0691,-48.0829,-48.4317,-48.4317,0,0,1,54.5896,54.5890,65.5068,60.0000,60.0000,0,0,1,-28.0137,-28.0168,-33.6201,-33.7565,-33.7565,0,0,1
25.776984,1788533124.805027,-0.2584,-0.2571,-0.2571,-0.2063,-0.2063,0,0,1,2.5113,2.5088,-5.5194,-5.3086,-5.3086,0,0,1,4.7034,4.7027,7.0541,7.0155,7.0155,0,0,1,40.0613,40.0687,-48.0825,-48.4317,-48.4317,0,0,1,54.5896,54.5890,65.5068,60.0000,60.0000,0,0,1,-28.0137,-28.0166,-33.6200,-33.7565,-33.7565,0,0,1
25.784535,1788533124.805027,-0.2584,-0.2571,-0.2571,-0.2063,-0.2063,0,0,1,2.5113,2.5089,-5.5197,-5.3086,-5.3086,0,0,1,4.7034,4.7028,7.0541,7.0155,7.0155,0,0,1,40.0613,40.0684,-48.0821,-48.4317,-48.4317,0,0,1,54.5896,54.5891,65.5069,60.0000,60.0000,0,0,1,-28.0137,-28.0165,-33.6198,-33.7565,-33.7565,0,0,1
25.793270,1788533124.805027,-0.2584,-0.2572,-0.2572,-0.2063,-0.2063,0,0,1,2.5113,2.5091,-5.5199,-5.3086,-5.3086,0,0,1,4.7034,4.7028,7.0542,7.0155,7.0155,0,0,1,40.0613,40.0680,-48.0817,-48.4317,-48.4317,0,0,1,54.5896,54.5891,65.5069,60.0000,60.0000,0,0,1,-28.0137,-28.0164,-33.6196,-33.7565,-33.7565,0,0,1
25.801270,1788533124.805027,-0.2584,-0.2573,-0.2573,-0.2063,-0.2063,0,0,1,2.5113,2.5092,-5.5202,-5.3086,-5.3086,0,0,1,4.7034,4.7028,7.0542,7.0155,7.0155,0,0,1,40.0613,40.0677,-48.0813,-48.4317,-48.4317,0,0,1,54.5896,54.5891,65.5069,60.0000,60.0000,0,0,1,-28.0137,-28.0162,-33.6195,-33.7565,-33.7565,0,0,1
25.809290,1788533124.805027,-0.2584,-0.2573,-0.2573,-0.2063,-0.2063,0,0,1,2.5113,2.5093,-5.5204,-5.3086,-5.3086,0,0,1,4.7034,4.7029,7.0543,7.0155,7.0155,0,0,1,40.0613,40.0674,-48.0809,-48.4317,-48.4317,0,0,1,54.5896,54.5891,65.5070,60.0000,60.0000,0,0,1,-28.0137,-28.0161,-33.6193,-33.7565,-33.7565,0,0,1
25.816818,1788533124.805027,-0.2584,-0.2574,-0.2574,-0.2063,-0.2063,0,0,1,2.5113,2.5094,-5.5206,-5.3086,-5.3086,0,0,1,4.7034,4.7029,7.0543,7.0155,7.0155,0,0,1,40.0613,40.0671,-48.0805,-48.4317,-48.4317,0,0,1,54.5896,54.5892,65.5070,60.0000,60.0000,0,0,1,-28.0137,-28.0160,-33.6192,-33.7565,-33.7565,0,0,1
25.825211,1788533124.805027,-0.2584,-0.2574,-0.2574,-0.2063,-0.2063,0,0,1,2.5113,2.5095,-5.5208,-5.3086,-5.3086,0,0,1,4.7034,4.7029,7.0544,7.0155,7.0155,0,0,1,40.0613,40.0668,-48.0802,-48.4317,-48.4317,0,0,1,54.5896,54.5892,65.5070,60.0000,60.0000,0,0,1,-28.0137,-28.0159,-33.6191,-33.7565,-33.7565,0,0,1
25.833751,1788533124.805027,-0.2584,-0.2575,-0.2575,-0.2063,-0.2063,0,0,1,2.5113,2.5095,-5.5210,-5.3086,-5.3086,0,0,1,4.7034,4.7029,7.0544,7.0155,7.0155,0,0,1,40.0613,40.0666,-48.0799,-48.4317,-48.4317,0,0,1,54.5896,54.5892,65.5070,60.0000,60.0000,0,0,1,-28.0137,-28.0158,-33.6189,-33.7565,-33.7565,0,0,1
25.841812,1788533124.805027,-0.2584,-0.2575,-0.2575,-0.2063,-0.2063,0,0,1,2.5113,2.5096,-5.5212,-5.3086,-5.3086,0,0,1,4.7034,4.7030,7.0544,7.0155,7.0155,0,0,1,40.0613,40.0663,-48.0796,-48.4317,-48.4317,0,0,1,54.5896,54.5892,65.5071,60.0000,60.0000,0,0,1,-28.0137,-28.0157,-33.6188,-33.7565,-33.7565,0,0,1
25.848803,1788533124.805027,-0.2584,-0.2576,-0.2576,-0.2063,-0.2063,0,0,1,2.5113,2.5097,-5.5214,-5.3086,-5.3085,0,0,1,4.7034,4.7030,7.0545,7.0155,7.0155,0,0,1,40.0613,40.0661,-48.0793,-48.4317,-48.4317,0,0,1,54.5896,54.5892,65.5071,60.0000,60.0000,0,0,1,-28.0137,-28.0156,-33.6187,-33.7565,-33.7565,0,0,1
25.856811,1788533124.805027,-0.2584,-0.2576,-0.2576,-0.2063,-0.2063,0,0,1,2.5113,2.5098,-5.5215,-5.3086,-5.3085,0,0,1,4.7034,4.7030,7.0545,7.0155,7.0155,0,0,1,40.0613,40.0659,-48.0790,-48.4317,-48.4317,0,0,1,54.5896,54.5893,65.5071,60.0000,60.0000,0,0,1,-28.0137,-28.0155,-33.6186,-33.7565,-33.7565,0,0,1
25.865366,1788533124.805027,-0.2584,-0.2576,-0.2576,-0.2063,-0.2063,0,0,1,2.5113,2.5099,-5.5217,-5.3086,-5.3085,0,0,1,4.7034,4.7030,7.0545,7.0155,7.0155,0,0,1,40.0613,40.0656,-48.0788,-48.4317,-48.4317,0,0,1,54.5896,54.5893,65.5071,60.0000,60.0000,0,0,1,-28.0137,-28.0154,-33.6185,-33.7565,-33.7565,0,0,1
25.872890,1788533124.805027,-0.2584,-0.2577,-0.2577,-0.2063,-0.2063,0,0,1,2.5113,2.5099,-5.5218,-5.3086,-5.3085,0,0,1,4.7034,4.7030,7.0545,7.0155,7.0155,0,0,1,40.0613,40.0654,-48.0785,-48.4317,-48.4317,0,0,1,54.5896,54.5893,65.5071,60.0000,60.0000,0,0,1,-28.0137,-28.0153,-33.6184,-33.7565,-33.7565,0,0,1
25.880896,1788533124.805027,-0.2584,-0.2577,-0.2577,-0.2063,-0.2063,0,0,1,2.5113,2.5100,-5.5220,-5.3086,-5.3085,0,0,1,4.7034,4.7030,7.0546,7.0155,7.0155,0,0,1,40.0613,40.0652,-48.0783,-48.4317,-48.4317,0,0,1,54.5896,54.5893,65.5072,60.0000,60.0000,0,0,1,-28.0137,-28.0152,-33.6183,-33.7565,-33.7565,0,0,1
25.888904,1788533124.805027,-0.2584,-0.2577,-0.2577,-0.2063,-0.2063,0,0,1,2.5113,2.5101,-5.5221,-5.3086,-5.3085,0,0,1,4.7034,4.7031,7.0546,7.0155,7.0155,0,0,1,40.0613,40.0650,-48.0781,-48.4317,-48.4317,0,0,1,54.5896,54.5893,65.5072,60.0000,60.0000,0,0,1,-28.0137,-28.0152,-33.6182,-33.7565,-33.7565,0,0,1
25.896919,1788533124.805027,-0.2584,-0.2578,-0.2578,-0.2063,-0.2063,0,0,1,2.5113,2.5101,-5.5222,-5.3086,-5.3085,0,0,1,4.7034,4.7031,7.0546,7.0155,7.0155,0,0,1,40.0613,40.0649,-48.0778,-48.4317,-48.4317,0,0,1,54.5896,54.5893,65.5072,60.0000,60.0000,0,0,1,-28.0137,-28.0151,-33.6181,-33.7565,-33.7565,0,0,1
25.905988,1788533124.805027,-0.2584,-0.2578,-0.2578,-0.2063,-0.2063,0,0,1,2.5113,2.5102,-5.5224,-5.3086,-5.3085,0,0,1,4.7034,4.7031,7.0546,7.0155,7.0155,0,0,1,40.0613,40.0647,-48.0776,-48.4317,-48.4317,0,0,1,54.5896,54.5893,65.5072,60.0000,60.0000,0,0,1,-28.0137,-28.0150,-33.6180,-33.7565,-33.7565,0,0,1
25.913689,1788533124.805027,-0.2584,-0.2578,-0.2578,-0.2063,-0.2063,0,0,1,2.5113,2.5102,-5.5225,-5.3086,-5.3085,0,0,1,4.7034,4.7031,7.0547,7.0155,7.0155,0,0,1,40.0613,40.0645,-48.0774,-48.4317,-48.4317,0,0,1,54.5896,54.5894,65.5072,60.0000,60.0000,0,0,1,-28.0137,-28.0150,-33.6180,-33.7565,-33.7565,0,0,1
25.920725,1788533124.805027,-0.2584,-0.2579,-0.2579,-0.2063,-0.2063,0,0,1,2.5113,2.5103,-5.5226,-5.3086,-5.3085,0,0,1,4.7034,4.7031,7.0547,7.0155,7.0155,0,0,1,40.0613,40.0644,-48.0773,-48.4317,-48.4317,0,0,1,54.5896,54.5894,65.5072,60.0000,60.0000,0,0,1,-28.0137,-28.0149,-33.6179,-33.7565,-33.7565,0,0,1
25.929504,1788533124.805027,-0.2584,-0.2579,-0.2579,-0.2063,-0.2063,0,0,1,2.5113,2.5103,-5.5227,-5.3086,-5.3085,0,0,1,4.7034,4.7031,7.0547,7.0155,7.0155,0,0,1,40.0613,40.0642,-48.0771,-48.4317,-48.4317,0,0,1,54.5896,54.5894,65.5073,60.0000,60.0000,0,0,1,-28.0137,-28.0149,-33.6178,-33.7565,-33.7565,0,0,1
25.938116,1788533124.805027,-0.2584,-0.2579,-0.2579,-0.2063,-0.2063,0,0,1,2.5113,2.5104,-5.5228,-5.3086,-5.3085,0,0,1,4.7034,4.7032,7.0547,7.0155,7.0155,0,0,1,40.0613,40.0641,-48.0769,-48.4317,-48.4317,0,0,1,54.5896,54.5894,65.5073,60.0000,60.0000,0,0,1,-28.0137,-28.0148,-33.6178,-33.7565,-33.7565,0,0,1
25.945873,1788533124.805027,-0.2584,-0.2579,-0.2579,-0.2063,-0.2063,0,0,1,2.5113,2.5104,-5.5229,-5.3086,-5.3085,0,0,1,4.7034,4.7032,7.0547,7.0155,7.0155,0,0,1,40.0613,40.0640,-48.0767,-48.4317,-48.4317,0,0,1,54.5896,54.5894,65.5073,60.0000,60.0000,0,0,1,-28.0137,-28.0147,-33.6177,-33.7565,-33.7565,0,0,1
25.953409,1788533124.805027,-0.2584,-0.2580,-0.2580,-0.2063,-0.2063,0,0,1,2.5113,2.5105,-5.5230,-5.3086,-5.3085,0,0,1,4.7034,4.7032,7.0548,7.0155,7.0155,0,0,1,40.0613,40.0638,-48.0766,-48.4317,-48.4317,0,0,1,54.5896,54.5894,65.5073,60.0000,60.0000,0,0,1,-28.0137,-28.0147,-33.6176,-33.7565,-33.7565,0,0,1
25.961385,1788533124.805027,-0.2584,-0.2580,-0.2580,-0.2063,-0.2063,0,0,1,2.5113,2.5105,-5.5231,-5.3086,-5.3085,0,0,1,4.7034,4.7032,7.0548,7.0155,7.0155,0,0,1,40.0613,40.0637,-48.0764,-48.4317,-48.4317,0,0,1,54.5896,54.5894,65.5073,60.0000,60.0000,0,0,1,-28.0137,-28.0146,-33.6176,-33.7565,-33.7565,0,0,1
25.969417,1788533124.805027,-0.2584,-0.2580,-0.2580,-0.2063,-0.2063,0,0,1,2.5113,2.5105,-5.5232,-5.3086,-5.3085,0,0,1,4.7034,4.7032,7.0548,7.0155,7.0155,0,0,1,40.0613,40.0636,-48.0763,-48.4317,-48.4317,0,0,1,54.5896,54.5894,65.5073,60.0000,60.0000,0,0,1,-28.0137,-28.0146,-33.6175,-33.7565,-33.7565,0,0,1
25.977334,1788533124.805027,-0.2584,-0.2580,-0.2580,-0.2063,-0.2063,0,0,1,2.5113,2.5106,-5.5233,-5.3086,-5.3085,0,0,1,4.7034,4.7032,7.0548,7.0155,7.0155,0,0,1,40.0613,40.0635,-48.0762,-48.4317,-48.4317,0,0,1,54.5896,54.5894,65.5073,60.0000,60.0000,0,0,1,-28.0137,-28.0146,-33.6175,-33.7565,-33.7565,0,0,1
25.985386,1788533124.805027,-0.2584,-0.2580,-0.2580,-0.2063,-0.2063,0,0,1,2.5113,2.5106,-5.5233,-5.3086,-5.3085,0,0,1,4.7034,4.7032,7.0548,7.0155,7.0155,0,0,1,40.0613,40.0634,-48.0761,-48.4317,-48.4317,0,0,1,54.5896,54.5894,65.5073,60.0000,60.0000,0,0,1,-28.0137,-28.0145,-33.6174,-33.7565,-33.7565,0,0,1
25.993374,1788533124.805027,-0.2584,-0.2581,-0.2581,-0.2063,-0.2063,0,0,1,2.5113,2.5106,-5.5234,-5.3086,-5.3085,0,0,1,4.7034,4.7032,7.0548,7.0155,7.0155,0,0,1,40.0613,40.0633,-48.0759,-48.4317,-48.4317,0,0,1,54.5896,54.5895,65.5073,60.0000,60.0000,0,0,1,-28.0137,-28.0145,-33.6174,-33.7565,-33.7565,0,0,1
26.001887,1788533124.805027,-0.2584,-0.2581,-0.2581,-0.2063,-0.2063,0,0,1,2.5113,2.5107,-5.5235,-5.3086,-5.3085,0,0,1,4.7034,4.7032,7.0548,7.0155,7.0155,0,0,1,40.0613,40.0632,-48.0758,-48.4317,-48.4317,0,0,1,54.5896,54.5895,65.5073,60.0000,60.0000,0,0,1,-28.0137,-28.0144,-33.6173,-33.7565,-33.7565,0,0,1
26.009900,1788533124.805027,-0.2584,-0.2581,-0.2581,-0.2063,-0.2063,0,0,1,2.5113,2.5107,-5.5235,-5.3086,-5.3086,0,0,1,4.7034,4.7032,7.0549,7.0155,7.0155,0,0,1,40.0613,40.0631,-48.0757,-48.4317,-48.4317,0,0,1,54.5896,54.5895,65.5074,60.0000,60.0000,0,0,1,-28.0137,-28.0144,-33.6173,-33.7565,-33.7565,0,0,1
26.017414,1788533124.805027,-0.2584,-0.2581,-0.2581,-0.2063,-0.2063,0,0,1,2.5113,2.5107,-5.5236,-5.3086,-5.3086,0,0,1,4.7034,4.7032,7.0549,7.0155,7.0155,0,0,1,40.0613,40.0630,-48.0756,-48.4317,-48.4317,0,0,1,54.5896,54.5895,65.5074,60.0000,60.0000,0,0,1,-28.0137,-28.0144,-33.6172,-33.7565,-33.7565,0,0,1
26.025750,1788533124.805027,-0.2584,-0.2581,-0.2581,-0.2063,-0.2063,0,0,1,2.5113,2.5108,-5.5237,-5.3086,-5.3086,0,0,1,4.7034,4.7033,7.0549,7.0155,7.0155,0,0,1,40.0613,40.0629,-48.0755,-48.4317,-48.4317,0,0,1,54.5896,54.5895,65.5074,60.0000,60.0000,0,0,1,-28.0137,-28.0143,-33.6172,-33.7565,-33.7565,0,0,1
26.033699,1788533124.805027,-0.2584,-0.2581,-0.2581,-0.2063,-0.2063,0,0,1,2.5113,2.5108,-5.5237,-5.3086,-5.3086,0,0,1,4.7034,4.7033,7.0549,7.0155,7.0155,0,0,1,40.0613,40.0628,-48.0754,-48.4317,-48.4317,0,0,1,54.5896,54.5895,65.5074,60.0000,60.0000,0,0,1,-28.0137,-28.0143,-33.6172,-33.7565,-33.7565,0,0,1
26.041780,1788533124.805027,-0.2584,-0.2581,-0.2581,-0.2063,-0.2063,0,0,1,2.5113,2.5108,-5.5238,-5.3086,-5.3086,0,0,1,4.7034,4.7033,7.0549,7.0155,7.0155,0,0,1,40.0613,40.0628,-48.0753,-48.4317,-48.4317,0,0,1,54.5896,54.5895,65.5074,60.0000,60.0000,0,0,1,-28.0137,-28.0143,-33.6171,-33.7565,-33.7565,0,0,1
26.049366,1788533124.805027,-0.2584,-0.2582,-0.2582,-0.2063,-0.2063,0,0,1,2.5113,2.5108,-5.5238,-5.3086,-5.3086,0,0,1,4.7034,4.7033,7.0549,7.0155,7.0155,0,0,1,40.0613,40.0627,-48.0752,-48.4317,-48.4317,0,0,1,54.5896,54.5895,65.5074,60.0000,60.0000,0,0,1,-28.0137,-28.0143,-33.6171,-33.7565,-33.7565,0,0,1
26.057636,1788533124.805027,-0.2584,-0.2582,-0.2582,-0.2063,-0.2063,0,0,1,2.5113,2.5109,-5.5239,-5.3086,-5.3086,0,0,1,4.7034,4.7033,7.0549,7.0155,7.0155,0,0,1,40.0613,40.0626,-48.0752,-48.4317,-48.4317,0,0,1,54.5896,54.5895,65.5074,60.0000,60.0000,0,0,1,-28.0137,-28.0142,-33.6171,-33.7565,-33.7565,0,0,1
26.066165,1788533124.805027,-0.2584,-0.2582,-0.2582,-0.2063,-0.2063,0,0,1,2.5113,2.5109,-5.5239,-5.3086,-5.3086,0,0,1,4.7034,4.7033,7.0549,7.0155,7.0155,0,0,1,40.0613,40.0626,-48.0751,-48.4317,-48.4317,0,0,1,54.5896,54.5895,65.5074,60.0000,60.0000,0,0,1,-28.0137,-28.0142,-33.6170,-33.7565,-33.7565,0,0,1
