t_capture,t_command,latency_ms,signal_age_ms
1788221264.409691,1788221264.410695,1.004,0.582
1788221264.410695,1788221264.418285,7.590,7.750
1788221264.425599,1788221264.426618,1.019,0.599
1788221264.427615,1788221264.434910,7.295,6.864
1788221264.440467,1788221264.441938,1.471,1.610
1788221264.444465,1788221264.450468,6.002,6.016
1788221264.455600,1788221264.458997,3.397,2.446
1788221264.460513,1788221264.466597,6.083,6.185
1788221264.471621,1788221264.475053,3.432,2.564
1788221264.477055,1788221264.482598,5.543,5.040
1788221264.487149,1788221264.490650,3.501,3.209
1788221264.494182,1788221264.498196,4.014,4.211
1788221264.502191,1788221264.506729,4.538,4.305
1788221264.510728,1788221264.514730,4.002,3.642
1788221264.519722,1788221264.522725,3.002,2.548
1788221264.527246,1788221264.530788,3.542,3.364
1788221264.535087,1788221264.539112,4.025,2.978
1788221264.543100,1788221264.546655,3.555,2.962
1788221264.551867,1788221264.553863,1.996,2.574
1788221264.562381,1788221264.562381,0.000,0.160
1788221264.568460,1788221264.570467,2.007,1.730
1788221264.577511,1788221264.578892,1.381,0.960
1788221264.586075,1788221264.586709,0.633,0.930
1788221264.594161,1788221264.594161,0.000,0.737
1788221264.601737,1788221264.602745,1.008,0.539
1788221264.610273,1788221264.610273,0.000,0.240
1788221264.618799,1788221264.618799,0.000,0.056
1788221264.625368,1788221264.626898,1.530,1.626
1788221264.626898,1788221264.634451,7.554,7.251
1788221264.639831,1788221264.642836,3.005,2.914
1788221264.644833,1788221264.650362,5.529,6.213
1788221264.655364,1788221264.659250,3.886,3.212
1788221264.662372,1788221264.666505,4.133,4.511
1788221264.670919,1788221264.675155,4.236,3.701
1788221264.677790,1788221264.682476,4.686,5.318
1788221264.687045,1788221264.691158,4.113,3.342
1788221264.694126,1788221264.698863,4.737,4.136
1788221264.701810,1788221264.707629,5.819,5.135
1788221264.710690,1788221264.714770,4.080,3.985
1788221264.721260,1788221264.723335,2.075,2.280
1788221264.727794,1788221264.731751,3.957,3.129
1788221264.736645,1788221264.739271,2.626,2.959
1788221264.743880,1788221264.746836,2.956,3.114
1788221264.752546,1788221264.755491,2.944,2.566
1788221264.760278,1788221264.763204,2.926,2.941
1788221264.769236,1788221264.771259,2.023,1.472
1788221264.778777,1788221264.779798,1.021,0.650
1788221264.785333,1788221264.787339,2.006,1.409
1788221264.793864,1788221264.794863,1.000,0.914
1788221264.801461,1788221264.803457,1.996,1.163
1788221264.809974,1788221264.811081,1.107,0.941
1788221264.819086,1788221264.819086,0.000,0.177
1788221264.827180,1788221264.827180,0.000,0.357
1788221264.827180,1788221264.835800,8.620,8.372
1788221264.839318,1788221264.843341,4.023,3.759
1788221264.844339,1788221264.850981,6.641,6.878
1788221264.853983,1788221264.859975,5.992,4.910
1788221264.862009,1788221264.867529,5.520,5.523
1788221264.869547,1788221264.875158,5.611,5.713
1788221264.877156,1788221264.883683,6.527,6.045
1788221264.885832,1788221264.891383,5.551,5.295
1788221264.893907,1788221264.898911,5.005,5.078
1788221264.902844,1788221264.907840,4.996,4.950
1788221264.911355,1788221264.915363,4.008,4.508
1788221264.918362,1788221264.923892,5.530,4.710
1788221264.927895,1788221264.931944,4.049,3.886
1788221264.935954,1788221264.939949,3.995,3.669
1788221264.944479,1788221264.947478,2.999,2.956
1788221264.952013,1788221264.956017,4.004,2.969
1788221264.962546,1788221264.963549,1.003,0.784
1788221264.969617,1788221264.971614,1.996,1.127
1788221264.978150,1788221264.979151,1.001,1.014
1788221264.986275,1788221264.987283,1.007,1.258
1788221264.994342,1788221264.995342,0.999,1.492
1788221265.001336,1788221265.003865,2.529,1.022
1788221265.010868,1788221265.011863,0.995,0.835
1788221265.019402,1788221265.019402,0.000,0.602
1788221265.024945,1788221265.027946,3.000,2.305
1788221265.035027,1788221265.036027,1.000,0.029
1788221265.040027,1788221265.043529,3.502,3.109
1788221265.043529,1788221265.051543,8.014,7.824
1788221265.055073,1788221265.059413,4.340,4.273
1788221265.060932,1788221265.068017,7.086,6.964
1788221265.070038,1788221265.075572,5.534,5.372
1788221265.078567,1788221265.084105,5.538,4.497
1788221265.085126,1788221265.091534,6.408,5.698
1788221265.092534,1788221265.100067,7.533,6.124
1788221265.102167,1788221265.107293,5.126,5.591
1788221265.110294,1788221265.115818,5.524,4.944
1788221265.118941,1788221265.122868,3.927,5.043
1788221265.130244,1788221265.132236,1.992,1.360
1788221265.135894,1788221265.139834,3.940,3.640
1788221265.147251,1788221265.148244,0.993,0.775
1788221265.152242,1788221265.155771,3.529,3.579
1788221265.161793,1788221265.163895,2.102,1.525
1788221265.169340,1788221265.172246,2.905,2.321
1788221265.178783,1788221265.180296,1.513,0.930
1788221265.187886,1788221265.187886,0.000,0.089
1788221265.194534,1788221265.196193,1.659,1.211
1788221265.202188,1788221265.204241,2.053,1.252
1788221265.210823,1788221265.211823,1.001,1.061
1788221265.219354,1788221265.220403,1.049,0.589
1788221265.226869,1788221265.228139,1.270,0.777
1788221265.226869,1788221265.235771,8.902,8.793
1788221265.240312,1788221265.243837,3.525,3.063
1788221265.244839,1788221265.252024,7.185,7.219
1788221265.257018,1788221265.259557,2.540,3.236
1788221265.260553,1788221265.267609,7.056,7.130
1788221265.271697,1788221265.275743,4.046,3.830
1788221265.277257,1788221265.283820,6.563,6.107
1788221265.288237,1788221265.292248,4.011,3.844
1788221265.294256,1788221265.299972,5.716,5.362
1788221265.302964,1788221265.308019,5.054,4.364
1788221265.311041,1788221265.316037,4.996,5.231
1788221265.318545,1788221265.323880,5.335,4.844
1788221265.326877,1788221265.332208,5.331,4.309
1788221265.335487,1788221265.340547,5.060,4.262
1788221265.345542,1788221265.348541,2.999,2.279
1788221265.353066,1788221265.356067,3.001,2.669
1788221265.360590,1788221265.364591,4.001,3.647
1788221265.369111,1788221265.372126,3.015,3.198
1788221265.376652,1788221265.380155,3.503,2.889
1788221265.386670,1788221265.387674,1.004,1.400
1788221265.395203,1788221265.396212,1.009,0.755
1788221265.403731,1788221265.403731,0.000,0.319
1788221265.411254,1788221265.412257,1.003,0.845
1788221265.411254,1788221265.420290,9.036,8.861
1788221265.427304,1788221265.428304,1.000,0.692
1788221265.436264,1788221265.436264,0.000,0.038
1788221265.443492,1788221265.444475,0.983,0.338
1788221265.452007,1788221265.452007,0.000,0.138
1788221265.457007,1788221265.460522,3.515,2.962
1788221265.461537,1788221265.468596,7.059,6.739
1788221265.472116,1788221265.476115,3.999,4.052
1788221265.478111,1788221265.484641,6.530,6.568
1788221265.488643,1788221265.492174,3.531,3.256
1788221265.488643,1788221265.500684,12.040,11.270
1788221265.507707,1788221265.508703,0.996,1.030
1788221265.510697,1788221265.516232,5.535,5.872
1788221265.519227,1788221265.524754,5.527,5.331
1788221265.527761,1788221265.532860,5.099,4.152
1788221265.535865,1788221265.540869,5.005,4.130
1788221265.544389,1788221265.548401,4.012,4.341
1788221265.551933,1788221265.556937,5.003,4.110
1788221265.563481,1788221265.564482,1.001,0.818
1788221265.563481,1788221265.572545,9.064,8.826
1788221265.579073,1788221265.580733,1.659,1.360
1788221265.585276,1788221265.588281,3.005,2.814
1788221265.594827,1788221265.596279,1.452,1.408
1788221265.594827,1788221265.604825,9.999,9.418
1788221265.610815,1788221265.612327,1.512,1.364
1788221265.619346,1788221265.620762,1.416,0.840
1788221265.627372,1788221265.628371,0.999,1.220
1788221265.635432,1788221265.636430,0.998,0.893
1788221265.640953,1788221265.644750,3.797,2.823
1788221265.652181,1788221265.652181,0.000,0.018
1788221265.656716,1788221265.660244,3.528,3.746
1788221265.663810,1788221265.668338,4.528,5.154
1788221265.672349,1788221265.677152,4.803,4.544
1788221265.678184,1788221265.685223,7.039,6.652
1788221265.686717,1788221265.692537,5.820,5.861
1788221265.694072,1788221265.701088,7.016,6.693
1788221265.702579,1788221265.709183,6.604,5.285
1788221265.715734,1788221265.716737,1.003,0.652
1788221265.718976,1788221265.725035,6.059,5.761
1788221265.732550,1788221265.732550,0.000,0.541
1788221265.736072,1788221265.741081,5.009,4.759
1788221265.747621,1788221265.748772,1.151,1.015
1788221265.751789,1788221265.756328,4.538,4.601
1788221265.762320,1788221265.764849,2.529,1.988
1788221265.768392,1788221265.772415,4.023,3.996
1788221265.777955,1788221265.780668,2.714,2.782
1788221265.786381,1788221265.788391,2.011,2.354
1788221265.794380,1788221265.796621,2.242,1.925
1788221265.802622,1788221265.804621,2.000,2.510
1788221265.811439,1788221265.812449,1.010,1.535
1788221265.818988,1788221265.820996,2.008,1.767
1788221265.827190,1788221265.829190,2.000,1.706
1788221265.836133,1788221265.837132,0.999,0.935
1788221265.843657,1788221265.845174,1.517,0.566
1788221265.852597,1788221265.852597,0.000,0.367
1788221265.861126,1788221265.861126,0.000,0.164
1788221265.868695,1788221265.868695,0.000,0.196
1788221265.871717,1788221265.877259,5.542,5.108
1788221265.877259,1788221265.885195,7.936,7.746
1788221265.887269,1788221265.893480,6.211,6.003
1788221265.893988,1788221265.901006,7.018,6.827
1788221265.902999,1788221265.908561,5.562,6.044
1788221265.910557,1788221265.917120,6.563,6.053
1788221265.919342,1788221265.924897,5.555,6.017
1788221265.932434,1788221265.932434,0.000,0.035
1788221265.935970,1788221265.941089,5.120,5.445
1788221265.947517,1788221265.948652,1.135,1.349
1788221265.955204,1788221265.957212,2.008,1.441
1788221265.962207,1788221265.965288,3.081,2.588
1788221265.968823,1788221265.973376,4.553,4.148
1788221265.978451,1788221265.980987,2.536,2.788
1788221265.985520,1788221265.989532,4.011,3.250
1788221265.994522,1788221265.997047,2.525,2.676
1788221266.002036,1788221266.004711,2.676,2.906
1788221266.010729,1788221266.012732,2.003,2.072
1788221266.019437,1788221266.021559,2.122,1.620
1788221266.027207,1788221266.029817,2.610,1.967
1788221266.035458,1788221266.037941,2.483,1.461
1788221266.043582,1788221266.045094,1.512,1.073
1788221266.053205,1788221266.053205,0.000,0.490
1788221266.060874,1788221266.061774,0.901,0.790
1788221266.068761,1788221266.069787,1.026,0.276
1788221266.077318,1788221266.077318,0.000,0.333
1788221266.077318,1788221266.084842,7.524,8.347
1788221266.087387,1788221266.093382,5.995,5.762
1788221266.094390,1788221266.101902,7.512,7.203
1788221266.103421,1788221266.109990,6.568,6.014
1788221266.109990,1788221266.117514,7.524,7.016
1788221266.118509,1788221266.125547,7.038,6.437
1788221266.126561,1788221266.134080,7.519,6.641
1788221266.137772,1788221266.141647,3.876,4.017
1788221266.143703,1788221266.149475,5.771,5.549
1788221266.151493,1788221266.157615,6.122,5.490
1788221266.164652,1788221266.166077,1.425,1.033
1788221266.168612,1788221266.173634,5.022,4.975
1788221266.180172,1788221266.181184,1.013,1.214
1788221266.185831,1788221266.189361,3.530,3.829
1788221266.196904,1788221266.197908,1.004,0.125
1788221266.202908,1788221266.206476,3.569,3.516
1788221266.212038,1788221266.214041,2.004,2.288
1788221266.218659,1788221266.222581,3.922,3.058
1788221266.227088,1788221266.229558,2.470,2.877
1788221266.236099,1788221266.238640,2.541,2.089
1788221266.244672,1788221266.246633,1.961,1.719
1788221266.251268,1788221266.253765,2.496,1.998
1788221266.260457,1788221266.262456,1.999,1.519
1788221266.268847,1788221266.269923,1.077,1.410
1788221266.277953,1788221266.278545,0.592,0.591
1788221266.286205,1788221266.286205,0.000,0.334
1788221266.288726,1788221266.294751,6.025,5.734
1788221266.295752,1788221266.302300,6.549,6.167
1788221266.305299,1788221266.310762,5.463,4.810
1788221266.311774,1788221266.318780,7.006,6.794
1788221266.321322,1788221266.326321,4.999,5.219
1788221266.327322,1788221266.334616,7.295,6.453
1788221266.335617,1788221266.342175,6.559,6.080
1788221266.344164,1788221266.350704,6.540,6.243
1788221266.352702,1788221266.357712,5.010,5.118
1788221266.360240,1788221266.366526,6.285,5.758
1788221266.368916,1788221266.374711,5.795,5.345
1788221266.378109,1788221266.382649,4.540,4.433
1788221266.385853,1788221266.390304,4.451,4.638
1788221266.394311,1788221266.398320,4.009,4.453
1788221266.401992,1788221266.405997,4.006,4.110
1788221266.413520,1788221266.414524,1.004,0.509
1788221266.418527,1788221266.422092,3.565,3.212
1788221266.429092,1788221266.430612,1.520,1.035
1788221266.436171,1788221266.438710,2.540,2.605
1788221266.444889,1788221266.446908,2.020,1.894
1788221266.452418,1788221266.454430,2.011,1.783
1788221266.459423,1788221266.462955,3.532,1.986
1788221266.469002,1788221266.470105,1.103,1.369
1788221266.477197,1788221266.478195,0.997,0.970
1788221266.485732,1788221266.486799,1.067,0.515
1788221266.494216,1788221266.494216,0.000,0.398
1788221266.501949,1788221266.502946,0.997,0.018
1788221266.504954,1788221266.510300,5.345,5.251
1788221266.510300,1788221266.518362,8.062,7.142
1788221266.521898,1788221266.526915,5.018,4.890
1788221266.527912,1788221266.534677,6.766,6.656
1788221266.535677,1788221266.542200,6.523,6.618
1788221266.544221,1788221266.550221,6.000,6.471
1788221266.552218,1788221266.558299,6.081,6.184
1788221266.566402,1788221266.566402,0.000,0.034
1788221266.567717,1788221266.574911,7.194,5.910
1788221266.581332,1788221266.582923,1.590,0.886
1788221266.585927,1788221266.590926,4.999,4.857
1788221266.596560,1788221266.599006,2.445,1.828
1788221266.601059,1788221266.606585,5.526,4.570
1788221266.612455,1788221266.614995,2.539,2.189
1788221266.619074,1788221266.623071,3.997,3.728
1788221266.629691,1788221266.630693,1.002,0.671
1788221266.635779,1788221266.638780,3.000,2.603
1788221266.643306,1788221266.646330,3.025,2.964
1788221266.652335,1788221266.654866,2.531,1.395
1788221266.662403,1788221266.662403,0.000,0.424
1788221266.670027,1788221266.671041,1.013,0.107
1788221266.677589,1788221266.678590,1.001,1.170
1788221266.677589,1788221266.686850,9.261,9.184
1788221266.694454,1788221266.694454,0.000,0.236
1788221266.702554,1788221266.702554,0.000,0.280
1788221266.703541,1788221266.710659,7.118,7.178
1788221266.712664,1788221266.719252,6.588,6.220
1788221266.720251,1788221266.726890,6.638,6.522
1788221266.728790,1788221266.734969,6.179,6.294
1788221266.735993,1788221266.743048,7.055,6.991
1788221266.743983,1788221266.750535,6.552,6.972
1788221266.752530,1788221266.759056,6.526,6.419
1788221266.765677,1788221266.766700,1.023,0.849
1788221266.768690,1788221266.775323,6.633,6.214
1788221266.782549,1788221266.782549,0.000,0.690
1788221266.786080,1788221266.790733,4.654,5.285
1788221266.798155,1788221266.799157,1.002,1.037
1788221266.802146,1788221266.806692,4.546,4.625
1788221266.813864,1788221266.815392,1.528,1.475
1788221266.819404,1788221266.823413,4.009,3.960
1788221266.828935,1788221266.830950,2.015,2.259
1788221266.835663,1788221266.839074,3.411,3.402
1788221266.845160,1788221266.847375,2.216,2.151
1788221266.852364,1788221266.854883,2.519,2.336
1788221266.860899,1788221266.862905,2.005,1.746
1788221266.868449,1788221266.870838,2.389,2.002
1788221266.878421,1788221266.879418,0.998,0.974
1788221266.885450,1788221266.887466,2.017,0.881
1788221266.893876,1788221266.894889,1.012,0.723
1788221266.902932,1788221266.902932,0.000,0.496
1788221266.906446,1788221266.911455,5.010,4.811
1788221266.911455,1788221266.919196,7.740,7.573
1788221266.920098,1788221266.927614,7.517,6.552
1788221266.928682,1788221266.935151,6.468,6.524
1788221266.937760,1788221266.942768,5.008,5.811
1788221266.943759,1788221266.951409,7.650,6.973
1788221266.952407,1788221266.958957,6.550,6.611
1788221266.961957,1788221266.967474,5.517,4.930
1788221266.968482,1788221266.975629,7.147,6.112
1788221266.983163,1788221266.983163,0.000,0.204
1788221266.987730,1788221266.991725,3.995,3.604
1788221266.998266,1788221266.999262,0.997,0.802
1788221267.002268,1788221267.007804,5.537,4.989
1788221267.013804,1788221267.015808,2.003,1.107
1788221267.019346,1788221267.023349,4.003,4.283
1788221267.029000,1788221267.030939,1.939,2.190
1788221267.035980,1788221267.038994,3.014,2.828
1788221267.043992,1788221267.047529,3.536,2.869
1788221267.052526,1788221267.055615,3.089,3.047
1788221267.060229,1788221267.063232,3.003,2.661
1788221267.068861,1788221267.071523,2.662,2.364
1788221267.076738,1788221267.079760,3.022,2.160
1788221267.086296,1788221267.087835,1.539,1.107
1788221267.093926,1788221267.094925,1.000,1.562
1788221267.102241,1788221267.103233,0.992,0.837
1788221267.110833,1788221267.111823,0.990,0.670
1788221267.119467,1788221267.119467,0.000,0.262
1788221267.120388,1788221267.127242,6.855,7.033
1788221267.128261,1788221267.135995,7.734,6.669
1788221267.135995,1788221267.143282,7.287,7.326
1788221267.143282,1788221267.151842,8.560,7.815
1788221267.151842,1788221267.159383,7.540,7.118
1788221267.167375,1788221267.167375,0.000,0.249
1788221267.169009,1788221267.175584,6.575,6.478
1788221267.182154,1788221267.183587,1.433,0.854
1788221267.185601,1788221267.191248,5.646,5.673
1788221267.198244,1788221267.199758,1.514,0.495
1788221267.201865,1788221267.207866,6.001,5.351
1788221267.214449,1788221267.215504,1.055,1.410
1788221267.218515,1788221267.223187,4.672,4.633
1788221267.228789,1788221267.231906,3.116,2.601
1788221267.236504,1788221267.240042,3.538,2.408
1788221267.244146,1788221267.248067,3.921,3.279
1788221267.252606,1788221267.256133,3.527,3.372
1788221267.260670,1788221267.263686,3.016,3.045
1788221267.260670,1788221267.271771,11.101,11.064
1788221267.277797,1788221267.280359,2.561,2.497
1788221267.285500,1788221267.288578,3.078,2.095
1788221267.293715,1788221267.295789,2.074,2.014
1788221267.302382,1788221267.304321,1.939,1.420
1788221267.310870,1788221267.311892,1.023,0.714
1788221267.319932,1788221267.319932,0.000,0.068
1788221267.327509,1788221267.328556,1.047,0.697
1788221267.336065,1788221267.336065,0.000,0.237
1788221267.336065,1788221267.344814,8.749,8.271
1788221267.352398,1788221267.352398,0.000,0.089
1788221267.352398,1788221267.360392,7.994,8.095
1788221267.367078,1788221267.368155,1.077,1.202
1788221267.369162,1788221267.376556,7.394,7.036
1788221267.382121,1788221267.384792,2.671,1.831
1788221267.385846,1788221267.392387,6.541,6.230
1788221267.397515,1788221267.400519,3.004,2.467
1788221267.404289,1788221267.408249,3.960,3.794
1788221267.412767,1788221267.416909,4.142,3.403
1788221267.418851,1788221267.424535,5.684,5.219
1788221267.427505,1788221267.432468,4.963,4.905
1788221267.435528,1788221267.440540,5.012,4.540
1788221267.444189,1788221267.448200,4.011,4.390
1788221267.452199,1788221267.456784,4.585,3.652
1788221267.460783,1788221267.464396,3.613,3.838
1788221267.469006,1788221267.471632,2.625,3.433
1788221267.477770,1788221267.480772,3.002,2.447
1788221267.486371,1788221267.488453,2.082,2.335
1788221267.493394,1788221267.496987,3.593,2.144
1788221267.503929,1788221267.503929,0.000,0.216
1788221267.510516,1788221267.512521,2.005,1.958
1788221267.519056,1788221267.520427,1.370,0.584
1788221267.527081,1788221267.528087,1.006,1.176
1788221267.535708,1788221267.536858,1.150,0.763
1788221267.543718,1788221267.544727,1.009,0.320
1788221267.552373,1788221267.552373,0.000,0.086
1788221267.552373,1788221267.560907,8.534,7.830
1788221267.564936,1788221267.568545,3.609,2.758
1788221267.568545,1788221267.576525,7.980,7.597
1788221267.580551,1788221267.584551,3.999,3.568
1788221267.585553,1788221267.593196,7.644,6.728
1788221267.596088,1788221267.600880,4.791,4.482
1788221267.601835,1788221267.608413,6.579,6.276
1788221267.611413,1788221267.616645,5.232,5.133
1788221267.619245,1788221267.624326,5.081,5.206
1788221267.627074,1788221267.632636,5.561,5.143
1788221267.635175,1788221267.640714,5.539,4.922
1788221267.644768,1788221267.648346,3.578,3.711
1788221267.655807,1788221267.656805,0.998,0.541
1788221267.661865,1788221267.664863,2.997,2.144
1788221267.669933,1788221267.672479,2.546,2.354
1788221267.677593,1788221267.680705,3.112,2.812
1788221267.688740,1788221267.688740,0.000,0.030
1788221267.693760,1788221267.696760,3.001,2.516
1788221267.704285,1788221267.705289,1.004,0.565
1788221267.704285,1788221267.712815,8.530,8.584
1788221267.719889,1788221267.720893,1.004,0.718
1788221267.728308,1788221267.729306,0.998,0.052
1788221267.735367,1788221267.737365,1.998,0.997
1788221267.744459,1788221267.744459,0.000,0.380
1788221267.751993,1788221267.752994,1.000,0.595
1788221267.760507,1788221267.760507,0.000,0.384
1788221267.767525,1788221267.768521,0.996,1.611
1788221267.769520,1788221267.776590,7.069,7.379
1788221267.783121,1788221267.784642,1.521,1.874
1788221267.785655,1788221267.793192,7.537,7.171
1788221267.798194,1788221267.801189,2.995,2.485
1788221267.802717,1788221267.808720,6.003,6.469
1788221267.814250,1788221267.817265,3.015,2.104
1788221267.820248,1788221267.824781,4.532,4.469
1788221267.829781,1788221267.833287,3.507,3.213
1788221267.835828,1788221267.840833,5.004,5.333
1788221267.844912,1788221267.849447,4.535,3.972
1788221267.851965,1788221267.856981,5.016,4.330
1788221267.859980,1788221267.865527,5.547,4.634
1788221267.869522,1788221267.872558,3.036,3.694
1788221267.877130,1788221267.881122,3.993,3.869
1788221267.887954,1788221267.888957,1.003,0.992
1788221267.894085,1788221267.897203,3.118,3.283
1788221267.901140,1788221267.904851,3.711,2.803
1788221267.910784,1788221267.913307,2.524,2.311
1788221267.919328,1788221267.921331,2.003,1.179
1788221267.926844,1788221267.928843,1.999,1.883
1788221267.936472,1788221267.937465,0.993,0.152
1788221267.943783,1788221267.944802,1.019,0.713
1788221267.953085,1788221267.953085,0.000,0.069
1788221267.960640,1788221267.961682,1.042,0.428
1788221267.968748,1788221267.968748,0.000,0.185
1788221267.968748,1788221267.976885,8.137,8.190
1788221267.981886,1788221267.985554,3.668,2.842
1788221267.986062,1788221267.993080,7.018,7.304
1788221267.997733,1788221268.001624,3.891,3.205
1788221268.002622,1788221268.009260,6.637,6.434
1788221268.013158,1788221268.017745,4.587,3.774
1788221268.019737,1788221268.025369,5.632,5.480
1788221268.028367,1788221268.033555,5.188,4.511
1788221268.035129,1788221268.040780,5.651,5.778
1788221268.043777,1788221268.049196,5.419,5.312
1788221268.052198,1788221268.057784,5.585,4.811
1788221268.062790,1788221268.065299,2.509,2.814
1788221268.069320,1788221268.072862,3.541,4.189
1788221268.077391,1788221268.081612,4.221,3.574
1788221268.085868,1788221268.088892,3.024,3.757
1788221268.093402,1788221268.097558,4.156,2.954
1788221268.102547,1788221268.104651,2.104,2.955
1788221268.110193,1788221268.113240,3.046,2.785
1788221268.118773,1788221268.121784,3.011,2.442
1788221268.127291,1788221268.129310,2.019,1.978
1788221268.134853,1788221268.137367,2.514,1.922
1788221268.143394,1788221268.145390,1.995,1.417
1788221268.151919,1788221268.153923,2.003,0.858
1788221268.161459,1788221268.161459,0.000,0.139
1788221268.168988,1788221268.168988,0.000,0.119
1788221268.169989,1788221268.177622,7.633,7.533
1788221268.184781,1788221268.185795,1.015,0.375
1788221268.185795,1788221268.193331,7.535,6.318
1788221268.200879,1788221268.201875,0.996,0.160
1788221268.202880,1788221268.209414,6.534,6.693
1788221268.215417,1788221268.216873,1.456,1.698
1788221268.218388,1788221268.225410,7.021,6.751
1788221268.231075,1788221268.233278,2.203,2.321
1788221268.235818,1788221268.241865,6.047,5.852
1788221268.245876,1788221268.249402,3.526,3.630
1788221268.251928,1788221268.258030,6.102,5.341
1788221268.261558,1788221268.265564,4.007,3.979
1788221268.269085,1788221268.273643,4.558,4.747
1788221268.276644,1788221268.282171,5.527,4.414
1788221268.285716,1788221268.289236,3.520,3.749
1788221268.293232,1788221268.298003,4.771,3.482
1788221268.302536,1788221268.305531,2.995,3.032
1788221268.310487,1788221268.313483,2.997,2.687
1788221268.318490,1788221268.322033,3.543,2.655
1788221268.328032,1788221268.329546,1.514,0.613
1788221268.335408,1788221268.337424,2.016,1.910
1788221268.343951,1788221268.345958,2.007,1.792
1788221268.352484,1788221268.353487,1.004,1.285
1788221268.360721,1788221268.361822,1.101,0.378
1788221268.368718,1788221268.370228,1.509,0.310
1788221268.377701,1788221268.377701,0.000,0.419
1788221268.384626,1788221268.385646,1.020,0.985
1788221268.386651,1788221268.394285,7.634,7.497
1788221268.400796,1788221268.401823,1.026,0.989
1788221268.402871,1788221268.409273,6.402,6.686
1788221268.414821,1788221268.418224,3.402,2.648
1788221268.420223,1788221268.425762,5.539,5.752
1788221268.429889,1788221268.434053,4.164,3.873
1788221268.436053,1788221268.442401,6.348,6.114
1788221268.445487,1788221268.449739,4.252,4.376
1788221268.452268,1788221268.458291,6.023,5.420
1788221268.461812,1788221268.465838,4.025,3.902
1788221268.468826,1788221268.474355,5.529,4.906
1788221268.477397,1788221268.481964,4.567,4.080
1788221268.486655,1788221268.489661,3.006,3.380
1788221268.496386,1788221268.497775,1.390,1.240
1788221268.504328,1788221268.506384,2.056,1.282
1788221268.511502,1788221268.514017,2.515,2.871
1788221268.519015,1788221268.522016,3.001,2.849
1788221268.528530,1788221268.529531,1.001,1.818
1788221268.536140,1788221268.538507,2.367,1.866
1788221268.544239,1788221268.546114,1.875,1.977
1788221268.552748,1788221268.554484,1.735,1.566
1788221268.560947,1788221268.562079,1.132,1.199
1788221268.568663,1788221268.569665,1.002,1.245
1788221268.576711,1788221268.577705,0.994,0.893
1788221268.585813,1788221268.585813,0.000,0.469
1788221268.585813,1788221268.594363,8.551,8.478
1788221268.601357,1788221268.602370,1.014,0.764
1788221268.602370,1788221268.610029,7.659,7.691
1788221268.616052,1788221268.617675,1.624,1.930
1788221268.618676,1788221268.626255,7.579,7.217
1788221268.631367,1788221268.634414,3.047,2.632
1788221268.635943,1788221268.641996,6.053,5.715
1788221268.646524,1788221268.650519,3.995,3.074
1788221268.653515,1788221268.658641,5.125,4.140
1788221268.661637,1788221268.666056,4.419,4.514
1788221268.669050,1788221268.673602,4.552,5.413
1788221268.677134,1788221268.682219,5.085,4.966
1788221268.685732,1788221268.690320,4.588,3.998
1788221268.694319,1788221268.698481,4.162,3.909
1788221268.702478,1788221268.705992,3.514,4.125
1788221268.710999,1788221268.714023,3.024,3.119
1788221268.719547,1788221268.722567,3.020,2.909
1788221268.727014,1788221268.730782,3.768,3.090
1788221268.735779,1788221268.738861,3.082,2.513
1788221268.745508,1788221268.746705,1.197,0.863
1788221268.754350,1788221268.754350,0.000,0.304
1788221268.760885,1788221268.761884,0.999,0.899
1788221268.769406,1788221268.770387,0.981,0.595
1788221268.777979,1788221268.777979,0.000,0.535
1788221268.784983,1788221268.787198,2.214,0.609
1788221268.794215,1788221268.795219,1.004,0.019
1788221268.801881,1788221268.802875,0.994,0.670
1788221268.801881,1788221268.810412,8.532,8.678
1788221268.818946,1788221268.818946,0.000,0.099
1788221268.818946,1788221268.826945,7.999,7.494
1788221268.830483,1788221268.835318,4.835,4.297
1788221268.837946,1788221268.842963,5.016,5.096
1788221268.845807,1788221268.851506,5.700,4.821
1788221268.853509,1788221268.858800,5.291,5.033
1788221268.860845,1788221268.866532,5.686,6.208
1788221268.869074,1788221268.874615,5.542,5.722
1788221268.877154,1788221268.883155,6.001,5.847
1788221268.885674,1788221268.890716,5.042,4.946
1788221268.893715,1788221268.898984,5.269,4.753
1788221268.902002,1788221268.907512,5.510,4.590
1788221268.910527,1788221268.914524,3.997,4.262
1788221268.922182,1788221268.923209,1.027,0.712
1788221268.927782,1788221268.930866,3.084,3.166
1788221268.937484,1788221268.938511,1.028,1.662
1788221268.944510,1788221268.946587,2.076,1.969
1788221268.952289,1788221268.955272,2.982,2.861
1788221268.961050,1788221268.963015,1.966,2.144
1788221268.969317,1788221268.970439,1.122,1.669
1788221268.977607,1788221268.979340,1.733,1.316
1788221268.986314,1788221268.987605,1.292,0.909
1788221268.994140,1788221268.995136,0.996,1.197
1788221269.002879,1788221269.002879,0.000,0.333
1788221269.010429,1788221269.011429,1.000,0.598
1788221269.018424,1788221269.019421,0.997,0.127
1788221269.018424,1788221269.026946,8.522,8.134
1788221269.029692,1788221269.034813,5.120,4.895
1788221269.035715,1788221269.042937,7.222,7.608
1788221269.045365,1788221269.051233,5.869,5.528
1788221269.052230,1788221269.059234,7.004,7.023
1788221269.060742,1788221269.067122,6.380,5.453
1788221269.069124,1788221269.075237,6.114,6.129
1788221269.077363,1788221269.083785,6.422,5.703
1788221269.085891,1788221269.090890,4.998,5.405
1788221269.093311,1788221269.098999,5.688,5.280
1788221269.103449,1788221269.107449,4.000,3.144
1788221269.111368,1788221269.114910,3.542,4.205
1788221269.119912,1788221269.123512,3.600,2.733
1788221269.128455,1788221269.131973,3.517,3.471
1788221269.136996,1788221269.139544,2.548,2.490
1788221269.144077,1788221269.148078,4.001,3.511
1788221269.154243,1788221269.155234,0.991,0.968
1788221269.161242,1788221269.163774,2.532,2.149
1788221269.169778,1788221269.171778,2.000,1.348
1788221269.178313,1788221269.179309,0.995,1.629
1788221269.186166,1788221269.187300,1.135,0.910
1788221269.186166,1788221269.195387,9.221,8.926
1788221269.201386,1788221269.203930,2.544,1.550
1788221269.210921,1788221269.211921,1.000,1.013
1788221269.217458,1788221269.219461,2.003,2.187
1788221269.227006,1788221269.228015,1.009,0.276
1788221269.232554,1788221269.235592,3.038,3.418
1788221269.235592,1788221269.243562,7.970,7.673
1788221269.248580,1788221269.251585,3.006,3.071
1788221269.251585,1788221269.260151,8.565,7.560
1788221269.263643,1788221269.267769,4.126,4.133
1788221269.268664,1788221269.275795,7.131,6.648
1788221269.279788,1788221269.283383,3.595,3.991
1788221269.285508,1788221269.292119,6.610,5.723
1788221269.294277,1788221269.299271,4.994,5.557
1788221269.303499,1788221269.307518,4.020,3.715
1788221269.311514,1788221269.316130,4.616,4.329
1788221269.319125,1788221269.323789,4.664,4.398
1788221269.326808,1788221269.332384,5.577,4.522
1788221269.335923,1788221269.339439,3.516,4.093
1788221269.344111,1788221269.348192,4.081,3.671
1788221269.352129,1788221269.355187,3.057,3.873
1788221269.361145,1788221269.364768,3.623,3.518
1788221269.372332,1788221269.372332,0.000,0.297
1788221269.377115,1788221269.380118,3.003,2.896
1788221269.386712,1788221269.387677,0.965,1.479
1788221269.386712,1788221269.396757,10.045,9.516
1788221269.401756,1788221269.403756,2.000,2.154
1788221269.410300,1788221269.412394,2.095,2.069
1788221269.418844,1788221269.420843,1.999,1.248
1788221269.427360,1788221269.428367,1.007,0.908
1788221269.436049,1788221269.436049,0.000,0.289
1788221269.443586,1788221269.444584,0.997,0.327
1788221269.452121,1788221269.452121,0.000,0.156
1788221269.452121,1788221269.460668,8.547,8.164
1788221269.462667,1788221269.468720,6.053,5.621
1788221269.468720,1788221269.476772,8.052,7.452
1788221269.477787,1788221269.484789,7.002,6.417
1788221269.484789,1788221269.492870,8.081,7.029
1788221269.493872,1788221269.501005,7.133,6.634
1788221269.503141,1788221269.508831,5.690,5.664
1788221269.509834,1788221269.517292,7.458,6.655
1788221269.519307,1788221269.525307,6.001,5.518
1788221269.527822,1788221269.533390,5.568,5.406
1788221269.536444,1788221269.541577,5.133,4.830
1788221269.545601,1788221269.548903,3.302,3.492
1788221269.555847,1788221269.556846,0.999,1.153
1788221269.560551,1788221269.564662,4.111,4.316
1788221269.571178,1788221269.573457,2.278,1.893
1788221269.577080,1788221269.580745,3.665,3.814
1788221269.588291,1788221269.589329,1.038,0.689
1788221269.594355,1788221269.597354,2.999,2.784
1788221269.602893,1788221269.605254,2.361,1.899
1788221269.611798,1788221269.613736,1.938,0.607
1788221269.619370,1788221269.621393,2.023,1.281
1788221269.627456,1788221269.628969,1.513,1.345
1788221269.636051,1788221269.637054,1.003,1.372
1788221269.644121,1788221269.645122,1.001,0.735
1788221269.652663,1788221269.653664,1.001,0.570
1788221269.660724,1788221269.661747,1.022,0.365
1788221269.668746,1788221269.668746,0.000,0.103
1788221269.668746,1788221269.676898,8.151,8.110
1788221269.678962,1788221269.685199,6.237,6.123
1788221269.685199,1788221269.693243,8.043,7.509
1788221269.694240,1788221269.700816,6.576,6.875
1788221269.702832,1788221269.709440,6.608,6.640
1788221269.711971,1788221269.717967,5.995,5.326
1788221269.725238,1788221269.725238,0.000,0.023
1788221269.727374,1788221269.733015,5.641,6.120
1788221269.740419,1788221269.741511,1.092,0.793
1788221269.743229,1788221269.749122,5.893,5.711
1788221269.756084,1788221269.757081,0.997,1.003
1788221269.760082,1788221269.765726,5.644,4.854
1788221269.771856,1788221269.773671,1.815,1.792
1788221269.777699,1788221269.781679,3.981,3.292
1788221269.786232,1788221269.789719,3.487,3.058
1788221269.794079,1788221269.797079,2.999,2.832
1788221269.802612,1788221269.805616,3.004,3.117
1788221269.811161,1788221269.813160,1.999,2.508
1788221269.819160,1788221269.821687,2.527,2.130
1788221269.827688,1788221269.829686,1.998,2.129
1788221269.835722,1788221269.837738,2.016,1.714
1788221269.843165,1788221269.845164,2.000,1.830
1788221269.852156,1788221269.853155,0.999,1.350
1788221269.860156,1788221269.861675,1.519,1.079
1788221269.868699,1788221269.869700,1.001,0.729
1788221269.876761,1788221269.877762,1.001,0.220
1788221269.879761,1788221269.885306,5.544,5.225
1788221269.885306,1788221269.893375,8.069,7.929
1788221269.894373,1788221269.901379,7.005,6.712
1788221269.902377,1788221269.909341,6.964,7.515
1788221269.910338,1788221269.917980,7.641,7.288
1788221269.918968,1788221269.925933,6.965,6.451
1788221269.927930,1788221269.933468,5.538,5.880
1788221269.941520,1788221269.941520,0.000,0.049
1788221269.944053,1788221269.950118,6.065,5.050
1788221269.956589,1788221269.957582,0.993,0.886
1788221269.960588,1788221269.965872,5.284,4.859
1788221269.972887,1788221269.973919,1.033,0.721
1788221269.978076,1788221269.982004,3.929,3.701
1788221269.987563,1788221269.989559,1.996,1.476
1788221269.994627,1788221269.997636,3.008,3.250
1788221270.004147,1788221270.006166,2.020,1.405
1788221270.010166,1788221270.013292,3.126,3.014
1788221270.020308,1788221270.021849,1.540,1.719
1788221270.027384,1788221270.029392,2.008,2.068
1788221270.035911,1788221270.037430,1.519,1.687
1788221270.043967,1788221270.046038,2.070,1.154
1788221270.051983,1788221270.054046,2.063,1.389
1788221270.060640,1788221270.061788,1.148,1.160
1788221270.067289,1788221270.069291,2.003,2.842
1788221270.067289,1788221270.077620,10.331,10.854
1788221270.085138,1788221270.086157,1.019,0.324
1788221270.086157,1788221270.093756,7.599,7.638
1788221270.096832,1788221270.101821,4.990,4.623
1788221270.101821,1788221270.109479,7.658,7.715
1788221270.111481,1788221270.118166,6.685,5.850
1788221270.119165,1788221270.125682,6.517,6.282
1788221270.126789,1788221270.133692,6.903,6.586
1788221270.135207,1788221270.141748,6.541,6.302
1788221270.144064,1788221270.149708,5.644,6.201
1788221270.157245,1788221270.158352,1.107,0.363
1788221270.160250,1788221270.166416,6.166,5.036
1788221270.168437,1788221270.173957,5.520,4.839
1788221270.177522,1788221270.182513,4.992,4.632
1788221270.189888,1788221270.189888,0.000,0.191
1788221270.195427,1788221270.197963,2.535,2.518
1788221270.203962,1788221270.206015,2.053,1.775
1788221270.210503,1788221270.214502,3.999,3.077
1788221270.219148,1788221270.222257,3.108,2.591
1788221270.229505,1788221270.230527,1.022,0.242
1788221270.235525,1788221270.238118,2.593,2.452
1788221270.243653,1788221270.245794,2.141,2.210
1788221270.251959,1788221270.254480,2.521,1.819
1788221270.260170,1788221270.262172,2.002,1.447
1788221270.268707,1788221270.269715,1.008,0.834
1788221270.276253,1788221270.277769,1.516,0.807
1788221270.285903,1788221270.285903,0.000,0.207
1788221270.293861,1788221270.293861,0.000,0.081
1788221270.301924,1788221270.301924,0.000,0.073
1788221270.301924,1788221270.309745,7.821,7.865
1788221270.310769,1788221270.317681,6.912,7.361
1788221270.319268,1788221270.326290,7.022,6.878
1788221270.327302,1788221270.334347,7.044,6.879
1788221270.341543,1788221270.341543,0.000,0.462
1788221270.343626,1788221270.350694,7.068,5.980
1788221270.356688,1788221270.357687,0.999,1.420
1788221270.360216,1788221270.366226,6.010,5.980
1788221270.371818,1788221270.374333,2.515,2.183
1788221270.378349,1788221270.382128,3.779,3.354
1788221270.387035,1788221270.390581,3.546,2.705
1788221270.394117,1788221270.398119,4.002,4.251
1788221270.403662,1788221270.406198,2.536,1.592
1788221270.410700,1788221270.414741,4.041,3.232
1788221270.418713,1788221270.422242,3.529,2.822
1788221270.428243,1788221270.429312,1.070,2.268
1788221270.435138,1788221270.438244,3.106,2.522
1788221270.444345,1788221270.446347,2.001,2.227
1788221270.451967,1788221270.453977,2.010,1.915
1788221270.459976,1788221270.462519,2.544,2.035
1788221270.469519,1788221270.470511,0.992,0.242
1788221270.477182,1788221270.478197,1.015,0.683
1788221270.486135,1788221270.486135,0.000,0.393
1788221270.493828,1788221270.494807,0.979,0.298
1788221270.502298,1788221270.502298,0.000,0.338
1788221270.508303,1788221270.510836,2.533,1.748
1788221270.511832,1788221270.518362,6.531,6.437
1788221270.523551,1788221270.526560,3.010,2.603
1788221270.527546,1788221270.534097,6.551,6.950
1788221270.539096,1788221270.542630,3.534,3.244
1788221270.544647,1788221270.550169,5.522,5.810
1788221270.554701,1788221270.558704,4.003,3.690
1788221270.566239,1788221270.566239,0.000,0.397
1788221270.570249,1788221270.574768,4.519,4.252
1788221270.578781,1788221270.581787,3.006,4.025
1788221270.586323,1788221270.590865,4.542,3.719
1788221270.594398,1788221270.598402,4.004,4.385
1788221270.601579,1788221270.606134,4.555,4.355
1788221270.610125,1788221270.614673,4.548,3.813
1788221270.618677,1788221270.622678,4.001,3.842
1788221270.627767,1788221270.630774,3.006,2.886
1788221270.635378,1788221270.638388,3.009,3.008
1788221270.643902,1788221270.646921,3.019,2.758
1788221270.647914,1788221270.654442,6.528,6.236
1788221270.660424,1788221270.662448,2.024,2.314
1788221270.669017,1788221270.671007,1.990,1.784
1788221270.677426,1788221270.678351,0.925,1.104
1788221270.686940,1788221270.686940,0.000,0.031
1788221270.693648,1788221270.693648,0.000,0.535
1788221270.702451,1788221270.702451,0.000,0.458
1788221270.710083,1788221270.710697,0.614,0.909
1788221270.711838,1788221270.719252,7.414,7.091
1788221270.725155,1788221270.726853,1.698,1.508
1788221270.727443,1788221270.734622,7.179,7.189
1788221270.740737,1788221270.742512,1.775,1.200
1788221270.744594,1788221270.751132,6.538,6.195
1788221270.756704,1788221270.758731,2.027,1.870
1788221270.760729,1788221270.766494,5.765,6.280
1788221270.771609,1788221270.774517,2.908,2.800
1788221270.778070,1788221270.782656,4.586,4.956
1788221270.787339,1788221270.791266,3.927,3.327
1788221270.794794,1788221270.798396,3.602,3.335
1788221270.804517,1788221270.807206,2.689,2.457
1788221270.810293,1788221270.815287,4.994,4.141
1788221270.819013,1788221270.823035,4.021,3.722
1788221270.829575,1788221270.830569,0.994,1.587
1788221270.835176,1788221270.838913,3.736,3.106
1788221270.843426,1788221270.846958,3.532,2.979
1788221270.851974,1788221270.854979,3.005,2.801
1788221270.860571,1788221270.862669,2.098,1.851
1788221270.869102,1788221270.871114,2.012,2.178
1788221270.878392,1788221270.879311,0.918,0.259
1788221270.885415,1788221270.887307,1.892,1.219
1788221270.893585,1788221270.894597,1.012,0.992
1788221270.893585,1788221270.903116,9.531,9.019
1788221270.910232,1788221270.911245,1.014,0.148
1788221270.910232,1788221270.919132,8.901,8.161
1788221270.924134,1788221270.926444,2.310,2.563
1788221270.926444,1788221270.934982,8.538,7.624
1788221270.939531,1788221270.942615,3.084,3.476
1788221270.944627,1788221270.951166,6.540,6.467
1788221270.955161,1788221270.958707,3.546,3.961
1788221270.963727,1788221270.967325,3.599,2.861
1788221270.971856,1788221270.974868,3.012,2.623
1788221270.979387,1788221270.982736,3.349,4.068
1788221270.986728,1788221270.990678,3.950,4.332
1788221270.995217,1788221270.998334,3.117,3.921
1788221271.005982,1788221271.007489,1.508,0.624
1788221271.011360,1788221271.015316,3.957,3.965
1788221271.018962,1788221271.023603,4.641,4.298
1788221271.027503,1788221271.031189,3.686,3.943
1788221271.035213,1788221271.039325,4.113,3.870
1788221271.044516,1788221271.046531,2.015,2.972
1788221271.052725,1788221271.054731,2.006,2.507
1788221271.059833,1788221271.063361,3.528,2.284
1788221271.068980,1788221271.071624,2.644,1.913
1788221271.078211,1788221271.079211,1.000,0.616
1788221271.085742,1788221271.087783,2.041,0.736
1788221271.094095,1788221271.095111,1.017,0.615
1788221271.101336,1788221271.102856,1.521,1.065
1788221271.110512,1788221271.111022,0.511,1.042
1788221271.118593,1788221271.119585,0.992,0.430
1788221271.127225,1788221271.127225,0.000,0.029
1788221271.134786,1788221271.135742,0.957,0.014
1788221271.140746,1788221271.143744,2.997,2.184
1788221271.144764,1788221271.151081,6.317,6.799
1788221271.157492,1788221271.159495,2.003,2.318
1788221271.160482,1788221271.167173,6.691,6.627
1788221271.175116,1788221271.175116,0.000,0.297
1788221271.177652,1788221271.183262,5.610,5.317
1788221271.188328,1788221271.191433,3.105,3.087
1788221271.194454,1788221271.199452,4.997,5.164
1788221271.205074,1788221271.207083,2.010,2.450
1788221271.210149,1788221271.215696,5.547,4.370
1788221271.220690,1788221271.223224,2.534,3.079
1788221271.229228,1788221271.231984,2.757,2.367
1788221271.235698,1788221271.239706,4.008,3.395
1788221271.244332,1788221271.247884,3.551,3.342
1788221271.253319,1788221271.255853,2.534,2.464
1788221271.259854,1788221271.264040,4.185,3.235
1788221271.268190,1788221271.271210,3.020,2.804
1788221271.277368,1788221271.279390,2.022,1.904
1788221271.285931,1788221271.287932,2.001,1.941
1788221271.285931,1788221271.295610,9.679,9.954
1788221271.303110,1788221271.303619,0.509,0.402
1788221271.310398,1788221271.311904,1.506,1.079
1788221271.313428,1788221271.319437,6.009,6.091
1788221271.327005,1788221271.328066,1.061,0.106
1788221271.329073,1788221271.335731,6.659,6.493
1788221271.335731,1788221271.344261,8.530,7.747
1788221271.344261,1788221271.351826,7.565,7.691
1788221271.359364,1788221271.360359,0.995,0.345
1788221271.360359,1788221271.367708,7.349,7.268
1788221271.375225,1788221271.376226,1.001,0.746
1788221271.377744,1788221271.383776,6.032,6.293
1788221271.390313,1788221271.392308,1.995,1.707
1788221271.393305,1788221271.399843,6.538,6.109
1788221271.406359,1788221271.408370,2.011,1.637
1788221271.410357,1788221271.415721,5.364,5.255
1788221271.421728,1788221271.424251,2.523,1.975
1788221271.427251,1788221271.432252,5.001,4.256
1788221271.437356,1788221271.440362,3.006,2.835
1788221271.445477,1788221271.448485,3.008,2.462
1788221271.452479,1788221271.456030,3.551,3.628
1788221271.461029,1788221271.464548,3.519,2.721
1788221271.470562,1788221271.472567,2.005,1.226
1788221271.477624,1788221271.480657,3.033,2.322
1788221271.485943,1788221271.487942,2.000,1.665
1788221271.492944,1788221271.496017,3.073,2.172
1788221271.502017,1788221271.504018,2.001,1.668
1788221271.510555,1788221271.512052,1.498,1.295
1788221271.519626,1788221271.520635,1.009,0.345
1788221271.527169,1788221271.528176,1.007,0.481
1788221271.535725,1788221271.536247,0.522,0.767
1788221271.544339,1788221271.544339,0.000,0.273
1788221271.545313,1788221271.552907,7.594,6.821
1788221271.552907,1788221271.560499,7.592,6.947
1788221271.563498,1788221271.569032,5.534,4.334
1788221271.576539,1788221271.576539,0.000,0.016
1788221271.577556,1788221271.584581,7.025,6.273
1788221271.587088,1788221271.592107,5.018,5.634
1788221271.595484,1788221271.600517,5.033,4.346
1788221271.608045,1788221271.608045,0.000,0.698
1788221271.610055,1788221271.616632,6.577,6.122
1788221271.621706,1788221271.623656,1.950,2.463
1788221271.627915,1788221271.632911,4.996,4.822
1788221271.637357,1788221271.640919,3.562,3.413
1788221271.643880,1788221271.648508,4.628,4.654
1788221271.652413,1788221271.656943,4.530,3.874
1788221271.660991,1788221271.664993,4.002,3.140
1788221271.669528,1788221271.672210,2.682,2.845
1788221271.676213,1788221271.680951,4.738,2.961
1788221271.684940,1788221271.688500,3.560,2.557
1788221271.693499,1788221271.697022,3.522,2.729
1788221271.704036,1788221271.705044,1.008,0.085
1788221271.710579,1788221271.712579,2.000,2.152
1788221271.718656,1788221271.720466,1.810,1.442
1788221271.727987,1788221271.728998,1.011,0.939
1788221271.735525,1788221271.736523,0.998,1.054
1788221271.744070,1788221271.745076,1.006,0.683
1788221271.752703,1788221271.752703,0.000,0.218
1788221271.752703,1788221271.760240,7.536,8.229
1788221271.761232,1788221271.768751,7.519,7.281
1788221271.770769,1788221271.776822,6.053,6.095
1788221271.776822,1788221271.784416,7.594,7.062
1788221271.792751,1788221271.792751,0.000,0.054
1788221271.793941,1788221271.800802,6.862,5.772
1788221271.807597,1788221271.809346,1.749,0.902
1788221271.810366,1788221271.816688,6.323,5.830
1788221271.822295,1788221271.825300,3.005,2.409
1788221271.827291,1788221271.832749,5.458,5.673
1788221271.837645,1788221271.840656,3.011,3.089
1788221271.843629,1788221271.849316,5.687,5.193
1788221271.852840,1788221271.856854,4.014,4.077
1788221271.860354,1788221271.864910,4.556,4.710
1788221271.869003,1788221271.873501,4.498,4.202
1788221271.877499,1788221271.881381,3.882,3.708
1788221271.885603,1788221271.888607,3.004,3.417
1788221271.893251,1788221271.896652,3.402,3.346
1788221271.902205,1788221271.905265,3.060,2.485
1788221271.911212,1788221271.912745,1.533,2.156
1788221271.919274,1788221271.920790,1.517,1.992
1788221271.927806,1788221271.928806,1.000,1.377
1788221271.935332,1788221271.937341,2.009,1.239
1788221271.943676,1788221271.945677,2.001,1.049
1788221271.952987,1788221271.952987,0.000,0.498
1788221271.960919,1788221271.960919,0.000,0.029
1788221271.969187,1788221271.969187,0.000,0.221
1788221271.975843,1788221271.977842,1.999,1.228
1788221271.979358,1788221271.984970,5.612,6.276
1788221271.991042,1788221271.993650,2.608,2.183
1788221271.993650,1788221272.001147,7.497,7.238
1788221272.005684,1788221272.009686,4.001,3.573
1788221272.011685,1788221272.017221,5.537,5.760
1788221272.021224,1788221272.025774,4.549,4.045
1788221272.027773,1788221272.033306,5.533,5.681
1788221272.036334,1788221272.041328,4.994,5.147
1788221272.043857,1788221272.049396,5.538,5.270
1788221272.052397,1788221272.057689,5.292,4.341
1788221272.061681,1788221272.065223,3.542,3.961
1788221272.070225,1788221272.073742,3.517,3.467
1788221272.077862,1788221272.081546,3.684,3.490
1788221272.086169,1788221272.089240,3.071,2.419
1788221272.096848,1788221272.097797,0.949,0.688
1788221272.102325,1788221272.105922,3.596,3.054
1788221272.112909,1788221272.113859,0.949,0.431
1788221272.119113,1788221272.121181,2.069,2.409
1788221272.127653,1788221272.129648,1.995,1.849
1788221272.136270,1788221272.137373,1.103,1.194
1788221272.144783,1788221272.145799,1.016,0.093
1788221272.152418,1788221272.153420,1.002,0.443
1788221272.160941,1788221272.161942,1.000,0.201
1788221272.168666,1788221272.169661,0.995,0.355
1788221272.177262,1788221272.177262,0.000,0.191
1788221272.177262,1788221272.185318,8.056,8.206
1788221272.191049,1788221272.193255,2.206,2.060
1788221272.194249,1788221272.201811,7.562,7.404
1788221272.206398,1788221272.209347,2.948,3.132
1788221272.215858,1788221272.217880,2.023,1.729
1788221272.221879,1788221272.225900,4.021,3.733
1788221272.227914,1788221272.233985,6.071,5.650
1788221272.237518,1788221272.241518,4.000,4.134
1788221272.245518,1788221272.249576,4.058,4.226
1788221272.254086,1788221272.258163,4.077,3.950
1788221272.260171,1788221272.265167,4.996,5.288
1788221272.269699,1788221272.273705,4.006,4.088
1788221272.277212,1788221272.281451,4.239,3.906
1788221272.285451,1788221272.290094,4.643,3.638
1788221272.294103,1788221272.298358,4.255,3.407
1788221272.304379,1788221272.306374,1.995,0.738
1788221272.311906,1788221272.314029,2.123,2.125
1788221272.319101,1788221272.322111,3.010,2.693
1788221272.327616,1788221272.329872,2.255,2.281
1788221272.335288,1788221272.337875,2.587,2.097
1788221272.345476,1788221272.346428,0.952,0.168
1788221272.352479,1788221272.353500,1.021,1.040
1788221272.361159,1788221272.361159,0.000,0.494
1788221272.369171,1788221272.370166,0.995,0.362
1788221272.376925,1788221272.376925,0.000,0.706
1788221272.385415,1788221272.386432,1.016,0.127
1788221272.390475,1788221272.393744,3.268,3.158
1788221272.394741,1788221272.402111,7.370,7.264
1788221272.405114,1788221272.409972,4.858,4.693
1788221272.409972,1788221272.417974,8.003,7.417
1788221272.421565,1788221272.426561,4.997,4.347
1788221272.427565,1788221272.434441,6.876,6.053
1788221272.435460,1788221272.441855,6.395,6.102
1788221272.443824,1788221272.449929,6.105,6.065
1788221272.452928,1788221272.458557,5.629,4.945
1788221272.460994,1788221272.465998,5.004,5.238
1788221272.468047,1788221272.474576,6.529,5.009
1788221272.481105,1788221272.482220,1.115,0.798
1788221272.486240,1788221272.489766,3.526,3.642
1788221272.496408,1788221272.498554,2.146,1.384
1788221272.504296,1788221272.506236,1.940,1.484
1788221272.511756,1788221272.513719,1.962,2.015
1788221272.519407,1788221272.521950,2.543,2.766
1788221272.527944,1788221272.530367,2.423,1.430
1788221272.536399,1788221272.538444,2.045,1.731
1788221272.543995,1788221272.545994,1.999,1.626
1788221272.552269,1788221272.554801,2.532,2.060
1788221272.560848,1788221272.562472,1.624,1.652
1788221272.569414,1788221272.571042,1.628,1.506
1788221272.578564,1788221272.578564,0.000,0.454
1788221272.585630,1788221272.586627,0.997,0.479
1788221272.594221,1788221272.595222,1.001,0.392
1788221272.594221,1788221272.603365,9.144,8.416
1788221272.610364,1788221272.610364,0.000,0.075
1788221272.610364,1788221272.618890,8.525,8.088
1788221272.619953,1788221272.626194,6.241,6.545
1788221272.627689,1788221272.634295,6.607,7.100
1788221272.639328,1788221272.642950,3.622,3.818
1788221272.643949,1788221272.650560,6.612,6.733
1788221272.654092,1788221272.658629,4.537,4.445
1788221272.662629,1788221272.667138,4.509,4.281
1788221272.668669,1788221272.675212,6.543,5.775
1788221272.681757,1788221272.683261,1.504,0.547
1788221272.686275,1788221272.691278,5.003,4.604
1788221272.698318,1788221272.698318,0.000,0.644
1788221272.703114,1788221272.707133,4.019,3.978
1788221272.713646,1788221272.715172,1.526,1.112
1788221272.719164,1788221272.722164,3.000,3.862
1788221272.729701,1788221272.730701,1.000,1.093
1788221272.737236,1788221272.739243,2.007,1.371
1788221272.744272,1788221272.746596,2.324,2.163
1788221272.752129,1788221272.754126,1.997,2.581
1788221272.759615,1788221272.762898,3.283,2.443
1788221272.768431,1788221272.771425,2.994,2.229
1788221272.777360,1788221272.778698,1.338,1.689
1788221272.785754,1788221272.786840,1.086,1.304
1788221272.793332,1788221272.794844,1.512,0.691
1788221272.802401,1788221272.803405,1.004,0.586
1788221272.810950,1788221272.810950,0.000,0.463
1788221272.810950,1788221272.819491,8.541,8.479
1788221272.821486,1788221272.827008,5.522,5.132
1788221272.827008,1788221272.835133,8.125,7.667
1788221272.836895,1788221272.842845,5.950,6.053
1788221272.843890,1788221272.851205,7.314,6.758
1788221272.852252,1788221272.858886,6.634,6.806
1788221272.860785,1788221272.867331,6.546,6.382
1788221272.870489,1788221272.874506,4.018,4.198
1788221272.878043,1788221272.883190,5.147,4.910
1788221272.886031,1788221272.891459,5.429,5.313
1788221272.893877,1788221272.899645,5.768,5.455
1788221272.902118,1788221272.906853,4.736,4.904
1788221272.910872,1788221272.914873,4.000,4.209
1788221272.919111,1788221272.923224,4.113,4.210
1788221272.929825,1788221272.930728,0.903,1.205
1788221272.935681,1788221272.939213,3.532,3.080
1788221272.946121,1788221272.947664,1.543,0.928
1788221272.952739,1788221272.955737,2.997,2.085
1788221272.961240,1788221272.963303,2.063,2.370
1788221272.969044,1788221272.970943,1.899,1.688
1788221272.977454,1788221272.979575,2.121,1.741
1788221272.986106,1788221272.987623,1.517,0.945
1788221272.993660,1788221272.995667,2.007,1.110
1788221273.002823,1788221273.002823,0.000,0.336
1788221273.010191,1788221273.011266,1.075,0.805
1788221273.018470,1788221273.019491,1.021,0.406
1788221273.027483,1788221273.027483,0.000,0.234
1788221273.027483,1788221273.035080,7.596,8.242
1788221273.037134,1788221273.043604,6.470,5.971
1788221273.043604,1788221273.051623,8.019,7.449
1788221273.053635,1788221273.059153,5.518,5.973
1788221273.061229,1788221273.067168,5.938,5.434
1788221273.069237,1788221273.075947,6.711,6.562
1788221273.076915,1788221273.083460,6.545,6.260
1788221273.085462,1788221273.092002,6.540,5.645
1788221273.099105,1788221273.100125,1.020,0.098
1788221273.102184,1788221273.107128,4.943,4.872
1788221273.114672,1788221273.115671,0.999,0.523
1788221273.119297,1788221273.123886,4.589,4.447
1788221273.130116,1788221273.131131,1.016,1.472
1788221273.135120,1788221273.139637,4.516,3.965
1788221273.145651,1788221273.148176,2.525,2.093
1788221273.152726,1788221273.155726,3.000,3.172
1788221273.162382,1788221273.163385,1.003,1.319
1788221273.170436,1788221273.172065,1.630,1.411
1788221273.178064,1788221273.179384,1.320,1.649
1788221273.186157,1788221273.188219,2.063,1.609
1788221273.194868,1788221273.195799,0.931,1.136
1788221273.202926,1788221273.203930,1.004,0.673
1788221273.209927,1788221273.212467,2.540,0.885
1788221273.219469,1788221273.220471,1.003,0.544
1788221273.222993,1788221273.227996,5.003,5.250
1788221273.229003,1788221273.236100,7.097,6.705
1788221273.238193,1788221273.243900,5.708,5.128
1788221273.244894,1788221273.252075,7.181,7.285
1788221273.254186,1788221273.260206,6.020,5.495
1788221273.261205,1788221273.267890,6.685,6.714
1788221273.269859,1788221273.276388,6.529,5.867
1788221273.278390,1788221273.284510,6.120,5.703
1788221273.286505,1788221273.291942,5.436,5.057
1788221273.293456,1788221273.300356,6.901,6.116
1788221273.301374,1788221273.307974,6.600,5.825
1788221273.310909,1788221273.316490,5.581,4.534
1788221273.319490,1788221273.323550,4.060,4.957
1788221273.330637,1788221273.331570,0.933,1.286
1788221273.335805,1788221273.340386,4.582,4.284
1788221273.346619,1788221273.347652,1.033,1.417
1788221273.352304,1788221273.355988,3.684,3.251
1788221273.362000,1788221273.364529,2.530,2.156
1788221273.370530,1788221273.372534,2.003,1.630
1788221273.378064,1788221273.380604,2.540,1.936
1788221273.388123,1788221273.388123,0.000,0.397
1788221273.393128,1788221273.395660,2.532,2.333
1788221273.402205,1788221273.404723,2.518,1.668
1788221273.410745,1788221273.411745,0.999,1.707
1788221273.419287,1788221273.420286,0.999,1.106
1788221273.426990,1788221273.428036,1.046,0.911
1788221273.435994,1788221273.435994,0.000,0.414
1788221273.443989,1788221273.443989,0.000,0.019
1788221273.443989,1788221273.452260,8.271,7.734
1788221273.455916,1788221273.460299,4.383,4.002
1788221273.461301,1788221273.467846,6.545,6.858
1788221273.472840,1788221273.476367,3.527,3.683
1788221273.477382,1788221273.483938,6.556,6.849
1788221273.487597,1788221273.491865,4.267,4.410
1788221273.494527,1788221273.500225,5.698,5.125
1788221273.502901,1788221273.508118,5.216,4.322
1788221273.510120,1788221273.516725,6.604,5.798
1788221273.518746,1788221273.524415,5.669,5.623
1788221273.526928,1788221273.532547,5.619,5.001
1788221273.536222,1788221273.540357,4.135,4.451
1788221273.544359,1788221273.547879,3.520,3.576
1788221273.552414,1788221273.556420,4.007,4.152
1788221273.561059,1788221273.564180,3.121,3.531
1788221273.569593,1788221273.572599,3.007,3.023
1788221273.576599,1788221273.580655,4.056,3.206
1788221273.585672,1788221273.588192,2.520,2.411
1788221273.593214,1788221273.596215,3.000,2.669
1788221273.603768,1788221273.604763,0.995,0.683
1788221273.611401,1788221273.612400,0.999,1.008
1788221273.618809,1788221273.620837,2.029,1.146
1788221273.626888,1788221273.628079,1.191,1.550
1788221273.635101,1788221273.636096,0.994,0.821
1788221273.643620,1788221273.644620,1.000,0.551
1788221273.643620,1788221273.653151,9.531,8.576
1788221273.658056,1788221273.660299,2.243,2.481
1788221273.661311,1788221273.668835,7.524,7.321
1788221273.672854,1788221273.676859,4.005,3.545
1788221273.677851,1788221273.684447,6.596,6.881
1788221273.688456,1788221273.692727,4.271,4.006
1788221273.693729,1788221273.700788,7.058,6.316
1788221273.703787,1788221273.708438,4.652,4.750
1788221273.711963,1788221273.716965,5.002,4.442
1788221273.718970,1788221273.725075,6.105,5.240
1788221273.728075,1788221273.732616,4.541,4.424
1788221273.735612,1788221273.741142,5.530,4.726
1788221273.744165,1788221273.748685,4.519,4.833
1788221273.752241,1788221273.757236,4.996,4.169
1788221273.763833,1788221273.764828,0.995,0.442
1788221273.768883,1788221273.772535,3.652,3.780
1788221273.779660,1788221273.781279,1.619,1.166
1788221273.779660,1788221273.788977,9.317,9.185
1788221273.795683,1788221273.796758,1.075,0.921
1788221273.802305,1788221273.804608,2.303,2.508
1788221273.812155,1788221273.813257,1.102,0.622
1788221273.819242,1788221273.821251,2.009,1.774
1788221273.828109,1788221273.829123,1.014,1.130
1788221273.836154,1788221273.837173,1.020,0.216
1788221273.844523,1788221273.844523,0.000,0.591
1788221273.852094,1788221273.853083,0.989,0.664
1788221273.859484,1788221273.861010,1.526,1.500
1788221273.869261,1788221273.869261,0.000,0.018
1788221273.874441,1788221273.877449,3.008,2.336
1788221273.877449,1788221273.885440,7.991,7.129
1788221273.890548,1788221273.893448,2.901,2.379
1788221273.893962,1788221273.901492,7.530,6.613
1788221273.907051,1788221273.909052,2.001,2.333
1788221273.911049,1788221273.917595,6.546,5.738
1788221273.921586,1788221273.925159,3.573,3.249
1788221273.927683,1788221273.932732,5.048,4.594
1788221273.937284,1788221273.940896,3.612,3.766
1788221273.945570,1788221273.949579,4.009,3.053
1788221273.952833,1788221273.957380,4.547,4.304
1788221273.963454,1788221273.965011,1.557,1.841
1788221273.969624,1788221273.972780,3.156,3.736
1788221273.977021,1788221273.981643,4.622,3.735
1788221273.986082,1788221273.989142,3.060,3.493
1788221273.994102,1788221273.997028,2.927,2.742
1788221274.002486,1788221274.005502,3.016,2.713
1788221274.010879,1788221274.012840,1.961,1.832
1788221274.018676,1788221274.021620,2.945,1.934
1788221274.029196,1788221274.029196,0.000,0.115
1788221274.035917,1788221274.036938,1.021,1.004
1788221274.044025,1788221274.045681,1.656,0.619
1788221274.053306,1788221274.053306,0.000,0.086
1788221274.060847,1788221274.060847,0.000,0.599
1788221274.068895,1788221274.069800,0.906,0.303
1788221274.076783,1788221274.076783,0.000,0.195
1788221274.076783,1788221274.085200,8.417,8.202
1788221274.090698,1788221274.093693,2.995,2.339
1788221274.093693,1788221274.101148,7.455,7.472
1788221274.106147,1788221274.109715,3.569,2.574
1788221274.110712,1788221274.117748,7.036,6.678
1788221274.122063,1788221274.125062,2.999,3.475
1788221274.128244,1788221274.133683,5.439,5.202
1788221274.136722,1788221274.141345,4.623,3.959
1788221274.145350,1788221274.149668,4.318,3.095
1788221274.151735,1788221274.157122,5.387,5.218
1788221274.160758,1788221274.165780,5.022,4.949
1788221274.168609,1788221274.173689,5.080,4.421
1788221274.177666,1788221274.181437,3.771,3.344
1788221274.185923,1788221274.189468,3.545,3.738
1788221274.194989,1788221274.197991,3.002,2.658
1788221274.202494,1788221274.205499,3.006,2.558
1788221274.213137,1788221274.213137,0.000,0.027
1788221274.219386,1788221274.221451,2.066,2.287
1788221274.228896,1788221274.229916,1.020,0.673
1788221274.235656,1788221274.237701,2.045,1.771
1788221274.243906,1788221274.245917,2.010,1.344
1788221274.243906,1788221274.253020,9.114,9.381
1788221274.260273,1788221274.261284,1.011,0.961
1788221274.269798,1788221274.269798,0.000,0.197
1788221274.277238,1788221274.277238,0.000,0.153
1788221274.277238,1788221274.286134,8.896,8.169
1788221274.289735,1788221274.293744,4.009,3.692
1788221274.293744,1788221274.301456,7.712,7.787
1788221274.304922,1788221274.309971,5.049,4.680
1788221274.310983,1788221274.318125,7.142,6.452
1788221274.320197,1788221274.325487,5.289,5.567
1788221274.327302,1788221274.334012,6.709,6.146
1788221274.335973,1788221274.342253,6.280,5.443
1788221274.344185,1788221274.349796,5.611,5.370
1788221274.351865,1788221274.356864,4.999,5.258
1788221274.360779,1788221274.365845,5.066,4.718
1788221274.368944,1788221274.373677,4.733,4.914
1788221274.377664,1788221274.381872,4.208,4.514
1788221274.385156,1788221274.390155,4.999,4.087
1788221274.394767,1788221274.398226,3.459,3.322
1788221274.402849,1788221274.405882,3.033,3.130
1788221274.413037,1788221274.414052,1.015,0.397
1788221274.419449,1788221274.422368,2.919,2.105
1788221274.428290,1788221274.430298,2.009,1.199
1788221274.436064,1788221274.438092,2.028,1.325
1788221274.444653,1788221274.445765,1.111,1.411
1788221274.451782,1788221274.453871,2.089,1.698
1788221274.460727,1788221274.461733,1.007,0.619
1788221274.460727,1788221274.470562,9.835,8.657
1788221274.477313,1788221274.478339,1.025,0.422
1788221274.485917,1788221274.485917,0.000,0.167
1788221274.490000,1788221274.493572,3.571,3.788
1788221274.495562,1788221274.502118,6.556,5.743
1788221274.505647,1788221274.510227,4.580,3.802
1788221274.510227,1788221274.517682,7.455,7.135
1788221274.521294,1788221274.526388,5.094,4.272
1788221274.527329,1788221274.534459,7.130,7.068
1788221274.537383,1788221274.541907,4.524,4.515
1788221274.545355,1788221274.550402,5.047,4.768
1788221274.553297,1788221274.557874,4.577,4.388
1788221274.561310,1788221274.565971,4.661,4.661
1788221274.569085,1788221274.574044,4.959,5.154
1788221274.579527,1788221274.582310,2.783,2.875
1788221274.585806,1788221274.590357,4.550,4.120
1788221274.594537,1788221274.598533,3.997,3.652
1788221274.603460,1788221274.606472,3.012,2.960
1788221274.613521,1788221274.614541,1.020,0.328
1788221274.618578,1788221274.622283,3.705,2.995
1788221274.629712,1788221274.629712,0.000,0.707
1788221274.636253,1788221274.638437,2.184,2.107
1788221274.644019,1788221274.646212,2.193,2.049
1788221274.652157,1788221274.655266,3.109,2.740
1788221274.660856,1788221274.662859,2.003,1.595
1788221274.669386,1788221274.670482,1.095,1.707
1788221274.677429,1788221274.678816,1.387,1.095
1788221274.686156,1788221274.687163,1.007,0.457
1788221274.693679,1788221274.694943,1.264,1.187
1788221274.693679,1788221274.703411,9.732,9.194
1788221274.710726,1788221274.710726,0.000,0.482
1788221274.718425,1788221274.719382,0.957,0.154
1788221274.721387,1788221274.727041,5.654,5.383
1788221274.732891,1788221274.735054,2.163,2.226
1788221274.736267,1788221274.743261,6.993,6.733
1788221274.744200,1788221274.751381,7.181,6.491
1788221274.753375,1788221274.759558,6.183,5.392
1788221274.766135,1788221274.767230,1.095,0.848
1788221274.769180,1788221274.775143,5.963,5.849
1788221274.781796,1788221274.783354,1.558,1.275
1788221274.786095,1788221274.790772,4.677,5.307
1788221274.797409,1788221274.799410,2.001,1.654
1788221274.801347,1788221274.807567,6.220,4.966
1788221274.812571,1788221274.814729,2.159,2.212
1788221274.819468,1788221274.823540,4.072,3.807
1788221274.828096,1788221274.831277,3.181,2.496
1788221274.835842,1788221274.838895,3.053,3.280
1788221274.843919,1788221274.846709,2.789,2.885
1788221274.853572,1788221274.855509,1.936,1.846
1788221274.860891,1788221274.863460,2.569,2.265
1788221274.869587,1788221274.871587,1.999,1.548
1788221274.877239,1788221274.879241,2.002,1.460
1788221274.885879,1788221274.887582,1.703,1.541
1788221274.893581,1788221274.894714,1.133,1.075
1788221274.902392,1788221274.903509,1.117,0.854
1788221274.910967,1788221274.910967,0.000,0.550
1788221274.918483,1788221274.919490,1.007,0.463
1788221274.926805,1788221274.926805,0.000,0.017
1788221274.926805,1788221274.935111,8.307,8.026
1788221274.938594,1788221274.943100,4.506,4.935
1788221274.944109,1788221274.950637,6.528,6.966
1788221274.954167,1788221274.959781,5.614,5.137
1788221274.961787,1788221274.967818,6.031,5.764
1788221274.970201,1788221274.975680,5.479,4.949
1788221274.970201,1788221274.983367,13.166,12.956
1788221274.988132,1788221274.991231,3.099,3.263
1788221274.993964,1788221274.999740,5.775,5.287
1788221275.002202,1788221275.007300,5.098,4.527
1788221275.010911,1788221275.015872,4.961,4.331
1788221275.018830,1788221275.023849,5.018,4.559
1788221275.027838,1788221275.031408,3.569,3.638
1788221275.036461,1788221275.039053,2.592,2.434
1788221275.044280,1788221275.047379,3.099,3.458
1788221275.052181,1788221275.055444,3.262,3.079
1788221275.060767,1788221275.063661,2.894,2.868
1788221275.069460,1788221275.071701,2.241,2.343
1788221275.078683,1788221275.079645,0.962,0.698
1788221275.085522,1788221275.087574,2.052,2.027
1788221275.094178,1788221275.095345,1.168,1.016
1788221275.101900,1788221275.103483,1.583,1.389
1788221275.110095,1788221275.111476,1.381,0.420
1788221275.119265,1788221275.119838,0.574,0.445
1788221275.127515,1788221275.127515,0.000,0.211
1788221275.127515,1788221275.135976,8.461,8.221
1788221275.141712,1788221275.143818,2.106,1.317
1788221275.143818,1788221275.151489,7.670,7.175
1788221275.158080,1788221275.159091,1.011,1.793
1788221275.160602,1788221275.167187,6.585,6.599
1788221275.172565,1788221275.175989,3.425,2.581
1788221275.179988,1788221275.183602,3.614,3.149
1788221275.187932,1788221275.191365,3.433,3.347
1788221275.193376,1788221275.199310,5.934,5.715
1788221275.204027,1788221275.207566,3.539,3.938
1788221275.211074,1788221275.216125,5.051,4.534
1788221275.220115,1788221275.223667,3.552,3.699
1788221275.226736,1788221275.231282,4.546,4.370
1788221275.236262,1788221275.239775,3.513,3.391
1788221275.245520,1788221275.247550,2.030,2.316
1788221275.251479,1788221275.255672,4.194,3.596
1788221275.260675,1788221275.264211,3.536,2.937
1788221275.269195,1788221275.271731,2.537,2.571
1788221275.276865,1788221275.279877,3.012,2.426
1788221275.285507,1788221275.287515,2.008,2.086
1788221275.294052,1788221275.296162,2.110,1.569
1788221275.301053,1788221275.303720,2.667,1.664
1788221275.309966,1788221275.311016,1.050,1.290
1788221275.319239,1788221275.320252,1.013,0.890
1788221275.326870,1788221275.327818,0.948,0.928
1788221275.335212,1788221275.335212,0.000,0.291
1788221275.343399,1788221275.343399,0.000,0.169
1788221275.344504,1788221275.352420,7.916,7.427
1788221275.359040,1788221275.360210,1.170,0.828
1788221275.360210,1788221275.367859,7.649,7.383
1788221275.373858,1788221275.376389,2.531,2.089
1788221275.377381,1788221275.384426,7.045,6.809
1788221275.389445,1788221275.392438,2.994,2.330
1788221275.394277,1788221275.400358,6.081,5.816
1788221275.404820,1788221275.408153,3.332,2.940
1788221275.410199,1788221275.416384,6.186,5.309
1788221275.420507,1788221275.423595,3.088,3.403
1788221275.427221,1788221275.432336,5.115,4.547
1788221275.436399,1788221275.440376,3.977,3.315
1788221275.444372,1788221275.448022,3.650,3.871
1788221275.452344,1788221275.455977,3.634,3.405
1788221275.460992,1788221275.463998,3.006,3.254
1788221275.469085,1788221275.472174,3.089,2.362
1788221275.477632,1788221275.479631,1.999,2.378
1788221275.485158,1788221275.487687,2.529,2.343
1788221275.493686,1788221275.496219,2.533,1.912
1788221275.501731,1788221275.504382,2.651,1.978
1788221275.510912,1788221275.512023,1.111,1.209
1788221275.518434,1788221275.520584,2.150,1.340
1788221275.527133,1788221275.528151,1.018,0.828
1788221275.535432,1788221275.536441,1.009,0.208
1788221275.543973,1788221275.543973,0.000,0.067
1788221275.543973,1788221275.552164,8.191,8.080
1788221275.559577,1788221275.560630,1.053,0.350
1788221275.560630,1788221275.568341,7.711,7.478
1788221275.575343,1788221275.576361,1.019,0.562
1788221275.577426,1788221275.584657,7.231,6.280
1788221275.590695,1788221275.592729,2.034,1.603
1788221275.593790,1788221275.600377,6.587,5.988
1788221275.605995,1788221275.608747,2.752,1.592
1788221275.609776,1788221275.615785,6.009,5.935
1788221275.620460,1788221275.623739,3.278,3.503
1788221275.627868,1788221275.632586,4.719,4.748
1788221275.639148,1788221275.640235,1.087,1.272
1788221275.644248,1788221275.647916,3.668,3.847
1788221275.652438,1788221275.655960,3.523,4.034
1788221275.661172,1788221275.664172,3.000,2.734
1788221275.668180,1788221275.672759,4.579,3.216
1788221275.676799,1788221275.680492,3.693,3.100
1788221275.681498,1788221275.687963,6.465,6.791
1788221275.692486,1788221275.696487,4.001,4.055
1788221275.697637,1788221275.704152,6.515,6.170
1788221275.711687,1788221275.712732,1.045,0.535
1788221275.713667,1788221275.720659,6.993,6.480
1788221275.728672,1788221275.728672,0.000,0.059
1788221275.729921,1788221275.736197,6.277,6.445
1788221275.743831,1788221275.744901,1.070,0.865
1788221275.743831,1788221275.753067,9.236,8.885
1788221275.760631,1788221275.760631,0.000,0.069
1788221275.762643,1788221275.768641,5.998,6.127
1788221275.774037,1788221275.776310,2.274,2.124
1788221275.777323,1788221275.784560,7.237,6.912
1788221275.790317,1788221275.792955,2.638,1.873
1788221275.793967,1788221275.801029,7.062,6.791
1788221275.807326,1788221275.808341,1.015,1.578
1788221275.810732,1788221275.816753,6.021,6.109
1788221275.821841,1788221275.824830,2.988,2.697
1788221275.829826,1788221275.832345,2.519,2.200
1788221275.837650,1788221275.840831,3.181,2.811
1788221275.843843,1788221275.848375,4.532,4.857
1788221275.853843,1788221275.856366,2.523,2.766
1788221275.853843,1788221275.864506,10.663,10.778
1788221275.870015,1788221275.872662,2.647,2.322
1788221275.870015,1788221275.880662,10.647,10.330
1788221275.885688,1788221275.889225,3.537,2.995
1788221275.893759,1788221275.896870,3.111,2.522
1788221275.903047,1788221275.905055,2.008,1.961
1788221275.911572,1788221275.913100,1.528,1.269
1788221275.919641,1788221275.920670,1.028,0.471
1788221275.927639,1788221275.928646,1.007,0.789
1788221275.936078,1788221275.937085,1.007,1.049
1788221275.943824,1788221275.945048,1.225,0.516
1788221275.952062,1788221275.953071,1.009,0.346
1788221275.959128,1788221275.961127,1.999,1.345
1788221275.962119,1788221275.969285,7.166,6.794
1788221275.974814,1788221275.976827,2.013,2.353
1788221275.977815,1788221275.985190,7.374,6.677
1788221275.990185,1788221275.992270,2.084,3.001
1788221275.993823,1788221276.000883,7.059,6.578
1788221276.005478,1788221276.008551,3.073,3.097
1788221276.011054,1788221276.016820,5.766,5.649
1788221276.020272,1788221276.025247,4.976,3.678
1788221276.027241,1788221276.032779,5.538,5.813
1788221276.035650,1788221276.040781,5.131,4.846
1788221276.043666,1788221276.048905,5.239,4.784
1788221276.051898,1788221276.057486,5.588,4.690
1788221276.061485,1788221276.065383,3.898,3.547
1788221276.069446,1788221276.073401,3.955,3.688
1788221276.076986,1788221276.081442,4.457,3.664
1788221276.086169,1788221276.089190,3.021,2.435
1788221276.093190,1788221276.096800,3.611,3.258
1788221276.102813,1788221276.104447,1.633,2.230
1788221276.111066,1788221276.113134,2.068,2.136
1788221276.119220,1788221276.120706,1.487,2.080
1788221276.128279,1788221276.128279,0.000,0.530
1788221276.135682,1788221276.137382,1.700,1.477
1788221276.144399,1788221276.145394,0.995,0.118
1788221276.152935,1788221276.152935,0.000,0.372
1788221276.160773,1788221276.160773,0.000,0.146
1788221276.168555,1788221276.169509,0.954,0.117
1788221276.173575,1788221276.177201,3.626,3.476
1788221276.178299,1788221276.185482,7.183,6.804
1788221276.189115,1788221276.193186,4.071,3.085
1788221276.194176,1788221276.201555,7.379,6.611
1788221276.204556,1788221276.208808,4.253,4.489
1788221276.210836,1788221276.216821,5.985,6.350
1788221276.219867,1788221276.224863,4.996,4.820
1788221276.227870,1788221276.232923,5.052,4.897
1788221276.236443,1788221276.240959,4.515,5.024
1788221276.245019,1788221276.249534,4.514,3.623
1788221276.251535,1788221276.256607,5.071,5.117
1788221276.262113,1788221276.265121,3.008,2.970
1788221276.271741,1788221276.272753,1.012,1.680
1788221276.276753,1788221276.281274,4.521,3.441
1788221276.286803,1788221276.289332,2.528,2.168
1788221276.294324,1788221276.297332,3.007,3.142
1788221276.302843,1788221276.305192,2.350,2.311
1788221276.312726,1788221276.313728,1.002,0.463
1788221276.319230,1788221276.321234,2.004,2.358
1788221276.328236,1788221276.329765,1.529,1.022
1788221276.335762,1788221276.337273,1.512,1.425
1788221276.344370,1788221276.345361,0.991,0.989
1788221276.351893,1788221276.352885,0.993,0.936
1788221276.360917,1788221276.360917,0.000,0.665
1788221276.368098,1788221276.369612,1.514,0.511
1788221276.376626,1788221276.377622,0.996,0.323
1788221276.376626,1788221276.385662,9.036,8.333
1788221276.390169,1788221276.393183,3.015,3.187
1788221276.394176,1788221276.401705,7.529,7.187
1788221276.407131,1788221276.409131,2.000,2.305
1788221276.411659,1788221276.417654,5.995,5.922
1788221276.421174,1788221276.425709,4.534,4.282
1788221276.428743,1788221276.433944,5.200,4.303
1788221276.435949,1788221276.441481,5.532,5.143
1788221276.445477,1788221276.449004,3.527,3.901
1788221276.452124,1788221276.457132,5.008,4.821
1788221276.461390,1788221276.465426,4.036,4.389
1788221276.469419,1788221276.473951,4.532,4.194
1788221276.476951,1788221276.481952,5.001,3.923
1788221276.485476,1788221276.489857,4.380,3.205
1788221276.494388,1788221276.497389,3.001,3.172
1788221276.504652,1788221276.505659,1.007,0.973
1788221276.512415,1788221276.513418,1.004,0.895
1788221276.512415,1788221276.521423,9.008,8.916
1788221276.528526,1788221276.529529,1.003,0.474
1788221276.537241,1788221276.537594,0.354,0.411
1788221276.543636,1788221276.545644,2.007,1.267
1788221276.551155,1788221276.553663,2.508,1.444
1788221276.559169,1788221276.561171,2.002,2.379
1788221276.568512,1788221276.569508,0.996,0.794
1788221276.577030,1788221276.578032,1.001,0.358
1788221276.585567,1788221276.585567,0.000,0.034
1788221276.590796,1788221276.593309,2.513,2.917
1788221276.594316,1788221276.601323,7.006,7.530
1788221276.605366,1788221276.609895,4.529,4.561
1788221276.610887,1788221276.617417,6.530,6.504
1788221276.620419,1788221276.624936,4.518,5.172
1788221276.629477,1788221276.633480,4.003,4.423
1788221276.636599,1788221276.642125,5.526,5.117
1788221276.643126,1788221276.649642,6.516,5.796
1788221276.651634,1788221276.658220,6.586,5.620
1788221276.661563,1788221276.665881,4.318,4.185
1788221276.669874,1788221276.673882,4.008,4.268
1788221276.681347,1788221276.682348,1.000,0.458
1788221276.685860,1788221276.689871,4.011,4.016
1788221276.696400,1788221276.697400,1.000,1.463
1788221276.701912,1788221276.705926,4.014,3.666
1788221276.712110,1788221276.714107,1.997,1.598
1788221276.718637,1788221276.721636,2.999,2.876
1788221276.728142,1788221276.730139,1.997,1.481
1788221276.736648,1788221276.738160,1.512,1.523
1788221276.744585,1788221276.745583,0.998,1.032
1788221276.752961,1788221276.753962,1.000,0.373
1788221276.759795,1788221276.761801,2.006,1.589
1788221276.768642,1788221276.769634,0.992,0.847
1788221276.777148,1788221276.778166,1.017,0.805
1788221276.786156,1788221276.786156,0.000,0.105
1788221276.787679,1788221276.793688,6.009,6.089
1788221276.794688,1788221276.802375,7.687,7.427
1788221276.802375,1788221276.810027,7.652,7.710
1788221276.818029,1788221276.818548,0.520,0.028
1788221276.818548,1788221276.826552,8.004,6.956
1788221276.832859,1788221276.833867,1.009,0.592
1788221276.836862,1788221276.842386,5.524,5.315
1788221276.847996,1788221276.850523,2.527,2.369
1788221276.852516,1788221276.858038,5.523,5.893
1788221276.862041,1788221276.866041,4.000,3.763
1788221276.868567,1788221276.874567,6.000,4.965
1788221276.878089,1788221276.882094,4.005,3.635
1788221276.887634,1788221276.890649,3.015,1.929
1788221276.893649,1788221276.898224,4.575,4.173
1788221276.902209,1788221276.906731,4.521,4.246
1788221276.911232,1788221276.914241,3.009,3.381
1788221276.918759,1788221276.922769,4.010,3.504
1788221276.926774,1788221276.930309,3.535,3.264
1788221276.935831,1788221276.938358,2.526,2.657
1788221276.944801,1788221276.946802,2.002,1.936
1788221276.952873,1788221276.953886,1.013,1.395
1788221276.960073,1788221276.962099,2.026,1.822
1788221276.968651,1788221276.970666,2.016,1.203
1788221276.977361,1788221276.978875,1.514,0.689
1788221276.985898,1788221276.986411,0.513,0.862
1788221276.993968,1788221276.994968,1.000,0.273
1788221277.002509,1788221277.002509,0.000,0.210
1788221277.003508,1788221277.010611,7.104,6.791
1788221277.010611,1788221277.018624,8.013,7.863
1788221277.018624,1788221277.026206,7.582,7.577
1788221277.033898,1788221277.034839,0.942,0.378
1788221277.035827,1788221277.042367,6.540,6.920
1788221277.049876,1788221277.050991,1.115,0.604
1788221277.051996,1788221277.058429,6.433,6.091
1788221277.065848,1788221277.067364,1.515,0.302
1788221277.068387,1788221277.074578,6.191,6.122
1788221277.081115,1788221277.082601,1.487,1.346
1788221277.085628,1788221277.090684,5.057,5.437
1788221277.096700,1788221277.098697,1.997,2.100
1788221277.102231,1788221277.107237,5.006,4.881
1788221277.112293,1788221277.115297,3.004,2.355
1788221277.119287,1788221277.122829,3.542,3.783
1788221277.127821,1788221277.131355,3.534,2.967
1788221277.135369,1788221277.139371,4.001,3.649
1788221277.143914,1788221277.146914,3.000,2.573
1788221277.151970,1788221277.154652,2.682,2.797
1788221277.160822,1788221277.162839,2.017,1.743
1788221277.169479,1788221277.170582,1.104,1.706
1788221277.177045,1788221277.179069,2.024,1.523
1788221277.185612,1788221277.187120,1.507,0.895
1788221277.193685,1788221277.194683,0.998,1.387
1788221277.202196,1788221277.203216,1.020,0.915
1788221277.206735,1788221277.210758,4.023,3.939
1788221277.218289,1788221277.219285,0.997,0.348
1788221277.227123,1788221277.227123,0.000,0.044
1788221277.227123,1788221277.235327,8.204,8.059
1788221277.238070,1788221277.243476,5.406,5.163
1788221277.244604,1788221277.250732,6.128,6.468
1788221277.253239,1788221277.259319,6.080,5.362
1788221277.261325,1788221277.267174,5.850,6.228
1788221277.269166,1788221277.275718,6.552,6.059
1788221277.277718,1788221277.283223,5.506,5.846
1788221277.285237,1788221277.291288,6.051,5.447
1788221277.298761,1788221277.299432,0.671,0.268
1788221277.302003,1788221277.307099,5.096,5.231
1788221277.314862,1788221277.314862,0.000,0.221
1788221277.319050,1788221277.323614,4.564,4.085
1788221277.330635,1788221277.331638,1.002,0.945
1788221277.330635,1788221277.338696,8.060,8.955
1788221277.345077,1788221277.346929,1.852,1.918
1788221277.348947,1788221277.355465,6.518,6.469
1788221277.361035,1788221277.362995,1.960,2.233
1788221277.369343,1788221277.371337,1.994,2.247
1788221277.377983,1788221277.379976,1.994,1.493
1788221277.377983,1788221277.387019,9.036,9.507
1788221277.393606,1788221277.395622,2.016,1.231
1788221277.401618,1788221277.403677,2.059,1.303
1788221277.410183,1788221277.411180,0.997,0.608
1788221277.410183,1788221277.419849,9.666,8.618
1788221277.427364,1788221277.427364,0.000,0.424
1788221277.427364,1788221277.435308,7.944,8.432
1788221277.436330,1788221277.443330,7.000,6.648
1788221277.443330,1788221277.451869,8.539,6.988
1788221277.452868,1788221277.459934,7.066,6.593
1788221277.467465,1788221277.467465,0.000,0.059
1788221277.469468,1788221277.476099,6.631,6.489
1788221277.482181,1788221277.484173,1.992,1.447
1788221277.485773,1788221277.491429,5.656,6.239
1788221277.498961,1788221277.499964,1.003,1.235
1788221277.502490,1788221277.508177,5.687,5.431
1788221277.514071,1788221277.516596,2.525,2.446
1788221277.519621,1788221277.524613,4.992,4.206
1788221277.528143,1788221277.532657,4.514,3.704
1788221277.535669,1788221277.540210,4.541,4.337
1788221277.544330,1788221277.547970,3.640,4.098
1788221277.552968,1788221277.556501,3.533,3.246
1788221277.560667,1788221277.564665,3.998,3.881
1788221277.569281,1788221277.572381,3.100,2.822
1788221277.576753,1788221277.580297,3.544,3.119
1788221277.587296,1788221277.587814,0.517,0.923
1788221277.594110,1788221277.596109,2.000,1.804
1788221277.602170,1788221277.604166,1.995,2.181
1788221277.611700,1788221277.612757,1.056,0.166
1788221277.619413,1788221277.620294,0.881,0.873
1788221277.626879,1788221277.628447,1.568,1.247
1788221277.635576,1788221277.636667,1.091,0.240
1788221277.635576,1788221277.644123,8.546,8.258
1788221277.649657,1788221277.652659,3.003,2.284
1788221277.652659,1788221277.660748,8.088,7.208
1788221277.666238,1788221277.668833,2.595,2.068
1788221277.670477,1788221277.676474,5.996,6.190
1788221277.681001,1788221277.684299,3.298,3.222
1788221277.685295,1788221277.692061,6.766,6.882
1788221277.696056,1788221277.699474,3.418,4.246
1788221277.703090,1788221277.708185,5.095,4.929
1788221277.711242,1788221277.716246,5.004,4.793
1788221277.719764,1788221277.724785,5.021,4.808
1788221277.727778,1788221277.732320,4.542,5.054
1788221277.735335,1788221277.740254,4.919,4.699
1788221277.743781,1788221277.748659,4.879,4.636
1788221277.751932,1788221277.756056,4.124,4.115
1788221277.761353,1788221277.764276,2.923,3.342
1788221277.771932,1788221277.772878,0.946,0.389
1788221277.776873,1788221277.780733,3.860,3.343
1788221277.788337,1788221277.788337,0.000,0.225
1788221277.793991,1788221277.797051,3.061,2.223
1788221277.803715,1788221277.804717,1.002,0.459
1788221277.811235,1788221277.813251,2.017,0.666
1788221277.819372,1788221277.820253,0.882,0.705
1788221277.827939,1788221277.828941,1.002,1.002
1788221277.836195,1788221277.836195,0.000,0.761
1788221277.844518,1788221277.844518,0.000,0.214
1788221277.852238,1788221277.852238,0.000,0.252
1788221277.852238,1788221277.860357,8.118,8.267
1788221277.867940,1788221277.868938,0.998,0.502
1788221277.871940,1788221277.876555,4.616,4.894
1788221277.882539,1788221277.885128,2.589,2.142
1788221277.885128,1788221277.893208,8.080,7.127
1788221277.898317,1788221277.900994,2.676,2.382
1788221277.901713,1788221277.908746,7.032,6.649
1788221277.913709,1788221277.916795,3.085,3.045
1788221277.920592,1788221277.925127,4.535,4.080
1788221277.929136,1788221277.933146,4.010,3.707
1788221277.936200,1788221277.941214,5.014,4.952
1788221277.946062,1788221277.948879,2.817,2.290
1788221277.951900,1788221277.956970,5.070,4.152
1788221277.960567,1788221277.964878,4.310,4.028
1788221277.969409,1788221277.972416,3.007,3.499
1788221277.977959,1788221277.980953,2.994,2.448
1788221277.987087,1788221277.988609,1.522,1.640
1788221277.994133,1788221277.996682,2.550,2.715
1788221278.002671,1788221278.005198,2.528,2.120
1788221278.010571,1788221278.012570,1.999,1.844
1788221278.019200,1788221278.021202,2.002,1.959
1788221278.022211,1788221278.029619,7.408,6.565
1788221278.035187,1788221278.037212,2.025,1.215
1788221278.044208,1788221278.044208,0.000,0.469
1788221278.051748,1788221278.052822,1.074,0.608
1788221278.060256,1788221278.061278,1.023,0.158
1788221278.060256,1788221278.068903,8.648,8.179
1788221278.068903,1788221278.077452,8.548,7.636
1788221278.084023,1788221278.085098,1.074,0.947
1788221278.086176,1788221278.092833,6.657,6.999
1788221278.099450,1788221278.101455,2.005,1.430
1788221278.103459,1788221278.109001,5.543,4.747
1788221278.114520,1788221278.117543,3.023,2.418
1788221278.118543,1788221278.125104,6.561,6.056
1788221278.129184,1788221278.133119,3.935,3.954
1788221278.135124,1788221278.140954,5.830,5.229
1788221278.143952,1788221278.148898,4.945,4.918
1788221278.152902,1788221278.157436,4.534,4.543
1788221278.161480,1788221278.164501,3.021,3.553
1788221278.169034,1788221278.173045,4.011,4.258
1788221278.176573,1788221278.181573,5.000,3.974
1788221278.184572,1788221278.189639,5.067,3.440
1788221278.194257,1788221278.196800,2.543,2.756
1788221278.202365,1788221278.204362,1.997,2.614
1788221278.210900,1788221278.212901,2.001,2.580
1788221278.218431,1788221278.221434,3.003,2.390
1788221278.221434,1788221278.229175,7.742,7.634
1788221278.232111,1788221278.237726,5.616,5.283
1788221278.238737,1788221278.245025,6.288,6.403
1788221278.252661,1788221278.253654,0.993,0.060
1788221278.260817,1788221278.260817,0.000,0.028
1788221278.268922,1788221278.269532,0.610,0.127
1788221278.269532,1788221278.277804,8.272,7.389
1788221278.283803,1788221278.285494,1.691,1.350
1788221278.286007,1788221278.293560,7.553,7.429
1788221278.299212,1788221278.301214,2.002,2.416
1788221278.302209,1788221278.309320,7.111,6.540
1788221278.313657,1788221278.317715,4.058,3.312
1788221278.319736,1788221278.325733,5.998,5.872
1788221278.328985,1788221278.333401,4.416,4.077
1788221278.337932,1788221278.341046,3.113,3.540
1788221278.345070,1788221278.349133,4.063,3.483
1788221278.353134,1788221278.357726,4.592,3.488
1788221278.360335,1788221278.365449,5.114,4.440
1788221278.370013,1788221278.372996,2.982,3.046
1788221278.377631,1788221278.381167,3.536,3.394
1788221278.386171,1788221278.389768,3.597,3.420
1788221278.393788,1788221278.397331,3.543,3.482
1788221278.401924,1788221278.404975,3.052,3.166
1788221278.410429,1788221278.413545,3.117,2.734
1788221278.421486,1788221278.421486,0.000,0.017
1788221278.428503,1788221278.429499,0.996,0.921
1788221278.437028,1788221278.438043,1.015,0.182
1788221278.444677,1788221278.445728,1.051,0.767
1788221278.453207,1788221278.453207,0.000,0.143
1788221278.460317,1788221278.461319,1.002,0.598
1788221278.468845,1788221278.469964,1.119,0.714
1788221278.470482,1788221278.477741,7.259,7.397
1788221278.483738,1788221278.485441,1.703,2.020
1788221278.486436,1788221278.493165,6.728,6.502
1788221278.500458,1788221278.501504,1.047,1.344
1788221278.502468,1788221278.509534,7.066,6.744
1788221278.515169,1788221278.517682,2.513,1.904
1788221278.518679,1788221278.525203,6.524,6.547
1788221278.530226,1788221278.533880,3.655,3.293
1788221278.540453,1788221278.541526,1.072,1.085
1788221278.545033,1788221278.550140,5.107,4.302
1788221278.552038,1788221278.557674,5.635,5.107
1788221278.561097,1788221278.565621,4.524,4.439
1788221278.570636,1788221278.573642,3.006,3.331
1788221278.577440,1788221278.581482,4.042,4.382
1788221278.587084,1788221278.589680,2.596,2.216
1788221278.593626,1788221278.597311,3.685,3.600
1788221278.602309,1788221278.605816,3.507,3.033
1788221278.610835,1788221278.613835,3.000,2.984
1788221278.621362,1788221278.621362,0.000,0.406
1788221278.627424,1788221278.629425,2.000,2.354
1788221278.627424,1788221278.637963,10.538,10.367
1788221278.638332,1788221278.646392,8.060,7.877
1788221278.653419,1788221278.654418,0.998,0.274
1788221278.661971,1788221278.661971,0.000,0.154
1788221278.669519,1788221278.670316,0.797,0.600
1788221278.677277,1788221278.678112,0.835,1.020
1788221278.684997,1788221278.685990,0.993,0.886
1788221278.694255,1788221278.694255,0.000,0.166
1788221278.701784,1788221278.702787,1.003,0.023
1788221278.702787,1788221278.710318,7.530,7.521
1788221278.716310,1788221278.718848,2.538,2.429
1788221278.719842,1788221278.726838,6.996,6.272
1788221278.732427,1788221278.734426,1.998,1.431
1788221278.735425,1788221278.742425,7.000,6.662
1788221278.746504,1788221278.750224,3.720,3.466
1788221278.753239,1788221278.758315,5.076,5.398
1788221278.761338,1788221278.766338,5.000,5.045
1788221278.768847,1788221278.773866,5.019,5.372
1788221278.777397,1788221278.782683,5.286,5.093
1788221278.787695,1788221278.790347,2.653,1.652
1788221278.793308,1788221278.798759,5.451,4.634
1788221278.803780,1788221278.806773,2.993,2.213
1788221278.810733,1788221278.814755,4.021,3.848
1788221278.819274,1788221278.822299,3.024,3.135
1788221278.827288,1788221278.830823,3.536,3.328
1788221278.835820,1788221278.838356,2.536,2.192
1788221278.844561,1788221278.846579,2.018,2.307
1788221278.852745,1788221278.854741,1.996,1.907
1788221278.861386,1788221278.862375,0.989,1.476
1788221278.868912,1788221278.870919,2.007,1.093
1788221278.877975,1788221278.878488,0.512,0.625
1788221278.886503,1788221278.886503,0.000,0.024
1788221278.886503,1788221278.895093,8.590,8.064
1788221278.902484,1788221278.902484,0.000,0.112
1788221278.910067,1788221278.911067,0.999,0.064
1788221278.910067,1788221278.918587,8.520,8.073
1788221278.925068,1788221278.927065,1.997,1.138
1788221278.933495,1788221278.935018,1.523,0.860
1788221278.936043,1788221278.942578,6.536,6.629
1788221278.948687,1788221278.951183,2.496,2.083
1788221278.952128,1788221278.958650,6.522,6.630
1788221278.965174,1788221278.967174,2.000,1.586
1788221278.970711,1788221278.974718,4.006,4.359
1788221278.982500,1788221278.982500,0.000,0.172
1788221278.985564,1788221278.991222,5.659,4.875
1788221278.995212,1788221278.998654,3.442,3.684
1788221279.002182,1788221279.006725,4.543,4.100
1788221279.010352,1788221279.014373,4.021,4.191
1788221279.019006,1788221279.022600,3.594,3.642
1788221279.027696,1788221279.030695,2.999,3.179
1788221279.036091,1788221279.038977,2.886,2.817
1788221279.044557,1788221279.046623,2.066,2.687
1788221279.052090,1788221279.055172,3.082,2.065
1788221279.061458,1788221279.062546,1.088,1.369
1788221279.069584,1788221279.070536,0.952,1.396
1788221279.077994,1788221279.078995,1.001,1.175
1788221279.086531,1788221279.086531,0.000,0.311
1788221279.094105,1788221279.095104,0.998,1.062
1788221279.102627,1788221279.102627,0.000,0.349
1788221279.110974,1788221279.110974,0.000,0.227
1788221279.118578,1788221279.118578,0.000,0.150
1788221279.119575,1788221279.127257,7.682,7.587
1788221279.132769,1788221279.134788,2.019,1.603
1788221279.134788,1788221279.143311,8.523,7.666
1788221279.149334,1788221279.151382,2.049,1.745
1788221279.152330,1788221279.159498,7.167,6.234
1788221279.166177,1788221279.167178,1.001,0.286
1788221279.169165,1788221279.174894,5.729,5.467
1788221279.180891,1788221279.183496,2.605,2.586
1788221279.185511,1788221279.191495,5.984,5.253
1788221279.195172,1788221279.199306,4.133,3.731
1788221279.202308,1788221279.206850,4.542,4.923
1788221279.210394,1788221279.215360,4.966,4.348
1788221279.219963,1788221279.222885,2.922,3.001
1788221279.226427,1788221279.231426,4.998,4.273
1788221279.234946,1788221279.238183,3.237,3.330
1788221279.243938,1788221279.247487,3.549,3.310
1788221279.252482,1788221279.255568,3.085,3.051
1788221279.260235,1788221279.263245,3.009,2.652
1788221279.268786,1788221279.271781,2.995,2.322
1788221279.277328,1788221279.279335,2.007,1.942
1788221279.286463,1788221279.287479,1.016,1.017
1788221279.293594,1788221279.295594,2.000,1.193
1788221279.302676,1788221279.302676,0.000,0.441
1788221279.311005,1788221279.311005,0.000,0.340
1788221279.319075,1788221279.319075,0.000,0.018
1788221279.319075,1788221279.327674,8.599,8.026
1788221279.333338,1788221279.334534,1.197,1.736
1788221279.334534,1788221279.343254,8.719,7.636
1788221279.348986,1788221279.351878,2.892,1.917
1788221279.351878,1788221279.359783,7.905,7.034
1788221279.363830,1788221279.367783,3.953,3.061
1788221279.368790,1788221279.375330,6.539,6.465
1788221279.379869,1788221279.383873,4.004,3.313
1788221279.387390,1788221279.391521,4.132,4.083
1788221279.396199,1788221279.399566,3.367,3.577
1788221279.402327,1788221279.407938,5.611,5.257
1788221279.411444,1788221279.414946,3.502,4.236
1788221279.419665,1788221279.423666,4.001,4.094
1788221279.426783,1788221279.431805,5.022,4.487
1788221279.436146,1788221279.439733,3.587,3.439
1788221279.443732,1788221279.446833,3.102,3.700
1788221279.452465,1788221279.455485,3.020,3.079
1788221279.460120,1788221279.463247,3.127,3.016
1788221279.470789,1788221279.471514,0.725,0.588
1788221279.477140,1788221279.479156,2.016,2.263
1788221279.486166,1788221279.487710,1.544,1.315
1788221279.495256,1788221279.496254,0.998,0.043
1788221279.501305,1788221279.503315,2.011,2.278
1788221279.504307,1788221279.511612,7.305,7.290
1788221279.519275,1788221279.519275,0.000,0.557
1788221279.519275,1788221279.527992,8.717,8.568
1788221279.531618,1788221279.535634,4.016,4.100
1788221279.536637,1788221279.543849,7.212,7.145
1788221279.546857,1788221279.551498,4.642,4.712
1788221279.552562,1788221279.560120,7.558,7.193
1788221279.561580,1788221279.567603,6.024,6.134
1788221279.569119,1788221279.576206,7.087,6.756
1788221279.578206,1788221279.583868,5.662,5.909
1788221279.587870,1788221279.591985,4.115,3.825
1788221279.593985,1788221279.599692,5.707,5.447
1788221279.601770,1788221279.607438,5.668,5.465
1788221279.611046,1788221279.615982,4.937,4.835
1788221279.621610,1788221279.623730,2.120,2.336
1788221279.626778,1788221279.631511,4.732,4.655
1788221279.636504,1788221279.640383,3.878,3.313
1788221279.643923,1788221279.647973,4.050,3.595
1788221279.654454,1788221279.655446,0.992,1.234
1788221279.661027,1788221279.663637,2.610,2.994
1788221279.671159,1788221279.672280,1.121,0.679
1788221279.677179,1788221279.680179,3.000,2.364
1788221279.685876,1788221279.687790,1.914,1.661
1788221279.694117,1788221279.696099,1.982,1.863
1788221279.701864,1788221279.704143,2.278,2.067
1788221279.710139,1788221279.711733,1.595,1.264
1788221279.719722,1788221279.719722,0.000,0.059
1788221279.727404,1788221279.728283,0.879,0.432
1788221279.732926,1788221279.735929,3.003,3.053
1788221279.735929,1788221279.744474,8.545,7.627
1788221279.748467,1788221279.752139,3.672,3.232
1788221279.752139,1788221279.760292,8.153,7.452
1788221279.765903,1788221279.767905,2.002,2.490
1788221279.769904,1788221279.775719,5.816,5.637
1788221279.779610,1788221279.784147,4.536,3.896
1788221279.786147,1788221279.791715,5.568,5.784
1788221279.795253,1788221279.800255,5.002,4.558
1788221279.803826,1788221279.807849,4.023,4.118
1788221279.810849,1788221279.816153,5.304,4.347
1788221279.819133,1788221279.823651,4.518,5.124
1788221279.827670,1788221279.831668,3.998,4.008
1788221279.836246,1788221279.839876,3.631,4.088
1788221279.843499,1788221279.848571,5.072,4.264
1788221279.856137,1788221279.856137,0.000,0.015
1788221279.860150,1788221279.864567,4.417,3.638
1788221279.871323,1788221279.872274,0.951,0.567
1788221279.878920,1788221279.879921,1.001,1.107
1788221279.886463,1788221279.888463,2.000,1.472
1788221279.894109,1788221279.896127,2.018,1.933
1788221279.902127,1788221279.904196,2.069,1.611
1788221279.911212,1788221279.912210,0.999,1.321
1788221279.919255,1788221279.920251,0.996,0.494
1788221279.927314,1788221279.928335,1.022,0.705
1788221279.932338,1788221279.936178,3.840,3.542
1788221279.944196,1788221279.944196,0.000,0.148
1788221279.951943,1788221279.951943,0.000,0.105
1788221279.951943,1788221279.960476,8.533,7.731
1788221279.963001,1788221279.968722,5.721,4.946
1788221279.970227,1788221279.976519,6.292,5.703
1788221279.978542,1788221279.983978,5.436,5.406
1788221279.986486,1788221279.992044,5.558,5.961
1788221279.997599,1788221280.000599,3.000,2.979
1788221280.002591,1788221280.008146,5.555,6.159
1788221280.011230,1788221280.016795,5.564,4.628
1788221280.019810,1788221280.024812,5.002,4.001
1788221280.027050,1788221280.032078,5.028,4.806
1788221280.039618,1788221280.040628,1.010,0.626
1788221280.043622,1788221280.049154,5.532,4.536
1788221280.055160,1788221280.056159,0.999,1.095
1788221280.060714,1788221280.064258,3.543,3.718
1788221280.070431,1788221280.072418,1.988,1.907
1788221280.076431,1788221280.080977,4.546,2.981
1788221280.085965,1788221280.088493,2.528,2.346
1788221280.093594,1788221280.096597,3.003,2.534
1788221280.102521,1788221280.104854,2.333,2.376
1788221280.111393,1788221280.112393,1.000,1.334
1788221280.118910,1788221280.120928,2.018,1.410
1788221280.127931,1788221280.128931,0.999,0.764
1788221280.132470,1788221280.136463,3.993,4.028
1788221280.144004,1788221280.144998,0.994,0.211
1788221280.152545,1788221280.152545,0.000,0.028
1788221280.160084,1788221280.161107,1.022,0.261
1788221280.163625,1788221280.169146,5.520,4.833
1788221280.169146,1788221280.176686,7.540,7.700
1788221280.179799,1788221280.184801,5.003,5.157
1788221280.186805,1788221280.193184,6.379,5.190
1788221280.194810,1788221280.201207,6.398,5.972
1788221280.202217,1788221280.208379,6.162,6.433
1788221280.209896,1788221280.216916,7.020,6.154
1788221280.218905,1788221280.225089,6.184,5.799
1788221280.229093,1788221280.232637,3.544,3.172
1788221280.240154,1788221280.241256,1.102,0.202
1788221280.243790,1788221280.248800,5.010,4.831
1788221280.255431,1788221280.257000,1.570,1.241
1788221280.260630,1788221280.265184,4.554,3.846
1788221280.270743,1788221280.272817,2.074,1.852
1788221280.277750,1788221280.280777,3.026,2.981
1788221280.286369,1788221280.289370,3.001,2.768
1788221280.294421,1788221280.296477,2.055,2.176
1788221280.302016,1788221280.304610,2.594,2.689
1788221280.309796,1788221280.313317,3.521,2.491
1788221280.318493,1788221280.320498,2.005,1.874
1788221280.328031,1788221280.329024,0.993,0.695
1788221280.336557,1788221280.336557,0.000,0.649
1788221280.344105,1788221280.345105,1.000,0.922
1788221280.353163,1788221280.353163,0.000,0.151
1788221280.360399,1788221280.361400,1.002,0.062
1788221280.368947,1788221280.368947,0.000,0.069
1788221280.368947,1788221280.377476,8.529,7.782
1788221280.378986,1788221280.385163,6.178,6.340
1788221280.385163,1788221280.393685,8.522,7.467
1788221280.394019,1788221280.401588,7.569,6.640
1788221280.404261,1788221280.409268,5.007,4.951
1788221280.412264,1788221280.417668,5.404,5.055
1788221280.424186,1788221280.425203,1.018,0.405
1788221280.427207,1788221280.433726,6.519,5.659
1788221280.440387,1788221280.441288,0.901,0.352
1788221280.443914,1788221280.449552,5.638,5.068
1788221280.456078,1788221280.457315,1.237,1.035
1788221280.456078,1788221280.465596,9.519,9.054
1788221280.471623,1788221280.473727,2.104,1.629
1788221280.477374,1788221280.481312,3.938,4.052
1788221280.486988,1788221280.489459,2.472,1.774
1788221280.493918,1788221280.497458,3.539,2.940
1788221280.502458,1788221280.505968,3.510,3.112
1788221280.511990,1788221280.513984,1.994,1.746
1788221280.519073,1788221280.522072,2.999,2.548
1788221280.527603,1788221280.529615,2.012,2.137
1788221280.535154,1788221280.537704,2.551,1.735
1788221280.543695,1788221280.545204,1.508,1.497
1788221280.551759,1788221280.553738,1.979,1.465
1788221280.560808,1788221280.561806,0.998,0.269
1788221280.568847,1788221280.569866,1.019,0.712
1788221280.568847,1788221280.577856,9.009,8.731
1788221280.580862,1788221280.585602,4.740,4.654
1788221280.585602,1788221280.593696,8.094,7.631
1788221280.595684,1788221280.601549,5.865,6.047
1788221280.602579,1788221280.609824,7.245,7.413
1788221280.610934,1788221280.617369,6.435,6.895
1788221280.619118,1788221280.625778,6.660,6.370
1788221280.627495,1788221280.634033,6.538,6.180
1788221280.636042,1788221280.641629,5.587,5.760
1788221280.643991,1788221280.650197,6.206,5.941
1788221280.656267,1788221280.657774,1.506,0.814
1788221280.661911,1788221280.665515,3.603,3.956
1788221280.671749,1788221280.673938,2.189,1.950
1788221280.676990,1788221280.681615,4.624,4.643
1788221280.687213,1788221280.690192,2.979,2.085
1788221280.694048,1788221280.698049,4.001,3.742
1788221280.703648,1788221280.705648,2.000,2.166
1788221280.710188,1788221280.713730,3.541,3.293
1788221280.718267,1788221280.722268,4.000,3.764
1788221280.727403,1788221280.729518,2.115,2.314
1788221280.736016,1788221280.738014,1.999,1.939
1788221280.744554,1788221280.745559,1.006,1.574
1788221280.753098,1788221280.753614,0.517,0.833
1788221280.760655,1788221280.762289,1.634,1.197
1788221280.769807,1788221280.769807,0.000,0.444
1788221280.777342,1788221280.778398,1.056,0.872
1788221280.785778,1788221280.785778,0.000,0.188
1788221280.793244,1788221280.793244,0.000,0.166
1788221280.794816,1788221280.801893,7.077,7.106
1788221280.801893,1788221280.810026,8.133,7.875
1788221280.810948,1788221280.818129,7.181,6.100
1788221280.824701,1788221280.826427,1.726,0.981
1788221280.827448,1788221280.833982,6.533,5.618
1788221280.840267,1788221280.842266,1.999,1.537
1788221280.844266,1788221280.849826,5.560,5.948
1788221280.855820,1788221280.858563,2.744,1.967
1788221280.861097,1788221280.866253,5.156,4.970
1788221280.870882,1788221280.873855,2.973,3.068
1788221280.877030,1788221280.882641,5.610,4.690
1788221280.886640,1788221280.890228,3.588,3.442
1788221280.893746,1788221280.897770,4.024,4.076
1788221280.905305,1788221280.906411,1.106,1.041
1788221280.910950,1788221280.913836,2.887,3.336
1788221280.921185,1788221280.922084,0.899,0.950
1788221280.927151,1788221280.930690,3.539,2.586
1788221280.935690,1788221280.937696,2.006,1.996
1788221280.944229,1788221280.946227,1.998,1.619
1788221280.952770,1788221280.953790,1.020,1.422
1788221280.961315,1788221280.962340,1.025,0.336
1788221280.968217,1788221280.969772,1.555,1.430
1788221280.977311,1788221280.978188,0.877,0.522
1788221280.981097,1788221280.986411,5.314,5.411
1788221280.988831,1788221280.994158,5.327,4.804
1788221281.001881,1788221281.001881,0.000,0.094
1788221281.001881,1788221281.010373,8.492,8.107
1788221281.011064,1788221281.018805,7.741,7.275
1788221281.018805,1788221281.026852,8.047,7.041
1788221281.026852,1788221281.034375,7.524,7.164
1788221281.041925,1788221281.041925,0.000,0.164
1788221281.044021,1788221281.050026,6.005,6.421
1788221281.058271,1788221281.058271,0.000,0.269
1788221281.060848,1788221281.066002,5.154,5.353
1788221281.072587,1788221281.074651,2.064,1.571
1788221281.077661,1788221281.082883,5.222,4.900
1788221281.087934,1788221281.089937,2.003,1.985
1788221281.094211,1788221281.098277,4.066,4.594
1788221281.103935,1788221281.105924,1.989,2.014
1788221281.111006,1788221281.114600,3.594,3.676
1788221281.119140,1788221281.122131,2.990,3.018
1788221281.127778,1788221281.130756,2.978,2.989
1788221281.135375,1788221281.138391,3.016,2.928
1788221281.143946,1788221281.146007,2.062,2.255
1788221281.152030,1788221281.154571,2.541,2.443
1788221281.159657,1788221281.162317,2.659,1.593
1788221281.169022,1788221281.171015,1.993,1.099
1788221281.177239,1788221281.178345,1.107,0.886
1788221281.186107,1788221281.186107,0.000,0.254
1788221281.194106,1788221281.194664,0.559,0.477
1788221281.202232,1788221281.202232,0.000,0.385
1788221281.210858,1788221281.210858,0.000,0.015
1788221281.211854,1788221281.217535,5.681,6.627
1788221281.219151,1788221281.226863,7.711,7.710
1788221281.228873,1788221281.234906,6.034,6.033
1788221281.236515,1788221281.242795,6.280,6.382
1788221281.243852,1788221281.250479,6.626,6.198
1788221281.251509,1788221281.258813,7.304,6.669
1788221281.260815,1788221281.266816,6.001,6.101
1788221281.268805,1788221281.275335,6.530,5.782
1788221281.277356,1788221281.283433,6.076,5.684
1788221281.290022,1788221281.291039,1.018,0.615
1788221281.294036,1788221281.299374,5.337,5.201
1788221281.307068,1788221281.307068,0.000,0.064
1788221281.310311,1788221281.314377,4.066,4.445
1788221281.321666,1788221281.322663,0.997,0.826
1788221281.327344,1788221281.331331,3.987,3.043
1788221281.336894,1788221281.338950,2.056,1.658
1788221281.343996,1788221281.346868,2.872,2.764
1788221281.354016,1788221281.355024,1.009,0.991
1788221281.359692,1788221281.363290,3.599,2.706
1788221281.369942,1788221281.370940,0.998,1.213
1788221281.377522,1788221281.378566,1.044,1.085
1788221281.385585,1788221281.387274,1.688,1.343
1788221281.394357,1788221281.394952,0.595,0.724
1788221281.401707,1788221281.402699,0.992,0.839
1788221281.401707,1788221281.411382,9.675,8.853
1788221281.415418,1788221281.419134,3.716,3.503
1788221281.422808,1788221281.427399,4.592,3.836
1788221281.431079,1788221281.434720,3.640,4.041
1788221281.437762,1788221281.443427,5.666,5.616
1788221281.446426,1788221281.451084,4.658,4.794
1788221281.453129,1788221281.458703,5.574,6.350
1788221281.463467,1788221281.467466,3.999,3.903
1788221281.469072,1788221281.475131,6.059,6.346
1788221281.477130,1788221281.483711,6.581,5.596
1788221281.485761,1788221281.491428,5.667,5.024
1788221281.493415,1788221281.499678,6.262,5.503
1788221281.502740,1788221281.506727,3.987,4.622
1788221281.511428,1788221281.515388,3.960,4.055
1788221281.518448,1788221281.523080,4.631,4.267
1788221281.527047,1788221281.530754,3.706,3.732
1788221281.538449,1788221281.539999,1.549,0.438
1788221281.544065,1788221281.547133,3.069,3.400
1788221281.554792,1788221281.555804,1.012,1.208
1788221281.560396,1788221281.564116,3.719,2.656
1788221281.570251,1788221281.571592,1.341,1.458
1788221281.577427,1788221281.580090,2.662,2.313
1788221281.585530,1788221281.587344,1.814,1.862
1788221281.594423,1788221281.595444,1.021,1.469
1788221281.602164,1788221281.604158,1.994,1.422
1788221281.610164,1788221281.611735,1.570,1.093
1788221281.617828,1788221281.619343,1.514,0.775
1788221281.627800,1788221281.627800,0.000,0.174
1788221281.632383,1788221281.636086,3.703,3.570
1788221281.636086,1788221281.643521,7.435,7.652
1788221281.647506,1788221281.651363,3.858,3.988
1788221281.652362,1788221281.659656,7.295,7.542
1788221281.663012,1788221281.668082,5.069,4.498
1788221281.669068,1788221281.675709,6.640,6.563
1788221281.677723,1788221281.683348,5.625,5.637
1788221281.685403,1788221281.692036,6.633,5.886
1788221281.694789,1788221281.699801,5.012,4.844
1788221281.703318,1788221281.707387,4.069,3.669
1788221281.711416,1788221281.716102,4.685,4.530
1788221281.723717,1788221281.724293,0.576,0.040
1788221281.729356,1788221281.732354,2.999,1.890
1788221281.739074,1788221281.740034,0.961,0.377
1788221281.745685,1788221281.747702,2.017,2.185
1788221281.753718,1788221281.756400,2.682,2.044
1788221281.761409,1788221281.762975,1.565,2.418
1788221281.769734,1788221281.772407,2.673,2.048
1788221281.776999,1788221281.780001,3.002,2.494
1788221281.788231,1788221281.788231,0.000,0.038
1788221281.793228,1788221281.796502,3.274,1.651
1788221281.802499,1788221281.804441,1.943,1.518
1788221281.811045,1788221281.812029,0.984,1.108
1788221281.818660,1788221281.819661,1.002,1.111
1788221281.826922,1788221281.827925,1.003,0.845
1788221281.831894,1788221281.836519,4.625,3.800
1788221281.844316,1788221281.844316,0.000,0.227
1788221281.851694,1788221281.852674,0.980,0.124
1788221281.852674,1788221281.860364,7.689,7.810
1788221281.864020,1788221281.868681,4.661,4.663
1788221281.868681,1788221281.875703,7.023,7.412
1788221281.878407,1788221281.884355,5.948,5.694
1788221281.885345,1788221281.891984,6.639,6.851
1788221281.894015,1788221281.900248,6.233,6.112
1788221281.902262,1788221281.907834,5.572,6.112
1788221281.909867,1788221281.916833,6.966,5.790
1788221281.918453,1788221281.924172,5.720,5.396
1788221281.927621,1788221281.932687,5.066,4.937
1788221281.939300,1788221281.940333,1.033,0.560
1788221281.944317,1788221281.947896,3.579,4.434
1788221281.953971,1788221281.955959,1.988,2.436
1788221281.960629,1788221281.964219,3.589,3.800
1788221281.970754,1788221281.972489,1.735,1.444
1788221281.977508,1788221281.980860,3.352,2.899
1788221281.986435,1788221281.988494,2.059,1.352
1788221281.994169,1788221281.996793,2.625,1.972
1788221282.002029,1788221282.005038,3.009,2.178
1788221282.010827,1788221282.012824,1.997,1.152
1788221282.019416,1788221282.020945,1.529,1.008
1788221282.027461,1788221282.028478,1.017,0.301
1788221282.036152,1788221282.037107,0.956,0.644
1788221282.043695,1788221282.044692,0.997,0.646
1788221282.052318,1788221282.052318,0.000,0.507
1788221282.052318,1788221282.060957,8.639,8.515
1788221282.063534,1788221282.068611,5.077,4.630
1788221282.068611,1788221282.076242,7.631,7.614
1788221282.079246,1788221282.084833,5.587,5.254
1788221282.085866,1788221282.092520,6.654,7.058
1788221282.094475,1788221282.100732,6.257,6.094
1788221282.103796,1788221282.108805,5.009,4.837
1788221282.111395,1788221282.116463,5.068,5.496
1788221282.118511,1788221282.125136,6.624,5.937
1788221282.127134,1788221282.132737,5.603,5.235
1788221282.135736,1788221282.140678,4.942,4.955
1788221282.144137,1788221282.149091,4.955,4.870
1788221282.155784,1788221282.156756,0.972,0.512
1788221282.160785,1788221282.165042,4.257,4.253
1788221282.172581,1788221282.172581,0.000,0.014
1788221282.177653,1788221282.180640,2.987,3.075
1788221282.186967,1788221282.189072,2.105,1.707
1788221282.194677,1788221282.196848,2.171,2.270
1788221282.204585,1788221282.204585,0.000,0.546
1788221282.210562,1788221282.213136,2.574,1.713
1788221282.219228,1788221282.221248,2.020,1.711
1788221282.227535,1788221282.228513,0.978,1.539
1788221282.236189,1788221282.237216,1.028,0.404
1788221282.244498,1788221282.244498,0.000,0.239
1788221282.251938,1788221282.252951,1.012,0.869
1788221282.260483,1788221282.260483,0.000,0.055
1788221282.268834,1788221282.268834,0.000,0.044
1788221282.268834,1788221282.277478,8.644,7.649
1788221282.278510,1788221282.285167,6.657,5.960
1788221282.285167,1788221282.292744,7.578,7.389
1788221282.293819,1788221282.301088,7.269,6.834
1788221282.302155,1788221282.309586,7.431,6.566
1788221282.310561,1788221282.317302,6.741,5.903
1788221282.324505,1788221282.325583,1.079,0.249
1788221282.326570,1788221282.333626,7.056,5.912
1788221282.339267,1788221282.341266,1.999,1.563
1788221282.344751,1788221282.349511,4.760,4.555
1788221282.356325,1788221282.357375,1.050,0.958
1788221282.361340,1788221282.365010,3.671,3.513
1788221282.370772,1788221282.372751,1.979,2.029
1788221282.377123,1788221282.381076,3.953,3.411
1788221282.386723,1788221282.389361,2.637,1.550
1788221282.394369,1788221282.397548,3.179,2.810
1788221282.402629,1788221282.405647,3.018,2.489
1788221282.411302,1788221282.413306,2.004,2.073
1788221282.418931,1788221282.420973,2.042,2.037
1788221282.427296,1788221282.428877,1.581,1.441
1788221282.436323,1788221282.436907,0.583,0.705
1788221282.443988,1788221282.444971,0.983,1.084
1788221282.452574,1788221282.453568,0.993,0.978
1788221282.460310,1788221282.460310,0.000,0.223
1788221282.469325,1788221282.469325,0.000,0.072
1788221282.469325,1788221282.476965,7.640,8.088
1788221282.480052,1788221282.485040,4.989,4.770
1788221282.486031,1788221282.493717,7.687,7.140
1788221282.497926,1788221282.500979,3.053,3.414
1788221282.501995,1788221282.509601,7.606,7.209
1788221282.511638,1788221282.517622,5.985,5.344
1788221282.518218,1788221282.524904,6.686,6.533
1788221282.526911,1788221282.533144,6.233,5.879
1788221282.535212,1788221282.541831,6.620,5.728
1788221282.543831,1788221282.549634,5.803,5.370
1788221282.556587,1788221282.557565,0.978,0.738
1788221282.560030,1788221282.565833,5.803,4.954
1788221282.572484,1788221282.573490,1.005,0.406
1788221282.577481,1788221282.581096,3.615,3.585
1788221282.588557,1788221282.589567,1.010,1.176
1788221282.594100,1788221282.597630,3.529,3.527
1788221282.604270,1788221282.605265,0.995,1.279
1788221282.610905,1788221282.613918,3.013,2.716
1788221282.619478,1788221282.621547,2.069,1.893
1788221282.627899,1788221282.629881,1.982,1.540
1788221282.636426,1788221282.637407,0.981,1.176
1788221282.644071,1788221282.645069,0.998,1.471
1788221282.651700,1788221282.653717,2.017,1.128
1788221282.661341,1788221282.661341,0.000,0.463
1788221282.663855,1788221282.669374,5.519,5.541
1788221282.676967,1788221282.677942,0.975,0.017
1788221282.680931,1788221282.685591,4.660,4.801
1788221282.686542,1788221282.693847,7.305,7.181
1788221282.695854,1788221282.701133,5.278,5.237
1788221282.705234,1788221282.709207,3.973,4.334
1788221282.712143,1788221282.717866,5.723,5.692
1788221282.719875,1788221282.725149,5.274,4.984
1788221282.727190,1788221282.733830,6.639,5.878
1788221282.735857,1788221282.741848,5.991,5.751
1788221282.743493,1788221282.749159,5.666,5.543
1788221282.753842,1788221282.757832,3.989,3.758
1788221282.760837,1788221282.765103,4.267,4.608
1788221282.773074,1788221282.773778,0.705,0.752
1788221282.777735,1788221282.781797,4.062,3.974
1788221282.788957,1788221282.790014,1.056,0.104
1788221282.793629,1788221282.797290,3.661,3.541
1788221282.803966,1788221282.806023,2.058,1.146
1788221282.810044,1788221282.814044,4.000,3.208
1788221282.819697,1788221282.821717,2.020,1.420
1788221282.826993,1788221282.829998,3.005,2.206
1788221282.837227,1788221282.837227,0.000,0.632
1788221282.844346,1788221282.846015,1.669,1.690
1788221282.852937,1788221282.854498,1.561,1.433
1788221282.852937,1788221282.862571,9.634,9.450
1788221282.868818,1788221282.869848,1.031,1.021
1788221282.877507,1788221282.878456,0.949,0.656
1788221282.882458,1788221282.885979,3.521,3.538
1788221282.893045,1788221282.894124,1.079,0.492
1788221282.901570,1788221282.902498,0.928,0.162
1788221282.901570,1788221282.910184,8.615,7.924
1788221282.912168,1788221282.917826,5.658,5.843
1788221282.918845,1788221282.926825,7.980,7.485
1788221282.928820,1788221282.933821,5.001,5.099
1788221282.934888,1788221282.942326,7.438,6.516
1788221282.944114,1788221282.950141,6.027,6.035
1788221282.952133,1788221282.957918,5.785,5.825
1788221282.960985,1788221282.966462,5.476,5.344
1788221282.973998,1788221282.973998,0.000,0.226
1788221282.977000,1788221282.982136,5.136,5.060
1788221282.989174,1788221282.989898,0.724,0.780
1788221282.993917,1788221282.998972,5.055,3.955
1788221283.003971,1788221283.005964,1.992,2.137
1788221283.012487,1788221283.014494,2.007,2.199
1788221283.020539,1788221283.022128,1.589,0.734
1788221283.027665,1788221283.030668,3.003,2.775
1788221283.036665,1788221283.038179,1.514,1.501
1788221283.046177,1788221283.046177,0.000,0.076
1788221283.051697,1788221283.054701,3.003,2.406
1788221283.060227,1788221283.062227,2.001,1.765
1788221283.069268,1788221283.070277,1.009,1.420
1788221283.069268,1788221283.078277,9.008,9.430
1788221283.085748,1788221283.086755,1.008,1.034
1788221283.094281,1788221283.094281,0.000,0.520
1788221283.098431,1788221283.102527,4.096,4.232
1788221283.103493,1788221283.110257,6.764,7.261
1788221283.113264,1788221283.118819,5.556,4.777
1788221283.118819,1788221283.126554,7.734,7.259
1788221283.129046,1788221283.134133,5.086,5.498
1788221283.135134,1788221283.142649,7.515,7.130
1788221283.145643,1788221283.150164,4.521,5.236
1788221283.152164,1788221283.158387,6.223,5.971
1788221283.161506,1788221283.167019,5.513,5.335
1788221283.169543,1788221283.174546,5.003,5.059
1788221283.178554,1788221283.183076,4.522,4.229
1788221283.186084,1788221283.190537,4.454,4.439
1788221283.194548,1788221283.199073,4.526,4.160
1788221283.202645,1788221283.206639,3.994,4.299
1788221283.212817,1788221283.214819,2.001,1.378
1788221283.221332,1788221283.222817,1.485,1.417
1788221283.226826,1788221283.230346,3.519,3.283
1788221283.236353,1788221283.238361,2.008,1.761
1788221283.236353,1788221283.247124,10.771,9.775
1788221283.252635,1788221283.254642,2.007,2.201
1788221283.260139,1788221283.262396,2.256,2.374
1788221283.269763,1788221283.271268,1.504,1.069
1788221283.277271,1788221283.279270,2.000,1.544
1788221283.281792,1788221283.286801,5.009,4.868
1788221283.293844,1788221283.294845,1.000,1.000
1788221283.302353,1788221283.302855,0.502,0.871
1788221283.302353,1788221283.310859,8.507,8.881
1788221283.314384,1788221283.319387,5.003,4.514
1788221283.320387,1788221283.326910,6.523,6.668
1788221283.329910,1788221283.335232,5.322,5.097
1788221283.336232,1788221283.343232,7.000,6.815
1788221283.345746,1788221283.351430,5.684,5.183
1788221283.351430,1788221283.358947,7.517,6.998
1788221283.360951,1788221283.367470,6.520,5.855
1788221283.368470,1788221283.375177,6.707,6.008
1788221283.378179,1788221283.383184,5.005,4.364
1788221283.386336,1788221283.390335,3.999,5.059
1788221283.394473,1788221283.398471,3.998,4.530
1788221283.401861,1788221283.407187,5.325,4.931
1788221283.412187,1788221283.414700,2.513,2.265
1788221283.419700,1788221283.423210,3.510,3.556
1788221283.428734,1788221283.431731,2.997,2.400
1788221283.438750,1788221283.438750,0.000,0.534
1788221283.444254,1788221283.447265,3.011,3.185
1788221283.454267,1788221283.455745,1.478,0.751
1788221283.462746,1788221283.463745,0.999,0.805
1788221283.468905,1788221283.470905,2.000,2.109
1788221283.477425,1788221283.479422,1.997,2.016
1788221283.485943,1788221283.486943,1.000,1.491
1788221283.493943,1788221283.495446,1.503,1.233
1788221283.502639,1788221283.503639,0.999,0.873
1788221283.510178,1788221283.511179,1.002,0.457
1788221283.518546,1788221283.519546,1.000,0.182
1788221283.518546,1788221283.527582,9.037,8.194
1788221283.530589,1788221283.535604,5.015,4.747
1788221283.535604,1788221283.543710,8.106,7.337
1788221283.546213,1788221283.551731,5.517,5.448
1788221283.551731,1788221283.559753,8.023,6.793
1788221283.561764,1788221283.567397,5.634,4.932
1788221283.569514,1788221283.575023,5.510,5.487
1788221283.578072,1788221283.583072,4.999,5.415
1788221283.586072,1788221283.591360,5.289,5.324
1788221283.593888,1788221283.598921,5.033,5.186
1788221283.602919,1788221283.607444,4.524,4.792
1788221283.611450,1788221283.614956,3.506,4.193
1788221283.619462,1788221283.623463,4.000,4.189
1788221283.627611,1788221283.631611,4.000,3.735
1788221283.636131,1788221283.639135,3.004,2.932
1788221283.644709,1788221283.647232,2.522,3.087
1788221283.652231,1788221283.655735,3.504,3.078
1788221283.661654,1788221283.663670,2.016,1.425
1788221283.671575,1788221283.671575,0.000,0.300
1788221283.677616,1788221283.679615,1.999,1.428
1788221283.686623,1788221283.688017,1.394,0.859
1788221283.694009,1788221283.695009,1.000,1.406
1788221283.701844,1788221283.703844,2.000,1.205
1788221283.710368,1788221283.711367,1.000,0.950
1788221283.716879,1788221283.719883,3.004,2.511
1788221283.719883,1788221283.727419,7.536,7.438
1788221283.731529,1788221283.736251,4.722,4.036
1788221283.736251,1788221283.743985,7.734,7.859
1788221283.746762,1788221283.752113,5.351,5.024
1788221283.752113,1788221283.759780,7.667,7.553
1788221283.761788,1788221283.768269,6.480,5.973
1788221283.769345,1788221283.776340,6.995,6.423
1788221283.777852,1788221283.783870,6.019,5.720
1788221283.786874,1788221283.791381,4.507,5.085
1788221283.794903,1788221283.799411,4.508,5.253
1788221283.803411,1788221283.807813,4.402,3.718
1788221283.810319,1788221283.816319,5.999,5.414
1788221283.818822,1788221283.823826,5.003,4.994
1788221283.826952,1788221283.832110,5.158,4.756
1788221283.837616,1788221283.840248,2.632,2.179
1788221283.843249,1788221283.847427,4.178,4.049
1788221283.855867,1788221283.855867,0.000,0.014
1788221283.861140,1788221283.864155,3.014,2.174
1788221283.871511,1788221283.872014,0.503,0.389
1788221283.877018,1788221283.880120,3.102,2.451
1788221283.887120,1788221283.888133,1.013,0.787
1788221283.895207,1788221283.896190,0.983,0.232
1788221283.903222,1788221283.904223,1.001,0.093
1788221283.911750,1788221283.911750,0.000,0.560
1788221283.918751,1788221283.919811,1.060,0.768
1788221283.927975,1788221283.927975,0.000,0.090
1788221283.933214,1788221283.936206,2.992,2.504
1788221283.943612,1788221283.944613,1.001,0.019
1788221283.948616,1788221283.952148,3.532,3.471
1788221283.952148,1788221283.959772,7.623,7.505
1788221283.963779,1788221283.967782,4.004,4.412
1788221283.970565,1788221283.976587,6.022,5.055
1788221283.979595,1788221283.983837,4.242,3.801
1788221283.985830,1788221283.991361,5.532,5.888
1788221283.994310,1788221284.000346,6.036,5.794
1788221284.002353,1788221284.008358,6.004,5.582
1788221284.011626,1788221284.016633,5.007,4.502
1788221284.018625,1788221284.024264,5.639,5.130
1788221284.028130,1788221284.032282,4.153,3.893
1788221284.036678,1788221284.040663,3.985,3.733
1788221284.046333,1788221284.048210,1.877,2.167
1788221284.055313,1788221284.056311,0.998,0.777
1788221284.055313,1788221284.064837,9.524,8.801
1788221284.070337,1788221284.072348,2.011,1.874
1788221284.078860,1788221284.079863,1.003,1.241
1788221284.087323,1788221284.088834,1.511,1.390
1788221284.094345,1788221284.096344,1.998,1.923
1788221284.101784,1788221284.104282,2.498,2.079
1788221284.110289,1788221284.112793,2.504,1.832
1788221284.118797,1788221284.120806,2.009,1.296
1788221284.127341,1788221284.128341,1.000,0.909
1788221284.136057,1788221284.136057,0.000,0.598
1788221284.143057,1788221284.144552,1.495,0.270
1788221284.152559,1788221284.152559,0.000,0.025
1788221284.152559,1788221284.160077,7.518,7.771
1788221284.163571,1788221284.168592,5.021,4.996
1788221284.170586,1788221284.176560,5.975,6.259
1788221284.179561,1788221284.184847,5.286,4.810
1788221284.186839,1788221284.192564,5.726,4.734
1788221284.195841,1788221284.200499,4.658,4.699
1788221284.202497,1788221284.209031,6.533,6.377
1788221284.211022,1788221284.216547,5.525,5.590
1788221284.218540,1788221284.225056,6.516,5.534
1788221284.227058,1788221284.232586,5.528,5.124
1788221284.236105,1788221284.241105,4.999,3.947
1788221284.244619,1788221284.248268,3.649,3.629
1788221284.252272,1788221284.256788,4.516,3.877
1788221284.261958,1788221284.264957,3.000,2.271
1788221284.268314,1788221284.272816,4.502,3.881
1788221284.277341,1788221284.280339,2.998,3.366
1788221284.285348,1788221284.288571,3.224,3.099
1788221284.294577,1788221284.296916,2.339,1.777
1788221284.301779,1788221284.305097,3.317,2.082
1788221284.310332,1788221284.312780,2.448,1.909
1788221284.320314,1788221284.321299,0.985,0.174
1788221284.326922,1788221284.328927,2.006,1.548
1788221284.335928,1788221284.337158,1.230,0.666
1788221284.344158,1788221284.344158,0.000,0.703
1788221284.352509,1788221284.352509,0.000,0.185
1788221284.359626,1788221284.361131,1.505,0.184
1788221284.366295,1788221284.369289,2.994,2.160
1788221284.371289,1788221284.377327,6.039,5.487
1788221284.382328,1788221284.384327,1.999,2.147
1788221284.385831,1788221284.392835,7.004,6.438
1788221284.399276,1788221284.401284,2.007,1.345
1788221284.404287,1788221284.409500,5.213,3.847
1788221284.414502,1788221284.417001,2.499,2.148
1788221284.420005,1788221284.425005,5.000,5.110
1788221284.430519,1788221284.432520,2.001,2.249
1788221284.435042,1788221284.441082,6.040,4.744
1788221284.446587,1788221284.448597,2.010,2.051
1788221284.451603,1788221284.457107,5.504,4.677
1788221284.462111,1788221284.465121,3.010,2.805
1788221284.468621,1788221284.473135,4.514,3.969
1788221284.477234,1788221284.481246,4.013,3.561
1788221284.486352,1788221284.488688,2.336,3.005
1788221284.493568,1788221284.496624,3.056,2.824
1788221284.502326,1788221284.505395,3.068,2.624
1788221284.510654,1788221284.513059,2.405,1.993
1788221284.518727,1788221284.520713,1.986,2.011
1788221284.527498,1788221284.528895,1.397,1.119
1788221284.536633,1788221284.536633,0.000,0.419
1788221284.543944,1788221284.544946,1.002,0.388
1788221284.552579,1788221284.553578,0.999,0.783
1788221284.561270,1788221284.561270,0.000,0.058
1788221284.568929,1788221284.568929,0.000,0.092
1788221284.572217,1788221284.577383,5.166,5.336
1788221284.577921,1788221284.585169,7.247,7.430
1788221284.587749,1788221284.593301,5.552,5.693
1788221284.594297,1788221284.600847,6.550,6.984
1788221284.602936,1788221284.609023,6.088,6.574
1788221284.611014,1788221284.617643,6.629,6.155
1788221284.619643,1788221284.625309,5.665,5.491
1788221284.628564,1788221284.633534,4.970,4.770
1788221284.635765,1788221284.641406,5.640,5.424
1788221284.649034,1788221284.649034,0.000,0.181
1788221284.652422,1788221284.657627,5.205,5.114
1788221284.664828,1788221284.665550,0.722,0.302
1788221284.669738,1788221284.673736,3.997,3.496
1788221284.679893,1788221284.680807,0.914,0.963
1788221284.684932,1788221284.689496,4.565,3.344
1788221284.696227,1788221284.697764,1.538,1.031
1788221284.701795,1788221284.705745,3.950,2.810
1788221284.710275,1788221284.713787,3.512,2.301
1788221284.718986,1788221284.721246,2.260,2.289
1788221284.727921,1788221284.728926,1.005,1.403
1788221284.735057,1788221284.737203,2.146,1.580
1788221284.740220,1788221284.744921,4.701,4.715
1788221284.752122,1788221284.753223,1.101,1.235
1788221284.760659,1788221284.761802,1.143,0.488
1788221284.768864,1788221284.769876,1.012,0.466
1788221284.777356,1788221284.777356,0.000,0.299
1788221284.777356,1788221284.785294,7.937,7.870
1788221284.787323,1788221284.793314,5.992,5.861
1788221284.794314,1788221284.801824,7.510,6.708
1788221284.802834,1788221284.809352,6.519,6.575
1788221284.810344,1788221284.817872,7.528,7.046
1788221284.818866,1788221284.825868,7.002,6.406
1788221284.827388,1788221284.833396,6.008,5.584
1788221284.835926,1788221284.841299,5.373,5.386
1788221284.845317,1788221284.849602,4.284,4.268
1788221284.852658,1788221284.857816,5.158,4.470
1788221284.864185,1788221284.865149,0.965,0.846
1788221284.868740,1788221284.873700,4.960,4.518
1788221284.880307,1788221284.881546,1.239,0.915
1788221284.886554,1788221284.889427,2.873,3.091
1788221284.895404,1788221284.897550,2.146,1.805
1788221284.904235,1788221284.905739,1.503,1.322
1788221284.910711,1788221284.913716,3.005,2.678
1788221284.919225,1788221284.921345,2.121,1.995
1788221284.927237,1788221284.929899,2.662,2.088
1788221284.936565,1788221284.937620,1.055,0.680
1788221284.944181,1788221284.945185,1.005,1.387
1788221284.952729,1788221284.953728,0.999,1.041
1788221284.961261,1788221284.961261,0.000,0.114
1788221284.968378,1788221284.969851,1.474,0.862
1788221284.971904,1788221284.977921,6.017,5.549
1788221284.982476,1788221284.985470,2.995,3.229
1788221284.989469,1788221284.993556,4.088,4.195
1788221284.994516,1788221285.001179,6.663,6.243
1788221285.003197,1788221285.009720,6.523,6.075
1788221285.010733,1788221285.017743,7.010,6.654
1788221285.018735,1788221285.025277,6.542,6.237
1788221285.027267,1788221285.033796,6.529,6.303
1788221285.036093,1788221285.041352,5.260,5.936
1788221285.049063,1788221285.049063,0.000,0.070
1788221285.052127,1788221285.058134,6.007,5.560
1788221285.065079,1788221285.066167,1.088,0.998
1788221285.069180,1788221285.073853,4.673,4.770
1788221285.079952,1788221285.081371,1.418,1.446
1788221285.087389,1788221285.089397,2.008,2.126
1788221285.096042,1788221285.097402,1.360,1.570
1788221285.102466,1788221285.105845,3.379,2.876
1788221285.112319,1788221285.113858,1.539,1.650
1788221285.120850,1788221285.122409,1.559,1.254
1788221285.127421,1788221285.130430,3.009,2.480
1788221285.136080,1788221285.137665,1.585,1.303
1788221285.143315,1788221285.146437,3.123,2.335
1788221285.152314,1788221285.153869,1.555,2.035
1788221285.160172,1788221285.161311,1.139,1.518
1788221285.169318,1788221285.170253,0.935,1.199
1788221285.176862,1788221285.177873,1.012,0.945
1788221285.185388,1788221285.186397,1.009,0.234
1788221285.193902,1788221285.193902,0.000,0.190
1788221285.201024,1788221285.202733,1.709,0.180
1788221285.209627,1788221285.209627,0.000,0.077
1788221285.209627,1788221285.218702,9.074,7.821
1788221285.219703,1788221285.226846,7.143,6.515
1788221285.227861,1788221285.234541,6.679,6.671
1788221285.237164,1788221285.242795,5.630,5.043
1788221285.244385,1788221285.250848,6.462,6.257
1788221285.254375,1788221285.258388,4.014,4.023
1788221285.266201,1788221285.266201,0.000,0.508
1788221285.269204,1788221285.274738,5.534,5.444
1788221285.280444,1788221285.282938,2.494,1.422
1788221285.285436,1788221285.290922,5.486,4.329
1788221285.296093,1788221285.298097,2.004,2.029
1788221285.302377,1788221285.306546,4.169,4.248
1788221285.311538,1788221285.315053,3.515,2.725
1788221285.319158,1788221285.322572,3.413,3.573
1788221285.328098,1788221285.330105,2.007,2.693
1788221285.336153,1788221285.338674,2.521,2.212
1788221285.345173,1788221285.346185,1.013,1.334
1788221285.352866,1788221285.355381,2.515,2.427
1788221285.361391,1788221285.363403,2.012,1.781
1788221285.369889,1788221285.370899,1.010,1.323
1788221285.378014,1788221285.379014,1.000,0.804
1788221285.386046,1788221285.387058,1.012,0.950
1788221285.389058,1788221285.395061,6.003,5.421
1788221285.395061,1788221285.402377,7.316,7.211
1788221285.405082,1788221285.411589,6.507,5.757
1788221285.418735,1788221285.418735,0.000,0.025
1788221285.420248,1788221285.426768,6.520,6.430
1788221285.427772,1788221285.435023,7.251,7.464
1788221285.437024,1788221285.443357,6.333,6.364
1788221285.444356,1788221285.451587,7.231,6.839
1788221285.452597,1788221285.459113,6.516,6.196
1788221285.460106,1788221285.467617,7.511,6.644
1788221285.468621,1788221285.475621,6.999,6.242
1788221285.482892,1788221285.482892,0.000,0.138
1788221285.485900,1788221285.491421,5.521,4.862
1788221285.497937,1788221285.498946,1.009,1.291
1788221285.502478,1788221285.507479,5.001,4.515
1788221285.514015,1788221285.515015,1.000,0.881
1788221285.519534,1788221285.523530,3.996,3.840
1788221285.530051,1788221285.531060,1.009,1.016
1788221285.536196,1788221285.539717,3.522,2.732
1788221285.545716,1788221285.547716,2.000,1.582
1788221285.552244,1788221285.555244,3.000,2.759
1788221285.561328,1788221285.563327,1.999,1.498
1788221285.569335,1788221285.571526,2.191,1.919
1788221285.577527,1788221285.579596,2.069,1.819
1788221285.586598,1788221285.588101,1.503,0.344
1788221285.594628,1788221285.595627,0.999,0.632
1788221285.602670,1788221285.603663,0.993,1.071
1788221285.610604,1788221285.611609,1.005,0.571
1788221285.619607,1788221285.619607,0.000,0.284
1788221285.627372,1788221285.627372,0.000,0.069
1788221285.628372,1788221285.635900,7.529,7.522
1788221285.641624,1788221285.644145,2.521,2.280
1788221285.644145,1788221285.651153,7.008,7.475
1788221285.654363,1788221285.659790,5.427,5.292
1788221285.662497,1788221285.667494,4.997,4.744
1788221285.670504,1788221285.676036,5.533,5.629
1788221285.678032,1788221285.684231,6.199,5.850
1788221285.686230,1788221285.691331,5.101,5.661
1788221285.698862,1788221285.699862,0.999,0.936
1788221285.702365,1788221285.707380,5.015,5.698
1788221285.710380,1788221285.715901,5.521,5.425
1788221285.719404,1788221285.723782,4.378,4.416
1788221285.730309,1788221285.731308,0.998,1.521
1788221285.735828,1788221285.740360,4.532,3.756
1788221285.745894,1788221285.747881,1.987,1.822
1788221285.751881,1788221285.756395,4.514,3.106
1788221285.761388,1788221285.763896,2.509,2.335
1788221285.768910,1788221285.771910,3.000,2.898
1788221285.777428,1788221285.780438,3.010,2.677
1788221285.787223,1788221285.788215,0.993,0.570
1788221285.794217,1788221285.795584,1.367,1.704
1788221285.802621,1788221285.804124,1.503,0.312
1788221285.811583,1788221285.812595,1.011,0.475
1788221285.819047,1788221285.820047,1.000,0.555
1788221285.827553,1788221285.827553,0.000,0.017
1788221285.827553,1788221285.836078,8.525,8.028
1788221285.843587,1788221285.843587,0.000,0.227
1788221285.843587,1788221285.851784,8.197,8.238
1788221285.854790,1788221285.860028,5.238,5.392
1788221285.861022,1788221285.868545,7.523,7.230
1788221285.870546,1788221285.876578,6.032,5.102
1788221285.877579,1788221285.884087,6.507,6.850
1788221285.886216,1788221285.892216,6.000,5.849
1788221285.894215,1788221285.900629,6.414,5.776
1788221285.903244,1788221285.908561,5.317,5.239
1788221285.916394,1788221285.916394,0.000,0.030
1788221285.920324,1788221285.923913,3.589,4.051
1788221285.931537,1788221285.932454,0.917,0.264
1788221285.935663,1788221285.940665,5.003,4.333
1788221285.946839,1788221285.947821,0.982,1.296
1788221285.951823,1788221285.956323,4.499,4.017
1788221285.962343,1788221285.964327,1.984,1.671
1788221285.970379,1788221285.972915,2.536,1.425
1788221285.978663,1788221285.980666,2.003,1.306
1788221285.984761,1788221285.988273,3.513,2.570
1788221285.994671,1788221285.996657,1.986,1.552
1788221286.002166,1788221286.004329,2.163,1.945
1788221286.008400,1788221286.012392,3.992,3.595
1788221286.008400,1788221286.020409,12.009,11.610
1788221286.027416,1788221286.028492,1.076,1.056
1788221286.035493,1788221286.036493,0.999,0.557
1788221286.044582,1788221286.044582,0.000,0.191
1788221286.052613,1788221286.052613,0.000,0.127
1788221286.056623,1788221286.060142,3.520,4.109
1788221286.061135,1788221286.068667,7.533,7.643
1788221286.071675,1788221286.076675,4.999,4.688
1788221286.078179,1788221286.084192,6.013,6.242
1788221286.088255,1788221286.092273,4.018,4.036
1788221286.094266,1788221286.100797,6.531,6.260
1788221286.107319,1788221286.108822,1.503,0.532
1788221286.107319,1788221286.116827,9.509,8.554
1788221286.120873,1788221286.124881,4.008,3.505
1788221286.126889,1788221286.132912,6.023,5.226
1788221286.136923,1788221286.140424,3.501,3.221
1788221286.144428,1788221286.148929,4.501,4.370
1788221286.152935,1788221286.156932,3.997,3.841
1788221286.161485,1788221286.164459,2.974,2.761
1788221286.168459,1788221286.172702,4.243,3.373
1788221286.176703,1788221286.181141,4.438,3.306
1788221286.186141,1788221286.188678,2.536,2.455
1788221286.194723,1788221286.196729,2.007,2.268
1788221286.199909,1788221286.204427,4.518,4.973
1788221286.212500,1788221286.212500,0.000,0.294
1788221286.218997,1788221286.221008,2.012,1.528
1788221286.228000,1788221286.229015,1.015,0.819
1788221286.235241,1788221286.236242,1.001,0.967
1788221286.243784,1788221286.244971,1.187,0.641
1788221286.243784,1788221286.253120,9.336,8.673
1788221286.259619,1788221286.260628,1.009,0.898
1788221286.260628,1788221286.268635,8.006,7.688
1788221286.276003,1788221286.276993,0.991,0.739
1788221286.277994,1788221286.285175,7.181,6.684
1788221286.290922,1788221286.292930,2.007,2.170
1788221286.293922,1788221286.300451,6.529,6.327
1788221286.305620,1788221286.308612,2.992,3.033
1788221286.310115,1788221286.316715,6.600,6.295
1788221286.321227,1788221286.325228,4.001,3.181
1788221286.328221,1788221286.332745,4.523,4.951
1788221286.336745,1788221286.341272,4.527,3.673
1788221286.344276,1788221286.348791,4.515,4.826
1788221286.352319,1788221286.356537,4.218,4.066
1788221286.360536,1788221286.364851,4.315,4.190
1788221286.368858,1788221286.373374,4.516,3.725
1788221286.377371,1788221286.380903,3.532,3.212
1788221286.386371,1788221286.388890,2.519,2.663
1788221286.394329,1788221286.397335,3.006,2.456
1788221286.402523,1788221286.404533,2.010,2.749
1788221286.411557,1788221286.412563,1.005,1.739
1788221286.419560,1788221286.420561,1.000,1.658
1788221286.427154,1788221286.429153,2.000,1.451
1788221286.436422,1788221286.437030,0.608,0.689
1788221286.445156,1788221286.445156,0.000,0.135
1788221286.451835,1788221286.452841,1.006,0.498
1788221286.459844,1788221286.460843,0.999,0.870
1788221286.462351,1788221286.469355,7.004,6.791
1788221286.475500,1788221286.477499,1.999,1.106
1788221286.478499,1788221286.485014,6.515,6.679
1788221286.490535,1788221286.492703,2.168,2.099
1788221286.493702,1788221286.500710,7.008,6.881
1788221286.506747,1788221286.508753,2.007,2.085
1788221286.510753,1788221286.517264,6.510,6.567
1788221286.522270,1788221286.525322,3.052,3.117
1788221286.528325,1788221286.533508,5.183,4.852
1788221286.538033,1788221286.541040,3.006,3.431
1788221286.543559,1788221286.548801,5.243,5.346
1788221286.551785,1788221286.557307,5.521,4.904
1788221286.561299,1788221286.565544,4.246,4.087
1788221286.569545,1788221286.573061,3.516,3.433
1788221286.578069,1788221286.581069,3.000,3.483
1788221286.586084,1788221286.589207,3.123,3.443
1788221286.594443,1788221286.597441,2.998,2.940
1788221286.603466,1788221286.605470,2.004,1.725
1788221286.612589,1788221286.613598,1.009,0.388
1788221286.619692,1788221286.621692,2.001,1.587
1788221286.627945,1788221286.629668,1.723,1.073
1788221286.636752,1788221286.637750,0.999,0.768
1788221286.644257,1788221286.645265,1.008,0.632
1788221286.644257,1788221286.652777,8.520,8.653
1788221286.661370,1788221286.661370,0.000,0.166
1788221286.661370,1788221286.668874,7.504,8.173
1788221286.676522,1788221286.677523,1.000,0.437
1788221286.677523,1788221286.685180,7.657,7.618
1788221286.691272,1788221286.693271,1.999,1.699
1788221286.694775,1788221286.701779,7.004,6.659
1788221286.705933,1788221286.708932,2.998,3.423
1788221286.709932,1788221286.717140,7.208,6.832
1788221286.721493,1788221286.725004,3.511,3.614
1788221286.728009,1788221286.733017,5.009,5.247
1788221286.737432,1788221286.741440,4.008,3.751
1788221286.744432,1788221286.749128,4.696,5.259
1788221286.752136,1788221286.757247,5.111,4.684
1788221286.761247,1788221286.765754,4.507,4.490
1788221286.768759,1788221286.773760,5.000,4.276
1788221286.777294,1788221286.781301,4.007,4.126
1788221286.782295,1788221286.789205,6.910,7.102
1788221286.782295,1788221286.797731,15.436,15.112
1788221286.801730,1788221286.806263,4.533,3.727
1788221286.812779,1788221286.814315,1.535,0.705
1788221286.818848,1788221286.821849,3.001,2.582
1788221286.828381,1788221286.830365,1.984,0.969
1788221286.835364,1788221286.837888,2.524,2.021
1788221286.843910,1788221286.845484,1.573,1.847
1788221286.852301,1788221286.854299,1.998,1.116
1788221286.860824,1788221286.861821,0.997,0.950
1788221286.868342,1788221286.870328,1.986,0.986
1788221286.877327,1788221286.877327,0.000,0.739
1788221286.885596,1788221286.885596,0.000,0.157
1788221286.889731,1788221286.894240,4.509,3.850
1788221286.894240,1788221286.901747,7.507,7.070
1788221286.905910,1788221286.910111,4.201,4.227
1788221286.912111,1788221286.918105,5.994,5.855
1788221286.920185,1788221286.926173,5.988,5.790
1788221286.927167,1788221286.934329,7.162,6.446
1788221286.935330,1788221286.942453,7.123,5.938
1788221286.944453,1788221286.949976,5.523,5.633
1788221286.952486,1788221286.958503,6.017,5.906
1788221286.965613,1788221286.965613,0.000,0.683
1788221286.970141,1788221286.973656,3.515,3.721
1788221286.979727,1788221286.981732,2.006,1.869
1788221286.985734,1788221286.990389,4.655,4.144
1788221286.995404,1788221286.997395,1.991,2.738
1788221287.001908,1788221287.006193,4.284,3.913
1788221287.011543,1788221287.014045,2.503,2.862
1788221287.019578,1788221287.022582,3.005,2.002
1788221287.027585,1788221287.029582,1.997,2.000
1788221287.035980,1788221287.037979,2.000,2.271
1788221287.044487,1788221287.046485,1.998,1.854
1788221287.052006,1788221287.054101,2.095,1.974
1788221287.060607,1788221287.062608,2.001,1.224
1788221287.068609,1788221287.070647,2.039,1.319
1788221287.076644,1788221287.078645,2.001,0.879
1788221287.085170,1788221287.086172,1.001,0.388
1788221287.094220,1788221287.094220,0.000,0.267
1788221287.101738,1788221287.101738,0.000,0.088
1788221287.104379,1788221287.110770,6.391,5.388
1788221287.111872,1788221287.118565,6.693,6.355
1788221287.120575,1788221287.126404,5.829,5.976
1788221287.127151,1788221287.134690,7.539,6.603
1788221287.136690,1788221287.142200,5.511,5.028
1788221287.145216,1788221287.150705,5.490,4.674
1788221287.151710,1788221287.160972,9.262,8.284
1788221287.160972,1788221287.169485,8.513,7.617
1788221287.176680,1788221287.177680,1.000,0.339
1788221287.182198,1788221287.185208,3.011,3.159
1788221287.186198,1788221287.193706,7.508,7.491
1788221287.197734,1788221287.201859,4.125,3.485
1788221287.201859,1788221287.209857,7.999,7.337
1788221287.213368,1788221287.217895,4.527,3.382
1788221287.219897,1788221287.225408,5.511,5.757
1788221287.228422,1788221287.233935,5.512,4.752
1788221287.235928,1788221287.241927,5.999,5.507
1788221287.244065,1788221287.249571,5.505,5.496
1788221287.252229,1788221287.257744,5.515,4.987
1788221287.262243,1788221287.265402,3.159,3.225
1788221287.273402,1788221287.273402,0.000,0.122
1788221287.277539,1788221287.281538,3.999,4.057
1788221287.285829,1788221287.289830,4.001,3.641
1788221287.296103,1788221287.298103,2.000,1.365
1788221287.303715,1788221287.305923,2.208,1.670
1788221287.309924,1788221287.313923,4.000,3.230
1788221287.318935,1788221287.321934,3.000,2.614
1788221287.327459,1788221287.329469,2.010,1.762
1788221287.335635,1788221287.337632,1.997,1.637
1788221287.344160,1788221287.346173,2.012,1.698
1788221287.352364,1788221287.353368,1.003,1.383
1788221287.361554,1788221287.361554,0.000,0.337
1788221287.365831,1788221287.369838,4.007,3.968
1788221287.369838,1788221287.377371,7.533,7.733
1788221287.380370,1788221287.385890,5.520,4.826
1788221287.388891,1788221287.393988,5.096,4.660
1788221287.394988,1788221287.401216,6.228,6.028
1788221287.394988,1788221287.409430,14.442,14.039
1788221287.410346,1788221287.418036,7.690,7.024
1788221287.422094,1788221287.425667,3.573,3.867
1788221287.426764,1788221287.434192,7.428,6.654
1788221287.441522,1788221287.441522,0.000,0.376
1788221287.444519,1788221287.450125,5.606,5.317
1788221287.455739,1788221287.458314,2.575,1.842
1788221287.461192,1788221287.465698,4.506,4.751
1788221287.471857,1788221287.473853,1.997,2.030
1788221287.477376,1788221287.481493,4.117,4.506
1788221287.487051,1788221287.490153,3.102,2.947
1788221287.493185,1788221287.497581,4.396,4.285
1788221287.502597,1788221287.505636,3.039,3.187
1788221287.510162,1788221287.514241,4.078,3.178
1788221287.518974,1788221287.521886,2.911,2.797
1788221287.527986,1788221287.530509,2.524,2.306
1788221287.536122,1788221287.538129,2.007,1.778
1788221287.544651,1788221287.545651,1.000,1.394
1788221287.552437,1788221287.554449,2.012,1.863
1788221287.560889,1788221287.561896,1.007,1.100
1788221287.569413,1788221287.570426,1.013,0.967
1788221287.577413,1788221287.578430,1.017,0.772
1788221287.586021,1788221287.586021,0.000,0.160
1788221287.586021,1788221287.594234,8.213,8.172
1788221287.601943,1788221287.601943,0.000,0.086
1788221287.609007,1788221287.610024,1.017,0.869
1788221287.610024,1788221287.618090,8.066,7.432
1788221287.625118,1788221287.626126,1.009,0.608
1788221287.629271,1788221287.633794,4.523,5.104
1788221287.640308,1788221287.642315,2.007,2.075
1788221287.644328,1788221287.649837,5.509,5.162
1788221287.656041,1788221287.658562,2.521,1.505
1788221287.662299,1788221287.666313,4.013,3.973
1788221287.671826,1788221287.674357,2.531,2.738
1788221287.677356,1788221287.681876,4.520,5.178
1788221287.686884,1788221287.690677,3.793,3.273
1788221287.693692,1788221287.698693,5.000,4.102
1788221287.702226,1788221287.706550,4.324,3.769
1788221287.711055,1788221287.714142,3.087,3.122
1788221287.719070,1788221287.722791,3.721,3.284
1788221287.726697,1788221287.730071,3.373,2.654
1788221287.735585,1788221287.738585,3.000,2.336
1788221287.744335,1788221287.746432,2.097,2.155
1788221287.752100,1788221287.754760,2.660,1.966
1788221287.762296,1788221287.762296,0.000,0.051
1788221287.762296,1788221287.770299,8.003,8.095
1788221287.777349,1788221287.778354,1.005,0.738
1788221287.785872,1788221287.786864,0.993,0.430
1788221287.793900,1788221287.794907,1.008,0.856
1788221287.802012,1788221287.802012,0.000,0.280
1788221287.810569,1788221287.810569,0.000,0.188
1788221287.810569,1788221287.818851,8.282,8.197
1788221287.823387,1788221287.826386,2.999,2.808
1788221287.828378,1788221287.834788,6.409,6.535
1788221287.839304,1788221287.842900,3.595,3.251
1788221287.844922,1788221287.850909,5.987,5.676
1788221287.854251,1788221287.858344,4.093,3.916
1788221287.862785,1788221287.866793,4.008,3.286
1788221287.869796,1788221287.874474,4.678,4.636
1788221287.877473,1788221287.883081,5.608,5.095
1788221287.886096,1788221287.890095,3.998,4.865
1788221287.894211,1788221287.899210,4.999,4.805
1788221287.903830,1788221287.906940,3.110,2.279
1788221287.911845,1788221287.914363,2.518,2.960
1788221287.919002,1788221287.921993,2.991,3.875
1788221287.927570,1788221287.930574,3.005,3.289
1788221287.935603,1788221287.939129,3.526,2.481
1788221287.944638,1788221287.946638,2.000,2.098
1788221287.952101,1788221287.954644,2.543,1.989
1788221287.960784,1788221287.962791,2.007,2.022
1788221287.969979,1788221287.970978,0.998,0.333
1788221287.977519,1788221287.978520,1.001,1.585
1788221287.986045,1788221287.987036,0.991,0.198
1788221287.986045,1788221287.994729,8.684,8.250
1788221288.001901,1788221288.002913,1.012,0.434
1788221288.009600,1788221288.010599,0.999,1.267
1788221288.012111,1788221288.018574,6.463,6.609
1788221288.025387,1788221288.027389,2.002,1.439
1788221288.027389,1788221288.035058,7.670,6.985
1788221288.040972,1788221288.043038,2.066,1.995
1788221288.044106,1788221288.051105,6.999,6.730
1788221288.056136,1788221288.059143,3.007,2.555
1788221288.062638,1788221288.066643,4.004,4.322
1788221288.071480,1788221288.074977,3.497,3.623
1788221288.077147,1788221288.083356,6.208,5.584
1788221288.087078,1788221288.091506,4.428,3.812
1788221288.094282,1788221288.098845,4.563,5.050
1788221288.101844,1788221288.107369,5.526,5.043
1788221288.110371,1788221288.114946,4.575,4.728
1788221288.120945,1788221288.123075,2.129,1.994
1788221288.127272,1788221288.131271,3.999,3.526
1788221288.136765,1788221288.138772,2.007,2.058
1788221288.144800,1788221288.146804,2.004,2.538
1788221288.152358,1788221288.154877,2.519,2.598
1788221288.161023,1788221288.163030,2.007,2.166
1788221288.169535,1788221288.171558,2.024,1.802
1788221288.178070,1788221288.179070,0.999,0.970
1788221288.185579,1788221288.187128,1.549,0.804
1788221288.194281,1788221288.195487,1.206,0.488
1788221288.202025,1788221288.203032,1.007,1.043
1788221288.210763,1788221288.210763,0.000,0.402
1788221288.219100,1788221288.219100,0.000,0.385
1788221288.227206,1788221288.227206,0.000,0.022
1788221288.227206,1788221288.235202,7.996,8.032
1788221288.240251,1788221288.243251,3.000,3.165
1788221288.244251,1788221288.251278,7.027,7.278
1788221288.256403,1788221288.259676,3.273,3.072
1788221288.260675,1788221288.267806,7.131,6.075
1788221288.271807,1788221288.275806,3.998,3.409
1788221288.278338,1788221288.283328,4.989,5.369
1788221288.286329,1788221288.291855,5.527,4.957
1788221288.294851,1788221288.299354,4.503,4.157
1788221288.303356,1788221288.307671,4.314,4.464
1788221288.310796,1788221288.315796,5.000,4.894
1788221288.319971,1788221288.323478,3.508,3.047
1788221288.327986,1788221288.331989,4.003,3.805
1788221288.335991,1788221288.339364,3.373,3.648
1788221288.345366,1788221288.347373,2.006,1.945
1788221288.351515,1788221288.354538,3.023,3.373
1788221288.360591,1788221288.363591,3.000,3.287
1788221288.368591,1788221288.372003,3.412,2.475
1788221288.378518,1788221288.379523,1.005,0.922
1788221288.385521,1788221288.387522,2.001,1.789
1788221288.394028,1788221288.396037,2.009,1.176
1788221288.402725,1788221288.402725,0.000,0.243
1788221288.411539,1788221288.411539,0.000,0.171
1788221288.419040,1788221288.420049,1.008,0.864
1788221288.426558,1788221288.427557,0.999,0.455
1788221288.426558,1788221288.436019,9.461,8.466
1788221288.440557,1788221288.443570,3.013,2.429
1788221288.443570,1788221288.451389,7.819,7.491
1788221288.455123,1788221288.460168,5.045,4.162
1788221288.461691,1788221288.467684,5.993,5.862
1788221288.470668,1788221288.476095,5.427,4.626
1788221288.477185,1788221288.483911,6.726,5.841
1788221288.485818,1788221288.491514,5.697,5.686
1788221288.494549,1788221288.499602,5.052,5.135
1788221288.502216,1788221288.507416,5.200,5.060
1788221288.510415,1788221288.515763,5.348,4.845
1788221288.518846,1788221288.523828,4.982,4.794
1788221288.526830,1788221288.532341,5.511,4.837
1788221288.536870,1788221288.539877,3.006,3.430
1788221288.547396,1788221288.548396,1.000,0.174
1788221288.551406,1788221288.555914,4.508,3.577
1788221288.562927,1788221288.564344,1.418,0.892
1788221288.568350,1788221288.572341,3.992,3.077
1788221288.577625,1788221288.579617,1.992,2.376
1788221288.585158,1788221288.588150,2.992,2.241
1788221288.594225,1788221288.596231,2.006,1.375
1788221288.602221,1788221288.604360,2.139,1.993
1788221288.611482,1788221288.612451,0.969,0.524
1788221288.619134,1788221288.620166,1.033,0.760
1788221288.622625,1788221288.628684,6.059,5.307
1788221288.636083,1788221288.636083,0.000,0.101
1788221288.638088,1788221288.643306,5.218,5.881
1788221288.644809,1788221288.651813,7.004,6.945
1788221288.652814,1788221288.660404,7.590,6.710
1788221288.661037,1788221288.668114,7.077,7.388
1788221288.669107,1788221288.676630,7.523,6.998
1788221288.677622,1788221288.683849,6.227,6.658
1788221288.685354,1788221288.691863,6.509,6.554
1788221288.698502,1788221288.700502,2.000,1.648
1788221288.702510,1788221288.708546,6.037,5.532
1788221288.714539,1788221288.716043,1.503,1.978
1788221288.720054,1788221288.724057,4.003,4.249
1788221288.729646,1788221288.732111,2.465,2.165
1788221288.736625,1788221288.740572,3.947,2.861
1788221288.745100,1788221288.748492,3.392,2.898
1788221288.752540,1788221288.756669,4.129,4.057
1788221288.761679,1788221288.764684,3.005,2.319
1788221288.768753,1788221288.772753,4.000,3.220
1788221288.777264,1788221288.780269,3.005,2.781
1788221288.785260,1788221288.788788,3.528,2.767
1788221288.794060,1788221288.796069,2.009,2.063
1788221288.802369,1788221288.804887,2.518,1.732
1788221288.811393,1788221288.812400,1.007,1.082
1788221288.818918,1788221288.820921,2.003,1.237
1788221288.820921,1788221288.828560,7.639,6.858
1788221288.836634,1788221288.836634,0.000,0.048
1788221288.844220,1788221288.844220,0.000,0.137
1788221288.851735,1788221288.852727,0.992,0.889
1788221288.852727,1788221288.861063,8.336,7.778
1788221288.867227,1788221288.868743,1.516,1.612
1788221288.868743,1788221288.876763,8.021,7.546
1788221288.881288,1788221288.884288,3.000,2.911
1788221288.885280,1788221288.892309,7.029,6.904
1788221288.896320,1788221288.900837,4.517,4.222
1788221288.902837,1788221288.908887,6.050,5.645
1788221288.912049,1788221288.916580,4.531,4.323
1788221288.919084,1788221288.925091,6.006,5.320
1788221288.928091,1788221288.932436,4.345,4.389
1788221288.937438,1788221288.940955,3.517,3.068
1788221288.943952,1788221288.949478,5.526,4.787
1788221288.952485,1788221288.956989,4.504,4.789
1788221288.960729,1788221288.964714,3.986,4.499
1788221288.969080,1788221288.973274,4.194,4.090
1788221288.977324,1788221288.980817,3.493,3.793
1788221288.985813,1788221288.988821,3.008,3.347
1788221288.994339,1788221288.997339,3.000,2.613
1788221289.002861,1788221289.004373,1.512,2.601
1788221289.010446,1788221289.013462,3.016,2.614
1788221289.019454,1788221289.020966,1.512,1.777
1788221289.027493,1788221289.029490,1.996,1.617
1788221289.036012,1788221289.037022,1.009,0.948
1788221289.044549,1788221289.045542,0.993,0.578
1788221289.051546,1788221289.053697,2.151,1.048
1788221289.060233,1788221289.061747,1.514,0.749
1788221289.069271,1788221289.069271,0.000,0.049
1788221289.069271,1788221289.077788,8.518,8.061
1788221289.085315,1788221289.085315,0.000,0.030
1788221289.085315,1788221289.093474,8.159,7.936
1788221289.099599,1788221289.101593,1.995,1.911
1788221289.102595,1788221289.109255,6.660,7.095
1788221289.116323,1788221289.117324,1.001,1.430
1788221289.119323,1788221289.125621,6.299,6.140
1788221289.130629,1788221289.133135,2.505,2.488
1788221289.135149,1788221289.141150,6.001,5.837
1788221289.146669,1788221289.149214,2.545,2.639
1788221289.153214,1788221289.158014,4.801,3.832
1788221289.162015,1788221289.165542,3.527,3.410
1788221289.168541,1788221289.173544,5.003,4.497
1788221289.177669,1788221289.181672,4.003,3.683
1788221289.186196,1788221289.189233,3.037,3.155
1788221289.194745,1788221289.197275,2.530,3.026
1788221289.202777,1788221289.205937,3.160,2.323
1788221289.209937,1788221289.213929,3.992,3.047
1788221289.218683,1788221289.221691,3.008,2.571
1788221289.228218,1788221289.229210,0.992,1.507
1788221289.237441,1788221289.237441,0.000,0.071
1788221289.244432,1788221289.245955,1.523,1.562
1788221289.253489,1788221289.253489,0.000,0.117
1788221289.253489,1788221289.262062,8.573,8.159
1788221289.268585,1788221289.269578,0.993,0.595
1788221289.278101,1788221289.278101,0.000,0.022
1788221289.284146,1788221289.285154,1.008,1.216
1788221289.285154,1788221289.293360,8.206,7.746
1788221289.299875,1788221289.301875,2.000,1.731
1788221289.301875,1788221289.309405,7.530,7.594
1788221289.315927,1788221289.318170,2.243,1.888
1788221289.315927,1788221289.326221,10.294,9.899
1788221289.332213,1788221289.334211,1.998,1.448
1788221289.335226,1788221289.341124,5.899,6.186
1788221289.348544,1788221289.350411,1.866,1.411
1788221289.355631,1788221289.358221,2.589,2.472
1788221289.361234,1788221289.366200,4.966,4.638
1788221289.361234,1788221289.374197,12.964,12.641
1788221289.376720,1788221289.382174,5.454,4.436
1788221289.385495,1788221289.390019,4.524,4.025
1788221289.394540,1788221289.398062,3.522,3.068
1788221289.402069,1788221289.405582,3.513,3.430
1788221289.412800,1788221289.414304,1.504,1.209
1788221289.419839,1788221289.421847,2.008,2.425
1788221289.427373,1788221289.429890,2.518,2.703
1788221289.435514,1788221289.438423,2.908,1.998
1788221289.444090,1788221289.446073,1.982,1.804
1788221289.453305,1788221289.453305,0.000,0.623
1788221289.460300,1788221289.462293,1.993,1.122
1788221289.468554,1788221289.470118,1.563,0.586
1788221289.470118,1788221289.477478,7.360,7.671
1788221289.485436,1788221289.486428,0.992,0.434
1788221289.493957,1788221289.493957,0.000,0.293
1788221289.501997,1788221289.501997,0.000,0.391
1788221289.501997,1788221289.510070,8.073,8.420
1788221289.516367,1788221289.517766,1.399,1.627
1788221289.519776,1788221289.526471,6.695,5.633
1788221289.531479,1788221289.534161,2.682,2.422
1788221289.536849,1788221289.542217,5.368,4.542
1788221289.546903,1788221289.549898,2.995,3.219
1788221289.551815,1788221289.557728,5.913,5.849
1788221289.561810,1788221289.566483,4.673,4.371
1788221289.568553,1788221289.573495,4.942,5.382
1788221289.577509,1788221289.582523,5.014,4.642
1788221289.585035,1788221289.590129,5.094,4.621
1788221289.594136,1788221289.598759,4.624,3.914
1788221289.602724,1788221289.605938,3.214,3.643
1788221289.610981,1788221289.614631,3.650,3.617
1788221289.619738,1788221289.622734,2.996,2.565
1788221289.627573,1788221289.630585,3.011,2.406
1788221289.635097,1788221289.638102,3.005,2.659
1788221289.645409,1788221289.646418,1.009,1.252
1788221289.652418,1788221289.654418,2.000,1.716
1788221289.660471,1788221289.662470,1.999,1.256
1788221289.669010,1788221289.670001,0.991,0.845
1788221289.677970,1788221289.677970,0.000,0.609
1788221289.685017,1788221289.686899,1.881,0.172
1788221289.688008,1788221289.694020,6.012,6.795
1788221289.694020,1788221289.702820,8.801,7.601
1788221289.703824,1788221289.711101,7.277,6.759
1788221289.712181,1788221289.718796,6.615,6.339
1788221289.718796,1788221289.726795,7.999,7.525
1788221289.733110,1788221289.735109,1.999,0.652
1788221289.736160,1788221289.742561,6.402,6.433
1788221289.749068,1788221289.751068,2.000,1.513
1788221289.755069,1788221289.759145,4.076,3.819
1788221289.763134,1788221289.767133,3.999,3.548
1788221289.768662,1788221289.775154,6.492,5.160
1788221289.778665,1788221289.782665,3.999,4.086
1788221289.784672,1788221289.790716,6.044,4.957
1788221289.794759,1788221289.799068,4.309,4.288
1788221289.802072,1788221289.806669,4.597,4.349
1788221289.810370,1788221289.814805,4.434,4.209
1788221289.818324,1788221289.822331,4.007,3.823
1788221289.827365,1788221289.830885,3.519,3.350
1788221289.835419,1788221289.838945,3.526,2.705
1788221289.843943,1788221289.846943,3.000,2.616
1788221289.852593,1788221289.854593,2.000,1.985
1788221289.861114,1788221289.863120,2.006,1.785
1788221289.869640,1788221289.870646,1.007,1.293
1788221289.876647,1788221289.879177,2.530,1.126
1788221289.876647,1788221289.887174,10.527,9.137
1788221289.894222,1788221289.895231,1.009,0.907
1788221289.902284,1788221289.903285,1.001,0.103
1788221289.902284,1788221289.911031,8.747,8.119
1788221289.919024,1788221289.919024,0.000,0.024
1788221289.919024,1788221289.927354,8.330,8.032
1788221289.931797,1788221289.934785,2.988,2.844
1788221289.935786,1788221289.943292,7.506,6.774
1788221289.947300,1788221289.950814,3.514,3.300
1788221289.952825,1788221289.958317,5.492,6.367
1788221289.962844,1788221289.966799,3.955,3.889
1788221289.968847,1788221289.975164,6.317,6.075
1788221289.978165,1788221289.982702,4.538,4.801
1788221289.985702,1788221289.991223,5.522,4.657
1788221289.994220,1788221289.998739,4.519,5.064
1788221290.003294,1788221290.006818,3.524,3.922
1788221290.012095,1788221290.015522,3.427,2.982
1788221290.020877,1788221290.022891,2.014,2.209
1788221290.027320,1788221290.031438,4.117,3.592
1788221290.035449,1788221290.039448,4.000,3.212
1788221290.043979,1788221290.046975,2.996,2.904
1788221290.054510,1788221290.055501,0.991,0.329
1788221290.061160,1788221290.063330,2.171,1.871
1788221290.070267,1788221290.071267,1.000,0.712
1788221290.077783,1788221290.078782,1.000,1.224
1788221290.086304,1788221290.087297,0.992,0.831
1788221290.093833,1788221290.094840,1.007,1.308
1788221290.102545,1788221290.103645,1.101,0.580
1788221290.110303,1788221290.110303,0.000,0.194
1788221290.118824,1788221290.118824,0.000,0.043
1788221290.118824,1788221290.127351,8.527,8.053
1788221290.132346,1788221290.134873,2.527,2.907
1788221290.135873,1788221290.143017,7.144,6.786
1788221290.149019,1788221290.151017,1.997,2.223
1788221290.153202,1788221290.159709,6.507,6.284
1788221290.164237,1788221290.167236,2.999,2.955
1788221290.169236,1788221290.175648,6.412,6.347
1788221290.178709,1788221290.183273,4.565,4.601
1788221290.186285,1788221290.191446,5.161,4.930
1788221290.195210,1788221290.199363,4.153,4.450
1788221290.202885,1788221290.206926,4.041,4.707
1788221290.212482,1788221290.215501,3.019,2.924
1788221290.219295,1788221290.223799,4.504,4.254
1788221290.228434,1788221290.231877,3.444,2.919
1788221290.235991,1788221290.239825,3.833,3.280
1788221290.244568,1788221290.247750,3.182,2.775
1788221290.254822,1788221290.255907,1.086,0.924
1788221290.259742,1788221290.263258,3.516,2.688
1788221290.269315,1788221290.271319,2.004,2.073
1788221290.277382,1788221290.279385,2.003,1.944
1788221290.286066,1788221290.287688,1.622,1.654
1788221290.293476,1788221290.295632,2.156,1.322
1788221290.301646,1788221290.303645,1.999,1.296
1788221290.310687,1788221290.311696,1.009,0.566
1788221290.319319,1788221290.319903,0.584,0.541
1788221290.326903,1788221290.327904,1.001,0.069
1788221290.330906,1788221290.334957,4.051,4.392
1788221290.337586,1788221290.343581,5.995,6.138
1788221290.345981,1788221290.351988,6.007,5.007
1788221290.351988,1788221290.360039,8.050,7.125
1788221290.362037,1788221290.367560,5.523,5.318
1788221290.369072,1788221290.375607,6.535,5.983
1788221290.377611,1788221290.383168,5.557,5.415
1788221290.385179,1788221290.391769,6.590,5.730
1788221290.394770,1788221290.399833,5.064,5.180
1788221290.401833,1788221290.407874,6.041,5.215
1788221290.410879,1788221290.415901,5.022,4.303
1788221290.419410,1788221290.423411,4.001,4.378
1788221290.427773,1788221290.431312,3.539,3.740
1788221290.438855,1788221290.439865,1.010,0.736
1788221290.443855,1788221290.447382,3.527,3.798
1788221290.452381,1788221290.455380,2.999,3.090
1788221290.462415,1788221290.463416,1.001,1.677
1788221290.470248,1788221290.472232,1.984,1.401
1788221290.477747,1788221290.479747,2.000,2.169
1788221290.486748,1788221290.487807,1.059,1.325
1788221290.493793,1788221290.495791,1.998,1.421
1788221290.502312,1788221290.504312,1.999,1.247
1788221290.510903,1788221290.511905,1.002,0.411
1788221290.519426,1788221290.519426,0.000,0.507
1788221290.527946,1788221290.527946,0.000,0.090
1788221290.532944,1788221290.536036,3.092,2.794
1788221290.536036,1788221290.544042,8.006,7.438
1788221290.548168,1788221290.552168,4.000,3.326
1788221290.552168,1788221290.560112,7.945,7.336
1788221290.565103,1788221290.567439,2.337,3.104
1788221290.568567,1788221290.575567,7.000,6.874
1788221290.580005,1788221290.583527,3.522,3.527
1788221290.586034,1788221290.592038,6.004,5.588
1788221290.596554,1788221290.599558,3.004,3.546
1788221290.602558,1788221290.608098,5.540,5.654
1788221290.612102,1788221290.616613,4.511,4.117
1788221290.618622,1788221290.623630,5.008,5.126
1788221290.628221,1788221290.632251,4.030,4.415
1788221290.635753,1788221290.640756,5.003,4.200
1788221290.644760,1788221290.648037,3.277,3.270
1788221290.653040,1788221290.656551,3.511,3.431
1788221290.664356,1788221290.664356,0.000,0.046
1788221290.670038,1788221290.672037,1.999,2.476
1788221290.676053,1788221290.680448,4.395,3.273
1788221290.685956,1788221290.687966,2.010,1.691
1788221290.693966,1788221290.696469,2.503,2.115
1788221290.702481,1788221290.704473,1.992,1.543
1788221290.711262,1788221290.712407,1.145,1.105
1788221290.719061,1788221290.720069,1.008,1.387
1788221290.727600,1788221290.728651,1.051,0.504
1788221290.735590,1788221290.737078,1.488,0.253
1788221290.743837,1788221290.744837,1.000,0.439
1788221290.743837,1788221290.752361,8.524,8.450
1788221290.753360,1788221290.761153,7.793,7.005
1788221290.761153,1788221290.769193,8.040,7.676
1788221290.770206,1788221290.777208,7.001,6.829
1788221290.783834,1788221290.784916,1.081,0.848
1788221290.783834,1788221290.792358,8.524,8.874
1788221290.800870,1788221290.800870,0.000,0.034
1788221290.803872,1788221290.808905,5.033,5.003
1788221290.816417,1788221290.816417,0.000,0.671
1788221290.818923,1788221290.824934,6.011,5.721
1788221290.831648,1788221290.832781,1.133,1.416
1788221290.835770,1788221290.840707,4.937,5.028
1788221290.846210,1788221290.849213,3.003,2.331
1788221290.852214,1788221290.856741,4.527,4.271
1788221290.861856,1788221290.864855,2.999,2.613
1788221290.869362,1788221290.873369,4.007,3.368
1788221290.877880,1788221290.880881,3.001,2.981
1788221290.886398,1788221290.889394,2.996,1.946
1788221290.893394,1788221290.896929,3.535,3.137
1788221290.902923,1788221290.904919,1.996,1.853
1788221290.910739,1788221290.912738,1.998,2.227
1788221290.919246,1788221290.921245,1.999,1.812
1788221290.926768,1788221290.928775,2.007,1.709
1788221290.935763,1788221290.936765,1.002,0.761
1788221290.943785,1788221290.944786,1.001,0.600
1788221290.952293,1788221290.953297,1.004,0.616
1788221290.954304,1788221290.961440,7.137,6.701
1788221290.961440,1788221290.969075,7.635,7.613
1788221290.970075,1788221290.977116,7.041,6.728
1788221290.977116,1788221290.985518,8.402,6.961
1788221290.987014,1788221290.993022,6.008,6.437
1788221290.995019,1788221291.001311,6.293,5.901
1788221291.002513,1788221291.009597,7.084,6.587
1788221291.011599,1788221291.017606,6.007,5.745
1788221291.018738,1788221291.025254,6.515,6.077
1788221291.027254,1788221291.033621,6.367,5.623
1788221291.035621,1788221291.040714,5.092,5.601
1788221291.047714,1788221291.048828,1.114,0.987
1788221291.051835,1788221291.056827,4.992,4.814
1788221291.062883,1788221291.065314,2.431,1.875
1788221291.069332,1788221291.073345,4.013,3.727
1788221291.078339,1788221291.081506,3.166,2.351
1788221291.086507,1788221291.089016,2.509,2.943
1788221291.094018,1788221291.097025,3.007,3.231
1788221291.102539,1788221291.105546,3.007,2.182
1788221291.111048,1788221291.113054,2.005,1.933
1788221291.119554,1788221291.121567,2.013,1.716
1788221291.127559,1788221291.129077,1.518,1.276
1788221291.136086,1788221291.137088,1.001,1.099
1788221291.143605,1788221291.145614,2.009,1.318
1788221291.152699,1788221291.153707,1.008,0.775
1788221291.161322,1788221291.161322,0.000,0.213
1788221291.168329,1788221291.169835,1.505,0.026
1788221291.169835,1788221291.177839,8.004,7.337
1788221291.185355,1788221291.185355,0.000,0.039
1788221291.185355,1788221291.193601,8.246,7.474
1788221291.200817,1788221291.200817,0.000,0.421
1788221291.202573,1788221291.209979,7.406,6.923
1788221291.215488,1788221291.217998,2.510,1.935
1788221291.218997,1788221291.226166,7.169,6.469
1788221291.230676,1788221291.234193,3.517,2.913
1788221291.235886,1788221291.242173,6.287,5.809
1788221291.246172,1788221291.250172,4.000,3.193
1788221291.251182,1788221291.257903,6.721,5.509
1788221291.261527,1788221291.265532,4.005,3.861
1788221291.269540,1788221291.274066,4.526,4.234
1788221291.277056,1788221291.282056,5.000,4.180
1788221291.285572,1788221291.289581,4.009,3.557
1788221291.294100,1788221291.298119,4.019,3.774
1788221291.302630,1788221291.305840,3.210,3.079
1788221291.309899,1788221291.314425,4.526,3.285
1788221291.319412,1788221291.321412,2.000,2.159
1788221291.327934,1788221291.329935,2.001,2.092
1788221291.336453,1788221291.337460,1.007,1.340
1788221291.343984,1788221291.345983,1.999,1.984
1788221291.351465,1788221291.353974,2.509,1.471
1788221291.361210,1788221291.362207,0.997,0.816
1788221291.367713,1788221291.370221,2.507,1.104
1788221291.377709,1788221291.377709,0.000,0.046
1788221291.385765,1788221291.385765,0.000,0.091
1788221291.385765,1788221291.394268,8.503,7.698
1788221291.401690,1788221291.401690,0.000,0.551
1788221291.401690,1788221291.410257,8.567,7.626
1788221291.416785,1788221291.417787,1.002,0.701
1788221291.418785,1788221291.426437,7.652,6.807
1788221291.432428,1788221291.434086,1.657,1.356
1788221291.435599,1788221291.441722,6.123,6.013
1788221291.447258,1788221291.450435,3.177,2.475
1788221291.452428,1788221291.458461,6.033,5.630
1788221291.463466,1788221291.466519,3.053,2.017
1788221291.469518,1788221291.473516,3.999,4.653
1788221291.478038,1788221291.482046,4.009,3.955
1788221291.486071,1788221291.490075,4.004,3.934
1788221291.494075,1788221291.498092,4.016,3.659
1788221291.503093,1788221291.506099,3.006,2.708
1788221291.512139,1788221291.514139,2.000,1.675
1788221291.519650,1788221291.521658,2.008,2.392
1788221291.527987,1788221291.529990,2.003,2.122
1788221291.537513,1788221291.538529,1.016,0.713
1788221291.544634,1788221291.546145,1.512,1.806
1788221291.552153,1788221291.554161,2.008,1.746
1788221291.561747,1788221291.561747,0.000,0.430
1788221291.568275,1788221291.570288,2.013,1.332
1788221291.577795,1788221291.577795,0.000,0.575
1788221291.585794,1788221291.585794,0.000,0.256
1788221291.593868,1788221291.593868,0.000,0.157
1788221291.600697,1788221291.601696,1.000,0.751
1788221291.602695,1788221291.609749,7.054,7.707
1788221291.616791,1788221291.617797,1.007,1.047
1788221291.618806,1788221291.626320,7.514,7.228
1788221291.631836,1788221291.634623,2.787,2.060
1788221291.636128,1788221291.642650,6.522,6.014
1788221291.647187,1788221291.650179,2.992,2.524
1788221291.652189,1788221291.658689,6.500,5.473
1788221291.662633,1788221291.666145,3.513,2.951
1788221291.669149,1788221291.674157,5.008,4.819
1788221291.677679,1788221291.682685,5.006,3.999
1788221291.687215,1788221291.690218,3.003,2.875
1788221291.693726,1788221291.698249,4.522,4.226
1788221291.702248,1788221291.706249,4.001,3.854
1788221291.711217,1788221291.714453,3.236,2.694
1788221291.719980,1788221291.721976,1.997,2.515
1788221291.727493,1788221291.730688,3.195,2.956
1788221291.735692,1788221291.738221,2.529,2.553
1788221291.746216,1788221291.746216,0.000,0.040
1788221291.751739,1788221291.754730,2.992,2.150
1788221291.760273,1788221291.762273,2.000,1.500
1788221291.769808,1788221291.770807,0.999,0.533
1788221291.776804,1788221291.778309,1.506,0.986
1788221291.785321,1788221291.786313,0.992,0.642
1788221291.793843,1788221291.794834,0.991,0.210
1788221291.802070,1788221291.802070,0.000,0.020
1788221291.802070,1788221291.810698,8.628,8.027
1788221291.816790,1788221291.817698,0.908,1.159
1788221291.819203,1788221291.826314,7.112,7.425
1788221291.832588,1788221291.834631,2.043,1.514
1788221291.835661,1788221291.842569,6.907,6.751
1788221291.847572,1788221291.850484,2.912,2.704
1788221291.853486,1788221291.858491,5.005,4.592
1788221291.863734,1788221291.866736,3.002,2.852
1788221291.869239,1788221291.874242,5.003,5.155
1788221291.878755,1788221291.882769,4.014,3.330
1788221291.886762,1788221291.890283,3.520,4.102
1788221291.895283,1788221291.898286,3.003,3.623
1788221291.902802,1788221291.906808,4.006,3.657
1788221291.910850,1788221291.914850,3.999,3.747
1788221291.919378,1788221291.922903,3.525,2.821
1788221291.927908,1788221291.930419,2.511,2.959
1788221291.936427,1788221291.938427,2.000,1.739
1788221291.944449,1788221291.946456,2.007,1.625
1788221291.952990,1788221291.954977,1.987,1.352
1788221291.961042,1788221291.963035,1.992,1.667
1788221291.970265,1788221291.970265,0.000,0.206
1788221291.977924,1788221291.978916,0.992,0.915
1788221291.977924,1788221291.986429,8.506,8.921
1788221291.993958,1788221291.994951,0.993,0.113
1788221292.002012,1788221292.003004,0.992,0.525
1788221292.010720,1788221292.011223,0.503,0.019
1788221292.010720,1788221292.019226,8.506,8.051
1788221292.019226,1788221292.026762,7.536,7.181
1788221292.027755,1788221292.034802,7.046,6.858
1788221292.035796,1788221292.043405,7.609,6.967
1788221292.044398,1788221292.050404,6.006,6.324
1788221292.052922,1788221292.059276,6.354,5.615
1788221292.066790,1788221292.067401,0.611,0.418
1788221292.069429,1788221292.074955,5.526,5.711
1788221292.081964,1788221292.083471,1.507,1.003
1788221292.085479,1788221292.091482,6.003,5.226
1788221292.095996,1788221292.098996,3.000,2.431
1788221292.102502,1788221292.106514,4.011,4.565
1788221292.112920,1788221292.115429,2.509,1.930
1788221292.119432,1788221292.122942,3.510,3.830
1788221292.127951,1788221292.130950,2.999,3.222
1788221292.136477,1788221292.138979,2.502,2.691
1788221292.144505,1788221292.147508,3.002,2.135
1788221292.152508,1788221292.155578,3.070,1.899
1788221292.160584,1788221292.162597,2.012,1.846
1788221292.169405,1788221292.171412,2.007,1.159
1788221292.178924,1788221292.178924,0.000,0.267
1788221292.186444,1788221292.187444,1.000,0.661
1788221292.193450,1788221292.194955,1.505,1.109
1788221292.202959,1788221292.202959,0.000,0.409
1788221292.210680,1788221292.211695,1.015,0.157
1788221292.210680,1788221292.219227,8.547,8.174
1788221292.220559,1788221292.227592,7.033,6.868
1788221292.234592,1788221292.234592,0.000,0.409
1788221292.237112,1788221292.243367,6.256,6.203
1788221292.249923,1788221292.250921,0.998,0.863
1788221292.251922,1788221292.258558,6.636,6.679
1788221292.266136,1788221292.267674,1.538,0.834
1788221292.269690,1788221292.275680,5.990,5.313
1788221292.282228,1788221292.283226,0.998,0.922
1788221292.282228,1788221292.291764,9.536,8.954
1788221292.298295,1788221292.299298,1.003,0.897
1788221292.302289,1788221292.307343,5.053,5.175
1788221292.313455,1788221292.315472,2.017,1.701
1788221292.318998,1788221292.323515,4.517,3.843
1788221292.329061,1788221292.331080,2.018,1.954
1788221292.336068,1788221292.339602,3.533,3.006
1788221292.344592,1788221292.347597,3.005,2.475
1788221292.352128,1788221292.356122,3.994,3.158
1788221292.360756,1788221292.363955,3.199,2.372
1788221292.370021,1788221292.371015,0.994,0.712
1788221292.377538,1788221292.379737,2.199,2.018
1788221292.385258,1788221292.387269,2.011,1.606
1788221292.393809,1788221292.395812,2.003,1.697
1788221292.402684,1788221292.403726,1.042,0.863
1788221292.411134,1788221292.411134,0.000,0.366
1788221292.412158,1788221292.419802,7.644,7.582
1788221292.427432,1788221292.428043,0.611,0.133
1788221292.427432,1788221292.436014,8.582,7.862
1788221292.436745,1788221292.444038,7.293,7.084
1788221292.451548,1788221292.451548,0.000,0.027
1788221292.452542,1788221292.460077,7.536,7.388
1788221292.467146,1788221292.468193,1.048,0.283
1788221292.468793,1788221292.475924,7.132,6.246
1788221292.482697,1788221292.483579,0.882,0.838
1788221292.488402,1788221292.491609,3.207,3.539
1788221292.498241,1788221292.498914,0.673,1.423
1788221292.502484,1788221292.507587,5.103,5.425
1788221292.514319,1788221292.515768,1.449,1.388
1788221292.519783,1788221292.524312,4.529,3.905
1788221292.531139,1788221292.531843,0.704,0.660
1788221292.535867,1788221292.539410,3.542,3.755
1788221292.546041,1788221292.548049,2.008,1.540
1788221292.552619,1788221292.555723,3.104,3.466
1788221292.561757,1788221292.563560,1.803,2.034
1788221292.569581,1788221292.572213,2.633,2.127
1788221292.577798,1788221292.579745,1.947,2.434
1788221292.586266,1788221292.588264,1.998,1.564
1788221292.594800,1788221292.595800,1.000,0.911
1788221292.602318,1788221292.603832,1.514,1.405
1788221292.611311,1788221292.612334,1.023,0.091
1788221292.612334,1788221292.619983,7.649,7.651
1788221292.627574,1788221292.628582,1.008,0.565
1788221292.627574,1788221292.635622,8.048,8.570
1788221292.639620,1788221292.644097,4.477,3.945
1788221292.644097,1788221292.652107,8.011,7.567
1788221292.654629,1788221292.660182,5.553,5.018
1788221292.661177,1788221292.668256,7.079,6.936
1788221292.670729,1788221292.675805,5.076,5.646
1788221292.677798,1788221292.683805,6.007,6.015
1788221292.686316,1788221292.692333,6.017,5.580
1788221292.694834,1788221292.699840,5.007,5.429
1788221292.701852,1788221292.707929,6.078,5.793
1788221292.709930,1788221292.715998,6.068,5.115
1788221292.718994,1788221292.724007,5.013,4.700
1788221292.727521,1788221292.732520,5.000,4.125
1788221292.737076,1788221292.740081,3.005,2.612
1788221292.747903,1788221292.747903,0.000,0.076
1788221292.752918,1788221292.756664,3.746,2.445
1788221292.763359,1788221292.764363,1.004,0.608
1788221292.768888,1788221292.771888,3.000,3.070
1788221292.778073,1788221292.780063,1.990,2.044
1788221292.786138,1788221292.788603,2.465,1.660
1788221292.793600,1788221292.796692,3.093,2.246
1788221292.802232,1788221292.804338,2.106,1.583
1788221292.809965,1788221292.811480,1.515,1.295
1788221292.819816,1788221292.819816,0.000,0.080
1788221292.826823,1788221292.828341,1.518,0.686
1788221292.835590,1788221292.836589,0.999,0.109
1788221292.839242,1788221292.844653,5.411,4.789
1788221292.844653,1788221292.852017,7.364,6.833
1788221292.853909,1788221292.860683,6.775,5.996
1788221292.861327,1788221292.868884,7.556,7.475
1788221292.869899,1788221292.877001,7.102,6.785
1788221292.884459,1788221292.884459,0.000,0.253
1788221292.885458,1788221292.892169,6.711,6.917
1788221292.900800,1788221292.900800,0.000,0.010
1788221292.902354,1788221292.908367,6.013,5.810
1788221292.914599,1788221292.916638,2.039,1.863
1788221292.918535,1788221292.925054,6.519,5.553
1788221292.929655,1788221292.933190,3.535,2.851
1788221292.937204,1788221292.940966,3.762,3.474
1788221292.945570,1788221292.949111,3.541,2.954
1788221292.952646,1788221292.956645,3.999,4.172
1788221292.960165,1788221292.965050,4.884,3.962
1788221292.960165,1788221292.972796,12.630,11.975
1788221292.977894,1788221292.980422,2.527,2.936
1788221292.985524,1788221292.988520,2.996,2.709
1788221292.994114,1788221292.997117,3.003,2.260
1788221293.002649,1788221293.004648,1.999,2.456
1788221293.009945,1788221293.013019,3.074,2.227
1788221293.019042,1788221293.021048,2.006,1.739
1788221293.027582,1788221293.028588,1.006,1.122
1788221293.036114,1788221293.037115,1.001,0.341
1788221293.045037,1788221293.045037,0.000,0.120
1788221293.052487,1788221293.053511,1.025,0.775
1788221293.052487,1788221293.061548,9.061,8.787
1788221293.067406,1788221293.069402,1.996,1.469
1788221293.069402,1788221293.076935,7.534,7.759
1788221293.082584,1788221293.085121,2.537,2.172
1788221293.086106,1788221293.093111,7.005,7.079
1788221293.098149,1788221293.101142,2.993,2.627
1788221293.102481,1788221293.109014,6.533,6.372
1788221293.113547,1788221293.117083,3.536,3.297
1788221293.120073,1788221293.125589,5.516,4.384
1788221293.128845,1788221293.132842,3.997,4.145
1788221293.134851,1788221293.140484,5.633,5.712
1788221293.144281,1788221293.149210,4.930,4.522
1788221293.153207,1788221293.156797,3.591,3.570
1788221293.160820,1788221293.165190,4.370,3.174
1788221293.169521,1788221293.173582,4.061,3.062
1788221293.177520,1788221293.180875,3.354,3.693
1788221293.185751,1788221293.189501,3.749,3.311
1788221293.194507,1788221293.196417,1.909,2.576
1788221293.202079,1788221293.205630,3.551,2.854
1788221293.210217,1788221293.212941,2.724,1.922
1788221293.219503,1788221293.221406,1.903,1.889
1788221293.227436,1788221293.228955,1.519,1.504
1788221293.236776,1788221293.237287,0.510,0.449
1788221293.236776,1788221293.245794,9.017,8.461
1788221293.252386,1788221293.253554,1.168,1.294
1788221293.252386,1788221293.261417,9.031,9.322
1788221293.268455,1788221293.269692,1.238,0.295
1788221293.277719,1788221293.277719,0.000,0.019
1788221293.281221,1788221293.285358,4.137,3.782
1788221293.286364,1788221293.293900,7.536,7.281
1788221293.296286,1788221293.301344,5.058,4.788
1788221293.302367,1788221293.309387,7.020,7.078
1788221293.311907,1788221293.317931,6.024,5.219
1788221293.318923,1788221293.324983,6.059,6.047
1788221293.328530,1788221293.333083,4.553,4.538
1788221293.336075,1788221293.341586,5.511,5.270
1788221293.343606,1788221293.349064,5.458,5.133
1788221293.352791,1788221293.357853,5.062,4.932
1788221293.361158,1788221293.365440,4.283,4.564
1788221293.370462,1788221293.373195,2.734,2.806
1788221293.377189,1788221293.381196,4.007,4.186
1788221293.388849,1788221293.389796,0.947,0.442
1788221293.393499,1788221293.397503,4.004,3.634
1788221293.404563,1788221293.405563,1.000,1.238
1788221293.411146,1788221293.413831,2.684,2.814
1788221293.419755,1788221293.421743,1.987,1.359
1788221293.427506,1788221293.429399,1.894,2.337
1788221293.436393,1788221293.437500,1.107,1.344
1788221293.444247,1788221293.445249,1.003,1.412
1788221293.450896,1788221293.453652,2.756,2.379
1788221293.460730,1788221293.461743,1.014,0.830
1788221293.469012,1788221293.469940,0.928,0.283
1788221293.477567,1788221293.478162,0.595,0.166
1788221293.482249,1788221293.485783,3.534,3.273
1788221293.485783,1788221293.493785,8.002,7.808
1788221293.497326,1788221293.501323,3.997,3.937
1788221293.502325,1788221293.509866,7.542,6.896
1788221293.513407,1788221293.517654,4.248,4.578
1788221293.519532,1788221293.525909,6.377,6.477
1788221293.527435,1788221293.533455,6.021,6.191
1788221293.536035,1788221293.541571,5.536,5.501
1788221293.543638,1788221293.550249,6.611,6.125
1788221293.552251,1788221293.557892,5.641,5.691
1788221293.560791,1788221293.566308,5.517,5.264
1788221293.569332,1788221293.573395,4.063,4.578
1788221293.576991,1788221293.582097,5.106,4.342
1788221293.585995,1788221293.589528,3.533,4.046
1788221293.594529,1788221293.598069,3.540,3.462
1788221293.604503,1788221293.605494,0.991,1.019
1788221293.610042,1788221293.613583,3.541,3.252
1788221293.619111,1788221293.622113,3.002,2.685
1788221293.627165,1788221293.630171,3.006,2.259
1788221293.637033,1788221293.637540,0.507,1.135
1788221293.644554,1788221293.646061,1.508,1.407
1788221293.653061,1788221293.654067,1.006,0.670
1788221293.660612,1788221293.661609,0.997,1.069
1788221293.669076,1788221293.670075,1.000,0.675
1788221293.677617,1788221293.677617,0.000,0.047
1788221293.682625,1788221293.685617,2.993,3.342
1788221293.693156,1788221293.694157,1.001,0.254
1788221293.697664,1788221293.702327,4.663,4.554
1788221293.702327,1788221293.710104,7.777,7.381
1788221293.713207,1788221293.718278,5.070,4.725
1788221293.719276,1788221293.726340,7.064,7.098
1788221293.728803,1788221293.733801,4.998,4.829
1788221293.738549,1788221293.742546,3.997,2.991
1788221293.744552,1788221293.750485,5.934,5.011
1788221293.753145,1788221293.757768,4.623,4.868
1788221293.760784,1788221293.766351,5.567,4.648
1788221293.768948,1788221293.774049,5.100,4.544
1788221293.777456,1788221293.782550,5.094,4.519
1788221293.786543,1788221293.790087,3.545,3.848
1788221293.795352,1788221293.797353,2.001,2.924
1788221293.804952,1788221293.805894,0.942,0.642
1788221293.810429,1788221293.813967,3.538,3.697
1788221293.821028,1788221293.822033,1.006,1.010
1788221293.827018,1788221293.830490,3.472,2.538
1788221293.836485,1788221293.838494,2.009,1.555
1788221293.844019,1788221293.846022,2.002,1.846
1788221293.852331,1788221293.854360,2.029,1.119
1788221293.860893,1788221293.862403,1.510,1.473
1788221293.869316,1788221293.870332,1.017,1.183
1788221293.877333,1788221293.878328,0.994,0.223
1788221293.885864,1788221293.885864,0.000,0.507
1788221293.893490,1788221293.894535,1.045,0.155
1788221293.900024,1788221293.902152,2.128,2.219
1788221293.903047,1788221293.910558,7.510,7.311
1788221293.915636,1788221293.918658,3.022,2.172
1788221293.918658,1788221293.926224,7.565,7.125
1788221293.932728,1788221293.934732,2.004,1.678
1788221293.935727,1788221293.942255,6.528,6.242
1788221293.947319,1788221293.950518,3.199,2.380
1788221293.952048,1788221293.958047,5.999,6.118
1788221293.962599,1788221293.966572,3.973,3.539
1788221293.968112,1788221293.973661,5.549,5.363
1788221293.978719,1788221293.982864,4.145,3.827
1788221293.985861,1788221293.990373,4.512,4.568
1788221293.994507,1788221293.998531,4.024,4.244
1788221294.002067,1788221294.006164,4.097,3.681
1788221294.014122,1788221294.014122,0.000,0.131
1788221294.018747,1788221294.022430,3.683,3.510
1788221294.027479,1788221294.030396,2.917,3.320
1788221294.036085,1788221294.038042,1.957,2.699
1788221294.043619,1788221294.046686,3.067,2.559
1788221294.053829,1788221294.053829,0.000,0.307
1788221294.061144,1788221294.062684,1.540,1.466
1788221294.069221,1788221294.070214,0.992,0.699
1788221294.077501,1788221294.078519,1.018,1.319
1788221294.085883,1788221294.087001,1.118,0.854
1788221294.093443,1788221294.094478,1.034,0.610
1788221294.102489,1788221294.102995,0.506,0.185
1788221294.102489,1788221294.111007,8.518,7.908
1788221294.115258,1788221294.118697,3.439,3.009
1788221294.118697,1788221294.126293,7.596,7.288
1788221294.131290,1788221294.134094,2.804,3.560
1788221294.135114,1788221294.143106,7.992,7.090
1788221294.145756,1788221294.151128,5.373,4.876
1788221294.152030,1788221294.158566,6.536,6.185
1788221294.162558,1788221294.166750,4.192,4.450
1788221294.168773,1788221294.174287,5.514,5.762
1788221294.177853,1788221294.182959,5.105,4.801
1788221294.185441,1788221294.190440,4.999,4.777
1788221294.194443,1788221294.198969,4.525,4.418
1788221294.201971,1788221294.206497,4.526,4.734
1788221294.210496,1788221294.215134,4.638,4.063
1788221294.219386,1788221294.223059,3.673,3.744
1788221294.226592,1788221294.230595,4.003,3.671
1788221294.238240,1788221294.239240,1.000,0.299
1788221294.244241,1788221294.246781,2.539,2.420
1788221294.253359,1788221294.255163,1.804,1.318
1788221294.260728,1788221294.263280,2.553,2.269
1788221294.268595,1788221294.271270,2.674,1.709
1788221294.277393,1788221294.278960,1.567,1.549
1788221294.286042,1788221294.287106,1.063,1.180
1788221294.294063,1788221294.295070,1.007,1.245
1788221294.302593,1788221294.302593,0.000,0.539
1788221294.310243,1788221294.311255,1.012,0.427
1788221294.318898,1788221294.318898,0.000,0.043
1788221294.326682,1788221294.326682,0.000,0.067
1788221294.329695,1788221294.334698,5.003,5.162
1788221294.338233,1788221294.343338,5.105,3.957
1788221294.345235,1788221294.351142,5.907,5.622
1788221294.352242,1788221294.359562,7.320,7.115
1788221294.360586,1788221294.367630,7.045,6.418
1788221294.369138,1788221294.375155,6.017,6.156
1788221294.377703,1788221294.383702,5.999,5.478
1788221294.385697,1788221294.390836,5.138,4.995
1788221294.397361,1788221294.399380,2.020,1.818
1788221294.407424,1788221294.407424,0.000,0.014
1788221294.412239,1788221294.415781,3.541,3.089
1788221294.422318,1788221294.423313,0.995,0.727
1788221294.427317,1788221294.430904,3.587,3.470
1788221294.438366,1788221294.439001,0.634,0.971
1788221294.444523,1788221294.447648,3.124,2.181
1788221294.453900,1788221294.455444,1.544,1.343
1788221294.461520,1788221294.463618,2.098,1.414
