t_capture,t_command,latency_ms,signal_age_ms
1788221504.159909,1788221504.159909,0.000,0.045
1788221504.161413,1788221504.168421,7.007,6.665
1788221504.174944,1788221504.176951,2.007,1.408
1788221504.177951,1788221504.185024,7.074,6.122
1788221504.191027,1788221504.192519,1.492,1.794
1788221504.194530,1788221504.200530,6.001,5.788
1788221504.205680,1788221504.208683,3.003,2.656
1788221504.210680,1788221504.216217,5.537,5.356
1788221504.221220,1788221504.224691,3.471,3.189
1788221504.229188,1788221504.232706,3.518,3.597
1788221504.237083,1788221504.241090,4.007,3.521
1788221504.244603,1788221504.248743,4.140,3.869
1788221504.251744,1788221504.256260,4.517,4.084
1788221504.261260,1788221504.264771,3.511,3.130
1788221504.265774,1788221504.271779,6.005,6.714
1788221504.278299,1788221504.280820,2.521,2.314
1788221504.286358,1788221504.288448,2.090,2.211
1788221504.295846,1788221504.296847,1.001,0.727
1788221504.302846,1788221504.304851,2.005,1.757
1788221504.311857,1788221504.312855,0.998,0.784
1788221504.320349,1788221504.320349,0.000,0.084
1788221504.328519,1788221504.328519,0.000,0.172
1788221504.336163,1788221504.337158,0.995,0.186
1788221504.340357,1788221504.344670,4.313,4.085
1788221504.345680,1788221504.353041,7.361,6.998
1788221504.355552,1788221504.361217,5.665,4.619
1788221504.361217,1788221504.368751,7.534,7.428
1788221504.370744,1788221504.377277,6.533,5.877
1788221504.378277,1788221504.385300,7.023,6.458
1788221504.389311,1788221504.393311,4.000,3.709
1788221504.394814,1788221504.400817,6.003,6.266
1788221504.402908,1788221504.408843,5.934,5.895
1788221504.411846,1788221504.417257,5.411,5.054
1788221504.419265,1788221504.425256,5.991,5.161
1788221504.428573,1788221504.433083,4.510,4.387
1788221504.436212,1788221504.441214,5.002,4.520
1788221504.448232,1788221504.449236,1.003,0.393
1788221504.452237,1788221504.456745,4.508,4.249
1788221504.464266,1788221504.465265,0.999,0.515
1788221504.469445,1788221504.473445,4.000,2.844
1788221504.479686,1788221504.481193,1.507,1.096
1788221504.486197,1788221504.489363,3.166,2.539
1788221504.495365,1788221504.496886,1.521,1.856
1788221504.502894,1788221504.504893,1.998,1.525
1788221504.511175,1788221504.513174,1.999,1.311
1788221504.519696,1788221504.520691,0.995,0.774
1788221504.528229,1788221504.529228,0.999,0.799
1788221504.536743,1788221504.537245,0.502,0.503
1788221504.545147,1788221504.545147,0.000,0.103
1788221504.545147,1788221504.553107,7.960,8.111
1788221504.556647,1788221504.561474,4.827,4.303
1788221504.561474,1788221504.569109,7.635,7.395
1788221504.572109,1788221504.577278,5.168,4.609
1788221504.579539,1788221504.585329,5.790,5.367
1788221504.588358,1788221504.593225,4.867,4.798
1788221504.594731,1788221504.601500,6.768,6.182
1788221504.603349,1788221504.609494,6.145,5.810
1788221504.611496,1788221504.616495,4.999,5.683
1788221504.620006,1788221504.625001,4.994,4.802
1788221504.628317,1788221504.633433,5.116,5.207
1788221504.636946,1788221504.641471,4.525,3.654
1788221504.644472,1788221504.648993,4.522,4.345
1788221504.654277,1788221504.657278,3.001,2.876
1788221504.664035,1788221504.665032,0.996,0.769
1788221504.670079,1788221504.673078,2.999,3.324
1788221504.680378,1788221504.681369,0.991,0.745
1788221504.685926,1788221504.689429,3.503,2.815
1788221504.696432,1788221504.697444,1.012,0.820
1788221504.702950,1788221504.704954,2.004,1.985
1788221504.711481,1788221504.713480,1.999,1.488
1788221504.719990,1788221504.720993,1.003,1.256
1788221504.727993,1788221504.729002,1.009,0.644
1788221504.736589,1788221504.737590,1.001,0.445
1788221504.744107,1788221504.745107,1.000,0.622
1788221504.752493,1788221504.753492,0.999,0.169
1788221504.757501,1788221504.761688,4.186,3.773
1788221504.761688,1788221504.769685,7.998,7.060
1788221504.773131,1788221504.777129,3.999,4.234
1788221504.778130,1788221504.785819,7.689,6.821
1788221504.787827,1788221504.793056,5.230,5.171
1788221504.795058,1788221504.801080,6.022,6.328
1788221504.804591,1788221504.809592,5.001,5.115
1788221504.811591,1788221504.817654,6.064,5.876
1788221504.819659,1788221504.825187,5.528,5.330
1788221504.828187,1788221504.833783,5.595,4.585
1788221504.836983,1788221504.841485,4.502,4.451
1788221504.845490,1788221504.849254,3.764,4.025
1788221504.852762,1788221504.857760,4.999,4.724
1788221504.862265,1788221504.865268,3.003,3.498
1788221504.869269,1788221504.873455,4.186,3.707
1788221504.878451,1788221504.881953,3.503,3.413
1788221504.886464,1788221504.889462,2.998,3.005
1788221504.895491,1788221504.897840,2.349,2.098
1788221504.902356,1788221504.905519,3.163,2.589
1788221504.913026,1788221504.914037,1.011,0.427
1788221504.920037,1788221504.921036,1.000,1.770
1788221504.928565,1788221504.929578,1.012,0.808
1788221504.937133,1788221504.938131,0.998,0.507
1788221504.944649,1788221504.945650,1.001,0.691
1788221504.953158,1788221504.953661,0.503,0.538
1788221504.958664,1788221504.961666,3.002,2.861
1788221504.969173,1788221504.970173,1.000,0.101
1788221504.974694,1788221504.977692,2.997,2.939
1788221504.978695,1788221504.985399,6.704,6.938
1788221504.991411,1788221504.993905,2.494,2.164
1788221504.997908,1788221505.001909,4.001,3.246
1788221505.004425,1788221505.009608,5.183,5.073
1788221505.015807,1788221505.017806,1.999,1.771
1788221505.019808,1788221505.025511,5.703,5.768
1788221505.028018,1788221505.034035,6.017,5.415
1788221505.036039,1788221505.042037,5.998,5.589
1788221505.044038,1788221505.050005,5.967,4.991
1788221505.053005,1788221505.057512,4.507,4.601
1788221505.061806,1788221505.065323,3.517,3.922
1788221505.069323,1788221505.073323,4.000,4.409
1788221505.078829,1788221505.081828,2.999,2.873
1788221505.087865,1788221505.089866,2.001,1.607
1788221505.097366,1788221505.097366,0.000,0.206
1788221505.102374,1788221505.105869,3.494,3.154
1788221505.112875,1788221505.113874,0.999,0.890
1788221505.120106,1788221505.122101,1.995,1.768
1788221505.128607,1788221505.129608,1.001,1.004
1788221505.137619,1788221505.137619,0.000,0.025
1788221505.144620,1788221505.146123,1.503,1.288
1788221505.152472,1788221505.153472,1.000,1.132
1788221505.161941,1788221505.161941,0.000,0.264
1788221505.169448,1788221505.169448,0.000,0.675
1788221505.174447,1788221505.177956,3.509,3.203
1788221505.177956,1788221505.185461,7.505,7.678
1788221505.189983,1788221505.193984,4.001,3.724
1788221505.195985,1788221505.202049,6.064,5.886
1788221505.205565,1788221505.210067,4.502,4.068
1788221505.211068,1788221505.217571,6.503,6.495
1788221505.220581,1788221505.225575,4.995,5.414
1788221505.228734,1788221505.233733,4.999,5.539
1788221505.236900,1788221505.242407,5.508,5.377
1788221505.245409,1788221505.250435,5.026,4.925
1788221505.252436,1788221505.258475,6.039,5.375
1788221505.265478,1788221505.266478,1.000,0.464
1788221505.269987,1788221505.273986,3.999,4.219
1788221505.281017,1788221505.282000,0.983,0.872
1788221505.287000,1788221505.290507,3.507,2.197
1788221505.296508,1788221505.297518,1.010,1.392
1788221505.302025,1788221505.306028,4.004,3.371
1788221505.313626,1788221505.314624,0.998,0.361
1788221505.321151,1788221505.322154,1.003,0.862
1788221505.328146,1788221505.329667,1.521,1.462
1788221505.336179,1788221505.338181,2.001,1.684
1788221505.345687,1788221505.346687,1.000,0.165
1788221505.352455,1788221505.354475,2.020,1.311
1788221505.361996,1788221505.361996,0.000,0.497
1788221505.368994,1788221505.370140,1.146,0.561
1788221505.378145,1788221505.378145,0.000,0.039
1788221505.378145,1788221505.386156,8.011,8.050
1788221505.388162,1788221505.394695,6.533,5.814
1788221505.395688,1788221505.402210,6.522,6.404
1788221505.404212,1788221505.409712,5.500,5.836
1788221505.404212,1788221505.418224,14.011,13.847
1788221505.423734,1788221505.426736,3.002,2.503
1788221505.429763,1788221505.434371,4.608,4.697
1788221505.436374,1788221505.442199,5.825,5.550
1788221505.444202,1788221505.450721,6.519,5.583
1788221505.452237,1788221505.458251,6.014,5.703
1788221505.465757,1788221505.466756,0.999,0.443
1788221505.469756,1788221505.474813,5.056,4.685
1788221505.481100,1788221505.482091,0.992,1.026
1788221505.485757,1788221505.490832,5.075,4.085
1788221505.496520,1788221505.498534,2.014,1.569
1788221505.503038,1788221505.506041,3.003,3.832
1788221505.512043,1788221505.514573,2.530,2.025
1788221505.520559,1788221505.522560,2.001,1.284
1788221505.528073,1788221505.530074,2.001,2.307
1788221505.537119,1788221505.539001,1.882,1.623
1788221505.544710,1788221505.546697,1.987,1.681
1788221505.552402,1788221505.554995,2.593,1.821
1788221505.561559,1788221505.562505,0.946,1.278
1788221505.569276,1788221505.570238,0.962,1.073
1788221505.578413,1788221505.578413,0.000,0.477
1788221505.578413,1788221505.586503,8.089,8.483
1788221505.588503,1788221505.595014,6.511,5.961
1788221505.595014,1788221505.603069,8.055,7.705
1788221505.604078,1788221505.611100,7.022,6.182
1788221505.611100,1788221505.618407,7.307,7.265
1788221505.620402,1788221505.626436,6.034,6.539
1788221505.634450,1788221505.634450,0.000,0.250
1788221505.636888,1788221505.642883,5.995,5.908
1788221505.650931,1788221505.650931,0.000,0.064
1788221505.653930,1788221505.658954,5.024,4.295
1788221505.665468,1788221505.666757,1.289,0.468
1788221505.669764,1788221505.674773,5.008,4.905
1788221505.681102,1788221505.683226,2.124,2.026
1788221505.686368,1788221505.691247,4.879,4.256
1788221505.696142,1788221505.698884,2.742,2.687
1788221505.702917,1788221505.707429,4.512,4.120
1788221505.712433,1788221505.715431,2.999,2.627
1788221505.720272,1788221505.723272,3.000,2.890
1788221505.727793,1788221505.731170,3.378,2.737
1788221505.736710,1788221505.739234,2.523,2.043
1788221505.745225,1788221505.747750,2.525,2.505
1788221505.755286,1788221505.755286,0.000,0.126
1788221505.761442,1788221505.763440,1.997,1.767
1788221505.769972,1788221505.771971,1.999,1.394
1788221505.777964,1788221505.779126,1.162,1.167
1788221505.786123,1788221505.787116,0.993,0.944
1788221505.795215,1788221505.795215,0.000,0.100
1788221505.803267,1788221505.803267,0.000,0.225
1788221505.804267,1788221505.811313,7.046,7.070
1788221505.811313,1788221505.819769,8.456,7.559
1788221505.819769,1788221505.827303,7.534,7.687
1788221505.834826,1788221505.835819,0.994,0.727
1788221505.835819,1788221505.843462,7.643,7.108
1788221505.850486,1788221505.851496,1.010,0.799
1788221505.853486,1788221505.860005,6.519,6.272
1788221505.866019,1788221505.868009,1.990,1.821
1788221505.869021,1788221505.875536,6.515,6.184
1788221505.880040,1788221505.884043,4.003,2.947
1788221505.886051,1788221505.891687,5.635,4.964
1788221505.895689,1788221505.900200,4.511,3.793
1788221505.903206,1788221505.908204,4.998,4.635
1788221505.911740,1788221505.915739,3.999,3.820
1788221505.919746,1788221505.924257,4.511,3.605
1788221505.928783,1788221505.932310,3.528,3.061
1788221505.936823,1788221505.939340,2.517,3.290
1788221505.944861,1788221505.948066,3.205,2.663
1788221505.952672,1788221505.955673,3.001,3.029
1788221505.961201,1788221505.964201,3.000,2.388
1788221505.961201,1788221505.971727,10.526,10.397
1788221505.978256,1788221505.980256,2.000,1.608
1788221505.986294,1788221505.988302,2.008,1.472
1788221505.994829,1788221505.995836,1.007,1.201
1788221506.003905,1788221506.003905,0.000,0.081
1788221506.003905,1788221506.011892,7.987,7.934
1788221506.019884,1788221506.019884,0.000,0.050
1788221506.019884,1788221506.028399,8.515,8.057
1788221506.034939,1788221506.035941,1.002,1.081
1788221506.036929,1788221506.044130,7.200,6.798
1788221506.049639,1788221506.052241,2.602,2.114
1788221506.052241,1788221506.059736,7.496,7.477
1788221506.065742,1788221506.067740,1.998,2.307
1788221506.068749,1788221506.076259,7.509,6.224
1788221506.080788,1788221506.083800,3.011,3.234
1788221506.085814,1788221506.092393,6.579,5.973
1788221506.095417,1788221506.099905,4.488,4.709
1788221506.102909,1788221506.107909,5.000,4.952
1788221506.111419,1788221506.116418,4.999,4.570
1788221506.120419,1788221506.124490,4.071,3.287
1788221506.127813,1788221506.132312,4.498,3.820
1788221506.136313,1788221506.140582,4.269,3.668
1788221506.144585,1788221506.148584,3.999,3.613
1788221506.153090,1788221506.156091,3.001,3.365
1788221506.162603,1788221506.164604,2.001,1.102
1788221506.171728,1788221506.171728,0.000,0.218
1788221506.171728,1788221506.180240,8.512,8.237
1788221506.187752,1788221506.187752,0.000,0.376
1788221506.195265,1788221506.196265,1.000,0.613
1788221506.203784,1788221506.203784,0.000,0.421
1788221506.211807,1788221506.211807,0.000,0.390
1788221506.219812,1788221506.219812,0.000,0.435
1788221506.219812,1788221506.228858,9.045,8.453
1788221506.234379,1788221506.236371,1.992,1.835
1788221506.236371,1788221506.244709,8.337,7.505
1788221506.250220,1788221506.251827,1.607,1.575
1788221506.252830,1788221506.260833,8.003,7.490
1788221506.265227,1788221506.268231,3.004,3.195
1788221506.269227,1788221506.276566,7.339,6.745
1788221506.280566,1788221506.284075,3.509,3.409
1788221506.288076,1788221506.292913,4.837,4.486
1788221506.295914,1788221506.299908,3.995,4.283
1788221506.302412,1788221506.308415,6.003,5.689
1788221506.311416,1788221506.315924,4.508,4.341
1788221506.319925,1788221506.323971,4.047,4.712
1788221506.328494,1788221506.332494,4.000,4.281
1788221506.336610,1788221506.340805,4.194,3.864
1788221506.345304,1788221506.348304,3.000,3.441
1788221506.352832,1788221506.356221,3.389,3.578
1788221506.361220,1788221506.364740,3.520,2.564
1788221506.369733,1788221506.372731,2.998,2.917
1788221506.378256,1788221506.380240,1.985,1.831
1788221506.387370,1788221506.388875,1.505,0.877
1788221506.395416,1788221506.396417,1.001,0.597
1788221506.403414,1788221506.404425,1.010,1.162
1788221506.411087,1788221506.413093,2.006,0.804
1788221506.419618,1788221506.420613,0.995,0.571
1788221506.428040,1788221506.429036,0.996,0.228
1788221506.435897,1788221506.436897,1.000,0.522
1788221506.435897,1788221506.444924,9.027,8.536
1788221506.447928,1788221506.452448,4.520,4.423
1788221506.452448,1788221506.460754,8.306,7.610
1788221506.463762,1788221506.468272,4.510,4.711
1788221506.469272,1788221506.476796,7.524,6.818
1788221506.479798,1788221506.483999,4.201,4.391
1788221506.488024,1788221506.493030,5.006,4.774
1788221506.495031,1788221506.500277,5.246,5.372
1788221506.503277,1788221506.508810,5.533,5.340
1788221506.511323,1788221506.516322,4.999,5.058
1788221506.519723,1788221506.524730,5.008,5.261
1788221506.528242,1788221506.533248,5.005,4.077
1788221506.536754,1788221506.540932,4.178,3.748
1788221506.544940,1788221506.548451,3.511,2.868
1788221506.552600,1788221506.556599,3.999,3.578
1788221506.558034,1788221506.565031,6.997,6.569
1788221506.569540,1788221506.572539,2.999,2.941
1788221506.578045,1788221506.580539,2.493,2.209
1788221506.586877,1788221506.589397,2.520,2.386
1788221506.596922,1788221506.596922,0.000,0.114
1788221506.603003,1788221506.605001,1.998,1.973
1788221506.611224,1788221506.613511,2.287,1.450
1788221506.620567,1788221506.621567,0.999,0.490
1788221506.627795,1788221506.628818,1.022,1.019
1788221506.636434,1788221506.636939,0.505,0.804
1788221506.644077,1788221506.645580,1.504,0.259
1788221506.652629,1788221506.653629,0.999,0.865
1788221506.653629,1788221506.661663,8.035,7.100
1788221506.667170,1788221506.668948,1.778,1.738
1788221506.668948,1788221506.677209,8.261,7.645
1788221506.682604,1788221506.684604,2.000,2.447
1788221506.686391,1788221506.693498,7.107,6.906
1788221506.698496,1788221506.701005,2.508,2.646
1788221506.704009,1788221506.709057,5.048,5.204
1788221506.713583,1788221506.717582,3.999,3.632
1788221506.719583,1788221506.725119,5.536,5.153
1788221506.728500,1788221506.733032,4.532,4.509
1788221506.737331,1788221506.741853,4.522,4.218
1788221506.745272,1788221506.749735,4.463,3.914
1788221506.753272,1788221506.757271,3.999,4.221
1788221506.762775,1788221506.765795,3.021,2.578
1788221506.771176,1788221506.773177,2.001,2.557
1788221506.779549,1788221506.781549,2.000,1.930
1788221506.787068,1788221506.789186,2.118,2.469
1788221506.794819,1788221506.797813,2.994,2.124
1788221506.803116,1788221506.805155,2.039,2.625
1788221506.813200,1788221506.813200,0.000,0.044
1788221506.819729,1788221506.821731,2.002,1.990
1788221506.828738,1788221506.829741,1.004,0.781
1788221506.836827,1788221506.837826,0.999,0.536
1788221506.836827,1788221506.845889,9.062,8.555
1788221506.853227,1788221506.853227,0.000,0.020
1788221506.853227,1788221506.861745,8.518,8.100
1788221506.867262,1788221506.869258,1.996,1.820
1788221506.869258,1788221506.877592,8.335,7.857
1788221506.882596,1788221506.885596,3.000,2.977
1788221506.886600,1788221506.893817,7.217,7.073
1788221506.897810,1788221506.902014,4.204,3.613
1788221506.903014,1788221506.909359,6.345,6.005
1788221506.913359,1788221506.918362,5.003,4.357
1788221506.920886,1788221506.925881,4.996,4.766
1788221506.929402,1788221506.933398,3.996,4.318
1788221506.936398,1788221506.942050,5.652,5.384
1788221506.945101,1788221506.949574,4.472,5.062
1788221506.953160,1788221506.958148,4.988,4.286
1788221506.961472,1788221506.965472,3.999,3.867
1788221506.970002,1788221506.974002,3.999,3.972
1788221506.978003,1788221506.981531,3.529,3.283
1788221506.989531,1788221506.990035,0.504,0.118
1788221506.995039,1788221506.998039,3.000,2.762
1788221507.005569,1788221507.005569,0.000,0.166
1788221507.011604,1788221507.014140,2.536,1.658
1788221507.021668,1788221507.021668,0.000,0.150
1788221507.028671,1788221507.030185,1.514,0.436
1788221507.036199,1788221507.038200,2.002,1.390
1788221507.045721,1788221507.045721,0.000,0.295
1788221507.052840,1788221507.053843,1.003,0.606
1788221507.061370,1788221507.062362,0.992,0.089
1788221507.069363,1788221507.070369,1.007,0.169
1788221507.077935,1788221507.077935,0.000,0.015
1788221507.083069,1788221507.085794,2.726,2.802
1788221507.087788,1788221507.094077,6.289,6.417
1788221507.098085,1788221507.101589,3.504,3.520
1788221507.102596,1788221507.109603,7.007,6.717
1788221507.114131,1788221507.118114,3.983,3.349
1788221507.120115,1788221507.125644,5.529,5.786
1788221507.129644,1788221507.134163,4.519,4.411
1788221507.137163,1788221507.142227,5.064,4.386
1788221507.146216,1788221507.150223,4.007,4.203
1788221507.152746,1788221507.157748,5.002,5.240
1788221507.161740,1788221507.165765,4.025,4.182
1788221507.169765,1788221507.173840,4.075,4.131
1788221507.177835,1788221507.181834,4.000,3.734
1788221507.187037,1788221507.190566,3.529,3.415
1788221507.195084,1788221507.198084,3.000,3.133
1788221507.202587,1788221507.206597,4.011,3.018
1788221507.212640,1788221507.214461,1.821,1.770
1788221507.219468,1788221507.221466,1.998,2.117
1788221507.227975,1788221507.229981,2.007,1.939
1788221507.236119,1788221507.238119,2.000,1.925
1788221507.246134,1788221507.246134,0.000,0.269
1788221507.253339,1788221507.254449,1.111,0.463
1788221507.261449,1788221507.262452,1.003,0.352
1788221507.270295,1788221507.270295,0.000,0.332
1788221507.277831,1788221507.278829,0.998,0.400
1788221507.284335,1788221507.286342,2.007,1.716
1788221507.287342,1788221507.293968,6.626,7.199
1788221507.300973,1788221507.301972,0.999,1.612
1788221507.302974,1788221507.310507,7.533,7.157
1788221507.317024,1788221507.318009,0.984,1.125
1788221507.319010,1788221507.326540,7.531,6.746
1788221507.332035,1788221507.334038,2.003,1.928
1788221507.336466,1788221507.341987,5.521,6.058
1788221507.347500,1788221507.349497,1.997,2.946
1788221507.353441,1788221507.358960,5.519,4.329
1788221507.363969,1788221507.366478,2.509,2.422
1788221507.369494,1788221507.374016,4.521,4.509
1788221507.378533,1788221507.382539,4.006,3.620
1788221507.386539,1788221507.390189,3.650,3.441
1788221507.396700,1788221507.398963,2.263,1.918
1788221507.404956,1788221507.406954,1.998,1.710
1788221507.412484,1788221507.415004,2.521,1.890
1788221507.419963,1788221507.422955,2.992,2.130
1788221507.427963,1788221507.430115,2.152,2.187
1788221507.435884,1788221507.437883,2.000,2.004
1788221507.445017,1788221507.447017,2.000,0.912
1788221507.454095,1788221507.454095,0.000,0.285
1788221507.461631,1788221507.462635,1.003,0.417
1788221507.470629,1788221507.471132,0.503,0.061
1788221507.477653,1788221507.478650,0.997,0.537
1788221507.486266,1788221507.486266,0.000,0.052
1788221507.486266,1788221507.494852,8.586,7.920
1788221507.501878,1788221507.502882,1.004,1.084
1788221507.502882,1788221507.510889,8.008,7.237
1788221507.516452,1788221507.518452,2.000,2.379
1788221507.520459,1788221507.526968,6.509,6.205
1788221507.530978,1788221507.534515,3.537,3.584
1788221507.535504,1788221507.543033,7.529,6.617
1788221507.546550,1788221507.550539,3.989,3.939
1788221507.552750,1788221507.558764,6.014,6.082
1788221507.562757,1788221507.566924,4.167,4.146
1788221507.569925,1788221507.574957,5.032,4.566
1788221507.577960,1788221507.582966,5.006,4.327
1788221507.586481,1788221507.590987,4.506,3.769
1788221507.594277,1788221507.598798,4.521,3.877
1788221507.603478,1788221507.606837,3.359,3.118
1788221507.613049,1788221507.614673,1.624,1.926
1788221507.619716,1788221507.622793,3.077,3.170
1788221507.627987,1788221507.630985,2.998,2.645
1788221507.636492,1788221507.638998,2.505,1.817
1788221507.645036,1788221507.648950,3.914,3.603
1788221507.654044,1788221507.657506,3.462,2.775
1788221507.658787,1788221507.664727,5.940,6.484
1788221507.672056,1788221507.673047,0.991,0.869
1788221507.678554,1788221507.681554,3.000,2.844
1788221507.686074,1788221507.689114,3.041,2.360
1788221507.696121,1788221507.697639,1.518,1.433
1788221507.702650,1788221507.705649,2.999,2.351
1788221507.711185,1788221507.713180,1.996,1.728
1788221507.720688,1788221507.721687,0.998,0.818
1788221507.720688,1788221507.729199,8.511,8.828
1788221507.736207,1788221507.737219,1.012,0.708
1788221507.744853,1788221507.745852,1.000,0.054
1788221507.753359,1788221507.753359,0.000,0.117
1788221507.753359,1788221507.761753,8.394,8.129
1788221507.769261,1788221507.769261,0.000,0.013
1788221507.769261,1788221507.777274,8.013,8.030
1788221507.779265,1788221507.785385,6.120,6.175
1788221507.786385,1788221507.793101,6.716,6.655
1788221507.795110,1788221507.801636,6.525,5.968
1788221507.804640,1788221507.810157,5.517,5.179
1788221507.811172,1788221507.817669,6.497,6.023
1788221507.824844,1788221507.825845,1.001,0.503
1788221507.830358,1788221507.834369,4.011,3.405
1788221507.839868,1788221507.841933,2.064,1.750
1788221507.844932,1788221507.850178,5.246,4.587
1788221507.855430,1788221507.858096,2.666,2.310
1788221507.861804,1788221507.866027,4.222,3.955
1788221507.871199,1788221507.873531,2.332,2.444
1788221507.878525,1788221507.882056,3.531,3.421
1788221507.886048,1788221507.889056,3.008,3.625
1788221507.895114,1788221507.898121,3.007,2.400
1788221507.903643,1788221507.905651,2.008,2.159
1788221507.912183,1788221507.914175,1.992,1.397
1788221507.920171,1788221507.922275,2.104,1.869
1788221507.928267,1788221507.930267,2.000,1.776
1788221507.936406,1788221507.938414,2.008,1.489
1788221507.945507,1788221507.946507,1.000,0.578
1788221507.952764,1788221507.953768,1.003,0.964
1788221507.961802,1788221507.961802,0.000,0.501
1788221507.969041,1788221507.970547,1.505,0.018
1788221507.969041,1788221507.978601,9.559,8.029
1788221507.980598,1788221507.986106,5.507,5.674
1788221507.986106,1788221507.994249,8.143,7.480
1788221507.995250,1788221508.002257,7.007,6.908
1788221508.009479,1788221508.010488,1.009,0.120
1788221508.011479,1788221508.018497,7.018,6.894
1788221508.025560,1788221508.026568,1.007,0.983
1788221508.027567,1788221508.034670,7.102,6.315
1788221508.041937,1788221508.041937,0.000,0.320
1788221508.044322,1788221508.050328,6.006,5.536
1788221508.055845,1788221508.057846,2.001,2.176
1788221508.060800,1788221508.066319,5.519,4.860
1788221508.071547,1788221508.074069,2.522,2.650
1788221508.078065,1788221508.082388,4.323,3.875
1788221508.086867,1788221508.090393,3.526,3.511
1788221508.095919,1788221508.097916,1.997,2.573
1788221508.102911,1788221508.106447,3.537,3.174
1788221508.111443,1788221508.114439,2.996,2.675
1788221508.119955,1788221508.121964,2.008,2.485
1788221508.127492,1788221508.130495,3.002,2.382
1788221508.137004,1788221508.138011,1.007,1.374
1788221508.144551,1788221508.146767,2.216,1.524
1788221508.152765,1788221508.154769,2.004,0.995
1788221508.160822,1788221508.162823,2.001,0.996
1788221508.170354,1788221508.170354,0.000,0.226
1788221508.177882,1788221508.178881,0.998,0.196
1788221508.179883,1788221508.186379,6.497,6.147
1788221508.186379,1788221508.194615,8.236,7.493
1788221508.195609,1788221508.202937,7.328,6.176
1788221508.202937,1788221508.210464,7.528,7.435
1788221508.211466,1788221508.218002,6.536,6.381
1788221508.225490,1788221508.226503,1.014,0.933
1788221508.227503,1788221508.234501,6.998,6.475
1788221508.241029,1788221508.242215,1.186,0.932
1788221508.244228,1788221508.250744,6.517,5.186
1788221508.255879,1788221508.258374,2.494,2.147
1788221508.261377,1788221508.266909,5.532,5.136
1788221508.271908,1788221508.274438,2.530,2.509
1788221508.278636,1788221508.282635,3.999,4.065
1788221508.288161,1788221508.290152,1.991,2.680
1788221508.294334,1788221508.298749,4.415,3.687
1788221508.302752,1788221508.306803,4.051,3.207
1788221508.311797,1788221508.314316,2.519,2.285
1788221508.319322,1788221508.322329,3.007,2.671
1788221508.328694,1788221508.330702,2.007,1.990
1788221508.336236,1788221508.338228,1.991,2.335
1788221508.344880,1788221508.346889,2.008,1.587
1788221508.352625,1788221508.353666,1.041,1.696
1788221508.361965,1788221508.363012,1.046,0.311
1788221508.369615,1788221508.370622,1.008,1.351
1788221508.378149,1788221508.379143,0.994,0.054
1788221508.386667,1788221508.386667,0.000,0.326
1788221508.394190,1788221508.394190,0.000,0.442
1788221508.402358,1788221508.402358,0.000,0.161
1788221508.408880,1788221508.410883,2.004,1.463
1788221508.410883,1788221508.418927,8.044,7.463
1788221508.424214,1788221508.426725,2.511,2.333
1788221508.427724,1788221508.434893,7.169,6.806
1788221508.438980,1788221508.442486,3.506,3.328
1788221508.444483,1788221508.450989,6.507,5.843
1788221508.454997,1788221508.459029,4.033,3.209
1788221508.461035,1788221508.466530,5.494,5.199
1788221508.470533,1788221508.474540,4.008,3.791
1788221508.479096,1788221508.483233,4.137,3.430
1788221508.487833,1788221508.491350,3.517,3.403
1788221508.495357,1788221508.498881,3.524,3.843
1788221508.502873,1788221508.507397,4.524,3.508
1788221508.511903,1788221508.514912,3.009,3.177
1788221508.519116,1788221508.523123,4.008,3.358
1788221508.528157,1788221508.531169,3.011,2.587
1788221508.536161,1788221508.538691,2.530,2.737
1788221508.544805,1788221508.547145,2.340,1.559
1788221508.553234,1788221508.555240,2.007,1.740
1788221508.560749,1788221508.562743,1.995,1.772
1788221508.569778,1788221508.570796,1.017,1.076
1788221508.577789,1788221508.578783,0.994,0.582
1788221508.585816,1788221508.586824,1.008,0.842
1788221508.585816,1788221508.594994,9.178,8.859
1788221508.595996,1788221508.603206,7.210,6.797
1788221508.603206,1788221508.610736,7.530,7.817
1788221508.611737,1788221508.619389,7.652,6.911
1788221508.626442,1788221508.627124,0.682,0.286
1788221508.627787,1788221508.635433,7.646,7.083
1788221508.642636,1788221508.643651,1.015,0.024
1788221508.645643,1788221508.651798,6.155,5.751
1788221508.658440,1788221508.659445,1.005,0.763
1788221508.661445,1788221508.667253,5.809,5.901
1788221508.673772,1788221508.674781,1.009,1.221
1788221508.677787,1788221508.682787,4.999,5.104
1788221508.689402,1788221508.690906,1.504,1.440
1788221508.695431,1788221508.699445,4.014,4.139
1788221508.704445,1788221508.707660,3.215,2.429
1788221508.711654,1788221508.715154,3.500,3.600
1788221508.720160,1788221508.723176,3.016,2.951
1788221508.728687,1788221508.731690,3.004,2.636
1788221508.737192,1788221508.739193,2.001,1.969
1788221508.745218,1788221508.747222,2.004,2.208
1788221508.753403,1788221508.755425,2.022,1.986
1788221508.762457,1788221508.763456,0.999,1.204
1788221508.769579,1788221508.771590,2.012,1.448
1788221508.778836,1788221508.779842,1.007,0.173
1788221508.786921,1788221508.786921,0.000,0.383
1788221508.794429,1788221508.795935,1.505,0.364
1788221508.798941,1788221508.803941,4.999,4.554
1788221508.803941,1788221508.812101,8.161,7.653
1788221508.819607,1788221508.819607,0.000,0.018
1788221508.819607,1788221508.827336,7.728,8.028
1788221508.829338,1788221508.835661,6.323,5.986
1788221508.836662,1788221508.843598,6.936,7.207
1788221508.844598,1788221508.852106,7.508,6.923
1788221508.858635,1788221508.859880,1.245,0.613
1788221508.862880,1788221508.867397,4.518,5.195
1788221508.873389,1788221508.875390,2.001,2.064
1788221508.879917,1788221508.883915,3.998,3.720
1788221508.888817,1788221508.891496,2.679,2.807
1788221508.895499,1788221508.900008,4.508,3.832
1788221508.907538,1788221508.907538,0.000,0.560
1788221508.911533,1788221508.915533,3.999,4.080
1788221508.919605,1788221508.923603,3.999,3.833
1788221508.929678,1788221508.931673,1.995,2.320
1788221508.935667,1788221508.939728,4.061,3.593
1788221508.945776,1788221508.947774,1.998,2.384
1788221508.952925,1788221508.955924,2.999,3.051
1788221508.962168,1788221508.964166,1.999,1.764
1788221508.969428,1788221508.971443,2.015,1.747
1788221508.978421,1788221508.979524,1.102,1.555
1788221508.981519,1788221508.988513,6.994,5.970
1788221508.994511,1788221508.995514,1.003,1.046
1788221509.003031,1788221509.004031,1.000,0.974
1788221509.011558,1788221509.011558,0.000,0.325
1788221509.019173,1788221509.020184,1.012,0.374
1788221509.027671,1788221509.027671,0.000,0.037
1788221509.027671,1788221509.036177,8.507,7.957
1788221509.042775,1788221509.043774,0.999,0.563
1788221509.044774,1788221509.052294,7.520,7.299
1788221509.058302,1788221509.059796,1.493,1.299
1788221509.061955,1788221509.067955,6.000,6.224
1788221509.074461,1788221509.076460,1.999,1.781
1788221509.078465,1788221509.083982,5.517,4.671
1788221509.089486,1788221509.091991,2.505,2.214
1788221509.094994,1788221509.100496,5.502,5.331
1788221509.105506,1788221509.108498,2.993,2.403
1788221509.111006,1788221509.116004,4.999,4.667
1788221509.120510,1788221509.124513,4.004,3.139
1788221509.127524,1788221509.132044,4.520,4.048
1788221509.136041,1788221509.140550,4.509,3.946
1788221509.145561,1788221509.148559,2.998,2.653
1788221509.153046,1788221509.156045,2.999,3.019
1788221509.161065,1788221509.164071,3.006,2.779
1788221509.169069,1788221509.172455,3.386,2.534
1788221509.177638,1788221509.179627,1.989,2.121
1788221509.186152,1788221509.188158,2.006,1.699
1788221509.195537,1788221509.196536,0.999,0.918
1788221509.203807,1788221509.203807,0.000,0.555
1788221509.211607,1788221509.212620,1.013,0.843
1788221509.219611,1788221509.220610,0.999,0.472
1788221509.228118,1788221509.228118,0.000,0.372
1788221509.236474,1788221509.236474,0.000,0.142
1788221509.236474,1788221509.244042,7.568,8.149
1788221509.246027,1788221509.252530,6.503,6.567
1788221509.253536,1788221509.260688,7.152,7.002
1788221509.261688,1788221509.268207,6.519,6.809
1788221509.271199,1788221509.276712,5.512,4.156
1788221509.277711,1788221509.284217,6.506,6.202
1788221509.286217,1788221509.291733,5.515,5.867
1788221509.294244,1788221509.300248,6.003,5.598
1788221509.303753,1788221509.308758,5.005,4.259
1788221509.311759,1788221509.315964,4.205,4.165
1788221509.323965,1788221509.323965,0.000,0.188
1788221509.328165,1788221509.332167,4.001,3.964
1788221509.338694,1788221509.339695,1.001,1.504
1788221509.345732,1788221509.348731,2.998,2.768
1788221509.354767,1788221509.356777,2.011,1.448
1788221509.362181,1788221509.364183,2.002,1.807
1788221509.370304,1788221509.372794,2.490,1.922
1788221509.378313,1788221509.380321,2.009,2.054
1788221509.386819,1788221509.388817,1.998,1.822
1788221509.394749,1788221509.396249,1.500,1.981
1788221509.402658,1788221509.405012,2.354,1.175
1788221509.412391,1788221509.412391,0.000,0.019
1788221509.420408,1788221509.420408,0.000,0.285
1788221509.427914,1788221509.428913,1.000,0.212
1788221509.435611,1788221509.437116,1.505,0.427
1788221509.444143,1788221509.445146,1.002,0.021
1788221509.447649,1788221509.452652,5.003,4.905
1788221509.453653,1788221509.460814,7.161,6.714
1788221509.462816,1788221509.468328,5.512,5.945
1788221509.469337,1788221509.476502,7.165,7.330
1788221509.477492,1788221509.484516,7.024,6.258
1788221509.492198,1788221509.493175,0.977,0.374
1788221509.494176,1788221509.500602,6.426,6.125
1788221509.507602,1788221509.508603,1.001,0.718
1788221509.511110,1788221509.516111,5.001,5.313
1788221509.522592,1788221509.524588,1.996,2.276
1788221509.528591,1788221509.533119,4.528,4.256
1788221509.539626,1788221509.540625,0.999,1.453
1788221509.544899,1788221509.548906,4.007,4.153
1788221509.554414,1788221509.556917,2.503,2.021
1788221509.561091,1788221509.565114,4.023,3.425
1788221509.570115,1788221509.572618,2.503,2.737
1788221509.578339,1788221509.580327,1.987,2.499
1788221509.586136,1788221509.589100,2.964,2.543
1788221509.595413,1788221509.597027,1.614,1.840
1788221509.603306,1788221509.603836,0.530,1.612
1788221509.611656,1788221509.612659,1.003,0.953
1788221509.619682,1788221509.620678,0.996,1.184
1788221509.628261,1788221509.629261,1.000,0.202
1788221509.636497,1788221509.637501,1.004,0.440
1788221509.645066,1788221509.645066,0.000,0.022
1788221509.653070,1788221509.653070,0.000,0.141
1788221509.653070,1788221509.661169,8.099,8.156
1788221509.665027,1788221509.669464,4.437,4.219
1788221509.669464,1788221509.676983,7.519,7.571
1788221509.680991,1788221509.684986,3.994,4.133
1788221509.686490,1788221509.692911,6.422,6.688
1788221509.694940,1788221509.701446,6.506,6.036
1788221509.703448,1788221509.709099,5.651,5.988
1788221509.711151,1788221509.717614,6.463,5.716
1788221509.724614,1788221509.725614,1.000,0.200
1788221509.728142,1788221509.733142,4.999,5.108
1788221509.736135,1788221509.740497,4.362,4.844
1788221509.745015,1788221509.749537,4.521,4.151
1788221509.756582,1788221509.757537,0.955,0.770
1788221509.762415,1788221509.765386,2.971,2.936
1788221509.771861,1788221509.772859,0.998,1.405
1788221509.777886,1788221509.780893,3.007,2.777
1788221509.786893,1788221509.789436,2.543,1.602
1788221509.795208,1788221509.797208,2.000,2.415
1788221509.802494,1788221509.805500,3.005,2.243
1788221509.811022,1788221509.813022,2.001,2.057
1788221509.819543,1788221509.821551,2.007,1.595
1788221509.819543,1788221509.829067,9.524,9.605
1788221509.836076,1788221509.837077,1.001,0.754
1788221509.844702,1788221509.845707,1.005,0.302
1788221509.852415,1788221509.853915,1.500,0.595
1788221509.861667,1788221509.861667,0.000,0.108
1788221509.865417,1788221509.869477,4.060,4.104
1788221509.869477,1788221509.878039,8.562,7.443
1788221509.880567,1788221509.885733,5.167,4.740
1788221509.886742,1788221509.893257,6.515,6.734
1788221509.896257,1788221509.901772,5.516,4.852
1788221509.902772,1788221509.910276,7.504,6.437
1788221509.912280,1788221509.918279,5.999,5.298
1788221509.919290,1788221509.925813,6.523,6.149
1788221509.927804,1788221509.934335,6.531,5.393
1788221509.936346,1788221509.941853,5.507,5.388
1788221509.945342,1788221509.950315,4.973,4.358
1788221509.957894,1788221509.957894,0.000,0.052
1788221509.960928,1788221509.965465,4.537,4.350
1788221509.973003,1788221509.973994,0.991,0.694
1788221509.979005,1788221509.981521,2.516,3.061
1788221509.988525,1788221509.989518,0.993,1.281
1788221509.994555,1788221509.997543,2.988,3.121
1788221510.004577,1788221510.005577,1.000,1.268
1788221510.012107,1788221510.014113,2.005,1.716
1788221510.020388,1788221510.022117,1.729,1.503
1788221510.028501,1788221510.030155,1.655,1.563
1788221510.036401,1788221510.038516,2.115,1.745
1788221510.045095,1788221510.046483,1.388,0.998
1788221510.050486,1788221510.053994,3.508,3.005
1788221510.062036,1788221510.062036,0.000,0.144
1788221510.069033,1788221510.070033,1.000,0.558
1788221510.069033,1788221510.078553,9.520,8.566
1788221510.081552,1788221510.086075,4.523,4.586
1788221510.087068,1788221510.093639,6.571,7.279
1788221510.097153,1788221510.102454,5.301,4.842
1788221510.102454,1788221510.110458,8.004,7.444
1788221510.112970,1788221510.117966,4.996,5.028
1788221510.118966,1788221510.125698,6.732,6.767
1788221510.127694,1788221510.134219,6.525,6.026
1788221510.136408,1788221510.142434,6.026,6.088
1788221510.144559,1788221510.150553,5.995,5.555
1788221510.152562,1788221510.158060,5.498,4.785
1788221510.162567,1788221510.166707,4.140,3.190
1788221510.173953,1788221510.173953,0.000,0.022
1788221510.178945,1788221510.181952,3.007,3.130
1788221510.187477,1788221510.190477,3.000,2.448
1788221510.194987,1788221510.197994,3.007,3.405
1788221510.203498,1788221510.206509,3.011,2.666
1788221510.211509,1788221510.214022,2.513,2.803
1788221510.220030,1788221510.222039,2.009,2.605
1788221510.227569,1788221510.230568,2.999,2.256
1788221510.236099,1788221510.238099,1.999,1.611
1788221510.244321,1788221510.246335,2.013,1.348
1788221510.252552,1788221510.254571,2.019,1.104
1788221510.261784,1788221510.262790,1.006,0.727
1788221510.270143,1788221510.270143,0.000,0.405
1788221510.277961,1788221510.278852,0.890,0.177
1788221510.286530,1788221510.286530,0.000,0.068
1788221510.286530,1788221510.294237,7.707,8.083
1788221510.298827,1788221510.302831,4.004,3.961
1788221510.306561,1788221510.310566,4.005,3.838
1788221510.313573,1788221510.318496,4.923,4.597
1788221510.319502,1788221510.326012,6.510,6.454
1788221510.329255,1788221510.334250,4.996,5.486
1788221510.336250,1788221510.342957,6.707,6.258
1788221510.344964,1788221510.350477,5.513,5.799
1788221510.358281,1788221510.358281,0.000,0.018
1788221510.361816,1788221510.366818,5.002,4.137
1788221510.373279,1788221510.374289,1.010,1.120
1788221510.377803,1788221510.382799,4.996,4.368
1788221510.388324,1788221510.390316,1.992,1.841
1788221510.395822,1788221510.398346,2.524,2.147
1788221510.404351,1788221510.406351,2.000,1.751
1788221510.413758,1788221510.414757,0.999,1.019
1788221510.420292,1788221510.422292,2.000,1.835
1788221510.428821,1788221510.430813,1.992,1.416
1788221510.436018,1788221510.438520,2.502,2.457
1788221510.445056,1788221510.447055,1.998,1.267
1788221510.453902,1788221510.454987,1.085,0.665
1788221510.462363,1788221510.462363,0.000,0.198
1788221510.468877,1788221510.470375,1.498,1.093
1788221510.477892,1788221510.477892,0.000,0.331
1788221510.485940,1788221510.486946,1.006,0.427
1788221510.485940,1788221510.495000,9.060,8.441
1788221510.499506,1788221510.502558,3.052,3.296
1788221510.503572,1788221510.510248,6.676,6.750
1788221510.513324,1788221510.518338,5.014,4.942
1788221510.519949,1788221510.527065,7.116,6.841
1788221510.528043,1788221510.534738,6.696,6.205
1788221510.536663,1788221510.543103,6.440,6.267
1788221510.545110,1788221510.550717,5.607,5.828
1788221510.552785,1788221510.558414,5.628,5.816
1788221510.561932,1788221510.566938,5.006,5.035
1788221510.574719,1788221510.574719,0.000,0.045
1788221510.578724,1788221510.582443,3.719,4.000
1788221510.589436,1788221510.591028,1.592,0.746
1788221510.595532,1788221510.598944,3.412,2.648
1788221510.604131,1788221510.606660,2.529,2.648
1788221510.612176,1788221510.615183,3.007,2.472
1788221510.619258,1788221510.622778,3.520,3.215
1788221510.628853,1788221510.631372,2.519,2.473
1788221510.636138,1788221510.639138,3.000,2.408
1788221510.644886,1788221510.646887,2.000,1.816
1788221510.652939,1788221510.654988,2.049,2.339
1788221510.662161,1788221510.662987,0.826,0.999
1788221510.669845,1788221510.671554,1.709,0.925
1788221510.678728,1788221510.679340,0.612,0.570
1788221510.686153,1788221510.687148,0.995,0.622
1788221510.694748,1788221510.694748,0.000,0.494
1788221510.702683,1788221510.703683,1.000,0.243
1788221510.702683,1788221510.711284,8.601,8.249
1788221510.712288,1788221510.719625,7.337,6.667
1788221510.726158,1788221510.727151,0.993,0.800
1788221510.728159,1788221510.735677,7.518,7.144
1788221510.741809,1788221510.743315,1.506,1.374
1788221510.744932,1788221510.750918,5.986,6.048
1788221510.757608,1788221510.759617,2.010,1.527
1788221510.762199,1788221510.766877,4.678,4.912
1788221510.772964,1788221510.775574,2.610,2.132
1788221510.778577,1788221510.783574,4.997,4.578
1788221510.788265,1788221510.790883,2.618,2.814
1788221510.795083,1788221510.799183,4.101,3.531
1788221510.804177,1788221510.807825,3.648,2.800
1788221510.812953,1788221510.815421,2.469,2.189
1788221510.820430,1788221510.823524,3.094,2.467
1788221510.829257,1788221510.831239,1.982,2.395
1788221510.836920,1788221510.839833,2.913,2.363
1788221510.844489,1788221510.847028,2.539,2.298
1788221510.854079,1788221510.855423,1.344,1.381
1788221510.861301,1788221510.863315,2.014,1.601
1788221510.869838,1788221510.871845,2.007,1.750
1788221510.878353,1788221510.879363,1.009,1.139
1788221510.886360,1788221510.887881,1.520,1.048
1788221510.894998,1788221510.896014,1.016,0.274
1788221510.902531,1788221510.903522,0.991,0.511
1788221510.911063,1788221510.911063,0.000,0.016
1788221510.912069,1788221510.919703,7.634,7.644
1788221510.925699,1788221510.927730,2.031,2.007
1788221510.928240,1788221510.935334,7.094,7.496
1788221510.941053,1788221510.943055,2.002,2.392
1788221510.944365,1788221510.952056,7.691,6.753
1788221510.956043,1788221510.959488,3.445,3.452
1788221510.961485,1788221510.967548,6.063,5.744
1788221510.971625,1788221510.975625,4.000,3.757
1788221510.977633,1788221510.984142,6.509,5.515
1788221510.987152,1788221510.991661,4.509,4.084
1788221510.996191,1788221510.999701,3.510,2.985
1788221511.002702,1788221511.007709,5.007,4.610
1788221511.011237,1788221511.015230,3.993,4.207
1788221511.019760,1788221511.023760,3.999,4.257
1788221511.027767,1788221511.031314,3.547,3.364
1788221511.036312,1788221511.039957,3.645,3.421
1788221511.044958,1788221511.047956,2.999,2.795
1788221511.053006,1788221511.056050,3.044,2.893
1788221511.061584,1788221511.063596,2.012,1.539
1788221511.070079,1788221511.072107,2.028,1.893
1788221511.077108,1788221511.080075,2.967,1.715
1788221511.087081,1788221511.088090,1.009,0.884
1788221511.095136,1788221511.096147,1.011,0.468
1788221511.103662,1788221511.103662,0.000,0.120
1788221511.111171,1788221511.112180,1.009,0.265
1788221511.119179,1788221511.120178,0.999,0.317
1788221511.119179,1788221511.127707,8.528,8.323
1788221511.128708,1788221511.136232,7.524,7.132
1788221511.143748,1788221511.143748,0.000,0.035
1788221511.144748,1788221511.151916,7.167,7.072
1788221511.158445,1788221511.159435,0.990,1.197
1788221511.161945,1788221511.167954,6.009,5.277
1788221511.169961,1788221511.175473,5.512,5.858
1788221511.178471,1788221511.183995,5.524,5.659
1788221511.189995,1788221511.192002,2.007,1.592
1788221511.195630,1788221511.199635,4.005,3.897
1788221511.205864,1788221511.207865,2.001,1.608
1788221511.211856,1788221511.216382,4.526,4.257
1788221511.221391,1788221511.223912,2.521,1.618
1788221511.227922,1788221511.231920,3.998,3.600
1788221511.237449,1788221511.239439,1.990,1.973
1788221511.246027,1788221511.247539,1.512,2.204
1788221511.252658,1788221511.256051,3.393,2.737
1788221511.262050,1788221511.263818,1.768,1.973
1788221511.270828,1788221511.271831,1.003,1.093
1788221511.278351,1788221511.280350,1.999,1.614
1788221511.286879,1788221511.287888,1.009,1.188
1788221511.294402,1788221511.296410,2.008,1.040
1788221511.300421,1788221511.304002,3.582,3.656
1788221511.312009,1788221511.312009,0.000,0.257
1788221511.319609,1788221511.319609,0.000,0.189
1788221511.328302,1788221511.328302,0.000,0.013
1788221511.330379,1788221511.335899,5.520,5.261
1788221511.336990,1788221511.344492,7.502,6.882
1788221511.346498,1788221511.351499,5.000,5.848
1788221511.353002,1788221511.360006,7.004,6.628
1788221511.362007,1788221511.368517,6.510,6.298
1788221511.369519,1788221511.376117,6.598,6.669
1788221511.377520,1788221511.384133,6.612,6.099
1788221511.391661,1788221511.392653,0.993,0.514
1788221511.398183,1788221511.400182,2.000,1.659
1788221511.406713,1788221511.408705,1.991,1.527
1788221511.406713,1788221511.416488,9.775,9.539
1788221511.423422,1788221511.423422,0.000,0.698
1788221511.428256,1788221511.432254,3.999,4.046
1788221511.436653,1788221511.440545,3.892,3.647
1788221511.445858,1788221511.448844,2.985,2.657
1788221511.454027,1788221511.456710,2.683,1.647
1788221511.463409,1788221511.464400,0.991,0.978
1788221511.470140,1788221511.472140,2.000,2.587
1788221511.479359,1788221511.480376,1.016,0.588
1788221511.486679,1788221511.488775,2.097,1.775
1788221511.495220,1788221511.496629,1.410,0.571
1788221511.497726,1788221511.504029,6.303,5.966
1788221511.511260,1788221511.512255,0.995,0.557
1788221511.519771,1788221511.520777,1.006,0.784
1788221511.528280,1788221511.528280,0.000,0.401
1788221511.536280,1788221511.536280,0.000,0.248
1788221511.543975,1788221511.544982,1.007,0.825
1788221511.544982,1788221511.553020,8.038,7.616
1788221511.559543,1788221511.560546,1.003,0.919
1788221511.561545,1788221511.568604,7.060,7.065
1788221511.575608,1788221511.576609,1.001,0.530
1788221511.577610,1788221511.585045,7.436,6.370
1788221511.591660,1788221511.592660,1.000,0.527
1788221511.594668,1788221511.600594,5.926,5.963
1788221511.607913,1788221511.608920,1.008,0.192
1788221511.611918,1788221511.616926,5.008,4.881
1788221511.623442,1788221511.624953,1.511,1.208
1788221511.628525,1788221511.632568,4.044,4.049
1788221511.639073,1788221511.640589,1.515,1.640
1788221511.644588,1788221511.648889,4.302,3.481
1788221511.654687,1788221511.656703,2.015,1.736
1788221511.661281,1788221511.664818,3.537,2.268
1788221511.669996,1788221511.672511,2.514,2.601
1788221511.677979,1788221511.681000,3.021,2.355
1788221511.686008,1788221511.688007,2.000,2.182
1788221511.694718,1788221511.696758,2.040,1.821
1788221511.703113,1788221511.705104,1.992,1.876
1788221511.711633,1788221511.712652,1.019,1.249
1788221511.718632,1788221511.721147,2.515,1.016
1788221511.728149,1788221511.729156,1.007,0.635
1788221511.736663,1788221511.736663,0.000,0.424
1788221511.736663,1788221511.745179,8.517,8.434
1788221511.746180,1788221511.752903,6.723,6.127
1788221511.753896,1788221511.760896,6.999,6.672
1788221511.762075,1788221511.768598,6.523,6.807
1788221511.775735,1788221511.776732,0.997,0.765
1788221511.778734,1788221511.785254,6.521,6.230
1788221511.792797,1788221511.792797,0.000,0.377
1788221511.795788,1788221511.801003,5.216,4.854
1788221511.807530,1788221511.808522,0.991,1.170
1788221511.812052,1788221511.817062,5.010,5.014
1788221511.823565,1788221511.824564,0.998,1.016
1788221511.827566,1788221511.833279,5.713,4.695
1788221511.839289,1788221511.840291,1.002,1.307
1788221511.844810,1788221511.848881,4.071,3.957
1788221511.854406,1788221511.857445,3.038,2.216
1788221511.860459,1788221511.864479,4.020,3.369
1788221511.870480,1788221511.872958,2.478,2.253
1788221511.877477,1788221511.881474,3.998,2.801
1788221511.885539,1788221511.888538,2.999,2.928
1788221511.895583,1788221511.897591,2.008,0.604
1788221511.903671,1788221511.904681,1.011,1.260
1788221511.911682,1788221511.913180,1.498,1.186
1788221511.916191,1788221511.921193,5.002,4.667
1788221511.928357,1788221511.929366,1.009,0.937
1788221511.935969,1788221511.936980,1.011,0.771
1788221511.945049,1788221511.945049,0.000,0.092
1788221511.946561,1788221511.953279,6.718,6.318
1788221511.953279,1788221511.961291,8.012,7.378
1788221511.961291,1788221511.969357,8.066,7.768
1788221511.970357,1788221511.976884,6.528,6.891
1788221511.977882,1788221511.985424,7.542,6.804
1788221511.992518,1788221511.992518,0.000,0.069
1788221511.997047,1788221512.001086,4.039,4.148
1788221512.008666,1788221512.009664,0.998,0.695
1788221512.011664,1788221512.017183,5.518,5.351
1788221512.023291,1788221512.024861,1.570,1.796
1788221512.028855,1788221512.032856,4.001,4.582
1788221512.038399,1788221512.041390,2.991,2.775
1788221512.044901,1788221512.049536,4.634,4.566
1788221512.053524,1788221512.057448,3.923,3.659
1788221512.063740,1788221512.065363,1.623,1.283
1788221512.069904,1788221512.072966,3.062,3.334
1788221512.078528,1788221512.081002,2.475,2.672
1788221512.086284,1788221512.089361,3.077,2.938
1788221512.094351,1788221512.097529,3.178,2.319
1788221512.102550,1788221512.104550,2.000,2.481
1788221512.112122,1788221512.113118,0.996,1.357
1788221512.119637,1788221512.121637,1.999,1.640
1788221512.128162,1788221512.129163,1.001,1.212
1788221512.135163,1788221512.137691,2.528,1.288
1788221512.144703,1788221512.145702,0.999,0.624
1788221512.153220,1788221512.153220,0.000,0.333
1788221512.160748,1788221512.161748,1.000,0.563
1788221512.168797,1788221512.169797,1.000,0.104
1788221512.169797,1788221512.177336,7.539,7.875
1788221512.178346,1788221512.185356,7.010,7.065
1788221512.191944,1788221512.193634,1.689,1.792
1788221512.195459,1788221512.201650,6.191,6.407
1788221512.207265,1788221512.209751,2.486,2.117
1788221512.211409,1788221512.217934,6.525,5.812
1788221512.221947,1788221512.225948,4.001,3.428
1788221512.228461,1788221512.233474,5.013,5.020
1788221512.237477,1788221512.241998,4.521,3.803
1788221512.247527,1788221512.250057,2.530,1.349
1788221512.253056,1788221512.258056,5.000,4.245
1788221512.262119,1788221512.265657,3.539,2.884
1788221512.270189,1788221512.274189,4.000,3.708
1788221512.277191,1788221512.281729,4.538,3.551
1788221512.286720,1788221512.289505,2.785,3.215
1788221512.294598,1788221512.297611,3.012,2.897
1788221512.299371,1788221512.305924,6.553,6.196
1788221512.310231,1788221512.313710,3.479,2.590
1788221512.320225,1788221512.322248,2.022,1.255
1788221512.329243,1788221512.330244,1.001,0.194
1788221512.330755,1788221512.337770,7.015,7.311
1788221512.344304,1788221512.345303,0.999,1.268
1788221512.347300,1788221512.353570,6.270,6.811
1788221512.353570,1788221512.361483,7.913,7.578
1788221512.369722,1788221512.369722,0.000,0.245
1788221512.376792,1788221512.377791,0.999,0.772
1788221512.377791,1788221512.385398,7.607,7.553
1788221512.392017,1788221512.393935,1.918,1.768
1788221512.394936,1788221512.402259,7.323,6.940
1788221512.407150,1788221512.410143,2.993,2.243
1788221512.411653,1788221512.417667,6.014,6.086
1788221512.422894,1788221512.425904,3.010,2.964
1788221512.428896,1788221512.434123,5.227,5.100
1788221512.438137,1788221512.442137,4.000,3.559
1788221512.445161,1788221512.449676,4.515,5.114
1788221512.454216,1788221512.458216,4.000,3.582
1788221512.460741,1788221512.465892,5.151,4.807
1788221512.468891,1788221512.474424,5.533,4.812
1788221512.478420,1788221512.482420,4.000,3.729
1788221512.485629,1788221512.490164,4.535,3.584
1788221512.494686,1788221512.498200,3.515,2.883
1788221512.502924,1788221512.505943,3.018,2.836
1788221512.511943,1788221512.514484,2.541,2.056
1788221512.519621,1788221512.521621,2.000,1.929
1788221512.529261,1788221512.530372,1.110,0.924
1788221512.536550,1788221512.538532,1.982,1.287
1788221512.544878,1788221512.545798,0.920,0.936
1788221512.544878,1788221512.554323,9.445,8.973
1788221512.561425,1788221512.562444,1.019,0.327
1788221512.562444,1788221512.569972,7.528,7.849
1788221512.575612,1788221512.578007,2.394,2.013
1788221512.578007,1788221512.586560,8.554,7.876
1788221512.592549,1788221512.593552,1.003,1.743
1788221512.595060,1788221512.601968,6.909,7.180
1788221512.606601,1788221512.610633,4.033,3.154
1788221512.611630,1788221512.618293,6.663,5.926
1788221512.622306,1788221512.626551,4.245,3.647
1788221512.627566,1788221512.634146,6.580,6.109
1788221512.638262,1788221512.641850,3.587,4.194
1788221512.647380,1788221512.649898,2.517,2.238
1788221512.652901,1788221512.657793,4.892,4.993
1788221512.662317,1788221512.666414,4.097,3.280
1788221512.670209,1788221512.674209,4.000,4.055
1788221512.677751,1788221512.682733,4.982,4.176
1788221512.685737,1788221512.690257,4.520,4.055
1788221512.694768,1788221512.697312,2.545,3.050
1788221512.702847,1788221512.705848,3.000,2.809
1788221512.713374,1788221512.714370,0.996,0.772
1788221512.720414,1788221512.722428,2.014,1.992
1788221512.727968,1788221512.729983,2.015,2.194
1788221512.736125,1788221512.738780,2.655,1.629
1788221512.745808,1788221512.745808,0.000,0.026
1788221512.754030,1788221512.754030,0.000,0.304
1788221512.761882,1788221512.762802,0.920,0.572
1788221512.769110,1788221512.770043,0.933,1.019
1788221512.776052,1788221512.778591,2.538,2.163
1788221512.785617,1788221512.786613,0.997,0.213
1788221512.792750,1788221512.794803,2.052,2.018
1788221512.794803,1788221512.802592,7.789,7.082
1788221512.807623,1788221512.810032,2.409,2.437
1788221512.811132,1788221512.818145,7.012,7.017
1788221512.823679,1788221512.826741,3.062,2.628
1788221512.827671,1788221512.834941,7.269,6.622
1788221512.839446,1788221512.842462,3.016,3.332
1788221512.844462,1788221512.850544,6.083,5.781
1788221512.854551,1788221512.858541,3.990,3.896
1788221512.862791,1788221512.866555,3.765,3.012
1788221512.872641,1788221512.874641,2.000,1.938
1788221512.877673,1788221512.882379,4.705,4.441
1788221512.886314,1788221512.890848,4.534,4.249
1788221512.894554,1788221512.898610,4.057,3.598
1788221512.903910,1788221512.906283,2.373,2.228
1788221512.911816,1788221512.914458,2.642,3.002
1788221512.919407,1788221512.923024,3.616,2.667
1788221512.927042,1788221512.930580,3.538,2.490
1788221512.936103,1788221512.939106,3.003,2.078
1788221512.944111,1788221512.946642,2.531,1.506
1788221512.952866,1788221512.954386,1.520,1.855
1788221512.961403,1788221512.962410,1.007,1.331
1788221512.969995,1788221512.971011,1.016,0.074
1788221512.977554,1788221512.978552,0.998,0.585
1788221512.985558,1788221512.986991,1.434,0.479
1788221512.985558,1788221512.994532,8.975,8.534
1788221512.996052,1788221513.002622,6.570,6.379
1788221513.002622,1788221513.010671,8.049,7.573
1788221513.011686,1788221513.018354,6.668,6.704
1788221513.019350,1788221513.027349,7.999,7.369
1788221513.027861,1788221513.034425,6.565,6.828
1788221513.035427,1788221513.042958,7.531,6.902
1788221513.043953,1788221513.051018,7.066,6.291
1788221513.058558,1788221513.058558,0.000,0.061
1788221513.061583,1788221513.066712,5.129,5.507
1788221513.074506,1788221513.074506,0.000,0.535
1788221513.079024,1788221513.083143,4.119,4.029
1788221513.089631,1788221513.091403,1.773,1.166
1788221513.093972,1788221513.099041,5.069,4.336
1788221513.106069,1788221513.107071,1.002,0.809
1788221513.111610,1788221513.114604,2.995,2.602
1788221513.121120,1788221513.123136,2.015,1.862
1788221513.128136,1788221513.130659,2.523,2.803
1788221513.136684,1788221513.138684,2.000,2.145
1788221513.139679,1788221513.147219,7.540,6.688
1788221513.153390,1788221513.155334,1.944,1.310
1788221513.160333,1788221513.162863,2.529,1.598
1788221513.169392,1788221513.170463,1.071,1.508
1788221513.177988,1788221513.178986,0.998,0.330
1788221513.186532,1788221513.187528,0.997,0.435
1788221513.195240,1788221513.195240,0.000,0.027
1788221513.199239,1788221513.203299,4.060,3.498
1788221513.204316,1788221513.211421,7.105,6.136
1788221513.214076,1788221513.219379,5.304,4.790
1788221513.219379,1788221513.226892,7.513,7.431
1788221513.229890,1788221513.235111,5.221,5.245
1788221513.237111,1788221513.243618,6.506,5.864
1788221513.245624,1788221513.251134,5.511,5.380
1788221513.253139,1788221513.258668,5.529,6.284
1788221513.261662,1788221513.267215,5.553,4.449
1788221513.270744,1788221513.275242,4.498,4.672
1788221513.278236,1788221513.283742,5.506,5.227
1788221513.286749,1788221513.291748,4.999,4.902
1788221513.294464,1788221513.299471,5.007,4.520
1788221513.307067,1788221513.307067,0.000,0.038
1788221513.312061,1788221513.315578,3.517,3.588
1788221513.322579,1788221513.323782,1.203,0.749
1788221513.328781,1788221513.331779,2.998,2.568
1788221513.337310,1788221513.339311,2.001,1.771
1788221513.344836,1788221513.347835,3.000,2.648
1788221513.352897,1788221513.355107,2.210,2.178
1788221513.362101,1788221513.363614,1.513,1.586
1788221513.369636,1788221513.371642,2.006,1.763
1788221513.378153,1788221513.379154,1.000,0.755
1788221513.385706,1788221513.387786,2.081,1.285
1788221513.394238,1788221513.395238,1.000,0.757
1788221513.403767,1788221513.403767,0.000,0.109
1788221513.410970,1788221513.411970,1.000,0.133
1788221513.414484,1788221513.419483,4.999,5.056
1788221513.419483,1788221513.428002,8.519,7.922
1788221513.430001,1788221513.436104,6.102,5.460
1788221513.436104,1788221513.443104,7.000,7.553
1788221513.445611,1788221513.452146,6.535,6.011
1788221513.452146,1788221513.459673,7.527,7.088
1788221513.461673,1788221513.467742,6.070,6.055
1788221513.470011,1788221513.476090,6.078,5.804
1788221513.478082,1788221513.484083,6.001,5.138
1788221513.486588,1788221513.491435,4.847,5.557
1788221513.495470,1788221513.499683,4.213,4.537
1788221513.507668,1788221513.507668,0.000,0.057
1788221513.511593,1788221513.516210,4.617,4.053
1788221513.523214,1788221513.524213,0.999,0.214
1788221513.523214,1788221513.531894,8.681,8.221
1788221513.539512,1788221513.539512,0.000,0.204
1788221513.545498,1788221513.548014,2.516,2.606
1788221513.555278,1788221513.556269,0.992,0.746
1788221513.561785,1788221513.563785,2.000,2.383
1788221513.571371,1788221513.572370,1.000,0.235
1788221513.577904,1788221513.579898,1.994,1.500
1788221513.586601,1788221513.587610,1.009,0.934
1788221513.594704,1788221513.595697,0.993,0.632
1788221513.603268,1788221513.604239,0.970,0.926
1788221513.611462,1788221513.611462,0.000,0.252
1788221513.619057,1788221513.620051,0.993,0.453
1788221513.620051,1788221513.628244,8.193,7.868
1788221513.632345,1788221513.636094,3.748,3.534
1788221513.636094,1788221513.643780,7.686,7.427
1788221513.648288,1788221513.652295,4.007,3.706
1788221513.652295,1788221513.660216,7.921,7.170
1788221513.663229,1788221513.668268,5.039,3.899
1788221513.669275,1788221513.675995,6.720,5.994
1788221513.678003,1788221513.684309,6.306,5.472
1788221513.686309,1788221513.691835,5.527,5.584
1788221513.694835,1788221513.700400,5.564,5.434
1788221513.707471,1788221513.708462,0.992,0.312
1788221513.711981,1788221513.716501,4.521,4.222
1788221513.723075,1788221513.724595,1.520,1.033
1788221513.730707,1788221513.732593,1.886,1.096
1788221513.739119,1788221513.740094,0.975,1.137
1788221513.739119,1788221513.747298,8.179,9.148
1788221513.754182,1788221513.756208,2.026,1.581
1788221513.761690,1788221513.764690,3.000,2.702
1788221513.770361,1788221513.772361,1.999,1.718
1788221513.778361,1788221513.783866,5.505,5.296
1788221513.786608,1788221513.791607,4.999,4.618
1788221513.795125,1788221513.800123,4.998,4.118
1788221513.802368,1788221513.807899,5.531,4.885
1788221513.811901,1788221513.815402,3.500,3.752
1788221513.819412,1788221513.823413,4.000,4.202
1788221513.828929,1788221513.831922,2.993,2.122
1788221513.837453,1788221513.839458,2.005,1.809
1788221513.847481,1788221513.847481,0.000,0.102
1788221513.853699,1788221513.855205,1.506,1.117
1788221513.862237,1788221513.863237,1.000,1.187
1788221513.870786,1788221513.871787,1.001,0.543
1788221513.877843,1788221513.879844,2.002,1.398
1788221513.886370,1788221513.887382,1.012,1.418
1788221513.894532,1788221513.895524,0.992,0.799
1788221513.903487,1788221513.903487,0.000,0.045
1788221513.911650,1788221513.911650,0.000,0.073
1788221513.911650,1788221513.920166,8.517,8.096
1788221513.925175,1788221513.927684,2.509,2.946
1788221513.927684,1788221513.935693,8.009,7.508
1788221513.939744,1788221513.943748,4.004,3.679
1788221513.945747,1788221513.952273,6.526,6.080
1788221513.955781,1788221513.960288,4.507,3.883
1788221513.962288,1788221513.968305,6.017,5.828
1788221513.971812,1788221513.975813,4.000,3.745
1788221513.978316,1788221513.984337,6.021,5.533
1788221513.987349,1788221513.991487,4.138,4.126
1788221513.994495,1788221513.999640,5.145,4.997
1788221514.003153,1788221514.007682,4.529,4.101
1788221514.011711,1788221514.015916,4.205,3.926
1788221514.019440,1788221514.024440,5.001,4.344
1788221514.027953,1788221514.031967,4.015,3.791
1788221514.033967,1788221514.039499,5.532,5.728
1788221514.044490,1788221514.047488,2.998,2.994
1788221514.054228,1788221514.056245,2.017,1.517
1788221514.063939,1788221514.063939,0.000,0.021
1788221514.070514,1788221514.072517,2.003,1.289
1788221514.079030,1788221514.080033,1.004,0.773
1788221514.086118,1788221514.088140,2.022,1.790
1788221514.095716,1788221514.095716,0.000,0.043
1788221514.102513,1788221514.103418,0.905,1.121
1788221514.111631,1788221514.111631,0.000,0.451
1788221514.118714,1788221514.120314,1.599,0.415
1788221514.124411,1788221514.128325,3.915,3.546
1788221514.128325,1788221514.136046,7.721,7.841
1788221514.140011,1788221514.144390,4.380,3.629
1788221514.144390,1788221514.152490,8.100,7.079
1788221514.155490,1788221514.160525,5.034,4.716
1788221514.161044,1788221514.168295,7.252,6.750
1788221514.170808,1788221514.175820,5.012,5.380
1788221514.178819,1788221514.184805,5.987,4.939
1788221514.186864,1788221514.192407,5.543,5.611
1788221514.194409,1788221514.200407,5.997,5.595
1788221514.202926,1788221514.208310,5.384,5.165
1788221514.211816,1788221514.216830,5.015,4.030
1788221514.219823,1788221514.224365,4.543,4.878
1788221514.231885,1788221514.231885,0.000,0.519
1788221514.236116,1788221514.240116,4.000,4.110
1788221514.247058,1788221514.248589,1.531,1.180
1788221514.253111,1788221514.256118,3.007,3.609
1788221514.262630,1788221514.265164,2.533,1.948
1788221514.262630,1788221514.272596,9.966,9.962
1788221514.277663,1788221514.280655,2.992,2.998
1788221514.287295,1788221514.288305,1.010,1.572
1788221514.294997,1788221514.297001,2.004,1.911
1788221514.302000,1788221514.304513,2.514,1.662
1788221514.310842,1788221514.313349,2.507,1.248
1788221514.319363,1788221514.320363,1.000,1.084
1788221514.327900,1788221514.328888,0.988,0.621
1788221514.336393,1788221514.336393,0.000,0.626
1788221514.340394,1788221514.344916,4.523,4.373
1788221514.353236,1788221514.353236,0.000,0.018
1788221514.354926,1788221514.361373,6.447,6.274
1788221514.361886,1788221514.369508,7.621,7.399
1788221514.370053,1788221514.376773,6.720,6.911
1788221514.378773,1788221514.385288,6.515,6.361
1788221514.386300,1788221514.393291,6.991,6.345
1788221514.394807,1788221514.400821,6.015,6.061
1788221514.402323,1788221514.408299,5.976,6.234
1788221514.411902,1788221514.417281,5.379,4.887
1788221514.419784,1788221514.425317,5.533,5.278
1788221514.432412,1788221514.433428,1.016,1.073
1788221514.437035,1788221514.441035,4.001,3.495
1788221514.447567,1788221514.448915,1.348,1.325
1788221514.452914,1788221514.457441,4.527,4.239
1788221514.464444,1788221514.465444,1.000,0.986
1788221514.469971,1788221514.473148,3.177,3.241
1788221514.478692,1788221514.481692,3.000,2.079
1788221514.478692,1788221514.488718,10.026,10.097
1788221514.497067,1788221514.497067,0.000,0.207
1788221514.497067,1788221514.505099,8.032,8.215
1788221514.511972,1788221514.512976,1.004,1.141
1788221514.520103,1788221514.521543,1.440,1.104
1788221514.528492,1788221514.529500,1.008,1.059
1788221514.536019,1788221514.537034,1.015,0.672
1788221514.545015,1788221514.545015,0.000,0.513
1788221514.553052,1788221514.553052,0.000,0.019
1788221514.556053,1788221514.561595,5.542,5.202
1788221514.561595,1788221514.569640,8.045,7.510
1788221514.571650,1788221514.577461,5.811,5.326
1788221514.579946,1788221514.585724,5.778,5.445
1788221514.586847,1788221514.593178,6.331,6.432
1788221514.596682,1788221514.601204,4.523,4.622
1788221514.603752,1788221514.608988,5.235,5.755
1788221514.617015,1788221514.617534,0.519,0.034
1788221514.619537,1788221514.625057,5.520,5.773
1788221514.631957,1788221514.633827,1.870,1.155
1788221514.637249,1788221514.641756,4.506,3.145
1788221514.647756,1788221514.649019,1.264,1.263
1788221514.653034,1788221514.657547,4.513,4.099
1788221514.662898,1788221514.665934,3.036,2.822
1788221514.669478,1788221514.674001,4.523,3.603
1788221514.678010,1788221514.681325,3.315,3.093
1788221514.686339,1788221514.689445,3.106,3.065
1788221514.695438,1788221514.696804,1.366,2.208
1788221514.702333,1788221514.704837,2.504,2.655
1788221514.711897,1788221514.713894,1.997,1.837
1788221514.720423,1788221514.721424,1.000,0.726
1788221514.727425,1788221514.729933,2.508,0.983
1788221514.736023,1788221514.737014,0.991,1.237
1788221514.744732,1788221514.745628,0.896,0.602
1788221514.752667,1788221514.753616,0.949,0.370
1788221514.755658,1788221514.761340,5.683,5.570
1788221514.762258,1788221514.769335,7.076,7.439
1788221514.771379,1788221514.777698,6.319,5.394
1788221514.778700,1788221514.785996,7.296,6.991
1788221514.786990,1788221514.794087,7.097,6.435
1788221514.795088,1788221514.801603,6.515,6.613
1788221514.802603,1788221514.810332,7.729,6.785
1788221514.811857,1788221514.817856,5.999,5.337
1788221514.818858,1788221514.825379,6.521,5.783
1788221514.832920,1788221514.833904,0.984,0.196
1788221514.836912,1788221514.841416,4.504,4.889
1788221514.849480,1788221514.849480,0.000,0.077
1788221514.853007,1788221514.858014,5.007,4.970
1788221514.864542,1788221514.865543,1.001,0.870
1788221514.869060,1788221514.874087,5.028,4.386
1788221514.880142,1788221514.882218,2.075,1.362
1788221514.886822,1788221514.889898,3.076,3.256
1788221514.895506,1788221514.897506,2.000,2.205
1788221514.903471,1788221514.905476,2.005,2.332
1788221514.912576,1788221514.913584,1.008,1.300
1788221514.919589,1788221514.921588,2.000,1.946
1788221514.928988,1788221514.929983,0.995,0.639
1788221514.936688,1788221514.937693,1.005,0.608
1788221514.945220,1788221514.946213,0.993,0.157
1788221514.952905,1788221514.953912,1.007,0.541
1788221514.961208,1788221514.961208,0.000,0.245
1788221514.969683,1788221514.970187,0.504,0.207
1788221514.972202,1788221514.977717,5.516,5.318
1788221514.978718,1788221514.986254,7.536,7.369
1788221514.988246,1788221514.993769,5.523,5.413
1788221514.994783,1788221515.001776,6.993,6.955
1788221515.003777,1788221515.010299,6.523,5.844
1788221515.003777,1788221515.017808,14.032,13.857
1788221515.022800,1788221515.026324,3.524,3.585
1788221515.028329,1788221515.033321,4.992,5.668
1788221515.036838,1788221515.041828,4.991,5.434
1788221515.044838,1788221515.049365,4.527,5.109
1788221515.052326,1788221515.057714,5.388,5.238
1788221515.061715,1788221515.065731,4.017,3.898
1788221515.069805,1788221515.073805,3.999,4.543
1788221515.081295,1788221515.082304,1.009,0.473
1788221515.085819,1788221515.090354,4.535,3.902
1788221515.096354,1788221515.097849,1.495,1.758
1788221515.103364,1788221515.106375,3.011,2.788
1788221515.112571,1788221515.114576,2.006,1.196
1788221515.121094,1788221515.122102,1.008,1.168
1788221515.128128,1788221515.130140,2.012,1.416
1788221515.137133,1788221515.138645,1.512,1.250
1788221515.145178,1788221515.146186,1.007,1.251
1788221515.152842,1788221515.153828,0.986,1.632
1788221515.160762,1788221515.162764,2.002,0.930
1788221515.170034,1788221515.170034,0.000,0.189
1788221515.177539,1788221515.177539,0.000,0.139
1788221515.177539,1788221515.186468,8.929,8.149
1788221515.190476,1788221515.194000,3.524,4.012
1788221515.194993,1788221515.202532,7.539,7.622
1788221515.205049,1788221515.210069,5.021,5.112
1788221515.211159,1788221515.218578,7.419,6.517
1788221515.220562,1788221515.225888,5.326,5.484
1788221515.227983,1788221515.234564,6.581,6.180
1788221515.236564,1788221515.242565,6.001,5.670
1788221515.245704,1788221515.249914,4.210,4.511
1788221515.253126,1788221515.258001,4.875,5.308
1788221515.261005,1788221515.266026,5.021,4.957
1788221515.269218,1788221515.273730,4.512,4.824
1788221515.281742,1788221515.282734,0.992,0.588
1788221515.286260,1788221515.290259,3.999,3.487
1788221515.297780,1788221515.298888,1.107,0.663
1788221515.302866,1788221515.306484,3.618,3.388
1788221515.314052,1788221515.314052,0.000,0.239
1788221515.320634,1788221515.322633,1.999,2.032
1788221515.328797,1788221515.330792,1.995,0.954
1788221515.336315,1788221515.338322,2.007,2.347
1788221515.344826,1788221515.346833,2.008,1.298
1788221515.353346,1788221515.354852,1.506,0.403
1788221515.361859,1788221515.362867,1.008,0.871
1788221515.370198,1788221515.370198,0.000,0.305
1788221515.378706,1788221515.378706,0.000,0.125
1788221515.378706,1788221515.387242,8.536,8.156
1788221515.391242,1788221515.394242,3.000,2.850
1788221515.395235,1788221515.402772,7.537,7.197
1788221515.406291,1788221515.410295,4.004,4.092
1788221515.411295,1788221515.419060,7.765,6.906
1788221515.422060,1788221515.426579,4.519,4.464
1788221515.429576,1788221515.435103,5.527,5.238
1788221515.437622,1788221515.442620,4.997,5.034
1788221515.444619,1788221515.451141,6.522,5.410
1788221515.453327,1788221515.458855,5.528,5.236
1788221515.462852,1788221515.466377,3.525,3.327
1788221515.469857,1788221515.474856,4.999,4.860
1788221515.478450,1788221515.482461,4.012,3.909
1788221515.486454,1788221515.491040,4.586,4.401
1788221515.495033,1788221515.498547,3.515,3.465
1788221515.502547,1788221515.506627,4.080,3.537
1788221515.511633,1788221515.514855,3.222,3.132
1788221515.519378,1788221515.522378,3.000,2.969
1788221515.529907,1788221515.530898,0.992,0.526
1788221515.535898,1788221515.538427,2.529,2.547
1788221515.545944,1788221515.546954,1.010,0.792
1788221515.552704,1788221515.554705,2.001,1.849
1788221515.561228,1788221515.563263,2.035,1.197
1788221515.569783,1788221515.570791,1.008,0.799
1788221515.578290,1788221515.579301,1.011,0.365
1788221515.578290,1788221515.586299,8.009,8.376
1788221515.594820,1788221515.594820,0.000,0.140
1788221515.594820,1788221515.603339,8.519,7.979
1788221515.608413,1788221515.610512,2.100,2.667
1788221515.611623,1788221515.619051,7.428,7.233
1788221515.623046,1788221515.627184,4.138,3.791
1788221515.628200,1788221515.635199,6.999,6.566
1788221515.638408,1788221515.642587,4.179,4.316
1788221515.645591,1788221515.650636,5.045,5.212
1788221515.653635,1788221515.658916,5.281,5.076
1788221515.660922,1788221515.667425,6.503,5.489
1788221515.669577,1788221515.675088,5.511,5.331
1788221515.677607,1788221515.683180,5.574,4.791
1788221515.686186,1788221515.691704,5.518,4.612
1788221515.695707,1788221515.698992,3.285,2.834
1788221515.703203,1788221515.707210,4.008,4.184
1788221515.712731,1788221515.715254,2.523,2.532
1788221515.719784,1788221515.722842,3.058,3.303
1788221515.730376,1788221515.731369,0.993,0.486
1788221515.736368,1788221515.738890,2.522,2.753
1788221515.745510,1788221515.747509,1.999,1.373
1788221515.752765,1788221515.754766,2.000,2.215
1788221515.761906,1788221515.762905,1.000,1.560
1788221515.770244,1788221515.771252,1.009,1.151
1788221515.778243,1788221515.779759,1.516,0.845
1788221515.786772,1788221515.787766,0.994,0.721
1788221515.794914,1788221515.795906,0.993,0.092
1788221515.803014,1788221515.804013,0.999,0.608
1788221515.811518,1788221515.811518,0.000,0.099
1788221515.811518,1788221515.819024,7.506,7.642
1788221515.823560,1788221515.827550,3.990,3.799
1788221515.828551,1788221515.836072,7.522,7.302
1788221515.839068,1788221515.843147,4.079,4.212
1788221515.846148,1788221515.851705,5.557,5.381
1788221515.853707,1788221515.859213,5.506,5.822
1788221515.861213,1788221515.866682,5.469,5.550
1788221515.871189,1788221515.875696,4.507,4.314
1788221515.878699,1788221515.883405,4.706,5.276
1788221515.886483,1788221515.891492,5.009,5.242
1788221515.894800,1788221515.899800,5.000,4.453
1788221515.902909,1788221515.907917,5.008,4.550
1788221515.911910,1788221515.915314,3.404,3.381
1788221515.920316,1788221515.923438,3.122,3.606
1788221515.931439,1788221515.931439,0.000,0.521
1788221515.936784,1788221515.940286,3.503,3.194
1788221515.945825,1788221515.947816,1.991,1.704
1788221515.952948,1788221515.956344,3.396,2.533
1788221515.962346,1788221515.963344,0.998,1.927
1788221515.962346,1788221515.972067,9.721,9.944
1788221515.978469,1788221515.980468,1.999,1.384
1788221515.986584,1788221515.987583,0.999,1.127
1788221515.995091,1788221515.996105,1.014,1.090
1788221516.004095,1788221516.004604,0.509,0.150
1788221516.011610,1788221516.012610,1.000,0.252
1788221516.011610,1788221516.020118,8.508,8.265
1788221516.022119,1788221516.028639,6.521,5.734
1788221516.028639,1788221516.036158,7.519,7.447
1788221516.038158,1788221516.044667,6.509,6.040
1788221516.050675,1788221516.052675,1.999,1.094
1788221516.053679,1788221516.060718,7.039,6.675
1788221516.061719,1788221516.068676,6.957,6.656
1788221516.069679,1788221516.076210,6.531,6.701
1788221516.078186,1788221516.084581,6.395,5.148
1788221516.086586,1788221516.092744,6.158,5.703
1788221516.100251,1788221516.100251,0.000,0.369
1788221516.102251,1788221516.108766,6.515,5.749
1788221516.114767,1788221516.116030,1.263,1.379
1788221516.119028,1788221516.124032,5.005,5.055
1788221516.129542,1788221516.133051,3.509,3.086
1788221516.137348,1788221516.140354,3.006,3.391
1788221516.145370,1788221516.149060,3.690,3.515
1788221516.153270,1788221516.156235,2.965,3.732
1788221516.161049,1788221516.164062,3.013,3.132
1788221516.170088,1788221516.173087,2.999,2.526
1788221516.177647,1788221516.180650,3.003,2.546
1788221516.186154,1788221516.189157,3.004,1.901
1788221516.194157,1788221516.196665,2.508,2.041
1788221516.202666,1788221516.204676,2.010,1.579
1788221516.212006,1788221516.213513,1.507,0.051
1788221516.220035,1788221516.221035,1.000,0.307
1788221516.228540,1788221516.228540,0.000,0.221
1788221516.236540,1788221516.237044,0.504,0.301
1788221516.245204,1788221516.245204,0.000,0.034
1788221516.251419,1788221516.253419,2.000,1.380
1788221516.253419,1788221516.260946,7.527,7.746
1788221516.267442,1788221516.268451,1.009,1.436
1788221516.269756,1788221516.277059,7.303,7.121
1788221516.283028,1788221516.285027,1.999,1.745
1788221516.287533,1788221516.293536,6.004,5.418
1788221516.298798,1788221516.301291,2.494,1.996
1788221516.303207,1788221516.309081,5.873,5.969
1788221516.314586,1788221516.317583,2.997,2.451
1788221516.321464,1788221516.325462,3.998,3.754
1788221516.330975,1788221516.332974,1.999,2.125
1788221516.336980,1788221516.341138,4.158,4.090
1788221516.345427,1788221516.349162,3.735,3.711
1788221516.353167,1788221516.357276,4.109,4.049
1788221516.361460,1788221516.365458,3.999,3.717
1788221516.368983,1788221516.372986,4.003,3.774
1788221516.378481,1788221516.381484,3.003,2.538
1788221516.386485,1788221516.389001,2.516,2.886
1788221516.395005,1788221516.397005,2.000,2.466
1788221516.403533,1788221516.405532,1.999,2.027
1788221516.411767,1788221516.413283,1.517,1.521
1788221516.421348,1788221516.421348,0.000,0.262
1788221516.428351,1788221516.429351,1.000,0.268
1788221516.436965,1788221516.436965,0.000,0.276
1788221516.444468,1788221516.445468,0.999,0.436
1788221516.452975,1788221516.452975,0.000,0.204
1788221516.454975,1788221516.461674,6.699,6.008
1788221516.461674,1788221516.469176,7.503,7.004
1788221516.470179,1788221516.477183,7.004,7.014
1788221516.485166,1788221516.485166,0.000,0.124
1788221516.486167,1788221516.493263,7.095,7.013
1788221516.500361,1788221516.500866,0.504,0.866
1788221516.502871,1788221516.509528,6.658,6.794
1788221516.516150,1788221516.517555,1.405,0.802
1788221516.519561,1788221516.525778,6.217,5.492
1788221516.531984,1788221516.533612,1.629,1.308
1788221516.536320,1788221516.541621,5.301,4.990
1788221516.547291,1788221516.549805,2.515,2.097
1788221516.553313,1788221516.557834,4.521,4.224
1788221516.562354,1788221516.565353,2.999,3.127
1788221516.568879,1788221516.573398,4.519,3.985
1788221516.577403,1788221516.581906,4.503,4.164
1788221516.585912,1788221516.589910,3.999,3.536
1788221516.594886,1788221516.597894,3.008,2.636
1788221516.602408,1788221516.605415,3.007,2.679
1788221516.611603,1788221516.614127,2.524,2.122
1788221516.620133,1788221516.621131,0.998,1.257
1788221516.627668,1788221516.629668,2.000,1.421
1788221516.636190,1788221516.638191,2.001,0.837
1788221516.644467,1788221516.645468,1.001,0.863
1788221516.653477,1788221516.653477,0.000,0.424
1788221516.654481,1788221516.662270,7.788,6.929
1788221516.669930,1788221516.669930,0.000,0.110
1788221516.669930,1788221516.677453,7.522,7.791
1788221516.684763,1788221516.685755,0.992,0.805
1788221516.686755,1788221516.694266,7.510,7.481
1788221516.700571,1788221516.701548,0.977,1.426
1788221516.702558,1788221516.710085,7.527,6.811
1788221516.715992,1788221516.718017,2.025,1.928
1788221516.719993,1788221516.726504,6.511,5.519
1788221516.731505,1788221516.733502,1.998,2.481
1788221516.737021,1788221516.742026,5.006,5.002
1788221516.747075,1788221516.750083,3.008,2.974
1788221516.754076,1788221516.757755,3.679,4.036
1788221516.761751,1788221516.766270,4.519,4.388
1788221516.771778,1788221516.774119,2.341,2.425
1788221516.777804,1788221516.781754,3.950,4.007
1788221516.787095,1788221516.790472,3.377,3.172
1788221516.794639,1788221516.797978,3.339,3.308
1788221516.803555,1788221516.806420,2.866,2.159
1788221516.811845,1788221516.813844,1.999,1.809
1788221516.820063,1788221516.822156,2.094,2.345
1788221516.830191,1788221516.830694,0.503,0.103
1788221516.836711,1788221516.838707,1.996,1.181
1788221516.843946,1788221516.846552,2.606,1.224
1788221516.852730,1788221516.854729,1.999,1.068
1788221516.861812,1788221516.862816,1.004,0.050
1788221516.869877,1788221516.869877,0.000,0.634
1788221516.877912,1788221516.877912,0.000,0.356
1788221516.885442,1788221516.886436,0.995,0.813
1788221516.886436,1788221516.894760,8.324,7.500
1788221516.901276,1788221516.902278,1.001,0.592
1788221516.903286,1788221516.910793,7.507,7.061
1788221516.916313,1788221516.918858,2.545,1.853
1788221516.919850,1788221516.926857,7.007,6.612
1788221516.932379,1788221516.934380,2.000,1.665
1788221516.937374,1788221516.942899,5.525,5.206
1788221516.948433,1788221516.950507,2.074,2.350
1788221516.953430,1788221516.958117,4.687,5.027
1788221516.963432,1788221516.966437,3.005,2.937
1788221516.970831,1788221516.974828,3.997,3.235
1788221516.978350,1788221516.982435,4.085,3.942
1788221516.986443,1788221516.990894,4.451,3.951
1788221516.995028,1788221516.998540,3.512,3.577
1788221517.003570,1788221517.006629,3.058,2.961
1788221517.014145,1788221517.014145,0.000,0.506
1788221517.019176,1788221517.022191,3.015,2.959
1788221517.028183,1788221517.030714,2.530,1.798
1788221517.036428,1788221517.038503,2.075,2.426
1788221517.045036,1788221517.046105,1.069,1.688
1788221517.052799,1788221517.054805,2.006,1.833
1788221517.061146,1788221517.063057,1.912,0.974
1788221517.069812,1788221517.070816,1.004,0.726
1788221517.078816,1788221517.079370,0.554,0.050
1788221517.086049,1788221517.087052,1.003,0.163
1788221517.087052,1788221517.094750,7.699,7.868
1788221517.100398,1788221517.102500,2.102,2.191
1788221517.102500,1788221517.110919,8.419,7.787
1788221517.116041,1788221517.118385,2.344,2.400
1788221517.119386,1788221517.126994,7.608,7.089
1788221517.132771,1788221517.134691,1.920,2.405
1788221517.136694,1788221517.142369,5.675,5.732
1788221517.148458,1788221517.150988,2.531,2.725
1788221517.152995,1788221517.158599,5.604,5.615
1788221517.163280,1788221517.167199,3.919,3.416
1788221517.169899,1788221517.175421,5.522,4.616
1788221517.178420,1788221517.182943,4.523,4.442
1788221517.186943,1788221517.190949,4.006,3.628
1788221517.195455,1788221517.198462,3.007,3.807
1788221517.203983,1788221517.206989,3.006,3.295
1788221517.210989,1788221517.214504,3.515,3.396
1788221517.220732,1788221517.223247,2.515,1.953
1788221517.230756,1788221517.230756,0.000,0.359
1788221517.237278,1788221517.239285,2.007,1.617
1788221517.244314,1788221517.247314,3.000,2.314
1788221517.253918,1788221517.254880,0.962,0.709
1788221517.253918,1788221517.263244,9.326,8.725
1788221517.269950,1788221517.271013,1.062,1.087
1788221517.278515,1788221517.279516,1.001,0.314
1788221517.287056,1788221517.287056,0.000,0.139
1788221517.294592,1788221517.294592,0.000,0.151
1788221517.299591,1788221517.302590,3.000,3.245
1788221517.305303,1788221517.311257,5.954,5.976
1788221517.315013,1788221517.318674,3.660,3.612
1788221517.320595,1788221517.327271,6.676,6.520
1788221517.330234,1788221517.335687,5.453,4.594
1788221517.335687,1788221517.343615,7.928,6.962
1788221517.345944,1788221517.350944,4.999,4.998
1788221517.352936,1788221517.359730,6.794,5.722
1788221517.361718,1788221517.367146,5.427,5.322
1788221517.369658,1788221517.375193,5.534,5.300
1788221517.378197,1788221517.383189,4.992,4.612
1788221517.386713,1788221517.391712,5.000,4.806
1788221517.395246,1788221517.399250,4.004,4.130
1788221517.403250,1788221517.407338,4.088,3.721
1788221517.411335,1788221517.414851,3.516,3.437
1788221517.419417,1788221517.423917,4.499,3.258
1788221517.429430,1788221517.431436,2.006,2.186
1788221517.436498,1788221517.439497,3.000,2.797
1788221517.444498,1788221517.447023,2.526,2.340
1788221517.455026,1788221517.455026,0.000,0.096
1788221517.461080,1788221517.463162,2.082,1.922
1788221517.469762,1788221517.471024,1.262,1.543
1788221517.477627,1788221517.479626,1.999,1.432
1788221517.486264,1788221517.487269,1.005,1.202
1788221517.494790,1788221517.494790,0.000,0.690
1788221517.503297,1788221517.503297,0.000,0.225
1788221517.503297,1788221517.511383,8.086,8.239
1788221517.519628,1788221517.519628,0.000,0.034
1788221517.519628,1788221517.527320,7.693,8.041
1788221517.530320,1788221517.535398,5.079,5.106
1788221517.536906,1788221517.543993,7.087,6.146
1788221517.545972,1788221517.551594,5.622,4.947
1788221517.553587,1788221517.559659,6.072,6.205
1788221517.561659,1788221517.567178,5.519,5.513
1788221517.569698,1788221517.575709,6.011,5.723
1788221517.578227,1788221517.583234,5.007,5.553
1788221517.586308,1788221517.591469,5.161,5.283
1788221517.594532,1788221517.599166,4.634,4.631
1788221517.603085,1788221517.607762,4.677,4.867
1788221517.611775,1788221517.615558,3.783,3.960
1788221517.622475,1788221517.623388,0.913,0.881
1788221517.629368,1788221517.631574,2.206,2.077
1788221517.638993,1788221517.639506,0.514,0.932
1788221517.644516,1788221517.647522,3.006,2.591
1788221517.654048,1788221517.656041,1.993,1.122
1788221517.661120,1788221517.664129,3.010,2.041
1788221517.669645,1788221517.671419,1.774,1.988
1788221517.677409,1788221517.679925,2.516,1.627
1788221517.686426,1788221517.687430,1.004,1.183
1788221517.694960,1788221517.695960,1.000,0.625
1788221517.702510,1788221517.703511,1.001,0.769
1788221517.711042,1788221517.712034,0.993,0.283
1788221517.719574,1788221517.719574,0.000,0.266
1788221517.719574,1788221517.727911,8.337,7.807
1788221517.731037,1788221517.736046,5.009,4.714
1788221517.738042,1788221517.743570,5.528,5.971
1788221517.747571,1788221517.752095,4.524,4.583
1788221517.753095,1788221517.759095,6.000,6.571
1788221517.761622,1788221517.768079,6.456,6.053
1788221517.769590,1788221517.776142,6.552,6.488
1788221517.778140,1788221517.783664,5.524,5.822
1788221517.785666,1788221517.792202,6.537,5.714
1788221517.794211,1788221517.800215,6.004,5.057
1788221517.802410,1788221517.807517,5.108,4.841
1788221517.811519,1788221517.815577,4.059,4.277
1788221517.823608,1788221517.823608,0.000,0.113
1788221517.829614,1788221517.832121,2.507,1.905
1788221517.839127,1788221517.840137,1.010,0.788
1788221517.844642,1788221517.848144,3.502,3.191
1788221517.854681,1788221517.855681,1.000,0.835
1788221517.861199,1788221517.863706,2.508,2.485
1788221517.871215,1788221517.872214,0.999,0.204
1788221517.878308,1788221517.880306,1.999,1.990
1788221517.885815,1788221517.888327,2.512,1.546
1788221517.894843,1788221517.896241,1.398,0.930
1788221517.903244,1788221517.904573,1.328,1.199
1788221517.911574,1788221517.912572,0.998,0.139
1788221517.919151,1788221517.920151,1.001,0.697
1788221517.927673,1788221517.928673,1.000,0.042
1788221517.936291,1788221517.936291,0.000,0.062
1788221517.936291,1788221517.943801,7.510,7.738
1788221517.947804,1788221517.951804,4.000,4.411
1788221517.952807,1788221517.960323,7.516,6.605
1788221517.962701,1788221517.968207,5.506,5.276
1788221517.969710,1788221517.976243,6.533,6.804
1788221517.978835,1788221517.984348,5.513,5.511
1788221517.985619,1788221517.992611,6.992,6.004
1788221517.994612,1788221518.000286,5.674,5.274
1788221518.003286,1788221518.007795,4.509,4.913
1788221518.011796,1788221518.016304,4.507,4.686
1788221518.023642,1788221518.023642,0.000,0.345
1788221518.028150,1788221518.032153,4.003,4.178
1788221518.038675,1788221518.040665,1.990,1.433
1788221518.047196,1788221518.048196,1.000,0.512
1788221518.054204,1788221518.056712,2.508,1.861
1788221518.062227,1788221518.064740,2.513,2.149
1788221518.069740,1788221518.071935,2.195,2.131
1788221518.078443,1788221518.080444,2.000,1.709
1788221518.086437,1788221518.088442,2.005,2.063
1788221518.094945,1788221518.095950,1.004,1.626
1788221518.103163,1788221518.104667,1.503,1.211
1788221518.111291,1788221518.112802,1.511,0.956
1788221518.119336,1788221518.120347,1.011,0.674
1788221518.128470,1788221518.128470,0.000,0.095
1788221518.131476,1788221518.136666,5.190,5.022
1788221518.136666,1788221518.144185,7.519,7.702
1788221518.147192,1788221518.152185,4.993,4.828
1788221518.153185,1788221518.160786,7.601,6.556
1788221518.162817,1788221518.168837,6.021,5.281
1788221518.169829,1788221518.176259,6.429,6.802
1788221518.178267,1788221518.185003,6.736,6.200
1788221518.185995,1788221518.193003,7.008,6.160
1788221518.194507,1788221518.200518,6.011,5.638
1788221518.208040,1788221518.209047,1.007,0.397
1788221518.211033,1788221518.216134,5.101,5.016
1788221518.223649,1788221518.224169,0.520,0.913
1788221518.228172,1788221518.232173,4.001,4.504
1788221518.239254,1788221518.240254,0.999,0.823
1788221518.244770,1788221518.248769,3.999,4.021
1788221518.254284,1788221518.256299,2.015,2.087
1788221518.262819,1788221518.264338,1.519,1.423
1788221518.270856,1788221518.272856,2.000,2.120
1788221518.278381,1788221518.280380,2.000,2.026
1788221518.286443,1788221518.288946,2.503,2.114
1788221518.295457,1788221518.296461,1.004,1.302
1788221518.303461,1788221518.304974,1.513,0.960
1788221518.311983,1788221518.312983,0.999,0.333
1788221518.319561,1788221518.320561,1.000,0.545
1788221518.328087,1788221518.329081,0.994,0.098
1788221518.336592,1788221518.336592,0.000,0.076
1788221518.344585,1788221518.344585,0.000,0.018
1788221518.352624,1788221518.352624,0.000,0.035
1788221518.352624,1788221518.360722,8.098,7.883
1788221518.364332,1788221518.368849,4.517,4.607
1788221518.371365,1788221518.377357,5.992,4.965
1788221518.379366,1788221518.385332,5.966,4.900
1788221518.386343,1788221518.393323,6.980,6.278
1788221518.395347,1788221518.401063,5.716,5.153
1788221518.402979,1788221518.408759,5.780,5.919
1788221518.411671,1788221518.417283,5.613,5.438
1788221518.419882,1788221518.424886,5.004,5.381
1788221518.429276,1788221518.433276,3.999,4.107
1788221518.435804,1788221518.441338,5.534,4.565
1788221518.445332,1788221518.448863,3.531,4.044
1788221518.452856,1788221518.456865,4.009,4.316
1788221518.462589,1788221518.464681,2.092,2.717
1788221518.473053,1788221518.473053,0.000,0.020
1788221518.478683,1788221518.480679,1.996,2.046
1788221518.488251,1788221518.489262,1.011,0.693
1788221518.494324,1788221518.497324,3.000,2.260
1788221518.504848,1788221518.504848,0.000,0.231
1788221518.511374,1788221518.513365,1.991,1.293
1788221518.519915,1788221518.520896,0.982,0.763
1788221518.528579,1788221518.529592,1.013,0.490
1788221518.536592,1788221518.536592,0.000,0.621
1788221518.544371,1788221518.545287,0.916,0.248
1788221518.552538,1788221518.553649,1.111,0.349
1788221518.552538,1788221518.561283,8.745,8.360
1788221518.567477,1788221518.569489,2.012,1.785
1788221518.569993,1788221518.577512,7.519,7.363
1788221518.582035,1788221518.585035,3.000,2.602
1788221518.586035,1788221518.593568,7.533,6.692
1788221518.597576,1788221518.601125,3.549,3.213
1788221518.603121,1788221518.609800,6.679,6.394
1788221518.613397,1788221518.617472,4.075,4.369
1788221518.621640,1788221518.625170,3.529,3.672
1788221518.628327,1788221518.633419,5.092,4.959
1788221518.636421,1788221518.641946,5.525,5.191
1788221518.644944,1788221518.648946,4.003,4.484
1788221518.653474,1788221518.656483,3.009,4.285
1788221518.661957,1788221518.665489,3.532,3.453
1788221518.669984,1788221518.673365,3.381,3.576
1788221518.680360,1788221518.681374,1.014,1.437
1788221518.686532,1788221518.689569,3.037,3.112
1788221518.689569,1788221518.698025,8.455,7.868
1788221518.705060,1788221518.705586,0.526,0.792
1788221518.712187,1788221518.713871,1.684,1.655
1788221518.720543,1788221518.720543,0.000,1.000
1788221518.728171,1788221518.729164,0.993,1.148
1788221518.736692,1788221518.737693,1.001,0.958
1788221518.736692,1788221518.745225,8.533,8.964
1788221518.752362,1788221518.753689,1.328,0.958
1788221518.760687,1788221518.762189,1.502,0.023
1788221518.766523,1788221518.770039,3.516,3.525
1788221518.770039,1788221518.777559,7.520,7.334
1788221518.781569,1788221518.786079,4.510,4.026
1788221518.786079,1788221518.793144,7.065,7.244
1788221518.797467,1788221518.801460,3.993,4.218
1788221518.803981,1788221518.809986,6.006,5.561
1788221518.813556,1788221518.818175,4.618,4.062
1788221518.819219,1788221518.826125,6.907,5.726
1788221518.829200,1788221518.834085,4.885,4.518
1788221518.836601,1788221518.841600,5.000,5.518
1788221518.845251,1788221518.850000,4.749,4.107
1788221518.853068,1788221518.857640,4.572,4.420
1788221518.860642,1788221518.865780,5.138,4.709
1788221518.870294,1788221518.873305,3.011,3.394
1788221518.878824,1788221518.881819,2.995,3.230
1788221518.886348,1788221518.890347,3.999,3.038
1788221518.894908,1788221518.897423,2.515,3.073
1788221518.903416,1788221518.905952,2.536,2.387
1788221518.911950,1788221518.913956,2.007,1.903
1788221518.919482,1788221518.921980,2.498,1.924
1788221518.928531,1788221518.929542,1.012,1.486
1788221518.937064,1788221518.938056,0.992,0.947
1788221518.944063,1788221518.945569,1.507,0.877
1788221518.953577,1788221518.953577,0.000,0.174
1788221518.961105,1788221518.962099,0.993,0.289
1788221518.970145,1788221518.970145,0.000,0.085
1788221518.970145,1788221518.977776,7.631,7.478
1788221518.984780,1788221518.986413,1.633,1.172
1788221518.990501,1788221518.994487,3.986,3.321
1788221519.000089,1788221519.002173,2.084,1.898
1788221519.003084,1788221519.009784,6.700,7.025
1788221519.013804,1788221519.018390,4.586,3.758
1788221519.019406,1788221519.026505,7.099,5.467
1788221519.029743,1788221519.033873,4.129,3.671
1788221519.038156,1788221519.042155,3.998,4.091
1788221519.045147,1788221519.049680,4.533,4.746
1788221519.053205,1788221519.057724,4.518,4.960
1788221519.062731,1788221519.066307,3.576,2.855
1788221519.068845,1788221519.074362,5.517,4.563
1788221519.078878,1788221519.082405,3.527,3.589
1788221519.085427,1788221519.089951,4.523,4.154
1788221519.094995,1788221519.098517,3.522,3.465
1788221519.102524,1788221519.106525,4.001,3.367
1788221519.111053,1788221519.114061,3.008,2.648
1788221519.121598,1788221519.122588,0.990,0.478
1788221519.128118,1788221519.130635,2.517,1.987
1788221519.137161,1788221519.138169,1.008,0.620
1788221519.145170,1788221519.146779,1.608,0.502
1788221519.153782,1788221519.154782,1.000,0.762
1788221519.162318,1788221519.162318,0.000,0.043
1788221519.169457,1788221519.170453,0.996,0.583
1788221519.178333,1788221519.178333,0.000,0.285
1788221519.186339,1788221519.186339,0.000,0.063
1788221519.186339,1788221519.194873,8.533,8.077
1788221519.199408,1788221519.202404,2.996,2.663
1788221519.202404,1788221519.209932,7.528,7.517
1788221519.214935,1788221519.218489,3.555,3.241
1788221519.219469,1788221519.226777,7.308,6.691
1788221519.230310,1788221519.234304,3.994,3.452
1788221519.235303,1788221519.242832,7.529,6.151
1788221519.245830,1788221519.250355,4.525,4.317
1788221519.253347,1788221519.258888,5.540,5.294
1788221519.261878,1788221519.266418,4.540,4.249
1788221519.268949,1788221519.274469,5.520,4.450
1788221519.277471,1788221519.282616,5.145,4.376
1788221519.286611,1788221519.290140,3.530,4.113
1788221519.294657,1788221519.298350,3.694,3.784
1788221519.303348,1788221519.306347,3.000,3.181
1788221519.311475,1788221519.314006,2.531,2.576
1788221519.319530,1788221519.322537,3.007,2.713
1788221519.328574,1788221519.330584,2.010,1.878
1788221519.336114,1788221519.338645,2.531,2.200
1788221519.344641,1788221519.346635,1.994,1.079
1788221519.353162,1788221519.354176,1.014,1.714
1788221519.361684,1788221519.362699,1.015,1.090
1788221519.369787,1788221519.370787,1.000,0.909
1788221519.378397,1788221519.378397,0.000,0.026
1788221519.386410,1788221519.386915,0.505,0.043
1788221519.387923,1788221519.394380,6.458,6.758
1788221519.398924,1788221519.402929,4.005,3.782
1788221519.403924,1788221519.410513,6.589,6.714
1788221519.413031,1788221519.418563,5.532,5.138
1788221519.419559,1788221519.426623,7.064,6.581
1788221519.428631,1788221519.435176,6.544,6.322
1788221519.436688,1788221519.442704,6.017,5.517
1788221519.450245,1788221519.451234,0.989,0.087
1788221519.453236,1788221519.458767,5.531,5.723
1788221519.466298,1788221519.466298,0.000,0.369
1788221519.469577,1788221519.475112,5.536,4.901
1788221519.481642,1788221519.482641,0.999,1.116
1788221519.486641,1788221519.490168,3.527,4.308
1788221519.497546,1788221519.498558,1.013,1.276
1788221519.502559,1788221519.506560,4.001,3.952
1788221519.512613,1788221519.514608,1.995,2.195
1788221519.520143,1788221519.522664,2.522,2.601
1788221519.528203,1788221519.531220,3.017,2.258
1788221519.536220,1788221519.538746,2.526,2.258
1788221519.546287,1788221519.547302,1.015,0.924
1788221519.553933,1788221519.554935,1.002,0.840
1788221519.562187,1788221519.563198,1.011,0.808
1788221519.569258,1788221519.571260,2.002,1.132
1788221519.578307,1788221519.579330,1.023,0.588
1788221519.586320,1788221519.587400,1.080,0.698
1788221519.589058,1788221519.595051,5.992,5.646
1788221519.603134,1788221519.603134,0.000,0.037
1788221519.604148,1788221519.610667,6.518,6.646
1788221519.612171,1788221519.618693,6.522,6.833
1788221519.619701,1788221519.626784,7.084,7.155
1788221519.627791,1788221519.635312,7.521,6.691
1788221519.637230,1788221519.642765,5.535,5.944
1788221519.644765,1788221519.651292,6.527,6.176
1788221519.652293,1788221519.659315,7.022,6.273
1788221519.667431,1788221519.667431,0.000,0.032
1788221519.669491,1788221519.674744,5.253,5.160
1788221519.681934,1788221519.683048,1.113,1.058
1788221519.687060,1788221519.691582,4.523,4.331
1788221519.698121,1788221519.699637,1.516,1.231
1788221519.702682,1788221519.706696,4.014,4.094
1788221519.712218,1788221519.715217,2.999,2.398
1788221519.719218,1788221519.723254,4.036,3.059
1788221519.727793,1788221519.731311,3.518,2.845
1788221519.736314,1788221519.739317,3.003,2.912
1788221519.744835,1788221519.746833,1.999,2.226
1788221519.752584,1788221519.755600,3.016,2.394
1788221519.761263,1788221519.763379,2.116,1.366
1788221519.769865,1788221519.771469,1.603,1.109
1788221519.778119,1788221519.779103,0.983,0.565
1788221519.785725,1788221519.787709,1.984,1.012
1788221519.795417,1788221519.795417,0.000,0.016
1788221519.803115,1788221519.803115,0.000,0.220
1788221519.804214,1788221519.811218,7.004,6.958
1788221519.811218,1788221519.819827,8.609,7.869
1788221519.820880,1788221519.827456,6.577,6.399
1788221519.834968,1788221519.834968,0.000,0.261
1788221519.835983,1788221519.843493,7.510,6.774
1788221519.844492,1788221519.850910,6.418,6.317
1788221519.851917,1788221519.859513,7.596,6.432
1788221519.866045,1788221519.866547,0.502,1.633
1788221519.869526,1788221519.875051,5.524,5.531
1788221519.881050,1788221519.883051,2.001,1.984
1788221519.886551,1788221519.891234,4.684,4.996
1788221519.896672,1788221519.899389,2.717,2.526
1788221519.902401,1788221519.907701,5.300,4.443
1788221519.912300,1788221519.915914,3.613,3.185
1788221519.918966,1788221519.923518,4.551,3.884
1788221519.928747,1788221519.931746,2.999,2.890
1788221519.936280,1788221519.939279,2.999,2.754
1788221519.943791,1788221519.947798,4.007,3.319
1788221519.943791,1788221519.955319,11.527,11.326
1788221519.961319,1788221519.963319,2.000,2.028
1788221519.968907,1788221519.971414,2.507,2.099
1788221519.977511,1788221519.979511,2.001,1.444
1788221519.977511,1788221519.987708,10.197,9.454
1788221519.994710,1788221519.996176,1.467,0.265
1788221520.003166,1788221520.004166,1.000,0.428
1788221520.005672,1788221520.011672,6.000,5.829
1788221520.019190,1788221520.020180,0.990,0.097
1788221520.021197,1788221520.027544,6.347,6.152
1788221520.027544,1788221520.035735,8.191,7.812
1788221520.036728,1788221520.043743,7.015,6.977
1788221520.044728,1788221520.052026,7.298,6.691
1788221520.053029,1788221520.060185,7.156,6.751
1788221520.067741,1788221520.067741,0.000,0.207
1788221520.069741,1788221520.075713,5.973,6.197
1788221520.077717,1788221520.084244,6.527,5.899
1788221520.087637,1788221520.091635,3.998,4.585
1788221520.098650,1788221520.100170,1.520,1.414
1788221520.103174,1788221520.107702,4.528,4.813
1788221520.114701,1788221520.116205,1.504,1.047
1788221520.120210,1788221520.123721,3.511,3.881
1788221520.130236,1788221520.132245,2.009,1.694
1788221520.136740,1788221520.139744,3.004,3.550
1788221520.146744,1788221520.148253,1.509,1.428
1788221520.153252,1788221520.156252,3.000,2.303
1788221520.162893,1788221520.163892,0.998,1.543
1788221520.169203,1788221520.171708,2.505,2.393
1788221520.179234,1788221520.180233,0.999,0.921
1788221520.186234,1788221520.188618,2.385,1.425
1788221520.194609,1788221520.196611,2.002,1.002
1788221520.202684,1788221520.204020,1.335,1.076
1788221520.211538,1788221520.212553,1.014,0.855
1788221520.220059,1788221520.220059,0.000,0.397
1788221520.228069,1788221520.228069,0.000,0.361
1788221520.235597,1788221520.236597,0.999,0.081
1788221520.238599,1788221520.244837,6.239,5.227
1788221520.244837,1788221520.252358,7.521,7.279
1788221520.254358,1788221520.259872,5.514,6.277
1788221520.260863,1788221520.268519,7.656,7.045
1788221520.270117,1788221520.276626,6.509,5.925
1788221520.277626,1788221520.284566,6.940,5.824
1788221520.286560,1788221520.292082,5.522,5.893
1788221520.300118,1788221520.300118,0.000,0.253
1788221520.302129,1788221520.308738,6.609,5.571
1788221520.316005,1788221520.316005,0.000,0.218
1788221520.319019,1788221520.324526,5.507,4.924
1788221520.332138,1788221520.332138,0.000,0.406
1788221520.339137,1788221520.340641,1.503,0.371
1788221520.346647,1788221520.348650,2.003,1.408
1788221520.353154,1788221520.356153,2.999,3.266
1788221520.361697,1788221520.364702,3.005,2.495
1788221520.369774,1788221520.372990,3.217,2.118
1788221520.377991,1788221520.380999,3.008,2.321
1788221520.387151,1788221520.388161,1.010,1.287
1788221520.394539,1788221520.396541,2.002,1.673
1788221520.402878,1788221520.404783,1.905,1.500
1788221520.412306,1788221520.412306,0.000,0.373
1788221520.420312,1788221520.420312,0.000,0.315
1788221520.423827,1788221520.428351,4.524,4.632
1788221520.429348,1788221520.436267,6.919,6.672
1788221520.439266,1788221520.445027,5.761,4.875
1788221520.445027,1788221520.452442,7.415,7.605
1788221520.454529,1788221520.460535,6.006,5.639
1788221520.462107,1788221520.468430,6.323,6.204
1788221520.470520,1788221520.476854,6.333,5.879
1788221520.478855,1788221520.484547,5.692,5.840
1788221520.487559,1788221520.493113,5.554,5.272
1788221520.494920,1788221520.500905,5.985,5.594
1788221520.503031,1788221520.508695,5.665,5.755
1788221520.516018,1788221520.517031,1.013,0.307
1788221520.520030,1788221520.525083,5.053,4.793
1788221520.532097,1788221520.533090,0.993,0.513
1788221520.537602,1788221520.540598,2.996,2.842
1788221520.547754,1788221520.548755,1.002,0.750
1788221520.553249,1788221520.557260,4.011,3.538
1788221520.563764,1788221520.564774,1.009,0.561
1788221520.570030,1788221520.572557,2.527,2.929
1788221520.579584,1788221520.580585,1.001,0.952
1788221520.586113,1788221520.589115,3.001,2.118
1788221520.595638,1788221520.596637,0.999,1.180
1788221520.602160,1788221520.604665,2.505,2.066
1788221520.611680,1788221520.613193,1.513,0.576
1788221520.614201,1788221520.620722,6.521,6.770
1788221520.627765,1788221520.628495,0.730,0.832
1788221520.636029,1788221520.637022,0.993,0.285
1788221520.643022,1788221520.645027,2.005,1.853
1788221520.645027,1788221520.653054,8.027,7.822
1788221520.660197,1788221520.661200,1.004,0.577
1788221520.661200,1788221520.668737,7.537,7.683
1788221520.674778,1788221520.676960,2.182,1.870
1788221520.678960,1788221520.684967,6.007,6.210
1788221520.689492,1788221520.692492,3.000,2.978
1788221520.694994,1788221520.700545,5.551,6.065
1788221520.706569,1788221520.708569,2.000,2.520
1788221520.711569,1788221520.717104,5.535,4.892
1788221520.722100,1788221520.724620,2.520,2.847
1788221520.731159,1788221520.733159,2.000,2.064
1788221520.737683,1788221520.740673,2.990,3.501
1788221520.744680,1788221520.749205,4.524,3.687
1788221520.753198,1788221520.756724,3.526,3.650
1788221520.761716,1788221520.764723,3.007,3.526
1788221520.769757,1788221520.773291,3.534,2.752
1788221520.778798,1788221520.780824,2.026,1.924
1788221520.785919,1788221520.789431,3.513,2.304
1788221520.785919,1788221520.797002,11.083,10.322
1788221520.803107,1788221520.805001,1.894,1.585
1788221520.812304,1788221520.813247,0.944,0.277
1788221520.820946,1788221520.820946,0.000,0.372
1788221520.828853,1788221520.828853,0.000,0.062
1788221520.829828,1788221520.837276,7.447,7.271
1788221520.845279,1788221520.845279,0.000,0.017
1788221520.845279,1788221520.853175,7.896,7.883
1788221520.860703,1788221520.861696,0.992,0.500
1788221520.860703,1788221520.869559,8.855,7.974
1788221520.876347,1788221520.877369,1.022,1.069
1788221520.877908,1788221520.885699,7.791,7.337
1788221520.891506,1788221520.893509,2.003,1.826
1788221520.894518,1788221520.901623,7.105,6.233
1788221520.907852,1788221520.908870,1.018,1.587
1788221520.911857,1788221520.916863,5.006,5.675
1788221520.921940,1788221520.925434,3.494,3.168
1788221520.929946,1788221520.932949,3.003,2.782
1788221520.937469,1788221520.940991,3.522,3.884
1788221520.945001,1788221520.949511,4.510,4.315
1788221520.956798,1788221520.957810,1.012,0.207
1788221520.961812,1788221520.965811,3.999,3.617
1788221520.968858,1788221520.973403,4.545,3.792
1788221520.978917,1788221520.981924,3.007,2.290
1788221520.985925,1788221520.989442,3.517,2.687
1788221520.995972,1788221520.997487,1.514,1.622
1788221521.002502,1788221521.005502,3.000,2.292
1788221521.012014,1788221521.013024,1.010,1.812
1788221521.019543,1788221521.021544,2.000,1.721
1788221521.027046,1788221521.029593,2.547,1.298
1788221521.036583,1788221521.038086,1.502,1.103
1788221521.045594,1788221521.045594,0.000,0.047
1788221521.045594,1788221521.054128,8.534,7.885
1788221521.060642,1788221521.061642,1.000,0.921
1788221521.069703,1788221521.069703,0.000,0.047
1788221521.076223,1788221521.078224,2.001,1.158
1788221521.078224,1788221521.085847,7.623,7.694
1788221521.086837,1788221521.093491,6.654,7.089
1788221521.095448,1788221521.102232,6.784,6.115
1788221521.107704,1788221521.109317,1.613,2.021
1788221521.112313,1788221521.117314,5.002,5.208
1788221521.122822,1788221521.125829,3.007,2.935
1788221521.128356,1788221521.133867,5.511,4.994
1788221521.137870,1788221521.141396,3.527,3.691
1788221521.145393,1788221521.150077,4.684,4.309
1788221521.153077,1788221521.157609,4.532,4.664
1788221521.161136,1788221521.166136,5.001,4.232
1788221521.169660,1788221521.173802,4.143,4.464
1788221521.178717,1788221521.182231,3.513,3.282
1788221521.187239,1788221521.190231,2.992,2.752
1788221521.195738,1788221521.197745,2.007,1.934
1788221521.203260,1788221521.206261,3.000,3.011
1788221521.212787,1788221521.213787,1.000,0.941
1788221521.218874,1788221521.221588,2.713,2.259
1788221521.228256,1788221521.229288,1.032,1.459
1788221521.236013,1788221521.237999,1.986,1.505
1788221521.245650,1788221521.245650,0.000,0.359
1788221521.252706,1788221521.253714,1.008,1.210
1788221521.261209,1788221521.262214,1.006,0.382
1788221521.269751,1788221521.269751,0.000,0.133
1788221521.269751,1788221521.277847,8.096,7.744
1788221521.278846,1788221521.286375,7.529,7.131
1788221521.289372,1788221521.293889,4.517,4.914
1788221521.295885,1788221521.302411,6.527,6.486
1788221521.309954,1788221521.309954,0.000,0.191
1788221521.310955,1788221521.318487,7.532,6.341
1788221521.319486,1788221521.326011,6.525,6.190
1788221521.328095,1788221521.334621,6.525,5.776
1788221521.335628,1788221521.342621,6.993,5.836
1788221521.344144,1788221521.350596,6.452,5.417
1788221521.357633,1788221521.358629,0.996,0.483
1788221521.361629,1788221521.366135,4.506,4.705
1788221521.373156,1788221521.373721,0.565,1.033
1788221521.377734,1788221521.381733,3.999,3.906
1788221521.388752,1788221521.389750,0.999,1.371
1788221521.395266,1788221521.398265,2.999,2.808
1788221521.404782,1788221521.405774,0.992,1.513
1788221521.411774,1788221521.414296,2.522,1.998
1788221521.421314,1788221521.422312,0.998,1.109
1788221521.429027,1788221521.430027,1.000,1.425
1788221521.437171,1788221521.438179,1.008,1.358
1788221521.445858,1788221521.445858,0.000,0.393
1788221521.452861,1788221521.453856,0.995,0.930
1788221521.461246,1788221521.462360,1.113,0.792
1788221521.468894,1788221521.469893,1.000,0.797
1788221521.477952,1788221521.477952,0.000,0.201
1788221521.486473,1788221521.486473,0.000,0.057
1788221521.486473,1788221521.494251,7.778,8.067
1788221521.495842,1788221521.501934,6.092,6.127
1788221521.502945,1788221521.510679,7.733,7.445
1788221521.511571,1788221521.518346,6.775,6.684
1788221521.520271,1788221521.526651,6.380,6.433
1788221521.527725,1788221521.534737,7.012,6.141
1788221521.541266,1788221521.542266,1.000,1.220
1788221521.545266,1788221521.550296,5.031,4.594
1788221521.557406,1788221521.558395,0.989,0.645
1788221521.561515,1788221521.566395,4.880,5.070
1788221521.573860,1788221521.574949,1.089,0.142
1788221521.578567,1788221521.582461,3.894,3.897
1788221521.589279,1788221521.590251,0.972,0.690
1788221521.594287,1788221521.598467,4.179,3.773
1788221521.604463,1788221521.605559,1.096,1.638
1788221521.604463,1788221521.614142,9.679,9.655
1788221521.620380,1788221521.622383,2.003,1.985
1788221521.620380,1788221521.630879,10.499,10.010
1788221521.636543,1788221521.638534,1.992,1.954
1788221521.644061,1788221521.646591,2.530,1.544
1788221521.652591,1788221521.654591,2.000,1.775
1788221521.661673,1788221521.662666,0.993,0.287
1788221521.669535,1788221521.670546,1.011,1.012
1788221521.678120,1788221521.679120,0.999,0.242
1788221521.686200,1788221521.686200,0.000,0.197
1788221521.686200,1788221521.694461,8.261,8.211
1788221521.696465,1788221521.702196,5.731,5.976
1788221521.703703,1788221521.710276,6.574,7.126
1788221521.713201,1788221521.718983,5.782,5.785
1788221521.720000,1788221521.727068,7.068,7.040
1788221521.728196,1788221521.734439,6.243,6.107
1788221521.737966,1788221521.742969,5.003,4.074
1788221521.744971,1788221521.750579,5.609,5.769
1788221521.752611,1788221521.759220,6.609,5.672
1788221521.761228,1788221521.766231,5.003,5.458
1788221521.769897,1788221521.774847,4.949,4.888
1788221521.777968,1788221521.783281,5.314,4.649
1788221521.789968,1788221521.790956,0.988,0.968
1788221521.794987,1788221521.798563,3.576,3.572
1788221521.805666,1788221521.806621,0.954,1.101
1788221521.812261,1788221521.815298,3.037,2.651
1788221521.820979,1788221521.823047,2.068,1.885
1788221521.827963,1788221521.830467,2.504,2.866
1788221521.837295,1788221521.839307,2.012,1.890
1788221521.845823,1788221521.847326,1.503,1.458
1788221521.853304,1788221521.855291,1.987,1.291
1788221521.861826,1788221521.862827,1.000,0.723
1788221521.870346,1788221521.871345,0.999,0.925
1788221521.878013,1788221521.879289,1.275,0.390
1788221521.886286,1788221521.887285,1.000,0.635
1788221521.894350,1788221521.895350,1.000,0.159
1788221521.902876,1788221521.902876,0.000,0.036
1788221521.902876,1788221521.911392,8.516,8.049
1788221521.912388,1788221521.918528,6.140,6.241
1788221521.919586,1788221521.926864,7.277,7.185
1788221521.928881,1788221521.934681,5.800,6.481
1788221521.936672,1788221521.943213,6.541,6.358
1788221521.945205,1788221521.950739,5.534,5.755
1788221521.958739,1788221521.958739,0.000,0.517
1788221521.960991,1788221521.966991,6.000,5.694
1788221521.975005,1788221521.975005,0.000,0.057
1788221521.978764,1788221521.983285,4.521,4.263
1788221521.989794,1788221521.990797,1.004,0.768
1788221521.994310,1788221521.998819,4.510,3.684
1788221522.006348,1788221522.007347,0.999,0.992
1788221522.010870,1788221522.014875,4.004,3.791
1788221522.020877,1788221522.023072,2.195,2.079
1788221522.028071,1788221522.031590,3.519,3.096
1788221522.036950,1788221522.038950,1.999,0.468
1788221522.045061,1788221522.047061,2.000,1.833
1788221522.054347,1788221522.055345,0.998,1.169
1788221522.061343,1788221522.063597,2.254,1.062
1788221522.069690,1788221522.071202,1.512,1.863
1788221522.077805,1788221522.079335,1.530,0.960
1788221522.086866,1788221522.086866,0.000,0.633
1788221522.095388,1788221522.095388,0.000,0.108
1788221522.102915,1788221522.102915,0.000,0.251
1788221522.102915,1788221522.110915,8.000,8.255
1788221522.111915,1788221522.119246,7.331,7.286
1788221522.126821,1788221522.127824,1.003,0.202
1788221522.127824,1788221522.135779,7.955,7.087
1788221522.141869,1788221522.143373,1.504,0.908
1788221522.145475,1788221522.151379,5.904,5.360
1788221522.157987,1788221522.158988,1.001,1.006
1788221522.161987,1788221522.167519,5.531,5.568
1788221522.174050,1788221522.175863,1.812,1.332
1788221522.178891,1788221522.183885,4.994,4.035
1788221522.190409,1788221522.191408,0.999,1.166
1788221522.194935,1788221522.199934,4.999,3.873
1788221522.206456,1788221522.207455,0.999,0.857
1788221522.212993,1788221522.215456,2.463,2.116
1788221522.220454,1788221522.223462,3.007,2.849
1788221522.228652,1788221522.231645,2.994,2.417
1788221522.237398,1788221522.239404,2.006,2.430
1788221522.245535,1788221522.247543,2.008,2.122
1788221522.253544,1788221522.255958,2.414,1.488
1788221522.260958,1788221522.263958,3.000,1.888
1788221522.269482,1788221522.271482,2.000,2.140
1788221522.278569,1788221522.279568,0.998,0.868
1788221522.287105,1788221522.288097,0.992,0.774
1788221522.295611,1788221522.295611,0.000,0.035
1788221522.302624,1788221522.303618,0.994,0.291
1788221522.311003,1788221522.312002,0.999,0.041
1788221522.314003,1788221522.319712,5.709,5.345
1788221522.319712,1788221522.328119,8.406,7.885
1788221522.330139,1788221522.335646,5.506,5.471
1788221522.336653,1788221522.343657,7.003,7.262
1788221522.349180,1788221522.352173,2.993,2.883
1788221522.352173,1788221522.359441,7.268,6.797
1788221522.362454,1788221522.367951,5.497,5.017
1788221522.368960,1788221522.376158,7.198,6.217
1788221522.378168,1788221522.384165,5.997,5.406
1788221522.386668,1788221522.391681,5.013,5.411
1788221522.394673,1788221522.399828,5.155,4.978
1788221522.407345,1788221522.407345,0.000,0.437
1788221522.411349,1788221522.415350,4.001,4.331
1788221522.423865,1788221522.423865,0.000,0.080
1788221522.428379,1788221522.432121,3.742,3.750
1788221522.438963,1788221522.439955,0.992,0.374
1788221522.444963,1788221522.447475,2.513,3.042
1788221522.453486,1788221522.455483,1.997,2.188
1788221522.462025,1788221522.464018,1.994,1.457
1788221522.469548,1788221522.471549,2.001,2.110
1788221522.478616,1788221522.479612,0.996,0.658
1788221522.486612,1788221522.488120,1.508,1.255
1788221522.494653,1788221522.495659,1.006,1.017
1788221522.503167,1788221522.504177,1.010,1.121
1788221522.511689,1788221522.512689,0.999,0.057
1788221522.520202,1788221522.520202,0.000,0.087
1788221522.520202,1788221522.527730,7.528,8.099
1788221522.530331,1788221522.536032,5.701,5.839
1788221522.538538,1788221522.543699,5.160,5.652
1788221522.545700,1788221522.552223,6.523,6.150
1788221522.553216,1788221522.559759,6.542,6.966
1788221522.561748,1788221522.567840,6.093,6.629
1788221522.576124,1788221522.576124,0.000,0.022
1788221522.577522,1788221522.584213,6.692,6.064
1788221522.590899,1788221522.591891,0.992,0.824
1788221522.594810,1788221522.600253,5.444,5.611
1788221522.607356,1788221522.608336,0.980,0.633
1788221522.612036,1788221522.615947,3.911,4.481
1788221522.621683,1788221522.623654,1.971,2.279
1788221522.628041,1788221522.632803,4.762,4.275
1788221522.637994,1788221522.640462,2.468,1.855
1788221522.644576,1788221522.648244,3.668,3.375
1788221522.653856,1788221522.656323,2.467,2.700
1788221522.653856,1788221522.663842,9.987,10.714
1788221522.672374,1788221522.672374,0.000,0.179
1788221522.679440,1788221522.679440,0.000,0.931
1788221522.684955,1788221522.687954,3.000,3.428
1788221522.688947,1788221522.696475,7.528,7.751
1788221522.703002,1788221522.704007,1.005,1.666
1788221522.711759,1788221522.712775,1.016,0.991
1788221522.719771,1788221522.720765,0.994,0.173
1788221522.728283,1788221522.728283,0.000,0.024
1788221522.735909,1788221522.736914,1.005,0.021
1788221522.735909,1788221522.744444,8.535,8.027
1788221522.746450,1788221522.751997,5.546,6.149
1788221522.753002,1788221522.760001,6.999,7.191
1788221522.761001,1788221522.769025,8.024,6.923
1788221522.770030,1788221522.777055,7.025,6.733
1788221522.778575,1788221522.785103,6.528,6.208
1788221522.786100,1788221522.793119,7.020,6.210
1788221522.795125,1788221522.801134,6.008,5.359
1788221522.802647,1788221522.808663,6.016,5.514
1788221522.811660,1788221522.817183,5.523,4.822
1788221522.823693,1788221522.824690,0.996,0.926
1788221522.829704,1788221522.833212,3.508,3.389
1788221522.839229,1788221522.840574,1.346,1.565
1788221522.844792,1788221522.848841,4.049,3.695
1788221522.854361,1788221522.857364,3.003,2.113
1788221522.861609,1788221522.865135,3.525,3.286
1788221522.870126,1788221522.873127,3.000,2.503
1788221522.877786,1788221522.880784,2.998,2.558
1788221522.886570,1788221522.888569,1.999,2.012
1788221522.894568,1788221522.896987,2.418,1.970
1788221522.902990,1788221522.904494,1.504,1.946
1788221522.902990,1788221522.912476,9.486,9.952
1788221522.920122,1788221522.921244,1.122,0.766
1788221522.928122,1788221522.929098,0.977,0.328
1788221522.937218,1788221522.937218,0.000,0.073
1788221522.943749,1788221522.945264,1.514,0.135
1788221522.947280,1788221522.953043,5.762,5.667
1788221522.953043,1788221522.960565,7.522,7.836
1788221522.963569,1788221522.968863,5.295,5.514
1788221522.969856,1788221522.977051,7.195,7.394
1788221522.979060,1788221522.985130,6.070,5.766
1788221522.987339,1788221522.993325,5.986,5.979
1788221522.994326,1788221523.001381,7.055,6.152
1788221523.003384,1788221523.009456,6.072,5.625
1788221523.012461,1788221523.017575,5.114,4.630
1788221523.024575,1788221523.025577,1.002,0.266
1788221523.030097,1788221523.033609,3.512,2.386
1788221523.040624,1788221523.041629,1.005,0.136
1788221523.045393,1788221523.049608,4.214,3.773
1788221523.057001,1788221523.057504,0.503,0.039
1788221523.061733,1788221523.065444,3.710,3.455
1788221523.071719,1788221523.073724,2.004,1.006
1788221523.077273,1788221523.080634,3.361,3.048
1788221523.087242,1788221523.089235,1.993,1.417
1788221523.094234,1788221523.096743,2.509,2.490
1788221523.103747,1788221523.104747,0.999,1.134
1788221523.111253,1788221523.113254,2.001,1.597
1788221523.118887,1788221523.120900,2.013,1.737
1788221523.127430,1788221523.129424,1.994,1.190
1788221523.135859,1788221523.136858,0.999,0.808
1788221523.144701,1788221523.145721,1.019,0.493
1788221523.150059,1788221523.153057,2.998,3.556
1788221523.153057,1788221523.161262,8.205,7.640
1788221523.164276,1788221523.169313,5.037,4.842
1788221523.169313,1788221523.177337,8.024,7.489
1788221523.180355,1788221523.185355,5.000,4.760
1788221523.186355,1788221523.193455,7.100,6.397
1788221523.196455,1788221523.200984,4.529,4.860
1788221523.202976,1788221523.209522,6.546,6.583
1788221523.212513,1788221523.217616,5.103,4.540
1788221523.221216,1788221523.225208,3.992,3.998
1788221523.227808,1788221523.233482,5.673,5.166
1788221523.236490,1788221523.241312,4.822,4.105
1788221523.244312,1788221523.249847,5.534,4.646
1788221523.253843,1788221523.257838,3.995,2.777
1788221523.261030,1788221523.265030,4.000,3.996
1788221523.270571,1788221523.273557,2.986,3.225
1788221523.274565,1788221523.281160,6.595,7.280
1788221523.288673,1788221523.289682,1.009,0.452
1788221523.295683,1788221523.297682,1.999,1.728
1788221523.304207,1788221523.305207,0.999,1.108
1788221523.311397,1788221523.313396,1.999,1.659
1788221523.319399,1788221523.321563,2.163,1.232
1788221523.328564,1788221523.329575,1.011,1.107
1788221523.336020,1788221523.338020,1.999,1.160
1788221523.336020,1788221523.345548,9.527,9.178
1788221523.353059,1788221523.354059,1.000,0.274
1788221523.353059,1788221523.361865,8.806,8.289
1788221523.368865,1788221523.368865,0.000,0.024
1788221523.370369,1788221523.377876,7.508,7.449
1788221523.383158,1788221523.385664,2.506,2.738
1788221523.386671,1788221523.394192,7.521,6.972
1788221523.397193,1788221523.401693,4.500,4.363
1788221523.402709,1788221523.409697,6.988,6.550
1788221523.413294,1788221523.417302,4.008,4.344
1788221523.420297,1788221523.425804,5.507,5.047
1788221523.427804,1788221523.434100,6.296,5.332
1788221523.437106,1788221523.442152,5.046,4.969
1788221523.445158,1788221523.450156,4.998,4.275
1788221523.452686,1788221523.457688,5.002,4.478
1788221523.462205,1788221523.466207,4.002,3.014
1788221523.469204,1788221523.473713,4.509,3.585
1788221523.480762,1788221523.481765,1.004,0.592
1788221523.489287,1788221523.489287,0.000,0.337
1788221523.497113,1788221523.498126,1.013,0.803
1788221523.505309,1788221523.506308,0.999,0.853
1788221523.512594,1788221523.513593,0.999,0.869
1788221523.521602,1788221523.522107,0.505,0.346
1788221523.528644,1788221523.529642,0.998,1.188
1788221523.537706,1788221523.537706,0.000,0.161
1788221523.544725,1788221523.545728,1.003,1.080
1788221523.553162,1788221523.554080,0.918,0.796
1788221523.561100,1788221523.562089,0.989,0.672
1788221523.569601,1788221523.569601,0.000,0.247
1788221523.569601,1788221523.578330,8.729,8.272
1788221523.583855,1788221523.585855,2.000,1.879
1788221523.586855,1788221523.594370,7.515,7.198
1788221523.599905,1788221523.602400,2.495,2.185
1788221523.604404,1788221523.610403,5.998,5.862
1788221523.615920,1788221523.617922,2.002,2.059
1788221523.618912,1788221523.626487,7.575,6.640
1788221523.632076,1788221523.633768,1.692,1.837
1788221523.636760,1788221523.642295,5.535,5.520
1788221523.647805,1788221523.650811,3.006,2.191
1788221523.653333,1788221523.657855,4.522,4.668
1788221523.662873,1788221523.666570,3.697,3.322
1788221523.662873,1788221523.674085,11.213,11.336
1788221523.681617,1788221523.681617,0.000,0.367
1788221523.686702,1788221523.690698,3.996,2.876
1788221523.694494,1788221523.698493,3.999,3.381
1788221523.703495,1788221523.706653,3.158,2.817
1788221523.709184,1788221523.714213,5.028,5.134
1788221523.719224,1788221523.722215,2.992,2.514
1788221523.727522,1788221523.730520,2.998,2.203
1788221523.736567,1788221523.738644,2.077,1.573
1788221523.745670,1788221523.746669,0.999,0.887
1788221523.753348,1788221523.754861,1.513,0.694
1788221523.761872,1788221523.762878,1.006,0.937
1788221523.770387,1788221523.770387,0.000,0.151
1788221523.777232,1788221523.778737,1.505,0.296
1788221523.777232,1788221523.786781,9.549,8.308
1788221523.787793,1788221523.794313,6.521,6.294
1788221523.801828,1788221523.802829,1.000,0.196
1788221523.803840,1788221523.810546,6.706,6.743
1788221523.811550,1788221523.818258,6.708,6.836
1788221523.819258,1788221523.826265,7.007,6.834
1788221523.828777,1788221523.834310,5.533,5.890
1788221523.837544,1788221523.843051,5.507,5.286
1788221523.849733,1788221523.850732,0.999,0.679
1788221523.853236,1788221523.858744,5.508,5.598
1788221523.864760,1788221523.866755,1.994,1.651
1788221523.870262,1788221523.874783,4.521,4.698
1788221523.880300,1788221523.882299,1.999,2.044
1788221523.885814,1788221523.890898,5.084,4.245
1788221523.895430,1788221523.898189,2.759,2.863
1788221523.903708,1788221523.906720,3.012,2.692
1788221523.911220,1788221523.914725,3.505,3.076
1788221523.920734,1788221523.922788,2.054,1.933
1788221523.928788,1788221523.930788,2.000,2.184
1788221523.937643,1788221523.938731,1.088,1.174
1788221523.944261,1788221523.947250,2.989,1.970
1788221523.952778,1788221523.953787,1.009,1.391
1788221523.961298,1788221523.962296,0.998,0.913
1788221523.969403,1788221523.970555,1.152,0.999
1788221523.977912,1788221523.978930,1.018,0.704
1788221523.986504,1788221523.986504,0.000,0.136
1788221523.987500,1788221523.994578,7.077,6.802
1788221523.994578,1788221524.002636,8.059,7.673
1788221524.004144,1788221524.011151,7.008,6.796
1788221524.018439,1788221524.018439,0.000,0.284
1788221524.019438,1788221524.026486,7.048,7.450
1788221524.028487,1788221524.034495,6.008,6.328
1788221524.035695,1788221524.043224,7.529,6.785
1788221524.044727,1788221524.050740,6.013,5.638
1788221524.052730,1788221524.059258,6.527,5.649
1788221524.065259,1788221524.066682,1.423,1.676
1788221524.069686,1788221524.075216,5.530,5.207
1788221524.081272,1788221524.083270,1.998,1.496
1788221524.086319,1788221524.091319,4.999,4.689
1788221524.095839,1788221524.098843,3.004,3.052
1788221524.102843,1788221524.107035,4.192,3.625
1788221524.112056,1788221524.115577,3.522,2.737
1788221524.119585,1788221524.123593,4.009,3.226
1788221524.128100,1788221524.131101,3.000,2.912
1788221524.136100,1788221524.139498,3.398,3.026
1788221524.145017,1788221524.147791,2.774,1.128
1788221524.152317,1788221524.155326,3.009,2.377
1788221524.161539,1788221524.163545,2.006,1.576
1788221524.171056,1788221524.171056,0.000,0.105
1788221524.177550,1788221524.179293,1.743,1.058
1788221524.187314,1788221524.187314,0.000,0.153
1788221524.195329,1788221524.195329,0.000,0.020
1788221524.202839,1788221524.203840,1.001,0.160
1788221524.202839,1788221524.211362,8.523,8.172
1788221524.216362,1788221524.219558,3.197,2.758
1788221524.219558,1788221524.227557,7.999,7.807
1788221524.231640,1788221524.235638,3.998,3.814
1788221524.237646,1788221524.243436,5.790,5.934
1788221524.247827,1788221524.251890,4.064,3.882
1788221524.252882,1788221524.259407,6.525,6.614
1788221524.262398,1788221524.267917,5.519,5.120
1788221524.269918,1788221524.275918,6.000,5.859
1788221524.278142,1788221524.283208,5.066,5.220
1788221524.286208,1788221524.291664,5.456,4.645
1788221524.294653,1788221524.299183,4.530,4.872
1788221524.305175,1788221524.307678,2.504,2.591
1788221524.313865,1788221524.315867,2.002,1.863
1788221524.323398,1788221524.323398,0.000,0.025
1788221524.328917,1788221524.331921,3.005,2.261
1788221524.339522,1788221524.339522,0.000,0.195
1788221524.345607,1788221524.348124,2.516,2.302
1788221524.355134,1788221524.355134,0.000,0.464
1788221524.361912,1788221524.363915,2.003,1.216
1788221524.369426,1788221524.371426,2.000,2.114
1788221524.378349,1788221524.379865,1.516,1.741
1788221524.386455,1788221524.387956,1.501,1.443
1788221524.394960,1788221524.395962,1.002,0.945
1788221524.402484,1788221524.403486,1.001,1.102
1788221524.410494,1788221524.410494,0.000,0.477
1788221524.419921,1788221524.419921,0.000,0.228
1788221524.427936,1788221524.427936,0.000,0.017
1788221524.431365,1788221524.436313,4.948,4.514
1788221524.437309,1788221524.443522,6.213,5.814
1788221524.446040,1788221524.451545,5.504,5.405
1788221524.453540,1788221524.460065,6.526,6.384
1788221524.463067,1788221524.468072,5.006,4.867
1788221524.469072,1788221524.475518,6.446,5.773
1788221524.477517,1788221524.483569,6.052,5.888
1788221524.485569,1788221524.491611,6.042,5.672
1788221524.494608,1788221524.500372,5.764,5.199
1788221524.504373,1788221524.508372,3.999,3.348
1788221524.511899,1788221524.515893,3.994,3.839
1788221524.519900,1788221524.524281,4.381,3.549
1788221524.527798,1788221524.532317,4.519,3.918
1788221524.536329,1788221524.540317,3.989,3.369
1788221524.545565,1788221524.548667,3.102,1.825
1788221524.555468,1788221524.556374,0.905,0.428
1788221524.563894,1788221524.563894,0.000,0.404
1788221524.571404,1788221524.572425,1.021,0.523
1788221524.578537,1788221524.580465,1.929,1.827
1788221524.586922,1788221524.588017,1.095,1.203
1788221524.594402,1788221524.595920,1.518,1.173
1788221524.604018,1788221524.604018,0.000,0.390
1788221524.611888,1788221524.612493,0.605,0.450
1788221524.619637,1788221524.620638,1.002,0.754
1788221524.628270,1788221524.628270,0.000,0.140
1788221524.635682,1788221524.636679,0.997,0.045
1788221524.635682,1788221524.644223,8.540,8.060
1788221524.649746,1788221524.652320,2.574,2.435
1788221524.655342,1788221524.659872,4.529,4.638
1788221524.664964,1788221524.668563,3.599,3.579
1788221524.671489,1788221524.676156,4.666,4.852
1788221524.679945,1788221524.684434,4.489,3.703
1788221524.686431,1788221524.692091,5.660,5.445
1788221524.695635,1788221524.700678,5.044,4.400
1788221524.703193,1788221524.708731,5.538,4.695
1788221524.710770,1788221524.716528,5.759,5.027
1788221524.719428,1788221524.724448,5.020,4.698
1788221524.728344,1788221524.732398,4.054,4.121
1788221524.735924,1788221524.739990,4.066,3.878
1788221524.747329,1788221524.748353,1.024,1.273
1788221524.752423,1788221524.755965,3.541,3.323
1788221524.762373,1788221524.764901,2.528,2.276
1788221524.769899,1788221524.772906,3.007,2.362
1788221524.778495,1788221524.780005,1.510,2.237
1788221524.786551,1788221524.788063,1.512,1.708
1788221524.795094,1788221524.796278,1.184,1.286
1788221524.795094,1788221524.804798,9.704,9.301
1788221524.805821,1788221524.812813,6.991,6.281
1788221524.819351,1788221524.820359,1.008,1.121
1788221524.827952,1788221524.828964,1.012,0.249
1788221524.827952,1788221524.836481,8.529,8.259
1788221524.836481,1788221524.844148,7.668,7.538
1788221524.851205,1788221524.852297,1.092,1.174
1788221524.853306,1788221524.860568,7.262,6.702
1788221524.866333,1788221524.868388,2.056,1.921
1788221524.869386,1788221524.876926,7.541,6.546
1788221524.882508,1788221524.884510,2.002,1.833
1788221524.889178,1788221524.892187,3.009,2.812
1788221524.896232,1788221524.900255,4.023,4.160
1788221524.904372,1788221524.909028,4.656,3.340
1788221524.911922,1788221524.916498,4.577,4.510
1788221524.920520,1788221524.924577,4.057,4.496
1788221524.928204,1788221524.932233,4.029,4.768
1788221524.936702,1788221524.940726,4.024,4.247
1788221524.945263,1788221524.948889,3.626,2.819
1788221524.953434,1788221524.956431,2.997,2.912
1788221524.961716,1788221524.964687,2.971,3.063
1788221524.970562,1788221524.972556,1.994,2.434
1788221524.979535,1788221524.980552,1.017,1.309
1788221524.987085,1788221524.988670,1.584,1.678
1788221524.995688,1788221524.996695,1.006,1.238
1788221525.004344,1788221525.005224,0.881,0.081
1788221525.011073,1788221525.013070,1.997,1.307
1788221525.019696,1788221525.021201,1.506,0.699
1788221525.027226,1788221525.028733,1.507,0.573
1788221525.036740,1788221525.036740,0.000,0.075
1788221525.044395,1788221525.045342,0.947,0.126
1788221525.049944,1788221525.052642,2.698,2.503
1788221525.053547,1788221525.061081,7.534,7.505
1788221525.065129,1788221525.068709,3.580,3.348
1788221525.069605,1788221525.077243,7.638,6.896
1788221525.080955,1788221525.084926,3.972,3.629
1788221525.085926,1788221525.092716,6.789,5.952
1788221525.095665,1788221525.101406,5.741,5.028
1788221525.103315,1788221525.108960,5.645,4.872
1788221525.111958,1788221525.116963,5.005,4.819
1788221525.119500,1788221525.124499,4.999,5.294
1788221525.128569,1788221525.133202,4.632,4.367
1788221525.136127,1788221525.140649,4.522,4.273
1788221525.145156,1788221525.148759,3.603,4.182
1788221525.152409,1788221525.157436,5.028,4.152
1788221525.161975,1788221525.164980,3.005,2.486
1788221525.172521,1788221525.173513,0.993,0.135
1788221525.178516,1788221525.181046,2.529,2.751
1788221525.186048,1788221525.189619,3.571,2.875
1788221525.196174,1788221525.197175,1.001,0.679
1788221525.204898,1788221525.204898,0.000,0.408
1788221525.211422,1788221525.213421,1.998,1.314
1788221525.219421,1788221525.221636,2.215,1.681
1788221525.228132,1788221525.229584,1.452,0.928
1788221525.236420,1788221525.237567,1.147,0.723
1788221525.245020,1788221525.245589,0.569,0.317
1788221525.253208,1788221525.253208,0.000,0.024
1788221525.253208,1788221525.260854,7.645,8.033
1788221525.265873,1788221525.268871,2.998,3.081
1788221525.269870,1788221525.276902,7.032,7.268
1788221525.281449,1788221525.285482,4.033,3.678
1788221525.286470,1788221525.293590,7.120,6.911
1788221525.296689,1788221525.301030,4.342,4.423
1788221525.303557,1788221525.309581,6.024,5.023
1788221525.312098,1788221525.317850,5.753,5.100
1788221525.319853,1788221525.325407,5.554,5.867
1788221525.327401,1788221525.333967,6.566,5.528
1788221525.336962,1788221525.341958,4.996,4.748
1788221525.346023,1788221525.349577,3.554,3.156
1788221525.346023,1788221525.358169,12.146,11.500
1788221525.362185,1788221525.365732,3.547,3.872
1788221525.369731,1788221525.374246,4.515,3.485
1788221525.377337,1788221525.382193,4.856,3.687
1788221525.389237,1788221525.390236,0.999,0.073
1788221525.394740,1788221525.397897,3.157,3.155
1788221525.404835,1788221525.405460,0.624,0.996
1788221525.411537,1788221525.413460,1.923,1.948
1788221525.421129,1788221525.422121,0.992,0.673
1788221525.429659,1788221525.429659,0.000,0.431
1788221525.436764,1788221525.437848,1.083,1.113
1788221525.445336,1788221525.445336,0.000,0.878
1788221525.452351,1788221525.453948,1.598,0.611
1788221525.461501,1788221525.461501,0.000,0.114
1788221525.470033,1788221525.470033,0.000,0.024
1788221525.470033,1788221525.478569,8.536,8.032
1788221525.483118,1788221525.485639,2.521,2.569
1788221525.487683,1788221525.494221,6.538,6.077
1788221525.498739,1788221525.501740,3.000,2.986
1788221525.502739,1788221525.510391,7.652,6.608
1788221525.513395,1788221525.517858,4.463,4.763
1788221525.519850,1788221525.526378,6.528,6.285
1788221525.528889,1788221525.534410,5.521,5.159
1788221525.538957,1788221525.541960,3.002,3.394
1788221525.544955,1788221525.549493,4.539,5.440
1788221525.553021,1788221525.558674,5.653,4.906
1788221525.561802,1788221525.565802,4.000,4.328
1788221525.573344,1788221525.574341,0.996,0.508
1788221525.578385,1788221525.581933,3.548,4.169
1788221525.589463,1788221525.590461,0.999,0.432
1788221525.594461,1788221525.598530,4.069,3.678
1788221525.604126,1788221525.606149,2.023,1.794
1788221525.611676,1788221525.614676,3.000,2.837
1788221525.619758,1788221525.622085,2.327,2.129
1788221525.628121,1788221525.630628,2.507,1.881
1788221525.636477,1788221525.638495,2.018,1.467
1788221525.645031,1788221525.646032,1.000,1.348
1788221525.653564,1788221525.654559,0.995,1.050
1788221525.661508,1788221525.662508,1.000,0.519
1788221525.669647,1788221525.670644,0.998,0.412
1788221525.677713,1788221525.678714,1.000,0.357
1788221525.680714,1788221525.686235,5.521,5.635
1788221525.686235,1788221525.694775,8.540,7.745
1788221525.696782,1788221525.702825,6.042,5.590
1788221525.702825,1788221525.710885,8.060,7.444
1788221525.712429,1788221525.718946,6.517,5.845
1788221525.726484,1788221525.726484,0.000,0.123
1788221525.728483,1788221525.734073,5.589,6.162
1788221525.736119,1788221525.742870,6.751,6.281
1788221525.744513,1788221525.750089,5.576,5.498
1788221525.758417,1788221525.758417,0.000,0.037
1788221525.761954,1788221525.766172,4.218,4.866
1788221525.774650,1788221525.774650,0.000,0.234
1788221525.778645,1788221525.782745,4.100,3.886
1788221525.790402,1788221525.790402,0.000,0.373
1788221525.794937,1788221525.798999,4.062,3.770
1788221525.805528,1788221525.806545,1.016,0.680
1788221525.811613,1788221525.814212,2.599,2.604
1788221525.821480,1788221525.822479,0.999,1.248
1788221525.828785,1788221525.830763,1.978,2.121
1788221525.837206,1788221525.838234,1.028,1.373
1788221525.845771,1788221525.846771,1.001,0.215
1788221525.853304,1788221525.854305,1.001,1.552
1788221525.862900,1788221525.862900,0.000,0.025
1788221525.869894,1788221525.870889,0.995,0.916
1788221525.877644,1788221525.878666,1.021,0.593
1788221525.885740,1788221525.887255,1.515,0.635
1788221525.885740,1788221525.894853,9.112,8.640
1788221525.896913,1788221525.902771,5.858,5.630
1788221525.902771,1788221525.911273,8.502,7.760
1788221525.912234,1788221525.918764,6.530,6.172
1788221525.920783,1788221525.926788,6.005,5.978
1788221525.928076,1788221525.935164,7.088,6.825
1788221525.936224,1788221525.942653,6.429,6.375
1788221525.944587,1788221525.951502,6.915,5.667
1788221525.956021,1788221525.958172,2.151,3.189
1788221525.961810,1788221525.966333,4.523,4.764
1788221525.969488,1788221525.975434,5.946,5.092
1788221525.978585,1788221525.983394,4.809,4.489
1788221525.987656,1788221525.991284,3.628,3.690
1788221525.994450,1788221525.999474,5.024,4.397
1788221526.006556,1788221526.007548,0.992,0.164
1788221526.011199,1788221526.015130,3.931,3.489
1788221526.022604,1788221526.023191,0.587,0.778
1788221526.028175,1788221526.030805,2.630,2.877
1788221526.037483,1788221526.039427,1.945,1.388
1788221526.044975,1788221526.046974,1.999,2.467
1788221526.052491,1788221526.055484,2.992,2.164
1788221526.061500,1788221526.063015,1.515,1.171
1788221526.067556,1788221526.070770,3.214,3.277
1788221526.078084,1788221526.079094,1.011,1.389
1788221526.086308,1788221526.087308,1.000,0.842
1788221526.094371,1788221526.095389,1.018,0.515
1788221526.103342,1788221526.103342,0.000,0.074
1788221526.103342,1788221526.111352,8.010,8.085
1788221526.113876,1788221526.118898,5.022,4.962
1788221526.119891,1788221526.126951,7.060,7.493
1788221526.128955,1788221526.135481,6.526,6.022
1788221526.136479,1788221526.143001,6.522,6.529
1788221526.145014,1788221526.151820,6.806,6.226
1788221526.151820,1788221526.159189,7.369,6.368
1788221526.161104,1788221526.167449,6.345,5.786
1788221526.174901,1788221526.174901,0.000,0.428
1788221526.177874,1788221526.182390,4.516,5.223
1788221526.191463,1788221526.191463,0.000,0.167
1788221526.195005,1788221526.199521,4.516,3.868
1788221526.206212,1788221526.207212,1.000,0.674
1788221526.211211,1788221526.215855,4.643,3.893
1788221526.221816,1788221526.222797,0.981,1.229
1788221526.227942,1788221526.231938,3.995,3.210
1788221526.237484,1788221526.239486,2.002,1.449
1788221526.244993,1788221526.247119,2.126,2.695
1788221526.253011,1788221526.255583,2.573,2.161
1788221526.261601,1788221526.263595,1.994,1.653
1788221526.270228,1788221526.271234,1.005,0.878
1788221526.278768,1788221526.279765,0.997,0.571
1788221526.286099,1788221526.287325,1.226,1.119
1788221526.294349,1788221526.295855,1.507,0.711
1788221526.302871,1788221526.302871,0.000,0.047
1788221526.311539,1788221526.311539,0.000,0.018
1788221526.315075,1788221526.320096,5.021,4.149
1788221526.321090,1788221526.327642,6.552,6.308
1788221526.330740,1788221526.335406,4.666,4.138
1788221526.336422,1788221526.343424,7.002,6.514
1788221526.346078,1788221526.351099,5.020,5.190
1788221526.353087,1788221526.359835,6.748,6.863
1788221526.362759,1788221526.367418,4.659,4.908
1788221526.370360,1788221526.375948,5.588,5.412
1788221526.377960,1788221526.383902,5.943,5.257
1788221526.387512,1788221526.391508,3.996,3.772
1788221526.394505,1788221526.400041,5.535,4.679
1788221526.403044,1788221526.408093,5.050,4.757
1788221526.412109,1788221526.415632,3.522,3.846
1788221526.419649,1788221526.423652,4.003,3.719
1788221526.428720,1788221526.431732,3.012,2.427
1788221526.436556,1788221526.439556,3.000,2.888
1788221526.444562,1788221526.448101,3.539,2.783
1788221526.453100,1788221526.455620,2.520,2.774
1788221526.461864,1788221526.463871,2.008,2.106
1788221526.470410,1788221526.471403,0.993,0.802
1788221526.477941,1788221526.479998,2.057,1.479
1788221526.486300,1788221526.487451,1.150,0.873
1788221526.495468,1788221526.495468,0.000,0.326
1788221526.503315,1788221526.504317,1.002,0.425
1788221526.511503,1788221526.511503,0.000,0.026
1788221526.520046,1788221526.520046,0.000,0.114
1788221526.520046,1788221526.527886,7.840,7.846
1788221526.532902,1788221526.536210,3.308,3.188
1788221526.536210,1788221526.543859,7.649,7.014
1788221526.548250,1788221526.552262,4.012,3.743
1788221526.552262,1788221526.560014,7.751,7.311
1788221526.563251,1788221526.568248,4.997,4.261
1788221526.569772,1788221526.575850,6.078,5.958
1788221526.579285,1788221526.584438,5.153,4.642
1788221526.586445,1788221526.592026,5.581,5.481
1788221526.594964,1788221526.600383,5.419,4.732
1788221526.603390,1788221526.608039,4.649,4.084
1788221526.611574,1788221526.615582,4.008,4.187
1788221526.619670,1788221526.624413,4.743,4.174
1788221526.627848,1788221526.632392,4.544,3.845
1788221526.636805,1788221526.640221,3.416,3.117
1788221526.645373,1788221526.648372,2.999,2.659
1788221526.654892,1788221526.655894,1.001,1.180
1788221526.661505,1788221526.664505,3.000,2.799
1788221526.671008,1788221526.672019,1.011,1.425
1788221526.678090,1788221526.680092,2.002,1.624
1788221526.686205,1788221526.688226,2.020,1.444
1788221526.694768,1788221526.695770,1.002,1.011
1788221526.703034,1788221526.704119,1.086,0.872
1788221526.711614,1788221526.712212,0.598,0.754
1788221526.719699,1788221526.720706,1.007,0.569
1788221526.719699,1788221526.728333,8.634,8.581
1788221526.731331,1788221526.736035,4.704,4.854
1788221526.737107,1788221526.744685,7.577,7.078
1788221526.746692,1788221526.752145,5.453,5.432
1788221526.753556,1788221526.760407,6.850,6.875
1788221526.761923,1788221526.768006,6.083,5.924
1788221526.769942,1788221526.776525,6.583,5.966
1788221526.778518,1788221526.783890,5.372,5.310
1788221526.785889,1788221526.792465,6.576,6.072
1788221526.795484,1788221526.800484,5.001,4.931
1788221526.808172,1788221526.808172,0.000,0.018
1788221526.811071,1788221526.816700,5.630,4.657
1788221526.824178,1788221526.824178,0.000,0.391
1788221526.828193,1788221526.832194,4.001,4.396
1788221526.836736,1788221526.840732,3.996,3.638
1788221526.845334,1788221526.848866,3.532,3.228
1788221526.855402,1788221526.856406,1.004,0.401
1788221526.860939,1788221526.864459,3.520,3.073
1788221526.871477,1788221526.872473,0.996,0.690
1788221526.878006,1788221526.880009,2.003,1.995
1788221526.887054,1788221526.888137,1.083,1.221
1788221526.894676,1788221526.896694,2.018,1.762
1788221526.901696,1788221526.904033,2.337,1.859
1788221526.912106,1788221526.912106,0.000,0.653
1788221526.920147,1788221526.920147,0.000,0.480
1788221526.927682,1788221526.928677,0.995,0.356
1788221526.936193,1788221526.936193,0.000,0.092
1788221526.936193,1788221526.944214,8.021,8.108
1788221526.947752,1788221526.952748,4.997,4.733
1788221526.953751,1788221526.960847,7.096,7.163
1788221526.964844,1788221526.968385,3.541,3.777
1788221526.971387,1788221526.976903,5.517,5.356
1788221526.978927,1788221526.984461,5.534,5.197
1788221526.990989,1788221526.992997,2.008,1.495
1788221526.995986,1788221527.000565,4.579,4.364
1788221527.002586,1788221527.009111,6.526,5.512
1788221527.011271,1788221527.016272,5.001,5.230
1788221527.023815,1788221527.024814,0.998,0.667
1788221527.028338,1788221527.032363,4.025,4.558
1788221527.039886,1788221527.040886,1.000,0.593
1788221527.044878,1788221527.048884,4.006,4.042
1788221527.055851,1788221527.056851,1.001,0.863
1788221527.061395,1788221527.064395,3.000,3.084
1788221527.071936,1788221527.072938,1.002,0.628
1788221527.076938,1788221527.081254,4.317,2.856
1788221527.087907,1788221527.088908,1.001,0.672
1788221527.095105,1788221527.097040,1.936,1.845
1788221527.103759,1788221527.104731,0.973,0.677
1788221527.111236,1788221527.113235,1.999,0.916
1788221527.120761,1788221527.120761,0.000,0.174
1788221527.128755,1788221527.128755,0.000,0.361
1788221527.135958,1788221527.136957,0.999,0.336
1788221527.135958,1788221527.144488,8.530,8.345
1788221527.151086,1788221527.152086,1.000,2.152
1788221527.153593,1788221527.160681,7.089,7.087
1788221527.166678,1788221527.168678,2.000,1.968
1788221527.170191,1788221527.177206,7.015,6.530
1788221527.182732,1788221527.185261,2.529,2.351
1788221527.186260,1788221527.193301,7.041,6.719
1788221527.197301,1788221527.200835,3.533,3.319
1788221527.202831,1788221527.209349,6.518,5.616
1788221527.213864,1788221527.216872,3.007,3.167
1788221527.220371,1788221527.225382,5.011,4.879
1788221527.228377,1788221527.233089,4.713,4.317
1788221527.236030,1788221527.240666,4.636,4.398
1788221527.244720,1788221527.248793,4.073,4.118
1788221527.253363,1788221527.257369,4.005,3.537
1788221527.261993,1788221527.265000,3.007,3.198
1788221527.269514,1788221527.273079,3.565,3.178
1788221527.278079,1788221527.281080,3.001,2.665
1788221527.286654,1788221527.288662,2.007,2.351
1788221527.292181,1788221527.297188,5.007,4.424
1788221527.292181,1788221527.304723,12.542,12.447
1788221527.311739,1788221527.312748,1.010,1.534
1788221527.319117,1788221527.321630,2.513,1.759
1788221527.328638,1788221527.329646,1.008,0.637
1788221527.337158,1788221527.337158,0.000,0.072
1788221527.344678,1788221527.344678,0.000,0.302
1788221527.352277,1788221527.353281,1.004,0.595
1788221527.353281,1788221527.360906,7.625,7.291
1788221527.362420,1788221527.368942,6.521,6.493
1788221527.369946,1788221527.376971,7.025,7.441
1788221527.382988,1788221527.385253,2.265,1.816
1788221527.387254,1788221527.393263,6.009,5.937
1788221527.398664,1788221527.401396,2.732,2.464
1788221527.403535,1788221527.409493,5.958,5.885
1788221527.413218,1788221527.417727,4.509,3.970
1788221527.420771,1788221527.424900,4.128,4.634
1788221527.427898,1788221527.433411,5.513,5.015
1788221527.435983,1788221527.440982,5.000,4.909
1788221527.444504,1788221527.449509,5.005,4.425
1788221527.453503,1788221527.457026,3.523,4.070
1788221527.462175,1788221527.465692,3.516,3.441
1788221527.469217,1788221527.473222,4.004,3.909
1788221527.477413,1788221527.481413,4.001,3.456
1788221527.488571,1788221527.489572,1.000,0.253
1788221527.494572,1788221527.497819,3.247,2.535
1788221527.502357,1788221527.505868,3.511,2.512
1788221527.511387,1788221527.513395,2.007,1.870
1788221527.520049,1788221527.521048,0.999,1.184
1788221527.527404,1788221527.529043,1.638,1.160
1788221527.535553,1788221527.537556,2.003,1.820
1788221527.544556,1788221527.545556,1.000,0.474
1788221527.552979,1788221527.552979,0.000,0.803
1788221527.560925,1788221527.561933,1.007,0.113
1788221527.567450,1788221527.569455,2.005,1.814
1788221527.569455,1788221527.577980,8.525,7.702
1788221527.581973,1788221527.585498,3.525,3.358
1788221527.586505,1788221527.593701,7.196,6.511
1788221527.598749,1788221527.601827,3.078,2.197
1788221527.603827,1788221527.609872,6.045,5.978
1788221527.612880,1788221527.617384,4.503,4.358
1788221527.619870,1788221527.625382,5.512,5.844
1788221527.628671,1788221527.633206,4.534,5.232
1788221527.637207,1788221527.641731,4.524,4.385
1788221527.645732,1788221527.649325,3.593,3.953
1788221527.653315,1788221527.657827,4.512,4.504
1788221527.661063,1788221527.666062,4.999,4.224
1788221527.669410,1788221527.673628,4.218,3.372
1788221527.677629,1788221527.682155,4.526,3.494
1788221527.686219,1788221527.689735,3.517,2.823
1788221527.694746,1788221527.697738,2.993,2.476
1788221527.702271,1788221527.705271,3.000,2.834
1788221527.711949,1788221527.713591,1.642,1.856
1788221527.721107,1788221527.722110,1.003,0.450
1788221527.728531,1788221527.730035,1.505,1.328
1788221527.736542,1788221527.737543,1.001,0.593
1788221527.745067,1788221527.746060,0.994,0.485
1788221527.753096,1788221527.754094,0.998,0.081
1788221527.761659,1788221527.761659,0.000,0.168
1788221527.769213,1788221527.770220,1.008,0.331
1788221527.769213,1788221527.777735,8.522,7.856
1788221527.784797,1788221527.785809,1.012,1.249
1788221527.786801,1788221527.793391,6.590,6.735
1788221527.799564,1788221527.801572,2.007,1.776
1788221527.802564,1788221527.810203,7.638,6.660
1788221527.815790,1788221527.817810,2.019,1.704
1788221527.819781,1788221527.825487,5.705,6.255
1788221527.830312,1788221527.834302,3.991,3.545
1788221527.835886,1788221527.841697,5.810,5.484
1788221527.846287,1788221527.850373,4.086,3.293
1788221527.853375,1788221527.857589,4.214,3.925
1788221527.862563,1788221527.866202,3.639,3.106
1788221527.869827,1788221527.873905,4.078,4.038
1788221527.877502,1788221527.881517,4.015,3.797
1788221527.886341,1788221527.889989,3.648,3.173
1788221527.894915,1788221527.898551,3.637,2.659
1788221527.904106,1788221527.906111,2.005,1.654
1788221527.911155,1788221527.914445,3.290,2.183
1788221527.920957,1788221527.921964,1.007,1.231
1788221527.927963,1788221527.930420,2.457,1.577
1788221527.936418,1788221527.938341,1.923,0.924
1788221527.945596,1788221527.945596,0.000,0.815
1788221527.954126,1788221527.954126,0.000,0.030
1788221527.955141,1788221527.962180,7.039,6.788
1788221527.969852,1788221527.970317,0.465,0.136
1788221527.970317,1788221527.977842,7.524,7.663
1788221527.985396,1788221527.986605,1.209,0.613
1788221527.986605,1788221527.994138,7.532,7.372
1788221528.000537,1788221528.002538,2.001,1.275
1788221528.004531,1788221528.010204,5.672,5.279
1788221528.016209,1788221528.018209,1.999,1.870
1788221528.020725,1788221528.026732,6.007,5.760
1788221528.032253,1788221528.034290,2.036,1.832
1788221528.032253,1788221528.042033,9.780,9.843
1788221528.047943,1788221528.050473,2.531,2.191
1788221528.053476,1788221528.057548,4.072,4.543
1788221528.062867,1788221528.065819,2.952,3.373
1788221528.070323,1788221528.074422,4.098,4.060
1788221528.078420,1788221528.082760,4.340,3.755
1788221528.086270,1788221528.090790,4.520,4.008
1788221528.094790,1788221528.097785,2.995,3.562
1788221528.102298,1788221528.106302,4.004,3.647
1788221528.112341,1788221528.114349,2.008,2.123
1788221528.119848,1788221528.122854,3.006,2.766
1788221528.128858,1788221528.130378,1.519,1.697
1788221528.136382,1788221528.138385,2.003,1.589
1788221528.144906,1788221528.146905,2.000,1.172
1788221528.152485,1788221528.154519,2.034,1.319
1788221528.162134,1788221528.162134,0.000,0.065
1788221528.169043,1788221528.170627,1.584,0.776
1788221528.177736,1788221528.178727,0.991,0.138
1788221528.177736,1788221528.186007,8.271,8.147
1788221528.187037,1788221528.194223,7.186,6.694
1788221528.195214,1788221528.202739,7.525,7.456
1788221528.203739,1788221528.210257,6.518,6.561
1788221528.217510,1788221528.218503,0.994,0.815
1788221528.222688,1788221528.226739,4.051,4.052
1788221528.233250,1788221528.234752,1.502,1.027
1788221528.236771,1788221528.242917,6.146,6.018
1788221528.247918,1788221528.250917,2.999,2.299
1788221528.253443,1788221528.258442,4.999,4.624
1788221528.263483,1788221528.266946,3.464,2.703
1788221528.269449,1788221528.274967,5.518,4.938
1788221528.278969,1788221528.282968,3.999,3.471
1788221528.286992,1788221528.290998,4.006,3.502
1788221528.295517,1788221528.299043,3.527,2.738
1788221528.303557,1788221528.306553,2.996,3.289
1788221528.311737,1788221528.314269,2.532,3.044
1788221528.320263,1788221528.322270,2.007,2.219
1788221528.327793,1788221528.330793,2.999,2.507
1788221528.337306,1788221528.338314,1.008,1.638
1788221528.344835,1788221528.346843,2.008,1.886
1788221528.352355,1788221528.354370,2.015,1.880
1788221528.361531,1788221528.363096,1.566,1.167
1788221528.369108,1788221528.371116,2.008,1.102
1788221528.378183,1788221528.378183,0.000,0.440
1788221528.386477,1788221528.386477,0.000,0.055
1788221528.388482,1788221528.395007,6.525,6.317
1788221528.395007,1788221528.402007,7.000,7.609
1788221528.404534,1788221528.410829,6.295,6.514
1788221528.418348,1788221528.418348,0.000,0.115
1788221528.421339,1788221528.426865,5.526,5.562
1788221528.427865,1788221528.434679,6.814,6.231
1788221528.435693,1788221528.443161,7.468,6.477
1788221528.450683,1788221528.450683,0.000,0.463
1788221528.452683,1788221528.459025,6.342,5.506
1788221528.465745,1788221528.466744,0.999,0.810
1788221528.469743,1788221528.475275,5.532,4.715
1788221528.481275,1788221528.483264,1.989,1.612
1788221528.486602,1788221528.490676,4.074,4.071
1788221528.496241,1788221528.499327,3.086,2.414
1788221528.503566,1788221528.506582,3.016,3.477
1788221528.512183,1788221528.514719,2.536,2.340
1788221528.519719,1788221528.522718,2.999,2.892
1788221528.529243,1788221528.530761,1.517,1.914
1788221528.536288,1788221528.539288,3.000,1.964
1788221528.544797,1788221528.546812,2.015,1.456
1788221528.552814,1788221528.555336,2.523,1.837
1788221528.561613,1788221528.562603,0.990,0.725
1788221528.569164,1788221528.570677,1.512,0.822
1788221528.578218,1788221528.579218,1.000,0.881
1788221528.586239,1788221528.587246,1.007,0.362
1788221528.590246,1788221528.595508,5.262,5.030
1788221528.603073,1788221528.603073,0.000,0.264
1788221528.604074,1788221528.611118,7.044,6.573
1788221528.612122,1788221528.618648,6.526,7.240
1788221528.620703,1788221528.626714,6.010,6.391
1788221528.628728,1788221528.635255,6.527,5.969
1788221528.636413,1788221528.643421,7.008,5.916
1788221528.650951,1788221528.650951,0.000,0.045
1788221528.653951,1788221528.659631,5.680,4.818
1788221528.665736,1788221528.667074,1.338,1.054
1788221528.670071,1788221528.675584,5.512,5.321
1788221528.681601,1788221528.683591,1.991,1.130
1788221528.686100,1788221528.691118,5.018,4.801
1788221528.697391,1788221528.699396,2.006,1.794
1788221528.703391,1788221528.707572,4.180,3.535
1788221528.712092,1788221528.715620,3.528,2.810
1788221528.720135,1788221528.723143,3.007,3.490
1788221528.728663,1788221528.731668,3.005,2.402
1788221528.737173,1788221528.739184,2.011,2.233
1788221528.745177,1788221528.747696,2.520,1.907
1788221528.752711,1788221528.755711,3.000,2.232
1788221528.761292,1788221528.763798,2.506,1.913
1788221528.770018,1788221528.771020,1.002,0.882
1788221528.778551,1788221528.779551,1.000,1.002
1788221528.786142,1788221528.787792,1.651,0.439
1788221528.794813,1788221528.795893,1.079,0.602
1788221528.794813,1788221528.803615,8.801,8.610
1788221528.805552,1788221528.811896,6.345,5.768
1788221528.811896,1788221528.819617,7.720,7.598
1788221528.821520,1788221528.827605,6.085,5.518
1788221528.828596,1788221528.835837,7.241,6.032
1788221528.836756,1788221528.843522,6.766,6.551
1788221528.845448,1788221528.851161,5.712,6.297
1788221528.853045,1788221528.859812,6.768,5.911
1788221528.862360,1788221528.867475,5.116,5.139
1788221528.868982,1788221528.875708,6.726,5.799
1788221528.882230,1788221528.883313,1.083,0.881
1788221528.886266,1788221528.891286,5.019,5.131
1788221528.898290,1788221528.899534,1.244,1.063
1788221528.903544,1788221528.907549,4.005,3.948
1788221528.913604,1788221528.915603,2.000,1.684
1788221528.920125,1788221528.923213,3.088,2.884
1788221528.929814,1788221528.931897,2.083,1.644
1788221528.935836,1788221528.939840,4.004,3.213
1788221528.945856,1788221528.947855,1.999,1.579
1788221528.953377,1788221528.955387,2.011,2.316
1788221528.961476,1788221528.963474,1.997,2.039
1788221528.969424,1788221528.971963,2.539,1.824
1788221528.979043,1788221528.979043,0.000,0.912
1788221528.986343,1788221528.987357,1.014,0.998
1788221528.995082,1788221528.996175,1.092,0.716
1788221529.002846,1788221529.003898,1.052,0.818
1788221529.011180,1788221529.012175,0.994,0.017
1788221529.011180,1788221529.019257,8.076,8.031
1788221529.023774,1788221529.027835,4.061,3.613
1788221529.028834,1788221529.036225,7.390,7.264
1788221529.037986,1788221529.043877,5.891,6.154
1788221529.045138,1788221529.052255,7.117,6.533
1788221529.053256,1788221529.060256,7.000,6.363
1788221529.061519,1788221529.067575,6.057,6.321
1788221529.069653,1788221529.076323,6.670,6.547
1788221529.082744,1788221529.083744,1.000,0.829
1788221529.086376,1788221529.091893,5.517,5.355
1788221529.098908,1788221529.099908,1.000,1.411
1788221529.103403,1788221529.108401,4.999,4.332
1788221529.113444,1788221529.116444,3.000,2.355
1788221529.120445,1788221529.123969,3.524,3.890
1788221529.128961,1788221529.132467,3.505,2.671
1788221529.136574,1788221529.139567,2.992,3.743
1788221529.145081,1788221529.148091,3.010,3.106
1788221529.152594,1788221529.155609,3.015,2.993
1788221529.162653,1788221529.163649,0.996,1.078
1788221529.169182,1788221529.172190,3.008,2.637
1788221529.177721,1788221529.179714,1.993,2.163
1788221529.186226,1788221529.188389,2.164,1.725
1788221529.194922,1788221529.195932,1.010,1.223
1788221529.203450,1788221529.204449,0.999,0.448
