t_capture,t_command,latency_ms,signal_age_ms
1788222229.756019,1788222229.757031,1.012,0.368
1788222229.763558,1788222229.764553,0.995,1.083
1788222229.771674,1788222229.773048,1.374,0.699
1788222229.780596,1788222229.780596,0.000,0.048
1788222229.788599,1788222229.789114,0.514,0.134
1788222229.796134,1788222229.797136,1.002,0.401
1788222229.804676,1788222229.804676,0.000,0.100
1788222229.804676,1788222229.813214,8.539,8.110
1788222229.817732,1788222229.821278,3.546,2.515
1788222229.821278,1788222229.828383,7.105,7.404
1788222229.833277,1788222229.837212,3.936,3.331
1788222229.839222,1788222229.844753,5.531,5.930
1788222229.848754,1788222229.853314,4.560,3.710
1788222229.854313,1788222229.861043,6.730,6.181
1788222229.864137,1788222229.868488,4.351,4.605
1788222229.871046,1788222229.877047,6.001,5.443
1788222229.880670,1788222229.884687,4.017,4.175
1788222229.889237,1788222229.892827,3.590,12.175
1788222229.896431,1788222229.901351,4.920,4.011
1788222229.906876,1788222229.908879,2.004,1.895
1788222229.912420,1788222229.916418,3.998,4.043
1788222229.921521,1788222229.924631,3.110,12.043
1788222229.929532,1788222229.932052,2.521,3.593
1788222229.938635,1788222229.940641,2.006,2.257
1788222229.945667,1788222229.948720,3.053,2.843
1788222229.954246,1788222229.957246,3.000,2.426
1788222229.962763,1788222229.964783,2.021,1.658
1788222229.970327,1788222229.972871,2.544,9.658
1788222229.978871,1788222229.980865,1.994,17.658
1788222229.987550,1788222229.988581,1.030,25.658
1788222229.996706,1788222229.996706,0.000,0.044
1788222230.004367,1788222230.005299,0.932,0.630
1788222230.006299,1788222230.012815,6.516,7.122
1788222230.021369,1788222230.021369,0.000,0.059
1788222230.021369,1788222230.028963,7.595,7.793
1788222230.036182,1788222230.037169,0.987,0.775
1788222230.037169,1788222230.044953,7.784,7.187
1788222230.051064,1788222230.052638,1.573,1.873
1788222230.054654,1788222230.061712,7.057,6.487
1788222230.066283,1788222230.069757,3.474,2.718
1788222230.071772,1788222230.077315,5.543,5.773
1788222230.082314,1788222230.084932,2.617,2.680
1788222230.088930,1788222230.093464,4.534,4.478
1788222230.097614,1788222230.101612,3.998,3.835
1788222230.105143,1788222230.109148,4.005,4.163
1788222230.113225,1788222230.117747,4.522,4.231
1788222230.121738,1788222230.125348,3.610,3.130
1788222230.130281,1788222230.133927,3.646,3.493
1788222230.137988,1788222230.141994,4.007,3.335
1788222230.146478,1788222230.149485,3.007,2.992
1788222230.154996,1788222230.158015,3.018,10.992
1788222230.163015,1788222230.165525,2.510,2.640
1788222230.171062,1788222230.173102,2.040,2.305
1788222230.179693,1788222230.181797,2.104,1.885
1788222230.188221,1788222230.189287,1.066,9.885
1788222230.196404,1788222230.197405,1.001,1.110
1788222230.204405,1788222230.205923,1.518,1.158
1788222230.205923,1788222230.213475,7.552,7.429
1788222230.221059,1788222230.221059,0.000,0.159
1788222230.222381,1788222230.230150,7.769,7.630
1788222230.235700,1788222230.238222,2.521,2.128
1788222230.238222,1788222230.246219,7.998,7.535
1788222230.252724,1788222230.253728,1.004,0.592
1788222230.254724,1788222230.262266,7.542,7.187
1788222230.267803,1788222230.270060,2.257,1.703
1788222230.270060,1788222230.278135,8.074,9.703
1788222230.284556,1788222230.285579,1.023,1.359
1788222230.288133,1788222230.293663,5.530,5.411
1788222230.299200,1788222230.302204,3.004,13.411
1788222230.304198,1788222230.309946,5.748,5.159
1788222230.313909,1788222230.318013,4.105,3.817
1788222230.322016,1788222230.326084,4.068,3.751
1788222230.329661,1788222230.333734,4.073,3.789
1788222230.338210,1788222230.341336,3.125,3.157
1788222230.345736,1788222230.350293,4.557,11.157
1788222230.354292,1788222230.357806,3.514,2.983
1788222230.362820,1788222230.365823,3.002,2.811
1788222230.371000,1788222230.373695,2.695,2.306
1788222230.380133,1788222230.382187,2.054,10.306
1788222230.388742,1788222230.389749,1.007,1.355
1788222230.396281,1788222230.397797,1.516,1.672
1788222230.404821,1788222230.405821,1.000,1.327
1788222230.412363,1788222230.413949,1.586,1.248
1788222230.421272,1788222230.422343,1.071,0.521
1788222230.422343,1788222230.429797,7.454,7.216
1788222230.430803,1788222230.437009,6.206,7.035
1788222230.438516,1788222230.445540,7.024,7.286
1788222230.446525,1788222230.454060,7.535,7.389
1788222230.455065,1788222230.462400,7.334,7.217
1788222230.469916,1788222230.469916,0.000,0.037
1788222230.472468,1788222230.478469,6.001,4.930
1788222230.485005,1788222230.485993,0.988,1.060
1788222230.488991,1788222230.494059,5.067,5.147
1788222230.501122,1788222230.502131,1.008,13.147
1788222230.507123,1788222230.510140,3.017,2.787
1788222230.517209,1788222230.518202,0.993,0.626
1788222230.521734,1788222230.525742,4.008,3.767
1788222230.532284,1788222230.534280,1.996,1.840
1788222230.539276,1788222230.541832,2.556,2.002
1788222230.547830,1788222230.550593,2.763,1.706
1788222230.557610,1788222230.558131,0.521,0.646
1788222230.563670,1788222230.565672,2.002,2.819
1788222230.571178,1788222230.573756,2.578,2.971
1788222230.578941,1788222230.581939,2.998,2.507
1788222230.587942,1788222230.589939,1.997,1.993
1788222230.592468,1788222230.597863,5.395,9.993
1788222230.604393,1788222230.606394,2.001,1.616
1788222230.612927,1788222230.614437,1.510,0.927
1788222230.619982,1788222230.622506,2.524,1.107
1788222230.629815,1788222230.629815,0.000,0.685
1788222230.637280,1788222230.638410,1.129,0.270
1788222230.639932,1788222230.646140,6.208,5.984
1788222230.647146,1788222230.653804,6.658,7.417
1788222230.655797,1788222230.662855,7.058,6.812
1788222230.664853,1788222230.669856,5.004,5.366
1788222230.670858,1788222230.678493,7.635,6.822
1788222230.686063,1788222230.686063,0.000,0.092
1788222230.689270,1788222230.694812,5.543,4.800
1788222230.701356,1788222230.702487,1.131,1.287
1788222230.704302,1788222230.710661,6.359,6.051
1788222230.717595,1788222230.718657,1.062,0.891
1788222230.721593,1788222230.726060,4.467,4.936
1788222230.732067,1788222230.734638,2.571,2.158
1788222230.741591,1788222230.743160,1.570,0.821
1788222230.747176,1788222230.750679,3.504,3.425
1788222230.754341,1788222230.759049,4.708,4.252
1788222230.763549,1788222230.766563,3.014,2.791
1788222230.771641,1788222230.774791,3.151,2.696
1788222230.779848,1788222230.782791,2.943,3.276
1788222230.788335,1788222230.791279,2.944,2.867
1788222230.797036,1788222230.799021,1.985,2.136
1788222230.804482,1788222230.806519,2.037,2.373
1788222230.812496,1788222230.814134,1.637,2.277
1788222230.822548,1788222230.822548,0.000,10.277
1788222230.830093,1788222230.831090,0.997,0.689
1788222230.838459,1788222230.839459,0.999,0.524
1788222230.846062,1788222230.847060,0.998,0.502
1788222230.853106,1788222230.854619,1.512,1.526
1788222230.854619,1788222230.862907,8.288,7.844
1788222230.868328,1788222230.871320,2.992,2.633
1788222230.871320,1788222230.879476,8.156,7.386
1788222230.884474,1788222230.887281,2.808,2.628
1788222230.888305,1788222230.895450,7.145,6.694
1788222230.899603,1788222230.902619,3.016,3.662
1788222230.904132,1788222230.911203,7.070,6.609
1788222230.916989,1788222230.919523,2.535,2.417
1788222230.921540,1788222230.927076,5.535,5.941
1788222230.930069,1788222230.934731,4.662,4.958
1788222230.937747,1788222230.943743,5.996,5.100
1788222230.946779,1788222230.950784,4.005,4.434
1788222230.955288,1788222230.959301,4.013,3.867
1788222230.963298,1788222230.967831,4.533,11.867
1788222230.975369,1788222230.975369,0.000,0.210
1788222230.979869,1788222230.982873,3.004,3.731
1788222230.990402,1788222230.991405,1.003,0.645
1788222230.996463,1788222230.999481,3.019,2.444
1788222231.006617,1788222231.007614,0.996,0.122
1788222231.012615,1788222231.015621,3.006,1.997
1788222231.021719,1788222231.023741,2.022,0.974
1788222231.030252,1788222231.031260,1.008,0.878
1788222231.037784,1788222231.039196,1.412,1.419
1788222231.037784,1788222231.047734,9.951,9.433
1788222231.054729,1788222231.055734,1.004,0.565
1788222231.054729,1788222231.063272,8.543,8.592
1788222231.069985,1788222231.071984,1.999,0.923
1788222231.071984,1788222231.079680,7.697,6.992
1788222231.083037,1788222231.087584,4.547,4.697
1788222231.087584,1788222231.095117,7.533,7.473
1788222231.097652,1788222231.103662,6.010,5.758
1788222231.104647,1788222231.111190,6.542,7.116
1788222231.113209,1788222231.119333,6.124,6.131
1788222231.121332,1788222231.127867,6.535,6.021
1788222231.129866,1788222231.135861,5.996,5.591
1788222231.143404,1788222231.143404,0.000,0.022
1788222231.146404,1788222231.151482,5.078,4.771
1788222231.159019,1788222231.160030,1.012,0.317
1788222231.164015,1788222231.167530,3.515,3.796
1788222231.175063,1788222231.176075,1.012,0.849
1788222231.180605,1788222231.183610,3.005,2.955
1788222231.191467,1788222231.191467,0.000,0.419
1788222231.196477,1788222231.200022,3.544,3.096
1788222231.205007,1788222231.208020,3.013,2.246
1788222231.213181,1788222231.215186,2.005,10.246
1788222231.221719,1788222231.224212,2.494,1.785
1788222231.229733,1788222231.231739,2.005,9.785
1788222231.238758,1788222231.240027,1.269,1.084
1788222231.246042,1788222231.247056,1.015,1.434
1788222231.254526,1788222231.255527,1.002,0.742
1788222231.262077,1788222231.263584,1.507,1.153
1788222231.270933,1788222231.271929,0.995,0.339
1788222231.271929,1788222231.279437,7.509,7.894
1788222231.282456,1788222231.287518,5.062,5.143
1788222231.289033,1788222231.295585,6.552,6.214
1788222231.297588,1788222231.304123,6.535,6.046
1788222231.304123,1788222231.311662,7.539,7.115
1788222231.312662,1788222231.319704,7.041,6.967
1788222231.324721,1788222231.328236,3.515,2.804
1788222231.332249,1788222231.336241,3.992,3.508
1788222231.342387,1788222231.343899,1.512,1.659
1788222231.345915,1788222231.352155,6.240,5.489
1788222231.358683,1788222231.359708,1.025,1.130
1788222231.363694,1788222231.367709,4.015,4.398
1788222231.374240,1788222231.376750,2.510,2.074
1788222231.379273,1788222231.384302,5.029,4.841
1788222231.390041,1788222231.392693,2.652,2.057
1788222231.396786,1788222231.400386,3.600,3.725
1788222231.405474,1788222231.408386,2.912,2.952
1788222231.414929,1788222231.416081,1.152,1.310
1788222231.420946,1788222231.424947,4.001,3.303
1788222231.429515,1788222231.431635,2.120,2.754
1788222231.438224,1788222231.440793,2.569,2.491
1788222231.446788,1788222231.448789,2.001,1.677
1788222231.455254,1788222231.456260,1.006,1.140
1788222231.463012,1788222231.464909,1.897,1.696
1788222231.471436,1788222231.472436,0.999,1.311
1788222231.479543,1788222231.480566,1.023,0.753
1788222231.487562,1788222231.488635,1.072,0.350
1788222231.495776,1788222231.496777,1.001,0.124
1788222231.497776,1788222231.504353,6.577,6.449
1788222231.511906,1788222231.512987,1.080,0.036
1788222231.512987,1788222231.520422,7.436,7.583
1788222231.528144,1788222231.529041,0.897,15.583
1788222231.530038,1788222231.536569,6.531,6.732
1788222231.543111,1788222231.545110,1.999,0.823
1788222231.546108,1788222231.552648,6.540,6.006
1788222231.558787,1788222231.560721,1.934,1.438
1788222231.562298,1788222231.568299,6.001,9.438
1788222231.575788,1788222231.576858,1.070,1.131
1788222231.579491,1788222231.585027,5.536,4.431
1788222231.590027,1788222231.592094,2.067,1.680
1788222231.596106,1788222231.601107,5.001,4.279
1788222231.605732,1788222231.609129,3.397,12.279
1788222231.612636,1788222231.616673,4.036,3.378
1788222231.620764,1788222231.624385,3.621,3.196
1788222231.629775,1788222231.632340,2.564,2.770
1788222231.639314,1788222231.640337,1.024,1.304
1788222231.645882,1788222231.648879,2.997,2.515
1788222231.654399,1788222231.656914,2.515,10.515
1788222231.664473,1788222231.664473,0.000,0.309
1788222231.671493,1788222231.673005,1.513,0.417
1788222231.671493,1788222231.681291,9.799,8.433
1788222231.687812,1788222231.688814,1.002,0.455
1788222231.696887,1788222231.696887,0.000,0.113
1788222231.704985,1788222231.704985,0.000,0.144
1788222231.712513,1788222231.712513,0.000,0.068
1788222231.714032,1788222231.720571,6.539,6.272
1788222231.721573,1788222231.729285,7.712,6.892
1788222231.730222,1788222231.736869,6.647,14.892
1788222231.744381,1788222231.744381,0.000,22.892
1788222231.746469,1788222231.752404,5.935,6.432
1788222231.760633,1788222231.761263,0.630,0.381
1788222231.763093,1788222231.768674,5.581,5.687
1788222231.775713,1788222231.777065,1.352,1.600
1788222231.779635,1788222231.784220,4.585,5.388
1788222231.790752,1788222231.793293,2.541,1.904
1788222231.796821,1788222231.800903,4.082,9.904
1788222231.806397,1788222231.808481,2.084,2.900
1788222231.812412,1788222231.817497,5.085,4.377
1788222231.821518,1788222231.824511,2.993,3.365
1788222231.830636,1788222231.832573,1.937,11.365
1788222231.837785,1788222231.840868,3.083,2.787
1788222231.846404,1788222231.849503,3.099,2.687
1788222231.854097,1788222231.856613,2.516,2.400
1788222231.863696,1788222231.864710,1.014,0.717
1788222231.871263,1788222231.873257,1.994,1.605
1788222231.878580,1788222231.881110,2.530,1.260
1788222231.882064,1788222231.888886,6.822,6.718
1788222231.882064,1788222231.897537,15.472,14.729
1788222231.904578,1788222231.905539,0.961,0.588
1788222231.912130,1788222231.913218,1.088,0.496
1788222231.913218,1788222231.920251,7.032,7.763
1788222231.928533,1788222231.929413,0.880,0.106
1788222231.929413,1788222231.936930,7.517,7.481
1788222231.944482,1788222231.945557,1.075,0.126
1788222231.945557,1788222231.953197,7.641,7.139
1788222231.958633,1788222231.961555,2.922,2.541
1788222231.963612,1788222231.969181,5.568,5.502
1788222231.974247,1788222231.977417,3.170,2.398
1788222231.980454,1788222231.985491,5.037,4.471
1788222231.989093,1788222231.993635,4.542,3.941
1788222231.996635,1788222232.001175,4.540,4.413
1788222232.004169,1788222232.009794,5.625,4.734
1788222232.004169,1788222232.017829,13.660,12.747
1788222232.020616,1788222232.025628,5.012,4.337
1788222232.029338,1788222232.033756,4.419,2.983
1788222232.038181,1788222232.041467,3.286,2.482
1788222232.046591,1788222232.049197,2.607,2.929
1788222232.054651,1788222232.057652,3.001,2.633
1788222232.064176,1788222232.065175,0.999,10.633
1788222232.071127,1788222232.073125,1.999,1.730
1788222232.080212,1788222232.081376,1.164,0.618
1788222232.087393,1788222232.089929,2.536,1.761
1788222232.096458,1788222232.097456,0.998,1.155
1788222232.103999,1788222232.104999,1.000,0.868
1788222232.112539,1788222232.113548,1.009,0.557
1788222232.120900,1788222232.121901,1.002,0.206
1788222232.126895,1788222232.128900,2.005,2.777
1788222232.130414,1788222232.137434,7.021,6.825
1788222232.141965,1788222232.145378,3.413,3.522
1788222232.147381,1788222232.153908,6.527,5.804
1788222232.156911,1788222232.161417,4.506,4.428
1788222232.163437,1788222232.169431,5.995,6.288
1788222232.172665,1788222232.177709,5.044,4.818
1788222232.179238,1788222232.185780,6.542,6.102
1788222232.189772,1788222232.193898,4.126,14.102
1788222232.196896,1788222232.201410,4.514,4.701
1788222232.205423,1788222232.209425,4.002,12.701
1788222232.212949,1788222232.216962,4.013,4.473
1788222232.221653,1788222232.225177,3.524,4.268
1788222232.229179,1788222232.233720,4.541,4.014
1788222232.238234,1788222232.241755,3.520,3.471
1788222232.245574,1788222232.249571,3.997,3.523
1788222232.254097,1788222232.258105,4.008,3.165
1788222232.262613,1788222232.265633,3.020,2.677
1788222232.270805,1788222232.273341,2.536,2.653
1788222232.280877,1788222232.280877,0.000,0.240
1788222232.288551,1788222232.289450,0.899,1.290
1788222232.296222,1788222232.298147,1.925,1.154
1788222232.304778,1788222232.305786,1.008,1.064
1788222232.311788,1788222232.313303,1.515,0.850
1788222232.320888,1788222232.321886,0.998,0.579
1788222232.326433,1788222232.330077,3.644,2.705
1788222232.335617,1788222232.337546,1.929,2.235
1788222232.342146,1788222232.345728,3.582,3.406
1788222232.346673,1788222232.354182,7.509,7.313
1788222232.358196,1788222232.362195,3.999,3.032
1788222232.363705,1788222232.369747,6.042,6.092
1788222232.375262,1788222232.377773,2.511,14.092
1788222232.380784,1788222232.385822,5.038,4.964
1788222232.388817,1788222232.394352,5.536,5.006
1788222232.395879,1788222232.402403,6.524,5.492
1788222232.404926,1788222232.409929,5.003,4.608
1788222232.404926,1788222232.417452,12.527,12.630
1788222232.421977,1788222232.426504,4.527,4.000
1788222232.433025,1788222232.434533,1.508,1.006
1788222232.438080,1788222232.442081,4.001,3.821
1788222232.448608,1788222232.449605,0.997,11.821
1788222232.457146,1788222232.458146,0.999,0.939
1788222232.457146,1788222232.466252,9.105,8.959
1788222232.468250,1788222232.473258,5.007,6.077
1788222232.482315,1788222232.482315,0.000,0.032
1788222232.483308,1788222232.489839,6.531,7.184
1788222232.498021,1788222232.498021,0.000,15.184
1788222232.499021,1788222232.506630,7.610,7.473
1788222232.512558,1788222232.513615,1.056,1.444
1788222232.515234,1788222232.521838,6.604,7.032
1788222232.528388,1788222232.530432,2.044,1.966
1788222232.528388,1788222232.537922,9.535,9.966
1788222232.545440,1788222232.546463,1.023,0.211
1788222232.545440,1788222232.554453,9.013,8.219
1788222232.559036,1788222232.562034,2.998,2.940
1788222232.564032,1788222232.570564,6.531,5.407
1788222232.574567,1788222232.578107,3.540,3.155
1788222232.581107,1788222232.586639,5.532,5.138
1788222232.591629,1788222232.594166,2.536,2.906
1788222232.596166,1788222232.602700,6.534,6.260
1788222232.606854,1788222232.610175,3.321,3.327
1788222232.612171,1788222232.618701,6.530,5.646
1788222232.623390,1788222232.626623,3.232,3.114
1788222232.629636,1788222232.633736,4.100,5.127
1788222232.638719,1788222232.642359,3.640,3.795
1788222232.646447,1788222232.650450,4.003,4.056
1788222232.654453,1788222232.658000,3.547,3.559
1788222232.662755,1788222232.666264,3.508,3.314
1788222232.670540,1788222232.674552,4.012,3.325
1788222232.679787,1788222232.682782,2.995,2.195
1788222232.688293,1788222232.690295,2.001,10.195
1788222232.696747,1788222232.698878,2.131,1.988
1788222232.704771,1788222232.706771,2.000,1.917
1788222232.712312,1788222232.714861,2.549,1.715
1788222232.720906,1788222232.722919,2.013,1.115
1788222232.729475,1788222232.730555,1.080,0.689
1788222232.738561,1788222232.738561,0.000,8.689
1788222232.745569,1788222232.747082,1.513,0.607
1788222232.748173,1788222232.754471,6.298,6.305
1788222232.756071,1788222232.762763,6.692,6.521
1788222232.763679,1788222232.770296,6.617,14.521
1788222232.771291,1788222232.778596,7.305,7.334
1788222232.779538,1788222232.786534,6.996,6.965
1788222232.794064,1788222232.794576,0.513,0.545
1788222232.796593,1788222232.803141,6.548,6.354
1788222232.810669,1788222232.810669,0.000,0.050
1788222232.813669,1788222232.819207,5.538,5.420
1788222232.826203,1788222232.827227,1.024,0.954
1788222232.829261,1788222232.834595,5.334,5.326
1788222232.840125,1788222232.843131,3.006,2.442
1788222232.847259,1788222232.850800,3.541,3.915
1788222232.855800,1788222232.859318,3.518,2.885
1788222232.862883,1788222232.867419,4.535,10.885
1788222232.870961,1788222232.874955,3.994,3.495
1788222232.879483,1788222232.882976,3.493,3.335
1788222232.887985,1788222232.890535,2.550,2.229
1788222232.895745,1788222232.898759,3.014,10.229
1788222232.905285,1788222232.907290,2.005,1.994
1788222232.912826,1788222232.914845,2.019,1.700
1788222232.920907,1788222232.923548,2.641,1.630
1788222232.928568,1788222232.931103,2.534,1.749
1788222232.938338,1788222232.939349,1.010,9.749
1788222232.946635,1788222232.947627,0.992,0.333
1788222232.955163,1788222232.955163,0.000,0.312
1788222232.961693,1788222232.963381,1.688,1.313
1788222232.963381,1788222232.971648,8.268,7.490
1788222232.978195,1788222232.979296,1.101,1.148
1788222232.979296,1788222232.987030,7.733,7.577
1788222232.992466,1788222232.994985,2.519,2.453
1788222232.997009,1788222233.003652,6.644,10.453
1788222233.007649,1788222233.011165,3.516,3.588
1788222233.016719,1788222233.019345,2.626,1.963
1788222233.024471,1788222233.027486,3.015,3.080
1788222233.029584,1788222233.035020,5.436,5.212
1788222233.039017,1788222233.043590,4.573,4.205
1788222233.046710,1788222233.051754,5.044,4.695
1788222233.055290,1788222233.059295,4.005,3.520
1788222233.062933,1788222233.067046,4.113,4.079
1788222233.071817,1788222233.075838,4.021,3.841
1788222233.079380,1788222233.082923,3.543,3.570
1788222233.088923,1788222233.090441,1.518,2.664
1788222233.099192,1788222233.099707,0.515,0.312
1788222233.104438,1788222233.107487,3.050,8.312
1788222233.114030,1788222233.115021,0.991,0.594
1788222233.122568,1788222233.123087,0.519,0.892
1788222233.129104,1788222233.131103,1.999,1.977
1788222233.137710,1788222233.139036,1.326,1.586
1788222233.145578,1788222233.147584,2.006,1.280
1788222233.155104,1788222233.155104,0.000,0.398
1788222233.160105,1788222233.163728,3.622,2.930
1788222233.170806,1788222233.171833,1.026,0.199
1788222233.176370,1788222233.179424,3.053,2.859
1788222233.179424,1788222233.188146,8.722,8.119
1788222233.191170,1788222233.195399,4.229,4.028
1788222233.197528,1788222233.204143,6.615,12.028
1788222233.207273,1788222233.212286,5.014,4.508
1788222233.213169,1788222233.219725,6.556,6.370
1788222233.223059,1788222233.227622,4.563,14.370
1788222233.230618,1788222233.236302,5.685,4.441
1788222233.240589,1788222233.243611,3.022,3.515
1788222233.246148,1788222233.251715,5.567,4.856
1788222233.256265,1788222233.260317,4.051,3.433
1788222233.263293,1788222233.267806,4.513,4.364
1788222233.271752,1788222233.276297,4.544,4.399
1788222233.280290,1788222233.283839,3.549,3.629
1788222233.290466,1788222233.292465,1.999,11.629
1788222233.296967,1788222233.299987,3.020,3.320
1788222233.305000,1788222233.308117,3.116,3.055
1788222233.314985,1788222233.316058,1.073,11.055
1788222233.321656,1788222233.324441,2.785,1.712
1788222233.330514,1788222233.331616,1.102,1.389
1788222233.339039,1788222233.340039,1.000,0.403
1788222233.345558,1788222233.348110,2.552,1.754
1788222233.354096,1788222233.356098,2.002,1.670
1788222233.363611,1788222233.364617,1.006,0.604
1788222233.371150,1788222233.372154,1.004,0.604
1788222233.379693,1788222233.380684,0.992,0.128
1788222233.388368,1788222233.388368,0.000,0.021
1788222233.395886,1788222233.395886,0.000,0.195
1788222233.395886,1788222233.404433,8.547,8.213
1788222233.408018,1788222233.412035,4.018,3.854
1788222233.413036,1788222233.420270,7.234,6.934
1788222233.423279,1788222233.428508,5.229,4.941
1788222233.429636,1788222233.436168,6.532,6.664
1788222233.438669,1788222233.444146,5.477,14.664
1788222233.449800,1788222233.452817,3.017,2.199
1788222233.457548,1788222233.460018,2.471,10.199
1788222233.465015,1788222233.468641,3.626,3.606
1788222233.473794,1788222233.476797,3.003,2.683
1788222233.484333,1788222233.484333,0.000,10.683
1788222233.487926,1788222233.492453,4.527,18.683
1788222233.499591,1788222233.500612,1.021,0.726
1788222233.504610,1788222233.508601,3.991,3.764
1788222233.514215,1788222233.516298,2.083,1.737
1788222233.521502,1788222233.524602,3.101,2.620
1788222233.530075,1788222233.532469,2.394,2.322
1788222233.538383,1788222233.540951,2.568,2.158
1788222233.546634,1788222233.548742,2.108,1.673
1788222233.546634,1788222233.557128,10.494,9.690
1788222233.560664,1788222233.564939,4.275,4.004
1788222233.571567,1788222233.572529,0.962,0.650
1788222233.580521,1788222233.581029,0.508,0.313
1788222233.588359,1788222233.588359,0.000,0.530
1788222233.590878,1788222233.596484,5.606,5.260
1788222233.597590,1788222233.604102,6.512,6.953
1788222233.609997,1788222233.612586,2.589,2.415
1788222233.615640,1788222233.621207,5.567,4.622
1788222233.622205,1788222233.629186,6.981,6.296
1788222233.632708,1788222233.636897,4.189,3.394
1788222233.640412,1788222233.644533,4.121,4.002
1788222233.651530,1788222233.652537,1.007,1.184
1788222233.655530,1788222233.660564,5.034,5.157
1788222233.666938,1788222233.668793,1.855,1.886
1788222233.671339,1788222233.676337,4.999,5.372
1788222233.681868,1788222233.684862,2.994,2.497
1788222233.688406,1788222233.692946,4.541,4.287
1788222233.697607,1788222233.701248,3.642,2.865
1788222233.706353,1788222233.708345,1.992,2.416
1788222233.713090,1788222233.717232,4.142,3.414
1788222233.721212,1788222233.724834,3.623,11.414
1788222233.730383,1788222233.732493,2.110,2.802
1788222233.737505,1788222233.740493,2.988,2.849
1788222233.746935,1788222233.748935,2.001,2.265
1788222233.754817,1788222233.756998,2.181,1.579
1788222233.760459,1788222233.764963,4.503,4.780
1788222233.771199,1788222233.772825,1.626,12.780
1788222233.775354,1788222233.781364,6.011,5.686
1788222233.788282,1788222233.789289,1.007,0.694
1788222233.790290,1788222233.796996,6.705,6.235
1788222233.800012,1788222233.804602,4.590,5.204
1788222233.812879,1788222233.813477,0.598,0.106
1788222233.820556,1788222233.820556,0.000,0.160
1788222233.821565,1788222233.828831,7.266,7.728
1788222233.836439,1788222233.836439,0.000,15.728
1788222233.837734,1788222233.845312,7.577,6.876
1788222233.851487,1788222233.852685,1.198,1.441
1788222233.854290,1788222233.861312,7.022,5.924
1788222233.866854,1788222233.868942,2.089,1.666
1788222233.870973,1788222233.877510,6.537,6.036
1788222233.882509,1788222233.884775,2.265,2.029
1788222233.888326,1788222233.893318,4.992,4.784
1788222233.898414,1788222233.901403,2.989,2.148
1788222233.904927,1788222233.909048,4.121,3.686
1788222233.914057,1788222233.917589,3.531,2.713
1788222233.922123,1788222233.925639,3.516,2.715
1788222233.931272,1788222233.933476,2.203,10.715
1788222233.939226,1788222233.941420,2.195,18.715
1788222233.946736,1788222233.949744,3.009,2.701
1788222233.954907,1788222233.957308,2.401,2.270
1788222233.962308,1788222233.965306,2.998,2.500
1788222233.971486,1788222233.973494,2.008,2.179
1788222233.979074,1788222233.981597,2.524,1.268
1788222233.988327,1788222233.989292,0.966,0.983
1788222233.995724,1788222233.997180,1.456,1.103
1788222234.004738,1788222234.005742,1.004,0.968
1788222234.006445,1788222234.013631,7.186,7.276
1788222234.020752,1788222234.020752,0.000,0.305
1788222234.020752,1788222234.029850,9.098,8.305
1788222234.035801,1788222234.037788,1.987,1.502
1788222234.037788,1788222234.045408,7.620,9.502
1788222234.051390,1788222234.053258,1.868,1.804
1788222234.055153,1788222234.061827,6.674,6.647
1788222234.066832,1788222234.069218,2.386,2.378
1788222234.071212,1788222234.077154,5.942,6.125
1788222234.082371,1788222234.085479,3.109,2.776
1788222234.089010,1788222234.094012,5.002,10.776
1788222234.098124,1788222234.101144,3.020,18.776
1788222234.105145,1788222234.109684,4.539,4.619
1788222234.113699,1788222234.118215,4.517,3.876
1788222234.121237,1788222234.126240,5.003,4.193
1788222234.129774,1788222234.133785,4.011,4.407
1788222234.137776,1788222234.141845,4.069,12.407
1788222234.148376,1788222234.149826,1.450,1.459
1788222234.154813,1788222234.157820,3.007,3.569
1788222234.162907,1788222234.165907,2.999,2.693
1788222234.171450,1788222234.174449,2.998,2.093
1788222234.179992,1788222234.181992,2.001,10.093
1788222234.189044,1788222234.190067,1.022,1.183
1788222234.197594,1788222234.197594,0.000,0.065
1788222234.204131,1788222234.206126,1.994,1.567
1788222234.213668,1788222234.214667,0.999,9.567
1788222234.221194,1788222234.222206,1.012,1.033
1788222234.230273,1788222234.230273,0.000,0.072
1788222234.238290,1788222234.238290,0.000,0.092
1788222234.246430,1788222234.246430,0.000,0.015
1788222234.253084,1788222234.254074,0.990,0.852
1788222234.254074,1788222234.262606,8.532,7.830
1788222234.268612,1788222234.270139,1.527,1.640
1788222234.271137,1788222234.278137,7.000,7.259
1788222234.283657,1788222234.286662,3.006,2.036
1788222234.287659,1788222234.294716,7.057,6.307
1788222234.299053,1788222234.302651,3.598,2.855
1788222234.305658,1788222234.310773,5.115,10.855
1788222234.314419,1788222234.318419,4.000,3.663
1788222234.321477,1788222234.326498,5.020,4.790
1788222234.331009,1788222234.334974,3.965,3.666
1788222234.331009,1788222234.342316,11.307,11.684
1788222234.348848,1788222234.350413,1.565,19.684
1788222234.354484,1788222234.358478,3.994,4.165
1788222234.363515,1788222234.366590,3.075,3.300
1788222234.371563,1788222234.374631,3.067,3.535
1788222234.380667,1788222234.383275,2.608,2.343
1788222234.380667,1788222234.390532,9.864,10.357
1788222234.397014,1788222234.399037,2.023,1.349
1788222234.404699,1788222234.406800,2.101,2.159
1788222234.413397,1788222234.415390,1.993,1.391
1788222234.421489,1788222234.422511,1.022,1.588
1788222234.429607,1788222234.431123,1.516,1.214
1788222234.438282,1788222234.439346,1.064,0.373
1788222234.445928,1788222234.446999,1.071,8.373
1788222234.454172,1788222234.455171,0.999,16.373
1788222234.455171,1788222234.462986,7.815,7.568
1788222234.469890,1788222234.471188,1.298,0.821
1788222234.471188,1788222234.478749,7.560,7.777
1788222234.485183,1788222234.487420,2.237,1.658
1788222234.488411,1788222234.494597,6.187,6.803
1788222234.500192,1788222234.502789,2.596,2.414
1788222234.507810,1788222234.510809,2.999,3.048
1788222234.516349,1788222234.519344,2.995,2.457
1788222234.521865,1788222234.527466,5.601,3.887
1788222234.530980,1788222234.534783,3.803,4.194
1788222234.540700,1788222234.543258,2.558,2.258
1788222234.546315,1788222234.551032,4.717,4.135
1788222234.555134,1788222234.558667,3.533,3.945
1788222234.562666,1788222234.567304,4.638,3.857
1788222234.571340,1788222234.575523,4.183,11.857
1788222234.580543,1788222234.583048,2.505,2.461
1788222234.588324,1788222234.590865,2.541,2.921
1788222234.595700,1788222234.599242,3.542,2.350
1788222234.606834,1788222234.606834,0.000,0.076
1788222234.612826,1788222234.615361,2.536,2.356
1788222234.621435,1788222234.623439,2.005,1.977
1788222234.628787,1788222234.631466,2.679,1.807
1788222234.638061,1788222234.638757,0.696,0.877
1788222234.638061,1788222234.647380,9.319,8.898
1788222234.654909,1788222234.655425,0.517,0.462
1788222234.654909,1788222234.663228,8.319,8.462
1788222234.670647,1788222234.671650,1.003,0.171
1788222234.670647,1788222234.679273,8.626,7.914
1788222234.684879,1788222234.687389,2.510,2.285
1788222234.688396,1788222234.695637,7.241,6.897
1788222234.700215,1788222234.703214,2.999,2.910
1788222234.704207,1788222234.710848,6.641,6.629
1788222234.715349,1788222234.719352,4.003,3.676
1788222234.721360,1788222234.727386,6.026,5.776
1788222234.730388,1788222234.736199,5.812,4.947
1788222234.740215,1788222234.744206,3.992,3.553
1788222234.746722,1788222234.751726,5.004,4.433
1788222234.754737,1788222234.760251,5.514,4.772
1788222234.762350,1788222234.767754,5.404,5.158
1788222234.771851,1788222234.775838,3.987,3.521
1788222234.780171,1788222234.784239,4.068,3.708
1788222234.787901,1788222234.791988,4.086,3.705
1788222234.795671,1788222234.800318,4.647,3.079
1788222234.805231,1788222234.807928,2.697,2.953
1788222234.813003,1788222234.816011,3.008,2.908
1788222234.820713,1788222234.823707,2.994,2.760
1788222234.829391,1788222234.832309,2.917,2.542
1788222234.837638,1788222234.840022,2.383,1.580
1788222234.848031,1788222234.848538,0.507,0.033
1788222234.855703,1788222234.855703,0.000,0.140
1788222234.863254,1788222234.864238,0.984,0.319
1788222234.870770,1788222234.871763,0.993,0.718
1788222234.879291,1788222234.880290,0.999,0.164
1788222234.886294,1788222234.887291,0.997,1.445
1788222234.887291,1788222234.896547,9.256,7.742
1788222234.901585,1788222234.904578,2.993,15.742
1788222234.905578,1788222234.911107,5.529,6.647
1788222234.916619,1788222234.920132,3.513,3.169
1788222234.921142,1788222234.927389,6.247,6.501
1788222234.932033,1788222234.936547,4.515,3.807
1788222234.938060,1788222234.944600,6.541,5.743
1788222234.947602,1788222234.952129,4.527,4.198
1788222234.956127,1788222234.960647,4.520,3.634
1788222234.963650,1788222234.968646,4.996,4.314
1788222234.971173,1788222234.976180,5.007,4.775
1788222234.979694,1788222234.983709,4.015,4.239
1788222234.988703,1788222234.992233,3.530,3.259
1788222234.997259,1788222234.999765,2.506,2.574
1788222235.004778,1788222235.007780,3.002,3.608
1788222235.012801,1788222235.015804,3.003,3.505
1788222235.021333,1788222235.024333,3.000,2.519
1788222235.029340,1788222235.032362,3.023,2.588
1788222235.039363,1788222235.040715,1.352,0.702
1788222235.047723,1788222235.048731,1.008,0.448
1788222235.055242,1788222235.056743,1.501,1.317
1788222235.063283,1788222235.064277,0.993,0.390
1788222235.071779,1788222235.072795,1.016,0.674
1788222235.079784,1788222235.080783,0.999,0.134
1788222235.085317,1788222235.088317,3.000,2.661
1788222235.096001,1788222235.096503,0.502,0.272
1788222235.100611,1788222235.104626,4.015,3.590
1788222235.104626,1788222235.112751,8.125,7.572
1788222235.115971,1788222235.120185,4.214,15.572
1788222235.121186,1788222235.128234,7.048,6.928
1788222235.131243,1788222235.136765,5.522,4.986
1788222235.137776,1788222235.144168,6.392,6.704
1788222235.146170,1788222235.153139,6.969,6.111
1788222235.154146,1788222235.160660,6.514,6.037
1788222235.163164,1788222235.168722,5.558,5.338
1788222235.172727,1788222235.177246,4.519,3.723
1788222235.180239,1788222235.184753,4.514,4.747
1788222235.187761,1788222235.192763,5.002,4.787
1788222235.196268,1788222235.201367,5.099,4.929
1788222235.204880,1788222235.208888,4.009,4.017
1788222235.212914,1788222235.217006,4.092,3.712
1788222235.224506,1788222235.224506,0.000,0.056
1788222235.230509,1788222235.232507,1.998,2.214
1788222235.240362,1788222235.241361,0.999,0.463
1788222235.245957,1788222235.248966,3.009,2.317
1788222235.256694,1788222235.256694,0.000,0.398
1788222235.262701,1788222235.265207,2.506,2.154
1788222235.272207,1788222235.273209,1.002,0.550
1788222235.273209,1788222235.281230,8.021,6.934
1788222235.288746,1788222235.288746,0.000,0.243
1788222235.296263,1788222235.296263,0.000,8.243
1788222235.304787,1788222235.304787,0.000,0.310
1788222235.304787,1788222235.312798,8.011,8.319
1788222235.318315,1788222235.321308,2.993,2.671
1788222235.321308,1788222235.328499,7.191,7.693
1788222235.334210,1788222235.336752,2.542,2.062
1788222235.339761,1788222235.345762,6.001,5.400
1788222235.351291,1788222235.353282,1.990,13.400
1788222235.354282,1788222235.361839,7.557,21.400
1788222235.364841,1788222235.369168,4.326,4.521
1788222235.371169,1788222235.377676,6.507,6.360
1788222235.380676,1788222235.385106,4.430,4.449
1788222235.388438,1788222235.393435,4.997,12.449
1788222235.396437,1788222235.401741,5.304,4.814
1788222235.404741,1788222235.409081,4.340,4.415
1788222235.413090,1788222235.417604,4.514,3.769
1788222235.421607,1788222235.425598,3.991,3.235
1788222235.429119,1788222235.433629,4.510,3.871
1788222235.438731,1788222235.441738,3.007,2.659
1788222235.445795,1788222235.449315,3.520,3.134
1788222235.455330,1788222235.457831,2.501,11.134
1788222235.463415,1788222235.465414,1.998,2.161
1788222235.473578,1788222235.473578,0.000,0.075
1788222235.473578,1788222235.482104,8.526,7.927
1788222235.489611,1788222235.489611,0.000,0.141
1788222235.496118,1788222235.498122,2.004,1.274
1788222235.505162,1788222235.505162,0.000,0.243
1788222235.513667,1788222235.513667,0.000,0.135
1788222235.519195,1788222235.522186,2.991,1.872
1788222235.522186,1788222235.529726,7.540,7.791
1788222235.534728,1788222235.538224,3.496,2.870
1788222235.538224,1788222235.545756,7.532,7.409
1788222235.550286,1788222235.554288,4.003,3.141
1788222235.555280,1788222235.561803,6.523,11.141
1788222235.565795,1788222235.570354,4.559,3.523
1788222235.571351,1788222235.577351,6.000,6.010
1788222235.580877,1788222235.585871,4.994,4.645
1788222235.587871,1788222235.594388,6.517,5.522
1788222235.596388,1788222235.601927,5.539,5.152
1788222235.605317,1788222235.609323,4.006,4.543
1788222235.612471,1788222235.617479,5.008,5.272
1788222235.621497,1788222235.625000,3.503,4.756
1788222235.629760,1788222235.633771,4.011,3.937
1788222235.638765,1788222235.642285,3.520,11.937
1788222235.646285,1788222235.649806,3.521,3.203
1788222235.654812,1788222235.658325,3.513,3.016
1788222235.663158,1788222235.666158,3.000,2.957
1788222235.672693,1788222235.673684,0.992,0.828
1788222235.680682,1788222235.681790,1.107,1.585
1788222235.687797,1788222235.690300,2.503,1.738
1788222235.696308,1788222235.698308,2.000,1.765
1788222235.705566,1788222235.705566,0.000,0.699
1788222235.705566,1788222235.714623,9.057,8.733
1788222235.721137,1788222235.722146,1.009,0.743
1788222235.730146,1788222235.730146,0.000,0.280
1788222235.737672,1788222235.737672,0.000,8.280
1788222235.737672,1788222235.745878,8.207,7.875
1788222235.749885,1788222235.754394,4.509,3.640
1788222235.754394,1788222235.762401,8.007,7.514
1788222235.765406,1788222235.770404,4.998,4.194
1788222235.771907,1788222235.777918,6.011,5.908
1788222235.780923,1788222235.786434,5.511,13.908
1788222235.788435,1788222235.793970,5.535,5.997
1788222235.795962,1788222235.802481,6.519,13.997
1788222235.803952,1788222235.809967,6.014,5.741
1788222235.813466,1788222235.818465,4.999,4.861
1788222235.825973,1788222235.825973,0.000,0.105
1788222235.829981,1788222235.834507,4.525,3.967
1788222235.841503,1788222235.842504,1.001,0.529
1788222235.846521,1788222235.850524,4.003,3.923
1788222235.857057,1788222235.858350,1.293,0.432
1788222235.863800,1788222235.865812,2.012,2.564
1788222235.871804,1788222235.874325,2.520,2.267
1788222235.880321,1788222235.881834,1.513,10.267
1788222235.888369,1788222235.890369,2.000,1.706
1788222235.896887,1788222235.898392,1.504,1.546
1788222235.904402,1788222235.906487,2.085,1.633
1788222235.912553,1788222235.914059,1.506,0.903
1788222235.921067,1788222235.922076,1.009,8.903
1788222235.930140,1788222235.930140,0.000,0.358
1788222235.934673,1788222235.938666,3.993,3.301
1788222235.946181,1788222235.946181,0.000,0.043
1788222235.950189,1788222235.954693,4.504,8.043
1788222235.954693,1788222235.962730,8.038,7.406
1788222235.966244,1788222235.970242,3.998,4.440
1788222235.971242,1788222235.978774,7.532,7.116
1788222235.980767,1788222235.986295,5.527,5.285
1788222235.989292,1788222235.994298,5.006,5.139
1788222235.996808,1788222236.002337,5.529,4.980
1788222236.004337,1788222236.010379,6.042,5.688
1788222236.013368,1788222236.018900,5.533,5.361
1788222236.021894,1788222236.026901,5.007,4.914
1788222236.029050,1788222236.035053,6.004,4.896
1788222236.037576,1788222236.042146,4.570,4.562
1788222236.046151,1788222236.050681,4.530,4.304
1788222236.054698,1788222236.058236,3.538,4.086
1788222236.062768,1788222236.065764,2.996,12.086
1788222236.071438,1788222236.074382,2.944,3.467
1788222236.080166,1788222236.082301,2.134,11.467
1788222236.087506,1788222236.090599,3.093,2.620
1788222236.096533,1788222236.098616,2.083,1.748
1788222236.106160,1788222236.106770,0.610,0.579
1788222236.112508,1788222236.114737,2.229,1.849
1788222236.121384,1788222236.122499,1.115,1.286
1788222236.129724,1788222236.130746,1.022,0.513
1788222236.138311,1788222236.138311,0.000,0.078
1788222236.145438,1788222236.147076,1.637,8.078
1788222236.154655,1788222236.154655,0.000,0.148
1788222236.154655,1788222236.163190,8.535,8.183
1788222236.169185,1788222236.170708,1.523,1.355
1788222236.174706,1788222236.179244,4.539,3.507
1788222236.185140,1788222236.187225,2.084,1.203
1788222236.188174,1788222236.194711,6.537,6.635
1788222236.199744,1788222236.203076,3.333,2.856
1788222236.204974,1788222236.210717,5.743,10.856
1788222236.214759,1788222236.218934,4.174,4.041
1788222236.221523,1788222236.226522,4.999,5.552
1788222236.229788,1788222236.235410,5.622,5.119
1788222236.237380,1788222236.243183,5.802,5.012
1788222236.246622,1788222236.250626,4.004,4.128
1788222236.255670,1788222236.258668,2.998,3.105
1788222236.262946,1788222236.266942,3.996,3.544
1788222236.270945,1788222236.275484,4.539,3.767
1788222236.279482,1788222236.283001,3.519,2.866
1788222236.288015,1788222236.291018,3.003,2.931
1788222236.295913,1788222236.299459,3.546,2.800
1788222236.303990,1788222236.306989,2.999,10.800
1788222236.313515,1788222236.315098,1.583,18.800
1788222236.322123,1788222236.323124,1.002,0.470
1788222236.330723,1788222236.330723,0.000,0.564
1788222236.337288,1788222236.339469,2.181,1.448
1788222236.345580,1788222236.347539,1.959,0.800
1788222236.355092,1788222236.355092,0.000,0.209
1788222236.362093,1788222236.363610,1.517,8.209
1788222236.371217,1788222236.371217,0.000,0.049
1788222236.371217,1788222236.379756,8.539,7.868
1788222236.384262,1788222236.387275,3.013,15.868
1788222236.388280,1788222236.395805,7.524,7.104
1788222236.399425,1788222236.402555,3.130,3.644
1788222236.404074,1788222236.411156,7.082,6.739
1788222236.414435,1788222236.419457,5.023,4.672
1788222236.421515,1788222236.427873,6.358,5.889
1788222236.429891,1788222236.435418,5.527,5.521
1788222236.438437,1788222236.443504,5.067,5.266
1788222236.447104,1788222236.451098,3.994,13.266
1788222236.454103,1788222236.459647,5.545,4.223
1788222236.463185,1788222236.467729,4.544,12.223
1788222236.471877,1788222236.474661,2.784,3.863
1788222236.480247,1788222236.483246,2.999,2.760
1788222236.488786,1788222236.491789,3.002,2.931
1788222236.496367,1788222236.498967,2.601,2.434
1788222236.506628,1788222236.507734,1.106,0.524
1788222236.514242,1788222236.515254,1.012,0.970
1788222236.521782,1788222236.523374,1.592,1.659
1788222236.530104,1788222236.531107,1.003,1.368
1788222236.537610,1788222236.539628,2.018,1.397
1788222236.546623,1788222236.547626,1.003,1.083
1788222236.554471,1788222236.555601,1.130,0.732
1788222236.562796,1788222236.563878,1.082,0.596
1788222236.570891,1788222236.571885,0.994,8.596
1788222236.579438,1788222236.579438,0.000,0.028
1788222236.583442,1788222236.587445,4.002,3.623
1788222236.591964,1788222236.595961,3.997,3.733
1788222236.599484,1788222236.603500,4.016,4.492
1788222236.604498,1788222236.611284,6.785,6.989
1788222236.615919,1788222236.619432,3.513,4.045
1788222236.621010,1788222236.628011,7.001,12.045
1788222236.630676,1788222236.635453,4.777,4.871
1788222236.638451,1788222236.643990,5.539,4.831
1788222236.646992,1788222236.651519,4.527,5.040
1788222236.655512,1788222236.659787,4.275,4.396
1788222236.663908,1788222236.667927,4.019,3.418
1788222236.670826,1788222236.675767,4.941,4.337
1788222236.679986,1788222236.684010,4.024,12.337
1788222236.688119,1788222236.691638,3.519,3.442
1788222236.696924,1788222236.699441,2.517,3.242
1788222236.707002,1788222236.708003,1.001,0.360
1788222236.713703,1788222236.714864,1.161,1.353
1788222236.722357,1788222236.723917,1.560,1.382
1788222236.731035,1788222236.732230,1.195,0.038
1788222236.738346,1788222236.740231,1.884,1.427
1788222236.747345,1788222236.748344,0.999,0.464
1788222236.754877,1788222236.755889,1.013,0.975
1788222236.761946,1788222236.763547,1.600,8.975
1788222236.771561,1788222236.772066,0.506,0.728
1788222236.771561,1788222236.779739,8.178,8.750
1788222236.787869,1788222236.787869,0.000,0.030
1788222236.787869,1788222236.796559,8.689,8.064
1788222236.800073,1788222236.803703,3.629,3.675
1788222236.804769,1788222236.812459,7.690,7.191
1788222236.815218,1788222236.820003,4.785,4.733
1788222236.821837,1788222236.828525,6.687,6.559
1788222236.830550,1788222236.836545,5.995,14.559
1788222236.838107,1788222236.844641,6.534,6.145
1788222236.846662,1788222236.851667,5.006,5.640
1788222236.854712,1788222236.859909,5.197,5.669
1788222236.862587,1788222236.868460,5.873,5.360
1788222236.870824,1788222236.875903,5.080,4.998
1788222236.879641,1788222236.884163,4.522,4.168
1788222236.888184,1788222236.892181,3.997,4.095
1788222236.895715,1788222236.900226,4.511,4.243
1788222236.904772,1788222236.908768,3.996,3.415
1788222236.912777,1788222236.916316,3.538,3.323
1788222236.923316,1788222236.924329,1.013,0.519
1788222236.930463,1788222236.932492,2.028,2.106
1788222236.938129,1788222236.940023,1.894,1.734
1788222236.946651,1788222236.948556,1.905,1.553
1788222236.954623,1788222236.956677,2.055,9.553
1788222236.954623,1788222236.964777,10.154,9.756
1788222236.971368,1788222236.972401,1.034,0.851
1788222236.979168,1788222236.980050,0.882,0.697
1788222236.987684,1788222236.988582,0.898,0.424
1788222236.987684,1788222236.996102,8.418,8.434
1788222237.000716,1788222237.004720,4.004,3.643
1788222237.004720,1788222237.012830,8.110,7.390
1788222237.015743,1788222237.020756,5.013,4.664
1788222237.022307,1788222237.028681,6.374,5.524
1788222237.029677,1788222237.036410,6.733,6.423
1788222237.038431,1788222237.044518,6.088,5.793
1788222237.046940,1788222237.052962,6.022,5.278
1788222237.054957,1788222237.060594,5.637,5.664
1788222237.063739,1788222237.068444,4.705,13.664
1788222237.075444,1788222237.076962,1.518,0.177
1788222237.078978,1788222237.085075,6.097,8.177
1788222237.090519,1788222237.092903,2.384,1.790
1788222237.095903,1788222237.100992,5.089,3.926
1788222237.105991,1788222237.108533,2.542,11.926
1788222237.112535,1788222237.116075,3.540,3.819
1788222237.122428,1788222237.124970,2.542,2.586
1788222237.129765,1788222237.132683,2.918,10.586
1788222237.138134,1788222237.140199,2.065,2.142
1788222237.146147,1788222237.148667,2.520,2.405
1788222237.154687,1788222237.156136,1.449,10.405
1788222237.163070,1788222237.164589,1.519,1.708
1788222237.171151,1788222237.173145,1.994,9.708
1788222237.179653,1788222237.180757,1.104,1.184
1788222237.184668,1788222237.188272,3.603,3.495
1788222237.196654,1788222237.196654,0.000,0.386
1788222237.204285,1788222237.204285,0.000,0.262
1788222237.204285,1788222237.212153,7.868,7.929
1788222237.215670,1788222237.221211,5.541,5.315
1788222237.222214,1788222237.228970,6.756,6.525
1788222237.230524,1788222237.236535,6.011,5.763
1788222237.238537,1788222237.244612,6.074,5.881
1788222237.246603,1788222237.253150,6.547,13.881
1788222237.254145,1788222237.261224,7.078,6.381
1788222237.263228,1788222237.268483,5.255,5.350
1788222237.272092,1788222237.277116,5.024,4.885
1788222237.280082,1788222237.285100,5.017,4.937
1788222237.292623,1788222237.292623,0.000,0.374
1788222237.295684,1788222237.300354,4.670,4.677
1788222237.307378,1788222237.309373,1.995,1.047
1788222237.311915,1788222237.316460,4.545,4.021
1788222237.324196,1788222237.325212,1.016,0.885
1788222237.329215,1788222237.332850,3.635,2.738
1788222237.338864,1788222237.341272,2.408,1.856
1788222237.345346,1788222237.348878,3.531,2.447
1788222237.354190,1788222237.357198,3.009,2.354
1788222237.364213,1788222237.365219,1.006,0.300
1788222237.370218,1788222237.372728,2.510,1.747
1788222237.379728,1788222237.380727,1.000,0.791
1788222237.388233,1788222237.389274,1.041,0.473
1788222237.388233,1788222237.397291,9.058,8.496
1788222237.400338,1788222237.405344,5.005,4.090
1788222237.408344,1788222237.412915,4.571,4.237
1788222237.415524,1788222237.421434,5.910,5.415
1788222237.421434,1788222237.429302,7.868,7.744
1788222237.430304,1788222237.437529,7.225,6.763
1788222237.438531,1788222237.445049,6.518,6.702
1788222237.447050,1788222237.453050,6.000,6.037
1788222237.455097,1788222237.461096,5.999,6.174
1788222237.463099,1788222237.468270,5.171,5.521
1788222237.471780,1788222237.477300,5.520,4.996
1788222237.480302,1788222237.484301,3.999,5.146
1788222237.492756,1788222237.492756,0.000,0.197
1788222237.495851,1788222237.501352,5.502,4.744
1788222237.504858,1788222237.508877,4.018,4.479
1788222237.512862,1788222237.517369,4.507,3.724
1788222237.524370,1788222237.525370,1.000,0.390
1788222237.529759,1788222237.532752,2.993,2.821
1788222237.539957,1788222237.540957,1.001,1.176
1788222237.547488,1788222237.549484,1.996,1.822
1788222237.554995,1788222237.557184,2.188,1.677
1788222237.563186,1788222237.565705,2.519,2.037
1788222237.571709,1788222237.573709,2.000,1.864
1788222237.580217,1788222237.581220,1.003,0.889
1788222237.588559,1788222237.589569,1.010,8.889
1788222237.596562,1788222237.597821,1.259,0.721
1788222237.604039,1788222237.605037,0.998,0.779
1788222237.612570,1788222237.613565,0.996,0.683
1788222237.621668,1788222237.621668,0.000,0.016
1788222237.621668,1788222237.629313,7.645,8.029
1788222237.632659,1788222237.637702,5.043,4.813
1788222237.637702,1788222237.645217,7.514,7.428
1788222237.648227,1788222237.653230,5.002,15.428
1788222237.656691,1788222237.661996,5.306,4.198
1788222237.664011,1788222237.669869,5.858,5.356
1788222237.670873,1788222237.677391,6.518,6.011
1788222237.679392,1788222237.685897,6.505,6.080
1788222237.688902,1788222237.693901,4.999,14.080
1788222237.696405,1788222237.701914,5.509,4.512
1788222237.703915,1788222237.709096,5.180,5.066
1788222237.714107,1788222237.717281,3.174,2.867
1788222237.725273,1788222237.726078,0.805,0.238
1788222237.729596,1788222237.733596,4.000,3.716
1788222237.740895,1788222237.741918,1.023,0.718
1788222237.746399,1788222237.749403,3.004,3.122
1788222237.755404,1788222237.757924,2.520,2.453
1788222237.764436,1788222237.765445,1.009,1.014
1788222237.773360,1788222237.773360,0.000,0.527
1788222237.779868,1788222237.781868,2.000,1.206
1788222237.787870,1788222237.790316,2.446,1.281
1788222237.796821,1788222237.798326,1.505,1.427
1788222237.804840,1788222237.805839,0.999,1.056
1788222237.812358,1788222237.814360,2.002,9.056
1788222237.821397,1788222237.822397,1.000,0.790
1788222237.829417,1788222237.830418,1.001,0.278
1788222237.834418,1788222237.837416,2.998,8.278
1788222237.838919,1788222237.845932,7.012,7.373
1788222237.850183,1788222237.854191,4.008,3.499
1788222237.855184,1788222237.862374,7.190,7.126
1788222237.865874,1788222237.870400,4.525,4.097
1788222237.872414,1788222237.878418,6.004,5.661
1788222237.880929,1788222237.885928,5.000,4.889
1788222237.889447,1788222237.893960,4.513,4.849
1788222237.896965,1788222237.902320,5.355,4.534
1788222237.904334,1788222237.909853,5.520,12.534
1788222237.912861,1788222237.917423,4.562,5.119
1788222237.921432,1788222237.926367,4.935,4.448
1788222237.929884,1788222237.934438,4.555,4.367
1788222237.937438,1788222237.942473,5.035,4.099
1788222237.946478,1788222237.950478,4.000,3.586
1788222237.958002,1788222237.958002,0.000,0.042
1788222237.963027,1788222237.966562,3.536,2.987
1788222237.972835,1788222237.973842,1.007,1.041
1788222237.979841,1788222237.982049,2.208,1.762
1788222237.988108,1788222237.990622,2.514,1.791
1788222237.996647,1788222237.998646,1.999,0.865
1788222238.004670,1788222238.006669,1.999,1.589
1788222238.013185,1788222238.014184,0.999,1.431
1788222238.020694,1788222238.022298,1.605,1.106
1788222238.020694,1788222238.029886,9.193,9.120
1788222238.035418,1788222238.038395,2.978,2.531
1788222238.045918,1788222238.045918,0.000,0.153
1788222238.054436,1788222238.054436,0.000,0.014
1788222238.054436,1788222238.062946,8.509,8.032
1788222238.066269,1788222238.070274,4.005,4.082
1788222238.071779,1788222238.078782,7.004,6.092
1788222238.082289,1788222238.086814,4.525,4.191
1788222238.088820,1788222238.094341,5.520,5.642
1788222238.098341,1788222238.102480,4.139,4.129
1788222238.104484,1788222238.110483,5.999,6.113
1788222238.113744,1788222238.118742,4.998,14.113
1788222238.124352,1788222238.126355,2.003,1.763
1788222238.129871,1788222238.134264,4.393,4.728
1788222238.138267,1788222238.142266,3.999,3.720
1788222238.146528,1788222238.150528,4.000,4.195
1788222238.155058,1788222238.158570,3.512,12.195
1788222238.163116,1788222238.166634,3.518,2.924
1788222238.171602,1788222238.174691,3.089,2.566
1788222238.179691,1788222238.183079,3.388,2.407
1788222238.188080,1788222238.191078,2.999,2.042
1788222238.197236,1788222238.199330,2.095,1.179
1788222238.205480,1788222238.206481,1.001,0.593
1788222238.207489,1788222238.215105,7.616,7.261
1788222238.222620,1788222238.222620,0.000,0.052
1788222238.229717,1788222238.230718,1.001,0.688
1788222238.238020,1788222238.239021,1.001,0.473
1788222238.238020,1788222238.246537,8.517,8.516
1788222238.254044,1788222238.255035,0.992,0.127
1788222238.262034,1788222238.263538,1.503,0.061
1788222238.270735,1788222238.270735,0.000,0.144
1788222238.270735,1788222238.278753,8.018,7.826
1788222238.284259,1788222238.287262,3.003,3.130
1788222238.288264,1788222238.295468,7.204,7.165
1788222238.298582,1788222238.303478,4.897,4.608
1788222238.305119,1788222238.311468,6.349,6.403
1788222238.313659,1788222238.318830,5.172,5.598
1788222238.320835,1788222238.326963,6.128,5.897
1788222238.329968,1788222238.335162,5.193,5.437
1788222238.338163,1788222238.343540,5.377,4.699
1788222238.346754,1788222238.351686,4.932,4.403
1788222238.359199,1788222238.359199,0.000,0.063
1788222238.363278,1788222238.366885,3.607,8.063
1788222238.374414,1788222238.375033,0.618,0.847
1788222238.374414,1788222238.383052,8.637,8.859
1788222238.389573,1788222238.391572,1.999,1.533
1788222238.397611,1788222238.399612,2.001,1.201
1788222238.406432,1788222238.407787,1.355,0.432
1788222238.413317,1788222238.420181,6.864,6.037
1788222238.420825,1788222238.427849,7.024,6.536
1788222238.435900,1788222238.435900,0.000,14.536
1788222238.437908,1788222238.444411,6.502,5.670
1788222238.450925,1788222238.452107,1.182,0.462
1788222238.454098,1788222238.459170,5.072,5.446
1788222238.465687,1788222238.467680,1.993,2.004
1788222238.471192,1788222238.475724,4.531,4.295
1788222238.481230,1788222238.484236,3.005,2.620
1788222238.481230,1788222238.491748,10.517,10.632
1788222238.497753,1788222238.499752,1.999,2.251
1788222238.504279,1788222238.507787,3.508,10.251
1788222238.513063,1788222238.516045,2.981,2.474
1788222238.520552,1788222238.524068,3.516,2.176
1788222238.529061,1788222238.532579,3.519,2.836
1788222238.537592,1788222238.540584,2.992,2.315
1788222238.547771,1788222238.548763,0.992,0.503
1788222238.554302,1788222238.556364,2.062,2.004
1788222238.562880,1788222238.564889,2.008,0.953
1788222238.571889,1788222238.571889,0.000,0.463
1788222238.574413,1788222238.580414,6.001,5.411
1788222238.587935,1788222238.587935,0.000,13.411
1788222238.589936,1788222238.596444,6.508,6.258
1788222238.598444,1788222238.603976,5.531,6.127
1788222238.605983,1788222238.611991,6.008,6.572
1788222238.612983,1788222238.620541,7.559,7.073
1788222238.622047,1788222238.628824,6.776,6.022
1788222238.629823,1788222238.636859,7.035,6.472
1788222238.638366,1788222238.644886,6.520,6.466
1788222238.651895,1788222238.652894,0.999,0.487
1788222238.653901,1788222238.660517,6.616,5.926
1788222238.667048,1788222238.668042,0.995,1.257
1788222238.671137,1788222238.676794,5.658,5.472
1788222238.682805,1788222238.683795,0.990,1.450
1788222238.688301,1788222238.692312,4.011,4.092
1788222238.698837,1788222238.700831,1.994,1.714
1788222238.704338,1788222238.709030,4.692,3.630
1788222238.714030,1788222238.716539,2.509,1.847
1788222238.721047,1788222238.724053,3.006,3.372
1788222238.730076,1788222238.733081,3.004,2.483
1788222238.740176,1788222238.740176,0.000,0.233
1788222238.746704,1788222238.748711,2.007,1.777
1788222238.754705,1788222238.756218,1.513,9.777
1788222238.763752,1788222238.764753,1.001,0.923
1788222238.770798,1788222238.772809,2.011,8.923
1788222238.779089,1788222238.781100,2.011,16.923
1788222238.787615,1788222238.788616,1.001,0.509
1788222238.795615,1788222238.797132,1.517,0.429
1788222238.804666,1788222238.804666,0.000,0.026
1788222238.808202,1788222238.813191,4.989,4.340
1788222238.814192,1788222238.820257,6.064,6.330
1788222238.823265,1788222238.828778,5.512,5.453
1788222238.829990,1788222238.836992,7.002,6.620
1788222238.837989,1788222238.844367,6.378,6.656
1788222238.846360,1788222238.852383,6.023,14.656
1788222238.854396,1788222238.860597,6.201,6.226
1788222238.868110,1788222238.868725,0.615,0.377
1788222238.871732,1788222238.876768,5.036,4.393
1788222238.883305,1788222238.885298,1.993,0.868
1788222238.888813,1788222238.892826,4.012,4.069
1788222238.898853,1788222238.900865,2.012,1.594
1788222238.904891,1788222238.908928,4.038,4.173
1788222238.915944,1788222238.916934,0.990,12.173
1788222238.921802,1788222238.924807,3.005,20.173
1788222238.930686,1788222238.932699,2.013,1.958
1788222238.937698,1788222238.941223,3.525,9.958
1788222238.947226,1788222238.949232,2.006,17.958
1788222238.955431,1788222238.957434,2.004,0.812
1788222238.962816,1788222238.964820,2.004,1.753
1788222238.972706,1788222238.972706,0.000,0.372
1788222238.979703,1788222238.981437,1.734,0.717
1788222238.988442,1788222238.989443,1.000,0.429
1788222238.996541,1788222238.997561,1.020,0.468
1788222238.996541,1788222239.005461,8.919,8.478
1788222239.008470,1788222239.012687,4.216,16.478
1788222239.012687,1788222239.021211,8.524,7.901
1788222239.025221,1788222239.028722,3.501,4.211
1788222239.029725,1788222239.037107,7.381,7.072
1788222239.040618,1788222239.045617,4.999,4.870
1788222239.046618,1788222239.053126,6.509,6.371
1788222239.056135,1788222239.061654,5.519,5.129
1788222239.063664,1788222239.069603,5.939,4.602
1788222239.071611,1788222239.077539,5.928,5.910
1788222239.080066,1788222239.085587,5.521,13.910
1788222239.087587,1788222239.093096,5.509,5.280
1788222239.100599,1788222239.100599,0.000,0.646
1788222239.104690,1788222239.108697,4.007,4.485
1788222239.116097,1788222239.117603,1.506,1.065
1788222239.122142,1788222239.125134,2.992,2.548
1788222239.131436,1788222239.133424,1.987,1.770
1788222239.138423,1788222239.140931,2.508,2.675
1788222239.146932,1788222239.149443,2.511,2.354
1788222239.154765,1788222239.156764,2.000,2.201
1788222239.163784,1788222239.165784,2.000,1.916
1788222239.171845,1788222239.173843,1.998,9.916
1788222239.178846,1788222239.181356,2.510,1.631
1788222239.188356,1788222239.189357,1.001,0.757
1788222239.196382,1788222239.197383,1.001,8.757
1788222239.205169,1788222239.205169,0.000,16.757
1788222239.210677,1788222239.213685,3.008,2.419
1788222239.214681,1788222239.221883,7.202,6.811
1788222239.225890,1788222239.229406,3.517,3.414
1788222239.231931,1788222239.237931,6.000,5.114
1788222239.241455,1788222239.245069,3.614,3.973
1788222239.246092,1788222239.253607,7.514,7.213
1788222239.256608,1788222239.261607,4.999,4.773
1788222239.264620,1788222239.269150,4.530,4.972
1788222239.272294,1788222239.277282,4.988,5.119
1788222239.282590,1788222239.285587,2.997,13.119
1788222239.288588,1788222239.293113,4.525,21.119
1788222239.297104,1788222239.301104,3.999,4.595
1788222239.306536,1788222239.309828,3.292,3.196
1788222239.312912,1788222239.317936,5.024,4.906
1788222239.320950,1788222239.325458,4.508,4.229
1788222239.329542,1788222239.334054,4.512,3.930
1788222239.339054,1788222239.342054,2.999,2.852
1788222239.346573,1788222239.350105,3.532,3.014
1788222239.357635,1788222239.357635,0.000,0.254
1788222239.363157,1788222239.366149,2.992,2.220
1788222239.370367,1788222239.373882,3.515,10.220
1788222239.378882,1788222239.382387,3.505,2.539
1788222239.388395,1788222239.390393,1.998,1.032
1788222239.397916,1788222239.397916,0.000,9.032
1788222239.403975,1788222239.405973,1.997,1.454
1788222239.413481,1788222239.414481,1.000,0.429
1788222239.421008,1788222239.422525,1.517,0.868
1788222239.430043,1788222239.430043,0.000,0.202
1788222239.430043,1788222239.438434,8.390,8.219
1788222239.443954,1788222239.445946,1.992,2.094
1788222239.446947,1788222239.454461,7.514,7.165
1788222239.459469,1788222239.462461,2.992,2.254
1788222239.462461,1788222239.470174,7.713,7.417
1788222239.474575,1788222239.478566,3.991,3.653
1788222239.481105,1788222239.486115,5.009,5.034
1788222239.490118,1788222239.494790,4.672,3.786
1788222239.497800,1788222239.502795,4.995,11.786
1788222239.505856,1788222239.509845,3.990,4.035
1788222239.512845,1788222239.518379,5.534,5.500
1788222239.521900,1788222239.526430,4.530,4.173
1788222239.529423,1788222239.533925,4.502,4.451
1788222239.537929,1788222239.541941,4.012,4.182
1788222239.546463,1788222239.550555,4.093,4.040
1788222239.554679,1788222239.558809,4.129,3.585
1788222239.562809,1788222239.565909,3.100,2.931
1788222239.570921,1788222239.574410,3.489,3.107
1788222239.580414,1788222239.582414,2.001,1.383
1788222239.588782,1788222239.590787,2.005,1.737
1788222239.598308,1788222239.598308,0.000,0.079
1788222239.606344,1788222239.606344,0.000,8.079
1788222239.614340,1788222239.614340,0.000,0.017
1788222239.621027,1788222239.622531,1.503,8.017
1788222239.630233,1788222239.630233,0.000,0.137
1788222239.637758,1788222239.638750,0.991,0.190
1788222239.644279,1788222239.646279,2.000,2.016
1788222239.653966,1788222239.654966,0.999,0.026
1788222239.660171,1788222239.663181,3.010,8.026
1788222239.663181,1788222239.670192,7.011,7.034
1788222239.675705,1788222239.678705,3.000,2.881
1788222239.679705,1788222239.686701,6.995,7.004
1788222239.690701,1788222239.694235,3.534,3.418
1788222239.696243,1788222239.702235,5.992,5.834
1788222239.706080,1788222239.711105,5.024,4.094
1788222239.714649,1788222239.719159,4.510,4.094
1788222239.722161,1788222239.727214,5.053,12.094
1788222239.729732,1788222239.735243,5.511,4.617
1788222239.738243,1788222239.742242,3.999,4.770
1788222239.745790,1788222239.750765,4.976,4.578
1788222239.754268,1788222239.758787,4.520,12.578
1788222239.762791,1788222239.766300,3.509,3.636
1788222239.771831,1788222239.774920,3.089,2.892
1788222239.778920,1788222239.782921,4.000,3.438
1788222239.788185,1788222239.791185,3.000,2.179
1788222239.796485,1788222239.798485,1.999,2.142
1788222239.804510,1788222239.806514,2.004,2.254
1788222239.815028,1788222239.815028,0.000,10.254
1788222239.821547,1788222239.822543,0.997,0.761
1788222239.831069,1788222239.831069,0.000,0.056
1788222239.838461,1788222239.838461,0.000,0.110
1788222239.845457,1788222239.846623,1.166,1.031
1788222239.854147,1788222239.855141,0.994,0.385
1788222239.862561,1788222239.862561,0.000,0.099
1788222239.863562,1788222239.870559,6.998,7.431
1788222239.877227,1788222239.879413,2.186,15.431
1788222239.880043,1788222239.887391,7.348,6.869
1788222239.892403,1788222239.895120,2.717,2.856
1788222239.896902,1788222239.902436,5.533,6.482
1788222239.906740,1788222239.910747,4.007,3.609
1788222239.912738,1788222239.918758,6.020,11.609
1788222239.930270,1788222239.931617,1.347,1.088
1788222239.938748,1788222239.938748,0.000,0.688
1788222239.946916,1788222239.946916,0.000,8.688
1788222239.954113,1788222239.955617,1.504,16.688
1788222239.954113,1788222239.963137,9.024,24.688
1788222239.969147,1788222239.971646,2.500,1.839
1788222239.971646,1788222239.979612,7.966,7.417
1788222239.984121,1788222239.987233,3.112,3.021
1788222239.990237,1788222239.995510,5.273,4.959
1788222240.000034,1788222240.003540,3.505,2.821
1788222240.007089,1788222240.011086,3.997,4.336
1788222240.015603,1788222240.018976,3.373,3.162
1788222240.023081,1788222240.027933,4.852,4.325
1788222240.031490,1788222240.034687,3.197,3.789
1788222240.039196,1788222240.043197,4.001,4.153
1788222240.048964,1788222240.051970,3.006,2.678
1788222240.053970,1788222240.060062,6.092,4.866
1788222240.063402,1788222240.067428,4.026,3.991
1788222240.071426,1788222240.075961,4.535,3.703
1788222240.079943,1788222240.083942,3.998,3.433
1788222240.087464,1788222240.091464,4.000,11.433
1788222240.096875,1788222240.099875,3.000,3.012
1788222240.104377,1788222240.107910,3.533,2.767
1788222240.112900,1788222240.115900,3.000,2.272
1788222240.123072,1788222240.124012,0.940,10.272
1788222240.129602,1788222240.131610,2.008,2.132
1788222240.138107,1788222240.140108,2.000,1.550
1788222240.146610,1788222240.147616,1.006,0.997
1788222240.153123,1788222240.155122,1.999,8.997
1788222240.156626,1788222240.164028,7.402,7.364
1788222240.171383,1788222240.171383,0.000,0.332
1788222240.178928,1788222240.179911,0.982,0.259
1788222240.183913,1788222240.187433,3.520,3.705
1788222240.188437,1788222240.195438,7.001,7.661
1788222240.198560,1788222240.203568,5.008,5.053
1788222240.204561,1788222240.212376,7.815,7.324
1788222240.214371,1788222240.220400,6.029,5.480
1788222240.221409,1788222240.228400,6.991,5.844
1788222240.229905,1788222240.236427,6.522,13.844
1788222240.238952,1788222240.243974,5.022,21.844
1788222240.246265,1788222240.251904,5.638,5.724
1788222240.255901,1788222240.260431,4.531,13.724
1788222240.262424,1788222240.267423,4.999,5.254
1788222240.271338,1788222240.276336,4.998,4.644
1788222240.279846,1788222240.283845,3.999,4.452
1788222240.291126,1788222240.292124,0.998,0.837
1788222240.296122,1788222240.299667,3.544,3.531
1788222240.307823,1788222240.307823,0.000,0.157
1788222240.312373,1788222240.316358,3.985,8.157
1788222240.322869,1788222240.323869,0.999,1.082
1788222240.329868,1788222240.331889,2.021,2.093
1788222240.338893,1788222240.339898,1.005,1.259
1788222240.346137,1788222240.348136,2.000,1.999
1788222240.354802,1788222240.355812,1.010,1.338
1788222240.363322,1788222240.364322,1.000,9.338
1788222240.370833,1788222240.372076,1.243,0.943
1788222240.379077,1788222240.380580,1.503,0.136
1788222240.387591,1788222240.388585,0.994,0.073
1788222240.387591,1788222240.396115,8.524,8.082
1788222240.400121,1788222240.404623,4.502,3.884
1788222240.404623,1788222240.412287,7.664,7.493
1788222240.415301,1788222240.419802,4.501,4.825
1788222240.422330,1788222240.428321,5.992,5.967
1788222240.430323,1788222240.436163,5.841,5.819
1788222240.439164,1788222240.444674,5.510,4.776
1788222240.445681,1788222240.452179,6.498,6.195
1788222240.454196,1788222240.460183,5.988,5.964
1788222240.463405,1788222240.468971,5.567,5.145
1788222240.476084,1788222240.476664,0.580,0.356
1788222240.482571,1788222240.484785,2.214,2.053
1788222240.491759,1788222240.492792,1.033,0.839
1788222240.497107,1788222240.500700,3.593,3.824
1788222240.505982,1788222240.508988,3.006,2.045
1788222240.512981,1788222240.516404,3.423,3.721
1788222240.521925,1788222240.525133,3.207,2.731
1788222240.530124,1788222240.533321,3.197,2.572
1788222240.538380,1788222240.540379,1.998,2.619
1788222240.546886,1788222240.549036,2.150,1.877
1788222240.554694,1788222240.556704,2.010,1.861
1788222240.562702,1788222240.565012,2.309,1.489
1788222240.572120,1788222240.573118,0.998,0.465
1788222240.579642,1788222240.580656,1.013,8.465
1788222240.588171,1788222240.589182,1.011,0.576
1788222240.588171,1788222240.597191,9.020,8.586
1788222240.597836,1788222240.604867,7.031,16.586
1788222240.604867,1788222240.612871,8.004,7.979
1788222240.612871,1788222240.620913,8.042,7.016
1788222240.612871,1788222240.629247,16.376,15.028
1788222240.630251,1788222240.637080,6.829,6.801
1788222240.644230,1788222240.645241,1.012,0.623
1788222240.646230,1788222240.653230,7.000,6.344
1788222240.660610,1788222240.660610,0.000,14.344
1788222240.663132,1788222240.669144,6.012,5.404
1788222240.674753,1788222240.676746,1.992,1.616
1788222240.680749,1788222240.685140,4.390,3.932
1788222240.690329,1788222240.693323,2.994,2.479
1788222240.690329,1788222240.701577,11.249,10.485
1788222240.705096,1788222240.709207,4.110,3.741
1788222240.712727,1788222240.717300,4.574,3.458
1788222240.722299,1788222240.725527,3.228,11.458
1788222240.730526,1788222240.733527,3.000,2.077
1788222240.738043,1788222240.741035,2.992,2.630
1788222240.746552,1788222240.749551,3.000,2.297
1788222240.754552,1788222240.757560,3.008,2.409
1788222240.754552,1788222240.765589,11.037,10.528
1788222240.772724,1788222240.773723,0.999,0.770
1788222240.780036,1788222240.781037,1.001,0.892
1788222240.783037,1788222240.789156,6.119,6.198
1788222240.796653,1788222240.797660,1.007,0.332
1788222240.797660,1788222240.805153,7.493,7.476
1788222240.811535,1788222240.813535,2.000,1.265
1788222240.820673,1788222240.820673,0.000,0.054
1788222240.826192,1788222240.829392,3.200,8.054
1788222240.836434,1788222240.837805,1.371,0.987
1788222240.841814,1788222240.845815,4.002,3.387
1788222240.846804,1788222240.852981,6.177,6.659
1788222240.857476,1788222240.861478,4.003,4.210
1788222240.863478,1788222240.868993,5.515,6.113
1788222240.872239,1788222240.877238,4.999,4.951
1788222240.881333,1788222240.885342,4.008,4.348
1788222240.888367,1788222240.893881,5.513,5.340
1788222240.897532,1788222240.901548,4.016,3.266
1788222240.904538,1788222240.909603,5.066,4.913
1788222240.912605,1788222240.918120,5.514,4.575
1788222240.921638,1788222240.926160,4.522,4.288
1788222240.933243,1788222240.934248,1.005,0.355
1788222240.938248,1788222240.941326,3.078,8.355
1788222240.948830,1788222240.949843,1.014,1.274
1788222240.954834,1788222240.957833,3.000,9.274
1788222240.963866,1788222240.965866,2.000,17.274
1788222240.970937,1788222240.974317,3.380,2.369
1788222240.980465,1788222240.981464,0.999,1.451
1788222240.987473,1788222240.989984,2.510,9.451
1788222240.993981,1788222240.997982,4.000,3.805
1788222241.005994,1788222241.005994,0.000,0.029
1788222241.012524,1788222241.013525,1.001,0.866
1788222241.020027,1788222241.021539,1.512,0.772
1788222241.024543,1788222241.030051,5.508,4.837
1788222241.038135,1788222241.038135,0.000,0.044
1788222241.040144,1788222241.045669,5.525,5.868
1788222241.045669,1788222241.054167,8.497,13.868
1788222241.055168,1788222241.061840,6.672,6.668
1788222241.062835,1788222241.070345,7.510,7.445
1788222241.071359,1788222241.077888,6.528,6.611
1788222241.079882,1788222241.086412,6.531,6.061
1788222241.087654,1788222241.093806,6.151,6.186
1788222241.101319,1788222241.102333,1.014,0.310
1788222241.104341,1788222241.109879,5.538,5.698
1788222241.112414,1788222241.118421,6.007,5.113
1788222241.121938,1788222241.125958,4.019,3.444
1788222241.129947,1788222241.134483,4.536,3.899
1788222241.137997,1788222241.142570,4.573,3.894
1788222241.146553,1788222241.150557,4.004,3.280
1788222241.154083,1788222241.158601,4.518,3.449
1788222241.165141,1788222241.166287,1.146,0.513
1788222241.170822,1788222241.174369,3.546,2.685
1788222241.181375,1788222241.182375,1.000,0.451
1788222241.187913,1788222241.189915,2.002,2.053
1788222241.197442,1788222241.198496,1.054,0.841
1788222241.203743,1788222241.206434,2.691,1.424
1788222241.213897,1788222241.213897,0.000,0.444
1788222241.221425,1788222241.221425,0.000,0.054
1788222241.229965,1788222241.229965,0.000,0.116
1788222241.229965,1788222241.237949,7.984,8.116
1788222241.246013,1788222241.246013,0.000,0.120
1788222241.246013,1788222241.254560,8.547,8.135
1788222241.258560,1788222241.262555,3.995,3.650
1788222241.263555,1788222241.270604,7.049,6.976
1788222241.274155,1788222241.278159,4.004,3.882
1788222241.280212,1788222241.286520,6.309,6.296
1788222241.290076,1788222241.294728,4.652,14.296
1788222241.296736,1788222241.302773,6.037,22.296
1788222241.305319,1788222241.310353,5.033,4.959
1788222241.313928,1788222241.318003,4.075,4.503
1788222241.321604,1788222241.326903,5.299,12.503
1788222241.330908,1788222241.335007,4.100,20.503
1788222241.337726,1788222241.342723,4.997,4.224
1788222241.346314,1788222241.350399,4.086,4.260
1788222241.355517,1788222241.358534,3.017,2.773
1788222241.363535,1788222241.366056,2.521,3.009
1788222241.372613,1788222241.374639,2.026,1.841
1788222241.381165,1788222241.382164,0.999,0.845
1788222241.388711,1788222241.390718,2.007,1.985
1788222241.397256,1788222241.398783,1.527,1.544
1788222241.403791,1788222241.406320,2.528,9.544
1788222241.413380,1788222241.414402,1.022,1.245
1788222241.422080,1788222241.422080,0.000,9.245
1788222241.429614,1788222241.431131,1.517,0.060
1788222241.429614,1788222241.439222,9.608,8.075
1788222241.446229,1788222241.447224,0.996,0.024
1788222241.447224,1788222241.455283,8.059,7.263
1788222241.458285,1788222241.462820,4.535,15.263
1788222241.462820,1788222241.470850,8.030,7.496
1788222241.474381,1788222241.478398,4.017,4.428
1788222241.479914,1788222241.486954,7.040,6.327
1788222241.490469,1788222241.495058,4.588,4.148
1788222241.497069,1788222241.503100,6.031,5.953
1788222241.505616,1788222241.511152,5.535,5.103
1788222241.513171,1788222241.518702,5.531,6.038
1788222241.522242,1788222241.526780,4.538,4.256
1788222241.529892,1788222241.535291,5.399,12.256
1788222241.538431,1788222241.542817,4.386,4.727
1788222241.547834,1788222241.550888,3.053,2.729
1788222241.554384,1788222241.558920,4.537,4.198
1788222241.561918,1788222241.567450,5.531,4.118
1788222241.571451,1788222241.574999,3.548,3.453
1788222241.579996,1788222241.582999,3.003,3.171
1788222241.587542,1788222241.591542,4.000,2.891
1788222241.598081,1788222241.599075,0.993,0.311
1788222241.604700,1788222241.607255,2.554,2.420
1788222241.613252,1788222241.614766,1.514,1.339
1788222241.620962,1788222241.622479,1.517,9.339
1788222241.629757,1788222241.630845,1.087,0.930
1788222241.638287,1788222241.639348,1.061,0.607
1788222241.645874,1788222241.646885,1.011,1.004
1788222241.654956,1788222241.654956,0.000,0.409
1788222241.659278,1788222241.662686,3.408,3.515
1788222241.664203,1788222241.671348,7.145,6.700
1788222241.675753,1788222241.678761,3.008,3.489
1788222241.679808,1788222241.687507,7.699,7.610
1788222241.691006,1788222241.695667,4.662,4.390
1788222241.696554,1788222241.703093,6.538,6.343
1788222241.705676,1788222241.711343,5.667,5.410
1788222241.713246,1788222241.718878,5.632,5.805
1788222241.722426,1788222241.726966,4.541,4.960
1788222241.732966,1788222241.735545,2.578,12.960
1788222241.739566,1788222241.743565,3.999,3.249
1788222241.747105,1788222241.751648,4.543,3.839
1788222241.755639,1788222241.759686,4.047,3.372
1788222241.766829,1788222241.766829,0.000,0.168
1788222241.771831,1788222241.775831,4.001,3.621
1788222241.782372,1788222241.783363,0.991,0.625
1788222241.787911,1788222241.790910,2.998,3.251
1788222241.799446,1788222241.799446,0.000,0.060
1788222241.804475,1788222241.807113,2.638,2.632
1788222241.815108,1788222241.815108,0.000,0.482
1788222241.821268,1788222241.823291,2.023,1.979
1788222241.829849,1788222241.831685,1.835,1.237
1788222241.838491,1788222241.839489,0.998,0.427
1788222241.847090,1788222241.847680,0.590,0.509
1788222241.854795,1788222241.855788,0.993,0.426
1788222241.861106,1788222241.863720,2.614,1.853
1788222241.863720,1788222241.871833,8.113,7.653
1788222241.875777,1788222241.879403,3.627,3.385
1788222241.880401,1788222241.887914,7.513,7.461
1788222241.891532,1788222241.895213,3.680,15.461
1788222241.902790,1788222241.903669,0.879,23.461
1788222241.906291,1788222241.912006,5.714,5.152
1788222241.913418,1788222241.919082,5.664,6.113
1788222241.922659,1788222241.926710,4.051,14.113
1788222241.932175,1788222241.935694,3.519,2.815
1788222241.938231,1788222241.943343,5.112,5.098
1788222241.946346,1788222241.951990,5.644,5.065
1788222241.954996,1788222241.959747,4.752,4.629
1788222241.963690,1788222241.967693,4.003,3.613
1788222241.971894,1788222241.975908,4.014,3.942
1788222241.981522,1788222241.983623,2.101,1.871
1788222241.989157,1788222241.992178,3.021,9.871
1788222241.996176,1788222241.999706,3.531,17.871
1788222242.004712,1788222242.007250,2.538,2.444
1788222242.015381,1788222242.015381,0.000,0.430
1788222242.020904,1788222242.023415,2.511,2.335
1788222242.030535,1788222242.031545,1.009,0.831
1788222242.038049,1788222242.039552,1.504,1.408
1788222242.046556,1788222242.047566,1.010,1.154
1788222242.046556,1788222242.056075,9.519,9.160
1788222242.063145,1788222242.064138,0.993,0.405
1788222242.064138,1788222242.071664,7.526,7.674
1788222242.076185,1788222242.080206,4.021,15.674
1788222242.080206,1788222242.088216,8.010,7.623
1788222242.095714,1788222242.095714,0.000,0.016
1788222242.095714,1788222242.103757,8.043,7.874
1788222242.107253,1788222242.111780,4.527,3.975
1788222242.112779,1788222242.120294,7.514,6.906
1788222242.122301,1788222242.127544,5.243,5.150
1788222242.129551,1788222242.135498,5.946,5.779
1788222242.138491,1788222242.144028,5.538,13.779
1788222242.147071,1788222242.151609,4.538,4.782
1788222242.154605,1788222242.159612,5.007,5.392
1788222242.163159,1788222242.168157,4.998,4.915
1788222242.170795,1788222242.176349,5.554,4.575
1788222242.179351,1788222242.183892,4.542,4.088
1788222242.187887,1788222242.192430,4.543,3.706
1788222242.199481,1788222242.200403,0.922,0.056
1788222242.204638,1788222242.208310,3.673,3.516
1788222242.214960,1788222242.215906,0.947,1.018
1788222242.220911,1788222242.224446,3.536,2.794
1788222242.230450,1788222242.232552,2.103,10.794
1788222242.237608,1788222242.239665,2.057,1.801
1788222242.246604,1788222242.248134,1.530,1.396
1788222242.255677,1788222242.255677,0.000,0.612
1788222242.262735,1788222242.264257,1.522,1.276
1788222242.271333,1788222242.271333,0.000,0.850
1788222242.279874,1788222242.279874,0.000,0.394
1788222242.279874,1788222242.288404,8.530,8.406
1788222242.291924,1788222242.295951,4.027,16.406
1788222242.296959,1788222242.303732,6.773,7.298
1788222242.307359,1788222242.311852,4.492,4.368
1788222242.313368,1788222242.320393,7.024,6.489
1788222242.324428,1788222242.328451,4.023,4.019
1788222242.330452,1788222242.336515,6.063,5.637
1788222242.339505,1788222242.344053,4.547,4.505
1788222242.346050,1788222242.352593,6.543,5.923
1788222242.354719,1788222242.360726,6.006,5.267
1788222242.363235,1788222242.368251,5.016,4.695
1788222242.371243,1788222242.375932,4.688,4.748
1788222242.378937,1788222242.384475,5.538,4.797
1788222242.388480,1788222242.392486,4.007,4.175
1788222242.395021,1788222242.400545,5.524,4.195
1788222242.404145,1788222242.408759,4.613,3.701
1788222242.413693,1788222242.416223,2.529,2.941
1788222242.421506,1788222242.424010,2.505,2.556
1788222242.430630,1788222242.431634,1.004,1.570
1788222242.438323,1788222242.440329,2.006,2.149
1788222242.446865,1788222242.448871,2.005,1.594
1788222242.455452,1788222242.456512,1.060,1.200
1788222242.462456,1788222242.464456,2.000,1.460
1788222242.470989,1788222242.472454,1.465,0.843
1788222242.480167,1788222242.480167,0.000,0.026
1788222242.481423,1788222242.488027,6.604,7.166
1788222242.495122,1788222242.496136,1.014,15.166
1788222242.496136,1788222242.504344,8.208,23.166
1788222242.510714,1788222242.512239,1.526,31.166
1788222242.513258,1788222242.520795,7.536,7.062
1788222242.526436,1788222242.528518,2.082,1.972
1788222242.526436,1788222242.536975,10.539,9.982
1788222242.542510,1788222242.544510,2.001,1.790
1788222242.548032,1788222242.553025,4.993,9.790
1788222242.558182,1788222242.560183,2.000,2.327
1788222242.563182,1788222242.568724,5.543,5.327
1788222242.574242,1788222242.577065,2.823,2.187
1788222242.581066,1788222242.585065,3.999,3.712
1788222242.589605,1788222242.592606,3.000,2.508
1788222242.596601,1788222242.601131,4.530,4.233
1788222242.605125,1788222242.608715,3.589,3.565
1788222242.613610,1788222242.617122,3.513,3.126
1788222242.622137,1788222242.625197,3.060,2.087
1788222242.631737,1788222242.632738,1.002,0.966
1788222242.637945,1788222242.641119,3.174,2.263
1788222242.646716,1788222242.648717,2.001,2.223
1788222242.654716,1788222242.657255,2.539,1.539
1788222242.663017,1788222242.665344,2.326,1.603
1788222242.672870,1788222242.672870,0.000,0.206
1788222242.680629,1788222242.681324,0.695,8.206
1788222242.688488,1788222242.688488,0.000,0.637
1788222242.696867,1788222242.696867,0.000,0.022
1788222242.696867,1788222242.705225,8.358,7.748
1788222242.711766,1788222242.712758,0.992,15.748
1788222242.713768,1788222242.721394,7.626,7.085
1788222242.726929,1788222242.729262,2.332,1.546
1788222242.729974,1788222242.736087,6.113,7.326
1788222242.742901,1788222242.744917,2.016,2.454
1788222242.745918,1788222242.753443,7.525,6.309
1788222242.757959,1788222242.760710,2.751,2.405
1788222242.763708,1788222242.769246,5.538,5.474
1788222242.773271,1788222242.776789,3.519,13.474
1788222242.780351,1788222242.784886,4.535,5.047
1788222242.788402,1788222242.793482,5.080,4.392
1788222242.796478,1788222242.801017,4.539,4.806
1788222242.804018,1788222242.809553,5.535,4.307
1788222242.813555,1788222242.817547,3.992,3.123
1788222242.821079,1788222242.825602,4.523,3.464
1788222242.829158,1788222242.833153,3.995,3.671
1788222242.837678,1788222242.841204,3.526,3.191
1788222242.846204,1788222242.849739,3.535,3.064
1788222242.854735,1788222242.857738,3.004,2.609
1788222242.863281,1788222242.865285,2.003,2.214
1788222242.871803,1788222242.872804,1.001,1.270
1788222242.879442,1788222242.881462,2.019,1.398
1788222242.888458,1788222242.889470,1.012,0.755
1788222242.895696,1788222242.897718,2.022,8.755
1788222242.904248,1788222242.905254,1.006,0.704
1788222242.911336,1788222242.913333,1.997,1.467
1788222242.911336,1788222242.921872,10.537,9.487
1788222242.926950,1788222242.928948,1.998,2.259
1788222242.929941,1788222242.937573,7.632,7.382
1788222242.942651,1788222242.945691,3.040,2.593
1788222242.949387,1788222242.953293,3.906,3.304
1788222242.957945,1788222242.961192,3.248,3.756
1788222242.963605,1788222242.969343,5.738,5.805
1788222242.972245,1788222242.977786,5.541,4.959
1788222242.980808,1788222242.985347,4.539,4.935
1788222242.989345,1788222242.993708,4.363,4.355
1788222242.996869,1788222243.001565,4.697,4.766
1788222243.004729,1788222243.009730,5.001,5.097
1788222243.013272,1788222243.017796,4.524,3.508
1788222243.021342,1788222243.025330,3.988,4.115
1788222243.031861,1788222243.033851,1.991,1.573
1788222243.037853,1788222243.041407,3.555,3.616
1788222243.049400,1788222243.049906,0.506,0.015
1788222243.056460,1788222243.057465,1.005,1.261
1788222243.064582,1788222243.065578,0.997,0.663
1788222243.071095,1788222243.074105,3.010,2.210
1788222243.080107,1788222243.081106,0.999,1.671
1788222243.088485,1788222243.089481,0.996,1.128
1788222243.096103,1788222243.097712,1.609,0.845
1788222243.104772,1788222243.105787,1.015,0.802
1788222243.113850,1788222243.113850,0.000,0.066
1788222243.113850,1788222243.121845,7.996,8.081
1788222243.128917,1788222243.129914,0.997,0.163
1788222243.128917,1788222243.137962,9.046,8.163
1788222243.142978,1788222243.145998,3.021,2.424
1788222243.145998,1788222243.153796,7.797,7.178
1788222243.158808,1788222243.161731,2.924,2.637
1788222243.163244,1788222243.170267,7.023,6.036
1788222243.174808,1788222243.178339,3.532,2.781
1788222243.181345,1788222243.185882,4.537,3.918
1788222243.189883,1788222243.193495,3.613,3.792
1788222243.189883,1788222243.201622,11.740,11.805
1788222243.205909,1788222243.209515,3.606,3.601
1788222243.214070,1788222243.218181,4.112,3.844
1788222243.221164,1788222243.226369,5.206,4.228
1788222243.229895,1788222243.234423,4.529,4.309
1788222243.238522,1788222243.242545,4.023,12.309
1788222243.246943,1788222243.249959,3.016,3.122
1788222243.256560,1788222243.258561,2.002,1.370
1788222243.263561,1788222243.266105,2.545,9.370
1788222243.272098,1788222243.274097,1.999,1.233
1788222243.280130,1788222243.282643,2.512,2.245
1788222243.288727,1788222243.289730,1.003,1.546
1788222243.298122,1788222243.298122,0.000,0.051
1788222243.304121,1788222243.306641,2.520,1.577
1788222243.304121,1788222243.314204,10.084,9.592
1788222243.321743,1788222243.322744,1.001,0.806
1788222243.330470,1788222243.330470,0.000,0.191
1788222243.337769,1788222243.338403,0.634,0.175
1788222243.345469,1788222243.346984,1.515,0.961
1788222243.354548,1788222243.354548,0.000,0.094
1788222243.360190,1788222243.362294,2.104,2.115
1788222243.363327,1788222243.370820,7.493,7.553
1788222243.375876,1788222243.378423,2.547,1.659
1788222243.381412,1788222243.386414,5.002,9.659
1788222243.391058,1788222243.395034,3.976,3.575
1788222243.395998,1788222243.402255,6.258,6.108
1788222243.406346,1788222243.410495,4.149,4.237
1788222243.413491,1788222243.419200,5.709,12.237
1788222243.422194,1788222243.426836,4.642,4.515
1788222243.430219,1788222243.434755,4.536,12.515
1788222243.438873,1788222243.442893,4.019,20.515
1788222243.445890,1788222243.450692,4.802,4.388
1788222243.454692,1788222243.458303,3.612,4.055
1788222243.462932,1788222243.466864,3.932,3.549
1788222243.471578,1788222243.474602,3.024,3.435
1788222243.479525,1788222243.482811,3.286,2.943
1788222243.488693,1788222243.491238,2.545,2.392
1788222243.497777,1788222243.498772,0.995,0.583
1788222243.504301,1788222243.506428,2.127,2.327
1788222243.512664,1788222243.514602,1.938,1.828
1788222243.521457,1788222243.522494,1.037,1.092
1788222243.530495,1788222243.530495,0.000,0.699
1788222243.538523,1788222243.538523,0.000,0.406
1788222243.546170,1788222243.547233,1.063,0.044
1788222243.554794,1788222243.554794,0.000,0.482
1788222243.562379,1788222243.563377,0.999,0.126
1788222243.563377,1788222243.571012,7.634,7.668
1788222243.578670,1788222243.578670,0.000,0.133
1788222243.579801,1788222243.587280,7.478,7.019
1788222243.594134,1788222243.595190,1.056,0.950
1788222243.597135,1788222243.602829,5.694,6.052
1788222243.610327,1788222243.611322,0.996,0.535
1788222243.613863,1788222243.618974,5.111,8.535
1788222243.624308,1788222243.627661,3.353,2.875
1788222243.629175,1788222243.634840,5.665,5.869
1788222243.642403,1788222243.642917,0.514,0.934
1788222243.646934,1788222243.650931,3.997,4.556
1788222243.656529,1788222243.658827,2.298,2.409
1788222243.663368,1788222243.667364,3.995,3.411
1788222243.671370,1788222243.674917,3.548,3.112
1788222243.679434,1788222243.682963,3.529,3.368
1788222243.687979,1788222243.691615,3.635,2.896
1788222243.696657,1788222243.698900,2.243,2.293
1788222243.704344,1788222243.707335,2.992,2.797
1788222243.712918,1788222243.715501,2.584,2.047
1788222243.722491,1788222243.723493,1.002,0.869
1788222243.729563,1788222243.731671,2.108,8.869
1788222243.738602,1788222243.739622,1.020,0.170
1788222243.746982,1788222243.746982,0.000,0.194
1788222243.754429,1788222243.755524,1.095,8.194
1788222243.762122,1788222243.763144,1.022,0.991
1788222243.770806,1788222243.771832,1.026,0.027
1788222243.777354,1788222243.779909,2.554,2.158
1788222243.779909,1788222243.787475,7.567,7.518
1788222243.792480,1788222243.794996,2.516,2.655
1788222243.796020,1788222243.803014,6.994,6.806
1788222243.807657,1788222243.811119,3.462,3.653
1788222243.814118,1788222243.819300,5.182,4.608
1788222243.823384,1788222243.826825,3.441,3.933
1788222243.830357,1788222243.835943,5.586,5.034
1788222243.839702,1788222243.843696,3.994,4.044
1788222243.846217,1788222243.851240,5.023,5.458
1788222243.854233,1788222243.860008,5.775,4.973
1788222243.867524,1788222243.867524,0.000,12.973
1788222243.871112,1788222243.876102,4.990,4.668
1788222243.880143,1788222243.884143,4.000,3.627
1788222243.889674,1788222243.891673,1.999,2.082
1788222243.897204,1788222243.899735,2.532,2.745
1788222243.904732,1788222243.907268,2.536,10.745
1788222243.914789,1788222243.915795,1.006,18.745
1788222243.922851,1788222243.923839,0.988,1.250
1788222243.930885,1788222243.932346,1.460,0.727
1788222243.938988,1788222243.940005,1.017,0.946
1788222243.947048,1788222243.948456,1.409,1.127
1788222243.954442,1788222243.955443,1.001,0.961
1788222243.962973,1788222243.963979,1.006,0.983
1788222243.962973,1788222243.972050,9.077,8.991
1788222243.980103,1788222243.980103,0.000,0.126
1788222243.988176,1788222243.988176,0.000,0.033
1788222243.993039,1788222243.995794,2.755,3.043
1788222243.995794,1788222244.004325,8.531,11.043
1788222244.008353,1788222244.011897,3.544,3.698
1788222244.014893,1788222244.020549,5.656,5.172
1788222244.024431,1788222244.027949,3.518,3.867
1788222244.031015,1788222244.036035,5.020,4.942
1788222244.038590,1788222244.043656,5.066,12.942
1788222244.046607,1788222244.052194,5.588,4.643
1788222244.055140,1788222244.059779,4.639,5.325
1788222244.062782,1788222244.068299,5.517,4.831
1788222244.071636,1788222244.076663,5.027,4.793
1788222244.079783,1788222244.083786,4.002,4.412
1788222244.087788,1788222244.092329,4.541,12.412
1788222244.095329,1788222244.099877,4.549,4.257
1788222244.103877,1788222244.107869,3.992,3.728
1788222244.112490,1788222244.116490,4.000,3.415
1788222244.121080,1788222244.124082,3.002,2.983
1788222244.129170,1788222244.132730,3.560,2.432
1788222244.138050,1788222244.140797,2.747,1.008
1788222244.147750,1788222244.147750,0.000,0.175
1788222244.155307,1788222244.156268,0.961,1.154
1788222244.163863,1788222244.163863,0.000,0.148
1788222244.171012,1788222244.172005,0.993,0.663
1788222244.180521,1788222244.180521,0.000,0.076
1788222244.180521,1788222244.188547,8.025,8.081
1788222244.194079,1788222244.196081,2.003,2.247
1788222244.197120,1788222244.204846,7.725,10.247
1788222244.210559,1788222244.212667,2.109,1.538
1788222244.213575,1788222244.219638,6.063,6.893
1788222244.227175,1788222244.228792,1.616,1.578
1788222244.230810,1788222244.235949,5.139,5.730
1788222244.242149,1788222244.244278,2.130,1.957
1788222244.249036,1788222244.252210,3.175,3.497
1788222244.257259,1788222244.260212,2.953,2.738
1788222244.262744,1788222244.268742,5.998,5.239
1788222244.273129,1788222244.276139,3.010,3.269
1788222244.279139,1788222244.284260,5.121,4.602
1788222244.289261,1788222244.292788,3.526,3.444
1788222244.295807,1788222244.300369,4.562,4.206
1788222244.304902,1788222244.308896,3.994,3.552
1788222244.313955,1788222244.316978,3.023,2.657
1788222244.320954,1788222244.324512,3.558,3.050
1788222244.331042,1788222244.332566,1.524,0.950
1788222244.338634,1788222244.340652,2.018,2.141
1788222244.346194,1788222244.348297,2.103,2.122
1788222244.356011,1788222244.357092,1.081,0.061
1788222244.363539,1788222244.364559,1.020,0.688
1788222244.372068,1788222244.373071,1.003,0.779
1788222244.379231,1788222244.380698,1.467,8.779
1788222244.380698,1788222244.388724,8.025,7.674
1788222244.396252,1788222244.396252,0.000,0.084
1788222244.396252,1788222244.404654,8.402,8.091
1788222244.411318,1788222244.412843,1.524,1.156
1788222244.412843,1788222244.420865,8.022,7.243
1788222244.426408,1788222244.428462,2.054,2.272
1788222244.430731,1788222244.436565,5.834,10.272
1788222244.442169,1788222244.444753,2.584,2.450
1788222244.446749,1788222244.453249,6.500,5.579
1788222244.458271,1788222244.461265,2.994,13.579
1788222244.463772,1788222244.468328,4.555,21.579
1788222244.473835,1788222244.476856,3.021,2.669
1788222244.480383,1788222244.484561,4.178,10.669
1788222244.489567,1788222244.492566,2.999,3.038
1788222244.497101,1788222244.500661,3.560,3.745
1788222244.505182,1788222244.508491,3.309,3.634
1788222244.512515,1788222244.517045,4.530,4.169
1788222244.521033,1788222244.524539,3.506,3.431
1788222244.529549,1788222244.533074,3.525,3.336
1788222244.537605,1788222244.541158,3.553,2.884
1788222244.546682,1788222244.549209,2.527,2.246
1788222244.555112,1788222244.557134,2.022,2.165
1788222244.563863,1788222244.564917,1.055,1.226
1788222244.571581,1788222244.572661,1.080,0.831
1788222244.579050,1788222244.581460,2.410,1.462
1788222244.588282,1788222244.588956,0.675,0.722
1788222244.596248,1788222244.597263,1.015,0.323
1788222244.604350,1788222244.604350,0.000,0.257
1788222244.604350,1788222244.612938,8.588,7.607
1788222244.613951,1788222244.621490,7.539,7.300
1788222244.627577,1788222244.629079,1.502,1.119
1788222244.629611,1788222244.637164,7.553,9.119
1788222244.642846,1788222244.644127,1.281,17.119
1788222244.646659,1788222244.652661,6.002,6.667
1788222244.659458,1788222244.660689,1.231,1.448
1788222244.662710,1788222244.669246,6.535,6.278
1788222244.673244,1788222244.676708,3.463,14.278
1788222244.680231,1788222244.685235,5.004,4.973
1788222244.688772,1788222244.693107,4.334,12.973
1788222244.697742,1788222244.701179,3.437,3.564
1788222244.705173,1788222244.709355,4.183,3.753
1788222244.713372,1788222244.716889,3.517,4.133
1788222244.720904,1788222244.724908,4.003,3.635
1788222244.729678,1788222244.733677,3.999,3.493
1788222244.738199,1788222244.741281,3.083,2.702
1788222244.746198,1788222244.748731,2.533,10.702
1788222244.753827,1788222244.757254,3.428,2.813
1788222244.762908,1788222244.764915,2.007,2.620
1788222244.771505,1788222244.773504,1.999,2.043
1788222244.780776,1788222244.781777,1.001,0.737
1788222244.788586,1788222244.789664,1.079,0.386
1788222244.797208,1788222244.797208,0.000,0.197
1788222244.797208,1788222244.805360,8.152,8.228
1788222244.812468,1788222244.812468,0.000,0.015
1788222244.812468,1788222244.821481,9.014,8.036
1788222244.826481,1788222244.828992,2.511,2.351
1788222244.830007,1788222244.837831,7.824,7.285
1788222244.841752,1788222244.845897,4.145,3.361
1788222244.846479,1788222244.853923,7.444,7.026
1788222244.857720,1788222244.861261,3.540,3.518
1788222244.863258,1788222244.869770,6.512,6.079
1788222244.873790,1788222244.877800,4.010,3.368
1788222244.879391,1788222244.885940,6.549,5.432
1788222244.888933,1788222244.893456,4.524,4.385
1788222244.896970,1788222244.901931,4.961,4.055
1788222244.904923,1788222244.909950,5.028,4.579
1788222244.913964,1788222244.917971,4.007,3.724
1788222244.921493,1788222244.925788,4.295,3.713
1788222244.929788,1788222244.933317,3.528,3.665
1788222244.938321,1788222244.941901,3.580,3.215
1788222244.946906,1788222244.949901,2.995,11.215
1788222244.956587,1788222244.957602,1.015,0.921
1788222244.963144,1788222244.964901,1.757,1.981
1788222244.972017,1788222244.974014,1.997,1.168
1788222244.980008,1788222244.982049,2.041,1.900
1788222244.988046,1788222244.990041,1.996,1.341
1788222244.997580,1788222244.997580,0.000,0.066
1788222245.004122,1788222245.006119,1.998,0.954
1788222245.013179,1788222245.013179,0.000,0.159
1788222245.021560,1788222245.022158,0.597,0.234
1788222245.028278,1788222245.030159,1.881,1.309
1788222245.030159,1788222245.037829,7.671,7.458
1788222245.043959,1788222245.046020,2.060,1.239
1788222245.046959,1788222245.053493,6.534,6.806
1788222245.060498,1788222245.061492,0.994,1.419
1788222245.063017,1788222245.070033,7.016,6.613
1788222245.075703,1788222245.077708,2.005,2.366
1788222245.079707,1788222245.085816,6.109,5.599
1788222245.090819,1788222245.094242,3.423,2.475
1788222245.096236,1788222245.101769,5.533,5.426
1788222245.106297,1788222245.109815,3.518,3.383
1788222245.112829,1788222245.117738,4.909,4.806
1788222245.121755,1788222245.126289,4.534,3.832
1788222245.130288,1788222245.133871,3.583,3.816
1788222245.138400,1788222245.141400,3.000,3.537
1788222245.146935,1788222245.149934,3.000,2.812
1788222245.154984,1788222245.158079,3.095,2.908
1788222245.163594,1788222245.166125,2.531,2.378
1788222245.171122,1788222245.173635,2.514,2.565
1788222245.180747,1788222245.182340,1.593,1.401
1788222245.187883,1788222245.189988,2.105,1.366
1788222245.195743,1788222245.197761,2.018,1.589
1788222245.203668,1788222245.206140,2.472,1.431
1788222245.214173,1788222245.214173,0.000,0.050
1788222245.214173,1788222245.222186,8.013,7.541
1788222245.229727,1788222245.229727,0.000,0.016
1788222245.229727,1788222245.237849,8.122,8.031
1788222245.245087,1788222245.246493,1.405,1.105
1788222245.246493,1788222245.253688,7.195,7.353
1788222245.259701,1788222245.262302,2.601,2.233
1788222245.263819,1788222245.269886,6.067,6.321
1788222245.274346,1788222245.278526,4.180,3.685
1788222245.279520,1788222245.285779,6.259,6.224
1788222245.289777,1788222245.294297,4.519,4.078
1788222245.296372,1788222245.302313,5.941,5.706
1788222245.304901,1788222245.310419,5.518,5.331
1788222245.312437,1788222245.317474,5.037,5.073
1788222245.322255,1788222245.326790,4.535,3.754
1788222245.329794,1788222245.333824,4.030,4.512
1788222245.337917,1788222245.342449,4.532,12.512
1788222245.347059,1788222245.350567,3.507,20.512
1788222245.354583,1788222245.357850,3.267,3.461
1788222245.365376,1788222245.366379,1.002,11.461
1788222245.371374,1788222245.374883,3.510,3.245
1788222245.380528,1788222245.382209,1.681,1.931
1788222245.387752,1788222245.390756,3.005,2.221
1788222245.396294,1788222245.398499,2.204,2.052
1788222245.396294,1788222245.407032,10.737,10.052
1788222245.412562,1788222245.414566,2.003,1.475
1788222245.422091,1788222245.423091,1.000,0.670
1788222245.429107,1788222245.430638,1.531,8.670
1788222245.429107,1788222245.438231,9.124,16.670
1788222245.446625,1788222245.446625,0.000,0.226
1788222245.446625,1788222245.454642,8.017,8.238
1788222245.458053,1788222245.463007,4.954,16.238
1788222245.463007,1788222245.470550,7.543,24.238
1788222245.473551,1788222245.479084,5.534,4.666
1788222245.481594,1788222245.486612,5.018,5.118
1788222245.488243,1788222245.494588,6.345,6.208
1788222245.497129,1788222245.503195,6.066,5.637
1788222245.505238,1788222245.511277,6.039,5.741
1788222245.517886,1788222245.518580,0.695,13.741
1788222245.521609,1788222245.527174,5.566,5.369
1788222245.533730,1788222245.534756,1.026,1.038
1788222245.539284,1788222245.543338,4.055,3.670
1788222245.548826,1788222245.550880,2.054,1.737
1788222245.555821,1788222245.559395,3.574,2.536
1788222245.564337,1788222245.566912,2.575,10.536
1788222245.571502,1788222245.575503,4.000,3.592
1788222245.579016,1788222245.583577,4.561,3.491
1788222245.589125,1788222245.591126,2.001,1.956
1788222245.596117,1788222245.598644,2.527,2.795
1788222245.604668,1788222245.606668,2.000,2.254
1788222245.613714,1788222245.614710,0.996,1.029
1788222245.621243,1788222245.623231,1.988,1.368
1788222245.629302,1788222245.630329,1.027,9.368
1788222245.637869,1788222245.639388,1.519,0.869
1788222245.642921,1788222245.646935,4.014,4.461
1788222245.654461,1788222245.655462,1.001,0.213
1788222245.662538,1788222245.663533,0.995,0.086
1788222245.662538,1788222245.671120,8.582,8.098
1788222245.673172,1788222245.679722,6.550,6.072
1788222245.679722,1788222245.687153,7.432,7.573
1788222245.688104,1788222245.695714,7.610,6.553
1788222245.696637,1788222245.703288,6.651,6.402
1788222245.704282,1788222245.711298,7.016,6.578
1788222245.713317,1788222245.719831,6.514,6.092
1788222245.721413,1788222245.727940,6.526,5.981
1788222245.735006,1788222245.735006,0.000,0.369
1788222245.738008,1788222245.743706,5.697,4.888
1788222245.750755,1788222245.751823,1.068,0.933
1788222245.755791,1788222245.759787,3.996,3.870
1788222245.766149,1788222245.768036,1.887,1.319
1788222245.770973,1788222245.776000,5.027,4.139
1788222245.781510,1788222245.783531,2.021,1.677
1788222245.788532,1788222245.792051,3.520,2.963
1788222245.797074,1788222245.800066,2.992,2.505
1788222245.804608,1788222245.807612,3.004,2.918
1788222245.812640,1788222245.815657,3.017,2.691
1788222245.821658,1788222245.823174,1.516,2.184
1788222245.830186,1788222245.831704,1.518,1.580
1788222245.838249,1788222245.839248,0.998,1.550
1788222245.846776,1788222245.847773,0.996,0.731
1788222245.854302,1788222245.855308,1.005,0.954
1788222245.863661,1788222245.864172,0.512,0.032
1788222245.871188,1788222245.872182,0.995,0.394
1788222245.879035,1788222245.880036,1.001,0.235
1788222245.879035,1788222245.888065,9.030,8.235
1788222245.890068,1788222245.895602,5.534,5.446
1788222245.895602,1788222245.904338,8.735,13.446
1788222245.905354,1788222245.911938,6.584,6.389
1788222245.912961,1788222245.919503,6.542,6.399
1788222245.921793,1788222245.928368,6.574,6.544
1788222245.929368,1788222245.936438,7.071,6.416
1788222245.938435,1788222245.943956,5.521,5.566
1788222245.951488,1788222245.952490,1.001,0.400
1788222245.953489,1788222245.960024,6.535,5.674
1788222245.966550,1788222245.967653,1.103,1.249
1788222245.971666,1788222245.976213,4.547,4.133
1788222245.981732,1788222245.984122,2.390,2.086
1788222245.990649,1788222245.992657,2.008,1.310
1788222245.997181,1788222246.000232,3.051,2.459
1788222246.004763,1788222246.007787,3.024,3.282
1788222246.013504,1788222246.016352,2.848,2.980
1788222246.021414,1788222246.024511,3.097,3.055
1788222246.029895,1788222246.032447,2.553,2.339
1788222246.037997,1788222246.039994,1.997,2.114
1788222246.046501,1788222246.048519,2.018,1.619
1788222246.054504,1788222246.056072,1.567,1.815
1788222246.063442,1788222246.064443,1.001,0.699
1788222246.071590,1788222246.072594,1.004,0.645
1788222246.072594,1788222246.080189,7.595,7.159
1788222246.081200,1788222246.088244,7.045,6.448
1788222246.088244,1788222246.096242,7.998,7.385
1788222246.096242,1788222246.104766,8.524,7.745
1788222246.104766,1788222246.111808,7.042,7.694
1788222246.119883,1788222246.120397,0.514,0.508
1788222246.121410,1788222246.128464,7.054,7.004
1788222246.134479,1788222246.136488,2.009,1.458
1788222246.137489,1788222246.144010,6.521,6.416
1788222246.152090,1788222246.152090,0.000,0.232
1788222246.155088,1788222246.159966,4.878,5.308
1788222246.165966,1788222246.168337,2.371,1.739
1788222246.171349,1788222246.176352,5.002,4.640
1788222246.181147,1788222246.184365,3.218,3.065
1788222246.189968,1788222246.192893,2.925,2.402
1788222246.196886,1788222246.200482,3.596,3.417
1788222246.205558,1788222246.207537,1.979,3.016
1788222246.213450,1788222246.216500,3.050,2.888
1788222246.221077,1788222246.224086,3.008,3.478
1788222246.230079,1788222246.232180,2.101,2.321
1788222246.237775,1788222246.240466,2.691,2.236
1788222246.246464,1788222246.248116,1.652,1.893
1788222246.254838,1788222246.256783,1.944,1.530
1788222246.263310,1788222246.264367,1.057,1.576
1788222246.271800,1788222246.272684,0.884,0.876
1788222246.279701,1788222246.280690,0.989,0.789
1788222246.288250,1788222246.288250,0.000,0.175
1788222246.288250,1788222246.296784,8.533,8.058
1788222246.304321,1788222246.304321,0.000,0.015
1788222246.304321,1788222246.312337,8.016,8.038
1788222246.318348,1788222246.320968,2.620,16.038
1788222246.320968,1788222246.328497,7.529,7.485
1788222246.333580,1788222246.336343,2.762,15.485
1788222246.338337,1788222246.344862,6.524,6.595
1788222246.348871,1788222246.352206,3.335,3.760
1788222246.354285,1788222246.360226,5.940,6.191
1788222246.364756,1788222246.368754,3.998,3.936
1788222246.370764,1788222246.377298,6.535,5.422
1788222246.380296,1788222246.385051,4.756,4.352
1788222246.388184,1788222246.392794,4.611,4.063
1788222246.396792,1788222246.400795,4.002,3.923
1788222246.405333,1788222246.409330,3.997,3.440
1788222246.413985,1788222246.416869,2.884,11.440
1788222246.420870,1788222246.424583,3.713,3.391
1788222246.430489,1788222246.433109,2.620,2.482
1788222246.439070,1788222246.441136,2.066,1.970
1788222246.446597,1788222246.448605,2.007,1.749
1788222246.454122,1788222246.456660,2.538,2.491
1788222246.462654,1788222246.465061,2.407,1.578
1788222246.471060,1788222246.473060,2.000,1.249
1788222246.479594,1788222246.480592,0.999,0.871
1788222246.488861,1788222246.488861,0.000,0.203
1788222246.496932,1788222246.496932,0.000,0.191
1788222246.504511,1788222246.504511,0.000,0.079
1788222246.504511,1788222246.513128,8.617,8.079
1788222246.518419,1788222246.521418,2.999,2.066
1788222246.521418,1788222246.528945,7.527,7.617
1788222246.533467,1788222246.537017,3.551,3.507
1788222246.538019,1788222246.545547,7.527,6.858
1788222246.548547,1788222246.553550,5.002,4.415
1788222246.556055,1788222246.561076,5.022,4.725
1788222246.564070,1788222246.569615,5.544,4.710
1788222246.571614,1788222246.577151,5.537,5.865
1788222246.580154,1788222246.585241,5.087,5.337
1788222246.588261,1788222246.593255,4.993,4.512
1788222246.595786,1788222246.600808,5.023,5.008
1788222246.604808,1788222246.608965,4.157,4.459
1788222246.612959,1788222246.617605,4.646,4.250
1788222246.623595,1788222246.625109,1.514,1.222
1788222246.631363,1788222246.632927,1.564,9.222
1788222246.638809,1788222246.641381,2.572,17.222
1788222246.646674,1788222246.649616,2.943,2.600
1788222246.654644,1788222246.656065,1.421,2.366
1788222246.662905,1788222246.665011,2.107,2.116
1788222246.670961,1788222246.673193,2.232,2.162
1788222246.679671,1788222246.681676,2.005,1.291
1788222246.689019,1788222246.689019,0.000,0.416
1788222246.696535,1788222246.697556,1.021,0.275
1788222246.704555,1788222246.705551,0.996,0.214
1788222246.713205,1788222246.713777,0.572,0.127
1788222246.721391,1788222246.721391,0.000,0.040
1788222246.721391,1788222246.729447,8.056,7.672
1788222246.733097,1788222246.737620,4.522,3.866
1788222246.739631,1788222246.745735,6.104,11.866
1788222246.748327,1788222246.753259,4.932,5.010
1788222246.754257,1788222246.761320,7.063,6.572
1788222246.763336,1788222246.769306,5.970,5.674
1788222246.771311,1788222246.777831,6.520,6.155
1788222246.780117,1788222246.785661,5.545,5.623
1788222246.788163,1788222246.793175,5.012,5.385
1788222246.796171,1788222246.801716,5.545,4.847
1788222246.804712,1788222246.809262,4.550,4.586
1788222246.813254,1788222246.817497,4.243,4.612
1788222246.821024,1788222246.826031,5.006,4.236
1788222246.829569,1788222246.834105,4.536,3.890
1788222246.838108,1788222246.841648,3.541,3.169
1788222246.846655,1788222246.849890,3.235,2.703
1788222246.856888,1788222246.856888,0.000,0.460
1788222246.863186,1788222246.865192,2.007,2.057
1788222246.873750,1788222246.873750,0.000,0.025
1788222246.880272,1788222246.881288,1.016,1.321
1788222246.888614,1788222246.889627,1.012,0.822
1788222246.896089,1788222246.897603,1.514,1.365
1788222246.905207,1788222246.905207,0.000,0.497
1788222246.905207,1788222246.913260,8.052,8.513
1788222246.921334,1788222246.921334,0.000,0.177
1788222246.928504,1788222246.930138,1.634,0.204
1788222246.934992,1788222246.938030,3.038,2.816
1788222246.939017,1788222246.946183,7.166,7.195
1788222246.950819,1788222246.953842,3.023,3.036
1788222246.955842,1788222246.961365,5.522,5.481
1788222246.966388,1788222246.969438,3.050,3.268
1788222246.971435,1788222246.977515,6.080,6.313
1788222246.981529,1788222246.985591,4.062,4.282
1788222246.988597,1788222246.994126,5.529,5.683
1788222246.997128,1788222247.001873,4.745,4.692
1788222247.004523,1788222247.010387,5.863,5.092
1788222247.013357,1788222247.018139,4.782,4.722
1788222247.021056,1788222247.026197,5.141,4.778
1788222247.029189,1788222247.034268,5.079,4.390
1788222247.037266,1788222247.041952,4.686,4.039
1788222247.046531,1788222247.049537,3.006,3.720
1788222247.055135,1788222247.058136,3.001,3.137
1788222247.062143,1788222247.065682,3.539,2.997
1788222247.071230,1788222247.073742,2.511,2.833
1788222247.079759,1788222247.081769,2.010,2.651
1788222247.089813,1788222247.089813,0.000,0.442
1788222247.096355,1788222247.098359,2.004,1.725
1788222247.106060,1788222247.106060,0.000,0.289
1788222247.112075,1788222247.114138,2.063,0.890
1788222247.121372,1788222247.122387,1.014,0.320
1788222247.129034,1788222247.130057,1.024,0.527
1788222247.137453,1788222247.138575,1.122,0.016
1788222247.137453,1788222247.145760,8.307,8.034
1788222247.150985,1788222247.153513,2.528,16.034
1788222247.155025,1788222247.162046,7.021,7.116
1788222247.167279,1788222247.170282,3.004,3.133
1788222247.171392,1788222247.178507,7.115,11.133
1788222247.181510,1788222247.185745,4.236,4.462
1788222247.190757,1788222247.193763,3.006,3.614
1788222247.196421,1788222247.201990,5.569,5.388
1788222247.204990,1788222247.210536,5.546,5.453
1788222247.212632,1788222247.218324,5.692,13.453
1788222247.212632,1788222247.226740,14.107,13.059
1788222247.229764,1788222247.234344,4.581,4.116
1788222247.241379,1788222247.242323,0.943,0.566
1788222247.245346,1788222247.250783,5.437,3.913
1788222247.254819,1788222247.258210,3.392,3.670
1788222247.265219,1788222247.266217,0.998,0.920
1788222247.272756,1788222247.274755,1.999,1.447
1788222247.280296,1788222247.282294,1.998,2.078
1788222247.288519,1788222247.290589,2.070,2.062
1788222247.296524,1788222247.298108,1.584,2.186
1788222247.304838,1788222247.306809,1.971,1.863
1788222247.313952,1788222247.313952,0.000,0.721
1788222247.322576,1788222247.322576,0.000,0.041
1788222247.329284,1788222247.330942,1.658,0.833
1788222247.333025,1788222247.338223,5.199,5.476
1788222247.346233,1788222247.346233,0.000,0.032
1788222247.348886,1788222247.354879,5.993,5.934
1788222247.354879,1788222247.362962,8.083,7.539
1788222247.364357,1788222247.370902,6.545,6.099
1788222247.372957,1788222247.378651,5.694,5.475
1788222247.379587,1788222247.386126,6.539,6.613
1788222247.388463,1788222247.394488,6.025,6.007
1788222247.396468,1788222247.402939,6.470,5.868
1788222247.409667,1788222247.410658,0.992,0.758
1788222247.412580,1788222247.418666,6.086,8.758
1788222247.424667,1788222247.426667,2.001,1.802
1788222247.430211,1788222247.434537,4.326,4.743
1788222247.440095,1788222247.443103,3.008,2.416
1788222247.446088,1788222247.450649,4.561,4.021
1788222247.455761,1788222247.458284,2.523,2.833
1788222247.463302,1788222247.466306,3.004,3.526
1788222247.471065,1788222247.474459,3.395,2.968
1788222247.480046,1788222247.482995,2.949,2.411
1788222247.488739,1788222247.490763,2.024,1.502
1788222247.496760,1788222247.498760,2.000,1.922
1788222247.504345,1788222247.506341,1.996,2.187
1788222247.513063,1788222247.514571,1.508,1.733
1788222247.521125,1788222247.523127,2.002,1.003
1788222247.529636,1788222247.529636,0.000,0.910
1788222247.538172,1788222247.539176,1.004,0.576
1788222247.545715,1788222247.546716,1.002,0.702
1788222247.554243,1788222247.555239,0.996,0.234
1788222247.554243,1788222247.562770,8.527,8.253
1788222247.563771,1788222247.570424,6.653,6.623
1788222247.571421,1788222247.578426,7.005,7.105
1788222247.579938,1788222247.586491,6.553,6.633
1788222247.593142,1788222247.595176,2.034,1.341
1788222247.596173,1788222247.602714,6.541,6.322
1788222247.609242,1788222247.610756,1.514,1.869
1788222247.612769,1788222247.618300,5.531,5.696
1788222247.623829,1788222247.626881,3.052,2.496
1788222247.629891,1788222247.634939,5.048,5.167
1788222247.639954,1788222247.642993,3.040,3.227
1788222247.646998,1788222247.650519,3.521,4.214
1788222247.654540,1788222247.659116,4.575,3.961
1788222247.663296,1788222247.667300,4.004,3.221
1788222247.670817,1788222247.674842,4.025,3.546
1788222247.679830,1788222247.683395,3.565,3.270
1788222247.688923,1788222247.691434,2.511,1.447
1788222247.696456,1788222247.699447,2.991,2.682
1788222247.705986,1788222247.706979,0.993,0.450
1788222247.706979,1788222247.714528,7.549,7.654
1788222247.716130,1788222247.723310,7.180,6.874
1788222247.730828,1788222247.730828,0.000,0.017
1788222247.737116,1788222247.738632,1.516,0.914
1788222247.746171,1788222247.747180,1.009,0.414
1788222247.754314,1788222247.755312,0.998,0.440
1788222247.762871,1788222247.762871,0.000,0.279
1788222247.770867,1788222247.770867,0.000,0.022
1788222247.777403,1788222247.779555,2.152,1.551
1788222247.779555,1788222247.787637,8.082,9.551
1788222247.793151,1788222247.795172,2.021,1.560
1788222247.796173,1788222247.802696,6.523,6.070
1788222247.809717,1788222247.810724,1.007,1.410
1788222247.811713,1788222247.818799,7.086,6.515
1788222247.824345,1788222247.827666,3.321,2.319
1788222247.829653,1788222247.835733,6.080,5.683
1788222247.842281,1788222247.843801,1.519,1.368
1788222247.846812,1788222247.851821,5.008,4.856
1788222247.856359,1788222247.859730,3.371,2.767
1788222247.862723,1788222247.867268,4.544,4.466
1788222247.872269,1788222247.875809,3.540,3.169
1788222247.879801,1788222247.883819,4.019,3.902
1788222247.887968,1788222247.890980,3.012,11.902
1788222247.896574,1788222247.899881,3.307,19.902
1788222247.904408,1788222247.907423,3.014,3.118
1788222247.904408,1788222247.915618,11.210,11.127
1788222247.918680,1788222247.922641,3.961,4.410
1788222247.930171,1788222247.931175,1.005,1.576
1788222247.935399,1788222247.939024,3.625,4.311
1788222247.946565,1788222247.947573,1.008,0.561
1788222247.955074,1788222247.955074,0.000,0.581
1788222247.963088,1788222247.963088,0.000,8.581
1788222247.964689,1788222247.971706,7.017,6.432
1788222247.979333,1788222247.979333,0.000,0.076
1788222247.981413,1788222247.986979,5.566,6.572
1788222247.988498,1788222247.996032,7.533,7.374
1788222247.996539,1788222248.003557,7.018,6.811
1788222248.011166,1788222248.012093,0.927,0.026
1788222248.013088,1788222248.019623,6.534,6.679
1788222248.027253,1788222248.028244,0.991,0.230
1788222248.029253,1788222248.035917,6.664,6.160
1788222248.043112,1788222248.044114,1.002,0.176
1788222248.046699,1788222248.051697,4.998,4.942
1788222248.059234,1788222248.060238,1.004,0.023
1788222248.063229,1788222248.068345,5.116,4.336
1788222248.074364,1788222248.075429,1.065,1.638
1788222248.079903,1788222248.083905,4.003,3.888
1788222248.089981,1788222248.092105,2.124,11.888
1788222248.089981,1788222248.100320,10.339,9.974
1788222248.105315,1788222248.107906,2.590,2.701
1788222248.113899,1788222248.115520,1.621,1.140
1788222248.121101,1788222248.124103,3.002,2.738
1788222248.129796,1788222248.131805,2.009,10.738
1788222248.138376,1788222248.140393,2.017,1.747
1788222248.146389,1788222248.147913,1.524,1.557
1788222248.155926,1788222248.155926,0.000,0.024
1788222248.163185,1788222248.164303,1.118,0.682
1788222248.166295,1788222248.172002,5.708,5.429
1788222248.179243,1788222248.180191,0.948,0.271
1788222248.182221,1788222248.188366,6.145,5.781
1788222248.189052,1788222248.196079,7.027,7.127
1788222248.199640,1788222248.203857,4.217,4.672
1788222248.205865,1788222248.212543,6.678,6.024
1788222248.213548,1788222248.220570,7.022,6.471
1788222248.221642,1788222248.227609,5.967,6.451
1788222248.229196,1788222248.235943,6.747,5.532
1788222248.240133,1788222248.244258,4.124,4.154
1788222248.246322,1788222248.251915,5.593,6.046
1788222248.258914,1788222248.260424,1.510,0.781
1788222248.263445,1788222248.268526,5.081,3.968
1788222248.275220,1788222248.276219,0.999,0.934
1788222248.280504,1788222248.284529,4.026,3.918
1788222248.290627,1788222248.292703,2.075,1.420
1788222248.296703,1788222248.300379,3.676,3.579
1788222248.306291,1788222248.308285,1.995,11.579
1788222248.306291,1788222248.316548,10.258,9.700
1788222248.322071,1788222248.324313,2.241,1.973
1788222248.329915,1788222248.332037,2.123,1.671
1788222248.337765,1788222248.340441,2.676,1.908
1788222248.346523,1788222248.348570,2.047,1.881
1788222248.354614,1788222248.356620,2.006,1.749
1788222248.363283,1788222248.364259,0.976,1.020
1788222248.371742,1788222248.372746,1.004,0.307
1788222248.379740,1788222248.379740,0.000,0.750
1788222248.387386,1788222248.387386,0.000,0.132
1788222248.387386,1788222248.396484,9.098,8.150
1788222248.398440,1788222248.404632,6.192,6.186
1788222248.405646,1788222248.412235,6.589,6.759
1788222248.413230,1788222248.420921,7.690,6.552
1788222248.427447,1788222248.428451,1.004,0.856
1788222248.429449,1788222248.436237,6.788,6.494
1788222248.442281,1788222248.444303,2.022,14.494
1788222248.448295,1788222248.452837,4.542,3.689
1788222248.457837,1788222248.460843,3.006,2.352
1788222248.462358,1788222248.468121,5.763,5.491
1788222248.473899,1788222248.476865,2.967,1.938
1788222248.479801,1788222248.484414,4.612,4.153
1788222248.489941,1788222248.492372,2.431,1.904
1788222248.497396,1788222248.500396,3.000,3.438
1788222248.505941,1788222248.508940,3.000,2.096
1788222248.513731,1788222248.516162,2.432,3.045
1788222248.521179,1788222248.524713,3.533,2.274
1788222248.531255,1788222248.532785,1.530,1.228
1788222248.538336,1788222248.540789,2.453,2.529
1788222248.546315,1788222248.548318,2.003,1.777
1788222248.554849,1788222248.556848,1.999,1.836
1788222248.563850,1788222248.564368,0.517,0.575
1788222248.572391,1788222248.572391,0.000,8.575
1788222248.572391,1788222248.580926,8.535,8.545
1788222248.588515,1788222248.588515,0.000,0.385
1788222248.596603,1788222248.596603,0.000,0.133
1788222248.604348,1788222248.604348,0.000,0.179
1788222248.604348,1788222248.613022,8.674,8.191
1788222248.614535,1788222248.620329,5.794,5.456
1788222248.621331,1788222248.628679,7.348,7.436
1788222248.630551,1788222248.637106,6.555,6.191
1788222248.638106,1788222248.644630,6.524,6.733
1788222248.646228,1788222248.652485,6.257,14.733
1788222248.654565,1788222248.660573,6.008,5.843
1788222248.663486,1788222248.669024,5.538,5.281
1788222248.673028,1788222248.676543,3.515,3.559
1788222248.680566,1788222248.684565,3.999,3.629
1788222248.692623,1788222248.692623,0.000,0.020
1788222248.696154,1788222248.701176,5.022,4.306
1788222248.708703,1788222248.708703,0.000,0.154
1788222248.712697,1788222248.717252,4.555,3.800
1788222248.723257,1788222248.725263,2.005,11.800
1788222248.730410,1788222248.732411,2.001,2.743
1788222248.739090,1788222248.741098,2.008,1.705
1788222248.746103,1788222248.748639,2.537,1.881
1788222248.754632,1788222248.757304,2.672,1.652
1788222248.763967,1788222248.764978,1.012,0.959
1788222248.771980,1788222248.772979,0.999,1.322
1788222248.780586,1788222248.781639,1.053,9.322
1788222248.788768,1788222248.788768,0.000,0.470
1788222248.796275,1788222248.796275,0.000,0.412
1788222248.804863,1788222248.804863,0.000,0.137
1788222248.804863,1788222248.813407,8.544,8.150
1788222248.817057,1788222248.821179,4.121,3.477
1788222248.821179,1788222248.828940,7.761,7.608
1788222248.832938,1788222248.836934,3.996,4.120
1788222248.838524,1788222248.845211,6.686,6.640
1788222248.847193,1788222248.852898,5.705,5.724
1788222248.854801,1788222248.861366,6.565,6.651
1788222248.863339,1788222248.869233,5.894,5.594
1788222248.872252,1788222248.877250,4.999,13.594
1788222248.879764,1788222248.885209,5.445,5.101
1788222248.889319,1788222248.893735,4.416,3.886
1788222248.896110,1788222248.901115,5.005,4.736
1788222248.905091,1788222248.909586,4.496,4.287
1788222248.913603,1788222248.917240,3.637,3.347
1788222248.920877,1788222248.925812,4.935,3.992
1788222248.929324,1788222248.933341,4.016,3.349
1788222248.940305,1788222248.941804,1.499,11.349
1788222248.947355,1788222248.949864,2.509,2.357
1788222248.955880,1788222248.957886,2.006,1.203
1788222248.963421,1788222248.965428,2.007,1.750
1788222248.971081,1788222248.973692,2.611,2.167
1788222248.980203,1788222248.981218,1.015,0.788
1788222248.988875,1788222248.989879,1.004,0.271
1788222248.996408,1788222248.997459,1.051,0.785
1788222249.004955,1788222249.005963,1.007,0.725
1788222249.013496,1788222249.013496,0.000,0.185
1788222249.016505,1788222249.021532,5.027,4.427
1788222249.016505,1788222249.029527,13.022,12.445
1788222249.032074,1788222249.037307,5.233,5.287
1788222249.038303,1788222249.045852,7.549,7.576
1788222249.046843,1788222249.053505,6.662,6.545
1788222249.054501,1788222249.062048,7.547,6.985
1788222249.063048,1788222249.070017,6.969,6.375
1788222249.076856,1788222249.078089,1.234,0.581
1788222249.080560,1788222249.085791,5.230,8.581
1788222249.088030,1788222249.093993,5.963,5.872
1788222249.096993,1788222249.101997,5.004,4.911
1788222249.104531,1788222249.109527,4.996,4.539
1788222249.112668,1788222249.117740,5.072,4.818
1788222249.123851,1788222249.126139,2.288,1.382
1788222249.130156,1788222249.133697,3.541,3.681
1788222249.139255,1788222249.141288,2.033,2.241
1788222249.146522,1788222249.149520,2.998,2.851
1788222249.155152,1788222249.158161,3.010,2.634
1788222249.163673,1788222249.165690,2.017,1.620
1788222249.172374,1788222249.174141,1.768,1.624
1788222249.179812,1788222249.182249,2.437,9.624
1788222249.188371,1788222249.190074,1.703,1.582
1788222249.196108,1788222249.198114,2.006,9.582
1788222249.204648,1788222249.205670,1.022,1.173
1788222249.212650,1788222249.214169,1.520,1.032
1788222249.216712,1788222249.222298,5.586,4.763
1788222249.229834,1788222249.229834,0.000,0.140
1788222249.229834,1788222249.237997,8.163,7.827
1788222249.245881,1788222249.245881,0.000,0.275
1788222249.246897,1788222249.253428,6.531,7.070
1788222249.260968,1788222249.261966,0.998,0.802
1788222249.262968,1788222249.269607,6.639,6.261
1788222249.277445,1788222249.277445,0.000,0.495
1788222249.280592,1788222249.286266,5.674,8.495
1788222249.291669,1788222249.294303,2.634,2.260
1788222249.296843,1788222249.301925,5.082,5.211
1788222249.306495,1788222249.310438,3.943,3.174
1788222249.313446,1788222249.318234,4.788,3.983
1788222249.322262,1788222249.325770,3.508,3.666
1788222249.329787,1788222249.333800,4.013,3.703
1788222249.338396,1788222249.342075,3.678,11.703
1788222249.346144,1788222249.350171,4.027,3.585
1788222249.354872,1788222249.358420,3.548,3.391
1788222249.364174,1788222249.365755,1.581,11.391
1788222249.370875,1788222249.374424,3.550,2.700
1788222249.379282,1788222249.382283,3.000,2.391
1788222249.387733,1788222249.389746,2.013,2.134
1788222249.396847,1788222249.397863,1.016,10.134
1788222249.404924,1788222249.406546,1.622,0.867
1788222249.413569,1788222249.414567,0.998,0.241
1788222249.414567,1788222249.422627,8.060,7.797
1788222249.430173,1788222249.430173,0.000,0.099
1788222249.430173,1788222249.438445,8.272,7.818
1788222249.444968,1788222249.445988,1.019,1.114
1788222249.447506,1788222249.454070,6.563,6.410
1788222249.459634,1788222249.462642,3.008,2.024
1788222249.463642,1788222249.470502,6.860,6.741
1788222249.474411,1788222249.478282,3.871,14.741
1788222249.480293,1788222249.486348,6.055,6.105
1788222249.489868,1788222249.494384,4.516,4.241
1788222249.496397,1788222249.501936,5.539,5.585
1788222249.504936,1788222249.510499,5.563,5.333
1788222249.516205,1788222249.518744,2.539,2.085
1788222249.520760,1788222249.526768,6.008,5.340
1788222249.529275,1788222249.534821,5.546,4.760
1788222249.538339,1788222249.542888,4.549,3.638
1788222249.549549,1788222249.550311,0.762,11.638
1788222249.554560,1788222249.558565,4.005,3.705
1788222249.566159,1788222249.566159,0.000,0.230
1788222249.571951,1788222249.574952,3.001,2.210
1788222249.580453,1788222249.582478,2.025,1.812
1788222249.588478,1788222249.591020,2.542,2.306
1788222249.596537,1788222249.598540,2.003,1.911
1788222249.605079,1788222249.606079,1.000,1.784
1788222249.611780,1788222249.614254,2.474,1.932
1788222249.620789,1788222249.622792,2.002,1.095
1788222249.630391,1788222249.630391,0.000,0.055
1788222249.638413,1788222249.638413,0.000,0.411
1788222249.641937,1788222249.646539,4.602,4.295
1788222249.654134,1788222249.655076,0.942,0.094
1788222249.657076,1788222249.663041,5.965,5.169
1788222249.664046,1788222249.670560,6.514,7.119
1788222249.673234,1788222249.678886,5.651,5.860
1788222249.679906,1788222249.686548,6.642,7.035
1788222249.688553,1788222249.694716,6.163,6.140
1788222249.696730,1788222249.703373,6.643,6.277
1788222249.705400,1788222249.710439,5.039,5.606
1788222249.718669,1788222249.718669,0.000,0.104
1788222249.722197,1788222249.727211,5.014,4.535
1788222249.733750,1788222249.734793,1.043,1.030
1788222249.739750,1788222249.742996,3.246,2.595
1788222249.750741,1788222249.750741,0.000,0.089
1788222249.756809,1788222249.758806,1.997,2.251
1788222249.764465,1788222249.766520,2.054,1.994
1788222249.772462,1788222249.774999,2.537,2.815
1788222249.779999,1788222249.783023,3.024,2.958
1788222249.788044,1788222249.791045,3.000,2.889
1788222249.796230,1788222249.799170,2.940,2.621
1788222249.804758,1788222249.806831,2.073,2.622
1788222249.812871,1788222249.815528,2.657,10.622
1788222249.822267,1788222249.823175,0.908,0.725
1788222249.829743,1788222249.830735,0.992,1.494
1788222249.838301,1788222249.839354,1.052,0.819
1788222249.842364,1788222249.847070,4.707,8.819
1788222249.854640,1788222249.854640,0.000,0.694
1788222249.857707,1788222249.862640,4.933,5.193
1788222249.864151,1788222249.871169,7.018,6.585
1788222249.873844,1788222249.879112,5.268,4.923
1788222249.880125,1788222249.886756,6.631,6.896
1788222249.889807,1788222249.895228,5.421,4.790
1788222249.896224,1788222249.903316,7.091,6.963
1788222249.904834,1788222249.911218,6.385,5.628
1788222249.914907,1788222249.919441,4.534,4.464
1788222249.922456,1788222249.927004,4.548,4.501
1788222249.930005,1788222249.935536,5.531,4.738
1788222249.938380,1788222249.942888,4.507,5.015
1788222249.947031,1788222249.951043,4.012,4.485
1788222249.954671,1788222249.959695,5.024,4.338
1788222249.963695,1788222249.967307,3.612,3.688
1788222249.971730,1788222249.975366,3.636,3.790
1788222249.982389,1788222249.983785,1.396,0.360
1788222249.988351,1788222249.991353,3.002,2.984
1788222249.998887,1788222249.999888,1.001,0.214
1788222250.004880,1788222250.007415,2.535,2.623
1788222250.013417,1788222250.015940,2.522,1.656
1788222250.020705,1788222250.023810,3.105,2.427
1788222250.029337,1788222250.031347,2.010,1.928
1788222250.037916,1788222250.039923,2.007,1.737
1788222250.045572,1788222250.047151,1.579,1.635
1788222250.055153,1788222250.055153,0.000,0.314
1788222250.061688,1788222250.063821,2.134,1.675
1788222250.071223,1788222250.071223,0.000,9.675
1788222250.075227,1788222250.079764,4.538,4.175
1788222250.079764,1788222250.087411,7.647,12.175
1788222250.091435,1788222250.096024,4.589,3.768
1788222250.096024,1788222250.103563,7.539,7.033
1788222250.107562,1788222250.112085,4.524,4.102
1788222250.113192,1788222250.119872,6.680,6.164
1788222250.122407,1788222250.127924,5.517,4.665
1788222250.129940,1788222250.136073,6.133,6.110
1788222250.138603,1788222250.143291,4.687,5.190
1788222250.146987,1788222250.151732,4.745,4.630
1788222250.154000,1788222250.159562,5.562,5.229
1788222250.163555,1788222250.167563,4.008,13.229
1788222250.171770,1788222250.175777,4.007,21.229
1788222250.183367,1788222250.183367,0.000,0.440
1788222250.191015,1788222250.191953,0.937,0.281
1788222250.198935,1788222250.199961,1.027,0.937
1788222250.204948,1788222250.207956,3.008,3.061
1788222250.214486,1788222250.215499,1.014,1.630
1788222250.221573,1788222250.223582,2.008,1.653
1788222250.230124,1788222250.232120,1.996,1.710
1788222250.238123,1788222250.239664,1.541,1.464
1788222250.246106,1788222250.248358,2.252,1.422
1788222250.254914,1788222250.255907,0.993,1.329
1788222250.262576,1788222250.263577,1.000,0.932
1788222250.271107,1788222250.272111,1.004,0.474
1788222250.274110,1788222250.279871,5.761,8.474
1788222250.287891,1788222250.287891,0.000,0.023
1788222250.290411,1788222250.295972,5.561,5.170
1788222250.296975,1788222250.303519,6.543,13.170
1788222250.306516,1788222250.312060,5.544,4.901
1788222250.313062,1788222250.320059,6.997,6.900
1788222250.322088,1788222250.327955,5.867,5.577
1788222250.329946,1788222250.335996,6.050,6.404
1788222250.338006,1788222250.344071,6.065,5.940
1788222250.346636,1788222250.352156,5.520,5.600
1788222250.354693,1788222250.359715,5.021,5.274
1788222250.363236,1788222250.368246,5.010,13.274
1788222250.371235,1788222250.375782,4.546,4.349
1788222250.383282,1788222250.384294,1.012,12.349
1788222250.389803,1788222250.392396,2.594,1.983
1788222250.399412,1788222250.400417,1.005,0.754
1788222250.405076,1788222250.408085,3.009,2.905
1788222250.413599,1788222250.416626,3.027,2.000
1788222250.421282,1788222250.423867,2.585,2.530
1788222250.429813,1788222250.431868,2.055,2.302
1788222250.429813,1788222250.440274,10.460,10.313
1788222250.446843,1788222250.447826,0.983,1.254
1788222250.455387,1788222250.456388,1.001,1.010
1788222250.463905,1788222250.463905,0.000,0.032
1788222250.471998,1788222250.471998,0.000,0.272
1788222250.476499,1788222250.480454,3.955,8.272
1788222250.480454,1788222250.488005,7.551,7.556
1788222250.492005,1788222250.496524,4.519,3.775
1788222250.497036,1788222250.504572,7.537,7.258
1788222250.508593,1788222250.512590,3.997,4.131
1788222250.513592,1788222250.520795,7.202,12.131
1788222250.522800,1788222250.527714,4.914,5.221
1788222250.529228,1788222250.536884,7.656,6.686
1788222250.538890,1788222250.544887,5.997,14.686
1788222250.546921,1788222250.552937,6.016,22.686
1788222250.553934,1788222250.560542,6.608,5.892
1788222250.563467,1788222250.568043,4.575,4.994
1788222250.573039,1788222250.576591,3.552,3.671
1788222250.580579,1788222250.584584,4.004,4.071
1788222250.588121,1788222250.592115,3.994,4.138
1788222250.596639,1788222250.600662,4.023,3.845
1788222250.605706,1788222250.608724,3.018,2.565
1788222250.612729,1788222250.616242,3.513,3.574
1788222250.620766,1788222250.623787,3.021,3.298
1788222250.632232,1788222250.632232,0.000,0.643
1788222250.637782,1788222250.640785,3.002,2.293
1788222250.646894,1788222250.649071,2.177,1.117
1788222250.654959,1788222250.656683,1.724,2.000
1788222250.663018,1788222250.665076,2.059,1.854
1788222250.671738,1788222250.672736,0.998,1.150
1788222250.679272,1788222250.680272,1.000,0.927
1788222250.679272,1788222250.688858,9.586,8.932
1788222250.692802,1788222250.696891,4.090,3.509
1788222250.696891,1788222250.704965,8.074,7.859
1788222250.709567,1788222250.712559,2.992,2.645
1788222250.712559,1788222250.720695,8.136,7.767
1788222250.725278,1788222250.728809,3.531,15.767
1788222250.729809,1788222250.737452,7.643,7.060
1788222250.739470,1788222250.745396,5.926,5.472
1788222250.746984,1788222250.753006,6.021,6.523
1788222250.755001,1788222250.760690,5.690,6.043
1788222250.763235,1788222250.768780,5.545,6.079
1788222250.771780,1788222250.777359,5.579,5.287
1788222250.779375,1788222250.785425,6.050,5.545
1788222250.789624,1788222250.793633,4.009,3.900
1788222250.800717,1788222250.801715,0.998,0.060
1788222250.804720,1788222250.809153,4.432,3.973
1788222250.816150,1788222250.817152,1.002,0.580
1788222250.818663,1788222250.825197,6.534,6.469
1788222250.831733,1788222250.833251,1.518,1.447
1788222250.837268,1788222250.841879,4.611,3.143
1788222250.846394,1788222250.849624,3.230,2.909
1788222250.854630,1788222250.857620,2.990,2.971
1788222250.863653,1788222250.865648,1.995,1.846
1788222250.871185,1788222250.873193,2.007,2.156
1788222250.877183,1788222250.881010,3.826,4.183
1788222250.888511,1788222250.889574,1.063,1.064
1788222250.896286,1788222250.897433,1.147,0.956
1788222250.905122,1788222250.905122,0.000,0.250
1788222250.913718,1788222250.913718,0.000,0.082
1788222250.913718,1788222250.921140,7.422,7.801
1788222250.924165,1788222250.929668,5.504,5.108
1788222250.930683,1788222250.937684,7.002,6.489
1788222250.938766,1788222250.945941,7.175,14.489
1788222250.947685,1788222250.953250,5.565,5.344
1788222250.955243,1788222250.962049,6.805,6.391
1788222250.962973,1788222250.968985,6.012,14.391
1788222250.971605,1788222250.977603,5.998,6.036
1788222250.979603,1788222250.985828,6.225,5.322
1788222250.988829,1788222250.993368,4.539,4.573
1788222250.996370,1788222251.001889,5.519,5.031
1788222251.004908,1788222251.010016,5.108,4.893
1788222251.016677,1788222251.017733,1.057,0.749
1788222251.021291,1788222251.025903,4.612,4.533
1788222251.032497,1788222251.033580,1.083,1.493
1788222251.038510,1788222251.042216,3.706,2.036
1788222251.047598,1788222251.049573,1.975,10.036
1788222251.054369,1788222251.057381,3.012,3.029
1788222251.063398,1788222251.065468,2.071,1.944
1788222251.071418,1788222251.074073,2.656,2.455
1788222251.079475,1788222251.081474,2.000,1.690
1788222251.087520,1788222251.089557,2.037,1.939
1788222251.096091,1788222251.098088,1.997,9.939
1788222251.104634,1788222251.105634,1.001,1.218
1788222251.112628,1788222251.114147,1.519,0.784
1788222251.121685,1788222251.121685,0.000,0.425
1788222251.129250,1788222251.130242,0.992,8.425
1788222251.130242,1788222251.137418,7.176,7.615
1788222251.141412,1788222251.146455,5.044,4.674
1788222251.149486,1788222251.154051,4.565,4.018
1788222251.156575,1788222251.161567,4.992,5.531
1788222251.162678,1788222251.170280,7.601,13.531
1788222251.172274,1788222251.177832,5.559,5.642
1788222251.179833,1788222251.186375,6.542,6.183
1788222251.188391,1788222251.193923,5.532,5.630
1788222251.196460,1788222251.202454,5.994,5.413
1788222251.206993,1788222251.209996,3.002,2.519
1788222251.217526,1788222251.218525,0.998,0.034
1788222251.221049,1788222251.225576,4.527,4.452
1788222251.232591,1788222251.233687,1.096,1.269
1788222251.238227,1788222251.242233,4.006,4.017
1788222251.247873,1788222251.250302,2.429,1.867
1788222251.254067,1788222251.258592,4.525,3.049
1788222251.264599,1788222251.266112,1.513,0.982
1788222251.273129,1788222251.274183,1.054,1.136
1788222251.280252,1788222251.282252,2.000,1.440
1788222251.288780,1788222251.289784,1.004,1.539
1788222251.294935,1788222251.298508,3.573,2.120
1788222251.304509,1788222251.305514,1.005,1.184
1788222251.313053,1788222251.314564,1.511,1.498
1788222251.321033,1788222251.322563,1.530,0.983
1788222251.329962,1788222251.329962,0.000,0.109
1788222251.337899,1788222251.338446,0.547,8.109
1788222251.340767,1788222251.346830,6.063,16.109
1788222251.346213,1788222251.354621,8.409,7.843
1788222251.356433,1788222251.362623,6.191,5.579
1788222251.369821,1788222251.369821,0.000,0.350
1788222251.371815,1788222251.378376,6.561,6.321
1788222251.382885,1788222251.386246,3.361,3.724
1788222251.388262,1788222251.393806,5.544,5.986
1788222251.395888,1788222251.402110,6.222,5.693
1788222251.404136,1788222251.410708,6.572,5.727
1788222251.413700,1788222251.418269,4.568,4.724
1788222251.421530,1788222251.426552,5.022,4.152
1788222251.429092,1788222251.434550,5.458,4.742
1788222251.442098,1788222251.442098,0.000,0.094
1788222251.449127,1788222251.450149,1.022,0.753
1788222251.454678,1788222251.458215,3.538,3.641
1788222251.464236,1788222251.466640,2.404,1.711
1788222251.473164,1788222251.474172,1.007,1.420
1788222251.480368,1788222251.482382,2.013,1.881
1788222251.487885,1788222251.490907,3.021,2.137
1788222251.494442,1788222251.498991,4.550,3.581
1788222251.503998,1788222251.506038,2.040,11.581
1788222251.512882,1788222251.514881,1.998,1.218
1788222251.521513,1788222251.523046,1.533,1.237
1788222251.529127,1788222251.530128,1.000,0.994
1788222251.529127,1788222251.538121,8.994,9.003
1788222251.546082,1788222251.546596,0.515,0.401
1788222251.554167,1788222251.554167,0.000,0.018
1788222251.556169,1788222251.562702,6.534,6.093
1788222251.562702,1788222251.570239,7.537,14.093
1788222251.572242,1788222251.578716,6.474,6.039
1788222251.580735,1788222251.586740,6.004,5.638
1788222251.587739,1788222251.594817,7.078,5.943
1788222251.596815,1788222251.602355,5.539,5.538
1788222251.604348,1788222251.610883,6.536,6.409
1788222251.612887,1788222251.618340,5.453,5.618
1788222251.621384,1788222251.626427,5.042,13.618
1788222251.630542,1788222251.634562,4.020,3.814
1788222251.637598,1788222251.643120,5.522,4.514
1788222251.646123,1788222251.651177,5.054,4.306
1788222251.654636,1788222251.659172,4.536,3.727
1788222251.662712,1788222251.667123,4.411,3.555
1788222251.671165,1788222251.675185,4.020,3.493
1788222251.680177,1788222251.682710,2.533,2.810
1788222251.688725,1788222251.691247,2.522,2.041
1788222251.698270,1788222251.699385,1.115,0.649
1788222251.704610,1788222251.706609,1.999,2.243
1788222251.714153,1788222251.715151,0.998,0.756
1788222251.714153,1788222251.722683,8.530,8.771
1788222251.730943,1788222251.730943,0.000,0.096
1788222251.730943,1788222251.739480,8.537,8.096
1788222251.746012,1788222251.747536,1.524,0.838
1788222251.755163,1788222251.755163,0.000,0.040
1788222251.762677,1788222251.762677,0.000,0.113
1788222251.762677,1788222251.770689,8.012,8.127
1788222251.776214,1788222251.779209,2.995,2.970
1788222251.780208,1788222251.786745,6.536,7.154
1788222251.793295,1788222251.794837,1.542,2.245
1788222251.796831,1788222251.803357,6.526,6.234
1788222251.809373,1788222251.811379,2.007,2.225
1788222251.812376,1788222251.818924,6.547,6.682
1788222251.824568,1788222251.827558,2.990,3.000
1788222251.829572,1788222251.835086,5.513,5.535
1788222251.839089,1788222251.843613,4.524,3.785
1788222251.847639,1788222251.851181,3.542,3.161
1788222251.854691,1788222251.859708,5.018,4.679
1788222251.864226,1788222251.867248,3.022,3.022
1788222251.872243,1788222251.875783,3.541,2.821
1788222251.879782,1788222251.883785,4.003,2.998
1788222251.887846,1788222251.891850,4.004,3.040
1788222251.896388,1788222251.899387,2.999,3.059
1788222251.904396,1788222251.907412,3.016,2.429
1788222251.912418,1788222251.914953,2.535,2.442
1788222251.916956,1788222251.924098,7.142,6.632
1788222251.929113,1788222251.932106,2.993,2.116
1788222251.937636,1788222251.939650,2.014,10.116
1788222251.946174,1788222251.947704,1.530,0.623
1788222251.955206,1788222251.956223,1.017,0.045
1788222251.963214,1788222251.963214,0.000,0.533
1788222251.971759,1788222251.971759,0.000,0.069
1788222251.979290,1788222251.980293,1.003,0.195
1788222251.979290,1788222251.987851,8.561,8.195
1788222251.987851,1788222251.995934,8.083,7.607
1788222251.995934,1788222252.003599,7.665,7.703
1788222252.011699,1788222252.011699,0.000,0.264
1788222252.013700,1788222252.019820,6.121,8.264
1788222252.025309,1788222252.027897,2.589,2.573
1788222252.029895,1788222252.035903,6.007,6.042
1788222252.040440,1788222252.043438,2.999,3.178
1788222252.045947,1788222252.051966,6.019,5.553
1788222252.057042,1788222252.060051,3.010,3.156
1788222252.064123,1788222252.067863,3.740,4.060
1788222252.071753,1788222252.075100,3.347,3.854
1788222252.079643,1788222252.083641,3.999,4.235
1788222252.087685,1788222252.091691,4.006,12.235
1788222252.096208,1788222252.099807,3.598,20.235
1788222252.103812,1788222252.108341,4.530,3.483
1788222252.113334,1788222252.115341,2.007,2.797
1788222252.120878,1788222252.124464,3.587,2.733
1788222252.129523,1788222252.132446,2.923,2.388
1788222252.137683,1788222252.140103,2.420,2.005
1788222252.146347,1788222252.147892,1.545,1.624
1788222252.147892,1788222252.155694,7.802,9.624
1788222252.164129,1788222252.166128,1.999,2.786
1788222252.170671,1788222252.174666,3.995,3.570
1788222252.179289,1788222252.182760,3.471,2.646
1788222252.188280,1788222252.191305,3.025,2.832
1788222252.196955,1788222252.198838,1.883,2.001
1788222252.205452,1788222252.206456,1.004,1.025
1788222252.213099,1788222252.214106,1.007,1.681
1788222252.221175,1788222252.222698,1.523,9.681
1788222252.229229,1788222252.231245,2.015,1.097
1788222252.238245,1788222252.238245,0.000,0.648
1788222252.245786,1788222252.246786,1.000,8.648
1788222252.254859,1788222252.255369,0.510,0.306
1788222252.255369,1788222252.262930,7.561,7.705
1788222252.263923,1788222252.270549,6.625,6.663
1788222252.271568,1788222252.278860,7.292,6.802
1788222252.284923,1788222252.286821,1.899,2.107
1788222252.287823,1788222252.295444,7.621,6.732
1788222252.301445,1788222252.303460,2.015,1.617
1788222252.304465,1788222252.310985,6.520,6.294
1788222252.317003,1788222252.319314,2.311,1.667
1788222252.320826,1788222252.327456,6.630,5.522
1788222252.334037,1788222252.335034,0.997,1.086
1788222252.339566,1788222252.343153,3.588,3.702
1788222252.348276,1788222252.351534,3.258,2.610
1788222252.348276,1788222252.359276,11.000,10.631
1788222252.363925,1788222252.366923,2.998,2.856
1788222252.372449,1788222252.374979,2.530,2.293
1788222252.379981,1788222252.383526,3.544,2.619
1788222252.388526,1788222252.390523,1.997,2.908
1788222252.396933,1788222252.399461,2.528,2.268
1788222252.405524,1788222252.407520,1.996,1.955
1788222252.412523,1788222252.414785,2.261,9.955
1788222252.412523,1788222252.422865,10.341,9.911
1788222252.430875,1788222252.430875,0.000,0.347
1788222252.438175,1788222252.439173,0.998,0.498
1788222252.446842,1788222252.446842,0.000,0.088
1788222252.446842,1788222252.454930,8.088,8.095
1788222252.458938,1788222252.463447,4.508,4.419
1788222252.470989,1788222252.470989,0.000,0.200
1788222252.473517,1788222252.479717,6.201,5.793
1788222252.479717,1788222252.487246,7.529,7.586
1788222252.489239,1788222252.495934,6.695,6.413
1788222252.496935,1788222252.503484,6.549,6.773
1788222252.505002,1788222252.511023,6.020,6.458
1788222252.518546,1788222252.519544,0.997,0.789
1788222252.521542,1788222252.527585,6.043,5.527
1788222252.535096,1788222252.535096,0.000,0.575
1788222252.538109,1788222252.543108,4.999,5.086
1788222252.551142,1788222252.551142,0.000,0.463
1788222252.554153,1788222252.559191,5.037,4.748
1788222252.567001,1788222252.567001,0.000,0.596
1788222252.571132,1788222252.575655,4.523,4.269
1788222252.581673,1788222252.583675,2.002,1.533
1788222252.588203,1788222252.591209,3.006,3.683
1788222252.598014,1788222252.599288,1.274,1.472
1788222252.604714,1788222252.607265,2.550,9.472
1788222252.613262,1788222252.615720,2.458,1.898
1788222252.621279,1788222252.623826,2.547,2.120
1788222252.629925,1788222252.631932,2.008,1.882
1788222252.638470,1788222252.639484,1.014,1.441
1788222252.646000,1788222252.648018,2.018,1.250
1788222252.654035,1788222252.655554,1.519,9.250
1788222252.663493,1788222252.663493,0.000,0.095
1788222252.671027,1788222252.672028,1.000,8.095
1788222252.674027,1788222252.679551,5.524,5.108
1788222252.679551,1788222252.688100,8.549,7.526
1788222252.690096,1788222252.695097,5.001,5.545
1788222252.696605,1788222252.704148,7.543,7.470
1788222252.706148,1788222252.711686,5.538,5.262
1788222252.712686,1788222252.720228,7.542,6.566
1788222252.722228,1788222252.728291,6.063,5.036
1788222252.722228,1788222252.736285,14.057,13.048
1788222252.738873,1788222252.743392,4.519,3.877
1788222252.738873,1788222252.751898,13.025,11.900
1788222252.758968,1788222252.759988,1.020,0.816
1788222252.763498,1788222252.767519,4.021,4.270
1788222252.771054,1788222252.776050,4.997,4.742
1788222252.779169,1788222252.784184,5.015,4.196
1788222252.787182,1788222252.791710,4.528,3.808
1788222252.795724,1788222252.799766,4.042,3.710
1788222252.804299,1788222252.808305,4.007,3.272
1788222252.814839,1788222252.816178,1.339,0.926
1788222252.821731,1788222252.823787,2.056,2.597
1788222252.831325,1788222252.832322,0.997,0.895
1788222252.838321,1788222252.840636,2.315,8.895
1788222252.845637,1788222252.848137,2.500,1.717
1788222252.854669,1788222252.856185,1.516,1.434
1788222252.864264,1788222252.864264,0.000,0.324
1788222252.871805,1788222252.872798,0.993,0.786
1788222252.880064,1788222252.880657,0.593,0.581
1788222252.887957,1788222252.887957,0.000,0.032
1788222252.895885,1788222252.896886,1.001,0.098
1788222252.895885,1788222252.904033,8.148,8.122
1788222252.907562,1788222252.912090,4.528,4.489
1788222252.915587,1788222252.920785,5.198,5.056
1788222252.922671,1788222252.928410,5.739,5.504
1788222252.930409,1788222252.936932,6.523,5.946
1788222252.937932,1788222252.944964,7.031,6.102
1788222252.946990,1788222252.952585,5.595,5.610
1788222252.954595,1788222252.960619,6.024,5.655
1788222252.954595,1788222252.968182,13.588,13.673
1788222252.970184,1788222252.976707,6.523,6.498
1788222252.970184,1788222252.985230,15.046,14.523
1788222252.987239,1788222252.992778,5.539,5.693
1788222253.000315,1788222253.000315,0.000,0.049
1788222253.002495,1788222253.008510,6.015,5.630
1788222253.016049,1788222253.017043,0.994,0.137
1788222253.018050,1788222253.025133,7.083,6.405
1788222253.032650,1788222253.032650,0.000,0.094
1788222253.032650,1788222253.040672,8.022,8.094
1788222253.048206,1788222253.049213,1.007,0.719
1788222253.055752,1788222253.056754,1.002,1.082
1788222253.064834,1788222253.064834,0.000,0.078
1788222253.064834,1788222253.073378,8.543,7.906
1788222253.077379,1788222253.081378,3.999,3.230
1788222253.083910,1788222253.088453,4.542,4.381
1788222253.093651,1788222253.096181,2.530,3.486
1788222253.101724,1788222253.105262,3.538,11.486
1788222253.108254,1788222253.113256,5.002,4.528
1788222253.108254,1788222253.120806,12.553,12.539
1788222253.124825,1788222253.128846,4.021,4.243
1788222253.129847,1788222253.136892,7.045,7.426
1788222253.138914,1788222253.145447,6.533,5.776
1788222253.146448,1788222253.152979,6.531,6.643
1788222253.154513,1788222253.161531,7.019,6.047
1788222253.162534,1788222253.169201,6.668,6.047
1788222253.171194,1788222253.176737,5.543,6.013
1788222253.185258,1788222253.185258,0.000,0.076
1788222253.185258,1788222253.193268,8.010,7.348
1788222253.200805,1788222253.200805,0.000,0.243
1788222253.200805,1788222253.208862,8.057,7.947
1788222253.216410,1788222253.217410,1.001,0.048
1788222253.217410,1788222253.224932,7.522,7.956
1788222253.232217,1788222253.233247,1.030,0.693
1788222253.232217,1788222253.240778,8.562,8.719
1788222253.247323,1788222253.249330,2.007,1.483
1788222253.247323,1788222253.256844,9.521,9.512
1788222253.261373,1788222253.265616,4.243,3.089
1788222253.261373,1788222253.273165,11.792,11.107
1788222253.278090,1788222253.281118,3.028,3.171
1788222253.278090,1788222253.289633,11.544,11.188
1788222253.292635,1788222253.297189,4.553,4.070
1788222253.292635,1788222253.305196,12.561,12.087
1788222253.313244,1788222253.313244,0.000,0.355
1788222253.313244,1788222253.321791,8.547,8.355
1788222253.324619,1788222253.329319,4.701,4.589
1788222253.330314,1788222253.337861,7.547,7.321
1788222253.341330,1788222253.345898,4.567,4.485
1788222253.349424,1788222253.353253,3.829,3.921
1788222253.355269,1788222253.360983,5.713,5.611
1788222253.362983,1788222253.369048,6.065,6.143
1788222253.370048,1788222253.377048,7.000,6.990
1788222253.385096,1788222253.385096,0.000,14.990
1788222253.389417,1788222253.393416,3.999,3.431
1788222253.399834,1788222253.401831,1.997,1.199
1788222253.399834,1788222253.408999,9.165,9.210
1788222253.416538,1788222253.417532,0.994,0.318
1788222253.421064,1788222253.425612,4.548,4.092
1788222253.430846,1788222253.433878,3.032,12.092
1788222253.437423,1788222253.440970,3.547,2.931
1788222253.446568,1788222253.449086,2.517,3.276
1788222253.455102,1788222253.457107,2.004,2.520
1788222253.462646,1788222253.465237,2.590,2.610
1788222253.470952,1788222253.473341,2.389,10.610
1788222253.479345,1788222253.481544,2.199,1.897
1788222253.488114,1788222253.489078,0.964,1.506
1788222253.496621,1788222253.497623,1.002,0.403
1788222253.504208,1788222253.505676,1.468,1.123
1788222253.507496,1788222253.513968,6.473,6.488
1788222253.521563,1788222253.522135,0.571,0.333
1788222253.529926,1788222253.529926,0.000,0.139
1788222253.529926,1788222253.538040,8.114,8.157
1788222253.538040,1788222253.546091,8.051,7.437
1788222253.553885,1788222253.553885,0.000,0.210
1788222253.555465,1788222253.562024,6.559,6.372
1788222253.569077,1788222253.570171,1.094,0.650
1788222253.571198,1788222253.577730,6.532,6.546
1788222253.584781,1788222253.585789,1.008,0.733
1788222253.588202,1788222253.593195,4.993,5.676
1788222253.599679,1788222253.601676,1.996,2.203
1788222253.603686,1788222253.609462,5.777,5.397
1788222253.615771,1788222253.617868,2.097,2.033
1788222253.621859,1788222253.625391,3.532,4.048
1788222253.630679,1788222253.633795,3.116,2.903
1788222253.638324,1788222253.642379,4.055,3.902
1788222253.646863,1788222253.649862,3.000,2.869
1788222253.646863,1788222253.658079,11.216,10.869
1788222253.662625,1788222253.666135,3.509,2.853
1788222253.671152,1788222253.674256,3.104,2.490
1788222253.679689,1788222253.681760,2.071,10.490
1788222253.689430,1788222253.690477,1.048,0.261
1788222253.695431,1788222253.698155,2.723,1.535
1788222253.705043,1788222253.706486,1.443,1.292
1788222253.713159,1788222253.714158,0.998,0.326
1788222253.721218,1788222253.722209,0.991,0.506
1788222253.729794,1788222253.729794,0.000,0.352
1788222253.729794,1788222253.737847,8.053,8.366
1788222253.739090,1788222253.746488,7.398,6.750
1788222253.747398,1788222253.754008,6.610,6.704
1788222253.755008,1788222253.761616,6.608,7.359
1788222253.768849,1788222253.770298,1.449,1.097
1788222253.771313,1788222253.777945,6.632,6.244
1788222253.784069,1788222253.786077,2.008,1.994
1788222253.788306,1788222253.794317,6.011,5.467
1788222253.799871,1788222253.801869,1.998,13.467
1788222253.803874,1788222253.810398,6.524,5.722
1788222253.816812,1788222253.817812,1.000,13.722
1788222253.821335,1788222253.825877,4.542,4.808
1788222253.831406,1788222253.834407,3.000,2.490
1788222253.837408,1788222253.842068,4.660,3.846
1788222253.847025,1788222253.850560,3.536,2.904
1788222253.856627,1788222253.858572,1.945,1.186
1788222253.863249,1788222253.866260,3.011,3.027
1788222253.870857,1788222253.873858,3.001,2.730
1788222253.880068,1788222253.882078,2.011,10.730
1788222253.888074,1788222253.890660,2.586,1.637
1788222253.896657,1788222253.897702,1.046,1.709
1788222253.904370,1788222253.906358,1.988,1.609
1788222253.912932,1788222253.913967,1.036,0.792
1788222253.920900,1788222253.921901,1.001,1.122
1788222253.930025,1788222253.930025,0.000,0.667
1788222253.938040,1788222253.938040,0.000,0.043
1788222253.945706,1788222253.946697,0.991,8.043
1788222253.945706,1788222253.954310,8.604,8.244
1788222253.959309,1788222253.962845,3.536,3.046
1788222253.969898,1788222253.970521,0.623,0.783
1788222253.971032,1788222253.978047,7.015,7.005
1788222253.985279,1788222253.985950,0.671,1.070
1788222253.988967,1788222253.994450,5.482,5.396
1788222254.000057,1788222254.002081,2.024,1.987
1788222254.006155,1788222254.010591,4.435,9.987
1788222254.016178,1788222254.018193,2.015,1.711
1788222254.022220,1788222254.026875,4.656,4.630
1788222254.030601,1788222254.034945,4.344,3.516
1788222254.037853,1788222254.042442,4.590,4.703
1788222254.045440,1788222254.051133,5.693,4.479
1788222254.054160,1788222254.058676,4.516,4.077
1788222254.062278,1788222254.066307,4.029,3.863
1788222254.071405,1788222254.075141,3.736,3.140
1788222254.079044,1788222254.083328,4.283,3.239
1788222254.087432,1788222254.090406,2.974,2.857
1788222254.095995,1788222254.098994,2.999,2.868
1788222254.105533,1788222254.106539,1.006,1.622
1788222254.113056,1788222254.115078,2.023,1.291
1788222254.121612,1788222254.123138,1.527,1.032
1788222254.129704,1788222254.130701,0.997,1.016
1788222254.138220,1788222254.139227,1.007,0.231
1788222254.145598,1788222254.146598,1.000,0.678
1788222254.154250,1788222254.155251,1.001,8.678
1788222254.155251,1788222254.162571,7.320,7.028
1788222254.163563,1788222254.170612,7.049,7.199
1788222254.171604,1788222254.179145,7.541,7.483
1788222254.186774,1788222254.186774,0.000,0.019
1788222254.187943,1788222254.194907,6.963,6.653
1788222254.201873,1788222254.202805,0.932,0.984
1788222254.204379,1788222254.211404,7.025,6.221
1788222254.217531,1788222254.218479,0.948,0.824
1788222254.221476,1788222254.226652,5.176,5.123
1788222254.232654,1788222254.235233,2.579,13.123
1788222254.238187,1788222254.243176,4.989,4.327
1788222254.247713,1788222254.250778,3.065,2.846
1788222254.254719,1788222254.258959,4.240,4.524
1788222254.262973,1788222254.266529,3.556,3.433
1788222254.270432,1788222254.275512,5.080,3.508
1788222254.280515,1788222254.283514,2.999,2.559
1788222254.288052,1788222254.290592,2.540,2.606
1788222254.296565,1788222254.299579,3.014,2.398
1788222254.304682,1788222254.307192,2.509,1.812
1788222254.313195,1788222254.314296,1.101,1.595
1788222254.321926,1788222254.322937,1.012,1.382
1788222254.329476,1788222254.331467,1.991,1.450
1788222254.338028,1788222254.339027,0.999,0.691
1788222254.345352,1788222254.346871,1.519,0.787
1788222254.354895,1788222254.355412,0.518,0.593
1788222254.363361,1788222254.363361,0.000,0.149
1788222254.363361,1788222254.371477,8.116,8.164
1788222254.372478,1788222254.379012,6.534,6.496
1788222254.380012,1788222254.387549,7.538,7.478
1788222254.388537,1788222254.395551,7.014,6.181
1788222254.397563,1788222254.403566,6.003,5.767
1788222254.404564,1788222254.411096,6.532,6.551
1788222254.412102,1788222254.419193,7.091,6.654
1788222254.421184,1788222254.427711,6.527,5.814
1788222254.429718,1788222254.435074,5.357,5.324
1788222254.437610,1788222254.443608,5.998,5.205
1788222254.451148,1788222254.451148,0.000,0.258
1788222254.454151,1788222254.459695,5.543,4.543
1788222254.467240,1788222254.467751,0.511,0.125
1788222254.471810,1788222254.475816,4.006,3.632
1788222254.482349,1788222254.483351,1.002,1.002
1788222254.487871,1788222254.490896,3.025,2.931
1788222254.497505,1788222254.499525,2.020,1.730
1788222254.506525,1788222254.508041,1.516,1.186
1788222254.514157,1788222254.515441,1.284,0.828
1788222254.521714,1788222254.523721,2.007,1.939
1788222254.529844,1788222254.531886,2.042,1.711
1788222254.538357,1788222254.539375,1.018,1.019
1788222254.545857,1788222254.547853,1.996,1.418
1788222254.554242,1788222254.555248,1.006,1.028
1788222254.563107,1788222254.564106,0.999,0.344
1788222254.571645,1788222254.571645,0.000,8.344
1788222254.576477,1788222254.580135,3.659,3.149
1788222254.580135,1788222254.587900,7.764,7.662
1788222254.591466,1788222254.595508,4.041,4.345
1788222254.596502,1788222254.604038,7.536,7.470
1788222254.606041,1788222254.611576,5.534,5.438
1788222254.613705,1788222254.619859,6.154,6.160
1788222254.621949,1788222254.627951,6.002,14.160
1788222254.631484,1788222254.635494,4.009,4.221
1788222254.638967,1788222254.643529,4.562,4.916
1788222254.646530,1788222254.652079,5.549,4.920
1788222254.654082,1788222254.659614,5.532,5.189
1788222254.663264,1788222254.668386,5.122,13.189
1788222254.671040,1788222254.675571,4.531,4.671
1788222254.678653,1788222254.684191,5.538,12.671
1788222254.689190,1788222254.691839,2.648,20.671
1788222254.698780,1788222254.700340,1.560,0.932
1788222254.704355,1788222254.707359,3.004,3.079
1788222254.714942,1788222254.716278,1.336,1.319
1788222254.721876,1788222254.723910,2.034,2.109
1788222254.729384,1788222254.731910,2.526,2.216
1788222254.737926,1788222254.739930,2.003,1.444
1788222254.746472,1788222254.748473,2.001,1.553
1788222254.754033,1788222254.756034,2.002,9.553
1788222254.763644,1788222254.764163,0.519,0.102
1788222254.770879,1788222254.771981,1.103,0.639
1788222254.779900,1788222254.779900,0.000,0.342
1788222254.787134,1788222254.788138,1.004,0.238
1788222254.791137,1788222254.795674,4.537,5.273
1788222254.796670,1788222254.804204,7.534,7.594
1788222254.807199,1788222254.811722,4.524,5.131
