Format Version,1.23,Take Name,hri_snimanje_vjezbe_02_y,Take Notes,,Capture Frame Rate,120.000000,Export Frame Rate,120.000000,Capture Start Time,2026-01-22 08.38.54.976 AM,Capture Start Frame,179641,Total Frames in Take,2949,Total Exported Frames,2949,Rotation Type,Quaternion,Length Units,Millimeters,Coordinate Space,Global

,Type,Marker,Marker,Marker,Marker,Marker,Marker,Marker,Marker,Marker,Marker,Marker,Marker
,Name,MarkerSet 001:mali,MarkerSet 001:mali,MarkerSet 001:mali,MarkerSet 001:palac,MarkerSet 001:palac,MarkerSet 001:palac,MarkerSet 001:srednji,MarkerSet 001:srednji,MarkerSet 001:srednji,MarkerSet 001:zapesce,MarkerSet 001:zapesce,MarkerSet 001:zapesce
,ID,"524E5026B0DF76111F0","524E5026B0DF76111F0","524E5026B0DF76111F0","51DE5026B0DF76111F0","51DE5026B0DF76111F0","51DE5026B0DF76111F0","51FE5026B0DF76111F0","51FE5026B0DF76111F0","51FE5026B0DF76111F0","517E5026B0DF76111F0","517E5026B0DF76111F0","517E5026B0DF76111F0"
,,Position,Position,Position,Position,Position,Position,Position,Position,Position,Position,Position,Position
Frame,Time (Seconds),X,Y,Z,X,Y,Z,X,Y,Z,X,Y,Z
0,0.000000,17.241909,1350.094482,-111.708694,133.441010,1325.481812,-159.594635,61.224026,1347.634277,-72.146332,43.824692,1371.117676,-195.542099
1,0.008000,17.163204,1350.090088,-111.846901,133.288086,1325.533569,-159.698853,61.108482,1347.642090,-72.272720,43.700092,1371.155396,-195.643265
2,0.017000,17.099085,1350.063477,-111.938957,133.186005,1325.568604,-159.818390,61.041782,1347.585571,-72.398834,43.598793,1371.214600,-195.749298
3,0.025000,17.027250,1349.992554,-112.059525,133.086380,1325.637329,-159.930710,60.935333,1347.499146,-72.551804,43.486263,1371.230957,-195.816879
4,0.033000,16.888926,1349.894409,-112.164635,132.962814,1325.660645,-160.092026,60.815872,1347.434570,-72.676712,43.368309,1371.257080,-195.922043
5,0.042000,16.769785,1349.892334,-112.264793,132.850739,1325.686157,-160.185242,60.685070,1347.417969,-72.776779,43.255508,1371.308228,-195.978607
6,0.050000,16.694195,1349.991333,-112.345993,132.773727,1325.722900,-160.209549,60.572842,1347.430786,-72.849464,43.149273,1371.336548,-196.048660
7,0.058000,16.576647,1350.088745,-112.439262,132.689850,1325.802002,-160.270706,60.452499,1347.525269,-72.913651,43.063763,1371.377441,-196.123306
8,0.067000,16.428150,1350.192505,-112.498543,132.578705,1325.881836,-160.273743,60.306103,1347.641479,-72.967255,42.981030,1371.380981,-196.187668
9,0.075000,16.272989,1350.451416,-112.380142,132.498810,1325.916870,-160.253922,60.172462,1347.752075,-72.992615,42.888412,1371.407227,-196.258652
10,0.083000,16.108376,1350.562134,-112.423325,132.378906,1325.978149,-160.241028,60.032322,1347.861572,-73.046196,42.800377,1371.473145,-196.324615
11,0.092000,15.976049,1350.592041,-112.489494,132.203125,1325.963867,-160.260071,59.901299,1347.877686,-73.092926,42.716183,1371.471924,-196.380707
12,0.100000,15.863151,1350.604614,-112.552544,132.072189,1325.955444,-160.306564,59.824215,1347.923340,-73.108604,42.616108,1371.489258,-196.456558
13,0.108000,15.753105,1350.529297,-112.615685,131.948380,1325.930298,-160.358017,59.618153,1347.689575,-73.245506,42.508785,1371.460815,-196.493652
14,0.117000,15.805738,1350.201538,-112.904640,131.852127,1325.895264,-160.415909,59.523796,1347.573364,-73.294525,42.435688,1371.475952,-196.573441
15,0.125000,15.741842,1350.071899,-113.029076,131.766327,1325.865356,-160.463394,59.447979,1347.497192,-73.374809,42.355885,1371.466797,-196.618347
16,0.133000,15.739126,1350.128418,-113.088097,131.661514,1325.807129,-160.502808,59.394966,1347.416260,-73.417564,42.291210,1371.439575,-196.686157
17,0.142000,15.633114,1350.071533,-113.149902,131.595520,1325.799194,-160.584946,59.337154,1347.386719,-73.503197,42.212532,1371.410889,-196.786560
18,0.150000,15.643809,1350.128540,-113.248116,131.567841,1325.843506,-160.667557,59.276939,1347.384033,-73.539978,42.159054,1371.408813,-196.853134
19,0.158000,15.632731,1350.155029,-113.294815,131.555115,1325.885864,-160.766449,59.238941,1347.418701,-73.602989,42.083061,1371.405273,-196.937592
20,0.167000,15.577354,1350.145020,-113.365456,131.553085,1325.972412,-160.837051,59.197227,1347.454102,-73.661140,42.026253,1371.392456,-197.015305
21,0.175000,15.537227,1350.145630,-113.433304,131.532349,1326.026855,-160.939423,59.194157,1347.538208,-73.726357,41.947399,1371.368408,-197.094330
22,0.183000,15.513221,1350.138184,-113.482635,131.532990,1326.059570,-161.045013,59.134659,1347.577026,-73.797424,41.847900,1371.330933,-197.184570
23,0.192000,15.468431,1350.100830,-113.543877,131.519638,1326.078735,-161.121277,59.114342,1347.585327,-73.854950,41.821144,1371.269531,-197.229462
24,0.200000,15.414456,1350.073608,-113.611534,131.472321,1326.038330,-161.207184,59.071014,1347.560181,-73.893356,41.761311,1371.235718,-197.296265
25,0.208000,15.297110,1349.943481,-113.651695,131.394241,1325.992798,-161.221008,59.002392,1347.482666,-73.958351,41.710873,1371.199341,-197.359879
26,0.217000,15.279978,1349.921509,-113.767609,131.297363,1325.921753,-161.214081,58.906403,1347.359863,-73.997421,41.677124,1371.168579,-197.384750
27,0.225000,15.159179,1349.790894,-113.862350,131.254593,1325.852661,-161.264130,58.853828,1347.282471,-74.077660,41.638191,1371.148193,-197.460129
28,0.233000,15.114747,1349.674316,-113.962936,131.173767,1325.783081,-161.309082,58.800350,1347.167969,-74.153526,41.620216,1371.083130,-197.501724
29,0.242000,15.091569,1349.581665,-114.063927,131.155319,1325.660767,-161.384399,58.781391,1347.048218,-74.207962,41.606663,1371.030151,-197.596390
30,0.250000,15.067946,1349.487549,-114.102745,131.173386,1325.575439,-161.492889,58.795948,1346.959595,-74.276131,41.576130,1370.962036,-197.643967
31,0.258000,15.057068,1349.396606,-114.168289,131.143097,1325.514038,-161.604446,58.791557,1346.859741,-74.344536,41.565617,1370.894165,-197.715439
32,0.267000,15.118553,1349.369507,-114.250824,131.150162,1325.481323,-161.706253,58.798367,1346.787476,-74.448334,41.536045,1370.819702,-197.784790
33,0.275000,15.125289,1349.285156,-114.273903,131.187302,1325.462158,-161.787994,58.811192,1346.681152,-74.492966,41.504063,1370.762451,-197.826355
34,0.283000,15.120212,1349.235352,-114.362022,131.221130,1325.456177,-161.970261,58.807377,1346.626709,-74.549286,41.480362,1370.732178,-197.895676
35,0.292000,15.103955,1349.195068,-114.407753,131.272491,1325.476196,-162.105270,58.806618,1346.628906,-74.652969,41.459023,1370.701050,-197.985519
36,0.300000,15.065232,1349.210083,-114.488625,131.271713,1325.497803,-162.189941,58.754028,1346.620117,-74.733063,41.416298,1370.640137,-198.053696
37,0.308000,15.003957,1349.214600,-114.579361,131.208115,1325.476929,-162.232925,58.722805,1346.683716,-74.795166,41.370987,1370.638428,-198.135345
38,0.317000,14.796318,1349.451904,-114.417664,131.152176,1325.418335,-162.243027,58.684917,1346.664795,-74.836304,41.318680,1370.583008,-198.233749
39,0.325000,14.694365,1349.471558,-114.463219,131.098602,1325.427368,-162.300079,58.613197,1346.671387,-74.892586,41.276215,1370.567749,-198.304871
40,0.333000,14.640347,1349.434082,-114.515984,131.027924,1325.436768,-162.285278,58.588322,1346.753906,-74.902061,41.194519,1370.555298,-198.333817
41,0.342000,14.527144,1349.355103,-114.580627,130.945557,1325.440796,-162.301514,58.530163,1346.730713,-74.905907,41.128597,1370.544922,-198.371140
42,0.350000,14.558916,1349.397095,-114.612595,130.851395,1325.470093,-162.340683,58.432846,1346.703857,-74.957893,41.054531,1370.553345,-198.411453
43,0.358000,14.532387,1349.365479,-114.646790,130.834213,1325.568115,-162.384323,58.413368,1346.629639,-75.023354,40.992367,1370.534668,-198.456360
44,0.367000,14.506855,1349.311768,-114.701584,130.800034,1325.605347,-162.429871,58.379086,1346.575073,-75.086433,40.926640,1370.538696,-198.512955
45,0.375000,14.482427,1349.258789,-114.740211,130.780228,1325.658569,-162.477295,58.369507,1346.514771,-75.147881,40.895878,1370.531982,-198.543686
46,0.383000,14.486698,1349.229126,-114.799271,130.800079,1325.672485,-162.556381,58.379250,1346.469238,-75.190788,40.855129,1370.540161,-198.581970
47,0.392000,14.499609,1349.241821,-114.829933,130.841583,1325.750244,-162.672195,58.375595,1346.504639,-75.234421,40.829391,1370.559937,-198.636612
48,0.400000,14.475062,1349.206177,-114.869080,130.869812,1325.786865,-162.738922,58.384945,1346.577515,-75.280746,40.827663,1370.559082,-198.689697
49,0.408000,14.479991,1349.260742,-114.932915,130.853668,1325.812866,-162.804810,58.416039,1346.684082,-75.317780,40.849113,1370.553101,-198.746628
50,0.417000,14.490029,1349.325439,-114.965363,130.837448,1325.852661,-162.802231,58.474804,1346.769897,-75.354263,40.850918,1370.587646,-198.810730
51,0.425000,14.505291,1349.374023,-115.001556,130.842896,1325.893921,-162.813599,58.497608,1346.834839,-75.402603,40.847961,1370.610840,-198.862564
52,0.433000,14.513112,1349.388306,-115.035210,130.806320,1325.916870,-162.855591,58.484776,1346.909790,-75.464600,40.833817,1370.610840,-198.922470
53,0.442000,14.517447,1349.387939,-115.065170,130.796646,1325.905518,-162.868622,58.494141,1346.885132,-75.497147,40.842381,1370.612549,-198.920288
54,0.450000,14.508030,1349.327759,-115.084473,130.797226,1325.945557,-162.895081,58.515953,1346.814331,-75.518761,40.829613,1370.610840,-198.944672
55,0.458000,14.525533,1349.250000,-115.095131,130.793396,1325.948364,-162.946426,58.530087,1346.724487,-75.549332,40.818127,1370.571533,-198.954269
56,0.467000,14.546568,1349.215576,-115.118881,130.843445,1325.979248,-162.998413,58.561947,1346.625244,-75.553986,40.803265,1370.565186,-198.971390
57,0.475000,14.553723,1349.141968,-115.116211,130.876434,1326.010742,-163.049011,58.578087,1346.552368,-75.575485,40.797993,1370.549438,-198.961014
58,0.483000,14.590691,1349.069946,-115.124039,130.897629,1325.979126,-163.125885,58.594391,1346.477783,-75.589302,40.819248,1370.502197,-198.947357
59,0.492000,14.601935,1349.063232,-115.161247,130.955368,1325.973633,-163.170044,58.616661,1346.448242,-75.617943,40.846992,1370.501221,-198.990234
60,0.500000,14.618771,1349.081177,-115.158447,130.987030,1325.934937,-163.198807,58.638905,1346.449219,-75.639381,40.865406,1370.515381,-199.031342
61,0.508000,14.625606,1349.105103,-115.193130,131.016327,1325.919434,-163.204575,58.664051,1346.495605,-75.669868,40.912109,1370.512573,-199.054596
62,0.517000,14.627448,1349.159546,-115.213982,131.023041,1325.913330,-163.186356,58.698116,1346.549927,-75.688667,40.926544,1370.535645,-199.077484
63,0.525000,14.676319,1349.188599,-115.243805,131.006714,1325.922974,-163.222229,58.726574,1346.592285,-75.695015,40.949203,1370.544678,-199.123734
64,0.533000,14.732310,1349.176636,-115.254303,131.016602,1325.958008,-163.274643,58.800175,1346.590332,-75.721375,40.982964,1370.548340,-199.137283
65,0.542000,14.777502,1349.125488,-115.264931,131.050278,1325.948364,-163.311279,58.852654,1346.551758,-75.762146,40.982643,1370.547974,-199.163437
66,0.550000,15.002135,1348.869507,-115.482582,131.115234,1325.973267,-163.388046,58.900753,1346.496460,-75.810806,40.992752,1370.549072,-199.187469
67,0.558000,15.048675,1348.688965,-115.520195,131.144547,1326.009399,-163.443390,58.966396,1346.429688,-75.834320,40.995300,1370.549072,-199.161179
68,0.567000,15.112267,1348.632935,-115.537064,131.156937,1325.961304,-163.408417,59.016289,1346.314331,-75.833748,41.033916,1370.517090,-199.155548
69,0.575000,15.133015,1348.580688,-115.543427,131.191666,1325.921387,-163.414673,59.045353,1346.242432,-75.849297,41.045193,1370.510132,-199.178116
70,0.583000,15.142905,1348.560669,-115.552277,131.205734,1325.838623,-163.417343,59.026062,1346.187744,-75.864342,41.098713,1370.464233,-199.177917
71,0.592000,15.100944,1348.589844,-115.612648,131.194763,1325.755859,-163.383774,59.006611,1346.149170,-75.873779,41.163261,1370.440552,-199.222015
72,0.600000,15.081581,1348.625854,-115.621902,131.181076,1325.674927,-163.310837,58.964127,1346.144897,-75.919456,41.214378,1370.413208,-199.240952
73,0.608000,15.070681,1348.624023,-115.663651,131.154114,1325.548584,-163.255737,58.940094,1346.125244,-75.936119,41.296696,1370.386108,-199.266006
74,0.617000,15.088131,1348.611694,-115.702293,131.170074,1325.490601,-163.256699,59.001080,1346.078979,-75.988724,41.325142,1370.362549,-199.314987
75,0.625000,15.119125,1348.550293,-115.727058,131.245422,1325.472900,-163.279419,59.053444,1345.984009,-76.014824,41.344009,1370.338623,-199.312943
76,0.633000,15.196198,1348.437256,-115.724358,131.324448,1325.521606,-163.408768,59.130234,1345.872925,-76.037598,41.359856,1370.287598,-199.338425
77,0.642000,15.282611,1348.288940,-115.729141,131.414017,1325.570068,-163.535095,59.244949,1345.762451,-76.079727,41.343956,1370.249878,-199.329071
78,0.650000,15.426964,1348.141968,-115.735451,131.498566,1325.617188,-163.647217,59.334919,1345.506348,-76.197823,41.397911,1370.214844,-199.346436
79,0.658000,15.551626,1348.042358,-115.721046,131.589157,1325.669678,-163.809998,59.484703,1345.400757,-76.264145,41.417938,1370.182617,-199.379501
80,0.667000,15.638713,1347.946045,-115.738373,131.655014,1325.661255,-163.911102,59.575722,1345.334351,-76.315514,41.473522,1370.141602,-199.405197
81,0.675000,15.723621,1347.907837,-115.778366,131.719193,1325.605957,-163.963379,59.683098,1345.289917,-76.377914,41.528885,1370.129639,-199.433640
82,0.683000,15.774710,1347.886963,-115.801430,131.725311,1325.540283,-163.920547,59.730206,1345.222778,-76.395035,41.601101,1370.120361,-199.443604
83,0.692000,15.777830,1347.894531,-115.843513,131.750839,1325.450195,-163.920609,59.741821,1345.174561,-76.422050,41.697540,1370.095337,-199.483063
84,0.700000,15.788708,1347.894409,-115.887306,131.761505,1325.380981,-163.935501,59.731655,1345.135498,-76.448250,41.732319,1370.071777,-199.501785
85,0.708000,15.801721,1347.870850,-115.907181,131.735458,1325.163818,-163.855423,59.717907,1345.052246,-76.467583,41.785789,1370.055298,-199.512161
86,0.717000,15.774203,1347.809814,-115.918709,131.704666,1325.011475,-163.888504,59.708996,1344.929932,-76.460411,41.829903,1370.013550,-199.510513
87,0.725000,15.788690,1347.713501,-115.946045,131.741837,1325.008057,-163.918365,59.711060,1344.843628,-76.452538,41.823593,1369.988770,-199.513779
88,0.733000,15.751233,1347.819214,-115.783920,131.763428,1325.022827,-163.951035,59.719761,1344.735962,-76.434433,41.824833,1369.977051,-199.487488
89,0.742000,15.741419,1347.756714,-115.782898,131.777832,1324.994507,-163.965714,59.721714,1344.653320,-76.449081,41.814552,1369.964478,-199.474014
90,0.750000,15.771894,1347.665283,-115.796135,131.853256,1325.087769,-164.008545,59.828037,1344.581543,-76.522186,41.802059,1369.934937,-199.493790
91,0.758000,15.809430,1347.635498,-115.800728,131.891571,1325.154175,-164.078171,59.860573,1344.543823,-76.566879,41.798798,1369.951904,-199.494644
92,0.767000,15.817191,1347.638428,-115.828773,131.890289,1325.164795,-164.069046,59.874958,1344.547485,-76.584122,41.822285,1369.947388,-199.514801
93,0.775000,15.821191,1347.646240,-115.847000,131.856277,1325.091064,-164.072769,59.855713,1344.548096,-76.609207,41.836002,1369.963379,-199.524399
94,0.783000,15.862085,1347.618408,-115.871651,131.887283,1325.061401,-164.143661,59.890427,1344.537964,-76.602661,41.833820,1369.968750,-199.560104
95,0.792000,15.875252,1347.599976,-115.882874,131.933792,1325.089966,-164.185898,59.876640,1344.487427,-76.647148,41.864017,1369.984741,-199.566498
96,0.800000,15.876870,1347.561768,-115.902977,131.944397,1325.123291,-164.239380,59.899021,1344.456177,-76.661224,41.845715,1370.027588,-199.557968
97,0.808000,15.877351,1347.497192,-115.882500,131.948441,1325.175659,-164.284073,59.929825,1344.387939,-76.665176,41.810226,1370.048340,-199.551559
98,0.817000,15.930276,1347.416138,-115.867584,131.985519,1325.284302,-164.345352,59.956821,1344.288818,-76.679916,41.803307,1370.063599,-199.544907
99,0.825000,15.939685,1347.268677,-115.814819,132.004242,1325.347656,-164.366867,60.004185,1344.186890,-76.671471,41.765038,1370.087646,-199.508011
100,0.833000,16.159733,1346.928711,-116.006622,131.994598,1325.410400,-164.367996,60.039951,1344.039185,-76.662056,41.725124,1370.129150,-199.457886
101,0.842000,16.218369,1346.731567,-116.047539,131.981400,1325.465942,-164.454376,60.066162,1343.884766,-76.678566,41.676235,1370.157227,-199.412613
102,0.850000,16.210550,1346.638794,-115.994972,131.989624,1325.501343,-164.495255,60.085991,1343.738525,-76.692314,41.655140,1370.175903,-199.376373
103,0.858000,16.210251,1346.581055,-116.007561,132.014847,1325.567261,-164.554474,60.102612,1343.653809,-76.694664,41.620987,1370.238770,-199.351486
104,0.867000,16.229771,1346.548828,-116.013809,132.032806,1325.637329,-164.645935,60.110947,1343.588623,-76.697906,41.592728,1370.292114,-199.349899
105,0.875000,16.241711,1346.552612,-116.001587,132.041397,1325.705566,-164.670181,60.153324,1343.586792,-76.718750,41.613155,1370.364014,-199.327850
106,0.883000,16.271112,1346.627686,-116.018272,132.057770,1325.841187,-164.679871,60.199402,1343.622192,-76.764900,41.641319,1370.466675,-199.344070
107,0.892000,16.329092,1346.758301,-116.015785,132.075409,1325.932495,-164.707291,60.264034,1343.699951,-76.797188,41.665916,1370.587280,-199.324997
108,0.900000,16.385870,1346.911743,-116.024414,132.091919,1326.072632,-164.736282,60.324299,1343.808472,-76.828987,41.686832,1370.733154,-199.343338
109,0.908000,16.235586,1347.318970,-115.798233,132.135757,1326.236328,-164.789719,60.414932,1343.930908,-76.884338,41.715008,1370.869263,-199.383713
110,0.917000,16.304270,1347.542725,-115.747604,132.174789,1326.397583,-164.857162,60.537426,1344.050049,-76.939407,41.802048,1371.030151,-199.388474
111,0.925000,16.475351,1347.498657,-115.952072,132.235291,1326.648804,-164.932495,60.629978,1344.220825,-76.980034,41.824108,1371.234253,-199.365997
112,0.933000,16.563265,1347.614746,-115.942909,132.312027,1326.911011,-164.991180,60.745758,1344.369263,-76.998077,41.805004,1371.465576,-199.372482
113,0.942000,16.636887,1347.786743,-115.936760,132.348099,1327.194580,-165.088867,60.858261,1344.543091,-77.043266,41.755714,1371.706421,-199.378555
114,0.950000,16.694080,1347.974121,-115.929207,132.388992,1327.425659,-165.130035,60.878979,1344.759399,-77.020752,41.735336,1371.979370,-199.384094
115,0.958000,16.730350,1348.204346,-115.932770,132.414215,1327.702759,-165.226013,60.945755,1344.978027,-77.025352,41.722881,1372.276733,-199.409653
116,0.967000,16.750376,1348.454224,-115.940094,132.407669,1328.021851,-165.330032,60.966450,1345.207275,-77.095490,41.679531,1372.599487,-199.444336
117,0.975000,16.759241,1348.714478,-115.971649,132.365585,1328.342407,-165.339722,60.990097,1345.442261,-77.097656,41.662182,1372.917236,-199.428818
118,0.983000,16.763418,1348.996338,-116.029755,132.358231,1328.686401,-165.358231,60.932091,1345.697388,-77.140991,41.630348,1373.256104,-199.456177
119,0.992000,16.729647,1349.322632,-116.082359,132.330414,1329.041870,-165.397552,60.948326,1346.016235,-77.159615,41.605034,1373.631714,-199.494461
120,1.000000,16.711346,1349.691284,-116.143654,132.317886,1329.435913,-165.441711,60.991798,1346.486572,-77.160027,41.580418,1374.026489,-199.507721
121,1.008000,16.701897,1350.099121,-116.187889,132.234177,1329.855591,-165.535965,60.870342,1346.891602,-77.224136,41.558464,1374.426758,-199.559494
122,1.017000,16.720987,1350.534668,-116.220116,132.300415,1330.328369,-165.510925,60.869617,1347.323364,-77.293816,41.533997,1374.855469,-199.590881
123,1.025000,16.723597,1351.002197,-116.245239,132.298416,1330.843628,-165.642044,60.923950,1347.749878,-77.386696,41.519093,1375.289062,-199.638199
124,1.033000,16.789963,1351.480591,-116.281990,132.267593,1331.358643,-165.759583,61.054161,1348.158936,-77.461021,41.503159,1375.736694,-199.710220
125,1.042000,16.738358,1351.968994,-116.263885,132.277237,1331.893433,-165.905563,61.213570,1348.623779,-77.576485,41.485451,1376.261108,-199.738647
126,1.050000,16.868225,1352.440796,-116.295486,132.377380,1332.459717,-166.039917,61.423195,1349.165161,-77.717346,41.456371,1376.828857,-199.824234
127,1.058000,16.983795,1352.955078,-116.346947,132.428070,1333.051514,-166.247635,61.555882,1349.719604,-77.762741,41.469494,1377.406982,-199.872192
128,1.067000,17.118305,1353.526978,-116.370216,132.410522,1333.729492,-166.407562,61.576458,1350.315674,-77.752129,41.437099,1378.012329,-199.939026
129,1.075000,17.186321,1354.116089,-116.419403,132.434311,1334.450073,-166.472015,61.814121,1351.061157,-77.756020,41.394703,1378.643433,-199.960342
130,1.083000,17.283319,1354.739746,-116.438522,132.481949,1335.146973,-166.414124,61.688679,1351.666748,-77.803139,41.375439,1379.287231,-199.935593
131,1.092000,17.307001,1355.626709,-116.197777,132.458939,1335.764404,-166.442215,61.764267,1352.269409,-77.839058,41.399181,1379.942261,-199.931366
132,1.100000,17.368126,1356.115967,-116.376045,132.449692,1336.385010,-166.480896,61.881645,1352.806152,-77.904861,41.399685,1380.617554,-199.952881
133,1.108000,17.220140,1356.581665,-116.405891,132.451843,1336.982544,-166.645523,61.916531,1353.380615,-77.949409,41.401737,1381.239990,-200.025070
134,1.117000,17.331318,1357.197144,-116.461769,132.431076,1337.577271,-166.819092,61.922874,1353.928833,-77.992874,41.368088,1381.894409,-200.065948
135,1.125000,17.363220,1357.797363,-116.479515,132.476624,1338.215576,-166.990875,61.957378,1354.439819,-78.034012,41.297722,1382.591309,-200.071533
136,1.133000,17.383173,1358.583740,-116.201721,132.513901,1338.857178,-167.083328,62.146496,1355.192871,-77.970879,41.260502,1383.286987,-199.974228
137,1.142000,17.398836,1359.160889,-116.165840,132.548325,1339.619873,-167.109879,62.225975,1355.811768,-77.846039,41.228855,1383.968384,-199.917160
138,1.150000,17.496672,1359.714233,-116.085320,132.601791,1340.450684,-167.097778,62.354858,1356.392700,-77.802231,41.171940,1384.677002,-199.851181
139,1.158000,17.629593,1360.254028,-115.992531,132.602921,1341.253662,-167.171341,62.387299,1356.867310,-77.845444,41.123371,1385.350464,-199.741821
140,1.167000,17.725407,1360.832275,-115.897522,132.617508,1342.040161,-167.282959,62.603317,1357.378662,-77.877335,41.070450,1386.035034,-199.688812
141,1.175000,17.843510,1361.468262,-115.782639,132.660507,1342.780518,-167.446518,62.792747,1357.935181,-77.922310,41.007965,1386.781250,-199.581818
142,1.183000,17.917580,1362.068726,-115.687881,132.683472,1343.401978,-167.533142,62.954544,1358.529785,-77.860039,41.004047,1387.557007,-199.501938
143,1.192000,18.020807,1362.722168,-115.580948,132.667923,1344.169678,-167.544479,63.078323,1359.208374,-77.754532,40.967087,1388.314331,-199.406143
144,1.200000,18.084881,1363.372314,-115.455208,132.672119,1344.921265,-167.484497,63.177662,1359.847046,-77.689415,40.943321,1389.074707,-199.284241
145,1.208000,18.126673,1364.085327,-115.367065,132.667328,1345.716187,-167.357635,63.211926,1360.475830,-77.636818,40.926628,1389.854492,-199.141068
146,1.217000,18.190990,1364.789307,-115.287361,132.651337,1346.592041,-167.308838,63.237995,1361.129028,-77.554703,40.917488,1390.632202,-199.034821
147,1.225000,18.180820,1365.410400,-115.213493,132.703140,1347.432129,-167.376816,63.369118,1361.857544,-77.495049,40.917179,1391.424438,-198.958893
148,1.233000,18.342085,1366.179565,-115.108818,132.786728,1348.176758,-167.542587,63.595600,1362.624634,-77.462997,40.893799,1392.297485,-198.849670
149,1.242000,18.345610,1366.849243,-114.941826,132.896515,1349.056396,-167.765137,63.768944,1363.106079,-77.525688,40.817936,1393.161133,-198.737396
150,1.250000,18.536961,1367.582153,-114.840446,132.972961,1350.119995,-167.872467,64.022049,1363.799683,-77.527832,40.735264,1394.011230,-198.599045
151,1.258000,18.760841,1368.273438,-114.694389,133.019653,1351.247314,-167.827286,64.379875,1364.559937,-77.518471,40.650921,1394.896973,-198.422989
152,1.267000,19.003162,1368.984375,-114.584061,133.061676,1352.322754,-167.879105,64.606522,1365.390137,-77.465401,40.566708,1395.764893,-198.311829
153,1.275000,19.196669,1369.675415,-114.460396,133.120804,1353.344971,-168.005783,64.755463,1366.224243,-77.366707,40.531338,1396.681030,-198.198547
154,1.283000,19.346088,1370.461914,-114.278297,133.172348,1354.327515,-168.253616,64.978775,1366.949585,-77.311531,40.478527,1397.636841,-198.062485
155,1.292000,19.324924,1371.231567,-114.117050,133.226089,1355.325195,-168.405365,65.187103,1367.707886,-77.307259,40.342098,1398.572754,-197.904907
156,1.300000,19.419327,1372.158569,-114.020935,133.247406,1356.366333,-168.355194,65.310211,1368.467651,-77.269615,40.201210,1399.534424,-197.797455
157,1.308000,19.466429,1373.046265,-113.925659,133.219086,1357.347534,-168.329132,65.494858,1369.288086,-77.291306,40.145512,1400.500000,-197.692551
158,1.317000,19.471985,1373.938477,-113.819901,133.189529,1358.370972,-168.340103,65.496330,1370.339722,-77.187492,40.094532,1401.516602,-197.562531
159,1.325000,19.441183,1374.895752,-113.681244,133.094925,1359.258179,-168.372513,65.359589,1371.449097,-76.863556,40.094154,1402.557739,-197.447235
160,1.333000,19.423004,1375.924194,-113.537666,133.065475,1360.216064,-168.482758,65.363396,1372.522583,-76.756638,40.015850,1403.626953,-197.291458
161,1.342000,19.394409,1377.015503,-113.391563,133.175751,1361.437378,-168.397110,65.454987,1373.501953,-76.726921,39.879654,1404.755493,-197.190277
162,1.350000,19.457102,1378.120117,-113.300362,133.135361,1362.672485,-168.344772,65.631973,1374.517944,-76.769035,39.791245,1405.819946,-197.146332
163,1.358000,19.524769,1379.280029,-113.153458,133.089935,1363.907104,-168.504089,65.547882,1375.592407,-76.661705,39.793568,1406.994385,-196.999954
164,1.367000,19.698257,1380.378784,-112.983452,133.188568,1365.177734,-168.727936,65.692398,1377.021484,-76.428764,39.705021,1408.147705,-196.878159
165,1.375000,19.773006,1381.532349,-112.784912,133.319962,1366.681030,-168.755539,65.966957,1378.250000,-76.398239,39.467274,1409.356445,-196.782669
166,1.383000,19.913174,1382.632202,-112.657219,133.327332,1368.168457,-168.819366,66.217384,1379.368774,-76.389580,39.319138,1410.516968,-196.681870
167,1.392000,20.091097,1383.754639,-112.505180,133.350586,1369.495850,-169.084335,66.413063,1380.708130,-76.329491,39.259880,1411.666748,-196.566422
168,1.400000,20.191528,1384.823242,-112.381874,133.398132,1370.857056,-169.186630,66.511787,1381.738037,-76.317108,39.117764,1412.884888,-196.442947
169,1.408000,20.214720,1385.950317,-112.237610,133.351135,1372.200684,-169.098099,66.633011,1382.838379,-76.207832,38.935295,1414.098022,-196.287842
170,1.417000,20.177172,1387.116699,-112.131424,133.204590,1373.411377,-169.072372,66.653679,1383.931152,-76.142906,38.838539,1415.235962,-196.236603
171,1.425000,20.141172,1388.287109,-112.060509,133.110184,1374.421143,-169.068329,66.712189,1385.144531,-76.123787,38.797646,1416.377075,-196.142548
172,1.433000,20.132704,1389.473267,-111.958244,133.107544,1375.441528,-169.051178,66.584763,1386.336792,-76.068123,38.824432,1417.602173,-196.028702
173,1.442000,20.009285,1390.722778,-111.886818,132.996292,1376.538574,-168.943344,66.496185,1387.404907,-75.980095,38.762642,1418.807861,-195.947784
174,1.450000,19.924465,1391.944824,-111.831032,132.921951,1377.693970,-168.801453,66.466484,1388.635010,-75.833054,38.701366,1420.016602,-195.899612
175,1.458000,19.997934,1393.251465,-111.746460,132.905258,1378.882568,-168.851364,66.528511,1389.975952,-75.910904,38.738712,1421.250610,-195.860779
176,1.467000,20.116528,1394.508423,-111.721245,133.035675,1380.063354,-168.983871,66.580139,1391.237305,-75.868858,38.741791,1422.543945,-195.860413
177,1.475000,20.170887,1395.858032,-111.579918,133.062744,1381.322021,-169.050659,66.740082,1392.528076,-75.802910,38.742008,1423.811523,-195.775818
178,1.483000,20.338228,1397.243042,-111.533363,133.083252,1382.760376,-169.054535,67.002777,1393.926147,-75.879128,38.730984,1425.086426,-195.744049
179,1.492000,20.582563,1398.598267,-111.452126,133.179581,1384.324585,-169.170410,67.369156,1395.312744,-76.033958,38.750267,1426.419922,-195.747299
180,1.500000,20.756498,1399.873291,-111.278900,133.168518,1385.557007,-169.368423,67.675606,1396.620728,-76.019875,38.765766,1427.737061,-195.763474
181,1.508000,20.937195,1401.187256,-111.188339,133.199249,1386.964233,-169.488403,68.022324,1398.196167,-75.942451,38.712151,1429.005005,-195.680832
182,1.517000,21.115982,1402.548340,-111.081512,133.251495,1388.581543,-169.602661,68.268013,1399.463501,-76.035980,38.594368,1430.351440,-195.607391
183,1.525000,21.164680,1403.739746,-110.958595,133.157776,1390.039917,-169.594727,68.525818,1400.831421,-76.080383,38.508121,1431.695190,-195.578903
184,1.533000,21.176506,1404.952759,-110.870895,133.110214,1391.333984,-169.843140,68.511986,1402.271362,-76.007851,38.356720,1433.028931,-195.556366
185,1.542000,21.179585,1406.358276,-110.865837,133.074768,1392.790161,-169.950897,68.501961,1403.505493,-75.967308,38.216091,1434.351196,-195.453568
186,1.550000,21.024988,1407.753052,-110.814011,132.869095,1394.252686,-169.887970,68.386284,1404.802612,-76.077393,38.097370,1435.704712,-195.472641
187,1.558000,20.843035,1409.147827,-110.834213,132.683456,1395.371460,-169.671417,68.601288,1406.078369,-76.475761,38.042877,1437.109131,-195.547318
188,1.567000,20.722689,1410.619751,-110.809677,132.619415,1396.505005,-169.774384,68.162476,1407.761475,-76.025368,37.970123,1438.414307,-195.564835
189,1.575000,20.639948,1412.105835,-110.879005,132.519089,1397.869507,-169.877533,67.841568,1409.050049,-75.985367,37.863525,1439.780762,-195.598938
190,1.583000,20.444578,1413.540161,-110.902298,132.360229,1399.277710,-169.842789,68.121742,1410.327148,-76.474899,37.818737,1441.160034,-195.680328
191,1.592000,20.481340,1414.974976,-110.948708,132.343948,1400.479492,-169.813553,67.859673,1412.023193,-76.148773,37.800365,1442.526611,-195.725494
192,1.600000,20.552786,1416.271118,-111.058701,132.371384,1401.806519,-170.133286,67.841591,1413.428223,-75.964699,37.749207,1443.871704,-195.754379
193,1.608000,20.610292,1417.597534,-111.101364,132.434341,1403.331909,-170.416779,67.890320,1414.765137,-76.154449,37.663033,1445.238403,-195.824615
194,1.617000,20.788544,1418.940430,-111.043701,132.591919,1404.802856,-170.555405,68.460747,1415.939819,-76.673615,37.575508,1446.641602,-195.782013
195,1.625000,20.999884,1420.151978,-111.023979,132.661011,1406.324341,-170.994995,68.590134,1417.469238,-76.390991,37.451721,1447.954834,-195.723160
196,1.633000,21.182514,1421.361328,-110.956741,132.668228,1407.763062,-171.426376,68.743156,1418.765137,-76.258469,37.321339,1449.251587,-195.691345
197,1.642000,21.387804,1422.588867,-110.934814,132.812057,1409.246460,-171.475616,68.919525,1419.953247,-76.381393,37.247112,1450.595825,-195.671158
198,1.650000,21.386742,1423.837769,-110.898056,132.735321,1410.715210,-171.675339,69.215904,1420.898193,-76.871536,37.022438,1451.997803,-195.616852
199,1.658000,21.375847,1425.157104,-110.947441,132.572357,1412.026611,-171.907593,69.230186,1422.562134,-76.645058,36.898808,1453.342407,-195.502365
200,1.667000,21.388426,1426.540161,-110.997467,132.578674,1413.308228,-171.854645,69.076424,1423.912109,-76.630234,36.863312,1454.693237,-195.599060
201,1.675000,21.284597,1427.984741,-111.011856,132.446671,1414.662842,-171.840637,69.020432,1425.303955,-76.678543,36.814491,1456.049561,-195.816940
202,1.683000,21.179653,1429.416748,-111.117828,132.261078,1416.013062,-171.912216,69.063492,1426.647949,-77.026260,36.753021,1457.415771,-195.814194
203,1.692000,21.164772,1430.940674,-111.135803,132.195267,1417.286011,-172.181061,68.945595,1428.291626,-76.954781,36.657162,1458.743042,-195.835495
204,1.700000,21.147123,1432.312134,-111.216003,132.171738,1418.572021,-172.175674,68.900452,1429.659424,-76.964066,36.620026,1460.163696,-195.969131
205,1.708000,21.182901,1433.660400,-111.281364,132.069702,1419.991699,-172.177704,69.031876,1430.870972,-77.223900,36.600208,1461.464966,-196.100555
206,1.717000,21.319521,1435.011475,-111.332474,132.106522,1421.504028,-172.417694,69.313957,1432.302124,-77.451645,36.734421,1462.618652,-196.365692
207,1.725000,21.518839,1436.212158,-111.328117,132.157120,1422.733276,-172.789780,69.762070,1433.612915,-77.641129,36.669388,1463.949463,-196.520294
208,1.733000,21.779453,1437.311279,-111.352432,132.254181,1424.108276,-173.129852,70.118195,1434.702148,-77.848228,36.619797,1465.279541,-196.568680
209,1.742000,22.059376,1438.403809,-111.392403,132.355423,1425.765381,-173.524094,70.528000,1435.876587,-78.228088,36.591026,1466.528931,-196.540192
210,1.750000,22.269400,1439.573853,-111.440643,132.438248,1427.227417,-173.714676,70.892700,1437.130249,-78.365456,36.442947,1467.855225,-196.612671
211,1.758000,22.445410,1440.696899,-111.467331,132.499588,1428.576172,-174.167130,71.040329,1438.424316,-78.392479,36.369080,1469.187744,-196.702072
212,1.767000,22.714737,1441.762695,-111.765450,132.538528,1430.115112,-174.615036,71.177834,1439.698364,-78.570282,36.254112,1470.552734,-196.666351
213,1.775000,22.557945,1443.286011,-111.652473,132.555084,1431.631104,-174.580765,71.168633,1440.959717,-78.754112,36.109646,1471.895386,-196.778091
214,1.783000,22.442253,1444.863403,-111.716286,132.477661,1432.983398,-174.781693,71.450165,1442.327881,-79.163185,36.013119,1473.364624,-196.917282
215,1.792000,22.467958,1446.285034,-112.055038,132.326675,1434.386108,-175.049652,71.003052,1444.198486,-78.938896,35.998974,1474.781372,-197.094040
216,1.800000,22.241144,1447.945068,-112.216156,132.111588,1435.889526,-175.104401,70.677063,1445.755005,-78.942497,35.868107,1476.277832,-197.209717
217,1.808000,21.935207,1449.781616,-112.191620,132.040756,1437.296265,-174.915329,70.786110,1447.234375,-79.565842,35.810436,1477.694214,-197.450272
218,1.817000,21.907793,1451.333618,-112.480316,131.907333,1438.690063,-175.053391,70.341583,1449.292847,-79.168289,35.779640,1479.167725,-197.661514
219,1.825000,21.759880,1453.005371,-112.674820,131.744690,1440.142090,-175.297256,70.010269,1450.912964,-79.191887,35.683075,1480.664307,-197.814590
220,1.833000,21.688335,1454.730591,-112.758858,131.765671,1441.613037,-175.216660,70.371635,1452.237427,-79.839874,35.694672,1482.179810,-198.044998
221,1.842000,21.777592,1456.198730,-112.925690,131.743179,1443.116089,-175.500778,70.215797,1454.200073,-79.664932,35.643974,1483.634033,-198.284760
222,1.850000,21.799564,1457.658936,-113.140579,131.732437,1444.649414,-175.934830,70.126785,1455.815063,-79.697723,35.647289,1485.099609,-198.489151
223,1.858000,22.019228,1459.185303,-113.251259,131.809555,1446.191528,-176.174072,70.610382,1456.986328,-80.382217,35.553513,1486.563599,-198.647049
224,1.867000,22.157919,1460.623169,-113.303528,131.856308,1447.814209,-176.421646,70.879807,1458.360962,-80.677071,35.451992,1488.104126,-198.729034
225,1.875000,22.254967,1462.197388,-113.398155,131.865448,1449.375244,-176.867386,71.184906,1460.114868,-80.853638,35.495750,1489.603516,-198.835052
226,1.883000,22.342121,1463.693237,-113.595810,131.912720,1450.666382,-177.135956,71.368095,1461.600830,-81.146652,35.504227,1491.020874,-199.093002
227,1.892000,22.368240,1465.218262,-113.701996,131.852036,1452.235962,-177.132843,71.239517,1463.260376,-81.105263,35.437546,1492.533203,-199.302643
228,1.900000,22.259848,1466.942749,-113.763512,131.758575,1453.889893,-177.217224,71.216690,1464.890991,-81.290146,35.540409,1493.978516,-199.550140
229,1.908000,22.212149,1468.616455,-113.921837,131.666794,1455.155396,-177.423019,71.162842,1466.472168,-81.403542,35.448238,1495.530029,-199.785828
230,1.917000,22.172245,1470.296753,-113.958038,131.548904,1456.612915,-177.486298,71.129623,1468.142334,-81.653816,35.383850,1497.160522,-199.844498
231,1.925000,22.031322,1471.988647,-114.088165,131.417877,1458.319824,-177.453979,70.924156,1469.890015,-81.579086,35.429283,1498.634766,-200.062180
232,1.933000,22.091637,1473.427612,-114.469604,131.315491,1459.791138,-177.496597,70.817253,1471.557739,-81.688904,35.270557,1500.266357,-200.183548
233,1.942000,21.886227,1475.198975,-114.280357,131.205704,1461.230957,-177.733154,70.727661,1473.058350,-81.839211,35.207413,1501.886597,-200.213135
234,1.950000,21.849058,1476.860474,-114.254143,131.178497,1462.932373,-177.809235,70.750114,1474.649780,-81.876968,35.185127,1503.476074,-200.263275
235,1.958000,21.789742,1478.386963,-114.354256,131.099518,1464.512573,-177.741730,70.631630,1476.310791,-81.914093,35.103970,1505.101929,-200.369812
236,1.967000,21.796940,1480.070190,-114.349556,131.038620,1466.011841,-178.041306,70.620697,1477.825073,-82.008202,35.125797,1506.719849,-200.393890
237,1.975000,21.710571,1481.723755,-114.462250,130.991989,1467.715820,-178.147446,70.806885,1479.240967,-82.405434,35.035408,1508.359253,-200.538284
238,1.983000,21.597754,1483.385742,-114.599945,130.858292,1469.276001,-178.001587,70.424103,1481.237793,-82.113037,34.995579,1510.064331,-200.655350
239,1.992000,21.470552,1485.298950,-114.660202,130.687164,1470.753174,-178.040588,70.160110,1482.870972,-82.063576,34.974335,1511.817261,-200.734039
240,2.000000,21.219803,1487.250366,-114.780090,130.565277,1472.301758,-178.145142,70.260117,1484.514648,-82.583687,34.998581,1513.534058,-200.854721
241,2.008000,21.140387,1489.104004,-115.064125,130.446304,1473.860229,-177.764023,69.713463,1486.675049,-82.156593,35.053097,1515.320068,-201.010376
242,2.017000,20.813597,1491.303345,-115.029617,130.269714,1475.436401,-177.643753,69.273705,1488.567993,-82.098511,35.022564,1517.221069,-201.131058
243,2.025000,20.585714,1493.324219,-115.117226,130.129410,1477.082397,-177.751266,69.421379,1490.337402,-82.607376,35.049965,1519.026489,-201.290604
244,2.033000,20.416973,1495.342529,-115.398193,130.080978,1478.906860,-177.516541,68.846397,1492.578247,-82.325172,35.060886,1520.961304,-201.563354
245,2.042000,20.321983,1497.518921,-115.439606,129.948822,1480.695435,-177.676361,68.921677,1494.515137,-82.699089,35.017647,1522.862915,-201.631226
246,2.050000,20.240799,1499.557007,-115.690613,129.997818,1482.742188,-177.833374,68.593430,1496.839844,-82.453484,35.029442,1524.803345,-201.826035
247,2.058000,20.330868,1501.674194,-115.910568,129.974289,1484.715576,-177.878387,68.397385,1499.035400,-82.438568,35.024734,1526.740845,-202.103210
248,2.067000,20.405500,1503.865112,-116.147514,130.079437,1486.577026,-178.111038,68.610725,1500.838013,-83.031425,34.971489,1528.810791,-202.253845
249,2.075000,20.385338,1505.968384,-116.289917,130.044189,1488.664673,-178.209137,68.655937,1503.364014,-82.896233,34.919830,1530.891357,-202.310410
250,2.083000,20.503166,1508.158325,-116.438828,130.095093,1490.677368,-178.372131,68.598396,1505.351929,-83.263123,34.954159,1532.909058,-202.543961
251,2.092000,20.463499,1510.272583,-116.637062,130.024261,1492.622070,-178.596558,68.466545,1507.779907,-83.284668,35.058899,1534.914673,-202.879272
252,2.100000,20.515720,1512.467773,-116.730026,130.093918,1494.628052,-178.483826,68.294243,1509.821045,-83.523346,35.103020,1536.916504,-202.999435
253,2.108000,20.371687,1514.679321,-116.888657,129.994965,1496.431274,-178.648956,68.140350,1512.199707,-83.517693,35.282661,1538.872437,-203.496719
254,2.117000,20.367682,1516.857544,-117.032379,129.854156,1498.432617,-178.746780,68.319908,1514.289062,-83.962486,35.379814,1540.839600,-203.665161
255,2.125000,20.209269,1519.037354,-117.207207,129.830505,1500.329956,-178.564514,68.536041,1516.165649,-84.362122,35.394512,1542.946655,-203.822815
256,2.133000,20.227865,1521.159058,-117.262558,129.738678,1502.226440,-178.818253,68.185059,1518.484863,-84.042061,35.469288,1544.882568,-203.986649
257,2.142000,20.122154,1523.337524,-117.346573,129.769073,1504.458984,-178.700821,67.952995,1520.600586,-84.216080,35.399551,1546.976807,-204.049728
258,2.150000,20.080584,1525.370850,-117.332634,129.732727,1506.473511,-178.721802,67.953941,1522.792969,-84.243279,35.500050,1548.987305,-204.090424
259,2.158000,20.128641,1527.525757,-117.388916,129.725754,1508.447632,-178.892365,67.834213,1524.869873,-84.265099,35.441753,1550.988159,-204.132553
260,2.167000,20.111572,1529.537842,-117.394035,129.747269,1510.608032,-178.612381,68.303589,1526.619385,-84.698547,35.492817,1553.029663,-204.218735
261,2.175000,20.164040,1531.702393,-117.428040,129.683746,1512.500244,-178.910324,68.010056,1528.935059,-84.338303,35.547607,1554.998291,-204.211914
262,2.183000,20.099022,1533.743408,-117.516296,129.723541,1514.582153,-178.674423,67.725662,1531.017090,-84.219429,35.625755,1557.049194,-204.325043
263,2.192000,20.176729,1535.766968,-117.764450,129.642685,1516.575684,-178.644470,67.617310,1533.262451,-84.344482,35.603291,1559.059448,-204.256668
264,2.200000,20.032104,1538.057617,-117.630310,129.717285,1518.483887,-178.475235,67.368813,1535.402466,-84.292450,35.688679,1561.110840,-204.317093
265,2.208000,20.057632,1540.126221,-117.869690,129.638916,1520.558716,-178.179611,67.355408,1537.645020,-84.338638,35.743874,1563.123047,-204.397003
266,2.217000,19.913698,1542.248657,-117.954720,129.636856,1522.368164,-178.202621,67.154808,1539.676392,-84.213661,35.834641,1565.120850,-204.512207
267,2.225000,19.925688,1544.410034,-117.963310,129.586929,1524.365356,-178.018311,67.042763,1541.604736,-84.297951,35.911377,1567.120850,-204.535110
268,2.233000,19.886066,1546.427490,-117.959587,129.595184,1526.323730,-177.894379,67.024872,1543.818726,-84.096680,35.981670,1569.106567,-204.651520
269,2.242000,19.963736,1548.409302,-117.983284,129.681915,1528.239624,-177.942459,66.809486,1545.835327,-84.098022,36.068905,1571.036133,-204.651230
270,2.250000,20.061970,1550.366943,-117.929718,129.788574,1530.385132,-178.014557,66.709183,1547.931396,-84.266068,36.038780,1573.013184,-204.691116
271,2.258000,20.213978,1552.150024,-117.868301,129.888916,1532.331055,-178.120056,66.521233,1549.846436,-84.320580,36.097984,1574.929321,-204.571594
272,2.267000,20.319540,1553.976685,-117.821800,129.991699,1534.495850,-178.205139,66.281548,1551.580078,-84.412949,36.034397,1576.886963,-204.531464
273,2.275000,20.506235,1555.839355,-117.704994,130.066788,1536.407471,-178.285187,66.443115,1553.620605,-84.491081,36.095749,1578.805054,-204.520706
274,2.283000,20.523987,1557.604370,-117.745636,130.065659,1538.340332,-178.503235,66.488495,1555.335693,-84.377792,36.119137,1580.741699,-204.455338
275,2.292000,20.604166,1559.598999,-117.750198,130.166245,1540.257935,-178.210266,66.316483,1556.910767,-84.260361,36.193409,1582.678711,-204.458374
276,2.300000,20.526934,1561.522339,-117.782547,130.093216,1542.037231,-178.233551,66.403542,1559.005249,-84.217049,36.308662,1584.566772,-204.527802
277,2.308000,20.495983,1563.667603,-117.862389,130.011612,1543.780029,-178.051758,66.221573,1560.839844,-84.181038,36.394287,1586.567383,-204.601974
278,2.317000,20.328966,1565.746704,-117.880821,130.017944,1545.605591,-177.688370,65.731651,1562.723633,-83.992043,36.545139,1588.518799,-204.629257
279,2.325000,20.243069,1567.890625,-117.979225,129.895493,1547.359009,-177.718689,65.484192,1564.824585,-84.052551,36.605453,1590.503418,-204.788834
280,2.333000,20.120573,1569.963501,-118.085648,129.983704,1549.280396,-177.386002,65.125092,1566.773438,-83.952744,36.715984,1592.459595,-204.823883
281,2.342000,20.039330,1571.997314,-118.180359,129.949173,1551.273438,-177.411560,65.221695,1569.062622,-84.154541,36.684944,1594.460938,-204.964340
282,2.350000,20.027727,1574.093384,-118.243286,129.992523,1553.142334,-177.398544,65.941299,1571.441040,-84.818214,36.779167,1596.420776,-205.056396
283,2.358000,20.010513,1576.060547,-118.236862,130.034668,1555.414429,-177.235947,67.009506,1573.040649,-84.907501,36.723942,1598.416138,-205.142624
284,2.367000,20.084253,1578.095703,-118.257057,130.004852,1557.325439,-177.446533,67.277267,1574.953979,-84.532951,36.771004,1600.440063,-205.151306
285,2.375000,20.196728,1579.955811,-118.297974,130.001144,1559.629150,-177.367889,67.538727,1576.653442,-84.751617,36.678177,1602.396484,-205.306259
286,2.383000,20.246355,1581.893677,-118.410660,129.965225,1561.656006,-177.487869,67.429184,1578.818359,-84.657349,36.690845,1604.395752,-205.437653
287,2.392000,20.325125,1583.785400,-118.478401,129.896545,1563.771606,-177.664505,67.126595,1580.689819,-84.757378,36.624416,1606.386353,-205.410751
288,2.400000,20.376329,1585.508667,-118.816742,129.734528,1565.851196,-177.639847,67.046844,1582.454712,-85.159752,36.625359,1608.303955,-205.620575
289,2.408000,20.381706,1587.465698,-119.084206,129.602402,1567.752930,-178.076340,67.043999,1584.500244,-85.004585,36.619267,1610.240723,-205.747925
290,2.417000,20.356773,1589.436523,-119.207535,129.643082,1569.711426,-178.028259,66.787880,1586.436401,-85.120094,36.677979,1612.204468,-205.992432
291,2.425000,20.381792,1591.499634,-119.451523,129.636581,1571.646362,-178.088089,66.457245,1588.306274,-85.384186,36.723019,1614.094727,-206.224075
292,2.433000,20.272425,1593.436279,-119.686035,129.614059,1573.403564,-178.369049,66.070221,1590.507935,-85.577263,36.765671,1615.979492,-206.528397
293,2.442000,20.341805,1595.463623,-119.941696,129.641312,1575.336670,-178.430603,65.437057,1592.536865,-85.842377,36.903934,1617.913940,-206.725235
294,2.450000,20.273514,1597.319702,-120.254349,129.572510,1577.119629,-178.687317,65.293373,1594.616699,-86.235077,36.991512,1619.723999,-206.944611
295,2.458000,20.360340,1599.231812,-120.505074,129.613861,1578.817505,-178.939835,65.219383,1596.342041,-86.437218,37.150265,1621.606323,-207.251404
296,2.467000,20.428511,1601.039307,-120.825607,129.719040,1580.689331,-179.138306,64.978905,1597.882568,-86.389931,37.311474,1623.436523,-207.470047
297,2.475000,20.503366,1602.778198,-121.117172,129.853592,1582.451538,-179.512146,65.205681,1599.665894,-86.775398,37.373783,1625.286011,-207.774933
298,2.483000,20.666187,1604.575195,-121.370903,129.986267,1584.307251,-179.928436,65.221390,1601.279541,-87.021751,37.592678,1627.083130,-208.124283
299,2.492000,20.775951,1606.348999,-121.649841,130.164948,1586.280396,-180.156494,65.939255,1603.352173,-88.030525,37.700714,1628.873413,-208.444305
300,2.500000,20.976316,1608.227417,-121.920372,130.351929,1588.041504,-180.532104,66.848846,1605.168457,-88.397705,37.918503,1630.767822,-208.819504
301,2.508000,21.107008,1609.967651,-122.490257,130.460892,1589.842041,-180.893463,67.349930,1606.653809,-88.409622,38.079460,1632.538208,-209.214325
302,2.517000,21.361149,1611.898926,-122.943275,130.677887,1591.698120,-181.090088,67.614273,1608.331665,-88.485435,38.378326,1634.405151,-209.674149
303,2.525000,21.414415,1613.890015,-123.358391,130.841949,1593.318237,-181.421341,67.752922,1610.307251,-88.744141,38.591331,1636.149658,-210.140671
304,2.533000,21.690563,1615.909790,-123.789818,131.054001,1595.105347,-181.846558,67.573311,1612.332642,-89.242813,38.890564,1637.999146,-210.657486
305,2.542000,21.817184,1617.961060,-124.239822,131.316315,1596.821777,-182.053940,67.054642,1614.413940,-89.720291,39.116119,1639.813110,-211.045105
306,2.550000,22.056479,1619.906494,-124.657318,131.498428,1598.528564,-182.505600,66.538391,1616.555786,-90.243538,39.380459,1641.644653,-211.385086
307,2.558000,22.350681,1621.889404,-125.091614,131.775284,1600.189575,-182.956650,66.409393,1618.211914,-90.320694,39.692162,1643.604492,-212.020630
308,2.567000,22.567362,1623.546143,-125.596565,132.090530,1602.073853,-183.180786,67.253136,1620.511475,-91.219444,40.013638,1645.402344,-212.648224
309,2.575000,23.125666,1625.313354,-126.139656,132.352737,1603.815796,-183.785385,68.272408,1622.359741,-92.134995,40.309196,1647.139404,-213.128082
310,2.583000,23.610308,1626.892334,-126.750526,132.542877,1605.747192,-184.578568,68.730499,1623.818359,-92.397575,40.636925,1648.857910,-213.512436
311,2.592000,23.884712,1628.515991,-127.171844,132.794159,1607.740967,-185.292603,68.786575,1625.217529,-92.612793,40.949654,1650.600220,-213.838623
312,2.600000,24.334202,1630.431152,-127.348412,133.098953,1609.543945,-186.158432,68.917641,1626.941895,-93.116211,41.339172,1652.366821,-214.357742
313,2.608000,24.711308,1632.218018,-127.798813,133.440552,1611.301636,-187.038025,68.944435,1628.527710,-93.324585,41.798893,1654.065796,-214.905579
314,2.617000,25.035849,1633.993042,-128.360992,133.633682,1613.221436,-187.555313,68.974815,1630.012695,-93.330154,42.180729,1655.887695,-215.489502
315,2.625000,25.467384,1635.990601,-128.737793,133.763596,1614.989502,-188.254410,69.677551,1632.371948,-94.225563,42.673344,1657.564819,-216.084488
316,2.633000,25.928318,1637.889526,-129.461899,133.762146,1616.624268,-188.975372,70.600197,1634.534058,-95.517418,43.058994,1659.372925,-216.590607
317,2.642000,26.295237,1639.559448,-130.230728,133.915359,1618.453369,-189.926300,70.941078,1636.337524,-95.941162,43.474476,1661.168579,-217.072678
318,2.650000,26.701141,1641.572632,-130.695602,134.228394,1620.029419,-190.497147,71.094559,1638.000000,-96.330376,43.957714,1662.776611,-217.677444
319,2.658000,27.106678,1643.369263,-131.269165,134.655579,1621.586060,-191.135208,71.115669,1639.469727,-96.518394,44.495438,1664.442627,-218.288345
320,2.667000,27.433365,1644.780640,-131.714264,135.114563,1623.003662,-191.565201,71.122162,1640.631226,-96.569794,44.936123,1666.041626,-218.791092
321,2.675000,27.951958,1646.588257,-131.867203,135.489105,1624.594360,-192.070969,72.022491,1642.382080,-97.500603,45.439182,1667.565063,-219.357361
322,2.683000,28.491831,1647.913696,-132.358673,135.889084,1626.169189,-192.607254,73.234398,1644.073730,-98.654366,45.890007,1669.010254,-219.934128
323,2.692000,29.222647,1649.230225,-133.042374,136.290619,1627.674561,-193.188507,73.794563,1645.424561,-98.955299,46.242596,1670.605835,-220.403656
324,2.700000,29.800941,1650.663818,-133.503174,136.838470,1629.293091,-193.822586,73.962708,1646.619995,-99.125076,46.580986,1672.177612,-220.768188
325,2.708000,30.390354,1652.076050,-133.852020,137.400436,1631.026978,-194.512848,74.169701,1647.602051,-99.022552,46.922523,1673.750488,-221.041855
326,2.717000,30.883821,1653.654541,-134.202026,137.885056,1632.694824,-195.238434,74.740479,1648.982300,-99.285240,47.324612,1675.344360,-221.374832
327,2.725000,31.369553,1655.081421,-134.682663,138.199203,1634.127319,-195.613541,76.072861,1651.143677,-100.696075,47.690220,1676.877808,-221.838455
328,2.733000,31.782764,1656.662720,-135.120041,138.620132,1635.668335,-195.805954,76.899353,1652.773071,-101.444405,48.238426,1678.295654,-222.525482
329,2.742000,32.114258,1658.423584,-135.629242,138.897766,1637.143188,-195.952240,77.307190,1654.322876,-101.638992,48.668835,1679.795410,-223.089142
330,2.750000,32.400387,1660.124023,-136.161789,139.122192,1638.448364,-196.178497,77.230621,1655.897217,-101.795570,49.115730,1681.381714,-223.633408
331,2.758000,32.551407,1661.984497,-136.632202,139.431671,1639.821045,-196.426392,76.672585,1657.458984,-101.936501,49.617531,1682.858887,-224.101578
332,2.767000,32.736870,1663.713135,-137.080124,139.703369,1641.176392,-196.471146,76.610489,1659.219116,-102.419540,50.091587,1684.343994,-224.606873
333,2.775000,32.965206,1665.372925,-137.481049,139.933075,1642.523804,-196.713837,76.605225,1660.652100,-102.528717,50.449314,1685.829590,-225.034592
334,2.783000,33.156742,1666.833862,-137.935135,140.193726,1643.782715,-197.053802,76.639481,1661.790039,-102.393394,50.854717,1687.299072,-225.435715
335,2.792000,33.501507,1668.246948,-138.306885,140.533691,1645.153564,-197.303391,77.420532,1663.569336,-103.288857,51.251507,1688.652588,-225.775253
336,2.800000,33.965786,1669.571899,-138.712601,140.890289,1646.555176,-197.652069,78.457443,1665.223022,-104.418327,51.698700,1690.041870,-226.076370
337,2.808000,34.366962,1670.788574,-138.966263,141.224457,1647.872925,-197.959839,78.741066,1666.341431,-104.531174,52.030491,1691.375977,-226.374924
338,2.817000,34.794174,1671.951538,-139.180542,141.587158,1649.089478,-198.287262,78.800850,1667.300659,-104.628304,52.376839,1692.775879,-226.629684
339,2.825000,35.219513,1673.126465,-139.327194,142.002655,1650.540649,-198.685699,78.961845,1668.077148,-104.500710,52.737255,1694.110962,-226.823273
340,2.833000,35.713497,1674.421143,-139.475296,142.406204,1652.066284,-199.307220,79.153015,1668.992432,-104.219620,53.025761,1695.482788,-227.013672
341,2.842000,36.114895,1675.783203,-139.679382,142.875946,1653.609985,-199.798828,79.678795,1670.416992,-104.523643,53.283249,1696.995972,-227.233765
342,2.850000,36.394852,1677.094238,-139.938385,143.232468,1654.912109,-200.052490,80.836235,1672.495850,-105.979507,53.652443,1698.400391,-227.564529
343,2.858000,36.781658,1678.708130,-140.257156,143.419250,1656.369507,-200.194611,81.568436,1673.995728,-106.467850,54.032146,1699.777710,-227.853699
344,2.867000,37.088791,1680.434082,-140.608719,143.649155,1657.933960,-200.315765,82.067848,1675.600342,-106.409271,54.454002,1701.180542,-228.049942
345,2.875000,37.138794,1682.054321,-140.922302,143.820343,1659.205688,-200.241379,82.139473,1677.089355,-106.393311,54.764687,1702.665527,-228.402618
346,2.883000,37.429726,1683.887695,-141.262665,143.976151,1660.622559,-200.178680,81.785522,1678.709595,-106.515015,55.185181,1704.166138,-228.720490
347,2.892000,37.606110,1685.537109,-141.687302,144.044083,1662.185059,-200.131302,81.383568,1680.786377,-107.105843,55.565865,1705.711426,-229.119919
348,2.900000,37.925289,1687.440796,-142.278885,144.151871,1663.579956,-200.067322,81.174210,1682.525391,-107.351921,55.965275,1707.239868,-229.553055
349,2.908000,38.043304,1689.058594,-142.625198,144.417252,1664.850220,-200.090622,81.047028,1683.951538,-107.212021,56.410049,1708.746094,-229.999985
350,2.917000,38.231087,1690.623779,-143.028336,144.602219,1666.321777,-200.032181,80.850082,1684.967651,-106.677551,56.763203,1710.200562,-230.400055
351,2.925000,38.426273,1692.212402,-143.392883,144.802170,1667.865112,-200.165741,81.064499,1686.311157,-106.699127,57.103935,1711.717896,-230.763901
352,2.933000,38.712093,1693.428467,-143.782959,145.121521,1669.342041,-200.597351,80.981194,1687.532471,-106.694519,57.413677,1713.243408,-231.085114
353,2.942000,39.093658,1694.815552,-144.133484,145.494110,1670.810303,-200.866226,81.053101,1688.864136,-106.076057,57.757156,1714.718262,-231.311829
354,2.950000,39.512577,1696.202148,-144.406601,145.863129,1672.433472,-201.225861,81.482605,1690.167236,-106.199951,58.034210,1716.208740,-231.575546
355,2.958000,39.994701,1697.450439,-144.724808,146.177780,1673.988037,-201.791534,82.059212,1691.516479,-106.680618,58.282310,1717.749756,-231.869675
356,2.967000,40.474377,1698.872925,-144.931870,146.569000,1675.482300,-202.097595,82.812767,1693.149780,-107.427910,58.682068,1719.249878,-232.223328
357,2.975000,41.030331,1700.348145,-145.265472,147.010483,1677.289551,-202.567551,83.542900,1694.520264,-108.490303,58.961853,1720.720703,-232.526291
358,2.983000,41.564919,1701.990356,-145.524506,147.475998,1679.011108,-203.282074,84.357872,1696.210693,-109.791595,59.304226,1722.349487,-232.920044
359,2.992000,41.956020,1703.520142,-145.937012,148.027267,1680.642090,-203.934814,85.857552,1698.723999,-111.506508,59.685066,1723.843872,-233.328934
360,3.000000,42.714130,1705.339478,-146.413055,148.438675,1682.335571,-204.370560,86.373070,1700.637573,-111.908966,60.141403,1725.404419,-233.711166
361,3.008000,43.154167,1707.191162,-146.850967,148.814835,1683.992920,-204.801743,86.727150,1702.446167,-112.353287,60.493237,1727.042358,-234.256546
362,3.017000,43.525234,1709.018677,-147.273590,149.030899,1685.322876,-204.911819,86.711617,1704.195312,-112.503738,60.959793,1728.567017,-234.775513
363,3.025000,43.761559,1710.861694,-147.812012,149.257919,1686.871338,-205.171555,86.578537,1705.620117,-112.330482,61.362980,1730.201416,-235.251099
364,3.033000,43.977654,1712.725342,-148.356400,149.445145,1688.510254,-205.237457,86.695023,1707.340088,-112.459610,61.782158,1731.733765,-235.861313
365,3.042000,44.123116,1714.336792,-148.960083,149.719025,1689.799805,-205.384521,86.490540,1708.786621,-112.415886,62.236626,1733.232056,-236.428741
366,3.050000,44.183174,1716.108643,-149.421783,149.987732,1691.260132,-205.750565,86.110184,1710.378540,-111.633301,62.662407,1734.833252,-236.942444
367,3.058000,44.594742,1717.813965,-150.024887,150.195770,1692.959229,-206.240921,85.521004,1711.804932,-110.945419,63.012547,1736.354614,-237.441040
368,3.067000,44.655495,1719.283691,-150.447021,150.577377,1694.587158,-206.662827,86.427467,1713.590820,-112.006577,63.375050,1737.918701,-237.951630
369,3.075000,45.082169,1720.976318,-150.989212,150.896484,1696.007324,-207.182846,87.369377,1715.498169,-113.627136,63.666290,1739.425903,-238.363129
370,3.083000,45.424873,1722.379761,-151.341583,151.196762,1697.716919,-207.548965,88.104668,1717.302246,-115.500343,63.878380,1740.956543,-238.841751
371,3.092000,45.951294,1723.914673,-151.698715,151.517471,1699.521973,-208.034378,88.617126,1718.927612,-116.359871,64.060158,1742.514404,-239.234604
372,3.100000,46.372849,1725.342896,-151.985703,151.850906,1700.993530,-208.663391,88.951447,1720.235962,-116.522804,64.324799,1744.043457,-239.575729
373,3.108000,46.899452,1726.535767,-152.512238,152.309189,1702.775879,-209.413422,89.466995,1721.886230,-116.613480,64.383270,1745.583618,-239.984680
374,3.117000,47.423599,1727.986694,-152.903503,152.675507,1704.651611,-210.093445,90.419785,1723.377930,-117.785828,64.605270,1747.117310,-240.404800
375,3.125000,47.807281,1729.485718,-153.339554,153.006912,1706.296753,-210.734070,91.032875,1725.035767,-118.719475,64.804558,1748.567017,-240.854950
376,3.133000,48.021873,1731.005371,-153.660950,153.108826,1707.942627,-211.086868,91.205261,1726.686035,-118.959854,64.938469,1750.122437,-241.347321
377,3.142000,48.225163,1732.714233,-154.040329,153.239304,1709.829224,-211.322052,91.036011,1728.115845,-119.097420,65.049591,1751.671997,-241.758484
378,3.150000,48.176540,1734.373657,-154.424545,153.287888,1711.315918,-211.543686,91.098351,1729.682495,-119.374611,65.160286,1753.197876,-242.156586
379,3.158000,48.140572,1736.110718,-154.823776,153.297165,1712.895386,-211.682953,90.809303,1731.351929,-119.576637,65.253647,1754.741089,-242.590042
380,3.167000,48.037380,1737.752686,-155.303085,153.260971,1714.680908,-211.786865,90.434120,1732.775146,-119.317360,65.419868,1756.268799,-242.937286
381,3.175000,47.893536,1739.569580,-155.685287,153.243515,1716.076294,-211.857819,90.362480,1734.601196,-119.678604,65.444633,1757.741333,-243.384491
382,3.183000,47.792027,1741.206665,-156.076920,153.106674,1717.407837,-212.579208,90.064407,1736.359619,-119.890358,65.543335,1759.263916,-243.834839
383,3.192000,47.712631,1742.928955,-156.440720,154.113617,1718.636841,-211.229034,89.720261,1737.769775,-119.668098,65.684204,1760.726807,-244.187988
384,3.200000,47.788731,1744.329468,-156.863815,155.290146,1719.701904,-209.316574,89.849327,1739.411377,-119.865753,65.696014,1762.161255,-244.436890
385,3.208000,47.714142,1745.881226,-157.168900,155.305588,1721.088989,-209.389435,89.541580,1741.466431,-119.527344,65.907463,1763.570679,-244.873795
386,3.217000,47.906296,1747.358398,-157.557327,155.596252,1722.586060,-209.450638,89.319092,1742.741089,-118.914635,66.014420,1764.927979,-245.207687
387,3.225000,48.077602,1748.767334,-157.949448,155.615570,1724.199951,-210.058365,89.435234,1744.061523,-118.972633,66.071625,1766.302490,-245.624161
388,3.233000,48.208416,1750.331299,-158.301559,155.866547,1725.617554,-210.489304,89.408394,1745.539795,-119.293510,66.262901,1767.739990,-246.035294
389,3.242000,48.206566,1751.678101,-158.635727,155.921799,1727.042603,-210.841843,89.657722,1747.024536,-119.722618,66.410484,1769.073853,-246.374710
390,3.250000,48.348560,1753.288330,-159.043106,156.062378,1728.703125,-210.942474,89.977493,1748.826660,-120.580605,66.518692,1770.480225,-246.834244
391,3.258000,48.338390,1754.882812,-159.458176,156.168030,1730.152466,-210.827667,90.500420,1750.798706,-122.065514,66.636322,1771.904419,-247.265854
392,3.267000,48.282654,1756.280396,-159.921616,156.187042,1731.537964,-211.177505,90.753418,1752.632690,-123.952766,66.803719,1773.274048,-247.671219
393,3.275000,48.327587,1758.145996,-160.307678,156.277222,1733.162842,-211.336838,90.912422,1754.189453,-124.304878,66.928131,1774.697510,-248.177643
394,3.283000,48.400581,1759.686035,-160.737381,156.383377,1734.705322,-211.319946,90.923927,1755.712891,-124.492813,67.086067,1776.065308,-248.615555
395,3.292000,48.345676,1761.136353,-161.202698,156.504074,1736.065674,-211.498413,90.632530,1757.102417,-124.678795,67.236420,1777.464966,-248.961105
396,3.300000,48.458599,1762.715576,-161.641037,156.515305,1737.432373,-212.088165,90.277176,1758.243530,-124.553032,67.343124,1778.781860,-249.465485
397,3.308000,48.587677,1764.045654,-162.092621,156.743042,1738.832764,-212.336121,90.544472,1759.840698,-124.753136,67.550896,1780.109497,-249.896164
398,3.317000,48.730370,1765.423950,-162.402374,156.985886,1740.154419,-212.510925,90.866692,1761.978149,-125.322502,67.673218,1781.342163,-250.215973
399,3.325000,49.003765,1766.700806,-162.751709,157.124283,1741.389526,-212.991333,91.711487,1763.534546,-126.959549,67.832123,1782.584229,-250.501282
400,3.333000,49.176403,1767.814819,-162.989166,157.376282,1742.632568,-213.579025,92.146080,1764.674194,-127.509178,67.941803,1783.789551,-250.855148
401,3.342000,49.267490,1768.877686,-162.909286,157.688263,1743.939819,-213.646790,92.273376,1765.674438,-127.742767,68.137772,1784.970459,-251.041977
402,3.350000,49.510929,1770.016968,-162.988159,157.935440,1745.322632,-213.750259,92.473404,1766.654297,-127.966660,68.298653,1786.129517,-251.205444
403,3.358000,49.740005,1771.087646,-163.251907,158.038467,1746.507690,-214.233734,92.537529,1767.563477,-127.663254,68.418945,1787.318237,-251.469589
404,3.367000,49.855972,1772.093384,-163.424591,158.301804,1747.633667,-214.585953,92.580994,1768.379639,-127.510635,68.587181,1788.501831,-251.692978
405,3.375000,50.220253,1773.286865,-163.585587,158.536392,1748.975098,-214.544342,92.544601,1769.173706,-127.381683,68.826881,1789.608765,-251.856537
406,3.383000,50.381756,1774.459595,-163.784576,158.592270,1750.300049,-214.470383,92.764717,1770.506470,-127.720581,68.953049,1790.677124,-252.080353
407,3.392000,50.422504,1775.628906,-163.972992,158.676804,1751.511963,-214.531128,92.812553,1771.718018,-127.791496,69.073845,1791.899902,-252.201736
408,3.400000,50.551949,1776.695190,-164.266052,158.824890,1752.598511,-214.697464,92.695503,1772.783569,-127.696571,69.226898,1793.057739,-252.361923
409,3.408000,50.524632,1777.889038,-164.344467,158.893265,1753.787354,-214.662643,92.413368,1773.722656,-127.344269,69.360428,1794.098267,-252.560944
410,3.417000,50.475960,1779.132202,-164.499756,158.947403,1755.052856,-214.483871,92.417236,1775.322266,-127.248344,69.493652,1795.179565,-252.677353
411,3.425000,50.484360,1780.308228,-164.658829,158.989243,1756.101074,-214.482269,92.432053,1776.541260,-127.561790,69.581413,1796.301025,-252.713181
412,3.433000,50.484535,1781.327026,-164.712967,159.030045,1757.120850,-214.568146,92.708931,1778.328003,-128.239243,69.679993,1797.359741,-252.759308
413,3.442000,50.331436,1782.374634,-164.673965,159.161118,1758.207275,-214.539047,93.283699,1779.805420,-129.385773,69.737831,1798.305420,-252.903824
414,3.450000,50.379196,1783.431885,-164.783295,159.249588,1759.321289,-214.385941,95.265572,1779.748657,-129.153976,69.777542,1799.273193,-252.945129
415,3.458000,50.374855,1784.436401,-164.874359,159.250000,1760.346436,-214.361908,95.733856,1780.387695,-128.926163,69.787697,1800.297607,-252.880447
416,3.467000,50.291470,1785.308960,-164.924149,159.294128,1761.318970,-214.370804,95.745026,1781.267944,-129.014557,69.796852,1801.300659,-252.853745
417,3.475000,50.197136,1786.275635,-164.910461,159.322388,1762.220825,-214.345612,95.637901,1782.343994,-129.007477,69.828560,1802.178589,-252.910583
418,3.483000,50.035530,1787.207520,-164.907776,159.282181,1763.262451,-214.173920,95.521851,1783.307617,-129.021667,69.867294,1803.020386,-253.009079
419,3.492000,49.932312,1788.116821,-164.960709,159.222351,1764.238892,-213.818024,95.398109,1784.191162,-129.036621,69.880157,1803.886719,-253.064423
420,3.500000,49.943439,1789.064575,-165.061752,159.165268,1765.118774,-213.713928,95.069107,1785.185913,-128.791153,69.889977,1804.751465,-253.030457
421,3.508000,49.866009,1789.933105,-165.109711,159.193420,1765.979248,-213.697418,95.033157,1786.078003,-128.698532,69.945396,1805.562500,-253.011261
422,3.517000,49.867020,1790.807129,-165.138489,159.263931,1766.762451,-213.654938,95.038269,1786.946411,-128.906952,69.993889,1806.311401,-253.024277
423,3.525000,49.808506,1791.612915,-165.168549,159.319550,1767.655029,-213.601044,95.089256,1787.865112,-128.943298,70.082756,1807.084106,-253.027832
424,3.533000,49.803867,1792.394043,-165.155441,159.396118,1768.462646,-213.420502,95.127472,1788.677612,-128.961197,70.095520,1807.833862,-253.100311
425,3.542000,49.887405,1793.152588,-165.205841,159.438385,1769.316895,-213.345856,95.099525,1789.471069,-128.991119,70.146637,1808.519775,-253.179367
426,3.550000,49.921688,1793.816650,-165.300385,159.584503,1770.025879,-213.364960,95.224815,1790.184937,-128.969742,70.199821,1809.152466,-253.255096
427,3.558000,49.951675,1794.431763,-165.345352,159.682449,1770.646851,-213.534225,95.285095,1790.785645,-128.977158,70.297401,1809.768555,-253.277267
428,3.567000,49.981937,1795.028320,-165.356232,159.748825,1771.228638,-213.654709,95.161156,1791.294434,-128.960159,70.365402,1810.421265,-253.212219
429,3.575000,49.762226,1795.475586,-165.349899,159.792221,1771.790161,-213.441086,95.111183,1791.747070,-128.943573,70.376709,1811.018311,-253.148682
430,3.583000,49.831253,1796.031250,-165.233093,159.759033,1772.512939,-213.246933,95.095856,1792.192139,-128.907471,70.349380,1811.640747,-253.049042
431,3.592000,49.739334,1796.573486,-165.187683,159.710648,1773.389526,-213.098129,95.008743,1792.747803,-128.848022,70.302399,1812.278564,-252.977524
432,3.600000,49.630692,1797.134521,-165.160583,159.453125,1774.208130,-213.321777,94.861565,1793.427979,-128.763458,70.271133,1812.887451,-252.956039
433,3.608000,49.647610,1797.856323,-165.153778,159.391205,1775.036133,-213.790588,94.926292,1794.120483,-128.661240,70.250076,1813.494263,-253.002380
434,3.617000,49.609859,1798.568115,-165.171051,159.241623,1775.753662,-214.581024,94.726326,1794.820557,-128.477890,70.271805,1814.147583,-253.052505
435,3.625000,49.454750,1799.203857,-165.228058,158.838089,1776.669067,-215.096298,94.654747,1795.495605,-128.563217,70.280647,1814.811035,-253.050598
436,3.633000,49.404411,1799.869995,-165.216034,158.100739,1777.943237,-215.960434,94.592232,1796.260864,-128.530319,70.252884,1815.437256,-252.952194
437,3.642000,49.241512,1800.467407,-165.130539,157.860764,1778.872314,-216.124893,94.488907,1797.018188,-128.460083,70.260193,1816.066040,-252.809021
438,3.650000,49.105942,1801.059204,-165.042130,157.869324,1779.558594,-215.922928,94.311302,1797.677246,-128.388657,70.290871,1816.691772,-252.667099
439,3.658000,49.130283,1801.712891,-164.919647,157.874832,1780.223877,-215.806305,94.311920,1798.161987,-128.317200,70.305573,1817.228027,-252.659714
440,3.667000,49.082058,1802.255127,-164.941971,157.880936,1780.755249,-215.712158,94.197662,1798.656128,-128.216309,70.386436,1817.760742,-252.732391
441,3.675000,49.049126,1802.750488,-165.006927,157.885925,1781.158813,-215.496750,94.109215,1799.113159,-128.163177,70.448235,1818.388428,-252.615509
442,3.683000,48.872326,1803.160522,-165.070511,157.918839,1781.501831,-215.335587,93.859276,1799.547241,-128.141190,70.524345,1818.943481,-252.522171
443,3.692000,48.873978,1803.647583,-165.095306,157.881226,1781.898560,-215.212448,93.612465,1799.923584,-127.922043,70.553879,1819.431763,-252.460419
444,3.700000,48.854553,1804.132812,-165.107864,157.818756,1782.429077,-215.149872,93.419479,1800.252075,-127.808586,70.565239,1819.929810,-252.435989
445,3.708000,48.762814,1804.569824,-165.151245,157.784241,1783.069092,-215.115753,93.296104,1800.676880,-127.816689,70.547264,1820.500366,-252.370514
446,3.717000,48.588654,1804.960449,-165.156082,157.811798,1783.710938,-215.010315,93.377243,1801.188965,-128.044464,70.527222,1821.058105,-252.358521
447,3.725000,48.516567,1805.433350,-165.165955,157.838120,1784.476196,-215.058014,93.382454,1801.771606,-128.116028,70.502785,1821.568237,-252.444916
448,3.733000,48.672306,1806.011597,-165.181915,157.851532,1785.135010,-215.177628,93.538574,1802.296875,-128.145844,70.384354,1822.076660,-252.559097
449,3.742000,48.678001,1806.530029,-165.284561,157.838486,1785.716309,-215.217712,93.565109,1802.873779,-128.211960,70.343803,1822.602051,-252.711380
450,3.750000,48.560093,1807.026123,-165.404510,157.791245,1786.231445,-215.291794,93.577545,1803.485474,-128.344971,70.306854,1823.050781,-252.868057
451,3.758000,48.504654,1807.495972,-165.529404,157.771271,1786.687134,-215.301910,93.425850,1803.999390,-128.430161,70.314369,1823.469238,-252.994949
452,3.767000,48.576614,1808.024048,-165.685776,157.723038,1787.056396,-215.292694,93.184456,1804.557129,-128.350891,70.313950,1823.869385,-253.103760
453,3.775000,48.539684,1808.500732,-165.858017,157.712051,1787.476929,-215.274368,93.028229,1805.061401,-128.400970,70.358421,1824.245605,-253.210068
454,3.783000,48.488949,1808.913696,-166.061279,157.687134,1787.820312,-215.302353,93.086136,1805.482300,-128.676025,70.444771,1824.572510,-253.365906
455,3.792000,48.441673,1809.310425,-166.286011,157.667206,1788.066895,-215.305801,93.054749,1805.886353,-128.851944,70.562065,1824.863159,-253.568710
456,3.800000,48.350849,1809.601807,-166.481018,157.746780,1788.227295,-215.343674,93.038040,1806.136963,-128.972000,70.727310,1825.109009,-253.728561
457,3.808000,48.405846,1809.787842,-166.661011,157.928284,1788.324585,-215.369873,93.121254,1806.286743,-129.094757,70.943604,1825.254028,-253.822800
458,3.817000,48.530403,1809.892334,-166.774353,158.120804,1788.390747,-215.516983,93.263756,1806.375366,-129.258728,71.114677,1825.356445,-253.943329
459,3.825000,48.729980,1809.920044,-166.835480,158.301987,1788.529663,-215.709274,93.486916,1806.363403,-129.372818,71.277145,1825.435425,-254.034348
460,3.833000,48.947807,1809.903931,-166.862427,158.505005,1788.546875,-215.902161,93.765129,1806.327759,-129.459946,71.438690,1825.484619,-254.080322
461,3.842000,49.267860,1809.938843,-166.892349,158.763519,1788.576416,-216.081116,93.814514,1806.296509,-129.289734,71.598228,1825.468262,-254.138672
462,3.850000,49.511200,1809.904541,-166.909103,159.059875,1788.537354,-216.176361,93.986137,1806.148071,-129.170517,71.747139,1825.444336,-254.154205
463,3.858000,49.762238,1809.821533,-166.903687,159.269821,1788.409058,-216.266464,94.273819,1805.994263,-129.236237,71.899200,1825.403442,-254.159271
464,3.867000,49.946793,1809.527588,-166.976303,159.397461,1788.239380,-216.273209,94.728874,1805.896851,-129.618118,72.081329,1825.316162,-254.158463
465,3.875000,50.098381,1809.411743,-166.977875,159.557510,1788.133667,-216.310822,94.944969,1805.886841,-129.700775,72.248573,1825.243286,-254.180908
466,3.883000,50.225109,1809.351196,-166.964508,159.662674,1787.958984,-216.259125,95.069824,1805.762817,-129.696365,72.406075,1825.161133,-254.194443
467,3.892000,50.339489,1809.303833,-166.984528,159.832001,1787.754639,-216.137299,95.278656,1805.626953,-129.651230,72.565430,1825.044067,-254.207764
468,3.900000,50.470177,1809.219116,-166.977158,159.987656,1787.517944,-216.057816,95.402946,1805.517578,-129.637207,72.749451,1824.901367,-254.237152
469,3.908000,50.632179,1809.113037,-166.966949,160.118240,1787.322510,-216.030930,95.431343,1805.336670,-129.599472,72.954323,1824.742676,-254.238434
470,3.917000,50.797173,1808.988037,-166.940781,160.236435,1787.184448,-216.082657,95.601913,1805.120239,-129.532898,73.133896,1824.605835,-254.243011
471,3.925000,51.001965,1808.808350,-166.895844,160.453430,1786.909790,-216.119492,95.827705,1804.886230,-129.501465,73.348541,1824.426270,-254.215088
472,3.933000,51.240643,1808.601807,-166.823837,160.735168,1786.597290,-216.066681,96.057808,1804.636230,-129.445404,73.604874,1824.202026,-254.131821
473,3.942000,51.529640,1808.351562,-166.717865,161.022736,1786.273071,-216.148697,96.342339,1804.322998,-129.393936,73.863167,1823.934570,-254.028381
474,3.950000,51.863819,1808.011475,-166.609985,161.276535,1785.978882,-216.195114,96.852455,1803.887451,-129.318008,74.107140,1823.660278,-253.936050
475,3.958000,52.227524,1807.611084,-166.470718,161.539871,1785.609497,-216.222946,97.288307,1803.463989,-129.233536,74.330917,1823.355347,-253.822006
476,3.967000,52.590019,1807.176758,-166.296417,161.765106,1785.218872,-216.305542,97.689476,1802.959106,-129.136459,74.507477,1823.058105,-253.708603
477,3.975000,53.085751,1806.782349,-166.103638,161.963409,1784.858887,-216.334839,97.997856,1802.409912,-129.086395,74.679688,1822.760010,-253.547852
478,3.983000,53.320412,1806.311279,-165.926697,162.136566,1784.447632,-216.314346,98.341301,1801.882324,-128.992874,74.884254,1822.293823,-253.488892
479,3.992000,53.377953,1805.864380,-165.775574,162.302063,1784.066284,-216.295258,98.597313,1801.388306,-128.898361,75.038185,1821.941528,-253.386475
480,4.000000,53.531967,1805.488525,-165.628983,162.455887,1783.706055,-216.169769,98.798973,1801.013306,-128.792297,75.168465,1821.689941,-253.225677
481,4.008000,53.661266,1805.243164,-165.454391,162.607361,1783.382080,-216.024048,98.941132,1800.737549,-128.672256,75.319954,1821.473511,-253.039001
482,4.017000,53.880508,1804.973145,-165.478409,162.712646,1783.109253,-215.929581,99.041145,1800.559326,-128.551971,75.457268,1821.255981,-252.907074
483,4.025000,53.903923,1804.854736,-165.391937,162.750000,1782.855347,-215.807129,99.068405,1800.455566,-128.436646,75.581680,1821.060547,-252.790451
484,4.033000,53.921040,1804.768677,-165.318680,162.777725,1782.623779,-215.668472,99.082420,1800.396973,-128.335739,75.671135,1820.860352,-252.725037
485,4.042000,53.920395,1804.663818,-165.234299,162.813461,1782.356323,-215.540878,99.081413,1800.261963,-128.243973,75.739845,1820.677979,-252.692642
486,4.050000,53.997749,1804.541382,-165.178802,162.860031,1782.039307,-215.366013,98.905624,1800.103394,-127.979263,75.792717,1820.455444,-252.623566
487,4.058000,54.060318,1804.309326,-165.094147,162.973007,1781.768555,-215.291199,98.838417,1799.815796,-127.770546,75.822083,1820.211670,-252.538681
488,4.067000,54.007389,1803.952026,-164.904556,163.034393,1781.529907,-215.284103,99.034592,1799.474731,-127.785507,75.835945,1819.924072,-252.375931
489,4.075000,54.073299,1803.567017,-164.717194,163.071991,1781.294312,-215.199417,99.330894,1799.170776,-127.665161,75.816200,1819.631226,-252.249802
490,4.083000,54.182903,1803.201294,-164.521255,163.156921,1781.016235,-215.102051,99.321426,1798.842285,-127.529457,75.810806,1819.327026,-252.109589
491,4.092000,54.306309,1802.831055,-164.314529,163.273560,1780.754395,-214.935059,99.479401,1798.357056,-127.325577,75.842430,1818.978760,-251.909378
492,4.100000,54.485298,1802.613525,-163.913773,163.354965,1780.474854,-214.828049,99.636887,1797.894653,-127.171066,75.965492,1818.632935,-251.686600
493,4.108000,54.548958,1802.233643,-163.639236,163.384186,1780.141968,-214.651779,99.719353,1797.502808,-126.969429,75.992325,1818.307861,-251.450363
494,4.117000,54.458004,1801.775635,-163.595795,163.409058,1779.726562,-214.494904,99.741913,1797.180786,-126.795410,76.011520,1817.977173,-251.248688
495,4.125000,54.400707,1801.431519,-163.442841,163.441940,1779.343384,-214.263596,99.709244,1796.842651,-126.623627,76.028053,1817.628174,-251.007294
496,4.133000,54.330166,1801.064819,-163.249680,164.755341,1778.044678,-212.197571,99.711403,1796.452759,-126.453415,76.042931,1817.246582,-250.798248
497,4.142000,54.383205,1800.623779,-163.135529,165.160141,1777.152832,-210.425034,99.697838,1795.995117,-126.312958,76.065948,1816.848633,-250.682327
498,4.150000,54.580418,1800.157349,-163.064804,164.795792,1776.636108,-210.441666,99.525406,1795.427979,-125.986176,76.046127,1816.396851,-250.510986
499,4.158000,54.539883,1799.546143,-162.869873,164.698074,1776.101196,-210.763779,99.707047,1794.822144,-125.925659,76.048248,1815.898193,-250.395096
500,4.167000,54.596077,1799.122192,-162.452805,164.776306,1775.646606,-211.069153,100.005409,1794.238770,-125.829491,76.049316,1815.328613,-250.249237
501,4.175000,54.687752,1798.515137,-162.182022,164.723480,1775.150269,-211.623093,99.994408,1793.638428,-125.712769,76.047676,1814.794067,-250.014313
502,4.183000,54.703148,1797.910889,-161.940552,164.360016,1774.903809,-212.207947,100.109016,1792.973511,-125.476746,76.025650,1814.219116,-249.736908
503,4.192000,54.781097,1797.254150,-161.725769,164.098068,1774.691528,-212.555786,100.217018,1792.274170,-125.281006,75.978874,1813.583130,-249.515762
504,4.200000,54.979568,1796.572144,-161.525406,164.959167,1773.492065,-211.250198,100.369820,1791.542480,-125.068741,75.975471,1812.993042,-249.354553
505,4.208000,55.095997,1795.802612,-161.240829,165.405212,1772.448730,-209.621216,100.356941,1790.816895,-124.650368,75.981712,1812.385620,-249.179916
506,4.217000,55.196014,1795.021484,-160.931381,165.505096,1771.760010,-209.175049,100.455482,1790.015381,-124.341171,76.024612,1811.735596,-248.943741
507,4.225000,55.281498,1794.314575,-160.662857,165.566986,1771.028198,-209.265457,100.979095,1789.276978,-124.426247,76.065773,1811.094727,-248.706726
508,4.233000,55.402023,1793.657471,-160.441971,165.660919,1770.260742,-209.403671,101.177071,1788.639648,-124.319359,76.077354,1810.385376,-248.437378
509,4.242000,55.559975,1792.937378,-160.272675,165.771866,1769.628906,-209.373367,101.264481,1787.965332,-124.157646,76.069839,1809.658081,-248.223831
510,4.250000,55.790344,1792.261963,-160.090576,165.818069,1768.912720,-209.275528,101.213486,1787.226562,-123.827187,76.028000,1808.926392,-248.054871
511,4.258000,55.883354,1791.464844,-159.846466,165.893860,1768.178101,-208.947754,101.275330,1786.388184,-123.567184,76.034195,1808.182373,-247.833618
512,4.267000,55.739361,1790.565918,-159.507019,165.912796,1767.439819,-208.744766,101.312019,1785.590942,-123.366028,75.999260,1807.519897,-247.540314
513,4.275000,55.806564,1789.859985,-159.219727,165.847153,1766.571045,-208.602249,101.471832,1784.697998,-123.047379,75.971855,1806.782593,-247.228287
514,4.283000,55.815502,1789.033936,-159.033005,165.698868,1765.681396,-208.667618,101.268654,1783.792847,-122.824806,75.854469,1805.972412,-246.955246
515,4.292000,55.724979,1788.039185,-158.768219,165.547195,1764.793457,-208.499176,101.071884,1782.882202,-122.423027,75.652672,1805.130859,-246.677689
516,4.300000,55.522831,1787.054199,-158.380127,165.426880,1764.010864,-208.041779,100.949623,1781.909180,-122.092857,75.534996,1804.339600,-246.373901
517,4.308000,55.359241,1786.188354,-158.024078,165.418762,1763.283325,-207.490967,100.858528,1780.923950,-121.763237,75.358673,1803.592651,-246.030792
518,4.317000,55.234627,1785.291382,-157.656174,165.179184,1762.437744,-207.176315,100.643440,1780.000000,-121.324776,75.157310,1802.769165,-245.540070
519,4.325000,54.899372,1784.250732,-157.145798,164.925461,1761.590820,-207.036209,100.798088,1778.942993,-121.324844,74.912270,1801.897949,-245.041855
520,4.333000,54.722729,1783.303223,-156.682556,164.705154,1760.673706,-206.925232,100.440262,1778.084595,-120.828163,74.667648,1801.038086,-244.642548
521,4.342000,54.418724,1782.365479,-156.206985,164.495789,1759.825806,-206.832779,100.351891,1777.055176,-120.403923,74.406921,1800.265503,-244.276611
522,4.350000,54.194019,1781.541626,-155.764633,164.228821,1759.030762,-206.238815,99.748260,1776.243896,-119.828926,74.131432,1799.454712,-243.796509
523,4.358000,53.895535,1780.635498,-155.360535,163.913528,1758.253296,-205.654953,99.210167,1775.437622,-119.258751,73.868515,1798.593506,-243.240524
524,4.367000,53.539867,1779.735596,-154.907104,163.578964,1757.400879,-204.721924,98.999817,1774.671021,-118.759460,73.572113,1797.702881,-242.727203
525,4.375000,53.146877,1778.929443,-154.391479,163.210541,1756.609619,-203.924789,98.664177,1773.848389,-118.326241,73.314003,1796.902832,-242.222321
526,4.383000,52.782696,1778.127808,-153.950867,162.903152,1755.778076,-203.397598,98.077057,1773.071899,-117.683479,72.950356,1796.147583,-241.740219
527,4.392000,52.357368,1777.273315,-153.534836,162.593262,1754.832520,-203.143311,97.848473,1772.174072,-117.489830,72.591957,1795.341431,-241.261078
528,4.400000,51.914455,1776.334717,-153.113022,162.367279,1753.931885,-203.037430,97.482285,1771.335205,-117.019974,72.313560,1794.441528,-240.773132
529,4.408000,51.488701,1775.455688,-152.595764,162.053513,1753.041138,-202.341583,97.070908,1770.484131,-116.598114,72.055016,1793.644775,-240.303864
530,4.417000,51.262421,1774.707397,-152.103104,161.677734,1752.239380,-201.771957,96.446907,1769.660278,-116.018700,71.744446,1792.827148,-239.856186
531,4.425000,50.775177,1773.742920,-151.672440,161.312454,1751.471558,-201.357773,95.999306,1768.818237,-115.470963,71.409721,1792.018433,-239.471008
532,4.433000,50.592972,1772.923706,-151.397247,161.059067,1750.701660,-200.902649,95.547333,1767.979736,-115.041855,71.100395,1791.159302,-239.103638
533,4.442000,50.324104,1771.947021,-151.069138,160.842987,1749.782959,-200.512466,94.994629,1767.188965,-114.531212,70.798561,1790.240723,-238.733612
534,4.450000,50.244644,1771.115234,-150.855255,160.669220,1748.883545,-200.288498,94.229515,1766.622559,-113.922859,70.533905,1789.393921,-238.257584
535,4.458000,50.079777,1770.185547,-150.503403,160.444199,1747.948486,-200.237122,93.547981,1766.285645,-114.007065,70.298767,1788.521484,-237.805328
536,4.467000,49.811512,1769.251221,-150.132812,160.304749,1747.209229,-200.195557,92.904213,1766.065430,-114.144066,70.067909,1787.619141,-237.435974
537,4.475000,49.532036,1768.263062,-149.727676,160.163589,1746.411499,-199.933167,92.915833,1765.195801,-113.797348,69.823822,1786.644165,-237.089630
538,4.483000,49.558758,1767.315308,-149.407806,160.040848,1745.428955,-199.509216,92.449867,1763.997925,-113.348618,69.632980,1785.682861,-236.771744
539,4.492000,49.434292,1766.363281,-149.093307,159.879654,1744.388062,-199.341721,91.932869,1762.708618,-112.433800,69.498161,1784.726562,-236.483032
540,4.500000,49.175098,1765.411987,-148.715668,159.699570,1743.286743,-199.183868,91.548279,1761.252319,-111.804443,69.315025,1783.694092,-236.246750
541,4.508000,49.038120,1764.332642,-148.432205,159.519104,1742.294312,-198.975571,91.717110,1760.026123,-111.062302,69.129639,1782.699463,-235.906158
542,4.517000,48.873257,1763.348389,-148.085175,159.321930,1741.373047,-198.627792,91.622177,1758.772095,-110.951439,68.904655,1781.724243,-235.578003
543,4.525000,48.694946,1762.355469,-147.824265,159.142365,1740.417236,-198.206741,91.509232,1757.841675,-111.003403,68.718475,1780.721069,-235.297348
544,4.533000,48.541981,1761.346802,-147.625046,158.950607,1739.413086,-197.928452,91.405037,1757.065063,-111.064919,68.495804,1779.779907,-235.003448
545,4.542000,48.351131,1760.326294,-147.284607,158.753372,1738.322388,-197.552399,91.251678,1756.651123,-111.507042,68.282715,1778.763062,-234.723938
546,4.550000,48.067566,1759.383545,-147.015045,158.488190,1737.422363,-197.692520,91.053329,1756.072144,-111.170906,68.078354,1777.838379,-234.471603
547,4.558000,47.854343,1758.461304,-146.781204,158.276474,1736.512451,-197.485092,90.919556,1755.321899,-110.942642,67.852119,1776.879150,-234.280182
548,4.567000,47.718300,1757.579468,-146.539795,158.240097,1735.635132,-196.950424,90.716599,1754.708130,-110.666862,67.669289,1775.935791,-234.026016
549,4.575000,47.608532,1756.692139,-146.256805,158.082825,1734.639160,-196.344910,90.661087,1753.851440,-110.427521,67.508698,1775.005371,-233.748413
550,4.583000,47.483757,1755.807251,-146.004532,157.819504,1733.573364,-196.185226,90.222900,1752.779175,-109.788818,67.422127,1773.970703,-233.535965
551,4.592000,47.409306,1754.986816,-145.797241,157.683090,1732.465210,-196.371475,89.825531,1751.417358,-108.974335,67.322144,1772.955078,-233.370789
552,4.600000,47.308807,1754.003418,-145.511002,157.696671,1731.410034,-196.597946,89.383949,1749.966187,-107.652733,67.192268,1771.955078,-233.119186
553,4.608000,47.379120,1752.938843,-145.216095,157.784454,1730.366333,-196.294937,89.307808,1748.553833,-106.468163,67.159889,1770.930054,-232.850204
554,4.617000,47.370865,1751.820679,-144.988693,157.682404,1729.313354,-196.228256,89.199554,1747.255981,-105.533173,67.175552,1769.842285,-232.596695
555,4.625000,47.447170,1750.890137,-144.780930,157.607498,1728.080811,-196.301453,89.269608,1746.163574,-105.285362,67.080406,1768.703613,-232.476624
556,4.633000,47.568119,1749.693604,-144.574890,157.657425,1726.861450,-196.210663,89.335495,1745.050903,-105.113281,67.085823,1767.661255,-232.311859
557,4.642000,47.696903,1748.548950,-144.396881,157.681000,1725.787720,-196.038559,89.549179,1743.802124,-105.033287,67.071609,1766.583984,-232.141357
558,4.650000,47.799267,1747.470215,-144.309860,157.602249,1724.815796,-195.974091,89.797371,1742.622559,-105.037804,67.069870,1765.496582,-231.966202
559,4.658000,47.838806,1746.529175,-144.135071,157.520859,1723.751953,-196.031403,90.139336,1741.815186,-105.533852,67.007423,1764.432861,-231.940598
560,4.667000,47.909668,1745.496094,-144.029938,157.515427,1722.578369,-196.012314,90.686646,1741.249023,-106.616745,66.945381,1763.386108,-231.902084
561,4.675000,47.908394,1744.613525,-144.006958,157.512466,1721.646729,-195.960815,91.060677,1740.611938,-107.853767,66.921425,1762.357788,-231.782547
562,4.683000,47.926727,1743.714600,-144.000336,157.398560,1720.617188,-195.946808,91.214012,1740.006348,-108.104202,66.851013,1761.190918,-231.770157
563,4.692000,47.832092,1742.744385,-143.939941,157.349075,1719.482666,-195.939713,91.234398,1739.198242,-108.170975,66.776016,1760.088135,-231.924301
564,4.700000,47.725266,1741.578247,-143.917618,157.274719,1718.197632,-195.987411,91.163292,1738.157471,-108.136177,66.679604,1758.957153,-231.989166
565,4.708000,47.815742,1740.695801,-143.837189,157.250381,1716.865479,-195.807159,91.198639,1737.031250,-108.099716,66.662704,1757.779663,-231.865921
566,4.717000,47.828266,1739.590942,-143.760834,157.134232,1715.746582,-195.905273,91.556335,1735.334351,-107.872902,66.639343,1756.580566,-231.760376
567,4.725000,47.762451,1738.268188,-143.691437,157.077789,1714.315186,-195.623550,91.385696,1733.693604,-107.414818,66.533562,1755.339966,-231.808807
568,4.733000,47.835457,1736.978394,-143.537979,157.128510,1712.981323,-195.696533,91.681915,1732.281494,-107.150238,66.497437,1754.106323,-231.730133
569,4.742000,47.935719,1735.700195,-143.406631,157.018005,1711.659058,-195.961227,92.006294,1731.104370,-107.226852,66.457932,1752.917358,-231.582260
570,4.750000,48.004276,1734.285522,-143.269150,157.007355,1710.508667,-195.851410,92.419708,1729.945801,-107.400757,66.309807,1751.668335,-231.459244
571,4.758000,48.107960,1733.048462,-143.123642,157.103577,1709.374512,-195.932755,92.456139,1728.634521,-107.394249,66.214966,1750.482788,-231.307861
572,4.767000,48.257957,1731.867432,-143.042236,157.112442,1708.125854,-196.310730,92.524857,1727.247803,-107.200119,66.167671,1749.286377,-231.255188
573,4.775000,48.429848,1730.716309,-142.901779,157.001343,1707.010376,-196.812027,92.848808,1726.216553,-107.313705,66.110542,1748.069214,-231.282227
574,4.783000,48.553375,1729.572998,-142.791855,157.017807,1706.042114,-196.788345,93.269371,1725.270264,-107.499702,66.012108,1746.902588,-231.179932
575,4.792000,48.655605,1728.500854,-142.760590,157.041885,1704.921631,-196.777618,93.213821,1724.183105,-107.463226,65.982010,1745.742920,-231.056183
576,4.800000,48.736225,1727.405273,-142.696030,156.736877,1703.596802,-197.376221,93.056107,1722.892700,-107.436272,65.981873,1744.530762,-231.097443
577,4.808000,48.784321,1726.257812,-142.624649,156.426422,1702.320435,-197.836029,93.144272,1721.889404,-107.687714,65.913338,1743.230591,-231.072296
578,4.817000,48.737396,1725.029419,-142.630356,156.181366,1701.247803,-198.095016,93.580780,1720.824951,-107.756775,65.896667,1741.971558,-231.007751
579,4.825000,48.665913,1723.779175,-142.593369,155.627304,1700.077148,-199.209946,93.707901,1719.559814,-107.648590,65.877174,1740.694458,-231.040924
580,4.833000,48.596127,1722.365356,-142.549728,155.043686,1698.888672,-199.976822,93.750633,1718.053711,-107.410309,65.791901,1739.351562,-231.054779
581,4.842000,48.559540,1721.030762,-142.512070,155.007904,1697.581299,-200.043869,93.696938,1716.607910,-107.354897,65.682274,1738.041260,-230.866745
582,4.850000,48.443466,1719.632080,-142.471085,154.918076,1696.231934,-200.010574,93.945099,1715.191040,-107.454514,65.595688,1736.748413,-230.833298
583,4.858000,48.452431,1718.164673,-142.293274,154.848541,1694.791626,-200.163040,94.121902,1713.672974,-107.449631,65.432091,1735.407349,-230.811295
584,4.867000,48.395618,1716.683716,-142.152130,154.849289,1693.506226,-200.292023,94.155220,1712.259155,-107.305336,65.237732,1734.062256,-230.661774
585,4.875000,48.541306,1715.307007,-142.018997,154.854782,1692.342285,-200.461884,94.405807,1710.845215,-107.380592,65.123039,1732.813232,-230.433701
586,4.883000,48.686455,1713.885254,-141.809708,154.811752,1690.950562,-200.555756,94.651337,1709.301758,-107.352417,65.017265,1731.491577,-230.200989
587,4.892000,48.773170,1712.446655,-141.650650,154.679779,1689.568848,-200.722809,94.868088,1707.916626,-107.236176,64.836769,1730.129517,-230.019394
588,4.900000,48.582912,1711.004272,-141.409546,154.657394,1688.423096,-200.832520,95.106499,1706.604004,-107.159111,64.591568,1729.022461,-229.868210
589,4.908000,48.452515,1710.005737,-141.066681,154.545990,1687.147949,-200.854538,95.491501,1705.320190,-107.183372,64.434563,1727.831543,-229.706741
590,4.917000,48.422485,1708.820679,-140.902420,154.436203,1685.819458,-200.805725,95.821854,1703.865112,-107.234512,64.270889,1726.544312,-229.487061
591,4.925000,48.320572,1707.482544,-140.787384,154.230392,1684.555298,-200.771942,95.843010,1702.690063,-107.087158,64.081764,1725.294922,-229.481995
592,4.933000,48.298546,1706.188232,-140.637848,153.997971,1683.419800,-200.785583,95.705482,1701.489624,-106.987732,63.887329,1724.045898,-229.412338
593,4.942000,48.270226,1704.927368,-140.537827,153.772217,1682.103027,-200.755447,95.741531,1700.287109,-107.007301,63.752979,1722.763916,-229.224670
594,4.950000,48.156738,1703.532715,-140.485519,153.598801,1680.650757,-200.643570,96.008766,1698.551392,-107.342148,63.630825,1721.465454,-229.077438
595,4.958000,48.087097,1702.125122,-140.424118,153.403625,1679.202271,-200.541977,95.766487,1697.208496,-107.097420,63.388855,1720.166870,-229.068207
596,4.967000,47.932579,1700.723633,-140.276947,153.245377,1677.843994,-200.357880,95.324638,1695.823975,-106.730324,63.203030,1718.860962,-228.847183
597,4.975000,47.755920,1699.214600,-140.204926,153.083054,1676.507324,-200.395203,94.777718,1694.350952,-106.425713,63.092129,1717.599487,-228.523849
598,4.983000,47.696629,1697.784302,-140.048553,152.908844,1675.128296,-200.373825,93.940353,1692.962402,-106.080688,62.936909,1716.142334,-228.592346
599,4.992000,47.492893,1696.414551,-139.891006,152.772247,1673.811890,-200.355438,93.140579,1691.374023,-105.882370,62.656113,1714.959717,-228.439133
600,5.000000,47.363907,1695.055664,-139.748337,152.616074,1672.650391,-200.367691,92.931885,1690.201782,-106.006760,62.535763,1713.609863,-228.344315
601,5.008000,47.177040,1693.775146,-139.540802,152.452698,1671.449951,-200.193100,92.870842,1688.745728,-105.927376,62.305962,1712.317627,-228.109467
602,5.017000,47.045006,1692.589966,-139.280624,152.361069,1670.245605,-200.009094,92.972862,1687.609497,-105.642792,62.041100,1711.318237,-227.640808
603,5.025000,46.933235,1691.311279,-139.015625,152.168671,1669.074219,-199.932510,93.415298,1686.563843,-105.498543,61.681263,1710.321045,-227.204880
604,5.033000,46.584240,1690.299805,-138.398010,151.984985,1668.093628,-199.935776,93.935677,1685.379150,-105.400192,61.482033,1709.111572,-226.918304
605,5.042000,46.533623,1689.007690,-137.942307,151.788239,1666.957886,-199.756378,94.357483,1684.203735,-105.226364,61.301903,1707.862915,-226.591690
606,5.050000,46.413059,1687.808350,-137.519867,151.650238,1665.802246,-199.602707,94.800087,1682.646484,-105.320473,61.045158,1706.701050,-226.318573
607,5.058000,46.311470,1686.501099,-137.274429,151.470322,1664.546021,-199.517670,94.628242,1681.484985,-104.816216,60.784275,1705.504028,-226.258270
608,5.067000,46.278408,1685.166748,-137.332321,151.292648,1663.302979,-199.377350,94.437218,1680.246216,-104.409431,60.643040,1704.179199,-226.152679
609,5.075000,46.139698,1683.889771,-137.350327,151.126877,1662.093872,-199.124878,94.508331,1678.983521,-104.176277,60.510288,1702.986694,-225.817062
610,5.083000,45.923553,1682.651245,-137.304810,150.993088,1660.899658,-199.044205,94.704155,1677.369507,-105.135941,60.293152,1702.013672,-225.691071
611,5.092000,45.801342,1681.463379,-137.252029,150.888916,1659.587158,-198.952652,94.052650,1676.546753,-104.396965,60.085041,1700.849976,-225.715454
612,5.100000,45.595264,1680.344116,-137.131744,150.736908,1658.231445,-198.681580,93.076508,1675.440063,-103.989189,60.063328,1699.479248,-225.683701
613,5.108000,45.390648,1679.227417,-137.125443,150.679398,1657.028931,-198.531921,91.769440,1674.613281,-103.816734,60.048626,1698.371460,-225.538162
614,5.117000,45.187302,1678.144409,-137.087479,150.502396,1655.833496,-198.438049,90.794701,1673.525513,-103.902275,59.919197,1697.179688,-225.453827
615,5.125000,44.977966,1677.000610,-136.989731,150.394272,1654.458862,-198.250595,90.593185,1672.321411,-103.878586,59.811970,1695.956421,-225.370682
616,5.133000,44.803577,1675.886719,-136.887833,150.399765,1653.155762,-198.160324,90.704010,1671.357788,-103.903305,59.775570,1694.708008,-225.367950
617,5.142000,44.689732,1674.783203,-136.832275,150.316376,1652.012939,-198.111481,90.874344,1670.407837,-104.052216,59.720310,1693.479492,-225.373505
618,5.150000,44.593620,1673.613647,-136.791626,150.168304,1650.935181,-198.085815,90.982498,1669.384644,-104.046463,59.511360,1692.317505,-225.302338
619,5.158000,44.323479,1672.630737,-136.426636,150.069748,1649.746094,-198.041382,91.028152,1668.117798,-103.987877,59.292320,1691.180664,-225.044159
620,5.167000,44.270111,1671.540771,-136.117172,150.023788,1648.534546,-198.141541,91.000000,1666.984131,-103.893120,59.159237,1690.006470,-224.815323
621,5.175000,44.222980,1670.266113,-135.915466,149.972321,1647.346802,-198.132858,91.110558,1665.874023,-103.974632,59.037991,1688.697632,-224.858810
622,5.183000,44.233994,1668.988770,-135.841049,149.802475,1646.252930,-198.286179,91.325577,1664.632690,-104.031799,58.919151,1687.261597,-225.210861
623,5.192000,44.084393,1667.803955,-135.939270,149.657150,1645.062012,-198.391052,91.860428,1663.125610,-104.029152,58.779762,1686.160645,-225.179535
624,5.200000,44.060616,1666.619995,-135.901505,149.611389,1643.634521,-198.270798,92.127182,1661.784668,-103.579132,58.702301,1684.729004,-225.272079
625,5.208000,44.010578,1665.450317,-135.876495,149.507172,1642.256226,-198.062180,92.152374,1660.561157,-103.321098,58.636116,1683.633057,-225.070602
626,5.217000,43.884586,1664.285034,-136.040619,149.295532,1640.968506,-198.046555,92.083031,1659.410889,-103.357727,58.482368,1682.342773,-225.364334
627,5.225000,43.691826,1663.120361,-136.256805,149.105530,1639.541016,-198.044662,92.233208,1658.068604,-103.836739,58.632874,1681.022705,-225.339172
628,5.233000,43.607471,1661.970215,-136.542648,148.971069,1637.955933,-197.834518,91.967896,1657.019897,-103.766418,58.612751,1679.609009,-225.512604
629,5.242000,43.371746,1660.617798,-136.789581,148.862091,1636.661499,-197.709000,91.490921,1655.964844,-103.608665,58.583969,1678.343262,-225.602692
630,5.250000,43.345123,1659.525635,-136.850159,148.864212,1635.364136,-197.913971,91.253441,1654.928833,-103.692886,58.653275,1677.199341,-225.475739
631,5.258000,43.257038,1658.327271,-137.006393,148.847153,1633.838623,-198.017838,90.704643,1653.524414,-103.842278,58.678326,1675.715088,-225.734924
632,5.267000,43.261539,1657.147827,-137.075134,148.887680,1632.530518,-198.076324,89.872322,1652.383789,-103.727905,58.449718,1674.557495,-225.907516
633,5.275000,43.278851,1655.825317,-137.184875,148.866348,1631.497314,-198.252716,88.988121,1651.184814,-103.712433,58.528053,1673.185913,-226.033234
634,5.283000,43.340462,1654.560181,-137.182556,148.949234,1630.201294,-198.630600,89.145317,1650.035645,-103.904564,58.419247,1671.992676,-226.112869
635,5.292000,43.492001,1653.333496,-137.235748,149.019028,1628.749390,-198.769455,89.216095,1648.735352,-103.917801,58.320976,1670.793335,-226.207123
636,5.300000,43.612961,1651.999146,-137.279037,149.079163,1627.609863,-198.928146,89.436432,1647.310913,-104.008835,58.242283,1669.514893,-226.329681
637,5.308000,43.709015,1650.634033,-137.271545,149.080078,1626.618652,-199.295532,90.362732,1646.529785,-104.928719,58.181297,1668.252075,-226.427872
638,5.317000,43.775772,1649.422485,-137.175247,149.130829,1625.249878,-199.641571,91.433998,1645.225586,-105.019623,58.135338,1666.963135,-226.467773
639,5.325000,43.859051,1648.142212,-137.223709,149.077652,1623.794678,-199.755020,92.657547,1643.185059,-105.060104,58.105106,1665.652344,-226.547516
640,5.333000,43.819290,1646.795898,-137.323624,149.088608,1622.688477,-199.797424,92.449387,1641.968872,-104.845329,58.079678,1664.403442,-226.565491
641,5.342000,43.925537,1645.450562,-137.514191,149.085419,1621.512451,-200.082184,92.341438,1640.821411,-104.850731,58.049965,1663.155151,-226.641083
642,5.350000,43.909607,1644.290894,-137.444366,149.056229,1620.007202,-200.276581,91.917198,1639.513550,-104.823128,57.958721,1661.872314,-226.705856
643,5.358000,43.866756,1643.024658,-137.538574,149.065826,1618.596680,-200.231140,91.150887,1638.229370,-104.925110,58.004330,1660.578979,-226.842377
644,5.367000,43.873066,1641.634888,-137.808090,149.027237,1617.456665,-200.391449,90.166321,1637.029785,-104.994576,58.071201,1659.260132,-226.834549
645,5.375000,43.949135,1640.412598,-137.858475,149.074997,1615.884277,-200.441422,90.083008,1635.867920,-105.233406,58.022099,1657.920166,-226.935928
646,5.383000,43.942493,1639.106079,-137.920334,149.126968,1614.322388,-200.524796,90.315651,1634.710693,-105.506844,58.057030,1656.627441,-226.992844
647,5.392000,43.945595,1637.764038,-138.076263,149.166046,1613.133911,-200.634018,90.278923,1633.298950,-105.519012,58.211277,1655.237915,-227.111801
648,5.400000,43.988331,1636.434937,-138.165955,149.196198,1611.914307,-200.911530,90.209534,1631.793945,-105.481377,58.207569,1653.961914,-227.220901
649,5.408000,44.074730,1635.151978,-138.246918,149.247116,1610.288940,-200.935501,90.372482,1630.565430,-105.685547,58.186260,1652.680298,-227.317245
650,5.417000,44.089901,1633.812012,-138.337372,149.404480,1608.949341,-201.045242,90.343246,1629.130005,-105.717873,58.309788,1651.405640,-227.348801
651,5.425000,44.088215,1632.574585,-138.283691,149.436188,1607.839722,-201.290894,90.294334,1627.648071,-105.646927,58.389591,1650.044312,-227.437851
652,5.433000,44.011250,1631.195190,-138.250717,149.403183,1606.473389,-201.463394,90.392593,1626.355591,-105.843384,58.327499,1648.792480,-227.576187
653,5.442000,44.218800,1629.872437,-138.368088,149.479340,1605.065063,-201.590088,90.675468,1625.175537,-106.099602,58.329220,1647.482788,-227.596527
654,5.450000,44.327435,1628.535767,-138.450592,149.553345,1603.807373,-201.801880,90.708023,1623.707642,-106.094688,58.477005,1646.114136,-227.600845
655,5.458000,44.370754,1627.143188,-138.508820,149.638657,1602.515381,-201.948761,90.704720,1622.174072,-106.068306,58.495708,1644.769531,-227.774933
656,5.467000,44.462456,1625.777710,-138.573318,149.652725,1600.952759,-202.039322,90.838364,1620.873779,-106.185501,58.450481,1643.477783,-227.779068
657,5.475000,44.548767,1624.447266,-138.711349,149.708450,1599.568359,-202.190735,91.004585,1619.614014,-106.397537,58.547386,1642.220703,-227.774948
658,5.483000,44.595684,1623.242920,-138.783264,149.807297,1598.321655,-202.385895,90.839775,1618.255981,-106.344002,58.603493,1640.948120,-227.856918
659,5.492000,44.548569,1622.056641,-138.957474,149.786484,1597.060547,-202.561859,90.796356,1617.045410,-106.379669,58.596092,1639.726074,-228.092575
660,5.500000,44.648811,1620.957031,-139.307495,149.780487,1595.788086,-202.713669,90.971535,1616.110596,-106.687637,58.639706,1638.498047,-228.331223
661,5.508000,44.699081,1619.918579,-139.546310,149.771301,1594.646362,-203.045441,91.156212,1615.219849,-106.995384,58.718872,1637.277832,-228.485962
662,5.517000,44.661125,1619.007446,-139.523743,149.708755,1593.638306,-203.338394,91.041718,1614.203247,-106.998672,58.786671,1636.037720,-228.831345
663,5.525000,44.648705,1617.912354,-139.716782,149.684479,1592.542847,-203.556473,90.849045,1613.094238,-107.021561,58.842781,1634.819214,-229.067230
664,5.533000,44.517075,1616.776123,-139.849991,149.552795,1591.210571,-203.917816,90.905159,1612.130859,-107.315620,58.938274,1633.551392,-229.190964
665,5.542000,44.707668,1615.744019,-140.128174,149.456329,1589.983643,-204.271591,91.035652,1611.181763,-107.589043,59.075222,1632.299072,-229.308502
666,5.550000,44.718948,1614.594116,-140.319473,149.283096,1588.875122,-204.527618,91.191780,1610.077148,-107.788734,59.205925,1630.965820,-229.662643
667,5.558000,44.642445,1613.322144,-140.454285,149.099808,1587.469727,-204.760681,91.114494,1608.782471,-107.827827,59.357391,1629.661499,-229.792160
668,5.567000,44.511333,1611.982788,-140.559158,150.897125,1584.420898,-202.309586,90.935860,1607.291382,-107.917931,59.455261,1628.345581,-229.819000
669,5.575000,44.718933,1610.736572,-140.749298,151.922256,1582.595215,-200.233414,90.903114,1605.973877,-108.101707,59.523731,1626.997925,-230.047394
670,5.583000,44.737450,1609.437744,-140.893799,152.190414,1581.226196,-199.957611,90.777298,1604.513672,-107.915810,59.641918,1625.691162,-230.179245
671,5.592000,44.783882,1608.074097,-140.947754,152.098816,1580.001343,-200.643845,90.862167,1603.042358,-108.028030,59.683975,1624.432007,-230.130890
672,5.600000,44.990944,1606.708740,-141.042603,152.159119,1578.684937,-201.109894,91.125763,1601.792358,-108.333092,59.718456,1623.106812,-230.140793
673,5.608000,45.107594,1605.390381,-141.121323,152.429276,1577.449585,-200.991531,91.419922,1600.613159,-108.500694,59.797764,1621.714722,-230.324356
674,5.617000,45.172020,1603.986816,-141.149460,152.501160,1576.182373,-201.291901,91.515190,1599.201660,-108.462868,59.863182,1620.393311,-230.389862
675,5.625000,45.319954,1602.581421,-141.161118,152.604721,1574.697510,-201.647049,91.550407,1597.698364,-108.474945,59.913540,1619.092285,-230.346161
676,5.633000,45.482677,1601.225586,-141.278137,152.892639,1573.254028,-201.611069,91.748352,1596.362793,-108.636131,60.004070,1617.677856,-230.418030
677,5.642000,45.564812,1599.858765,-141.330826,152.985565,1572.000244,-201.530502,92.023033,1595.107666,-108.718735,60.168701,1616.307617,-230.567062
678,5.650000,45.603683,1598.498413,-141.366394,153.035004,1570.418213,-201.735397,92.004349,1593.666626,-108.683624,60.262630,1615.058472,-230.504318
679,5.658000,45.572300,1597.093750,-141.421448,153.147583,1568.821411,-201.866592,91.911545,1592.216309,-108.710815,60.511620,1613.506470,-230.365875
680,5.667000,45.701714,1595.883667,-141.578903,153.155304,1567.545898,-201.852417,92.054848,1590.913208,-108.862198,60.619152,1612.142578,-230.552002
681,5.675000,45.685482,1594.620605,-141.681442,153.184097,1566.098022,-201.923004,91.944725,1589.489258,-108.784286,60.717850,1610.852173,-230.748138
682,5.683000,45.662045,1593.348511,-141.778732,153.261597,1564.634766,-202.111115,91.794472,1588.140503,-108.872223,60.794651,1609.640625,-230.718674
683,5.692000,45.552418,1592.111328,-141.773331,153.280197,1563.466309,-202.228836,91.893044,1587.006714,-109.047478,60.757191,1608.442993,-230.779160
684,5.700000,45.657368,1590.988281,-141.884445,153.272476,1562.360596,-202.170929,92.164543,1585.857056,-109.161041,60.729744,1607.286499,-230.904465
685,5.708000,45.621605,1589.780640,-141.956833,153.298370,1561.140381,-202.228012,92.235878,1584.637207,-109.027702,60.774677,1606.112183,-230.920074
686,5.717000,45.593277,1588.556641,-141.953293,153.282639,1559.861938,-202.411774,92.126419,1583.342163,-109.070190,60.789940,1604.863770,-230.830170
687,5.725000,45.511936,1587.347412,-141.879501,153.183411,1558.794678,-202.502380,92.148918,1582.243042,-109.206528,60.679420,1603.741455,-230.882492
688,5.733000,45.467186,1586.317993,-141.762085,153.069641,1557.692871,-202.419418,92.363548,1581.083740,-109.279930,60.575222,1602.667603,-230.895126
689,5.742000,45.387825,1585.122437,-141.732162,153.053116,1556.521118,-202.296356,92.508751,1579.681519,-109.169327,60.526066,1601.492065,-230.823395
690,5.750000,45.297634,1583.917480,-141.666611,152.989761,1555.390015,-202.395355,92.669708,1578.383545,-108.979645,60.506454,1600.339233,-230.641037
691,5.758000,45.313763,1582.691162,-141.654175,152.833450,1554.226807,-202.505585,92.815445,1577.121704,-108.865517,60.438393,1599.210205,-230.593155
692,5.767000,45.203140,1581.498535,-141.657043,152.796478,1553.145264,-202.440918,92.927315,1575.885986,-108.776184,60.362984,1598.148804,-230.663589
693,5.775000,45.137989,1580.306396,-141.630234,152.840118,1552.024292,-202.260300,93.093925,1574.739380,-108.758781,60.328922,1596.957153,-230.561966
694,5.783000,45.174545,1579.185913,-141.595413,152.846649,1550.879395,-202.358215,93.198486,1573.349731,-108.864372,60.352188,1595.807129,-230.346420
695,5.792000,45.262077,1577.939819,-141.607864,152.827606,1549.677734,-202.489761,93.192780,1572.184448,-108.700485,60.349716,1594.692505,-230.390442
696,5.800000,45.247093,1576.671997,-141.546631,152.892731,1548.491821,-202.481903,93.162476,1571.021973,-108.685699,60.314274,1593.507080,-230.513214
697,5.808000,45.320141,1575.415527,-141.525986,153.025497,1547.342651,-202.385208,93.253304,1569.842896,-108.773994,60.408443,1592.263550,-230.432999
698,5.817000,45.482937,1574.157715,-141.548065,153.048294,1546.034546,-202.466553,93.508720,1568.317383,-108.910698,60.491577,1591.074951,-230.248642
699,5.825000,45.560989,1572.859375,-141.509766,153.112213,1544.631592,-202.625351,93.506416,1566.901733,-108.719360,60.584133,1589.927612,-230.318909
700,5.833000,45.628559,1571.572754,-141.530319,153.202438,1543.231445,-202.413803,93.590279,1565.692505,-108.606125,60.813736,1588.655396,-230.364319
701,5.842000,45.801113,1570.336670,-141.544113,153.275116,1541.902832,-202.313461,93.940895,1564.075928,-108.916328,60.987385,1587.379395,-230.303833
702,5.850000,45.897816,1569.117920,-141.590164,153.349594,1540.432373,-202.357452,94.029091,1562.727051,-108.801483,61.163193,1586.234985,-230.241379
703,5.858000,45.974129,1567.870483,-141.632553,153.524872,1538.965454,-202.281860,93.914963,1561.539795,-108.643944,61.366295,1585.016479,-230.324921
704,5.867000,46.185635,1566.668091,-141.671677,153.568604,1537.713867,-202.261566,93.903931,1560.445801,-108.679573,61.602467,1583.799316,-230.443100
705,5.875000,46.407150,1565.470215,-141.717926,153.811844,1536.517944,-202.290680,94.332458,1559.023438,-109.000717,61.886597,1582.511963,-230.526291
706,5.883000,46.610298,1564.298096,-141.665161,154.060242,1535.256226,-202.470978,94.638573,1557.688110,-108.922684,62.030769,1581.280762,-230.456421
707,5.892000,46.843258,1563.051880,-141.652939,154.239227,1534.188110,-202.798950,94.764122,1556.590210,-108.779610,62.127781,1580.364746,-230.209305
708,5.900000,47.108337,1561.797241,-141.618073,154.361618,1533.140747,-202.945007,94.923035,1555.466919,-108.864769,62.276535,1579.301636,-230.158051
709,5.908000,47.400253,1560.563599,-141.543182,154.636230,1532.069946,-203.048721,95.146942,1554.218994,-109.091713,62.404705,1578.153442,-230.218613
710,5.917000,47.701218,1559.323975,-141.485535,154.876419,1530.909668,-203.220032,95.660225,1552.689575,-109.211296,62.539818,1576.939697,-230.137375
711,5.925000,47.885139,1558.052246,-141.468948,154.975113,1529.773926,-203.573730,95.972237,1551.397217,-108.957802,62.481712,1575.819214,-230.278748
712,5.933000,48.041153,1556.743896,-141.426025,155.215759,1528.627075,-203.609451,96.052170,1550.094604,-108.919571,62.762104,1574.780029,-230.093811
713,5.942000,48.280952,1555.517944,-141.424789,155.363281,1527.377075,-203.505478,96.573990,1548.558594,-109.291618,62.991566,1573.609009,-229.996414
714,5.950000,48.439159,1554.341797,-141.436218,155.427994,1526.134277,-203.584442,96.543526,1547.345581,-109.085968,63.166885,1572.472778,-229.962570
715,5.958000,48.444160,1553.208862,-141.555237,155.539169,1524.800415,-203.661179,96.340996,1546.220581,-108.917999,63.178806,1571.280396,-230.238022
716,5.967000,48.485161,1551.869263,-141.789780,155.694977,1523.485962,-203.505951,96.260094,1545.132202,-108.983856,63.530632,1570.250366,-230.205093
717,5.975000,48.663910,1551.016602,-141.832504,155.758545,1522.278564,-203.443420,96.405533,1544.043579,-109.113670,63.786732,1569.149048,-230.225693
718,5.983000,48.821453,1550.172119,-141.922897,155.846329,1521.109253,-203.492111,96.686058,1542.797607,-109.388626,64.033966,1568.057129,-230.314255
719,5.992000,48.912991,1549.255859,-142.073120,156.007599,1519.877319,-203.561096,96.766342,1541.985229,-109.320625,64.279922,1567.001465,-230.458817
720,6.000000,49.077057,1548.263550,-142.261093,156.212280,1518.737427,-203.646133,96.723595,1541.076050,-109.401169,64.495094,1565.996582,-230.667816
721,6.008000,49.284515,1547.035278,-142.583282,156.396484,1517.726807,-203.817307,96.756584,1539.997681,-109.497772,64.699852,1564.945923,-230.901733
722,6.017000,49.546997,1546.130615,-142.533722,156.614365,1516.681030,-203.981491,97.290001,1538.896240,-109.443871,64.942421,1563.885498,-231.007538
723,6.025000,49.950253,1545.001831,-142.544296,156.861176,1515.436279,-204.289093,97.816254,1537.533447,-109.630318,65.185318,1562.821045,-230.947250
724,6.033000,50.224503,1543.617554,-142.774231,157.117935,1514.253906,-204.650742,98.312447,1536.164673,-109.841820,65.334084,1561.791138,-231.103302
725,6.042000,50.489830,1542.343262,-142.810349,157.397675,1513.266479,-204.975647,98.685883,1534.859253,-110.038857,65.456474,1560.784180,-231.235031
726,6.050000,50.763855,1541.075928,-142.970871,157.643188,1512.318237,-205.148514,99.011124,1533.400635,-110.316330,65.605438,1559.814697,-231.219803
727,6.058000,50.999447,1539.969360,-143.035721,157.804459,1511.265991,-205.517563,99.338242,1532.203857,-110.491615,65.738205,1558.909546,-231.091309
728,6.067000,51.210999,1538.991455,-143.105423,157.949127,1510.246094,-205.940353,99.652451,1531.167480,-110.636436,65.784737,1558.111450,-230.969009
729,6.075000,51.389557,1538.032837,-143.220703,158.087433,1509.330322,-206.290009,99.903656,1530.236450,-110.760727,65.899696,1557.232666,-231.385635
730,6.083000,51.536514,1537.113770,-143.247665,158.286591,1508.665894,-206.337006,100.125145,1529.396362,-110.877312,65.992096,1556.441284,-231.586288
731,6.092000,51.938549,1536.374878,-143.400528,158.494949,1508.125122,-206.455261,100.395485,1528.623779,-111.140282,66.088516,1555.716187,-231.609009
732,6.100000,52.183208,1535.732422,-143.538376,158.610901,1507.480957,-206.636719,100.625671,1528.082886,-111.305397,66.163109,1555.035522,-231.566711
733,6.108000,52.404171,1535.152832,-143.639801,158.716904,1506.796265,-206.887558,100.868271,1527.550415,-111.436729,66.434639,1554.237671,-231.981750
734,6.117000,52.627220,1534.562134,-143.788651,158.825119,1506.070557,-207.179810,101.094971,1526.943481,-111.568680,66.572044,1553.521118,-232.278671
735,6.125000,52.827499,1533.962402,-143.913498,158.910110,1505.292725,-207.413696,101.308708,1526.282471,-111.700546,66.660309,1552.896484,-232.506409
736,6.133000,52.911167,1533.330322,-144.077240,159.061020,1504.566040,-207.514069,101.421783,1525.628662,-111.876549,66.819824,1552.266846,-232.712631
737,6.142000,52.999969,1532.734863,-144.250000,159.188644,1503.983887,-207.523560,101.513069,1525.076904,-112.091034,66.983849,1551.682495,-232.838745
738,6.150000,53.093643,1532.189331,-144.434128,159.257797,1503.407104,-207.514969,101.582100,1524.445435,-112.292023,67.126083,1551.131958,-232.966507
739,6.158000,53.168495,1531.658203,-144.664291,159.310181,1502.772339,-207.695511,102.075371,1523.715210,-112.952759,67.231522,1550.570679,-233.104126
740,6.167000,53.294605,1531.193115,-144.806503,159.411133,1502.144775,-207.885330,102.301392,1523.177124,-113.227226,67.357666,1550.008179,-233.266693
741,6.175000,53.420383,1530.741577,-144.944183,159.516052,1501.542358,-208.179031,102.412781,1522.714478,-113.332535,67.485748,1549.477051,-233.405457
742,6.183000,53.596886,1530.285400,-145.067963,159.673492,1500.985962,-208.465591,102.119133,1522.483521,-112.952751,67.581459,1548.918579,-233.692444
743,6.192000,53.781212,1529.846436,-145.191528,159.863953,1500.519775,-208.717636,102.163857,1522.054688,-112.921700,67.721397,1548.444092,-233.903244
744,6.200000,53.950394,1529.403687,-145.290695,160.060135,1500.130859,-208.931839,102.353279,1521.613281,-113.058464,67.846130,1547.987915,-234.063828
745,6.208000,54.157089,1528.952393,-145.386292,160.212830,1499.676636,-209.206818,102.648201,1521.132935,-113.314308,67.939407,1547.527344,-234.187134
746,6.217000,54.370060,1528.542358,-145.517395,160.361877,1499.328491,-209.517761,102.968346,1520.631836,-113.543152,68.051605,1547.144775,-234.273422
747,6.225000,54.536983,1527.939941,-145.720688,160.532166,1499.000488,-209.781738,103.273163,1520.220947,-113.760124,68.123512,1546.798828,-234.369202
748,6.233000,54.838501,1527.645752,-145.808823,160.678284,1498.630981,-210.133499,103.538612,1519.836670,-113.944199,68.256294,1546.462524,-234.499344
749,6.242000,55.044739,1527.317383,-145.972931,160.831680,1498.262207,-210.441269,103.787674,1519.574463,-114.152306,68.425819,1546.104980,-234.735153
750,6.250000,55.337772,1526.802490,-146.309372,161.006287,1497.857300,-210.715088,104.141296,1518.814697,-114.756256,68.608665,1545.750854,-235.005432
751,6.258000,55.570114,1526.430786,-146.498093,161.141327,1497.432129,-211.079849,104.377563,1518.419434,-114.920738,68.779091,1545.413330,-235.235214
752,6.267000,55.784519,1526.131226,-146.652802,161.328247,1497.051147,-211.394882,104.584045,1518.255249,-114.963379,68.920746,1545.065674,-235.475327
753,6.275000,55.984138,1525.838989,-146.792068,161.510910,1496.710449,-211.641403,104.746864,1517.998901,-115.121605,69.078239,1544.780762,-235.589737
754,6.283000,56.181332,1525.571777,-146.940826,161.683350,1496.458496,-211.845200,104.949974,1517.737061,-115.289604,69.186348,1544.561890,-235.666214
755,6.292000,56.378799,1525.354492,-147.067078,161.790817,1496.219482,-212.141998,105.143051,1517.477905,-115.467690,69.134338,1544.474365,-235.532211
756,6.300000,56.536896,1525.193359,-147.188507,161.912506,1496.153564,-212.300400,105.362823,1517.309814,-115.587730,69.057373,1544.446777,-235.358780
757,6.308000,56.671776,1525.072510,-147.267334,161.947250,1496.126709,-212.434479,105.566330,1517.222290,-115.719086,68.976013,1544.416748,-235.249008
758,6.317000,56.747234,1525.029541,-147.332108,161.958481,1496.124146,-212.617416,105.999611,1517.242432,-116.050781,68.895676,1544.424805,-235.261108
759,6.325000,56.794979,1525.022339,-147.413910,161.982788,1496.217163,-212.712158,106.029579,1517.349121,-116.200356,68.834328,1544.411255,-235.302551
760,6.333000,56.761803,1525.064453,-147.492859,161.885849,1496.272827,-212.854111,106.005150,1517.427612,-116.286705,68.745918,1544.400879,-235.403702
761,6.342000,56.673183,1525.132202,-147.585251,161.812012,1496.300659,-212.865295,105.922630,1517.532959,-116.356705,69.039307,1544.157959,-236.109268
762,6.350000,56.592155,1525.201782,-147.655533,161.704056,1496.229614,-212.828720,105.804222,1517.615112,-116.360031,69.125015,1544.005127,-236.401993
763,6.358000,56.462936,1525.245239,-147.704926,161.634506,1496.161255,-212.705948,105.396919,1517.612549,-116.253181,69.102020,1543.984497,-236.443359
764,6.367000,56.296211,1525.254150,-147.729050,161.555374,1496.058228,-212.599762,105.130592,1517.585205,-116.104744,69.076721,1543.972168,-236.419296
765,6.375000,56.185314,1525.210571,-147.745071,161.525101,1495.933594,-212.500549,104.958145,1517.503662,-116.015511,69.054802,1543.924927,-236.417480
766,6.383000,56.081886,1525.134277,-147.732300,161.449112,1495.793579,-212.507263,104.841217,1517.389893,-116.012001,68.991669,1543.882568,-236.401672
767,6.392000,56.004856,1525.045532,-147.682648,161.428833,1495.769775,-212.518036,104.758385,1517.250244,-116.032555,68.929031,1543.839355,-236.326126
768,6.400000,55.963272,1524.913208,-147.615295,161.408813,1495.739624,-212.537964,104.755020,1517.086060,-115.990517,68.808311,1543.799805,-236.255737
769,6.408000,55.929062,1524.767090,-147.534637,161.371399,1495.778076,-212.573639,104.779457,1516.949341,-115.908844,68.706589,1543.774536,-236.122559
770,6.417000,55.926395,1524.635132,-147.416504,161.349976,1495.811035,-212.533127,104.830582,1516.810669,-115.861374,68.579376,1543.734619,-235.972733
771,6.425000,55.896973,1524.495850,-147.304764,161.296066,1495.853516,-212.595200,104.856445,1516.703369,-115.827171,68.474373,1543.701050,-235.863007
772,6.433000,55.851166,1524.364990,-147.211594,161.195816,1495.888062,-212.631439,104.853699,1516.670288,-115.760475,68.366058,1543.643555,-235.749893
773,6.442000,55.734550,1524.321899,-147.109497,161.105545,1495.832031,-212.489822,104.769699,1516.584229,-115.689026,68.260025,1543.603027,-235.672028
774,6.450000,55.564262,1524.293457,-147.035248,160.990524,1495.743652,-212.272186,104.586777,1516.517944,-115.560600,68.210533,1543.570801,-235.611298
775,6.458000,55.388779,1524.277832,-146.987717,160.821045,1495.590942,-212.043640,104.315895,1516.473511,-115.410446,68.147781,1543.525757,-235.576981
776,6.467000,55.148838,1524.312256,-146.922958,160.645050,1495.470581,-211.787140,104.009323,1516.456787,-115.221359,68.106209,1543.523926,-235.503891
777,6.475000,54.840828,1524.533569,-146.690491,160.464294,1495.344971,-211.474060,103.697006,1516.450684,-115.063690,68.073227,1543.495117,-235.495499
778,6.483000,54.653542,1524.640259,-146.612656,160.321152,1495.292847,-211.275833,103.411522,1516.486084,-114.914879,68.031555,1543.496704,-235.471710
779,6.492000,54.459038,1524.697754,-146.590683,160.209229,1495.278076,-211.087112,103.179771,1516.562744,-114.807587,67.966988,1543.505005,-235.436829
780,6.500000,54.337105,1524.720459,-146.578415,160.137497,1495.287354,-210.994293,103.017647,1516.605713,-114.754440,67.909584,1543.515015,-235.415314
781,6.508000,54.260094,1524.738281,-146.512222,160.075867,1495.351440,-210.990204,102.926498,1516.625244,-114.703079,67.830887,1543.532715,-235.358444
782,6.517000,54.186592,1524.689209,-146.449966,160.045807,1495.426880,-210.934448,102.887070,1516.623413,-114.657104,67.733040,1543.564331,-235.280426
783,6.525000,54.143475,1524.636963,-146.376740,159.998688,1495.512451,-210.960068,102.851311,1516.574829,-114.597794,67.605904,1543.547607,-235.174240
784,6.533000,54.082321,1524.567627,-146.268402,159.925217,1495.567749,-210.968033,102.811111,1516.539185,-114.545609,67.489777,1543.540405,-235.066162
785,6.542000,54.008682,1524.480591,-146.206497,159.829025,1495.558228,-210.948318,102.742012,1516.449707,-114.483795,67.398613,1543.512817,-234.992386
786,6.550000,53.907372,1524.425781,-146.165985,159.688461,1495.530762,-210.790482,102.597595,1516.426392,-114.407372,67.316124,1543.500854,-234.936478
787,6.558000,53.781715,1524.401978,-146.159744,159.547043,1495.468018,-210.615738,102.477348,1516.374634,-114.316429,67.242462,1543.485352,-234.882538
788,6.567000,53.647072,1524.391846,-146.171661,159.392471,1495.409424,-210.411148,102.322632,1516.395752,-114.246155,67.172089,1543.481445,-234.840500
789,6.575000,53.461834,1524.437378,-146.186508,159.276917,1495.357910,-210.203186,102.122734,1516.480591,-114.196510,67.100967,1543.470947,-234.842361
790,6.583000,53.316143,1524.541870,-146.175568,159.155609,1495.327881,-210.129929,101.972351,1516.588257,-114.152626,67.052368,1543.522217,-234.802094
791,6.592000,53.171825,1524.637695,-146.181641,159.101791,1495.336060,-210.021866,101.843391,1516.727051,-114.113205,67.018097,1543.546509,-234.799149
792,6.600000,53.084236,1524.712158,-146.198730,159.009628,1495.355225,-209.894150,101.721428,1516.816162,-114.062080,66.975563,1543.556274,-234.771072
793,6.608000,52.974285,1524.756226,-146.171188,158.992386,1495.350586,-209.810486,101.638191,1516.859863,-113.992043,66.962914,1543.526367,-234.754883
794,6.617000,52.929562,1524.743164,-146.153473,158.984879,1495.289185,-209.761002,101.583412,1516.835083,-113.954605,66.937103,1543.499146,-234.743103
795,6.625000,52.901215,1524.677002,-146.126465,158.972153,1495.228882,-209.763275,101.568405,1516.732544,-113.942268,66.915977,1543.444336,-234.690887
796,6.633000,52.868908,1524.528687,-146.088058,158.961304,1495.171997,-209.694870,101.464996,1516.458496,-113.960228,66.903900,1543.395264,-234.636337
797,6.642000,52.851543,1524.336670,-146.065842,158.917007,1495.045898,-209.683578,101.458015,1516.190063,-113.944954,66.914589,1543.301758,-234.558792
798,6.650000,52.853619,1524.127563,-146.021606,158.927124,1494.894531,-209.673935,101.442543,1515.944092,-113.933380,66.900124,1543.248779,-234.496872
799,6.658000,52.822166,1523.912476,-145.994492,158.903168,1494.781128,-209.649353,101.439491,1515.687744,-113.879395,66.902901,1543.181030,-234.414062
800,6.667000,52.795193,1523.709595,-145.933990,158.872131,1494.678467,-209.620270,101.423653,1515.476440,-113.824455,66.885437,1543.091553,-234.368271
801,6.675000,52.798473,1523.559082,-145.884125,158.847168,1494.580566,-209.625793,101.407486,1515.319214,-113.767738,66.855782,1543.009888,-234.328583
802,6.683000,52.772297,1523.455078,-145.850632,158.818375,1494.559692,-209.577698,101.388351,1515.224243,-113.711494,66.829086,1542.986572,-234.230591
803,6.692000,52.765095,1523.383545,-145.767334,158.830414,1494.569702,-209.556381,101.404640,1515.207397,-113.645798,66.778206,1542.972290,-234.153564
804,6.700000,52.713524,1523.366577,-145.690338,158.815475,1494.614746,-209.525330,101.378807,1515.221680,-113.588509,66.723526,1542.976196,-234.047318
805,6.708000,52.675522,1523.397339,-145.590073,158.806763,1494.688354,-209.477020,101.360634,1515.287964,-113.500244,66.560593,1543.050049,-233.739426
806,6.717000,52.644051,1523.415039,-145.511414,158.786179,1494.755981,-209.387680,101.351067,1515.351196,-113.420235,66.496613,1543.107788,-233.538330
807,6.725000,52.600101,1523.460327,-145.413177,158.726135,1494.760498,-209.331879,101.300476,1515.373413,-113.341026,66.450119,1543.098999,-233.437820
808,6.733000,52.526730,1523.442871,-145.335144,158.687653,1494.748169,-209.199936,101.236214,1515.375854,-113.254517,66.422066,1543.093628,-233.394165
809,6.742000,52.419189,1523.403442,-145.278061,158.573685,1494.717773,-209.092331,101.148605,1515.301392,-113.153969,66.382599,1543.083252,-233.265503
810,6.750000,52.315903,1523.364746,-145.190948,158.545441,1494.693604,-208.942841,101.043945,1515.235352,-113.051216,66.330223,1543.092773,-233.167969
811,6.758000,52.188953,1523.317261,-145.151794,158.470734,1494.636719,-208.810394,100.901764,1515.171631,-112.923927,66.290482,1543.108887,-233.075089
812,6.767000,52.101391,1523.323486,-145.081055,158.399933,1494.596802,-208.751160,100.754623,1515.128174,-112.784828,66.237938,1543.122925,-233.011429
813,6.775000,52.033195,1523.342773,-145.014786,158.390121,1494.596313,-208.656342,100.660378,1515.162598,-112.651741,66.243462,1543.115723,-232.995636
814,6.783000,52.011265,1523.384155,-144.944260,158.385406,1494.671997,-208.625351,100.620018,1515.221436,-112.554970,66.229042,1543.128662,-232.967743
815,6.792000,51.993557,1523.424805,-144.884277,158.411545,1494.763428,-208.572327,100.614716,1515.296875,-112.496201,66.214828,1543.139526,-232.880386
816,6.800000,52.015491,1523.472168,-144.813248,158.428787,1494.827515,-208.544357,100.617996,1515.357910,-112.461021,66.190208,1543.154297,-232.813873
817,6.808000,52.027542,1523.488525,-144.738022,158.425323,1494.811523,-208.474854,100.655159,1515.403809,-112.412529,66.209923,1543.158081,-232.762741
818,6.817000,52.054447,1523.498657,-144.668594,158.486160,1494.807861,-208.380875,100.690079,1515.404297,-112.366547,66.220505,1543.156250,-232.708176
819,6.825000,52.106571,1523.443481,-144.621445,158.515152,1494.788818,-208.356537,100.738541,1515.370850,-112.317505,66.243752,1543.124756,-232.636749
820,6.833000,52.155136,1523.377075,-144.536850,158.507980,1494.800293,-208.363785,100.778122,1515.276367,-112.275955,66.256042,1543.114746,-232.589493
821,6.842000,52.212219,1523.307983,-144.435410,158.560455,1494.766235,-208.304199,100.846008,1515.200195,-112.210518,66.291458,1543.119751,-232.507126
822,6.850000,52.285187,1523.241089,-144.364471,158.574142,1494.746826,-208.303192,100.909821,1515.142334,-112.149971,66.174606,1543.260254,-232.069519
823,6.858000,52.368313,1523.211182,-144.280838,158.647232,1494.779175,-208.276154,100.986130,1515.122070,-112.085564,66.104179,1543.390747,-231.726944
824,6.867000,52.436420,1523.228882,-144.178391,158.722336,1494.798828,-208.281937,101.088249,1515.124756,-112.055634,66.091072,1543.438354,-231.606720
825,6.875000,52.538387,1523.231689,-144.108704,158.794266,1494.859375,-208.279373,101.170418,1515.163696,-112.005219,66.126938,1543.452881,-231.566376
826,6.883000,52.599499,1523.294800,-144.000717,158.863220,1494.927124,-208.238312,101.251289,1515.237427,-111.926605,66.195229,1543.456177,-231.552582
827,6.892000,52.653797,1523.375122,-143.928513,158.925674,1494.984863,-208.172226,101.326981,1515.359253,-111.857269,66.249687,1543.484253,-231.520752
828,6.900000,52.664879,1523.480957,-143.850616,159.005585,1495.077148,-208.084213,101.360039,1515.509521,-111.787521,66.281914,1543.500610,-231.505096
829,6.908000,52.697792,1523.577759,-143.785797,159.032104,1495.100708,-207.986160,101.362915,1515.619873,-111.697868,66.347282,1543.504028,-231.508713
830,6.917000,52.687893,1523.646362,-143.733246,159.072754,1495.055420,-207.835175,101.330513,1515.701050,-111.603355,66.421074,1543.499878,-231.501480
831,6.925000,52.705231,1523.705322,-143.684311,159.091293,1495.051147,-207.657364,101.327461,1515.745483,-111.506294,66.499664,1543.482666,-231.482895
832,6.933000,52.740158,1523.721680,-143.630432,159.094025,1494.995239,-207.536255,101.300453,1515.749634,-111.443916,66.581894,1543.461182,-231.446136
833,6.942000,52.800762,1523.694214,-143.556656,159.132141,1494.927612,-207.478424,101.342476,1515.691650,-111.356575,66.626328,1543.447144,-231.406418
834,6.950000,52.899639,1523.596069,-143.478149,159.190353,1494.831909,-207.431519,101.421761,1515.580078,-111.301979,66.679878,1543.409790,-231.321625
835,6.958000,53.039139,1523.447388,-143.433319,159.289703,1494.781860,-207.479538,101.563614,1515.420044,-111.255333,66.714439,1543.364014,-231.190277
836,6.967000,53.211338,1523.301758,-143.347916,159.359711,1494.768799,-207.539246,101.737289,1515.289551,-111.209503,66.749733,1543.370972,-231.049423
837,6.975000,53.401482,1523.177246,-143.265656,159.494873,1494.742310,-207.597717,101.957512,1515.137329,-111.177704,66.757698,1543.351318,-230.915451
838,6.983000,53.554619,1523.098022,-143.188858,159.647949,1494.770264,-207.650330,102.162155,1515.048950,-111.171318,66.789986,1543.358643,-230.790482
839,6.992000,53.725811,1523.074829,-143.108521,159.772766,1494.806519,-207.706146,102.334297,1515.030273,-111.162277,66.806168,1543.369263,-230.712616
840,7.000000,53.844833,1523.126587,-143.071930,159.911331,1494.907959,-207.737000,102.477051,1515.105103,-111.149414,67.051422,1543.275391,-230.594101
841,7.008000,53.929317,1523.240112,-143.047379,159.960052,1494.966064,-207.742325,102.563278,1515.245850,-111.177429,67.144821,1543.273438,-230.712555
842,7.017000,53.963867,1523.384521,-143.014191,160.043533,1495.042480,-207.639618,102.652962,1515.364380,-111.153275,67.260216,1543.240845,-230.835159
843,7.025000,53.988312,1523.528809,-142.981354,160.060150,1495.095093,-207.569443,102.647980,1515.496704,-111.154716,67.341217,1543.440063,-230.594360
844,7.033000,53.935299,1523.602661,-142.978561,160.052765,1495.095581,-207.453568,102.598000,1515.575562,-111.109474,67.317009,1543.606934,-230.130997
845,7.042000,53.909729,1523.627197,-142.960999,160.039795,1495.093140,-207.318146,102.529381,1515.600586,-111.050224,67.350143,1543.692017,-229.969513
846,7.050000,53.877106,1523.647095,-142.918839,160.046295,1495.059937,-207.232025,102.450874,1515.576538,-110.986671,67.388290,1543.681274,-229.998291
847,7.058000,53.840572,1523.623657,-142.854691,160.022202,1495.041992,-207.208893,102.401405,1515.528198,-110.924614,67.390450,1543.645874,-230.050186
848,7.067000,53.828362,1523.613892,-142.799850,160.005722,1495.106323,-207.170212,102.377365,1515.479004,-110.862419,67.361862,1543.653687,-230.072495
849,7.075000,53.831772,1523.585693,-142.721664,159.995117,1495.175659,-207.143066,102.419197,1515.450195,-110.799049,67.338257,1543.700195,-230.033463
850,7.083000,53.871010,1523.621094,-142.650055,160.063507,1495.293335,-207.084427,102.435036,1515.490479,-110.767853,67.287895,1543.778931,-229.931183
851,7.092000,53.903358,1523.670898,-142.596756,160.050446,1495.477783,-207.076904,102.477150,1515.549683,-110.721031,67.249077,1543.875366,-229.871658
852,7.100000,53.947536,1523.738892,-142.527466,160.077240,1495.694458,-207.011353,102.550629,1515.662231,-110.663498,67.210464,1543.983032,-229.811523
853,7.108000,53.931633,1523.873657,-142.460434,160.073563,1495.939697,-206.953964,102.602119,1515.844604,-110.625076,66.954384,1543.969849,-230.300812
854,7.117000,53.928604,1524.076782,-142.435669,160.049164,1496.139038,-206.891098,102.633911,1516.061157,-110.625847,66.914360,1544.077759,-230.523972
855,7.125000,53.911469,1524.307373,-142.437164,160.002243,1496.336060,-206.819489,102.597626,1516.300293,-110.623962,66.933548,1544.242676,-230.572266
856,7.133000,53.820004,1524.565796,-142.442627,159.926483,1496.577759,-206.722702,102.503616,1516.537720,-110.586731,67.113571,1544.295654,-230.576645
857,7.142000,53.696842,1524.860474,-142.455704,159.828537,1496.808350,-206.584686,102.376465,1516.790283,-110.528572,67.165588,1544.446533,-230.655991
858,7.150000,53.650883,1525.153931,-142.504318,159.688461,1497.054810,-206.384842,102.242912,1517.055542,-110.508698,67.142296,1544.698608,-230.731354
859,7.158000,53.599758,1525.440430,-142.547913,159.563492,1497.333984,-206.243637,102.081642,1517.345093,-110.519829,67.150993,1544.981812,-230.752121
860,7.167000,53.506397,1525.733643,-142.568375,159.471313,1497.599854,-206.187378,101.949966,1517.650146,-110.520721,67.135254,1545.273682,-230.754257
861,7.175000,53.433865,1526.066772,-142.569656,159.396439,1497.871460,-206.199615,101.873459,1517.917603,-110.515244,67.000198,1545.706177,-230.688766
862,7.183000,53.251343,1526.330933,-142.491211,159.337234,1498.132202,-206.296204,101.862556,1518.177612,-110.504906,66.935402,1546.043091,-230.662964
863,7.192000,53.256710,1526.645752,-142.492966,159.345154,1498.457397,-206.376083,101.884453,1518.650269,-110.375114,66.917183,1546.348755,-230.714066
864,7.200000,53.414703,1527.017944,-142.553207,159.350632,1498.789917,-206.510422,101.864746,1519.084473,-110.366707,66.892311,1546.639771,-230.784317
865,7.208000,53.435089,1527.409180,-142.590363,159.404449,1499.181152,-206.669647,101.879166,1519.528687,-110.402840,66.870659,1546.979370,-230.851501
866,7.217000,53.508694,1527.823120,-142.628159,159.465881,1499.538940,-206.721313,101.969139,1519.955322,-110.484322,66.859985,1547.336426,-230.945053
867,7.225000,53.563763,1528.230713,-142.676849,159.490875,1499.882690,-206.744980,102.094681,1520.324829,-110.628555,66.711807,1547.788696,-230.768753
868,7.233000,53.584591,1528.681641,-142.748398,159.520813,1500.274292,-206.760437,102.202057,1520.665527,-110.824471,66.569572,1548.286865,-230.555695
869,7.242000,53.617550,1529.075684,-142.813705,159.526505,1500.691040,-206.747345,102.222626,1521.006836,-110.945862,66.536987,1548.723145,-230.455444
870,7.250000,53.625053,1529.523071,-142.861374,159.496384,1501.088623,-206.738098,102.190926,1521.398315,-110.994133,66.621071,1549.150757,-230.455109
871,7.258000,53.629158,1529.932861,-142.942932,159.467285,1501.549561,-206.715332,102.152901,1521.823486,-111.023834,66.701820,1549.504272,-230.548599
872,7.267000,53.593651,1530.397705,-143.009048,159.424500,1501.945801,-206.713501,102.170670,1522.304199,-111.001923,66.771393,1549.841064,-230.727814
873,7.275000,53.559460,1530.899536,-143.037552,159.415955,1502.382935,-206.668961,102.174507,1522.826294,-111.005699,66.842278,1550.245483,-230.914612
874,7.283000,53.506531,1531.447510,-143.034561,159.421249,1502.844116,-206.609833,102.141159,1523.361084,-111.042809,66.893196,1550.644287,-231.054504
875,7.292000,53.493591,1531.941162,-143.058258,159.440750,1503.317505,-206.632996,102.048012,1523.998169,-111.013443,66.947662,1551.056152,-231.232742
876,7.300000,53.482433,1532.523926,-143.050278,159.443619,1503.725952,-206.733185,101.990349,1524.572266,-111.036423,67.126541,1551.377075,-231.645187
877,7.308000,53.506927,1533.105103,-143.062531,159.422592,1504.151001,-206.795349,102.194435,1525.215698,-111.045013,67.123985,1551.833496,-231.775116
878,7.317000,53.551159,1533.647949,-143.087769,159.393295,1504.618652,-206.897614,102.197601,1525.762573,-111.087379,67.037010,1552.356201,-231.771469
879,7.325000,53.554573,1534.156982,-143.088516,159.360458,1505.236938,-206.838882,102.255745,1526.235352,-111.115265,66.921547,1552.889526,-231.749344
880,7.333000,53.516445,1534.607666,-143.079330,159.327469,1505.880737,-206.801636,102.303673,1526.701538,-111.151482,66.871483,1553.401733,-231.724487
881,7.342000,53.509735,1535.022949,-143.034882,159.278870,1506.514038,-206.774323,102.347672,1527.142212,-111.197479,66.854202,1553.898193,-231.581940
882,7.350000,53.471420,1535.484985,-142.969543,159.279175,1507.104736,-206.769928,102.648033,1527.315796,-111.615326,66.817902,1554.382080,-231.501907
883,7.358000,53.431988,1535.976074,-142.924561,159.247040,1507.694336,-206.725830,102.709946,1527.704834,-111.664192,66.759254,1554.899536,-231.473663
884,7.367000,53.412033,1536.454590,-142.848618,159.238235,1508.170898,-206.626938,102.645973,1528.162109,-111.576881,66.711380,1555.404907,-231.423721
885,7.375000,53.363678,1536.916382,-142.774612,159.183701,1508.603882,-206.634216,102.241165,1529.029053,-111.022278,66.438072,1556.034302,-231.057968
886,7.383000,53.309151,1537.409668,-142.706024,159.123245,1509.059204,-206.688919,102.184975,1529.578369,-110.756012,66.318443,1556.624146,-230.853729
887,7.392000,53.300716,1537.943237,-142.650757,159.065079,1509.554443,-206.727936,102.105064,1530.090454,-110.726784,66.292282,1557.128662,-230.906677
888,7.400000,53.236740,1538.525757,-142.575241,159.001877,1510.142456,-206.671204,102.016350,1530.641235,-110.756737,66.159286,1557.674805,-230.754669
889,7.408000,53.164680,1539.149658,-142.533295,158.939621,1510.767700,-206.514679,101.970734,1531.224976,-110.748924,66.382675,1558.142090,-230.996994
890,7.417000,53.102726,1539.759888,-142.496399,158.949219,1511.512939,-206.383957,101.984283,1531.918457,-110.711624,66.392944,1558.640625,-231.025452
891,7.425000,53.067371,1540.444336,-142.413544,158.983322,1512.224243,-206.207855,102.263138,1532.417603,-111.068581,66.212852,1559.304077,-230.703262
892,7.433000,53.087082,1541.100464,-142.330643,159.006302,1512.892944,-206.048492,102.320290,1533.047119,-111.090973,66.021301,1560.088257,-230.288239
893,7.442000,53.131508,1541.706787,-142.215317,158.995514,1513.538330,-206.076324,102.031441,1534.026978,-110.512642,65.955994,1560.748779,-230.237137
894,7.450000,53.180882,1542.264282,-142.098434,158.969803,1514.190552,-206.342453,102.045837,1534.722534,-110.264763,65.921349,1561.290527,-230.342010
895,7.458000,53.221439,1542.787109,-141.944534,158.991409,1514.952881,-206.542526,102.141525,1535.260742,-110.195808,65.853668,1561.846313,-230.393600
896,7.467000,53.231972,1543.222534,-141.771637,159.016098,1515.733276,-206.529739,102.219238,1535.684570,-110.234093,65.726723,1562.474854,-230.085236
897,7.475000,53.254036,1543.631348,-141.595642,159.048569,1516.436768,-206.388000,102.299904,1536.040039,-110.245323,65.504608,1563.184448,-229.539185
898,7.483000,53.226139,1544.046021,-141.462021,159.058487,1517.064331,-206.237991,102.337784,1536.370361,-110.212143,65.228477,1563.964111,-228.997543
899,7.492000,53.180904,1544.495117,-141.315826,159.021439,1517.685791,-206.173065,102.351868,1536.716064,-110.186333,65.062233,1564.606323,-228.812378
900,7.500000,53.085403,1544.990356,-141.166748,158.884491,1518.255737,-206.107407,102.294777,1537.090942,-110.144287,65.028183,1565.160156,-228.857162
901,7.508000,53.034569,1545.530396,-141.047028,158.714478,1518.769531,-205.968842,102.071922,1537.498535,-109.956154,65.108414,1565.677856,-228.978897
902,7.517000,52.976700,1546.106567,-140.947433,158.633621,1519.221558,-205.876266,101.983932,1537.946045,-109.743034,65.197746,1566.193848,-229.063583
903,7.525000,52.884373,1546.676514,-140.787292,158.593430,1519.724365,-205.742416,101.673767,1538.546875,-109.318375,65.301903,1566.714233,-229.091690
904,7.533000,52.793449,1547.277466,-140.636627,158.541367,1520.314819,-205.540024,101.774643,1539.238525,-109.154373,65.334625,1567.325562,-228.830124
905,7.542000,52.682594,1547.906494,-140.531601,158.565475,1521.005981,-205.255386,101.466354,1539.664062,-108.952576,65.211128,1568.068237,-228.407883
906,7.550000,52.592476,1548.540771,-140.382568,158.497437,1521.649780,-204.914658,101.290833,1540.168701,-108.734955,65.015221,1568.858154,-227.982193
907,7.558000,52.558315,1549.210815,-140.240387,158.432251,1522.367310,-204.621765,101.165359,1540.776489,-108.608047,64.988243,1569.549805,-227.918839
908,7.567000,52.529984,1549.885254,-140.134781,158.326355,1523.093506,-204.584808,101.113960,1541.462280,-108.460274,65.005287,1570.201416,-228.025955
909,7.575000,52.492966,1550.606079,-139.953415,158.240463,1523.789917,-204.630249,101.098282,1542.162964,-108.338974,65.058464,1570.900635,-228.092514
910,7.583000,52.413422,1551.348389,-139.790314,158.209656,1524.633545,-204.612091,101.018776,1542.895874,-108.302811,65.053635,1571.678955,-227.881409
911,7.592000,52.331604,1552.150757,-139.631485,158.242279,1525.631836,-204.308655,101.006958,1543.849487,-108.064346,64.868248,1572.548584,-227.604401
912,7.600000,52.234253,1552.971436,-139.515244,158.193832,1526.636963,-204.108398,100.967773,1544.716187,-107.910316,64.588524,1573.534424,-227.305313
913,7.608000,52.204845,1553.830933,-139.367538,158.089386,1527.673096,-203.979172,100.852982,1545.591553,-107.863159,64.409653,1574.424927,-227.206329
914,7.617000,52.148533,1554.709839,-139.194183,157.947372,1528.532349,-204.105988,100.776352,1546.427734,-107.799919,64.375107,1575.255005,-227.246735
915,7.625000,51.900993,1555.596313,-138.909363,157.918503,1529.413330,-204.160141,100.699417,1547.392456,-107.657089,64.446587,1576.092651,-227.205994
916,7.633000,51.855381,1556.539307,-138.822952,157.922836,1530.384644,-203.806976,100.653152,1548.581421,-107.286850,64.328697,1576.987549,-227.020447
917,7.642000,51.755699,1557.479980,-138.782501,157.778107,1531.375854,-203.426102,100.454941,1549.547852,-107.180908,64.330086,1577.832520,-227.193451
918,7.650000,51.684837,1558.464478,-138.684021,157.666962,1532.357056,-203.214600,100.315971,1550.406250,-107.147827,64.167557,1578.747681,-227.112473
919,7.658000,51.621674,1559.429932,-138.552399,157.548737,1533.147949,-203.239868,100.249062,1551.236328,-107.015892,64.081238,1579.685791,-226.875473
920,7.667000,51.600368,1560.329346,-138.410324,157.560669,1533.961670,-203.304672,100.093987,1552.167969,-106.989738,64.128487,1580.637085,-226.696823
921,7.675000,51.524792,1561.202881,-138.288101,157.543488,1534.925659,-203.075485,99.943565,1553.325928,-106.660065,63.972092,1581.631714,-226.425888
922,7.683000,51.525799,1562.090576,-138.217087,157.589066,1536.038086,-202.789444,99.698578,1554.277832,-106.534142,64.053780,1582.465820,-226.645462
923,7.692000,51.586517,1563.021973,-138.134048,157.544769,1537.121582,-202.749985,99.506821,1555.065430,-106.580338,63.985744,1583.389648,-226.533157
924,7.700000,51.630859,1563.978271,-138.055740,157.521790,1538.053467,-202.907990,99.437523,1555.860962,-106.672752,63.923725,1584.360107,-226.310028
925,7.708000,51.665749,1564.977051,-137.998398,157.561447,1538.922241,-202.959763,99.524773,1556.783447,-106.700722,63.950592,1585.444702,-226.158859
926,7.717000,51.673237,1565.997925,-137.893906,157.607437,1540.023926,-202.825867,99.639313,1558.265625,-106.306999,63.837147,1586.576416,-225.883850
927,7.725000,51.702835,1567.157959,-137.864380,157.585510,1541.231812,-202.650589,99.528282,1559.400269,-106.292442,63.683048,1587.727783,-225.603958
928,7.733000,51.736408,1568.432739,-137.888809,157.558456,1542.384155,-202.484970,99.238411,1560.517700,-106.341705,63.747852,1588.777222,-225.705139
929,7.742000,51.738487,1569.663818,-137.897247,157.601501,1543.225830,-202.464539,98.748947,1561.753906,-106.416245,64.033485,1589.855835,-225.922943
930,7.750000,51.716270,1570.942749,-137.884750,157.681824,1544.242920,-202.461792,98.114120,1563.479858,-106.392822,64.242500,1590.866211,-226.267868
931,7.758000,51.767315,1572.310913,-137.921616,157.748108,1545.459839,-202.260956,98.411682,1565.137207,-107.022385,64.310806,1591.953003,-226.391968
932,7.767000,51.886444,1573.678955,-137.923859,157.762466,1546.719360,-202.156311,99.181992,1566.443115,-107.100899,64.375053,1593.088867,-226.426331
933,7.775000,51.832020,1574.972290,-137.978409,157.831467,1547.747559,-202.062469,100.400963,1567.234497,-106.869789,64.759972,1594.152466,-226.921829
934,7.783000,51.947819,1576.270630,-138.004807,157.906815,1548.799438,-202.146576,100.439056,1568.550293,-106.512482,64.968277,1595.270264,-227.022049
935,7.792000,52.052170,1577.623901,-138.019119,157.968994,1550.010864,-202.162521,100.360718,1569.883667,-106.405243,65.053329,1596.445923,-226.946091
936,7.800000,52.027515,1578.896851,-138.080276,158.003586,1551.228760,-202.072922,100.364487,1571.106323,-106.585243,65.151634,1597.636719,-226.934479
937,7.808000,52.117519,1580.128906,-138.119568,158.079285,1552.288696,-202.009811,100.940895,1572.097046,-107.072784,65.210052,1598.881836,-227.004791
938,7.817000,52.193127,1581.367798,-138.119492,158.168076,1553.391724,-202.107010,100.622864,1573.513306,-106.647102,65.275841,1600.004150,-227.120209
939,7.825000,52.234673,1582.602783,-138.083328,158.160553,1554.554199,-202.218445,100.268524,1574.782227,-106.599373,65.329529,1601.102417,-227.253082
940,7.833000,52.165314,1583.869141,-138.236008,158.125626,1555.824097,-202.201843,99.964455,1576.177856,-106.743156,65.366936,1602.300903,-227.333832
941,7.842000,52.188171,1585.118164,-138.302429,158.253250,1556.952148,-201.997467,100.379524,1577.278687,-107.268288,65.362450,1603.596191,-227.375580
942,7.850000,52.142216,1586.416626,-138.315872,158.246872,1558.104492,-202.124100,100.456078,1578.673096,-106.821945,65.382652,1604.802856,-227.383911
943,7.858000,52.051304,1587.780273,-138.395828,158.136642,1559.270508,-202.278976,100.184784,1579.952026,-106.717300,65.414116,1605.903931,-227.524948
944,7.867000,52.033245,1589.124146,-138.547134,158.188766,1560.552856,-202.065994,99.746315,1581.448853,-106.720642,65.445045,1607.125488,-227.698593
945,7.875000,51.958954,1590.480591,-138.603149,158.200638,1561.817749,-201.970749,99.945068,1582.862671,-107.340431,65.392532,1608.439087,-227.823410
946,7.883000,51.862385,1591.937500,-138.703644,158.072479,1563.045288,-202.068298,99.922096,1584.406494,-107.021301,65.321304,1609.490967,-228.023041
947,7.892000,51.799950,1593.308228,-138.805222,157.960861,1564.277954,-202.126205,99.642998,1585.858154,-106.860985,65.372925,1610.780640,-228.000122
948,7.900000,51.691132,1594.636475,-138.823227,157.973175,1565.574463,-201.862381,99.135269,1587.281128,-106.914268,65.327583,1612.151733,-228.041275
949,7.908000,51.604027,1595.910889,-139.147781,157.850082,1566.931641,-201.777557,98.601295,1588.900391,-107.138794,65.077759,1613.371094,-228.350815
950,7.917000,51.545219,1597.226807,-139.323868,157.654694,1568.171021,-201.888931,98.120209,1590.392822,-107.447899,65.064926,1614.636353,-228.342514
951,7.925000,51.305374,1598.723999,-139.148849,157.646820,1569.377930,-201.824234,97.701416,1591.710938,-107.455055,64.870506,1616.093628,-228.554672
952,7.933000,51.247395,1599.990112,-139.390930,157.541901,1570.827759,-201.786285,97.684776,1592.989990,-107.629204,64.674736,1617.516602,-228.691727
953,7.942000,51.039982,1601.265991,-139.516541,157.367065,1572.267212,-201.857315,97.690575,1594.558594,-107.446625,64.626091,1618.781372,-228.745987
954,7.950000,50.959942,1602.632080,-139.628464,157.281616,1573.505615,-201.914246,97.557121,1595.934814,-107.499969,64.543785,1620.043457,-228.879608
955,7.958000,50.835594,1604.107788,-139.694992,157.163773,1574.884033,-201.966965,97.252655,1597.325806,-107.488434,64.426506,1621.344116,-229.044647
956,7.967000,50.726555,1605.505737,-139.827316,157.054840,1576.383545,-201.891754,97.041107,1598.670166,-107.625664,64.264267,1622.654907,-229.062225
957,7.975000,50.517792,1606.867310,-139.874313,156.876709,1577.996582,-202.064026,96.958641,1600.367920,-107.636879,64.194626,1624.008179,-229.073990
958,7.983000,50.368717,1608.304321,-139.854691,156.706802,1579.374634,-202.354218,96.734520,1601.857300,-107.708313,64.054276,1625.287842,-229.205826
959,7.992000,50.276428,1609.765503,-139.940872,156.549164,1580.927368,-202.351196,96.542641,1603.198486,-107.751068,63.902222,1626.642334,-229.291031
960,8.000000,49.997223,1611.082642,-139.887833,156.474686,1582.461426,-202.187698,96.544006,1604.865845,-107.782143,63.694069,1628.093872,-229.166931
961,8.008000,50.016594,1612.443970,-139.855591,156.192551,1583.711426,-201.982559,96.474533,1606.289429,-107.837639,63.543819,1629.374146,-229.110550
962,8.017000,50.006695,1613.803467,-139.888672,156.094543,1585.125854,-201.634140,96.311325,1607.582397,-107.764359,63.394978,1630.652832,-229.197952
963,8.025000,49.909161,1615.021606,-139.868866,156.109390,1586.997681,-201.872971,96.295860,1608.823486,-107.791214,63.071228,1632.095703,-229.057648
964,8.033000,49.687782,1616.186401,-139.694641,156.006638,1588.425293,-202.360016,96.331558,1610.226074,-107.741562,63.022472,1633.374512,-228.890472
965,8.042000,49.737347,1617.517090,-139.580872,155.949814,1589.609863,-202.524384,96.230179,1611.443359,-107.695381,62.854439,1634.566528,-228.844925
966,8.050000,49.662754,1618.774536,-139.561142,155.820190,1591.142456,-202.308701,95.977097,1612.638794,-107.479034,62.684036,1635.883179,-228.895081
967,8.058000,49.558552,1619.988892,-139.670547,155.766281,1592.713257,-202.047180,95.907112,1613.911377,-107.467674,62.536045,1637.278809,-228.523361
968,8.067000,49.256023,1621.264160,-139.509033,155.719955,1593.825317,-201.894318,95.887505,1615.514648,-107.326782,62.497902,1638.526611,-228.366043
969,8.075000,49.173878,1622.845581,-139.248566,155.549011,1595.194824,-201.768387,95.752785,1617.013672,-107.166763,62.406075,1639.829346,-228.506744
970,8.083000,48.976711,1624.277344,-139.212219,155.437927,1596.652954,-201.414536,95.557594,1618.415527,-107.045700,62.416927,1641.107910,-228.612396
971,8.092000,48.836685,1625.739258,-139.125320,155.471329,1597.924927,-201.129135,95.386795,1619.951172,-106.942841,62.420135,1642.493896,-228.321487
972,8.100000,48.745422,1627.191772,-139.012512,155.354935,1599.127319,-201.118393,95.097916,1621.397583,-106.841537,62.334080,1643.837646,-228.238129
973,8.108000,48.664845,1628.634277,-138.928314,155.244232,1600.626221,-200.889709,94.863731,1622.740356,-106.558380,62.318100,1645.174683,-228.315048
974,8.117000,48.640175,1629.985962,-138.895477,155.305283,1602.195801,-200.618500,95.035873,1624.329102,-106.686066,62.275578,1646.639648,-228.036194
975,8.125000,48.584572,1631.334839,-138.675903,155.295868,1603.470947,-200.707977,95.080978,1625.775757,-106.639381,62.216724,1648.031494,-227.932922
976,8.133000,48.751400,1632.711182,-138.600281,155.084778,1605.091064,-201.162781,95.025551,1627.054932,-106.490807,62.190228,1649.381714,-227.990402
977,8.142000,48.881176,1634.079346,-138.557678,155.125412,1606.811035,-201.061981,95.067406,1628.201538,-106.252579,62.192055,1650.794556,-227.909439
978,8.150000,49.076969,1635.367676,-138.658798,155.183487,1608.264526,-201.080429,95.396347,1629.860107,-106.403496,61.951183,1652.346436,-227.575150
979,8.158000,49.081169,1636.821045,-138.543884,155.158142,1609.887939,-201.329208,95.465454,1631.399780,-106.353065,61.950943,1653.758057,-227.564041
980,8.167000,49.173180,1638.307007,-138.540619,155.172714,1611.582520,-201.250488,95.427994,1632.803345,-106.305382,62.014137,1655.178467,-227.728638
981,8.175000,49.177906,1639.904541,-138.500565,155.093323,1613.080811,-201.216171,95.560341,1634.645508,-106.394783,61.825001,1656.828491,-227.446198
982,8.183000,49.040722,1641.530762,-138.543457,155.014740,1614.550415,-201.349609,96.393898,1636.699341,-106.920036,62.016224,1658.160767,-227.714951
983,8.192000,49.006634,1643.195312,-138.570267,154.938873,1616.146973,-201.149933,97.457115,1637.709961,-106.858055,62.176853,1659.622192,-228.018448
984,8.200000,48.821274,1644.866699,-138.617554,154.853043,1617.641235,-200.847809,97.218857,1639.288086,-106.298668,62.165684,1661.188721,-228.046875
985,8.208000,48.725159,1646.535645,-138.702347,154.805389,1618.896118,-200.810516,96.990601,1641.069824,-106.073891,62.262245,1662.687622,-227.983383
986,8.217000,48.571362,1648.178467,-138.773605,154.853699,1620.391724,-200.558472,96.589912,1642.608765,-106.029091,62.282242,1664.213379,-228.059204
987,8.225000,48.379009,1649.833862,-138.847366,154.872147,1621.879517,-200.220596,96.110985,1644.348022,-105.945419,62.359806,1665.690552,-228.143021
988,8.233000,48.323612,1651.476562,-138.957199,154.828644,1623.289795,-200.097641,96.141747,1646.174438,-106.280586,62.402500,1667.222290,-228.166962
989,8.242000,48.238987,1653.076904,-139.017792,154.936798,1624.902710,-200.042236,96.342873,1647.577515,-106.506607,62.313614,1668.853760,-228.268875
990,8.250000,48.209961,1654.702148,-139.097397,154.914734,1626.657715,-199.997391,96.345169,1649.281128,-106.202171,62.379322,1670.311279,-228.326477
991,8.258000,48.140858,1656.172119,-139.170319,155.034348,1628.318970,-200.228302,96.265289,1650.953857,-106.114754,62.394093,1671.889771,-228.384140
992,8.267000,48.228024,1657.956665,-139.077988,155.143539,1630.151489,-200.457321,96.261765,1652.664673,-106.262154,62.244820,1673.573730,-228.441055
993,8.275000,48.277531,1659.675293,-139.145645,155.194122,1632.012085,-200.489517,96.365685,1654.538452,-106.300308,62.293777,1675.110352,-228.451065
994,8.283000,48.289558,1661.185181,-139.240356,155.257339,1633.667725,-200.651855,96.263191,1656.304321,-106.344528,62.296947,1676.806519,-228.539429
995,8.292000,48.313103,1663.018433,-139.088669,155.268265,1635.469360,-200.571945,96.258759,1658.028442,-106.428024,62.259453,1678.437012,-228.618042
996,8.300000,48.297623,1664.825806,-139.058975,155.274353,1637.221680,-200.485367,96.234314,1659.861206,-106.316315,62.347763,1680.057129,-228.540100
997,8.308000,48.348545,1666.336182,-139.328705,155.252106,1638.839600,-200.435150,96.040588,1661.563965,-106.259705,62.330246,1681.683960,-228.644424
998,8.317000,48.158707,1668.177979,-139.179428,155.157944,1640.518921,-200.099274,95.848495,1663.231567,-106.186844,62.352242,1683.278687,-228.708939
999,8.325000,48.054779,1669.984009,-139.158234,155.116577,1642.110229,-199.847824,95.327484,1665.395996,-106.452469,62.453495,1684.952271,-228.650330
1000,8.333000,47.930389,1671.640259,-139.243393,155.038284,1643.572754,-199.750839,94.711754,1667.188354,-106.586784,62.434826,1686.574097,-228.709839
1001,8.342000,47.737225,1673.385620,-139.297501,155.019714,1645.234009,-199.381439,94.294701,1668.817139,-106.601143,62.504700,1688.176392,-228.787918
1002,8.350000,47.633938,1675.141968,-139.346481,155.078415,1646.873901,-199.100815,94.222137,1670.623657,-106.543236,62.585339,1689.813232,-228.815521
1003,8.358000,47.478111,1676.803955,-139.439911,155.043274,1648.409790,-199.088425,94.081390,1672.299683,-106.354103,62.587337,1691.423828,-228.866547
1004,8.367000,47.407871,1678.634399,-139.509949,155.038071,1650.127563,-198.826157,93.912712,1673.911377,-106.265686,62.768383,1693.032471,-228.869064
1005,8.375000,47.437439,1680.145874,-139.840958,155.109970,1651.744385,-198.730209,93.930740,1675.714844,-106.186073,62.844208,1694.588867,-229.038177
1006,8.383000,47.366703,1681.848877,-139.947983,155.073135,1653.224976,-198.743515,93.760147,1677.372803,-106.126831,62.919147,1696.229736,-229.148788
1007,8.392000,47.384991,1683.567383,-140.008698,155.123795,1654.952881,-198.437851,93.857689,1678.589478,-105.352325,63.092934,1697.875000,-229.134888
1008,8.400000,47.372841,1685.119751,-140.145462,155.241394,1656.530151,-198.315414,94.112831,1680.095337,-104.607475,63.182659,1699.399048,-229.268616
1009,8.408000,47.375721,1686.728394,-140.238388,155.214630,1657.926880,-198.479935,93.883049,1682.018066,-104.919823,63.281582,1700.937866,-229.396942
1010,8.417000,47.391201,1688.279663,-140.317749,155.258148,1659.565674,-198.285721,93.687744,1683.567627,-105.283981,63.535004,1702.282349,-229.276779
1011,8.425000,47.566315,1689.801514,-140.628296,155.405807,1661.186646,-198.175232,93.683823,1685.117310,-105.730331,63.589813,1703.812866,-229.360504
1012,8.433000,47.699123,1691.333374,-140.667877,155.492142,1662.627686,-198.386063,93.621460,1686.654541,-105.833961,63.688042,1705.326782,-229.529739
1013,8.442000,47.731934,1692.828857,-140.766418,155.623901,1664.290405,-198.474197,93.418198,1688.103027,-105.776962,63.800686,1706.762451,-229.827240
1014,8.450000,47.829639,1694.375000,-140.834122,155.685242,1666.004639,-198.301102,93.333679,1689.635132,-105.806152,63.920895,1708.332764,-229.893616
1015,8.458000,47.903130,1695.971436,-140.898117,155.745346,1667.479980,-198.407242,93.071686,1691.022095,-105.820663,64.024460,1709.847046,-229.924164
1016,8.467000,48.012764,1697.529419,-141.018509,155.925674,1669.094971,-198.435410,92.598793,1692.430420,-105.890442,64.152954,1711.364258,-230.102859
1017,8.475000,48.033226,1699.035889,-141.100952,156.037415,1670.731934,-198.330673,92.580582,1694.347656,-106.465630,64.339584,1712.917358,-230.146072
1018,8.483000,48.100994,1700.732788,-141.163574,156.100876,1672.253418,-198.400833,92.588135,1695.886108,-106.420113,64.494522,1714.419678,-230.229294
1019,8.492000,48.095879,1702.243652,-141.343109,156.244385,1673.736206,-198.443481,92.411942,1697.112305,-106.141235,64.568115,1715.938232,-230.406937
1020,8.500000,48.119102,1703.812744,-141.387909,156.396286,1675.303345,-198.285721,92.057068,1698.463867,-105.875282,64.799553,1717.450928,-230.399750
1021,8.508000,48.221394,1705.423950,-141.506531,156.504486,1676.783081,-198.318176,92.173729,1700.262817,-106.091576,65.025993,1718.874634,-230.591660
1022,8.517000,48.181618,1706.639526,-141.715469,156.683960,1678.230225,-198.383041,93.063477,1702.385742,-107.084236,65.102516,1720.326782,-230.746902
1023,8.525000,48.319714,1708.416626,-141.729736,156.873352,1679.833374,-198.289398,94.362198,1704.009033,-107.207603,65.287659,1721.827026,-230.745010
1024,8.533000,48.443813,1709.908325,-141.773453,157.109100,1681.362061,-198.385300,95.251732,1705.432861,-107.023193,65.472198,1723.207397,-230.818359
1025,8.542000,48.705433,1711.034180,-142.101898,157.265244,1682.645996,-198.552017,95.430054,1706.804810,-106.901894,65.729210,1724.549072,-230.857529
1026,8.550000,48.870430,1712.496582,-142.193100,157.473114,1684.094482,-198.420868,95.428085,1708.228149,-106.841370,65.897163,1725.915527,-230.956085
1027,8.558000,48.986187,1713.843384,-142.287964,157.672607,1685.541748,-198.220947,95.394318,1709.634399,-106.759880,66.170273,1727.135376,-231.257812
1028,8.567000,49.238247,1715.190674,-142.456223,157.875168,1686.768188,-198.244492,95.291481,1711.023193,-106.650261,66.432526,1728.401489,-231.385971
1029,8.575000,49.180748,1716.459717,-142.498993,158.054062,1688.007446,-198.353241,95.104721,1712.326660,-106.545593,66.615273,1729.815918,-231.315292
1030,8.583000,49.460262,1717.866821,-142.594559,158.289536,1689.456177,-198.209229,94.616280,1713.402710,-106.569839,66.757454,1731.149048,-231.568939
1031,8.592000,49.694977,1719.195312,-142.737900,158.508423,1690.890381,-198.066696,94.349335,1714.983887,-107.150833,67.123383,1732.476807,-231.548798
1032,8.600000,49.861012,1720.539917,-142.798035,158.786972,1692.166016,-198.201813,94.061783,1716.290771,-107.488358,67.411041,1733.694946,-231.603851
1033,8.608000,50.034641,1721.851440,-142.936523,159.076752,1693.429810,-198.340179,93.772385,1717.330200,-107.519951,67.576569,1735.047241,-231.724548
1034,8.617000,50.228344,1723.241089,-142.935699,159.334122,1694.831055,-198.295364,93.662971,1718.553711,-107.327080,67.787186,1736.355713,-231.767487
1035,8.625000,50.421093,1724.544067,-143.017105,159.550323,1696.210571,-198.381851,94.043243,1720.181152,-107.502953,68.064529,1737.576172,-231.820145
1036,8.633000,50.668564,1725.889526,-143.002197,159.790436,1697.500488,-198.558273,94.264618,1721.254272,-107.383476,68.351921,1738.818115,-231.903091
1037,8.642000,50.830673,1727.175659,-143.159088,160.053894,1698.804810,-198.549133,94.184212,1722.237671,-107.081154,68.515099,1740.080933,-232.026840
1038,8.650000,51.138302,1728.217407,-143.300232,160.297043,1700.137329,-198.436310,94.177010,1723.539673,-105.994308,68.800941,1741.305054,-232.144791
1039,8.658000,51.541962,1729.331787,-143.391754,160.536118,1701.380127,-198.401398,94.635269,1724.967041,-105.187943,69.059845,1742.486328,-232.129730
1040,8.667000,51.766312,1730.571289,-143.365417,160.723953,1702.415527,-198.493820,95.832130,1726.897461,-105.162239,69.338188,1743.719482,-232.127350
1041,8.675000,51.770451,1731.788208,-143.443634,160.974869,1703.688477,-198.301468,97.704903,1728.604004,-105.341461,69.615120,1744.904663,-232.302673
1042,8.683000,52.126728,1732.936279,-143.466156,161.254562,1704.962036,-198.043915,98.419617,1729.602417,-105.543312,69.928955,1746.001343,-232.337585
1043,8.692000,52.427975,1734.050659,-143.530136,161.875092,1705.896484,-197.017059,98.609406,1730.420166,-106.368431,70.181953,1747.132812,-232.353912
1044,8.700000,52.642151,1735.350708,-143.588257,162.040726,1707.022949,-197.107452,98.572464,1731.473022,-107.169632,70.537155,1748.280273,-232.498688
1045,8.708000,52.367657,1736.383789,-143.713181,162.358002,1708.236816,-197.126877,98.494064,1732.637939,-107.876411,70.773537,1749.388306,-232.551605
1046,8.717000,52.702847,1737.635986,-143.850220,162.671417,1709.496948,-196.759308,98.514900,1733.970703,-108.163208,71.000290,1750.540405,-232.577347
1047,8.725000,52.837032,1738.997925,-143.857544,162.903915,1710.687378,-196.553879,98.081024,1735.609009,-108.121216,71.336662,1751.587524,-232.726913
1048,8.733000,52.932865,1740.263428,-144.017990,163.058273,1711.863159,-196.718872,96.839111,1737.255737,-108.331917,71.574654,1752.701172,-232.882080
1049,8.742000,53.032295,1741.372803,-144.142807,163.240005,1713.048828,-196.848145,96.445297,1738.203491,-108.145561,71.830917,1753.956177,-232.763290
1050,8.750000,53.278191,1742.648071,-144.277710,163.609726,1714.247192,-196.605682,96.257385,1738.894165,-107.681076,72.007812,1755.010864,-232.997665
1051,8.758000,53.360546,1743.874634,-144.309204,163.814590,1715.394043,-196.665146,96.494911,1740.112183,-107.737679,72.333870,1756.145874,-233.020370
1052,8.767000,53.628967,1745.007812,-144.424881,164.046768,1716.478394,-196.836594,96.588425,1741.286743,-107.815300,72.553238,1757.256226,-233.001587
1053,8.775000,53.869770,1745.916504,-144.627975,164.216370,1717.636475,-197.040817,96.675476,1742.194946,-107.582993,72.738548,1758.318115,-233.153030
1054,8.783000,54.171326,1746.985474,-144.688065,164.406754,1718.793091,-196.871552,96.759117,1743.509399,-106.997948,72.965965,1759.338989,-233.360947
1055,8.792000,54.209743,1748.034546,-144.918167,164.712662,1720.026855,-196.635330,97.243462,1744.782715,-107.126617,73.213425,1760.393677,-233.401810
1056,8.800000,54.505272,1749.060547,-144.977676,164.922836,1721.095093,-196.783691,98.022163,1746.335205,-108.703522,73.431435,1761.335693,-233.644211
1057,8.808000,54.626434,1750.107300,-145.119263,165.028442,1722.058105,-197.113007,98.424126,1747.709839,-109.766068,73.587845,1762.440552,-233.750717
1058,8.817000,54.755291,1751.217896,-145.281281,165.222290,1723.359131,-197.152481,98.444054,1748.838501,-109.902954,73.764984,1763.506226,-233.903107
1059,8.825000,54.786171,1752.386108,-145.389496,165.460617,1724.542969,-196.882751,98.408455,1749.873291,-109.628860,73.931770,1764.497925,-233.989548
1060,8.833000,54.979389,1753.466187,-145.523148,165.610168,1725.558838,-196.759674,98.566345,1751.111450,-109.857948,74.173409,1765.409912,-234.260666
1061,8.842000,55.030678,1754.594238,-145.803558,165.727615,1726.539185,-196.944580,98.515747,1752.348633,-110.135269,74.300591,1766.536133,-234.342285
1062,8.850000,55.135948,1755.723267,-145.958664,165.875717,1727.607666,-197.251923,98.447433,1753.386475,-109.915390,74.528915,1767.602417,-234.454575
1063,8.858000,54.990921,1756.789917,-146.106354,166.068604,1728.718750,-197.312454,98.374374,1754.324585,-109.864830,74.707710,1768.542480,-234.632996
1064,8.867000,55.289177,1757.907959,-146.323151,166.259003,1729.697876,-197.212021,98.574516,1755.445801,-110.223557,74.942421,1769.357422,-234.944290
1065,8.875000,55.401993,1758.884766,-146.485779,166.496384,1730.661987,-197.210083,98.542274,1756.529785,-110.177368,75.091293,1770.338501,-235.217392
1066,8.883000,55.401539,1759.820801,-146.653809,166.605438,1731.675781,-197.400848,98.461220,1757.430786,-110.112846,75.203827,1771.415405,-235.262543
1067,8.892000,55.518051,1760.827271,-146.791870,166.685684,1732.657471,-197.577301,98.523361,1757.999146,-109.910416,75.393044,1772.372925,-235.262634
1068,8.900000,55.478062,1761.735229,-146.931305,166.913635,1733.805298,-197.482437,98.412521,1758.555298,-109.759537,75.525185,1773.276978,-235.417343
1069,8.908000,55.714348,1762.763428,-147.036316,167.130707,1734.828979,-197.386017,98.637337,1759.863647,-110.122047,75.705643,1774.076416,-235.754822
1070,8.917000,55.811752,1763.567871,-147.254669,167.252655,1735.893311,-197.634018,98.622025,1761.037476,-110.194473,75.805710,1775.029663,-236.023346
1071,8.925000,55.878620,1764.670898,-147.500793,167.355240,1736.860229,-197.976120,98.548965,1761.938965,-110.154793,75.813644,1776.133789,-236.031647
1072,8.933000,55.853722,1765.779053,-147.627777,167.397247,1737.938843,-197.884354,98.315445,1762.718140,-110.032593,75.950775,1777.106079,-236.110825
1073,8.942000,55.611027,1766.746948,-147.738266,167.495422,1739.088257,-197.621857,98.273384,1764.210815,-109.890816,76.088692,1778.039673,-236.286407
1074,8.950000,55.807377,1767.709106,-147.920761,167.584076,1740.145264,-197.459229,98.412346,1765.355103,-110.348648,76.238594,1778.816162,-236.584839
1075,8.958000,55.902176,1768.699951,-148.089737,167.541748,1741.089111,-197.696304,98.764244,1766.950073,-111.172325,76.197998,1779.750977,-236.825089
1076,8.967000,55.750145,1769.701782,-148.367065,167.478226,1741.969116,-197.933655,99.048347,1768.487671,-112.133789,76.144180,1780.776611,-236.778290
1077,8.975000,55.528088,1770.664185,-148.492569,167.464233,1743.086792,-197.808487,98.818535,1769.526123,-112.212822,76.194984,1781.709717,-236.893265
1078,8.983000,55.488964,1771.549316,-148.664963,167.541672,1744.246826,-197.541626,98.730598,1770.511230,-112.367340,76.210686,1782.639893,-237.094223
1079,8.992000,55.391060,1772.371216,-148.798843,167.525635,1745.265503,-197.559219,98.350723,1771.152588,-112.268265,76.199860,1783.444092,-237.359482
1080,9.000000,55.220058,1773.255249,-148.791473,167.373505,1746.163574,-197.902817,98.277756,1772.148682,-112.144981,76.043060,1784.289185,-237.585968
1081,9.008000,55.036728,1774.162109,-148.947693,167.323288,1747.081299,-198.139236,98.233772,1773.270752,-112.369156,75.988182,1785.142212,-237.726028
1082,9.017000,54.841972,1775.085327,-149.049179,167.367966,1748.210815,-198.043762,98.120560,1774.386230,-112.789871,76.002380,1786.002075,-237.978668
1083,9.025000,54.767704,1775.953491,-149.254883,167.313553,1749.395142,-197.932114,97.936386,1775.424683,-112.959404,75.887589,1786.930420,-238.182236
1084,9.033000,54.614311,1776.904663,-149.437332,167.162308,1750.389404,-197.917023,99.537880,1775.345581,-112.960907,75.659302,1787.862183,-238.303528
1085,9.042000,54.412292,1777.757690,-149.599167,167.047104,1751.402100,-198.222198,99.956459,1775.812988,-112.763901,75.479309,1788.756592,-238.316040
1086,9.050000,54.223133,1778.555298,-149.708267,166.946579,1752.460815,-198.462463,99.810760,1776.687866,-112.888237,75.333511,1789.545654,-238.425735
1087,9.058000,53.944340,1779.395630,-149.686096,166.779755,1753.697144,-198.352982,99.687592,1777.607422,-112.978203,75.055603,1790.422607,-238.532776
1088,9.067000,53.712147,1780.154419,-149.696838,166.570908,1754.958740,-198.218887,99.546013,1778.479736,-113.030540,74.756828,1791.381592,-238.580399
1089,9.075000,53.443211,1780.943848,-149.583252,166.303635,1756.082764,-198.346771,99.266350,1779.388794,-113.064064,74.358627,1792.248169,-238.528702
1090,9.083000,53.201706,1781.683228,-149.581100,166.067902,1757.269287,-198.704102,98.872498,1780.347412,-112.840263,73.876640,1793.118408,-238.505005
1091,9.092000,52.858383,1782.309204,-149.481735,165.903809,1758.540283,-198.590912,98.669197,1781.150879,-112.735085,73.434593,1793.936523,-238.478928
1092,9.100000,52.627892,1783.047241,-149.404434,165.540405,1759.848145,-198.482101,98.458694,1781.965942,-112.709778,72.923744,1794.847778,-238.264618
1093,9.108000,52.290329,1783.828857,-149.274109,165.191101,1760.899902,-198.609772,98.172432,1782.839600,-112.762054,72.538269,1795.594971,-238.186020
1094,9.117000,51.923222,1784.598389,-149.156616,165.007675,1761.700562,-198.721848,97.852760,1783.643799,-112.767059,72.143349,1796.353638,-238.187363
1095,9.125000,51.523464,1785.283325,-149.166061,164.671799,1762.739258,-198.965118,97.432617,1784.419556,-112.728508,71.807762,1797.084595,-238.243103
1096,9.133000,51.080864,1785.956909,-149.213120,164.325714,1763.702148,-198.682388,96.790733,1785.257080,-112.496735,71.498825,1797.754883,-238.298828
1097,9.142000,50.695061,1786.733765,-149.236801,164.128891,1764.450439,-198.284180,96.122322,1786.013062,-112.282318,71.377136,1798.389160,-238.403732
1098,9.150000,50.285084,1787.295532,-149.466187,163.877914,1765.029907,-198.035645,95.580994,1786.733887,-112.152298,71.269165,1798.969971,-238.437897
1099,9.158000,49.911106,1788.205200,-149.470093,163.677429,1765.500366,-197.700928,95.123863,1787.444214,-112.068909,71.174011,1799.566162,-238.326996
1100,9.167000,49.628139,1788.939209,-149.516739,163.380478,1766.057251,-197.444794,94.676796,1788.158325,-112.023819,71.101280,1800.144165,-238.258423
1101,9.175000,49.364357,1789.527832,-149.572800,163.115051,1766.608276,-197.311050,94.278336,1788.767212,-111.896385,71.045639,1800.692261,-238.268875
1102,9.183000,49.159351,1790.075806,-149.606277,163.002441,1767.235474,-197.056610,94.085144,1789.317383,-111.879997,70.989166,1801.224976,-238.304306
1103,9.192000,49.022785,1790.521484,-149.579483,162.945206,1767.872681,-196.911530,94.040276,1790.053711,-111.640137,70.910934,1801.744873,-238.305008
1104,9.200000,48.968014,1790.890869,-149.480621,162.969254,1768.531860,-196.739868,93.924210,1790.482300,-111.622902,70.841080,1802.218750,-238.238220
1105,9.208000,48.973801,1791.282471,-149.368454,163.010040,1769.174927,-196.683182,93.862511,1790.890991,-111.615860,70.770119,1802.684570,-238.135620
1106,9.217000,48.970524,1791.669189,-149.295929,162.877533,1769.798706,-196.887024,93.905663,1791.253174,-111.533112,70.665619,1803.089966,-238.043793
1107,9.225000,48.996941,1792.110596,-149.200851,162.834488,1770.373535,-197.077347,94.008675,1791.613281,-111.451195,70.590019,1803.521606,-237.969101
1108,9.233000,48.873394,1792.388428,-149.130157,162.701523,1770.934082,-197.514709,94.096939,1792.013550,-111.423561,70.512299,1804.008423,-237.902664
1109,9.242000,48.966030,1792.886597,-149.036469,162.576202,1771.530518,-198.315796,94.150620,1792.463257,-111.458130,70.417877,1804.479370,-237.877411
1110,9.250000,48.924606,1793.356567,-149.046722,162.282623,1772.360962,-198.780228,94.063690,1792.989990,-111.499367,70.314537,1804.992188,-237.855637
1111,9.258000,48.851135,1793.772095,-149.034927,161.547546,1773.420654,-199.611435,93.993736,1793.493408,-111.494499,70.188293,1805.477051,-237.786407
1112,9.267000,48.665081,1794.171021,-148.964752,161.017105,1774.307617,-200.073700,93.870300,1793.985107,-111.477585,70.074913,1805.945312,-237.722549
1113,9.275000,48.426201,1794.550659,-148.926941,160.899323,1774.781616,-199.814621,93.552887,1794.517090,-111.383652,69.978226,1806.364258,-237.610962
1114,9.283000,48.150818,1794.973022,-148.870148,160.709702,1775.276978,-199.587631,93.152916,1795.241333,-110.973045,69.868683,1806.715332,-237.492249
1115,9.292000,47.837311,1795.391113,-148.842361,160.469101,1775.754883,-199.380035,92.777298,1795.389771,-111.077118,69.726723,1807.112305,-237.341492
1116,9.300000,47.556900,1795.822510,-148.799591,160.232559,1776.218628,-199.108551,92.451004,1795.745605,-110.948494,69.554314,1807.509033,-237.182190
1117,9.308000,47.263714,1796.345337,-148.724625,160.066711,1776.681763,-198.842621,92.120041,1796.229614,-110.901024,69.349709,1807.940796,-237.049316
1118,9.317000,46.969997,1796.791748,-148.615677,159.946121,1777.098389,-198.549667,91.815804,1796.784424,-110.861969,69.129784,1808.363892,-236.955933
1119,9.325000,46.601582,1797.111206,-148.475967,159.722595,1777.584106,-198.360565,91.598083,1797.303955,-110.765076,68.948654,1808.750610,-236.967880
1120,9.333000,46.430389,1797.553589,-148.371216,159.504501,1778.127075,-198.224869,91.393105,1797.809326,-110.668312,68.749802,1809.129150,-236.944656
1121,9.342000,46.252712,1797.917847,-148.327011,159.301483,1778.642822,-198.062851,91.203171,1798.242676,-110.546761,68.523041,1809.574707,-236.765717
1122,9.350000,46.024570,1798.271362,-148.270233,159.137299,1779.001831,-197.821075,90.947983,1798.664673,-110.424301,68.364128,1809.925781,-236.626266
1123,9.358000,45.786148,1798.541870,-148.234879,158.933624,1779.376465,-197.591751,90.656418,1799.050293,-110.294548,68.229935,1810.178467,-236.494232
1124,9.367000,45.559193,1798.940796,-148.113205,158.744827,1779.702271,-197.418106,90.269402,1799.478638,-109.959137,68.194901,1810.290649,-236.589966
1125,9.375000,45.323872,1799.327637,-148.051102,158.611130,1779.939819,-197.242950,89.870842,1799.761841,-109.775597,68.147804,1810.492310,-236.647552
1126,9.383000,45.110176,1799.572510,-148.076904,158.483902,1780.086060,-197.048660,89.542351,1800.007324,-109.673744,68.094727,1810.688965,-236.629501
1127,9.392000,44.932396,1799.777466,-148.123444,158.403152,1780.130249,-196.833450,89.286179,1800.197388,-109.603981,68.048111,1810.843994,-236.582657
1128,9.400000,44.752438,1799.914185,-148.119507,158.349762,1780.170410,-196.646790,88.941887,1800.331177,-109.417175,68.023552,1810.948608,-236.507584
1129,9.408000,44.629375,1800.026001,-148.071915,158.296600,1780.196899,-196.483322,88.704521,1800.361206,-109.176163,68.044144,1810.984741,-236.442261
1130,9.417000,44.584831,1800.073608,-148.002762,158.261444,1780.204712,-196.396362,88.576080,1800.406860,-108.947807,68.016144,1811.011230,-236.358871
1131,9.425000,44.570667,1800.072632,-147.902664,158.260651,1780.214111,-196.321564,88.596489,1800.496704,-108.528366,68.024559,1811.021118,-236.271103
1132,9.433000,44.600639,1800.067017,-147.806137,158.338760,1780.197632,-196.265366,88.670410,1800.508911,-108.362419,68.030792,1811.010864,-236.215942
1133,9.442000,44.703316,1800.015869,-147.702637,158.426270,1780.140991,-196.248566,88.777336,1800.469849,-108.347153,68.077980,1810.936035,-236.137802
1134,9.450000,44.853100,1799.929321,-147.601227,158.434509,1780.089233,-196.213013,88.916687,1800.406250,-108.352570,68.138359,1810.859985,-236.033600
1135,9.458000,44.987240,1799.810791,-147.503403,158.482986,1779.930420,-196.219177,89.044640,1800.280029,-108.338272,68.217674,1810.715820,-235.942535
1136,9.467000,45.154335,1799.599976,-147.391449,158.565491,1779.663696,-196.196808,89.203064,1800.065063,-108.229507,68.338272,1810.523071,-235.869888
1137,9.475000,45.276363,1799.384155,-147.278549,158.716080,1779.345703,-196.058197,89.342125,1799.804688,-108.128021,68.444771,1810.323975,-235.785583
1138,9.483000,45.429291,1799.116455,-147.185333,158.815704,1778.931519,-196.000092,89.436310,1799.524170,-108.047005,68.510185,1810.183960,-235.521698
1139,9.492000,45.584759,1798.798218,-147.178268,158.912399,1778.498169,-195.930420,89.762871,1799.167725,-108.092194,68.688782,1809.969727,-235.404404
1140,9.500000,45.744053,1798.607788,-147.131119,158.984894,1778.046265,-195.849426,90.079262,1798.783325,-108.388344,68.864784,1809.699463,-235.373230
1141,9.508000,45.875614,1798.408936,-147.132263,159.114594,1777.543945,-195.781738,90.418915,1798.295654,-108.907990,69.108322,1809.381714,-235.344406
1142,9.517000,46.073734,1798.143066,-147.120331,159.387329,1777.002197,-195.665009,90.714447,1798.030640,-108.996544,69.297943,1809.078979,-235.364380
1143,9.525000,46.264343,1797.780518,-147.130234,159.587112,1776.538330,-195.600067,90.816772,1797.750000,-108.917725,69.523811,1808.731689,-235.314438
1144,9.533000,46.474911,1797.470459,-147.075760,159.777008,1776.148926,-195.628250,91.092079,1797.336914,-108.913498,69.718430,1808.301025,-235.356064
1145,9.542000,46.748657,1797.098267,-146.972824,159.953720,1775.782837,-195.681229,91.400116,1796.894043,-108.849564,69.853081,1807.947021,-235.294296
1146,9.550000,46.920288,1796.638428,-146.769058,160.149551,1775.442993,-195.705078,91.739861,1796.382690,-108.729332,70.000023,1807.629883,-235.169052
1147,9.558000,47.180019,1796.200073,-146.529938,160.391998,1775.060425,-195.653732,92.044724,1795.923462,-108.603981,70.113113,1807.332031,-235.029129
1148,9.567000,47.545322,1795.841309,-146.357803,160.542984,1774.707153,-195.629440,92.346939,1795.505005,-108.513824,70.241051,1807.029785,-234.815323
1149,9.575000,47.877853,1795.461304,-146.316040,160.696747,1774.333618,-195.632355,92.640556,1795.102539,-108.442108,70.362877,1806.746704,-234.687637
1150,9.583000,48.082283,1795.100586,-146.261093,160.831375,1773.958862,-195.694916,92.823540,1794.715820,-108.258636,70.459290,1806.455933,-234.608841
1151,9.592000,48.244713,1794.745972,-146.145920,160.949585,1773.577881,-195.740601,92.941841,1794.302124,-108.070488,70.537697,1806.142700,-234.497452
1152,9.600000,48.307671,1794.420288,-145.987564,161.055359,1773.263428,-195.708191,93.201645,1793.869873,-107.973526,70.608627,1805.832764,-234.368805
1153,9.608000,48.376312,1794.108643,-145.834534,161.022644,1772.939941,-195.674530,93.410675,1793.526611,-107.902901,70.566765,1805.534912,-234.216812
1154,9.617000,48.429535,1793.838501,-145.684036,161.041382,1772.666016,-195.700546,93.584290,1793.168335,-108.002083,70.649292,1805.289185,-234.064255
1155,9.625000,48.451496,1793.596802,-145.537155,161.054810,1772.428833,-195.685425,93.621948,1792.957275,-107.942375,70.652603,1805.030029,-233.938980
1156,9.633000,48.462723,1793.404907,-145.414520,161.076614,1772.170776,-195.594803,93.641815,1792.765015,-107.863510,70.650383,1804.775269,-233.909454
1157,9.642000,48.509834,1793.192261,-145.308929,161.129059,1771.819946,-195.477356,93.688431,1792.583008,-107.800262,70.638855,1804.517578,-233.843414
1158,9.650000,48.526012,1792.934082,-145.196854,161.084793,1771.488403,-195.355255,93.749588,1792.325439,-107.708138,70.618713,1804.222778,-233.747635
1159,9.658000,48.531021,1792.620972,-145.052368,161.037079,1771.094971,-195.229416,93.749260,1791.989502,-107.595573,70.596222,1803.927612,-233.678131
1160,9.667000,48.509041,1792.243042,-144.888840,161.015106,1770.742920,-195.136383,93.698723,1791.560303,-107.404602,70.554489,1803.606445,-233.556152
1161,9.675000,48.489372,1791.836670,-144.743866,161.009369,1770.454590,-195.078568,93.596642,1791.093018,-107.214867,70.524605,1803.247437,-233.388260
1162,9.683000,48.471737,1791.425415,-144.639313,161.029221,1770.100952,-195.034363,93.510353,1790.648071,-107.007072,70.496620,1802.908203,-233.258926
1163,9.692000,48.389862,1790.944946,-144.487549,160.993240,1769.762085,-195.040405,93.571907,1790.143066,-106.839470,70.454872,1802.541626,-233.198090
1164,9.700000,48.325264,1790.454346,-144.343582,161.953247,1768.740479,-193.541245,93.604660,1789.711060,-106.719780,70.381035,1802.162720,-233.054718
1165,9.708000,48.401478,1790.133179,-144.143921,162.542770,1767.946411,-191.749390,93.619698,1789.300781,-106.685028,70.301598,1801.759155,-232.926270
1166,9.717000,48.434551,1789.695801,-143.975159,162.548447,1767.469604,-191.156311,93.662964,1788.830688,-106.616341,70.198868,1801.338501,-232.720062
1167,9.725000,48.399895,1789.124512,-143.757385,162.441299,1766.967896,-191.103287,93.688370,1788.256226,-106.384918,70.042946,1800.857788,-232.436737
1168,9.733000,48.326870,1788.575073,-143.499054,162.379547,1766.327271,-191.125381,93.685730,1787.514526,-106.216621,69.921555,1800.369873,-232.168915
1169,9.742000,48.175674,1787.950439,-143.242386,162.267746,1765.764282,-191.351303,93.554420,1786.934326,-105.894035,69.794075,1799.855469,-232.001190
1170,9.750000,47.997654,1787.325317,-143.001038,162.117264,1765.086914,-191.272308,93.316956,1786.319946,-105.510284,69.700195,1799.301392,-231.750870
1171,9.758000,47.909134,1786.676025,-142.789932,162.006607,1764.429077,-191.050812,93.118492,1785.652710,-105.223610,69.623978,1798.715820,-231.453705
1172,9.767000,47.848255,1785.959595,-142.597580,161.894867,1763.782349,-190.876801,92.988472,1784.950684,-104.934074,69.537544,1798.085693,-231.140427
1173,9.775000,47.845890,1785.206055,-142.373108,161.796677,1763.017212,-190.450485,92.914589,1784.170532,-104.619949,69.451187,1797.386597,-230.847275
1174,9.783000,47.729492,1784.404907,-142.129059,161.707092,1762.226685,-190.072144,92.901543,1783.383057,-104.377724,69.363373,1796.712769,-230.588104
1175,9.792000,47.580570,1783.546143,-141.908218,161.565842,1761.340942,-189.874420,92.838661,1782.297119,-104.344292,69.261963,1796.004028,-230.408279
1176,9.800000,47.508984,1782.714722,-141.724304,161.439926,1760.441284,-189.759979,93.088684,1781.274902,-104.592728,69.163376,1795.297729,-230.218704
1177,9.808000,47.413174,1781.899170,-141.495758,161.244751,1759.559082,-189.680237,93.089722,1780.460938,-104.487480,69.120865,1794.525391,-229.963272
1178,9.817000,47.315769,1781.047485,-141.224304,161.112701,1758.732056,-189.460861,92.785744,1779.635742,-104.039337,69.028313,1793.744263,-229.711212
1179,9.825000,47.240498,1780.076294,-141.059830,161.184021,1757.928955,-188.738144,92.756035,1778.626465,-103.813225,68.912376,1793.014526,-229.452072
1180,9.833000,47.279591,1779.282349,-140.897690,161.115784,1757.140503,-188.506943,92.723206,1777.743164,-103.593063,68.741959,1792.198608,-229.321075
1181,9.842000,47.217861,1778.425903,-140.731171,160.934647,1756.291260,-188.664948,92.821251,1776.825684,-103.462776,68.591934,1791.419434,-229.195343
1182,9.850000,47.095871,1777.547607,-140.415741,160.802948,1755.479980,-189.318665,92.792816,1775.938721,-103.383713,68.427979,1790.564697,-229.025787
1183,9.858000,47.040489,1776.657837,-140.130188,160.775085,1754.569336,-189.451416,92.813484,1775.012817,-103.147453,68.256042,1789.722656,-228.784103
1184,9.867000,47.041096,1775.841064,-139.904221,160.686813,1753.811523,-189.263931,92.727989,1774.135620,-102.919319,68.034088,1788.870605,-228.521637
1185,9.875000,47.132168,1774.731445,-140.021790,160.678055,1753.017700,-188.940720,92.698189,1773.206665,-102.706253,67.803635,1787.988770,-228.291214
1186,9.883000,47.049377,1774.047363,-139.689255,160.548630,1752.224609,-188.836777,92.641830,1772.335205,-102.445938,67.646072,1787.152832,-228.151321
1187,9.892000,47.038754,1773.212036,-139.445648,160.423401,1751.288574,-188.983185,92.713722,1771.304077,-102.398392,67.579361,1786.268555,-227.942688
1188,9.900000,47.024719,1772.256470,-139.315369,160.308228,1750.147949,-189.089996,92.496941,1770.476929,-102.386345,67.507904,1785.284912,-227.729309
1189,9.908000,47.112366,1771.069580,-139.154053,160.336929,1748.934570,-189.117889,92.126274,1769.613647,-102.257545,67.473755,1784.250732,-227.601395
1190,9.917000,47.066948,1769.999634,-138.976791,160.315033,1747.908936,-188.875580,91.461876,1768.713623,-102.157761,67.444862,1783.240845,-227.490143
1191,9.925000,47.063232,1769.016479,-138.803070,160.187668,1746.606201,-188.688736,90.792923,1767.915771,-102.373001,67.453384,1782.176636,-227.281906
1192,9.933000,47.075161,1767.792603,-138.640915,160.212433,1745.101562,-188.496582,90.327614,1766.846924,-102.229561,67.522064,1781.021118,-226.929047
1193,9.942000,47.181049,1766.467529,-138.552505,160.263504,1743.804443,-188.551620,90.428177,1765.574585,-102.219353,67.564728,1779.821533,-226.903122
1194,9.950000,47.239944,1765.311890,-138.483032,160.221542,1742.536865,-188.583328,90.751602,1764.189453,-102.154922,67.597733,1778.698853,-226.891296
1195,9.958000,47.340828,1764.165771,-138.252258,160.339066,1741.145386,-188.434021,90.785431,1762.749878,-101.905029,67.646576,1777.509033,-226.739822
1196,9.967000,47.423706,1762.850098,-138.118530,160.408417,1739.804688,-188.702606,91.007156,1761.288330,-101.826973,67.684021,1776.294922,-226.579880
1197,9.975000,47.634705,1761.552856,-138.050980,160.490677,1738.591309,-188.805450,91.329720,1759.909790,-101.790588,67.714935,1775.140503,-226.455429
1198,9.983000,47.915855,1760.324463,-137.854507,160.647385,1737.344482,-188.683151,91.573906,1758.943604,-101.880852,67.754349,1773.979248,-226.328262
1199,9.992000,48.097881,1759.129028,-137.664917,160.747589,1736.061890,-188.798035,91.633362,1757.903442,-101.682549,67.869637,1772.768677,-226.159760
1200,10.000000,48.528400,1757.895264,-137.506882,160.776749,1734.732788,-189.123779,92.066559,1756.571167,-101.408348,67.931923,1771.524536,-226.129593
1201,10.008000,48.776863,1756.606201,-137.461151,160.955460,1733.516968,-189.196548,92.466499,1755.212036,-101.453522,67.985275,1770.332275,-226.126465
1202,10.017000,49.094185,1755.443604,-137.355850,161.119781,1732.275146,-189.197937,92.845520,1753.949707,-101.839760,68.086525,1769.132812,-226.053665
1203,10.025000,49.287861,1754.258423,-137.293259,161.128098,1730.877319,-189.543213,92.955627,1752.562500,-101.372215,68.183319,1767.893799,-226.079880
1204,10.033000,49.465828,1752.911865,-137.330994,161.248596,1729.443604,-189.903793,93.219505,1751.039062,-101.313255,68.267677,1766.634766,-226.167267
1205,10.042000,49.753117,1751.625366,-137.306168,161.460724,1728.112183,-189.853271,93.571007,1749.643799,-101.608154,68.303169,1765.371582,-226.167496
1206,10.050000,49.838783,1750.277100,-137.299942,161.458298,1726.795044,-190.090073,93.846489,1748.352295,-101.730354,68.396828,1764.143311,-226.112213
1207,10.058000,49.955853,1748.999268,-137.261520,161.535004,1725.271118,-190.347519,93.856781,1747.027710,-101.628624,68.418991,1762.835205,-226.148361
1208,10.067000,50.132195,1747.708374,-137.299835,161.699554,1723.983398,-190.364288,93.956161,1745.595093,-101.623611,68.437828,1761.538452,-226.184113
1209,10.075000,50.185753,1746.480347,-137.335907,161.659546,1722.785767,-190.502197,94.216026,1744.268555,-101.825012,68.431229,1760.362305,-226.253586
1210,10.083000,50.260109,1745.192383,-137.344070,161.686935,1721.397095,-190.755890,94.196808,1742.956177,-101.642830,68.492592,1759.185303,-226.215469
1211,10.092000,50.419327,1744.031250,-137.230103,161.785248,1720.071167,-191.007050,94.308403,1741.540894,-101.583778,68.450760,1757.925293,-226.191269
1212,10.100000,50.573620,1742.833984,-137.241806,161.817795,1719.039062,-191.248444,94.590157,1740.258789,-101.711700,68.425781,1756.712036,-226.215775
1213,10.108000,50.631962,1741.585449,-137.207458,161.777206,1717.845093,-191.459915,94.992874,1739.169800,-101.964470,68.390205,1755.592407,-226.243042
1214,10.117000,50.780281,1740.305664,-137.162842,161.826904,1716.558960,-191.678299,95.035538,1738.087280,-101.936813,68.275688,1754.521606,-226.087173
1215,10.125000,50.941208,1739.208130,-137.066498,161.796906,1715.379883,-192.012863,95.178993,1736.800659,-101.896042,68.183563,1753.326538,-225.840393
1216,10.133000,50.915279,1738.012085,-137.084183,161.812408,1714.423950,-192.283020,95.472740,1735.558350,-101.984482,68.046471,1752.216431,-225.834076
1217,10.142000,50.913574,1736.787598,-137.135208,161.701706,1713.399170,-192.447159,96.102791,1734.114258,-102.075096,67.776787,1751.035278,-226.065765
1218,10.150000,50.928802,1735.643677,-137.108810,161.631226,1712.273071,-192.654694,96.683266,1733.037476,-101.903839,67.553642,1749.901367,-226.228897
1219,10.158000,50.939686,1734.656860,-137.087555,161.537094,1711.147339,-192.996689,96.903702,1731.827515,-101.813133,67.460678,1748.769043,-226.187790
1220,10.167000,50.856850,1733.540039,-137.172073,161.450638,1710.133179,-193.141312,96.685532,1730.684814,-101.808136,67.286720,1747.589722,-226.214722
1221,10.175000,50.776291,1732.445801,-137.246811,161.267059,1709.034058,-193.185379,96.680344,1729.731689,-102.058258,67.109398,1746.480591,-226.366730
1222,10.183000,50.697170,1731.401001,-137.377838,161.069382,1707.809570,-193.281235,96.731346,1728.860718,-102.355484,66.990753,1745.315308,-226.488342
1223,10.192000,50.693485,1730.265991,-137.474030,161.010590,1706.590332,-193.435364,96.504440,1727.854614,-102.464668,66.912895,1744.048950,-226.555344
1224,10.200000,50.599571,1729.231079,-137.562698,160.933044,1705.331421,-193.389908,96.302864,1726.604980,-102.504242,66.804527,1742.806885,-226.706680
1225,10.208000,50.592625,1728.157715,-137.680283,160.580200,1704.092773,-193.855347,96.373741,1725.490601,-102.667458,66.766571,1741.679932,-226.819672
1226,10.217000,50.577366,1727.005249,-137.854324,160.386963,1702.908936,-194.567963,96.745636,1724.473633,-102.833168,66.773331,1740.456665,-227.015350
1227,10.225000,50.495758,1725.835083,-137.991959,160.158508,1701.697632,-195.364334,97.108551,1723.382690,-103.044922,66.796944,1739.139648,-227.205063
1228,10.233000,50.687687,1724.689087,-138.101273,159.703720,1700.789062,-196.757538,97.362823,1722.080200,-103.311668,66.707962,1737.898071,-227.422287
1229,10.242000,50.901291,1723.451538,-138.175781,159.310226,1699.996826,-197.874619,97.493248,1720.817261,-103.486107,66.621536,1736.702148,-227.532898
1230,10.250000,51.073818,1722.048828,-138.321182,159.331787,1698.732666,-198.392578,97.592682,1719.550659,-103.680641,66.608742,1735.350586,-227.606522
1231,10.258000,51.168446,1720.680054,-138.448868,159.484436,1697.509521,-198.859085,97.527931,1718.049072,-103.810478,66.440605,1733.968384,-227.941849
1232,10.267000,51.388489,1719.368530,-138.453674,159.573700,1696.228882,-199.303925,97.528770,1716.459473,-104.100006,66.318726,1732.711914,-228.061691
1233,10.275000,51.557182,1717.948364,-138.529694,159.565125,1695.029663,-199.874146,98.021042,1715.278564,-104.583122,66.156227,1731.400391,-228.069595
1234,10.283000,51.616188,1716.465820,-138.565277,159.536087,1693.750122,-200.386261,98.732780,1714.045776,-104.937584,66.007545,1730.084595,-228.109650
1235,10.292000,51.750534,1715.084351,-138.566681,159.529373,1692.491943,-200.770447,99.374115,1712.496826,-105.179825,65.814713,1728.727539,-228.293945
1236,10.300000,51.790031,1713.652100,-138.615784,159.399155,1691.193970,-201.048141,100.387527,1711.065186,-105.429176,65.593231,1727.500732,-228.308685
1237,10.308000,51.747211,1712.211304,-138.723694,159.140335,1689.901367,-201.349365,100.337730,1709.601929,-105.456902,65.381065,1726.202026,-228.317612
1238,10.317000,51.629181,1710.902954,-138.833115,158.929489,1688.650391,-201.588730,100.148926,1708.253296,-105.508331,65.135277,1724.903564,-228.398529
1239,10.325000,51.483852,1709.655762,-138.845459,158.660522,1687.370728,-201.688110,99.809441,1707.019897,-105.541199,64.957779,1723.580200,-228.556229
1240,10.333000,51.253555,1708.391479,-139.003586,158.433548,1686.140991,-201.822601,99.374161,1705.929565,-105.482269,64.716179,1722.343628,-228.609573
1241,10.342000,51.048515,1707.253174,-139.111176,158.204376,1684.901978,-201.909149,99.119629,1704.929077,-105.553307,64.467300,1721.121582,-228.655273
1242,10.350000,50.822979,1706.052856,-139.274750,157.907867,1683.658691,-202.000015,98.833061,1703.727905,-105.735092,64.155418,1719.746704,-228.965805
1243,10.358000,50.646591,1704.935059,-139.353745,157.739716,1682.508179,-202.126968,98.508987,1702.526245,-106.009697,63.949020,1718.425537,-229.149506
1244,10.367000,50.235172,1703.866089,-139.250275,157.690994,1681.202881,-202.293701,98.581474,1701.536377,-106.268829,63.778587,1717.149170,-229.318481
1245,10.375000,50.087776,1702.711792,-139.276138,157.553482,1679.723022,-202.559692,98.759407,1700.362671,-106.560944,63.546227,1715.751587,-229.583298
1246,10.383000,50.294395,1701.116333,-139.872360,157.376602,1678.365845,-202.801071,98.759712,1698.965210,-106.755104,63.376724,1714.370728,-229.714310
1247,10.392000,49.991093,1699.882446,-139.711166,157.332138,1677.049438,-203.198227,98.730598,1697.532959,-106.922630,63.266113,1713.001709,-229.833084
1248,10.400000,49.923817,1698.571533,-139.612518,157.245758,1675.492310,-203.601151,98.906181,1696.118530,-107.171364,63.114597,1711.565308,-230.042252
1249,10.408000,49.964733,1697.090332,-139.744888,157.184723,1673.901123,-203.810104,98.867805,1694.483398,-107.425659,62.960072,1710.064941,-230.294067
1250,10.417000,49.956604,1695.491333,-140.016266,157.087708,1672.521362,-204.269409,98.889885,1692.937866,-107.695328,62.843525,1708.642944,-230.536835
1251,10.425000,49.988655,1693.942017,-140.408051,157.047455,1670.941650,-204.711105,99.068535,1691.445435,-108.050034,62.685886,1707.212891,-230.726974
1252,10.433000,50.003433,1692.463989,-140.649902,156.957764,1669.380981,-205.097290,99.065880,1689.884888,-108.343010,62.519505,1705.642822,-231.020142
1253,10.442000,50.031609,1690.954834,-140.893127,156.864624,1668.131714,-205.604034,99.100510,1688.411621,-108.686813,62.420952,1704.221680,-231.216980
1254,10.450000,49.982616,1689.459839,-140.818832,156.835266,1666.744751,-206.186981,99.298180,1687.103760,-108.951904,62.281300,1702.654297,-231.508743
1255,10.458000,50.114555,1688.046021,-140.771805,156.690582,1665.178101,-206.487671,99.476501,1685.773682,-109.284668,62.153172,1701.218994,-231.804321
1256,10.467000,50.189541,1686.588013,-140.991699,156.699753,1663.879150,-206.820404,99.481560,1684.318115,-109.558411,61.931862,1700.098022,-231.926849
1257,10.475000,50.240261,1685.130127,-141.240814,156.677917,1662.384644,-207.250778,99.566071,1682.916870,-109.849968,61.869801,1698.589966,-232.261978
1258,10.483000,50.274025,1683.728516,-141.496994,156.559601,1660.567139,-207.502930,99.675339,1681.558594,-110.097916,61.808098,1697.043091,-232.563660
1259,10.492000,50.500320,1681.993652,-142.230789,156.625046,1659.029663,-207.612900,99.132332,1680.117920,-110.633018,61.870304,1695.507812,-232.722412
1260,10.500000,50.329342,1680.532959,-142.257309,156.618546,1657.149536,-207.948242,98.563499,1678.793945,-111.217003,61.983952,1693.792847,-232.915558
1261,10.508000,50.316410,1679.046753,-142.158768,156.712616,1655.275391,-208.053268,98.366196,1677.339355,-111.539551,61.989098,1692.131958,-233.139954
1262,10.517000,50.447304,1677.264526,-142.606140,156.684479,1653.536377,-208.318390,98.259415,1675.488647,-111.630409,62.147064,1690.551880,-233.230957
1263,10.525000,50.329399,1675.735718,-142.680649,156.717270,1651.440308,-208.589584,98.382950,1673.726074,-111.835472,62.199585,1688.828735,-233.475922
1264,10.533000,50.370800,1674.134766,-142.749039,156.903564,1649.726440,-208.578293,98.596329,1671.989380,-111.909058,62.365574,1687.066162,-233.718094
1265,10.542000,50.576221,1672.291382,-143.251572,156.898163,1647.812012,-208.826111,98.567993,1670.120361,-111.961700,62.546291,1685.349243,-233.907913
1266,10.550000,50.558147,1670.676880,-143.289536,157.061707,1645.851685,-208.925568,98.650833,1668.313599,-112.178291,62.599705,1683.697876,-234.035217
1267,10.558000,50.640778,1668.966064,-143.322754,157.042938,1644.092285,-209.189926,98.828011,1666.547729,-112.378654,62.788979,1681.927612,-234.200562
1268,10.567000,50.787498,1667.121582,-143.524033,157.122696,1641.890503,-209.356903,98.849182,1664.545654,-112.413063,62.926239,1680.191284,-234.329102
1269,10.575000,50.895790,1665.253296,-143.673141,157.237778,1640.043335,-209.472580,99.244652,1662.412476,-112.485413,63.044758,1678.374634,-234.433533
1270,10.583000,51.073612,1663.437744,-143.780334,157.325195,1637.916504,-209.682724,99.552383,1660.147339,-112.429878,63.229591,1676.597168,-234.509460
1271,10.592000,51.172493,1661.448730,-143.920013,157.459518,1635.945312,-209.939728,100.089813,1657.994019,-112.409966,63.303791,1674.775757,-234.649872
1272,10.600000,51.387386,1659.572876,-143.971756,157.483780,1634.043823,-210.226822,100.391151,1655.769409,-112.423683,63.426441,1672.920776,-234.757187
1273,10.608000,51.502777,1657.588135,-144.114380,157.647690,1631.864746,-210.372559,100.674789,1653.691284,-112.524345,63.518742,1671.131470,-234.875275
1274,10.617000,51.667755,1655.646606,-144.233658,157.714981,1630.053223,-210.648117,100.894096,1651.759277,-112.707207,63.538612,1669.344360,-234.952179
1275,10.625000,51.814648,1653.763916,-144.296860,157.822021,1627.955688,-210.777145,100.874451,1649.657471,-112.933472,63.713440,1667.483398,-235.060684
1276,10.633000,51.924770,1651.724609,-144.424561,157.894089,1626.059448,-211.153687,101.004364,1647.755737,-113.134216,63.761467,1665.602051,-235.167557
1277,10.642000,52.047520,1649.880371,-144.471909,157.907684,1624.025879,-211.290283,100.981346,1645.707275,-113.349380,63.892731,1663.706543,-235.229355
1278,10.650000,52.183140,1647.762451,-144.982559,158.004501,1621.935913,-211.533646,101.056313,1643.788818,-113.489594,63.976265,1661.761841,-235.430496
1279,10.658000,52.126926,1646.005737,-144.985947,158.024063,1619.922607,-211.535446,101.118065,1641.866333,-113.673531,63.972076,1659.889282,-235.528671
1280,10.667000,52.103851,1644.139526,-145.089279,158.041702,1617.644775,-211.695572,101.081680,1639.801392,-113.838737,64.125664,1657.814209,-235.853394
1281,10.675000,52.131607,1642.126099,-145.320312,158.024979,1615.557983,-211.928604,101.128395,1637.715210,-114.077812,64.148109,1655.983398,-235.966614
1282,10.683000,52.169147,1640.134155,-145.509308,157.897354,1613.439209,-212.178391,101.172264,1635.493896,-114.251404,64.224281,1654.050049,-236.100937
1283,10.692000,52.162479,1638.078979,-145.715179,157.807983,1611.552979,-212.701508,101.320717,1633.422607,-114.346970,64.204185,1652.061523,-236.338409
1284,10.700000,52.238117,1635.977051,-145.952850,157.649490,1609.645142,-213.115280,101.528122,1631.120483,-114.623703,64.250359,1650.116699,-236.424545
1285,10.708000,52.368183,1633.947388,-146.079422,157.406647,1607.673218,-213.817764,101.653221,1629.049316,-114.710098,64.287483,1648.028198,-236.678040
1286,10.717000,52.496258,1631.771118,-146.239136,157.190201,1605.898560,-214.475616,101.770134,1626.950073,-114.941803,64.330620,1646.057983,-236.733856
1287,10.725000,52.681492,1629.652466,-146.263855,156.828400,1603.930664,-215.345886,101.864761,1624.749634,-115.185646,64.320641,1643.906982,-236.900589
1288,10.733000,52.783138,1627.298584,-146.437973,158.121231,1600.930298,-213.891968,102.040688,1622.482910,-115.466896,64.266670,1641.928833,-236.880112
1289,10.742000,52.939316,1625.020996,-146.462463,159.575104,1597.806885,-211.761459,102.141335,1620.093262,-115.644348,63.941711,1639.843384,-236.629196
1290,10.750000,52.975258,1622.569946,-146.631393,159.621277,1595.617676,-211.683441,102.383560,1617.649292,-115.867455,64.102859,1637.669434,-236.844971
1291,10.758000,53.086834,1620.205322,-146.717621,159.527237,1593.343750,-212.019379,102.537056,1615.137573,-116.009651,63.857616,1635.614380,-236.529694
1292,10.767000,53.044044,1617.710205,-146.866989,159.483612,1591.064087,-212.316544,102.726654,1612.587280,-116.169342,63.978748,1633.062988,-236.979813
1293,10.775000,53.098255,1615.268433,-146.973541,159.451309,1588.854126,-212.687988,102.787605,1610.115356,-116.247742,63.774033,1630.833618,-237.125702
1294,10.783000,53.111919,1612.845093,-147.065216,159.406372,1586.562378,-212.850998,102.880424,1607.630127,-116.448402,63.725853,1628.548340,-237.346558
1295,10.792000,53.158142,1610.416626,-147.130646,159.360001,1584.320557,-213.010071,102.996124,1605.226562,-116.576546,63.746876,1626.279541,-237.532654
1296,10.800000,53.268005,1608.028320,-147.162567,159.362274,1582.012939,-213.133789,103.121597,1602.790649,-116.647888,63.687614,1624.010132,-237.503922
1297,10.808000,53.353905,1605.546265,-147.161652,159.420547,1579.813721,-213.206055,103.366028,1600.193359,-116.698326,63.678452,1621.728394,-237.453842
1298,10.817000,53.476669,1603.030518,-147.134796,159.461899,1577.368042,-213.193802,103.467911,1597.618896,-116.590317,63.715347,1619.330933,-237.385071
1299,10.825000,53.530807,1600.456421,-147.095444,159.492615,1574.992676,-213.218903,103.691216,1594.879883,-116.707535,63.640377,1617.145264,-237.091995
1300,10.833000,53.600098,1597.930054,-147.091385,159.724640,1572.224976,-213.099915,103.648590,1592.332153,-116.590446,63.826069,1614.660156,-237.117294
1301,10.842000,53.602325,1595.387573,-147.071899,159.818802,1569.733765,-212.947617,103.788536,1589.542969,-116.712067,63.991703,1612.197632,-236.908051
1302,10.850000,53.653961,1592.874390,-147.104904,159.798416,1567.163452,-213.069992,103.703171,1586.997437,-116.517044,64.158127,1609.726196,-236.936859
1303,10.858000,53.559849,1590.338623,-147.098679,159.882385,1564.780396,-213.028641,103.764526,1584.267822,-116.747581,64.199554,1607.433472,-236.929688
1304,10.867000,53.512337,1587.854492,-147.175674,159.803955,1562.171875,-213.227219,103.281647,1581.791016,-116.366226,64.209969,1605.096680,-236.988647
1305,10.875000,53.351692,1585.577881,-146.929825,159.926147,1559.871948,-213.069000,103.036026,1579.103638,-116.583382,64.315186,1602.796143,-236.953522
1306,10.883000,53.284157,1583.136475,-146.969788,159.828583,1557.259766,-213.295502,102.928246,1576.840698,-116.397903,64.334793,1600.534912,-237.042038
1307,10.892000,53.342896,1580.797729,-146.985519,159.995346,1555.035889,-213.091736,102.596436,1574.346069,-116.367294,64.506989,1598.230591,-237.032135
1308,10.900000,53.269554,1578.446899,-147.108185,159.899017,1552.499390,-213.411972,102.414162,1572.187012,-116.544823,64.523186,1596.039429,-237.171295
1309,10.908000,53.427292,1576.176758,-147.223282,160.053772,1550.330322,-213.244919,102.298073,1569.785522,-116.797241,64.700096,1593.829346,-237.189926
1310,10.917000,53.496586,1573.778198,-147.530548,159.975052,1547.999512,-213.662155,102.426285,1567.649170,-116.934029,64.686638,1591.889526,-237.072647
1311,10.925000,53.596912,1571.697754,-147.473251,160.159698,1545.980591,-213.723831,103.159233,1565.093140,-117.217728,64.684929,1589.628784,-237.138199
1312,10.933000,53.698196,1569.573242,-147.477890,160.114639,1543.861084,-214.057999,103.455627,1562.811646,-117.017021,64.659882,1587.795898,-236.931778
1313,10.942000,53.897053,1567.277222,-147.640228,160.306320,1541.918091,-214.401749,104.121727,1560.277100,-117.586105,64.602043,1585.676880,-236.888657
1314,10.950000,54.067886,1565.099854,-147.648270,160.355545,1540.014282,-214.557953,104.098648,1558.269775,-117.363663,64.593048,1583.950195,-236.358887
1315,10.958000,54.318008,1562.768311,-147.765121,160.477890,1537.988647,-215.126221,104.669243,1555.793823,-117.923988,64.228745,1582.011353,-235.972702
1316,10.967000,54.519909,1560.492920,-147.723969,160.642761,1536.152588,-215.255554,104.828514,1553.619141,-117.634567,64.197464,1579.962280,-236.153885
1317,10.975000,54.761421,1558.155518,-147.790176,160.690384,1534.120728,-215.688309,105.056404,1551.431763,-117.536095,64.203102,1577.888184,-236.226074
1318,10.983000,54.906517,1555.914185,-147.820755,160.870544,1532.167114,-215.945175,105.294670,1548.913208,-117.912849,64.304420,1575.829712,-236.358780
1319,10.992000,55.039753,1553.711548,-147.849716,160.881363,1530.313354,-216.134949,105.524841,1546.835327,-117.986824,64.421974,1573.766113,-236.567307
1320,11.000000,55.129219,1551.544434,-147.913330,160.993195,1528.262817,-216.479233,105.728661,1544.443970,-118.372383,64.570908,1571.737671,-236.853348
1321,11.008000,55.208408,1549.535278,-147.939056,161.047760,1526.452148,-216.493912,105.787567,1542.484375,-118.359283,64.705215,1569.697510,-237.264038
1322,11.017000,55.205223,1547.523926,-148.108688,161.069275,1524.575195,-216.600601,105.786552,1540.419067,-118.463127,64.930275,1567.696167,-237.671417
1323,11.025000,55.203209,1545.703247,-148.149521,161.092102,1522.700439,-216.765076,105.896263,1538.502930,-118.640312,64.900360,1565.929810,-237.722580
1324,11.033000,55.125462,1543.922119,-148.255127,161.090988,1521.081665,-216.624786,105.662613,1536.835571,-118.493164,64.925262,1564.214478,-237.698914
1325,11.042000,55.065475,1542.305054,-148.399414,161.135193,1519.269409,-216.571808,105.517754,1535.186768,-118.545250,64.997040,1562.628296,-237.751404
1326,11.050000,54.983650,1540.792847,-148.517242,161.144135,1517.635498,-216.610611,105.563812,1533.606689,-118.737335,65.008942,1561.128174,-237.692230
1327,11.058000,54.947037,1539.286377,-148.655045,161.180878,1516.118530,-216.380264,105.403786,1532.191406,-118.604538,65.032188,1559.608765,-237.658890
1328,11.067000,54.958858,1537.854614,-148.764114,161.172241,1514.451172,-216.227219,105.232040,1530.749390,-118.552498,65.135078,1558.207153,-237.597961
1329,11.075000,54.899937,1536.440552,-148.865692,161.164429,1512.870117,-216.203613,105.416275,1529.240601,-118.799667,65.361038,1556.664185,-237.770111
1330,11.083000,54.931290,1534.957642,-148.998428,161.274033,1511.346436,-216.101776,105.315765,1527.760986,-118.670357,65.472366,1555.142578,-237.961563
1331,11.092000,54.979420,1533.422241,-149.134094,161.325439,1509.854980,-216.069977,105.263870,1526.301147,-118.637421,65.544960,1553.967407,-237.680069
1332,11.100000,54.970860,1531.978271,-149.217987,161.352844,1508.409912,-216.366074,105.188782,1524.742432,-118.777054,65.727989,1552.671021,-237.604996
1333,11.108000,55.091713,1530.554321,-149.341232,161.537201,1507.093994,-216.451340,105.491661,1523.191895,-118.996056,65.800560,1551.413330,-237.554367
1334,11.117000,55.219185,1529.157104,-149.428680,161.668304,1505.876587,-216.554703,105.526207,1521.874634,-119.062653,65.622559,1550.241943,-237.616928
1335,11.125000,55.296974,1527.933838,-149.548264,161.782089,1504.756470,-216.888458,105.552841,1520.675293,-119.109016,65.584320,1549.238159,-237.309708
1336,11.133000,55.493134,1526.782349,-149.631683,161.940094,1503.585083,-217.229080,105.981300,1519.334839,-119.494080,65.951881,1548.017090,-237.638901
1337,11.142000,55.691727,1525.653198,-149.685059,162.133652,1502.549805,-217.385880,106.178711,1518.289062,-119.576210,66.085533,1546.830933,-237.928070
1338,11.150000,55.852219,1524.528320,-149.763596,162.231522,1501.576050,-217.447418,106.283028,1517.296021,-119.631088,65.984932,1545.782349,-238.067993
1339,11.158000,56.004211,1523.462891,-149.833694,162.322098,1500.613403,-217.576645,106.437950,1516.304199,-119.664940,65.974495,1544.884399,-237.792801
1340,11.167000,56.162365,1522.443237,-149.874741,162.433960,1499.553589,-217.720917,106.490776,1515.158081,-119.684700,65.981331,1544.056030,-237.418808
1341,11.175000,56.265533,1521.433472,-149.944687,162.598312,1498.283569,-217.678589,106.827980,1514.156494,-119.999245,66.390045,1542.961792,-237.865631
1342,11.183000,56.360542,1520.411133,-150.000717,162.690552,1497.364258,-217.758347,106.891594,1513.036133,-120.011902,66.507210,1541.725952,-238.627716
1343,11.192000,56.439014,1519.477295,-150.118988,162.689590,1496.401733,-217.766632,106.799431,1512.031982,-119.996712,66.756531,1540.862061,-238.721542
1344,11.200000,56.471535,1518.631470,-150.170166,162.813568,1495.470947,-217.730637,106.767960,1511.175049,-119.901001,66.822548,1540.123901,-238.399445
1345,11.208000,56.525360,1517.850708,-150.246628,162.971741,1494.482910,-217.747528,106.718842,1510.322510,-119.899544,66.819069,1539.564209,-237.902161
1346,11.217000,56.638031,1517.152954,-150.288727,163.046936,1493.555908,-217.802155,106.999199,1509.416748,-120.138634,66.870201,1538.937744,-237.687622
1347,11.225000,56.754227,1516.498047,-150.326279,163.167831,1492.747681,-217.734497,107.067596,1508.779175,-120.099380,67.385658,1538.089600,-238.238403
1348,11.233000,56.890377,1515.856567,-150.325653,163.342804,1492.030762,-217.678009,107.083496,1508.161255,-120.000572,67.638527,1537.135620,-238.870117
1349,11.242000,57.007038,1515.246216,-150.313950,163.487564,1491.338623,-217.566193,107.120682,1507.488892,-119.928108,67.930901,1536.394897,-239.062500
1350,11.250000,57.125900,1514.614868,-150.360733,163.641876,1490.656006,-217.513489,107.144180,1506.882812,-119.847885,68.072716,1535.846436,-238.985107
1351,11.258000,57.227676,1514.008545,-150.367523,163.695892,1489.936157,-217.636230,107.203659,1506.274414,-119.823578,68.094070,1535.444702,-238.569962
1352,11.267000,57.332985,1513.488037,-150.434769,163.748993,1489.307007,-217.667816,107.297043,1505.569580,-119.914925,68.036186,1535.060059,-238.182724
1353,11.275000,57.457005,1513.010498,-150.461914,163.823151,1488.776245,-217.702988,107.441635,1505.005615,-119.948669,68.073166,1534.697998,-238.004181
1354,11.283000,57.551361,1512.561890,-150.420273,163.905014,1488.333740,-217.717682,107.721039,1504.453857,-120.184692,68.101837,1534.365845,-237.947815
1355,11.292000,57.671066,1512.158569,-150.394318,163.979340,1488.008911,-217.849869,107.859238,1504.089966,-120.216209,68.063728,1534.072144,-237.885056
1356,11.300000,57.772835,1511.794800,-150.406006,163.997559,1487.841187,-217.968048,107.996666,1503.779907,-120.251472,67.978828,1533.802246,-237.752930
1357,11.308000,57.869240,1511.495972,-150.398270,164.061462,1487.718140,-218.122787,108.159508,1503.518433,-120.279709,67.875435,1533.604004,-237.652512
1358,11.317000,57.972523,1511.259766,-150.350433,164.094604,1487.603149,-218.266769,108.250977,1503.343140,-120.330963,67.794327,1533.404175,-237.541046
1359,11.325000,58.017307,1511.057495,-150.331741,164.130615,1487.515381,-218.384079,108.337685,1503.190674,-120.377106,67.737709,1533.256348,-237.501083
1360,11.333000,58.068699,1510.900879,-150.325272,164.183289,1487.442261,-218.443542,108.379433,1503.081543,-120.387573,67.625771,1533.004150,-237.620926
1361,11.342000,58.102062,1510.765747,-150.354507,164.221420,1487.315186,-218.394775,108.384727,1502.998291,-120.362122,67.607384,1532.831909,-237.714447
1362,11.350000,58.108902,1510.652832,-150.359863,164.226639,1487.153198,-218.265930,108.388229,1502.913208,-120.345467,67.656456,1532.669434,-237.686127
1363,11.358000,58.091469,1510.512329,-150.368408,164.249222,1486.885010,-218.174774,108.338364,1502.769287,-120.287575,67.734825,1532.499268,-237.669830
1364,11.367000,58.084770,1510.349609,-150.411697,164.248962,1486.636597,-218.107910,108.231529,1502.594238,-120.230667,67.810631,1532.317627,-237.677231
1365,11.375000,58.076473,1510.176392,-150.469177,164.238770,1486.351440,-218.079880,108.176170,1502.363403,-120.232079,67.910583,1532.136230,-237.698273
1366,11.383000,58.062057,1510.040649,-150.489700,164.212067,1486.122925,-218.061554,108.071014,1502.168701,-120.218681,67.936050,1531.980591,-237.738617
1367,11.392000,58.031898,1509.902344,-150.525040,164.231827,1485.934326,-218.087341,108.051773,1502.020874,-120.223755,67.959625,1531.853271,-237.750870
1368,11.400000,58.069408,1509.771606,-150.538849,164.230392,1485.804688,-218.088593,108.089485,1501.895630,-120.218414,67.973618,1531.711670,-237.707230
1369,11.408000,58.122341,1509.641846,-150.525024,164.279907,1485.722046,-218.034653,108.152008,1501.747803,-120.228798,67.982056,1531.625610,-237.650696
1370,11.417000,58.187336,1509.464355,-150.498734,164.309387,1485.666138,-218.122803,108.296478,1501.594971,-120.218018,67.920441,1531.507324,-237.564194
1371,11.425000,58.267735,1509.257324,-150.498245,164.327393,1485.554443,-218.248337,108.391617,1501.383911,-120.210228,67.869690,1531.402344,-237.455536
1372,11.433000,58.385464,1508.858154,-150.663345,164.342728,1485.472412,-218.306213,108.534332,1501.167114,-120.240700,67.805244,1531.288818,-237.376801
1373,11.442000,58.380634,1508.761475,-150.460358,164.356339,1485.389404,-218.452713,108.588608,1500.948120,-120.277275,67.751595,1531.134766,-237.299713
1374,11.450000,58.449825,1508.527100,-150.426315,164.395981,1485.240967,-218.537354,108.742142,1500.619385,-120.431282,68.081772,1530.774414,-237.812027
1375,11.458000,58.452873,1508.266479,-150.406586,164.413620,1484.969604,-218.447052,108.815613,1500.558350,-120.462173,68.309456,1530.476074,-238.127869
1376,11.467000,58.458153,1507.997192,-150.407593,164.450989,1484.696655,-218.422638,108.779655,1500.351440,-120.422218,68.408020,1530.244263,-238.223663
1377,11.475000,58.398819,1507.751831,-150.418747,164.466003,1484.461914,-218.428589,108.672913,1500.062012,-120.384903,68.379044,1530.109619,-238.123383
1378,11.483000,58.335197,1507.576294,-150.445099,164.435394,1484.183472,-218.431992,108.555794,1499.818481,-120.340538,68.225426,1530.000122,-237.954865
1379,11.492000,58.263805,1507.426270,-150.465271,164.403671,1483.947876,-218.377029,108.598213,1499.422607,-120.570801,68.176750,1529.882812,-237.794067
1380,11.500000,58.177856,1507.320190,-150.513565,164.374329,1483.762573,-218.333176,108.511200,1499.294312,-120.558365,68.142975,1529.760376,-237.807022
1381,11.508000,58.083157,1507.270264,-150.558655,164.345734,1483.703735,-218.320007,108.410034,1499.272217,-120.577744,68.125603,1529.685791,-237.840683
1382,11.517000,58.019997,1507.236938,-150.615906,164.278717,1483.680664,-218.324905,108.359192,1499.300537,-120.613289,68.084450,1529.588623,-237.872253
1383,11.525000,57.957729,1507.198486,-150.661545,164.216843,1483.640381,-218.418823,108.331161,1499.301880,-120.673859,68.026939,1529.502808,-237.855164
1384,11.533000,57.976517,1507.129639,-150.667465,164.181030,1483.660645,-218.474442,108.324921,1499.271973,-120.739449,67.929573,1529.408203,-237.923080
1385,11.542000,57.976582,1507.015869,-150.707153,164.114761,1483.625366,-218.615891,108.383995,1499.179810,-120.829308,67.821587,1529.328491,-237.938751
1386,11.550000,58.002338,1506.876587,-150.739777,164.085999,1483.633423,-218.721664,108.443100,1499.052368,-120.931404,67.705452,1529.258301,-237.921173
1387,11.558000,58.074505,1506.679810,-150.788971,164.074921,1483.622314,-218.993958,108.508652,1498.902100,-121.062653,67.566101,1529.196655,-237.867508
1388,11.567000,58.114132,1506.493408,-150.806747,164.073822,1483.617798,-219.246628,108.574585,1498.729004,-121.210609,67.462662,1529.080322,-237.842407
1389,11.575000,58.186188,1506.308594,-150.828781,164.086014,1483.582153,-219.458115,108.695084,1498.562744,-121.340988,67.379761,1529.004028,-237.833267
1390,11.583000,58.237232,1506.169556,-150.873367,164.129135,1483.538330,-219.627670,108.789604,1498.414795,-121.435005,67.295044,1528.910156,-237.816177
1391,11.592000,58.295898,1506.025391,-150.937790,164.167587,1483.449585,-219.772247,108.845154,1498.276123,-121.509666,67.235962,1528.804810,-237.822678
1392,11.600000,58.348888,1505.905640,-151.014069,164.198807,1483.322510,-219.890747,108.879768,1498.150879,-121.577255,67.121567,1528.705322,-237.862747
1393,11.608000,58.364849,1505.813354,-151.111267,164.223984,1483.105713,-219.948837,108.878265,1498.071899,-121.627899,67.595322,1528.254395,-238.753632
1394,11.617000,58.386471,1505.758179,-151.230179,164.295959,1482.920044,-220.004486,108.854645,1498.014404,-121.679665,67.981178,1527.979614,-239.501175
1395,11.625000,58.444542,1505.717041,-151.315338,164.336380,1482.807983,-219.993347,108.876884,1497.985352,-121.736549,68.218071,1527.751465,-239.932770
1396,11.633000,58.478359,1505.701782,-151.410095,164.376953,1482.698364,-220.081558,108.904320,1497.942749,-121.788223,68.344040,1527.620483,-240.136673
1397,11.642000,58.597305,1505.685425,-151.513306,164.431107,1482.617554,-220.223694,109.020767,1497.909546,-121.886703,68.437668,1527.543213,-240.346313
1398,11.650000,58.740742,1505.641602,-151.583588,164.486038,1482.587036,-220.364594,109.166389,1497.890503,-121.992706,68.529228,1527.449829,-240.476837
1399,11.658000,58.917953,1505.561523,-151.671356,164.537094,1482.572998,-220.585922,109.733902,1497.683228,-122.486038,68.574455,1527.353394,-240.602814
1400,11.667000,59.141098,1505.436768,-151.751083,164.587982,1482.595581,-220.897415,110.098671,1497.522095,-122.792198,68.598946,1527.268555,-240.740799
1401,11.675000,59.426624,1505.310791,-151.827988,164.685349,1482.655640,-221.237350,110.434319,1497.318970,-122.927803,68.629845,1527.191528,-240.885071
1402,11.683000,59.702179,1505.185425,-151.871414,164.780090,1482.811768,-221.541580,110.735115,1497.381226,-122.971336,68.634590,1527.097412,-241.001022
1403,11.692000,60.083347,1504.946167,-152.144104,164.818192,1482.969971,-221.892746,111.068092,1497.329346,-123.139786,68.591766,1527.057861,-241.057251
1404,11.700000,60.287781,1504.891846,-152.195831,164.862839,1483.131226,-222.210983,111.399216,1497.290161,-123.361671,68.662628,1526.937134,-241.324478
1405,11.708000,60.473312,1504.861816,-152.258774,164.893829,1483.273560,-222.543869,111.656410,1497.277100,-123.591393,68.657684,1526.887939,-241.420456
1406,11.717000,60.689453,1504.835938,-152.319000,164.951508,1483.397339,-222.882996,111.941986,1497.313110,-123.784172,68.636879,1526.877197,-241.509109
1407,11.725000,60.881092,1504.840942,-152.408524,165.032166,1483.539673,-223.261871,112.202087,1497.378052,-123.976860,68.622505,1526.904663,-241.634796
1408,11.733000,61.063698,1504.889404,-152.488937,165.083755,1483.663574,-223.567734,112.487015,1497.556396,-124.214745,68.640076,1526.906738,-241.741531
1409,11.742000,61.278450,1504.994995,-152.539932,165.145782,1483.791870,-223.843048,112.763611,1497.620850,-124.384422,68.648201,1526.925293,-241.886887
1410,11.750000,61.548126,1505.119385,-152.628113,165.196335,1483.885498,-224.174149,113.163742,1497.857300,-124.651802,68.688339,1526.962769,-242.043167
1411,11.758000,61.885227,1505.205933,-152.704163,165.298340,1484.005493,-224.534698,113.630508,1498.058350,-124.940819,68.700195,1526.986084,-242.197952
1412,11.767000,62.243538,1505.220093,-152.784683,165.399094,1484.152466,-225.080917,113.821587,1498.606445,-124.924988,68.744186,1527.001953,-242.323196
1413,11.775000,62.641972,1505.183228,-152.889862,165.654648,1484.205322,-225.326035,114.278946,1498.828247,-125.153435,68.792381,1526.994751,-242.449615
1414,11.783000,63.100086,1505.078613,-152.981796,165.862061,1484.289795,-225.636902,114.961861,1498.825806,-125.558350,68.844521,1526.947144,-242.574524
1415,11.792000,63.652836,1504.885742,-153.019272,166.091553,1484.432007,-226.170227,115.711052,1498.692871,-125.975487,68.893044,1526.923950,-242.635025
1416,11.800000,64.337944,1504.602661,-153.198578,166.295349,1484.609497,-226.838593,116.556061,1498.518311,-126.368645,68.929619,1526.878540,-242.727921
1417,11.808000,65.036125,1504.207275,-153.424545,166.543274,1484.827148,-227.573151,117.420662,1498.254150,-126.764717,68.964279,1526.811157,-242.785324
1418,11.817000,65.673714,1504.006592,-153.487473,166.772247,1485.054810,-228.271439,118.185173,1498.127563,-127.155792,68.979904,1526.779663,-242.814301
1419,11.825000,66.196976,1503.972290,-153.438660,167.003113,1485.316406,-229.039642,118.900963,1498.081299,-127.579842,69.022911,1526.767578,-242.892014
1420,11.833000,66.750328,1503.855957,-153.557281,167.192322,1485.564453,-229.734085,119.601120,1498.070068,-127.983749,69.045738,1526.701904,-242.944107
1421,11.842000,67.292732,1503.775757,-153.707184,167.498688,1485.799316,-230.193878,120.308975,1498.033813,-128.425156,69.112694,1526.673706,-243.053757
1422,11.850000,67.766060,1503.782227,-153.830872,167.788162,1485.983643,-230.648743,121.101433,1497.752075,-128.658630,69.199051,1526.690063,-243.176254
1423,11.858000,68.252396,1503.797363,-153.992584,167.965988,1486.079346,-231.122269,121.690247,1497.831421,-128.974228,69.302238,1526.683472,-243.328644
1424,11.867000,68.696968,1503.843262,-154.165985,168.100708,1486.140259,-231.494965,122.203857,1497.984131,-129.293503,69.481895,1526.670654,-243.488251
1425,11.875000,69.162430,1503.873901,-154.371368,168.251038,1486.140625,-231.816208,122.616119,1498.308594,-129.714066,69.667038,1526.655273,-243.695831
1426,11.883000,69.611290,1503.886963,-154.625534,168.427368,1486.107300,-232.101212,122.998329,1498.430420,-130.033905,69.900650,1526.627441,-243.917847
1427,11.892000,70.058624,1503.862061,-154.917343,168.604889,1486.020874,-232.378769,123.431488,1498.359131,-130.437027,70.046051,1526.649414,-244.057159
1428,11.900000,70.536781,1503.780396,-155.216660,168.816086,1485.889893,-232.705948,123.969574,1498.202637,-130.862946,70.293236,1526.603271,-244.322876
1429,11.908000,71.015160,1503.695190,-155.443970,169.067642,1485.762695,-233.146942,124.518074,1498.101807,-131.279785,70.539307,1526.541138,-244.561829
1430,11.917000,71.529213,1503.581665,-155.628052,169.355896,1485.670898,-233.730911,125.136734,1497.965210,-131.716171,70.759369,1526.517212,-244.766220
1431,11.925000,72.117554,1503.466309,-155.783905,169.618240,1485.665283,-234.409653,125.784248,1497.879028,-132.122772,70.952118,1526.512207,-244.964493
1432,11.933000,72.728119,1503.355103,-155.965668,169.916214,1485.702271,-235.164169,126.503586,1497.882568,-132.581726,71.163582,1526.529907,-245.194031
1433,11.942000,73.465714,1503.296875,-156.174301,170.235916,1485.771240,-235.970154,127.252106,1497.915649,-133.100388,71.418251,1526.533081,-245.418228
1434,11.950000,74.293312,1503.285156,-156.532150,170.548416,1485.865967,-236.731659,128.142685,1498.032471,-133.717361,71.678581,1526.556396,-245.643814
1435,11.958000,75.134483,1503.317017,-156.924713,170.837036,1485.886597,-237.543900,129.344086,1497.762329,-134.180237,71.996864,1526.552856,-245.876465
1436,11.967000,76.014435,1503.336670,-157.172760,171.210800,1486.035278,-238.207428,130.415787,1497.766479,-134.762573,72.286400,1526.560181,-246.115677
1437,11.975000,76.960121,1503.352417,-157.400726,171.354233,1486.142700,-239.486664,131.462418,1497.814209,-135.380997,72.607277,1526.538818,-246.349915
1438,11.983000,78.010330,1503.291626,-157.620010,171.731140,1486.072021,-240.548584,132.597534,1497.794678,-136.092514,73.017570,1526.510376,-246.594009
1439,11.992000,79.093857,1503.150513,-158.046860,172.362396,1485.921875,-241.176163,133.794754,1497.590088,-136.875290,73.438591,1526.429443,-246.872482
1440,12.000000,80.091125,1502.914062,-158.439087,172.957535,1485.734741,-241.877182,134.924759,1497.431519,-137.635544,73.920044,1526.285522,-247.246262
1441,12.008000,81.084999,1502.624512,-158.819839,173.427277,1485.583130,-242.804337,136.126160,1497.115845,-138.366562,74.382347,1526.143677,-247.630264
1442,12.017000,82.104462,1502.333252,-159.209854,173.830566,1485.534424,-243.807617,137.362442,1496.672852,-139.213028,74.792038,1526.035034,-247.931870
1443,12.025000,83.128624,1502.113892,-159.679916,174.194321,1485.498169,-244.807053,138.471436,1496.385254,-140.050201,75.217514,1525.968262,-248.279175
1444,12.033000,84.261688,1501.861572,-160.287643,174.770752,1485.508667,-245.942780,139.571609,1496.226196,-140.857925,75.631256,1525.907959,-248.646454
1445,12.042000,85.331856,1501.745605,-160.711624,175.114578,1485.567383,-247.541687,140.828293,1496.215454,-141.707199,76.097923,1525.975342,-248.932297
1446,12.050000,86.499542,1501.757446,-161.117432,175.540894,1485.654175,-248.752151,142.147629,1496.212769,-142.676819,76.597672,1525.998413,-249.298355
1447,12.058000,87.778900,1501.795532,-161.750656,175.977890,1485.626953,-249.874435,143.483856,1496.254028,-143.716492,77.148010,1525.868042,-249.910919
1448,12.067000,89.130249,1501.846436,-162.443573,176.478210,1485.583496,-251.015060,145.043900,1496.438110,-144.746628,77.803825,1525.659058,-250.714813
1449,12.075000,90.534660,1501.946289,-163.087250,176.936508,1485.682007,-252.344604,146.645309,1496.558594,-145.919678,78.375587,1525.640503,-251.274460
1450,12.083000,91.978439,1501.996216,-163.751160,177.426331,1485.853516,-253.749756,148.185913,1496.677979,-147.178986,78.941917,1525.670410,-251.842148
1451,12.092000,93.494850,1501.985962,-164.590729,177.922470,1486.106323,-255.091431,149.901184,1496.713989,-148.520508,79.427460,1525.770264,-252.382629
1452,12.100000,94.909882,1502.011963,-165.302094,178.482925,1486.461060,-256.369995,151.450256,1496.739868,-149.838821,79.860054,1525.822266,-252.914215
1453,12.108000,96.437630,1501.878296,-166.450714,179.052124,1486.707275,-257.792908,153.120163,1496.893555,-151.113388,80.365334,1525.907349,-253.531189
1454,12.117000,97.822922,1501.972534,-167.270996,179.591019,1486.910400,-259.389435,154.664734,1496.980469,-152.474533,80.908531,1526.009277,-254.158798
1455,12.125000,99.124435,1502.140137,-167.835800,180.000153,1487.061401,-260.978149,156.095398,1497.055420,-153.804886,81.492210,1526.115479,-254.765839
1456,12.133000,100.563721,1502.005859,-168.859100,180.444504,1487.139404,-262.576599,157.601410,1497.084961,-155.194809,82.011894,1526.178345,-255.449768
1457,12.142000,101.771820,1502.004883,-169.617493,180.887039,1487.291260,-264.171173,159.088760,1497.084717,-156.574615,82.514282,1526.239990,-256.043518
1458,12.150000,103.218201,1501.967041,-170.413681,181.340286,1487.447754,-265.776306,160.578674,1497.068481,-158.030563,82.946732,1526.348877,-256.604645
1459,12.158000,104.568047,1501.978394,-171.202454,181.690201,1487.827148,-267.364807,162.203156,1497.146118,-159.438690,83.336174,1526.434082,-257.139740
1460,12.167000,106.031502,1501.980835,-172.107529,182.052521,1488.192749,-268.888947,163.786285,1497.335571,-160.906296,83.754639,1526.486694,-257.670959
1461,12.175000,107.669899,1502.081543,-173.059784,182.443146,1488.597900,-270.320892,165.421524,1497.585815,-162.349731,84.177986,1526.555908,-258.250031
1462,12.183000,108.855461,1502.358521,-173.676712,182.912857,1488.935303,-271.784576,166.835785,1497.863281,-163.701782,84.627075,1526.611328,-258.828979
1463,12.192000,110.340767,1502.630737,-174.506256,183.318466,1489.376953,-273.204468,168.263138,1498.226685,-165.068817,84.848915,1526.736938,-259.274628
1464,12.200000,111.572014,1502.890991,-175.408203,183.557587,1489.876587,-274.475372,169.590820,1498.537720,-166.382004,85.225388,1526.877686,-259.774445
1465,12.208000,112.811417,1503.268921,-176.092834,183.777374,1490.236816,-275.613434,170.897278,1498.843384,-167.654526,85.671799,1527.017334,-260.334564
1466,12.217000,114.089172,1503.485718,-176.852966,184.127594,1490.580811,-276.781372,172.076218,1499.147827,-168.933884,86.099197,1527.166382,-260.890289
1467,12.225000,115.218109,1503.700806,-177.616562,184.462891,1490.887207,-278.037140,173.595703,1499.439697,-170.381287,86.487206,1527.302979,-261.449310
1468,12.233000,116.273788,1503.942017,-178.298141,184.739975,1491.192383,-279.265961,174.740189,1499.656738,-171.634735,86.804504,1527.454590,-261.923370
1469,12.242000,117.254204,1504.057251,-178.991867,184.946884,1491.510376,-280.370728,175.840240,1499.858765,-172.744904,87.129333,1527.590576,-262.367310
1470,12.250000,118.306450,1504.126343,-179.750336,185.132294,1491.837646,-281.331055,177.040497,1499.973999,-174.047272,87.451309,1527.690186,-262.805603
1471,12.258000,119.300758,1504.189941,-180.461105,185.313690,1492.200073,-282.334991,178.106018,1500.066040,-175.204575,87.743462,1527.788818,-263.248962
1472,12.267000,120.276932,1504.284790,-181.036163,185.499588,1492.487793,-283.472412,179.203339,1500.106445,-176.445938,88.021156,1527.874146,-263.629486
1473,12.275000,121.361732,1504.317505,-181.714615,185.670166,1492.847168,-284.674500,180.248672,1500.139893,-177.712433,88.244423,1528.036499,-263.982941
1474,12.283000,122.318649,1504.470581,-182.407059,185.764465,1493.379639,-285.881042,181.183411,1500.347290,-178.800323,88.391228,1528.215088,-264.294647
1475,12.292000,123.180077,1504.764648,-182.977600,185.890060,1493.850952,-287.000702,182.103928,1500.655518,-179.964767,88.519951,1528.395996,-264.613190
1476,12.300000,124.005592,1505.185913,-183.625580,185.890030,1494.276978,-287.865112,183.028427,1501.047485,-181.117157,88.631973,1528.663818,-264.952667
1477,12.308000,124.861816,1505.693604,-184.278397,185.871628,1494.635986,-288.635651,183.857193,1501.495850,-182.156830,88.706902,1528.957520,-265.239990
1478,12.317000,125.620468,1506.286621,-184.821167,185.879028,1494.988770,-289.392456,184.577637,1502.026855,-183.174149,88.840279,1529.237915,-265.689301
1479,12.325000,126.422226,1506.856812,-185.472595,185.883728,1495.400269,-290.182953,185.458542,1502.617554,-184.304642,88.966141,1529.462524,-266.134430
1480,12.333000,127.296951,1507.296387,-186.224655,185.900024,1495.789795,-291.128693,186.385559,1503.034180,-185.498123,89.177956,1529.644165,-266.650848
1481,12.342000,128.272934,1507.729004,-186.928360,185.957520,1496.215942,-292.155151,187.361771,1503.291382,-186.793091,89.293907,1529.893555,-267.011444
1482,12.350000,129.290344,1508.034912,-187.637955,185.980911,1496.691895,-293.320465,188.357300,1503.541138,-188.106613,89.385536,1530.169556,-267.316742
1483,12.358000,130.388657,1508.191650,-188.314209,185.940887,1497.211182,-294.548218,189.476822,1503.639038,-189.579178,89.495895,1530.359863,-267.573120
1484,12.367000,131.513412,1508.193115,-189.085648,185.836761,1497.758423,-295.814850,190.553726,1503.643555,-191.021194,89.568848,1530.494263,-267.796143
1485,12.375000,132.509979,1508.145874,-189.815308,185.716537,1498.267212,-296.896454,191.524094,1503.628296,-192.417221,89.652695,1530.643311,-267.986542
1486,12.383000,133.355225,1508.101074,-190.481674,185.584351,1498.724731,-297.818878,192.445419,1503.619263,-193.749069,89.752701,1530.754761,-268.227509
1487,12.392000,134.130783,1508.066162,-191.056885,185.457321,1499.013306,-298.644989,193.194824,1503.664795,-194.869965,89.865120,1530.855835,-268.473938
1488,12.400000,134.817413,1508.138184,-191.652664,185.368866,1499.178345,-299.257782,193.759277,1503.718262,-195.828064,89.991852,1530.999756,-268.778656
1489,12.408000,135.357910,1508.369385,-192.125839,185.336411,1499.141479,-299.705750,194.252563,1503.897339,-196.636887,90.093582,1531.101807,-269.052795
1490,12.417000,135.737167,1508.684570,-192.584045,185.300446,1499.074707,-300.143616,194.688263,1504.195679,-197.398590,90.149765,1531.216553,-269.338165
1491,12.425000,136.123642,1508.983276,-193.014465,185.259903,1499.125122,-300.586823,195.115631,1504.518921,-198.101730,90.191635,1531.333374,-269.607208
1492,12.433000,136.527939,1509.239868,-193.464890,185.223785,1499.179810,-301.091675,195.513443,1504.773682,-198.792038,90.269630,1531.420166,-269.875885
1493,12.442000,137.005493,1509.392944,-193.933167,185.221329,1499.344727,-301.712341,195.917770,1504.926025,-199.592270,90.328629,1531.523804,-270.119904
1494,12.450000,137.566238,1509.454712,-194.409637,185.129974,1499.665405,-302.422974,196.351456,1505.020996,-200.508698,90.358910,1531.644043,-270.341370
1495,12.458000,138.245987,1509.490234,-194.939316,184.989822,1500.109741,-303.293640,196.908813,1505.019897,-201.542816,90.369026,1531.850952,-270.437836
1496,12.467000,138.897125,1509.342896,-195.518570,184.858459,1500.609863,-304.231934,197.496994,1504.979614,-202.639145,90.352638,1531.966553,-270.602875
1497,12.475000,139.583099,1509.158325,-196.212219,184.777115,1501.090942,-305.198334,198.081802,1504.901245,-203.763779,90.361191,1532.043335,-270.766663
1498,12.483000,140.187256,1509.002319,-196.788116,184.601410,1501.594849,-306.139709,198.710983,1504.801147,-204.923950,90.335052,1532.066406,-270.999939
1499,12.492000,140.833267,1508.979736,-197.294846,184.431274,1502.057861,-306.933411,199.315765,1504.758545,-206.008774,90.372932,1532.171997,-271.214355
1500,12.500000,141.578110,1508.977417,-197.962540,184.281403,1502.416870,-307.637329,199.841507,1504.758667,-206.966187,90.436195,1532.373657,-271.402527
1501,12.508000,142.072983,1508.968384,-198.488556,184.143951,1502.739624,-308.380310,200.278351,1504.699463,-207.900467,90.448357,1532.500610,-271.646027
1502,12.517000,142.509460,1508.992310,-198.975708,184.076920,1503.002197,-309.051514,200.652603,1504.693237,-208.677094,90.530975,1532.600220,-271.891296
1503,12.525000,142.889252,1509.031250,-199.485962,184.025223,1503.249146,-309.581512,200.992218,1504.767212,-209.464981,90.572250,1532.752319,-272.142609
1504,12.533000,143.289322,1509.101196,-199.947830,183.929108,1503.492065,-310.195282,201.296265,1504.839722,-210.208923,90.634308,1532.869263,-272.373932
1505,12.542000,143.679688,1509.132568,-200.408081,183.760010,1503.796753,-310.975098,201.662949,1504.890381,-211.081482,90.615585,1532.954346,-272.568146
1506,12.550000,144.164261,1509.077148,-200.994751,183.622696,1504.173706,-311.767578,202.127502,1504.878540,-212.099472,90.644348,1533.071533,-272.755615
1507,12.558000,144.867111,1508.936768,-201.735397,183.451141,1504.549438,-312.629059,202.684174,1504.839966,-213.230530,90.749184,1533.186646,-273.009735
1508,12.567000,145.493500,1508.819580,-202.448563,183.297638,1505.017700,-313.547241,203.209747,1504.810181,-214.437332,90.795082,1533.292725,-273.285706
1509,12.575000,146.177795,1508.707031,-203.131454,183.210129,1505.491699,-314.377472,203.688156,1504.804443,-215.579254,90.841873,1533.390625,-273.508545
1510,12.583000,146.843796,1508.658203,-203.874847,183.048828,1505.938477,-315.296021,204.234634,1504.808472,-216.744705,90.864189,1533.492188,-273.729187
1511,12.592000,147.393417,1508.650513,-204.552902,182.927353,1506.298950,-316.195374,204.782593,1504.793335,-217.837555,90.955032,1533.569336,-273.950745
1512,12.600000,147.919937,1508.608398,-205.208557,182.891724,1506.531006,-316.874878,205.205841,1504.720703,-218.874680,91.068153,1533.645874,-274.241302
1513,12.608000,148.360855,1508.565552,-205.746353,182.887497,1506.599731,-317.528015,205.523880,1504.651123,-219.751297,91.198769,1533.738159,-274.543243
1514,12.617000,148.779404,1508.480957,-206.314758,182.827225,1506.526489,-318.232300,205.882507,1504.492920,-220.570709,91.335922,1533.813599,-274.830566
1515,12.625000,149.272598,1508.388428,-206.935989,182.803085,1506.427734,-318.830811,206.251785,1504.252319,-221.438431,91.499268,1533.884888,-275.176514
1516,12.633000,149.793976,1508.215820,-207.567001,182.838257,1506.383667,-319.389648,206.638596,1503.999878,-222.362701,91.631096,1533.942993,-275.482361
1517,12.642000,150.296341,1508.048462,-208.192551,182.788956,1506.505859,-320.142700,207.107758,1503.715576,-223.392929,91.768013,1533.975586,-275.801849
1518,12.650000,150.911179,1507.829712,-208.945953,182.681030,1506.677856,-321.030487,207.607162,1503.389160,-224.593613,91.895943,1534.028198,-276.091278
1519,12.658000,151.539352,1507.624878,-209.704391,182.563950,1506.959473,-321.895386,208.150223,1503.159058,-225.829971,92.024521,1534.058716,-276.351074
1520,12.667000,152.183502,1507.438232,-210.458679,182.376907,1507.347046,-322.897339,208.627090,1503.063721,-227.054443,92.134384,1534.091675,-276.635345
1521,12.675000,152.794876,1507.382202,-211.168259,182.195724,1507.669434,-323.877014,209.138733,1503.070312,-228.235123,92.236824,1534.124512,-276.895874
1522,12.683000,153.390015,1507.409302,-211.950546,182.108917,1507.955566,-324.758881,209.627289,1503.190063,-229.358353,92.361099,1534.207642,-277.206543
1523,12.692000,153.935120,1507.429810,-212.738586,182.105789,1508.188110,-325.624176,210.045578,1503.344238,-230.367340,92.447960,1534.296875,-277.529999
1524,12.700000,154.401627,1507.548706,-213.302872,182.080536,1508.342163,-326.389130,210.418076,1503.508057,-231.300537,92.538757,1534.400024,-277.909515
1525,12.708000,154.832642,1507.717529,-213.905975,182.095474,1508.430054,-327.118469,210.757355,1503.590820,-232.161514,92.655342,1534.464355,-278.353912
1526,12.717000,155.273621,1507.810669,-214.488708,182.059158,1508.476562,-327.820953,211.101425,1503.630859,-233.015732,92.822296,1534.539307,-278.728333
1527,12.725000,155.781296,1507.809937,-215.107620,182.015411,1508.591431,-328.414581,211.479385,1503.612305,-233.823303,93.021553,1534.577026,-279.027679
1528,12.733000,156.188965,1507.792603,-215.703644,182.015594,1508.658081,-329.000061,211.820480,1503.635742,-234.696350,93.165451,1534.624390,-279.322388
1529,12.742000,156.588547,1507.805664,-216.215668,181.961761,1508.703613,-329.611267,212.178452,1503.644287,-235.588165,93.304665,1534.659302,-279.604248
1530,12.750000,157.044586,1507.787231,-216.914185,181.886246,1508.802246,-330.308777,212.487335,1503.714600,-236.456894,93.421928,1534.748413,-279.914246
1531,12.758000,157.449448,1507.886475,-217.595215,181.792389,1509.046143,-331.018219,212.773605,1503.835083,-237.298782,93.548790,1534.870972,-280.253876
1532,12.767000,157.806870,1508.096069,-218.183182,181.718796,1509.319214,-331.683380,212.992188,1504.115112,-238.100525,93.631653,1535.019287,-280.636749
1533,12.775000,158.117432,1508.441406,-218.776108,181.586868,1509.579590,-332.350739,213.235611,1504.478394,-238.989700,93.645996,1535.178101,-281.039673
1534,12.783000,158.368240,1508.839111,-219.332291,181.476273,1509.895508,-333.070862,213.448425,1504.901245,-239.777878,93.618835,1535.398560,-281.466125
1535,12.792000,158.582092,1509.255127,-219.954681,181.369598,1510.193481,-333.700867,213.636902,1505.423096,-240.546722,93.627403,1535.617920,-281.871796
1536,12.800000,158.826309,1509.651611,-220.552338,181.288040,1510.447388,-334.298218,213.821350,1505.822266,-241.289505,93.620285,1535.846680,-282.299591
1537,12.808000,159.079193,1510.035034,-221.084869,181.231384,1510.728149,-335.016724,214.033691,1506.191772,-242.056519,93.619789,1536.067383,-282.696167
1538,12.817000,159.367188,1510.389038,-221.650650,181.154083,1510.949707,-335.674072,214.184204,1506.606323,-242.715424,93.619308,1536.255737,-283.102203
1539,12.825000,159.636612,1510.667725,-222.145523,180.802795,1511.354248,-336.020538,214.340195,1506.984253,-243.421097,93.660500,1536.421631,-283.461761
1540,12.833000,159.759796,1511.011108,-222.492111,180.942276,1511.330688,-336.697357,214.565048,1507.307007,-244.129608,93.849419,1536.532349,-283.924744
1541,12.842000,160.000244,1511.253052,-222.935898,181.010010,1511.488159,-337.301910,214.814987,1507.565918,-244.835419,93.968132,1536.633911,-284.232056
1542,12.850000,160.308441,1511.408691,-223.420120,180.971573,1511.669434,-337.849091,215.053055,1507.718384,-245.512711,94.092926,1536.741577,-284.522156
1543,12.858000,160.625946,1511.508301,-223.899399,180.980057,1511.753174,-338.289246,215.291931,1507.833008,-246.104446,94.097931,1536.841919,-284.690552
1544,12.867000,160.901688,1511.662476,-224.331894,181.045990,1511.788818,-338.730682,215.491821,1507.980347,-246.663086,94.223526,1536.928345,-284.998352
1545,12.875000,161.156830,1511.844849,-224.724533,181.119461,1511.780029,-339.158997,215.703140,1508.127441,-247.115982,94.436615,1536.973145,-285.363220
1546,12.883000,161.434647,1512.040771,-225.114502,181.184677,1511.729980,-339.574585,215.958038,1508.272827,-247.589310,94.632179,1536.994629,-285.772552
1547,12.892000,161.840256,1512.131714,-225.700912,181.259933,1511.753052,-339.969910,216.192474,1508.463867,-248.019913,94.818497,1537.011597,-286.121094
1548,12.900000,161.999786,1512.331299,-225.943497,181.333633,1511.812256,-340.374207,216.395203,1508.683716,-248.455414,94.976929,1537.033325,-286.450012
1549,12.908000,162.326019,1512.460205,-226.404526,181.329956,1512.137573,-340.940247,216.618347,1508.885498,-248.899994,95.233940,1537.061401,-286.878113
1550,12.917000,162.344574,1512.710327,-226.514862,181.425873,1512.123047,-341.252991,216.834045,1508.986206,-249.330399,95.399277,1537.088379,-287.221710
1551,12.925000,162.381653,1512.866943,-226.665314,181.546219,1512.106201,-341.544708,217.038574,1509.060303,-249.748535,95.576889,1537.131104,-287.555756
1552,12.933000,162.528351,1512.993774,-226.963181,181.679382,1512.105469,-341.852753,217.264145,1509.179565,-250.141388,95.732498,1537.153076,-287.925537
1553,12.942000,162.797119,1513.139893,-227.422440,181.797607,1512.047729,-342.177246,217.454391,1509.404663,-250.544968,95.866859,1537.205688,-288.285797
1554,12.950000,163.092072,1513.309082,-227.986298,181.929367,1511.934326,-342.582733,217.649750,1509.649780,-250.939850,95.998520,1537.286377,-288.673950
1555,12.958000,163.358612,1513.510620,-228.425751,182.009750,1511.953857,-342.961334,217.866959,1509.873291,-251.401093,96.125748,1537.375244,-289.011292
1556,12.967000,163.577576,1513.653687,-228.770966,181.152634,1512.841553,-342.975952,218.048416,1510.039917,-251.854294,96.262283,1537.454712,-289.283234
1557,12.975000,163.739380,1513.788574,-229.100998,181.177353,1513.022461,-343.174744,218.212814,1510.155640,-252.297699,96.358154,1537.560669,-289.537292
1558,12.983000,163.940231,1513.880127,-229.422546,181.958389,1512.124756,-343.826202,218.392807,1510.257935,-252.737610,96.450241,1537.648193,-289.751709
1559,12.992000,164.145950,1513.952393,-229.754944,182.423203,1512.025269,-344.131439,218.553162,1510.393921,-253.116699,96.392365,1537.741455,-289.836853
1560,13.000000,164.325195,1514.012817,-230.101440,182.594360,1512.032837,-344.317841,218.696716,1510.518433,-253.447510,96.455536,1537.841797,-289.978302
1561,13.008000,164.484085,1514.096924,-230.358765,182.685028,1512.016357,-344.448120,218.835098,1510.624512,-253.710861,96.567001,1537.885986,-290.169281
1562,13.017000,164.625092,1514.232300,-230.548401,182.801544,1512.041016,-344.558258,218.944290,1510.750244,-253.873703,96.667336,1537.953125,-290.416321
1563,13.025000,164.694214,1514.428589,-230.673004,182.925568,1512.067139,-344.670868,219.036362,1510.893188,-253.970917,96.757927,1538.035156,-290.622284
1564,13.033000,164.758545,1514.651611,-230.807098,183.019989,1511.992188,-344.793304,219.103668,1511.040283,-254.099899,96.840706,1538.132568,-290.861908
1565,13.042000,164.703003,1515.047852,-230.730789,183.085556,1512.115112,-344.973480,219.174896,1511.235962,-254.271088,96.915787,1538.235229,-291.066071
1566,13.050000,164.699051,1515.326050,-230.744522,183.096176,1512.220947,-345.171387,219.237366,1511.458496,-254.521255,96.944687,1538.327026,-291.209229
1567,13.058000,164.772705,1515.511108,-230.922379,183.052536,1512.404175,-345.450043,219.323990,1511.634155,-254.836716,97.087097,1538.409790,-291.452057
1568,13.067000,164.934769,1515.619263,-231.179428,183.001556,1512.540771,-345.719604,219.375473,1511.792969,-255.199707,97.149048,1538.451538,-291.615295
1569,13.075000,165.111099,1515.657715,-231.487411,182.959778,1512.663818,-345.913544,219.461639,1511.900635,-255.533279,97.170959,1538.541382,-291.729187
1570,13.083000,165.257629,1515.697876,-231.752792,182.943985,1512.761597,-346.080475,219.560867,1512.011108,-255.776794,97.197449,1538.606934,-291.854553
1571,13.092000,165.352646,1515.741943,-231.921356,182.972153,1512.811035,-346.153259,219.627808,1512.094604,-255.948273,97.255569,1538.692017,-291.955780
1572,13.100000,165.392441,1515.816772,-232.022797,183.079117,1512.805298,-346.131775,219.663635,1512.165649,-255.990265,97.301781,1538.782715,-292.056915
1573,13.108000,165.362625,1515.908691,-232.008850,183.218704,1512.829956,-345.983795,219.667511,1512.222046,-255.862976,97.359413,1538.855713,-292.166504
1574,13.117000,165.279800,1516.035034,-231.900116,183.388611,1512.766602,-345.830536,219.684265,1512.285156,-255.644913,97.471153,1538.896118,-292.245117
1575,13.125000,165.204422,1516.191162,-231.771301,183.583786,1512.689453,-345.692291,219.671646,1512.371460,-255.418457,97.567108,1538.929199,-292.393555
1576,13.133000,165.164398,1516.364014,-231.677643,183.709915,1512.638184,-345.572845,219.718292,1512.451538,-255.249893,97.676392,1538.967407,-292.475983
1577,13.142000,165.169464,1516.466187,-231.658401,183.827164,1512.636353,-345.511200,219.755508,1512.553345,-255.181137,97.777069,1538.961548,-292.548096
1578,13.150000,165.231018,1516.533691,-231.703995,183.907639,1512.682983,-345.535889,219.833832,1512.642090,-255.179947,97.840355,1538.950684,-292.589691
1579,13.158000,165.341232,1516.497314,-231.798737,183.878174,1512.756470,-345.644806,219.941391,1512.665771,-255.336411,97.882278,1538.958618,-292.588196
1580,13.167000,165.492630,1516.416016,-231.917496,183.801483,1512.840698,-345.763672,220.048599,1512.601929,-255.551132,97.894966,1538.964478,-292.558655
1581,13.175000,165.680298,1516.223022,-232.056366,183.761520,1512.893555,-345.882568,220.205093,1512.437500,-255.855377,97.955170,1538.915771,-292.499756
1582,13.183000,165.862152,1515.985474,-232.181198,183.766403,1512.933228,-345.989410,220.334625,1512.223022,-256.101318,98.044411,1538.847290,-292.481598
1583,13.192000,165.978409,1515.778198,-232.271820,183.778030,1512.917847,-345.962341,220.441238,1512.020020,-256.206787,98.090500,1538.752197,-292.436462
1584,13.200000,165.988129,1515.677368,-232.273422,183.850281,1512.832397,-345.862000,220.443420,1511.883545,-256.165588,98.138962,1538.688965,-292.418518
1585,13.208000,165.906448,1515.686157,-232.121826,184.007919,1512.676880,-345.661987,220.389145,1511.830566,-255.923279,98.161705,1538.660156,-292.446228
1586,13.217000,165.760986,1515.836182,-231.913116,184.200546,1512.506714,-345.337463,220.313522,1511.860962,-255.572586,98.177383,1538.652100,-292.480103
1587,13.225000,165.530640,1516.082275,-231.667374,184.401581,1512.338135,-344.972839,220.178894,1511.991211,-255.130554,98.175735,1538.693848,-292.552490
1588,13.233000,165.280548,1516.312866,-231.411758,184.563110,1512.163208,-344.636200,220.027756,1512.158081,-254.625626,98.160156,1538.715210,-292.636749
1589,13.242000,165.014206,1516.531128,-231.206116,184.681320,1512.090454,-344.374817,219.885010,1512.265747,-254.247787,98.146751,1538.727905,-292.707306
1590,13.250000,164.819473,1516.657104,-231.004745,184.736313,1512.061768,-344.172760,219.781952,1512.351807,-253.964127,98.099777,1538.719482,-292.709290
1591,13.258000,164.703369,1516.676392,-230.842529,184.773651,1512.121582,-344.060822,219.696213,1512.395752,-253.801285,98.045845,1538.714478,-292.651215
1592,13.267000,164.641510,1516.616211,-230.740784,184.749924,1512.193237,-343.997192,219.644302,1512.385864,-253.710922,97.891655,1538.722900,-292.453522
1593,13.275000,164.610855,1516.505249,-230.678345,184.717911,1512.274536,-343.960999,219.603027,1512.306641,-253.648132,97.885330,1538.677979,-292.425171
1594,13.283000,164.570740,1516.434082,-230.615707,184.621964,1512.390991,-343.929657,219.536591,1512.259521,-253.629532,97.813446,1538.640503,-292.319244
1595,13.292000,164.478607,1516.400879,-230.542191,184.572830,1512.479248,-343.821198,219.460388,1512.249146,-253.524429,97.724289,1538.659546,-292.213623
1596,13.300000,164.457367,1516.352661,-230.597473,184.542511,1512.397949,-343.687531,219.335587,1512.332153,-253.334167,97.616043,1538.662476,-292.174347
1597,13.308000,164.242889,1516.468872,-230.432831,184.517502,1512.438110,-343.417694,219.157181,1512.462524,-253.024643,97.418541,1538.724121,-292.094208
1598,13.317000,163.930786,1516.661255,-230.154022,184.597580,1512.378540,-343.103027,218.945740,1512.622681,-252.621628,97.321220,1538.771118,-292.063690
1599,13.325000,163.629379,1516.824097,-229.873276,184.703568,1512.233032,-342.787659,218.705154,1512.784546,-252.196335,97.212601,1538.803833,-292.085907
1600,13.333000,163.320358,1516.976807,-229.655701,184.797760,1512.138428,-342.443268,218.494263,1512.890869,-251.768021,97.121193,1538.821289,-292.076324
1601,13.342000,163.051407,1517.077515,-229.441071,184.867157,1512.059937,-342.142548,218.279831,1513.004639,-251.387299,97.014603,1538.848267,-292.091675
1602,13.350000,162.781616,1517.188477,-229.212296,184.827072,1512.039185,-341.885315,218.073364,1513.060303,-251.036652,96.910156,1538.865845,-292.047028
1603,13.358000,162.550385,1517.241211,-229.014465,184.786041,1512.024536,-341.650696,217.878448,1513.078857,-250.707504,96.855293,1538.869263,-292.025665
1604,13.367000,162.370956,1517.246948,-228.855743,184.781952,1512.036743,-341.459900,217.730682,1513.070068,-250.470016,96.748886,1538.899414,-291.956329
1605,13.375000,162.155930,1517.192139,-228.718353,184.747116,1512.027954,-341.254028,217.534042,1513.032471,-250.272095,96.620598,1538.919067,-291.882294
1606,13.383000,161.979965,1517.147339,-228.560257,184.744705,1512.056396,-341.091797,217.384506,1512.954956,-250.068069,96.521797,1538.906738,-291.808258
1607,13.392000,161.782623,1517.108154,-228.457596,184.689880,1512.140381,-340.889160,217.216705,1512.905273,-249.869278,96.423637,1538.918213,-291.730438
1608,13.400000,161.607010,1517.074829,-228.308289,184.660950,1512.132812,-340.707245,217.074265,1512.861206,-249.614471,96.340881,1538.914307,-291.675598
1609,13.408000,161.384293,1517.096069,-228.142151,184.660095,1512.114014,-340.518280,216.927185,1512.844482,-249.372650,96.235435,1538.937622,-291.641907
1610,13.417000,161.182632,1517.158203,-227.959274,184.604294,1512.139038,-340.329041,216.740341,1512.876221,-249.091858,96.159714,1538.948730,-291.599274
1611,13.425000,161.130875,1517.201050,-227.956070,184.595474,1512.182007,-340.179657,216.581894,1512.959351,-248.758133,96.113991,1538.970459,-291.591492
1612,13.433000,160.882507,1517.288574,-227.766281,184.598602,1512.163086,-340.011414,216.412689,1513.051514,-248.409821,95.988548,1539.005737,-291.562744
1613,13.442000,160.660034,1517.378296,-227.563049,184.642410,1512.122314,-339.772125,216.239258,1513.107178,-248.081558,95.930031,1539.039917,-291.508850
1614,13.450000,160.476578,1517.408813,-227.320221,184.638809,1512.094727,-339.533600,216.084122,1513.128174,-247.763367,95.865067,1539.047974,-291.503540
1615,13.458000,160.233231,1517.433838,-227.119812,184.632156,1512.052002,-339.273926,215.930191,1513.069946,-247.400848,95.822113,1539.050049,-291.499939
1616,13.467000,160.057861,1517.443604,-226.905411,184.671753,1511.936035,-339.020264,215.798080,1512.989990,-247.081131,95.833290,1539.039551,-291.488922
1617,13.475000,159.886185,1517.445190,-226.707123,184.691696,1511.857910,-338.774048,215.652924,1512.904419,-246.735306,95.805458,1539.032227,-291.467834
1618,13.483000,159.699524,1517.446167,-226.489273,184.698395,1511.784912,-338.537933,215.500534,1512.842041,-246.442154,95.772209,1539.008789,-291.420990
1619,13.492000,159.525879,1517.451172,-226.293747,184.729172,1511.690796,-338.301422,215.368103,1512.831055,-246.156128,95.725624,1539.008179,-291.402893
1620,13.500000,159.373840,1517.439819,-226.101120,184.799347,1511.571289,-338.043610,215.257294,1512.780396,-245.860092,95.701050,1538.963989,-291.307129
1621,13.508000,159.231232,1517.392822,-225.903702,184.860168,1511.474487,-337.793243,215.130890,1512.750366,-245.564240,95.702393,1538.907349,-291.234070
1622,13.517000,159.039413,1517.381348,-225.693970,184.944946,1511.311523,-337.530670,215.023010,1512.733643,-245.197968,95.696358,1538.830322,-291.204346
1623,13.525000,158.841995,1517.380981,-225.495453,185.042847,1511.120117,-337.252838,214.852219,1512.736084,-244.780258,95.703621,1538.778320,-291.152039
1624,13.533000,158.602463,1517.417603,-225.210968,185.133118,1510.916504,-336.984863,214.665009,1512.742432,-244.368332,95.679749,1538.744019,-291.102051
1625,13.542000,158.315857,1517.447021,-224.925720,185.123962,1510.710938,-336.724304,214.462677,1512.676514,-243.895630,95.625626,1538.709595,-291.081818
1626,13.550000,158.094559,1517.435913,-224.659363,185.151886,1510.515503,-336.454773,214.238068,1512.616943,-243.463303,95.581688,1538.699829,-291.035553
1627,13.558000,157.858780,1517.393799,-224.421417,185.184082,1510.367432,-336.147675,214.069016,1512.543091,-243.055069,95.538040,1538.639038,-290.996521
1628,13.567000,157.622345,1517.394775,-224.166504,185.230835,1510.216919,-335.813629,213.877945,1512.473267,-242.715973,95.484749,1538.625000,-290.927185
1629,13.575000,157.371902,1517.388550,-223.891800,185.280258,1510.118408,-335.459290,213.715393,1512.389526,-242.387054,95.414177,1538.599121,-290.837372
1630,13.583000,157.117081,1517.382812,-223.610153,185.362137,1510.094849,-335.015503,213.555542,1512.350220,-242.008026,95.358284,1538.561401,-290.708405
1631,13.592000,156.835190,1517.379639,-223.338760,185.437805,1510.044556,-334.660492,213.318146,1512.367188,-241.598694,95.242729,1538.548096,-290.573883
1632,13.600000,156.568054,1517.422607,-223.084503,185.416000,1510.022583,-334.292786,213.086731,1512.506226,-241.201782,95.123001,1538.577148,-290.426941
1633,13.608000,156.304367,1517.534668,-222.792419,185.659668,1509.579590,-333.728638,212.857346,1512.627441,-240.727219,95.030319,1538.582397,-290.297607
1634,13.617000,155.998245,1517.657837,-222.509476,185.745560,1509.401245,-333.227814,212.555222,1512.766235,-240.222382,94.930809,1538.610596,-290.178894
1635,13.625000,155.676971,1517.807007,-222.117493,185.765961,1509.295776,-332.774200,212.283554,1512.919556,-239.706360,94.816681,1538.638306,-290.073700
1636,13.633000,155.329788,1517.987183,-221.776779,185.786331,1509.236816,-332.356628,211.978134,1513.017822,-239.192398,94.722794,1538.690063,-289.984009
1637,13.642000,154.960678,1518.137573,-221.401230,185.802490,1509.184448,-331.937408,211.638168,1512.989868,-238.584839,94.592796,1538.731689,-289.893127
1638,13.650000,154.575790,1518.277954,-221.041626,185.819458,1509.147827,-331.521637,211.357468,1513.065918,-238.073654,94.474182,1538.759888,-289.791840
1639,13.658000,154.190964,1518.439331,-220.691940,185.816513,1509.059326,-331.127472,211.065094,1513.215942,-237.504333,94.330330,1538.836670,-289.701660
1640,13.667000,153.836288,1518.551025,-220.405548,185.843704,1508.944824,-330.717377,210.761536,1513.331055,-236.966904,94.209602,1538.871216,-289.621216
1641,13.675000,153.520462,1518.671875,-220.156021,185.835510,1508.873779,-330.264771,210.503632,1513.480469,-236.516678,94.056923,1538.918457,-289.515350
1642,13.683000,153.229248,1518.773804,-219.905106,185.830978,1508.810669,-329.818329,210.221619,1513.613403,-236.091263,93.952377,1538.954834,-289.435974
1643,13.692000,152.940567,1518.888916,-219.606125,185.832230,1508.757324,-329.422882,209.984497,1513.705933,-235.707367,93.861603,1538.973877,-289.335876
1644,13.700000,152.654022,1518.968140,-219.336395,185.777786,1508.752808,-329.047668,209.775513,1513.796875,-235.383316,93.761467,1538.980957,-289.226227
1645,13.708000,152.403259,1519.003174,-219.050171,185.806686,1508.721313,-328.698578,209.566833,1513.821289,-235.026718,93.652847,1538.969116,-289.104675
1646,13.717000,152.179718,1519.065918,-218.803925,185.769012,1508.699219,-328.299530,209.334534,1513.888184,-234.647903,93.569527,1538.949829,-289.019165
1647,13.725000,151.917419,1519.106934,-218.504089,185.775009,1508.679199,-327.855865,209.053421,1513.788330,-234.075806,93.476562,1538.931885,-288.930115
1648,13.733000,151.648285,1519.142334,-218.206573,185.790878,1508.568481,-327.447510,208.808380,1513.807007,-233.596985,93.439606,1538.942871,-288.837616
1649,13.742000,151.330322,1519.144287,-217.928391,185.782532,1508.486450,-327.039398,208.577454,1513.766235,-233.100937,93.352692,1538.940674,-288.737244
1650,13.750000,151.001755,1519.140259,-217.598282,185.767975,1508.335449,-326.644257,208.335464,1513.718262,-232.552979,93.298813,1538.891235,-288.627716
1651,13.758000,150.714279,1519.103271,-217.302444,185.803925,1508.238525,-326.265320,208.101074,1513.687866,-232.076660,93.238564,1538.862061,-288.495209
1652,13.767000,150.467972,1519.096802,-217.002533,185.829102,1508.129761,-325.942841,207.908157,1513.631714,-231.616837,93.185516,1538.805298,-288.367676
1653,13.775000,150.244293,1519.091919,-216.724930,185.833847,1508.028320,-325.680084,207.679291,1513.574951,-231.207520,93.134758,1538.757324,-288.215790
1654,13.783000,150.043304,1519.056152,-216.423950,185.864166,1507.955688,-325.430145,207.504303,1513.480591,-230.759048,93.082855,1538.698364,-288.072845
1655,13.792000,149.871536,1518.969971,-216.142090,185.892166,1507.862549,-325.180634,207.347595,1513.357666,-230.408203,93.034584,1538.647095,-287.917633
1656,13.800000,149.661987,1518.910522,-215.828690,185.915970,1507.753906,-324.883087,207.169205,1513.232666,-230.026505,92.994667,1538.582520,-287.771545
1657,13.808000,149.439270,1518.821533,-215.547623,185.929688,1507.645142,-324.481110,206.973251,1513.093628,-229.635925,92.931557,1538.525269,-287.617157
1658,13.817000,149.208389,1518.730225,-215.289917,185.960846,1507.483643,-324.131958,206.772339,1512.970215,-229.212891,92.839218,1538.462402,-287.476410
1659,13.825000,148.931091,1518.674194,-214.999878,185.946152,1507.343628,-323.757843,206.507660,1512.904663,-228.744644,92.800308,1538.408081,-287.323273
1660,13.833000,148.598633,1518.612061,-214.727783,185.976807,1507.160278,-323.310699,206.263260,1512.826172,-228.224075,92.701538,1538.375854,-287.187012
1661,13.842000,148.189346,1518.593262,-214.374222,185.989227,1507.020996,-322.774658,205.917038,1512.786255,-227.658859,92.601700,1538.345703,-287.044525
1662,13.850000,147.738007,1518.641479,-213.918793,186.002533,1506.906860,-322.209595,205.572067,1512.736084,-227.045288,92.495628,1538.329102,-286.913879
1663,13.858000,147.260773,1518.744385,-213.511139,186.013565,1506.793457,-321.647919,205.152527,1512.757935,-226.431656,92.388298,1538.338257,-286.769440
1664,13.867000,146.810043,1518.819946,-213.067871,185.970108,1506.702515,-321.059875,204.678040,1512.854126,-225.678040,92.247437,1538.332153,-286.645874
1665,13.875000,146.327530,1518.927734,-212.666321,185.941193,1506.581787,-320.407227,204.225449,1512.968872,-224.920639,92.096107,1538.326172,-286.502106
1666,13.883000,145.850906,1519.053589,-212.237656,185.902496,1506.506470,-319.780457,203.795761,1513.104126,-224.184631,91.960724,1538.343384,-286.327179
1667,13.892000,145.447067,1519.126221,-211.818085,185.810883,1506.443359,-319.194672,203.427368,1513.122681,-223.585968,91.793068,1538.348145,-286.098022
1668,13.900000,145.063004,1519.125732,-211.403381,185.713013,1506.428223,-318.737000,203.118164,1513.129517,-223.034698,91.634354,1538.330322,-285.872864
1669,13.908000,144.715118,1519.111572,-210.966568,185.589096,1506.468506,-318.308136,202.812515,1513.078003,-222.555328,91.498138,1538.296997,-285.651367
1670,13.917000,144.365631,1519.120728,-210.558105,185.504456,1506.509399,-317.910797,202.484818,1513.069092,-222.048569,91.359512,1538.267090,-285.376892
1671,13.925000,144.030197,1519.079102,-210.128555,185.421188,1506.555420,-317.443054,202.161194,1513.072266,-221.518234,91.199913,1538.263794,-285.102295
1672,13.933000,143.634125,1519.039917,-209.744553,185.397766,1506.555664,-316.843628,201.781525,1513.053467,-220.897812,91.026108,1538.235718,-284.838013
1673,13.942000,143.175201,1519.025879,-209.369095,185.375275,1506.467285,-316.162811,201.324921,1513.125366,-220.162994,90.890244,1538.248535,-284.636169
1674,13.950000,142.611511,1519.179688,-208.856567,185.414062,1506.266113,-315.392731,200.848389,1513.197021,-219.318497,90.789574,1538.236572,-284.520203
1675,13.958000,141.921829,1519.452515,-208.310699,185.504822,1505.947021,-314.492737,200.323212,1513.269409,-218.369614,90.707420,1538.262451,-284.435760
1676,13.967000,141.158722,1519.728638,-207.665695,185.546524,1505.702026,-313.532074,199.616425,1513.416748,-217.316910,90.594452,1538.290894,-284.355194
1677,13.975000,140.479095,1519.891602,-207.092377,185.594070,1505.469971,-312.544037,198.940811,1513.504639,-216.240845,90.497330,1538.282959,-284.203064
1678,13.983000,139.884918,1519.983643,-206.595581,185.613251,1505.251465,-311.651306,198.358749,1513.497437,-215.289658,90.362831,1538.287720,-284.026825
1679,13.992000,139.378311,1520.030273,-206.046860,185.520294,1505.110107,-310.893463,197.820068,1513.488647,-214.546677,90.249634,1538.241333,-283.821045
1680,14.000000,138.971176,1519.945190,-205.609558,185.428101,1505.053223,-310.301575,197.528519,1513.369263,-213.888519,90.085197,1538.229614,-283.533661
1681,14.008000,138.642975,1519.823730,-205.261551,185.330688,1505.116089,-309.865936,197.197250,1513.235229,-213.373276,89.888428,1538.210205,-283.197571
1682,14.017000,138.316681,1519.612671,-204.869904,185.260025,1505.230591,-309.507599,196.894882,1513.058472,-212.913925,89.661545,1538.209229,-282.872833
1683,14.025000,137.924454,1519.384888,-204.479568,185.128677,1505.417725,-309.174225,196.581680,1512.916992,-212.430954,89.486832,1538.183472,-282.562317
1684,14.033000,137.456833,1519.251343,-204.064606,185.017868,1505.585815,-308.813446,196.180450,1512.798706,-211.818573,89.330132,1538.134155,-282.295410
1685,14.042000,136.945908,1519.180786,-203.660049,184.969009,1505.663086,-308.382080,195.723984,1512.757568,-211.152802,89.134872,1538.148560,-282.063965
1686,14.050000,136.389771,1519.245483,-203.215790,184.925812,1505.640625,-307.742340,195.119431,1512.825562,-210.343353,88.976151,1538.164795,-281.885101
1687,14.058000,135.763184,1519.439209,-202.776871,184.933014,1505.470215,-306.918762,194.497437,1512.924072,-209.471771,88.861916,1538.153809,-281.771515
1688,14.067000,135.064499,1519.713257,-202.299362,184.955017,1505.224121,-306.101868,193.832184,1512.984863,-208.629669,88.772346,1538.191040,-281.715607
1689,14.075000,134.343781,1519.979126,-201.800964,184.939713,1504.929443,-305.292999,193.081924,1513.202515,-207.804962,88.632759,1538.222534,-281.634247
1690,14.083000,133.694611,1520.198242,-201.367737,184.936020,1504.673706,-304.467926,192.441833,1513.464966,-206.917923,88.532982,1538.232300,-281.542236
1691,14.092000,133.129150,1520.358887,-200.971375,184.945740,1504.363281,-303.550323,191.881454,1513.643066,-206.168564,88.404182,1538.264771,-281.441040
1692,14.100000,132.581558,1520.521362,-200.573181,184.945312,1504.233887,-302.698547,191.394272,1513.764160,-205.505692,88.269394,1538.291504,-281.311615
1693,14.108000,132.003555,1520.672974,-200.067398,184.904556,1504.224487,-301.996490,190.822998,1513.866577,-204.824356,88.094894,1538.318848,-281.173706
1694,14.117000,131.450607,1520.696167,-199.608032,184.775162,1504.255493,-301.357819,190.293457,1513.816528,-204.065704,87.956413,1538.339600,-280.987854
1695,14.125000,130.790192,1520.710449,-199.157104,184.603790,1504.475952,-300.739258,189.656784,1513.793823,-203.248856,87.805786,1538.355347,-280.789093
1696,14.133000,130.127960,1520.717896,-198.669998,184.510727,1504.621094,-300.126709,188.874222,1513.798096,-202.448318,87.646706,1538.387451,-280.592163
1697,14.142000,129.477509,1520.709839,-198.228500,184.438049,1504.536011,-299.446594,188.350723,1513.751587,-201.572021,87.497551,1538.402710,-280.363068
1698,14.150000,128.861526,1520.751953,-197.796173,184.401138,1504.291138,-298.744812,187.731995,1513.721680,-200.755264,87.356239,1538.423218,-280.142700
1699,14.158000,128.237076,1520.818604,-197.386261,184.338043,1504.162964,-297.967957,187.173950,1513.705933,-199.983521,87.250519,1538.394775,-279.973969
1700,14.167000,127.696213,1520.865112,-196.961853,184.283844,1504.022583,-297.299225,186.673233,1513.687744,-199.343445,87.128822,1538.372559,-279.734650
1701,14.175000,127.152786,1520.918091,-196.545486,184.173904,1503.930054,-296.721161,186.150330,1513.731689,-198.758438,86.985481,1538.340210,-279.512451
1702,14.183000,126.717598,1520.953369,-196.163620,184.107590,1503.852173,-296.238586,185.805420,1513.709106,-198.115875,86.861496,1538.325439,-279.321930
1703,14.192000,126.321182,1521.002808,-195.864700,184.044006,1503.856445,-295.815399,185.257446,1513.854492,-197.537552,86.739662,1538.300293,-279.102356
1704,14.200000,125.810265,1521.053711,-195.504852,183.979980,1503.856323,-295.307678,184.702682,1514.014160,-196.896667,86.607071,1538.273438,-278.915222
1705,14.208000,125.223816,1521.125366,-195.049042,183.920670,1503.957275,-294.673279,184.176285,1514.084351,-196.184235,86.483727,1538.261475,-278.753845
1706,14.217000,124.584846,1521.189087,-194.645737,183.834824,1504.142822,-293.891479,183.598007,1514.089966,-195.381287,86.325287,1538.254272,-278.565308
1707,14.225000,123.822273,1521.261353,-194.149857,183.783417,1504.242188,-293.053528,182.882217,1514.166260,-194.500778,86.168556,1538.248413,-278.393707
1708,14.233000,123.087753,1521.298340,-193.682495,183.850006,1503.917725,-291.825104,182.110260,1514.235840,-193.608780,86.021996,1538.222168,-278.221405
1709,14.242000,122.486786,1521.339355,-193.273727,183.847275,1503.695557,-290.848511,181.513687,1514.120361,-192.810654,85.911552,1538.171875,-278.048706
1710,14.250000,121.870186,1521.388428,-192.892303,183.763748,1503.526733,-290.248474,180.799789,1514.005493,-192.018280,85.825096,1538.120972,-277.909210
1711,14.258000,121.287537,1521.492065,-192.477051,183.660629,1503.327515,-289.823059,180.182800,1513.908447,-191.220673,85.718239,1538.065063,-277.737457
1712,14.267000,120.740524,1521.428589,-192.087891,183.561035,1503.103394,-289.407410,179.638611,1513.851196,-190.558289,85.611656,1538.010010,-277.570862
1713,14.275000,120.195793,1521.376343,-191.730789,183.442261,1502.897217,-289.043701,179.106827,1513.752441,-189.934174,85.517677,1537.919556,-277.411194
1714,14.283000,119.573120,1521.069458,-191.434769,183.335541,1502.683960,-288.718048,178.652191,1513.581421,-189.401428,85.417740,1537.846924,-277.221710
1715,14.292000,119.071320,1520.960083,-191.111343,183.304245,1502.586060,-288.314087,178.120880,1513.393799,-188.826965,85.288269,1537.787842,-277.018494
1716,14.300000,118.518990,1520.782593,-190.791595,183.252930,1502.516113,-287.863525,177.491333,1513.265503,-188.144302,85.108818,1537.736084,-276.788483
1717,14.308000,117.903030,1520.665283,-190.444199,183.175629,1502.538330,-287.284058,176.803696,1513.205444,-187.431808,84.973488,1537.662476,-276.633942
1718,14.317000,117.212608,1520.624390,-190.090897,183.078308,1502.722412,-286.589020,176.042969,1513.260498,-186.669876,84.810776,1537.612793,-276.453033
1719,14.325000,116.427940,1520.670288,-189.688065,182.948029,1503.010010,-285.837250,175.302322,1513.346191,-185.913208,84.663315,1537.626465,-276.322418
1720,14.333000,115.622421,1520.838379,-189.252396,182.806503,1503.292358,-285.142242,174.529495,1513.461426,-185.175064,84.444817,1537.671387,-276.176239
1721,14.342000,114.897484,1520.979370,-188.888474,182.683990,1503.421509,-284.566406,173.705292,1513.675537,-184.329315,84.252090,1537.696289,-276.091492
1722,14.350000,114.198502,1521.181152,-188.564713,182.603439,1503.401123,-284.043427,172.903549,1513.897217,-183.618484,84.093269,1537.722900,-276.031647
1723,14.358000,113.473503,1521.356567,-188.303818,182.512497,1503.454102,-283.619720,172.135956,1514.072876,-182.945007,83.926971,1537.786621,-275.987244
1724,14.367000,112.710548,1521.488403,-188.062347,182.344345,1503.204834,-282.958588,171.367157,1514.210815,-182.250000,83.763245,1537.820312,-275.889282
1725,14.375000,112.092468,1521.403076,-188.045959,182.268082,1503.286621,-282.495117,170.610748,1514.333740,-181.566376,83.445045,1538.032959,-275.548492
1726,14.383000,111.400459,1521.362427,-187.806030,182.115738,1503.381958,-282.009094,169.681076,1514.248413,-180.821640,83.138084,1538.191040,-275.209717
1727,14.392000,110.586205,1521.437866,-187.336868,181.993240,1503.489868,-281.432648,168.933441,1514.162720,-180.086945,82.926720,1538.327637,-274.909332
1728,14.400000,110.075180,1521.305908,-187.294342,181.821381,1503.500732,-280.721558,168.170166,1514.124878,-179.465485,83.040947,1538.001953,-275.337341
1729,14.408000,109.504196,1521.284424,-187.066910,181.618378,1503.431763,-279.688080,167.449005,1514.161011,-178.819199,83.061195,1537.888794,-275.345245
1730,14.417000,108.807755,1521.412842,-186.673523,181.439240,1503.374634,-278.788116,166.758774,1514.215088,-178.210678,82.943558,1537.902832,-275.230835
1731,14.425000,108.085045,1521.606445,-186.321823,181.280777,1503.375244,-277.810364,166.178192,1514.274902,-177.749573,82.797630,1537.942261,-275.100800
1732,14.433000,107.261879,1521.900024,-185.805969,181.120056,1503.438110,-276.867889,165.477356,1514.478271,-177.180481,82.657402,1537.953735,-275.023895
1733,14.442000,106.543350,1522.073853,-185.570175,180.971375,1503.483032,-275.988068,164.625885,1514.794067,-176.499680,82.491333,1538.029419,-274.935577
1734,14.450000,105.872154,1522.201660,-185.559845,180.801559,1503.535034,-275.228516,163.730743,1515.046143,-175.881943,82.337944,1538.056030,-274.880066
1735,14.458000,105.004692,1522.386597,-185.340683,180.651031,1503.703979,-274.453033,162.910309,1515.256592,-175.235413,82.136597,1538.134399,-274.783691
1736,14.467000,104.091858,1522.884033,-184.586197,180.644165,1503.843628,-273.285126,162.273880,1515.525146,-174.640854,81.922523,1538.285522,-274.593964
1737,14.475000,103.368324,1523.052979,-184.247162,180.561905,1503.964478,-272.260315,161.288879,1515.702881,-173.866104,81.723907,1538.292236,-274.445129
1738,14.483000,102.707085,1523.122192,-184.039490,180.373581,1504.078491,-271.407166,160.431610,1515.864136,-173.161041,81.474876,1538.244507,-274.319031
1739,14.492000,102.060608,1523.065308,-183.763428,180.106659,1504.103760,-270.787415,159.697983,1515.860840,-172.539124,81.268539,1538.258545,-274.107666
1740,14.500000,101.425163,1522.997437,-183.441666,179.860657,1504.146851,-270.223877,159.045486,1515.796265,-171.950317,81.070221,1538.253174,-273.855682
1741,14.508000,100.764687,1522.988037,-182.965668,179.691208,1504.131226,-269.762482,158.545517,1515.711670,-171.451920,80.872192,1538.262085,-273.599731
1742,14.517000,100.183311,1522.937012,-182.579788,179.565613,1504.102539,-269.365204,157.951294,1515.576660,-170.947922,80.653984,1538.258423,-273.327637
1743,14.525000,99.635979,1522.829468,-182.292389,179.130814,1504.085938,-269.597412,157.342346,1515.474487,-170.399643,80.613297,1538.120728,-273.245026
1744,14.533000,99.106834,1522.735718,-182.108322,178.974609,1504.151978,-269.442352,156.710083,1515.418213,-169.917282,80.403809,1538.093140,-273.058105
1745,14.542000,98.506134,1522.716553,-181.921188,178.820923,1504.183350,-269.120453,156.045578,1515.434814,-169.446411,80.192863,1538.136841,-272.873077
1746,14.550000,97.904106,1522.745728,-181.695221,178.655121,1504.239624,-268.691223,155.310791,1515.491821,-168.939590,79.996292,1538.158447,-272.733612
1747,14.558000,97.252907,1522.871948,-181.472031,178.411880,1504.350830,-268.178619,154.650757,1515.595947,-168.456039,79.772133,1538.178833,-272.592621
1748,14.567000,96.537201,1523.044312,-181.211685,178.160217,1504.452759,-267.615204,153.926758,1515.770020,-167.957214,79.588341,1538.234009,-272.502197
1749,14.575000,95.846985,1523.215820,-180.903641,178.084717,1504.557861,-266.444489,153.266586,1515.926270,-167.518448,79.378174,1538.277832,-272.405640
1750,14.583000,95.190018,1523.378174,-180.765427,177.951324,1504.607788,-265.321106,152.529831,1516.049316,-167.062286,79.209389,1538.318726,-272.330200
1751,14.592000,94.598610,1523.439331,-180.627243,177.757034,1504.672363,-264.427826,151.804123,1516.150269,-166.555466,78.999847,1538.348389,-272.217102
1752,14.600000,93.931839,1523.417480,-180.487015,177.492981,1504.718628,-263.774292,151.060989,1516.195068,-166.019135,78.772118,1538.366577,-272.091644
1753,14.608000,93.248123,1523.347900,-180.337296,177.176926,1504.695679,-263.272308,150.270798,1516.128662,-165.518356,78.544960,1538.367554,-271.935150
1754,14.617000,92.430466,1523.312866,-180.150986,176.848862,1504.635376,-262.832245,149.496902,1515.994995,-165.062866,78.285599,1538.375977,-271.754669
1755,14.625000,91.613525,1523.277588,-179.813721,176.585541,1504.613281,-262.288513,148.635086,1515.854980,-164.532150,78.044060,1538.372314,-271.565918
1756,14.633000,90.838501,1523.196533,-179.475189,176.309708,1504.620239,-261.510315,147.686584,1515.786987,-163.920044,77.781219,1538.364624,-271.354401
1757,14.642000,90.100639,1523.157837,-179.253860,176.034149,1504.582520,-260.710266,146.804047,1515.718872,-163.320984,77.476547,1538.397461,-271.140045
1758,14.650000,89.326347,1523.192993,-179.020660,175.657410,1504.491699,-259.868988,145.914398,1515.694092,-162.793304,77.178658,1538.427612,-270.909332
1759,14.658000,88.527763,1523.333862,-178.797577,175.303833,1504.483765,-259.082184,145.022766,1515.832275,-162.199417,76.924240,1538.427612,-270.713593
1760,14.667000,87.602844,1523.526245,-178.547363,174.953506,1504.507324,-258.346741,144.045288,1516.046265,-161.543350,76.628799,1538.473999,-270.568115
1761,14.675000,86.728951,1523.723145,-178.311935,174.623459,1504.471558,-257.688538,143.103592,1516.218628,-160.891693,76.353897,1538.480713,-270.424286
1762,14.683000,85.882423,1523.847290,-178.116699,174.271606,1504.404785,-257.056885,142.281677,1516.377197,-160.349625,76.060562,1538.491211,-270.259918
1763,14.692000,85.113564,1523.903198,-177.893799,173.914093,1504.356445,-256.422821,141.401047,1516.439819,-159.883102,75.791031,1538.513672,-270.126709
1764,14.700000,84.373253,1523.926392,-177.704544,173.484283,1504.296387,-255.754318,140.340302,1516.677002,-159.538086,75.481934,1538.549927,-269.958160
1765,14.708000,83.675323,1523.855957,-177.462326,172.993942,1504.285767,-255.098343,139.357208,1516.775269,-159.067902,75.132004,1538.557007,-269.738190
1766,14.717000,82.893867,1523.741211,-177.120209,172.496735,1504.280762,-254.540710,138.620224,1516.533203,-158.507202,74.769669,1538.574097,-269.514343
1767,14.725000,82.121796,1523.505005,-176.792175,172.076935,1504.300415,-254.037415,137.887146,1516.256226,-158.086502,74.383110,1538.565796,-269.242188
1768,14.733000,81.375893,1523.306885,-176.497604,171.753723,1504.372925,-253.602203,137.177872,1515.859863,-157.573105,73.991692,1538.557373,-268.935974
1769,14.742000,80.651688,1523.126709,-176.360199,171.401810,1504.386353,-253.193207,136.300903,1515.733887,-157.065475,73.540024,1538.548584,-268.686737
1770,14.750000,79.854561,1523.071899,-176.187347,171.016495,1504.434570,-252.728577,135.420578,1515.719238,-156.521454,73.148499,1538.587036,-268.423248
1771,14.758000,79.031975,1523.136719,-175.976776,170.595490,1504.504272,-252.175507,134.515625,1515.740967,-156.022797,72.784698,1538.608276,-268.218658
1772,14.767000,78.167717,1523.352783,-175.737869,170.121109,1504.540283,-251.496262,133.523529,1516.073486,-155.689590,72.441162,1538.652954,-268.113708
1773,14.775000,77.219193,1523.663818,-175.544662,169.611740,1504.539551,-250.669952,132.327927,1516.450073,-155.147232,72.162102,1538.692383,-268.046021
1774,14.783000,76.237450,1523.973267,-175.448944,169.150742,1504.495728,-249.764221,131.087036,1516.891235,-154.581619,71.864601,1538.766602,-268.013885
1775,14.792000,75.163963,1524.319214,-175.347458,168.739136,1504.393188,-248.911728,129.960876,1517.164551,-154.048355,71.555443,1538.855957,-267.982452
1776,14.800000,74.063591,1524.601440,-175.309052,168.118774,1504.382935,-248.488052,128.754486,1517.512329,-153.442154,71.255028,1538.938232,-267.908997
1777,14.808000,73.003708,1524.839111,-175.270401,167.579910,1504.351196,-247.841125,127.445175,1517.738525,-152.876328,70.969360,1539.003174,-267.851471
1778,14.817000,71.924973,1524.979370,-175.084915,167.052872,1504.339966,-246.888046,126.306831,1517.567871,-152.223251,70.646790,1539.029419,-267.750427
1779,14.825000,70.872772,1525.000122,-174.876328,166.548126,1504.340576,-246.080551,125.204834,1517.548584,-151.672623,70.285950,1539.042725,-267.625946
1780,14.833000,69.834167,1524.882202,-174.733246,166.041641,1504.383057,-245.365936,123.858231,1517.709106,-151.313919,69.843765,1539.072998,-267.423828
1781,14.842000,68.866241,1524.680176,-174.654327,165.586609,1504.368774,-244.928787,122.562462,1517.691772,-150.803467,69.394142,1539.075317,-267.198120
1782,14.850000,67.937706,1524.487793,-174.479858,165.108871,1504.345825,-244.483749,121.520851,1517.473511,-150.317169,68.936089,1539.059814,-266.961731
1783,14.858000,67.017548,1524.322388,-174.247437,164.634552,1504.215210,-244.011902,120.564453,1517.162231,-149.846909,68.513565,1539.047974,-266.758301
1784,14.867000,66.170250,1524.241455,-174.015106,164.133698,1504.033081,-243.332275,119.613182,1516.704712,-149.305435,68.160370,1539.042969,-266.570770
1785,14.875000,65.335915,1524.227051,-173.874588,163.620804,1503.841553,-242.571838,118.742401,1516.560913,-148.925156,67.826202,1539.010132,-266.442963
1786,14.883000,64.574249,1524.291382,-173.774780,163.038696,1503.900757,-242.091415,117.856766,1516.633911,-148.547852,67.486809,1539.008911,-266.321869
1787,14.892000,63.767834,1524.406128,-173.723022,162.576752,1503.964111,-241.482498,116.980858,1516.583984,-148.381973,67.057037,1539.164795,-266.042725
1788,14.900000,62.933289,1524.575073,-173.676010,162.143890,1503.906494,-240.863052,115.972466,1516.651855,-148.020401,66.704102,1539.290771,-265.829681
1789,14.908000,62.073650,1524.759399,-173.574646,161.677216,1503.750122,-240.313095,115.076035,1516.713501,-147.735092,66.415276,1539.360596,-265.662384
1790,14.917000,61.218956,1524.944336,-173.491776,161.219666,1503.628784,-239.839676,114.162506,1516.861694,-147.363098,66.352592,1539.074951,-266.009369
1791,14.925000,60.419392,1525.076538,-173.446823,160.748245,1503.540161,-239.245834,113.207352,1517.013062,-146.976517,66.138817,1539.040161,-265.978271
1792,14.933000,59.618519,1525.141479,-173.447174,160.259186,1503.536255,-238.506042,112.210953,1517.072266,-146.688980,65.826233,1539.012451,-265.888062
1793,14.942000,58.923321,1525.128296,-173.397202,159.766113,1503.487671,-237.764832,111.228119,1516.979980,-146.390427,65.448074,1539.093750,-265.636444
1794,14.950000,58.241344,1525.066528,-173.429062,159.355637,1503.467041,-237.129944,110.287399,1517.204102,-145.772598,65.104477,1539.084106,-265.470398
1795,14.958000,57.578934,1524.973267,-173.397827,159.017578,1503.410278,-236.693726,109.547462,1517.149536,-145.474701,64.789734,1539.065063,-265.334412
1796,14.967000,56.767361,1524.926636,-173.198380,158.683441,1503.415405,-236.338150,108.774078,1517.020630,-145.240433,64.498596,1539.082642,-265.247772
1797,14.975000,56.015564,1524.878418,-173.086487,158.340256,1503.453003,-236.043167,107.922806,1516.909546,-145.047821,64.096283,1539.223389,-264.991394
1798,14.983000,55.319408,1524.862671,-173.092819,158.008530,1503.526245,-235.808533,106.891922,1516.806885,-144.720612,63.719719,1539.291992,-264.801819
1799,14.992000,54.686802,1524.883667,-173.101089,157.622818,1503.610107,-235.478500,105.976044,1517.117554,-144.043976,63.451321,1539.287964,-264.752899
1800,15.000000,54.059029,1524.989380,-173.118164,157.246597,1503.700317,-234.959534,105.209877,1517.319824,-143.663803,63.226318,1539.269165,-264.738220
1801,15.008000,53.445591,1525.128784,-173.198074,156.805786,1503.719238,-234.392654,104.494217,1517.502808,-143.456818,63.021870,1539.278076,-264.723206
1802,15.017000,52.793293,1525.258057,-173.302216,156.307770,1503.696899,-233.901550,103.715393,1517.644531,-143.397568,62.784275,1539.313721,-264.718628
1803,15.025000,52.050663,1525.428101,-173.326950,155.947266,1503.720093,-233.468719,103.089966,1517.449707,-143.658127,62.558704,1539.375000,-264.716431
1804,15.033000,51.170429,1525.683105,-173.201126,155.492279,1503.699829,-233.145248,101.827774,1517.772461,-142.988922,62.306374,1539.436890,-264.711945
1805,15.042000,50.440350,1525.900513,-173.233963,155.095505,1503.676636,-232.642029,100.711983,1517.987305,-142.491760,62.071865,1539.495117,-264.693024
1806,15.050000,49.787437,1526.002319,-173.384079,154.657394,1503.621460,-232.013428,99.865791,1518.129395,-142.294449,61.838104,1539.554077,-264.656708
1807,15.058000,49.078728,1526.050659,-173.495514,154.213425,1503.548950,-231.469025,99.078949,1518.207886,-142.260559,61.586479,1539.585449,-264.636749
1808,15.067000,48.328102,1526.065063,-173.601395,153.744949,1503.550293,-230.853592,98.324738,1518.175781,-142.156555,61.261574,1539.644775,-264.514343
1809,15.075000,47.552940,1526.073120,-173.733673,153.222748,1503.599854,-230.275421,97.340355,1518.119995,-141.939346,60.981243,1539.704102,-264.475098
1810,15.083000,46.814613,1526.191284,-173.802933,152.795898,1503.686157,-229.879852,96.431694,1518.228882,-141.686783,60.716496,1539.724976,-264.489655
1811,15.092000,46.091961,1526.366577,-173.786728,152.414154,1503.776367,-229.538162,95.514732,1518.458740,-141.480576,60.481247,1539.774292,-264.504578
1812,15.100000,45.468140,1526.705566,-173.777542,152.049179,1503.949219,-229.134521,94.606911,1518.776611,-141.246246,60.206425,1539.850464,-264.559937
1813,15.108000,44.878895,1526.921631,-173.871262,151.674423,1504.105347,-228.827469,93.837318,1519.086426,-141.046967,59.946518,1539.926880,-264.649811
1814,15.117000,44.270241,1526.972412,-174.110962,151.326859,1504.273315,-228.544754,93.339821,1519.427734,-141.031509,59.647079,1540.012085,-264.689789
1815,15.125000,43.758400,1526.985962,-174.226044,150.932678,1504.307251,-228.193863,92.784485,1519.549683,-140.999191,59.434608,1540.063965,-264.677673
1816,15.133000,43.200386,1526.888916,-174.344604,150.612030,1504.286499,-227.815918,92.037827,1519.412354,-141.013428,59.238110,1540.056641,-264.665039
1817,15.142000,42.632145,1526.724731,-174.433640,150.278549,1504.213135,-227.436661,91.335243,1519.269897,-140.872620,59.049404,1540.010132,-264.635620
1818,15.150000,42.118088,1526.559937,-174.502060,149.898117,1504.031250,-227.093338,90.679062,1519.029053,-140.779434,58.799351,1539.891724,-264.790253
1819,15.158000,41.464497,1526.522095,-174.514175,149.555786,1503.860718,-226.804337,89.991661,1518.831543,-140.633545,58.645020,1539.842407,-264.785126
1820,15.167000,40.824558,1526.467407,-174.599213,149.188599,1503.702759,-226.466537,89.237083,1518.654419,-140.506088,58.540806,1539.780518,-264.776947
1821,15.175000,40.044350,1526.388062,-174.677704,148.852844,1503.543579,-226.021301,88.281380,1518.569092,-140.368851,58.411499,1539.714355,-264.777832
1822,15.183000,39.443127,1526.528320,-174.843292,148.484787,1503.389404,-225.520615,87.557343,1518.569336,-140.374481,58.281586,1539.680054,-264.771637
1823,15.192000,38.778824,1526.644409,-175.058228,148.062119,1503.176392,-224.968674,86.549591,1518.699707,-140.135818,58.222820,1539.626099,-264.804657
1824,15.200000,38.077839,1526.806641,-175.266418,147.646973,1502.991821,-224.388626,85.627663,1518.912720,-139.917374,58.173080,1539.547607,-264.847229
1825,15.208000,37.411148,1527.023071,-175.412033,147.273163,1502.895508,-223.680054,84.635933,1519.170166,-139.676712,58.085213,1539.494019,-264.896301
1826,15.217000,36.741974,1527.285278,-175.447052,146.899719,1502.865845,-223.177444,83.612404,1519.375854,-139.452759,57.970158,1539.453491,-264.923737
1827,15.225000,36.162098,1527.417847,-175.482559,146.569626,1502.922852,-222.674591,82.717148,1519.528687,-139.198303,57.807446,1539.445923,-264.915649
1828,15.233000,35.627644,1527.426880,-175.533936,146.198975,1502.999634,-222.271393,82.431541,1519.475830,-139.427063,57.600494,1539.448120,-264.879059
1829,15.242000,35.178291,1527.307373,-175.527664,145.798477,1502.994141,-222.038086,81.870537,1519.412598,-139.351135,57.364883,1539.450073,-264.800415
1830,15.250000,34.719379,1527.084106,-175.492340,145.477905,1503.079956,-221.768951,81.340355,1519.295288,-139.165436,57.090202,1539.436035,-264.712433
1831,15.258000,34.149273,1526.731323,-175.449387,145.225693,1503.153442,-221.515839,80.793877,1519.067017,-139.171005,56.785450,1539.400513,-264.609131
1832,15.267000,33.758724,1526.513428,-175.420441,144.932846,1503.150879,-221.279663,80.111450,1518.879395,-138.832382,56.540123,1539.244995,-264.533478
1833,15.275000,33.133205,1526.288818,-175.483551,144.580139,1503.025635,-220.956543,79.227509,1518.582642,-138.598892,56.301369,1539.146118,-264.434082
1834,15.283000,32.426697,1526.168945,-175.536453,144.160370,1502.835083,-220.551117,78.255417,1518.348267,-138.372528,56.144440,1539.061279,-264.364014
1835,15.292000,31.449247,1526.110840,-175.584641,143.739853,1502.590210,-220.003677,77.381180,1518.192627,-138.377945,55.993080,1538.981079,-264.318481
1836,15.300000,30.591082,1526.230957,-175.753647,143.236267,1502.266357,-219.399796,76.171867,1518.272583,-138.216232,55.950592,1538.912109,-264.348236
1837,15.308000,29.753382,1526.455933,-175.996964,142.688156,1501.949585,-218.680466,74.996437,1518.551880,-137.950089,55.949516,1538.820557,-264.395355
1838,15.317000,28.994644,1526.682983,-176.279388,142.248566,1501.659058,-218.008820,73.955490,1518.820190,-137.803940,55.929482,1538.748779,-264.467926
1839,15.325000,28.287178,1526.889282,-176.516113,141.784775,1501.474731,-217.413239,72.970543,1519.024048,-137.742706,55.892826,1538.695312,-264.517242
1840,15.333000,27.714052,1527.050903,-176.728561,141.399246,1501.371582,-216.901871,72.042877,1519.169800,-137.695404,55.814026,1538.633301,-264.568573
1841,15.342000,27.224695,1527.084595,-176.900146,141.050507,1501.343506,-216.549393,71.310471,1519.295898,-137.660889,55.700439,1538.583862,-264.614594
1842,15.350000,26.795250,1527.028687,-177.020782,140.816330,1501.392944,-216.313324,70.848259,1519.301636,-137.637115,55.548206,1538.553955,-264.588562
1843,15.358000,26.434055,1526.817871,-177.053085,140.606674,1501.526733,-216.137024,70.489731,1519.165894,-137.590195,55.361042,1538.521362,-264.561493
1844,15.367000,26.022749,1526.498657,-177.023514,140.495270,1501.836548,-215.884552,70.117218,1518.902344,-137.555115,55.132519,1538.509399,-264.530823
1845,15.375000,25.576782,1526.058960,-177.045334,140.227432,1501.981812,-215.707581,69.590233,1518.370972,-137.488083,54.850994,1538.488281,-264.440491
1846,15.383000,25.031885,1525.689819,-177.088989,139.819199,1501.935547,-215.465485,68.934967,1517.940308,-137.427002,54.613926,1538.412231,-264.362183
1847,15.392000,24.340277,1525.402344,-177.249405,139.385864,1501.734009,-215.041809,68.021446,1517.629639,-137.283646,54.444035,1538.302124,-264.270844
1848,15.400000,23.502708,1525.258911,-177.494827,138.840240,1501.414429,-214.398193,66.872223,1517.397705,-137.189926,54.314224,1538.194702,-264.236328
1849,15.408000,22.556913,1525.218018,-177.737717,138.264969,1501.040283,-213.824066,65.650604,1517.441284,-137.049301,54.215446,1538.081421,-264.222748
1850,15.417000,21.577940,1525.379883,-178.041245,137.634369,1500.631348,-213.150818,64.074463,1517.357422,-136.998489,54.158184,1537.963135,-264.212219
1851,15.425000,20.640657,1525.628174,-178.345047,137.002823,1500.243408,-212.318115,62.637180,1517.573120,-136.898468,54.104267,1537.875244,-264.221558
1852,15.433000,19.687691,1525.865479,-178.714172,136.438156,1499.992432,-211.479675,61.446102,1517.884644,-136.840591,54.002918,1537.814331,-264.213959
1853,15.442000,18.871267,1526.014893,-178.919724,135.865982,1499.942993,-210.797684,60.357243,1518.131470,-136.763184,53.842701,1537.757446,-264.215179
1854,15.450000,18.180231,1526.067383,-179.089981,135.317795,1499.972900,-210.256699,59.359348,1518.337158,-136.579178,53.646698,1537.718262,-264.189575
1855,15.458000,17.586906,1526.038940,-179.205307,134.833557,1500.067383,-209.839142,58.495926,1518.329346,-136.575836,53.360558,1537.719238,-264.130707
1856,15.467000,17.015503,1525.878418,-179.287643,134.403656,1500.157227,-209.569305,57.907551,1518.195435,-136.596344,53.042603,1537.719238,-264.028625
1857,15.475000,16.479414,1525.671997,-179.316528,133.996017,1500.288452,-209.255829,57.274483,1518.002563,-136.589630,52.718040,1537.714111,-263.960571
1858,15.483000,15.913258,1525.393921,-179.359299,133.537552,1500.369385,-208.979675,56.578949,1517.765625,-136.535645,52.347767,1537.714844,-263.878204
1859,15.492000,15.231536,1525.123291,-179.456070,132.984253,1500.412720,-208.592697,55.633240,1517.667725,-136.349747,51.975414,1537.709473,-263.773743
1860,15.500000,14.424233,1524.941406,-179.555420,132.398056,1500.435913,-208.059402,54.790707,1517.441284,-136.321335,51.728745,1537.631470,-263.772675
1861,15.508000,13.586602,1524.885620,-179.725723,131.788712,1500.371460,-207.584122,53.704445,1517.315430,-136.264923,51.483299,1537.563599,-263.735413
1862,15.517000,12.770068,1524.901245,-179.909637,131.192230,1500.234131,-207.097855,52.663784,1517.205933,-136.257294,51.267910,1537.480713,-263.664032
1863,15.525000,12.002329,1525.009521,-180.182129,130.650223,1500.082642,-206.573364,51.322899,1517.475830,-136.060013,51.073898,1537.410889,-263.640503
1864,15.533000,11.202821,1525.170288,-180.478851,130.004547,1500.014038,-206.014893,50.176140,1517.525391,-136.131973,50.820675,1537.389893,-263.590759
1865,15.542000,10.340620,1525.334473,-180.740570,129.360367,1500.026733,-205.417694,49.201981,1517.630737,-136.125290,50.632458,1537.328003,-263.546875
1866,15.550000,9.616197,1525.431885,-180.920380,128.776001,1500.090698,-204.881958,48.278145,1517.743652,-136.180771,50.421909,1537.290283,-263.527191
1867,15.558000,8.938581,1525.424438,-181.009308,128.246124,1500.149170,-204.453873,47.377865,1517.827515,-136.105469,50.159443,1537.292114,-263.457153
1868,15.567000,8.341384,1525.284546,-181.053650,127.802208,1500.225220,-204.168976,46.538544,1517.912964,-135.966049,49.852276,1537.272949,-263.408081
1869,15.575000,7.802701,1525.060059,-181.087952,127.356575,1500.307129,-203.950287,45.894180,1517.743652,-135.940613,49.479534,1537.308838,-263.311310
1870,15.583000,7.237634,1524.817627,-181.184875,126.888557,1500.388550,-203.649490,45.230152,1517.420532,-135.981964,49.096512,1537.312500,-263.177490
1871,15.592000,6.605549,1524.591064,-181.357361,126.369774,1500.544556,-203.259094,44.471828,1517.082397,-136.013550,48.749893,1537.323730,-263.117157
1872,15.600000,5.803173,1524.491089,-181.555679,125.783310,1500.704712,-202.725021,43.459785,1516.934082,-136.047623,48.469475,1537.331543,-263.096893
1873,15.608000,4.982453,1524.520142,-181.824265,125.140991,1500.824341,-202.202545,42.394859,1516.957031,-136.116776,48.248928,1537.335693,-263.118561
1874,15.617000,4.201665,1524.678345,-182.116180,124.405067,1500.834106,-201.582275,41.202255,1517.265137,-136.092056,48.051830,1537.328613,-263.183594
1875,15.625000,3.431187,1524.917480,-182.437622,123.734100,1500.825806,-200.978348,40.074070,1517.478516,-136.169861,47.891941,1537.337036,-263.234283
1876,15.633000,2.615692,1525.213257,-182.768387,123.063644,1500.884766,-200.316727,38.982113,1517.704834,-136.296829,47.726482,1537.344360,-263.276855
1877,15.642000,1.911360,1525.466675,-183.084564,122.396523,1501.007324,-199.690948,38.011971,1517.999634,-136.422791,47.574371,1537.347778,-263.333710
1878,15.650000,1.200558,1525.552002,-183.296021,121.785057,1501.107788,-199.150406,37.083447,1518.347534,-136.406799,47.397091,1537.304810,-263.427460
1879,15.658000,0.588710,1525.560547,-183.476242,121.230751,1501.169189,-198.734161,36.269257,1518.482178,-136.428940,47.180439,1537.278809,-263.466278
1880,15.667000,-0.007953,1525.492920,-183.620926,120.772949,1501.279175,-198.477417,35.216717,1518.934204,-136.347153,46.934612,1537.214355,-263.501038
1881,15.675000,-0.588258,1525.370483,-183.697342,120.353264,1501.432129,-198.293579,34.246437,1519.119995,-136.463715,46.710415,1537.177856,-263.498535
1882,15.683000,-1.113641,1525.194824,-183.748032,120.005615,1501.598877,-198.102890,34.015953,1518.409790,-136.575989,46.261154,1537.296753,-263.226562
1883,15.692000,-1.643683,1525.024048,-183.824738,119.677872,1501.730957,-197.889114,33.594643,1518.086792,-136.628738,45.979664,1537.356567,-263.121338
1884,15.700000,-2.165842,1524.819458,-183.911865,119.368393,1501.792358,-197.567169,32.807091,1517.985962,-136.627869,45.781185,1537.340332,-263.048645
1885,15.708000,-2.801191,1524.596924,-184.135941,118.958252,1501.736084,-197.144501,31.956524,1517.801392,-136.673721,45.590309,1537.287964,-263.026886
1886,15.717000,-3.533539,1524.430176,-184.426315,118.403137,1501.554810,-196.679428,30.763929,1518.022217,-136.638931,45.455566,1537.225098,-263.008698
1887,15.725000,-4.221097,1524.420288,-184.678024,117.785927,1501.272339,-196.187881,29.515232,1518.208008,-136.731934,45.351521,1537.114746,-263.017578
1888,15.733000,-4.886621,1524.497070,-184.976089,117.134666,1500.991577,-195.620758,28.947393,1517.659424,-136.877304,45.270298,1537.018555,-263.030365
1889,15.742000,-5.514207,1524.606812,-185.247894,116.481758,1500.823364,-195.067596,28.167561,1517.701050,-136.940659,45.203655,1536.928955,-263.075958
1890,15.750000,-6.093632,1524.690552,-185.512650,115.936386,1500.825073,-194.553833,26.889912,1518.382935,-136.835327,45.096046,1536.880859,-263.135925
1891,15.758000,-6.738173,1524.840088,-185.731293,115.315857,1501.008179,-194.004303,25.668251,1518.942017,-136.985764,44.914944,1536.874878,-263.135559
1892,15.767000,-7.445492,1525.044434,-185.905396,114.642563,1501.488403,-193.165146,24.799658,1519.178345,-137.191391,44.696037,1536.887817,-263.098755
1893,15.775000,-8.036415,1525.116211,-186.043304,114.141083,1501.832031,-192.598083,24.176048,1519.258789,-137.200089,44.491997,1536.917603,-263.078552
1894,15.783000,-8.579267,1525.129883,-186.234314,113.518425,1502.228638,-191.927460,23.936941,1518.707031,-137.181000,44.281521,1536.921265,-263.026062
1895,15.792000,-9.103535,1525.096680,-186.388428,113.101799,1502.292358,-191.655807,23.184481,1518.570557,-137.298248,44.058987,1536.928711,-262.959778
1896,15.800000,-9.677999,1525.032959,-186.639130,112.742233,1502.231079,-191.438629,22.348400,1518.533081,-137.399353,43.866985,1536.928101,-262.915619
1897,15.808000,-10.319161,1525.040283,-186.915024,112.334816,1502.078613,-191.128433,21.110445,1518.991089,-137.307800,43.647533,1536.877075,-262.825562
1898,15.817000,-11.090378,1525.126709,-187.158722,111.836586,1501.905518,-190.680099,19.897097,1519.009644,-137.475357,43.496822,1536.851562,-262.716522
1899,15.825000,-11.878553,1525.160400,-187.464783,111.249901,1501.660156,-190.162903,19.052986,1518.334839,-137.715302,43.323189,1536.805054,-262.620850
1900,15.833000,-12.621770,1525.143433,-187.732895,110.141960,1501.145630,-189.534393,18.061699,1518.197144,-137.846649,43.137093,1536.756348,-262.518768
1901,15.842000,-13.336199,1525.184082,-187.970779,109.169495,1500.796509,-189.167801,16.839859,1518.661865,-137.893677,42.821896,1536.755249,-262.308380
1902,15.850000,-13.824225,1524.997925,-188.410812,108.319672,1500.959595,-188.461578,15.897796,1518.802734,-138.013809,42.608219,1536.757446,-262.215942
1903,15.858000,-14.343372,1525.005615,-188.661774,107.847809,1501.295776,-187.968307,15.190534,1518.831055,-138.063522,42.393723,1536.813477,-262.149445
1904,15.867000,-14.862584,1525.134155,-188.814438,107.608604,1501.767456,-187.624878,14.383607,1519.129395,-138.062180,42.125610,1536.879272,-262.130219
1905,15.875000,-15.809983,1525.629883,-188.741348,107.284363,1502.233521,-187.359146,13.801364,1519.222534,-138.189194,41.818180,1537.009033,-262.122589
1906,15.883000,-16.511087,1525.914429,-188.937454,106.905754,1502.646484,-187.108032,13.140822,1519.429443,-138.317749,41.676426,1537.109009,-262.239777
1907,15.892000,-17.230913,1526.166260,-189.228516,106.374031,1502.515991,-186.988434,12.263665,1519.734009,-138.471786,41.340595,1537.213379,-262.153595
1908,15.900000,-18.018745,1526.497559,-189.668884,105.745483,1502.353882,-186.670486,10.956729,1520.396606,-138.624207,41.187798,1537.296143,-262.186768
1909,15.908000,-18.776749,1526.686279,-190.177856,104.944122,1502.220825,-186.097076,9.500537,1520.862549,-138.884811,41.104198,1537.293701,-262.219818
1910,15.917000,-19.628588,1526.841309,-190.709427,104.001526,1502.028931,-185.428085,8.380852,1520.374878,-139.267868,41.025345,1537.272339,-262.239624
1911,15.925000,-20.683390,1526.990723,-191.166794,103.000885,1501.753174,-184.801346,7.301881,1520.152588,-139.639664,40.895069,1537.239380,-262.202576
1912,15.933000,-21.661308,1527.158081,-191.365189,102.057953,1501.408203,-184.280426,5.981160,1520.411743,-139.909698,40.730469,1537.207520,-262.137573
1913,15.942000,-22.219292,1527.070801,-191.641464,101.266838,1501.190918,-183.854340,4.932817,1520.409058,-140.082260,40.634491,1537.172974,-262.223297
1914,15.950000,-22.636187,1526.906006,-191.907318,100.626877,1501.182739,-183.562469,4.127552,1520.332153,-140.213043,40.398441,1537.200928,-262.147888
1915,15.958000,-23.133562,1526.757446,-192.092316,100.158714,1501.358154,-183.344803,3.457047,1520.242676,-140.314346,40.133766,1537.244873,-262.092896
1916,15.967000,-23.706881,1526.731079,-192.143509,99.788704,1501.650513,-183.125458,2.827114,1520.249146,-140.366638,39.861393,1537.286499,-262.062195
1917,15.975000,-24.220613,1526.680054,-192.396912,99.318970,1502.026855,-182.826370,2.176589,1520.417236,-140.386871,39.616955,1537.344971,-262.010101
1918,15.983000,-24.871264,1526.703003,-192.770035,98.635902,1502.323120,-182.384689,1.403555,1520.491333,-140.503662,39.434864,1537.401855,-261.992920
1919,15.992000,-25.586390,1526.823364,-193.122391,97.795441,1502.320679,-181.838943,0.175654,1520.866211,-140.747131,39.284576,1537.436646,-261.947754
1920,16.000000,-26.214979,1526.896973,-193.546600,96.925064,1502.185547,-181.344330,-0.918262,1521.044800,-141.095749,39.199398,1537.446533,-261.898499
1921,16.008000,-27.023911,1527.086548,-193.887146,96.062065,1502.050049,-180.877243,-1.889550,1521.122314,-141.363464,39.041954,1537.490479,-261.820618
1922,16.017000,-27.754036,1527.171143,-194.156952,95.271568,1501.915039,-180.380768,-2.866326,1521.174316,-141.588623,38.823524,1537.516846,-261.677704
1923,16.025000,-28.403877,1527.165405,-194.236755,94.582275,1501.851196,-179.976791,-3.716253,1521.167725,-141.668045,38.532150,1537.511719,-261.513031
1924,16.033000,-28.950127,1527.033813,-194.120880,94.096016,1501.852417,-179.716705,-4.478927,1521.187500,-141.581116,38.223370,1537.502686,-261.306030
1925,16.042000,-29.371222,1526.802002,-193.861664,93.818192,1501.874268,-179.542511,-4.848812,1520.919067,-141.386658,37.903397,1537.464233,-261.091339
1926,16.050000,-29.808695,1526.569214,-193.542908,93.719994,1501.868774,-179.426102,-5.111535,1520.391602,-141.137665,37.573864,1537.428955,-260.867310
1927,16.058000,-30.184193,1526.315063,-193.252243,93.706253,1501.788452,-179.352249,-5.425401,1519.829224,-140.945648,37.273163,1537.367065,-260.672180
1928,16.067000,-30.292849,1525.896240,-193.354507,93.620293,1501.671631,-179.250580,-5.737971,1519.435791,-140.830185,37.066246,1537.317261,-260.505829
1929,16.075000,-30.412949,1525.684204,-193.578445,93.374809,1501.447021,-179.001511,-6.033029,1518.986084,-140.903427,36.940495,1537.271484,-260.334747
1930,16.083000,-30.729609,1525.670898,-193.758667,92.939621,1501.173462,-178.714615,-6.644890,1519.014526,-141.006104,36.890713,1537.201172,-260.197906
1931,16.092000,-31.238846,1525.776001,-193.978592,92.404961,1500.910645,-178.397629,-7.324092,1518.959717,-141.210907,36.870510,1537.135132,-260.103210
1932,16.100000,-31.685408,1525.829346,-194.328522,91.816505,1500.643677,-177.967224,-8.096388,1518.924805,-141.499405,36.856342,1537.063232,-260.009430
1933,16.108000,-32.123657,1525.936890,-194.611496,91.193665,1500.395264,-177.573456,-8.851863,1518.997070,-141.642258,36.840157,1536.968140,-259.933105
1934,16.117000,-32.562553,1525.994995,-194.716461,90.670662,1500.203369,-177.227905,-9.524671,1519.022827,-141.800278,36.764500,1536.917969,-259.818085
1935,16.125000,-32.979141,1525.975342,-194.700684,90.254623,1500.092529,-176.983322,-10.001599,1518.996460,-141.914917,36.644482,1536.889893,-259.730408
1936,16.133000,-33.355362,1525.871460,-194.647552,89.948837,1500.116211,-176.834366,-10.510822,1518.927490,-141.958618,36.458271,1536.884888,-259.656189
1937,16.142000,-33.355495,1525.295410,-195.109177,89.712616,1500.197144,-176.721527,-10.903947,1518.830322,-141.947845,36.210995,1536.894409,-259.586853
1938,16.150000,-33.788284,1525.131592,-195.077377,89.479073,1500.280151,-176.598129,-11.228705,1518.761475,-141.839050,36.040333,1536.833252,-259.499908
1939,16.158000,-34.188828,1525.080322,-195.029297,89.224915,1500.278320,-176.493927,-11.582234,1518.633667,-141.850967,35.803680,1536.823608,-259.434204
1940,16.167000,-34.617878,1525.124512,-194.918182,88.950348,1500.251343,-176.394455,-11.927421,1518.573364,-141.887772,35.560562,1536.831787,-259.363312
1941,16.175000,-35.037663,1525.132690,-194.817017,88.694649,1500.216919,-176.312790,-12.254488,1518.481812,-141.916550,35.383415,1536.816284,-259.298035
1942,16.183000,-35.435677,1525.180420,-194.687561,88.493912,1500.154907,-176.234802,-12.590021,1518.427856,-141.944275,35.229191,1536.803833,-259.226501
1943,16.192000,-35.662731,1525.160522,-194.699844,88.261803,1500.064697,-176.087280,-12.878662,1518.376465,-142.010178,35.125774,1536.783203,-259.157928
1944,16.200000,-35.751614,1525.245850,-194.853912,87.994095,1499.914307,-175.892303,-13.225462,1518.398438,-142.121078,35.109600,1536.758423,-259.133606
1945,16.208000,-35.828033,1525.362549,-195.129913,87.705231,1499.736450,-175.701859,-13.573629,1518.494629,-142.229553,35.149494,1536.738403,-259.114746
1946,16.217000,-35.941429,1525.495605,-195.413620,87.447578,1499.560791,-175.495529,-14.004807,1518.734009,-142.329117,35.221413,1536.693970,-259.072144
1947,16.225000,-36.062752,1525.634155,-195.618042,87.261581,1499.370117,-175.355865,-14.261562,1518.856567,-142.444733,35.337444,1536.622925,-259.061981
1948,16.233000,-36.148899,1525.774658,-195.735641,87.139244,1499.227051,-175.237610,-14.436581,1518.963867,-142.575928,35.430618,1536.590210,-259.060669
1949,16.242000,-36.218376,1525.835205,-195.761871,87.066788,1499.140503,-175.182251,-14.554798,1518.994995,-142.652649,35.497921,1536.568970,-259.073700
1950,16.250000,-36.246777,1525.799438,-195.723801,87.054138,1499.113159,-175.195740,-14.549201,1518.972046,-142.671646,35.535576,1536.553467,-259.086548
1951,16.258000,-36.197762,1525.711670,-195.622513,87.115189,1499.093018,-175.239059,-14.468165,1518.916504,-142.640015,35.530411,1536.553711,-259.097015
1952,16.267000,-36.079288,1525.608154,-195.517334,87.216545,1499.078491,-175.357452,-14.279405,1518.759277,-142.589172,35.507309,1536.572388,-259.107361
1953,16.275000,-35.970562,1525.469482,-195.489334,87.306114,1499.101440,-175.473312,-14.153724,1518.634644,-142.539902,35.477863,1536.607910,-259.118011
1954,16.283000,-35.875195,1525.361084,-195.533081,87.371483,1499.196411,-175.574081,-14.039377,1518.523438,-142.527954,35.437748,1536.631470,-259.158447
1955,16.292000,-35.824574,1525.335938,-195.621521,87.400505,1499.280640,-175.631943,-13.949640,1518.430420,-142.622818,35.446556,1536.680054,-259.214783
1956,16.300000,-35.821617,1525.434570,-195.711380,87.373947,1499.388916,-175.633499,-14.055281,1518.655396,-142.647263,35.442417,1536.728882,-259.264404
1957,16.308000,-35.894714,1525.608032,-195.810944,87.320015,1499.446045,-175.613403,-14.174651,1518.849731,-142.730438,35.479221,1536.785889,-259.332275
1958,16.317000,-36.020123,1525.811279,-195.923096,87.203751,1499.480713,-175.615326,-14.273385,1519.016235,-142.865967,35.538418,1536.839722,-259.401276
1959,16.325000,-36.124512,1525.954834,-195.987106,87.084457,1499.476440,-175.589310,-14.393034,1519.161255,-142.983612,35.568729,1536.882446,-259.436340
1960,16.333000,-36.175873,1526.050903,-196.023163,86.999863,1499.474365,-175.582047,-14.459044,1519.249634,-143.061996,35.615128,1536.921265,-259.480408
1961,16.342000,-36.200245,1526.041016,-196.022888,86.965996,1499.484253,-175.609070,-14.476667,1519.221680,-143.091522,35.586754,1536.947021,-259.505646
1962,16.350000,-36.192417,1525.958740,-195.977097,87.010185,1499.461670,-175.678558,-14.419571,1519.132324,-143.079025,35.589451,1536.969238,-259.545990
1963,16.358000,-36.154484,1525.837646,-195.919220,87.082413,1499.433960,-175.785767,-14.346555,1518.963989,-143.033127,35.530415,1536.995239,-259.559784
1964,16.367000,-36.109066,1525.698242,-195.877335,87.158600,1499.422729,-175.919083,-14.280498,1518.811646,-143.006516,35.461929,1537.010498,-259.577759
1965,16.375000,-36.093838,1525.604736,-195.913086,87.219856,1499.447388,-176.029678,-14.253050,1518.734741,-143.023529,35.410854,1537.038086,-259.626831
1966,16.383000,-36.106861,1525.593750,-196.022339,87.247131,1499.489624,-176.083084,-14.236059,1518.582642,-143.112747,35.386284,1537.070190,-259.702484
1967,16.392000,-36.144905,1525.656006,-196.164612,87.196693,1499.566895,-176.107346,-14.376420,1518.848389,-143.203705,35.385937,1537.111572,-259.763763
1968,16.400000,-36.212112,1525.791748,-196.298904,87.083328,1499.720703,-176.082474,-14.529601,1519.069946,-143.352982,35.356041,1537.161743,-259.851685
1969,16.408000,-36.324791,1525.936523,-196.376907,86.945137,1499.849487,-176.042847,-14.679467,1519.294678,-143.483566,35.361385,1537.201660,-259.903870
1970,16.417000,-36.450806,1526.154663,-196.433090,86.781960,1500.026611,-175.990433,-14.791888,1519.563843,-143.568100,35.328209,1537.232544,-259.972809
1971,16.425000,-36.559555,1526.317627,-196.404083,86.617630,1500.102661,-175.911591,-14.907723,1519.758057,-143.647797,35.301559,1537.262451,-259.994080
1972,16.433000,-36.624073,1526.433594,-196.321243,86.539932,1500.112793,-175.897400,-14.930364,1519.862549,-143.639938,35.282272,1537.296265,-260.033112
1973,16.442000,-36.656723,1526.463745,-196.196686,86.544670,1500.100220,-175.937286,-14.917204,1519.863525,-143.631866,35.233025,1537.287720,-260.007416
1974,16.450000,-36.649479,1526.400391,-196.047989,86.584099,1499.982788,-175.986145,-14.826671,1519.766235,-143.563660,35.172279,1537.275879,-259.968353
1975,16.458000,-36.617840,1526.285278,-195.919632,86.668861,1499.833740,-176.073181,-14.701882,1519.569092,-143.440750,35.108425,1537.261108,-259.935577
1976,16.467000,-36.568787,1526.080322,-195.797058,86.752350,1499.722656,-176.142410,-14.584658,1519.295288,-143.309998,35.071289,1537.226562,-259.879242
1977,16.475000,-36.492569,1525.867798,-195.769897,86.829269,1499.596069,-176.181137,-14.480412,1519.026001,-143.237900,35.051334,1537.157227,-259.855133
1978,16.483000,-36.412075,1525.686768,-195.836624,86.930115,1499.418457,-176.191513,-14.421692,1518.847168,-143.178619,35.067837,1537.086670,-259.848297
1979,16.492000,-36.284988,1525.564697,-195.917236,87.060349,1499.213013,-176.211731,-14.345272,1518.733154,-143.154938,35.135315,1537.024658,-259.794525
1980,16.500000,-36.197067,1525.508545,-196.008957,87.180077,1499.123047,-176.223755,-14.233237,1518.612915,-143.184250,35.187195,1536.976074,-259.800262
1981,16.508000,-36.112942,1525.481812,-196.044220,87.292770,1499.071411,-176.221451,-14.116673,1518.679321,-143.147781,35.250168,1536.923584,-259.818420
1982,16.517000,-36.011547,1525.488770,-196.009079,87.365799,1499.086060,-176.240997,-13.970721,1518.735229,-143.113815,35.343025,1536.882324,-259.860168
1983,16.525000,-35.919743,1525.519043,-195.914658,87.408638,1499.102173,-176.256607,-13.810120,1518.793823,-143.060501,35.378025,1536.844971,-259.895111
1984,16.533000,-35.826885,1525.547119,-195.808258,87.440636,1499.121582,-176.286179,-13.632315,1518.849243,-143.026062,35.427929,1536.806396,-259.904449
1985,16.542000,-35.771030,1525.604858,-195.768173,87.444122,1499.154663,-176.330353,-13.493968,1518.907104,-143.007141,35.432262,1536.791870,-259.938080
1986,16.550000,-35.721428,1525.622559,-195.739380,87.424835,1499.067017,-176.336929,-13.415007,1518.925659,-142.970810,35.423985,1536.775024,-259.951263
1987,16.558000,-35.695080,1525.613037,-195.754135,87.357765,1498.964355,-176.356689,-13.385542,1518.888062,-142.948120,35.419807,1536.734375,-259.955597
1988,16.567000,-35.692039,1525.536865,-195.751007,87.336555,1498.839722,-176.389832,-13.377669,1518.782471,-142.950226,35.359226,1536.697632,-259.939362
1989,16.575000,-35.690231,1525.467896,-195.746796,87.314529,1498.773560,-176.406937,-13.401073,1518.696045,-142.929962,35.326782,1536.657349,-259.959686
1990,16.583000,-35.688274,1525.443604,-195.742188,87.286270,1498.724487,-176.404236,-13.428514,1518.646729,-142.922318,35.281479,1536.650391,-259.927460
1991,16.592000,-35.696266,1525.385498,-195.679260,87.295296,1498.701294,-176.394241,-13.409223,1518.652710,-142.875504,35.226974,1536.633789,-259.916534
1992,16.600000,-35.707886,1525.390015,-195.600479,87.319473,1498.734253,-176.401947,-13.374798,1518.657349,-142.855072,35.191933,1536.616821,-259.915497
1993,16.608000,-35.718666,1525.394165,-195.512451,87.366692,1498.775024,-176.397369,-13.327950,1518.711914,-142.771378,35.145622,1536.624146,-259.880188
1994,16.617000,-35.706352,1525.376709,-195.430450,87.429993,1498.746826,-176.399796,-13.252819,1518.729736,-142.696045,35.119797,1536.619507,-259.856506
1995,16.625000,-35.691662,1525.337646,-195.396530,87.515770,1498.723145,-176.452423,-13.198992,1518.752930,-142.662308,35.089828,1536.624634,-259.854065
1996,16.633000,-35.617161,1525.275513,-195.329636,87.629913,1498.700806,-176.510849,-13.130639,1518.738403,-142.598083,35.053139,1536.622314,-259.859924
1997,16.642000,-35.534878,1525.199585,-195.309509,87.788528,1498.704346,-176.611877,-13.037275,1518.687378,-142.641129,34.968060,1536.700684,-259.846924
1998,16.650000,-35.430084,1525.123901,-195.261902,87.985512,1498.692627,-176.696259,-12.866720,1518.705933,-142.504333,35.039974,1536.642212,-259.882355
1999,16.658000,-35.256474,1525.065063,-195.203705,88.219612,1498.769165,-176.851044,-12.647931,1518.715332,-142.432968,35.071983,1536.645142,-259.939453
2000,16.667000,-35.044765,1524.985718,-195.196014,88.500534,1498.882812,-176.997238,-12.463803,1518.701294,-142.500717,35.021275,1536.763306,-259.973999
2001,16.675000,-34.794613,1524.955078,-195.183350,88.770020,1498.979370,-177.152664,-12.182256,1518.754517,-142.458054,35.064522,1536.811890,-260.049988
2002,16.683000,-34.555977,1525.019287,-195.139008,88.981880,1499.060425,-177.297302,-11.860165,1518.857300,-142.419266,35.174614,1536.848022,-260.118286
2003,16.692000,-34.342533,1525.064819,-195.081329,89.198326,1499.109253,-177.419846,-11.524309,1518.990234,-142.386597,35.270218,1536.851440,-260.225250
2004,16.700000,-34.096767,1525.164673,-195.007339,89.426651,1499.165039,-177.562256,-11.164447,1519.111328,-142.307800,35.417084,1536.883301,-260.302826
2005,16.708000,-33.552784,1525.132935,-195.052307,89.646393,1499.208984,-177.703186,-10.743289,1519.218628,-142.256607,35.571659,1536.895996,-260.379791
2006,16.717000,-33.377705,1525.421509,-194.679626,89.910553,1499.178223,-177.853638,-10.298429,1519.225464,-142.198853,35.729485,1536.906372,-260.420624
2007,16.725000,-33.235100,1525.596924,-194.226990,90.263321,1499.105957,-178.041672,-9.811168,1519.192993,-142.125275,35.893127,1536.908447,-260.475433
2008,16.733000,-33.155865,1525.570190,-193.799942,90.739296,1499.025513,-178.273514,-9.329337,1519.010010,-141.983978,36.061844,1536.838257,-260.516602
2009,16.742000,-32.968998,1525.308594,-193.491547,91.255409,1498.927368,-178.516510,-8.736275,1518.761719,-141.947464,36.218384,1536.781494,-260.519989
2010,16.750000,-32.629967,1525.014526,-193.314026,91.815132,1498.814697,-178.732239,-8.213429,1518.489258,-141.778656,36.336971,1536.710327,-260.508942
2011,16.758000,-32.183853,1524.715210,-193.230865,92.391380,1498.715698,-178.988770,-7.536629,1518.193359,-141.524490,36.494839,1536.594116,-260.494659
2012,16.767000,-31.576790,1524.439697,-193.091553,92.992043,1498.644897,-179.221603,-6.592878,1517.572632,-141.147217,36.654243,1536.519287,-260.481140
2013,16.775000,-30.815641,1524.119507,-192.913681,93.551796,1498.608521,-179.475311,-6.108451,1517.740845,-140.908463,36.816799,1536.434204,-260.512665
2014,16.783000,-30.129766,1523.895874,-192.850876,94.075912,1498.554443,-179.706299,-5.613568,1517.734985,-140.847794,37.025696,1536.357544,-260.543091
2015,16.792000,-29.750967,1524.010498,-192.588272,94.513412,1498.506836,-179.897308,-5.147788,1517.760986,-140.813751,37.199909,1536.308838,-260.591949
2016,16.800000,-29.509457,1524.141968,-192.364990,94.863640,1498.458618,-180.026688,-4.741324,1517.863525,-140.766342,37.424763,1536.242065,-260.645447
2017,16.808000,-29.296911,1524.253540,-192.255325,95.118256,1498.448242,-180.103287,-4.358738,1518.005249,-140.741028,37.663868,1536.225586,-260.671753
2018,16.817000,-29.017570,1524.310059,-192.194901,95.384293,1498.350464,-180.186874,-3.967861,1518.094604,-140.724472,37.868275,1536.162231,-260.715942
2019,16.825000,-28.609734,1524.267212,-192.117508,95.686722,1498.223145,-180.366959,-3.349566,1517.717896,-140.706497,38.048752,1536.098755,-260.760040
2020,16.833000,-28.119545,1524.074219,-191.922195,96.121552,1498.163818,-180.618301,-2.790596,1517.571899,-140.563797,38.178898,1536.041626,-260.767059
2021,16.842000,-27.669924,1523.759155,-191.716339,96.674080,1498.169067,-180.912704,-2.189969,1517.264038,-140.494553,38.274689,1535.985352,-260.771851
2022,16.850000,-27.197630,1523.461426,-191.425415,97.264359,1498.153931,-181.201019,-1.529306,1517.002075,-140.358398,38.344452,1535.925171,-260.766907
2023,16.858000,-26.654600,1523.161255,-191.154633,97.813385,1498.118652,-181.521408,-0.935123,1516.790283,-140.235077,38.419529,1535.888916,-260.759827
2024,16.867000,-26.259212,1523.087891,-190.881195,98.341408,1498.119019,-181.818192,-0.409340,1516.766113,-140.034119,38.530746,1535.822998,-260.767822
2025,16.875000,-26.000225,1523.217529,-190.445541,98.804214,1498.045166,-182.037628,0.222161,1516.671265,-139.932327,38.673733,1535.765991,-260.792999
2026,16.883000,-25.757673,1523.243408,-190.213593,99.205475,1497.941284,-182.222946,0.786619,1516.672852,-139.867279,38.894360,1535.701904,-260.845825
2027,16.892000,-25.436571,1523.292114,-190.195526,99.558479,1497.860718,-182.371796,1.242274,1516.731689,-139.853302,39.107826,1535.632080,-260.899933
2028,16.900000,-25.024666,1523.289185,-190.254242,99.886581,1497.751953,-182.519226,1.604007,1516.841431,-139.734299,39.302151,1535.578613,-260.969757
2029,16.908000,-24.519308,1523.252075,-190.252930,100.206062,1497.686890,-182.719681,2.046096,1516.954956,-139.803360,39.502083,1535.513550,-261.043396
2030,16.917000,-23.962534,1523.130127,-190.191406,100.521515,1497.669800,-182.898560,2.522311,1517.000977,-139.791397,39.712551,1535.464355,-261.120148
2031,16.925000,-23.137016,1522.724243,-190.279587,100.905243,1497.692383,-183.118301,2.991970,1516.976929,-139.734070,39.897945,1535.402832,-261.220276
2032,16.933000,-22.822836,1522.750000,-189.956543,101.305603,1497.681641,-183.359634,3.465384,1516.984741,-139.586044,40.067867,1535.338135,-261.263763
2033,16.942000,-22.514172,1522.620728,-189.703629,101.738113,1497.590210,-183.672760,4.042367,1516.883545,-139.477081,40.190018,1535.276001,-261.305573
2034,16.950000,-22.154228,1522.420532,-189.507477,102.190002,1497.548584,-184.003235,4.650829,1516.722656,-139.331772,40.330387,1535.208130,-261.348938
2035,16.958000,-21.907398,1522.345459,-189.235168,102.630028,1497.443359,-184.233124,5.325667,1516.494263,-139.215820,40.467186,1535.144531,-261.375519
2036,16.967000,-21.579418,1522.287476,-189.054047,102.992950,1497.288086,-184.426971,5.979797,1516.384888,-139.086121,40.642879,1535.100342,-261.406830
2037,16.975000,-21.115107,1522.231445,-188.959839,103.272751,1497.134155,-184.581985,6.509593,1516.424927,-139.025925,40.825104,1535.047607,-261.435822
2038,16.983000,-20.619434,1522.199585,-188.911591,103.524529,1497.034546,-184.678696,7.074703,1516.083618,-139.071198,40.985786,1534.990967,-261.471497
2039,16.992000,-20.241875,1522.223389,-188.861679,103.695343,1497.022949,-184.750580,7.414798,1516.206543,-139.033051,41.154976,1534.949341,-261.529144
2040,17.000000,-20.030361,1522.263916,-188.851440,103.858879,1497.027588,-184.809158,7.734663,1516.372192,-138.985321,41.256058,1534.893921,-261.564301
2041,17.008000,-19.756269,1522.370117,-188.782700,104.098099,1497.037231,-184.912094,8.101810,1516.568481,-138.848938,41.393341,1534.882568,-261.573395
2042,17.017000,-19.441469,1522.426514,-188.638321,104.383888,1497.054565,-185.068481,8.561053,1516.701538,-138.752869,41.519169,1534.860840,-261.576874
2043,17.025000,-19.083223,1522.444458,-188.409058,104.758331,1497.039307,-185.287048,8.822329,1517.149048,-138.571747,41.651012,1534.827148,-261.590088
2044,17.033000,-18.640081,1522.381958,-188.143036,105.219147,1497.041748,-185.585312,9.050262,1517.462402,-138.505630,41.799816,1534.766846,-261.576477
2045,17.042000,-18.127029,1522.201050,-187.809372,105.723686,1497.042358,-185.987701,9.370740,1517.579834,-138.534378,41.902035,1534.734863,-261.591461
2046,17.050000,-17.496691,1521.968262,-187.547058,106.303909,1497.041748,-186.480530,9.914072,1517.482178,-138.546936,41.980598,1534.709961,-261.630951
2047,17.058000,-16.899141,1521.782715,-187.300461,107.002289,1497.437744,-186.658661,10.977725,1516.699219,-138.247498,42.127583,1534.663818,-261.661713
2048,17.067000,-16.238379,1521.677124,-187.129761,107.598808,1497.718506,-186.899719,12.729569,1516.129517,-138.113785,42.351963,1534.629761,-261.732117
2049,17.075000,-15.543648,1521.523682,-187.230621,108.056648,1497.664062,-187.171829,13.482751,1516.109741,-138.156952,42.614986,1534.597656,-261.850769
2050,17.083000,-15.036201,1521.541138,-187.214752,108.438354,1497.400879,-187.450073,14.088412,1516.229126,-138.167694,42.906235,1534.546997,-261.990631
2051,17.092000,-14.596966,1521.794678,-187.189377,108.793289,1497.095337,-187.790817,14.501253,1516.679932,-138.123703,43.128788,1534.550293,-262.144928
2052,17.100000,-14.098186,1522.019043,-187.142822,109.144791,1496.915405,-188.138336,14.894822,1517.096069,-138.157135,43.428593,1534.533447,-262.313965
2053,17.108000,-13.520611,1522.195435,-187.055664,109.654358,1496.616211,-188.742508,15.301626,1517.519287,-138.246628,43.715527,1534.523804,-262.454956
2054,17.117000,-12.946008,1522.335449,-186.867081,110.486595,1496.727783,-189.236176,16.374109,1517.170898,-138.283630,43.984276,1534.531372,-262.557404
2055,17.125000,-12.274217,1522.317505,-186.662918,111.305817,1497.024902,-189.555801,17.703945,1517.009644,-138.203110,44.154423,1534.560181,-262.661011
2056,17.133000,-11.607653,1522.354980,-186.301605,112.016060,1497.253418,-190.024094,18.622583,1517.027710,-138.125885,44.311749,1534.593628,-262.699341
2057,17.142000,-10.604498,1522.003052,-186.092529,112.715027,1497.395630,-190.532761,19.342503,1517.216553,-137.960205,44.537014,1534.419678,-262.919495
2058,17.150000,-9.965126,1522.168945,-185.661240,113.353218,1497.418457,-190.945572,19.978485,1517.320312,-137.875839,44.825085,1534.354004,-262.964233
2059,17.158000,-9.251360,1522.248169,-185.496140,113.805084,1497.334961,-191.190765,20.852930,1517.110107,-137.785965,45.101418,1534.255005,-263.038971
2060,17.167000,-8.530549,1522.368530,-185.418839,114.151184,1497.080200,-191.340546,22.044809,1516.896240,-137.850784,45.395966,1534.204102,-263.060211
2061,17.175000,-7.994042,1522.519287,-185.379776,114.427132,1496.753784,-191.491699,22.700024,1516.943481,-137.832901,45.784714,1534.150269,-263.133148
2062,17.183000,-7.486246,1522.605225,-185.303619,114.854759,1496.132080,-192.044907,23.208323,1516.968140,-137.810501,46.100872,1534.085815,-263.153015
2063,17.192000,-7.060772,1522.496582,-185.443771,115.254097,1495.752808,-192.534409,23.667858,1517.010620,-137.758270,46.375782,1534.024902,-263.175446
2064,17.200000,-6.275360,1522.323242,-185.423904,115.633675,1495.565674,-192.845245,24.080463,1517.168091,-137.666122,46.658264,1533.989380,-263.175140
2065,17.208000,-5.718331,1522.575684,-184.979843,115.997711,1495.439575,-193.049438,24.730167,1516.895874,-137.608902,46.924866,1533.923584,-263.153137
2066,17.217000,-5.001169,1522.514648,-184.718246,116.549774,1495.391235,-193.333038,25.673084,1516.881714,-137.608170,47.174637,1533.729004,-263.251434
2067,17.225000,-4.253950,1522.314819,-184.469803,117.232033,1495.339844,-193.689178,26.537682,1516.907959,-137.478333,47.416874,1533.653687,-263.270966
2068,17.233000,-3.484163,1522.180664,-184.112656,117.935646,1495.166870,-194.149399,27.921864,1516.240234,-137.378464,47.672924,1533.584106,-263.301758
2069,17.242000,-2.618114,1522.032715,-183.767395,118.618210,1494.945312,-194.727921,28.920877,1516.356079,-137.201324,47.996365,1533.530029,-263.320679
2070,17.250000,-1.776440,1521.860352,-183.539993,119.261147,1494.703857,-195.327011,29.706659,1516.426025,-137.149460,48.338539,1533.472656,-263.359283
2071,17.258000,-1.154657,1521.812988,-183.347214,119.822853,1494.585938,-195.877640,30.405300,1516.509277,-137.154572,48.635941,1533.421753,-263.413635
2072,17.267000,-0.562581,1521.719360,-183.218170,120.269897,1494.496216,-196.310989,31.588833,1515.880615,-137.158707,48.806786,1533.398926,-263.399048
2073,17.275000,-0.028366,1521.696411,-183.145569,120.728310,1494.432739,-196.610794,32.496666,1515.695923,-137.177444,49.037006,1533.382202,-263.403870
2074,17.283000,0.490896,1521.702148,-183.096100,121.162857,1494.362427,-196.790726,33.077248,1515.734985,-137.195847,49.309639,1533.342529,-263.410797
2075,17.292000,0.971626,1521.698730,-183.080826,121.560898,1494.218262,-196.946609,33.577442,1515.809326,-137.228241,49.567497,1533.323364,-263.378571
2076,17.300000,1.440875,1521.735352,-183.049393,121.949028,1494.085693,-197.202988,33.758923,1516.334473,-137.119003,49.805389,1533.292847,-263.420746
2077,17.308000,1.964558,1521.734985,-182.958694,122.434395,1493.990356,-197.589584,33.982403,1516.686523,-137.262070,50.014076,1533.281372,-263.422424
2078,17.317000,2.519825,1521.762573,-182.763641,123.033516,1493.909180,-198.128860,34.431862,1516.901123,-137.403168,50.227722,1533.289917,-263.436584
2079,17.325000,3.113628,1521.790039,-182.537537,123.641357,1493.833618,-198.672348,35.057297,1517.096436,-137.499573,50.417957,1533.286255,-263.507050
2080,17.333000,3.858573,1521.695435,-182.349091,124.237106,1493.838257,-199.336838,36.255463,1516.516968,-137.339661,50.593037,1533.268066,-263.588928
2081,17.342000,4.591069,1521.701904,-182.076447,124.882729,1493.923096,-200.033218,38.223831,1515.959106,-137.228745,50.768387,1533.262695,-263.692383
2082,17.350000,5.363774,1521.587891,-181.879166,125.543091,1494.011963,-200.718903,39.264000,1516.128540,-137.197311,50.918571,1533.265503,-263.787354
2083,17.358000,6.089930,1521.536499,-181.749420,126.202118,1494.128418,-201.509079,40.031570,1516.303711,-137.219833,51.084435,1533.281982,-263.907043
2084,17.367000,6.740328,1521.521118,-181.645569,126.703949,1494.229248,-202.075378,40.668922,1516.483643,-137.323807,51.274395,1533.274658,-264.075623
2085,17.375000,7.372502,1521.547119,-181.646896,127.093552,1494.297241,-202.450363,41.925518,1515.997681,-137.586685,51.490520,1533.291992,-264.277039
2086,17.383000,7.897606,1521.652710,-181.729736,127.421867,1494.296021,-202.848190,42.800934,1515.953003,-137.799713,51.780037,1533.322388,-264.494507
2087,17.392000,8.415777,1521.761963,-181.833389,127.758461,1494.308350,-203.165482,43.331886,1516.170532,-137.942474,52.022675,1533.333496,-264.692719
2088,17.400000,8.910750,1521.948853,-181.933746,128.171722,1494.355957,-203.535980,43.529747,1516.826782,-137.971558,52.279900,1533.355713,-264.892395
2089,17.408000,9.454813,1522.067627,-181.947311,128.576233,1494.421753,-204.028229,43.720844,1517.336548,-138.218155,52.517780,1533.399048,-265.111847
2090,17.417000,10.073322,1522.121704,-181.956299,129.072006,1494.451416,-204.578476,44.111427,1517.610718,-138.518829,52.754562,1533.443115,-265.293335
2091,17.425000,10.651639,1522.162354,-181.838959,129.654922,1494.506592,-205.213486,45.174793,1517.242065,-138.609390,52.985672,1533.496460,-265.445160
2092,17.433000,11.508198,1522.089355,-181.722565,130.325546,1494.632080,-205.924576,47.127888,1516.903076,-138.580307,53.150600,1533.536987,-265.590912
2093,17.442000,12.459482,1521.990723,-181.616699,131.032883,1494.805542,-206.632675,48.273640,1517.207031,-138.601257,53.330978,1533.604614,-265.734558
2094,17.450000,13.284918,1521.958252,-181.463028,131.644806,1495.070312,-207.245789,49.052635,1517.468628,-138.687622,53.483398,1533.676514,-265.902466
2095,17.458000,14.196042,1522.001831,-181.371872,132.261719,1495.291870,-207.920349,50.627728,1517.055054,-138.964066,53.658981,1533.717773,-266.045380
2096,17.467000,14.979608,1522.050293,-181.224564,132.903687,1495.390869,-208.682129,52.159389,1516.869629,-139.174713,53.885395,1533.726318,-266.203796
2097,17.475000,15.830820,1522.067383,-181.193710,133.485886,1495.479004,-209.380493,52.946552,1517.352173,-139.200134,54.163261,1533.715210,-266.396149
2098,17.483000,16.687267,1522.206909,-181.187958,133.972473,1495.658813,-209.928864,53.466846,1517.827148,-139.268417,54.442574,1533.725220,-266.605560
2099,17.492000,17.451324,1522.426880,-181.194946,134.433807,1495.786987,-210.368698,54.747868,1517.555176,-139.632874,54.721142,1533.727539,-266.877441
2100,17.500000,18.195908,1522.702148,-181.227814,134.866791,1495.850830,-210.772827,56.103249,1517.490112,-140.019882,55.051476,1533.756836,-267.169861
2101,17.508000,18.984640,1523.028809,-181.328979,135.376099,1495.912598,-211.301468,56.875751,1518.030884,-140.110641,55.388306,1533.783813,-267.449188
2102,17.517000,19.919401,1523.255005,-181.421127,136.029694,1495.905273,-212.087570,57.806080,1518.486328,-140.284378,55.751839,1533.807129,-267.732635
2103,17.525000,20.877256,1523.402588,-181.402939,136.728943,1495.954224,-212.978149,59.266628,1518.297485,-140.720520,56.053905,1533.869995,-267.978973
2104,17.533000,21.818560,1523.293701,-181.266800,137.412186,1496.132812,-213.814423,60.641903,1518.156006,-141.029892,56.280666,1533.906738,-268.190918
2105,17.542000,22.567923,1523.139893,-181.095688,138.098450,1496.449463,-214.642456,61.658886,1518.345093,-140.983444,56.464787,1533.958130,-268.364197
2106,17.550000,23.325699,1522.943237,-181.038223,138.770370,1496.736816,-215.392715,62.491409,1518.339478,-141.006516,56.633953,1533.986938,-268.485992
2107,17.558000,24.142361,1522.711548,-181.057571,139.394867,1496.788818,-216.248489,63.812309,1517.861328,-141.429642,56.812366,1533.988403,-268.627136
2108,17.567000,24.811726,1522.658081,-181.070740,139.931931,1496.856079,-217.023529,64.838570,1517.665039,-141.820648,56.992371,1534.017822,-268.802582
2109,17.575000,25.497517,1522.750610,-181.127182,140.492432,1496.963745,-217.551407,65.454964,1517.981934,-141.865112,57.225498,1534.049438,-268.966675
2110,17.583000,26.183725,1522.982300,-181.094879,140.895523,1497.015137,-218.045258,66.242851,1518.373901,-141.991119,57.482216,1534.079346,-269.183472
2111,17.592000,26.789850,1523.387695,-181.021347,141.231247,1497.091431,-218.466644,67.054977,1518.927246,-142.231674,57.786034,1534.143921,-269.415863
2112,17.600000,27.549982,1523.844849,-180.962631,141.559204,1497.051025,-218.695221,68.281242,1519.177856,-142.574936,58.085800,1534.213501,-269.615906
2113,17.608000,28.290710,1524.087891,-181.065659,141.951172,1497.171997,-218.968521,69.335205,1519.423584,-142.794403,58.346268,1534.292114,-269.818237
2114,17.617000,28.924820,1524.126953,-181.061783,142.333954,1497.349243,-219.395966,70.139549,1519.552856,-142.923569,58.481892,1534.334839,-269.964508
2115,17.625000,29.576660,1524.057251,-181.020767,142.744034,1497.601685,-220.012299,70.876740,1519.554199,-143.066254,58.596840,1534.417236,-270.099152
2116,17.633000,30.200287,1523.892944,-181.005798,143.032196,1497.653931,-220.686600,71.605354,1519.516357,-143.181168,58.718372,1534.431396,-270.205719
2117,17.642000,30.750286,1523.730957,-180.981110,143.452454,1497.593140,-221.429306,72.583519,1519.281494,-143.407883,58.832767,1534.447876,-270.306580
2118,17.650000,31.303268,1523.596069,-180.946564,143.835556,1497.560181,-221.991669,73.205627,1519.050781,-143.805557,58.970131,1534.467285,-270.414520
2119,17.658000,31.808794,1523.415649,-181.011475,144.255035,1497.474854,-222.506332,73.799950,1518.885132,-143.999908,59.070496,1534.577026,-270.453522
2120,17.667000,32.420258,1523.333618,-181.053284,144.602142,1497.345459,-222.968445,74.429962,1518.770874,-144.169159,59.290131,1534.590210,-270.561829
2121,17.675000,33.112225,1523.374878,-181.088913,144.966843,1497.167114,-223.542267,75.233772,1518.758789,-144.370224,59.570881,1534.587769,-270.747528
2122,17.683000,33.896534,1523.467896,-181.151978,145.465134,1496.999634,-224.090317,76.329941,1518.934814,-144.479263,59.871552,1534.587524,-270.935608
2123,17.692000,34.648762,1523.631714,-181.158554,145.988358,1496.968872,-224.659302,77.558647,1519.063110,-144.719711,60.138927,1534.597046,-271.107056
2124,17.700000,35.445068,1523.740356,-181.130905,146.582748,1497.042969,-225.092819,78.279930,1519.066895,-145.155487,60.352333,1534.594238,-271.223633
2125,17.708000,36.184532,1523.705444,-181.099106,147.310150,1497.302368,-225.599579,79.193993,1519.083984,-145.411758,60.525597,1534.607056,-271.313049
2126,17.717000,36.939545,1523.505615,-181.008286,147.765793,1497.524658,-226.275040,80.258461,1518.941040,-145.668777,60.638260,1534.617798,-271.369232
2127,17.725000,37.628353,1523.263794,-180.994736,148.138763,1497.595337,-226.984985,81.296097,1518.616699,-145.822098,60.759865,1534.625244,-271.421814
2128,17.733000,38.278904,1523.084106,-181.065231,148.493439,1497.601562,-227.532898,81.843941,1518.369019,-145.932816,60.898598,1534.598389,-271.514191
2129,17.742000,38.747509,1522.985107,-181.093384,148.897491,1497.560669,-227.943634,82.461670,1518.205811,-146.132202,61.094463,1534.591675,-271.625275
2130,17.750000,39.305130,1522.964722,-181.208847,149.323822,1497.568726,-228.347107,83.285980,1518.156738,-146.579346,61.334236,1534.579102,-271.862000
2131,17.758000,39.868469,1523.059570,-181.285919,149.728973,1497.625244,-228.956909,84.104050,1518.229614,-146.893005,61.627201,1534.577881,-272.139191
2132,17.767000,40.672493,1523.325806,-181.445648,150.187286,1497.681396,-229.634872,84.832787,1518.515747,-147.023376,61.926563,1534.593262,-272.423737
2133,17.775000,41.569321,1523.663696,-181.588699,150.715210,1497.704346,-230.380859,85.778587,1518.949463,-147.261536,62.299347,1534.631470,-272.742767
2134,17.783000,42.584049,1523.980957,-181.679642,151.289673,1497.681152,-231.088715,87.033539,1519.380859,-147.747208,62.698044,1534.666626,-273.052704
2135,17.792000,43.784328,1524.343750,-181.800720,151.820160,1497.696899,-231.779144,88.478722,1519.683594,-148.125793,62.984615,1534.723389,-273.344238
2136,17.800000,44.823978,1524.317993,-181.810577,152.414169,1497.850952,-232.456451,89.900307,1519.660034,-148.581818,63.225037,1534.794067,-273.415771
2137,17.808000,45.822830,1523.907837,-181.765564,153.161011,1498.302246,-233.769241,91.092117,1519.394165,-149.009995,63.317844,1534.820679,-273.461487
2138,17.817000,46.627956,1523.483276,-181.781754,153.849594,1498.619751,-234.920349,92.366600,1519.020142,-149.376312,63.445644,1534.798096,-273.537933
2139,17.825000,47.487583,1523.121460,-181.835297,154.277328,1498.653564,-235.723434,93.381966,1518.701294,-149.569458,63.627541,1534.743408,-273.664703
2140,17.833000,48.331676,1522.856323,-181.942444,154.731842,1498.655640,-236.340546,94.193260,1518.398682,-149.833252,63.772686,1534.716187,-273.825165
2141,17.842000,49.043655,1522.683960,-182.077728,155.142685,1498.564453,-236.961945,94.977432,1518.135254,-150.138443,64.014420,1534.631226,-274.030518
2142,17.850000,49.740559,1522.629028,-182.219223,155.589386,1498.352661,-237.560211,95.797707,1517.982422,-150.424240,64.367104,1534.570557,-274.228394
2143,17.858000,50.426598,1522.728027,-182.306839,156.024261,1498.083618,-238.220184,96.660225,1517.955444,-150.795395,64.729691,1534.510986,-274.491852
2144,17.867000,51.186031,1522.968994,-182.358276,156.492722,1497.789429,-238.947891,97.704498,1518.119019,-151.222107,65.150864,1534.466675,-274.738556
2145,17.875000,52.190540,1523.234863,-182.456757,156.972305,1497.643433,-239.622589,98.837242,1518.531006,-151.595444,65.535362,1534.454102,-275.068604
2146,17.883000,53.539719,1523.389038,-182.662933,157.495834,1497.632202,-240.388428,100.124825,1518.865479,-151.954590,65.896828,1534.486938,-275.304932
2147,17.892000,54.811317,1523.600952,-182.712784,158.037720,1497.820923,-241.400085,101.604820,1519.168091,-152.347794,66.173676,1534.540283,-275.508667
2148,17.900000,56.051632,1523.837891,-182.597290,158.641434,1498.140015,-242.489441,103.771233,1519.462524,-153.225937,66.442719,1534.576904,-275.695831
2149,17.908000,57.357483,1523.738159,-182.632446,159.251068,1498.487549,-243.800339,105.477470,1519.387939,-154.028885,66.610466,1534.599487,-275.837067
2150,17.917000,58.748760,1523.428223,-182.876465,159.742126,1498.707397,-244.939819,107.215866,1519.379150,-154.764557,66.768181,1534.617188,-275.962097
2151,17.925000,59.794868,1523.232178,-182.865158,160.179230,1498.792725,-245.953583,108.689590,1519.093628,-155.383682,66.973442,1534.595093,-276.064850
2152,17.933000,60.785210,1523.031006,-182.924713,160.620926,1498.732300,-246.841187,109.947357,1518.872314,-155.807175,67.230408,1534.563110,-276.243408
2153,17.942000,61.822678,1522.805542,-183.096786,161.177185,1498.588501,-247.811523,111.103340,1518.625610,-156.301956,67.533440,1534.495361,-276.420807
2154,17.950000,62.767582,1522.631592,-183.329239,161.788193,1498.393555,-248.746445,112.570541,1518.413940,-157.038788,67.841537,1534.411621,-276.619568
2155,17.958000,63.919746,1522.491211,-183.586868,162.425140,1498.185059,-249.631943,114.055099,1517.828979,-158.090912,68.205673,1534.373047,-276.841187
2156,17.967000,65.026237,1522.374634,-183.723709,163.012344,1498.088379,-250.379059,115.343155,1517.665161,-158.687622,68.577492,1534.324463,-277.086304
2157,17.975000,66.272858,1522.275391,-183.908752,163.565002,1498.100220,-251.214386,116.995369,1517.624146,-159.339584,68.951965,1534.296509,-277.331024
2158,17.983000,67.604599,1522.072876,-184.131134,164.227524,1498.175903,-252.552002,118.619957,1517.405151,-160.176971,69.365669,1534.163940,-277.671997
2159,17.992000,69.166039,1521.700317,-184.386215,164.906204,1498.364990,-253.984573,120.475929,1517.180542,-161.043747,69.752487,1534.060913,-277.987457
2160,18.000000,70.765564,1521.323486,-184.517685,165.518341,1498.679077,-255.171448,122.383041,1516.861694,-161.924194,70.200089,1533.865479,-278.335846
2161,18.008000,72.324997,1520.884888,-184.658905,166.222977,1499.030151,-256.471771,124.339401,1516.560425,-162.778305,70.517769,1533.801514,-278.492065
2162,18.017000,73.894333,1520.399048,-184.936371,166.929871,1499.417480,-258.086823,126.173752,1516.188965,-163.739212,70.814796,1533.765869,-278.643127
2163,18.025000,75.330353,1519.993896,-185.253784,167.604721,1499.707520,-259.600372,127.812950,1515.790039,-164.591156,71.048721,1533.879517,-278.616394
2164,18.033000,76.613358,1519.757202,-185.490463,168.182343,1499.829224,-260.839661,129.466675,1515.560547,-165.380539,71.368332,1533.870117,-278.769318
2165,18.042000,77.840088,1519.652222,-185.816727,168.786789,1499.744507,-261.781128,130.587814,1515.952026,-165.973846,71.883186,1533.633179,-279.217346
2166,18.050000,79.021767,1519.534790,-186.233368,169.499008,1499.680420,-262.621735,131.687286,1516.020142,-166.771317,72.266304,1533.582764,-279.486206
2167,18.058000,80.051743,1519.463501,-186.544739,170.142899,1499.770752,-263.594543,132.855896,1515.923462,-167.450470,72.658104,1533.584351,-279.755035
2168,18.067000,81.014626,1519.371704,-186.810242,170.631790,1499.904663,-264.544586,134.372025,1515.472778,-167.985703,72.987106,1533.588501,-280.002808
2169,18.075000,82.130669,1519.182983,-187.057434,171.002045,1499.962158,-265.479645,135.546600,1515.297729,-168.797104,73.323181,1533.602417,-280.207214
2170,18.083000,83.315437,1518.961426,-187.482224,171.407776,1500.131226,-266.541992,136.901886,1515.067871,-169.609970,73.575180,1533.623413,-280.448303
2171,18.092000,84.542213,1518.720947,-187.904007,171.852707,1500.496582,-267.703552,138.286209,1514.798462,-170.498764,73.782784,1533.641479,-280.631287
2172,18.100000,85.673241,1518.535278,-188.188461,172.385574,1500.888062,-268.869293,139.622726,1514.737915,-171.398071,73.973465,1533.703491,-280.862701
2173,18.108000,86.736176,1518.389282,-188.469055,172.775375,1501.266357,-270.032196,140.917236,1514.765381,-172.338165,74.187302,1533.744385,-281.134796
2174,18.117000,87.910629,1518.393555,-188.888870,173.016541,1501.555420,-271.193054,142.022812,1515.037109,-173.341187,74.410522,1533.846069,-281.425201
2175,18.125000,88.934402,1518.455078,-189.267227,173.205719,1501.894043,-272.289246,142.991104,1515.392578,-174.171661,74.592285,1533.933105,-281.698578
2176,18.133000,89.835205,1518.492432,-189.554855,173.417419,1502.044067,-273.411163,144.190170,1515.240967,-174.759094,74.769348,1534.019409,-281.966339
2177,18.142000,90.604134,1518.533813,-189.905899,173.718796,1502.002563,-274.478912,145.113159,1515.216064,-175.472595,74.968758,1534.095703,-282.271912
2178,18.150000,91.330505,1518.452759,-190.277512,174.030258,1501.855469,-275.301453,146.051422,1515.095581,-176.229431,75.157364,1534.140137,-282.533295
2179,18.158000,92.199165,1518.239624,-190.742538,174.311890,1501.664795,-276.041962,146.980057,1514.875000,-176.980377,75.385612,1534.126587,-282.755219
2180,18.167000,93.141495,1517.944092,-191.193100,174.586365,1501.512573,-276.669556,147.861526,1514.605103,-177.713684,75.552933,1534.136475,-282.945496
2181,18.175000,94.100487,1517.591553,-191.484528,174.419800,1501.481323,-278.094147,148.911041,1514.239014,-178.503021,75.733902,1534.137329,-283.095825
2182,18.183000,95.145592,1517.220947,-191.728622,174.607391,1501.627930,-279.178253,150.200104,1513.786865,-179.534531,75.947800,1534.137329,-283.288513
2183,18.192000,96.348030,1516.936523,-192.050537,175.157440,1501.901245,-279.813812,151.442444,1513.499756,-180.517548,76.146820,1534.129883,-283.509460
2184,18.200000,97.743004,1516.601196,-192.908569,175.712952,1502.218262,-280.771576,152.830093,1513.399780,-181.565536,76.200516,1534.290894,-283.606964
2185,18.208000,98.988182,1516.479736,-193.472656,176.117798,1502.600098,-281.985443,154.181320,1513.319092,-182.579025,76.314919,1534.442871,-283.801788
2186,18.217000,100.115028,1516.486694,-193.924408,175.886475,1503.106812,-284.109467,155.485062,1513.302124,-183.738861,76.511971,1534.465698,-284.078430
2187,18.225000,101.389801,1516.261719,-194.704849,175.986267,1503.607056,-285.745026,156.755249,1513.345215,-184.883972,76.753456,1534.500977,-284.372528
2188,18.233000,102.533234,1516.302734,-195.199280,176.130295,1503.972778,-286.926727,157.869980,1513.289917,-185.934082,76.921204,1534.561279,-284.657501
2189,18.242000,103.514717,1516.256836,-195.703857,176.394485,1504.103882,-288.024811,158.971100,1513.133911,-186.985397,77.094612,1534.657471,-284.924866
2190,18.250000,104.412491,1516.209473,-196.155182,176.606689,1504.200928,-289.204346,160.022385,1512.896484,-188.104126,77.433792,1534.604736,-285.436676
2191,18.258000,105.413841,1516.062256,-196.746506,176.788040,1504.341431,-290.313873,161.079697,1512.702881,-189.072037,77.736061,1534.619629,-285.803345
2192,18.267000,106.436218,1515.928955,-197.307144,176.996140,1504.547119,-291.380524,162.228165,1512.502563,-190.124924,77.977371,1534.690430,-286.146515
2193,18.275000,107.465866,1515.911743,-197.858917,177.216843,1504.734009,-292.460541,163.317383,1512.411987,-191.169357,78.237396,1534.748291,-286.480377
2194,18.283000,108.675179,1515.840332,-198.553467,177.405289,1504.905151,-293.624207,164.624268,1512.392212,-192.536896,78.513138,1534.813721,-286.874176
2195,18.292000,109.691528,1515.813110,-199.177429,177.613541,1505.105713,-294.789551,165.783234,1512.374146,-193.735031,78.794640,1534.848999,-287.246826
2196,18.300000,110.731300,1515.818726,-199.765106,177.855453,1505.234619,-296.081787,166.901901,1512.423096,-194.810059,79.036171,1534.916138,-287.602325
2197,18.308000,111.881996,1515.814453,-200.455048,178.046951,1505.461304,-297.396393,168.165649,1512.443970,-196.128998,79.259804,1534.998535,-287.897705
2198,18.317000,113.023018,1515.733643,-201.089081,178.207642,1505.678101,-298.692291,169.254486,1512.368286,-197.318329,79.500107,1535.098389,-288.187012
2199,18.325000,114.041061,1515.607422,-201.757767,178.368179,1505.906982,-299.939911,170.411880,1512.337891,-198.565765,79.702103,1535.210815,-288.496918
2200,18.333000,115.086273,1515.591064,-202.427109,178.553467,1506.174683,-301.131989,171.542068,1512.259155,-199.789185,79.906639,1535.306519,-288.816101
2201,18.342000,116.127106,1515.555054,-203.055374,178.704376,1506.309448,-302.213593,172.446625,1512.248779,-200.905151,80.116371,1535.388428,-289.120544
2202,18.350000,117.013458,1515.563477,-203.591614,178.937408,1506.477295,-303.139282,173.422852,1512.213989,-202.016235,80.347549,1535.455444,-289.457214
2203,18.358000,117.840279,1515.673584,-204.155167,179.157059,1506.636597,-304.020386,174.309677,1512.256836,-203.041443,80.595345,1535.546387,-289.822113
2204,18.367000,118.718513,1515.810669,-204.781418,179.356308,1506.762817,-304.920288,175.114197,1512.387939,-203.949356,80.879944,1535.625977,-290.191681
2205,18.375000,119.511124,1515.976074,-205.420105,179.489182,1506.829590,-305.748016,175.920258,1512.509033,-204.897995,81.149040,1535.704224,-290.591461
2206,18.383000,120.229439,1516.109497,-206.003494,179.648819,1506.869385,-306.474915,176.728836,1512.506958,-205.935806,81.417320,1535.769409,-290.959381
2207,18.392000,121.054840,1516.176880,-206.632019,179.816711,1507.014771,-307.224823,177.491028,1512.506836,-206.951828,81.645248,1535.813843,-291.344055
2208,18.400000,121.870117,1516.198608,-207.305038,179.884888,1507.192749,-308.144257,178.334793,1512.516968,-207.936417,81.904404,1535.832520,-291.744873
2209,18.408000,122.854408,1516.155273,-208.068237,180.000031,1507.431519,-309.167084,179.303223,1512.451416,-209.112381,82.123009,1535.885742,-292.121002
2210,18.417000,123.742897,1516.057861,-208.711136,180.149261,1507.723633,-310.308258,180.194427,1512.407593,-210.272690,82.354088,1535.956177,-292.427368
2211,18.425000,124.693291,1515.951050,-209.460648,180.319153,1508.033325,-311.484344,181.088547,1512.285889,-211.548981,82.563866,1535.995728,-292.734985
2212,18.433000,125.700417,1515.846680,-210.264114,180.360718,1508.474487,-312.677155,182.071396,1512.181641,-212.850998,82.746857,1536.092896,-293.027435
2213,18.442000,126.703621,1515.866699,-210.971863,180.382095,1508.829346,-313.806732,182.952271,1512.214966,-213.984970,82.967155,1536.176758,-293.336700
2214,18.450000,127.601089,1516.019165,-211.604126,180.438446,1509.116699,-314.854340,183.911484,1512.369385,-215.215561,83.153725,1536.323730,-293.702026
2215,18.458000,128.423706,1516.292114,-212.337006,180.512436,1509.333740,-315.830658,184.780060,1512.581055,-216.478943,83.354828,1536.436157,-294.090912
2216,18.467000,129.203552,1516.519287,-213.064621,180.650070,1509.573853,-316.802734,185.525528,1512.763062,-217.575729,83.542145,1536.575684,-294.474731
2217,18.475000,130.032623,1516.697876,-213.802780,180.801392,1509.747070,-317.850220,186.265991,1512.868408,-218.689316,83.696365,1536.691162,-294.891022
2218,18.483000,130.813385,1516.844604,-214.470764,180.904709,1509.876343,-318.936279,187.063766,1512.975708,-219.798096,83.873558,1536.821167,-295.260986
2219,18.492000,131.554749,1516.898926,-215.225403,180.980118,1509.952881,-320.010132,187.793839,1512.955933,-220.895981,84.008003,1536.958374,-295.601196
2220,18.500000,132.249481,1516.874756,-215.972137,181.005173,1509.920044,-320.950195,188.494888,1512.866455,-222.040634,84.183273,1537.056274,-295.997711
2221,18.508000,133.070038,1516.898560,-216.729034,181.054276,1509.933960,-321.793518,189.206116,1512.762329,-223.284210,84.378853,1537.176147,-296.399231
2222,18.517000,133.828537,1516.930542,-217.490601,181.112411,1510.130615,-322.666290,189.943558,1512.807983,-224.436447,84.520912,1537.272827,-296.816376
2223,18.525000,134.558258,1517.047852,-218.261856,181.108643,1510.394897,-323.641541,190.637405,1512.959473,-225.639725,84.692558,1537.379150,-297.247955
2224,18.533000,135.247589,1517.274170,-219.000320,181.109406,1510.681641,-324.720612,191.376236,1513.080200,-226.954071,84.849907,1537.522339,-297.677704
2225,18.542000,136.055740,1517.605591,-219.765823,181.094025,1511.029175,-325.838989,192.044434,1513.362183,-228.172409,85.019310,1537.630005,-298.140320
2226,18.550000,136.827011,1517.983521,-220.580597,181.064453,1511.398193,-327.029388,192.755371,1513.694336,-229.436356,85.156517,1537.792725,-298.592743
2227,18.558000,137.584641,1518.304321,-221.451080,181.038605,1511.726929,-328.260742,193.483566,1514.004028,-230.734940,85.241577,1537.966675,-299.022766
2228,18.567000,138.391388,1518.587402,-222.242752,180.951645,1512.095337,-329.422485,194.254471,1514.187378,-232.141891,85.345024,1538.133789,-299.467926
2229,18.575000,139.306793,1518.691162,-223.164505,180.784256,1512.493286,-330.585205,194.951691,1514.255249,-233.559891,85.477119,1538.280396,-299.904510
2230,18.583000,140.130753,1518.727783,-224.115189,180.646606,1512.727783,-331.740326,195.738403,1514.210938,-235.024551,85.596115,1538.392212,-300.298706
2231,18.592000,140.942200,1518.780273,-224.969086,180.535141,1512.903687,-332.907959,196.509445,1514.111816,-236.503052,85.707253,1538.500610,-300.700378
2232,18.600000,141.748093,1518.748657,-225.892899,180.425034,1513.100464,-334.024445,197.133133,1514.033447,-237.806381,85.784683,1538.611328,-301.090759
2233,18.608000,142.512268,1518.683228,-226.830353,180.189224,1513.601440,-335.362976,197.715256,1513.918335,-239.132080,85.949303,1538.654907,-301.553802
2234,18.617000,143.208618,1518.737793,-227.608582,180.103622,1513.759277,-336.363281,198.361740,1513.821167,-240.451157,86.087158,1538.714844,-302.059021
2235,18.625000,143.849442,1518.800659,-228.447784,180.079987,1514.016479,-337.384003,198.948456,1513.828735,-241.608292,86.269325,1538.765991,-302.508881
2236,18.633000,144.474335,1518.969360,-229.283722,180.158707,1514.232910,-338.396912,199.468735,1513.904419,-242.781891,86.420197,1538.847290,-302.934967
2237,18.642000,144.986877,1519.161743,-229.968613,180.181717,1514.461304,-339.268341,199.950027,1514.024536,-243.901840,86.500298,1539.004639,-303.332428
2238,18.650000,145.606186,1519.329590,-230.768829,180.033844,1514.788696,-340.249451,200.436630,1514.249634,-245.011246,86.597603,1539.126099,-303.735352
2239,18.658000,146.157898,1519.589966,-231.523560,179.817200,1515.124390,-341.057343,200.891281,1514.574707,-246.048920,86.693542,1539.216553,-304.153015
2240,18.667000,146.692978,1519.845825,-232.234451,179.685211,1515.327393,-341.845734,201.330765,1514.856812,-247.096390,86.717651,1539.314575,-304.528168
2241,18.675000,147.136765,1520.028198,-232.876083,179.501434,1515.568848,-342.621094,201.728867,1515.071167,-248.184906,86.753632,1539.437622,-304.842773
2242,18.683000,147.589615,1520.156494,-233.573074,179.314087,1515.829346,-343.327026,202.098358,1515.231934,-249.178162,86.762215,1539.535767,-305.160950
2243,18.692000,148.092972,1520.316040,-234.300369,179.122391,1516.072876,-344.001587,202.487900,1515.416748,-250.124130,86.737442,1539.692749,-305.464813
2244,18.700000,148.592590,1520.476562,-234.967865,178.926056,1516.298218,-344.734009,202.816406,1515.602905,-251.088684,86.699837,1539.839966,-305.762878
2245,18.708000,149.056778,1520.605469,-235.593826,178.734070,1516.623901,-345.440247,203.142746,1515.735352,-252.027924,86.680977,1539.939941,-306.027557
2246,18.717000,149.488647,1520.661133,-236.201614,178.593811,1516.906982,-346.111542,203.464371,1515.765747,-252.995819,86.655853,1540.041870,-306.278351
2247,18.725000,149.913803,1520.669312,-236.787125,178.366089,1517.180054,-346.799377,203.801682,1515.827637,-253.841400,86.659096,1540.131226,-306.513397
2248,18.733000,150.312836,1520.688354,-237.295395,178.194855,1517.409912,-347.531525,204.084915,1515.902100,-254.643646,86.682167,1540.174438,-306.722504
2249,18.742000,150.686188,1520.744751,-237.777222,178.106110,1517.643066,-348.125488,204.389969,1515.997070,-255.413361,86.720680,1540.220459,-306.941193
2250,18.750000,151.057495,1520.893555,-238.261459,178.072632,1517.799438,-348.637970,204.712799,1516.156860,-256.173706,86.798721,1540.265381,-307.206970
2251,18.758000,151.491684,1521.083862,-238.815781,178.107056,1517.896362,-349.257050,205.047653,1516.366821,-256.890289,86.853394,1540.340332,-307.454773
2252,18.767000,151.806320,1521.280396,-239.275330,178.058502,1517.978027,-349.822357,205.329208,1516.557739,-257.582367,86.889542,1540.387085,-307.691528
2253,18.775000,152.113998,1521.448120,-239.760208,178.024216,1518.063599,-350.264313,205.570053,1516.743652,-258.237091,86.928970,1540.454102,-307.937653
2254,18.783000,152.340469,1521.611206,-240.162186,178.037399,1518.229370,-350.675964,205.772125,1516.868652,-258.810883,86.967827,1540.528809,-308.186462
2255,18.792000,152.525909,1521.793579,-240.523849,178.031830,1518.403198,-350.967804,205.909409,1517.012817,-259.283478,87.022453,1540.607178,-308.418243
2256,18.800000,152.715759,1521.917847,-240.830444,178.020584,1518.536499,-351.270935,206.000122,1517.160889,-259.693787,87.039978,1540.680786,-308.667267
2257,18.808000,152.870453,1522.010498,-241.154984,177.946655,1518.676147,-351.648956,206.086258,1517.251221,-260.089874,87.087387,1540.717285,-308.910034
2258,18.817000,152.895599,1522.100952,-241.332291,177.833527,1518.835938,-352.041626,206.206879,1517.305054,-260.525696,87.107010,1540.757080,-309.137848
2259,18.825000,153.059677,1522.168579,-241.581924,177.753113,1518.939453,-352.446869,206.369293,1517.385132,-261.101715,87.094902,1540.821167,-309.297272
2260,18.833000,153.353912,1522.192749,-241.971268,177.600601,1519.103394,-352.852844,206.535873,1517.453125,-261.697754,87.088242,1540.859497,-309.442566
2261,18.842000,153.672943,1522.218750,-242.422775,177.429535,1519.313354,-353.333374,206.738266,1517.554077,-262.358978,87.055374,1540.915649,-309.538940
2262,18.850000,154.027054,1522.232422,-242.863922,177.264725,1519.523193,-353.866150,206.972672,1517.653809,-263.000671,87.027657,1540.946289,-309.650330
2263,18.858000,154.296936,1522.218018,-243.272110,177.111816,1519.661011,-354.365356,207.169418,1517.748901,-263.547852,87.022911,1540.957397,-309.783264
2264,18.867000,154.491516,1522.230835,-243.589081,177.071182,1519.717773,-354.710419,207.332230,1517.858643,-263.965363,87.058464,1540.988403,-309.896484
2265,18.875000,154.575958,1522.356567,-243.791489,177.049973,1519.772705,-354.880554,207.394730,1518.029053,-264.173309,87.089813,1540.995605,-310.068878
2266,18.883000,154.611328,1522.508423,-243.963287,177.133392,1519.693481,-354.983124,207.433945,1518.220093,-264.259308,87.133659,1541.074951,-310.284729
2267,18.892000,154.534943,1522.684082,-244.048981,177.318619,1519.525269,-354.976654,207.442276,1518.333008,-264.217529,87.217194,1541.089600,-310.487061
2268,18.900000,154.506790,1522.842407,-244.083160,177.475922,1519.380005,-354.945984,207.412186,1518.422241,-264.160492,87.379280,1541.171143,-310.744141
2269,18.908000,154.464722,1522.957275,-244.150360,177.622314,1519.294312,-354.911987,207.424911,1518.478516,-264.085876,87.423630,1541.174194,-310.913300
2270,18.917000,154.491333,1523.041992,-244.225082,177.732895,1519.197144,-354.901764,207.439056,1518.507446,-264.074158,87.492638,1541.204834,-311.094696
2271,18.925000,154.551056,1523.056274,-244.349091,177.832962,1519.132324,-354.983978,207.516541,1518.527222,-264.222595,87.542519,1541.200317,-311.197235
2272,18.933000,154.731796,1522.987061,-244.498962,177.764114,1519.168457,-355.128601,207.640045,1518.511719,-264.440491,87.599113,1541.188721,-311.211548
2273,18.942000,154.933350,1522.907471,-244.699768,177.709152,1519.328613,-355.362335,207.789825,1518.506226,-264.728790,87.636223,1541.174316,-311.258209
2274,18.950000,155.125137,1522.922852,-244.906281,177.614517,1519.469482,-355.569824,207.897354,1518.560059,-265.076080,87.639664,1541.169922,-311.324554
2275,18.958000,155.357178,1522.961670,-245.244293,177.563904,1519.565918,-355.783936,208.006546,1518.659912,-265.475037,87.722908,1541.194824,-311.482452
2276,18.967000,155.442230,1523.045776,-245.399490,177.490021,1519.672119,-355.942688,208.054260,1518.780029,-265.776337,87.695198,1541.245850,-311.619965
2277,18.975000,155.411652,1523.152344,-245.550003,177.473297,1519.769531,-356.045349,208.031830,1518.931152,-265.949432,87.680351,1541.308594,-311.754974
2278,18.983000,155.323364,1523.318848,-245.647369,177.514145,1519.806152,-356.097717,207.985291,1519.104126,-266.025848,87.660233,1541.350830,-311.972870
2279,18.992000,155.242996,1523.510376,-245.748123,177.546097,1519.759766,-356.088623,207.926270,1519.291016,-266.053192,87.643997,1541.412476,-312.204102
2280,19.000000,155.134445,1523.703003,-245.863708,177.599716,1519.598877,-356.077515,207.859726,1519.457275,-266.077057,87.621429,1541.444458,-312.421051
2281,19.008000,155.051102,1523.852051,-245.940918,177.665985,1519.491821,-356.062225,207.830353,1519.566650,-266.098022,87.665085,1541.481201,-312.601501
2282,19.017000,155.040070,1523.912109,-246.014633,177.754333,1519.394653,-356.092529,207.786697,1519.626587,-266.144287,87.700958,1541.507080,-312.721832
2283,19.025000,155.078674,1523.957886,-246.154510,177.771500,1519.367554,-356.146729,207.826401,1519.652832,-266.244171,87.713402,1541.554688,-312.832703
2284,19.033000,155.121536,1523.988647,-246.230423,177.713654,1519.494385,-356.234314,207.860153,1519.678833,-266.385254,87.737488,1541.569824,-312.925476
2285,19.042000,155.197906,1524.008057,-246.345093,177.715103,1519.612061,-356.355438,207.903870,1519.689453,-266.515137,87.753593,1541.599854,-312.970825
2286,19.050000,155.036057,1524.110474,-246.238205,177.715439,1519.714600,-356.429932,207.928696,1519.696533,-266.661438,87.755043,1541.640869,-313.026978
2287,19.058000,154.980667,1524.139648,-246.196472,177.720169,1519.814575,-356.509918,207.980560,1519.666260,-266.756409,87.755981,1541.693970,-313.076447
2288,19.067000,154.963150,1524.154785,-246.257553,177.719574,1519.909546,-356.529266,207.970810,1519.650146,-266.830414,87.745308,1541.690918,-313.125946
2289,19.075000,155.007034,1524.197876,-246.319427,177.701721,1519.916870,-356.522949,207.955353,1519.651001,-266.828522,87.753677,1541.726196,-313.187439
2290,19.083000,154.991714,1524.212280,-246.357285,177.707596,1519.920410,-356.495667,207.930786,1519.683472,-266.811005,87.767731,1541.718018,-313.246185
2291,19.092000,154.913040,1524.260254,-246.354767,177.715195,1519.842285,-356.468140,207.895309,1519.718140,-266.787506,87.751205,1541.725098,-313.292511
2292,19.100000,154.855835,1524.325928,-246.328140,177.773392,1519.754517,-356.396667,207.840759,1519.783081,-266.750641,87.756927,1541.741699,-313.360382
2293,19.108000,155.015198,1524.321167,-246.558212,177.848206,1519.678467,-356.327698,207.808487,1519.848022,-266.657593,87.752701,1541.717041,-313.425201
2294,19.117000,154.951111,1524.355835,-246.491699,177.892502,1519.549316,-356.219147,207.768539,1519.875854,-266.523651,87.769501,1541.700317,-313.458557
2295,19.125000,154.846664,1524.345459,-246.417343,177.953461,1519.462524,-356.107941,207.727692,1519.869873,-266.351013,87.766853,1541.673096,-313.501434
2296,19.133000,154.773804,1524.310791,-246.340317,177.993683,1519.468872,-355.990723,207.662903,1519.856689,-266.221893,87.756645,1541.635986,-313.483521
2297,19.142000,154.653732,1524.301392,-246.233154,178.032608,1519.481567,-355.845886,207.601486,1519.890259,-266.089813,87.742737,1541.601807,-313.475739
2298,19.150000,154.476196,1524.309814,-246.065918,178.054108,1519.529419,-355.735870,207.563293,1519.938599,-265.958557,87.709999,1541.597656,-313.461945
2299,19.158000,154.347412,1524.344482,-245.968323,178.037155,1519.615356,-355.605377,207.485321,1520.025879,-265.841858,87.659561,1541.581665,-313.421814
2300,19.167000,154.325287,1524.419922,-245.960114,178.017212,1519.693115,-355.477570,207.375061,1520.142456,-265.697754,87.541901,1541.580078,-313.367523
2301,19.175000,154.168518,1524.506470,-245.840210,177.964600,1519.794800,-355.337311,207.244888,1520.252197,-265.494629,87.437508,1541.590210,-313.361053
2302,19.183000,153.971710,1524.623535,-245.669098,177.956024,1519.852051,-355.155701,207.078369,1520.388062,-265.233673,87.361412,1541.599243,-313.312103
2303,19.192000,153.772003,1524.708374,-245.493500,177.947815,1519.811646,-354.896881,206.908630,1520.467529,-264.945526,87.290588,1541.607056,-313.298096
2304,19.200000,153.595245,1524.729248,-245.334869,177.973679,1519.775391,-354.631836,206.755646,1520.484985,-264.615814,87.258492,1541.588013,-313.252838
2305,19.208000,153.438614,1524.693359,-245.195450,178.068436,1519.656738,-354.363281,206.598206,1520.437012,-264.362244,87.206100,1541.545410,-313.166382
2306,19.217000,153.306198,1524.627441,-245.019135,178.132385,1519.500610,-354.103424,206.495453,1520.315308,-264.108185,87.133705,1541.515747,-313.087097
2307,19.225000,153.198654,1524.500244,-244.865356,178.158691,1519.299927,-353.908844,206.411697,1520.158203,-263.872589,87.090553,1541.441406,-312.958527
2308,19.233000,152.977707,1524.353882,-244.621185,178.188354,1519.156616,-353.701050,206.351196,1520.000610,-263.643219,87.141647,1541.364380,-312.869873
2309,19.242000,152.851791,1524.174927,-244.413696,178.206284,1518.979614,-353.505005,206.299179,1519.812866,-263.408936,87.146515,1541.248291,-312.744507
2310,19.250000,152.755005,1524.038818,-244.164230,178.230713,1518.876221,-353.349518,206.210663,1519.662231,-263.146606,87.112297,1541.174316,-312.604858
2311,19.258000,152.587677,1523.948608,-243.947632,178.185028,1518.843750,-353.146973,206.131943,1519.558594,-262.811768,87.078583,1541.096802,-312.496399
2312,19.267000,152.411758,1523.915771,-243.695206,178.216614,1518.779297,-352.909119,206.019577,1519.548584,-262.482330,87.039322,1541.023071,-312.381592
2313,19.275000,152.184784,1523.951538,-243.414658,178.289047,1518.704712,-352.586304,205.848862,1519.559204,-262.042542,87.001823,1540.991333,-312.295197
2314,19.283000,152.092712,1524.021606,-243.176178,178.390915,1518.615112,-352.203796,205.658295,1519.580078,-261.576599,86.889633,1540.947266,-312.178741
2315,19.292000,151.809616,1524.100830,-242.833878,178.515091,1518.481079,-351.746429,205.408386,1519.637939,-261.012482,86.822075,1540.962158,-312.076019
2316,19.300000,151.497955,1524.150146,-242.504074,178.658478,1518.301392,-351.228363,205.138245,1519.678955,-260.452667,86.763107,1540.936279,-311.972656
2317,19.308000,151.225037,1524.168823,-242.144226,178.782867,1518.088257,-350.773224,204.893082,1519.687378,-259.932648,86.707848,1540.900757,-311.834137
2318,19.317000,150.927795,1524.126221,-241.790604,178.833359,1517.920166,-350.370697,204.715637,1519.576904,-259.452606,86.658844,1540.877319,-311.665253
2319,19.325000,150.743118,1523.982300,-241.495865,178.817322,1517.728149,-349.994141,204.565445,1519.399414,-259.045227,86.629990,1540.825439,-311.418335
2320,19.333000,150.541916,1523.817139,-241.176483,178.810669,1517.578369,-349.652588,204.413300,1519.196411,-258.711365,86.589096,1540.796753,-311.135742
2321,19.342000,150.422485,1523.662231,-240.890915,178.797348,1517.565186,-349.330841,204.317703,1519.029541,-258.423798,86.547333,1540.768921,-310.906555
2322,19.350000,150.281433,1523.623169,-240.603134,178.802170,1517.472900,-348.985474,204.223373,1518.969482,-258.149902,86.497345,1540.765503,-310.718689
2323,19.358000,150.085083,1523.664673,-240.326736,178.769699,1517.467773,-348.658295,204.070129,1519.031250,-257.796387,86.442947,1540.762939,-310.559814
2324,19.367000,149.831192,1523.770386,-240.033310,178.761551,1517.432983,-348.318634,203.896530,1519.127441,-257.376129,86.392883,1540.774170,-310.467010
2325,19.375000,149.509125,1523.910156,-239.707825,178.762695,1517.348389,-347.857086,203.596252,1519.185791,-256.711395,86.355728,1540.802490,-310.398224
2326,19.383000,149.118942,1524.054932,-239.314850,178.840897,1517.199707,-347.241364,203.319275,1519.308105,-255.998962,86.334984,1540.790161,-310.331177
2327,19.392000,148.750870,1524.175049,-238.854889,179.015640,1516.886230,-346.547485,203.012497,1519.399536,-255.221375,86.349373,1540.772949,-310.266632
2328,19.400000,148.389801,1524.227905,-238.382309,179.236755,1516.569336,-345.925079,202.750061,1519.414429,-254.443649,86.356697,1540.733643,-310.143799
2329,19.408000,148.086868,1524.201782,-237.926666,179.363785,1516.301147,-345.427673,202.510269,1519.345581,-253.732559,86.356972,1540.661987,-309.988617
2330,19.417000,147.814911,1524.038452,-237.484329,179.420776,1516.108765,-344.987335,202.302902,1519.120972,-253.153946,86.352341,1540.587402,-309.711365
2331,19.425000,147.610657,1523.718506,-237.087524,179.426270,1516.016479,-344.591644,202.172974,1518.845703,-252.631958,86.369637,1540.479614,-309.384766
2332,19.433000,147.499359,1523.409546,-236.728378,179.443100,1515.954712,-344.259857,202.031708,1518.554077,-252.242325,86.309868,1540.395020,-309.015259
2333,19.442000,147.373322,1523.167114,-236.332397,179.397110,1515.978394,-343.898773,201.916290,1518.314941,-251.855164,86.275772,1540.337524,-308.653259
2334,19.450000,147.233841,1523.047363,-235.938950,179.378296,1516.029419,-343.578979,201.785706,1518.180542,-251.478470,86.188774,1540.345703,-308.381561
2335,19.458000,147.003784,1523.038208,-235.531387,179.409988,1516.084229,-343.218872,201.633926,1518.168213,-251.054459,86.099976,1540.347046,-308.129974
2336,19.467000,146.731552,1523.130371,-235.144257,179.400391,1516.075684,-342.801941,201.414200,1518.267456,-250.526077,86.046181,1540.348877,-307.945160
2337,19.475000,146.413742,1523.249268,-234.800858,179.449371,1515.974854,-342.333588,201.124435,1518.400391,-249.877350,85.982903,1540.348511,-307.845428
2338,19.483000,146.023224,1523.430176,-234.441208,179.591949,1515.805542,-341.763977,200.779297,1518.492920,-249.239960,85.920158,1540.385742,-307.774170
2339,19.492000,145.605118,1523.567993,-234.039978,179.708221,1515.632080,-341.177795,200.432953,1518.558594,-248.571716,85.873131,1540.386963,-307.712494
2340,19.500000,145.176300,1523.639404,-233.618561,179.834915,1515.362915,-340.629303,200.082214,1518.601562,-247.900085,85.843117,1540.385254,-307.618103
2341,19.508000,144.780380,1523.673950,-233.221832,179.929398,1515.066650,-340.124664,199.740860,1518.582153,-247.288788,85.834511,1540.370850,-307.513245
2342,19.517000,144.550003,1523.622681,-232.912094,179.991425,1514.899170,-339.691376,199.551605,1518.511719,-246.779572,85.778625,1540.348267,-307.370300
2343,19.525000,144.373413,1523.518066,-232.624817,180.027359,1514.838501,-339.367584,199.423477,1518.412720,-246.428909,85.752312,1540.290771,-307.154388
2344,19.533000,144.286041,1523.372192,-232.386414,179.991547,1514.856567,-339.122925,199.348633,1518.321045,-246.202133,85.689903,1540.269531,-306.921204
2345,19.542000,144.248856,1523.227905,-232.192047,179.893738,1514.962036,-338.948547,199.325912,1518.241943,-246.013901,85.613869,1540.268311,-306.724792
2346,19.550000,144.122330,1523.162354,-231.992920,179.801086,1515.080811,-338.789764,199.253204,1518.190796,-245.795441,85.549423,1540.280640,-306.530151
2347,19.558000,144.019043,1523.170410,-231.793030,179.744095,1515.132446,-338.563965,199.131821,1518.212646,-245.497437,85.498016,1540.306152,-306.401825
2348,19.567000,143.794693,1523.241821,-231.539612,179.719238,1515.098999,-338.274292,198.933151,1518.277954,-245.131668,85.464127,1540.326904,-306.313324
2349,19.575000,143.526474,1523.356689,-231.294647,179.732941,1514.940918,-337.905121,198.688110,1518.307739,-244.654190,85.442207,1540.329102,-306.245636
2350,19.583000,143.171066,1523.533325,-230.947266,179.791519,1514.709717,-337.437744,198.383728,1518.341675,-244.097626,85.438019,1540.347900,-306.253448
2351,19.592000,142.749466,1523.699463,-230.542847,179.923401,1514.412964,-336.881866,198.016922,1518.379883,-243.440933,85.440094,1540.344727,-306.211212
2352,19.600000,142.336517,1523.840698,-230.168854,180.065475,1514.124878,-336.275391,197.698898,1518.432129,-242.736832,85.428459,1540.377930,-306.180969
2353,19.608000,141.937576,1523.951660,-229.761032,180.121674,1513.898804,-335.694977,197.343643,1518.416626,-242.067017,85.429520,1540.393188,-306.098724
2354,19.617000,141.602188,1523.955933,-229.420212,180.180527,1513.712769,-335.195587,197.070358,1518.332031,-241.440994,85.442696,1540.382690,-305.977753
2355,19.625000,141.364120,1523.851318,-229.102829,180.442154,1513.310425,-334.467407,196.832153,1518.219116,-240.915558,85.442169,1540.354248,-305.805328
2356,19.633000,141.152771,1523.761841,-228.746277,180.588989,1513.184082,-333.805878,196.657455,1518.082642,-240.491638,85.446198,1540.337891,-305.592773
2357,19.642000,140.979736,1523.668579,-228.360123,180.639526,1513.147705,-333.330994,196.550522,1517.927002,-240.134552,85.437767,1540.309082,-305.355682
2358,19.650000,140.852295,1523.549438,-228.067963,180.664459,1513.111694,-332.997894,196.427185,1517.785034,-239.748383,85.414742,1540.281006,-305.119171
2359,19.658000,140.705261,1523.513428,-227.797623,180.676590,1513.040039,-332.688171,196.276443,1517.714966,-239.350021,85.425552,1540.270264,-304.910004
2360,19.667000,140.507675,1523.506104,-227.489655,180.663406,1512.952393,-332.322235,196.080215,1517.662109,-238.890762,85.433502,1540.286011,-304.756256
2361,19.675000,140.224960,1523.521606,-227.163513,180.681259,1512.836426,-331.902374,195.771240,1517.634521,-238.331360,85.422852,1540.303711,-304.590454
2362,19.683000,139.847809,1523.592651,-226.813644,180.715591,1512.666992,-331.402771,195.435577,1517.639404,-237.720932,85.398605,1540.321655,-304.480743
2363,19.692000,139.387238,1523.720337,-226.417969,180.830551,1512.472900,-330.778381,195.037704,1517.712280,-237.002487,85.388229,1540.355103,-304.397736
2364,19.700000,138.900986,1523.851074,-225.976028,180.970200,1512.153564,-330.073151,194.632050,1517.708862,-236.243469,85.435791,1540.326660,-304.321991
2365,19.708000,138.374847,1523.947632,-225.437363,181.104614,1511.862061,-329.268555,194.142258,1517.722290,-235.397018,85.425934,1540.316284,-304.209137
2366,19.717000,137.871933,1524.006348,-224.875427,181.208908,1511.617432,-328.439453,193.734314,1517.672363,-234.511795,85.430412,1540.282593,-304.033295
2367,19.725000,137.429779,1524.030396,-224.410767,181.269989,1511.435181,-327.716827,193.357452,1517.610718,-233.651047,85.465424,1540.228027,-303.844055
2368,19.733000,137.048126,1524.040161,-224.003784,181.316437,1511.307373,-327.173096,192.992783,1517.563599,-232.958328,85.462440,1540.183594,-303.621124
2369,19.742000,136.715164,1524.001587,-223.612961,181.335846,1511.173706,-326.703278,192.685303,1517.481934,-232.274170,85.422394,1540.156738,-303.350098
2370,19.750000,136.331635,1523.941406,-223.165894,181.384674,1511.032593,-326.227539,192.417786,1517.380005,-231.707794,85.388474,1540.104492,-303.134064
2371,19.758000,136.007599,1523.912354,-222.730347,181.393173,1510.916748,-325.730896,192.116196,1517.305420,-231.123871,85.369179,1540.068970,-302.918213
2372,19.767000,135.682968,1523.851562,-222.333572,181.409027,1510.824341,-325.203094,191.794540,1517.237061,-230.537613,85.340546,1540.067017,-302.711182
2373,19.775000,135.314758,1523.835327,-221.951553,181.385818,1510.756226,-324.667938,191.412308,1517.185303,-229.898529,85.293526,1540.039795,-302.512695
2374,19.783000,134.912811,1523.842407,-221.537552,181.380280,1510.723877,-324.025299,191.020126,1517.110107,-229.160568,85.260719,1540.054810,-302.316925
2375,19.792000,134.418335,1523.857910,-221.091583,181.429321,1510.593140,-323.244934,190.565475,1517.035522,-228.422302,85.218460,1540.066528,-302.144073
2376,19.800000,133.896423,1523.922607,-220.655304,181.492081,1510.214600,-322.355164,189.967010,1517.016113,-227.653000,85.233849,1540.054443,-301.997681
2377,19.808000,133.279510,1524.009521,-220.060638,181.548416,1509.879150,-321.479767,189.391968,1516.962402,-226.744431,85.248352,1540.014893,-301.869263
2378,19.817000,132.631531,1524.127197,-219.437149,181.669495,1509.531616,-320.544098,188.860214,1516.879517,-225.641739,85.271057,1539.995850,-301.710022
2379,19.825000,132.047943,1524.256348,-218.879684,181.753784,1509.264648,-319.632782,188.292450,1516.904907,-224.657501,85.261955,1539.941650,-301.499268
2380,19.833000,131.566284,1524.333984,-218.341141,181.837555,1509.061401,-318.806366,187.862793,1516.983643,-223.826935,85.233032,1539.861084,-301.235901
2381,19.842000,131.171814,1524.305420,-217.838364,181.816772,1508.912720,-318.201721,187.486938,1516.956299,-223.121826,85.212402,1539.738892,-300.972015
2382,19.850000,130.906998,1524.172485,-217.404709,181.752640,1508.844238,-317.700653,187.196655,1516.868652,-222.527435,85.153595,1539.621460,-300.649963
2383,19.858000,130.682922,1523.927246,-217.010605,181.686478,1508.843872,-317.277893,187.027939,1516.675781,-221.968246,85.056541,1539.548462,-300.337677
2384,19.867000,130.464569,1523.697266,-216.599655,181.590714,1508.880127,-316.879822,186.828140,1516.533569,-221.564301,84.950935,1539.496460,-299.994263
2385,19.875000,130.199890,1523.526855,-216.257507,181.487564,1508.972046,-316.465424,186.589767,1516.443970,-221.115448,84.809631,1539.466675,-299.665588
2386,19.883000,129.823288,1523.424316,-215.902008,181.368896,1508.988525,-315.970856,186.218399,1516.407227,-220.549301,84.672462,1539.416260,-299.344635
2387,19.892000,129.258347,1523.421875,-215.424973,181.297684,1508.937500,-315.273956,185.554916,1516.466675,-219.810837,84.534340,1539.385132,-299.075623
2388,19.900000,128.431274,1523.547607,-214.810196,181.315659,1508.582153,-314.156952,184.771774,1516.458618,-218.751495,84.443222,1539.372803,-298.845459
2389,19.908000,127.446846,1523.923340,-214.154068,181.363663,1508.201416,-312.867004,183.867661,1516.438477,-217.519196,84.405914,1539.325806,-298.718781
2390,19.917000,126.419754,1524.356689,-213.534363,181.458664,1507.689697,-311.425690,182.912521,1516.529419,-216.146072,84.415634,1539.291748,-298.660034
2391,19.925000,125.318871,1524.706543,-212.907974,181.472794,1507.055420,-310.090698,181.727448,1516.847534,-214.618179,84.429863,1539.267212,-298.580933
2392,19.933000,124.227066,1525.235718,-212.119614,181.383530,1506.231201,-308.464600,180.645630,1516.970337,-213.337875,84.431923,1539.216309,-298.491425
2393,19.942000,123.418816,1525.614502,-211.412552,181.441483,1505.656372,-306.791779,179.648361,1517.058838,-212.039413,84.416702,1539.171997,-298.317902
2394,19.950000,122.702873,1525.718628,-210.780594,181.438705,1505.243164,-305.596283,178.892456,1517.084351,-210.950943,84.376099,1539.113159,-298.058960
2395,19.958000,122.150864,1525.573730,-210.283340,181.363129,1505.083496,-304.905396,178.421463,1516.928589,-210.170700,84.275032,1539.056519,-297.736572
2396,19.967000,121.804283,1525.300293,-209.874252,181.245697,1505.085327,-304.323547,178.116241,1516.741821,-209.583405,84.168503,1538.984253,-297.337952
2397,19.975000,121.502129,1525.005737,-209.415421,181.092087,1505.239990,-303.965454,177.810165,1516.470093,-209.039810,84.013184,1538.880249,-296.897949
2398,19.983000,121.165367,1524.680054,-208.838898,180.891815,1505.561890,-303.671661,177.431870,1516.077271,-208.471390,83.862473,1538.780151,-296.453400
2399,19.992000,120.759964,1524.230713,-208.297165,180.713943,1505.875610,-303.347015,177.061340,1515.916626,-207.863419,83.691063,1538.740112,-296.068085
2400,20.000000,120.287834,1524.122192,-207.865631,180.554794,1505.940308,-302.896118,176.560120,1515.888550,-207.215820,83.552704,1538.719849,-295.744873
2401,20.008000,119.804008,1524.164673,-207.491241,180.431564,1505.805176,-302.203369,176.096649,1515.966919,-206.571030,83.469131,1538.691406,-295.551727
2402,20.017000,119.250557,1524.300293,-207.134827,180.354126,1505.639282,-301.397400,175.476181,1516.018799,-205.845184,83.403618,1538.646118,-295.339050
2403,20.025000,118.592079,1524.567627,-206.767944,180.245941,1505.466553,-300.454956,174.805984,1516.110596,-205.032639,83.316658,1538.625366,-295.185944
2404,20.033000,117.780151,1524.788452,-206.236801,180.188675,1504.906738,-299.266693,173.964813,1516.154053,-204.198318,83.247299,1538.602051,-295.043549
2405,20.042000,116.969986,1524.893311,-205.722961,180.111877,1504.475586,-298.284576,173.213669,1516.183960,-203.244186,83.181999,1538.577515,-294.882996
2406,20.050000,116.291267,1524.661865,-205.482162,179.997437,1504.177368,-297.476105,172.396240,1516.115479,-202.323196,83.085487,1538.520508,-294.683533
2407,20.058000,115.612671,1524.567993,-205.175949,179.863647,1504.020142,-296.696045,171.573029,1516.023926,-201.370743,82.978539,1538.494629,-294.421936
2408,20.067000,114.898003,1524.482910,-204.675735,179.720825,1503.953247,-295.971954,170.787109,1515.906494,-200.424042,82.838280,1538.468506,-294.106415
2409,20.075000,114.104134,1524.439941,-204.059296,179.512543,1504.019531,-295.296722,169.858826,1515.678223,-199.451538,82.600365,1538.539673,-293.594818
2410,20.083000,113.353279,1524.364258,-203.422195,179.229584,1503.996460,-294.505920,169.208618,1515.603760,-198.701385,82.365997,1538.548706,-293.216034
2411,20.092000,112.785019,1524.263550,-202.976776,179.026215,1504.062378,-293.672028,168.562485,1515.496094,-197.959259,82.158401,1538.522705,-292.872375
2412,20.100000,112.287750,1524.195801,-202.583405,178.799240,1503.990601,-293.081451,168.008926,1515.442627,-197.248154,81.935005,1538.504761,-292.540710
2413,20.108000,111.772888,1524.057861,-202.224365,178.600403,1503.665283,-292.234741,167.495499,1515.328857,-196.696960,81.615379,1538.530518,-292.083435
2414,20.117000,111.268005,1523.933350,-201.871750,178.325333,1503.577759,-291.664581,166.895142,1515.178711,-196.170700,81.278114,1538.551514,-291.659058
2415,20.125000,110.709671,1523.852783,-201.420563,178.095535,1503.537964,-291.164551,166.343536,1515.137939,-195.583359,80.997368,1538.576172,-291.278076
2416,20.133000,110.064224,1523.786255,-201.011200,177.886475,1503.501953,-290.549133,165.825012,1515.088867,-194.963577,80.768288,1538.580322,-290.952698
2417,20.142000,109.468483,1523.699097,-200.630936,177.626282,1503.456055,-289.999451,165.177780,1515.011963,-194.323151,80.600235,1538.505737,-290.744232
2418,20.150000,108.821762,1523.501343,-200.272507,177.441299,1503.460693,-289.303864,164.478836,1514.872559,-193.595367,80.494347,1538.356689,-290.581818
2419,20.158000,107.985245,1523.550171,-199.447906,177.210739,1503.484009,-288.562561,163.732697,1514.623657,-192.844894,80.376114,1538.180908,-290.363953
2420,20.167000,107.130569,1523.090820,-199.063400,177.228683,1503.525391,-287.244598,162.967972,1514.283447,-192.154556,80.211411,1537.900024,-290.157104
2421,20.175000,106.355118,1522.839478,-198.563538,177.137711,1503.546265,-285.924225,161.959900,1513.978149,-191.244766,80.021484,1537.813477,-289.847778
2422,20.183000,105.504517,1522.682861,-198.139175,176.877625,1503.420532,-285.016113,161.231903,1513.912598,-190.457336,79.848572,1537.765503,-289.542755
2423,20.192000,104.643784,1522.595703,-197.658630,176.695587,1503.340088,-284.186676,160.344543,1513.796143,-189.656143,79.644539,1537.715698,-289.243225
2424,20.200000,103.584259,1522.777344,-196.825592,176.537216,1503.195679,-283.392395,159.407501,1513.728271,-188.795227,79.427025,1537.713135,-288.932465
2425,20.208000,102.817566,1522.782227,-196.258911,176.364761,1503.051880,-282.624359,158.528809,1513.777100,-187.967407,79.156464,1537.679077,-288.602631
2426,20.217000,102.071419,1522.751343,-195.778320,176.192947,1502.953369,-281.945496,157.646240,1513.810425,-187.167725,78.850250,1537.631836,-288.227997
2427,20.225000,101.211952,1522.581421,-195.338226,175.925522,1502.955811,-281.212128,156.700806,1513.687622,-186.267258,78.519829,1537.575684,-287.831329
2428,20.233000,100.065971,1522.299072,-194.905426,175.518021,1502.912354,-280.478455,155.732285,1513.477295,-185.414200,78.242882,1537.504028,-287.413483
2429,20.242000,99.076584,1522.013672,-194.380127,175.088913,1502.946167,-279.613892,154.797531,1513.251953,-184.526764,77.920906,1537.425415,-287.009552
2430,20.250000,98.113815,1521.694946,-193.916992,174.683838,1503.031616,-278.715027,153.603683,1513.054810,-183.608032,77.594482,1537.407715,-286.615173
2431,20.258000,97.054947,1521.522339,-193.468292,174.315536,1503.137329,-277.693146,152.327194,1512.833740,-182.683273,77.303017,1537.432861,-286.281006
2432,20.267000,95.742508,1521.599854,-193.001846,174.018021,1503.286621,-276.486298,151.038574,1512.972534,-181.632034,77.024490,1537.479736,-285.999023
2433,20.275000,94.437050,1521.948730,-192.516418,173.665833,1503.332886,-275.142059,149.694687,1513.234985,-180.579910,76.987770,1537.354736,-285.985992
2434,20.283000,93.240700,1522.389893,-192.290207,173.288666,1503.352661,-273.702698,148.265884,1513.562988,-179.550735,76.859138,1537.361206,-285.897552
2435,20.292000,91.936890,1522.869507,-191.937881,172.972870,1503.310303,-272.387573,146.850815,1513.965820,-178.500931,76.646965,1537.411499,-285.767426
2436,20.300000,90.594208,1523.310303,-191.447296,172.661530,1503.181152,-271.163300,145.163849,1514.569946,-177.718155,76.437767,1537.437378,-285.617889
2437,20.308000,89.320335,1523.557495,-191.083466,172.289642,1503.027466,-269.963257,143.455917,1514.961914,-176.736313,76.171669,1537.487305,-285.409821
2438,20.317000,88.012802,1523.535522,-190.830322,171.867523,1502.859009,-268.827209,142.305695,1514.639038,-175.658737,75.883591,1537.465942,-285.114929
2439,20.325000,86.764771,1523.295532,-190.450256,171.324600,1502.763550,-267.653625,141.069153,1514.282959,-174.675583,75.498566,1537.412720,-284.767517
2440,20.333000,85.574432,1522.918579,-189.856293,170.786819,1502.619995,-266.540863,139.700043,1513.927002,-173.662415,75.165352,1537.355469,-284.372864
2441,20.342000,84.471664,1522.497803,-189.392731,170.198746,1502.379028,-265.625183,138.456924,1513.462036,-172.766876,74.829674,1537.278931,-283.950836
2442,20.350000,83.320801,1522.128784,-188.999481,169.697693,1502.158936,-264.612000,137.081741,1513.274780,-172.081558,74.511772,1537.217041,-283.567841
2443,20.358000,82.238770,1521.973877,-188.553223,169.308716,1502.172852,-263.516571,135.738098,1513.171875,-171.272949,74.149506,1537.194458,-283.234955
2444,20.367000,81.156464,1522.046631,-188.187790,168.677338,1502.593384,-262.816742,134.589233,1513.445435,-170.569672,73.792778,1537.238281,-282.989471
2445,20.375000,80.191971,1522.349243,-187.963028,168.196228,1502.936157,-261.922150,133.483231,1513.889648,-169.902649,73.471840,1537.324341,-282.815582
2446,20.383000,79.251907,1522.814575,-187.807220,167.727982,1503.204834,-261.408630,132.381653,1514.447266,-169.281082,73.166824,1537.439087,-282.720367
2447,20.392000,78.305603,1523.299438,-187.637787,167.304459,1503.436768,-260.917145,131.228836,1515.017456,-168.685593,72.869469,1537.552490,-282.641907
2448,20.400000,77.244591,1523.581421,-187.471405,166.951645,1503.481079,-260.208557,130.034851,1515.365234,-168.069611,72.590179,1537.611328,-282.506622
2449,20.408000,76.114754,1523.693848,-187.240982,166.710922,1503.359131,-259.361816,128.997147,1515.090210,-167.337524,72.293930,1537.639282,-282.365448
2450,20.417000,75.059090,1523.600952,-187.069595,166.409790,1503.245117,-258.601105,127.725227,1514.929810,-166.690826,72.004921,1537.626831,-282.200470
2451,20.425000,74.001907,1523.324707,-186.833908,166.054489,1503.174561,-257.952698,126.411644,1514.813110,-166.159531,71.668175,1537.581665,-281.964264
2452,20.433000,72.927589,1522.983398,-186.589844,165.572479,1503.096558,-257.265808,125.176323,1514.441040,-165.546692,71.303383,1537.538330,-281.697327
2453,20.442000,71.855827,1522.595825,-186.236832,165.105484,1503.016724,-256.473816,123.942146,1514.077515,-164.895233,70.959915,1537.481445,-281.367950
2454,20.450000,70.835045,1522.250488,-185.964432,164.689590,1503.004028,-255.721802,122.896980,1513.425537,-164.225540,70.634102,1537.402954,-281.078125
2455,20.458000,69.936165,1522.031250,-185.743347,164.272339,1503.130615,-255.001480,121.854668,1513.161255,-163.621170,70.310715,1537.354004,-280.833832
2456,20.467000,68.976242,1521.947144,-185.540695,163.862732,1503.328491,-254.340942,120.702888,1513.420166,-163.157242,69.930656,1537.363647,-280.592133
2457,20.475000,68.045197,1522.071899,-185.293854,163.372391,1503.537354,-253.630310,119.539543,1513.726929,-162.639008,69.579811,1537.370239,-280.375580
2458,20.483000,67.069695,1522.293457,-185.058884,162.837036,1503.704346,-252.840515,118.488190,1513.923218,-162.060181,69.152603,1537.493164,-279.991364
2459,20.492000,66.145004,1522.453369,-184.814102,162.239365,1503.798950,-251.838409,117.407089,1514.098511,-161.479599,68.764313,1537.560181,-279.705444
2460,20.500000,64.999229,1522.566528,-184.624100,161.673386,1503.760132,-251.097916,116.088097,1514.223267,-160.884995,68.369781,1537.572266,-279.448547
2461,20.508000,63.723267,1522.548706,-184.512436,161.043152,1503.801147,-250.394943,114.666016,1513.887817,-160.152023,67.986328,1537.553467,-279.160522
2462,20.517000,62.337830,1522.500366,-184.261520,160.319229,1503.703125,-249.138947,113.128281,1513.895142,-159.420517,67.579102,1537.539551,-278.817749
2463,20.525000,60.842190,1522.320923,-183.890396,159.508743,1503.425171,-247.763535,111.427750,1513.384033,-158.922607,67.155159,1537.544067,-278.399078
2464,20.533000,59.391232,1522.142700,-183.718903,158.826401,1503.037109,-246.624649,109.748856,1513.116699,-158.112091,66.707611,1537.580811,-277.930542
2465,20.542000,58.038509,1521.918091,-183.669662,158.030151,1502.618530,-245.286758,107.798737,1512.758301,-157.197937,66.293198,1537.523071,-277.574249
2466,20.550000,56.435879,1521.930420,-183.144531,157.065598,1502.214722,-243.900864,106.029213,1512.557007,-156.248215,65.907822,1537.445190,-277.294586
2467,20.558000,55.205429,1521.945435,-182.932144,156.229187,1501.868652,-242.706818,104.634117,1512.566772,-155.813202,65.386696,1537.424072,-276.907104
2468,20.567000,54.101261,1521.889648,-182.843765,155.615280,1501.892578,-241.806717,103.281136,1512.674561,-155.276001,64.918076,1537.459351,-276.552765
2469,20.575000,52.983780,1521.908081,-182.625519,154.954269,1502.101440,-240.951096,101.613358,1512.956543,-154.179398,64.415771,1537.515015,-276.274231
2470,20.583000,51.813168,1522.224976,-182.145874,154.206131,1502.245117,-240.103210,100.123299,1513.309937,-153.134720,63.886330,1537.583252,-275.995850
2471,20.592000,50.957470,1522.351318,-182.040359,153.527252,1502.513306,-239.334000,99.184792,1513.691650,-152.754654,63.408314,1537.640869,-275.763702
2472,20.600000,50.120041,1522.279053,-181.991837,152.899948,1502.815552,-238.714249,98.307335,1513.814087,-152.549057,62.899364,1537.702271,-275.460388
2473,20.608000,49.167538,1522.136597,-181.822632,152.267090,1503.004395,-238.177292,97.328499,1513.657471,-152.308838,62.334583,1537.758301,-275.149292
2474,20.617000,48.129230,1521.997925,-181.614212,151.654953,1503.081909,-237.555344,96.141151,1513.497925,-151.895386,61.782082,1537.813354,-274.822754
2475,20.625000,46.971500,1522.020264,-181.295105,150.995071,1503.119629,-236.872833,94.784836,1513.138916,-151.397629,61.217426,1537.840820,-274.408936
2476,20.633000,45.902184,1521.760620,-181.300797,150.218811,1502.921387,-235.966156,93.572372,1512.997314,-150.784286,60.755482,1537.849609,-274.072235
2477,20.642000,44.745518,1521.553101,-181.258438,149.482986,1502.732300,-234.998947,92.143784,1512.844849,-150.415329,60.319225,1537.842041,-273.812592
2478,20.650000,43.492546,1521.534302,-181.168015,148.718170,1502.447144,-234.146164,90.665062,1512.741699,-149.863602,59.957066,1537.803223,-273.589447
2479,20.658000,42.128719,1521.592163,-181.156723,147.931793,1502.093384,-233.273605,89.032501,1512.623535,-149.537643,59.631886,1537.763184,-273.388092
2480,20.667000,40.774643,1521.665405,-181.284286,147.148560,1501.821045,-232.239487,87.268600,1512.613770,-149.172836,59.304379,1537.693604,-273.220947
2481,20.675000,39.508255,1521.852417,-181.296585,146.422379,1501.721436,-231.233994,85.814285,1512.911011,-148.537079,58.892612,1537.645020,-273.094238
2482,20.683000,38.355843,1522.008057,-181.216339,145.710678,1501.659546,-230.448547,84.177383,1513.159668,-147.922516,58.542976,1537.599731,-272.942902
2483,20.692000,36.942314,1522.116699,-181.125259,145.027924,1501.567505,-229.849518,82.577820,1513.219116,-147.687317,58.037766,1537.583496,-272.851898
2484,20.700000,35.919586,1522.097534,-181.148315,144.307312,1501.540039,-229.250656,81.251999,1513.199219,-147.470612,57.469833,1537.591797,-272.643341
2485,20.708000,34.886448,1521.923706,-181.124924,143.598267,1501.583130,-228.666611,80.201820,1512.916382,-147.002136,56.920837,1537.593140,-272.360107
2486,20.717000,33.836216,1521.568970,-180.891708,142.945465,1501.661255,-228.040497,79.222183,1512.555176,-146.825241,56.405396,1537.427368,-272.178467
2487,20.725000,32.663052,1521.245972,-180.627197,142.282867,1501.504272,-227.550522,78.051636,1512.142944,-146.573227,55.851238,1537.318237,-271.954742
2488,20.733000,31.536856,1520.813843,-180.590012,141.597076,1501.264771,-226.946320,76.410370,1511.594482,-146.358902,55.307850,1537.228882,-271.642700
2489,20.742000,30.261707,1520.486572,-180.542938,140.878418,1500.925781,-226.225769,74.981491,1511.169678,-145.846695,54.791885,1537.135864,-271.329742
2490,20.750000,28.953989,1520.280396,-180.496140,139.988007,1500.550903,-225.226273,73.461197,1510.504028,-145.482925,54.365948,1536.999146,-271.032837
2491,20.758000,27.620064,1520.255981,-180.416718,139.084137,1500.253540,-224.271759,71.772453,1510.294800,-145.023651,53.944191,1536.898560,-270.769653
2492,20.767000,26.343391,1520.252930,-180.491333,138.319077,1499.918579,-223.380920,70.309303,1510.423462,-144.608231,53.614117,1536.745239,-270.599121
2493,20.775000,25.107664,1520.403320,-180.613510,137.402939,1499.475098,-222.505249,68.609093,1510.353271,-144.355957,53.224632,1536.655518,-270.446472
2494,20.783000,23.900703,1520.616821,-180.692062,136.477356,1499.229736,-221.580399,67.063911,1510.519165,-144.091644,52.878647,1536.603760,-270.315094
2495,20.792000,22.837030,1520.785156,-180.847534,135.640060,1499.151489,-220.744965,65.849388,1510.812866,-143.864227,52.532742,1536.575806,-270.236237
2496,20.800000,21.822952,1520.946167,-180.968964,135.028458,1499.161987,-220.218979,64.614265,1511.083496,-143.650299,52.157837,1536.564575,-270.214722
2497,20.808000,20.866402,1521.004150,-181.159286,134.529236,1499.241089,-219.831985,63.366451,1511.118652,-143.611954,51.727779,1536.534180,-270.222260
2498,20.817000,20.070864,1520.938965,-181.297897,134.026993,1499.414673,-219.549271,62.314789,1511.137573,-143.555786,51.294464,1536.504883,-270.168457
2499,20.825000,19.105513,1520.812622,-181.431366,133.503159,1499.541382,-219.142380,61.204491,1511.041382,-143.454330,50.840038,1536.481445,-270.104645
2500,20.833000,18.052626,1520.672119,-181.528229,132.905197,1499.550293,-218.608337,59.953941,1510.958008,-143.281876,50.424782,1536.414795,-270.029572
2501,20.842000,16.967861,1520.494751,-181.713318,132.185974,1499.438721,-218.017014,58.582142,1510.735107,-143.197739,50.029263,1536.332520,-269.984619
2502,20.850000,15.841857,1520.339355,-181.986877,131.499954,1499.145752,-217.413086,57.092808,1510.456665,-143.118042,49.665096,1536.242188,-269.908508
2503,20.858000,14.694131,1520.322388,-182.263718,130.774826,1498.789062,-216.850357,55.466122,1510.407715,-142.897552,49.369427,1536.129028,-269.827789
2504,20.867000,13.509645,1520.455933,-182.511093,129.952179,1498.409912,-216.063385,53.969143,1510.387817,-142.878067,49.124634,1536.041382,-269.772400
2505,20.875000,12.455324,1520.628052,-182.758636,129.039307,1498.070190,-215.113785,52.546440,1510.530884,-142.839752,48.905621,1535.934448,-269.752106
2506,20.883000,11.511944,1520.769531,-183.190262,128.208206,1497.850708,-214.313904,51.242352,1510.750977,-142.745193,48.730179,1535.865112,-269.764130
2507,20.892000,10.699904,1520.898560,-183.483597,127.564041,1497.713745,-213.836990,50.214046,1510.877563,-142.760117,48.509987,1535.833984,-269.795105
2508,20.900000,9.965072,1520.929932,-183.724045,127.074257,1497.702271,-213.602875,49.303448,1510.985596,-142.806000,48.284405,1535.788452,-269.822632
2509,20.908000,9.315819,1520.804810,-183.952148,126.700294,1497.750244,-213.378693,48.397026,1511.070801,-142.852249,48.002792,1535.777832,-269.897247
2510,20.917000,8.656141,1520.686768,-184.152451,126.345184,1497.796997,-213.230698,47.542450,1511.099365,-142.910004,47.725380,1535.769287,-269.948334
2511,20.925000,7.943701,1520.615479,-184.426224,125.986160,1497.872559,-213.054428,46.717197,1511.079956,-143.035965,47.452587,1535.783813,-270.018311
2512,20.933000,7.106505,1520.621216,-184.750916,125.574272,1497.974487,-212.725327,45.804100,1511.133423,-143.104736,47.170109,1535.799683,-270.134552
2513,20.942000,6.272780,1520.630493,-185.239151,124.996094,1498.086426,-212.263809,44.541870,1511.261963,-143.178009,46.906342,1535.852783,-270.243225
2514,20.950000,5.145491,1520.782593,-185.736282,124.248550,1498.116943,-211.689941,42.944675,1511.473633,-143.327545,46.617840,1535.897095,-270.345886
2515,20.958000,3.878828,1521.005005,-186.257019,123.395447,1498.000732,-211.050735,41.299294,1511.651123,-143.456070,46.382900,1535.898682,-270.396393
2516,20.967000,2.496515,1521.336670,-186.823502,122.399200,1497.960083,-210.149475,39.307003,1512.007446,-143.583862,46.112537,1535.927002,-270.479248
2517,20.975000,1.115155,1521.670166,-187.385269,121.390701,1497.912354,-209.242859,37.247208,1512.591553,-143.567368,45.807549,1535.924805,-270.501556
2518,20.983000,-0.164526,1521.914551,-187.830383,120.323929,1497.763550,-208.366577,35.548054,1512.680542,-143.764648,45.451881,1535.891846,-270.494507
2519,20.992000,-1.392047,1522.001587,-188.236404,119.367172,1497.610229,-207.585205,33.966019,1512.813110,-143.811218,45.046959,1535.872681,-270.444397
2520,21.000000,-2.489502,1521.924194,-188.433426,118.547035,1497.525024,-207.012192,32.337204,1512.927612,-143.792221,44.556355,1535.803589,-270.387421
2521,21.008000,-3.497554,1521.608643,-188.617157,117.851418,1497.607300,-206.508163,31.040028,1512.695679,-143.842178,43.941029,1535.736450,-270.285767
2522,21.017000,-4.504587,1521.199585,-188.685928,117.249519,1497.753784,-206.098663,29.986057,1512.292847,-143.842789,43.420094,1535.620361,-270.201172
2523,21.025000,-5.555188,1520.819824,-188.878494,116.559021,1497.854614,-205.686630,28.465038,1512.350952,-143.665649,42.843834,1535.642944,-269.858856
2524,21.033000,-6.622890,1520.575317,-189.217285,115.804764,1497.865112,-205.020615,27.056177,1512.055176,-143.754166,42.340958,1535.637695,-269.665436
2525,21.042000,-7.798306,1520.475098,-189.679932,114.804939,1497.820557,-204.225937,25.763391,1511.666138,-143.900192,41.933079,1535.535034,-269.638092
2526,21.050000,-9.025476,1520.543335,-190.145981,113.644829,1497.729492,-203.270126,23.908611,1511.733032,-143.956573,41.565205,1535.411621,-269.725464
2527,21.058000,-10.535632,1520.781128,-190.729660,112.467834,1497.557007,-202.137741,21.810225,1512.116455,-144.176727,41.277218,1535.252075,-269.870148
2528,21.067000,-11.876903,1521.071655,-191.426605,111.117996,1497.666382,-200.690308,19.980835,1512.362671,-144.350677,41.013817,1535.066772,-270.016937
2529,21.075000,-13.177603,1521.334961,-192.062653,109.844612,1497.676636,-199.622360,18.051710,1512.786133,-144.682037,40.707348,1534.966431,-270.088531
2530,21.083000,-14.292800,1521.526978,-192.626709,108.786926,1497.656982,-198.867249,16.083868,1513.535278,-144.810379,40.328079,1534.944092,-270.120789
2531,21.092000,-15.324741,1521.624023,-193.027344,107.824524,1497.638428,-198.407852,14.885258,1513.395142,-145.086014,39.887951,1534.930298,-270.136597
2532,21.100000,-16.241106,1521.565063,-193.270432,107.116837,1497.730347,-198.122589,14.022750,1513.283936,-145.265656,39.379456,1534.965698,-270.056213
2533,21.108000,-17.008057,1521.322632,-193.475403,106.249115,1498.256348,-197.399124,12.839253,1513.628540,-145.270462,38.780033,1535.041016,-269.893585
2534,21.117000,-17.558653,1520.827515,-193.835129,105.745033,1498.655518,-197.223770,11.588292,1513.761108,-145.413895,38.255535,1535.081909,-269.805695
2535,21.125000,-18.485846,1520.703735,-193.973633,105.320763,1498.923584,-197.086334,10.473884,1513.654053,-145.582520,37.803513,1535.101807,-269.932098
2536,21.133000,-19.476368,1520.536865,-194.266632,104.811424,1499.103149,-196.857788,9.940137,1512.693726,-145.659973,37.300442,1535.074219,-269.961151
2537,21.142000,-20.636965,1520.520142,-194.682846,103.761673,1499.262451,-196.195206,8.692563,1512.397095,-145.955185,36.907787,1534.959473,-269.986206
2538,21.150000,-21.563223,1520.260376,-195.706558,102.675972,1499.270142,-195.569321,6.642320,1512.856079,-146.275146,36.610058,1534.881226,-270.056732
2539,21.158000,-23.205456,1520.805420,-196.377289,101.307205,1498.657959,-194.850647,4.894812,1512.712524,-146.866959,36.166115,1534.902832,-270.012543
2540,21.167000,-24.776375,1521.282349,-197.382614,99.775040,1498.131714,-194.058548,2.611493,1513.357056,-147.506775,35.882217,1534.918579,-270.072632
2541,21.175000,-26.148720,1521.725464,-198.443893,98.257401,1497.918457,-193.298538,0.442214,1514.067627,-147.969315,35.615360,1534.968384,-270.156433
2542,21.183000,-27.599321,1522.271118,-198.970749,96.909058,1498.000000,-192.509613,-1.259421,1514.239258,-148.529587,35.276997,1535.015503,-270.212799
2543,21.192000,-29.011530,1522.580322,-199.502060,95.670677,1498.284790,-191.864380,-2.910935,1514.771484,-149.053024,34.863968,1535.073242,-270.243958
2544,21.200000,-30.110302,1522.513916,-200.069229,94.517799,1498.580200,-191.475891,-4.558375,1515.048096,-149.350464,34.445786,1535.131348,-270.384338
2545,21.208000,-31.078100,1522.276489,-200.417511,93.493439,1498.894165,-191.186096,-5.494426,1514.569946,-149.601898,33.811028,1535.262451,-270.368591
2546,21.217000,-32.074051,1522.048584,-200.602448,92.622375,1499.254761,-190.931656,-6.681966,1514.384644,-149.781754,33.065853,1535.365479,-270.345947
2547,21.225000,-33.003746,1521.771240,-200.948975,91.837738,1499.622803,-190.709717,-7.975694,1514.319092,-149.989120,32.428780,1535.458984,-270.334961
2548,21.233000,-34.092991,1521.685425,-201.473831,90.962929,1499.952393,-190.409637,-9.443917,1514.630737,-150.301270,31.888763,1535.509521,-270.359741
2549,21.242000,-35.377422,1521.688354,-202.032990,89.926109,1500.104736,-189.943359,-11.137523,1514.686035,-150.687714,31.384796,1535.498657,-270.424286
2550,21.250000,-36.665115,1521.697266,-202.834198,88.687241,1500.122314,-189.345337,-12.926018,1514.847900,-151.139603,30.908848,1535.560913,-270.433502
2551,21.258000,-37.864220,1521.935425,-203.508713,87.207237,1500.044556,-188.738373,-14.932734,1514.966919,-151.673309,30.499361,1535.620239,-270.425964
2552,21.267000,-39.229809,1522.046387,-204.535660,85.683922,1499.915161,-187.999023,-16.898083,1515.116577,-152.268066,30.127806,1535.645630,-270.385101
2553,21.275000,-40.514816,1522.477051,-205.313126,84.208282,1499.813110,-187.313950,-18.675165,1515.370483,-152.902649,29.700956,1535.699829,-270.324585
2554,21.283000,-41.551376,1522.900024,-205.940674,82.808289,1499.678101,-186.731400,-20.537071,1515.908691,-153.486191,29.255171,1535.721191,-270.276794
2555,21.292000,-42.469185,1522.708984,-207.061935,81.515610,1499.567139,-186.236588,-22.029415,1516.230469,-154.047150,28.783415,1535.752197,-270.247070
2556,21.300000,-43.718987,1522.970581,-207.559479,80.413345,1499.600586,-185.890030,-23.417339,1516.331543,-154.522308,28.314081,1535.779541,-270.279602
2557,21.308000,-44.793159,1523.135864,-207.824799,79.497704,1499.671997,-185.639420,-24.782074,1516.270874,-155.140076,27.839025,1535.780151,-270.302887
2558,21.317000,-45.458256,1522.657593,-208.690918,78.710350,1499.718994,-185.464996,-26.121141,1516.011230,-155.497192,27.345173,1535.822266,-270.339935
2559,21.325000,-46.312412,1522.392700,-209.676331,77.930954,1499.674561,-185.356613,-27.444395,1515.873169,-155.960022,26.898230,1535.836304,-270.419708
2560,21.333000,-47.144287,1522.258911,-210.560577,77.065079,1499.661743,-185.211731,-28.787371,1515.813477,-156.744705,26.519119,1535.843506,-270.523468
2561,21.342000,-48.033562,1522.207520,-211.263504,76.105705,1499.659180,-184.999191,-30.138611,1515.732422,-157.471527,26.183064,1535.857544,-270.675079
2562,21.350000,-48.924568,1522.221069,-212.071503,75.103943,1499.669922,-184.744995,-31.484198,1515.738037,-158.119156,25.911293,1535.889648,-270.841370
2563,21.358000,-49.798775,1522.280762,-212.971405,73.961311,1499.706299,-184.422348,-32.896412,1516.019287,-158.831772,25.659826,1535.923706,-271.000427
2564,21.367000,-50.630989,1522.333740,-213.719070,72.898232,1499.710327,-184.191772,-34.037693,1515.997803,-159.629990,25.423624,1535.933716,-271.158020
2565,21.375000,-51.411411,1522.399780,-214.411392,71.916756,1499.684570,-184.010590,-35.149239,1515.622559,-160.166458,25.161264,1535.937988,-271.349731
2566,21.383000,-52.006275,1522.337524,-215.070801,71.113098,1499.653076,-183.877029,-36.175415,1515.576416,-160.691177,24.942188,1535.933105,-271.506653
2567,21.392000,-52.534943,1522.220825,-215.598206,70.498306,1499.654419,-183.848785,-36.995926,1515.511353,-161.341370,24.723339,1535.916260,-271.694305
2568,21.400000,-53.031284,1522.026367,-216.104523,70.064606,1499.713745,-183.873856,-37.589863,1515.343994,-161.773972,24.495720,1535.917236,-271.846466
2569,21.408000,-53.449097,1521.855591,-216.457611,69.773232,1499.842285,-183.943527,-38.083572,1515.192749,-162.141724,24.283270,1535.923706,-272.010223
2570,21.417000,-53.857285,1521.671875,-216.839569,69.582291,1499.995605,-183.991165,-38.568970,1515.354736,-162.518814,24.063095,1535.930908,-272.160339
2571,21.425000,-54.229729,1521.470947,-217.249924,69.352959,1500.092773,-184.051422,-39.119473,1515.282837,-162.859253,23.901920,1535.909668,-272.299957
2572,21.433000,-54.650219,1521.403564,-217.649429,69.063789,1500.091797,-184.051025,-40.138653,1515.329346,-163.084732,23.761635,1535.887207,-272.449158
2573,21.442000,-55.121082,1521.372925,-218.128143,68.679016,1500.017456,-184.018631,-40.822025,1515.243652,-163.549606,23.659983,1535.839233,-272.560242
2574,21.450000,-55.562458,1521.368530,-218.741455,68.260345,1499.911865,-183.937729,-41.454815,1515.059814,-164.132523,23.611515,1535.799194,-272.664825
2575,21.458000,-55.955257,1521.411499,-219.312927,67.836777,1499.841919,-183.848068,-42.079548,1514.948120,-164.606598,23.567741,1535.751465,-272.779236
2576,21.467000,-56.303787,1521.370239,-219.821060,67.390663,1499.747925,-183.748627,-42.519291,1514.808472,-165.153839,23.526285,1535.716064,-272.881042
2577,21.475000,-56.628910,1521.375366,-220.234070,66.958458,1499.747803,-183.716904,-43.138828,1514.685303,-165.833832,23.463947,1535.726807,-272.990479
2578,21.483000,-56.916374,1521.413574,-220.630081,66.508316,1499.878052,-183.673676,-43.710323,1514.810791,-166.259628,23.390411,1535.760986,-273.126495
2579,21.492000,-57.188663,1521.502808,-221.043915,66.075836,1500.018311,-183.583862,-44.139622,1514.983521,-166.555252,23.358204,1535.800415,-273.246338
2580,21.500000,-57.444630,1521.656006,-221.428635,65.619171,1500.102173,-183.532745,-44.508778,1515.175537,-166.845520,23.324284,1535.875488,-273.372528
2581,21.508000,-57.586853,1521.675049,-221.825043,65.217995,1500.128296,-183.466171,-44.866604,1515.348145,-167.113388,23.301994,1535.921875,-273.461060
2582,21.517000,-57.860123,1521.737671,-222.148361,64.883263,1500.118286,-183.444168,-45.208279,1515.426025,-167.389664,23.221895,1535.956543,-273.545471
2583,21.525000,-58.088783,1521.751587,-222.428085,64.639145,1500.156372,-183.434265,-45.552811,1515.448120,-167.657913,23.125984,1535.995117,-273.640869
2584,21.533000,-58.291588,1521.761230,-222.638031,64.497658,1500.214355,-183.465866,-45.836845,1515.679077,-167.781723,23.007626,1536.055908,-273.752960
2585,21.542000,-58.433483,1521.808594,-222.860397,64.387520,1500.348633,-183.528000,-46.064762,1515.842041,-167.983627,22.913523,1536.116211,-273.870239
2586,21.550000,-58.610134,1521.806519,-223.115479,64.296165,1500.539673,-183.594574,-46.259624,1515.992676,-168.216019,22.837778,1536.170166,-273.971558
2587,21.558000,-58.785995,1521.770020,-223.428192,64.205490,1500.737061,-183.648209,-46.566132,1516.315430,-168.558411,22.715153,1536.236206,-274.162994
2588,21.567000,-58.958611,1521.773682,-223.763077,64.094711,1500.818481,-183.695236,-46.825039,1516.404175,-168.857758,22.653080,1536.292969,-274.282990
2589,21.575000,-59.165951,1521.819214,-224.042435,63.972839,1500.884399,-183.781448,-47.092781,1516.462524,-169.126419,22.607664,1536.348999,-274.413910
2590,21.583000,-59.269428,1521.876099,-224.294052,63.824436,1500.987549,-183.848679,-47.829811,1516.868408,-169.161804,22.572523,1536.415527,-274.574341
2591,21.592000,-59.307674,1521.946777,-224.437424,63.689156,1501.058716,-183.940323,-47.957039,1517.005737,-169.404236,22.503759,1536.493896,-274.726135
2592,21.600000,-59.290703,1522.002075,-224.553741,63.665806,1501.070557,-184.048218,-47.886345,1516.993042,-169.536255,22.528063,1536.561768,-274.849792
2593,21.608000,-59.188576,1522.006226,-224.556625,63.712769,1501.032715,-184.195587,-47.699440,1516.899292,-169.535675,22.561798,1536.599365,-274.950562
2594,21.617000,-59.024330,1521.970825,-224.458221,63.857494,1501.040649,-184.352341,-47.493862,1516.762329,-169.458679,22.608587,1536.595703,-275.020416
2595,21.625000,-58.884632,1521.926880,-224.306168,64.094948,1501.102783,-184.573181,-46.655312,1516.005371,-169.377182,22.552744,1536.615601,-275.115631
2596,21.633000,-58.711849,1521.885986,-224.172653,64.406662,1501.174072,-184.812988,-46.237041,1515.880859,-169.225571,22.569412,1536.645752,-275.194336
2597,21.642000,-58.534428,1521.973877,-224.119461,64.602844,1501.239746,-184.959869,-46.005810,1515.943848,-169.144455,22.618990,1536.673950,-275.288666
2598,21.650000,-58.450043,1522.095703,-224.172043,64.731361,1501.246338,-185.026062,-45.896748,1516.052002,-169.190994,22.707039,1536.691528,-275.367523
2599,21.658000,-58.392170,1522.224365,-224.328079,64.762421,1501.245728,-185.065598,-45.906841,1516.176025,-169.316040,22.795744,1536.698975,-275.441040
2600,21.667000,-58.392799,1522.376465,-224.517380,64.708580,1501.185181,-185.083069,-46.074024,1516.637085,-169.615662,22.900320,1536.689697,-275.521210
2601,21.675000,-58.375366,1522.431885,-224.660522,64.678871,1501.116333,-185.134003,-46.196590,1516.749512,-169.772827,22.974146,1536.682983,-275.650116
2602,21.683000,-58.315811,1522.413818,-224.739471,64.716164,1501.096313,-185.219040,-46.144184,1516.691772,-169.854156,23.024473,1536.673340,-275.732117
2603,21.692000,-58.232845,1522.275513,-224.716873,64.814377,1501.056885,-185.336105,-46.051243,1516.467285,-169.726547,23.057344,1536.690674,-275.810089
2604,21.700000,-58.117390,1522.117432,-224.605347,64.969566,1501.056396,-185.484421,-45.596668,1516.000122,-169.635971,23.057648,1536.706421,-275.880127
2605,21.708000,-57.969372,1521.965576,-224.419220,65.171951,1501.016235,-185.672501,-45.285049,1515.772583,-169.540298,23.035486,1536.743164,-275.952545
2606,21.717000,-57.842945,1521.830933,-224.246490,65.411369,1500.945801,-185.848160,-44.988670,1515.581665,-169.390930,23.045639,1536.749634,-275.994385
2607,21.725000,-57.712036,1521.794922,-224.106918,65.657516,1500.912109,-186.027603,-44.614220,1515.373291,-169.391693,23.074766,1536.749878,-276.070679
2608,21.733000,-57.527302,1521.820557,-223.953018,65.904114,1500.862793,-186.155151,-44.256596,1515.823364,-169.164536,23.120556,1536.779053,-276.118439
2609,21.742000,-57.330231,1521.933472,-223.870316,66.117485,1500.891357,-186.296890,-44.059906,1515.854126,-169.345139,23.218996,1536.803345,-276.167450
2610,21.750000,-57.191898,1522.091309,-223.828293,66.299553,1500.973022,-186.389084,-43.862423,1516.029663,-169.359238,23.272228,1536.822876,-276.263458
2611,21.758000,-57.099453,1522.210571,-223.817459,66.380440,1501.047852,-186.455414,-43.686989,1516.116455,-169.321350,23.329905,1536.833984,-276.311646
2612,21.767000,-57.001198,1522.303101,-223.829941,66.425797,1501.056152,-186.484192,-43.577007,1516.185303,-169.334381,23.374392,1536.829102,-276.375336
2613,21.775000,-56.975441,1522.329712,-223.872833,66.481522,1501.017456,-186.526794,-43.570587,1516.180664,-169.383194,23.393751,1536.810059,-276.441071
2614,21.783000,-56.945328,1522.323486,-223.943741,66.452370,1500.943604,-186.586960,-43.606022,1516.119751,-169.439117,23.389341,1536.787109,-276.481445
2615,21.792000,-56.983810,1522.330444,-224.002197,66.409119,1500.794800,-186.588821,-43.659248,1516.042969,-169.479248,23.396839,1536.755127,-276.512512
2616,21.800000,-56.995155,1522.297241,-224.013977,66.370674,1500.728638,-186.664154,-43.672512,1515.982300,-169.497314,23.381250,1536.727905,-276.528687
2617,21.808000,-56.999958,1522.267822,-224.009796,66.404121,1500.701172,-186.730728,-43.623039,1515.903442,-169.513275,23.329590,1536.712769,-276.585785
2618,21.817000,-56.982365,1522.204712,-223.923492,66.513222,1500.703247,-186.839279,-43.504597,1515.859619,-169.465012,23.256292,1536.702026,-276.620972
2619,21.825000,-56.935741,1522.191528,-223.771072,66.678726,1500.713623,-187.009979,-43.278297,1515.866943,-169.377869,23.194754,1536.723633,-276.692505
2620,21.833000,-56.830326,1522.127441,-223.602966,66.889786,1500.726440,-187.190277,-42.902107,1516.011963,-169.032333,23.141226,1536.718628,-276.747253
2621,21.842000,-56.711601,1522.069824,-223.446335,67.147194,1500.781860,-187.376663,-42.639561,1516.011963,-168.884964,23.135820,1536.690796,-276.789978
2622,21.850000,-56.658077,1522.036377,-223.326584,67.355705,1500.851562,-187.492630,-42.436497,1516.018677,-168.807632,23.092258,1536.665039,-276.859070
2623,21.858000,-56.614304,1521.953369,-223.261047,67.507385,1500.806519,-187.579498,-42.329807,1515.973633,-168.763184,23.054585,1536.636719,-276.879181
2624,21.867000,-56.559963,1521.876343,-223.235458,67.615250,1500.700073,-187.661346,-42.270180,1515.927734,-168.736679,23.032944,1536.601685,-276.949371
2625,21.875000,-56.548790,1521.819336,-223.246964,67.688568,1500.633789,-187.724411,-42.201572,1515.857178,-168.726456,23.040010,1536.530151,-276.969666
2626,21.883000,-56.506149,1521.764282,-223.254166,67.747650,1500.560913,-187.768295,-42.143997,1515.782104,-168.734375,23.033854,1536.457153,-277.024872
2627,21.892000,-56.447590,1521.650391,-223.236252,67.801132,1500.437744,-187.821426,-42.074284,1515.668945,-168.742722,23.037975,1536.404175,-277.049622
2628,21.900000,-56.400257,1521.493286,-223.212326,67.879311,1500.322632,-187.904968,-41.996914,1515.505859,-168.689987,23.062939,1536.329712,-277.087646
2629,21.908000,-56.330166,1521.355103,-223.160675,67.996071,1500.191650,-188.005951,-41.902122,1515.292725,-168.632782,23.023577,1536.248047,-277.117615
2630,21.917000,-56.216957,1521.196289,-223.046204,68.169746,1500.040161,-188.093567,-41.738880,1515.154907,-168.514969,22.998547,1536.200195,-277.149658
2631,21.925000,-56.190430,1521.185425,-222.856949,68.378220,1499.996338,-188.246338,-41.393593,1514.831665,-168.441071,22.995527,1536.138794,-277.161591
2632,21.933000,-56.107689,1521.084717,-222.692368,68.660774,1500.010498,-188.345810,-41.142860,1514.765869,-168.321503,22.997204,1536.106079,-277.198547
2633,21.942000,-55.971386,1520.966064,-222.523346,68.965576,1500.004272,-188.450546,-40.842762,1514.694946,-168.192856,22.999125,1536.050293,-277.234467
2634,21.950000,-55.819443,1520.872559,-222.366745,69.230988,1499.960327,-188.567886,-40.550049,1514.662598,-168.048752,23.038990,1535.986572,-277.274078
2635,21.958000,-55.630215,1520.769165,-222.216171,69.482887,1499.911743,-188.666687,-40.223412,1514.618408,-167.917145,23.094028,1535.911499,-277.300415
2636,21.967000,-55.396976,1520.604858,-222.027466,69.718407,1499.870239,-188.763550,-39.861336,1514.557739,-167.801529,23.163975,1535.837769,-277.304565
2637,21.975000,-55.134121,1520.399536,-221.781204,69.986450,1499.777100,-188.856842,-39.398853,1514.297241,-167.590027,23.253418,1535.746704,-277.299866
2638,21.983000,-54.725800,1520.045532,-221.485886,70.365044,1499.593506,-188.979340,-38.897373,1514.021606,-167.361481,23.349430,1535.593262,-277.273773
2639,21.992000,-54.271362,1519.624878,-221.179718,70.818733,1499.452026,-189.169785,-38.337540,1513.704712,-167.090958,23.427380,1535.485596,-277.259521
2640,22.000000,-53.902863,1519.305542,-220.877213,71.370758,1499.289673,-189.425858,-37.689617,1513.299194,-166.825012,23.535231,1535.362427,-277.244232
2641,22.008000,-53.532997,1519.155029,-220.605377,71.981255,1499.130493,-189.695297,-37.159332,1513.131836,-166.594269,23.692804,1535.244751,-277.247314
2642,22.017000,-53.170452,1519.089233,-220.396225,72.497925,1498.987915,-189.891479,-36.613796,1513.032349,-166.444931,23.923359,1535.140015,-277.257843
2643,22.025000,-52.786983,1519.097778,-220.244644,72.943184,1498.932983,-190.057999,-36.106739,1513.046021,-166.355286,24.153130,1535.051758,-277.278595
2644,22.033000,-52.375557,1519.183594,-220.182083,73.359131,1498.943970,-190.212097,-35.535732,1513.040527,-166.284225,24.405283,1535.002319,-277.350372
2645,22.042000,-52.011726,1519.260010,-220.120224,73.770630,1498.970947,-190.334061,-35.043201,1513.181396,-166.211685,24.663544,1534.962891,-277.389374
2646,22.050000,-51.591160,1519.264282,-219.999725,74.199966,1498.961792,-190.462936,-34.526920,1513.334717,-166.129990,24.920980,1534.907837,-277.450867
2647,22.058000,-51.178715,1519.173462,-219.849182,74.663078,1498.912231,-190.647858,-33.931892,1513.360352,-165.942383,25.151440,1534.851807,-277.535522
2648,22.067000,-50.726948,1519.074097,-219.546783,75.217873,1498.790405,-190.853867,-33.276409,1513.239624,-165.687622,25.369574,1534.800415,-277.555420
2649,22.075000,-50.311535,1519.080933,-219.054810,75.869400,1498.651367,-191.094574,-32.531410,1513.005859,-165.401459,25.531637,1534.756470,-277.544037
2650,22.083000,-49.882259,1518.867432,-218.610641,76.601257,1498.512695,-191.363373,-31.889357,1512.720337,-165.019928,25.718328,1534.691406,-277.525970
2651,22.092000,-49.328270,1518.519531,-218.255676,77.305801,1498.482910,-191.695068,-30.995647,1512.328857,-164.755554,25.848789,1534.620850,-277.528748
2652,22.100000,-48.769978,1518.243408,-217.851501,77.964058,1498.462524,-191.932373,-30.175232,1511.999023,-164.421402,26.022585,1534.545776,-277.532715
2653,22.108000,-48.257885,1518.034302,-217.456100,78.590912,1498.427368,-192.149063,-29.440762,1511.965820,-164.207581,26.252247,1534.469727,-277.550079
2654,22.117000,-47.777306,1517.926270,-217.190063,79.101219,1498.462402,-192.372818,-28.668375,1511.608643,-164.055084,26.488396,1534.411865,-277.640564
2655,22.125000,-47.262360,1517.900513,-217.018326,79.598961,1498.508667,-192.533386,-28.059952,1511.719238,-163.855698,26.788338,1534.362549,-277.757812
2656,22.133000,-46.726089,1518.015259,-216.880722,80.062744,1498.536255,-192.655975,-27.506430,1512.186035,-163.763382,27.156750,1534.328491,-277.863556
2657,22.142000,-46.244904,1518.218872,-216.760162,80.527260,1498.520020,-192.802277,-26.890520,1512.432861,-163.738327,27.494299,1534.326904,-278.003265
2658,22.150000,-45.965534,1518.428589,-216.520416,81.006912,1498.473877,-192.982758,-26.222178,1512.561401,-163.736450,27.926390,1534.258789,-278.128235
2659,22.158000,-45.164833,1518.369995,-216.513245,81.508163,1498.414185,-193.191376,-25.521727,1512.677734,-163.598770,28.326744,1534.194092,-278.262238
2660,22.167000,-44.613132,1518.505249,-216.047943,82.137642,1498.323120,-193.381958,-24.737156,1512.683716,-163.371033,28.703732,1534.087158,-278.303925
2661,22.175000,-44.117264,1518.544189,-215.411224,82.877937,1498.248535,-193.660721,-23.532387,1512.271240,-163.188995,29.077414,1533.975464,-278.364471
2662,22.183000,-43.628597,1518.390625,-214.690460,83.747383,1498.196167,-194.038681,-22.473497,1512.008545,-162.911591,29.352983,1533.864380,-278.408112
2663,22.192000,-43.109287,1518.015015,-213.983902,84.676041,1498.175171,-194.453079,-21.471325,1511.672363,-162.535934,29.598789,1533.736206,-278.409027
2664,22.200000,-42.476131,1517.541382,-213.732880,85.591614,1498.105347,-194.848694,-20.713179,1511.420410,-162.094467,29.838787,1533.627563,-278.395081
2665,22.208000,-41.694641,1517.217896,-213.718582,86.449257,1497.986450,-195.182831,-19.829124,1511.075928,-161.753143,30.083399,1533.532349,-278.361206
2666,22.217000,-40.862202,1516.966797,-213.681870,87.135590,1497.871582,-195.431046,-18.976490,1510.999756,-161.484055,30.383307,1533.450195,-278.339417
2667,22.225000,-40.260521,1516.874634,-213.497086,87.706894,1497.833130,-195.580048,-18.202309,1511.231689,-161.372940,30.712130,1533.372192,-278.334351
2668,22.233000,-39.871124,1517.182861,-212.988617,88.210846,1497.819336,-195.648285,-17.537918,1511.372925,-161.215118,30.996292,1533.336914,-278.314819
2669,22.242000,-39.660301,1517.360962,-212.494553,88.686531,1497.867554,-195.780090,-16.905458,1511.483887,-160.995422,31.227287,1533.307495,-278.321228
2670,22.250000,-39.434326,1517.367920,-212.083496,89.224091,1497.992432,-195.967972,-16.315886,1511.567993,-160.720917,31.439253,1533.267334,-278.322449
2671,22.258000,-39.096844,1517.310669,-211.742081,89.927315,1498.156250,-196.212112,-15.373350,1511.336914,-160.428757,31.555309,1533.271606,-278.348053
2672,22.267000,-37.698166,1516.912842,-211.583801,90.729530,1498.385254,-196.581558,-14.380527,1511.466431,-160.122818,31.698816,1533.276611,-278.359100
2673,22.275000,-36.914028,1516.804199,-211.066788,91.604004,1498.594727,-196.973282,-13.375839,1511.515747,-159.727158,31.842110,1533.312988,-278.385834
2674,22.283000,-36.399887,1516.753418,-210.509705,92.489975,1498.841797,-197.415894,-12.200962,1511.327271,-159.478806,32.045639,1533.335815,-278.438873
2675,22.292000,-35.816757,1516.729980,-210.048950,93.343521,1499.054932,-197.860260,-11.180513,1511.376099,-159.257507,32.239319,1533.356445,-278.426270
2676,22.300000,-35.034103,1516.737427,-209.800491,94.094185,1499.161377,-198.231445,-10.279119,1511.621704,-159.012558,32.558174,1533.382935,-278.513031
2677,22.308000,-34.092499,1516.787964,-209.678528,94.867462,1499.111694,-198.438370,-9.412065,1511.772583,-158.831482,32.904751,1533.333374,-278.591431
2678,22.317000,-33.434048,1516.997070,-209.393509,95.634178,1498.951416,-198.720932,-8.567669,1511.907227,-158.660080,33.272495,1533.323364,-278.644531
2679,22.325000,-32.860516,1517.058472,-209.163300,96.307526,1498.791504,-199.056458,-7.536444,1511.705688,-158.743713,33.555279,1533.402344,-278.606995
2680,22.333000,-32.198277,1516.924805,-208.848923,97.018982,1498.717773,-199.441711,-6.590326,1511.748901,-158.557297,33.838234,1533.361694,-278.608246
2681,22.342000,-31.418938,1516.817993,-208.330292,97.839111,1498.711914,-199.908066,-5.470614,1511.739990,-158.251617,34.169182,1533.272583,-278.601990
2682,22.350000,-30.459999,1516.564209,-207.779739,98.847183,1498.620850,-200.501389,-4.191288,1511.566650,-157.753296,34.463291,1533.182861,-278.578491
2683,22.358000,-29.506695,1516.343506,-207.043762,99.990387,1498.636963,-201.207153,-2.540619,1511.268555,-157.304871,34.753639,1533.114014,-278.548248
2684,22.367000,-28.369438,1515.979370,-206.269760,101.281570,1498.741455,-201.993530,-0.833271,1511.205688,-156.937836,35.069859,1532.993896,-278.550293
2685,22.375000,-26.625238,1515.451538,-205.713196,102.686638,1498.773682,-202.829086,0.820583,1510.977661,-156.557693,35.474258,1532.886841,-278.546753
2686,22.383000,-25.329950,1515.190308,-205.142639,104.027557,1498.685303,-203.530289,2.403622,1510.685913,-156.157104,36.023174,1532.710571,-278.553375
2687,22.392000,-24.288292,1515.017822,-204.690430,105.250198,1498.531006,-203.953720,4.172278,1510.072510,-155.952545,36.605545,1532.596680,-278.647430
2688,22.400000,-23.382553,1514.997681,-204.416183,105.837296,1498.154541,-204.182175,5.265395,1509.850098,-155.876236,37.198730,1532.440796,-278.706818
2689,22.408000,-22.467617,1514.898926,-204.369125,106.235413,1497.717896,-204.307556,5.928188,1509.847656,-155.777466,37.758671,1532.281616,-278.772919
2690,22.417000,-21.537714,1514.777588,-204.507889,106.751724,1497.019165,-204.659454,6.361087,1509.789307,-155.774918,38.351105,1532.093384,-278.807983
2691,22.425000,-20.823252,1514.742798,-204.635498,107.283615,1496.401489,-204.961105,6.777067,1509.914062,-155.757965,38.879974,1531.933960,-278.883270
2692,22.433000,-20.662548,1515.306885,-204.440842,107.836349,1495.933594,-205.249924,7.412571,1509.990845,-155.826141,39.390835,1531.758179,-278.943451
2693,22.442000,-20.215668,1515.578125,-204.213242,108.138458,1495.947510,-205.106796,8.659038,1509.887451,-155.920944,39.859333,1531.681396,-279.064087
2694,22.450000,-19.439878,1515.633057,-203.939758,109.105873,1495.869263,-205.935287,9.885668,1510.018066,-155.798386,40.235664,1531.683838,-279.128540
2695,22.458000,-18.050829,1515.424316,-203.526443,110.364754,1496.023315,-206.934036,11.012458,1510.244019,-155.540985,40.518841,1531.725586,-279.176514
2696,22.467000,-16.852852,1515.197876,-203.108078,111.537773,1496.258057,-207.801910,12.359737,1510.145020,-155.318878,40.771717,1531.762451,-279.170227
2697,22.475000,-15.806192,1515.048218,-202.622009,112.479401,1496.362549,-208.425110,14.003012,1510.154419,-155.255249,41.029881,1531.758301,-279.236420
2698,22.483000,-14.853400,1514.856689,-202.226486,113.252090,1496.408569,-209.062149,15.272170,1510.148682,-155.082657,41.482494,1531.508667,-279.565582
2699,22.492000,-13.893785,1514.628174,-201.958221,114.135284,1496.280151,-209.966553,16.613342,1509.791870,-154.995789,41.817596,1531.515625,-279.633728
2700,22.500000,-13.079748,1514.590698,-201.748795,115.040375,1496.005615,-210.959259,17.627522,1509.878906,-154.916718,42.187531,1531.494629,-279.648956
2701,22.508000,-12.288062,1514.564819,-201.638870,115.840515,1495.751953,-211.689896,18.429914,1510.009033,-154.945160,42.522869,1531.478516,-279.694855
2702,22.517000,-11.524751,1514.579834,-201.578995,116.510551,1495.590088,-212.099884,19.105211,1510.231812,-154.989044,42.944092,1531.410522,-279.797546
2703,22.525000,-10.725243,1514.691895,-201.551178,117.201500,1495.495728,-212.526047,20.085829,1510.319946,-155.244705,43.350327,1531.328003,-279.956360
2704,22.533000,-9.867772,1514.774170,-201.474670,118.029030,1495.419556,-213.018448,21.128620,1510.510742,-155.264435,43.795849,1531.263672,-280.183350
2705,22.542000,-8.942434,1514.897461,-201.227585,118.878754,1495.233521,-213.772491,22.264780,1510.786987,-155.281067,44.275806,1531.165894,-280.400421
2706,22.550000,-7.721220,1514.973145,-200.879669,119.740326,1495.310425,-214.316742,24.013628,1510.365234,-155.218719,44.750542,1531.090942,-280.609070
2707,22.558000,-6.382561,1514.813232,-200.514221,120.726593,1495.144531,-215.327072,25.829214,1510.521118,-155.034271,45.164543,1531.023438,-280.826813
2708,22.567000,-5.304636,1514.604126,-200.173294,121.923042,1495.098389,-216.609558,28.065245,1509.846680,-155.100174,45.518547,1530.971436,-280.990662
2709,22.575000,-4.015799,1514.361206,-199.753738,123.037651,1495.177734,-217.650665,29.968676,1509.475464,-155.181168,45.875534,1530.916870,-281.112915
2710,22.583000,-2.772048,1514.113159,-199.428223,124.069565,1495.105347,-218.636978,31.295084,1509.568726,-155.031036,46.323353,1530.834473,-281.283783
2711,22.592000,-1.621308,1513.908936,-199.211884,124.983177,1495.018555,-219.443817,33.192200,1508.996216,-155.294373,46.669998,1530.792725,-281.434052
2712,22.600000,-0.522889,1513.716309,-199.087326,125.713287,1494.963013,-220.086670,34.541531,1508.928955,-155.379364,47.171818,1530.720947,-281.634979
2713,22.608000,0.491322,1513.714966,-198.966492,126.480476,1494.883423,-220.922272,35.581387,1509.158936,-155.437866,47.609131,1530.683105,-281.875824
2714,22.617000,1.494444,1513.870605,-198.916779,127.236336,1494.790771,-221.593216,36.659981,1509.388916,-155.532288,48.093048,1530.665894,-282.165192
2715,22.625000,2.541844,1514.076416,-198.848190,128.027405,1494.714111,-222.206299,38.391628,1509.101929,-155.927094,48.665142,1530.615845,-282.485718
2716,22.633000,3.570458,1514.234619,-198.838867,128.813049,1494.743652,-222.712280,39.490139,1509.633789,-155.978745,49.177521,1530.608032,-282.777649
2717,22.642000,4.634399,1514.425049,-198.788620,129.534805,1494.870850,-223.410706,40.583935,1510.283447,-156.026779,49.665531,1530.616821,-283.068665
2718,22.650000,5.828049,1514.598267,-198.671188,130.377930,1495.041626,-224.283173,42.482094,1509.883423,-156.406540,50.104370,1530.670532,-283.379456
2719,22.658000,6.999204,1514.524902,-198.562683,131.277847,1495.234131,-225.277679,43.875591,1510.190063,-156.490234,50.493935,1530.717285,-283.642761
2720,22.667000,8.169853,1514.282104,-198.449661,132.140747,1495.474121,-226.144409,45.060867,1510.424805,-156.552551,50.802532,1530.758301,-283.871765
2721,22.675000,9.280057,1514.095581,-198.257584,133.023651,1495.648804,-227.145676,46.978466,1509.909058,-156.829086,51.067806,1530.798828,-284.098938
2722,22.683000,10.516126,1513.898193,-198.065765,133.932678,1495.748901,-228.307327,48.852074,1509.479614,-157.153122,51.334419,1530.793823,-284.328979
2723,22.692000,11.710762,1513.756836,-198.016312,134.706284,1495.761353,-229.242996,50.231499,1509.374268,-157.424988,51.627518,1530.796753,-284.597107
2724,22.700000,12.766664,1513.740479,-197.999985,135.343506,1495.693237,-230.105087,51.801231,1509.250366,-157.749146,52.002300,1530.784912,-284.888794
2725,22.708000,13.655067,1513.804077,-197.962341,135.954468,1495.581665,-230.939087,53.110184,1509.351929,-157.937744,52.375477,1530.776367,-285.214844
2726,22.717000,14.637330,1513.939819,-198.011368,136.590851,1495.540649,-231.679749,54.218910,1509.531494,-158.234070,52.799164,1530.806396,-285.474304
2727,22.725000,15.693010,1514.198730,-198.068573,137.245697,1495.554932,-232.418549,55.521046,1509.735107,-158.699051,53.204056,1530.833374,-285.782104
2728,22.733000,16.629032,1514.443115,-198.116745,137.940811,1495.624634,-233.250351,56.570068,1510.272949,-158.769012,53.582291,1530.911865,-286.127960
2729,22.742000,17.551325,1514.644653,-198.208313,138.638702,1495.859863,-234.113510,58.007889,1510.430176,-159.277328,53.926704,1530.988770,-286.470215
2730,22.750000,18.627375,1514.848389,-198.270462,139.387619,1496.197388,-235.012695,59.366161,1510.688599,-159.758286,54.299072,1531.078857,-286.869781
2731,22.758000,19.743736,1514.924927,-198.311462,140.170914,1496.451660,-236.094421,60.711407,1510.946655,-160.070557,54.617764,1531.143555,-287.247528
2732,22.767000,20.958889,1514.854736,-198.372665,141.043839,1496.735352,-237.393127,62.323017,1510.903076,-160.523178,54.801617,1531.283569,-287.522675
2733,22.775000,22.115721,1514.744263,-198.359253,141.863556,1496.938843,-238.558350,63.889080,1510.796021,-160.920731,55.028435,1531.388794,-287.820099
2734,22.783000,23.293262,1514.555786,-198.314835,142.654160,1497.131592,-239.679306,65.397728,1510.684326,-161.242416,55.259216,1531.420410,-288.128448
2735,22.792000,24.444199,1514.350830,-198.283646,143.472641,1497.244995,-240.888947,67.028145,1510.356934,-161.766663,55.489738,1531.476562,-288.416138
2736,22.800000,25.519876,1514.104980,-198.359894,144.240524,1497.240479,-242.067566,68.458672,1510.017456,-162.258072,55.770763,1531.489624,-288.662903
2737,22.808000,26.720997,1513.914429,-198.460510,144.862396,1497.265625,-242.996902,69.759941,1509.755493,-162.567001,56.073391,1531.484253,-288.947479
2738,22.817000,27.600983,1513.845459,-198.582245,145.434662,1497.328613,-243.704697,70.968857,1509.657837,-163.030563,56.379910,1531.491089,-289.278107
2739,22.825000,28.361414,1513.925659,-198.744720,145.997696,1497.363647,-244.427155,71.759659,1509.803467,-163.237000,56.701199,1531.472778,-289.616821
2740,22.833000,28.932146,1513.995972,-198.878281,146.546585,1497.365845,-245.131790,72.720200,1509.982788,-163.719452,57.041477,1531.464844,-289.931763
2741,22.842000,29.634722,1514.243286,-199.121338,147.012146,1497.346069,-245.782394,73.381172,1510.209229,-164.047958,57.394138,1531.476440,-290.254822
2742,22.850000,30.347416,1514.445312,-199.361664,147.479019,1497.352539,-246.404846,74.243011,1510.476318,-164.339218,57.705799,1531.472778,-290.576538
2743,22.858000,31.114605,1514.556641,-199.491333,147.898972,1497.422607,-247.014450,75.152672,1510.883789,-164.443726,57.972507,1531.509521,-290.812592
2744,22.867000,32.004333,1514.515503,-199.507294,148.342300,1497.564331,-247.709457,76.267868,1510.966187,-164.643692,58.161812,1531.519043,-290.978455
2745,22.875000,32.857124,1514.354126,-199.452927,148.840775,1497.642334,-248.580978,77.472672,1510.573730,-165.104492,58.359154,1531.513062,-291.142303
2746,22.883000,33.739380,1513.871704,-199.499710,149.454514,1497.602051,-249.626282,78.683403,1510.154053,-165.599442,58.492264,1531.468262,-291.301025
2747,22.892000,34.716179,1513.397461,-199.499893,150.061600,1497.532349,-250.717697,79.918488,1509.668335,-166.084213,58.699532,1531.382812,-291.431122
2748,22.900000,35.543312,1512.951172,-199.501999,150.524887,1497.497192,-251.649673,80.820633,1509.382690,-166.238434,58.834743,1531.322510,-291.565948
2749,22.908000,36.244278,1512.635254,-199.529312,150.968979,1497.446533,-252.428833,81.774796,1508.944946,-166.414124,58.986244,1531.246704,-291.668488
2750,22.917000,36.878811,1512.463501,-199.593170,151.321472,1497.330078,-253.013336,82.543480,1508.649048,-166.683212,59.142323,1531.201660,-291.855957
2751,22.925000,37.534729,1512.276855,-199.763275,151.597076,1497.206543,-253.514526,83.285805,1508.469849,-167.079773,59.353592,1531.186890,-292.027588
2752,22.933000,38.002888,1512.310425,-199.845001,151.876999,1497.152466,-254.001175,83.754921,1508.494263,-167.419861,59.539829,1531.155151,-292.203186
2753,22.942000,38.433231,1512.413696,-199.944077,152.134903,1497.174805,-254.343811,84.393661,1508.656860,-167.637299,59.735382,1531.167725,-292.440613
2754,22.950000,38.751320,1512.403198,-200.181992,152.423676,1497.135986,-254.849289,84.914810,1508.968384,-167.700302,59.869991,1531.304810,-292.530029
2755,22.958000,39.379803,1512.537964,-200.330185,152.716125,1497.165039,-255.379044,85.531960,1509.140259,-167.906113,60.053875,1531.357544,-292.665436
2756,22.967000,40.046455,1512.630859,-200.374664,153.036972,1497.170044,-255.957245,86.255348,1509.168579,-168.189987,60.225742,1531.340088,-292.833191
2757,22.975000,40.799561,1512.576294,-200.380615,153.352859,1497.084351,-256.644867,87.119820,1509.083008,-168.491272,60.409958,1531.317871,-293.013611
2758,22.983000,41.676250,1512.414307,-200.317749,153.746658,1496.955566,-257.162964,88.159500,1508.745117,-169.094833,60.566780,1531.269165,-293.133850
2759,22.992000,42.408398,1511.962891,-200.271927,154.201950,1497.017822,-257.806671,89.270493,1508.323730,-169.513245,60.666443,1531.199707,-293.218842
2760,23.000000,43.153214,1511.720093,-200.166565,154.700592,1497.154175,-258.592102,90.322594,1507.944214,-169.634933,60.801956,1531.119629,-293.294006
2761,23.008000,43.852776,1511.346313,-200.199081,155.147736,1497.140869,-259.407318,91.135475,1507.583496,-169.805191,60.955746,1531.009277,-293.391022
2762,23.017000,44.581223,1510.909302,-200.477798,155.600586,1497.006836,-260.090210,91.763023,1507.301270,-170.082123,61.188988,1530.918091,-293.560730
2763,23.025000,45.148285,1510.837036,-200.626434,156.042206,1496.859497,-260.495026,92.337616,1507.188232,-170.413177,61.470612,1530.816040,-293.736267
2764,23.033000,45.532135,1510.977051,-200.812805,156.415314,1496.688965,-260.839355,92.870033,1507.276611,-170.712921,61.824783,1530.734619,-293.952026
2765,23.042000,45.936333,1511.264648,-200.943497,156.820770,1496.585815,-261.032745,93.333488,1507.571533,-170.970947,62.246040,1530.683594,-294.202820
2766,23.050000,46.371998,1511.639038,-201.076553,157.144852,1496.500488,-261.135590,93.797256,1507.936890,-171.170898,62.639847,1530.640015,-294.509491
2767,23.058000,46.756153,1511.864258,-201.236252,157.400955,1496.284668,-261.335693,94.210648,1508.199219,-171.479767,63.091949,1530.613403,-294.815033
2768,23.067000,47.430325,1512.102783,-201.382828,157.739838,1496.004150,-261.669189,94.807793,1508.373169,-171.738708,63.504829,1530.598633,-295.053284
2769,23.075000,48.259155,1512.103149,-201.476578,158.142456,1495.778076,-262.152618,95.522240,1508.283203,-171.951431,63.913555,1530.643188,-295.104248
2770,23.083000,49.132076,1511.852295,-201.545624,158.664780,1495.694824,-262.877167,96.663651,1508.076416,-172.106934,64.154427,1530.652344,-295.155090
2771,23.092000,50.062679,1511.382935,-201.596786,159.204178,1495.692383,-263.709778,97.939087,1507.593140,-172.442307,64.337822,1530.617065,-295.201965
2772,23.100000,50.894836,1510.913452,-201.549408,159.640472,1495.596558,-264.599487,99.082603,1506.931885,-172.888229,64.544670,1530.556274,-295.274536
2773,23.108000,51.669636,1510.501953,-201.474365,160.058594,1495.400391,-265.394745,99.950951,1506.356323,-173.243866,64.798836,1530.393433,-295.437958
2774,23.117000,52.302216,1510.214355,-201.497894,160.421463,1495.161255,-265.943970,100.698929,1505.751343,-173.531296,65.112259,1530.304810,-295.484924
2775,23.125000,52.806252,1510.144531,-201.605713,160.996399,1494.977905,-266.005035,101.325310,1505.588257,-173.653366,65.407120,1530.369263,-295.453827
2776,23.133000,53.179672,1510.297485,-201.727188,161.252747,1494.768555,-266.315887,101.714615,1505.787964,-173.769760,65.770622,1530.347534,-295.603912
2777,23.142000,53.479282,1510.608032,-201.879059,161.465546,1494.551147,-266.390167,101.882645,1505.986572,-173.909744,66.223328,1530.342163,-295.805725
2778,23.150000,53.770931,1511.008057,-202.003357,161.716339,1494.239014,-266.283997,102.017525,1506.313965,-173.982941,66.675430,1530.348022,-296.010498
2779,23.158000,54.081078,1511.325073,-202.370605,161.929062,1493.953979,-266.161346,102.136871,1506.626465,-174.044098,67.174225,1530.329468,-296.290894
2780,23.167000,54.178387,1511.581421,-202.469040,162.128571,1493.875244,-266.037537,102.216095,1506.906738,-174.125076,67.553925,1530.388672,-296.476776
2781,23.175000,54.364361,1511.812866,-202.568863,162.368607,1493.896240,-266.017639,102.328102,1507.117432,-174.193420,67.793106,1530.456787,-296.589508
2782,23.183000,54.644371,1512.007568,-202.630890,162.607819,1493.888672,-266.168060,102.609520,1507.392090,-174.250458,68.038414,1530.563721,-296.682007
2783,23.192000,55.091080,1512.156250,-202.673737,162.867249,1493.918457,-266.357239,103.228989,1507.589600,-174.399017,68.230721,1530.660156,-296.762146
2784,23.200000,55.512440,1512.203247,-202.660782,163.150085,1494.041748,-266.739258,103.765648,1507.620605,-174.568527,68.357346,1530.754150,-296.812408
2785,23.208000,55.984867,1512.193115,-202.607925,163.499573,1494.288696,-267.272186,104.384201,1507.599487,-174.740097,68.431450,1530.884644,-296.809967
2786,23.217000,56.506268,1512.142456,-202.553436,163.744766,1494.543091,-267.835999,105.031860,1507.504395,-174.904266,68.534752,1531.004761,-296.813965
2787,23.225000,56.986652,1512.084473,-202.527313,164.014938,1494.695801,-268.137299,105.594368,1507.403809,-175.098221,68.634399,1531.114868,-296.820557
2788,23.233000,57.349113,1512.050781,-202.514771,164.256088,1494.777344,-268.436890,106.096123,1507.289551,-175.277451,68.789597,1531.204468,-296.900757
2789,23.242000,57.796112,1511.888184,-202.793457,164.466934,1494.797607,-268.679108,106.444405,1507.264038,-175.424988,69.006584,1531.263428,-296.970428
2790,23.250000,57.945724,1512.069214,-202.691162,164.633453,1494.720093,-268.807465,106.653496,1507.192139,-175.575928,69.270790,1531.283447,-297.068787
2791,23.258000,58.129784,1512.220093,-202.747650,164.782913,1494.599243,-268.752533,106.791588,1507.236328,-175.629166,69.488503,1531.323975,-297.108917
2792,23.267000,58.285465,1512.364990,-202.858353,164.947021,1494.467163,-268.653137,106.912430,1507.312622,-175.675201,69.767593,1531.367798,-297.192841
2793,23.275000,58.435005,1512.496338,-202.952484,165.072906,1494.411011,-268.643127,107.033524,1507.416382,-175.696442,70.057365,1531.390747,-297.277679
2794,23.283000,58.652664,1512.604004,-203.042831,165.255096,1494.309326,-268.557861,107.193466,1507.507935,-175.728348,70.306068,1531.472290,-297.316376
2795,23.292000,59.064365,1512.508545,-203.326691,165.464554,1494.266357,-268.672455,107.724144,1507.610474,-175.964294,70.546570,1531.508545,-297.371643
2796,23.300000,59.466812,1512.528809,-203.324066,165.741653,1494.310791,-268.914459,108.155884,1507.627319,-176.082199,70.750648,1531.531494,-297.398804
2797,23.308000,59.897144,1512.573975,-203.309433,166.118088,1494.463623,-269.312408,108.622734,1507.547974,-176.189621,70.917961,1531.596436,-297.414795
2798,23.317000,60.370781,1512.608643,-203.279541,166.450348,1494.590942,-269.757446,109.193886,1507.525757,-176.297653,71.048576,1531.680542,-297.431244
2799,23.325000,60.853867,1512.642212,-203.280762,166.831818,1494.764771,-270.215485,109.720070,1507.631104,-176.498032,71.337738,1531.711426,-297.703857
2800,23.333000,61.198090,1512.708374,-203.286072,167.109207,1494.902344,-270.540009,110.178772,1507.650269,-176.699799,71.576965,1531.736816,-297.850250
2801,23.342000,61.537735,1512.775635,-203.348312,167.322403,1495.016235,-270.696259,110.523224,1507.670898,-176.837646,71.786301,1531.812744,-297.927795
2802,23.350000,61.776306,1512.891357,-203.418549,167.511765,1495.054810,-270.791260,110.749664,1507.814697,-176.939178,71.997993,1531.916870,-297.998291
2803,23.358000,61.927753,1513.051025,-203.526398,167.659439,1495.018311,-270.823853,110.884277,1507.941162,-177.041748,72.251801,1531.964966,-298.117279
2804,23.367000,62.076843,1513.208618,-203.642212,167.838959,1494.895264,-270.707977,110.993027,1508.009277,-177.094070,72.513786,1532.004028,-298.227386
2805,23.375000,62.221783,1513.322266,-203.739502,167.997025,1494.770630,-270.611267,111.155983,1507.984497,-177.202667,72.798157,1532.019043,-298.303284
2806,23.383000,62.388504,1513.413086,-203.828979,168.195663,1494.658691,-270.609558,111.311691,1508.009033,-177.257797,73.044472,1532.035278,-298.393768
2807,23.392000,62.599838,1513.518433,-203.917709,168.391785,1494.605591,-270.668274,111.488640,1508.080688,-177.324417,73.296608,1532.072510,-298.465424
2808,23.400000,62.893204,1513.567993,-203.919220,168.555450,1494.630249,-270.767761,111.769859,1508.083618,-177.393921,73.516388,1532.095459,-298.507324
2809,23.408000,63.256054,1513.580811,-203.970596,168.801743,1494.621338,-270.771667,112.378731,1508.156860,-177.635742,73.700996,1532.142334,-298.517120
2810,23.417000,63.794346,1513.451782,-204.219528,169.087036,1494.678101,-270.930145,112.780807,1508.176147,-177.758926,73.886055,1532.183960,-298.526550
2811,23.425000,64.130852,1513.480713,-204.241211,169.339600,1494.751709,-271.226837,113.177727,1508.191406,-177.835342,74.042000,1532.224609,-298.557617
2812,23.433000,64.465645,1513.495972,-204.263672,169.602386,1494.843140,-271.509460,113.566391,1508.077515,-177.865158,74.198700,1532.255249,-298.606415
2813,23.442000,64.733963,1513.513794,-204.267258,169.844696,1494.888184,-271.751953,113.898911,1508.033813,-177.914932,74.401573,1532.278320,-298.634216
2814,23.450000,64.949837,1513.508057,-204.289536,170.009018,1494.823242,-271.929657,114.132111,1507.952393,-177.999405,74.601265,1532.272339,-298.667755
2815,23.458000,65.152420,1513.479492,-204.348099,170.153824,1494.725830,-271.930206,114.305153,1507.855225,-178.055527,74.788544,1532.271484,-298.709442
2816,23.467000,65.320122,1513.461182,-204.382904,170.305481,1494.640503,-271.895325,114.481133,1507.766357,-178.120499,74.981316,1532.283569,-298.775085
2817,23.475000,65.470451,1513.437378,-204.457001,170.481689,1494.592407,-271.946411,114.619675,1507.694946,-178.173859,75.138977,1532.306763,-298.843140
2818,23.483000,65.638954,1513.437622,-204.480942,170.630035,1494.538330,-271.998718,114.760933,1507.603882,-178.226151,75.285362,1532.372437,-298.853729
2819,23.492000,65.804131,1513.409180,-204.529510,170.773010,1494.450195,-272.062286,114.893555,1507.502563,-178.288406,75.417755,1532.432861,-298.834564
2820,23.500000,65.984848,1513.423462,-204.523758,170.993851,1494.400391,-272.127747,115.082161,1507.461426,-178.341019,75.583290,1532.483398,-298.808990
2821,23.508000,66.179108,1513.428345,-204.520859,171.193909,1494.445190,-272.223450,115.272484,1507.473389,-178.371933,75.880714,1532.487305,-299.028778
2822,23.517000,66.373688,1513.471802,-204.514862,171.369064,1494.570923,-272.365417,115.513229,1507.559082,-178.402573,76.028252,1532.502075,-299.143616
2823,23.525000,66.558006,1513.546509,-204.539383,171.508469,1494.733765,-272.467621,115.730209,1507.741333,-178.490524,76.145432,1532.594849,-299.176971
2824,23.533000,66.705681,1513.626343,-204.562805,171.618546,1494.824707,-272.624237,116.110748,1507.677734,-178.802811,76.217110,1532.699707,-299.156067
2825,23.542000,66.863899,1513.708252,-204.589920,171.766968,1494.923950,-272.706573,116.245262,1507.742798,-178.819809,76.290512,1532.797974,-299.180695
2826,23.550000,66.961594,1513.805054,-204.616043,171.842743,1494.985474,-272.786438,116.348572,1507.809204,-178.851501,76.365784,1532.856201,-299.210571
2827,23.558000,67.022415,1513.877319,-204.641602,171.853897,1495.014526,-272.818695,116.406471,1507.849731,-178.876297,76.418320,1532.923584,-299.238953
2828,23.567000,67.052986,1513.876343,-204.636383,171.877457,1495.026855,-272.777832,116.450813,1507.789551,-178.855042,76.461235,1532.955444,-299.229156
2829,23.575000,67.066055,1513.835327,-204.623520,171.911057,1494.992065,-272.687225,116.469208,1507.653931,-178.847641,76.541229,1532.964844,-299.198181
2830,23.583000,67.079903,1513.724121,-204.565369,171.914185,1494.881470,-272.559906,116.462669,1507.437866,-178.766464,76.603539,1532.966553,-299.123962
2831,23.592000,67.075455,1513.566040,-204.506668,171.958786,1494.710327,-272.429321,116.423744,1507.205933,-178.698502,76.644257,1532.927368,-299.028381
2832,23.600000,67.069298,1513.365356,-204.433411,171.994980,1494.539185,-272.338226,116.411926,1506.954468,-178.610825,76.685104,1532.868652,-298.906006
2833,23.608000,67.120117,1513.207764,-204.332886,172.017120,1494.356201,-272.242493,116.469666,1506.734985,-178.534805,76.727592,1532.808228,-298.820007
2834,23.617000,67.212845,1513.119141,-204.276718,172.102921,1494.304443,-272.252716,116.581985,1506.681519,-178.487457,76.767700,1532.771973,-298.746307
2835,23.625000,67.345039,1513.097778,-204.200668,172.148071,1494.363037,-272.258972,116.791672,1506.739990,-178.508148,76.791656,1532.763794,-298.691376
2836,23.633000,67.522690,1513.162231,-204.167664,172.201309,1494.520142,-272.279510,116.939201,1506.882080,-178.539047,76.811203,1532.738281,-298.679382
2837,23.642000,67.614586,1513.267212,-204.163361,172.232635,1494.713501,-272.339539,117.051285,1507.070679,-178.580856,76.828644,1532.753784,-298.732452
2838,23.650000,67.683563,1513.395630,-204.226120,172.242874,1494.845093,-272.494934,117.372475,1507.258911,-178.805679,76.839890,1532.763306,-298.826721
2839,23.658000,67.679085,1513.484741,-204.325363,172.264420,1494.913208,-272.586395,117.376144,1507.385986,-178.871399,76.852814,1532.791504,-298.936279
2840,23.667000,67.636086,1513.502441,-204.428299,172.278992,1494.916260,-272.643738,117.313072,1507.405640,-178.912781,76.878052,1532.778442,-299.030212
2841,23.675000,67.595093,1513.492554,-204.512833,172.310364,1494.869873,-272.686890,116.943466,1507.358154,-178.804932,76.897003,1532.769531,-299.104919
2842,23.683000,67.545959,1513.472412,-204.588287,172.350784,1494.819580,-272.684753,116.834435,1507.283569,-178.805344,76.939728,1532.753540,-299.178070
2843,23.692000,67.536407,1513.407349,-204.655533,172.368988,1494.736206,-272.707672,116.794876,1507.174561,-178.808868,76.986305,1532.702148,-299.228943
2844,23.700000,67.502274,1513.308105,-204.702927,172.396149,1494.682373,-272.717163,116.773598,1507.055420,-178.848297,76.996071,1532.657715,-299.266052
2845,23.708000,67.495705,1513.226318,-204.724945,172.405075,1494.604370,-272.740448,116.771858,1506.943604,-178.870972,77.097084,1532.592529,-299.404785
2846,23.717000,67.526497,1513.183716,-204.738647,172.444214,1494.562256,-272.715332,116.797989,1506.875854,-178.897446,77.121384,1532.541504,-299.431335
2847,23.725000,67.528740,1513.160400,-204.744080,172.459930,1494.528564,-272.724579,116.841324,1506.830688,-178.926773,77.145164,1532.540405,-299.458618
2848,23.733000,67.512802,1513.172119,-204.788879,172.484100,1494.505859,-272.733887,116.792564,1506.870117,-178.950851,77.073715,1532.572266,-299.391724
2849,23.742000,67.505890,1513.196167,-204.821960,172.466354,1494.558228,-272.749207,116.751907,1506.939941,-178.976273,77.128334,1532.571045,-299.508392
2850,23.750000,67.442940,1513.252197,-204.874588,172.416992,1494.567749,-272.785217,116.731445,1506.981445,-179.051788,77.125526,1532.561279,-299.599091
2851,23.758000,67.394196,1513.279907,-204.955505,172.353775,1494.599365,-272.838654,116.692001,1506.996704,-179.116165,77.081879,1532.586304,-299.656006
2852,23.767000,67.321487,1513.304199,-205.013229,172.294266,1494.642334,-272.881470,116.596710,1507.028320,-179.172150,77.040466,1532.621826,-299.728577
2853,23.775000,67.276939,1513.287354,-205.088425,172.263214,1494.631470,-272.865143,116.536987,1507.001953,-179.236221,76.957153,1532.673096,-299.661957
2854,23.783000,67.222260,1513.277100,-205.182632,172.262939,1494.629028,-272.938843,116.477036,1506.952759,-179.305084,76.984093,1532.670776,-299.790802
2855,23.792000,67.181793,1513.250488,-205.226013,172.235275,1494.669312,-273.022888,116.439453,1506.891479,-179.327194,76.962730,1532.671631,-299.911469
2856,23.800000,67.132652,1513.209961,-205.274658,172.224915,1494.694702,-273.126282,116.382599,1506.854614,-179.375793,76.964714,1532.701538,-299.929810
2857,23.808000,67.129120,1513.168213,-205.290009,172.212952,1494.677246,-273.189362,116.355888,1506.793335,-179.422318,76.962807,1532.723755,-299.948578
2858,23.817000,67.130745,1513.121704,-205.344345,172.249298,1494.612793,-273.175049,116.375916,1506.720337,-179.445175,77.010643,1532.705811,-299.980194
2859,23.825000,67.133301,1513.140381,-205.368469,172.282043,1494.558960,-273.219360,116.380981,1506.734009,-179.461624,77.025352,1532.707764,-300.020935
2860,23.833000,67.153885,1513.156250,-205.421234,172.336411,1494.574829,-273.190063,116.375481,1506.788452,-179.458221,77.075768,1532.723755,-300.070679
2861,23.842000,67.158783,1513.215332,-205.494675,172.334000,1494.639648,-273.223236,116.350876,1506.894409,-179.528030,77.096359,1532.736816,-300.126251
2862,23.850000,67.148872,1513.325928,-205.559631,172.308624,1494.694946,-273.311798,116.362900,1507.026978,-179.602493,77.078194,1532.809814,-300.202332
2863,23.858000,67.187981,1513.433838,-205.654282,172.311325,1494.778442,-273.404907,116.380463,1507.174438,-179.679031,76.977325,1532.932007,-300.192932
2864,23.867000,67.192719,1513.520020,-205.762604,172.294449,1494.901611,-273.494781,116.701881,1507.316650,-179.964569,76.951057,1533.031738,-300.225372
2865,23.875000,67.207245,1513.557373,-205.868073,172.232574,1494.944092,-273.622894,116.704361,1507.361816,-180.097870,76.936951,1533.062500,-300.283783
2866,23.883000,67.201790,1513.581543,-205.992035,172.218582,1494.997437,-273.645599,116.705940,1507.369019,-180.192322,76.933029,1533.102173,-300.387665
2867,23.892000,67.169304,1513.618164,-206.058197,172.195496,1495.012329,-273.758423,116.636856,1507.260986,-180.257126,76.894257,1533.128906,-300.489136
2868,23.900000,67.143089,1513.625732,-206.129044,172.168671,1495.000854,-273.818909,116.612968,1507.212158,-180.313416,76.874557,1533.135742,-300.598694
2869,23.908000,67.098740,1513.609985,-206.253418,172.144730,1494.999878,-273.880005,116.565262,1507.211670,-180.398148,76.874016,1533.144775,-300.680176
2870,23.917000,67.067955,1513.600952,-206.353165,172.165237,1495.012939,-273.967621,116.512367,1507.212402,-180.437103,76.840324,1533.146606,-300.779633
2871,23.925000,67.030716,1513.628784,-206.391876,172.175018,1495.032715,-274.024933,116.437164,1507.270752,-180.494339,76.873276,1533.170166,-300.852234
2872,23.933000,66.993217,1513.654785,-206.421890,172.220001,1495.066284,-274.038574,116.073593,1507.265625,-180.358826,76.859131,1533.167114,-300.910645
2873,23.942000,66.975212,1513.650146,-206.467804,172.232056,1495.081909,-274.078857,116.325195,1507.331177,-180.492523,76.851883,1533.156250,-300.959808
2874,23.950000,66.943565,1513.672119,-206.506134,172.228333,1495.110718,-274.140350,116.309547,1507.346558,-180.583206,76.852570,1533.159668,-301.011658
2875,23.958000,66.928131,1513.688843,-206.574844,172.124191,1495.076538,-274.164337,116.297989,1507.377686,-180.655106,76.928635,1533.081421,-301.244598
2876,23.967000,66.901108,1513.696167,-206.675507,172.065948,1495.073975,-274.220093,116.266068,1507.412842,-180.723709,76.851288,1533.082886,-301.308044
2877,23.975000,66.869576,1513.727783,-206.766861,172.029251,1495.118774,-274.291626,116.242958,1507.445068,-180.818008,76.843628,1533.112305,-301.453308
2878,23.983000,66.854439,1513.762451,-206.851013,171.970322,1495.188965,-274.432190,116.213196,1507.494141,-180.927292,76.808304,1533.111694,-301.561371
2879,23.992000,66.807190,1513.786377,-206.950195,171.885895,1495.243652,-274.565094,116.179993,1507.536743,-181.054199,76.747986,1533.122925,-301.667358
2880,24.000000,66.722458,1513.811279,-207.077072,171.830948,1495.316406,-274.656128,116.118576,1507.577759,-181.155319,76.695381,1533.139771,-301.791748
2881,24.008000,66.662727,1513.838623,-207.189651,171.790588,1495.343262,-274.759705,116.034805,1507.598999,-181.242310,76.628517,1533.165894,-301.897339
2882,24.017000,66.552155,1513.886475,-207.275391,171.748215,1495.328491,-274.834351,115.944496,1507.651245,-181.298248,76.579407,1533.189331,-301.988586
2883,24.025000,66.459389,1513.945557,-207.348587,171.725906,1495.362061,-274.874847,115.828819,1507.716553,-181.340729,76.522339,1533.209473,-302.082916
2884,24.033000,66.336876,1513.996460,-207.451401,171.701126,1495.390869,-274.908081,115.443504,1507.725464,-181.273285,76.493294,1533.211304,-302.157257
2885,24.042000,66.240440,1514.052979,-207.543076,171.637772,1495.420776,-274.979828,115.257156,1507.779297,-181.247711,76.454575,1533.219971,-302.259399
2886,24.050000,66.191170,1514.062622,-207.625610,171.593109,1495.445679,-275.027191,115.213974,1507.839722,-181.329681,76.416145,1533.246704,-302.361969
2887,24.058000,66.169701,1514.074829,-207.703598,171.522018,1495.479492,-275.089417,115.269272,1508.017822,-181.469147,76.385933,1533.282349,-302.426788
2888,24.067000,66.174728,1514.060547,-207.804504,171.518600,1495.506836,-275.177216,115.585014,1507.877319,-181.774506,76.354965,1533.296753,-302.490265
2889,24.075000,66.221207,1514.055420,-207.887817,171.487488,1495.508179,-275.293396,115.635742,1508.031738,-181.941040,76.330505,1533.324951,-302.590637
2890,24.083000,66.268166,1514.035156,-207.970032,171.497665,1495.519531,-275.446716,115.651375,1507.863525,-182.026291,76.310905,1533.351074,-302.687683
2891,24.092000,66.321388,1514.020996,-208.091202,171.510620,1495.513672,-275.645294,115.749245,1508.008301,-182.199524,76.292076,1533.379517,-302.812103
2892,24.100000,66.368210,1514.007080,-208.213806,171.510834,1495.528931,-275.837952,115.805321,1508.008545,-182.331421,76.273331,1533.399414,-302.907043
2893,24.108000,66.404869,1514.003662,-208.323044,171.539658,1495.584229,-275.943878,115.818474,1507.888550,-182.440262,76.255875,1533.414917,-303.057556
2894,24.117000,66.384941,1514.033203,-208.463470,171.572800,1495.600952,-276.104156,115.831757,1508.007690,-182.571320,76.265602,1533.454712,-303.195892
2895,24.125000,66.384201,1514.077637,-208.568573,171.570953,1495.585938,-276.226898,115.806122,1508.088989,-182.654663,76.246811,1533.458130,-303.293427
2896,24.133000,66.308716,1514.132202,-208.659500,171.588852,1495.599854,-276.235931,115.738380,1508.170532,-182.737671,76.245682,1533.480103,-303.425140
2897,24.142000,66.394753,1514.055176,-208.983994,171.528946,1495.603516,-276.265381,115.677811,1508.187744,-182.797348,76.180878,1533.512939,-303.433319
2898,24.150000,66.379707,1514.041992,-209.087875,171.506851,1495.506226,-276.365723,115.664108,1508.188232,-182.855728,76.126892,1533.544312,-303.421936
2899,24.158000,66.412132,1514.004883,-209.132294,171.510651,1495.478394,-276.455505,115.681236,1508.139282,-182.953186,76.093651,1533.561768,-303.429230
2900,24.167000,66.451843,1513.939819,-209.186768,171.454453,1495.449341,-276.551544,115.731682,1508.065186,-183.060913,76.071274,1533.540283,-303.472870
2901,24.175000,66.463669,1513.852417,-209.229630,171.423706,1495.470947,-276.648407,115.772697,1507.987305,-183.149658,76.047935,1533.505127,-303.528046
2902,24.183000,66.498619,1513.801636,-209.259445,171.459778,1495.415405,-276.623535,115.855927,1507.905151,-183.239746,76.014069,1533.495117,-303.604218
2903,24.192000,66.504570,1513.740234,-209.290192,171.368652,1495.484497,-276.920074,115.870407,1507.835693,-183.316132,75.966423,1533.499023,-303.649719
2904,24.200000,66.462341,1513.709473,-209.323425,171.332336,1495.531860,-276.973083,115.864273,1507.795776,-183.344849,76.029350,1533.424805,-303.829773
2905,24.208000,66.423569,1513.692261,-209.385162,171.329056,1495.510254,-277.015503,115.818230,1507.764038,-183.373138,75.967842,1533.379395,-303.848114
2906,24.217000,66.368614,1513.691406,-209.434753,171.322220,1495.470459,-277.040985,115.710938,1507.797729,-183.390198,76.031166,1533.360352,-303.933990
2907,24.225000,66.237587,1513.710571,-209.473755,171.315155,1495.462158,-277.011658,115.618141,1507.854614,-183.365540,75.914696,1533.337158,-303.891998
2908,24.233000,66.142395,1513.731567,-209.468979,171.231827,1495.450928,-276.958618,115.512695,1507.892090,-183.342499,75.955765,1533.329102,-303.970856
2909,24.242000,66.049004,1513.719727,-209.501358,171.149353,1495.374512,-276.852570,115.358505,1507.883667,-183.313751,75.951920,1533.275269,-304.017487
2910,24.250000,65.934944,1513.688232,-209.519775,171.076904,1495.252197,-276.774445,115.227654,1507.815186,-183.252930,75.935738,1533.231567,-304.045197
2911,24.258000,65.834358,1513.651123,-209.516449,171.006348,1495.131592,-276.711823,115.099022,1507.738037,-183.240768,75.931709,1533.179810,-304.027985
2912,24.267000,65.789520,1513.572266,-209.512466,170.938400,1495.050171,-276.673035,115.021660,1507.646729,-183.209122,75.899506,1533.134644,-303.983124
2913,24.275000,65.757523,1513.487183,-209.497253,170.905838,1495.067139,-276.753021,115.017525,1507.547607,-183.216339,75.844910,1533.093140,-303.972137
2914,24.283000,65.757545,1513.422974,-209.462128,170.870102,1495.043457,-276.786163,114.796471,1507.441772,-183.091141,75.769569,1533.064819,-303.925018
2915,24.292000,65.792519,1513.317627,-209.460342,170.860840,1495.056885,-276.850037,115.096039,1507.400635,-183.237335,75.710014,1533.037842,-303.911865
2916,24.300000,65.838409,1513.241333,-209.428818,170.842636,1495.164429,-276.903015,115.182915,1507.352295,-183.312363,75.618927,1533.028687,-303.871521
2917,24.308000,65.894585,1513.170532,-209.424194,170.834747,1495.220703,-277.030151,115.284706,1507.265991,-183.361176,75.547874,1533.014648,-303.847778
2918,24.317000,65.873688,1513.117676,-209.434082,170.796005,1495.276733,-277.084198,115.275368,1507.230225,-183.418610,75.491982,1532.986450,-303.854950
2919,24.325000,65.622681,1513.141846,-209.260742,170.701111,1495.214111,-277.087555,115.205811,1507.182861,-183.418274,75.470444,1532.936035,-303.891357
2920,24.333000,65.514954,1513.112915,-209.262344,170.608780,1495.072876,-276.992493,115.092072,1506.975830,-183.501129,75.472481,1532.892456,-303.944122
2921,24.342000,65.385582,1513.082153,-209.306274,170.508865,1495.019165,-276.967133,114.845627,1506.668579,-183.543167,75.490593,1532.835571,-303.990753
2922,24.350000,65.236725,1513.048828,-209.346161,170.472351,1494.834839,-276.852570,114.674500,1506.585327,-183.506561,75.483101,1532.756104,-304.044098
2923,24.358000,65.120079,1513.043091,-209.368683,170.438599,1494.813477,-276.789825,114.571777,1506.543701,-183.481430,75.476601,1532.710083,-304.057220
2924,24.367000,65.003654,1513.019531,-209.369949,170.378387,1494.743164,-276.770142,114.471039,1506.526855,-183.467880,75.465851,1532.687988,-304.059052
2925,24.375000,64.968300,1512.964111,-209.364075,170.367310,1494.691406,-276.821136,114.453918,1506.477905,-183.461243,75.448189,1532.631836,-304.042786
2926,24.383000,65.003159,1512.901123,-209.352646,170.407013,1494.673096,-276.919861,114.504570,1506.409424,-183.474762,75.408981,1532.591431,-304.021698
2927,24.392000,65.037025,1512.821289,-209.310562,170.464417,1494.704956,-277.051575,114.620506,1506.401978,-183.497406,75.340294,1532.565430,-303.991943
2928,24.400000,65.165131,1512.743774,-209.268250,170.546082,1494.857300,-277.214691,114.775703,1506.389282,-183.578979,75.286179,1532.543579,-303.968842
2929,24.408000,65.289581,1512.657959,-209.227814,170.542068,1494.872192,-277.273041,114.909584,1506.351929,-183.645630,75.199165,1532.550537,-303.928192
2930,24.417000,65.366653,1512.579468,-209.232956,170.530762,1494.869141,-277.350922,115.066574,1506.472778,-183.595795,75.135605,1532.525024,-303.906433
2931,24.425000,65.372322,1512.484741,-209.238876,170.513824,1494.836182,-277.494080,115.065201,1506.470703,-183.614365,75.064644,1532.489746,-303.920959
2932,24.433000,65.340576,1512.404053,-209.249283,170.503174,1494.807007,-277.476654,115.040909,1506.342041,-183.619797,75.041039,1532.458008,-303.916626
2933,24.442000,65.255653,1512.372314,-209.292740,170.415482,1494.729004,-277.498932,114.945740,1506.055176,-183.752090,74.999733,1532.434814,-303.934082
2934,24.450000,65.174110,1512.363159,-209.307480,170.371689,1494.763306,-277.460083,114.836098,1505.996704,-183.738510,74.987930,1532.422729,-303.967621
2935,24.458000,65.070007,1512.378052,-209.339432,170.287979,1494.715576,-277.402069,114.724724,1506.037964,-183.702881,75.008331,1532.398193,-304.004761
2936,24.467000,64.998657,1512.426758,-209.350464,170.254669,1494.701172,-277.349243,114.618805,1506.078613,-183.684616,74.988853,1532.367920,-304.030548
2937,24.475000,64.896545,1512.426514,-209.361465,170.280960,1494.592407,-277.218048,114.570160,1506.090942,-183.693970,74.960068,1532.351440,-304.044739
2938,24.483000,64.895889,1512.453125,-209.358032,170.287567,1494.610352,-277.232544,114.565125,1506.124634,-183.708679,74.934090,1532.366699,-304.055878
2939,24.492000,64.925377,1512.432983,-209.336441,170.305527,1494.723999,-277.307800,114.613640,1506.148315,-183.725845,74.895630,1532.378784,-304.024506
2940,24.500000,64.965225,1512.418457,-209.338776,170.310593,1494.797363,-277.418732,114.710136,1506.141357,-183.767624,74.840042,1532.390381,-304.040985
2941,24.508000,64.999207,1512.381958,-209.328201,170.324463,1494.837036,-277.518127,114.742760,1506.126343,-183.776382,74.800804,1532.385986,-304.039062
2942,24.517000,65.031342,1512.340088,-209.332321,170.332550,1494.873901,-277.554138,114.799332,1506.071533,-183.838867,74.779694,1532.371582,-304.025421
2943,24.525000,65.037941,1512.309937,-209.350647,170.312286,1494.874634,-277.570160,114.809753,1506.055176,-183.837296,74.758255,1532.372803,-304.037445
2944,24.533000,64.989700,1512.293945,-209.346344,170.301605,1494.876587,-277.588257,114.782906,1506.056274,-183.853989,74.730576,1532.352539,-304.052612
2945,24.542000,64.966438,1512.296509,-209.370804,170.299362,1494.775635,-277.638000,114.715515,1506.063965,-183.835724,74.749535,1532.337402,-304.049164
2946,24.550000,64.906403,1512.322754,-209.416534,170.268036,1494.761841,-277.573792,114.668068,1506.037964,-183.830215,74.754555,1532.335327,-304.082611
2947,24.558000,64.860626,1512.305786,-209.412964,170.202377,1494.697632,-277.535034,114.639885,1505.998901,-183.838333,74.750488,1532.321899,-304.096558
2948,24.567000,64.837097,1512.264893,-209.426193,170.218063,1494.663940,-277.492249,114.580803,1505.951904,-183.828262,74.744354,1532.316406,-304.088348
