Format Version,1.23,Take Name,hri_snimanje_vjezbe_02_z,Take Notes,,Capture Frame Rate,120.000000,Export Frame Rate,120.000000,Capture Start Time,2026-01-22 08.37.42.196 AM,Capture Start Frame,170907,Total Frames in Take,2549,Total Exported Frames,2549,Rotation Type,Quaternion,Length Units,Millimeters,Coordinate Space,Global

,Type,Marker,Marker,Marker,Marker,Marker,Marker,Marker,Marker,Marker,Marker,Marker,Marker
,Name,MarkerSet 001:mali,MarkerSet 001:mali,MarkerSet 001:mali,MarkerSet 001:palac,MarkerSet 001:palac,MarkerSet 001:palac,MarkerSet 001:srednji,MarkerSet 001:srednji,MarkerSet 001:srednji,MarkerSet 001:zapesce,MarkerSet 001:zapesce,MarkerSet 001:zapesce
,ID,"524E5026B0DF76111F0","524E5026B0DF76111F0","524E5026B0DF76111F0","51DE5026B0DF76111F0","51DE5026B0DF76111F0","51DE5026B0DF76111F0","51FE5026B0DF76111F0","51FE5026B0DF76111F0","51FE5026B0DF76111F0","517E5026B0DF76111F0","517E5026B0DF76111F0","517E5026B0DF76111F0"
,,Position,Position,Position,Position,Position,Position,Position,Position,Position,Position,Position,Position
Frame,Time (Seconds),X,Y,Z,X,Y,Z,X,Y,Z,X,Y,Z
0,0.000000,25.620277,1452.562378,-34.730400,133.568176,1422.111816,-69.231979,66.966141,1446.557007,5.028726,55.915897,1468.105591,-120.444130
1,0.008000,25.813274,1452.551880,-34.573395,133.727295,1422.073120,-69.116364,67.149422,1446.503784,5.135593,56.088787,1468.095459,-120.257484
2,0.017000,26.027012,1452.487793,-34.417286,133.904861,1421.986450,-68.975304,67.366440,1446.380005,5.255952,56.252441,1468.083130,-120.130722
3,0.025000,26.280447,1452.392944,-34.258900,134.110382,1421.883423,-68.813461,67.614464,1446.256714,5.410071,56.464909,1468.030762,-119.952507
4,0.033000,26.573046,1452.283203,-34.073627,134.336868,1421.764893,-68.665825,67.940651,1446.094849,5.570740,56.676895,1467.991577,-119.762024
5,0.042000,26.866854,1452.159912,-33.881710,134.583694,1421.660889,-68.567940,68.384979,1445.905884,5.702166,56.944576,1467.931152,-119.582504
6,0.050000,27.159483,1451.973145,-33.704357,134.803177,1421.531982,-68.491417,68.794922,1445.727905,5.904252,57.141888,1467.874756,-119.419067
7,0.058000,27.461536,1451.834106,-33.462868,135.113235,1421.482300,-68.400185,69.205856,1445.576294,6.096003,57.360245,1467.813721,-119.209236
8,0.067000,27.739115,1451.683228,-33.211514,135.398087,1421.406738,-68.343361,69.543877,1445.429565,6.294743,57.560379,1467.762207,-118.977577
9,0.075000,28.005465,1451.518921,-32.964329,135.701065,1421.277710,-68.283623,69.879845,1445.231201,6.486354,57.781696,1467.650391,-118.725990
10,0.083000,28.284393,1451.343262,-32.739746,135.998245,1421.122803,-68.236427,70.174995,1445.023682,6.659142,57.996727,1467.567383,-118.504768
11,0.092000,28.497633,1451.165527,-32.495068,136.273804,1420.961792,-68.169159,70.417931,1444.826294,6.841331,58.165203,1467.494751,-118.307968
12,0.100000,28.667538,1451.037109,-32.305431,136.412155,1420.717896,-68.109367,70.575638,1444.595215,7.028188,58.340488,1467.438599,-118.083878
13,0.108000,28.752645,1450.965942,-32.128727,136.535889,1420.546021,-67.964714,70.661674,1444.441895,7.205285,58.477322,1467.416382,-117.813644
14,0.117000,28.823790,1450.926147,-31.976309,136.562729,1420.390381,-67.789322,70.690910,1444.359131,7.381415,58.585163,1467.375366,-117.618240
15,0.125000,28.825163,1450.929443,-31.873903,136.541672,1420.338867,-67.503128,70.648766,1444.312988,7.515285,58.701935,1467.339966,-117.471001
16,0.133000,28.807838,1450.938843,-31.789970,136.448257,1420.320068,-67.218536,70.601250,1444.300903,7.626980,58.749466,1467.316895,-117.372337
17,0.142000,28.792944,1450.934692,-31.683668,136.366409,1420.357300,-66.917015,70.550758,1444.292114,7.740224,58.809490,1467.305664,-117.257034
18,0.150000,28.796419,1450.884766,-31.598869,136.295715,1420.384155,-66.697380,70.513306,1444.283081,7.855125,58.816330,1467.270386,-117.171928
19,0.158000,28.808884,1450.841064,-31.542599,136.288574,1420.403564,-66.585213,70.538094,1444.257080,7.931856,58.823231,1467.242310,-117.090332
20,0.167000,28.838137,1450.725464,-31.502689,136.365356,1420.439575,-66.583740,70.587479,1444.216309,7.980544,58.807419,1467.180542,-117.078758
21,0.175000,28.886963,1450.631714,-31.422604,136.477493,1420.459229,-66.640251,70.665695,1444.161377,8.020284,58.769932,1467.109619,-117.058022
22,0.183000,28.960876,1450.483887,-31.380739,136.584076,1420.453857,-66.746864,70.758568,1444.094482,8.026907,58.753899,1467.025024,-117.033478
23,0.192000,29.011547,1450.343750,-31.374846,136.688660,1420.413818,-66.851830,70.806480,1444.028809,7.997197,58.743515,1466.918823,-117.036179
24,0.200000,29.018682,1450.232300,-31.316652,136.744370,1420.339355,-66.932404,70.807579,1443.944336,8.007761,58.731339,1466.810059,-117.027100
25,0.208000,29.005190,1450.110352,-31.345051,136.746613,1420.229126,-66.942169,70.788551,1443.858887,7.997394,58.710415,1466.682129,-117.045837
26,0.217000,28.961521,1449.972412,-31.400602,136.722473,1420.109375,-66.887039,70.700348,1443.742798,8.011657,58.676426,1466.527954,-117.078560
27,0.225000,28.882963,1449.852295,-31.389065,136.638138,1419.988770,-66.776009,70.608864,1443.646973,8.033486,58.677235,1466.376099,-117.090599
28,0.233000,28.790771,1449.715088,-31.379812,136.572296,1419.919312,-66.624687,70.496613,1443.541748,8.091530,58.647018,1466.242432,-117.016678
29,0.242000,28.670630,1449.549683,-31.350058,136.493408,1419.804199,-66.491608,70.530960,1443.432495,8.197468,58.603485,1466.099854,-116.982368
30,0.250000,28.527893,1449.385376,-31.361591,136.454788,1419.797363,-66.426758,70.312004,1443.353394,8.269803,58.525429,1465.948364,-116.962776
31,0.258000,28.416788,1449.202515,-31.408615,136.384415,1419.717163,-66.349121,70.192223,1443.220215,8.262320,58.488609,1465.813843,-116.966621
32,0.267000,28.303566,1449.045776,-31.485483,136.340179,1419.689941,-66.359047,70.055862,1443.122803,8.210240,58.430309,1465.649780,-117.027924
33,0.275000,28.211750,1448.890991,-31.568871,136.283203,1419.648560,-66.382324,69.936279,1443.061279,8.149597,58.370300,1465.515869,-117.101837
34,0.283000,28.135441,1448.769409,-31.695347,136.266068,1419.584351,-66.418266,69.851677,1442.986328,8.051637,58.312294,1465.383057,-117.225929
35,0.292000,28.050879,1448.647827,-31.836893,136.281525,1419.571777,-66.531540,69.761711,1442.944824,7.895892,58.354797,1465.171265,-117.441589
36,0.300000,28.008114,1448.564819,-31.977852,136.258041,1419.480469,-66.656395,69.677513,1442.933594,7.714625,58.334408,1465.006958,-117.678482
37,0.308000,27.996902,1448.449829,-32.190384,136.314713,1419.439575,-66.809608,69.631569,1442.905029,7.541042,58.331291,1464.860229,-117.901909
38,0.317000,27.974422,1448.327515,-32.426701,136.392715,1419.466797,-67.127426,69.514740,1442.812378,7.287577,58.219112,1464.738403,-118.046638
39,0.325000,27.956226,1448.185669,-32.627544,136.460327,1419.356445,-67.392334,69.478806,1442.746338,7.152013,58.189762,1464.593506,-118.222160
40,0.333000,27.947247,1448.035767,-32.827831,136.510315,1419.192749,-67.620514,69.447426,1442.650513,6.996442,58.189590,1464.447388,-118.427246
41,0.342000,27.951328,1447.865845,-32.969170,136.537689,1419.033081,-67.823647,69.441719,1442.506836,6.881144,58.206081,1464.266235,-118.560417
42,0.350000,27.963078,1447.683594,-33.099625,136.572296,1418.823975,-67.915108,69.571022,1442.243408,6.735550,58.221523,1464.086548,-118.686302
43,0.358000,27.973707,1447.532471,-33.188251,136.612762,1418.674927,-67.959610,69.568436,1442.060669,6.655277,58.315475,1463.944214,-118.719261
44,0.367000,28.007719,1447.398804,-33.261536,136.642761,1418.488525,-67.954391,69.577423,1441.898804,6.612701,58.363930,1463.805298,-118.768204
45,0.375000,28.067785,1447.261597,-33.274265,136.704010,1418.356567,-67.956841,69.631554,1441.739014,6.578038,58.454594,1463.686157,-118.787209
46,0.383000,28.193983,1447.143921,-33.264004,136.789124,1418.190552,-67.923248,69.691399,1441.592529,6.605616,58.582832,1463.556763,-118.777191
47,0.392000,28.333130,1446.979858,-33.232639,136.867432,1418.007080,-67.878693,69.798676,1441.437988,6.638872,58.692268,1463.422729,-118.754646
48,0.400000,28.469236,1446.795898,-33.157730,136.995239,1417.789673,-67.780769,69.930016,1441.252319,6.710857,58.853966,1463.274414,-118.683380
49,0.408000,28.669832,1446.593750,-33.071690,137.077377,1417.484741,-67.606033,70.103935,1440.996216,6.788342,59.017151,1463.134888,-118.566902
50,0.417000,28.824541,1446.352661,-32.955173,137.170975,1417.300903,-67.506752,70.275169,1440.677612,6.880593,59.141724,1462.978271,-118.421432
51,0.425000,29.043663,1446.063843,-32.808544,137.314499,1417.068359,-67.413834,70.543297,1440.324219,7.008802,59.257648,1462.840698,-118.273094
52,0.433000,29.268585,1445.822144,-32.672470,137.482803,1416.829712,-67.397774,70.830490,1439.989746,7.094714,59.380257,1462.704468,-118.184929
53,0.442000,29.528076,1445.586426,-32.529037,137.664642,1416.607056,-67.458710,71.098007,1439.753418,7.149614,59.489819,1462.547729,-118.129112
54,0.450000,29.772211,1445.382690,-32.429298,137.897614,1416.452759,-67.567474,71.341721,1439.556030,7.197764,59.574524,1462.416504,-118.067688
55,0.458000,29.984856,1445.180908,-32.320560,138.054398,1416.240723,-67.672585,71.595596,1439.344604,7.259069,59.640644,1462.294434,-117.952988
56,0.467000,30.148073,1444.985962,-32.198380,138.218796,1416.069946,-67.846298,71.913315,1439.190430,7.394494,59.728981,1462.171143,-117.825783
57,0.475000,30.265219,1444.786377,-32.119793,138.323532,1415.803955,-67.956512,72.000885,1438.984497,7.443343,59.769711,1462.031006,-117.717453
58,0.483000,30.319237,1444.538208,-32.061935,138.419785,1415.509888,-67.929459,72.005486,1438.686523,7.501750,59.843086,1461.859253,-117.575867
59,0.492000,30.256956,1444.349121,-31.963528,138.397064,1415.206055,-67.866501,71.955170,1438.346069,7.569305,59.880642,1461.668945,-117.448029
60,0.500000,30.136669,1444.179199,-31.898394,138.312378,1414.995239,-67.712669,71.713722,1438.028809,7.596535,59.862625,1461.511719,-117.332535
61,0.508000,30.012520,1444.042236,-31.841806,138.195404,1414.880249,-67.563774,71.649261,1437.924927,7.755005,59.885960,1461.312744,-117.356140
62,0.517000,29.833073,1443.996338,-31.786125,138.049988,1414.849976,-67.467316,71.489212,1437.907104,7.780183,59.813580,1461.238770,-117.349319
63,0.525000,29.673876,1443.983643,-31.778301,137.955002,1414.870239,-67.387169,71.340317,1437.913330,7.796826,59.700916,1461.196533,-117.304321
64,0.533000,29.560427,1444.021606,-31.740126,137.877594,1414.979370,-67.424683,71.244766,1438.044312,7.807581,59.554688,1461.172607,-117.347244
65,0.542000,29.463966,1444.110840,-31.729031,137.826019,1415.113647,-67.454102,71.095146,1438.200928,7.714764,59.317390,1461.286743,-117.277519
66,0.550000,29.386847,1444.238525,-31.747219,137.784683,1415.294312,-67.535385,71.144730,1438.536499,7.743666,59.162659,1461.350708,-117.310875
67,0.558000,29.321606,1444.370972,-31.791355,137.729294,1415.482544,-67.684479,71.122383,1438.797729,7.708731,59.043098,1461.398560,-117.397133
68,0.567000,29.253757,1444.498291,-31.871597,137.673370,1415.639404,-67.842369,71.116493,1439.047241,7.665302,58.908226,1461.430786,-117.507423
69,0.575000,29.183210,1444.610840,-31.966866,137.620544,1415.776001,-68.017509,70.919510,1439.199341,7.479561,58.799446,1461.487427,-117.695442
70,0.583000,29.098404,1444.706299,-32.092709,137.561096,1415.914795,-68.098152,70.834854,1439.354614,7.339247,58.684593,1461.507080,-117.859146
71,0.592000,28.978128,1444.789429,-32.222027,137.464844,1415.982056,-68.181076,70.708908,1439.445923,7.218505,58.602306,1461.524536,-118.018478
72,0.600000,28.819941,1444.848022,-32.319393,137.348419,1415.969604,-68.220795,70.585220,1439.471191,7.137487,58.515671,1461.540039,-118.100883
73,0.608000,28.676441,1444.900879,-32.407181,137.228943,1415.991333,-68.228142,70.440460,1439.464844,7.049866,58.402409,1461.486694,-118.250633
74,0.617000,28.481770,1444.914185,-32.496407,137.096664,1415.989380,-68.235062,70.266579,1439.504761,7.037623,58.300106,1461.458374,-118.323654
75,0.625000,28.326296,1444.905029,-32.530674,136.950775,1415.940063,-68.230583,70.082466,1439.514404,7.006705,58.159836,1461.396973,-118.374825
76,0.633000,28.166067,1444.853149,-32.548885,136.818481,1415.865356,-68.176659,69.896149,1439.497314,7.025134,58.016796,1461.327759,-118.350502
77,0.642000,28.039114,1444.763794,-32.498985,136.694031,1415.816162,-68.123062,69.724457,1439.429321,7.070084,57.853958,1461.232056,-118.323807
78,0.650000,27.880987,1444.619385,-32.452747,136.535172,1415.718506,-68.077209,69.508591,1439.347290,7.167641,57.686234,1461.155762,-118.286919
79,0.658000,27.757265,1444.441040,-32.358345,136.384018,1415.648071,-68.041214,69.363831,1439.207397,7.244845,57.510635,1461.044189,-118.232613
80,0.667000,27.628979,1444.252075,-32.235291,136.208923,1415.515869,-68.010391,69.415253,1439.058228,7.380710,57.325352,1460.961914,-118.137039
81,0.675000,27.530806,1444.075195,-32.129654,136.092133,1415.433228,-67.985214,69.317680,1438.915405,7.491957,57.142498,1460.848267,-118.053947
82,0.683000,27.403278,1443.943604,-32.084480,135.976227,1415.337158,-67.974472,69.213531,1438.792969,7.552523,56.986206,1460.748535,-117.979149
83,0.692000,27.312737,1443.850708,-32.054188,135.838531,1415.229980,-67.922745,69.041130,1438.710571,7.594742,56.860279,1460.649414,-117.896080
84,0.700000,27.151459,1443.821045,-32.038967,135.654709,1415.090210,-67.839066,68.830986,1438.652100,7.652280,56.773151,1460.552856,-117.876472
85,0.708000,26.976130,1443.823242,-32.049671,135.429535,1414.994385,-67.681831,68.586845,1438.634888,7.700473,56.685360,1460.453491,-117.837883
86,0.717000,26.771351,1443.847900,-32.047096,135.175797,1414.877075,-67.479927,68.319321,1438.587891,7.678498,56.622902,1460.379761,-117.790092
87,0.725000,26.526680,1443.859985,-32.059696,134.932587,1414.827637,-67.287285,68.038254,1438.566772,7.674307,56.485027,1460.341309,-117.826874
88,0.733000,26.342005,1443.830200,-32.085464,134.670181,1414.759644,-67.143814,67.793266,1438.520264,7.690204,56.358265,1460.281250,-117.837242
89,0.742000,26.139460,1443.779053,-32.058559,134.502335,1414.781128,-67.092964,67.608200,1438.494385,7.699302,56.164227,1460.239746,-117.824287
90,0.750000,25.947948,1443.717163,-31.999372,134.398788,1414.818115,-67.143051,67.482773,1438.449219,7.706302,55.943527,1460.222656,-117.804420
91,0.758000,25.785112,1443.647217,-31.953070,134.294006,1414.856812,-67.317436,67.386299,1438.449707,7.705320,55.691586,1460.217896,-117.763145
92,0.767000,25.644302,1443.573730,-31.884905,134.205566,1414.937744,-67.523712,67.295296,1438.439575,7.711549,55.415833,1460.232544,-117.709679
93,0.775000,25.450233,1443.518555,-31.849049,134.096451,1415.028076,-67.703300,67.195984,1438.466553,7.711810,55.150627,1460.262085,-117.645279
94,0.783000,25.276989,1443.511719,-31.785976,133.958679,1415.159790,-67.824760,67.081398,1438.514038,7.707792,54.929237,1460.285645,-117.632271
95,0.792000,25.100431,1443.527344,-31.813368,133.798691,1415.225952,-67.854156,66.921921,1438.577881,7.690650,54.743530,1460.300049,-117.653893
96,0.800000,24.898733,1443.606079,-31.843666,133.628403,1415.294189,-67.820900,66.667267,1438.559204,7.622995,54.611931,1460.284180,-117.670609
97,0.808000,24.703228,1443.699341,-31.894695,133.446686,1415.333862,-67.789963,66.497459,1438.642334,7.582771,54.488506,1460.328857,-117.713509
98,0.817000,24.540419,1443.821899,-31.986862,133.291565,1415.329956,-67.746155,66.424385,1438.792358,7.586883,54.376137,1460.377808,-117.778191
99,0.825000,24.360081,1443.928345,-32.079384,133.131927,1415.361816,-67.782608,66.263794,1438.915405,7.512456,54.260067,1460.415039,-117.928940
100,0.833000,24.260321,1444.032349,-32.194714,133.016083,1415.430786,-67.752045,65.959595,1439.020142,7.390262,54.167809,1460.445923,-118.061546
101,0.842000,24.174822,1444.135742,-32.326378,132.912003,1415.505371,-67.809395,65.810783,1439.204956,7.302380,54.048634,1460.463379,-118.242271
102,0.850000,24.096476,1444.222046,-32.439819,132.854782,1415.623901,-67.969231,65.823494,1439.334473,7.150666,53.908615,1460.505371,-118.379280
103,0.858000,24.064819,1444.235352,-32.514191,132.842575,1415.710205,-68.218811,65.818848,1439.408325,7.032179,53.757111,1460.574219,-118.517632
104,0.867000,24.025406,1444.246704,-32.582706,132.843826,1415.783203,-68.507866,65.816505,1439.506348,6.920654,53.623158,1460.609741,-118.625816
105,0.875000,24.034430,1444.250732,-32.644588,132.844482,1415.863159,-68.759598,65.830910,1439.577026,6.798273,53.461357,1460.661743,-118.723732
106,0.883000,23.938698,1444.270874,-32.713352,132.804840,1415.957153,-68.874756,65.845345,1439.602417,6.704346,53.335621,1460.705200,-118.816765
107,0.892000,23.858751,1444.330200,-32.811951,132.676636,1416.007812,-68.975014,65.742264,1439.656616,6.598548,53.223194,1460.741821,-118.953369
108,0.900000,23.722586,1444.393188,-32.915039,132.526016,1416.053711,-69.033119,65.559341,1439.762573,6.486770,53.130219,1460.767334,-119.033463
109,0.908000,23.597597,1444.520142,-33.029457,132.390213,1416.072632,-69.071838,65.374390,1439.902100,6.375719,53.064892,1460.809937,-119.168121
110,0.917000,23.493349,1444.621582,-33.169041,132.259308,1416.090454,-69.057899,65.184326,1440.058594,6.304566,53.005177,1460.843384,-119.266670
111,0.925000,23.365803,1444.722656,-33.267784,132.116364,1416.133545,-69.054230,65.019287,1440.179077,6.226427,52.949581,1460.855103,-119.360954
112,0.933000,23.267408,1444.801880,-33.338680,131.997864,1416.209717,-69.022881,64.910858,1440.302490,6.172383,52.849155,1460.872314,-119.436638
113,0.942000,23.184095,1444.870850,-33.380585,131.896439,1416.259521,-69.021935,64.836128,1440.356201,6.145572,52.774052,1460.908936,-119.457687
114,0.950000,23.129150,1444.889648,-33.401630,131.798538,1416.264160,-69.086540,64.788658,1440.381958,6.110274,52.687016,1460.890137,-119.464836
115,0.958000,23.097410,1444.842773,-33.404884,131.753708,1416.209106,-69.166801,64.750648,1440.330688,6.085844,52.640835,1460.867676,-119.488174
116,0.967000,23.064447,1444.755493,-33.406696,131.727249,1416.154053,-69.187569,64.724152,1440.261108,6.089798,52.576443,1460.844238,-119.461945
117,0.975000,23.011562,1444.673584,-33.385410,131.659821,1416.098755,-69.252831,64.676414,1440.161743,6.105454,52.499718,1460.812866,-119.435745
118,0.983000,22.997108,1444.579956,-33.344154,131.597000,1415.999146,-69.238022,64.667274,1440.031860,6.148965,52.446743,1460.756958,-119.406303
119,0.992000,22.972893,1444.466431,-33.325245,131.585403,1415.911865,-69.193810,64.649872,1439.930664,6.193780,52.406906,1460.695923,-119.352638
120,1.000000,22.965433,1444.393433,-33.273823,131.577682,1415.819824,-69.109947,64.613060,1439.818237,6.261246,52.400928,1460.621826,-119.278664
121,1.008000,22.931980,1444.347900,-33.240009,131.539185,1415.706055,-69.027184,64.542564,1439.750854,6.327148,52.425388,1460.572021,-119.228470
122,1.017000,22.879246,1444.335327,-33.229546,131.496246,1415.595459,-68.927406,64.472763,1439.721802,6.398034,52.438076,1460.502563,-119.220123
123,1.025000,22.805929,1444.310913,-33.221981,131.432327,1415.470581,-68.822174,64.332275,1439.688110,6.447076,52.443352,1460.467285,-119.151047
124,1.033000,22.759914,1444.309082,-33.194832,131.374191,1415.416504,-68.702812,64.230499,1439.661499,6.510132,52.486427,1460.419312,-119.108238
125,1.042000,22.720528,1444.302368,-33.205673,131.313705,1415.324951,-68.613045,64.150246,1439.614746,6.552702,52.494080,1460.402832,-119.057877
126,1.050000,22.702923,1444.296753,-33.178192,131.302048,1415.314331,-68.529938,64.128662,1439.576050,6.607104,52.507526,1460.373901,-119.009735
127,1.058000,22.678059,1444.275879,-33.111465,131.287537,1415.288208,-68.491844,64.138451,1439.557251,6.651035,52.484909,1460.370972,-118.969772
128,1.067000,22.698874,1444.240845,-33.053780,131.292282,1415.320679,-68.444382,64.180550,1439.530762,6.715027,52.480034,1460.368286,-118.923393
129,1.075000,22.763643,1444.202637,-32.998596,131.330734,1415.384766,-68.426407,64.257263,1439.513550,6.744882,52.452930,1460.382080,-118.900925
130,1.083000,22.813133,1444.187012,-32.955547,131.391052,1415.422852,-68.450165,64.335838,1439.552734,6.753381,52.462368,1460.394897,-118.861374
131,1.092000,22.882320,1444.173950,-32.916691,131.470673,1415.499023,-68.509323,64.468475,1439.579102,6.756392,52.477207,1460.409668,-118.825493
132,1.100000,22.933407,1444.220825,-32.890038,131.546356,1415.515991,-68.581863,64.527084,1439.630615,6.783278,52.489239,1460.424072,-118.834534
133,1.108000,22.954552,1444.255981,-32.877735,131.599365,1415.538330,-68.587570,64.549309,1439.666870,6.764708,52.563477,1460.436401,-118.812035
134,1.117000,22.934881,1444.291626,-32.897644,131.626190,1415.555420,-68.519341,64.546524,1439.698730,6.747906,52.584164,1460.461548,-118.856987
135,1.125000,22.940815,1444.359375,-32.957066,131.611084,1415.497070,-68.455101,64.484146,1439.725830,6.757700,52.637836,1460.487305,-118.870728
136,1.133000,22.912348,1444.406860,-32.999668,131.620438,1415.491699,-68.375076,64.435486,1439.751343,6.719428,52.700497,1460.482422,-118.920296
137,1.142000,22.904097,1444.493042,-33.049976,131.612259,1415.531372,-68.330658,64.420860,1439.851196,6.694942,52.747810,1460.540283,-118.946251
138,1.150000,22.913496,1444.631104,-33.095909,131.599335,1415.598999,-68.353447,64.446190,1439.974731,6.630548,52.803215,1460.603760,-119.012772
139,1.158000,22.924541,1444.741455,-33.148212,131.610779,1415.709961,-68.409096,64.456406,1440.127563,6.570159,52.852802,1460.683228,-119.090034
140,1.167000,22.964304,1444.851074,-33.153770,131.652054,1415.822266,-68.450012,64.530037,1440.257080,6.507228,52.862118,1460.731445,-119.141083
141,1.175000,23.063580,1444.941772,-33.157467,131.711334,1415.962524,-68.525108,64.660049,1440.389160,6.463398,52.865932,1460.824341,-119.169670
142,1.183000,23.141994,1444.980713,-33.151039,131.803711,1416.120605,-68.582970,64.797310,1440.472900,6.406209,52.832142,1460.883423,-119.182182
143,1.192000,23.160656,1445.009155,-33.127640,131.854599,1416.199463,-68.693626,64.871658,1440.535767,6.390484,52.818497,1460.932739,-119.212944
144,1.200000,23.195623,1444.978760,-33.131638,131.875824,1416.280518,-68.746834,64.926338,1440.534912,6.381150,52.799229,1460.977905,-119.184906
145,1.208000,23.174120,1444.983887,-33.092960,131.845795,1416.273438,-68.761040,64.915688,1440.498413,6.410215,52.765591,1460.978760,-119.194771
146,1.217000,23.130598,1444.992920,-33.108212,131.764664,1416.255371,-68.688492,64.830048,1440.470947,6.430545,52.741287,1461.015259,-119.164345
147,1.225000,22.963196,1445.037964,-33.120453,131.652588,1416.200317,-68.534828,64.662018,1440.492554,6.483302,52.719692,1461.039062,-119.086189
148,1.233000,22.836056,1445.098267,-33.072475,131.501266,1416.151367,-68.320320,64.434555,1440.533569,6.579865,52.691372,1461.041016,-119.056374
149,1.242000,22.667654,1445.176025,-33.080772,131.328110,1416.106934,-68.024391,64.176720,1440.585449,6.686235,52.694569,1461.063721,-118.954285
150,1.250000,22.529642,1445.278198,-33.027290,131.137497,1416.109497,-67.690369,63.956902,1440.664795,6.816951,52.688725,1461.077393,-118.857994
151,1.258000,22.398851,1445.330933,-32.959492,130.931854,1416.082520,-67.261879,63.783264,1440.703003,6.944386,52.658764,1461.057983,-118.742233
152,1.267000,22.311907,1445.362549,-32.824650,130.807190,1416.157959,-66.945374,63.670433,1440.734985,7.083213,52.634911,1461.021362,-118.620766
153,1.275000,22.301329,1445.328491,-32.667625,130.758392,1416.157715,-66.724716,63.648029,1440.722168,7.216626,52.623886,1460.993652,-118.481430
154,1.283000,22.335974,1445.256836,-32.446072,130.797546,1416.113281,-66.595154,63.698872,1440.653320,7.343894,52.628822,1460.955688,-118.301079
155,1.292000,22.386440,1445.118530,-32.251926,130.885757,1416.017334,-66.547134,63.756214,1440.513428,7.509727,52.626060,1460.868652,-118.123123
156,1.300000,22.473356,1444.953369,-32.100712,130.968323,1415.914917,-66.526962,63.856213,1440.334839,7.659928,52.659523,1460.810181,-117.944481
157,1.308000,22.559090,1444.837402,-31.930830,131.050980,1415.812378,-66.490555,63.942142,1440.144531,7.806051,52.698792,1460.757446,-117.771324
158,1.317000,22.667788,1444.728882,-31.831518,131.180496,1415.741943,-66.504478,63.988358,1440.030151,7.923792,52.782082,1460.704956,-117.641693
159,1.325000,22.712486,1444.710815,-31.734608,131.267883,1415.602783,-66.464226,64.043472,1439.954224,8.029799,52.896595,1460.636841,-117.534225
160,1.333000,22.787849,1444.725830,-31.619518,131.355057,1415.489746,-66.381447,64.128403,1439.898193,8.150753,53.025208,1460.595947,-117.405327
161,1.342000,22.901484,1444.762939,-31.507370,131.464645,1415.457764,-66.230370,64.213959,1439.947754,8.245032,53.164280,1460.562866,-117.302704
162,1.350000,23.049349,1444.817383,-31.396729,131.630676,1415.498657,-66.075462,64.349030,1440.041016,8.388972,53.269836,1460.549194,-117.181427
163,1.358000,23.249836,1444.857178,-31.254667,131.790131,1415.543091,-65.980530,64.614021,1440.132446,8.547968,53.407970,1460.551880,-117.047951
164,1.367000,23.493664,1444.886353,-31.063908,132.038681,1415.617310,-65.909912,64.977051,1440.174561,8.701311,53.532856,1460.524048,-116.904434
165,1.375000,23.710299,1444.892090,-30.859102,132.272995,1415.662598,-65.907310,65.339668,1440.217896,8.871762,53.667820,1460.521606,-116.714859
166,1.383000,23.926378,1444.939819,-30.618961,132.528091,1415.693970,-65.923164,65.650116,1440.245117,9.087711,53.770664,1460.509155,-116.525917
167,1.392000,24.091187,1444.945801,-30.320673,132.725616,1415.643555,-65.875420,65.948517,1440.263306,9.297405,53.923515,1460.470093,-116.323349
168,1.400000,24.248798,1444.961182,-30.016521,132.905441,1415.582642,-65.640549,66.069496,1440.276123,9.526000,54.051922,1460.423706,-116.096939
169,1.408000,24.336843,1444.991333,-29.767593,133.035583,1415.557373,-65.331589,66.180115,1440.294312,9.778766,54.185284,1460.446411,-115.853737
170,1.417000,24.467953,1444.982422,-29.527927,133.139755,1415.539429,-65.029686,66.200981,1440.314331,10.065916,54.328590,1460.398926,-115.599976
171,1.425000,24.579617,1444.968872,-29.301134,133.210220,1415.444946,-64.686966,66.242630,1440.290894,10.332984,54.518860,1460.354126,-115.356606
172,1.433000,24.700470,1444.920044,-29.023739,133.343567,1415.371948,-64.305794,66.314430,1440.222046,10.612311,54.699337,1460.322876,-115.037277
173,1.442000,24.902166,1444.869385,-28.679712,133.492355,1415.299194,-64.012650,66.463989,1440.199585,10.931387,54.863087,1460.275024,-114.742790
174,1.450000,25.121399,1444.782959,-28.331638,133.672958,1415.265259,-63.771851,66.683823,1440.142090,11.232168,55.044189,1460.237305,-114.432854
175,1.458000,25.388205,1444.674316,-28.000338,133.937012,1415.192261,-63.545681,67.052032,1440.044067,11.487018,55.212440,1460.197021,-114.080582
176,1.467000,25.657869,1444.543213,-27.641558,134.200958,1415.086304,-63.395515,67.427788,1439.916138,11.800741,55.366817,1460.165405,-113.769165
177,1.475000,25.922554,1444.441772,-27.232210,134.495605,1415.031494,-63.228951,67.828743,1439.713013,12.128333,55.544144,1460.126221,-113.411911
178,1.483000,26.214104,1444.298218,-26.892420,134.794525,1415.001587,-63.099033,68.220062,1439.493042,12.436518,55.698463,1460.104248,-113.069061
179,1.492000,26.501244,1444.124268,-26.505322,135.042725,1414.937744,-62.932507,68.550331,1439.344604,12.746181,55.840118,1460.075073,-112.724617
180,1.500000,26.729216,1443.949585,-26.148260,135.265121,1414.896484,-62.609016,68.810944,1439.212036,13.066089,55.990295,1460.027588,-112.348473
181,1.508000,26.957878,1443.840576,-25.764902,135.459854,1414.856934,-62.298477,69.080254,1439.134766,13.479562,56.157269,1459.982422,-111.936295
182,1.517000,27.185080,1443.804688,-25.291916,135.696167,1414.825195,-61.976276,69.300697,1439.104736,13.908443,56.316883,1459.922607,-111.547684
183,1.525000,27.372061,1443.812500,-24.825602,135.888214,1414.779297,-61.662674,69.505028,1439.108398,14.323602,56.452583,1459.872192,-111.183723
184,1.533000,27.527502,1443.830566,-24.406784,136.075699,1414.728271,-61.291458,69.641098,1439.098999,14.691480,56.637428,1459.866699,-110.751518
185,1.542000,27.681261,1443.842285,-24.035683,136.237198,1414.718872,-60.859425,69.877823,1439.007568,15.040626,56.797607,1459.803101,-110.336189
186,1.550000,27.836914,1443.858398,-23.643147,136.377823,1414.679321,-60.487984,70.027023,1439.004272,15.427014,56.955662,1459.781860,-109.974449
187,1.558000,27.991756,1443.842041,-23.241634,136.531296,1414.654419,-60.115257,70.234619,1438.983521,15.895978,57.119202,1459.736816,-109.548409
188,1.567000,28.169111,1443.808228,-22.774338,136.688934,1414.590698,-59.788197,70.445663,1438.911377,16.357630,57.309166,1459.698853,-109.109207
189,1.575000,28.444660,1443.689453,-22.301985,136.851532,1414.539673,-59.436066,70.639938,1438.807495,16.773186,57.506313,1459.641113,-108.665497
190,1.583000,28.730675,1443.562012,-21.838308,137.100906,1414.450195,-59.076492,70.898994,1438.671753,17.133213,57.711884,1459.590576,-108.233429
191,1.592000,29.035187,1443.487793,-21.408401,137.445419,1414.403809,-58.734623,71.215652,1438.530884,17.494139,57.964039,1459.525269,-107.800613
192,1.600000,29.361170,1443.377563,-20.993837,137.799637,1414.323120,-58.419788,71.594841,1438.429321,17.910688,58.225937,1459.441040,-107.340141
193,1.608000,29.708788,1443.291504,-20.526545,138.096146,1414.215332,-58.135788,72.070419,1438.303833,18.338240,58.489330,1459.407837,-106.832474
194,1.617000,30.082689,1443.227051,-20.013012,138.397003,1414.183228,-57.793377,72.633720,1438.209717,18.883347,58.739986,1459.348633,-106.403519
195,1.625000,30.455572,1443.124023,-19.555340,138.673645,1414.060547,-57.510303,73.012459,1438.162598,19.334194,58.998875,1459.319824,-106.006004
196,1.633000,30.802372,1443.029907,-19.134129,138.977142,1413.991089,-57.207333,73.405807,1438.117554,19.726435,59.210888,1459.280640,-105.653831
197,1.642000,31.107347,1442.831055,-18.869768,139.239731,1413.920776,-56.867661,73.716515,1438.081177,20.153551,59.436398,1459.258423,-105.284470
198,1.650000,31.400763,1442.936401,-18.274076,139.535675,1413.889893,-56.423374,74.130959,1438.084717,20.650633,59.692150,1459.241333,-104.848526
199,1.658000,31.649094,1442.937012,-17.771225,139.818558,1413.844727,-55.984833,74.466713,1438.062866,21.103600,59.922535,1459.201294,-104.378693
200,1.667000,31.942493,1442.953979,-17.303432,140.136871,1413.825684,-55.531166,74.817398,1438.017456,21.588913,60.165913,1459.158081,-103.913963
201,1.675000,32.219757,1442.963379,-16.777563,140.463531,1413.820923,-55.050774,75.006676,1438.015259,22.050480,60.390320,1459.139771,-103.397820
202,1.683000,32.584557,1442.940186,-16.183241,140.735519,1413.801636,-54.635937,75.290894,1438.014282,22.513443,60.653130,1459.085449,-102.862068
203,1.692000,32.963444,1442.817871,-15.617947,141.012985,1413.836304,-54.228409,75.692139,1437.948608,22.921419,60.850792,1459.045166,-102.266930
204,1.700000,33.319809,1442.697144,-14.954999,141.270615,1413.818726,-53.776051,76.124878,1437.873901,23.537971,61.026432,1458.990845,-101.657921
205,1.708000,33.655807,1442.560547,-14.330610,141.560104,1413.822510,-53.327206,76.539459,1437.773804,24.193146,61.220360,1458.926147,-101.033478
206,1.717000,33.939331,1442.418335,-13.742185,141.826385,1413.792358,-52.800701,76.860985,1437.657959,24.757744,61.414238,1458.864868,-100.426384
207,1.725000,34.182854,1442.309692,-13.041433,142.079041,1413.717529,-52.175121,77.147202,1437.508179,25.356939,61.622223,1458.778320,-99.795708
208,1.733000,34.367805,1442.205200,-12.270529,142.332977,1413.607544,-51.531670,77.347389,1437.433350,26.103233,61.874008,1458.667236,-99.093018
209,1.742000,34.542088,1442.122681,-11.586698,142.497925,1413.480225,-50.880768,77.442924,1437.340942,26.846125,62.122852,1458.564453,-98.395378
210,1.750000,34.690804,1442.089600,-10.898639,142.659348,1413.352783,-50.163410,77.602592,1437.237427,27.505539,62.358078,1458.510376,-97.698418
211,1.758000,34.878147,1442.104370,-10.124268,142.835800,1413.242188,-49.422344,77.754440,1437.175049,28.249598,62.588230,1458.458496,-96.980774
212,1.767000,35.076653,1442.069580,-9.433997,143.010132,1413.099609,-48.698933,77.983253,1437.138184,29.070583,62.766621,1458.442749,-96.246643
213,1.775000,35.325607,1441.938232,-8.821894,143.238205,1413.071533,-47.963287,78.239082,1437.095459,29.826128,62.979462,1458.405518,-95.493576
214,1.783000,35.568314,1441.942871,-8.009145,143.488358,1412.996704,-47.274090,78.494675,1437.136719,30.581974,63.167095,1458.406250,-94.661896
215,1.792000,35.826912,1441.975098,-7.231087,143.775696,1413.017090,-46.553001,78.802757,1437.236206,31.318966,63.317268,1458.387085,-93.908478
216,1.800000,36.123314,1441.992798,-6.471713,144.079010,1413.001221,-45.879242,79.115868,1437.380249,32.105640,63.511028,1458.376587,-93.135384
217,1.808000,36.555576,1442.071045,-5.560506,144.366226,1413.066772,-45.190510,79.419304,1437.385620,32.972034,63.750767,1458.357056,-92.285835
218,1.817000,36.933773,1442.061279,-4.699251,144.619156,1413.227173,-44.482033,79.864937,1437.390625,33.797596,63.927181,1458.395996,-91.345657
219,1.825000,37.313351,1442.084961,-3.674545,144.884827,1413.345825,-43.814774,80.391441,1437.456055,34.701923,64.077873,1458.412720,-90.452393
220,1.833000,37.541046,1442.011353,-2.633067,145.163620,1413.450195,-43.047508,80.875870,1437.511353,35.400200,64.265686,1458.423950,-89.544685
221,1.842000,37.822002,1441.950317,-1.729808,145.435699,1413.536133,-42.135006,81.212204,1437.590576,36.352337,64.427856,1458.438965,-88.646774
222,1.850000,38.062378,1441.920410,-0.821299,145.680420,1413.542480,-41.207996,81.374931,1437.570312,37.253807,64.648956,1458.422485,-87.774506
223,1.858000,38.267078,1441.917236,0.099020,145.871414,1413.524170,-40.316475,81.562340,1437.504883,38.142677,64.848419,1458.424072,-86.899612
224,1.867000,38.440147,1441.964478,1.007618,146.044113,1413.492065,-39.339645,81.667572,1437.556763,39.175583,65.096123,1458.386353,-85.975510
225,1.875000,38.598999,1442.101196,1.923168,146.197098,1413.440918,-38.263329,81.767662,1437.554932,40.072346,65.377495,1458.425415,-85.029709
226,1.883000,38.748425,1442.262573,2.753679,146.397369,1413.467041,-37.221191,81.924141,1437.678101,41.009285,65.661728,1458.423462,-84.122574
227,1.892000,38.977707,1442.430420,3.590619,146.626511,1413.463013,-36.146946,82.114342,1437.816040,41.954914,65.977150,1458.454468,-83.251892
228,1.900000,39.254787,1442.596436,4.543402,146.905731,1413.481445,-35.129829,82.361511,1437.962158,42.800591,66.357574,1458.481323,-82.373489
229,1.908000,39.661499,1442.537598,5.251928,147.241348,1413.440308,-34.140575,82.698494,1438.158203,43.707611,66.632912,1458.522583,-81.471420
230,1.917000,40.032764,1442.790405,6.376409,147.625702,1413.439819,-33.375343,83.206017,1438.289551,44.607841,66.964005,1458.572388,-80.575493
231,1.925000,40.470585,1442.845581,7.397147,147.964157,1413.450684,-32.818237,83.755852,1438.310669,45.426151,67.245262,1458.602905,-79.712822
232,1.933000,40.993088,1442.736938,8.354671,148.406662,1413.581665,-32.325729,84.355225,1438.314819,46.394444,67.538933,1458.662231,-78.706932
233,1.942000,41.550156,1442.662231,9.365909,148.867691,1413.684937,-31.659302,84.738655,1438.137817,47.375282,67.781128,1458.718506,-77.755905
234,1.950000,41.995979,1442.535278,10.275885,149.295456,1413.749634,-30.860247,85.117317,1437.957764,48.385941,68.031563,1458.812256,-76.711403
235,1.958000,42.371059,1442.453857,11.276501,149.652115,1413.834961,-29.940069,85.606697,1437.816528,49.460629,68.272255,1458.853516,-75.727394
236,1.967000,42.719753,1442.464355,12.342834,149.920547,1413.895264,-29.001064,85.942543,1437.652588,50.425644,68.531700,1458.875122,-74.725082
237,1.975000,43.013493,1442.447632,13.384306,150.203110,1413.923218,-27.945606,86.394081,1437.698486,51.365921,68.814629,1458.876343,-73.713875
238,1.983000,43.201202,1442.553467,14.463388,150.434387,1413.900757,-26.803795,86.439751,1437.736572,52.362213,69.136383,1458.914062,-72.713211
239,1.992000,43.385895,1442.660400,15.457081,150.664276,1413.854736,-25.611856,86.638870,1437.801147,53.464573,69.484344,1458.952881,-71.696976
240,2.000000,43.585869,1442.793091,16.461557,150.902817,1413.777954,-24.542011,86.847717,1437.888550,54.482586,69.773407,1458.998901,-70.666351
241,2.008000,43.985210,1442.706665,17.184015,151.151749,1413.760010,-23.450115,87.129822,1438.033081,55.440208,70.031639,1459.110596,-69.665657
242,2.017000,44.163387,1443.054565,18.397306,151.381454,1413.767822,-22.525026,87.517677,1438.158081,56.398193,70.330780,1459.188110,-68.660408
243,2.025000,44.490498,1443.247437,19.470287,151.600616,1413.813477,-21.736694,87.893326,1438.336182,57.410095,70.641380,1459.267456,-67.628410
244,2.033000,44.860016,1443.400635,20.419636,151.862167,1413.845093,-20.943487,88.236229,1438.449219,58.357704,70.924385,1459.400513,-66.617958
245,2.042000,45.158016,1443.410034,21.343430,152.208801,1413.921875,-20.036844,88.752419,1438.642456,59.247398,71.199585,1459.523682,-65.661049
246,2.050000,45.501232,1443.468384,22.360085,152.563873,1413.996460,-19.034122,89.091454,1438.692383,60.063259,71.466286,1459.635132,-64.749405
247,2.058000,45.840775,1443.519409,23.326786,152.838181,1414.045166,-18.124123,89.500511,1438.654419,61.025887,71.729134,1459.732056,-63.854874
248,2.067000,46.166142,1443.543335,24.315828,153.095428,1414.054565,-17.224522,89.798065,1438.601196,62.058582,72.011642,1459.802246,-62.884243
249,2.075000,46.469059,1443.523315,25.295959,153.338058,1414.031006,-16.299515,90.001183,1438.510254,63.000000,72.311058,1459.877930,-61.879513
250,2.083000,46.707047,1443.551636,26.247993,153.589737,1414.035522,-15.256263,90.218140,1438.529785,64.009460,72.546898,1459.980835,-60.906307
251,2.092000,46.899818,1443.575562,27.203630,153.766296,1413.996704,-14.239272,90.388641,1438.523315,64.902191,72.835930,1460.070923,-59.883759
252,2.100000,47.056648,1443.650391,28.112274,154.017654,1413.953613,-13.248116,90.592133,1438.585205,65.836891,73.127014,1460.130249,-58.854706
253,2.108000,47.253391,1443.882446,29.112617,154.264801,1413.971680,-12.177776,90.772118,1438.698975,66.805481,73.442429,1460.198364,-57.906742
254,2.117000,47.477695,1444.082031,30.034811,154.487015,1414.057739,-11.094694,91.036613,1438.817749,67.764389,73.758011,1460.254883,-57.081627
255,2.125000,47.782036,1444.310669,30.942387,154.681381,1414.144531,-9.972920,91.368622,1439.023315,68.726372,74.046295,1460.366943,-56.264378
256,2.133000,48.174763,1444.410889,31.685486,154.889587,1414.255493,-9.005578,91.624710,1439.350708,69.702156,74.380890,1460.453003,-55.384815
257,2.142000,48.488605,1444.621948,32.535709,155.153152,1414.321533,-8.163377,91.933121,1439.605835,70.542519,74.715767,1460.552612,-54.479580
258,2.150000,48.889065,1444.842529,33.412163,155.438675,1414.340210,-7.420497,92.118805,1439.774170,71.510490,74.959053,1460.715698,-53.554234
259,2.158000,49.205631,1444.981079,34.316944,155.711914,1414.326660,-6.712839,92.413078,1439.815796,72.466019,75.186554,1460.884888,-52.600170
260,2.167000,49.520103,1445.034668,35.252827,155.945145,1414.399048,-5.961291,92.775101,1439.794434,73.387268,75.369148,1461.018555,-51.626377
261,2.175000,49.769775,1445.057861,36.364395,156.149536,1414.512207,-5.111262,93.081406,1439.758545,74.425797,75.457077,1461.164429,-50.644997
262,2.183000,49.995052,1445.225708,37.546890,156.370163,1414.647705,-4.096028,93.227211,1439.695312,75.404587,75.599365,1461.246338,-49.703060
263,2.192000,50.125999,1445.221313,38.603703,156.527634,1414.789917,-3.028796,93.302513,1439.734253,76.577377,75.687057,1461.305542,-48.724846
264,2.200000,50.233601,1445.213989,39.673576,156.646622,1414.878540,-2.036379,93.553886,1439.796143,77.515045,75.757919,1461.385986,-47.647186
265,2.208000,50.329514,1445.187744,40.676685,156.784286,1415.042114,-1.053247,93.718834,1439.896240,78.412674,75.802574,1461.482544,-46.539631
266,2.217000,50.430817,1445.259277,41.746441,156.890869,1415.180420,-0.019522,93.791359,1440.058472,79.497253,75.897949,1461.555176,-45.394573
267,2.225000,50.542267,1445.354736,42.774532,157.029526,1415.281250,1.092309,93.911858,1440.215454,80.608521,75.990799,1461.611572,-44.325100
268,2.233000,50.647579,1445.533936,43.846058,157.086441,1415.365479,2.199314,94.028740,1440.401489,81.716286,76.106819,1461.635986,-43.320358
269,2.242000,50.723442,1445.709961,44.866245,157.130997,1415.452881,3.403352,94.163055,1440.632080,82.868416,76.282166,1461.685913,-42.264179
270,2.250000,50.779232,1445.913208,46.031471,157.185226,1415.511353,4.517247,94.455971,1440.914062,83.801865,76.454277,1461.778564,-41.256275
271,2.258000,50.880962,1446.045410,47.139278,157.173691,1415.468872,5.612144,94.618767,1441.162598,84.791321,76.584541,1461.893433,-40.159367
272,2.267000,50.961823,1446.317505,48.359474,157.244598,1415.434570,6.765182,94.798912,1441.258179,85.770126,76.734955,1461.967773,-39.053852
273,2.275000,50.997139,1446.464722,49.475834,157.354401,1415.494019,7.937577,94.892143,1441.427002,86.972244,76.887016,1462.017456,-37.987015
274,2.283000,51.067879,1446.552246,50.537159,157.478119,1415.568604,9.105193,94.901772,1441.484497,88.051872,77.014763,1462.069458,-36.924332
275,2.292000,51.275249,1446.628784,51.554634,157.586975,1415.645996,10.257755,94.780914,1441.432495,89.387085,77.093071,1462.112793,-35.907413
276,2.300000,51.385082,1446.598267,52.559509,157.714447,1415.714478,11.351262,94.742897,1441.320923,90.669014,77.130791,1462.152832,-34.830185
277,2.308000,51.545609,1446.581421,53.650784,157.832947,1415.787842,12.322034,95.208931,1441.409790,91.526749,77.148468,1462.197388,-33.732990
278,2.317000,51.680382,1446.583984,54.698406,157.991180,1415.936401,13.216245,95.308418,1441.447388,92.348534,77.233833,1462.229492,-32.694447
279,2.325000,51.770725,1446.609131,55.695339,158.117218,1416.048462,14.072032,95.596039,1441.574097,93.148514,77.355354,1462.305176,-31.660427
280,2.333000,52.183388,1446.508789,56.435413,158.238098,1416.205811,14.966726,95.806343,1441.812256,94.098267,77.521706,1462.361938,-30.669304
281,2.342000,52.188469,1446.958496,57.667534,158.373260,1416.339355,15.932294,96.001259,1442.091675,95.014030,77.675903,1462.437134,-29.686398
282,2.350000,52.382133,1447.228394,58.773048,158.544220,1416.477661,16.920507,96.268013,1442.479492,96.013535,77.866928,1462.527954,-28.760933
283,2.358000,52.630795,1447.487793,59.786201,158.731705,1416.554443,17.818964,96.446190,1442.916748,97.106789,77.964539,1462.638794,-27.861431
284,2.367000,52.891983,1447.545532,60.502617,158.917679,1416.704346,18.846075,96.665863,1443.126831,98.125198,78.084007,1462.742065,-26.907034
285,2.375000,53.093365,1447.720947,61.513725,159.085281,1416.915771,19.905479,96.917519,1443.353027,99.199135,78.166275,1462.858643,-25.923552
286,2.383000,53.273979,1447.853760,62.569672,159.258072,1417.124268,21.023766,97.124100,1443.507690,100.214844,78.217041,1462.932983,-24.919352
287,2.392000,53.529499,1447.989746,63.686497,159.424316,1417.363403,22.208391,97.129112,1443.618286,101.397827,78.274551,1462.977173,-23.892113
288,2.400000,53.657024,1448.032227,64.728195,159.529312,1417.456299,23.315538,97.121155,1443.600342,102.648796,78.321106,1462.989624,-22.734144
289,2.408000,53.605549,1448.286499,66.201698,159.604538,1417.532471,24.337538,97.102135,1443.547729,103.913589,78.277107,1462.980469,-21.457283
290,2.417000,53.653301,1448.287598,67.407036,159.639511,1417.590088,25.270933,97.113312,1443.511353,105.045975,78.282471,1463.063721,-20.120426
291,2.425000,53.681355,1448.258911,68.619133,159.666794,1417.640747,26.216465,97.132652,1443.498535,106.077568,78.218742,1463.028320,-18.930729
292,2.433000,53.653465,1448.197632,69.763519,159.695770,1417.697266,27.308104,97.175201,1443.624878,107.269051,78.156189,1463.047729,-17.839870
293,2.442000,53.639977,1448.137451,70.738770,159.699905,1417.795288,28.433527,97.454819,1443.915771,108.306618,78.149879,1463.059326,-16.806541
294,2.450000,53.624245,1448.237183,71.729073,159.702911,1417.884033,29.512493,97.344170,1444.119995,109.387398,78.171654,1463.130859,-15.802245
295,2.458000,53.585186,1448.440063,72.720230,159.678055,1417.961304,30.568241,97.200264,1444.324341,110.518173,78.189720,1463.283081,-14.758278
296,2.467000,53.537029,1448.645752,73.801888,159.724701,1418.050537,31.723209,97.115494,1444.550537,111.703804,78.243500,1463.366699,-13.710461
297,2.475000,53.540039,1448.868774,74.770493,159.829346,1418.235474,32.965870,97.021446,1444.769775,112.779770,78.300941,1463.425415,-12.680168
298,2.483000,53.451893,1449.304688,76.116455,159.837555,1418.388916,34.263035,96.993217,1445.004761,113.775780,78.301590,1463.579834,-11.563328
299,2.492000,53.491219,1449.483276,77.249390,159.790115,1418.399658,35.445663,97.006348,1445.148926,114.815224,78.272453,1463.630005,-10.416895
300,2.500000,53.494869,1449.529907,78.265266,159.760544,1418.433228,36.535122,96.941345,1445.191406,115.960678,78.205177,1463.711304,-9.207059
301,2.508000,53.499268,1449.534180,79.372231,159.716049,1418.453857,37.548576,96.858421,1445.151855,117.189980,78.108109,1463.776611,-8.055335
302,2.517000,53.542915,1449.412720,80.449181,159.731766,1418.518311,38.568623,96.802521,1445.108154,118.387299,78.053841,1463.834961,-6.998182
303,2.525000,53.591518,1449.360352,81.627777,159.678528,1418.554810,39.625042,97.248451,1445.334595,119.490700,78.057884,1463.873169,-5.902441
304,2.533000,53.701221,1449.339600,82.748291,159.704819,1418.632812,40.765545,97.495392,1445.363037,120.391029,78.080696,1463.911865,-4.796075
305,2.542000,53.843483,1449.305298,83.873024,159.719009,1418.619629,41.780205,97.537865,1445.332642,121.540810,78.121628,1463.971680,-3.648342
306,2.550000,53.985786,1449.282471,84.976898,159.809433,1418.654419,42.773769,97.598396,1445.273804,122.860840,78.148781,1464.026733,-2.543007
307,2.558000,54.011410,1449.247314,86.208313,159.955139,1418.689575,43.829262,97.953560,1445.386353,123.918602,78.179001,1464.037598,-1.466587
308,2.567000,54.062889,1449.234741,87.311249,160.039734,1418.751587,44.935871,98.146599,1445.509644,124.789520,78.183525,1464.073730,-0.325360
309,2.575000,54.068729,1449.607178,88.699722,160.067047,1418.823120,46.122482,98.059425,1445.546631,125.852509,78.209473,1464.068481,0.771808
310,2.583000,54.089283,1449.770142,89.749123,160.075897,1418.805298,47.256004,97.951202,1445.632690,127.145958,78.300995,1464.100830,1.920201
311,2.592000,54.105202,1449.803833,90.737312,160.082504,1418.733643,48.405102,97.877617,1445.603149,128.456741,78.341454,1464.101562,3.038960
312,2.600000,54.099533,1449.747559,91.755043,160.011032,1418.660034,49.604851,97.751755,1445.553223,129.596588,78.388672,1464.145142,4.207094
313,2.608000,54.050884,1449.741211,92.857147,159.876785,1418.529907,50.782101,97.650620,1445.466797,130.776398,78.456551,1464.153198,5.294276
314,2.617000,54.054024,1449.724609,93.931480,159.781693,1418.418457,52.023376,97.779160,1445.513306,131.920364,78.570839,1464.179932,6.361609
315,2.625000,53.999580,1449.591064,95.061607,159.799911,1418.317139,53.244900,98.048378,1445.546753,132.885086,78.613350,1464.177612,7.389354
316,2.633000,54.167068,1449.556641,96.116455,159.879593,1418.210327,54.347004,98.031204,1445.374512,133.762131,78.707214,1464.214355,8.472671
317,2.642000,54.333134,1449.546997,97.124580,160.044952,1418.160156,55.306427,98.101868,1445.285522,134.821304,78.774406,1464.229736,9.491843
318,2.650000,54.481300,1449.511841,98.166077,160.238541,1418.128540,56.175648,98.327820,1445.196899,135.915634,78.849625,1464.229370,10.587911
319,2.658000,54.656826,1449.508667,99.169319,160.409134,1418.096436,56.977482,98.544334,1445.192139,137.067123,78.975647,1464.242920,11.741737
320,2.667000,54.882633,1449.518188,100.204376,160.496536,1418.022949,57.794769,98.760475,1445.194092,138.220123,79.082108,1464.197876,12.816876
321,2.675000,54.934311,1449.700195,101.589897,160.538940,1417.903809,58.685291,98.895447,1445.253174,139.296890,79.329613,1464.161499,13.916292
322,2.683000,55.070862,1449.748291,102.830154,160.621750,1417.823730,59.833660,98.998390,1445.272705,140.265854,79.514191,1464.184448,14.990661
323,2.692000,55.304249,1449.801758,103.723099,160.683487,1417.601685,61.114365,99.120750,1445.249512,141.204697,79.779083,1464.144409,15.990746
324,2.700000,55.467083,1449.847290,104.544754,160.708374,1417.352905,62.362061,99.256187,1445.273438,142.254135,79.950638,1464.130127,16.955301
325,2.708000,55.560722,1449.821289,105.461319,160.703964,1417.142578,63.499214,99.369553,1445.152832,143.406448,80.090797,1464.151611,17.981115
326,2.717000,55.676838,1449.768188,106.553009,160.718842,1416.993530,64.489983,99.410370,1444.991943,144.620270,80.188293,1464.176392,19.034658
327,2.725000,55.697639,1449.719971,107.570847,160.703781,1416.913818,65.441811,99.581505,1445.049438,145.789291,80.297295,1464.161621,20.011133
328,2.733000,55.707542,1449.706177,108.590355,160.695236,1416.850464,66.424957,99.656097,1445.114502,146.849228,80.382690,1464.103394,21.031122
329,2.742000,55.749393,1449.695435,109.602501,160.775818,1416.848267,67.490707,99.695717,1445.159180,147.711395,80.465096,1464.072144,22.059597
330,2.750000,55.843994,1449.713623,110.706825,160.831940,1416.832397,68.614105,99.770279,1445.178345,148.504227,80.508896,1464.058716,23.197130
331,2.758000,55.873802,1449.729980,111.761948,160.821152,1416.723755,69.779686,99.855888,1445.179199,149.331955,80.544609,1464.072998,24.280039
332,2.767000,56.229851,1449.649780,112.483246,160.753738,1416.628418,70.916733,99.926773,1445.277344,150.330414,80.546165,1464.087158,25.353109
333,2.775000,56.026928,1450.022339,113.716949,160.655594,1416.529663,72.047768,100.013550,1445.351196,151.437775,80.565941,1464.075806,26.404781
334,2.783000,55.989738,1450.154419,114.880692,160.595703,1416.468506,73.115532,99.978630,1445.401367,152.651505,80.645309,1464.107788,27.405506
335,2.792000,56.021828,1450.266479,115.994919,160.537125,1416.434204,74.253891,99.937386,1445.427612,153.960052,80.679924,1464.115356,28.428328
336,2.800000,56.211426,1450.050049,116.728569,160.478424,1416.364380,75.413361,99.776138,1445.393188,155.184799,80.721802,1464.053955,29.447397
337,2.808000,56.265400,1449.927002,117.666206,160.425430,1416.238159,76.553925,99.630890,1445.273926,156.312256,80.731590,1464.005615,30.567627
338,2.817000,56.266228,1449.816406,118.717018,160.418381,1416.127197,77.627869,99.896896,1445.454468,157.374481,80.685585,1463.935913,31.736284
339,2.825000,56.244129,1449.615479,119.787453,160.430618,1416.024902,78.592369,99.744339,1445.371582,158.436768,80.629852,1463.860107,32.816105
340,2.833000,55.872494,1449.709961,121.345520,160.409576,1416.007812,79.601044,99.660889,1445.187378,159.459549,80.550911,1463.798706,33.875706
341,2.842000,55.742001,1449.587158,122.646858,160.332993,1416.050293,80.644432,99.603439,1445.026611,160.490967,80.398514,1463.743164,34.962395
342,2.850000,55.611431,1449.570435,123.749817,160.208893,1416.145874,81.818771,99.560257,1444.887573,161.523102,80.177307,1463.761108,36.183929
343,2.858000,55.506039,1449.541260,124.780556,159.983231,1416.085693,82.985199,99.445396,1444.808960,162.667679,80.028633,1463.755615,37.436443
344,2.867000,55.427391,1449.571289,125.843124,159.739105,1415.978394,84.128288,99.192047,1444.718140,163.853760,79.873932,1463.732300,38.546429
345,2.875000,55.221859,1449.650024,127.066002,159.505096,1415.824341,85.340714,98.945213,1444.693726,165.096390,79.755653,1463.680176,39.675026
346,2.883000,54.941738,1449.632202,128.310532,159.372009,1415.726440,86.688881,99.030434,1444.933960,166.223083,79.715614,1463.604370,40.899242
347,2.892000,54.600281,1449.518921,129.587555,159.213959,1415.635864,88.017563,98.802727,1445.005493,167.242249,79.590210,1463.566406,42.081966
348,2.900000,54.355183,1449.460571,130.825363,159.026581,1415.516113,89.280136,98.583405,1444.898438,168.244629,79.492317,1463.517090,43.301998
349,2.908000,54.240952,1449.384399,131.983398,158.873199,1415.375488,90.454765,98.322388,1444.764160,169.349152,79.362114,1463.455811,44.447861
350,2.917000,54.285431,1449.279053,132.911850,158.777878,1415.191772,91.540520,98.046730,1444.504272,170.676788,79.285301,1463.347656,45.601009
351,2.925000,54.308681,1449.171875,133.885849,158.721603,1415.044434,92.648483,97.894058,1444.266235,172.183228,79.248535,1463.191895,46.685886
352,2.933000,54.337280,1449.044434,135.012024,158.710480,1414.884521,93.839622,97.817238,1444.082275,173.555527,79.255585,1463.025757,47.836258
353,2.942000,54.359745,1448.858765,136.215164,158.728821,1414.738525,95.068642,97.764999,1443.889038,174.743698,79.250038,1462.917114,49.042427
354,2.950000,54.411957,1448.657837,137.403381,158.772583,1414.696655,96.207191,97.731117,1443.753052,175.776443,79.207161,1462.832275,50.303989
355,2.958000,54.454159,1448.456421,138.650162,158.773331,1414.668823,97.250130,98.035957,1443.832275,176.842285,79.134560,1462.704468,51.541912
356,2.967000,54.473488,1448.282715,139.791962,158.769669,1414.644897,98.229477,98.241638,1443.850220,177.949112,79.074661,1462.620728,52.680870
357,2.975000,54.477787,1448.188843,140.963577,158.715607,1414.654785,99.280121,98.289284,1443.758789,179.121780,78.927589,1462.582031,53.823502
358,2.983000,54.473133,1448.135132,142.107117,158.666702,1414.730469,100.438522,98.299515,1443.753174,180.381485,78.787231,1462.572388,55.049728
359,2.992000,54.289200,1448.451782,143.617554,158.606125,1414.808594,101.559418,98.274460,1443.822266,181.523071,78.712158,1462.617188,56.268505
360,3.000000,54.139374,1448.660522,145.019577,158.480469,1414.756714,102.793304,98.217873,1443.956543,182.620865,78.626259,1462.605347,57.403545
361,3.008000,54.091198,1448.843872,146.115860,158.285339,1414.595825,104.221275,97.977234,1444.171021,183.800629,78.614548,1462.549561,58.556267
362,3.017000,53.984898,1448.908691,147.025208,158.056412,1414.469482,105.794395,97.687851,1444.298096,185.091156,78.670067,1462.477173,59.733772
363,3.025000,53.812515,1449.037842,148.116699,157.798996,1414.283813,107.245842,97.645020,1444.609497,186.400024,78.667641,1462.413574,60.866394
364,3.033000,53.668793,1449.069214,149.222153,157.567444,1414.096436,108.577652,97.298645,1444.641724,187.855148,78.662170,1462.388306,62.063148
365,3.042000,53.443989,1448.895020,150.472092,157.497940,1413.971313,109.805000,97.337532,1444.736694,189.286377,78.571518,1462.302368,63.297989
366,3.050000,53.380657,1448.699219,151.644974,157.544998,1413.958130,110.897377,97.359764,1444.806641,190.713120,78.431709,1462.215088,64.499947
367,3.058000,53.443802,1448.510986,152.778702,157.599457,1414.035522,111.981155,97.195923,1444.621704,191.959183,78.259071,1462.187012,65.736847
368,3.067000,53.541462,1448.291992,153.906143,157.618744,1414.140137,113.059036,97.171478,1444.334595,192.934799,78.166801,1462.060181,66.810448
369,3.075000,53.518314,1448.529297,155.432144,157.600891,1414.201050,114.130005,97.144119,1444.051758,193.695450,78.057373,1461.996826,67.968544
370,3.083000,53.397369,1448.483643,156.783386,157.542740,1414.157227,115.193886,97.054329,1443.862061,194.587006,77.979691,1461.913940,69.229385
371,3.092000,53.320992,1448.420288,157.977020,157.504517,1414.033081,116.293015,96.907555,1443.769409,195.725235,77.971825,1461.814819,70.388168
372,3.100000,53.188641,1448.345825,159.068909,157.380905,1413.835938,117.423546,96.999573,1443.862793,196.991135,77.993446,1461.757935,71.516487
373,3.108000,53.019260,1448.248413,160.184525,157.248428,1413.558105,118.672440,96.880928,1443.890869,198.274948,78.016151,1461.634644,72.636185
374,3.117000,52.849232,1448.201172,161.325150,157.045074,1413.251221,120.152588,96.617271,1443.829834,199.586563,78.010361,1461.562866,73.915955
375,3.125000,52.751457,1447.993774,162.266449,156.824860,1412.961060,121.610497,96.366791,1443.690796,200.846573,77.961967,1461.482422,75.181198
376,3.133000,52.690811,1447.958618,163.292175,156.653015,1412.862183,122.986633,96.151093,1443.589111,201.920456,77.883430,1461.388550,76.327431
377,3.142000,52.761284,1447.951050,164.334198,156.606857,1412.879517,124.240089,96.078224,1443.544922,203.006851,77.820251,1461.305542,77.463860
378,3.150000,52.894638,1447.892578,165.390869,156.636566,1413.000854,125.336647,96.116600,1443.587646,204.069519,77.772652,1461.268066,78.512077
379,3.158000,53.041599,1447.849487,166.449631,156.757050,1413.132568,126.334503,96.281075,1443.623535,205.140366,77.774429,1461.238647,79.564323
380,3.167000,53.211029,1447.777466,167.479568,156.836700,1413.159546,127.259064,96.482246,1443.561279,206.168533,77.800369,1461.165039,80.569305
381,3.175000,53.352802,1447.667969,168.547211,156.888687,1413.054688,128.188477,96.734901,1443.484375,207.177109,77.833931,1461.157837,81.638359
382,3.183000,53.309311,1447.833984,169.981201,156.952744,1412.930786,129.189789,97.149315,1443.581665,208.291290,77.885788,1461.101318,82.722748
383,3.192000,53.292709,1447.777588,171.297089,156.990311,1412.780273,130.211227,97.407463,1443.632568,209.483994,77.966965,1461.041626,83.846130
384,3.200000,53.192543,1447.696655,172.457184,156.889984,1412.609863,131.327011,97.393539,1443.590820,210.733963,78.027260,1460.955322,84.907928
385,3.208000,53.127735,1447.670898,173.477127,156.794418,1412.479370,132.585297,97.202515,1443.525635,211.873779,78.092796,1460.871460,85.889153
386,3.217000,53.067307,1447.735962,174.358490,156.783249,1412.417480,133.814346,97.001633,1443.483643,212.847702,78.203262,1460.834229,86.838821
387,3.225000,52.947704,1447.830322,175.315018,156.818192,1412.390015,134.901917,96.815399,1443.457275,213.679962,78.312454,1460.821411,87.703438
388,3.233000,53.066036,1447.875244,176.050797,156.895905,1412.359253,135.879349,96.715584,1443.463989,214.499619,78.415039,1460.859253,88.606636
389,3.242000,53.234272,1448.030640,176.749527,156.998871,1412.384277,136.700531,96.741356,1443.566772,215.307144,78.524506,1460.880981,89.513252
390,3.250000,53.419304,1448.078125,177.453217,157.180817,1412.477783,137.456970,96.902214,1443.706787,216.168228,78.595764,1460.889282,90.390739
391,3.258000,53.636398,1448.018921,178.258408,157.310425,1412.520386,138.177017,97.221176,1443.762085,217.051086,78.641594,1460.870361,91.223534
392,3.267000,53.851204,1447.782471,179.186310,157.455597,1412.544189,138.907654,97.582886,1443.655029,217.984787,78.662720,1460.793335,92.060204
393,3.275000,53.961224,1447.454102,180.139648,157.630829,1412.545288,139.662537,97.801186,1443.419312,218.829468,78.689423,1460.672974,92.963860
394,3.283000,53.992828,1447.195435,181.111664,157.741440,1412.497803,140.498199,97.821487,1443.150391,219.546219,78.723717,1460.582886,93.891273
395,3.292000,54.054054,1447.008057,182.066208,157.784775,1412.366089,141.396255,98.064934,1443.196411,220.350601,78.800056,1460.508179,94.877975
396,3.300000,54.116837,1446.910889,182.949142,157.797134,1412.159790,142.386520,98.174858,1443.170044,221.274033,78.934479,1460.453003,95.796707
397,3.308000,54.118729,1446.895996,183.908981,157.770264,1411.862915,143.438873,98.198845,1442.997559,222.345734,79.146187,1460.346069,96.744087
398,3.317000,54.183022,1446.960327,184.866821,157.841339,1411.588257,144.585602,98.253578,1442.967651,223.501160,79.361778,1460.275635,97.696274
399,3.325000,54.194530,1447.267090,186.108963,157.982727,1411.390991,145.633362,98.396927,1443.066406,224.689728,79.534042,1460.193726,98.619896
400,3.333000,54.302620,1447.352417,187.243622,158.123474,1411.196777,146.506790,98.534691,1443.232056,225.774002,79.740517,1460.099243,99.493515
401,3.342000,54.470589,1447.326050,188.149017,158.270813,1411.026001,147.334747,98.724594,1443.400269,226.818390,79.888695,1460.043823,100.326180
402,3.350000,54.757336,1447.248779,189.000916,158.411819,1410.882446,148.140671,98.933838,1443.497314,227.783371,80.078300,1459.897705,101.224373
403,3.358000,55.057365,1447.151855,189.808578,158.586365,1410.802124,148.876175,99.192276,1443.479858,228.599869,80.255577,1459.876587,102.231323
404,3.367000,55.361851,1446.973633,190.642365,158.811600,1410.735107,149.621078,99.565010,1443.359619,229.488907,80.433044,1459.762207,103.163208
405,3.375000,55.588680,1446.844116,191.463455,159.023315,1410.646729,150.413879,99.704720,1443.021118,230.199615,80.604370,1459.716553,104.029625
406,3.383000,55.788021,1446.713745,192.296936,159.194382,1410.546509,151.244293,99.844719,1442.588745,230.804199,80.778938,1459.734131,104.811600
407,3.392000,56.360588,1446.342529,192.579254,159.335526,1410.406250,152.094269,99.948715,1442.120483,231.415268,80.967102,1459.715332,105.645668
408,3.400000,56.535515,1446.196655,193.123459,159.416077,1410.308105,152.926651,99.918892,1441.718140,232.042816,81.117447,1459.712036,106.489426
409,3.408000,56.604641,1446.059937,193.918030,159.496613,1410.163818,153.797928,99.880882,1441.387573,232.746826,81.273026,1459.687744,107.396065
410,3.417000,56.649643,1445.983887,194.705200,159.615234,1410.046509,154.694244,99.824142,1441.160034,233.569534,81.444389,1459.622681,108.195122
411,3.425000,56.709606,1445.983643,195.557648,159.674469,1409.927612,155.580460,99.805305,1441.061401,234.456543,81.635300,1459.592651,108.952774
412,3.433000,56.864014,1446.029297,196.384262,159.779312,1409.832397,156.511429,100.123405,1441.339844,235.327347,81.875961,1459.572021,109.738144
413,3.442000,57.056644,1446.111572,197.140869,159.904480,1409.775635,157.461914,100.652878,1441.876831,236.313248,82.124413,1459.507446,110.488304
414,3.450000,57.250095,1446.188599,197.955292,160.043716,1409.695190,158.383026,100.894684,1442.336426,237.568924,82.375153,1459.475220,111.304909
415,3.458000,57.265533,1446.529297,199.174606,160.202530,1409.572388,159.244141,101.149155,1442.615723,238.685410,82.621185,1459.429321,112.081474
416,3.467000,57.373138,1446.540649,200.247589,160.366974,1409.480347,160.058655,101.411194,1442.558594,239.511276,82.814827,1459.425293,112.813484
417,3.475000,57.636169,1446.387451,201.163834,160.557281,1409.378784,160.780701,101.717628,1442.205811,240.207062,83.021034,1459.419189,113.625267
418,3.483000,57.924797,1446.241821,201.948593,160.832306,1409.296143,161.431244,102.025406,1441.830688,240.870514,83.173386,1459.393555,114.473480
419,3.492000,58.235840,1446.037354,202.739197,161.159409,1409.184570,162.062744,102.295670,1441.541260,241.587173,83.382835,1459.373413,115.349815
420,3.500000,58.380127,1445.767944,203.570068,161.469025,1409.025269,162.640854,102.538658,1441.355347,242.383347,83.600311,1459.346558,116.164589
421,3.508000,58.552242,1445.593628,204.489716,161.712158,1408.858887,163.216125,102.799583,1441.190796,243.287735,83.830322,1459.260986,117.020554
422,3.517000,58.750507,1445.428345,205.435303,161.966537,1408.658936,163.892502,103.012260,1440.982056,244.189072,84.110123,1459.278564,118.072151
423,3.525000,58.916084,1445.365112,206.240540,162.189102,1408.448975,164.679016,103.152466,1440.809082,244.931015,84.326302,1459.227661,118.976616
424,3.533000,59.103001,1445.384277,206.940781,162.321121,1408.220215,165.572006,103.281723,1440.706055,245.699127,84.566963,1459.144409,119.840759
425,3.542000,59.318386,1445.511841,207.654678,162.376556,1407.980347,166.501205,103.443192,1440.733154,246.499908,84.817749,1459.119629,120.528717
426,3.550000,59.528107,1445.682007,208.362122,162.457489,1407.834351,167.446671,103.711624,1440.895020,247.289536,85.101044,1459.090088,121.220009
427,3.558000,60.213768,1445.509277,208.618530,162.556885,1407.714600,168.391464,103.990814,1441.051270,248.196396,85.420036,1459.078125,121.955551
428,3.567000,60.578110,1445.462646,209.063232,162.742096,1407.632690,169.313110,104.258102,1441.094116,249.055771,85.723160,1459.063110,122.744827
429,3.575000,60.877754,1445.381470,209.850037,162.919998,1407.597290,170.104355,104.622078,1440.988525,249.831009,85.967110,1459.038086,123.575119
430,3.583000,61.186390,1445.220337,210.819733,163.263168,1407.677246,170.714142,104.960449,1440.841187,250.614639,86.168945,1459.045654,124.395966
431,3.592000,61.524544,1444.946777,211.736649,163.678909,1407.761963,171.269730,105.316566,1440.649902,251.383102,86.285835,1459.083496,125.220734
432,3.600000,61.784889,1444.769531,212.568314,164.061752,1407.812622,171.790421,105.679825,1440.324097,252.073105,86.437256,1459.145020,126.008018
433,3.608000,62.100945,1444.730225,213.449234,164.443451,1407.837158,172.375824,106.025337,1440.077881,252.773224,86.701469,1459.183838,126.822739
434,3.617000,62.401814,1444.824951,214.265350,164.748535,1407.736206,173.118088,106.340828,1439.963257,253.488632,87.077873,1459.238892,127.712219
435,3.625000,62.705345,1445.054932,215.064209,164.986130,1407.604370,173.991943,106.595131,1440.015259,254.224899,87.468361,1459.411255,128.728516
436,3.633000,62.746300,1445.618652,216.350494,165.177292,1407.474365,174.975555,106.832848,1440.223022,255.160568,87.894257,1459.454468,129.492020
437,3.642000,62.906914,1445.910400,217.443619,165.264038,1407.308350,176.041397,107.040169,1440.449829,256.177032,88.380470,1459.653687,130.421951
438,3.650000,63.228115,1446.093628,218.129532,165.299866,1407.169434,177.095825,107.106003,1440.417603,257.031067,88.761734,1459.781372,131.235275
439,3.658000,63.529804,1446.208984,218.719376,165.384933,1407.111206,178.166428,107.289398,1440.299805,257.924408,89.075737,1459.845459,132.027832
440,3.667000,63.798843,1446.273071,219.463165,165.595856,1407.193604,179.116318,107.497803,1440.197266,258.716858,89.362846,1459.973633,132.884674
441,3.675000,64.037979,1446.239380,220.211868,165.862305,1407.347778,179.928741,107.694069,1440.113770,259.543427,89.542564,1460.153931,133.874420
442,3.683000,64.692413,1445.887329,220.937805,166.146912,1407.576172,180.746429,107.857384,1439.999023,260.475433,89.676086,1460.304199,134.930725
443,3.692000,64.966751,1445.594116,221.769867,166.417694,1407.848022,181.530167,107.968002,1439.791138,261.424988,89.703598,1460.460327,135.965561
444,3.700000,65.051712,1445.495728,222.803833,166.604645,1408.033691,182.381180,108.071388,1439.543457,262.427917,89.774887,1460.573608,136.944382
445,3.708000,65.032295,1445.585815,223.937119,166.717819,1408.176270,183.359863,108.314240,1439.755127,263.459839,89.848190,1460.730347,137.884796
446,3.717000,64.902283,1445.766113,224.957382,166.703995,1408.220703,184.463608,108.304352,1440.028931,264.615479,90.064636,1460.944336,138.915527
447,3.725000,64.853508,1446.096802,226.081650,166.597031,1408.178223,185.794449,108.279732,1440.361084,265.781494,90.260811,1461.130127,139.924438
448,3.733000,64.330246,1446.709351,227.569061,166.468628,1408.146729,187.104523,108.275284,1440.714355,266.901154,90.481667,1461.289917,141.075043
449,3.742000,64.162750,1446.998779,228.977509,166.402756,1408.144897,188.391006,108.265190,1440.997559,267.992645,90.687836,1461.419800,142.130508
450,3.750000,64.228867,1447.252808,229.978943,166.373505,1408.152832,189.515747,108.313225,1441.247070,268.956848,90.870247,1461.558472,143.124100
451,3.758000,64.401451,1447.411743,230.785736,166.472885,1408.207153,190.576797,108.394104,1441.437500,269.972687,91.032349,1461.660034,144.023880
452,3.767000,65.044769,1447.191772,231.117493,166.664459,1408.343384,191.449463,108.577049,1441.510254,270.847717,91.168015,1461.751099,144.856445
453,3.775000,65.410522,1447.069214,231.569122,166.916412,1408.554321,192.345154,108.776497,1441.530029,271.805603,91.286407,1461.891357,145.788116
454,3.783000,65.676399,1447.063477,232.440475,167.183548,1408.787720,193.177292,109.073120,1441.585205,272.756897,91.436615,1462.055786,146.781296
455,3.792000,65.901970,1447.119629,233.397476,167.465179,1409.062744,193.937836,109.297997,1441.614258,273.606812,91.643120,1462.256470,147.778046
456,3.800000,66.059059,1447.216187,234.311981,167.720612,1409.336060,194.777710,109.459465,1441.686768,274.565125,91.794426,1462.481812,148.753693
457,3.808000,65.747238,1447.826050,235.751633,167.895523,1409.604614,195.648132,109.485893,1441.725708,275.286407,91.993073,1462.792236,149.736252
458,3.817000,65.669533,1448.231201,237.213211,168.058899,1409.836182,196.678833,109.583351,1442.000000,276.161530,92.172653,1463.089111,150.565521
459,3.825000,65.662125,1448.687622,238.375519,168.153610,1410.057251,197.673248,109.601410,1442.387573,277.084747,92.373245,1463.304321,151.299927
460,3.833000,65.693474,1449.103516,239.208786,168.202377,1410.277588,198.703278,109.613777,1442.852295,277.959564,92.597458,1463.553833,152.028931
461,3.842000,66.039711,1449.156860,239.471130,168.249725,1410.477783,199.741089,109.640907,1443.227783,278.985809,92.773369,1463.785400,152.952896
462,3.850000,66.212540,1449.367920,239.823792,168.311249,1410.701416,200.636780,109.711510,1443.566284,279.899261,92.930313,1464.015747,153.892365
463,3.858000,66.355171,1449.439697,240.461319,168.435150,1410.927490,201.623047,109.721519,1443.764526,280.817017,93.001129,1464.148682,154.732895
464,3.867000,66.416405,1449.404541,241.336243,168.543823,1411.136841,202.514145,109.738174,1443.827271,281.718018,93.212151,1464.320923,155.582321
465,3.875000,66.514717,1449.263672,242.201385,168.644653,1411.348267,203.352203,109.729034,1443.781250,282.540222,93.249725,1464.452515,156.315674
466,3.883000,66.595024,1449.175415,243.083130,168.784698,1411.547852,204.232849,109.667091,1443.581665,283.367676,93.355728,1464.593750,157.151276
467,3.892000,66.398949,1449.582764,244.441330,168.897644,1411.723877,205.062195,109.814735,1443.596802,284.089172,93.444031,1464.745972,158.053940
468,3.900000,66.338722,1449.859863,245.765228,169.064392,1411.899170,205.995331,109.919464,1443.768066,284.853973,93.604340,1464.902344,158.957397
469,3.908000,66.384857,1450.168457,246.726273,169.168396,1412.000366,206.890808,110.050819,1444.056763,285.730743,93.821419,1465.061646,159.880219
470,3.917000,66.554047,1450.518311,247.372528,169.303406,1412.108154,207.756592,110.161674,1444.441650,286.466431,94.060349,1465.232666,160.712967
471,3.925000,66.762444,1450.833252,247.956284,169.480103,1412.223877,208.639008,110.311768,1444.872559,287.238647,94.299362,1465.379517,161.545609
472,3.933000,67.033226,1450.981201,248.350342,169.629715,1412.292236,209.447281,110.505959,1445.291504,288.131439,94.509361,1465.532715,162.296631
473,3.942000,67.244370,1451.137207,248.904877,169.774612,1412.306885,210.348740,110.631889,1445.491943,288.927246,94.703346,1465.608032,163.066986
474,3.950000,67.393364,1451.128418,249.631790,169.920441,1412.353271,211.130737,110.730255,1445.485107,289.674591,94.850975,1465.615112,163.798248
475,3.958000,67.463417,1450.982910,250.412994,170.059357,1412.442383,211.842194,110.814018,1445.341431,290.494385,94.982201,1465.603638,164.460373
476,3.967000,67.507729,1450.714233,251.228714,170.218765,1412.588135,212.658508,110.796448,1445.084473,291.249298,95.045013,1465.671631,165.290115
477,3.975000,67.529411,1450.393433,252.065247,170.387589,1412.810425,213.415329,110.808815,1444.823975,291.993073,95.046204,1465.738525,166.113586
478,3.983000,67.506126,1450.145508,252.944351,170.527405,1413.029175,214.173492,110.862892,1444.693359,292.827820,95.035522,1465.798950,166.999939
479,3.992000,67.530304,1450.079468,253.744965,170.674438,1413.212158,215.064880,110.878685,1444.576416,293.576050,95.086899,1465.843994,167.884262
480,4.000000,67.572769,1450.177490,254.424957,170.707947,1413.308594,215.919144,110.901878,1444.617065,294.289276,95.199249,1465.877319,168.703339
481,4.008000,67.600449,1450.357666,255.143799,170.646469,1413.225708,216.795029,110.866348,1444.765625,295.119049,95.335724,1465.886841,169.449219
482,4.017000,67.462212,1450.718872,256.193390,170.653793,1413.150757,217.756760,110.763062,1444.980835,295.945374,95.444595,1465.862183,170.106934
483,4.025000,67.363037,1450.935303,257.174072,170.580826,1413.071167,218.600922,110.673584,1445.189941,296.787933,95.543839,1465.812988,170.780945
484,4.033000,67.318451,1451.039795,257.927521,170.513214,1412.969604,219.562485,110.638069,1445.354736,297.666565,95.606544,1465.797119,171.474457
485,4.042000,67.323532,1450.999268,258.542603,170.269272,1412.902832,220.631836,110.551392,1445.400513,298.404053,95.656830,1465.744019,172.240143
486,4.050000,67.345337,1450.786865,259.212372,170.190109,1412.756714,221.454132,110.481812,1445.196411,299.182037,95.614441,1465.693604,173.092056
487,4.058000,67.301704,1450.461914,259.925964,170.223282,1412.700928,222.298676,110.396545,1444.908691,299.981262,95.572189,1465.593384,174.001404
488,4.067000,67.233177,1450.077393,260.730164,170.514282,1412.764771,222.860779,110.290695,1444.565552,300.743225,95.461761,1465.519165,174.974838
489,4.075000,67.128159,1449.811890,261.650696,170.613388,1412.743774,223.517456,110.313408,1444.440674,301.592285,95.479790,1465.289795,175.660156
490,4.083000,67.020004,1449.527954,262.466156,170.610916,1412.619019,224.322250,110.211380,1444.197754,302.478149,95.480042,1465.203979,176.394257
491,4.092000,66.923126,1449.338379,263.163361,170.509491,1412.410156,225.175552,110.071136,1443.928711,303.225464,95.549362,1465.077881,177.194092
492,4.100000,66.838432,1449.195312,263.863312,170.278915,1412.213623,226.110382,109.939819,1443.783569,303.910828,95.606827,1464.953125,177.948059
493,4.108000,66.740181,1449.167114,264.604645,170.181946,1412.042236,226.964569,109.831291,1443.702026,304.661102,95.651520,1464.810547,178.670959
494,4.117000,66.761589,1449.194824,265.290222,170.213806,1411.910522,227.771881,109.869881,1443.794434,305.437317,95.725433,1464.671997,179.326935
495,4.125000,66.850937,1449.182129,265.945648,170.217209,1411.791992,228.450119,109.947662,1443.840942,306.080933,95.769768,1464.569214,179.938751
496,4.133000,67.003830,1449.062988,266.442413,170.211288,1411.713745,229.167343,110.054611,1443.860596,306.741486,95.800652,1464.453735,180.532272
497,4.142000,67.096184,1448.997559,267.038116,170.263290,1411.687256,229.914536,110.204025,1443.880859,307.492676,95.835609,1464.359619,181.103439
498,4.150000,67.187454,1448.841919,267.748444,170.348175,1411.690186,230.539474,110.284737,1443.816406,308.116699,95.821991,1464.252686,181.764496
499,4.158000,67.213646,1448.704712,268.501678,170.425568,1411.688843,231.136581,110.372032,1443.705933,308.740723,95.852737,1464.168457,182.442322
500,4.167000,67.224335,1448.498169,269.121765,170.482925,1411.698120,231.848434,110.417618,1443.554688,309.422058,95.835251,1464.071289,183.115295
501,4.175000,67.240463,1448.247314,269.648865,170.695084,1411.708496,232.333267,110.377213,1443.350586,310.103638,95.844849,1463.964111,183.808426
502,4.183000,67.254723,1448.030640,270.229614,170.728378,1411.678467,232.902222,110.309364,1443.161499,310.704987,95.865097,1463.864502,184.421906
503,4.192000,67.167984,1447.890015,270.899506,170.736801,1411.594971,233.614548,110.202957,1443.012451,311.336273,95.858124,1463.731323,185.103424
504,4.200000,67.088600,1447.779907,271.550232,170.524734,1411.502563,234.558151,110.090309,1442.915527,312.052063,95.898018,1463.622070,185.850906
505,4.208000,66.969986,1447.782593,272.171234,170.429428,1411.298462,235.276031,109.943291,1442.819580,312.725586,95.927170,1463.489380,186.509201
506,4.217000,66.879868,1447.830322,272.773712,170.329163,1411.019287,236.006897,109.767509,1442.748047,313.348663,95.975876,1463.332642,187.132034
507,4.225000,66.776421,1447.845093,273.360596,170.202209,1410.762329,236.828156,109.598389,1442.699585,313.959656,96.006630,1463.230957,187.767151
508,4.233000,66.722092,1447.771484,274.000366,170.115891,1410.574707,237.478424,109.521408,1442.678223,314.672821,95.996872,1463.102905,188.386932
509,4.242000,66.652588,1447.570312,274.614960,170.030609,1410.453247,238.077209,109.362297,1442.486938,315.306183,95.915779,1462.989380,188.969666
510,4.250000,66.559418,1447.248413,275.162140,169.948517,1410.370483,238.761856,109.156570,1442.174805,315.895538,95.767944,1462.824951,189.582321
511,4.258000,66.394524,1446.842773,275.725159,169.840424,1410.321533,239.469315,109.003593,1441.865723,316.567749,95.602249,1462.685547,190.240311
512,4.267000,66.185509,1446.431152,276.308624,169.760117,1410.292603,240.082794,108.795303,1441.654297,317.310272,95.378319,1462.522949,190.949036
513,4.275000,65.970367,1446.116089,276.907013,169.658234,1410.235474,240.758972,108.474213,1441.394775,317.962311,95.250748,1462.308228,191.630264
514,4.283000,65.717758,1445.968262,277.534180,169.527985,1410.136353,241.562592,108.142853,1441.152832,318.579529,95.132858,1462.096680,192.259735
515,4.292000,65.458191,1445.946777,278.092041,169.289291,1409.939819,242.331924,107.801270,1441.044800,319.211609,95.068024,1461.895874,192.860321
516,4.300000,65.233002,1445.993774,278.625610,169.062317,1409.681274,243.034882,107.493744,1441.119873,319.913574,94.981842,1461.683594,193.377228
517,4.308000,65.013458,1445.964600,279.077148,168.767609,1409.445312,243.829575,107.186676,1441.180298,320.557281,94.865730,1461.503052,193.901566
518,4.317000,64.811440,1445.838379,279.643402,168.510315,1409.234253,244.596985,106.928719,1441.146606,321.213684,94.702393,1461.293213,194.516937
519,4.325000,64.581390,1445.656372,280.186096,168.280289,1409.076416,245.230850,106.639023,1441.040039,321.876862,94.509628,1461.140015,195.191269
520,4.333000,64.357521,1445.386108,280.715210,168.084824,1408.953247,245.960617,106.279839,1440.789551,322.600494,94.317970,1460.958252,195.833588
521,4.342000,64.155304,1445.055664,281.259125,167.903259,1408.864746,246.762466,105.941292,1440.513794,323.242920,94.133415,1460.737671,196.477539
522,4.350000,63.475243,1444.990601,282.318939,167.749817,1408.740967,247.468903,105.592842,1440.122559,323.894653,93.927979,1460.475586,197.157318
523,4.358000,63.030556,1444.598877,283.522064,167.556625,1408.518066,248.177109,105.264412,1439.572021,324.576324,93.784454,1460.191040,197.870804
524,4.367000,62.662155,1444.274292,284.476196,167.338409,1408.243774,248.946732,104.895378,1439.109131,325.292297,93.624527,1459.951660,198.459244
525,4.375000,62.385529,1444.002808,285.147156,167.076492,1407.929077,249.707108,104.523819,1438.804688,325.897888,93.566711,1459.708740,199.038635
526,4.383000,62.162178,1443.816772,285.676453,166.911835,1407.658325,250.354294,104.263374,1438.690918,326.519714,93.505692,1459.444214,199.545975
527,4.392000,61.973175,1443.697632,286.098083,166.787628,1407.503784,251.053986,104.021744,1438.748535,327.131226,93.406967,1459.169800,200.016144
528,4.400000,61.810619,1443.730591,286.538086,166.689301,1407.496216,251.788589,103.834053,1438.890747,327.826385,93.295586,1458.876709,200.428070
529,4.408000,61.668339,1443.811768,287.064667,166.534531,1407.569946,252.520172,103.649284,1439.075439,328.398804,93.178772,1458.631592,200.864151
530,4.417000,61.496735,1443.855591,287.695312,166.325180,1407.497925,253.236450,103.417702,1439.147217,328.978851,93.109894,1458.459229,201.409515
531,4.425000,61.234337,1443.783691,288.330383,166.180466,1407.296387,253.998428,103.137947,1439.014404,329.541718,92.965652,1458.314819,201.991119
532,4.433000,60.931526,1443.543457,288.956604,165.933746,1407.068848,254.673279,102.839211,1438.777588,330.174774,92.786110,1458.150269,202.611115
533,4.442000,60.680111,1443.146240,289.371490,165.691818,1406.826660,255.241364,102.532066,1438.396973,330.801971,92.641014,1457.967285,203.197083
534,4.450000,60.482052,1442.732788,289.725250,165.389679,1406.577637,255.841110,102.154625,1437.895630,331.218018,92.514374,1457.808350,203.710693
535,4.458000,60.324604,1442.390381,290.152557,165.123413,1406.342407,256.462921,101.876038,1437.486084,331.724243,92.411568,1457.654663,204.288406
536,4.467000,60.150547,1442.087524,290.638123,164.908707,1406.142578,257.081299,101.615105,1437.164795,332.243774,92.297035,1457.485352,204.832367
537,4.475000,60.014084,1441.887085,291.140717,164.730789,1405.984131,257.615265,101.452080,1436.986816,332.808258,92.196289,1457.314209,205.326355
538,4.483000,59.866272,1441.755493,291.625610,164.589951,1405.942871,258.189972,101.280724,1436.883667,333.343994,92.110794,1457.181030,205.763290
539,4.492000,59.733311,1441.632568,292.011810,164.430939,1405.943970,258.748444,101.085091,1436.860107,333.811249,92.021393,1457.048584,206.245544
540,4.500000,59.559135,1441.575806,292.392517,164.276566,1405.818848,259.316742,100.809044,1436.839600,334.308411,91.900475,1456.928223,206.742065
541,4.508000,59.356701,1441.476807,292.824799,164.080002,1405.615845,259.887604,100.515198,1436.754761,334.830933,91.818085,1456.742432,207.181732
542,4.517000,59.137646,1441.281494,293.245300,163.862991,1405.322998,260.504242,100.190506,1436.442993,335.433167,91.711456,1456.533569,207.675537
543,4.525000,58.705574,1441.174805,293.981567,163.587845,1404.993042,261.087250,99.873863,1436.060059,336.006805,91.602417,1456.278931,208.195114
544,4.533000,58.339725,1440.827026,294.766571,163.316330,1404.663086,261.677979,99.605743,1435.691284,336.495850,91.423454,1456.095337,208.727280
545,4.542000,58.024036,1440.433594,295.373199,163.032532,1404.325317,262.238220,99.345261,1435.317505,336.976440,91.199806,1455.879150,209.387054
546,4.550000,57.764824,1440.013916,295.829773,162.733765,1404.072388,262.802979,99.005386,1434.859863,337.415192,90.989937,1455.686768,209.975830
547,4.558000,57.529690,1439.724365,296.187317,162.499573,1403.896851,263.341583,98.695206,1434.544312,337.855347,90.809135,1455.539673,210.440063
548,4.567000,57.303825,1439.524658,296.543640,162.277420,1403.764771,263.863251,98.426628,1434.371948,338.363892,90.711082,1455.387207,210.802124
549,4.575000,57.112259,1439.394653,296.863068,162.097885,1403.584595,264.417725,98.167305,1434.218018,338.872284,90.668137,1455.286987,211.180679
550,4.583000,56.966946,1439.331665,297.211945,161.955231,1403.330566,264.891083,97.950340,1434.019043,339.258423,90.686768,1455.144897,211.623596
551,4.592000,56.888214,1439.341064,297.575104,161.857117,1403.066650,265.344208,97.808548,1433.927368,339.585968,90.748123,1455.035278,212.031204
552,4.600000,56.874161,1439.370605,297.906555,161.768951,1402.759399,265.718964,97.728836,1433.828979,339.939758,90.879425,1454.934082,212.406937
553,4.608000,56.925777,1439.372925,298.233185,161.699310,1402.513916,266.120392,97.721062,1433.752930,340.226471,90.988525,1454.785400,212.725586
554,4.617000,56.956917,1439.345947,298.533844,161.681931,1402.268066,266.506348,97.689636,1433.658081,340.567749,91.100830,1454.674072,213.041031
555,4.625000,56.928181,1439.238770,298.800110,161.597366,1402.077393,266.942810,97.617012,1433.558228,340.960480,91.142776,1454.579834,213.417465
556,4.633000,56.857769,1439.125000,299.097839,161.522278,1402.020508,267.333374,97.476433,1433.498413,341.287506,91.130440,1454.516113,213.784821
557,4.642000,56.723694,1439.008057,299.432281,161.519958,1402.097900,267.613800,97.321976,1433.443115,341.597198,91.056458,1454.432861,214.085266
558,4.650000,56.594311,1438.842651,299.749176,161.567749,1402.216064,267.888763,97.178345,1433.384033,341.892212,90.990868,1454.390625,214.433029
559,4.658000,56.496750,1438.714478,300.014404,161.614273,1402.300171,268.189697,97.091393,1433.364502,342.158997,90.917725,1454.314209,214.716446
560,4.667000,56.454628,1438.634766,300.314575,161.632584,1402.301147,268.516663,97.035072,1433.368164,342.436859,90.888702,1454.240356,214.965607
561,4.675000,56.393192,1438.562378,300.578918,161.625092,1402.223022,268.882385,96.989410,1433.353882,342.699280,90.903381,1454.154663,215.171295
562,4.683000,56.406315,1438.476196,300.868866,161.615463,1402.084839,269.220154,96.980835,1433.262207,342.998077,90.947639,1454.076172,215.386780
563,4.692000,56.425125,1438.438232,301.094452,161.611343,1401.946899,269.511719,97.040199,1433.159302,343.245087,91.012260,1454.018921,215.621307
564,4.700000,56.465931,1438.337646,301.282837,161.640915,1401.812622,269.729675,97.104317,1433.053223,343.484406,91.083008,1453.952759,215.816132
565,4.708000,56.495045,1438.219116,301.501343,161.666977,1401.695801,269.955597,97.142700,1432.905640,343.747742,91.145172,1453.881958,215.982880
566,4.717000,56.514221,1438.144897,301.713104,161.695648,1401.590698,270.200897,97.161530,1432.761719,343.978241,91.226036,1453.820801,216.219299
567,4.725000,56.555782,1438.090210,301.884857,161.718582,1401.486450,270.443939,97.187645,1432.599121,344.195343,91.280792,1453.782227,216.439667
568,4.733000,56.548851,1438.070679,302.045471,161.722656,1401.458740,270.717377,97.176674,1432.531128,344.350983,91.355362,1453.768066,216.663254
569,4.742000,56.548096,1438.048706,302.204590,161.724258,1401.456787,270.956787,97.097206,1432.531982,344.553497,91.413719,1453.772095,216.842072
570,4.750000,56.515720,1438.108398,302.403503,161.713379,1401.543701,271.204315,97.042793,1432.611450,344.749298,91.411011,1453.808594,216.979065
571,4.758000,56.466869,1438.171143,302.604919,161.731720,1401.679932,271.457031,96.979706,1432.807495,344.914612,91.405418,1453.845215,217.163818
572,4.767000,56.441921,1438.276245,302.818939,161.800613,1401.866577,271.667053,96.947769,1432.977417,345.110748,91.422737,1453.912109,217.342957
573,4.775000,56.416840,1438.418823,303.045044,161.868683,1402.008179,271.846588,96.906403,1433.125854,345.310455,91.470039,1453.971924,217.459641
574,4.783000,56.441525,1438.532837,303.193756,161.931366,1402.054688,272.021759,96.936569,1433.233521,345.495239,91.554131,1454.034302,217.602570
575,4.792000,56.552555,1438.688232,303.336395,161.958527,1402.031738,272.191467,96.998543,1433.321045,345.663086,91.691635,1454.118530,217.753357
576,4.800000,56.673702,1438.856445,303.442780,161.955475,1401.978027,272.348511,97.095795,1433.422485,345.795807,91.827316,1454.205688,217.878632
577,4.808000,56.791481,1438.982910,303.510590,161.908234,1401.873413,272.512177,97.191231,1433.539307,345.932526,92.018654,1454.333130,217.998825
578,4.817000,56.927044,1439.200806,303.590515,161.891510,1401.885254,272.648590,97.315613,1433.683716,346.035309,92.198662,1454.501953,218.098938
579,4.825000,57.067585,1439.448242,303.644165,161.984283,1402.053345,272.745453,97.456459,1433.899658,346.103302,92.368248,1454.751953,218.199463
580,4.833000,57.221954,1439.695068,303.708435,162.145905,1402.369141,272.785217,97.592712,1434.167358,346.163788,92.544296,1455.014160,218.315659
581,4.842000,57.379593,1440.017578,303.755096,162.373917,1402.708740,272.789093,97.729767,1434.482788,346.212677,92.678299,1455.320679,218.449127
582,4.850000,57.519299,1440.450439,303.791565,162.599869,1403.060181,272.823334,97.841454,1434.841797,346.252411,92.835091,1455.620728,218.554581
583,4.858000,57.740948,1440.964355,303.836517,162.749878,1403.428589,272.873108,98.066795,1435.383179,346.235718,92.978073,1455.945312,218.613007
584,4.867000,57.936111,1441.508057,303.787354,162.861603,1403.810669,272.913666,98.313599,1436.084106,346.249298,93.119423,1456.240479,218.602249
585,4.875000,58.189972,1442.090210,303.792969,162.979599,1404.172607,272.969238,98.572983,1436.715698,346.281860,93.269775,1456.558105,218.559845
586,4.883000,58.411953,1442.636841,303.767578,163.120712,1404.533691,272.997375,98.790009,1437.322510,346.248718,93.419434,1456.906982,218.500854
587,4.892000,58.666866,1443.025757,303.728760,163.277130,1404.861328,273.028625,98.978897,1437.837646,346.249786,93.563644,1457.243408,218.457581
588,4.900000,58.844135,1443.477661,303.786194,163.466492,1405.180298,273.013611,99.128571,1438.250000,346.264709,93.730133,1457.598145,218.386002
589,4.908000,58.979527,1443.776123,303.829407,163.598648,1405.468506,273.013306,99.327415,1438.553833,346.271881,93.862274,1457.944580,218.349289
590,4.917000,59.122536,1443.959717,303.911652,163.704681,1405.753540,273.034454,99.516037,1438.742676,346.284424,93.998047,1458.260864,218.310257
591,4.925000,59.283585,1444.117798,303.953186,163.842422,1405.983643,273.012085,99.719742,1438.897461,346.300995,94.112900,1458.507568,218.247101
592,4.933000,59.445229,1444.278442,304.006134,163.909134,1406.165161,273.055115,99.903816,1439.041626,346.300781,94.207626,1458.748291,218.278397
593,4.942000,59.544384,1444.425293,304.014618,163.971085,1406.349731,273.078583,99.994820,1439.155151,346.314667,94.290741,1458.912598,218.322372
594,4.950000,59.629509,1444.623047,304.011902,164.108978,1406.535034,273.097717,100.084709,1439.330200,346.343292,94.343124,1459.055542,218.355850
595,4.958000,59.723534,1444.794189,303.990784,164.248230,1406.699707,273.086121,100.181763,1439.481201,346.374146,94.444908,1459.196167,218.341202
596,4.967000,59.838322,1444.941284,303.985992,164.393784,1406.822388,273.072601,100.273270,1439.595093,346.403870,94.564445,1459.327026,218.363785
597,4.975000,59.941128,1445.104248,303.994324,164.514633,1406.909912,273.082489,100.354935,1439.619629,346.407654,94.673103,1459.416382,218.363800
598,4.983000,60.025417,1445.214355,304.005310,164.596268,1406.914795,273.071930,100.442635,1439.657837,346.391663,94.816368,1459.496338,218.374496
599,4.992000,60.119274,1445.261475,303.990387,164.685181,1406.877563,273.041840,100.512314,1439.671509,346.370270,94.938080,1459.556763,218.372513
600,5.000000,60.216133,1445.331787,303.917908,164.777969,1406.875488,273.019928,100.606964,1439.657349,346.378754,95.085289,1459.633667,218.356644
601,5.008000,60.366131,1445.345581,303.873260,164.963013,1406.959351,272.925171,100.732208,1439.663818,346.344482,95.250099,1459.697388,218.270264
602,5.017000,60.534847,1445.378296,303.909576,165.145889,1407.080322,272.834412,100.887054,1439.693359,346.275055,95.375298,1459.760498,218.219193
603,5.025000,60.683247,1445.475464,303.887543,165.300476,1407.181152,272.722809,101.107628,1439.796265,346.184601,95.533112,1459.834106,218.154739
604,5.033000,60.869099,1445.585449,303.778870,165.443100,1407.240356,272.607269,101.299065,1439.898804,346.097412,95.708214,1459.914307,218.066849
605,5.042000,61.053356,1445.689087,303.701447,165.554443,1407.319946,272.500061,101.487595,1440.023315,346.002594,95.849831,1459.972656,217.901260
606,5.050000,61.191010,1445.723877,303.582886,165.668060,1407.432739,272.407196,101.634796,1440.118286,345.945618,95.944176,1460.013916,217.763947
607,5.058000,61.323059,1445.738037,303.528778,165.793015,1407.559814,272.328552,101.775635,1440.197388,345.886505,96.037331,1460.075562,217.701996
608,5.067000,61.394375,1445.757690,303.449188,165.923691,1407.674805,272.210083,101.876350,1440.251831,345.821442,96.076683,1460.099609,217.625687
609,5.075000,61.418377,1445.737915,303.412262,165.988602,1407.730347,272.145477,101.946205,1440.278809,345.735626,96.104012,1460.127441,217.583618
610,5.083000,61.415756,1445.724609,303.386688,166.052704,1407.795410,272.055634,101.941040,1440.245605,345.670502,96.093903,1460.129761,217.521851
611,5.092000,61.415237,1445.723511,303.376892,166.056519,1407.760620,271.993652,101.927505,1440.212402,345.605377,96.100174,1460.121582,217.480118
612,5.100000,61.411572,1445.637695,303.293243,166.077927,1407.758911,271.881775,101.956268,1440.172607,345.531708,96.125710,1460.097534,217.382538
613,5.108000,61.443176,1445.506958,303.190521,166.122574,1407.708130,271.761169,102.001251,1440.094849,345.449005,96.178619,1460.064575,217.293045
614,5.117000,61.504135,1445.412476,303.069427,166.182938,1407.621948,271.629791,102.073357,1439.947388,345.384155,96.190964,1460.010620,217.209625
615,5.125000,61.557186,1445.341431,302.974304,166.190613,1407.476929,271.532043,102.179718,1439.814941,345.278534,96.274055,1459.947998,217.135864
616,5.133000,61.625977,1445.326660,302.895905,166.239120,1407.375854,271.394562,102.259750,1439.736816,345.163330,96.357536,1459.898560,216.994797
617,5.142000,61.679024,1445.354980,302.783325,166.253815,1407.262695,271.264008,102.341660,1439.737793,345.052216,96.404915,1459.905640,216.903839
618,5.150000,61.748905,1445.458740,302.656036,166.292114,1407.261353,271.113068,102.417534,1439.853882,344.918488,96.443970,1459.918945,216.778671
619,5.158000,61.803345,1445.629150,302.473236,166.349686,1407.407104,270.986572,102.457405,1440.057495,344.767975,96.444008,1460.027344,216.608612
620,5.167000,61.853374,1445.868286,302.283081,166.389175,1407.685547,270.833832,102.521744,1440.403809,344.568573,96.414589,1460.154297,216.390396
621,5.175000,61.869286,1446.102783,302.085815,166.428772,1407.947266,270.648865,102.558365,1440.861938,344.335693,96.401253,1460.309814,216.164200
622,5.183000,61.918980,1446.349854,301.926239,166.471420,1408.163208,270.443085,102.575806,1441.238770,344.130035,96.388947,1460.456909,215.943878
623,5.192000,61.979706,1446.502686,301.647400,166.531555,1408.342163,270.194000,102.660828,1441.514648,343.903473,96.402611,1460.594360,215.709717
624,5.200000,62.098442,1446.604736,301.412872,166.621521,1408.463989,269.912384,102.805359,1441.666504,343.659119,96.425568,1460.715942,215.499069
625,5.208000,62.200489,1446.640625,301.209137,166.745911,1408.590332,269.585480,102.952934,1441.685303,343.428345,96.468109,1460.797363,215.256058
626,5.217000,62.296387,1446.628784,301.022217,166.887924,1408.630981,269.267395,103.096321,1441.636230,343.170563,96.487648,1460.803345,215.074966
627,5.225000,62.391888,1446.578369,300.815887,166.965027,1408.603638,268.979462,103.202347,1441.534668,342.937653,96.516426,1460.824585,214.910324
628,5.233000,62.470921,1446.540283,300.628937,167.024384,1408.530884,268.685089,103.295540,1441.423828,342.717468,96.528542,1460.818726,214.708115
629,5.242000,62.470406,1446.510742,300.408051,166.960037,1408.418457,268.453033,103.358795,1441.366699,342.517181,96.521217,1460.794312,214.480957
630,5.250000,62.464340,1446.499634,300.202728,166.911636,1408.364502,268.215637,103.388573,1441.383301,342.293365,96.492981,1460.748413,214.229263
631,5.258000,62.449329,1446.525513,299.966400,166.918091,1408.403931,267.898743,103.379257,1441.425293,342.051025,96.451126,1460.736938,213.982452
632,5.267000,62.393700,1446.577759,299.715485,166.915192,1408.503784,267.605225,103.350914,1441.468018,341.772949,96.363121,1460.756958,213.689972
633,5.275000,62.373928,1446.623169,299.411499,166.909012,1408.565430,267.261414,103.341125,1441.510132,341.475433,96.300934,1460.775269,213.415680
634,5.283000,62.295959,1446.703247,299.149200,166.862610,1408.646240,266.965607,103.324539,1441.538818,341.127838,96.201668,1460.803589,213.135468
635,5.292000,62.237339,1446.744751,298.872864,166.799332,1408.717407,266.639130,103.270065,1441.564209,340.798798,96.115967,1460.833862,212.859177
636,5.300000,62.168766,1446.762695,298.555206,166.726486,1408.758911,266.327545,103.224686,1441.589478,340.500031,96.035995,1460.867920,212.576050
637,5.308000,62.127064,1446.736938,298.211609,166.623535,1408.795776,266.042572,103.176620,1441.577515,340.236542,95.909119,1460.874512,212.289993
638,5.317000,62.052696,1446.673584,297.889160,166.563553,1408.838257,265.706329,103.098274,1441.528931,339.934357,95.780350,1460.863647,211.990585
639,5.325000,61.980541,1446.581421,297.632843,166.565948,1408.875854,265.332794,103.022713,1441.425171,339.676575,95.648354,1460.828125,211.693893
640,5.333000,61.899483,1446.480957,297.444550,166.560654,1408.875488,264.944000,102.991638,1441.351685,339.373749,95.537170,1460.742676,211.403549
641,5.342000,61.823868,1446.380005,297.224518,166.541733,1408.840454,264.555603,102.979584,1441.236328,339.036560,95.365326,1460.640015,211.080307
642,5.350000,61.763977,1446.262817,296.998322,166.523514,1408.793579,264.199463,103.007126,1441.118774,338.683319,95.236076,1460.493530,210.782806
643,5.358000,61.712048,1446.145020,296.728119,166.511978,1408.718262,263.891296,102.980423,1440.968262,338.347351,95.105019,1460.365479,210.476807
644,5.367000,61.646679,1445.989502,296.422272,166.476334,1408.621704,263.606110,102.947464,1440.877930,338.033173,94.982841,1460.236816,210.193878
645,5.375000,61.549660,1445.837280,296.076721,166.353775,1408.409790,263.332184,102.834068,1440.790405,337.791748,94.878334,1460.091064,209.903030
646,5.383000,61.457436,1445.626343,295.761749,166.241714,1408.154663,263.008942,102.742920,1440.640137,337.580078,94.793350,1459.914062,209.678223
647,5.392000,61.350426,1445.382080,295.442230,166.114014,1407.895630,262.694885,102.665779,1440.406250,337.327393,94.692886,1459.748657,209.426025
648,5.400000,61.300770,1445.075928,295.126129,165.965271,1407.607422,262.337219,102.642960,1440.093140,337.009155,94.595222,1459.607300,209.175964
649,5.408000,61.276936,1444.777588,294.852844,165.856766,1407.340332,261.991150,102.598358,1439.733887,336.620667,94.530655,1459.398193,208.903259
650,5.417000,61.241684,1444.491577,294.631439,165.824493,1407.088867,261.666992,102.744041,1439.490723,336.423706,94.463051,1459.183228,208.637222
651,5.425000,61.211098,1444.264648,294.362640,165.787445,1406.859375,261.316162,102.775848,1439.222534,336.142639,94.413239,1458.984985,208.324738
652,5.433000,61.221542,1444.116943,294.138123,165.725784,1406.662720,260.924133,102.839844,1439.069824,335.841431,94.380028,1458.798340,207.940491
653,5.442000,61.216476,1443.999756,293.791870,165.721283,1406.466431,260.466492,102.868317,1438.976807,335.504333,94.378448,1458.629395,207.552704
654,5.450000,61.273445,1443.930420,293.370117,165.707397,1406.319580,260.060699,102.886223,1438.943970,335.142365,94.358604,1458.456177,207.135269
655,5.458000,61.322159,1443.868286,292.933350,165.698944,1406.200073,259.716095,102.796738,1438.784790,334.608459,94.338448,1458.327026,206.755844
656,5.467000,61.375206,1443.799438,292.568573,165.703049,1406.045410,259.359344,102.811295,1438.697632,334.164429,94.337448,1458.134277,206.340195
657,5.475000,61.360580,1443.714355,292.169128,165.696548,1405.852539,258.978333,102.832085,1438.621582,333.800262,94.331345,1458.005127,205.909042
658,5.483000,61.361805,1443.563232,291.821838,165.673203,1405.635132,258.497070,102.823456,1438.474365,333.457001,94.299004,1457.851318,205.516479
659,5.492000,61.328629,1443.346680,291.443573,165.614777,1405.383667,258.017334,102.965614,1438.371582,333.195923,94.263054,1457.688354,205.100143
660,5.500000,61.324364,1443.114502,291.069855,165.558243,1405.159058,257.558289,102.959015,1438.133911,332.836304,94.217850,1457.534790,204.709229
661,5.508000,61.285316,1442.811890,290.662994,165.536224,1404.975098,257.160675,103.001823,1437.829224,332.369232,94.167809,1457.361084,204.320023
662,5.517000,61.272369,1442.467041,290.263397,165.590866,1404.806519,256.700256,103.049179,1437.510742,331.952820,94.099495,1457.160645,203.937027
663,5.525000,61.298607,1442.172485,289.813324,165.640991,1404.624878,256.201233,103.105957,1437.222412,331.558624,94.073975,1456.965088,203.603424
664,5.533000,61.336029,1441.927612,289.411682,165.649597,1404.390137,255.684616,103.075638,1436.894897,331.085571,94.040939,1456.760498,203.231735
665,5.542000,61.384590,1441.748047,289.043701,165.631958,1404.155029,255.259628,103.283241,1436.783325,330.810760,94.036491,1456.510742,202.778244
666,5.550000,61.403793,1441.600830,288.689484,165.605087,1403.895020,254.838791,103.319839,1436.602539,330.381104,94.020126,1456.317383,202.381058
667,5.558000,61.402317,1441.494019,288.335297,165.588669,1403.671997,254.362823,103.346886,1436.443726,329.911591,93.995316,1456.106201,201.961365
668,5.567000,61.401413,1441.392456,287.952576,165.529480,1403.475098,253.864975,103.334465,1436.314819,329.496155,93.932640,1455.942139,201.543198
669,5.575000,61.354946,1441.289062,287.563995,165.436691,1403.316406,253.387665,103.321632,1436.212158,329.113556,93.860107,1455.758545,201.039276
670,5.583000,61.290878,1441.128052,287.204926,165.347275,1403.241333,252.946442,103.273720,1436.134277,328.719269,93.760323,1455.619263,200.579193
671,5.592000,61.203262,1440.957764,286.810944,165.309860,1403.145630,252.489899,103.208145,1435.967651,328.239197,93.627480,1455.478394,200.125290
672,5.600000,61.070564,1440.717407,286.359131,165.281219,1403.090332,252.030106,103.074768,1435.712158,327.734375,93.473495,1455.353394,199.685532
673,5.608000,60.912186,1440.455078,285.897675,165.226242,1403.020142,251.530472,102.932564,1435.454224,327.307312,93.308022,1455.228149,199.305710
674,5.617000,60.735161,1440.200562,285.455475,165.184387,1402.937256,251.065201,102.698158,1435.180664,326.901825,93.159874,1455.076538,198.861511
675,5.625000,60.630947,1439.857300,284.935699,165.154846,1402.848999,250.664352,102.543465,1434.930664,326.516754,92.993530,1454.912842,198.445358
676,5.633000,60.527153,1439.579834,284.397034,165.119019,1402.732544,250.213028,102.424255,1434.675903,326.048187,92.819199,1454.704346,198.080902
677,5.642000,60.447788,1439.354004,283.967773,165.053604,1402.551758,249.682098,102.349220,1434.413574,325.555908,92.650429,1454.502197,197.704376
678,5.650000,60.375801,1439.094482,283.583618,165.009048,1402.276733,249.161133,102.305595,1434.122314,325.125214,92.478622,1454.252686,197.295258
679,5.658000,60.241810,1438.905762,283.317596,164.926559,1401.947876,248.682236,102.284386,1433.832397,324.715424,92.347099,1454.001953,196.904678
680,5.667000,60.118855,1438.697876,282.968323,164.853500,1401.656250,248.238159,102.181320,1433.539185,324.276947,92.202896,1453.748413,196.498627
681,5.675000,60.008751,1438.442993,282.507874,164.727173,1401.423950,247.748199,102.064369,1433.268677,323.780396,92.028137,1453.552002,196.058197
682,5.683000,59.858692,1438.255005,282.065369,164.627289,1401.301392,247.256271,101.857269,1433.052002,323.245514,91.835419,1453.373169,195.579620
683,5.692000,59.662216,1438.086548,281.572906,164.535721,1401.179321,246.805725,101.646591,1432.975586,322.777100,91.606819,1453.222046,195.052444
684,5.700000,59.430779,1437.983765,281.104980,164.257309,1401.049805,246.297684,101.418472,1432.948608,322.310181,91.369690,1453.093750,194.518860
685,5.708000,59.208317,1437.915161,280.547424,164.047104,1400.948730,245.810364,101.242996,1432.940063,321.827789,91.126778,1452.937012,193.869614
686,5.717000,59.016338,1437.876465,280.021057,163.837631,1400.888794,245.231995,101.095566,1432.887573,321.263916,90.958328,1452.805542,193.272903
687,5.725000,58.844620,1437.865601,279.530273,163.720078,1400.876343,244.656143,101.002541,1432.871094,320.729126,90.728958,1452.667603,192.666611
688,5.733000,58.734928,1437.836914,279.128143,163.609497,1400.897705,244.128998,100.943886,1432.884766,320.217224,90.537514,1452.568359,192.188751
689,5.742000,58.616497,1437.733032,278.575653,163.497971,1400.912598,243.604324,100.871506,1432.839355,319.697266,90.348335,1452.472412,191.756393
690,5.750000,58.550400,1437.540405,277.928253,163.399399,1400.840576,242.977509,100.792519,1432.692383,319.109314,90.168259,1452.362183,191.294449
691,5.758000,58.430077,1437.342407,277.296631,163.276428,1400.676880,242.359589,100.706757,1432.454590,318.547028,89.945976,1452.267822,190.795853
692,5.767000,58.292458,1437.126099,276.751678,163.135406,1400.475342,241.819855,100.592484,1432.221069,318.025574,89.774330,1452.075439,190.251312
693,5.775000,58.156593,1436.956909,276.269073,162.931793,1400.233643,241.280151,100.413002,1432.008301,317.524261,89.610390,1451.932495,189.716583
694,5.783000,57.989170,1436.785889,275.747559,162.721832,1399.953125,240.683945,100.212936,1431.776367,316.974243,89.454506,1451.768188,189.179718
695,5.792000,57.753864,1436.600342,275.207336,162.521820,1399.685181,240.077789,100.026161,1431.561523,316.366119,89.263565,1451.615112,188.636658
696,5.800000,57.555271,1436.512939,274.711945,162.329651,1399.476440,239.525406,99.858894,1431.380493,315.831970,89.047798,1451.463013,188.093567
697,5.808000,57.417919,1436.416870,274.174835,162.228226,1399.377075,238.919052,99.757729,1431.337769,315.266235,88.870056,1451.334351,187.498627
698,5.817000,57.260448,1436.329834,273.603851,162.083282,1399.333740,238.230453,99.615173,1431.353271,314.632111,88.672493,1451.240234,186.912155
699,5.825000,57.105053,1436.311157,272.957489,161.981384,1399.370850,237.551041,99.497147,1431.437500,313.967285,88.482742,1451.187012,186.297058
700,5.833000,57.001816,1436.294922,272.328125,161.909973,1399.474487,236.889359,99.463631,1431.583130,313.395233,88.298843,1451.185181,185.677353
701,5.842000,56.898354,1436.283936,271.698090,161.873657,1399.601440,236.134186,99.425720,1431.646606,312.799072,88.094582,1451.164307,184.991623
702,5.850000,56.798409,1436.215576,271.066681,161.809219,1399.723511,235.373169,99.345871,1431.580444,312.043335,87.903542,1451.078857,184.311859
703,5.858000,56.723221,1436.123901,270.468719,161.761612,1399.788818,234.686539,99.212349,1431.388672,311.259491,87.680702,1451.120972,183.764709
704,5.867000,56.667473,1436.088745,269.903961,161.699905,1399.757202,234.011032,99.210274,1431.281982,310.611176,87.485596,1451.074829,183.170731
705,5.875000,56.675285,1435.859985,269.053131,161.583099,1399.622437,233.238388,99.173523,1431.216919,309.972900,87.368034,1450.965088,182.465164
706,5.883000,56.652359,1435.765869,268.270020,161.445496,1399.436890,232.636337,99.225052,1431.284424,309.420135,87.326447,1450.761597,181.638504
707,5.892000,56.618912,1435.668213,267.601196,161.292786,1399.196167,232.049820,99.174454,1431.230591,308.824890,87.248047,1450.667358,180.919998
708,5.900000,56.571423,1435.626221,267.000488,161.125015,1398.895264,231.296387,99.164879,1431.157959,308.235809,87.226746,1450.536011,180.303818
709,5.908000,56.541687,1435.553711,266.421295,160.996109,1398.609985,230.640671,99.145515,1431.014771,307.527069,87.189491,1450.428833,179.716232
710,5.917000,56.489983,1435.492920,265.813599,160.910294,1398.361938,230.077530,99.098167,1430.876465,306.872681,87.171364,1450.304077,179.102173
711,5.925000,56.425983,1435.504395,265.375092,160.823105,1398.167236,229.348175,99.077873,1430.755371,306.273285,87.136948,1450.200562,178.517700
712,5.933000,56.380108,1435.470825,264.895477,160.759796,1398.058472,228.590317,99.092110,1430.667969,305.629211,86.994965,1450.260620,178.078018
713,5.942000,56.341438,1435.409790,264.265961,160.747070,1398.044189,227.912857,99.093277,1430.631104,304.885834,86.884415,1450.221313,177.597687
714,5.950000,56.378494,1435.371338,263.582764,160.785645,1398.092896,227.197464,99.154861,1430.609619,304.231171,86.784683,1450.153687,176.968735
715,5.958000,56.391655,1435.330566,262.831757,160.834717,1398.199219,226.369873,99.201294,1430.639282,303.589478,86.655769,1450.106201,176.192490
716,5.967000,56.372246,1435.321289,262.108246,160.892365,1398.349609,225.648102,99.205383,1430.689697,302.847290,86.520615,1450.069458,175.397552
717,5.975000,56.370445,1435.294922,261.421722,160.923279,1398.503418,224.932877,99.238312,1430.751587,302.111755,86.429436,1450.042480,174.634781
718,5.983000,56.390240,1435.312500,260.744263,161.078140,1398.601196,223.956970,99.200127,1430.629395,301.375519,86.370796,1450.022095,173.898224
719,5.992000,56.395962,1435.316162,260.043976,161.114365,1398.597656,223.199280,99.254967,1430.532471,300.616974,86.360214,1449.979004,173.166702
720,6.000000,56.398209,1435.335449,259.403564,161.128326,1398.606689,222.513489,99.307228,1430.519287,299.754303,86.358803,1449.973999,172.391434
721,6.008000,56.437923,1435.337402,258.768158,160.960342,1398.562134,221.787842,99.387772,1430.577148,299.004730,86.351646,1449.962646,171.646194
722,6.017000,56.528984,1435.276733,258.035706,160.972794,1398.455811,220.998474,99.543533,1430.620850,298.345612,86.367363,1449.970947,170.926453
723,6.025000,56.785294,1435.028198,256.954834,161.061020,1398.401245,220.169556,99.724419,1430.545410,297.511688,86.412552,1449.946411,170.238876
724,6.033000,56.980637,1434.985474,256.068054,161.367203,1398.419556,219.072601,99.949997,1430.436768,296.732269,86.464424,1449.945312,169.505402
725,6.042000,57.196930,1434.983276,255.315155,161.592041,1398.464844,218.186081,100.182129,1430.409424,295.985657,86.508179,1449.933716,168.745361
726,6.050000,57.354034,1435.077271,254.669220,161.817139,1398.542114,217.300507,100.373970,1430.459839,295.157623,86.499390,1449.914062,167.954880
727,6.058000,57.535484,1435.138184,254.014526,161.960815,1398.645752,216.381500,100.570251,1430.607056,294.397614,86.512131,1449.948975,167.230103
728,6.067000,57.657307,1435.234497,253.344177,162.114197,1398.811035,215.565628,100.782265,1430.810059,293.686707,86.534790,1449.989258,166.435425
729,6.075000,57.749210,1435.314697,252.664780,162.223190,1398.938965,214.730515,100.987915,1430.996704,292.946991,86.554756,1450.039185,165.607193
730,6.083000,57.907505,1435.450439,251.879745,162.235245,1398.987671,213.921188,100.963936,1430.827515,292.042877,86.576988,1450.138916,164.796066
731,6.092000,58.034107,1435.585693,251.061646,162.221771,1398.964844,213.193466,101.013641,1430.552246,291.047974,86.602875,1450.246826,164.011124
732,6.100000,58.091339,1435.699463,250.320221,162.198822,1398.930542,212.340271,101.039932,1430.284912,289.903320,86.611580,1450.347778,163.287048
733,6.108000,58.066463,1435.780273,249.713577,162.214493,1398.922974,211.489120,101.155342,1430.184937,288.923004,86.649979,1450.454956,162.566788
734,6.117000,58.047638,1435.818237,249.035797,162.253662,1398.994019,210.697632,101.190582,1430.203369,288.091766,86.692184,1450.562012,161.865829
735,6.125000,58.091175,1435.818237,248.208191,162.290237,1399.121948,209.772125,101.227097,1430.302246,287.445343,86.709412,1450.690186,161.140198
736,6.133000,58.212765,1435.836548,247.263870,162.445847,1399.345947,208.835983,101.328407,1430.542358,286.873016,86.728439,1450.847046,160.380463
737,6.142000,58.367249,1435.900269,246.354385,162.637558,1399.665039,207.889999,101.515549,1430.973389,286.284515,86.656639,1451.027100,159.565002
738,6.150000,58.406727,1436.020020,245.675629,162.755539,1399.941772,206.840393,101.853806,1431.595093,285.683411,86.619659,1451.191284,158.791580
739,6.158000,58.556938,1436.214722,245.121841,162.964737,1400.180664,205.887772,102.007484,1431.909424,284.867706,86.623657,1451.411499,157.994827
740,6.167000,58.839436,1436.505615,244.255875,163.151962,1400.414551,204.909622,102.091896,1431.975830,283.983856,86.657692,1451.645508,157.105545
741,6.175000,58.949867,1436.824219,243.466370,163.286270,1400.557617,203.981430,102.530998,1432.286987,283.001465,86.793060,1451.802856,156.161484
742,6.183000,59.052040,1437.161743,242.708694,163.354996,1400.616943,203.132629,102.738014,1432.585938,282.006592,86.967697,1451.915039,155.105225
743,6.192000,59.239410,1437.456909,241.642914,163.321167,1400.636963,202.273743,102.702400,1432.690063,281.154938,87.152672,1452.002319,154.117966
744,6.200000,59.375721,1437.635254,240.536377,163.294708,1400.658325,201.423340,102.739037,1432.813599,280.266937,87.213860,1452.104492,153.294693
745,6.208000,59.457706,1437.719116,239.520935,163.278946,1400.642212,200.572952,102.755386,1432.837402,279.426636,87.275284,1452.225708,152.560425
746,6.217000,59.469196,1437.747314,238.697388,163.202179,1400.599365,199.706573,102.766403,1432.796753,278.669800,87.292999,1452.380737,151.773529
747,6.225000,59.429806,1437.734619,237.967255,163.120361,1400.571777,198.893845,102.649055,1432.671143,277.831482,87.243729,1452.581299,150.980270
748,6.233000,59.382832,1437.668335,237.077408,163.141190,1400.680786,197.961533,102.548859,1432.562378,276.939209,87.167313,1452.804321,150.204803
749,6.242000,59.355511,1437.628418,236.184464,163.275192,1400.946777,196.926437,102.535820,1432.539795,276.064758,87.080498,1453.024414,149.452194
750,6.250000,59.385857,1437.720093,235.353439,163.376358,1401.255737,195.981842,102.625771,1432.657227,275.064423,86.977554,1453.242432,148.673065
751,6.258000,59.889240,1437.743042,234.075699,163.408310,1401.604248,194.922150,102.803413,1432.906616,274.058075,86.897682,1453.439087,147.769775
752,6.267000,60.233356,1437.935425,232.649338,163.500458,1401.949707,193.933807,102.840340,1433.097656,272.913361,86.901985,1453.629761,146.825592
753,6.275000,60.394562,1438.283569,231.693024,163.566849,1402.211304,192.942551,102.901199,1433.274902,271.799347,86.919548,1453.826294,145.836319
754,6.283000,60.393452,1438.546143,230.792374,163.667389,1402.405273,191.921051,103.372719,1433.892578,270.836029,87.065002,1454.022217,144.721588
755,6.292000,60.482780,1438.826050,229.914001,163.789276,1402.483643,190.939941,103.624794,1434.497314,270.180908,87.256111,1454.177246,143.552444
756,6.300000,60.642883,1439.023315,229.014969,163.877457,1402.452271,189.877457,103.844879,1434.857422,269.491455,87.420982,1454.275391,142.385666
757,6.308000,60.794189,1439.158081,227.986633,163.960526,1402.288452,188.886353,104.020973,1434.911743,268.519714,87.623665,1454.480713,141.499054
758,6.317000,60.912025,1439.267212,227.068085,164.010941,1402.047729,187.781372,104.182991,1434.788452,267.437012,87.766342,1454.581421,140.766998
759,6.325000,61.052013,1439.381104,226.092026,164.043488,1401.816895,186.777618,104.460373,1434.768433,266.584686,87.945465,1454.619995,140.031006
760,6.333000,61.057384,1439.624390,225.335480,164.079605,1401.678833,185.747665,104.370033,1434.341064,265.423767,88.109726,1454.681274,139.197723
761,6.342000,61.056561,1439.686768,224.540344,164.196457,1401.685059,184.665955,104.429939,1434.020874,264.214355,88.243477,1454.752686,138.193817
762,6.350000,61.025570,1439.718506,223.758072,164.279526,1401.776611,183.606720,104.558884,1433.881836,263.111115,88.293388,1454.866089,137.076797
763,6.358000,61.071514,1439.828491,222.969009,164.378326,1401.969971,182.534195,104.722763,1433.949463,262.044250,88.312752,1455.036011,135.958771
764,6.367000,61.086781,1439.982422,222.260117,164.569611,1402.264282,181.523621,105.071281,1434.334595,261.141083,88.303154,1455.226196,134.907959
765,6.375000,61.185482,1440.182983,221.500717,164.666550,1402.521851,180.419647,105.194099,1434.788696,260.367706,88.235878,1455.333862,133.956787
766,6.383000,61.268547,1440.398193,220.504837,164.659546,1402.746338,179.415131,105.272369,1435.270630,259.541138,88.187996,1455.490479,133.100906
767,6.392000,61.346195,1440.549927,219.482407,164.602234,1402.946167,178.352036,105.397339,1435.631104,258.604401,88.144913,1455.625122,132.214890
768,6.400000,61.355400,1440.687988,218.503677,164.561035,1403.002441,177.377441,105.445694,1435.734253,257.560486,88.127998,1455.744629,131.270493
769,6.408000,61.327095,1440.833252,217.396027,164.529907,1402.970825,176.326431,105.448135,1435.698364,256.594940,88.160370,1455.852661,130.328003
770,6.417000,61.470016,1440.859375,216.139282,164.474838,1402.832275,175.292938,105.214752,1435.298950,255.404205,88.181564,1455.971436,129.359924
771,6.425000,61.751667,1440.527832,214.427170,164.437973,1402.685913,174.268723,105.074379,1434.876709,254.208588,88.162865,1456.040649,128.334564
772,6.433000,61.626575,1440.387451,213.212433,164.392090,1402.589355,173.189255,105.174034,1434.854736,253.112701,88.175262,1456.103149,127.311661
773,6.442000,61.522434,1440.384033,212.347946,164.406982,1402.577148,172.142670,105.090691,1434.884766,252.233719,88.184586,1456.109253,126.215889
774,6.450000,61.502403,1440.373047,211.388489,164.428986,1402.657715,171.020538,105.123589,1435.144531,251.460159,88.048668,1456.079468,125.032707
775,6.458000,61.511448,1440.415894,210.388321,164.499649,1402.829834,169.930786,105.135231,1435.323975,250.453705,88.116997,1456.181885,124.131447
776,6.467000,61.519482,1440.498047,209.401642,164.488068,1403.001953,168.785736,105.240341,1435.480713,249.396072,88.060898,1456.243286,123.109818
777,6.475000,61.515587,1440.611938,208.388443,164.487991,1403.174805,167.688080,105.354080,1435.621460,248.285385,87.986137,1456.365479,122.032417
778,6.483000,61.293484,1440.959595,207.708405,164.517075,1403.363770,166.490723,105.407707,1435.715332,247.293457,87.873238,1456.443970,120.951790
779,6.492000,61.108261,1441.007446,206.927628,164.472122,1403.484375,165.322937,105.263512,1435.586060,246.094803,87.706818,1456.533203,119.877533
780,6.500000,60.948696,1440.958496,205.962830,164.396744,1403.546997,164.206131,105.116447,1435.436646,245.068542,87.462090,1456.542480,118.738548
781,6.508000,60.985535,1440.885620,204.755463,164.312256,1403.569092,163.107208,104.890198,1435.348145,243.957581,87.293495,1456.551758,117.745476
782,6.517000,60.950264,1440.785889,203.539108,164.135727,1403.485229,162.119705,104.527534,1435.001953,242.857544,87.182777,1456.542236,116.800255
783,6.525000,60.817902,1440.760986,202.483551,163.941925,1403.388428,161.134796,104.362923,1434.695801,241.668213,87.097755,1456.485352,115.847984
784,6.533000,60.963943,1440.453003,201.119431,163.825241,1403.308594,160.170898,104.483070,1434.790894,240.536209,87.047768,1456.434204,114.932198
785,6.542000,61.093502,1440.390137,199.833160,163.715469,1403.220947,159.091064,104.483749,1434.926147,239.678101,86.996292,1456.437622,113.979668
786,6.550000,61.097065,1440.477051,198.818237,163.627060,1403.160767,158.020462,104.561371,1435.298462,238.896606,86.919380,1456.490234,112.892059
787,6.558000,61.073845,1440.554565,197.803375,163.551407,1403.199097,156.909851,104.644394,1435.544189,238.028671,86.876572,1456.451294,111.625809
788,6.567000,61.071205,1440.660645,196.821396,163.570236,1403.337524,155.852066,104.728333,1435.696899,236.889053,86.734024,1456.485718,110.423370
789,6.575000,61.108883,1440.754761,195.721771,163.578644,1403.524658,154.696671,104.530281,1435.622681,235.710419,86.558823,1456.523438,109.344200
790,6.583000,61.037613,1440.821045,194.651871,163.523743,1403.624146,153.568924,104.432266,1435.644043,234.595734,86.405731,1456.517578,108.324188
791,6.592000,60.888298,1440.915405,193.691864,163.414169,1403.705566,152.510269,104.299210,1435.732788,233.518265,86.248466,1456.534790,107.347885
792,6.600000,60.267689,1441.349365,193.015350,163.189423,1403.716553,151.562042,104.064323,1435.817017,232.587982,86.099243,1456.588989,106.396484
793,6.608000,59.924103,1441.458740,192.247086,162.898666,1403.639893,150.699493,103.767296,1435.874634,231.534683,85.956833,1456.561157,105.414894
794,6.617000,59.655426,1441.545654,191.313339,162.580154,1403.547852,149.841339,103.557007,1436.010864,230.585968,85.794449,1456.571777,104.381363
795,6.625000,59.439915,1441.627686,190.264954,162.329483,1403.473511,148.985809,103.056137,1435.812988,229.409836,85.596992,1456.581421,103.321632
796,6.633000,59.245697,1441.721313,189.213226,162.133865,1403.467896,148.028030,102.839157,1435.628174,228.178589,85.459343,1456.613892,102.263245
797,6.642000,59.085125,1441.801270,188.176727,161.986023,1403.512451,146.991119,102.718124,1435.515137,226.901993,85.277534,1456.625244,101.177719
798,6.650000,58.960915,1441.891724,187.198517,161.834641,1403.586426,145.935791,102.693207,1435.513428,225.634598,85.120422,1456.656982,100.132713
799,6.658000,58.968906,1441.716675,185.938477,161.724213,1403.727539,144.818512,102.718292,1435.665039,224.491806,84.918480,1456.681396,99.146065
800,6.667000,58.944809,1441.729614,184.887512,161.632660,1403.889771,143.714676,102.709648,1435.928833,223.443985,84.709930,1456.630981,98.094856
801,6.675000,58.879341,1441.812012,183.914200,161.538071,1404.044067,142.601898,102.690178,1436.224609,222.595627,84.463493,1456.652222,97.054161
802,6.683000,58.767437,1441.867554,182.875031,161.419235,1404.090698,141.539886,102.602936,1436.481934,221.901901,84.261726,1456.645630,96.054100
803,6.692000,58.580353,1442.023071,181.915390,161.256195,1404.139648,140.509247,102.508377,1436.693726,221.166809,84.076584,1456.696411,95.056168
804,6.700000,58.263248,1442.118286,181.070251,161.036987,1404.165161,139.572754,102.463364,1437.021118,220.294830,83.909958,1456.742310,94.000816
805,6.708000,57.927422,1442.238159,180.194717,160.791779,1404.192627,138.706818,102.142952,1437.234009,219.328232,83.744698,1456.786255,93.009567
806,6.717000,57.668560,1442.377441,179.206390,160.500031,1404.240356,137.814804,101.856094,1437.527954,218.420654,83.604141,1456.811890,92.013405
807,6.725000,57.447254,1442.485596,178.201294,160.266891,1404.308228,136.961075,101.538132,1437.666016,217.485092,83.388443,1456.777710,90.895226
808,6.733000,57.303566,1442.623291,177.091888,160.053223,1404.450439,135.936462,101.197899,1437.607178,216.492523,83.167931,1456.797607,89.820755
809,6.742000,57.078262,1442.882568,176.155624,159.940201,1404.601196,134.888687,101.014961,1437.558350,215.399109,82.880981,1456.852661,88.815231
810,6.750000,56.917774,1442.985840,175.276291,159.860245,1404.786011,133.719086,100.935387,1437.678833,214.332947,82.611740,1456.949341,87.833733
811,6.758000,56.843960,1443.133667,174.430267,159.730957,1404.957275,132.522354,100.804733,1437.674927,213.131439,82.390816,1457.088867,86.883514
812,6.767000,56.792698,1443.308105,173.495148,159.667877,1405.223267,131.370743,100.765930,1437.704712,211.807343,82.174698,1457.280762,85.910866
813,6.775000,56.739281,1443.555908,172.404465,159.644653,1405.569702,130.245422,100.669235,1437.854736,210.479538,81.963493,1457.455811,84.789330
814,6.783000,56.739948,1443.828491,171.183685,159.584824,1405.927490,129.071869,100.648270,1438.166626,209.257401,81.779716,1457.604248,83.600494
815,6.792000,56.538921,1444.044678,170.122055,159.461975,1406.149902,127.868103,100.951332,1438.766968,208.164108,81.654846,1457.720093,82.367119
816,6.800000,56.427116,1444.290771,169.168045,159.374664,1406.205200,126.707237,100.962395,1439.316040,207.347885,81.512154,1457.779541,81.198143
817,6.808000,56.287533,1444.473511,168.140320,159.227188,1406.191162,125.627190,100.769035,1439.729370,206.799088,81.455704,1457.843384,80.140923
818,6.817000,56.206070,1444.561401,166.982071,159.102234,1406.161987,124.726410,100.400780,1439.774780,205.892609,81.424446,1457.863892,79.149918
819,6.825000,56.351295,1444.181396,165.392044,158.892639,1406.170654,123.761841,100.310616,1439.825684,204.888153,81.304573,1457.937744,78.193748
820,6.833000,56.278061,1444.048828,164.041763,158.695374,1406.238403,122.819099,100.105042,1439.779541,203.923096,81.112381,1458.031250,77.191109
821,6.842000,56.075081,1444.061035,163.102127,158.502762,1406.394775,121.813095,99.876175,1439.699341,202.819687,80.890457,1458.147949,76.034241
822,6.850000,55.991844,1444.081909,162.072098,158.392288,1406.587402,120.740623,99.735954,1439.645508,201.783447,80.690559,1458.194580,74.975311
823,6.858000,55.564011,1444.384521,161.425903,158.347595,1406.771118,119.620766,99.503090,1439.349487,200.485260,80.483788,1458.245972,73.923080
824,6.867000,55.444798,1444.408447,160.667984,158.339920,1406.949341,118.467361,99.405708,1439.036133,199.016693,80.312973,1458.277222,72.951416
825,6.875000,55.427269,1444.494385,159.696808,158.330597,1407.131470,117.332642,99.519966,1438.933838,197.594025,80.148438,1458.322876,72.013062
826,6.883000,55.437191,1444.605591,158.614609,158.229477,1407.223633,116.239059,99.630188,1439.143066,196.348373,80.059822,1458.329224,70.996773
827,6.892000,55.370327,1444.749390,157.554764,158.141144,1407.159668,115.220795,99.708382,1439.472778,195.248779,79.982101,1458.362671,70.031792
828,6.900000,55.682034,1444.651733,156.124756,158.034698,1407.089111,114.079041,99.732269,1439.782349,194.266495,79.966614,1458.372925,68.903069
829,6.908000,55.432983,1445.125366,155.243011,157.948776,1406.960938,112.886818,99.666016,1440.004150,193.535019,79.963158,1458.401123,67.658241
830,6.917000,55.294781,1445.296631,154.368866,157.852859,1406.873047,111.726448,99.555199,1440.260498,192.860062,79.933792,1458.363281,66.318756
831,6.925000,55.237728,1445.391602,153.420578,157.784714,1406.890015,110.641167,99.561371,1440.498291,192.139404,79.968506,1458.410645,65.187981
832,6.933000,55.212322,1445.453491,152.371521,157.715897,1406.941406,109.600655,99.562462,1440.553345,191.078461,79.931458,1458.454224,64.186569
833,6.942000,55.176960,1445.425293,151.295883,157.662628,1407.052612,108.553490,99.554741,1440.539429,189.967270,79.838264,1458.522217,63.256821
834,6.950000,55.127483,1445.238037,150.065536,157.617889,1407.203369,107.481590,99.406982,1440.291992,188.626877,79.675987,1458.599365,62.302521
835,6.958000,55.035381,1445.190186,148.976059,157.592560,1407.359619,106.420120,99.169693,1439.938232,187.164536,79.479263,1458.688110,61.303493
836,6.967000,54.889515,1445.195679,147.927521,157.560791,1407.511475,105.286011,98.847267,1439.722046,185.815903,79.289040,1458.737671,60.286682
837,6.975000,54.809780,1445.246216,146.993149,157.457016,1407.624268,104.164093,98.619919,1439.726807,184.749374,79.090378,1458.794067,59.208057
838,6.983000,54.731575,1445.336548,146.086578,157.374542,1407.720459,103.150352,98.688560,1439.893311,183.823685,78.999336,1458.833740,58.180759
839,6.992000,54.560658,1445.458862,145.124893,157.218918,1407.779663,102.249840,98.776245,1440.100464,183.022720,78.847008,1458.903442,57.283077
840,7.000000,54.385284,1445.625854,144.139267,157.064392,1407.787476,101.381378,98.694237,1440.325562,182.263443,78.754753,1458.917603,56.401157
841,7.008000,54.261868,1445.805054,143.144684,156.884750,1407.749146,100.450317,98.602242,1440.641602,181.456772,78.672295,1458.947021,55.465137
842,7.017000,54.178818,1445.960571,142.137878,156.764816,1407.670898,99.467911,98.497284,1440.995117,180.665131,78.615143,1458.932129,54.367348
843,7.025000,54.034611,1446.027832,141.191422,156.685532,1407.594727,98.385582,98.643547,1441.477295,179.867416,78.579651,1458.897949,53.174023
844,7.033000,53.980572,1446.061768,140.183884,156.664993,1407.572754,97.208817,98.719170,1441.614136,178.865417,78.561340,1458.906128,51.931145
845,7.042000,54.025223,1446.217163,139.203827,156.633926,1407.610229,96.005783,98.774361,1441.579346,177.760910,78.532722,1458.985962,50.717667
846,7.050000,54.239029,1446.203125,137.855743,156.611984,1407.719482,94.765495,98.716484,1441.205078,176.299896,78.504723,1459.081787,49.541462
847,7.058000,54.347492,1446.265869,136.559753,156.642776,1407.868286,93.511658,98.673134,1440.796387,174.707367,78.415634,1459.230713,48.451199
848,7.067000,54.519089,1446.168091,135.122787,156.656647,1407.994385,92.291290,98.605461,1440.663452,173.199326,78.375351,1459.413818,47.386166
849,7.075000,54.499668,1446.361328,134.031601,156.633392,1408.107300,91.078033,98.565529,1440.814209,172.046341,78.302963,1459.494507,46.304718
850,7.083000,54.405643,1446.550781,132.987289,156.633011,1408.303223,89.916161,98.533279,1441.191650,171.037842,78.252998,1459.593750,45.230904
851,7.092000,54.241840,1446.700928,131.918976,156.573837,1408.550415,88.823593,98.563606,1441.661011,170.230988,78.121368,1459.726440,44.129284
852,7.100000,54.027443,1446.957520,130.857224,156.366211,1408.755493,87.730812,98.500549,1442.066284,169.446625,77.961319,1459.872559,42.960022
853,7.108000,53.861111,1447.217896,129.666367,156.249130,1408.968262,86.727631,98.249886,1442.368896,168.541199,77.837555,1460.098999,41.808430
854,7.117000,53.689949,1447.460693,128.568954,156.105423,1409.116211,85.787231,97.963661,1442.584595,167.404312,77.706169,1460.274414,40.692783
855,7.125000,53.511223,1447.666382,127.497566,155.961594,1409.223022,84.872421,97.742043,1442.783325,166.294815,77.595390,1460.459839,39.617928
856,7.133000,53.361279,1447.901978,126.473114,155.733353,1409.360229,83.893547,97.582085,1443.032593,165.230515,77.448479,1460.578369,38.605522
857,7.142000,53.223598,1448.134155,125.453934,155.565765,1409.540405,82.864815,97.612076,1443.402710,164.213791,77.328400,1460.646484,37.592422
858,7.150000,53.111919,1448.371582,124.432228,155.376068,1409.735840,81.796387,97.377289,1443.390503,163.069412,77.177734,1460.733398,36.463726
859,7.158000,52.999607,1448.588623,123.388321,155.268143,1409.947144,80.710884,97.127808,1443.245483,161.626984,76.949265,1460.808716,35.303169
860,7.167000,52.953266,1448.756836,122.260971,155.208023,1410.139038,79.552628,96.909386,1443.192383,160.244781,76.738487,1460.892822,34.133690
861,7.175000,52.917973,1448.974243,121.215332,155.211304,1410.326904,78.339722,96.790298,1443.345581,159.013641,76.590996,1461.004395,33.076221
862,7.183000,52.905449,1449.084473,120.130539,155.154282,1410.490723,77.083542,96.983276,1443.705566,157.933731,76.485008,1461.071777,32.045250
863,7.192000,52.684879,1449.302002,119.350273,155.110519,1410.614502,75.892059,97.273987,1444.165649,156.974823,76.341019,1461.125854,30.968588
864,7.200000,52.683647,1449.425049,118.357086,155.019272,1410.721680,74.717239,97.411888,1444.553345,156.231491,76.160629,1461.178467,29.843639
865,7.208000,52.548855,1449.475464,117.290062,154.897354,1410.815552,73.449242,97.484299,1444.980347,155.429367,75.993416,1461.197998,28.655888
866,7.217000,52.414341,1449.463379,116.223640,154.755203,1410.889526,72.276283,97.381096,1445.163330,154.525421,75.843826,1461.216309,27.487123
867,7.225000,52.369980,1449.471680,114.987503,154.517944,1410.840210,71.188744,97.191772,1445.161621,153.409973,75.657722,1461.252808,26.347010
868,7.233000,52.421349,1449.271118,113.389511,154.284988,1410.807861,70.147682,96.992325,1445.100830,152.273453,75.498344,1461.331665,25.233000
869,7.242000,52.209827,1449.291016,112.098892,154.010330,1410.743286,69.222893,96.581276,1444.801514,150.947159,75.352982,1461.380005,24.206558
870,7.250000,51.903240,1449.439697,111.033363,153.808243,1410.758911,68.272720,96.059334,1444.547485,149.418442,75.144524,1461.427490,23.185392
871,7.258000,51.381214,1449.863770,110.314911,153.595413,1410.807739,67.187080,95.577812,1444.437500,148.000854,74.837624,1461.493408,22.122208
872,7.267000,51.060581,1450.016357,109.382965,153.452209,1410.945190,66.015182,95.259048,1444.535889,146.892227,74.599129,1461.446533,20.906445
873,7.275000,50.808388,1450.193726,108.292793,153.270920,1411.135132,64.740860,95.129082,1444.811157,145.867386,74.363571,1461.498169,19.679701
874,7.283000,50.703926,1450.382446,107.184639,153.099686,1411.366577,63.394211,95.162506,1445.280029,144.782120,74.128349,1461.560303,18.545248
875,7.292000,50.618298,1450.528442,106.026901,152.986618,1411.621460,62.150360,95.263672,1445.820312,143.788895,73.871658,1461.712646,17.433508
876,7.300000,50.536755,1450.587280,104.838974,152.872726,1411.873535,61.112961,95.403900,1446.312500,142.953629,73.612053,1461.842163,16.291245
877,7.308000,50.477253,1450.580933,103.754288,152.791199,1412.142944,59.964291,95.518639,1446.638550,142.082062,73.334351,1461.914307,15.078016
878,7.317000,50.450893,1450.571655,102.692368,152.684875,1412.361694,58.685070,95.551537,1446.666992,140.898239,73.089287,1461.949707,13.907557
879,7.325000,50.366016,1450.568237,101.577637,152.570786,1412.468018,57.351036,95.463135,1446.548706,139.663269,72.877861,1461.915649,12.700047
880,7.333000,50.142780,1450.622681,100.349396,152.406021,1412.455566,56.098637,95.354294,1446.592651,138.395187,72.726868,1461.866821,11.499994
881,7.342000,49.937553,1450.658203,99.100441,152.165283,1412.363525,55.018066,94.865799,1446.380127,137.117935,72.593254,1461.805420,10.366187
882,7.350000,49.710518,1450.466919,97.633301,151.887955,1412.212646,54.036087,94.394585,1446.094238,135.705612,72.451790,1461.776611,9.202571
883,7.358000,49.336800,1450.441772,96.452583,151.550049,1412.056152,53.079395,93.866829,1445.777832,134.292389,72.258972,1461.735474,8.023945
884,7.367000,48.922321,1450.411621,95.367264,151.226395,1411.849976,52.101677,93.287918,1445.530029,132.976883,71.991486,1461.666138,6.860435
885,7.375000,48.550198,1450.349976,94.308121,150.966797,1411.700073,51.069302,92.779037,1445.330078,131.776978,71.750542,1461.609985,5.745020
886,7.383000,48.292034,1450.250488,93.343170,150.770981,1411.469482,49.867912,92.457664,1445.191650,130.733154,71.546730,1461.512695,4.652057
887,7.392000,48.116531,1450.110352,92.328644,150.670364,1411.403687,48.641823,92.319542,1445.036743,129.746964,71.344566,1461.406494,3.617999
888,7.400000,48.038750,1450.046753,91.467613,150.630402,1411.465088,47.427155,92.334885,1444.911377,128.810501,71.077049,1461.316040,2.614989
889,7.408000,48.056175,1449.729980,90.527031,150.592728,1411.637939,46.302807,92.522064,1444.741211,127.879486,70.791069,1461.227661,1.600711
890,7.417000,48.137920,1449.367065,89.539680,150.575882,1411.802246,45.015907,92.803337,1444.627441,126.892761,70.538025,1461.108032,0.602866
891,7.425000,48.382507,1448.729980,88.210205,150.580093,1411.824341,43.668537,93.124405,1444.504395,125.932846,70.362869,1461.002197,-0.328771
892,7.433000,48.415615,1448.311523,87.027496,150.566162,1411.656006,42.283817,93.227760,1444.293579,125.023979,70.237083,1460.837158,-1.384429
893,7.442000,48.336086,1448.060303,86.020035,150.507507,1411.379272,41.036587,93.143898,1444.003662,124.003967,70.175385,1460.660522,-2.492300
894,7.450000,48.217407,1447.854126,84.876968,150.382812,1410.944946,39.900127,93.025009,1443.666260,122.918411,70.172417,1460.493164,-3.586315
895,7.458000,48.015553,1447.806274,83.771202,150.262222,1410.509521,38.823669,92.817047,1443.081299,121.459198,70.155518,1460.388306,-4.651375
896,7.467000,47.773632,1447.950439,82.859795,150.122482,1410.042603,37.767769,92.534653,1442.500732,119.951355,70.165276,1460.172852,-5.798122
897,7.475000,47.629242,1447.871948,81.882217,150.033524,1409.777344,36.845566,92.266167,1442.183350,118.702255,70.137291,1459.987427,-6.999307
898,7.483000,47.509808,1447.715820,80.865547,149.977417,1409.648560,35.900978,92.113480,1442.027954,117.642136,70.053787,1459.827515,-8.227821
899,7.492000,47.754459,1447.241577,79.462334,149.889374,1409.570679,34.836040,92.185242,1441.963745,116.606979,69.946411,1459.659912,-9.350579
900,7.500000,47.825447,1446.940308,78.328888,149.809372,1409.521606,33.678711,92.353836,1441.875122,115.559578,69.784653,1459.539185,-10.366618
901,7.508000,47.778687,1446.637207,77.271698,149.729767,1409.413086,32.429852,92.419365,1441.717529,114.587440,69.629250,1459.404663,-11.265345
902,7.517000,47.731728,1446.357544,76.388786,149.732925,1409.336914,31.162155,92.461403,1441.546387,113.638702,69.401466,1459.251221,-12.213930
903,7.525000,47.410786,1446.142334,75.643723,149.733566,1409.274780,29.885818,92.446228,1441.356201,112.772392,69.227066,1459.104370,-13.124117
904,7.533000,47.308643,1445.850586,74.812363,149.750153,1409.169800,28.638758,92.438820,1441.159668,111.990768,69.065712,1458.924805,-14.095397
905,7.542000,47.399830,1445.361572,73.596069,149.729965,1409.072144,27.535797,92.386971,1440.972900,111.126953,68.908218,1458.800781,-15.083526
906,7.550000,47.272293,1445.122192,72.507530,149.680756,1408.857300,26.413641,92.308998,1440.728149,110.202110,68.765656,1458.690430,-16.082613
907,7.558000,47.141239,1444.989746,71.497894,149.601593,1408.647583,25.365320,92.344437,1440.594360,109.116440,68.699844,1458.592651,-17.122864
908,7.567000,47.044090,1444.899536,70.365768,149.479172,1408.411499,24.384142,92.093788,1440.082397,107.876450,68.755394,1458.447998,-18.234783
909,7.575000,46.961174,1444.920166,69.219498,149.282913,1408.143066,23.455162,91.913788,1439.484497,106.280090,68.875648,1458.282837,-19.431057
910,7.583000,46.911636,1444.960449,68.060089,149.143677,1407.930908,22.499603,91.752800,1439.131958,104.678047,68.996101,1458.209473,-20.620949
911,7.592000,46.904736,1445.008667,66.936340,149.070709,1407.781128,21.444094,91.706039,1439.106689,103.380249,68.979500,1458.142700,-21.865625
912,7.600000,46.920654,1445.081299,65.832016,149.113174,1407.719238,20.194887,91.757111,1439.268677,102.299980,68.934906,1458.155640,-22.972010
913,7.608000,46.959991,1445.104614,64.715294,149.149185,1407.834229,18.889898,91.816910,1439.451416,101.312767,68.849106,1458.167236,-24.130793
914,7.617000,47.002296,1445.083008,63.677742,149.254654,1408.010986,17.521332,91.973991,1439.691895,100.399513,68.744667,1458.209595,-25.250166
915,7.625000,47.188450,1444.803223,62.388004,149.390320,1408.214355,16.133339,92.174843,1439.959839,99.583855,68.615242,1458.236572,-26.433268
916,7.633000,47.231968,1444.668579,61.314709,149.514557,1408.353394,14.794572,92.320312,1440.129272,98.765594,68.482124,1458.266113,-27.498362
917,7.642000,47.284302,1444.497803,60.183807,149.554489,1408.440918,13.431345,92.446808,1439.887329,97.461952,68.395027,1458.265747,-28.543674
918,7.650000,47.313511,1444.359497,59.062973,149.575623,1408.515991,12.119398,92.458412,1439.332153,95.828575,68.358170,1458.274902,-29.623404
919,7.658000,47.323883,1444.286987,57.890491,149.612747,1408.631592,10.988706,92.483681,1438.900879,94.138420,68.374573,1458.305786,-30.830112
920,7.667000,47.385857,1444.330566,56.696541,149.684006,1408.677856,9.870747,92.570679,1438.750610,92.744476,68.485405,1458.325195,-32.113403
921,7.675000,47.681980,1444.353149,55.283592,149.831726,1408.603149,8.604398,92.644897,1438.853882,91.472595,68.662598,1458.321045,-33.512859
922,7.683000,47.800182,1444.486206,53.889587,150.002808,1408.458862,7.295787,92.756432,1439.166016,90.220169,68.895599,1458.350830,-34.856327
923,7.692000,47.745392,1444.971924,52.778027,150.197769,1408.353149,5.974326,92.929741,1439.527466,89.033768,69.108208,1458.412720,-36.170101
924,7.700000,48.028618,1445.261475,51.519020,150.442001,1408.368408,4.640910,93.071854,1439.645996,87.691628,69.372887,1458.468384,-37.522541
925,7.708000,48.435799,1445.483521,50.159096,150.640717,1408.465454,3.337220,93.288948,1439.768311,86.369354,69.685211,1458.557861,-38.872517
926,7.717000,48.903385,1445.625122,48.796989,150.955734,1408.699707,1.797678,93.738945,1439.985107,85.129692,69.888878,1458.683105,-40.188206
927,7.725000,49.598148,1445.522339,47.320068,151.346344,1409.004272,0.136748,94.475586,1440.323242,83.917473,70.042084,1458.845093,-41.449196
928,7.733000,50.012646,1445.335693,46.093159,151.670837,1409.237305,-1.550623,95.274109,1440.585083,82.850433,70.132271,1458.988525,-42.659649
929,7.742000,50.472538,1445.184448,44.886467,152.011780,1409.401489,-3.221609,95.898727,1440.518799,81.477318,70.261871,1459.038330,-43.968075
930,7.750000,50.880512,1445.088623,43.780361,152.386856,1409.556152,-4.739325,96.358932,1440.277588,79.910507,70.420097,1459.106689,-45.162991
931,7.758000,51.213921,1445.050293,42.622383,152.689117,1409.700073,-6.216834,96.762321,1440.009033,78.262199,70.531372,1459.139160,-46.290344
932,7.767000,51.498131,1445.057007,41.519505,152.947311,1409.832764,-7.634402,97.156830,1439.877197,76.766197,70.618675,1459.201538,-47.460602
933,7.775000,51.700474,1445.070435,40.302368,153.157516,1409.829346,-8.942897,97.752731,1439.920410,75.204727,70.761726,1459.208130,-48.956535
934,7.783000,52.133095,1445.194946,38.947090,153.355530,1409.824707,-10.100998,97.902145,1439.991821,73.774826,71.034729,1459.273926,-50.304932
935,7.792000,52.227863,1445.580811,37.760288,153.478745,1409.758667,-11.191272,98.105400,1440.204956,72.612366,71.229317,1459.316772,-51.571873
936,7.800000,52.480984,1445.835327,36.580700,153.624817,1409.684326,-12.274955,98.353134,1440.446289,71.525932,71.410988,1459.355225,-52.766251
937,7.808000,52.727074,1445.989746,35.355022,153.737366,1409.548462,-13.576694,98.677872,1440.713745,70.445786,71.626846,1459.357178,-53.953259
938,7.817000,53.158325,1446.158447,34.200867,153.900375,1409.401978,-14.964179,98.997826,1440.917847,69.453186,71.951431,1459.291504,-55.158413
939,7.825000,53.487518,1446.078613,32.747608,154.074524,1409.322876,-16.395544,99.489433,1441.229126,68.428062,72.138664,1459.259521,-56.473114
940,7.833000,53.737419,1445.885986,31.493996,154.245697,1409.343140,-17.829014,99.670845,1441.159546,67.249733,72.168121,1459.305542,-57.654377
941,7.842000,54.038063,1445.701538,30.256920,154.413269,1409.405762,-19.330248,99.918007,1440.882568,65.820610,72.225670,1459.359985,-58.779385
942,7.850000,54.248795,1445.545166,29.188759,154.589325,1409.458252,-20.784754,100.178574,1440.557373,64.291222,72.251205,1459.386963,-59.988163
943,7.858000,54.421741,1445.278442,28.044291,154.747864,1409.522949,-22.093691,100.459030,1440.261963,62.768078,72.126732,1459.331299,-61.246208
944,7.867000,54.422905,1445.160767,27.117723,154.953827,1409.660767,-23.402302,100.746742,1440.001587,61.318901,72.111382,1459.313843,-62.356041
945,7.875000,54.551662,1444.812866,25.798328,155.081360,1409.695679,-24.812019,101.130333,1439.765869,59.751083,72.084236,1459.270752,-63.442364
946,7.883000,54.716717,1444.692627,24.636793,155.162338,1409.682007,-26.233437,101.067238,1439.399170,58.322781,71.966644,1459.264771,-64.687607
947,7.892000,54.825695,1444.459839,23.377911,155.205566,1409.686035,-27.589031,101.034737,1439.230347,57.222157,72.002625,1459.203247,-65.957016
948,7.900000,54.900414,1444.484497,22.176390,155.276291,1409.641113,-28.780804,101.049446,1439.206055,56.206131,72.090858,1459.125977,-67.206932
949,7.908000,54.915810,1444.599609,20.853048,155.294083,1409.567017,-30.042109,101.085449,1439.268433,55.171616,72.239204,1459.005981,-68.468475
950,7.917000,54.917324,1444.756104,19.608189,155.318176,1409.462036,-31.312834,101.156166,1439.430908,54.090538,72.253113,1459.040039,-69.725090
951,7.925000,54.914368,1444.888672,18.355534,155.361084,1409.427246,-32.543659,101.226616,1439.691284,52.902763,72.234856,1459.051025,-70.994446
952,7.933000,54.923912,1444.962036,17.172218,155.401199,1409.427246,-33.818947,101.331787,1439.980591,51.646557,72.177628,1459.072876,-72.199745
953,7.942000,54.965050,1445.008911,16.077845,155.387802,1409.489380,-35.107143,101.451744,1440.151611,50.406796,72.148026,1459.025879,-73.409027
954,7.950000,54.969006,1444.984131,14.933661,155.427032,1409.622803,-36.481884,101.547890,1440.004272,48.900433,72.049553,1459.020874,-74.562469
955,7.958000,54.978062,1444.952759,13.867916,155.435913,1409.770996,-37.894688,101.586159,1439.902588,47.601353,71.914078,1459.005005,-75.655190
956,7.967000,55.042187,1444.711060,12.624777,155.490845,1409.912598,-39.214802,101.574829,1439.796387,46.514957,71.810249,1458.861694,-76.922333
957,7.975000,55.135189,1444.549072,11.524985,155.468475,1409.988403,-40.251797,101.593040,1439.663330,45.516857,71.764038,1458.767822,-78.160988
958,7.983000,55.113663,1444.411011,10.320134,155.431213,1409.924561,-41.138924,101.659164,1439.524048,44.399403,71.733139,1458.747314,-79.214035
959,7.992000,55.046917,1444.329956,9.170692,155.369949,1409.707397,-42.223969,101.645065,1439.379883,43.154064,71.846848,1458.619385,-80.358070
960,8.000000,54.945988,1444.307007,7.861995,155.285400,1409.395142,-43.403221,101.560043,1439.222900,41.850220,71.875488,1458.511230,-81.517784
961,8.008000,54.855026,1444.298096,6.662304,155.258759,1409.059082,-44.635487,101.392403,1439.084106,40.532852,71.826523,1458.487671,-82.690437
962,8.017000,54.768166,1444.231934,5.382744,155.195541,1408.765137,-45.924774,101.330978,1439.008789,39.281502,71.871155,1458.406250,-83.888489
963,8.025000,54.758453,1444.172363,4.296407,155.184769,1408.569946,-47.183342,101.305801,1438.819824,38.041862,71.922615,1458.264893,-85.178970
964,8.033000,54.888916,1444.067993,3.091088,155.227844,1408.399658,-48.571007,101.355713,1438.732422,36.863644,71.914131,1458.167725,-86.466393
965,8.042000,55.034420,1443.834229,1.848607,155.283203,1408.358154,-49.986828,101.501587,1438.592529,35.697361,71.921989,1458.087402,-87.704483
966,8.050000,55.207218,1443.641479,0.569718,155.390701,1408.488892,-51.316948,101.704185,1438.512573,34.535969,71.868797,1457.918823,-89.073166
967,8.058000,55.414185,1443.515137,-0.530384,155.472427,1408.652954,-52.584408,102.061501,1438.451172,33.281895,71.802101,1457.953247,-90.160919
968,8.067000,55.621754,1443.332031,-1.781301,155.672806,1408.744873,-53.998146,102.426933,1438.316528,31.865578,71.814461,1457.866333,-91.309280
969,8.075000,55.712807,1443.253296,-2.910262,155.818390,1408.826294,-55.545887,102.729080,1438.263672,30.357677,71.761871,1457.846802,-92.497345
970,8.083000,55.753887,1443.409058,-3.901169,155.844971,1408.830688,-57.003841,102.837646,1438.106323,28.834225,71.713753,1457.801025,-93.724823
971,8.092000,55.725475,1443.420410,-5.110460,155.774200,1408.845825,-58.337440,102.825233,1438.122803,27.627491,71.526184,1457.792114,-95.178322
972,8.100000,55.647556,1443.344971,-6.480883,155.677399,1408.787964,-59.581039,102.681137,1438.155151,26.496613,71.575989,1457.792725,-96.381187
973,8.108000,55.561401,1443.413818,-7.694717,155.529617,1408.580200,-60.759602,102.487564,1438.199951,25.401709,71.598953,1457.706299,-97.673683
974,8.117000,55.446133,1443.480225,-8.974503,155.357147,1408.321411,-61.952190,102.289360,1438.232178,24.283161,71.620346,1457.630005,-98.902519
975,8.125000,55.355762,1443.361694,-10.378165,155.236572,1408.129639,-62.984638,102.100761,1438.195801,23.190308,71.502243,1457.610229,-100.124519
976,8.133000,55.279076,1443.321777,-11.734109,155.165573,1408.014404,-63.936234,101.976860,1438.141357,22.111898,71.593552,1457.494385,-101.288414
977,8.142000,55.235474,1443.300537,-12.853986,155.174133,1407.885376,-64.961655,101.934425,1438.070435,20.995207,71.665154,1457.286133,-102.550743
978,8.150000,55.255322,1443.196899,-14.079038,155.225174,1407.722900,-66.179245,102.096298,1437.964111,19.764032,71.604996,1457.163818,-103.731163
979,8.158000,55.316399,1443.018433,-15.183534,155.308044,1407.584717,-67.538803,102.264732,1437.779419,18.415268,71.572205,1457.037476,-104.879982
980,8.167000,55.444759,1442.793091,-16.401453,155.365860,1407.441772,-69.048401,102.429626,1437.322510,16.821276,71.401115,1456.932373,-106.229027
981,8.175000,55.646309,1442.455688,-17.633863,155.465118,1407.379883,-70.590317,102.601021,1437.058838,15.430082,71.355087,1456.851807,-107.525864
982,8.183000,55.765160,1442.289795,-18.745047,155.467606,1407.291382,-72.196449,102.833649,1436.850586,14.176065,71.518837,1456.720337,-108.685112
983,8.192000,55.927258,1442.052490,-19.918976,155.464462,1407.203003,-73.589462,103.017662,1436.597778,12.873611,71.542015,1456.652710,-109.821159
984,8.200000,56.007839,1441.857056,-21.137472,155.548782,1407.172607,-74.880707,103.124146,1436.406128,11.623401,71.445610,1456.657104,-111.079727
985,8.208000,56.071068,1441.743774,-22.321354,155.611725,1407.100464,-76.134247,103.174736,1436.200073,10.349393,71.494919,1456.567505,-112.298004
986,8.217000,56.108238,1441.679077,-23.522305,155.701111,1406.930542,-77.364639,103.321953,1436.066040,9.027461,71.578186,1456.427856,-113.574013
987,8.225000,56.121117,1441.691162,-24.703775,155.779892,1406.831787,-78.424850,103.252121,1435.910889,7.740555,71.623398,1456.262207,-114.780594
988,8.233000,56.116180,1441.770142,-25.882582,155.738739,1406.666382,-79.498985,103.171005,1435.857666,6.647542,71.680061,1456.151245,-115.949471
989,8.242000,56.057560,1441.763184,-27.176229,155.662735,1406.475830,-80.589233,103.095261,1435.957397,5.590121,71.616386,1456.048706,-117.232819
990,8.250000,56.067787,1441.826904,-28.385935,155.609589,1406.294312,-81.685944,103.101379,1436.085938,4.551166,71.712151,1455.982300,-118.494659
991,8.258000,56.139175,1441.751465,-29.763010,155.555405,1406.116333,-82.939606,103.192268,1436.205566,3.411264,71.762489,1455.956055,-119.734985
992,8.267000,56.184109,1441.793945,-30.853117,155.570099,1406.057373,-84.060890,103.287834,1436.294434,2.211380,71.960823,1455.925537,-120.756210
993,8.275000,56.259830,1441.735352,-32.028625,155.598480,1406.023071,-85.178925,103.421509,1436.298706,1.021585,71.989479,1455.897705,-121.825111
994,8.283000,56.397461,1441.697144,-33.061378,155.669403,1406.004639,-86.385979,103.615982,1436.260864,-0.175045,71.909439,1455.875366,-123.022537
995,8.292000,56.564980,1441.700928,-34.021801,155.800964,1406.023071,-87.775864,103.903748,1436.045044,-1.480876,71.901932,1455.787598,-124.177696
996,8.300000,56.730633,1441.511475,-35.041756,156.013275,1406.085205,-89.102989,104.076691,1435.841431,-2.654111,71.903084,1455.720825,-125.320824
997,8.308000,56.873707,1441.271851,-36.073864,156.148148,1406.111694,-90.257431,104.265892,1435.598633,-3.696213,71.877029,1455.603149,-126.354294
998,8.317000,57.046452,1440.859985,-37.290276,156.196732,1406.045532,-91.330948,104.422852,1435.287231,-4.821057,71.871597,1455.497070,-127.334831
999,8.325000,57.082718,1440.638428,-38.358967,156.205215,1405.901123,-92.431717,104.516296,1435.012695,-6.011866,71.898766,1455.355103,-128.291046
1000,8.333000,57.064037,1440.491333,-39.423298,156.132477,1405.605957,-93.552818,104.486343,1434.831909,-7.169083,71.877060,1455.108276,-129.563660
1001,8.342000,56.912479,1440.475464,-40.432369,156.012772,1405.318115,-94.562180,104.283134,1434.764160,-8.255815,71.939178,1454.979004,-130.703552
1002,8.350000,56.700310,1440.531860,-41.583237,155.866714,1405.021729,-95.445450,104.060150,1434.736572,-9.212784,72.011826,1454.898071,-131.760452
1003,8.358000,56.437340,1440.516846,-42.769958,155.716705,1404.782593,-96.308357,103.754715,1434.732056,-10.141638,72.121552,1454.909058,-132.647949
1004,8.367000,56.237408,1440.621460,-43.847458,155.621811,1404.668457,-97.148674,103.536995,1434.844849,-11.019110,71.947502,1454.893677,-133.771362
1005,8.375000,56.153061,1440.785156,-44.802124,155.586029,1404.633911,-97.947121,103.377007,1435.022949,-11.930599,71.929077,1454.919556,-134.771591
1006,8.383000,56.168854,1440.906982,-45.762947,155.601990,1404.721558,-98.917862,103.309395,1435.214722,-12.903790,71.918777,1454.889771,-135.841690
1007,8.392000,56.191788,1440.985352,-46.772133,155.636063,1404.828979,-99.983971,103.351646,1435.358154,-13.845691,71.904770,1454.863037,-136.804642
1008,8.400000,56.323685,1441.124512,-47.587086,155.697052,1404.974854,-101.080338,103.413849,1435.446289,-14.801165,71.942596,1454.816406,-137.788010
1009,8.408000,56.474400,1440.940430,-48.665585,155.718445,1405.045410,-102.034096,103.575661,1435.452026,-15.768643,71.930084,1454.762329,-138.692963
1010,8.417000,56.558216,1440.657837,-49.699654,155.714111,1405.052490,-102.946396,103.759827,1435.389893,-16.750118,71.891319,1454.688843,-139.546921
1011,8.425000,56.625454,1440.453125,-50.554344,155.727615,1404.964600,-103.969582,103.984283,1435.193359,-17.878117,71.870819,1454.456055,-140.705612
1012,8.433000,56.672596,1440.163086,-51.598576,155.744797,1404.748657,-105.035522,104.118156,1434.855103,-19.030519,71.953079,1454.282227,-141.708725
1013,8.442000,56.663765,1439.994141,-52.456470,155.727066,1404.465576,-106.080124,104.138481,1434.491699,-20.094231,71.994629,1454.144775,-142.650970
1014,8.450000,56.584312,1439.856445,-53.449696,155.732788,1404.125732,-107.032829,104.079910,1434.248657,-20.980846,71.984268,1454.050659,-143.559357
1015,8.458000,56.553795,1439.842651,-54.404629,155.740601,1403.794189,-107.976738,104.012283,1434.044800,-21.838120,72.057320,1453.936157,-144.476349
1016,8.467000,56.590839,1439.880371,-55.212921,155.784851,1403.531372,-108.866676,103.881142,1433.894531,-22.689754,72.206970,1453.776489,-145.421524
1017,8.475000,56.655910,1439.769653,-56.162716,155.840271,1403.268677,-109.811531,103.881302,1433.790527,-23.480305,72.383934,1453.612793,-146.365143
1018,8.483000,56.809895,1439.600342,-57.150349,155.939331,1403.088989,-110.629875,103.955070,1433.651001,-24.370476,72.426064,1453.529907,-147.260635
1019,8.492000,57.032398,1439.274780,-58.188580,156.029556,1402.997925,-111.498421,104.127518,1433.504272,-25.313000,72.484673,1453.458130,-148.170731
1020,8.500000,57.240364,1439.074951,-59.151707,156.137177,1402.944092,-112.525864,104.379837,1433.369629,-26.290808,72.650963,1453.325806,-149.068832
1021,8.508000,57.503170,1439.025391,-59.863380,156.285583,1402.903687,-113.694496,104.815781,1433.158691,-27.479359,72.686470,1453.231445,-149.961365
1022,8.517000,57.741646,1438.761108,-60.750309,156.424988,1402.902710,-114.995796,105.264435,1432.898926,-28.678392,72.748917,1453.153687,-150.953903
1023,8.525000,58.005436,1438.524048,-61.676384,156.600861,1402.922974,-116.340546,105.637985,1432.611694,-29.851284,72.646423,1453.010742,-152.172928
1024,8.533000,58.173019,1438.314331,-62.598034,156.818756,1402.988281,-117.591415,105.817047,1432.326172,-30.849672,72.629494,1452.927856,-153.141327
1025,8.542000,58.281601,1438.169067,-63.588657,156.963974,1402.929565,-118.767242,105.928322,1432.160645,-31.718649,72.608490,1452.923462,-154.054214
1026,8.550000,58.233997,1438.195923,-64.557465,157.006363,1402.869873,-119.782387,105.883766,1432.114502,-32.630356,72.678314,1452.994629,-154.831772
1027,8.558000,58.153526,1438.251221,-65.575668,156.957626,1402.705933,-120.782036,105.754829,1432.220581,-33.561943,72.756912,1452.951172,-155.715881
1028,8.567000,58.112862,1438.330078,-66.729515,156.899948,1402.612915,-121.556755,105.592369,1432.460327,-34.539238,72.804108,1452.804688,-157.008789
1029,8.575000,58.004436,1438.576782,-67.742722,156.669861,1402.533691,-122.342545,105.421555,1432.712891,-35.510494,72.947952,1452.771118,-158.131119
1030,8.583000,57.950592,1438.835083,-68.908501,156.551773,1402.541016,-123.081535,105.344635,1433.007568,-36.468552,73.046471,1452.803711,-159.174347
1031,8.592000,57.953362,1439.083374,-69.849548,156.459991,1402.600830,-123.799187,105.306389,1433.298584,-37.459221,73.137680,1452.850952,-160.199493
1032,8.600000,58.015274,1439.109253,-71.000214,156.524246,1402.667603,-124.715988,105.380806,1433.501831,-38.421181,73.225792,1452.856079,-161.152298
1033,8.608000,58.113674,1439.148193,-72.006744,156.625229,1402.696777,-125.843018,105.518326,1433.602661,-39.420986,73.297729,1452.868652,-162.167938
1034,8.617000,58.284977,1439.281372,-72.861946,156.744934,1402.758423,-127.126190,105.790192,1433.580444,-40.558205,73.350800,1452.819458,-163.195862
1035,8.625000,58.423866,1439.108276,-73.939697,156.924545,1402.773193,-128.400589,106.009377,1433.463501,-41.688614,73.311775,1452.841919,-164.144974
1036,8.633000,58.569420,1438.927734,-74.870087,157.135513,1402.725220,-129.585281,106.202606,1433.285522,-42.707943,73.256721,1452.718750,-165.269684
1037,8.642000,58.814758,1438.541382,-76.004387,157.278778,1402.622681,-130.627090,106.427650,1433.003296,-43.771900,73.307915,1452.611816,-166.257019
1038,8.650000,58.949074,1438.299561,-77.019279,157.360428,1402.411377,-131.788651,106.627968,1432.758667,-44.844795,73.455017,1452.470581,-167.256104
1039,8.658000,59.113823,1438.274780,-77.802673,157.441879,1402.111450,-132.860977,106.786743,1432.510864,-45.840168,73.755104,1452.332642,-168.138992
1040,8.667000,59.299526,1437.980591,-78.973335,157.500320,1401.818970,-133.678833,106.855591,1432.215454,-46.795200,73.968269,1452.142090,-169.062225
1041,8.675000,59.370853,1437.908569,-79.756233,157.594116,1401.495239,-134.448624,106.915611,1431.930664,-47.714516,74.083443,1451.873779,-170.191574
1042,8.683000,59.519756,1437.614990,-80.782806,157.739868,1401.139282,-135.348740,106.999290,1431.610962,-48.615967,74.312897,1451.660767,-171.099731
1043,8.692000,59.629013,1437.343872,-81.684830,157.872009,1400.794189,-136.314072,107.070412,1431.316772,-49.462605,74.466209,1451.471924,-171.925598
1044,8.700000,59.765888,1437.076416,-82.398300,158.011337,1400.462646,-137.290268,107.196114,1430.930298,-50.302021,74.631264,1451.221191,-172.755035
1045,8.708000,59.977123,1436.724365,-83.194855,158.225632,1400.144775,-138.246292,107.417831,1430.519165,-51.126606,74.841049,1450.926270,-173.509430
1046,8.717000,60.329140,1436.301880,-84.003349,158.506592,1399.896851,-139.225372,107.794327,1430.167847,-51.964886,74.990242,1450.676758,-174.173660
1047,8.725000,60.635311,1435.881714,-84.649658,158.805420,1399.683960,-140.270462,108.226616,1429.733643,-52.885899,75.132828,1450.398193,-174.902908
1048,8.733000,60.915375,1435.368652,-85.357643,159.048477,1399.496582,-141.233658,108.611618,1429.276367,-53.752979,75.205902,1450.046021,-175.817505
1049,8.742000,61.274532,1434.853760,-86.188583,159.299850,1399.290039,-142.205170,108.955971,1428.775024,-54.592346,75.318787,1449.780029,-176.522400
1050,8.750000,61.495609,1434.387207,-86.938324,159.485474,1399.026489,-143.264404,109.173866,1428.286133,-55.436756,75.393089,1449.521729,-177.266129
1051,8.758000,61.537289,1434.015869,-87.717957,159.552811,1398.771118,-144.230408,109.354004,1427.875122,-56.276382,75.444435,1449.316162,-178.020172
1052,8.767000,61.508274,1433.714478,-88.582520,159.541412,1398.538574,-145.019913,109.343567,1427.370850,-57.253548,75.457413,1449.147705,-178.793686
1053,8.775000,61.415100,1433.531250,-89.382393,159.469147,1398.379395,-145.803299,109.230652,1427.159912,-58.030849,75.406914,1449.014648,-179.620178
1054,8.783000,61.286144,1433.489624,-90.186745,159.312408,1398.269531,-146.577484,109.060509,1427.106934,-58.744656,75.383667,1448.888672,-180.468033
1055,8.792000,61.069431,1433.601196,-91.012383,159.134460,1398.299194,-147.315079,108.786232,1427.218994,-59.508411,75.271004,1448.861572,-181.317383
1056,8.800000,60.827621,1433.766357,-91.827759,158.967773,1398.431641,-148.050232,108.521461,1427.531860,-60.286377,74.995560,1448.900391,-182.287811
1057,8.808000,60.588207,1434.002441,-92.656723,158.782623,1398.656860,-148.823288,108.257118,1427.897583,-61.061996,74.857162,1448.983643,-183.098175
1058,8.817000,60.373459,1434.293823,-93.552711,158.591782,1398.958862,-149.569641,108.007805,1428.268066,-61.896152,74.667183,1449.127319,-183.949097
1059,8.825000,60.165009,1434.491455,-94.511559,158.514984,1399.220581,-150.154449,107.837944,1428.687866,-62.714920,74.479485,1449.262329,-184.808319
1060,8.833000,59.972797,1434.800903,-95.369164,158.441635,1399.542480,-150.826721,107.672272,1429.163330,-63.534798,74.290245,1449.436646,-185.636093
1061,8.842000,59.842369,1435.020630,-96.270554,158.316910,1399.816040,-151.491989,107.494484,1429.579590,-64.391106,74.081223,1449.452881,-186.659607
1062,8.850000,59.685013,1435.253174,-97.082466,158.109528,1400.019287,-152.255447,107.301750,1429.889404,-65.249924,74.005531,1449.515747,-187.562943
1063,8.858000,59.484200,1435.442261,-97.878807,157.897278,1400.184937,-153.027618,107.186424,1430.116455,-65.990227,73.958443,1449.577026,-188.404617
1064,8.867000,59.336300,1435.602295,-98.702461,157.740936,1400.224365,-153.678894,106.996872,1430.288208,-66.715538,73.948112,1449.589844,-189.223495
1065,8.875000,59.229454,1435.665649,-99.600822,157.678101,1400.223267,-154.356964,106.833694,1430.408691,-67.484245,74.024544,1449.697754,-189.899979
1066,8.883000,59.120174,1435.816040,-100.392654,157.650467,1400.245850,-155.032822,106.748108,1430.546997,-68.232285,73.931908,1449.738892,-190.820755
1067,8.892000,59.090752,1435.948120,-101.252510,157.684448,1400.290649,-155.842133,106.698601,1430.734009,-68.981644,73.924133,1449.839355,-191.641815
1068,8.900000,59.105221,1436.069336,-101.978821,157.807541,1400.390625,-156.660889,106.689529,1430.947876,-69.714302,73.916389,1449.920654,-192.420639
1069,8.908000,59.173840,1436.160767,-102.655869,157.945236,1400.512695,-157.518661,106.831017,1431.164673,-70.507751,73.923218,1450.017212,-193.143951
1070,8.917000,59.243191,1436.139404,-103.532951,158.094894,1400.655640,-158.346603,106.985558,1431.259888,-71.408791,73.945259,1450.112549,-193.882767
1071,8.925000,59.473843,1436.408936,-104.141884,158.195023,1400.824585,-159.230865,107.165596,1431.429443,-72.186378,74.009392,1450.159302,-194.668747
1072,8.933000,59.685890,1436.583740,-104.814499,158.241653,1401.029175,-160.097366,107.405403,1431.600342,-72.899879,74.044640,1450.244507,-195.443466
1073,8.942000,59.950272,1436.541870,-105.677460,158.314392,1401.212280,-160.930145,107.694191,1431.744263,-73.638840,74.153038,1450.320679,-196.149307
1074,8.950000,60.132473,1436.586792,-106.353409,158.439331,1401.377808,-161.629471,107.981049,1431.814209,-74.388344,74.248909,1450.411377,-196.805405
1075,8.958000,60.330940,1436.631958,-106.947441,158.614212,1401.546753,-162.355194,108.212112,1431.855713,-75.138504,74.315842,1450.469482,-197.442657
1076,8.967000,60.560898,1436.760254,-107.425392,158.800018,1401.602661,-163.073685,108.436295,1431.851196,-75.793900,74.419106,1450.508057,-198.027985
1077,8.975000,60.701450,1436.783203,-107.983406,158.938400,1401.635986,-163.688416,108.557831,1431.858398,-76.325554,74.516457,1450.537720,-198.531830
1078,8.983000,60.802990,1436.796143,-108.500511,159.106171,1401.615356,-164.234421,108.691216,1431.824707,-76.851753,74.632683,1450.561890,-199.028610
1079,8.992000,60.922005,1436.801270,-108.940460,159.219437,1401.545044,-164.741180,108.791901,1431.790894,-77.307716,74.730659,1450.571533,-199.487442
1080,9.000000,61.003265,1436.814697,-109.323883,159.312912,1401.548462,-165.159698,108.873047,1431.751953,-77.751633,74.821968,1450.550537,-199.963715
1081,9.008000,61.105789,1436.783813,-109.690674,159.386200,1401.507690,-165.590332,108.969376,1431.710938,-78.161110,74.893867,1450.553101,-200.394180
1082,9.017000,61.189960,1436.786499,-110.033386,159.506714,1401.573364,-166.017227,109.111107,1431.672119,-78.630745,74.925117,1450.598633,-200.809128
1083,9.025000,61.286163,1436.786133,-110.410912,159.637238,1401.698730,-166.483276,109.258926,1431.663574,-79.072960,74.915253,1450.707886,-201.179916
1084,9.033000,61.381382,1436.775146,-110.769669,159.737335,1401.886108,-166.925873,109.395508,1431.675781,-79.530708,74.866364,1450.839722,-201.560059
1085,9.042000,61.508408,1436.787842,-111.115608,159.770706,1402.120728,-167.390488,109.537132,1431.777832,-79.918221,74.849609,1450.971191,-201.876266
1086,9.050000,61.578182,1436.867554,-111.415085,159.774933,1402.344116,-167.839111,109.700806,1431.887085,-80.286591,74.792564,1451.130127,-202.202423
1087,9.058000,61.639942,1436.996826,-111.726295,159.761902,1402.590332,-168.213577,109.787148,1432.082153,-80.645821,74.779701,1451.244385,-202.509186
1088,9.067000,61.700253,1437.101318,-112.142998,159.698837,1402.735474,-168.483459,109.794632,1432.304443,-80.957748,74.731247,1451.294067,-202.960648
1089,9.075000,61.613266,1437.365601,-112.437508,159.600952,1402.821655,-168.669510,109.638458,1432.587158,-81.202606,74.789871,1451.411011,-203.293106
1090,9.083000,61.474121,1437.660889,-112.768028,159.542297,1402.873901,-168.780960,109.438881,1432.843872,-81.367180,74.849663,1451.555786,-203.559921
1091,9.092000,61.333778,1437.927246,-113.053757,159.451355,1402.866333,-168.751083,109.259613,1433.060303,-81.480675,74.923119,1451.658569,-203.805862
1092,9.100000,61.205563,1438.097046,-113.279610,159.379623,1402.888672,-168.774612,109.053017,1433.268799,-81.617058,74.965752,1451.744995,-204.021179
1093,9.108000,61.152008,1438.241333,-113.460243,159.347321,1402.915405,-168.874985,108.956978,1433.414795,-81.704811,74.992989,1451.796265,-204.166229
1094,9.117000,61.169956,1438.290161,-113.554077,159.366150,1403.009277,-169.033310,108.946754,1433.488159,-81.862938,74.964737,1451.861938,-204.296875
1095,9.125000,61.236004,1438.299683,-113.606155,159.383209,1403.215332,-169.226440,109.063820,1433.541870,-82.003716,74.923035,1451.902710,-204.362274
1096,9.133000,61.343590,1438.236572,-113.634964,159.422394,1403.359253,-169.439438,109.245987,1433.514771,-82.160492,74.865578,1451.917358,-204.410934
1097,9.142000,61.484554,1438.131348,-113.680557,159.477020,1403.475708,-169.754776,109.467773,1433.438599,-82.314301,74.818825,1451.940308,-204.447372
1098,9.150000,61.578129,1438.031860,-113.696304,159.578018,1403.509033,-169.995926,109.617889,1433.337524,-82.430992,74.780701,1451.953857,-204.463379
1099,9.158000,61.668694,1437.928833,-113.728409,159.636108,1403.471924,-170.085495,109.722229,1433.190674,-82.516747,74.814789,1451.954712,-204.499268
1100,9.167000,61.746181,1437.805420,-113.744331,159.677673,1403.356201,-170.094574,109.792229,1433.037231,-82.549797,74.897049,1451.895752,-204.496506
1101,9.175000,61.800934,1437.703247,-113.760490,159.712158,1403.163452,-170.091217,109.841339,1432.840454,-82.521164,74.994484,1451.830688,-204.497406
1102,9.183000,61.876385,1437.597412,-113.806831,159.799438,1402.970093,-170.063568,109.880196,1432.681152,-82.482483,75.118279,1451.754639,-204.505295
1103,9.192000,61.953476,1437.483276,-113.821442,159.886719,1402.767700,-169.989517,109.929153,1432.539429,-82.420212,75.215668,1451.671875,-204.485214
1104,9.200000,62.037350,1437.368042,-113.790688,160.002945,1402.650146,-169.979385,109.991638,1432.427734,-82.372406,75.292755,1451.610718,-204.460892
1105,9.208000,62.159119,1437.249878,-113.715744,160.163696,1402.624390,-170.072144,110.112144,1432.298218,-82.343697,75.326157,1451.574951,-204.407532
1106,9.217000,62.318214,1437.094482,-113.641441,160.326599,1402.662842,-170.209396,110.289474,1432.197021,-82.320190,75.363838,1451.534058,-204.301758
1107,9.225000,62.486141,1436.994385,-113.528236,160.494293,1402.789062,-170.366119,110.506805,1432.113159,-82.329460,75.366631,1451.520874,-204.205231
1108,9.233000,62.603012,1436.908691,-113.394600,160.615738,1402.881592,-170.480713,110.701935,1432.013062,-82.303131,75.394432,1451.597290,-203.908157
1109,9.242000,62.687538,1436.890259,-113.245293,160.700439,1402.964355,-170.558395,110.873634,1431.924316,-82.263870,75.378510,1451.623901,-203.794937
1110,9.250000,62.766998,1436.854858,-113.113167,160.700531,1402.951782,-170.492874,110.968803,1431.862793,-82.165237,75.363663,1451.590576,-203.703796
1111,9.258000,62.780434,1436.807007,-112.943100,160.668549,1402.891602,-170.252502,111.005302,1431.767944,-82.016388,75.353958,1451.560791,-203.553040
1112,9.267000,62.766178,1436.756592,-112.767944,160.653061,1402.872803,-170.080078,110.961891,1431.704468,-81.841660,75.356453,1451.545532,-203.404099
1113,9.275000,62.687725,1436.731812,-112.581718,160.613525,1402.787354,-169.811142,110.877464,1431.671997,-81.638992,75.341064,1451.531616,-203.252838
1114,9.283000,62.587433,1436.710327,-112.393692,160.567444,1402.765869,-169.475800,110.781616,1431.627686,-81.424721,75.315125,1451.515137,-203.060959
1115,9.292000,62.498478,1436.706543,-112.179604,160.474304,1402.740601,-169.159790,110.676277,1431.606323,-81.197311,75.281914,1451.480591,-202.847824
1116,9.300000,62.399670,1436.666382,-111.973595,160.374268,1402.725586,-168.816605,110.564117,1431.583252,-80.954468,75.228600,1451.442017,-202.630707
1117,9.308000,62.327099,1436.629639,-111.726562,160.275452,1402.740112,-168.526993,110.461143,1431.539307,-80.693558,75.184303,1451.430298,-202.390121
1118,9.317000,62.283131,1436.552979,-111.487503,160.223984,1402.733765,-168.188614,110.390266,1431.480469,-80.419052,75.084190,1451.418091,-202.117416
1119,9.325000,62.107365,1436.646729,-111.049202,160.180954,1402.741089,-167.973740,110.318481,1431.464355,-80.121384,75.012932,1451.408691,-201.820999
1120,9.333000,62.027020,1436.638794,-110.710197,160.160629,1402.778931,-167.718903,110.227386,1431.454102,-79.815948,74.943001,1451.405640,-201.509018
1121,9.342000,61.971725,1436.594116,-110.404114,160.139038,1402.778687,-167.411240,110.151947,1431.439453,-79.499870,74.858727,1451.401367,-201.195770
1122,9.350000,61.891735,1436.589844,-110.074699,160.071915,1402.758301,-167.194489,110.077789,1431.451416,-79.199074,74.818420,1451.388428,-200.869934
1123,9.358000,61.821167,1436.555664,-109.732353,160.031143,1402.680542,-166.801163,109.990067,1431.457275,-78.851372,74.770134,1451.368896,-200.508301
1124,9.367000,61.729713,1436.551392,-109.424728,160.040436,1402.586426,-166.472427,109.885742,1431.382690,-78.481346,74.766953,1451.319702,-200.169846
1125,9.375000,61.649078,1436.456177,-109.132629,159.992859,1402.409546,-166.036362,109.767059,1431.264160,-78.121796,74.790665,1451.219727,-199.808960
1126,9.383000,61.649548,1436.366089,-108.816139,159.952148,1402.238892,-165.560104,109.716827,1431.097778,-77.721741,74.816772,1451.105347,-199.449005
1127,9.392000,61.644062,1436.237061,-108.500961,159.964691,1402.194092,-165.334427,109.693794,1430.968262,-77.328392,74.824341,1451.024292,-199.102798
1128,9.400000,61.678669,1436.092285,-108.118820,159.924362,1402.133667,-165.048416,109.758591,1430.816040,-76.955750,74.812088,1450.991455,-198.742523
1129,9.408000,61.736324,1435.927002,-107.742920,159.945419,1402.137695,-164.835052,109.821686,1430.656128,-76.651749,74.808113,1450.959961,-198.355682
1130,9.417000,61.802853,1435.773560,-107.382271,159.987396,1402.128296,-164.579300,109.893242,1430.525024,-76.336365,74.823997,1450.929810,-197.994339
1131,9.425000,61.875542,1435.655029,-107.013718,160.017059,1402.123901,-164.304016,109.985313,1430.417847,-76.030304,74.805878,1450.903564,-197.676895
1132,9.433000,61.923664,1435.577393,-106.662430,160.030624,1402.114868,-163.991669,110.034607,1430.376709,-75.700012,74.816223,1450.896729,-197.305969
1133,9.442000,61.985622,1435.568481,-106.309898,160.027115,1402.135498,-163.622192,110.119553,1430.369141,-75.354279,74.816765,1450.891235,-196.973312
1134,9.450000,61.993103,1435.634277,-105.958031,160.075699,1402.133789,-163.233124,110.162544,1430.432617,-74.979530,74.844917,1450.874756,-196.599625
1135,9.458000,61.967953,1435.751343,-105.582390,160.045364,1402.177612,-162.763229,110.119545,1430.571655,-74.604553,74.848450,1450.904785,-196.248108
1136,9.467000,61.892113,1435.909180,-105.221069,159.973358,1402.190674,-162.340866,109.935425,1430.727905,-74.185341,74.845833,1450.941406,-195.932541
1137,9.475000,61.736256,1436.126465,-104.858940,159.890625,1402.278931,-161.796371,109.723213,1430.943604,-73.749382,74.842361,1451.007935,-195.576065
1138,9.483000,61.553825,1436.338745,-104.472298,159.724167,1402.299194,-161.125107,109.513832,1431.143066,-73.309624,74.844559,1451.078735,-195.191132
1139,9.492000,61.176029,1436.507324,-103.970612,159.600250,1402.343628,-160.464035,109.267975,1431.370850,-72.867386,74.786507,1451.161499,-194.761475
1140,9.500000,61.070362,1436.704712,-103.595001,159.476166,1402.486450,-159.838699,109.016594,1431.599243,-72.325333,74.677055,1451.257935,-194.291168
1141,9.508000,60.903549,1436.836426,-103.146942,159.338165,1402.603638,-159.211060,108.738853,1431.759644,-71.757797,74.545517,1451.333496,-193.823059
1142,9.517000,60.695488,1437.060059,-102.495567,159.227173,1402.760010,-158.538193,108.507896,1431.819946,-71.194260,74.415260,1451.459106,-193.243835
1143,9.525000,60.517273,1437.171387,-101.977379,159.134705,1402.886597,-157.863052,108.295471,1431.910034,-70.642647,74.258011,1451.537964,-192.726288
1144,9.533000,60.337273,1437.234497,-101.473793,159.021774,1403.023071,-157.250809,108.080452,1432.049072,-70.064957,74.132790,1451.595337,-192.203751
1145,9.542000,60.171726,1437.278564,-100.972717,158.874374,1403.067139,-156.647247,107.928368,1432.251709,-69.442467,74.011971,1451.619873,-191.664932
1146,9.550000,59.945034,1437.401978,-100.425705,158.707642,1403.088745,-156.037003,107.689644,1432.409546,-68.790047,73.895752,1451.652710,-191.130630
1147,9.558000,59.709682,1437.503418,-99.863045,158.452698,1403.047485,-155.315704,107.291290,1432.511108,-68.081810,73.885765,1451.766113,-190.437988
1148,9.567000,59.450832,1437.588989,-99.311455,158.257172,1403.029419,-154.484390,106.994698,1432.657593,-67.374229,73.803703,1451.847534,-189.764435
1149,9.575000,59.171074,1437.601807,-98.824242,158.109909,1403.037842,-153.575928,106.763611,1432.801147,-66.671417,73.691597,1451.915161,-189.100281
1150,9.583000,58.984936,1437.663818,-98.185410,157.955231,1403.047363,-152.749283,106.562233,1432.868652,-65.954628,73.547997,1451.936157,-188.477844
1151,9.592000,58.829395,1437.694580,-97.503197,157.827148,1403.084595,-152.058105,106.378693,1432.869873,-65.259720,73.432678,1451.952881,-187.833771
1152,9.600000,58.667152,1437.637207,-96.855774,157.696060,1403.119873,-151.478287,106.182045,1432.856323,-64.590897,73.284828,1451.972656,-187.130280
1153,9.608000,58.464172,1437.776367,-95.924774,157.607330,1403.198120,-150.876663,106.007416,1432.829590,-63.821964,73.171967,1451.973511,-186.413208
1154,9.617000,58.316093,1437.701172,-95.147697,157.481613,1403.264038,-150.163330,105.849831,1432.709961,-63.085899,73.040031,1451.972046,-185.680435
1155,9.625000,58.148445,1437.612671,-94.463432,157.384216,1403.345459,-149.389130,105.648460,1432.578491,-62.406010,72.885803,1451.984741,-184.899796
1156,9.633000,57.969063,1437.545532,-93.855934,157.228897,1403.377930,-148.629532,105.467194,1432.515015,-61.699085,72.767509,1451.983521,-184.177780
1157,9.642000,57.724262,1437.518677,-93.194702,157.034286,1403.367920,-147.764954,105.208946,1432.541382,-60.963291,72.698853,1451.958862,-183.505768
1158,9.650000,57.487431,1437.593384,-92.501907,156.884888,1403.326050,-146.862335,104.883759,1432.633057,-60.233543,72.672501,1451.938477,-182.864273
1159,9.658000,57.257439,1437.609619,-92.001244,156.772583,1403.370605,-145.958405,104.631683,1432.801636,-59.457310,72.619942,1451.963989,-182.245865
1160,9.667000,57.097816,1437.741821,-91.411858,156.653030,1403.385498,-145.086639,104.395767,1432.977417,-58.729290,72.703415,1451.988037,-181.529129
1161,9.675000,57.001961,1437.836426,-90.752190,156.589203,1403.428833,-144.289993,104.227386,1433.073608,-58.019363,72.678291,1452.012695,-180.869034
1162,9.683000,56.884666,1437.991943,-90.018547,156.552902,1403.524414,-143.509644,104.108002,1433.194824,-57.263687,72.534599,1452.090332,-180.144958
1163,9.692000,56.836178,1438.182251,-89.180389,156.569397,1403.646606,-142.769485,104.097534,1433.251221,-56.511154,72.430428,1452.160767,-179.406891
1164,9.700000,56.766769,1438.117676,-88.469299,156.571381,1403.705566,-142.193588,104.118553,1433.216187,-55.863052,72.292801,1452.210938,-178.669891
1165,9.708000,56.892162,1438.045776,-87.570061,156.549973,1403.780884,-141.718307,104.224724,1433.056396,-55.216625,72.214584,1452.169189,-178.006836
1166,9.717000,56.933300,1437.833862,-86.789734,156.563446,1403.855713,-141.261734,104.322556,1432.893066,-54.517254,72.083336,1452.171265,-177.317200
1167,9.725000,56.926670,1437.614014,-86.067108,156.531723,1403.905762,-140.768555,104.341232,1432.759277,-53.780693,71.976158,1452.212646,-176.560287
1168,9.733000,56.874191,1437.454102,-85.308952,156.472015,1403.951660,-140.064316,104.215996,1432.514282,-53.058933,71.869431,1452.243408,-175.815613
1169,9.742000,56.765610,1437.360229,-84.572395,156.395172,1403.970825,-139.300156,104.113228,1432.435059,-52.249798,71.889519,1452.275879,-174.945724
1170,9.750000,56.656292,1437.324951,-83.876083,156.302979,1403.925049,-138.514114,103.998215,1432.449829,-51.424427,71.879753,1452.312378,-174.102325
1171,9.758000,56.526077,1437.358521,-83.187851,156.227615,1403.857422,-137.627777,103.849548,1432.486450,-50.695740,71.879303,1452.341675,-173.355484
1172,9.767000,56.424400,1437.490601,-82.470795,156.147507,1403.822388,-136.725998,103.654213,1432.556885,-50.011951,71.881569,1452.365723,-172.725327
1173,9.775000,56.314232,1437.474243,-81.962387,156.121918,1403.789429,-135.739975,103.494240,1432.680054,-49.258430,71.930634,1452.381104,-172.064514
1174,9.783000,56.240005,1437.618164,-81.302887,156.128693,1403.810181,-134.915039,103.359695,1432.840576,-48.420826,71.970650,1452.418335,-171.344055
1175,9.792000,56.208458,1437.738770,-80.563591,156.099716,1403.863403,-134.121109,103.249710,1432.930054,-47.677689,71.970451,1452.460449,-170.624512
1176,9.800000,56.146633,1437.924561,-79.647156,156.096603,1403.936646,-133.255173,103.246796,1432.957031,-46.988850,71.891167,1452.523438,-169.853134
1177,9.808000,56.163589,1438.019897,-78.747360,156.123199,1404.047119,-132.405823,103.302101,1432.924438,-46.240555,71.885155,1452.575195,-169.013763
1178,9.817000,56.205814,1437.955200,-77.849678,156.155334,1404.138184,-131.642853,103.333359,1432.822754,-45.450752,71.873482,1452.637207,-168.084076
1179,9.825000,56.150684,1437.787354,-77.042946,156.140854,1404.207520,-130.937531,103.405067,1432.704224,-44.656620,71.788055,1452.657593,-167.209000
1180,9.833000,56.114948,1437.620728,-76.187820,156.113708,1404.256958,-130.156158,103.430832,1432.616333,-43.783653,71.692223,1452.692139,-166.396805
1181,9.842000,56.021328,1437.583618,-75.290894,156.049225,1404.283081,-129.359772,103.369858,1432.548462,-42.915165,71.634583,1452.729858,-165.636719
1182,9.850000,55.932381,1437.559082,-74.483727,155.986420,1404.318237,-128.531021,103.231499,1432.555054,-42.086044,71.598473,1452.792236,-164.861420
1183,9.858000,55.827862,1437.502563,-73.894997,155.908127,1404.364502,-127.564072,103.065018,1432.730713,-41.124447,71.499496,1452.922974,-164.015198
1184,9.867000,55.728039,1437.696899,-73.094345,155.863739,1404.328735,-126.578705,102.887474,1432.916870,-40.181973,71.658340,1453.009399,-163.066040
1185,9.875000,55.678009,1437.824463,-72.319344,155.841553,1404.315186,-125.665306,102.732460,1433.059326,-39.330650,71.683342,1453.060059,-162.250275
1186,9.883000,55.668964,1437.967896,-71.620872,155.855270,1404.284912,-124.864037,102.662384,1433.201172,-38.516884,71.734001,1453.119263,-161.482819
1187,9.892000,55.669434,1438.210815,-70.687599,155.907455,1404.269409,-124.075775,102.671211,1433.293335,-37.703949,71.778404,1453.182617,-160.673492
1188,9.900000,55.721004,1438.272461,-69.860519,155.995865,1404.370972,-123.293190,102.703491,1433.361694,-36.971680,71.761925,1453.231201,-159.902908
1189,9.908000,55.795456,1438.366577,-68.966743,156.026581,1404.485352,-122.474998,102.818314,1433.386475,-36.255676,71.828430,1453.272461,-159.112244
1190,9.917000,55.937347,1438.361938,-68.122200,156.148438,1404.629028,-121.706932,102.955238,1433.322876,-35.489407,71.812790,1453.325073,-158.336014
1191,9.925000,56.047676,1438.311157,-67.295082,156.372955,1404.763672,-120.730057,103.097176,1433.207031,-34.740711,71.783287,1453.385742,-157.477615
1192,9.933000,56.108513,1438.287598,-66.513824,156.447708,1404.860840,-119.895111,103.262466,1433.165649,-33.929462,71.784370,1453.464722,-156.660065
1193,9.942000,56.139439,1438.328491,-65.692833,156.470947,1404.880249,-119.144112,103.359352,1433.171265,-33.087673,71.912376,1453.533447,-155.793991
1194,9.950000,56.169060,1438.404053,-64.872696,156.476196,1404.918579,-118.319008,103.353439,1433.214722,-32.309944,71.973228,1453.594482,-155.016373
1195,9.958000,56.183857,1438.488525,-64.137299,156.491135,1404.961182,-117.440628,103.348511,1433.308472,-31.481277,72.015457,1453.617432,-154.399643
1196,9.967000,56.141224,1438.615479,-63.358307,156.495209,1404.995117,-116.507568,103.300888,1433.469727,-30.601156,72.213860,1453.618530,-153.666763
1197,9.975000,56.128483,1438.836426,-62.544487,156.579559,1405.087036,-115.507515,103.230957,1433.686523,-29.779308,72.304337,1453.828491,-152.705643
1198,9.983000,56.095085,1438.955811,-61.940140,156.594131,1405.102783,-114.588875,103.098915,1434.003296,-28.785023,72.362625,1454.030518,-151.822632
1199,9.992000,56.133224,1439.223022,-61.199574,156.661758,1405.128662,-113.756950,103.005402,1434.243896,-27.866642,72.472664,1454.169312,-151.042450
1200,10.000000,56.226082,1439.493774,-60.412098,156.706573,1405.129517,-113.009071,103.002098,1434.485229,-27.077234,72.532738,1454.314087,-150.327484
1201,10.008000,56.325500,1439.690430,-59.688881,156.713806,1405.090820,-112.285156,103.071915,1434.690674,-26.339685,72.686539,1454.411621,-149.598618
1202,10.017000,56.389046,1439.924927,-58.792309,156.740448,1405.087891,-111.488976,103.153755,1434.763672,-25.627966,72.823761,1454.461792,-148.850082
1203,10.025000,56.429821,1440.017090,-57.917484,156.837555,1405.115601,-110.586914,103.231033,1434.748291,-24.865955,72.936600,1454.572266,-148.042130
1204,10.033000,56.500900,1439.980713,-57.094280,156.891495,1405.144043,-109.692123,103.336205,1434.670410,-24.057266,72.997040,1454.647217,-147.222641
1205,10.042000,56.507774,1439.932861,-56.328148,156.976791,1405.219971,-108.890472,103.440964,1434.560669,-23.276011,73.141792,1454.690918,-146.226761
1206,10.050000,56.640465,1439.986328,-55.349648,157.076416,1405.242065,-108.111382,103.609848,1434.461914,-22.586102,73.219086,1454.790161,-145.300018
1207,10.058000,56.697456,1439.974365,-54.523941,157.152313,1405.323730,-107.272789,103.733704,1434.410034,-21.777819,73.146271,1454.863037,-144.608353
1208,10.067000,56.721981,1440.001831,-53.761475,157.173538,1405.373779,-106.433731,103.710693,1434.440186,-20.895937,73.215508,1454.953003,-143.859589
1209,10.075000,56.626881,1439.969116,-53.057919,157.179199,1405.425415,-105.447876,103.595764,1434.566528,-20.067570,73.266388,1455.034912,-143.059860
1210,10.083000,56.497524,1440.186646,-52.302471,157.073151,1405.441162,-104.420174,103.459122,1434.848145,-19.117229,73.457878,1455.158447,-142.154770
1211,10.092000,56.379585,1440.565308,-51.647861,156.941010,1405.468262,-103.306358,103.187721,1435.232422,-18.111559,73.505852,1455.319458,-141.433441
1212,10.100000,56.252655,1441.016113,-50.906227,156.771164,1405.531982,-102.186668,102.892311,1435.647949,-17.138947,73.514763,1455.515381,-140.724747
1213,10.108000,55.997234,1441.447998,-50.192905,156.605881,1405.509888,-101.379807,102.640640,1436.056396,-16.273045,73.550674,1455.716797,-139.980972
1214,10.117000,55.882145,1441.757935,-49.552200,156.491882,1405.468628,-100.721573,102.460838,1436.368286,-15.496990,73.605347,1455.884277,-139.270355
1215,10.125000,55.816635,1442.027832,-48.898201,156.385803,1405.445801,-99.969742,102.313370,1436.557007,-14.824269,73.675934,1455.997437,-138.613083
1216,10.133000,55.773483,1442.331665,-48.092003,156.321259,1405.503540,-99.062729,102.214424,1436.641113,-14.174997,73.723076,1456.103027,-137.932510
1217,10.142000,55.737144,1442.440674,-47.422340,156.269684,1405.576782,-98.205124,102.291748,1436.736938,-13.530673,73.733376,1456.218994,-137.265320
1218,10.150000,55.731209,1442.477661,-46.812138,156.244095,1405.675903,-97.510376,102.292198,1436.747925,-12.890845,73.892204,1456.291626,-136.554138
1219,10.158000,55.755302,1442.414185,-46.228806,156.278442,1405.798706,-96.870171,102.323784,1436.686401,-12.241856,73.889015,1456.441650,-135.887207
1220,10.167000,55.818363,1442.371948,-45.552578,156.323059,1405.877930,-96.303604,102.403717,1436.640015,-11.618252,73.774841,1456.589111,-135.302795
1221,10.175000,55.898403,1442.341431,-44.986652,156.392670,1406.014526,-95.862701,102.453964,1436.650146,-11.058597,73.747932,1456.715088,-134.692719
1222,10.183000,55.979702,1442.388916,-44.452694,156.458572,1406.161011,-95.347336,102.498253,1436.733398,-10.510380,73.749390,1456.810547,-134.181396
1223,10.192000,56.001907,1442.528076,-43.983509,156.493134,1406.261353,-94.863129,102.509026,1436.892700,-9.976785,73.719528,1456.924194,-133.681595
1224,10.200000,56.026192,1442.719116,-43.534290,156.521378,1406.330933,-94.271828,102.535568,1437.104370,-9.469872,73.822029,1457.018799,-133.312683
1225,10.208000,56.030575,1442.952515,-43.106800,156.573303,1406.359375,-93.689644,102.435738,1437.303467,-8.889220,74.064995,1457.067749,-132.771271
1226,10.217000,56.032623,1443.141113,-42.784813,156.580215,1406.394043,-93.109291,102.368454,1437.509521,-8.297832,74.182426,1457.108398,-132.407227
1227,10.225000,55.925652,1443.346680,-42.460228,156.569702,1406.379395,-92.629662,102.343842,1437.700928,-7.816276,74.309166,1457.163208,-132.140259
1228,10.233000,55.985321,1443.432129,-42.208477,156.556595,1406.382690,-92.269066,102.352539,1437.825073,-7.452200,74.430023,1457.208618,-131.904816
1229,10.242000,56.093685,1443.426392,-41.961464,156.600616,1406.404053,-92.007866,102.453903,1437.826294,-7.186897,74.470383,1457.268799,-131.621246
1230,10.250000,56.258400,1443.307007,-41.690590,156.745697,1406.425415,-91.891937,102.611198,1437.718262,-6.995036,74.525070,1457.311035,-131.346542
1231,10.258000,56.455078,1443.197632,-41.412910,156.919113,1406.531250,-91.876785,102.835434,1437.555908,-6.873847,74.547554,1457.392456,-131.075928
1232,10.267000,56.679779,1443.066895,-41.146702,157.087662,1406.657593,-91.887772,103.149437,1437.384155,-6.793005,74.560852,1457.428101,-130.843796
1233,10.275000,56.950550,1442.925293,-40.878746,157.275543,1406.733032,-92.018410,103.481628,1437.223633,-6.744339,74.603119,1457.452026,-130.651596
1234,10.283000,57.188225,1442.816284,-40.680389,157.511093,1406.821899,-92.065514,103.834145,1437.110229,-6.703169,74.699699,1457.488770,-130.479019
1235,10.292000,57.389015,1442.805542,-40.522778,157.638016,1406.869019,-92.054405,104.112793,1437.071655,-6.682878,74.714729,1457.539429,-130.309021
1236,10.300000,57.527729,1442.903076,-40.396011,157.730743,1406.889893,-92.017593,104.293495,1437.144775,-6.707571,74.798721,1457.574829,-130.225479
1237,10.308000,57.672688,1442.996216,-40.416222,157.792114,1406.851685,-91.883179,104.352325,1437.291626,-6.700550,74.933022,1457.606323,-130.182526
1238,10.317000,57.701511,1443.205566,-40.355034,157.850830,1406.822876,-91.713051,104.334778,1437.517212,-6.628387,75.071823,1457.633911,-130.145996
1239,10.325000,57.713741,1443.411011,-40.302418,157.853317,1406.804688,-91.458900,104.292557,1437.752808,-6.505409,75.168297,1457.670776,-130.093491
1240,10.333000,57.738045,1443.546021,-40.265869,157.870056,1406.795532,-91.244225,104.283615,1437.927246,-6.318725,75.300499,1457.676636,-130.019363
1241,10.342000,57.792671,1443.611206,-40.209225,157.886398,1406.773682,-91.109245,104.310745,1438.051392,-6.096677,75.367874,1457.693481,-129.971268
1242,10.350000,57.871086,1443.573364,-40.120247,157.955322,1406.739868,-91.091187,104.402504,1438.074951,-5.846845,75.407822,1457.681274,-129.877548
1243,10.358000,58.009777,1443.484009,-40.027088,158.072556,1406.729004,-91.142906,104.571922,1438.030151,-5.649058,75.520973,1457.502441,-129.924530
1244,10.367000,58.175617,1443.325684,-39.949314,158.202774,1406.772949,-91.224701,104.798401,1437.957031,-5.561802,75.532768,1457.595581,-129.734772
1245,10.375000,58.367966,1443.192749,-39.841763,158.387970,1406.861084,-91.423164,105.074387,1437.824829,-5.588368,75.543449,1457.603394,-129.622269
1246,10.383000,58.552723,1443.054932,-39.769245,158.518799,1406.895874,-91.611359,105.343498,1437.622925,-5.740777,75.545403,1457.511597,-129.701096
1247,10.392000,58.716000,1442.939331,-39.712921,158.661850,1406.951050,-91.727440,105.557503,1437.451538,-6.007430,75.575035,1457.465820,-129.657791
1248,10.400000,58.808338,1442.932617,-39.681370,158.744995,1406.946655,-91.833824,105.674248,1437.376221,-6.282551,75.614265,1457.478027,-129.667892
1249,10.408000,58.792160,1443.048950,-39.656181,158.756378,1406.851807,-91.784454,105.706848,1437.369507,-6.402843,75.683456,1457.537842,-129.548462
1250,10.417000,58.778725,1443.119629,-39.666386,158.752197,1406.754761,-91.646271,105.702820,1437.400269,-6.355853,75.758499,1457.497681,-129.487762
1251,10.425000,58.775936,1443.151978,-39.667721,158.690002,1406.682251,-91.450745,105.614006,1437.474121,-6.211276,75.827583,1457.460938,-129.471725
1252,10.433000,58.721500,1443.160522,-39.630527,158.656555,1406.651611,-91.319115,105.525085,1437.533081,-6.021862,75.846375,1457.461304,-129.405212
1253,10.442000,58.670902,1443.178467,-39.566105,158.612396,1406.604858,-91.207802,105.431129,1437.571533,-5.856499,75.847076,1457.447998,-129.363907
1254,10.450000,58.647861,1443.088013,-39.501984,158.601105,1406.614014,-91.106598,105.407501,1437.512695,-5.684883,75.822472,1457.301880,-129.428726
1255,10.458000,58.652241,1442.901001,-39.393475,158.612335,1406.622681,-91.087082,105.416077,1437.364990,-5.563179,75.789665,1457.231445,-129.309830
1256,10.467000,58.729294,1442.670654,-39.249546,158.654053,1406.631226,-91.181877,105.468216,1437.120850,-5.500946,75.708260,1457.160278,-129.167877
1257,10.475000,58.779491,1442.380005,-39.107891,158.724197,1406.662231,-91.179054,105.549873,1436.773804,-5.497691,75.610321,1457.066772,-128.996674
1258,10.483000,58.777264,1442.147583,-38.950291,158.712967,1406.600952,-91.140419,105.595345,1436.467285,-5.528805,75.540993,1457.063599,-128.718735
1259,10.492000,58.648056,1442.040894,-38.743473,158.665924,1406.538818,-91.094948,105.606155,1436.264771,-5.517810,75.460136,1457.004272,-128.570251
1260,10.500000,58.566776,1441.963745,-38.639900,158.596420,1406.442017,-91.011467,105.543350,1436.188843,-5.413002,75.509956,1456.897949,-128.476669
1261,10.508000,58.458721,1441.941284,-38.547894,158.557968,1406.389404,-90.779770,105.408806,1436.205322,-5.258938,75.419823,1456.827881,-128.407501
1262,10.517000,58.368687,1441.947266,-38.533783,158.470734,1406.312134,-90.601494,105.225304,1436.277344,-5.078296,75.435638,1456.781006,-128.354355
1263,10.525000,58.220493,1442.033325,-38.506512,158.382126,1406.313477,-90.373573,105.045135,1436.414917,-4.907921,75.415565,1456.746338,-128.310913
1264,10.533000,58.196754,1442.029541,-38.535465,158.304901,1406.348877,-90.228897,104.906731,1436.526001,-4.790602,75.371849,1456.734131,-128.244308
1265,10.542000,58.132904,1442.041748,-38.512047,158.265244,1406.390747,-90.192932,104.785988,1436.568970,-4.737352,75.274307,1456.620361,-128.367401
1266,10.550000,58.088364,1442.009888,-38.478470,158.252640,1406.466553,-90.248779,104.731422,1436.594360,-4.711497,75.189362,1456.621216,-128.374191
1267,10.558000,58.095947,1441.927734,-38.427612,158.283997,1406.587036,-90.353111,104.788635,1436.546875,-4.703969,75.085785,1456.631226,-128.293106
1268,10.567000,58.028481,1441.903198,-38.293983,158.315643,1406.702026,-90.470970,104.831818,1436.515137,-4.765072,74.970039,1456.668213,-128.275375
1269,10.575000,58.035488,1441.745972,-38.259945,158.349304,1406.805542,-90.531494,104.923904,1436.412231,-4.805529,74.859604,1456.654541,-128.237717
1270,10.583000,58.061737,1441.610718,-38.235649,158.373062,1406.844360,-90.637337,104.977516,1436.300537,-4.857027,74.800804,1456.609375,-128.217728
1271,10.592000,58.029369,1441.535278,-38.200645,158.374908,1406.856201,-90.687836,104.973083,1436.240234,-4.874560,74.796425,1456.555664,-128.214218
1272,10.600000,57.990749,1441.519165,-38.188072,158.340256,1406.793213,-90.633675,104.921814,1436.213745,-4.843956,74.779510,1456.494263,-128.203995
1273,10.608000,57.902569,1441.497070,-38.201530,158.294647,1406.770508,-90.458694,104.832619,1436.240723,-4.783134,74.771263,1456.453857,-128.175659
1274,10.617000,57.799896,1441.497559,-38.183437,158.243225,1406.704346,-90.349823,104.687286,1436.275024,-4.688772,74.755707,1456.369141,-128.157166
1275,10.625000,57.723610,1441.513306,-38.139946,158.168015,1406.677246,-90.196274,104.529823,1436.307495,-4.581571,74.748924,1456.323853,-128.128479
1276,10.633000,57.613453,1441.490601,-38.078693,158.130447,1406.710327,-90.062447,104.390083,1436.351196,-4.492750,74.695755,1456.265503,-128.085648
1277,10.642000,57.545635,1441.423096,-37.994827,158.078735,1406.731201,-89.997704,104.323341,1436.329712,-4.416099,74.563408,1456.351807,-127.833260
1278,10.650000,57.510487,1441.306763,-37.887596,158.059387,1406.784302,-89.937355,104.273941,1436.272827,-4.336516,74.380997,1456.385986,-127.660812
1279,10.658000,57.579094,1441.227295,-37.667759,158.107773,1406.854736,-89.878258,104.263947,1436.126587,-4.198069,74.331924,1456.310059,-127.497719
1280,10.667000,57.587029,1441.032471,-37.530319,158.116791,1406.884399,-89.844421,104.257019,1435.961914,-4.079009,74.239319,1456.247070,-127.391724
1281,10.675000,57.546185,1440.864746,-37.433910,158.117889,1406.895264,-89.778595,104.237869,1435.819580,-3.961099,74.169502,1456.158813,-127.283768
1282,10.683000,57.484032,1440.749878,-37.329632,158.102097,1406.861450,-89.727257,104.167961,1435.696045,-3.848082,74.142624,1456.073242,-127.167213
1283,10.692000,57.417507,1440.700317,-37.256264,158.086090,1406.823486,-89.601959,104.085541,1435.637573,-3.776986,74.102669,1456.020142,-127.073288
1284,10.700000,57.376110,1440.638672,-37.190754,158.093811,1406.745972,-89.458366,104.005722,1435.565063,-3.712924,74.126305,1455.937134,-127.001511
1285,10.708000,57.327915,1440.599487,-37.138031,158.116165,1406.684814,-89.316643,103.922165,1435.563721,-3.610402,74.134140,1455.847290,-126.923248
1286,10.717000,57.273701,1440.550171,-37.057003,158.102936,1406.610107,-89.240891,103.882309,1435.547241,-3.512145,74.129021,1455.800293,-126.813683
1287,10.725000,57.261616,1440.454834,-36.982609,158.142090,1406.624023,-89.124908,103.884026,1435.512695,-3.453033,74.164764,1455.578491,-126.877937
1288,10.733000,57.296558,1440.327759,-36.876995,158.218048,1406.689941,-89.080345,103.917397,1435.454590,-3.366174,74.131386,1455.498413,-126.814514
1289,10.742000,57.351524,1440.148315,-36.771431,158.240250,1406.734985,-89.100876,104.011475,1435.355469,-3.297752,74.061913,1455.411743,-126.682671
1290,10.750000,57.411369,1439.991455,-36.646404,158.272171,1406.795410,-89.149323,104.121758,1435.264526,-3.267452,74.003685,1455.375977,-126.550301
1291,10.758000,57.440296,1439.837158,-36.505287,158.330643,1406.856445,-89.159805,104.231094,1435.160767,-3.243579,73.860245,1455.476807,-126.291634
1292,10.767000,57.428749,1439.645020,-36.371880,158.366211,1406.923340,-89.105980,104.256721,1434.980469,-3.244678,73.844589,1455.290527,-126.260101
1293,10.775000,57.431423,1439.502808,-36.261189,158.351486,1406.964966,-89.053596,104.242340,1434.856934,-3.221998,73.752716,1455.212646,-126.250221
1294,10.783000,57.268215,1439.436035,-36.155308,158.316956,1406.949951,-88.975700,104.154251,1434.754517,-3.123064,73.634552,1455.284058,-126.012253
1295,10.792000,57.185608,1439.476807,-35.972931,158.296539,1406.943481,-88.818436,103.991493,1434.705078,-3.008184,73.567558,1455.274536,-125.837997
1296,10.800000,57.053493,1439.483032,-35.894882,158.224075,1406.915649,-88.695145,103.803734,1434.700317,-2.869668,73.497520,1455.222778,-125.786606
1297,10.808000,56.908417,1439.517456,-35.814762,158.155258,1406.900146,-88.597267,103.615746,1434.771240,-2.744617,73.428780,1455.177734,-125.754250
1298,10.817000,56.721615,1439.541748,-35.793777,158.097275,1406.981812,-88.510117,103.435280,1434.917603,-2.675147,73.345810,1455.157349,-125.726700
1299,10.825000,56.586369,1439.611450,-35.735477,158.054443,1407.117798,-88.432060,103.480026,1435.160400,-2.647769,73.236153,1455.153198,-125.719650
1300,10.833000,56.509525,1439.663208,-35.702332,158.002533,1407.295532,-88.415878,103.399452,1435.342529,-2.651562,73.094131,1455.176636,-125.692665
1301,10.842000,56.445061,1439.696899,-35.622955,158.000000,1407.548096,-88.384331,103.395851,1435.479004,-2.665581,72.941399,1455.212524,-125.665382
1302,10.850000,56.405056,1439.672363,-35.529930,158.004120,1407.843018,-88.377235,103.434303,1435.614746,-2.628202,72.765495,1455.227905,-125.645088
1303,10.858000,56.381229,1439.617798,-35.440441,158.047913,1408.159912,-88.376274,103.480293,1435.678467,-2.603238,72.553299,1455.242676,-125.578644
1304,10.867000,56.370079,1439.499634,-35.320312,158.075058,1408.455688,-88.415436,103.539909,1435.700684,-2.588614,72.350372,1455.249146,-125.474693
1305,10.875000,56.359772,1439.345459,-35.215580,158.125961,1408.773315,-88.470772,103.594124,1435.699829,-2.597940,72.165184,1455.232178,-125.392723
1306,10.883000,56.320789,1439.180908,-35.115936,158.138626,1409.046631,-88.544067,103.635017,1435.651123,-2.575003,71.967415,1455.202148,-125.316071
1307,10.892000,56.276848,1439.028809,-35.048054,158.157867,1409.268066,-88.729507,103.610062,1435.594971,-2.545893,71.815521,1455.175171,-125.225220
1308,10.900000,56.200531,1438.916016,-34.947750,158.140182,1409.450562,-88.745659,103.545990,1435.595337,-2.499835,71.686745,1455.145630,-125.146103
1309,10.908000,56.098610,1438.856567,-34.879879,158.093414,1409.640869,-88.624557,103.430977,1435.619263,-2.386930,71.539055,1455.085938,-125.063850
1310,10.917000,55.955734,1438.861572,-34.797638,158.097061,1409.833374,-88.463730,103.261505,1435.774902,-2.282473,71.419395,1455.064819,-125.007408
1311,10.925000,55.813858,1438.900024,-34.698540,158.042328,1410.078979,-88.311707,102.962891,1435.847534,-2.133644,71.264038,1455.026123,-124.939522
1312,10.933000,55.695930,1438.965820,-34.627541,157.953903,1410.314697,-88.236137,102.780144,1436.069946,-1.855895,71.095131,1455.030518,-124.870270
1313,10.942000,55.641537,1439.001465,-34.528664,157.903732,1410.620117,-88.194931,102.697159,1436.294800,-1.676592,70.910103,1455.029785,-124.739555
1314,10.950000,55.591858,1438.953857,-34.426903,157.847366,1410.840942,-88.274521,102.690926,1436.433960,-1.626560,70.713142,1454.975708,-124.611427
1315,10.958000,55.554058,1438.872070,-34.303211,157.809525,1411.100464,-88.377350,102.730034,1436.517212,-1.610282,70.443512,1454.944946,-124.465782
1316,10.967000,55.530590,1438.695435,-34.153931,157.761398,1411.343994,-88.501610,102.793480,1436.537598,-1.591855,70.175987,1454.889771,-124.289200
1317,10.975000,55.451908,1438.433838,-33.875156,157.750931,1411.567627,-88.585266,102.865639,1436.453857,-1.549387,69.903030,1454.807129,-124.141289
1318,10.983000,55.447510,1438.107056,-33.607777,157.759247,1411.710205,-88.664200,102.923470,1436.295410,-1.433252,69.661171,1454.684570,-123.913086
1319,10.992000,55.461395,1437.713379,-33.427361,157.806870,1411.809082,-88.704361,102.969437,1436.076172,-1.273254,69.423737,1454.522339,-123.699631
1320,11.000000,55.471561,1437.351440,-33.258850,157.856323,1411.907227,-88.772049,103.016693,1435.845703,-1.126360,69.192345,1454.379150,-123.470146
1321,11.008000,55.444820,1436.975708,-33.076347,157.856812,1412.040527,-88.834389,103.046310,1435.615723,-1.016823,68.964409,1454.190796,-123.262741
1322,11.017000,55.470577,1436.622070,-32.881420,157.872192,1412.170166,-88.871391,103.103111,1435.397461,-0.952699,68.763458,1453.990356,-123.091034
1323,11.025000,55.438148,1436.307129,-32.697903,157.909836,1412.280273,-88.934235,103.193077,1435.211060,-0.904922,68.593750,1453.765381,-122.919861
1324,11.033000,55.457336,1436.041260,-32.524921,157.989594,1412.417114,-88.881226,103.241234,1435.028564,-0.769616,68.444908,1453.564087,-122.715645
1325,11.042000,55.436699,1435.818359,-32.370766,158.055695,1412.562744,-88.824203,103.261124,1434.969116,-0.583510,68.295601,1453.406372,-122.577240
1326,11.050000,55.437141,1435.640991,-32.218536,158.015366,1412.631104,-88.739143,103.330772,1434.955200,-0.445914,68.180824,1453.217773,-122.448082
1327,11.058000,55.425163,1435.514771,-32.067291,158.032211,1412.706909,-88.671524,103.376717,1435.017090,-0.349913,68.093460,1453.071167,-122.325256
1328,11.067000,55.425167,1435.406982,-31.927765,158.029083,1412.805542,-88.551155,103.409363,1435.070068,-0.295736,67.973602,1452.938843,-122.228447
1329,11.075000,55.368908,1435.344482,-31.793505,158.006287,1412.854248,-88.471878,103.460136,1435.127319,-0.224931,67.754677,1452.750488,-122.334236
1330,11.083000,55.325039,1435.203003,-31.648945,157.944260,1412.942261,-88.384476,103.458641,1435.158691,-0.149723,67.614685,1452.622559,-122.251778
1331,11.092000,55.209038,1435.042480,-31.489883,157.877548,1413.029053,-88.323654,103.386353,1435.059204,-0.020367,67.452446,1452.505737,-122.100502
1332,11.100000,55.130676,1434.791260,-31.341349,157.860840,1413.157104,-88.202904,103.306381,1434.960693,0.130928,67.261055,1452.393188,-121.950211
1333,11.108000,54.982552,1434.528687,-31.207609,157.744934,1413.239136,-88.164635,103.212059,1434.792480,0.294691,67.032021,1452.235229,-121.823486
1334,11.117000,54.691563,1434.335205,-30.884052,157.682816,1413.392212,-88.140045,103.086006,1434.629150,0.493793,66.779991,1452.092041,-121.664452
1335,11.125000,54.506889,1434.118164,-30.609758,157.569443,1413.613281,-88.089439,102.915977,1434.541382,0.645643,66.466972,1451.958374,-121.463531
1336,11.133000,54.299450,1433.923584,-30.417986,157.479080,1413.828979,-88.000229,102.747688,1434.500244,0.749536,66.160538,1451.863892,-121.206123
1337,11.142000,54.085274,1433.774658,-30.300034,157.377411,1414.081787,-87.933983,102.598381,1434.509277,0.796697,65.860329,1451.784790,-121.036240
1338,11.150000,53.853752,1433.655151,-30.114679,157.237900,1414.385620,-87.807312,102.424042,1434.558105,0.860210,65.582733,1451.674805,-120.915092
1339,11.158000,53.656097,1433.569092,-29.958904,157.128708,1414.633545,-87.743050,102.233246,1434.666138,0.920682,65.313507,1451.583252,-120.765900
1340,11.167000,53.456181,1433.530029,-29.860821,156.987732,1414.812866,-87.662537,102.015099,1434.842651,0.978275,65.051620,1451.503906,-120.632805
1341,11.175000,53.246006,1433.517578,-29.762596,156.794205,1414.934814,-87.590019,101.785446,1434.985229,1.127508,64.821663,1451.410034,-120.499626
1342,11.183000,52.994671,1433.423706,-29.695232,156.588654,1415.080688,-87.496185,101.530731,1435.110229,1.268694,64.591621,1451.312500,-120.358154
1343,11.192000,52.734386,1433.317627,-29.637793,156.428741,1415.157227,-87.364799,101.290146,1435.133911,1.376197,64.348801,1451.181641,-120.230019
1344,11.200000,52.461613,1433.189819,-29.568441,156.239838,1415.244873,-87.244843,101.045784,1435.104370,1.466337,64.109398,1451.048340,-120.110542
1345,11.208000,52.245174,1432.991089,-29.466959,156.091415,1415.380127,-87.251900,100.814301,1435.051025,1.531892,63.844593,1450.889526,-120.010666
1346,11.217000,52.111450,1432.699829,-29.353403,155.933655,1415.541870,-87.260162,100.611763,1434.887207,1.636683,63.532875,1450.674683,-119.878471
1347,11.225000,51.946663,1432.366211,-29.214500,155.810913,1415.752930,-87.285400,100.450226,1434.691162,1.742926,63.088448,1450.407715,-119.935898
1348,11.233000,51.790997,1431.896606,-29.062263,155.737808,1415.982910,-87.358711,100.303757,1434.490112,1.917478,62.697964,1450.188354,-119.732773
1349,11.242000,51.550285,1431.428345,-28.821056,155.637360,1416.210449,-87.322525,100.165306,1434.265137,2.067715,62.323490,1449.973267,-119.513954
1350,11.250000,51.391106,1430.992432,-28.569286,155.476990,1416.423950,-87.271935,100.016312,1434.046265,2.264387,61.960049,1449.748657,-119.321884
1351,11.258000,51.164848,1430.612061,-28.418541,155.274216,1416.518677,-87.184959,99.789040,1433.896362,2.429504,61.619560,1449.535400,-119.081451
1352,11.267000,50.832722,1430.366943,-28.271000,155.069336,1416.548096,-87.097649,99.499252,1433.832520,2.577533,61.332161,1449.270386,-118.967751
1353,11.275000,50.473568,1430.192749,-28.144859,154.849045,1416.546021,-86.876785,99.120979,1433.823975,2.715175,61.147984,1449.132202,-118.632912
1354,11.283000,50.085312,1430.051147,-28.080055,154.597595,1416.510986,-86.657913,98.738350,1433.840454,2.859308,60.884224,1448.930054,-118.461319
1355,11.292000,49.658218,1429.989502,-27.993408,154.337570,1416.564331,-86.535904,98.332497,1433.919189,2.995493,60.584019,1448.739746,-118.369156
1356,11.300000,49.244598,1429.896118,-27.951904,154.048065,1416.738281,-86.430740,97.899185,1434.033813,3.078131,60.255917,1448.519653,-118.358429
1357,11.308000,48.847477,1429.828613,-27.941813,153.768509,1416.973877,-86.366028,97.465675,1434.223267,3.076931,59.747280,1448.303833,-118.558662
1358,11.317000,48.533546,1429.703003,-27.906919,153.482025,1417.248779,-86.315674,97.100204,1434.360718,3.079899,59.292442,1448.194824,-118.559853
1359,11.325000,48.252144,1429.555664,-27.888927,153.227341,1417.602295,-86.319054,96.774406,1434.478394,3.090758,58.827122,1448.083130,-118.508690
1360,11.333000,47.981983,1429.367920,-27.856485,152.978058,1418.056641,-86.386765,96.437309,1434.568481,3.085510,58.293247,1448.007080,-118.431992
1361,11.342000,47.720951,1429.122192,-27.760756,152.623749,1418.545288,-86.457458,96.166801,1434.588989,3.077475,57.789173,1447.928955,-118.277832
1362,11.350000,47.461548,1428.839844,-27.703644,152.243515,1418.947876,-86.639908,95.864838,1434.555054,3.042784,57.211800,1447.849609,-118.157173
1363,11.358000,47.136959,1428.556274,-27.591166,151.885773,1419.261353,-86.743576,95.607361,1434.442627,3.049048,56.760071,1447.735962,-118.009811
1364,11.367000,46.833344,1428.260498,-27.502205,151.644104,1419.556152,-86.750000,95.297119,1434.335815,3.104881,56.323288,1447.558105,-117.893883
1365,11.375000,46.458504,1428.007324,-27.374819,151.388977,1419.814087,-86.755585,94.932076,1434.248779,3.236828,55.892242,1447.357178,-117.764442
1366,11.383000,46.036732,1427.729126,-27.261578,151.138214,1420.030396,-86.741486,94.544899,1434.161133,3.385190,55.523304,1447.165161,-117.661316
1367,11.392000,45.638603,1427.512085,-27.189125,150.923737,1420.057495,-86.610985,94.152046,1434.210327,3.475204,55.169956,1446.983398,-117.589615
1368,11.400000,45.253517,1427.299316,-27.106979,150.795807,1420.214600,-86.525986,93.692734,1434.187500,3.561472,54.802078,1446.622925,-117.755348
1369,11.408000,44.889404,1427.083496,-27.082119,150.590088,1420.397705,-86.493500,93.303925,1434.229126,3.617020,54.432846,1446.388184,-117.716026
1370,11.417000,44.588837,1426.827881,-27.023699,150.278687,1420.441406,-86.403442,92.991341,1434.223022,3.650002,54.080551,1446.137207,-117.616257
1371,11.425000,44.361263,1426.556396,-26.920134,150.066711,1420.485107,-86.279823,92.739067,1434.149536,3.707155,53.733292,1445.838379,-117.536194
1372,11.433000,44.209881,1426.238525,-26.816975,149.860672,1420.580566,-86.214928,92.588295,1434.058228,3.785991,53.332088,1445.523560,-117.404228
1373,11.442000,44.118889,1425.805786,-26.706306,149.581482,1420.843018,-86.341545,92.490440,1433.880981,3.840461,52.972012,1445.178345,-117.254242
1374,11.450000,44.008144,1425.295532,-26.656603,149.285995,1421.007446,-86.425255,92.394615,1433.603760,3.845731,52.629227,1444.856689,-117.079399
1375,11.458000,43.865753,1424.759399,-26.525379,149.076401,1421.054077,-86.398788,92.330719,1433.205688,3.958360,52.249538,1444.552246,-116.906006
1376,11.467000,43.690067,1424.155640,-26.436674,148.880508,1421.031250,-86.416489,92.210709,1432.766113,4.023201,51.946129,1444.208862,-116.749924
1377,11.475000,43.524170,1423.637451,-26.312153,148.742310,1420.996338,-86.472839,92.009926,1432.346924,4.086790,51.655022,1443.858032,-116.593002
1378,11.483000,43.347729,1423.162231,-26.186699,148.572006,1420.918579,-86.428116,91.746796,1431.916626,4.229692,51.385143,1443.513062,-116.438553
1379,11.492000,43.111469,1422.776855,-26.140528,148.429184,1420.882690,-86.367973,91.463211,1431.598389,4.306615,51.105579,1443.128784,-116.458092
1380,11.500000,42.807308,1422.473267,-26.095724,148.243988,1420.857666,-86.292709,91.188942,1431.384644,4.393352,50.809875,1442.785522,-116.406151
1381,11.508000,42.533607,1422.215942,-26.094160,147.965240,1420.900513,-86.203201,90.889397,1431.167847,4.460649,50.503410,1442.493530,-116.395782
1382,11.517000,42.286900,1421.913086,-26.039886,147.697800,1420.999023,-86.128868,90.604797,1431.097046,4.495551,50.189529,1442.236450,-116.366241
1383,11.525000,42.082237,1421.647827,-25.966101,147.459213,1421.205200,-86.111397,90.394165,1431.095825,4.527018,49.870506,1441.983032,-116.308090
1384,11.533000,41.894234,1421.386841,-25.869429,147.240005,1421.353149,-86.055763,90.202499,1431.147827,4.491315,49.525768,1441.747192,-116.252022
1385,11.542000,41.770699,1421.086304,-25.798840,147.027557,1421.593140,-86.142052,90.026947,1431.180786,4.495441,49.129051,1441.582764,-116.085052
1386,11.550000,41.691647,1420.741333,-25.720690,146.803772,1421.861938,-86.268456,89.930099,1431.144409,4.475770,48.735340,1441.225708,-116.136269
1387,11.558000,41.566105,1420.366211,-25.631706,146.581253,1422.033569,-86.392487,89.797440,1431.002563,4.460403,48.354832,1440.886353,-116.067360
1388,11.567000,41.443321,1419.956665,-25.549570,146.398849,1422.126953,-86.394135,89.650360,1430.762939,4.563000,48.099735,1440.584106,-115.956131
1389,11.575000,41.231010,1419.576050,-25.511002,146.241760,1422.160278,-86.426369,89.458405,1430.560303,4.643291,47.833202,1440.339722,-115.903694
1390,11.583000,41.006382,1419.195923,-25.479042,146.064316,1422.125732,-86.415512,89.229500,1430.296265,4.695121,47.587025,1440.101318,-115.856918
1391,11.592000,40.794060,1418.877563,-25.470219,145.945953,1422.112671,-86.457207,88.956421,1430.079224,4.719363,47.388763,1439.866089,-115.828651
1392,11.600000,40.568768,1418.616211,-25.490255,145.798737,1422.137207,-86.456047,88.705032,1429.904175,4.741347,47.206486,1439.592407,-115.812050
1393,11.608000,40.412182,1418.384766,-25.475533,145.648529,1422.242432,-86.452629,88.487450,1429.796143,4.734735,47.012196,1439.334961,-115.817848
1394,11.617000,40.305260,1418.144653,-25.481483,145.509949,1422.427612,-86.517082,88.294403,1429.802368,4.706623,46.733025,1439.081543,-115.802689
1395,11.625000,40.233059,1417.924072,-25.448725,145.339096,1422.758545,-86.574814,88.196274,1429.789795,4.714791,46.446335,1438.817139,-115.743591
1396,11.633000,40.224434,1417.683960,-25.392347,145.140915,1423.262939,-86.641968,88.125763,1429.833984,4.731743,46.111103,1438.589233,-115.728737
1397,11.642000,40.241337,1417.401245,-25.346436,144.898468,1423.815063,-86.679474,88.111717,1429.881836,4.712289,45.757229,1438.333984,-115.646675
1398,11.650000,40.261482,1417.085327,-25.259035,144.657394,1424.226929,-86.818954,88.094902,1429.872192,4.674237,45.439026,1438.109131,-115.557846
1399,11.658000,40.243282,1416.705078,-25.164810,144.465958,1424.634155,-86.864151,88.046410,1429.818481,4.671643,45.124866,1437.883057,-115.439735
1400,11.667000,40.147938,1416.298584,-25.091122,144.283463,1424.991821,-86.884636,87.919937,1429.725586,4.701753,44.792229,1437.631592,-115.321388
1401,11.675000,39.985928,1415.954834,-25.067648,144.088028,1425.247314,-86.911713,87.677223,1429.573730,4.718641,44.507599,1437.411865,-115.249931
1402,11.683000,39.747349,1415.656006,-25.073338,143.859924,1425.462646,-86.901230,87.331177,1429.440674,4.806877,44.213543,1437.193970,-115.192223
1403,11.692000,39.491604,1415.375732,-25.079815,143.660156,1425.603638,-86.855705,86.929390,1429.367188,4.983274,43.947277,1436.994263,-115.146149
1404,11.700000,39.183849,1415.184326,-25.077644,143.439194,1425.824219,-86.760284,86.581482,1429.366211,5.094541,43.678265,1436.801636,-115.109169
1405,11.708000,38.889420,1415.022827,-25.055740,143.224197,1426.153076,-86.739044,86.195427,1429.457520,5.201388,43.448708,1436.555420,-115.063889
1406,11.717000,38.690678,1414.903931,-25.037975,143.008865,1426.625610,-86.863579,85.895508,1429.629028,5.218451,43.137554,1436.358521,-115.036842
1407,11.725000,38.555122,1414.799438,-24.970316,142.726685,1427.227051,-86.879768,85.691978,1429.837891,5.283269,42.759846,1436.135132,-114.951538
1408,11.733000,38.548973,1414.616211,-24.845373,142.395798,1427.835571,-86.849564,85.570702,1430.110962,5.304945,42.370579,1435.933105,-114.890823
1409,11.742000,38.586098,1414.418579,-24.716724,142.079971,1428.496948,-86.873566,85.557747,1430.356934,5.238978,41.925694,1435.750854,-114.755013
1410,11.750000,38.626030,1414.135132,-24.605116,141.716721,1429.119141,-86.994019,85.571083,1430.497559,5.215893,41.504333,1435.537109,-114.623520
1411,11.758000,38.693356,1413.790405,-24.473026,141.394882,1429.700317,-87.109787,85.561386,1430.541626,5.216214,41.146191,1435.292969,-114.546288
1412,11.767000,38.666962,1413.469971,-24.360535,141.106125,1430.147705,-87.196037,85.455780,1430.497925,5.172151,40.803593,1435.042725,-114.502808
1413,11.775000,38.564739,1413.199707,-24.363522,140.830688,1430.461060,-87.233917,85.308495,1430.414307,5.174094,40.491158,1434.852417,-114.441010
1414,11.783000,38.337227,1412.974365,-24.371853,140.601562,1430.656494,-87.228691,85.056679,1430.325562,5.175692,40.237240,1434.654419,-114.436890
1415,11.792000,38.014122,1412.812012,-24.297462,140.410507,1430.817993,-87.291664,84.738480,1430.291504,5.229586,39.990822,1434.464722,-114.468048
1416,11.800000,37.778881,1412.657349,-24.297667,140.164871,1431.117065,-87.381378,84.201401,1430.441895,5.334272,39.787949,1434.309937,-114.483253
1417,11.808000,37.538383,1412.496338,-24.345264,139.881622,1431.518311,-87.420502,83.797531,1430.506226,5.464978,39.512043,1434.145020,-114.513794
1418,11.817000,37.350693,1412.333618,-24.347309,139.597061,1432.005615,-87.457733,83.487885,1430.646973,5.436452,39.206623,1433.958252,-114.513107
1419,11.825000,37.218925,1412.177246,-24.341185,139.246796,1432.499512,-87.571075,83.448616,1430.729736,5.059422,38.829979,1433.783936,-114.544884
1420,11.833000,37.099377,1412.022461,-24.285105,138.914398,1432.999756,-87.767830,83.248489,1430.965820,4.931714,38.460987,1433.571533,-114.560661
1421,11.842000,37.024040,1411.841187,-24.208712,138.566101,1433.484863,-87.998695,83.009003,1431.195190,4.886724,38.089020,1433.317871,-114.568092
1422,11.850000,36.949089,1411.581787,-24.181641,138.203247,1433.948853,-88.137772,82.779800,1431.378662,4.884404,37.670692,1433.043701,-114.541641
1423,11.858000,36.855991,1411.290283,-24.118994,137.866592,1434.347656,-88.185883,82.561836,1431.427246,4.851103,37.309410,1432.768066,-114.486107
1424,11.867000,36.743687,1410.923950,-24.077854,137.504456,1434.667603,-88.129845,82.222153,1431.469360,4.982328,36.945827,1432.537842,-114.344421
1425,11.875000,36.623379,1410.536987,-24.061579,137.183014,1434.954346,-88.109253,81.987816,1431.301270,5.089606,36.631763,1432.304443,-114.230270
1426,11.883000,36.475903,1410.143799,-24.037800,136.879288,1435.187988,-88.131462,81.749695,1431.028809,5.141772,36.317699,1432.027954,-114.147133
1427,11.892000,36.354027,1409.707031,-24.012901,136.584000,1435.328613,-88.105141,81.540680,1430.716431,5.225103,36.032364,1431.695557,-114.042336
1428,11.900000,36.237835,1409.250488,-23.992977,136.324600,1435.457886,-88.094238,81.345184,1430.372559,5.341654,35.804176,1431.394287,-113.943825
1429,11.908000,36.083733,1408.821167,-23.932943,136.051346,1435.581543,-88.040680,81.130386,1430.081665,5.404919,35.520210,1431.119751,-113.823570
1430,11.917000,35.980450,1408.432739,-23.832132,135.819382,1435.703735,-87.980576,80.940269,1429.855225,5.460175,35.239887,1430.835205,-113.732185
1431,11.925000,35.927940,1408.070801,-23.750967,135.522202,1435.865112,-87.883011,80.767586,1429.652100,5.520197,35.002457,1430.530762,-113.652412
1432,11.933000,35.846909,1407.713623,-23.670700,135.251236,1435.977173,-87.788361,80.581024,1429.484253,5.558540,34.766224,1430.243530,-113.591904
1433,11.942000,35.762661,1407.442627,-23.662390,134.995987,1436.029053,-87.686005,80.370224,1429.377197,5.583242,34.575066,1429.997559,-113.549751
1434,11.950000,35.631718,1407.211670,-23.618258,134.732925,1436.067627,-87.591583,80.125748,1429.283569,5.573088,34.375908,1429.755737,-113.497574
1435,11.958000,35.521774,1406.931152,-23.595615,134.483902,1436.076050,-87.453827,79.931686,1429.146484,5.612502,34.222809,1429.490479,-113.431847
1436,11.967000,35.402981,1406.617310,-23.620171,134.248581,1436.104126,-87.377632,79.651810,1429.121216,5.660369,34.040997,1429.275513,-113.397057
1437,11.975000,35.269920,1406.293823,-23.603399,134.034439,1436.134033,-87.358704,79.506042,1428.786377,5.753396,33.851387,1429.026489,-113.332588
1438,11.983000,35.087532,1405.971313,-23.608795,133.812851,1436.222778,-87.346565,79.258408,1428.553223,5.839794,33.648296,1428.806030,-113.307518
1439,11.992000,34.914314,1405.634644,-23.620571,133.588928,1436.303345,-87.345985,79.047554,1428.316895,5.952767,33.442738,1428.581177,-113.261513
1440,12.000000,34.741688,1405.332520,-23.605919,133.334961,1436.405151,-87.307976,78.868950,1428.062134,6.023967,33.205345,1428.352661,-113.207726
1441,12.008000,34.637592,1404.995605,-23.593746,133.095993,1436.598877,-87.240402,78.666588,1427.849731,6.051279,32.981678,1428.142578,-113.121452
1442,12.017000,34.525925,1404.650757,-23.575108,132.806854,1436.805542,-87.239571,78.509323,1427.645996,6.113481,32.737900,1427.852417,-113.031227
1443,12.025000,34.500217,1404.347778,-23.567673,132.498123,1437.065430,-87.235046,78.302567,1427.512329,6.147050,32.487370,1427.626343,-112.972778
1444,12.033000,34.427731,1404.086182,-23.576170,132.218155,1437.305908,-87.229675,78.015144,1427.560059,6.208915,32.256245,1427.440796,-112.918877
1445,12.042000,34.298321,1403.876709,-23.596956,131.962143,1437.534424,-87.251846,77.795319,1427.555054,6.176064,32.016354,1427.259155,-112.926537
1446,12.050000,34.118813,1403.710327,-23.599340,131.696457,1437.750122,-87.247261,77.559029,1427.575317,6.128284,31.823366,1427.099243,-112.919952
1447,12.058000,33.832340,1403.561890,-23.582069,131.416214,1437.946167,-87.183998,77.221359,1427.620117,6.099770,31.616508,1426.918945,-112.955818
1448,12.067000,33.548801,1403.347046,-23.501627,131.150238,1438.173584,-87.151016,76.856117,1427.693970,6.026758,31.398840,1426.793579,-113.041214
1449,12.075000,33.244461,1403.276978,-23.518723,130.876953,1438.445801,-87.100075,76.432579,1427.812622,5.967848,31.186165,1426.663696,-113.128578
1450,12.083000,32.947819,1403.233521,-23.587116,130.577988,1438.795532,-87.065109,76.021614,1427.940308,5.975328,30.943232,1426.556519,-113.240128
1451,12.092000,32.706474,1403.186035,-23.633406,130.272720,1439.134766,-87.025742,75.621559,1428.089600,6.015808,30.689436,1426.433472,-113.306129
1452,12.100000,32.488777,1403.077026,-23.674990,129.948410,1439.487427,-86.969528,75.192459,1428.316284,5.967300,30.456438,1426.295166,-113.335335
1453,12.108000,32.305882,1402.982056,-23.741793,129.578827,1439.842285,-86.988480,74.855545,1428.447144,5.923905,30.199814,1426.156006,-113.398651
1454,12.117000,32.142437,1402.846436,-23.769934,129.174698,1440.273804,-87.012047,74.498055,1428.613525,5.947572,29.878021,1425.986572,-113.421211
1455,12.125000,32.028214,1402.626831,-23.689598,128.752289,1440.773071,-87.116745,74.205582,1428.716797,5.981147,29.590036,1425.807861,-113.418289
1456,12.133000,31.937677,1402.409424,-23.685869,128.311707,1441.302734,-87.156570,73.917862,1428.829590,6.047279,29.281656,1425.644287,-113.414459
1457,12.142000,31.856682,1402.183594,-23.729013,127.940971,1441.793579,-87.150116,73.604485,1428.884766,6.047712,29.016245,1425.448120,-113.396370
1458,12.150000,31.701111,1401.965698,-23.822647,127.560944,1442.258057,-87.203209,73.184387,1428.992798,6.050190,28.744993,1425.236084,-113.436188
1459,12.158000,31.486382,1401.789917,-23.885031,127.174156,1442.691650,-87.208809,72.758621,1429.047119,6.095153,28.517424,1425.040039,-113.467422
1460,12.167000,31.206877,1401.657471,-23.945414,126.849350,1443.008179,-87.198624,72.280891,1429.083374,6.163479,28.307846,1424.851685,-113.506844
1461,12.175000,30.890884,1401.562866,-23.987652,126.537415,1443.192261,-87.103035,71.840942,1429.091797,6.162379,28.118341,1424.670288,-113.575539
1462,12.183000,30.626669,1401.400879,-24.045021,126.353279,1443.216431,-86.974724,71.451691,1429.045410,6.132339,28.008198,1424.469116,-113.620033
1463,12.192000,30.390633,1401.224365,-24.085037,126.159386,1443.217651,-86.870323,71.185242,1428.941284,6.126681,27.881870,1424.285400,-113.645676
1464,12.200000,30.260218,1400.927856,-24.075935,125.944824,1443.243164,-86.747643,70.961395,1428.729614,6.138911,27.767540,1424.028687,-113.627609
1465,12.208000,30.221766,1400.563599,-24.097931,125.727104,1443.338745,-86.640030,70.889496,1428.537598,5.982953,27.626513,1423.776245,-113.554077
1466,12.217000,30.181749,1400.098389,-24.113152,125.454948,1443.500122,-86.575409,70.791084,1428.237915,5.996892,27.425777,1423.466797,-113.482727
1467,12.225000,30.185200,1399.645508,-24.083521,125.210121,1443.704712,-86.542412,70.691444,1427.882202,6.121399,27.238262,1423.150757,-113.363571
1468,12.233000,30.192377,1399.230835,-24.020048,124.953125,1443.917847,-86.536263,70.579124,1427.588867,6.215948,27.077885,1422.831665,-113.282005
1469,12.242000,30.119917,1398.829468,-23.967052,124.690834,1444.158447,-86.495621,70.366898,1427.221558,6.487083,26.911621,1422.529663,-113.161476
1470,12.250000,30.052713,1398.435303,-23.867662,124.439667,1444.299561,-86.444458,70.129417,1426.939453,6.654690,26.760775,1422.259399,-113.070137
1471,12.258000,30.076286,1398.039795,-23.775488,124.211372,1444.297729,-86.384880,70.119896,1426.678833,6.778225,26.604715,1421.985840,-113.006264
1472,12.267000,30.240263,1397.514648,-23.675011,123.944031,1444.518188,-86.391434,70.099770,1426.374512,6.801709,26.380903,1421.689331,-112.915047
1473,12.275000,30.342545,1397.067261,-23.699261,123.675278,1444.622070,-86.405556,70.101479,1426.059814,6.819092,26.215595,1421.442261,-112.859375
1474,12.283000,30.353109,1396.645264,-23.751905,123.377304,1444.728882,-86.390335,69.989510,1425.791260,6.808717,26.051075,1421.155273,-112.812782
1475,12.292000,30.347794,1396.314819,-23.862888,123.151657,1444.814209,-86.376427,69.884476,1425.611938,6.804291,25.925018,1420.935791,-112.868263
1476,12.300000,30.315809,1396.101685,-23.959234,122.916252,1444.865479,-86.353928,69.784515,1425.504761,6.761439,25.776415,1420.782837,-112.964317
1477,12.308000,30.254723,1395.931885,-24.108259,122.624069,1445.006592,-86.395515,69.600998,1425.476807,6.659447,25.639149,1420.619873,-113.069534
1478,12.317000,30.184084,1395.737061,-24.256977,122.287315,1445.309937,-86.504707,69.353783,1425.517456,6.500537,25.438822,1420.463013,-113.208527
1479,12.325000,30.089867,1395.600098,-24.399239,121.904213,1445.736084,-86.648224,69.054558,1425.615234,6.407645,25.247047,1420.282349,-113.366447
1480,12.333000,29.994160,1395.475464,-24.536119,121.527534,1446.198975,-86.796951,68.733658,1425.794312,6.268049,25.032900,1420.120361,-113.507935
1481,12.342000,29.905663,1395.316162,-24.686993,121.153412,1446.656982,-86.948982,68.469185,1425.886353,6.170706,24.778807,1420.004517,-113.621605
1482,12.350000,29.849165,1395.033691,-24.897982,120.721794,1447.119263,-86.955322,68.152321,1425.897461,6.088661,24.548380,1419.848633,-113.730431
1483,12.358000,29.723913,1394.802979,-25.029602,120.286354,1447.465698,-86.946526,67.827179,1425.877197,6.031399,24.290833,1419.716553,-113.827103
1484,12.367000,29.554169,1394.581177,-25.121965,119.950836,1447.641479,-86.948387,67.578789,1425.800293,5.982124,24.085016,1419.569336,-113.901482
1485,12.375000,29.361168,1394.381226,-25.185947,119.621590,1447.793945,-86.934448,67.319214,1425.715698,5.919547,23.868143,1419.436768,-113.992195
1486,12.383000,29.161455,1394.170044,-25.217299,119.230392,1447.965454,-86.895912,66.984489,1425.607788,5.898201,23.679388,1419.223755,-114.057220
1487,12.392000,28.988180,1393.906006,-25.239082,118.854889,1448.163696,-86.770912,66.664642,1425.520142,5.882001,23.488634,1419.006592,-114.100204
1488,12.400000,28.763206,1393.679810,-25.123873,118.478355,1448.335693,-86.659027,66.389519,1425.448120,5.860162,23.261448,1418.779785,-114.147423
1489,12.408000,28.723705,1393.396851,-25.136782,118.059921,1448.597656,-86.660973,66.152733,1425.371094,5.806599,23.073017,1418.515869,-114.147728
1490,12.417000,28.775024,1393.094116,-25.131897,117.650024,1448.931763,-86.729836,65.972939,1425.248291,5.780219,22.833727,1418.226807,-114.120087
1491,12.425000,29.033394,1392.538086,-25.269178,117.177368,1449.342651,-86.774124,65.860703,1425.073975,5.769820,22.596487,1417.888306,-114.041183
1492,12.433000,29.177387,1391.989624,-25.333824,116.681465,1449.834229,-86.864403,65.733589,1424.848999,5.822845,22.326117,1417.528809,-113.947609
1493,12.442000,29.256756,1391.502808,-25.296387,116.190636,1450.189453,-86.892059,65.630722,1424.543579,5.832797,22.083864,1417.158936,-113.878372
1494,12.450000,29.303566,1390.980591,-25.202656,115.746864,1450.392578,-86.877876,65.480301,1424.221680,5.871919,21.890358,1416.812988,-113.764969
1495,12.458000,29.311869,1390.425293,-25.169012,115.342911,1450.553345,-86.830170,65.308105,1423.837769,5.930655,21.660467,1416.503296,-113.665825
1496,12.467000,29.230148,1389.913452,-25.173050,115.005371,1450.685181,-86.710190,65.067696,1423.437622,6.038566,21.429340,1416.197754,-113.596581
1497,12.475000,29.090412,1389.472900,-25.235470,114.649063,1450.821533,-86.601067,64.733284,1423.085571,6.129017,21.216799,1415.966431,-113.549858
1498,12.483000,28.772165,1389.097046,-25.122850,114.239372,1451.037598,-86.444496,64.269890,1422.993774,6.045395,21.004271,1415.733765,-113.564217
1499,12.492000,28.588207,1388.814819,-25.126528,113.846153,1451.281128,-86.321007,63.782276,1422.804688,6.152303,20.782825,1415.490967,-113.590988
1500,12.500000,28.420023,1388.596191,-25.175009,113.372520,1451.657959,-86.210243,63.341141,1422.781738,6.289132,20.567017,1415.279907,-113.598022
1501,12.508000,28.298958,1388.370483,-25.221439,112.817413,1452.148438,-86.158844,62.965580,1422.768677,6.459074,20.280338,1415.062134,-113.654274
1502,12.517000,28.275513,1388.099365,-25.195576,112.112343,1452.764648,-86.216370,62.617928,1422.839111,6.515357,19.967192,1414.812378,-113.652657
1503,12.525000,28.364136,1387.813843,-25.302341,111.404121,1453.422607,-86.309471,62.307899,1422.863770,6.487629,19.618259,1414.530151,-113.598892
1504,12.533000,28.451891,1387.519043,-25.328035,110.743599,1453.951172,-86.309578,62.137997,1422.837036,6.451270,19.320683,1414.290283,-113.526360
1505,12.542000,28.508242,1387.266479,-25.344593,110.184082,1454.376343,-86.377174,62.033512,1422.770264,6.370418,19.048904,1414.105103,-113.506737
1506,12.550000,28.457867,1386.997559,-25.235941,109.741119,1454.679443,-86.444656,61.956638,1422.661377,6.317521,18.801323,1413.952759,-113.508308
1507,12.558000,28.451031,1386.783691,-25.288429,109.440704,1454.870850,-86.520706,61.854050,1422.548096,6.265347,18.567223,1413.866943,-113.529739
1508,12.567000,28.419737,1386.599243,-25.391993,109.165253,1455.017334,-86.564857,61.723373,1422.427124,6.206021,18.399195,1413.790894,-113.548119
1509,12.575000,28.394135,1386.426392,-25.491119,108.936073,1455.185791,-86.639244,61.585480,1422.335693,6.156782,18.240482,1413.708984,-113.627533
1510,12.583000,28.329231,1386.312866,-25.589458,108.709824,1455.378174,-86.722130,61.368473,1422.473267,5.865882,18.102362,1413.634888,-113.728287
1511,12.592000,28.259649,1386.223999,-25.682076,108.441818,1455.622803,-86.777893,61.138714,1422.392456,5.868614,17.964729,1413.543457,-113.806374
1512,12.600000,28.387636,1386.110962,-25.987959,108.069923,1455.946045,-86.884087,60.863338,1422.458496,5.871405,17.818102,1413.417725,-113.934303
1513,12.608000,28.432510,1385.998413,-26.145216,107.614876,1456.356201,-86.986603,60.597054,1422.562134,5.782527,17.637590,1413.251953,-114.012520
1514,12.617000,28.467146,1385.872192,-26.197704,107.074692,1456.790405,-87.014015,60.396606,1422.700806,5.696331,17.435318,1413.059204,-114.079689
1515,12.625000,28.661058,1385.660645,-26.337156,106.577682,1457.146362,-87.048157,60.237980,1422.728760,5.565711,17.201021,1412.885132,-114.054512
1516,12.633000,28.708958,1385.414062,-26.302364,106.105438,1457.415771,-87.000473,60.147995,1422.650757,5.550121,16.990301,1412.689453,-114.053452
1517,12.642000,28.807384,1385.147583,-26.326189,105.640213,1457.622437,-86.991203,60.092594,1422.534424,5.504065,16.785456,1412.493530,-114.024750
1518,12.650000,28.916357,1384.869995,-26.356194,105.286316,1457.800293,-86.979774,60.001431,1422.386230,5.511901,16.606087,1412.307617,-114.003456
1519,12.658000,28.970520,1384.655273,-26.415470,104.985336,1457.898438,-86.987984,59.939541,1422.241577,5.464340,16.473471,1412.168457,-114.014824
1520,12.667000,28.995077,1384.512085,-26.490524,104.790512,1457.959839,-86.992073,59.879646,1422.126587,5.415441,16.359051,1412.080933,-114.037216
1521,12.675000,28.949165,1384.373291,-26.573286,104.628868,1458.043579,-87.032959,59.782688,1422.030029,5.353868,16.287170,1411.983765,-114.068466
1522,12.683000,28.882153,1384.236816,-26.678732,104.450989,1458.148804,-87.080147,59.601849,1421.965576,5.325434,16.197092,1411.909912,-114.198868
1523,12.692000,28.802429,1384.168945,-26.747374,104.236130,1458.327515,-87.142067,59.387714,1421.961182,5.278495,16.105331,1411.833862,-114.254547
1524,12.700000,28.759378,1384.069580,-26.847975,103.913101,1458.618042,-87.214218,59.150475,1422.001343,5.215619,15.992081,1411.699585,-114.335472
1525,12.708000,28.796072,1383.923340,-26.928394,103.519699,1458.990845,-87.267593,58.848114,1422.121704,5.123683,15.829163,1411.558472,-114.405678
1526,12.717000,28.900404,1383.786621,-26.953520,102.971924,1459.389038,-87.301598,58.630714,1422.221558,5.062414,15.643865,1411.373779,-114.436089
1527,12.725000,28.987652,1383.680298,-27.007607,102.499413,1459.735718,-87.311951,58.419823,1422.400024,5.037624,15.393438,1411.209839,-114.453537
1528,12.733000,29.462812,1383.436768,-27.394279,102.073250,1459.973511,-87.344299,58.337433,1422.445312,4.984853,15.131799,1411.087036,-114.465790
1529,12.742000,29.585754,1383.365845,-27.515486,101.729538,1460.174194,-87.395653,58.239147,1422.471069,4.910144,14.914707,1410.965942,-114.486496
1530,12.750000,29.623285,1383.280151,-27.589226,101.416977,1460.368286,-87.474007,58.148483,1422.497925,4.843075,14.765267,1410.848511,-114.541901
1531,12.758000,29.578632,1383.215820,-27.685753,101.115082,1460.537231,-87.549217,58.088840,1422.424561,4.773602,14.641525,1410.779663,-114.616119
1532,12.767000,29.513712,1383.181885,-27.784676,100.896889,1460.631104,-87.599274,57.951050,1422.453857,4.693437,14.552404,1410.760864,-114.716606
1533,12.775000,29.409910,1383.159668,-27.889694,100.736229,1460.706421,-87.642448,57.759777,1422.471558,4.614570,14.475234,1410.737183,-114.788216
1534,12.783000,29.277185,1383.145020,-27.974236,100.574600,1460.810059,-87.657883,57.542416,1422.475952,4.585027,14.399904,1410.724976,-114.874641
1535,12.792000,29.141283,1383.119995,-28.060839,100.389313,1460.929688,-87.732452,57.268024,1422.527344,4.559250,14.307902,1410.702271,-114.928726
1536,12.800000,29.077101,1383.041016,-28.118492,100.064125,1461.137817,-87.804253,57.036900,1422.550171,4.554972,13.888648,1410.657104,-114.761803
1537,12.808000,29.103838,1382.881470,-28.150587,99.652283,1461.419556,-87.859695,56.806705,1422.593384,4.510550,13.287539,1410.647095,-114.507973
1538,12.817000,29.172848,1382.719849,-28.164564,99.218163,1461.695801,-87.845009,56.665684,1422.565430,4.494920,12.696219,1410.557983,-114.366783
1539,12.825000,29.279598,1382.166382,-27.977264,98.776649,1462.010742,-87.845337,56.602146,1422.505737,4.509697,12.261921,1410.447754,-114.368416
1540,12.833000,29.350742,1381.921631,-27.970678,98.307167,1462.313110,-87.805901,56.535900,1422.430908,4.538558,11.954430,1410.342163,-114.378319
1541,12.842000,29.436325,1381.716675,-27.983809,97.902031,1462.571045,-87.790627,56.475445,1422.317871,4.536649,11.751236,1410.277710,-114.348755
1542,12.850000,29.411674,1381.601562,-28.021078,97.542885,1462.773560,-87.774666,56.352932,1422.229980,4.529812,11.630871,1410.202393,-114.325775
1543,12.858000,29.395060,1381.473511,-28.037128,97.287018,1462.919556,-87.724915,56.215977,1422.143066,4.533122,11.551824,1410.122192,-114.317833
1544,12.867000,29.355915,1381.375244,-28.078297,97.044579,1463.030518,-87.720497,56.103497,1422.067627,4.512675,11.492164,1410.072754,-114.313469
1545,12.875000,29.354267,1381.252563,-28.103695,96.823334,1463.185669,-87.725960,55.993752,1421.991821,4.520424,11.422201,1409.988037,-114.337700
1546,12.883000,29.392717,1381.099976,-28.148428,96.597481,1463.354980,-87.770668,55.902508,1421.880615,4.496184,11.326006,1409.881958,-114.363106
1547,12.892000,29.419464,1380.900146,-28.185846,96.294716,1463.607056,-87.796555,55.787449,1421.806152,4.495431,11.163292,1409.724854,-114.380219
1548,12.900000,29.412746,1380.617188,-28.228569,95.911606,1463.939331,-87.846474,55.599140,1421.668823,4.526714,10.985395,1409.562256,-114.411934
1549,12.908000,29.445246,1380.366943,-28.262083,95.439087,1464.240479,-87.847916,55.409740,1421.535889,4.552886,10.767844,1409.340088,-114.406273
1550,12.917000,29.449114,1380.149902,-28.272015,95.026352,1464.450073,-87.748627,55.218472,1421.400024,4.604650,10.580662,1409.138184,-114.363884
1551,12.925000,29.460943,1379.941162,-28.259087,94.683670,1464.545410,-87.657120,55.037903,1421.231201,4.665366,10.454771,1408.940918,-114.327736
1552,12.933000,29.392893,1379.737427,-28.249023,94.335022,1464.591064,-87.521187,54.850029,1421.027954,4.717079,10.401735,1408.743652,-114.259033
1553,12.942000,29.315176,1379.563599,-28.266014,94.006088,1464.620850,-87.389870,54.667568,1420.843506,4.762545,10.434511,1408.513550,-114.166817
1554,12.950000,29.227911,1379.387207,-28.291952,93.726318,1464.640503,-87.212273,54.512466,1420.654663,4.776294,10.564389,1408.279053,-114.043839
1555,12.958000,29.172142,1379.232788,-28.299343,93.434586,1464.629761,-87.064209,54.367664,1420.531860,4.807611,10.760352,1408.035400,-113.981750
1556,12.967000,29.044230,1379.052612,-28.180496,93.141647,1464.624512,-86.912415,54.306595,1420.304321,4.841977,10.984943,1407.776611,-114.081093
1557,12.975000,29.178932,1378.834717,-28.262472,92.875252,1464.661377,-86.816246,54.218861,1420.059326,4.870532,11.265193,1407.360352,-114.339645
1558,12.983000,29.267078,1378.588745,-28.214273,92.544472,1464.741943,-86.676476,54.203564,1419.790161,4.946546,11.360653,1407.044434,-114.432220
1559,12.992000,29.391199,1377.916870,-28.031368,92.179985,1464.838257,-86.591133,54.200893,1419.520020,5.020337,11.250048,1406.829712,-114.338280
1560,13.000000,29.519316,1377.544678,-28.000195,91.873055,1464.943237,-86.527359,54.180527,1419.294800,5.085556,11.050417,1406.625000,-114.202934
1561,13.008000,29.680969,1377.248169,-27.936985,91.505318,1465.073608,-86.493759,54.177231,1419.079712,5.145446,10.880526,1406.406616,-114.080261
1562,13.017000,29.765966,1376.965942,-27.821354,91.151970,1465.213013,-86.444412,54.130096,1418.889648,5.196797,10.719399,1406.203735,-114.003189
1563,13.025000,29.912092,1376.706787,-27.846495,90.854736,1465.310181,-86.437523,54.059582,1418.748169,5.220106,10.555152,1406.012207,-113.929092
1564,13.033000,30.006926,1376.541260,-27.865614,90.576538,1465.378540,-86.402885,54.015556,1418.639160,5.251132,10.642769,1405.739380,-114.123650
1565,13.042000,30.034550,1376.396118,-27.890312,90.292046,1465.447021,-86.389557,53.880890,1418.617188,5.261219,10.546920,1405.585571,-114.115280
1566,13.050000,29.973423,1376.307861,-27.940884,90.024857,1465.542358,-86.356758,53.697048,1418.593140,5.211803,10.412594,1405.512329,-114.150177
1567,13.058000,29.805910,1376.289307,-27.987852,89.771965,1465.656982,-86.346489,53.406231,1418.655640,5.173604,10.311345,1405.470459,-114.186676
1568,13.067000,29.590273,1376.321655,-28.040730,89.491127,1465.778809,-86.355362,53.050449,1418.735840,5.187590,10.210082,1405.470581,-114.270676
1569,13.075000,29.317589,1376.396362,-28.124165,89.281342,1465.904053,-86.374207,52.611099,1418.889282,5.209837,10.094318,1405.493408,-114.382919
1570,13.083000,29.065208,1376.506592,-28.174908,89.037872,1466.055542,-86.419098,52.167999,1419.090942,5.186233,9.972508,1405.495605,-114.483009
1571,13.092000,28.975576,1376.559082,-28.222103,88.762634,1466.200684,-86.436852,51.865444,1419.283447,5.150328,9.863161,1405.470215,-114.560051
1572,13.100000,28.983183,1376.559814,-28.247450,88.437111,1466.385864,-86.468887,51.787746,1419.336426,5.103451,9.729234,1405.411377,-114.575432
1573,13.108000,29.112511,1376.502808,-28.218197,88.194427,1466.504395,-86.509300,51.841713,1419.336548,5.092731,9.634186,1405.330444,-114.534851
1574,13.117000,29.374655,1376.393188,-28.211508,87.965469,1466.632935,-86.578735,52.082344,1419.260864,5.051342,9.533022,1405.221436,-114.436333
1575,13.125000,29.789034,1376.176025,-28.149021,87.746124,1466.736084,-86.622200,52.498425,1419.067383,5.011334,9.469613,1405.070557,-114.328186
1576,13.133000,30.234438,1375.954468,-28.123962,87.566246,1466.832642,-86.690735,53.031876,1418.834717,4.987143,9.452697,1404.918701,-114.181320
1577,13.142000,30.591299,1375.778564,-28.078402,87.439690,1466.944336,-86.751839,53.497944,1418.650269,4.989106,9.449793,1404.784790,-114.030151
1578,13.150000,30.892521,1375.636963,-28.083847,87.353523,1467.037842,-86.795441,53.827972,1418.495972,5.002750,9.429632,1404.654785,-113.926804
1579,13.158000,31.108292,1375.490723,-28.059977,87.247940,1467.088379,-86.888931,53.979961,1418.368164,5.013603,9.440888,1404.517334,-113.855522
1580,13.167000,31.197906,1375.355469,-28.064589,87.175896,1467.116333,-86.918282,54.001381,1418.261719,5.029518,9.491154,1404.390869,-113.829582
1581,13.175000,31.235285,1375.269897,-28.058826,87.176804,1467.067871,-86.929070,53.986786,1418.179810,5.074147,9.530905,1404.284546,-113.827400
1582,13.183000,31.262312,1375.173706,-28.089792,87.169212,1467.001709,-86.860420,53.950684,1418.074707,5.071878,9.557632,1404.186523,-113.832962
1583,13.192000,31.283409,1375.071289,-28.084953,87.187912,1466.906372,-86.834068,53.910358,1417.981445,5.110151,9.612316,1404.099243,-113.851746
1584,13.200000,31.284687,1374.990967,-28.108936,87.281136,1466.779541,-86.805862,53.904491,1417.882202,5.134496,9.639591,1404.025879,-113.832878
1585,13.208000,31.281046,1375.095947,-28.140997,87.361801,1466.641113,-86.752899,53.965225,1417.753784,5.152325,9.674578,1403.928101,-113.827896
1586,13.217000,31.413282,1374.831299,-28.107874,87.432816,1466.506470,-86.760971,54.098091,1417.596069,5.126296,9.734931,1403.853760,-113.792732
1587,13.225000,31.544853,1374.665894,-28.103451,87.472939,1466.396362,-86.728493,54.286232,1417.437622,5.123824,9.776480,1403.752075,-113.753235
1588,13.233000,31.780869,1374.477905,-28.078142,87.496346,1466.306274,-86.700066,54.521667,1417.253784,5.150956,9.818654,1403.632812,-113.661720
1589,13.242000,32.057243,1374.294434,-28.058622,87.458260,1466.261230,-86.687096,54.766888,1417.075439,5.189199,9.828470,1403.490845,-113.542854
1590,13.250000,32.313984,1374.120239,-28.020800,87.394844,1466.227051,-86.681808,55.035351,1416.879395,5.209486,9.849524,1403.348022,-113.428780
1591,13.258000,32.493763,1373.960083,-28.030573,87.394150,1466.177368,-86.682732,55.242191,1416.722290,5.197819,9.867101,1403.217529,-113.365929
1592,13.267000,32.695534,1373.962402,-28.120638,87.378189,1466.123291,-86.640533,55.337513,1416.626221,5.252280,9.887119,1403.119995,-113.298401
1593,13.275000,32.754662,1373.542480,-28.016535,87.433502,1466.042847,-86.599464,55.314434,1416.522827,5.231591,9.942114,1403.054321,-113.275658
1594,13.283000,32.611549,1373.878662,-28.093416,87.526634,1465.952148,-86.557091,55.191101,1416.530640,5.279152,10.006436,1403.008545,-113.318367
1595,13.292000,32.457478,1373.952393,-28.100384,87.602501,1465.849243,-86.517563,55.054893,1416.559204,5.322943,10.014553,1403.023804,-113.372284
1596,13.300000,32.202606,1374.021606,-28.061722,87.711617,1465.707520,-86.462929,54.838005,1416.598022,5.351385,10.054546,1403.086426,-113.452347
1597,13.308000,31.908243,1373.916626,-27.944967,87.842537,1465.582642,-86.401169,54.587944,1416.695679,5.361154,10.078732,1403.138306,-113.514534
1598,13.317000,31.752821,1373.971191,-27.938196,87.947113,1465.478149,-86.324188,54.405178,1416.771240,5.394079,10.090503,1403.181152,-113.544708
1599,13.325000,31.734354,1373.968872,-27.917364,87.932480,1465.445923,-86.302483,54.326427,1416.798340,5.376246,10.114072,1403.151123,-113.541588
1600,13.333000,31.862564,1373.906982,-27.899998,87.901634,1465.453613,-86.310356,54.405914,1416.748047,5.397251,10.102295,1403.098633,-113.496941
1601,13.342000,32.012009,1373.859863,-27.856270,87.857849,1465.482300,-86.342064,54.584534,1416.712769,5.429665,10.103467,1403.027222,-113.421921
1602,13.350000,32.259995,1373.933472,-27.965601,87.844353,1465.515381,-86.386528,54.805359,1416.643311,5.454168,10.112477,1402.965576,-113.320816
1603,13.358000,32.424652,1373.895630,-27.926834,87.862556,1465.541626,-86.377586,54.969334,1416.552002,5.467619,10.140340,1402.911499,-113.237801
1604,13.367000,32.496384,1373.847900,-27.883118,87.915413,1465.515259,-86.362083,55.070625,1416.512817,5.526962,10.167548,1402.876465,-113.160355
1605,13.375000,32.442699,1373.840332,-27.819248,88.035881,1465.425781,-86.285240,55.059353,1416.482300,5.578526,10.232431,1402.887573,-113.122719
1606,13.383000,32.270668,1373.883545,-27.750792,88.195824,1465.296631,-86.194786,54.962803,1416.473389,5.676351,10.299600,1402.919556,-113.128265
1607,13.392000,31.922344,1373.971069,-27.693623,88.427979,1465.112427,-86.061790,54.736511,1416.476196,5.745607,10.353708,1403.025024,-113.166313
1608,13.400000,31.409975,1374.061279,-27.548569,88.751045,1464.875488,-85.914589,54.336922,1416.548950,5.803369,10.429011,1403.153076,-113.266708
1609,13.408000,30.927145,1374.264160,-27.516459,89.161331,1464.608887,-85.789436,53.878899,1416.714355,5.875773,10.558919,1403.312866,-113.373062
1610,13.417000,30.541214,1374.471436,-27.476038,89.479065,1464.371704,-85.694588,53.524208,1416.888916,5.968146,10.633307,1403.444580,-113.450470
1611,13.425000,30.316830,1374.612549,-27.441277,89.681648,1464.251587,-85.583496,53.301975,1417.021240,6.056748,10.714616,1403.533447,-113.505295
1612,13.433000,30.254984,1374.690674,-27.352724,89.858131,1464.157471,-85.536713,53.284851,1417.055420,6.143160,10.783960,1403.579956,-113.460655
1613,13.442000,30.346064,1374.713623,-27.280764,90.023178,1464.116089,-85.525703,53.429302,1417.050781,6.179354,10.862089,1403.601196,-113.375153
1614,13.450000,30.507362,1374.707275,-27.203356,90.176903,1464.093384,-85.505699,53.685276,1416.983154,6.230771,10.938910,1403.606079,-113.261604
1615,13.458000,30.670761,1374.690430,-27.078363,90.356110,1464.037231,-85.466782,53.945911,1416.887573,6.265093,11.042441,1403.608398,-113.151917
1616,13.467000,30.802288,1374.687134,-27.013723,90.570702,1463.937378,-85.389458,54.199139,1416.793823,6.364347,11.172271,1403.631592,-113.047173
1617,13.475000,30.885593,1374.715576,-26.936689,90.805687,1463.827759,-85.308846,54.373184,1416.762085,6.451317,11.298463,1403.669434,-112.972404
1618,13.483000,30.882298,1374.772461,-26.875685,91.101173,1463.693115,-85.223915,54.479736,1416.741333,6.508608,11.436522,1403.755737,-112.926323
1619,13.492000,30.751253,1374.906494,-26.796070,91.469604,1463.478638,-85.164703,54.480194,1416.845703,6.485551,11.442398,1403.978882,-112.717896
1620,13.500000,30.497475,1375.065674,-26.757318,91.918152,1463.197998,-85.087883,54.386017,1416.834839,6.584435,11.535638,1404.212402,-112.686066
1621,13.508000,30.342207,1375.239136,-26.809750,92.383026,1462.958252,-85.000443,54.204037,1416.938232,6.682171,11.723681,1404.408203,-112.706360
1622,13.517000,30.036709,1375.392212,-26.688297,92.790985,1462.742920,-84.879158,54.029129,1417.063110,6.771885,11.931767,1404.537109,-112.738022
1623,13.525000,30.089493,1375.488647,-26.692244,93.143898,1462.604492,-84.771416,54.002914,1417.164185,6.876619,12.120399,1404.610474,-112.690239
1624,13.533000,30.259588,1375.503296,-26.598925,93.335808,1462.575073,-84.713974,54.269775,1417.143921,6.911600,12.245718,1404.614136,-112.587608
1625,13.542000,30.601360,1375.429932,-26.501465,93.500717,1462.606934,-84.703674,54.754597,1416.981812,6.988988,12.356787,1404.566895,-112.432755
1626,13.550000,31.060497,1375.309570,-26.356638,93.643600,1462.621094,-84.681229,55.208107,1416.882812,7.044852,12.512943,1404.505249,-112.218285
1627,13.558000,31.430044,1375.185669,-26.228954,93.845772,1462.550415,-84.609917,55.722626,1416.705811,7.168726,12.674649,1404.448608,-112.035332
1628,13.567000,31.657759,1375.121216,-26.107267,94.143532,1462.406494,-84.540154,56.207237,1416.473999,7.333699,12.838269,1404.442261,-111.884903
1629,13.575000,31.808599,1375.068115,-26.003208,94.504250,1462.218018,-84.458473,56.565666,1416.264526,7.512823,12.976977,1404.491943,-111.719864
1630,13.583000,31.836647,1375.049194,-25.868269,94.894135,1461.981689,-84.342918,56.809208,1416.075928,7.650631,13.140512,1404.566895,-111.576500
1631,13.592000,31.778387,1375.071777,-25.762701,95.304947,1461.682739,-84.194130,56.892361,1415.974976,7.816139,13.291184,1404.680542,-111.459557
1632,13.600000,31.697844,1375.128784,-25.658812,95.747864,1461.405762,-84.020020,56.917591,1415.924194,7.968606,13.466911,1404.779175,-111.372002
1633,13.608000,31.617117,1375.239990,-25.543512,96.181190,1461.141235,-83.828018,56.980511,1415.936401,8.152966,13.671874,1404.899658,-111.274078
1634,13.617000,31.596977,1375.324341,-25.451672,96.582634,1460.881104,-83.699295,57.077404,1415.947632,8.264296,13.847911,1405.017944,-111.215897
1635,13.625000,31.662025,1375.375244,-25.336090,96.953705,1460.653931,-83.582336,57.298130,1415.861084,8.341669,14.011950,1405.089355,-111.108536
1636,13.633000,31.858980,1375.375610,-25.198772,97.241997,1460.509644,-83.461441,57.628578,1415.750366,8.457176,14.193108,1405.132202,-110.970367
1637,13.642000,32.147774,1375.317383,-25.037312,97.531288,1460.385132,-83.376717,58.030479,1415.560059,8.561949,14.369142,1405.109497,-110.810188
1638,13.650000,32.491497,1374.834229,-24.752253,97.805542,1460.272461,-83.275314,58.454002,1415.415527,8.700559,14.522513,1405.114624,-110.615242
1639,13.658000,32.832947,1374.725464,-24.614088,98.081299,1460.172119,-83.162918,58.905712,1415.238770,8.874966,14.674790,1405.118408,-110.430611
1640,13.667000,33.097343,1374.682129,-24.474564,98.369492,1460.042969,-83.038818,59.266014,1415.127441,9.047459,14.894330,1405.131958,-110.237030
1641,13.675000,33.290764,1374.931641,-24.487146,98.713531,1459.908203,-82.823364,59.513897,1415.065796,9.221145,15.104486,1405.206055,-110.111046
1642,13.683000,33.276939,1374.776245,-24.204800,99.050850,1459.714966,-82.603226,59.653763,1415.019897,9.389859,15.342520,1405.298828,-109.988983
1643,13.692000,33.174652,1374.834717,-24.072428,99.402473,1459.499023,-82.401894,59.669651,1415.001221,9.555174,15.534154,1405.460815,-109.910019
1644,13.700000,32.989597,1374.973511,-23.945805,99.837044,1459.229614,-82.191216,59.632427,1414.985596,9.693839,15.629800,1405.698608,-109.726143
1645,13.708000,32.788700,1375.102905,-23.844532,100.304138,1458.893921,-81.935280,59.535416,1415.036865,9.799355,15.705112,1405.915405,-109.610298
1646,13.717000,32.594463,1375.239258,-23.728556,100.771881,1458.535156,-81.732094,59.449539,1415.057007,9.987599,15.814367,1406.078735,-109.470909
1647,13.725000,32.519505,1375.306030,-23.599289,101.119316,1458.256470,-81.526505,59.439400,1415.011963,10.176188,15.954307,1406.200684,-109.331459
1648,13.733000,32.537350,1375.343262,-23.455362,101.493713,1458.004395,-81.286377,59.537006,1414.927979,10.329350,16.109592,1406.313843,-109.140442
1649,13.742000,32.674648,1375.345581,-23.277243,101.973763,1457.669800,-81.046005,59.737431,1414.812378,10.562481,16.295383,1406.389282,-108.908455
1650,13.750000,32.867172,1375.320435,-23.118259,102.443718,1457.364380,-80.850777,60.050072,1414.695435,10.688046,16.472191,1406.440552,-108.679138
1651,13.758000,33.134605,1375.222656,-22.949661,102.865768,1457.052856,-80.667763,60.451752,1414.490356,10.816802,16.690773,1406.457886,-108.447693
1652,13.767000,33.451664,1375.072021,-22.770725,103.263168,1456.753784,-80.515099,60.961761,1414.181274,11.009699,16.964409,1406.445923,-108.234009
1653,13.775000,33.755219,1374.910156,-22.616821,103.705231,1456.500122,-80.351112,61.466408,1413.860596,11.161951,17.273165,1406.376465,-108.039886
1654,13.783000,34.035679,1374.732910,-22.460157,104.110306,1456.244995,-80.179283,61.936283,1413.546631,11.315643,17.617897,1406.345581,-107.867546
1655,13.792000,34.223434,1374.658447,-22.308823,104.583458,1455.924072,-80.017128,62.352489,1413.202759,11.536897,17.928600,1406.357300,-107.700508
1656,13.800000,34.364349,1374.595825,-22.148172,105.090889,1455.565308,-79.783813,62.669418,1412.960815,11.754192,18.206390,1406.401611,-107.513466
1657,13.808000,34.402611,1374.635498,-21.987791,105.574455,1455.210205,-79.607559,62.834286,1412.778564,11.969501,18.473330,1406.501709,-107.331352
1658,13.817000,34.375687,1374.694702,-21.819136,106.025665,1454.829834,-79.340202,62.936993,1412.651123,12.152128,18.813314,1406.670044,-107.245697
1659,13.825000,34.287586,1374.827881,-21.669680,106.538094,1454.399292,-79.055428,62.941143,1412.622192,12.334490,19.073477,1406.766968,-107.145988
1660,13.833000,34.206264,1374.971069,-21.508636,107.048103,1453.969116,-78.771561,62.925270,1412.649536,12.512279,19.314056,1406.895020,-107.087517
1661,13.842000,34.180889,1375.105591,-21.337561,107.516991,1453.614136,-78.517838,62.983425,1412.680054,12.692857,19.572989,1407.011230,-106.958603
1662,13.850000,34.187378,1375.204224,-21.168650,107.951294,1453.317871,-78.259796,63.118858,1412.640869,12.894166,19.812286,1407.123535,-106.803017
1663,13.858000,34.229980,1375.285400,-21.030985,108.327148,1453.063721,-78.087151,63.346050,1412.584961,13.080665,20.025988,1407.229858,-106.642097
1664,13.867000,34.327003,1375.322021,-20.876293,108.723701,1452.814575,-77.918785,63.617058,1412.491333,13.213164,20.234440,1407.327637,-106.487648
1665,13.875000,34.416397,1375.368408,-20.744928,109.113136,1452.593750,-77.739906,63.889721,1412.361938,13.309604,20.487749,1407.443237,-106.353287
1666,13.883000,34.511536,1375.439575,-20.613525,109.500778,1452.334595,-77.562424,64.151993,1412.391235,13.290539,20.710846,1407.586060,-106.211266
1667,13.892000,34.594498,1375.472900,-20.480530,109.939865,1452.065186,-77.394630,64.404861,1412.302856,13.357314,20.908482,1407.706909,-106.093147
1668,13.900000,34.654774,1375.533203,-20.362480,110.318657,1451.861328,-77.261581,64.637978,1412.243774,13.484870,21.151226,1407.843384,-105.975327
1669,13.908000,34.740761,1375.590942,-20.226902,110.707138,1451.624878,-77.133041,64.848442,1412.175903,13.643814,21.365885,1407.956909,-105.852196
1670,13.917000,34.812202,1375.692261,-20.102736,111.140915,1451.369263,-77.015480,65.045433,1412.135620,13.769519,21.595957,1408.088501,-105.751373
1671,13.925000,34.839779,1375.800049,-19.973597,111.549171,1451.143555,-76.850426,65.212494,1412.132202,13.868875,21.846601,1408.239624,-105.660538
1672,13.933000,34.856903,1375.914429,-19.855524,112.009315,1450.887451,-76.690514,65.391266,1412.143311,13.951976,22.110840,1408.381958,-105.599182
1673,13.942000,34.808804,1376.078857,-19.759567,112.503098,1450.592163,-76.477264,65.523170,1412.159668,14.045893,22.382019,1408.546509,-105.541451
1674,13.950000,34.693512,1376.270874,-19.655718,112.960411,1450.301270,-76.330475,65.554436,1412.182739,14.167872,22.682411,1408.713867,-105.540611
1675,13.958000,34.515903,1376.501343,-19.569199,113.459175,1449.955566,-76.194855,65.546860,1412.276489,14.286446,22.999250,1408.910645,-105.545914
1676,13.967000,34.386726,1376.766724,-19.485298,113.945465,1449.588989,-76.069221,65.563095,1412.376221,14.413894,23.289347,1409.142212,-105.530899
1677,13.975000,34.313362,1376.984009,-19.407173,114.370338,1449.304077,-75.902077,65.625671,1412.459717,14.552081,23.566051,1409.334961,-105.499176
1678,13.983000,34.372555,1377.146240,-19.315422,114.724586,1449.125244,-75.750778,65.803062,1412.500244,14.679108,23.818243,1409.473389,-105.443237
1679,13.992000,34.564323,1377.196289,-19.181770,115.074242,1448.992065,-75.663940,66.100655,1412.397095,14.892447,24.027683,1409.592163,-105.325943
1680,14.000000,34.786575,1377.209961,-19.068918,115.384842,1448.896729,-75.566635,66.456673,1412.326782,15.005713,24.233501,1409.680786,-105.153389
1681,14.008000,35.351391,1377.052368,-19.314968,115.697601,1448.793335,-75.476166,66.787247,1412.244141,15.072811,24.439125,1409.787109,-105.011955
1682,14.017000,35.285713,1377.257812,-18.887278,116.089622,1448.617188,-75.392891,67.064644,1412.175049,15.150464,24.693865,1409.914673,-104.870468
1683,14.025000,35.333500,1377.424561,-18.707676,116.495331,1448.402954,-75.273346,67.284065,1412.195435,15.225349,24.910906,1410.069214,-104.756844
1684,14.033000,35.349800,1377.589355,-18.641670,116.882164,1448.145264,-75.083565,67.416229,1412.223633,15.342016,25.204039,1410.246826,-104.703674
1685,14.042000,35.051128,1377.975708,-18.521549,117.304886,1447.848633,-74.870193,67.358139,1412.343262,15.461035,25.486422,1410.463013,-104.731445
1686,14.050000,34.623146,1378.324097,-18.349804,117.733635,1447.483887,-74.641182,67.158371,1412.625854,15.449706,25.730682,1410.729858,-104.812157
1687,14.058000,34.229282,1378.756714,-18.318277,118.256828,1447.083618,-74.442223,66.897293,1412.891846,15.507131,26.030176,1411.012451,-104.939781
1688,14.067000,33.910477,1379.175171,-18.294497,118.751022,1446.743042,-74.312294,66.643585,1413.179077,15.614776,26.345709,1411.278564,-105.045242
1689,14.075000,33.776482,1379.481812,-18.260439,119.099480,1446.551025,-74.205528,66.551201,1413.409424,15.708547,26.675137,1411.501099,-105.071724
1690,14.083000,33.778339,1379.696533,-18.232246,119.374847,1446.452637,-74.118607,66.604210,1413.552124,15.751021,26.910620,1411.698730,-105.068008
1691,14.092000,33.898094,1379.852661,-18.187473,119.600204,1446.413818,-74.056709,66.774429,1413.635986,15.807206,27.100361,1411.874390,-105.004463
1692,14.100000,34.127831,1379.944458,-18.136408,119.846535,1446.393433,-74.020638,67.097527,1413.657471,15.852418,27.247242,1412.021484,-104.887955
1693,14.108000,34.426563,1380.017334,-18.054750,120.106842,1446.371094,-74.022636,67.442062,1413.647339,15.931260,27.363976,1412.163574,-104.791428
1694,14.117000,34.704185,1380.082520,-18.026045,120.402718,1446.351074,-74.020454,67.759201,1413.653564,15.987977,27.500183,1412.325439,-104.672951
1695,14.125000,34.860180,1380.234619,-17.996147,120.698608,1446.288452,-74.000366,68.026131,1413.670044,15.988538,27.673307,1412.524170,-104.624107
1696,14.133000,34.897373,1380.406128,-17.959021,121.037544,1446.169189,-73.948730,68.137970,1413.754761,16.044455,27.823908,1412.746948,-104.579369
1697,14.142000,34.874153,1380.638062,-17.936394,121.337563,1446.056885,-73.880089,68.163589,1413.875122,16.124765,28.009638,1412.976318,-104.572395
1698,14.150000,34.658363,1380.999634,-17.966305,121.631111,1445.955078,-73.773338,68.050995,1414.105469,16.183317,28.221521,1413.232056,-104.642166
1699,14.158000,34.405315,1381.452026,-17.986698,121.927765,1445.833130,-73.651108,67.876442,1414.433716,16.276764,28.452606,1413.502441,-104.718849
1700,14.167000,34.115765,1381.952759,-18.016111,122.214462,1445.689453,-73.496834,67.719116,1414.802124,16.298239,28.737434,1413.781738,-104.838799
1701,14.175000,33.897964,1382.441772,-17.975636,122.477081,1445.551392,-73.323120,67.572571,1415.146484,16.304926,28.946028,1414.057129,-104.918152
1702,14.183000,33.749790,1382.835449,-17.950769,122.732582,1445.427734,-73.215752,67.504333,1415.437744,16.327446,29.138952,1414.355957,-104.980125
1703,14.192000,33.734440,1383.160767,-17.940737,122.998062,1445.302979,-73.117195,67.578926,1415.620850,16.326900,29.355862,1414.597534,-104.986259
1704,14.200000,33.791962,1383.420410,-17.877010,123.295364,1445.181152,-73.044113,67.754601,1415.775757,16.379423,29.580181,1414.859741,-104.928177
1705,14.208000,33.946419,1383.614380,-17.838202,123.617401,1445.062622,-73.002487,68.034622,1415.832153,16.435642,29.828693,1415.106323,-104.836258
1706,14.217000,34.248814,1383.698730,-17.810467,123.956482,1444.982300,-72.980042,68.422455,1415.806030,16.526340,30.065798,1415.307251,-104.740776
1707,14.225000,34.578796,1383.730469,-17.753782,124.305077,1444.913208,-73.030205,68.896828,1415.689209,16.558687,30.269493,1415.482788,-104.662476
1708,14.233000,34.966087,1383.744507,-17.690414,124.687126,1444.909302,-73.072693,69.393990,1415.534668,16.547674,30.471581,1415.641602,-104.541779
1709,14.242000,35.304657,1383.759277,-17.680117,125.078293,1444.898560,-73.155670,69.871346,1415.420654,16.535824,30.715511,1415.808105,-104.436394
1710,14.250000,35.539742,1383.919800,-17.649282,125.486862,1444.834473,-73.128624,70.286682,1415.442383,16.553820,30.989052,1416.025024,-104.379021
1711,14.258000,35.757710,1384.140381,-17.590120,125.889153,1444.781250,-73.093613,70.630745,1415.533691,16.552965,31.289507,1416.267334,-104.344780
1712,14.267000,35.827271,1384.396729,-17.533667,126.314743,1444.679443,-73.061737,70.819191,1415.689453,16.570221,31.601225,1416.538818,-104.384811
1713,14.275000,35.850266,1384.744385,-17.546988,126.711128,1444.571045,-72.977661,70.902481,1415.960693,16.635273,31.884682,1416.854858,-104.411156
1714,14.283000,35.851257,1385.115601,-17.509890,127.101257,1444.478149,-72.864693,70.983833,1416.254883,16.646502,32.178192,1417.130981,-104.447906
1715,14.292000,35.823734,1385.535645,-17.510305,127.462540,1444.389404,-72.787048,71.012131,1416.587769,16.668234,32.487865,1417.456299,-104.496071
1716,14.300000,35.792347,1385.981934,-17.558786,127.827583,1444.276855,-72.712524,71.081688,1416.888550,16.647787,32.773754,1417.768677,-104.540352
1717,14.308000,35.835377,1386.365234,-17.589903,128.163315,1444.130615,-72.648788,71.205666,1417.151855,16.643650,33.046902,1418.070312,-104.571274
1718,14.317000,35.920956,1386.759033,-17.510828,128.533646,1444.013306,-72.585808,71.398125,1417.380493,16.705667,33.319935,1418.366089,-104.528320
1719,14.325000,36.071095,1387.061035,-17.486580,128.848618,1443.953003,-72.552643,71.647652,1417.534546,16.750273,33.609741,1418.629883,-104.513489
1720,14.333000,36.274471,1387.316772,-17.408756,129.154968,1443.921265,-72.545448,71.946785,1417.639038,16.806158,33.846565,1418.916626,-104.445923
1721,14.342000,36.500153,1387.539551,-17.314651,129.477921,1443.927246,-72.495422,72.283348,1417.707642,16.885027,34.104504,1419.142456,-104.349571
1722,14.350000,36.705891,1387.705444,-17.239504,129.763107,1443.983276,-72.458786,72.644760,1417.722168,16.966309,34.316040,1419.369507,-104.255264
1723,14.358000,36.893688,1387.857788,-17.157658,130.023392,1444.039185,-72.399483,72.927399,1417.759399,17.041393,34.513477,1419.578613,-104.162949
1724,14.367000,37.063282,1388.018188,-17.066408,130.273026,1444.016479,-72.350601,73.141762,1417.857056,17.111542,34.710384,1419.773315,-104.101852
1725,14.375000,37.117409,1388.279541,-17.019690,130.577530,1443.983154,-72.251846,73.319496,1417.987427,17.187540,34.892654,1419.985840,-104.075462
1726,14.383000,37.132366,1388.541626,-16.960152,130.844727,1443.930786,-72.166840,73.427452,1418.132568,17.257242,35.096355,1420.237793,-104.028358
1727,14.392000,37.125763,1388.835815,-16.931190,131.167770,1443.795898,-72.009399,73.488525,1418.335693,17.296556,35.344166,1420.552002,-103.995506
1728,14.400000,37.048092,1389.185791,-16.885338,131.469543,1443.614502,-71.838539,73.478050,1418.525269,17.388939,35.600445,1420.793579,-104.047249
1729,14.408000,36.895699,1389.629395,-16.840374,131.779037,1443.411011,-71.713959,73.487221,1418.733154,17.482092,35.877514,1421.086914,-104.072487
1730,14.417000,36.836811,1389.994141,-16.846596,132.180878,1443.117310,-71.593422,73.538300,1418.903320,17.521286,36.169132,1421.408203,-104.131569
1731,14.425000,36.790451,1390.376709,-16.887255,132.598129,1442.800049,-71.499428,73.616203,1419.050903,17.575195,36.497177,1421.696045,-104.166901
1732,14.433000,36.833065,1390.673950,-16.880453,133.023895,1442.501831,-71.365044,73.757851,1419.162598,17.633184,36.834190,1421.934937,-104.169914
1733,14.442000,36.923733,1390.902344,-16.846193,133.381744,1442.290894,-71.281029,73.951042,1419.230957,17.693935,37.134563,1422.160767,-104.136124
1734,14.450000,37.082409,1391.077393,-16.828388,133.725433,1442.170044,-71.225945,74.215279,1419.232178,17.824984,37.366741,1422.364746,-104.089905
1735,14.458000,37.306564,1391.241211,-16.767853,134.109634,1442.077148,-71.194817,74.538132,1419.200928,17.894806,37.622234,1422.547974,-104.039070
1736,14.467000,37.551144,1391.333984,-16.681744,134.428421,1442.005737,-71.208855,74.899246,1419.161133,17.914078,37.874619,1422.727783,-103.937744
1737,14.475000,37.897564,1391.355713,-16.576859,134.811737,1441.924683,-71.198212,75.302895,1419.067749,17.884514,38.130253,1422.892456,-103.794510
1738,14.483000,38.184883,1391.381226,-16.475344,135.120331,1441.849976,-71.161827,75.688820,1418.952881,17.884724,38.393394,1423.053711,-103.676559
1739,14.492000,38.426109,1391.456543,-16.419674,135.476807,1441.725220,-71.089828,76.061287,1418.856689,17.913122,38.666267,1423.263062,-103.571304
1740,14.500000,38.630695,1391.581299,-16.393572,135.858627,1441.517700,-70.980354,76.389969,1418.805664,17.913443,38.970867,1423.464966,-103.525314
1741,14.508000,38.701035,1391.805664,-16.343077,136.217468,1441.249268,-70.860100,76.676819,1418.805420,17.975565,39.300701,1423.733398,-103.470352
1742,14.517000,38.706631,1392.093262,-16.330162,136.559937,1440.937744,-70.745613,76.827187,1418.906982,18.052919,39.600323,1423.989380,-103.461151
1743,14.525000,38.552391,1392.390381,-16.347061,136.945297,1440.597412,-70.564110,76.862206,1419.039062,18.151922,39.984585,1424.241577,-103.457962
1744,14.533000,38.392231,1392.817383,-16.333897,137.281311,1440.237427,-70.356812,76.745239,1419.262085,18.240480,40.318726,1424.494263,-103.549896
1745,14.542000,38.173798,1393.305054,-16.358479,137.598404,1439.878418,-70.110390,76.562546,1419.580566,18.354790,40.649761,1424.763184,-103.628799
1746,14.550000,37.990353,1393.786133,-16.362850,137.923050,1439.519775,-69.886787,76.351692,1419.913940,18.454596,40.995235,1425.054688,-103.722145
1747,14.558000,37.884979,1394.221436,-16.361116,138.253571,1439.173706,-69.683441,76.254326,1420.224976,18.566492,41.348183,1425.348999,-103.782204
1748,14.567000,37.886806,1394.563599,-16.377590,138.571793,1438.900024,-69.511246,76.271217,1420.412598,18.656408,41.636753,1425.612061,-103.775009
1749,14.575000,37.981155,1394.808716,-16.372839,138.896042,1438.689331,-69.374611,76.477348,1420.532959,18.688929,41.960480,1425.820679,-103.756248
1750,14.583000,38.169319,1394.954346,-16.318554,139.250717,1438.511475,-69.311493,76.754936,1420.542114,18.699270,42.225807,1425.980347,-103.661461
1751,14.592000,38.445454,1395.037354,-16.258669,139.641815,1438.322510,-69.300491,77.156403,1420.418335,18.746408,42.501389,1426.107788,-103.559998
1752,14.600000,38.734188,1395.046021,-16.218119,140.003296,1438.082886,-69.291710,77.590775,1420.187134,18.777040,42.772945,1426.253296,-103.458557
1753,14.608000,38.987415,1395.020386,-16.210054,140.354324,1437.817505,-69.250130,78.006798,1419.942139,18.826591,43.035366,1426.390137,-103.311462
1754,14.617000,39.184509,1395.041992,-16.181103,140.705704,1437.579956,-69.212517,78.314957,1419.740479,18.932165,43.342518,1426.563477,-103.213898
1755,14.625000,39.252060,1395.192505,-16.212103,141.096191,1437.251587,-69.137573,78.497070,1419.676758,19.024418,43.650017,1426.795166,-103.118080
1756,14.633000,39.186119,1395.493408,-16.219257,141.429398,1436.882568,-69.000206,78.500191,1419.745605,19.103680,44.002472,1427.050537,-103.100327
1757,14.642000,39.003120,1395.969727,-16.258905,141.788940,1436.460693,-68.777184,78.381310,1419.963745,19.160604,44.370880,1427.343750,-103.223381
1758,14.650000,38.688480,1396.597778,-16.264023,142.103729,1436.023560,-68.472115,78.098518,1420.318848,19.226879,44.688377,1427.651123,-103.404358
1759,14.658000,38.398163,1397.316772,-16.255661,142.377274,1435.640625,-68.201546,77.849228,1420.756348,19.254622,44.999031,1428.002197,-103.510666
1760,14.667000,38.170818,1398.006958,-16.268265,142.601440,1435.287476,-67.979454,77.687759,1421.152222,19.244503,45.317528,1428.384155,-103.599434
1761,14.675000,38.052212,1398.504028,-16.252447,142.829742,1434.987549,-67.781631,77.650063,1421.454712,19.246622,45.609085,1428.698975,-103.643135
1762,14.683000,37.987514,1398.921509,-16.233221,143.047791,1434.769409,-67.647057,77.662239,1421.645142,19.257774,45.874348,1428.997803,-103.629616
1763,14.692000,37.982521,1399.208252,-16.247688,143.280624,1434.617188,-67.520920,77.753990,1421.744629,19.312908,46.091618,1429.246216,-103.661888
1764,14.700000,38.060211,1399.428589,-16.263250,143.496613,1434.423340,-67.420761,77.896706,1421.767578,19.380831,46.301510,1429.502686,-103.622406
1765,14.708000,38.192547,1399.579346,-16.233917,143.765228,1434.183960,-67.318794,78.096306,1421.735474,19.454041,46.507141,1429.723999,-103.537964
1766,14.717000,38.417706,1399.638550,-16.193876,144.000290,1434.047729,-67.276047,78.383987,1421.632812,19.553764,46.726929,1429.933105,-103.439270
1767,14.725000,38.664238,1399.661011,-16.180698,144.212006,1433.924683,-67.214119,78.731827,1421.475464,19.664368,46.965553,1430.136108,-103.331093
1768,14.733000,38.875057,1399.656860,-16.159689,144.472702,1433.777832,-67.201263,79.061241,1421.280273,19.734209,47.147949,1430.322876,-103.208389
1769,14.742000,39.101048,1399.697388,-16.134388,144.755798,1433.587158,-67.232704,79.347801,1421.139404,19.847054,47.361412,1430.492310,-103.141785
1770,14.750000,39.268028,1399.820679,-16.137003,145.011536,1433.369507,-67.190964,79.593849,1421.061157,19.887321,47.593052,1430.675415,-103.069145
1771,14.758000,39.373627,1399.992065,-16.153938,145.271042,1433.073853,-67.118591,79.782043,1421.053589,19.930151,47.834938,1430.860474,-103.044395
1772,14.767000,39.423306,1400.274658,-16.177536,145.585587,1432.762695,-67.023781,79.896156,1421.122192,19.949526,48.149612,1431.061646,-103.042213
1773,14.775000,39.464901,1400.597534,-16.189884,145.840927,1432.414917,-66.935387,79.963905,1421.207397,19.964520,48.443298,1431.270630,-103.051033
1774,14.783000,39.468445,1400.952637,-16.204578,146.086594,1432.080078,-66.855171,80.022881,1421.341797,19.997633,48.744419,1431.497314,-103.060257
1775,14.792000,39.545265,1401.267090,-16.193964,146.350189,1431.751953,-66.764488,80.168114,1421.430542,20.037094,49.012772,1431.727051,-103.064346
1776,14.800000,39.661854,1401.482422,-16.151491,146.610886,1431.583740,-66.694969,80.341743,1421.504150,20.074686,49.225967,1431.938721,-103.042847
1777,14.808000,39.873795,1401.622925,-16.132097,146.884048,1431.564087,-66.757217,80.590813,1421.491211,20.052414,49.426647,1432.097534,-103.038528
1778,14.817000,40.129078,1401.691895,-16.112379,147.145523,1431.563721,-66.853111,80.903183,1421.458252,20.072044,49.621880,1432.255249,-103.012711
1779,14.825000,40.387272,1401.755005,-16.050936,147.387512,1431.587646,-66.959839,81.207047,1421.400513,20.106947,49.844959,1432.419067,-102.936531
1780,14.833000,40.565952,1401.852661,-15.982810,147.645233,1431.544800,-67.021530,81.541840,1421.346436,20.143293,50.060364,1432.605347,-102.870094
1781,14.842000,40.752480,1401.994751,-15.932224,147.921021,1431.391968,-67.018936,81.848427,1421.292603,20.116644,50.320217,1432.809326,-102.780228
1782,14.850000,40.882462,1402.228394,-15.896298,148.196747,1431.220459,-67.029175,82.112717,1421.324829,20.059496,50.598118,1433.038574,-102.743614
1783,14.858000,41.020184,1402.475220,-15.883043,148.439850,1431.001953,-67.019722,82.328636,1421.395996,20.059597,50.927425,1433.261353,-102.759178
1784,14.867000,41.120102,1402.819336,-15.890596,148.739273,1430.757568,-66.986732,82.486481,1421.547607,20.024773,51.230766,1433.504883,-102.811798
1785,14.875000,41.132679,1403.263916,-15.968026,148.980438,1430.476440,-66.860245,82.591537,1421.781860,20.004063,51.541271,1433.771118,-102.890244
1786,14.883000,41.156723,1403.739990,-16.039257,149.247147,1430.122437,-66.722542,82.674797,1422.037964,19.961437,51.855957,1434.034546,-103.000107
1787,14.892000,41.176876,1404.187744,-16.113504,149.488647,1429.823486,-66.585892,82.766449,1422.295898,19.911959,52.187180,1434.310913,-103.074417
1788,14.900000,41.225929,1404.541992,-16.149162,149.758926,1429.512573,-66.475838,82.922867,1422.419434,19.886391,52.521698,1434.508301,-103.131920
1789,14.908000,41.345417,1404.765991,-16.173611,150.024460,1429.231201,-66.341133,83.149857,1422.452148,19.863829,52.845669,1434.704834,-103.164772
1790,14.917000,41.572163,1404.861694,-16.152740,150.346786,1429.016846,-66.249657,83.438789,1422.337158,19.882265,53.402321,1434.820801,-102.889473
1791,14.925000,41.893837,1404.817871,-16.074440,150.606018,1428.833374,-66.278702,83.791138,1422.134766,19.930252,53.675636,1434.956909,-102.703148
1792,14.933000,42.261066,1404.734497,-15.991772,150.879578,1428.677612,-66.346878,84.206650,1421.884399,19.984913,53.900280,1435.045898,-102.615433
1793,14.942000,42.631947,1404.622070,-15.917290,151.163864,1428.493530,-66.382439,84.629555,1421.618408,20.054585,54.150578,1435.123657,-102.540215
1794,14.950000,42.888561,1404.572021,-15.923766,151.459976,1428.277100,-66.471825,84.951164,1421.424805,20.137476,54.422497,1435.168701,-102.441544
1795,14.958000,43.067249,1404.651367,-15.913203,151.750702,1427.958130,-66.462555,85.171700,1421.286377,20.217693,54.766415,1435.251587,-102.409515
1796,14.967000,43.121208,1404.888306,-15.966781,152.091522,1427.348022,-66.296219,85.278259,1421.235107,20.239714,55.215717,1435.322876,-102.386414
1797,14.975000,43.062939,1405.276001,-16.013258,152.396240,1426.563843,-65.957054,85.296249,1421.312134,20.297646,55.723064,1435.419434,-102.417763
1798,14.983000,42.928574,1405.785278,-16.114326,152.600311,1425.726685,-65.662117,85.160805,1421.468140,20.337049,56.276901,1435.583252,-102.519966
1799,14.992000,42.679367,1406.428711,-16.237122,152.856079,1424.844238,-65.339851,84.979080,1421.714233,20.374266,56.770142,1435.653931,-102.896759
1800,15.000000,42.408546,1407.164551,-16.262899,153.090332,1423.953979,-64.720001,84.756569,1421.977783,20.389622,57.335281,1435.832153,-103.012848
1801,15.008000,42.191921,1407.812988,-16.255684,153.289017,1423.158813,-64.144958,84.574791,1422.290283,20.435089,57.844028,1435.966431,-103.125641
1802,15.017000,42.104534,1408.341309,-16.204479,153.510376,1422.528809,-63.806488,84.458099,1422.530396,20.482119,58.396946,1436.077759,-103.111519
1803,15.025000,42.167107,1408.686035,-16.203489,153.776932,1421.921387,-63.564526,84.500313,1422.611328,20.584898,58.807396,1436.145142,-103.120125
1804,15.033000,42.317017,1408.862671,-16.164881,154.053345,1421.396851,-63.483372,84.684143,1422.569092,20.686314,59.178925,1436.208862,-103.053314
1805,15.042000,42.543041,1408.861084,-16.118813,154.321609,1420.910522,-63.396507,84.980377,1422.333374,20.784084,59.493935,1436.249756,-102.939880
1806,15.050000,42.948746,1408.661499,-16.116070,154.619827,1420.472778,-63.309566,85.243111,1421.999756,21.014261,59.803093,1436.254028,-102.811661
1807,15.058000,43.260887,1408.491211,-16.061218,154.908081,1420.046143,-63.328548,85.758171,1421.519287,21.147142,60.112099,1436.275635,-102.646599
1808,15.067000,43.570633,1408.255615,-15.974358,155.229507,1419.577637,-63.322014,86.175247,1421.005737,21.289551,60.389393,1436.282959,-102.459488
1809,15.075000,43.864216,1408.051636,-15.873141,155.513565,1419.076294,-63.242062,86.357185,1420.521362,21.578432,60.686340,1436.293457,-102.261681
1810,15.083000,44.083828,1407.930176,-15.801672,155.786819,1418.532471,-63.181110,86.540398,1420.157593,21.894403,61.029888,1436.334717,-102.087669
1811,15.092000,44.285580,1407.879150,-15.765647,156.015625,1418.061157,-63.130161,86.724701,1419.868896,22.072483,61.357136,1436.374634,-101.986313
1812,15.100000,44.400257,1407.970459,-15.760768,156.251266,1417.572876,-63.047642,86.892494,1419.721802,22.123217,61.723999,1436.402588,-101.940170
1813,15.108000,44.514999,1408.197632,-15.739333,156.445068,1417.056274,-62.824100,87.056091,1419.684570,22.123976,62.179886,1436.466919,-101.952362
1814,15.117000,44.598564,1408.565186,-15.795266,156.643234,1416.537964,-62.623463,87.160164,1419.748901,22.101250,62.610283,1436.556641,-102.000969
1815,15.125000,44.682640,1408.934326,-15.817259,156.816788,1416.087402,-62.414585,87.234489,1419.893799,22.169542,63.029453,1436.655273,-101.992813
1816,15.133000,44.735443,1409.272217,-15.823321,156.954315,1415.628784,-62.276535,87.278702,1420.020142,22.226727,63.404800,1436.810791,-101.994148
1817,15.142000,44.808651,1409.596313,-15.839469,157.077713,1415.264160,-62.132778,87.345901,1420.120239,22.266703,63.732555,1436.980957,-101.993164
1818,15.150000,44.904793,1409.846313,-15.870329,157.242844,1414.951050,-62.003628,87.489319,1420.200684,22.322901,64.036026,1437.125366,-102.006958
1819,15.158000,45.022083,1410.098633,-15.861159,157.368805,1414.650879,-61.933762,87.656685,1420.202026,22.320257,64.290703,1437.321655,-101.996216
1820,15.167000,45.151215,1410.315674,-15.842637,157.514328,1414.407349,-61.876026,87.835365,1420.270264,22.239790,64.547882,1437.526367,-101.989044
1821,15.175000,45.282516,1410.535767,-15.833810,157.675720,1414.246704,-61.863785,88.027489,1420.293823,22.201563,64.761681,1437.741943,-101.980698
1822,15.183000,45.424824,1410.761108,-15.818309,157.833511,1414.192627,-61.889606,88.194382,1420.346680,22.184694,64.967636,1437.970703,-101.952782
1823,15.192000,45.557461,1411.033569,-15.794776,158.002396,1414.170288,-61.880573,88.329956,1420.482422,22.172640,65.170013,1438.193481,-101.941360
1824,15.200000,45.695763,1411.333252,-15.778087,158.199295,1414.233276,-61.875767,88.449570,1420.698608,22.183805,65.339424,1438.445679,-101.952034
1825,15.208000,45.770374,1411.690308,-15.739775,158.323914,1414.305420,-61.906158,88.547699,1420.955078,22.185673,65.533844,1438.616943,-101.989258
1826,15.217000,45.861588,1412.090698,-15.703766,158.488892,1414.380005,-61.885376,88.592018,1421.243774,22.164759,65.723625,1438.824707,-102.035172
1827,15.225000,45.967640,1412.444946,-15.688904,158.647888,1414.421143,-61.881096,88.661362,1421.523926,22.182474,65.932083,1439.005493,-102.097183
1828,15.233000,46.033707,1412.846313,-15.705241,158.786377,1414.350464,-61.831703,88.755638,1421.821167,22.177849,66.165565,1439.183472,-102.154739
1829,15.242000,46.100830,1413.279541,-15.712009,158.903107,1414.276978,-61.772301,88.958641,1422.247559,22.129492,66.419815,1439.376831,-102.264542
1830,15.250000,46.151669,1413.714844,-15.765179,159.022919,1414.123169,-61.676552,89.105026,1422.534302,22.054562,66.729042,1439.554932,-102.321754
1831,15.258000,46.223740,1414.104248,-15.848570,159.122269,1413.896606,-61.651264,89.197609,1422.770752,22.036655,67.048210,1439.728149,-102.379692
1832,15.267000,46.290524,1414.428101,-15.911613,159.214050,1413.738892,-61.574379,89.276398,1422.965088,22.019400,67.298042,1439.903320,-102.428574
1833,15.275000,46.403339,1414.693848,-15.941296,159.339691,1413.571533,-61.548450,89.530525,1423.301636,22.017164,67.552742,1440.039185,-102.475861
1834,15.283000,46.514210,1414.922852,-16.047647,159.469589,1413.437134,-61.529419,89.719009,1423.465454,21.959141,67.782349,1440.196045,-102.489098
1835,15.292000,46.703091,1415.095947,-16.065334,159.617050,1413.356445,-61.584797,89.904106,1423.544922,21.906311,67.979279,1440.333740,-102.502983
1836,15.300000,46.835861,1415.329956,-16.128677,159.803024,1413.365601,-61.665073,90.113510,1423.657349,21.872616,68.157310,1440.453613,-102.519409
1837,15.308000,47.058922,1415.456787,-16.112162,159.945847,1413.374268,-61.757523,90.297516,1423.729980,21.866302,68.320442,1440.538086,-102.507584
1838,15.317000,47.307087,1415.585815,-16.158258,160.131226,1413.399658,-61.778408,90.514885,1423.839233,21.864357,68.486465,1440.652344,-102.513939
1839,15.325000,47.488602,1415.757324,-16.142221,160.261154,1413.336792,-61.842583,90.715958,1423.918213,21.848610,68.644760,1440.788940,-102.530418
1840,15.333000,47.662548,1415.922974,-16.137228,160.362640,1413.190796,-61.857975,90.879135,1423.960327,21.832579,68.832222,1440.853760,-102.553070
1841,15.342000,47.840996,1416.110840,-16.211037,160.501129,1412.923828,-61.813675,91.048607,1424.028442,21.815514,69.063728,1440.950195,-102.582397
1842,15.350000,47.961155,1416.388916,-16.248354,160.599991,1412.562866,-61.638508,91.187737,1424.139160,21.801487,69.319862,1441.063599,-102.610756
1843,15.358000,48.068474,1416.699219,-16.302172,160.708145,1412.151367,-61.553726,91.303101,1424.238525,21.809647,69.609093,1441.195190,-102.627075
1844,15.367000,48.188324,1416.960449,-16.367672,160.793762,1411.787720,-61.376400,91.385612,1424.384644,21.846228,69.901688,1441.325073,-102.650398
1845,15.375000,48.388443,1417.222046,-16.524300,160.838318,1411.496460,-61.222439,91.469345,1424.552246,21.908863,70.193245,1441.438843,-102.678261
1846,15.383000,48.463615,1417.531982,-16.524832,160.920914,1411.297852,-61.102180,91.571678,1424.705444,21.941412,70.476013,1441.549316,-102.686188
1847,15.392000,48.537296,1417.814087,-16.505674,160.980072,1411.117920,-61.024059,91.699577,1424.811035,22.003283,70.718338,1441.641968,-102.680489
1848,15.400000,48.624035,1418.032104,-16.452736,161.094635,1411.003052,-60.934200,91.782661,1424.891602,22.041475,70.937149,1441.705078,-102.676865
1849,15.408000,48.759262,1418.190186,-16.408258,161.186829,1410.899658,-60.938465,91.891579,1424.917480,22.067163,71.129990,1441.785278,-102.689819
1850,15.417000,48.872387,1418.289917,-16.333261,161.307510,1410.785889,-60.888142,91.960503,1424.701050,22.080112,71.325394,1441.852417,-102.651756
1851,15.425000,49.064007,1418.365234,-16.246630,161.442978,1410.670288,-60.908134,92.176033,1424.638306,22.114559,71.526314,1441.919067,-102.626144
1852,15.433000,49.307899,1418.379639,-16.207699,161.578857,1410.502563,-60.925117,92.499405,1424.400269,22.180899,71.716476,1441.986206,-102.560242
1853,15.442000,49.494919,1418.396973,-16.181831,161.740005,1410.255615,-60.944275,92.706886,1424.284302,22.262821,71.953781,1442.038574,-102.530884
1854,15.450000,49.670559,1418.503052,-16.138847,161.881836,1409.950928,-60.945251,92.866119,1424.145386,22.300510,72.191162,1442.062378,-102.524689
1855,15.458000,49.802757,1418.573975,-16.171856,162.048172,1409.624878,-60.841797,92.990334,1424.068604,22.316399,72.453796,1442.088745,-102.498352
1856,15.467000,50.020447,1418.535889,-16.356853,162.176498,1409.205566,-60.845592,93.041245,1423.989746,22.317375,72.683929,1442.100098,-102.524391
1857,15.475000,50.122078,1418.655762,-16.477600,162.260101,1408.768433,-60.765026,93.100830,1423.994507,22.358904,72.998840,1442.102661,-102.545555
1858,15.483000,50.175987,1418.897583,-16.513468,162.360443,1408.347900,-60.641178,93.135742,1424.078979,22.371740,73.300415,1442.079590,-102.652161
1859,15.492000,50.219913,1419.101685,-16.546909,162.432343,1407.940430,-60.541904,93.159271,1424.182739,22.423668,73.593018,1442.079834,-102.639572
1860,15.500000,50.304588,1419.305420,-16.525517,162.445389,1407.580933,-60.460506,93.243683,1424.290161,22.501593,73.868416,1442.064697,-102.673302
1861,15.508000,50.393238,1419.479370,-16.509727,162.511627,1407.262695,-60.355133,93.372818,1424.306396,22.533138,74.204483,1442.015625,-102.650238
1862,15.517000,50.520527,1419.570679,-16.430546,162.620804,1406.914551,-60.224350,93.494934,1424.276367,22.610926,74.457306,1441.975708,-102.609184
1863,15.525000,50.654221,1419.596069,-16.371054,162.747406,1406.586914,-60.175747,93.686920,1424.145386,22.690695,74.670593,1441.947632,-102.537392
1864,15.533000,50.758072,1419.548096,-16.304251,162.860794,1406.259888,-60.119282,93.838600,1423.958618,22.739214,74.862984,1441.893799,-102.451149
1865,15.542000,50.901356,1419.419800,-16.255774,162.954880,1405.965576,-60.082558,93.999458,1423.684937,22.831728,75.029594,1441.826050,-102.367043
1866,15.550000,51.039101,1419.254517,-16.155235,163.050690,1405.699341,-60.127434,94.004112,1423.203613,22.745321,75.186005,1441.775513,-102.279663
1867,15.558000,51.296337,1419.070557,-16.075518,163.184158,1405.406982,-60.122929,94.017380,1422.792358,22.650665,75.369926,1441.694946,-102.173912
1868,15.567000,51.448067,1418.911621,-16.048588,163.306656,1405.070068,-60.156967,94.085457,1422.480591,22.599857,75.479256,1441.648560,-102.096947
1869,15.575000,51.574959,1418.802368,-16.023426,163.505493,1404.756714,-60.113365,94.696060,1422.518677,22.780712,75.668839,1441.580322,-102.025169
1870,15.583000,51.689800,1418.727661,-16.033792,163.625961,1404.308472,-60.135921,94.968872,1422.263794,22.836662,75.895454,1441.492188,-102.016464
1871,15.592000,51.754478,1418.713867,-16.096560,163.729172,1403.900269,-60.126781,95.038727,1422.073730,22.686255,76.110100,1441.433228,-102.038933
1872,15.600000,51.832222,1418.739380,-16.123358,163.807526,1403.443970,-60.107349,94.763092,1421.826294,22.638229,76.351181,1441.384033,-102.056534
1873,15.608000,51.872498,1418.824829,-16.192940,163.762238,1402.903442,-60.119568,94.516609,1421.665771,22.615133,76.551788,1441.378174,-102.054901
1874,15.617000,51.923656,1418.937134,-16.225819,163.767822,1402.453491,-60.032860,94.427063,1421.578491,22.579548,76.803116,1441.302612,-102.081001
1875,15.625000,52.014763,1419.029297,-16.332800,163.726761,1401.992554,-60.007534,94.461357,1421.501099,22.563776,77.037941,1441.251099,-102.152946
1876,15.633000,52.043533,1419.129150,-16.408016,163.660385,1401.519531,-60.060852,94.548279,1421.434448,22.552483,77.213287,1441.234253,-102.231155
1877,15.642000,52.018684,1419.299072,-16.340298,163.700180,1401.208618,-59.970467,95.159203,1420.983521,22.415274,77.442574,1441.195557,-102.278946
1878,15.650000,52.091625,1419.389771,-16.373676,163.703903,1400.919434,-59.861416,95.313927,1420.854004,22.277639,77.619026,1441.151855,-102.305984
1879,15.658000,52.152508,1419.425903,-16.394909,163.698120,1400.598755,-59.776249,95.375153,1420.742065,22.272488,77.790741,1441.123169,-102.305313
1880,15.667000,52.226204,1419.362549,-16.388813,163.743286,1400.317139,-59.662178,95.409622,1420.551147,22.275061,77.962288,1441.063843,-102.276848
1881,15.675000,52.269680,1419.318359,-16.399443,163.891571,1400.137207,-59.501072,95.439690,1420.331787,22.276215,78.099922,1441.005493,-102.298935
1882,15.683000,52.320118,1419.290161,-16.410648,163.942642,1399.803223,-59.400566,95.438896,1420.107788,22.283810,78.259193,1440.924072,-102.284256
1883,15.692000,52.371677,1419.282227,-16.434502,163.902740,1399.356934,-59.474194,95.427559,1419.918091,22.296230,78.394432,1440.882568,-102.282135
1884,15.700000,52.426727,1419.297485,-16.445826,163.886108,1398.955444,-59.472668,95.476624,1419.744141,22.311783,78.553314,1440.811890,-102.307266
1885,15.708000,52.455585,1419.350098,-16.473869,163.911560,1398.567139,-59.507713,95.478889,1419.619141,22.298624,78.760468,1440.717773,-102.336716
1886,15.717000,52.497063,1419.407104,-16.513800,163.875580,1398.185791,-59.541344,95.486343,1419.536865,22.284342,78.918999,1440.665527,-102.350571
1887,15.725000,52.552288,1419.505859,-16.589357,163.948502,1397.942871,-59.477673,95.469719,1419.373901,22.173454,79.054848,1440.614746,-102.406792
1888,15.733000,52.591034,1419.659790,-16.670341,163.946289,1397.676147,-59.532227,95.440094,1419.335815,22.095589,79.202675,1440.607788,-102.486610
1889,15.742000,52.623180,1419.811646,-16.738619,163.923080,1397.457397,-59.552589,95.362473,1419.373657,22.022448,79.334824,1440.580566,-102.528435
1890,15.750000,52.687569,1419.941406,-16.795395,163.869675,1397.203979,-59.603622,95.446342,1419.415405,21.990108,79.471008,1440.562256,-102.623894
1891,15.758000,52.671463,1420.069946,-16.879490,163.780472,1396.911743,-59.644264,95.457710,1419.455688,21.918947,79.577644,1440.606567,-102.683693
1892,15.767000,52.616497,1420.165527,-16.999022,163.669937,1396.637329,-59.678200,95.429497,1419.469482,21.815708,79.649330,1440.686523,-102.707008
1893,15.775000,52.576359,1420.299072,-17.088158,163.585907,1396.392700,-59.688671,95.368462,1419.451416,21.709536,79.734871,1440.747803,-102.766747
1894,15.783000,52.636028,1420.264771,-17.352346,163.465637,1396.087769,-59.673580,95.327133,1419.398682,21.653580,79.837196,1440.787231,-102.871002
1895,15.792000,52.599346,1420.421997,-17.453302,163.402771,1395.831055,-59.634148,95.275742,1419.339600,21.559278,79.942123,1440.866821,-102.920166
1896,15.800000,52.568222,1420.586304,-17.546541,163.314865,1395.582397,-59.548046,95.186142,1419.324829,21.469120,80.018311,1440.954468,-102.960739
1897,15.808000,52.470898,1420.901245,-17.482481,163.240936,1395.387451,-59.484978,95.103851,1419.315430,21.372437,80.095352,1441.042114,-103.038841
1898,15.817000,52.405128,1421.118530,-17.577742,163.169342,1395.284546,-59.480339,95.034874,1419.346558,21.255939,80.147766,1441.153687,-103.196777
1899,15.825000,52.391472,1421.279907,-17.731710,163.055984,1395.222534,-59.513840,94.968964,1419.435913,21.140623,80.194420,1441.275635,-103.271088
1900,15.833000,52.356506,1421.508667,-17.840195,162.981384,1395.173340,-59.593620,94.960083,1419.536743,21.008848,80.253181,1441.406494,-103.385971
1901,15.842000,52.351948,1421.726562,-17.946213,162.905411,1395.136597,-59.628304,95.029022,1419.755371,21.010084,80.307739,1441.543335,-103.497368
1902,15.850000,52.351555,1421.959717,-18.043747,162.843140,1395.047363,-59.660397,95.029297,1419.901978,20.872253,80.380928,1441.687622,-103.602577
1903,15.858000,52.337730,1422.256348,-18.217245,162.753815,1394.974121,-59.719795,94.889595,1420.007446,20.650919,80.474510,1441.845703,-103.740326
1904,15.867000,52.355106,1422.526367,-18.378801,162.652023,1394.821167,-59.773212,94.856697,1420.098999,20.531492,80.576622,1442.023804,-103.886536
1905,15.875000,52.296989,1422.775879,-18.510096,162.547134,1394.600098,-59.805706,95.050583,1420.302124,20.381260,80.737656,1442.152588,-104.039917
1906,15.883000,52.345280,1423.053955,-18.657734,162.470886,1394.327515,-59.864529,94.888123,1420.588867,20.374325,80.918381,1442.269897,-104.171936
1907,15.892000,52.407780,1423.309082,-18.828772,162.430481,1393.980591,-59.916386,94.907875,1420.612061,20.339659,81.133408,1442.358887,-104.331032
1908,15.900000,52.486187,1423.555786,-19.017899,162.411301,1393.674194,-59.980000,94.915405,1420.596680,20.219707,81.385689,1442.437500,-104.504425
1909,15.908000,52.513123,1423.662354,-19.257711,162.394531,1393.310181,-60.047344,94.939430,1420.561523,20.081884,81.631035,1442.474609,-104.634903
1910,15.917000,52.561211,1423.888794,-19.382980,162.363052,1392.960693,-60.094406,94.969154,1420.557983,19.964609,81.870987,1442.523071,-104.769341
1911,15.925000,52.636395,1424.114990,-19.479578,162.355270,1392.670044,-60.094734,95.012276,1420.575806,19.855667,82.131874,1442.579590,-104.876694
1912,15.933000,52.776600,1424.332642,-19.589876,162.370575,1392.413696,-60.086933,95.248405,1420.493164,19.611416,82.396790,1442.636475,-104.991211
1913,15.942000,52.931984,1424.585938,-19.643631,162.363724,1392.151733,-60.123672,95.495361,1420.558228,19.493244,82.686745,1442.692505,-105.106003
1914,15.950000,53.159630,1424.789551,-19.726246,162.257370,1391.733765,-60.004032,95.681900,1420.552856,19.361578,82.990021,1442.743408,-105.209587
1915,15.958000,53.407085,1425.062744,-19.787777,162.174835,1391.360229,-59.954659,95.910004,1420.469849,19.229834,83.344299,1442.780518,-105.354950
1916,15.967000,53.667900,1425.181519,-19.934729,162.164597,1390.924316,-60.038071,96.140648,1420.326294,19.090769,83.676315,1442.839478,-105.457642
1917,15.975000,53.923519,1425.234741,-20.087379,162.185028,1390.475952,-60.229382,96.308769,1420.087769,18.992008,84.095261,1442.814331,-105.576775
1918,15.983000,54.175930,1425.279541,-20.238520,162.237137,1390.096191,-60.398800,96.522629,1419.867188,18.912743,84.395233,1442.856689,-105.632622
1919,15.992000,54.382900,1425.307861,-20.391640,162.262527,1389.734253,-60.549225,96.726410,1419.661255,18.807133,84.647034,1442.882568,-105.700157
1920,16.000000,54.609253,1425.354370,-20.470104,162.345581,1389.482788,-60.681049,96.997177,1419.519531,18.664619,84.936668,1442.922852,-105.792984
1921,16.008000,54.822014,1425.441895,-20.582716,162.403992,1389.225708,-60.810215,97.232269,1419.429565,18.554432,85.174690,1442.961426,-105.869034
1922,16.017000,55.087730,1425.570801,-20.688557,162.482742,1388.962524,-60.909672,97.439369,1419.387817,18.451807,85.465500,1443.013916,-105.976875
1923,16.025000,55.324680,1425.751709,-20.816172,162.603851,1388.749634,-61.038628,97.658737,1419.381592,18.349962,85.764328,1443.082031,-106.110878
1924,16.033000,55.536114,1425.962524,-20.945850,162.709900,1388.478760,-61.137844,97.878807,1419.402710,18.238722,86.115318,1443.138428,-106.244423
1925,16.042000,55.773033,1426.263062,-21.063511,162.731323,1388.140503,-61.213348,98.049194,1419.413696,18.092964,86.481476,1443.183716,-106.374420
1926,16.050000,56.017174,1426.523193,-21.199896,162.677979,1387.698120,-61.229950,98.222130,1419.410767,17.962996,86.845757,1443.235352,-106.490524
1927,16.058000,56.204700,1426.813477,-21.325666,162.452957,1387.219604,-61.095566,98.348709,1419.338623,17.858803,87.239746,1443.257690,-106.581459
1928,16.067000,56.388790,1427.053589,-21.432810,162.352493,1386.664429,-61.128025,98.438065,1419.260620,17.778381,87.629951,1443.292358,-106.670776
1929,16.075000,56.546700,1427.243408,-21.520658,162.278259,1386.084961,-61.170258,98.634857,1419.182007,17.855288,87.982155,1443.298584,-106.768341
1930,16.083000,56.693356,1427.413330,-21.585354,162.245224,1385.689087,-61.219284,98.726128,1419.113037,17.884155,88.285339,1443.313843,-106.832314
1931,16.092000,56.934566,1427.502563,-21.620199,162.233932,1385.310669,-61.270699,98.869331,1419.024170,17.865271,88.588402,1443.300903,-106.868820
1932,16.100000,57.215134,1427.613037,-21.661741,162.242691,1384.938232,-61.374969,99.068588,1418.880737,17.787901,88.886818,1443.303223,-106.972527
1933,16.108000,57.506149,1427.672974,-21.685162,162.302780,1384.578125,-61.497673,99.279648,1418.723145,17.694969,89.167885,1443.305664,-106.955193
1934,16.117000,57.768589,1427.664917,-21.666298,162.411942,1384.246582,-61.667736,99.502312,1418.539062,17.631554,89.437729,1443.322876,-106.942177
1935,16.125000,58.079582,1427.680420,-21.654814,162.540878,1384.024902,-61.832050,99.755791,1418.375366,17.613121,89.687508,1443.351807,-106.935051
1936,16.133000,58.355888,1427.671021,-21.637398,162.687439,1383.842163,-61.969143,100.039230,1418.249023,17.594418,89.947701,1443.371460,-106.949783
1937,16.142000,58.675793,1427.720093,-21.644989,162.779495,1383.638672,-62.096550,100.312347,1418.116821,17.535233,90.206741,1443.412109,-106.956329
1938,16.150000,58.941444,1427.799072,-21.685186,162.900314,1383.458740,-62.158489,100.502235,1418.071777,17.480244,90.460083,1443.444946,-106.995049
1939,16.158000,59.177086,1428.014160,-21.743944,162.942078,1383.270752,-62.133377,100.544693,1418.096680,17.255972,90.769196,1443.474976,-107.020760
1940,16.167000,59.351242,1428.398804,-21.825478,162.838165,1382.927979,-62.014893,100.773750,1418.313354,17.327835,91.139473,1443.491333,-107.148407
1941,16.175000,59.489075,1428.905151,-21.917688,162.630646,1382.388184,-61.831486,100.802895,1418.528320,17.390409,91.521965,1443.492920,-107.238022
1942,16.183000,59.666664,1429.452515,-22.051876,162.377747,1381.787476,-61.584824,100.778107,1418.774170,17.410212,91.926956,1443.503418,-107.305527
1943,16.192000,59.788147,1429.990601,-22.199905,162.088760,1381.274414,-61.367729,100.752274,1419.043213,17.394121,92.309433,1443.493408,-107.369766
1944,16.200000,59.993763,1430.524414,-22.297672,161.802536,1380.797852,-61.100819,100.800438,1419.271362,17.385324,92.690384,1443.498169,-107.413116
1945,16.208000,60.159710,1430.979248,-22.366034,161.637955,1380.374878,-60.944798,100.857414,1419.467163,17.350933,93.043488,1443.477417,-107.485992
1946,16.217000,60.310928,1431.277466,-22.356628,161.551620,1379.969116,-60.835896,100.944542,1419.506348,17.328955,93.368462,1443.445923,-107.543381
1947,16.225000,60.532482,1431.388672,-22.333809,161.571976,1379.664673,-60.831776,101.135857,1419.405762,17.337189,93.661377,1443.433228,-107.549347
1948,16.233000,60.766075,1431.353394,-22.255829,161.605087,1379.368042,-60.913288,101.382950,1419.187134,17.337954,93.884933,1443.426147,-107.508102
1949,16.242000,61.058563,1431.166260,-22.138262,161.747314,1379.060181,-61.046558,101.686577,1418.799683,17.342695,94.103943,1443.398682,-107.381981
1950,16.250000,61.381420,1430.846436,-22.034391,161.876190,1378.769287,-61.287621,102.036087,1418.348022,17.342184,94.282265,1443.371216,-107.246674
1951,16.258000,61.609604,1430.526978,-21.904118,162.018494,1378.386841,-61.497925,102.281197,1417.841064,17.404791,94.455475,1443.316284,-107.139572
1952,16.267000,61.836613,1430.242188,-21.812996,162.135361,1378.086670,-61.647640,102.447495,1417.375122,17.514219,94.660400,1443.226074,-107.020958
1953,16.275000,62.022800,1430.046265,-21.759521,162.156998,1377.684326,-61.676952,102.533905,1416.975464,17.677069,94.867218,1443.139160,-106.931602
1954,16.283000,62.145668,1430.019897,-21.680864,162.119934,1377.270020,-61.622181,102.598412,1416.686279,17.878115,95.124588,1443.038818,-106.853218
1955,16.292000,62.275478,1430.187866,-21.605387,161.994400,1376.887939,-61.479580,102.639351,1416.617432,18.020092,95.414154,1442.960083,-106.786209
1956,16.300000,62.391243,1430.462036,-21.613964,161.735367,1376.441162,-61.201347,102.601250,1416.701050,18.071724,95.718185,1442.846069,-106.780846
1957,16.308000,62.539101,1430.822998,-21.680584,161.511185,1376.051147,-60.882278,102.563103,1416.908081,18.060097,96.013077,1442.758667,-106.782066
1958,16.317000,62.705360,1431.214233,-21.693609,161.222931,1375.515503,-60.567997,102.550232,1417.127563,18.007010,96.350395,1442.661255,-106.794434
1959,16.325000,62.938736,1431.604370,-21.673901,160.914795,1374.937622,-60.334286,102.612335,1417.259399,17.959103,96.693047,1442.555298,-106.796646
1960,16.333000,63.187263,1431.885010,-21.621138,160.641769,1374.404419,-60.182892,102.701736,1417.290283,17.949190,96.979462,1442.488403,-106.753922
1961,16.342000,63.336918,1432.027222,-21.542402,160.476059,1373.968262,-60.064228,102.749237,1417.171631,17.989622,97.162109,1442.430908,-106.677902
1962,16.350000,63.397469,1432.006226,-21.473475,160.405090,1373.767090,-60.030128,102.745544,1416.970337,18.097141,97.255203,1442.437134,-106.556297
1963,16.358000,63.438667,1431.888062,-21.351191,160.366379,1373.646240,-60.026226,102.798233,1416.668701,18.285389,97.301506,1442.459106,-106.381622
1964,16.367000,63.525917,1431.732788,-21.212969,160.385757,1373.537354,-60.027325,102.856422,1416.333496,18.503307,97.356583,1442.452148,-106.226173
1965,16.375000,63.578979,1431.580078,-21.089754,160.342148,1373.366089,-60.052280,102.971214,1416.017456,18.690407,97.423798,1442.467896,-106.100456
1966,16.383000,63.709213,1431.464111,-20.960217,160.237061,1373.105835,-60.086578,103.050156,1415.722290,18.815077,97.518982,1442.454956,-105.964546
1967,16.392000,63.804546,1431.451782,-20.907963,160.162476,1372.838867,-60.096222,103.065002,1415.494629,18.868256,97.619690,1442.451782,-105.889946
1968,16.400000,63.896084,1431.536011,-20.868336,159.952072,1372.428223,-60.054710,103.037277,1415.348877,18.838055,97.818832,1442.394531,-105.827766
1969,16.408000,64.014977,1431.746826,-20.878183,159.703903,1371.993286,-59.927139,102.997726,1415.307861,18.772455,98.078209,1442.334473,-105.812653
1970,16.417000,64.090378,1432.027344,-20.907576,159.449478,1371.596436,-59.747402,102.919220,1415.420776,18.756378,98.324852,1442.251587,-105.812317
1971,16.425000,64.157730,1432.342407,-20.951366,159.233444,1371.213379,-59.553604,102.828537,1415.624390,18.843988,98.651680,1442.168823,-105.837067
1972,16.433000,64.337456,1432.700562,-21.021265,158.967010,1370.798340,-59.370964,102.792175,1415.875122,18.946033,98.923309,1442.107910,-105.878792
1973,16.442000,64.474319,1433.058350,-21.073135,158.747467,1370.440796,-59.196289,102.758278,1416.095581,19.042591,99.161240,1442.053223,-105.891281
1974,16.450000,64.616371,1433.354004,-21.076977,158.624893,1370.196655,-59.044434,102.766167,1416.263062,19.090563,99.362862,1442.010864,-105.891350
1975,16.458000,64.760719,1433.524902,-21.036585,158.534607,1369.979980,-58.966042,102.838127,1416.336914,19.072910,99.525795,1442.005981,-105.873505
1976,16.467000,64.925407,1433.616333,-20.965780,158.498871,1369.813477,-58.931271,102.959396,1416.251221,19.025106,99.668961,1442.002075,-105.819130
1977,16.475000,65.142151,1433.625122,-20.899080,158.437454,1369.625244,-58.953243,103.116226,1416.103027,19.040680,99.851753,1441.981079,-105.776009
1978,16.483000,65.329887,1433.564697,-20.830946,158.330353,1369.340210,-58.986904,103.273628,1415.852295,19.048229,99.987823,1441.941040,-105.669846
1979,16.492000,65.507469,1433.544800,-20.750078,158.206009,1369.088501,-59.030018,103.347481,1415.598511,19.057072,100.186943,1441.874512,-105.639008
1980,16.500000,65.573494,1433.541504,-20.722830,157.991455,1368.737915,-58.990494,103.308846,1415.370361,19.082314,100.375572,1441.816650,-105.558411
1981,16.508000,65.630722,1433.598633,-20.726629,157.663193,1368.282471,-58.898834,103.158203,1415.246948,18.971054,100.612877,1441.670044,-105.502205
1982,16.517000,65.660011,1433.745117,-20.782507,157.242203,1367.744263,-58.723145,103.002548,1415.131348,18.901365,100.896011,1441.527222,-105.458153
1983,16.525000,65.737289,1434.006592,-20.891853,156.745941,1367.097168,-58.484634,102.843208,1415.083374,18.891943,101.173355,1441.363159,-105.426331
1984,16.533000,65.838821,1434.336182,-20.969292,156.333832,1366.527100,-58.230003,102.676575,1415.153442,18.916248,101.443718,1441.205322,-105.419342
1985,16.542000,65.944466,1434.643311,-21.003904,156.004135,1366.015015,-57.966591,102.599052,1415.301147,18.975855,101.674889,1441.078491,-105.432762
1986,16.550000,66.039589,1434.787109,-21.159054,155.727783,1365.638916,-57.811092,102.596695,1415.413574,19.095718,101.845222,1441.041870,-105.389771
1987,16.558000,66.231415,1434.937012,-21.121237,155.591782,1365.415527,-57.721855,102.631241,1415.549316,19.304327,102.033470,1441.008301,-105.332306
1988,16.567000,66.423698,1434.951538,-21.014780,155.574097,1365.250000,-57.698528,102.748024,1415.529053,19.462461,102.169334,1440.964233,-105.283691
1989,16.575000,66.630928,1434.856689,-20.878572,155.650085,1365.128174,-57.792725,102.915977,1415.345093,19.519575,102.224075,1440.941895,-105.225899
1990,16.583000,66.776169,1434.596313,-20.746578,155.782318,1365.003296,-57.970367,103.079964,1415.012817,19.482073,102.247505,1440.932861,-105.128304
1991,16.592000,67.009613,1434.399902,-20.507025,155.911606,1364.892456,-58.128834,103.300522,1414.481201,19.301954,102.323601,1440.825928,-105.060982
1992,16.600000,67.077789,1434.172485,-20.416510,155.936752,1364.778198,-58.221687,103.313614,1414.100586,19.271986,102.372559,1440.776123,-104.971588
1993,16.608000,67.140633,1434.062744,-20.388411,155.753296,1364.491699,-58.239243,103.253838,1413.787231,19.382856,102.488434,1440.701050,-104.871826
1994,16.617000,67.128311,1434.036133,-20.599951,155.470184,1364.000122,-58.152832,103.128586,1413.597046,19.448357,102.675224,1440.627319,-104.767433
1995,16.625000,67.157692,1434.269409,-20.693815,155.027069,1363.411377,-57.954250,102.906776,1413.553467,19.486931,102.951782,1440.445557,-104.763916
1996,16.633000,67.227448,1434.641602,-20.799101,154.465530,1362.719238,-57.621292,102.687241,1413.675171,19.482433,103.318352,1440.198242,-104.825607
1997,16.642000,67.346207,1435.011230,-20.886427,153.802063,1362.050903,-57.282856,102.540390,1413.895508,19.506109,103.666473,1439.963257,-104.901329
1998,16.650000,67.479195,1435.377075,-20.907129,153.277283,1361.521729,-56.980190,102.500923,1414.057007,19.551378,103.952728,1439.755737,-104.923897
1999,16.658000,67.652321,1435.640015,-20.884539,152.887054,1361.148926,-56.778423,102.504341,1414.151611,19.622477,104.163780,1439.577515,-104.949211
2000,16.667000,67.796860,1435.711060,-20.829098,152.665146,1360.833984,-56.659069,102.554482,1414.106567,19.685587,104.305603,1439.459961,-104.893204
2001,16.675000,67.912849,1435.594604,-20.737431,152.543671,1360.596924,-56.606590,102.584702,1413.870972,19.784098,104.396957,1439.363281,-104.819031
2002,16.683000,67.936447,1435.313599,-20.612696,152.462173,1360.440430,-56.686749,102.612686,1413.500122,19.878506,104.401047,1439.311768,-104.697151
2003,16.692000,67.991707,1434.900513,-20.476423,152.485550,1360.263794,-56.815323,102.664345,1412.926270,19.957737,104.377441,1439.273193,-104.543350
2004,16.700000,67.989967,1434.509766,-20.352980,152.511200,1360.111328,-57.011494,102.739494,1412.340088,19.979595,104.372749,1439.260620,-104.340881
2005,16.708000,67.993835,1434.183350,-20.261089,152.470886,1359.843506,-57.205967,102.702782,1411.762207,19.940470,104.395943,1439.216919,-104.217148
2006,16.717000,67.986717,1433.991943,-20.224764,152.323105,1359.524536,-57.346889,102.608711,1411.393799,19.932997,104.445168,1439.149780,-104.181808
2007,16.725000,68.004204,1433.952637,-20.265287,152.094971,1359.204712,-57.422161,102.513748,1411.179199,19.911646,104.603455,1439.044434,-104.174019
2008,16.733000,68.087654,1434.081421,-20.353512,151.752930,1358.757812,-57.383308,102.401443,1411.152100,19.926973,104.829803,1438.945068,-104.188881
2009,16.742000,68.180412,1434.352661,-20.434727,151.328857,1358.300659,-57.231377,102.299904,1411.277710,19.928833,105.062111,1438.822388,-104.266418
2010,16.750000,68.283264,1434.700562,-20.537779,150.926010,1357.875000,-57.038013,102.194229,1411.478271,19.916937,105.298401,1438.666260,-104.313774
2011,16.758000,68.434746,1435.068848,-20.612497,150.640289,1357.614746,-56.843910,102.181091,1411.719727,19.910730,105.478737,1438.602051,-104.365471
2012,16.767000,68.551773,1435.376221,-20.654037,150.363586,1357.459595,-56.702812,102.196526,1411.948730,19.909536,105.620659,1438.542969,-104.380386
2013,16.775000,68.693489,1435.563965,-20.655804,150.145340,1357.352905,-56.625782,102.251251,1412.073730,19.917429,105.759857,1438.506836,-104.405991
2014,16.783000,68.839989,1435.604858,-20.638842,150.026535,1357.287231,-56.633232,102.349770,1412.031250,19.922823,105.782494,1438.534546,-104.393379
2015,16.792000,68.870628,1435.524780,-20.517786,150.058365,1357.294434,-56.721806,102.404411,1411.886475,19.966011,105.760735,1438.638550,-104.312508
2016,16.800000,68.840782,1435.289062,-20.382265,150.278503,1357.441895,-56.872231,102.449409,1411.616455,19.991323,105.672096,1438.760498,-104.207596
2017,16.808000,68.839340,1434.972412,-20.221373,150.502701,1357.559570,-57.054836,102.523094,1411.282593,20.016428,105.527504,1438.909302,-104.052322
2018,16.817000,68.831963,1434.673828,-20.094479,150.648376,1357.619385,-57.242867,102.571869,1410.940186,20.057446,105.426743,1439.032471,-103.904831
2019,16.825000,68.812698,1434.489014,-20.031096,150.691620,1357.639160,-57.352444,102.569992,1410.659546,20.096405,105.404259,1439.122925,-103.805984
2020,16.833000,68.818909,1434.501953,-20.006542,150.626999,1357.531250,-57.389435,102.522507,1410.532104,20.142443,105.476334,1439.113892,-103.724579
2021,16.842000,68.864273,1434.683960,-20.042160,150.428619,1357.389038,-57.323803,102.432495,1410.608521,20.163256,105.600677,1439.092163,-103.748619
2022,16.850000,68.963516,1434.983398,-20.110981,150.092102,1357.215454,-57.140873,102.385445,1410.835083,20.185848,105.788162,1439.012207,-103.799942
2023,16.858000,69.070488,1435.420776,-20.179335,149.791443,1357.065430,-56.852360,102.343636,1411.149658,20.167589,105.996735,1438.945923,-103.868996
2024,16.867000,69.190277,1435.888672,-20.302057,149.504440,1356.982788,-56.658524,102.267357,1411.578125,20.158127,106.202698,1438.927124,-103.924782
2025,16.875000,69.328247,1436.295166,-20.369797,149.362061,1356.985962,-56.481819,102.282631,1411.951782,20.161095,106.360016,1438.912598,-103.979729
2026,16.883000,69.426735,1436.640137,-20.411726,149.322357,1357.014771,-56.375912,102.352104,1412.283203,20.174742,106.465652,1438.991455,-104.051765
2027,16.892000,69.539955,1436.880371,-20.423840,149.317841,1357.061279,-56.330788,102.452118,1412.546631,20.184370,106.544029,1439.071289,-104.064507
2028,16.900000,69.640892,1436.996216,-20.404705,149.305267,1357.142822,-56.327579,102.543015,1412.664673,20.243551,106.641014,1439.185181,-104.066437
2029,16.908000,69.750725,1437.007935,-20.391418,149.303665,1357.196899,-56.376938,102.648918,1412.655273,20.277710,106.655952,1439.302124,-104.038315
2030,16.917000,69.835289,1437.034668,-20.351667,149.294556,1357.164795,-56.437763,102.704674,1412.556519,20.271547,106.692268,1439.372559,-104.033745
2031,16.925000,69.918427,1437.056641,-20.318851,149.201294,1357.156494,-56.502495,102.720703,1412.501099,20.247126,106.775291,1439.430420,-104.028641
2032,16.933000,69.918541,1437.312988,-20.176735,148.975174,1357.021118,-56.492573,102.710518,1412.461792,20.235592,106.891426,1439.431519,-104.004379
2033,16.942000,70.023277,1437.501709,-20.226133,148.650497,1356.766479,-56.453331,102.637474,1412.383667,20.213234,107.063583,1439.389404,-104.039467
2034,16.950000,70.138855,1437.723022,-20.305204,148.211365,1356.432861,-56.401909,102.511261,1412.427856,20.193298,107.235107,1439.302856,-104.035393
2035,16.958000,70.217995,1437.970215,-20.351753,147.902527,1356.311768,-56.281635,102.380516,1412.264526,20.254961,107.400124,1439.217651,-104.024483
2036,16.967000,70.175819,1438.381836,-20.610245,147.529877,1356.159302,-56.140968,102.267929,1412.214111,20.401379,107.565216,1439.138672,-104.022537
2037,16.975000,70.171021,1438.667847,-20.651926,147.148605,1355.849609,-56.174210,102.244125,1412.261230,20.510006,107.687744,1439.099243,-104.032173
2038,16.983000,70.266022,1438.794678,-20.638264,147.017075,1355.677734,-56.186783,102.330231,1412.293335,20.473877,107.833244,1439.043335,-104.021301
2039,16.992000,70.442154,1438.790161,-20.602758,146.987961,1355.541382,-56.204422,102.456627,1412.268799,20.451994,107.965187,1439.015381,-103.962173
2040,17.000000,70.660820,1438.739380,-20.544458,147.008881,1355.410278,-56.239864,102.579475,1412.151978,20.428711,108.099983,1438.960938,-103.935341
2041,17.008000,70.867691,1438.692505,-20.505068,146.954605,1355.239380,-56.265594,102.694046,1411.984985,20.409542,108.242653,1438.901123,-103.923470
2042,17.017000,71.061394,1438.701050,-20.549541,146.802429,1354.967529,-56.247589,102.755989,1411.838379,20.394291,108.463531,1438.786987,-103.828720
2043,17.025000,71.265823,1438.836182,-20.577686,146.518784,1354.555298,-56.221821,102.791267,1411.767700,20.415781,108.787247,1438.582764,-103.813789
2044,17.033000,71.531822,1439.032471,-20.651823,146.141357,1354.112305,-56.172756,102.835587,1411.740601,20.384893,109.055168,1438.340820,-103.932182
2045,17.042000,71.804886,1439.230957,-20.685162,145.588547,1353.481812,-56.147205,102.878403,1411.800171,20.379686,109.371475,1438.077148,-103.982651
2046,17.050000,72.347122,1439.186646,-20.488895,145.156464,1353.058228,-56.089504,102.932037,1411.829834,20.325922,109.640556,1437.866089,-104.024399
2047,17.058000,72.645416,1439.271851,-20.463533,144.843430,1352.747803,-55.989388,102.956169,1411.794312,20.320034,109.867363,1437.688599,-104.043159
2048,17.067000,72.857231,1439.306030,-20.487324,144.633713,1352.466064,-55.932438,102.997566,1411.691162,20.332754,110.120407,1437.513916,-104.072128
2049,17.075000,73.072136,1439.308716,-20.488029,144.570084,1352.249390,-55.915882,103.060791,1411.566162,20.337397,110.333443,1437.344971,-104.052986
2050,17.083000,73.316261,1439.282593,-20.486485,144.447723,1351.961792,-55.904076,103.178116,1411.416748,20.317566,110.594086,1437.151611,-104.019073
2051,17.092000,73.613434,1439.299805,-20.517994,144.142410,1351.096436,-55.977417,103.295746,1411.306396,20.263968,110.843262,1436.986084,-104.012459
2052,17.100000,73.896805,1439.336426,-20.553530,144.031128,1350.525635,-56.134262,103.425217,1411.223511,20.266615,111.136169,1436.795044,-104.000763
2053,17.108000,74.182610,1439.410156,-20.612614,143.886368,1350.044189,-56.259399,103.478584,1410.948364,20.205009,111.444824,1436.587402,-104.031639
2054,17.117000,74.308769,1439.527222,-20.882038,143.602646,1349.523438,-56.271145,103.577698,1410.727783,20.226295,111.781624,1436.354248,-104.057167
2055,17.125000,74.609383,1439.641235,-20.965469,143.281326,1349.019531,-56.218208,103.682343,1410.657715,20.246691,112.129852,1436.106323,-104.150269
2056,17.133000,74.988174,1439.719482,-21.046434,142.920822,1348.574341,-56.147511,103.868706,1410.589966,20.190598,112.416512,1435.859619,-104.283302
2057,17.142000,75.369438,1439.681030,-21.128675,142.599319,1348.180298,-56.052616,104.022186,1410.546875,20.154827,112.684700,1435.603638,-104.362732
2058,17.150000,75.694794,1439.663452,-21.214455,142.277878,1347.808594,-55.992455,104.170197,1410.500000,20.129881,112.998192,1435.304932,-104.446678
2059,17.158000,75.983498,1439.616943,-21.299753,142.086304,1347.436279,-55.912724,104.314484,1410.389526,20.101984,113.310204,1435.005249,-104.484818
2060,17.167000,76.320618,1439.599243,-21.356358,141.892914,1347.028687,-55.940186,104.482582,1410.256714,20.031712,113.623482,1434.711548,-104.489090
2061,17.175000,76.692116,1439.590942,-21.436375,141.627640,1346.527832,-55.966438,104.598160,1410.150146,19.974806,113.917725,1434.425659,-104.492317
2062,17.183000,77.025673,1439.574463,-21.489037,141.355148,1346.070801,-55.999847,104.732758,1410.022217,19.950434,114.223724,1434.140381,-104.522354
2063,17.192000,77.361427,1439.554443,-21.569693,141.190796,1345.698853,-55.988255,104.880005,1409.882324,19.907467,114.565117,1433.865112,-104.514198
2064,17.200000,77.728096,1439.536621,-21.631580,141.019333,1345.241699,-56.012188,104.966652,1409.649536,19.744913,114.796509,1433.603394,-104.541389
2065,17.208000,78.204811,1439.619385,-21.574959,140.756241,1344.722412,-56.128979,105.118370,1409.537720,19.732277,115.079102,1433.354614,-104.683594
2066,17.217000,78.611984,1439.639038,-21.593611,140.410736,1344.131470,-56.170799,105.335686,1409.379517,19.695395,115.399338,1433.003174,-104.793709
2067,17.225000,79.037079,1439.622070,-21.607368,140.003143,1343.522461,-56.185642,105.693390,1409.103394,19.639124,115.744812,1432.621704,-104.799988
2068,17.233000,79.495361,1439.529907,-21.604843,139.609894,1342.995239,-56.197098,106.005875,1408.813354,19.599632,116.118835,1432.253662,-104.817657
2069,17.242000,79.829964,1439.219116,-21.616863,139.316132,1342.579468,-56.147808,106.296204,1408.639038,19.764750,116.457413,1431.897827,-104.852356
2070,17.250000,80.173035,1438.748901,-21.794159,138.985519,1342.096069,-56.266376,106.458084,1408.329468,19.764101,116.637482,1431.660156,-104.873871
2071,17.258000,80.371529,1438.457031,-21.832926,138.837158,1341.708740,-56.325710,106.512695,1407.879761,19.614166,116.750847,1431.535645,-104.867729
2072,17.267000,80.535065,1438.312622,-21.897631,138.788330,1341.344971,-56.416615,106.465858,1407.635254,19.604113,116.962051,1431.324829,-104.882698
2073,17.275000,80.674675,1438.284668,-21.953527,138.704071,1340.938843,-56.579449,106.401253,1407.521973,19.596407,117.170143,1431.109863,-104.898590
2074,17.283000,80.818665,1438.318359,-22.036951,138.548523,1340.554810,-56.704144,106.291183,1407.456665,19.598715,117.371185,1430.880981,-104.861839
2075,17.292000,81.014877,1438.380249,-22.122824,138.166046,1340.229492,-56.671707,106.209641,1407.447632,19.589937,117.589951,1430.612671,-104.828926
2076,17.300000,81.206436,1438.417725,-22.075230,137.660858,1339.960815,-56.474758,106.128708,1407.446899,19.629047,117.660698,1430.513916,-104.950249
2077,17.308000,81.388649,1438.546631,-22.051336,137.162857,1339.766968,-56.242641,106.091499,1407.443604,19.664646,117.804062,1430.337646,-104.981567
2078,17.317000,81.622498,1438.675903,-21.970470,136.702240,1339.573853,-56.077950,106.068359,1407.404175,19.728975,117.969612,1430.151611,-104.957382
2079,17.325000,81.863754,1438.759888,-21.845984,136.184830,1339.290405,-56.079502,106.109978,1407.296021,19.800587,118.111626,1429.972656,-104.883957
2080,17.333000,82.104324,1438.706543,-21.664948,135.779068,1338.969727,-56.024361,106.207115,1407.065918,19.856812,118.285378,1429.803589,-104.817924
2081,17.342000,82.293640,1438.622681,-21.487663,135.456116,1338.663818,-56.043270,106.298920,1406.771362,19.934826,118.414429,1429.632202,-104.737915
2082,17.350000,82.430290,1438.497925,-21.340528,135.243134,1338.428223,-56.108818,106.330925,1406.472656,19.969450,118.478455,1429.523926,-104.645691
2083,17.358000,82.651390,1438.304565,-21.192060,135.153915,1338.227539,-56.193356,106.307190,1406.238037,19.949753,118.492241,1429.483276,-104.581001
2084,17.367000,82.494553,1438.322144,-21.143692,135.173859,1338.087769,-56.251606,106.217400,1406.109985,20.004744,118.529816,1429.412842,-104.535233
2085,17.375000,82.538452,1438.362061,-21.132299,135.209473,1337.935669,-56.347855,106.144348,1406.052490,20.042133,118.612381,1429.333130,-104.526863
2086,17.383000,82.811874,1438.588745,-20.976723,135.166016,1337.739624,-56.505806,106.075600,1406.066284,20.042582,118.703140,1429.237061,-104.512390
2087,17.392000,82.888351,1438.731323,-20.972300,134.917511,1337.516113,-56.636414,105.977570,1406.107544,20.073082,118.820747,1429.123413,-104.503998
2088,17.400000,82.986786,1438.739868,-21.118050,134.561722,1337.375977,-56.616070,105.886749,1406.172852,20.090080,118.883247,1429.064331,-104.503143
2089,17.408000,82.995537,1438.804810,-21.155790,134.184235,1337.402832,-56.480686,105.790649,1406.211304,20.117056,118.928139,1429.038696,-104.473076
2090,17.417000,83.024467,1438.852539,-21.135412,133.824860,1337.431641,-56.269485,105.735573,1406.168823,20.103111,118.981796,1429.036987,-104.448120
2091,17.425000,83.005829,1438.859619,-21.104614,133.508011,1337.459106,-56.112366,105.671478,1406.092407,20.094797,118.970444,1429.102295,-104.424492
2092,17.433000,82.972397,1438.835327,-21.091553,133.294098,1337.473267,-56.109875,105.627686,1406.048096,20.092024,118.954262,1429.190796,-104.418839
2093,17.442000,82.943619,1438.977539,-20.991776,133.163666,1337.433228,-56.223591,105.617043,1406.040161,20.069262,118.923126,1429.326294,-104.444809
2094,17.450000,83.012894,1438.927612,-21.123560,133.043045,1337.362793,-56.369835,105.632782,1406.088013,20.021202,118.933228,1429.386841,-104.475708
2095,17.458000,83.107719,1439.042236,-21.243763,132.845856,1337.258545,-56.467033,105.751488,1406.202881,19.988590,119.008621,1429.411621,-104.533577
2096,17.467000,83.075333,1439.359863,-21.318132,132.556442,1337.178711,-56.484013,105.839005,1406.422974,19.962349,119.088181,1429.420532,-104.597252
2097,17.475000,83.222084,1439.636841,-21.425419,132.342590,1337.183960,-56.426567,105.941040,1406.686157,19.949705,119.194725,1429.386475,-104.666740
2098,17.483000,83.428146,1439.893677,-21.553505,132.208847,1337.229370,-56.305279,106.041557,1407.000000,19.954666,119.346634,1429.361938,-104.727669
2099,17.492000,83.601357,1440.097290,-21.639305,132.106308,1337.283691,-56.177879,106.117722,1407.252441,19.925264,119.472412,1429.315063,-104.789917
2100,17.500000,83.749359,1440.242065,-21.711926,132.050278,1337.330933,-56.103512,106.223221,1407.390991,19.916239,119.581825,1429.320312,-104.853203
2101,17.508000,83.865547,1440.277832,-21.755005,132.089722,1337.345825,-56.125118,106.326965,1407.446289,19.859663,119.622818,1429.325439,-104.919510
2102,17.517000,83.946640,1440.173706,-21.745295,132.237671,1337.339355,-56.230694,106.448586,1407.370850,19.820007,119.664368,1429.347778,-104.930458
2103,17.525000,83.993370,1440.013550,-21.722551,132.440506,1337.304565,-56.403267,106.577499,1407.142212,19.742502,119.702705,1429.384644,-104.951355
2104,17.533000,84.046989,1439.781616,-21.684309,132.674942,1337.267212,-56.619274,106.702446,1406.876709,19.668272,119.719795,1429.421143,-104.974075
2105,17.542000,84.088806,1439.611206,-21.667612,132.957916,1337.230225,-56.835854,106.800507,1406.644653,19.535709,119.720062,1429.465820,-105.019119
2106,17.550000,84.135864,1439.493896,-21.662964,133.242737,1337.206909,-57.035301,106.892433,1406.484497,19.476740,119.736092,1429.486450,-105.075661
2107,17.558000,84.369171,1439.275269,-21.765444,133.468704,1337.247314,-57.110397,107.013611,1406.417969,19.427626,119.774918,1429.471069,-105.126968
2108,17.567000,84.468758,1439.232666,-21.867697,133.608566,1337.266479,-57.117329,107.112305,1406.435425,19.325119,119.811806,1429.449097,-105.218903
2109,17.575000,84.522682,1439.257690,-21.928492,133.666229,1337.326294,-57.146664,107.207420,1406.473633,19.246845,119.863159,1429.420410,-105.314819
2110,17.583000,84.598793,1439.244385,-21.978924,133.663269,1337.362061,-57.154644,107.324997,1406.506836,19.202221,119.846428,1429.406860,-105.405159
2111,17.592000,84.611855,1439.206543,-22.036438,133.629654,1337.343872,-57.217453,107.410774,1406.496704,19.143318,119.833656,1429.400146,-105.464729
2112,17.600000,84.612274,1439.107422,-22.049589,133.600510,1337.287842,-57.329815,107.485748,1406.393066,19.099579,119.773834,1429.415527,-105.503036
2113,17.608000,84.552116,1438.984497,-22.042992,133.672714,1337.329346,-57.454620,107.514999,1406.239258,19.056433,119.703369,1429.462646,-105.530357
2114,17.617000,84.446320,1438.772949,-22.017870,133.831070,1337.391235,-57.571125,107.643150,1405.884033,18.823536,119.573410,1429.549438,-105.529381
2115,17.625000,84.281448,1438.573730,-22.006350,134.051636,1337.453125,-57.727123,107.598915,1405.675171,18.708950,119.433884,1429.649414,-105.559372
2116,17.633000,84.062378,1438.465210,-22.107697,134.233688,1337.546631,-57.871857,107.522453,1405.552246,18.708096,119.364334,1429.649658,-105.437637
2117,17.642000,83.876862,1438.460815,-22.139029,134.402084,1337.688232,-57.957348,107.453239,1405.461670,18.656975,119.267487,1429.742432,-105.368660
2118,17.650000,83.704262,1438.471191,-22.133373,134.577408,1337.857666,-58.012089,107.418808,1405.495239,18.627495,119.122337,1429.875122,-105.378304
2119,17.658000,83.555107,1438.420776,-22.166979,134.734650,1338.075684,-58.002914,107.372513,1405.636108,18.612322,118.990479,1430.017578,-105.427513
2120,17.667000,83.456429,1438.554932,-22.248829,134.855057,1338.334717,-57.953388,107.341896,1405.871582,18.549738,118.833336,1430.179199,-105.512459
2121,17.675000,83.338081,1438.808105,-22.321413,134.916245,1338.602905,-57.888542,107.176682,1406.326782,18.692009,118.795181,1430.308838,-105.591179
2122,17.683000,83.254616,1439.047607,-22.422398,134.926788,1338.886475,-57.806442,107.178307,1406.659790,18.715097,118.655258,1430.462524,-105.680153
2123,17.692000,83.192421,1439.274292,-22.541292,134.940048,1339.153564,-57.757969,107.181625,1407.008789,18.626183,118.501373,1430.704590,-105.820732
2124,17.700000,83.092094,1439.445679,-22.664915,134.971313,1339.441406,-57.781387,107.246971,1407.326660,18.549128,118.255508,1431.008667,-105.920593
2125,17.708000,82.766815,1439.686279,-22.783663,135.325607,1339.776245,-57.749722,107.323105,1407.551636,18.443081,118.075668,1431.301758,-106.028305
2126,17.717000,82.661285,1439.632324,-22.811306,135.834717,1340.367920,-57.824501,107.366829,1407.769287,18.327295,117.835068,1431.652954,-106.199051
2127,17.725000,82.520493,1439.668945,-22.927999,136.655701,1341.185181,-57.855919,107.464806,1407.957642,18.219969,117.622063,1431.974365,-106.357101
2128,17.733000,82.369202,1439.886230,-23.124472,137.644440,1341.951660,-57.988956,107.500412,1408.183716,18.086357,117.528793,1432.177856,-106.397659
2129,17.742000,82.311661,1440.126465,-23.267691,138.217911,1342.304565,-58.272446,107.454933,1408.550537,18.003515,117.557083,1432.304443,-106.507790
2130,17.750000,82.195389,1440.353882,-23.361671,138.394501,1342.435181,-58.545036,107.444679,1408.989624,17.867731,117.431816,1432.490356,-106.649994
2131,17.758000,82.081802,1440.649170,-23.507408,138.355438,1342.599487,-58.623432,107.432281,1409.461914,17.733805,117.335861,1432.653198,-106.841797
2132,17.767000,81.949562,1441.057861,-23.676884,138.287018,1342.925781,-58.590046,107.386711,1409.835815,17.577183,117.259781,1432.773560,-106.932823
2133,17.775000,81.795250,1441.339600,-23.790611,138.179794,1343.277588,-58.481064,107.327950,1410.139648,17.463804,117.101143,1432.946533,-107.050934
2134,17.783000,81.568001,1441.471313,-23.851887,138.104660,1343.637939,-58.401569,107.241722,1410.303711,17.397167,116.871948,1433.139160,-107.132088
2135,17.792000,81.304504,1441.366211,-23.797459,138.177231,1344.014160,-58.309814,107.179008,1410.376587,17.331930,116.608421,1433.406494,-107.173897
2136,17.800000,80.941566,1441.372070,-23.822393,138.388412,1344.407471,-58.308590,107.120117,1410.552246,17.435383,116.371078,1433.632935,-107.205963
2137,17.808000,80.632988,1441.420776,-23.792557,138.641998,1344.711304,-58.423759,107.037704,1410.535156,17.451338,116.071671,1433.890503,-107.212082
2138,17.817000,80.339348,1441.379883,-23.750999,138.949295,1345.002441,-58.597687,106.957474,1410.506348,17.398460,115.803925,1434.108032,-107.239006
2139,17.825000,80.047447,1441.420044,-23.689499,139.389755,1345.372925,-58.637688,106.807228,1410.584229,17.365242,115.586502,1434.262329,-107.255180
2140,17.833000,79.802429,1441.503662,-23.733086,139.518524,1345.577759,-58.748798,106.658791,1410.678223,17.308826,115.392326,1434.382935,-107.282951
2141,17.842000,79.567940,1441.598755,-23.808588,139.423813,1345.652100,-58.753704,106.441788,1410.802246,17.280455,115.207207,1434.432129,-107.330841
2142,17.850000,79.387886,1441.720337,-23.907423,139.200485,1345.701172,-58.679932,106.254524,1410.977539,17.237404,115.063652,1434.445312,-107.391632
2143,17.858000,79.210915,1441.832520,-23.998203,138.957657,1345.802490,-58.610649,106.080917,1411.170898,17.214178,114.903084,1434.468628,-107.460732
2144,17.867000,79.024734,1441.687378,-24.047760,138.803040,1345.965454,-58.475170,105.922775,1411.204346,17.043819,114.676224,1434.542847,-107.530373
2145,17.875000,78.829102,1441.765747,-24.150642,138.795532,1346.204102,-58.371414,105.819603,1411.324097,16.991264,114.454414,1434.640259,-107.613091
2146,17.883000,78.618111,1441.804932,-24.199316,138.885391,1346.443604,-58.431145,105.712685,1411.546753,17.089823,114.301056,1434.754639,-107.676056
2147,17.892000,78.412323,1441.661743,-24.159723,139.151031,1346.757935,-58.541119,105.669838,1411.599854,17.034683,114.068733,1434.945801,-107.666954
2148,17.900000,78.232765,1441.582764,-24.199121,139.479218,1347.089722,-58.720638,105.677521,1411.617432,16.953354,113.810310,1435.191650,-107.692245
2149,17.908000,78.028793,1441.614990,-24.268288,139.790527,1347.420776,-58.969288,105.683403,1411.676392,16.865891,113.557579,1435.450562,-107.760513
2150,17.917000,77.783539,1441.657959,-24.363796,140.075562,1347.716919,-59.164135,105.657967,1411.751343,16.726215,113.421555,1435.688599,-107.842667
2151,17.925000,77.577339,1441.725830,-24.475451,140.303055,1348.009766,-59.365665,105.643196,1411.850952,16.574015,113.283592,1435.861084,-107.943253
2152,17.933000,77.404648,1441.860596,-24.585615,140.494049,1348.284424,-59.478085,105.598328,1412.035400,16.438282,113.197456,1436.041626,-108.032387
2153,17.942000,77.286392,1442.011963,-24.736719,140.637985,1348.578125,-59.547310,105.582443,1412.270142,16.339663,113.088341,1436.207031,-108.139877
2154,17.950000,77.164780,1442.188721,-24.870342,140.760849,1348.935425,-59.576462,105.600380,1412.524536,16.234364,112.966133,1436.400757,-108.288239
2155,17.958000,77.002876,1442.365723,-24.981262,140.887405,1349.297729,-59.582794,105.641273,1412.777100,16.106752,112.851982,1436.602173,-108.468079
2156,17.967000,76.838188,1442.500610,-25.052391,141.043930,1349.604614,-59.650913,105.704483,1412.950684,15.990947,112.684769,1436.797241,-108.598114
2157,17.975000,76.677086,1442.515137,-25.103992,141.271240,1349.874146,-59.773758,105.774483,1413.040405,15.924954,112.489899,1436.982544,-108.701851
2158,17.983000,76.488739,1442.437378,-25.123169,141.671783,1350.225098,-59.916485,105.807816,1413.127197,15.891498,112.291779,1437.042847,-108.705727
2159,17.992000,76.311806,1442.304932,-25.121626,142.124847,1350.511841,-60.072983,105.811821,1413.129883,15.849510,112.103813,1437.141479,-108.734840
2160,18.000000,76.358437,1442.164917,-25.015703,142.524994,1350.722534,-60.254860,105.820038,1413.111694,15.804125,111.900414,1437.244751,-108.756088
2161,18.008000,76.201958,1442.043701,-25.015938,142.897308,1350.994263,-60.358803,105.720406,1413.118164,15.739775,111.694458,1437.318604,-108.797882
2162,18.017000,75.934349,1441.978149,-25.043018,143.091461,1351.192383,-60.430424,105.568665,1413.160400,15.701754,111.500389,1437.405396,-108.851547
2163,18.025000,75.639061,1441.943604,-25.063961,143.225647,1351.401489,-60.416039,105.374138,1413.225708,15.684096,111.268257,1437.462402,-108.878311
2164,18.033000,75.361954,1441.899780,-25.084963,143.319962,1351.611694,-60.427895,105.139252,1413.293701,15.661277,111.021370,1437.542480,-108.896011
2165,18.042000,75.063690,1441.774292,-25.052473,143.425171,1351.855469,-60.419537,104.926544,1413.296631,15.674880,110.736458,1437.643555,-108.882378
2166,18.050000,74.736778,1441.551880,-24.968102,143.579102,1352.163208,-60.462105,104.754654,1413.157593,15.672384,110.382759,1437.709595,-108.882538
2167,18.058000,74.185722,1441.165283,-25.088566,143.867050,1352.519165,-60.523788,104.601784,1412.885864,15.668564,109.991592,1437.816895,-108.811195
2168,18.067000,73.879539,1440.836060,-24.919252,144.267517,1352.843140,-60.658371,104.475754,1412.554932,15.722169,109.605415,1437.907837,-108.722694
2169,18.075000,73.594421,1440.347290,-24.825947,144.582367,1353.111450,-60.840836,104.336258,1412.201294,15.756359,109.189499,1437.999146,-108.683693
2170,18.083000,73.221085,1439.913574,-24.766260,144.889664,1353.377930,-60.987442,104.174576,1411.912598,15.802450,108.798126,1438.065186,-108.627937
2171,18.092000,72.831520,1439.617920,-24.727737,145.109924,1353.601685,-61.059662,103.993896,1411.736694,15.846107,108.495201,1438.080200,-108.568726
2172,18.100000,72.489044,1439.440308,-24.700891,145.208008,1353.741211,-61.068279,103.795311,1411.682373,15.898384,108.234093,1438.025879,-108.543251
2173,18.108000,72.180519,1439.308716,-24.714310,145.256729,1353.843384,-60.998501,103.584511,1411.729858,15.917254,107.981926,1437.936890,-108.550003
2174,18.117000,71.821045,1439.155518,-24.848421,145.235260,1353.965210,-60.894047,103.361122,1411.842896,15.891576,107.718132,1437.853638,-108.584373
2175,18.125000,71.465775,1439.081787,-24.865208,145.215439,1354.108887,-60.756054,103.119049,1412.006592,15.950967,107.425415,1437.793701,-108.570450
2176,18.133000,71.231117,1438.758667,-24.752018,145.226685,1354.254517,-60.644588,102.897614,1412.099731,15.962640,107.155273,1437.716553,-108.529930
2177,18.142000,70.947235,1438.561401,-24.696035,145.285660,1354.378540,-60.558189,102.639351,1412.134277,15.980940,106.807526,1437.644043,-108.532364
2178,18.150000,70.520042,1438.325562,-24.655651,145.545624,1354.890503,-60.408611,102.383141,1412.076294,16.026783,106.413414,1437.605469,-108.515289
2179,18.158000,70.068924,1437.993774,-24.620628,145.637589,1355.135254,-60.363651,102.091293,1411.920776,16.036293,105.975998,1437.556641,-108.501335
2180,18.167000,69.649429,1437.609009,-24.550026,145.755585,1355.266113,-60.397514,101.804504,1411.711426,16.027306,105.552658,1437.549561,-108.444328
2181,18.175000,69.003784,1437.396851,-24.723324,145.861481,1355.395142,-60.434605,101.539452,1411.455811,16.036419,105.142281,1437.535034,-108.315628
2182,18.183000,68.465088,1437.119141,-24.670935,146.027023,1355.582764,-60.492664,101.283035,1411.264771,16.112421,104.735825,1437.543213,-108.238129
2183,18.192000,68.250320,1436.602783,-24.397957,146.167847,1355.708862,-60.522915,101.020950,1411.117432,16.207237,104.327126,1437.530884,-108.152985
2184,18.200000,67.955620,1436.353760,-24.300249,146.273132,1355.865356,-60.544010,100.826073,1411.055054,16.262476,103.968674,1437.482422,-108.098457
2185,18.208000,67.634804,1436.234863,-24.311476,146.361267,1356.025879,-60.496178,100.643387,1411.088013,16.273331,103.677979,1437.405884,-108.077560
2186,18.217000,67.377701,1436.118896,-24.348766,146.419647,1356.142944,-60.441399,100.506798,1411.171021,16.277802,103.401344,1437.297119,-108.112617
2187,18.225000,67.145348,1436.005127,-24.354218,146.474792,1356.060669,-60.362827,100.380417,1411.553101,16.221251,103.121956,1437.189209,-108.143463
2188,18.233000,66.866280,1435.824463,-24.364721,146.594894,1356.131714,-60.386211,100.264793,1411.626343,16.080704,102.797005,1437.085938,-108.185036
2189,18.242000,66.556107,1435.558716,-24.353304,146.751328,1356.292480,-60.404064,100.159637,1411.538940,16.032013,102.462791,1437.014404,-108.220650
2190,18.250000,66.221710,1435.121216,-24.289623,146.899948,1356.540527,-60.517712,100.040459,1411.305542,16.022968,102.034126,1436.986816,-108.253151
2191,18.258000,65.860703,1434.587891,-24.223448,147.154190,1356.840210,-60.734478,99.907928,1410.917358,16.001488,101.595207,1436.998169,-108.219780
2192,18.267000,65.480049,1433.991455,-24.185888,147.553558,1357.225708,-61.000023,99.791817,1410.497314,15.916735,101.124313,1437.075684,-108.192749
2193,18.275000,65.176109,1433.422974,-24.182791,147.957550,1357.661621,-61.271145,99.678108,1410.172852,15.838809,100.698311,1437.105713,-108.183609
2194,18.283000,64.865952,1433.024292,-24.180729,148.170731,1357.958740,-61.467621,99.581192,1409.951172,15.760836,100.303841,1437.128296,-108.241379
2195,18.292000,64.666794,1432.674072,-24.295233,148.338974,1358.150879,-61.614365,99.464828,1409.874146,15.718011,99.982933,1437.097778,-108.310867
2196,18.300000,64.374344,1432.565674,-24.409155,148.397888,1358.300659,-61.653038,99.312508,1409.944458,15.674435,99.708160,1437.009155,-108.392944
2197,18.308000,64.114716,1432.558228,-24.491667,148.417618,1358.484619,-61.601151,99.151413,1410.135498,15.636474,99.460739,1436.965820,-108.486786
2198,18.317000,63.819931,1432.532593,-24.576670,148.350754,1358.677368,-61.487061,98.939232,1410.374634,15.588943,99.192238,1436.904907,-108.576454
2199,18.325000,63.496201,1432.627563,-24.702328,148.302856,1358.928833,-61.404140,98.721199,1410.602661,15.527513,98.868126,1436.885864,-108.676659
2200,18.333000,63.173374,1432.599731,-24.761467,148.319305,1359.260742,-61.394627,98.472893,1410.841675,15.475116,98.492165,1436.914795,-108.764549
2201,18.342000,62.787235,1432.407349,-24.769604,148.417175,1359.689819,-61.457088,98.252266,1411.008911,15.430870,98.054146,1437.024048,-108.836266
2202,18.350000,62.372604,1432.132324,-24.756531,148.626663,1360.229736,-61.631420,98.118324,1411.012573,15.381560,97.534042,1437.214111,-108.853569
2203,18.358000,61.966717,1431.697266,-24.695881,148.912323,1360.842407,-61.911869,98.026215,1410.877197,15.358950,96.986832,1437.401978,-108.837730
2204,18.367000,61.565147,1431.326538,-24.381237,149.352051,1361.572754,-62.281353,98.015205,1410.668335,15.316072,96.488792,1437.529053,-108.816696
2205,18.375000,61.152218,1430.876831,-24.222515,149.814468,1362.285156,-62.668106,97.971771,1410.442505,15.244193,95.918518,1437.726807,-108.779396
2206,18.383000,60.807232,1430.454590,-24.187904,150.188843,1362.834351,-63.022526,97.904213,1410.321899,15.229962,95.381828,1437.905640,-108.798599
2207,18.392000,60.475975,1430.172485,-24.259869,150.478058,1363.309326,-63.277626,97.843674,1410.163330,15.254181,94.906075,1438.074829,-108.907898
2208,18.400000,60.155472,1430.093384,-24.425631,150.622086,1363.748779,-63.495113,97.688324,1410.251709,15.240693,94.503036,1438.206177,-109.072441
2209,18.408000,59.851021,1430.184204,-24.598413,150.692947,1364.318970,-63.635567,97.456131,1410.612183,15.166010,94.144806,1438.361572,-109.293846
2210,18.417000,59.510571,1430.369141,-24.779104,150.621048,1364.843750,-63.661819,97.122803,1411.102783,15.019584,93.805908,1438.513062,-109.503731
2211,18.425000,59.189651,1430.622559,-24.985718,150.488388,1365.346191,-63.635677,96.822273,1411.622314,14.805679,93.494110,1438.654907,-109.686676
2212,18.433000,58.799625,1430.879395,-25.210773,150.379318,1365.908203,-63.640953,96.490784,1412.155640,14.512075,93.172089,1438.836060,-109.891617
2213,18.442000,58.391277,1431.057739,-25.467529,150.338501,1366.483887,-63.674232,96.180321,1412.665894,14.265669,92.710022,1439.068359,-110.050598
2214,18.450000,57.958977,1431.158203,-25.679802,150.387161,1367.088989,-63.769897,95.898872,1413.040039,14.035111,92.211655,1439.309448,-110.217522
2215,18.458000,57.510269,1431.114258,-25.796043,150.464294,1367.775757,-63.934296,95.671547,1413.292236,13.893821,91.619705,1439.557739,-110.405052
2216,18.467000,57.017403,1430.963013,-25.805647,150.582138,1368.629639,-64.194832,95.471352,1413.439209,13.805448,91.007462,1439.804810,-110.534370
2217,18.475000,56.506741,1430.699097,-25.751278,150.760193,1369.559692,-64.472382,95.342278,1413.473877,13.714950,90.274261,1440.073120,-110.661758
2218,18.483000,56.084152,1430.366821,-25.805412,150.917389,1370.428955,-64.805519,95.164047,1413.497681,13.650120,89.548637,1440.369141,-110.730141
2219,18.492000,55.662556,1430.052490,-25.901274,151.022186,1371.114502,-65.137062,94.988464,1413.525024,13.589560,88.921974,1440.594360,-110.735886
2220,18.500000,55.281464,1429.817505,-25.982264,151.143341,1371.726562,-65.401932,94.759743,1413.606567,13.509789,88.371933,1440.766724,-110.751122
2221,18.508000,54.878727,1429.681763,-26.094234,151.152191,1372.280396,-65.622017,94.516808,1413.749878,13.417634,87.857971,1440.869507,-110.869568
2222,18.517000,54.478516,1429.619507,-26.238649,151.096008,1372.741211,-65.768829,94.231956,1413.961792,13.252709,87.391106,1440.951538,-110.990868
2223,18.525000,54.030365,1429.632446,-26.391075,151.050629,1373.149048,-65.832108,93.879059,1414.255493,13.068032,86.933968,1441.001099,-111.204208
2224,18.533000,53.631523,1429.667969,-26.534996,150.937820,1373.531616,-65.857155,93.528160,1414.571411,12.885331,86.503746,1441.016479,-111.378044
2225,18.542000,53.271893,1429.595825,-26.687170,150.793823,1373.860840,-65.837395,93.174393,1414.813721,12.750294,86.105247,1440.987427,-111.531670
2226,18.550000,52.884342,1429.419434,-26.830868,150.704193,1374.141846,-65.865234,92.850204,1414.935059,12.682818,85.671181,1440.921997,-111.693336
2227,18.558000,52.528954,1429.117188,-26.944752,150.677597,1374.433838,-65.977921,92.606293,1414.911255,12.637325,85.227852,1440.809570,-111.821487
2228,18.567000,52.268383,1428.703369,-26.998638,150.732513,1374.714355,-66.195930,92.445900,1414.727783,12.604223,84.793045,1440.653564,-111.887741
2229,18.575000,52.016949,1428.076294,-27.004425,150.924744,1375.009521,-66.473564,92.404930,1414.336792,12.546646,84.377129,1440.498291,-111.929024
2230,18.583000,51.801788,1427.345459,-26.968912,151.185867,1375.359375,-66.777000,92.378143,1413.872070,12.465070,83.972809,1440.353149,-111.905045
2231,18.592000,51.595470,1426.656616,-26.939781,151.474991,1375.751221,-67.101662,92.366028,1413.406860,12.317313,83.540375,1440.196533,-111.923134
2232,18.600000,51.449409,1426.053345,-26.960880,151.695679,1376.057495,-67.425400,92.355919,1413.015625,12.143468,83.129227,1440.046265,-111.957893
2233,18.608000,51.287121,1425.524292,-27.063778,151.852310,1376.239746,-67.737556,92.339355,1412.658081,11.971942,82.749641,1439.874756,-112.002182
2234,18.617000,51.137722,1425.114258,-27.144983,151.904144,1376.349854,-68.004295,92.281006,1412.422974,11.820983,82.432709,1439.668335,-112.113762
2235,18.625000,50.948383,1424.785889,-27.209625,151.977875,1376.431274,-68.160812,92.215294,1412.274292,11.662427,82.145187,1439.455078,-112.253960
2236,18.633000,50.774029,1424.573242,-27.280697,151.993530,1376.500732,-68.269791,92.124596,1412.195190,11.531885,81.900589,1439.236328,-112.322403
2237,18.642000,50.597935,1424.390503,-27.377132,152.020798,1376.586548,-68.299919,91.980278,1412.170532,11.423047,81.702568,1439.038940,-112.400543
2238,18.650000,50.395283,1424.241333,-27.492563,151.982407,1376.661987,-68.303909,91.811691,1412.203857,11.352098,81.477112,1438.886597,-112.540787
2239,18.658000,50.160606,1424.081055,-27.649759,151.913834,1376.781860,-68.321861,91.660217,1412.248901,11.296341,81.255394,1438.757568,-112.661400
2240,18.667000,49.951969,1423.867310,-27.788170,151.869431,1376.877197,-68.375046,91.516708,1412.270386,11.255802,80.994125,1438.609619,-112.750710
2241,18.675000,49.718681,1423.604248,-27.897413,151.850708,1377.037109,-68.471085,91.374992,1412.220825,11.201503,80.697502,1438.488403,-112.875374
2242,18.683000,49.471138,1423.241577,-27.980591,151.837784,1377.286133,-68.587799,91.209572,1412.110352,11.086627,80.348251,1438.385254,-112.989212
2243,18.692000,49.187954,1422.832886,-28.019680,151.870895,1377.643311,-68.785896,91.034958,1411.914429,10.980507,79.987366,1438.303345,-113.052742
2244,18.700000,48.934162,1422.367432,-28.049988,151.932312,1378.010010,-68.983833,90.857239,1411.673462,10.842217,79.592842,1438.204834,-113.079056
2245,18.708000,48.685616,1421.937256,-28.055792,151.999817,1378.351929,-69.185791,90.704308,1411.443726,10.706771,79.200188,1438.124878,-113.098701
2246,18.717000,48.433060,1421.631714,-28.113800,152.033371,1378.719116,-69.354515,90.519402,1411.334961,10.590652,78.831902,1438.071899,-113.149780
2247,18.725000,48.213982,1421.405518,-28.219860,152.009171,1379.018433,-69.492371,90.308861,1411.330078,10.501559,78.454033,1438.014526,-113.264038
2248,18.733000,47.991550,1421.283691,-28.357693,151.956635,1379.222046,-69.572006,90.026894,1411.444458,10.445424,78.167450,1437.939331,-113.390930
2249,18.742000,47.774433,1421.277588,-28.508545,151.875244,1379.407227,-69.592392,89.746002,1411.675659,10.394533,77.901878,1437.857910,-113.520966
2250,18.750000,47.514706,1421.306274,-28.610666,151.768143,1379.600952,-69.550758,89.452545,1411.932861,10.335946,77.653831,1437.759521,-113.684708
2251,18.758000,47.258316,1421.306885,-28.738264,151.624954,1379.822754,-69.518806,89.159035,1412.142700,10.240039,77.385818,1437.724121,-113.808113
2252,18.767000,46.953011,1421.282349,-28.843977,151.475555,1380.038330,-69.492912,88.916458,1412.298706,10.161098,77.134796,1437.647461,-113.920418
2253,18.775000,46.672729,1421.189819,-28.942232,151.369217,1380.259888,-69.498100,88.674965,1412.405640,10.081550,76.866837,1437.605957,-113.973572
2254,18.783000,46.430737,1421.028442,-28.976183,151.260330,1380.475586,-69.558983,88.506645,1412.411499,9.998059,76.514977,1437.562988,-114.032539
2255,18.792000,46.163620,1420.788208,-29.027090,151.366196,1380.704224,-69.797806,88.304031,1412.307861,9.951933,76.178276,1437.470337,-114.069008
2256,18.800000,45.900105,1420.489990,-29.049501,151.398926,1380.929321,-70.034424,88.156815,1412.164062,9.920367,75.792671,1437.424927,-114.069565
2257,18.808000,45.650837,1420.153076,-29.074650,151.360550,1381.188110,-70.209755,87.913635,1411.909302,9.772372,75.424095,1437.370605,-114.128761
2258,18.817000,45.399517,1419.776001,-29.110302,151.354111,1381.480469,-70.341881,87.760574,1411.688232,9.615499,75.078972,1437.288452,-114.146744
2259,18.825000,45.184544,1419.419189,-29.171091,151.368439,1381.738647,-70.491852,87.641075,1411.526978,9.511814,74.721886,1437.203857,-114.166916
2260,18.833000,45.019577,1419.119873,-29.212563,151.375809,1381.911621,-70.665222,87.539185,1411.418335,9.446922,74.400742,1437.108276,-114.208786
2261,18.842000,44.838146,1418.842041,-29.337091,151.392914,1382.115356,-70.845268,87.422096,1411.405029,9.362439,74.113747,1436.985718,-114.279678
2262,18.850000,44.669670,1418.672852,-29.446821,151.406021,1382.316162,-70.945251,87.293785,1411.446167,9.290184,73.832047,1436.878662,-114.399788
2263,18.858000,44.499725,1418.537964,-29.554693,151.307159,1382.467407,-70.977058,87.132706,1411.515259,9.194846,73.618164,1436.739014,-114.557480
2264,18.867000,44.303406,1418.450195,-29.638805,151.221542,1382.632568,-70.923462,86.937935,1411.599976,9.101578,73.422028,1436.613647,-114.687813
2265,18.875000,44.083954,1418.368042,-29.739080,151.139359,1382.753662,-70.871216,86.692184,1411.704956,9.062946,73.240196,1436.478760,-114.753006
2266,18.883000,43.887302,1418.319702,-29.709408,151.049988,1382.881348,-70.836548,86.466370,1411.730347,9.014707,73.034172,1436.345825,-114.840645
2267,18.892000,43.706314,1418.161011,-29.710770,151.006393,1383.013550,-70.847694,86.270081,1411.707397,9.010728,72.850456,1436.207764,-114.844704
2268,18.900000,43.569023,1417.915894,-29.734571,151.043793,1383.163696,-70.914627,86.148994,1411.629639,8.998588,72.627975,1436.068848,-114.889542
2269,18.908000,43.477554,1417.610840,-29.759121,151.097443,1383.359253,-71.086143,86.085609,1411.530762,8.953381,72.414993,1435.920654,-114.876694
2270,18.917000,43.374588,1417.256958,-29.732988,151.185425,1383.509644,-71.273453,86.033073,1411.338867,8.914382,72.160263,1435.798584,-114.897263
2271,18.925000,43.261745,1416.877441,-29.709049,151.375687,1383.797974,-71.578484,86.043541,1411.132690,8.861219,71.904869,1435.641846,-114.923798
2272,18.933000,43.165314,1416.440063,-29.732845,151.456879,1384.013916,-71.835243,86.025711,1410.928711,8.826435,71.594917,1435.546753,-114.903839
2273,18.942000,43.088287,1416.091431,-29.753592,151.492172,1384.238770,-72.009727,85.991447,1410.754150,8.759739,71.345032,1435.430786,-114.895142
2274,18.950000,42.957161,1415.826782,-29.794069,151.502319,1384.426514,-72.113350,85.815384,1410.602173,8.649559,71.035767,1435.410645,-114.830948
2275,18.958000,42.828934,1415.641846,-29.899521,151.456207,1384.488403,-72.164528,85.634911,1410.558228,8.587619,70.914047,1435.240601,-114.910980
2276,18.967000,42.681622,1415.601685,-30.000864,151.365631,1384.477173,-72.120804,85.456261,1410.616943,8.542604,70.807014,1435.131592,-115.023354
2277,18.975000,42.492947,1415.654785,-30.129313,151.241623,1384.458862,-72.053108,85.243965,1410.741699,8.504118,70.765419,1435.039795,-115.131828
2278,18.983000,42.337276,1415.742065,-30.254660,151.140518,1384.436890,-71.941330,84.998077,1410.890137,8.454256,70.720055,1434.959595,-115.255028
2279,18.992000,42.155029,1415.804810,-30.390503,151.034683,1384.461914,-71.866028,84.703499,1411.090332,8.451697,70.662285,1434.875732,-115.395248
2280,19.000000,41.997814,1415.864136,-30.509487,150.944809,1384.479614,-71.781418,84.490601,1411.257935,8.455997,70.601608,1434.783325,-115.515266
2281,19.008000,41.890690,1415.891602,-30.586109,150.881165,1384.575317,-71.717735,84.342941,1411.371338,8.393891,70.511612,1434.712646,-115.600586
2282,19.017000,41.800426,1415.813354,-30.629774,150.857651,1384.692139,-71.723961,84.297775,1411.397705,8.357521,70.316757,1434.634155,-115.641670
2283,19.025000,41.744713,1415.608765,-30.658880,150.864548,1384.825317,-71.826172,84.252876,1411.348999,8.359870,70.122765,1434.530640,-115.693726
2284,19.033000,41.733204,1415.312866,-30.635519,150.946548,1385.015381,-71.970543,84.257095,1411.213013,8.346540,69.869133,1434.437988,-115.660660
2285,19.042000,41.737637,1414.872803,-30.716530,151.037231,1385.153687,-72.186058,84.352531,1410.997314,8.342241,69.631554,1434.334839,-115.672508
2286,19.050000,41.803009,1414.487305,-30.745178,151.089371,1385.240601,-72.471291,84.372658,1410.622192,8.305170,69.439034,1434.254028,-115.640648
2287,19.058000,41.796856,1414.069336,-30.737816,151.136169,1385.343872,-72.738876,84.405960,1410.313110,8.303507,69.181686,1434.096924,-115.586578
2288,19.067000,41.704685,1413.643799,-30.749569,151.182648,1385.432617,-72.959801,84.371109,1410.027344,8.221972,68.984146,1433.993774,-115.561119
2289,19.075000,41.558949,1413.304443,-30.754515,151.179367,1385.511108,-73.117096,84.563080,1409.783813,7.994537,68.803001,1433.908813,-115.582626
2290,19.083000,41.412415,1413.128296,-30.844603,151.116547,1385.524292,-73.207085,84.420776,1409.664917,7.850048,68.671593,1433.821411,-115.654259
2291,19.092000,41.286114,1413.118164,-30.954859,151.030197,1385.521484,-73.232475,84.124069,1409.802612,7.868909,68.583092,1433.760986,-115.789284
2292,19.100000,41.132385,1413.228882,-31.087400,150.932251,1385.532959,-73.189705,83.937592,1410.000854,7.854316,68.553314,1433.718506,-115.916656
2293,19.108000,40.997345,1413.436890,-31.237675,150.803833,1385.596802,-73.151596,83.758690,1410.258423,7.792843,68.487381,1433.715088,-116.099594
2294,19.117000,40.921787,1413.696899,-31.396803,150.667877,1385.693359,-73.128769,83.448822,1410.435547,7.732157,68.459206,1433.744141,-116.257545
2295,19.125000,40.776333,1413.912231,-31.561867,150.582855,1385.808716,-73.082535,83.402184,1410.745361,7.829938,68.420815,1433.756958,-116.425117
2296,19.133000,40.620121,1414.093628,-31.715776,150.471283,1385.904419,-73.072304,83.347664,1411.119263,7.718017,68.358910,1433.787964,-116.559509
2297,19.142000,40.509239,1414.196533,-31.824316,150.391678,1386.086548,-73.060432,83.120064,1411.227661,7.415683,68.266502,1433.796509,-116.683388
2298,19.150000,40.425945,1414.227051,-31.951166,150.336349,1386.326294,-73.073189,83.000252,1411.360718,7.275203,68.152580,1433.821777,-116.792213
2299,19.158000,40.331676,1414.222168,-32.043915,150.250549,1386.550049,-73.175453,82.914459,1411.446533,7.198909,67.981888,1433.878418,-116.888527
2300,19.167000,40.277927,1414.185547,-32.096622,150.193924,1386.774170,-73.339996,82.844810,1411.527100,7.115243,67.883270,1433.901978,-116.940315
2301,19.175000,40.198174,1414.135742,-32.161167,150.155411,1386.976196,-73.512703,82.804451,1411.584106,7.015731,67.734116,1433.929199,-116.991684
2302,19.183000,40.168980,1414.072510,-32.215900,150.111862,1387.096436,-73.632088,82.765465,1411.590210,6.935375,67.622467,1433.946167,-117.046021
2303,19.192000,40.102467,1413.988647,-32.274605,150.091873,1387.186768,-73.659279,82.709221,1411.580933,6.893192,67.526878,1433.941772,-117.074043
2304,19.200000,40.022411,1413.936401,-32.304970,150.036423,1387.225220,-73.654190,82.608070,1411.584717,6.862954,67.478485,1433.906006,-117.105324
2305,19.208000,39.930286,1413.963867,-32.326626,150.004898,1387.233154,-73.625343,82.527275,1411.607910,6.863535,67.427948,1433.878540,-117.160629
2306,19.217000,39.837399,1414.103760,-32.155918,149.989792,1387.234985,-73.560867,82.464287,1411.617554,6.845468,67.385376,1433.818359,-117.164261
2307,19.225000,39.747204,1414.085815,-32.125240,149.953125,1387.193970,-73.525177,82.405769,1411.579956,6.852166,67.340576,1433.765991,-117.164925
2308,19.233000,39.677483,1414.041260,-32.163990,149.927597,1387.198730,-73.502350,82.325279,1411.596313,6.880225,67.300194,1433.714722,-117.164703
2309,19.242000,39.603428,1413.999390,-32.118092,149.904465,1387.212280,-73.462517,82.222404,1411.584839,6.886245,67.237801,1433.682495,-117.142471
2310,19.250000,39.543167,1413.964844,-32.082447,149.856247,1387.271240,-73.394798,82.152077,1411.526367,6.900712,67.170898,1433.636597,-117.133141
2311,19.258000,39.500309,1413.870361,-32.050488,149.801697,1387.294067,-73.354813,82.088074,1411.473877,6.917782,67.103180,1433.618042,-117.095505
2312,19.267000,39.430847,1413.787354,-32.003616,149.768219,1387.292358,-73.284042,82.044090,1411.402710,6.945267,67.053368,1433.592041,-117.066475
2313,19.275000,39.388248,1413.736572,-31.978533,149.751587,1387.322388,-73.277679,82.028473,1411.350464,6.961755,66.991035,1433.577515,-117.030502
2314,19.283000,39.322075,1413.673096,-32.006298,149.701447,1387.312866,-73.264442,81.934875,1411.288330,6.974618,66.962700,1433.517700,-117.036461
2315,19.292000,39.269466,1413.634888,-31.984352,149.666473,1387.306152,-73.193726,81.870705,1411.220703,6.981971,66.932144,1433.510620,-117.045387
2316,19.300000,39.195267,1413.656616,-31.984039,149.609558,1387.341064,-73.155060,81.655861,1411.190918,7.047992,66.864365,1433.534912,-117.028381
2317,19.308000,39.106956,1413.700073,-32.000378,149.539368,1387.340820,-73.150497,81.657364,1411.284180,7.067562,66.847382,1433.576904,-117.016182
2318,19.317000,39.027050,1413.768433,-32.053963,149.501709,1387.447266,-73.089653,81.556953,1411.418579,7.035256,66.792786,1433.630737,-117.040344
2319,19.325000,38.950665,1413.875610,-32.069729,149.441162,1387.561890,-73.015244,81.455971,1411.558960,7.035953,66.756554,1433.687378,-117.041466
2320,19.333000,38.838692,1414.040894,-32.050236,149.389832,1387.697266,-72.926132,81.378311,1411.725708,7.014849,66.714813,1433.745483,-117.076683
2321,19.342000,38.772980,1414.195923,-32.078186,149.334717,1387.826904,-72.828285,81.281120,1411.959595,7.049145,66.710335,1433.834473,-117.115540
2322,19.350000,38.707741,1414.345459,-32.106659,149.281021,1387.977417,-72.729454,81.063774,1412.095093,7.107242,66.685318,1433.907715,-117.142448
2323,19.358000,38.615402,1414.504639,-32.200397,149.238922,1388.120483,-72.664337,80.925629,1412.244019,7.138261,66.651527,1434.006592,-117.189423
2324,19.367000,38.539219,1414.669556,-32.263367,149.168121,1388.234009,-72.635063,80.838341,1412.428711,7.057343,66.596771,1434.094238,-117.254539
2325,19.375000,38.404446,1414.741089,-32.339161,149.117783,1388.385498,-72.650208,80.938316,1412.694214,6.888664,66.554085,1434.198242,-117.330269
2326,19.383000,38.337646,1414.837036,-32.384754,149.051025,1388.544678,-72.625938,80.871780,1412.924683,6.774430,66.495903,1434.299438,-117.402206
2327,19.392000,38.297726,1414.924438,-32.447639,149.015747,1388.667603,-72.656654,80.755852,1413.131592,6.793902,66.450142,1434.363770,-117.477287
2328,19.400000,38.268448,1414.956543,-32.521473,148.993652,1388.790161,-72.704147,80.731590,1413.236206,6.772752,66.376282,1434.451782,-117.544334
2329,19.408000,38.225815,1414.978638,-32.569012,148.957642,1388.855347,-72.731956,80.773277,1413.223267,6.646043,66.344238,1434.494751,-117.586990
2330,19.417000,38.157990,1415.024048,-32.607533,148.954666,1388.899536,-72.750725,80.711609,1413.212280,6.595082,66.300873,1434.535278,-117.618813
2331,19.425000,38.093384,1415.033203,-32.652199,148.961853,1388.912109,-72.778793,80.620583,1413.226685,6.576796,66.262589,1434.557617,-117.633316
2332,19.433000,38.042229,1415.028687,-32.659870,148.939514,1388.888062,-72.816162,80.594612,1413.205566,6.578503,66.245522,1434.542847,-117.644630
2333,19.442000,38.025631,1415.036499,-32.681988,148.889404,1388.860107,-72.792740,80.535110,1413.214478,6.580389,66.255890,1434.503540,-117.656021
2334,19.450000,38.043930,1415.002441,-32.696484,148.852676,1388.811768,-72.732727,80.508080,1413.174561,6.595869,66.292984,1434.470947,-117.634689
2335,19.458000,38.023476,1414.973145,-32.693386,148.843903,1388.711914,-72.667198,80.497406,1413.090576,6.599542,66.309860,1434.407471,-117.631355
2336,19.467000,38.097618,1414.981812,-32.688232,148.828278,1388.599365,-72.604469,80.231247,1412.964233,6.754800,66.317589,1434.351807,-117.606575
2337,19.475000,38.098148,1414.898193,-32.701248,148.784775,1388.438232,-72.610168,80.190155,1412.775635,6.867087,66.390175,1434.289062,-117.554489
2338,19.483000,38.102291,1414.797974,-32.684002,148.779129,1388.284546,-72.615570,80.206665,1412.615479,6.886308,66.436401,1434.219727,-117.530678
2339,19.492000,38.124531,1414.676758,-32.694077,148.812637,1388.121704,-72.613464,80.215225,1412.434814,6.880198,66.447189,1434.120117,-117.530571
2340,19.500000,38.139229,1414.612549,-32.672272,148.822479,1387.960693,-72.616890,80.242531,1412.278809,6.914415,66.470795,1434.071167,-117.521332
2341,19.508000,38.149422,1414.546387,-32.669434,148.802002,1387.852539,-72.665649,80.252228,1412.151855,6.956753,66.517326,1434.045166,-117.480949
2342,19.517000,38.147240,1414.483887,-32.658279,148.830063,1387.768188,-72.692368,80.256371,1412.072266,6.953032,66.524925,1433.998291,-117.459564
2343,19.525000,38.152897,1414.456909,-32.691074,148.802002,1387.733032,-72.749985,80.436005,1412.144043,6.907879,66.527275,1433.981323,-117.451302
2344,19.533000,38.176224,1414.469849,-32.655388,148.799667,1387.755371,-72.742455,80.330231,1412.119873,6.890922,66.515862,1433.986206,-117.464203
2345,19.542000,38.168594,1414.539062,-32.660027,148.831039,1387.808472,-72.689568,80.277206,1412.173218,6.940194,66.521355,1433.988159,-117.497223
2346,19.550000,38.151924,1414.628052,-32.711723,148.767517,1387.808594,-72.687523,80.246056,1412.271240,6.913529,66.526726,1434.026978,-117.539276
2347,19.558000,38.079369,1414.743774,-32.767597,148.725510,1387.782471,-72.652306,80.178482,1412.402832,6.830001,66.568169,1434.052979,-117.589317
2348,19.567000,37.921818,1414.819946,-32.820354,148.620941,1387.716797,-72.568039,80.226097,1412.583862,6.732372,66.630920,1434.080444,-117.655899
2349,19.575000,37.831551,1414.990601,-32.879349,148.492981,1387.566162,-72.409195,80.091499,1412.687988,6.631123,66.709946,1434.096558,-117.670578
2350,19.583000,37.716915,1415.172363,-32.938076,148.375259,1387.439209,-72.170654,79.902306,1412.762939,6.585490,66.806992,1434.120850,-117.706444
2351,19.592000,37.603882,1415.320801,-32.997433,148.225082,1387.226685,-71.946747,79.767509,1412.786865,6.586519,66.899178,1434.134155,-117.706200
2352,19.600000,37.527843,1415.417847,-33.035538,148.148178,1387.047729,-71.693153,79.620003,1412.769287,6.640450,66.966194,1434.130371,-117.696579
2353,19.608000,37.458580,1415.507080,-33.041683,148.083923,1386.873169,-71.534424,79.508675,1412.755737,6.688433,67.036697,1434.116333,-117.640335
2354,19.617000,37.444653,1415.511841,-32.996696,148.076401,1386.741699,-71.447044,79.458679,1412.717773,6.757688,67.073769,1434.093140,-117.589783
2355,19.625000,37.436150,1415.489502,-32.940975,148.080505,1386.656860,-71.489395,79.445259,1412.650757,6.841733,67.071625,1434.058472,-117.509964
2356,19.633000,37.471806,1415.382812,-32.830250,148.111649,1386.675171,-71.501778,79.499947,1412.547607,6.922369,67.049339,1434.026855,-117.419403
2357,19.642000,37.555389,1415.223877,-32.688465,148.154495,1386.687622,-71.529884,79.624321,1412.416992,7.033606,67.006561,1433.998779,-117.328003
2358,19.650000,37.636620,1415.053223,-32.538116,148.201874,1386.682129,-71.574814,79.773270,1412.193726,7.138784,66.952522,1433.967529,-117.201073
2359,19.658000,37.703411,1414.853394,-32.419228,148.249435,1386.632202,-71.636879,79.848259,1411.948608,7.259053,66.910797,1433.878540,-117.107399
2360,19.667000,37.795982,1414.706909,-32.349442,148.308411,1386.565308,-71.700798,80.034798,1411.643799,7.286554,66.862534,1433.869629,-117.006432
2361,19.675000,37.856815,1414.531738,-32.269367,148.341980,1386.421143,-71.735977,79.979172,1411.311523,7.357804,66.847702,1433.783325,-116.955276
2362,19.683000,37.856216,1414.385864,-32.247173,148.361343,1386.267456,-71.782722,79.969315,1411.074097,7.457078,66.840759,1433.782959,-116.868332
2363,19.692000,37.849873,1414.309448,-32.262020,148.371567,1386.130005,-71.774757,80.094490,1411.006714,7.529556,66.913475,1433.690063,-116.860786
2364,19.700000,37.813232,1414.294556,-32.255348,148.326202,1385.924561,-71.730202,79.957443,1410.827271,7.437750,66.954292,1433.690552,-116.836357
2365,19.708000,37.775883,1414.317749,-32.263252,148.284760,1385.813965,-71.650650,79.880249,1410.743652,7.464121,66.986069,1433.671021,-116.836220
2366,19.717000,37.751434,1414.340088,-32.264309,148.261902,1385.755859,-71.574783,79.826660,1410.742310,7.484405,67.022957,1433.657593,-116.810867
2367,19.725000,37.717369,1414.398438,-32.295341,148.277664,1385.796265,-71.537018,79.800591,1410.789673,7.479187,67.024307,1433.676392,-116.834831
2368,19.733000,37.716625,1414.455322,-32.293064,148.281677,1385.881348,-71.523369,79.809265,1410.866089,7.483819,66.998566,1433.715454,-116.829430
2369,19.742000,37.718651,1414.514771,-32.252285,148.281540,1385.962891,-71.558533,79.919243,1411.042358,7.572254,66.987335,1433.753052,-116.844437
2370,19.750000,37.708183,1414.588989,-32.285007,148.292953,1386.095825,-71.604095,79.910263,1411.162720,7.569427,66.959068,1433.823120,-116.846420
2371,19.758000,37.708771,1414.617432,-32.280743,148.285248,1386.217285,-71.635872,79.771507,1411.174316,7.453357,66.898415,1433.869019,-116.839737
2372,19.767000,37.699924,1414.682129,-32.291679,148.278824,1386.317993,-71.637733,79.749611,1411.202271,7.459140,66.879105,1433.945923,-116.850044
2373,19.775000,37.674767,1414.735352,-32.296249,148.265381,1386.388794,-71.588882,79.727455,1411.269897,7.467382,66.884117,1433.960693,-116.871742
2374,19.783000,37.655685,1414.783936,-32.293171,148.222977,1386.379883,-71.557091,79.702431,1411.336792,7.461351,66.915192,1433.996948,-116.867661
2375,19.792000,37.571419,1414.780029,-32.268486,148.199890,1386.371826,-71.515816,79.721214,1411.500244,7.523439,66.924911,1433.984497,-116.922737
2376,19.800000,37.592548,1414.803345,-32.251282,148.193573,1386.358521,-71.430016,79.758896,1411.463379,7.464384,66.947060,1434.027588,-116.874474
2377,19.808000,37.563644,1414.821411,-32.273907,148.201797,1386.363647,-71.389496,79.755501,1411.475464,7.462774,66.953941,1434.028442,-116.871376
2378,19.817000,37.567238,1414.816650,-32.253567,148.206085,1386.377930,-71.372620,79.680695,1411.533447,7.521279,66.971344,1434.017822,-116.836082
2379,19.825000,37.584587,1414.821533,-32.255901,148.233414,1386.360962,-71.349449,79.722977,1411.511719,7.502080,67.007935,1434.007446,-116.830467
2380,19.833000,37.571098,1414.844604,-32.222786,148.236954,1386.343628,-71.362328,79.667648,1411.598755,7.565148,67.015030,1433.972656,-116.822052
2381,19.842000,37.581928,1414.828735,-32.204350,148.266006,1386.301758,-71.316116,79.685944,1411.590576,7.636907,67.025452,1433.946655,-116.799606
2382,19.850000,37.587448,1414.808716,-32.165455,148.286453,1386.303955,-71.271042,79.684563,1411.572510,7.658958,67.030327,1433.919067,-116.764626
2383,19.858000,37.567226,1414.735840,-32.142132,148.255035,1386.275757,-71.205536,79.758224,1411.479980,7.621282,67.006248,1433.882690,-116.719978
2384,19.867000,37.629494,1414.709839,-32.086628,148.225769,1386.186401,-71.118134,79.671669,1411.284180,7.677542,67.017067,1433.827881,-116.692398
2385,19.875000,37.626415,1414.598999,-32.050442,148.186203,1386.092407,-71.034126,79.614532,1411.100220,7.787442,67.008965,1433.775024,-116.618240
2386,19.883000,37.627056,1414.450562,-31.964346,148.113434,1385.968140,-70.966049,79.766907,1410.981934,7.959077,66.969696,1433.727051,-116.518639
2387,19.892000,37.585178,1414.301270,-31.899651,148.051193,1385.876709,-70.911980,79.729820,1410.818726,8.001850,66.946365,1433.666138,-116.422180
2388,19.900000,37.572628,1414.141113,-31.841703,148.011124,1385.784668,-70.837540,79.682175,1410.650146,8.055932,66.892868,1433.562378,-116.392738
2389,19.908000,37.532848,1414.044678,-31.777237,148.018311,1385.704712,-70.773590,79.542168,1410.593384,8.196039,66.890106,1433.463745,-116.332855
2390,19.917000,37.479958,1413.988770,-31.751953,148.019608,1385.657104,-70.717133,79.476509,1410.546021,8.290822,66.841324,1433.487061,-116.244781
2391,19.925000,37.428741,1413.986084,-31.722099,147.961212,1385.556519,-70.683350,79.420593,1410.520630,8.325576,66.844254,1433.469604,-116.164688
2392,19.933000,37.370762,1414.051636,-31.713377,147.932693,1385.566528,-70.585686,79.362228,1410.555542,8.300806,66.833778,1433.429932,-116.212730
2393,19.942000,37.338020,1414.101318,-31.710096,147.905807,1385.621582,-70.529556,79.223473,1410.560791,8.234909,66.829361,1433.439209,-116.182190
2394,19.950000,37.292042,1414.202393,-31.712587,147.905289,1385.744141,-70.553970,79.298531,1410.751465,8.348238,66.797356,1433.512817,-116.214516
2395,19.958000,37.243347,1414.350586,-31.735682,147.923096,1385.881226,-70.591934,79.272133,1410.920288,8.361343,66.759811,1433.558350,-116.260277
2396,19.967000,37.206539,1414.441772,-31.731054,147.916550,1386.006104,-70.627724,79.146286,1410.965210,8.246102,66.746292,1433.633179,-116.296867
2397,19.975000,37.210403,1414.540405,-31.744074,147.917358,1386.110474,-70.658913,79.138283,1411.046021,8.235762,66.710968,1433.703125,-116.326813
2398,19.983000,37.224316,1414.575684,-31.749584,147.905212,1386.171631,-70.678444,79.138191,1411.134155,8.231701,66.692825,1433.758911,-116.309647
2399,19.992000,37.215149,1414.635132,-31.757792,147.913193,1386.266724,-70.707703,79.146095,1411.194214,8.192430,66.640678,1433.829102,-116.339149
2400,20.000000,37.201664,1414.693848,-31.769615,147.892822,1386.352295,-70.720459,79.281204,1411.358276,8.145795,66.607948,1433.887817,-116.349403
2401,20.008000,37.201275,1414.755859,-31.759516,147.861328,1386.399658,-70.682816,79.270988,1411.425293,8.097243,66.630257,1433.935547,-116.341476
2402,20.017000,37.115044,1414.775513,-31.753786,147.802109,1386.425659,-70.660820,79.262032,1411.488403,8.090352,66.639778,1433.977783,-116.358353
2403,20.025000,37.143326,1414.876587,-31.766071,147.762207,1386.457520,-70.554977,79.219498,1411.524658,8.106093,66.656136,1433.992920,-116.381264
2404,20.033000,37.084499,1414.870850,-31.744734,147.753189,1386.486328,-70.485680,79.179604,1411.563477,8.120542,66.662827,1434.017700,-116.344284
2405,20.042000,37.084328,1414.938477,-31.711946,147.751678,1386.528809,-70.491150,79.167992,1411.647095,8.133274,66.634979,1434.084351,-116.324677
2406,20.050000,37.075764,1415.009277,-31.694435,147.794464,1386.616577,-70.467674,79.175453,1411.724976,8.157762,66.641121,1434.090332,-116.289032
2407,20.058000,37.060745,1415.070435,-31.666107,147.818558,1386.695190,-70.468132,79.144615,1411.845459,8.175896,66.649811,1434.109497,-116.295021
2408,20.067000,37.057350,1415.110840,-31.631987,147.833694,1386.751709,-70.446228,79.168182,1411.928345,8.169321,66.631660,1434.142944,-116.248238
2409,20.075000,37.070568,1415.144653,-31.616848,147.844009,1386.776123,-70.436211,79.163071,1411.975098,8.161647,66.648621,1434.152466,-116.280731
2410,20.083000,37.067959,1415.170288,-31.602886,147.833237,1386.763306,-70.413506,79.193481,1411.977173,8.189236,66.670212,1434.174561,-116.259155
2411,20.092000,37.071747,1415.176270,-31.610512,147.825760,1386.676880,-70.367813,79.186821,1411.927002,8.193585,66.702271,1434.160034,-116.244270
2412,20.100000,37.087856,1415.161499,-31.594049,147.822433,1386.629639,-70.330482,79.202179,1411.891724,8.218639,66.748093,1434.174316,-116.233330
2413,20.108000,37.104820,1415.139160,-31.603001,147.807236,1386.557129,-70.285133,79.208549,1411.824097,8.236351,66.768471,1434.201782,-116.202110
2414,20.117000,37.154911,1415.155762,-31.635284,147.804352,1386.504639,-70.269066,79.264946,1411.769775,8.220146,66.823997,1434.188354,-116.204445
2415,20.125000,37.188004,1415.145996,-31.624165,147.809097,1386.453491,-70.282646,79.300774,1411.727783,8.218595,66.886505,1434.190674,-116.204727
2416,20.133000,37.262680,1415.105103,-31.604567,147.856277,1386.451660,-70.292328,79.377884,1411.652466,8.222914,66.918091,1434.120117,-116.220253
2417,20.142000,37.314968,1415.091797,-31.600166,147.910095,1386.461914,-70.353683,79.411713,1411.606079,8.232947,66.887444,1434.208862,-116.194046
2418,20.150000,37.325287,1415.074829,-31.562258,147.941666,1386.496826,-70.443878,79.456726,1411.593140,8.264681,66.879524,1434.220459,-116.153679
2419,20.158000,37.323292,1415.060181,-31.535894,147.996353,1386.582886,-70.501816,79.456360,1411.610352,8.274992,66.837273,1434.260986,-116.138084
2420,20.167000,37.326405,1415.049927,-31.498697,148.037994,1386.667603,-70.542038,79.450897,1411.660278,8.288339,66.800934,1434.292603,-116.106728
2421,20.175000,37.289173,1415.114136,-31.463337,148.060165,1386.763550,-70.517227,79.441017,1411.714722,8.318942,66.789360,1434.282959,-116.112381
2422,20.183000,37.229092,1415.206299,-31.418718,148.035553,1386.876953,-70.434349,79.375488,1411.887329,8.303562,66.775368,1434.355713,-116.105949
2423,20.192000,37.188095,1415.301147,-31.425491,147.968369,1386.930908,-70.279404,79.303574,1412.041138,8.329412,66.760910,1434.386475,-116.102676
2424,20.200000,37.128483,1415.488403,-31.371004,147.867950,1386.976929,-70.146584,79.199783,1412.168823,8.345540,66.738815,1434.425659,-116.088722
2425,20.208000,37.013203,1415.596558,-31.339548,147.777847,1386.971680,-70.000595,79.098640,1412.269897,8.377977,66.746323,1434.459106,-116.043159
2426,20.217000,36.955177,1415.683594,-31.317190,147.696579,1386.961060,-69.913719,79.008514,1412.362061,8.403668,66.739304,1434.494141,-116.016388
2427,20.225000,36.890713,1415.750488,-31.307772,147.663055,1387.030029,-69.806374,78.926888,1412.425659,8.431509,66.727776,1434.539551,-116.010475
2428,20.233000,36.855488,1415.775635,-31.260345,147.599152,1387.055298,-69.700150,78.857002,1412.451660,8.489333,66.701096,1434.553711,-115.956741
2429,20.242000,36.837105,1415.795654,-31.243410,147.580811,1387.120850,-69.634529,78.861626,1412.475342,8.520990,66.705154,1434.603638,-115.906570
2430,20.250000,36.827751,1415.775391,-31.212280,147.577515,1387.210327,-69.595879,78.848434,1412.486938,8.542132,66.653717,1434.638184,-115.890205
2431,20.258000,36.814964,1415.778320,-31.168953,147.621185,1387.317017,-69.599030,78.857750,1412.519043,8.555647,66.592583,1434.646240,-115.887993
2432,20.267000,36.848797,1415.766479,-31.137373,147.629608,1387.361328,-69.638092,78.879585,1412.548584,8.579180,66.615906,1434.652832,-115.811920
2433,20.275000,36.887112,1415.753662,-31.106514,147.665695,1387.385864,-69.616241,78.938583,1412.548828,8.609125,66.625458,1434.628784,-115.749619
2434,20.283000,36.910240,1415.772217,-31.068207,147.722336,1387.469604,-69.599274,78.998451,1412.567871,8.626122,66.630852,1434.672852,-115.755737
2435,20.292000,36.928333,1415.766479,-31.087698,147.749344,1387.503174,-69.565613,79.011940,1412.590576,8.640252,66.638763,1434.671997,-115.740295
2436,20.300000,36.959068,1415.783325,-31.073326,147.748932,1387.457886,-69.516449,79.014221,1412.599609,8.648639,66.669296,1434.688843,-115.731033
2437,20.308000,36.953522,1415.803955,-31.039429,147.745621,1387.427002,-69.476006,79.007111,1412.635742,8.707477,66.716064,1434.687378,-115.713737
2438,20.317000,36.971256,1415.817505,-31.000658,147.772766,1387.389771,-69.445999,79.039963,1412.598999,8.744536,66.764282,1434.677490,-115.686096
2439,20.325000,36.989685,1415.831299,-30.995584,147.803909,1387.401123,-69.429520,79.029747,1412.594727,8.778049,66.753220,1434.690063,-115.645119
2440,20.333000,36.974987,1415.817261,-30.920956,147.818924,1387.410645,-69.409691,79.036362,1412.600220,8.848844,66.721466,1434.697388,-115.591858
2441,20.342000,36.976578,1415.819458,-30.847082,147.846725,1387.458130,-69.393028,79.069260,1412.593140,8.902864,66.713188,1434.705078,-115.519089
2442,20.350000,36.980915,1415.779663,-30.777487,147.864273,1387.531372,-69.350136,79.073753,1412.584839,8.977113,66.677864,1434.728027,-115.431503
2443,20.358000,36.980961,1415.766846,-30.669203,147.871750,1387.524780,-69.288055,79.098816,1412.533081,9.088577,66.658119,1434.703247,-115.354408
2444,20.367000,36.953468,1415.765015,-30.611284,147.841217,1387.555786,-69.214806,79.038612,1412.561035,9.171744,66.639473,1434.720581,-115.283028
2445,20.375000,36.916576,1415.783813,-30.538322,147.784592,1387.498047,-69.097595,79.011368,1412.580444,9.292130,66.635132,1434.714600,-115.194298
2446,20.383000,36.906788,1415.835449,-30.498886,147.746933,1387.450439,-68.961716,78.983810,1412.614136,9.356783,66.683327,1434.711914,-115.139679
2447,20.392000,36.888527,1415.840088,-30.430206,147.702988,1387.386841,-68.820137,78.941452,1412.618286,9.412148,66.707123,1434.702515,-115.088104
2448,20.400000,36.887039,1415.834351,-30.385040,147.661926,1387.296631,-68.686363,78.968269,1412.549316,9.488116,66.737511,1434.721436,-114.965927
2449,20.408000,36.888512,1415.820190,-30.313854,147.650421,1387.233765,-68.597267,78.972130,1412.509033,9.569283,66.779366,1434.715942,-114.883957
2450,20.417000,36.927845,1415.772705,-30.224756,147.654663,1387.221069,-68.555237,78.991180,1412.438232,9.669930,66.778946,1434.710571,-114.813477
2451,20.425000,36.970039,1415.732910,-30.138374,147.716629,1387.239868,-68.561920,79.088661,1412.347046,9.733717,66.782593,1434.701660,-114.753731
2452,20.433000,37.023781,1415.662109,-30.056913,147.794983,1387.285522,-68.576866,79.168777,1412.288818,9.821433,66.770309,1434.659912,-114.707001
2453,20.442000,37.081470,1415.632080,-29.938305,147.881790,1387.358276,-68.606026,79.218094,1412.282959,9.925117,66.754730,1434.707153,-114.596031
2454,20.450000,37.076687,1415.654053,-29.862869,147.913773,1387.461914,-68.640724,79.267944,1412.316406,9.970902,66.716515,1434.763306,-114.520164
2455,20.458000,37.106201,1415.725098,-29.805483,147.906860,1387.510010,-68.606140,79.241425,1412.394409,9.988819,66.705849,1434.753052,-114.530556
2456,20.467000,37.055546,1415.832642,-29.749386,147.885422,1387.583862,-68.495834,79.241028,1412.503662,10.033056,66.720543,1434.811890,-114.477409
2457,20.475000,37.020950,1415.922119,-29.704065,147.837387,1387.583618,-68.342644,79.160713,1412.606567,10.067099,66.718384,1434.853394,-114.386719
2458,20.483000,36.960663,1416.012573,-29.703699,147.780167,1387.581787,-68.196175,79.053169,1412.732178,10.111518,66.744606,1434.896240,-114.371223
2459,20.492000,36.923561,1416.076782,-29.678993,147.729965,1387.602417,-68.059959,78.983139,1412.855835,10.157177,66.756699,1434.908325,-114.344040
2460,20.500000,36.873260,1416.147095,-29.647161,147.654083,1387.541748,-67.914902,78.948830,1412.894409,10.192163,66.772865,1434.902588,-114.282158
2461,20.508000,36.858475,1416.187622,-29.549831,147.449417,1387.520630,-67.981598,78.930374,1412.876465,10.246844,66.762596,1434.952271,-114.232544
2462,20.517000,36.845322,1416.146729,-29.505491,147.374496,1387.493530,-67.962090,78.918182,1412.823975,10.309991,66.730972,1434.942871,-114.134705
2463,20.525000,36.882030,1416.072632,-29.438931,147.420319,1387.473511,-67.944695,78.958702,1412.729980,10.384795,66.707458,1434.939087,-114.038994
2464,20.533000,36.902981,1415.965332,-29.333368,147.464462,1387.442505,-67.973412,78.989510,1412.589233,10.458257,66.660660,1434.908936,-113.959450
2465,20.542000,36.935863,1415.886597,-29.225971,147.492355,1387.433594,-67.976547,79.059776,1412.465088,10.561516,66.658203,1434.885864,-113.882294
2466,20.550000,36.965412,1415.816284,-29.159517,147.539169,1387.440308,-67.972885,79.133102,1412.413696,10.604441,66.635956,1434.873169,-113.801666
2467,20.558000,36.973042,1415.759033,-29.087568,147.678925,1387.471680,-67.787277,79.156456,1412.387207,10.640082,66.601685,1434.798462,-113.799217
2468,20.567000,36.983593,1415.779297,-29.049957,147.555832,1387.472900,-67.780807,79.137886,1412.367798,10.688802,66.608307,1434.767334,-113.736809
2469,20.575000,36.932117,1415.811035,-29.034990,147.463089,1387.479248,-67.733101,79.074890,1412.458618,10.738771,66.585678,1434.783813,-113.719734
2470,20.583000,36.880550,1415.882812,-28.991314,147.544052,1387.475342,-67.501183,79.004570,1412.531006,10.766729,66.603363,1434.777710,-113.674675
2471,20.592000,36.797295,1415.964478,-28.969557,147.431122,1387.488892,-67.490059,78.913849,1412.645630,10.782030,66.565834,1434.807251,-113.662773
2472,20.600000,36.746113,1415.992798,-28.950142,147.322983,1387.455444,-67.431702,78.826355,1412.698242,10.815480,66.543533,1434.807495,-113.615585
2473,20.608000,36.685036,1416.012695,-28.904665,147.253357,1387.436768,-67.375343,78.761993,1412.732300,10.885965,66.530197,1434.807251,-113.572464
2474,20.617000,36.644463,1416.032837,-28.858459,147.354324,1387.477539,-67.114960,78.735580,1412.718262,10.940991,66.477928,1434.825562,-113.493202
2475,20.625000,36.602467,1415.984863,-28.773312,147.369568,1387.527100,-66.986557,78.682365,1412.679077,11.026556,66.391335,1434.854492,-113.353645
2476,20.633000,36.559326,1415.941406,-28.712900,147.347336,1387.568481,-66.963074,78.648430,1412.656372,11.059856,66.327469,1434.853271,-113.328773
2477,20.642000,36.523331,1415.925781,-28.639353,147.302948,1387.582031,-66.971809,78.645630,1412.629761,11.120131,66.250153,1434.896118,-113.240944
2478,20.650000,36.506516,1415.947144,-28.600756,147.335632,1387.629517,-66.998962,78.659218,1412.642700,11.160445,66.192451,1434.936035,-113.168610
2479,20.658000,36.458942,1415.984009,-28.585678,147.344498,1387.694702,-67.018913,78.625458,1412.720581,11.177865,66.141113,1434.987549,-113.125160
2480,20.667000,36.452347,1416.041504,-28.556761,147.298828,1387.752197,-66.981056,78.567001,1412.788452,11.209879,66.096840,1435.002563,-113.106941
2481,20.675000,36.413876,1416.130249,-28.552605,147.242752,1387.794922,-66.893997,78.507874,1412.903320,11.206585,66.092331,1435.058716,-113.086388
2482,20.683000,36.351715,1416.224243,-28.573082,147.168503,1387.804199,-66.803780,78.432182,1412.990234,11.210819,66.120804,1435.090942,-113.101311
2483,20.692000,36.314072,1416.324829,-28.589178,147.119461,1387.824463,-66.751373,78.392464,1413.090210,11.202084,66.115196,1435.152222,-113.143707
2484,20.700000,36.285755,1416.397339,-28.593105,147.079056,1387.891724,-66.726936,78.353966,1413.203125,11.185670,66.079903,1435.212158,-113.161880
2485,20.708000,36.260593,1416.486694,-28.585627,147.065582,1387.954102,-66.729530,78.329338,1413.292114,11.160619,66.051453,1435.284912,-113.183464
2486,20.717000,36.248241,1416.546143,-28.598745,147.057251,1388.090332,-66.779510,78.317383,1413.382568,11.120430,66.001137,1435.347900,-113.216240
2487,20.725000,36.237904,1416.583740,-28.588453,147.045715,1388.184204,-66.827538,78.205360,1413.516602,11.205350,65.951981,1435.377563,-113.208282
2488,20.733000,36.220711,1416.593506,-28.609211,147.053299,1388.255371,-66.860901,78.197502,1413.563721,11.251619,65.921852,1435.418701,-113.206627
2489,20.742000,36.204266,1416.588379,-28.576477,147.022339,1388.273804,-66.877213,78.283142,1413.494751,11.174726,65.865242,1435.445190,-113.170609
2490,20.750000,36.197487,1416.573608,-28.531170,146.988861,1388.262329,-66.879898,78.308891,1413.433350,11.143070,65.810738,1435.449341,-113.158318
2491,20.758000,36.173508,1416.531616,-28.520779,146.962708,1388.230957,-66.883591,78.286354,1413.393188,11.178331,65.795723,1435.425781,-113.099152
2492,20.767000,36.144604,1416.491455,-28.472229,146.930817,1388.116089,-66.826744,78.140556,1413.389160,11.324366,65.776367,1435.395386,-113.038551
2493,20.775000,36.127098,1416.446289,-28.445230,146.888290,1388.030273,-66.785309,78.112282,1413.283813,11.403846,65.782860,1435.350952,-113.023918
2494,20.783000,36.086205,1416.394897,-28.430660,146.859314,1387.954590,-66.716537,78.032440,1413.223999,11.435661,65.752831,1435.307129,-112.986832
2495,20.792000,36.046108,1416.338623,-28.403957,146.827560,1387.833618,-66.651405,78.044846,1413.116211,11.481011,65.719307,1435.248047,-112.941856
2496,20.800000,36.020142,1416.251831,-28.359667,146.786545,1387.747314,-66.628296,77.982407,1413.037354,11.522281,65.702194,1435.194946,-112.896835
2497,20.808000,35.982628,1416.189209,-28.326225,146.733719,1387.650024,-66.598793,77.935364,1412.911987,11.578874,65.657829,1435.128906,-112.841042
2498,20.817000,35.949722,1416.098022,-28.289045,146.714600,1387.633301,-66.596329,77.856308,1412.822388,11.623036,65.594803,1435.099854,-112.797241
2499,20.825000,35.858826,1416.024780,-28.263910,146.680328,1387.580811,-66.604462,77.787773,1412.716797,11.659972,65.522415,1435.052368,-112.745277
2500,20.833000,35.791824,1415.961304,-28.236422,146.608475,1387.505249,-66.609138,77.829628,1412.541748,11.605186,65.437592,1435.012207,-112.711609
2501,20.842000,35.702530,1415.901123,-28.222521,146.514191,1387.476440,-66.584396,77.734222,1412.508667,11.599855,65.366463,1434.962769,-112.695854
2502,20.850000,35.612770,1415.859863,-28.235729,146.442688,1387.460205,-66.506500,77.647949,1412.493286,11.618869,65.312721,1434.896484,-112.701515
2503,20.858000,35.501152,1415.846436,-28.228851,146.350922,1387.417236,-66.455246,77.530060,1412.488281,11.618822,65.206474,1434.875244,-112.713753
2504,20.867000,35.380268,1415.779541,-28.226051,146.269730,1387.360962,-66.407936,77.394310,1412.451904,11.631963,65.153656,1434.766235,-112.679581
2505,20.875000,35.259876,1415.742310,-28.215801,146.168411,1387.284302,-66.374680,77.273476,1412.360229,11.669075,65.102142,1434.684570,-112.678802
2506,20.883000,35.141850,1415.652222,-28.176781,146.094925,1387.215942,-66.329308,77.131157,1412.269409,11.691113,65.001259,1434.631470,-112.653145
2507,20.892000,35.059139,1415.574341,-28.117033,146.018311,1387.145142,-66.299530,77.037369,1412.120728,11.707987,64.935966,1434.541260,-112.601746
2508,20.900000,34.951000,1415.431641,-28.100155,145.918625,1387.065918,-66.326515,76.937035,1411.979492,11.706892,64.862144,1434.470337,-112.565849
2509,20.908000,34.905865,1415.244629,-28.076302,145.840637,1386.957886,-66.304558,76.861313,1411.846680,11.753637,64.768021,1434.384888,-112.543129
2510,20.917000,34.803444,1415.121948,-28.026623,145.766953,1386.844971,-66.310822,76.783348,1411.685791,11.778913,64.677933,1434.319946,-112.511810
2511,20.925000,34.710419,1415.003662,-28.024780,145.705353,1386.761108,-66.315025,76.608818,1411.643188,11.888844,64.620338,1434.217896,-112.466339
2512,20.933000,34.633270,1414.919556,-28.023712,145.626343,1386.656006,-66.355240,76.540085,1411.537842,11.929585,64.580933,1434.154663,-112.451927
2513,20.942000,34.591927,1414.871582,-28.050787,145.598022,1386.604004,-66.364937,76.460701,1411.518433,11.913246,64.533707,1434.124023,-112.445641
2514,20.950000,34.560921,1414.864990,-28.060614,145.585724,1386.579468,-66.341797,76.393257,1411.504272,11.916720,64.505638,1434.096313,-112.451904
2515,20.958000,34.498131,1414.887939,-28.063545,145.535278,1386.559937,-66.342499,76.358147,1411.525146,11.904663,64.455170,1434.044434,-112.488167
2516,20.967000,34.444748,1414.892700,-28.070930,145.488876,1386.565674,-66.332657,76.310966,1411.550659,11.876404,64.421837,1434.032227,-112.534615
2517,20.975000,34.396568,1414.895874,-28.070797,145.437119,1386.531250,-66.299347,76.248070,1411.584106,11.887715,64.386688,1433.997437,-112.531006
2518,20.983000,34.364300,1414.886230,-28.077744,145.230850,1386.427734,-66.473099,76.183037,1411.580933,11.897415,64.358665,1433.975952,-112.525764
2519,20.992000,34.302879,1414.822632,-28.066473,145.148956,1386.347290,-66.554245,76.126389,1411.495361,11.901540,64.323547,1433.932129,-112.479767
2520,21.000000,34.248886,1414.713867,-28.077761,145.089355,1386.242798,-66.568611,76.085358,1411.356079,11.912908,64.287079,1433.907104,-112.426010
2521,21.008000,34.219585,1414.625610,-28.039059,144.994522,1386.160645,-66.535378,76.018044,1411.260498,11.949171,64.253967,1433.864258,-112.395630
2522,21.017000,34.168343,1414.531494,-27.999006,144.906982,1386.044067,-66.494385,75.993530,1411.143555,11.987599,64.232086,1433.804932,-112.353920
2523,21.025000,34.172722,1414.411987,-27.974712,144.874313,1385.939331,-66.467102,75.974930,1411.039307,12.017604,64.249542,1433.732788,-112.324776
2524,21.033000,34.164989,1414.297241,-27.954121,144.801743,1385.779663,-66.465797,75.973953,1410.892822,12.054452,64.252167,1433.657349,-112.285057
2525,21.042000,34.185249,1414.191528,-27.956177,144.786362,1385.665649,-66.476723,75.983170,1410.770020,12.098189,64.255455,1433.597656,-112.225655
2526,21.050000,34.192818,1414.112305,-27.901398,144.782715,1385.607910,-66.508492,76.003014,1410.651245,12.131991,64.232376,1433.549683,-112.186569
2527,21.058000,34.199924,1414.008057,-27.880732,144.832611,1385.584595,-66.523857,76.022507,1410.559692,12.168185,64.225250,1433.501343,-112.171097
2528,21.067000,34.225189,1413.988159,-27.858036,144.860260,1385.619385,-66.561363,76.053291,1410.558960,12.197562,64.207016,1433.470093,-112.146713
2529,21.075000,34.206913,1413.982544,-27.800692,144.891617,1385.654663,-66.582695,76.077858,1410.569092,12.224405,64.177956,1433.451782,-112.118866
2530,21.083000,34.235920,1414.001221,-27.774065,144.923843,1385.723389,-66.621292,76.094673,1410.606079,12.213593,64.146721,1433.454834,-112.113663
2531,21.092000,34.205410,1414.009521,-27.775463,144.927567,1385.749878,-66.652618,76.085236,1410.678589,12.219890,64.131577,1433.462769,-112.126656
2532,21.100000,34.173992,1414.059937,-27.788712,144.920441,1385.741455,-66.599365,76.038498,1410.719849,12.204720,64.131744,1433.469727,-112.133041
2533,21.108000,34.140888,1414.097900,-27.780783,144.864777,1385.712769,-66.554459,76.012054,1410.767212,12.191967,64.099289,1433.504761,-112.143784
2534,21.117000,34.086338,1414.191528,-27.776031,144.812576,1385.701538,-66.524994,75.963852,1410.820679,12.193810,64.110558,1433.535278,-112.122513
2535,21.125000,34.028904,1414.295044,-27.775669,144.775345,1385.747559,-66.508568,75.933907,1410.859497,12.163911,64.072540,1433.582642,-112.135933
2536,21.133000,34.014763,1414.307617,-27.772835,144.740646,1385.762695,-66.463875,75.871407,1410.899902,12.174075,64.054810,1433.581787,-112.141731
2537,21.142000,33.975868,1414.339722,-27.755136,144.699203,1385.798828,-66.430885,75.874062,1410.921997,12.214664,64.024033,1433.601562,-112.141441
2538,21.150000,33.968742,1414.351929,-27.726309,144.695816,1385.874634,-66.428818,75.859650,1410.970215,12.230615,63.951874,1433.649658,-112.114967
2539,21.158000,33.963215,1414.339111,-27.680862,144.694412,1385.916138,-66.478676,75.863098,1410.939331,12.237621,63.921608,1433.658081,-112.114349
2540,21.167000,33.942734,1414.317749,-27.659786,144.696289,1385.937256,-66.557434,75.848656,1410.966187,12.266638,63.859097,1433.669922,-112.080414
2541,21.175000,33.923325,1414.323486,-27.604603,144.879730,1386.024536,-66.304840,75.858223,1410.967529,12.305806,63.824928,1433.672852,-112.016357
2542,21.183000,33.929165,1414.329224,-27.570604,144.942841,1386.083252,-66.126160,75.875443,1410.992920,12.344300,63.818066,1433.659546,-111.999023
2543,21.192000,33.921009,1414.333740,-27.547022,144.884720,1386.104858,-66.058067,75.861641,1411.026489,12.352949,63.820152,1433.642334,-111.974319
2544,21.200000,33.895687,1414.319336,-27.496639,144.829285,1386.077881,-66.011589,75.849907,1411.005005,12.400935,63.816830,1433.603027,-111.946686
2545,21.208000,33.901566,1414.312134,-27.459940,144.787384,1386.011963,-65.931435,75.825798,1410.964844,12.447120,63.840679,1433.552856,-111.899826
2546,21.217000,33.880428,1414.244751,-27.393950,144.732269,1385.872559,-65.877213,75.812729,1410.885010,12.501600,63.863972,1433.521484,-111.849403
2547,21.225000,33.904472,1414.197144,-27.343874,144.741104,1385.809326,-65.820900,75.806740,1410.801025,12.557069,63.859158,1433.456177,-111.778618
2548,21.233000,33.874275,1414.113037,-27.260815,144.754333,1385.718262,-65.761978,75.787598,1410.695435,12.627333,63.846291,1433.424316,-111.710014
