t_capture,t_command,latency_ms,signal_age_ms
1788213892.854059,1788213892.855059,1.000,0.631
1788213892.855059,1788213892.862627,7.568,7.449
1788213892.869116,1788213892.870553,1.437,1.430
1788213892.871578,1788213892.878634,7.057,7.254
1788213892.884783,1788213892.886783,1.999,2.265
1788213892.887792,1788213892.894634,6.842,7.120
1788213892.900563,1788213892.902519,1.956,2.044
1788213892.903841,1788213892.910855,7.014,6.914
1788213892.916037,1788213892.919110,3.073,2.725
1788213892.920036,1788213892.927110,7.074,6.365
1788213892.931572,1788213892.934592,3.020,3.288
1788213892.937207,1788213892.943299,6.092,5.163
1788213892.946873,1788213892.951025,4.151,3.463
1788213892.953892,1788213892.959342,5.450,4.975
1788213892.962257,1788213892.967086,4.829,4.636
1788213892.971046,1788213892.975030,3.984,3.723
1788213892.978126,1788213892.983076,4.950,4.609
1788213892.986289,1788213892.991290,5.002,4.345
1788213892.995762,1788213892.998815,3.053,3.332
1788213893.003725,1788213893.006739,3.014,3.254
1788213893.013093,1788213893.015177,2.084,2.101
1788213893.020309,1788213893.023412,3.103,1.950
1788213893.028832,1788213893.031281,2.449,1.442
1788213893.037745,1788213893.039323,1.578,0.939
1788213893.045090,1788213893.047143,2.053,1.517
1788213893.045090,1788213893.055107,10.017,9.536
1788213893.061682,1788213893.063197,1.515,0.165
1788213893.070535,1788213893.071514,0.979,0.180
1788213893.070535,1788213893.079116,8.581,8.194
1788213893.085249,1788213893.087308,2.059,1.664
1788213893.087308,1788213893.094828,7.520,7.238
1788213893.100646,1788213893.103186,2.540,2.057
1788213893.104148,1788213893.111347,7.199,7.024
1788213893.116134,1788213893.118741,2.607,2.004
1788213893.120756,1788213893.127488,6.732,5.867
1788213893.131528,1788213893.135463,3.936,3.135
1788213893.137455,1788213893.142879,5.424,5.333
1788213893.146910,1788213893.150928,4.019,3.908
1788213893.152932,1788213893.159096,6.164,5.796
1788213893.162110,1788213893.167155,5.046,4.684
1788213893.171185,1788213893.175554,4.369,3.735
1788213893.178557,1788213893.183036,4.479,4.457
1788213893.186558,1788213893.191109,4.551,4.404
1788213893.195119,1788213893.199121,4.002,3.666
1788213893.203129,1788213893.207128,3.999,3.750
1788213893.211762,1788213893.214822,3.060,3.088
1788213893.219863,1788213893.222957,3.094,3.426
1788213893.228840,1788213893.231288,2.449,1.893
1788213893.238251,1788213893.239271,1.020,0.914
1788213893.244425,1788213893.247014,2.589,2.559
1788213893.254045,1788213893.255499,1.454,1.457
1788213893.261564,1788213893.264200,2.635,1.610
1788213893.270996,1788213893.272063,1.067,1.023
1788213893.272063,1788213893.279999,7.936,7.377
1788213893.279999,1788213893.287569,7.570,7.596
1788213893.294950,1788213893.296538,1.587,0.750
1788213893.294950,1788213893.304490,9.540,8.757
1788213893.311392,1788213893.311392,0.000,0.375
1788213893.319030,1788213893.319966,0.936,0.803
1788213893.319966,1788213893.328400,8.434,7.911
1788213893.335413,1788213893.336423,1.011,1.018
1788213893.336423,1788213893.343925,7.501,7.129
1788213893.349948,1788213893.352413,2.465,1.814
1788213893.353484,1788213893.360431,6.947,6.392
1788213893.367013,1788213893.368466,1.453,0.855
1788213893.370480,1788213893.376516,6.036,5.987
1788213893.383126,1788213893.384204,1.077,1.154
1788213893.386229,1788213893.392519,6.290,5.062
1788213893.398504,1788213893.400505,2.000,2.099
1788213893.403517,1788213893.408829,5.312,4.419
1788213893.413389,1788213893.415965,2.576,3.015
1788213893.419923,1788213893.424206,4.284,3.938
1788213893.429845,1788213893.431846,2.001,2.585
1788213893.437230,1788213893.439936,2.706,3.397
1788213893.447480,1788213893.447990,0.510,0.849
1788213893.453489,1788213893.456564,3.075,2.901
1788213893.461654,1788213893.464639,2.985,1.893
1788213893.471206,1788213893.472293,1.087,0.823
1788213893.479835,1788213893.480835,1.000,0.373
1788213893.479835,1788213893.488537,8.702,8.388
1788213893.494530,1788213893.496628,2.098,1.756
1788213893.503533,1788213893.504543,1.010,0.370
1788213893.506538,1788213893.512192,5.654,5.979
1788213893.520464,1788213893.520464,0.000,0.366
1788213893.522509,1788213893.529058,6.549,6.090
1788213893.527977,1788213893.537014,9.037,7.963
1788213893.544489,1788213893.553442,8.953,8.146
1788213893.562081,1788213893.568284,6.202,5.477
1788213893.578784,1788213893.583541,4.757,4.375
1788213893.594855,1788213893.599369,4.514,3.600
1788213893.612155,1788213893.614708,2.552,2.282
1788213893.628884,1788213893.629905,1.021,0.878
1788213893.644815,1788213893.645814,0.999,0.452
1788213893.653210,1788213893.661473,8.263,7.693
1788213893.670476,1788213893.676749,6.273,6.200
1788213893.687341,1788213893.692348,5.007,4.823
1788213893.702788,1788213893.708302,5.514,4.796
1788213893.720536,1788213893.723535,2.998,2.483
1788213893.736147,1788213893.739169,3.022,2.162
1788213893.753466,1788213893.754479,1.013,0.991
1788213893.760669,1788213893.770027,9.358,8.901
1788213893.780656,1788213893.785583,4.926,3.735
1788213893.796248,1788213893.800795,4.547,4.255
1788213893.812656,1788213893.816675,4.019,3.476
1788213893.828743,1788213893.831805,3.062,2.538
1788213893.845519,1788213893.847028,1.509,1.013
1788213893.861736,1788213893.862822,1.086,0.439
1788213893.870535,1788213893.877971,7.436,7.086
1788213893.887201,1788213893.893347,6.146,5.638
1788213893.902291,1788213893.909436,7.145,5.967
1788213893.921921,1788213893.925150,3.230,3.073
1788213893.936528,1788213893.940374,3.845,3.249
1788213893.945894,1788213893.955731,9.837,9.550
1788213893.962233,1788213893.970853,8.620,8.554
1788213893.978869,1788213893.985740,6.871,6.579
1788213893.994928,1788213894.000428,5.499,4.714
1788213894.012101,1788213894.016407,4.306,3.953
1788213894.028990,1788213894.032219,3.228,2.858
1788213894.045592,1788213894.047417,1.825,1.254
1788213894.061563,1788213894.062577,1.013,0.294
1788213894.069686,1788213894.078640,8.955,7.848
1788213894.086712,1788213894.094773,8.060,7.669
1788213894.104731,1788213894.109774,5.043,4.163
1788213894.119722,1788213894.125376,5.654,4.629
1788213894.136397,1788213894.140602,4.205,3.342
1788213894.154838,1788213894.155911,1.073,0.994
1788213894.162849,1788213894.163854,1.004,0.746
1788213894.170845,1788213894.172054,1.209,0.884
1788213894.187123,1788213894.188123,0.999,0.403
1788213894.194579,1788213894.203562,8.983,8.092
1788213894.211881,1788213894.219097,7.216,6.782
1788213894.232242,1788213894.234443,2.201,2.173
1788213894.244632,1788213894.250356,5.725,4.998
1788213894.253365,1788213894.257369,4.004,4.081
1788213894.261423,1788213894.265808,4.385,4.017
1788213894.278999,1788213894.281186,2.188,1.854
1788213894.281186,1788213894.289194,8.008,7.275
1788213894.295206,1788213894.297205,1.999,1.271
1788213894.304384,1788213894.305399,1.015,0.101
1788213894.311912,1788213894.312967,1.055,0.592
1788213894.320506,1788213894.321501,0.995,0.432
1788213894.327692,1788213894.329139,1.448,1.376
1788213894.327692,1788213894.336841,9.149,9.394
1788213894.344013,1788213894.345457,1.444,0.160
1788213894.344013,1788213894.352877,8.863,8.179
1788213894.358347,1788213894.360918,2.571,2.054
1788213894.358347,1788213894.369313,10.966,10.065
1788213894.375171,1788213894.377540,2.369,2.073
1788213894.375171,1788213894.385384,10.212,10.082
1788213894.390102,1788213894.393110,3.008,3.029
1788213894.390102,1788213894.401399,11.297,11.035
1788213894.404406,1788213894.409411,5.004,4.917
1788213894.415928,1788213894.416935,1.007,1.373
1788213894.420458,1788213894.425463,5.005,4.482
1788213894.428470,1788213894.433470,5.000,4.272
1788213894.436488,1788213894.441569,5.081,3.961
1788213894.448723,1788213894.449400,0.677,0.078
1788213894.453411,1788213894.456892,3.482,3.387
1788213894.464274,1788213894.465645,1.371,0.118
1788213894.470359,1788213894.472757,2.398,2.434
1788213894.481157,1788213894.481157,0.000,0.226
1788213894.482160,1788213894.489246,7.086,6.960
1788213894.496366,1788213894.497366,1.000,1.042
1788213894.503373,1788213894.505373,2.000,1.411
1788213894.511883,1788213894.512889,1.006,1.179
1788213894.511883,1788213894.520919,9.036,9.196
1788213894.527926,1788213894.529429,1.503,0.727
1788213894.536512,1788213894.540645,4.133,3.550
1788213894.545554,1788213894.548643,3.089,2.244
1788213894.553565,1788213894.556559,2.993,2.255
1788213894.562559,1788213894.564561,2.002,1.845
1788213894.571604,1788213894.571604,0.000,0.128
1788213894.578271,1788213894.580283,2.012,1.773
1788213894.586934,1788213894.588933,1.999,1.000
1788213894.596467,1788213894.596467,0.000,0.071
1788213894.603874,1788213894.604886,1.012,0.937
1788213894.611932,1788213894.612937,1.006,0.494
1788213894.617543,1788213894.620575,3.032,2.315
1788213894.620575,1788213894.628616,8.041,7.885
1788213894.635864,1788213894.636957,1.093,0.260
1788213894.635864,1788213894.644400,8.535,8.268
1788213894.650420,1788213894.652419,1.999,2.478
1788213894.654428,1788213894.660225,5.796,5.576
1788213894.666240,1788213894.668239,1.998,1.823
1788213894.666240,1788213894.676979,10.739,9.838
1788213894.682497,1788213894.684505,2.008,1.898
1788213894.682497,1788213894.693033,10.536,9.914
1788213894.697547,1788213894.700557,3.010,2.983
1788213894.697547,1788213894.708555,11.008,11.000
1788213894.713771,1788213894.716285,2.514,3.098
1788213894.713771,1788213894.724345,10.574,11.111
1788213894.727345,1788213894.732353,5.008,5.376
1788213894.727345,1788213894.740861,13.516,13.391
1788213894.746404,1788213894.748404,1.999,1.764
1788213894.754405,1788213894.756932,2.526,1.927
1788213894.761931,1788213894.763932,2.001,2.400
1788213894.772519,1788213894.772519,0.000,0.042
1788213894.772519,1788213894.780698,8.179,7.807
1788213894.788700,1788213894.788700,0.000,0.550
1788213894.788700,1788213894.796767,8.067,8.568
1788213894.803275,1788213894.805283,2.007,1.378
1788213894.811795,1788213894.812810,1.014,0.885
1788213894.820510,1788213894.821501,0.991,0.576
1788213894.828501,1788213894.829500,1.000,0.293
1788213894.835030,1788213894.837545,2.515,1.936
1788213894.837545,1788213894.845545,8.000,7.689
1788213894.851074,1788213894.853073,1.999,2.280
1788213894.853073,1788213894.861594,8.521,7.418
1788213894.866586,1788213894.869102,2.515,2.512
1788213894.866586,1788213894.877630,11.044,10.526
1788213894.883145,1788213894.885151,2.006,2.288
1788213894.883145,1788213894.893676,10.531,10.303
1788213894.897691,1788213894.901202,3.511,2.819
1788213894.897691,1788213894.909209,11.518,10.830
1788213894.913745,1788213894.916488,2.743,2.616
1788213894.913745,1788213894.925555,11.809,10.629
1788213894.928555,1788213894.933073,4.517,4.874
1788213894.928555,1788213894.941616,13.060,12.891
1788213894.945607,1788213894.949615,4.007,3.921
1788213894.945607,1788213894.957140,11.533,11.928
1788213894.960660,1788213894.965176,4.516,4.290
1788213894.960660,1788213894.973217,12.557,12.301
1788213894.977214,1788213894.981223,4.009,4.087
1788213894.977214,1788213894.989223,12.009,12.096
1788213894.992730,1788213894.997745,5.015,4.248
1788213894.992730,1788213895.005744,13.014,12.256
1788213895.008742,1788213895.013484,4.742,4.412
1788213895.020998,1788213895.020998,0.000,0.099
1788213895.023005,1788213895.030005,7.000,6.393
1788213895.036521,1788213895.037520,1.000,0.316
1788213895.038520,1788213895.046047,7.527,6.804
1788213895.053566,1788213895.053566,0.000,0.033
1788213895.054566,1788213895.062019,7.453,7.193
1788213895.068276,1788213895.069558,1.281,1.151
1788213895.070554,1788213895.077076,6.523,6.944
1788213895.082609,1788213895.085609,3.000,2.395
1788213895.085609,1788213895.093607,7.997,7.342
1788213895.098134,1788213895.102148,4.014,3.216
1788213895.103140,1788213895.110147,7.007,6.537
1788213895.114125,1788213895.118078,3.953,3.146
1788213895.120265,1788213895.125517,5.252,5.671
1788213895.129319,1788213895.133887,4.568,4.316
1788213895.137272,1788213895.142247,4.975,4.656
1788213895.146757,1788213895.149770,3.012,2.879
1788213895.152769,1788213895.157282,4.513,4.815
1788213895.161243,1788213895.166132,4.889,4.478
1788213895.161243,1788213895.174145,12.902,12.509
1788213895.178419,1788213895.181643,3.224,3.609
1788213895.178419,1788213895.189864,11.446,11.624
1788213895.195044,1788213895.197573,2.529,2.677
1788213895.195044,1788213895.206093,11.049,10.687
1788213895.211602,1788213895.214119,2.517,2.399
1788213895.219621,1788213895.221635,2.014,2.164
1788213895.227143,1788213895.230144,3.001,2.146
1788213895.236673,1788213895.238184,1.511,0.243
1788213895.244191,1788213895.245190,0.999,1.090
1788213895.252709,1788213895.253716,1.007,0.754
1788213895.261244,1788213895.270242,8.998,8.773
1788213895.271243,1788213895.277916,6.673,6.791
1788213895.284909,1788213895.285908,1.000,0.981
1788213895.285908,1788213895.293909,8.001,7.665
1788213895.301446,1788213895.302444,0.998,0.279
1788213895.303956,1788213895.309970,6.014,5.989
1788213895.318009,1788213895.318009,0.000,0.234
1788213895.319513,1788213895.326049,6.537,6.028
1788213895.332523,1788213895.334035,1.512,0.853
1788213895.338290,1788213895.342193,3.902,3.339
1788213895.347411,1788213895.350245,2.835,2.926
1788213895.353233,1788213895.358191,4.957,4.863
1788213895.362190,1788213895.366190,4.001,3.524
1788213895.370190,1788213895.374191,4.001,3.992
1788213895.378385,1788213895.382385,4.000,3.948
1788213895.386384,1788213895.390067,3.682,3.649
1788213895.394593,1788213895.398594,4.002,3.374
1788213895.402590,1788213895.406594,4.004,2.863
1788213895.412093,1788213895.414103,2.010,2.025
1788213895.419612,1788213895.422122,2.510,2.422
1788213895.428204,1788213895.430195,1.991,1.623
1788213895.436895,1788213895.437894,0.998,1.419
1788213895.444893,1788213895.445856,0.963,0.886
1788213895.453596,1788213895.453596,0.000,0.363
1788213895.461774,1788213895.461774,0.000,0.139
1788213895.469756,1788213895.469756,0.000,0.027
1788213895.478095,1788213895.478095,0.000,0.055
1788213895.478095,1788213895.486092,7.997,8.064
1788213895.487100,1788213895.494016,6.917,7.212
1788213895.494016,1788213895.502111,8.095,7.626
1788213895.503014,1788213895.510108,7.094,7.209
1788213895.517704,1788213895.518744,1.040,0.697
1788213895.518744,1788213895.526055,7.312,7.418
1788213895.533093,1788213895.534235,1.142,1.501
1788213895.535130,1788213895.542209,7.079,7.547
1788213895.548217,1788213895.550212,1.996,1.600
1788213895.548217,1788213895.557890,9.673,9.610
1788213895.564415,1788213895.566414,1.999,1.674
1788213895.564415,1788213895.574711,10.296,9.685
1788213895.577721,1788213895.582716,4.994,4.079
1788213895.577721,1788213895.590791,13.070,12.086
1788213895.593709,1788213895.598800,5.091,4.417
1788213895.593709,1788213895.606785,13.076,12.433
1788213895.610109,1788213895.613793,3.684,4.247
1788213895.610109,1788213895.622809,12.700,12.266
1788213895.626505,1788213895.630156,3.651,4.246
1788213895.637810,1788213895.638908,1.098,0.435
1788213895.645253,1788213895.646152,0.899,1.290
1788213895.653470,1788213895.654426,0.955,0.715
1788213895.655467,1788213895.663127,7.660,7.390
1788213895.670086,1788213895.670842,0.756,0.030
1788213895.670086,1788213895.679010,8.924,8.046
1788213895.685009,1788213895.687010,2.001,1.307
1788213895.687010,1788213895.694533,7.523,7.755
1788213895.701529,1788213895.702529,1.001,1.073
1788213895.703527,1788213895.710527,6.999,6.883
1788213895.717054,1788213895.719056,2.001,1.889
1788213895.720570,1788213895.726924,6.354,5.716
1788213895.731437,1788213895.734454,3.017,2.649
1788213895.737454,1788213895.743148,5.694,5.257
1788213895.747623,1788213895.750709,3.086,2.854
1788213895.753627,1788213895.758713,5.086,5.106
1788213895.762310,1788213895.765316,3.006,3.777
1788213895.770300,1788213895.774825,4.526,3.820
1788213895.778826,1788213895.783252,4.426,4.023
1788213895.787259,1788213895.790779,3.520,3.199
1788213895.796770,1788213895.798779,2.009,2.087
1788213895.802777,1788213895.806770,3.993,3.500
1788213895.812299,1788213895.814562,2.263,2.450
1788213895.819562,1788213895.822599,3.037,2.159
1788213895.828595,1788213895.831107,2.512,2.205
1788213895.837779,1788213895.838793,1.014,0.654
1788213895.844794,1788213895.846305,1.511,1.376
1788213895.853350,1788213895.854350,1.000,1.213
1788213895.855351,1788213895.863351,8.000,7.590
1788213895.869877,1788213895.871387,1.510,0.042
1788213895.878401,1788213895.879394,0.993,0.140
1788213895.886402,1788213895.887397,0.995,0.056
1788213895.886402,1788213895.894917,8.515,8.064
1788213895.900928,1788213895.902920,1.992,1.705
1788213895.903928,1788213895.911163,7.235,7.220
1788213895.916294,1788213895.919302,3.008,2.123
1788213895.920302,1788213895.926828,6.526,6.748
1788213895.934065,1788213895.935065,0.999,1.271
1788213895.937064,1788213895.943105,6.041,5.560
1788213895.950642,1788213895.950642,0.000,0.112
1788213895.954167,1788213895.959170,5.003,4.917
1788213895.965172,1788213895.967170,1.998,1.338
1788213895.970693,1788213895.974692,3.999,4.123
1788213895.980716,1788213895.982712,1.996,2.500
1788213895.987712,1788213895.991245,3.533,3.625
1788213895.995244,1788213895.999236,3.992,3.600
1788213896.004244,1788213896.007246,3.002,3.048
1788213896.011467,1788213896.015081,3.614,3.058
1788213896.019611,1788213896.023141,3.530,3.003
1788213896.028649,1788213896.031649,3.000,2.285
1788213896.036649,1788213896.039656,3.007,1.981
1788213896.045183,1788213896.047184,2.000,2.014
1788213896.053241,1788213896.055256,2.015,1.828
1788213896.062258,1788213896.062258,0.000,0.949
1788213896.070287,1788213896.071285,0.999,0.843
1788213896.078351,1788213896.079347,0.995,0.292
1788213896.087413,1788213896.087413,0.000,0.155
1788213896.094409,1788213896.095411,1.003,0.152
1788213896.103408,1788213896.103408,0.000,0.116
1788213896.103408,1788213896.111610,8.201,7.658
1788213896.118657,1788213896.119657,1.000,0.683
1788213896.119657,1788213896.127707,8.050,7.550
1788213896.135234,1788213896.135234,0.000,0.164
1788213896.138235,1788213896.143234,4.999,4.709
1788213896.150753,1788213896.151752,1.000,0.236
1788213896.153753,1788213896.159270,5.517,5.775
1788213896.165785,1788213896.167793,2.008,1.078
1788213896.169785,1788213896.175062,5.277,5.315
1788213896.182899,1788213896.182899,0.000,0.671
1788213896.186424,1788213896.191426,5.001,4.409
1788213896.196417,1788213896.199430,3.014,2.526
1788213896.203424,1788213896.207417,3.992,3.586
1788213896.211416,1788213896.214949,3.533,3.591
1788213896.220466,1788213896.223496,3.030,3.160
1788213896.228512,1788213896.231511,3.000,2.882
1788213896.236504,1788213896.239511,3.008,2.411
1788213896.245028,1788213896.247028,2.000,1.925
1788213896.253560,1788213896.255571,2.011,2.112
1788213896.262099,1788213896.263099,1.001,1.545
1788213896.270096,1788213896.271098,1.002,0.950
1788213896.278607,1788213896.278607,0.000,0.861
1788213896.286649,1788213896.287648,1.000,0.526
1788213896.294647,1788213896.295640,0.993,0.347
1788213896.302745,1788213896.303745,1.000,0.033
1788213896.306271,1788213896.311272,5.001,4.766
1788213896.312271,1788213896.319556,7.285,7.530
1788213896.321557,1788213896.328092,6.536,5.613
1788213896.328092,1788213896.335083,6.991,7.033
1788213896.337090,1788213896.343735,6.645,6.437
1788213896.344654,1788213896.351744,7.090,6.539
1788213896.353725,1788213896.359347,5.621,6.132
1788213896.361262,1788213896.367348,6.086,5.927
1788213896.370377,1788213896.376030,5.653,5.028
1788213896.378641,1788213896.383239,4.598,4.539
1788213896.388026,1788213896.392036,4.010,3.791
1788213896.394637,1788213896.399236,4.599,4.785
1788213896.403232,1788213896.407765,4.532,4.135
1788213896.411847,1788213896.415463,3.616,3.842
1788213896.420077,1788213896.423866,3.789,3.334
1788213896.427601,1788213896.431572,3.971,3.485
1788213896.436672,1788213896.439236,2.564,2.765
1788213896.445242,1788213896.447841,2.599,2.368
1788213896.453575,1788213896.455716,2.141,2.292
1788213896.463437,1788213896.463437,0.000,0.067
1788213896.469436,1788213896.471444,2.007,1.558
1788213896.479136,1788213896.480177,1.040,0.026
1788213896.480177,1788213896.487932,7.756,7.554
1788213896.495912,1788213896.495912,0.000,0.127
1788213896.495912,1788213896.503835,7.923,7.376
1788213896.510347,1788213896.512340,1.993,1.328
1788213896.513339,1788213896.519341,6.002,6.136
1788213896.526953,1788213896.527957,1.004,0.594
1788213896.528955,1788213896.535540,6.585,6.359
1788213896.542532,1788213896.543729,1.197,1.141
1788213896.542532,1788213896.552383,9.851,9.154
1788213896.559358,1788213896.559929,0.571,0.335
1788213896.559358,1788213896.567827,8.469,8.343
1788213896.575055,1788213896.575055,0.000,0.776
1788213896.575055,1788213896.584099,9.044,8.789
1788213896.589092,1788213896.592105,3.013,2.541
1788213896.595163,1788213896.600180,5.017,4.405
1788213896.604703,1788213896.607708,3.005,3.282
1788213896.611707,1788213896.616003,4.296,4.020
1788213896.620623,1788213896.624165,3.541,3.548
1788213896.628372,1788213896.632457,4.085,3.434
1788213896.638071,1788213896.639908,1.837,1.639
1788213896.644913,1788213896.647940,3.027,2.707
1788213896.652833,1788213896.656150,3.317,2.648
1788213896.660857,1788213896.664507,3.650,2.149
1788213896.670201,1788213896.672204,2.002,2.008
1788213896.670201,1788213896.680239,10.038,10.087
1788213896.687232,1788213896.688147,0.915,1.071
1788213896.694917,1788213896.695919,1.002,1.363
1788213896.702830,1788213896.703912,1.082,0.836
1788213896.711590,1788213896.712615,1.025,0.308
1788213896.719723,1788213896.720777,1.054,0.024
1788213896.727445,1788213896.728652,1.207,0.095
1788213896.727445,1788213896.735431,7.986,8.103
1788213896.743968,1788213896.743968,0.000,0.484
1788213896.745063,1788213896.752046,6.983,7.233
1788213896.759645,1788213896.760750,1.105,0.115
1788213896.761737,1788213896.768328,6.592,6.480
1788213896.775920,1788213896.776941,1.020,0.406
1788213896.777921,1788213896.784937,7.016,6.322
1788213896.792219,1788213896.792219,0.000,0.117
1788213896.795297,1788213896.800304,5.007,5.143
1788213896.806288,1788213896.808314,2.027,1.934
1788213896.810206,1788213896.816438,6.232,5.199
1788213896.821354,1788213896.825032,3.678,3.094
1788213896.827719,1788213896.832322,4.603,4.190
1788213896.836419,1788213896.840093,3.674,3.585
1788213896.845189,1788213896.848146,2.957,3.272
1788213896.853107,1788213896.856772,3.665,3.416
1788213896.861709,1788213896.864709,3.000,2.360
1788213896.868702,1788213896.872988,4.286,2.756
1788213896.879975,1788213896.880980,1.006,0.868
1788213896.886973,1788213896.888980,2.007,1.844
1788213896.894633,1788213896.896627,1.994,1.896
1788213896.904669,1788213896.904669,0.000,0.162
1788213896.911088,1788213896.912092,1.004,1.500
1788213896.920607,1788213896.920607,0.000,0.079
1788213896.928413,1788213896.929008,0.595,0.427
1788213896.936344,1788213896.936344,0.000,0.382
1788213896.936344,1788213896.944488,8.144,8.388
1788213896.944488,1788213896.952495,8.007,7.475
1788213896.959508,1788213896.960577,1.069,0.801
1788213896.961577,1788213896.969165,7.587,6.982
1788213896.975414,1788213896.976479,1.065,1.295
1788213896.978472,1788213896.984438,5.966,6.155
1788213896.990062,1788213896.992159,2.096,2.805
1788213896.994762,1788213897.000757,5.995,5.958
1788213897.004761,1788213897.008396,3.635,4.057
1788213897.012046,1788213897.016727,4.682,4.130
1788213897.020726,1788213897.025329,4.603,3.844
1788213897.020726,1788213897.032709,11.984,11.882
1788213897.039624,1788213897.040735,1.111,1.329
1788213897.039624,1788213897.048420,8.797,9.347
1788213897.055145,1788213897.057151,2.006,2.040
1788213897.055145,1788213897.064736,9.591,10.054
1788213897.069138,1788213897.072689,3.551,3.860
1788213897.069138,1788213897.080688,11.550,11.869
1788213897.085689,1788213897.088691,3.002,3.328
1788213897.085689,1788213897.097206,11.517,11.336
1788213897.101715,1788213897.104715,3.000,3.253
1788213897.101715,1788213897.112715,11.000,11.260
1788213897.119772,1788213897.120773,1.000,1.171
1788213897.128594,1788213897.128594,0.000,0.046
1788213897.128594,1788213897.136865,8.271,8.058
1788213897.143865,1788213897.144865,1.000,1.003
1788213897.146868,1788213897.153374,6.506,5.976
1788213897.159403,1788213897.160766,1.363,1.413
1788213897.162776,1788213897.169338,6.562,6.403
1788213897.175859,1788213897.177183,1.324,1.188
1788213897.175859,1788213897.185236,9.377,9.196
1788213897.191621,1788213897.193127,1.506,1.266
1788213897.191621,1788213897.201552,9.931,9.279
1788213897.207014,1788213897.209021,2.007,1.604
1788213897.207014,1788213897.217046,10.032,9.612
1788213897.220551,1788213897.225067,4.516,4.211
1788213897.228082,1788213897.233332,5.251,5.299
1788213897.238399,1788213897.241407,3.008,2.704
1788213897.244407,1788213897.249406,4.999,4.148
1788213897.252913,1788213897.256926,4.013,4.521
1788213897.261436,1788213897.265533,4.097,3.571
1788213897.270536,1788213897.273127,2.591,2.888
1788213897.278143,1788213897.281142,2.999,2.494
1788213897.282143,1788213897.289141,6.999,6.689
1788213897.282143,1788213897.296659,14.516,14.696
1788213897.299182,1788213897.305188,6.006,5.869
1788213897.313188,1788213897.313188,0.000,0.019
1788213897.320344,1788213897.321341,0.997,1.206
1788213897.328399,1788213897.329385,0.986,0.753
1788213897.330384,1788213897.337921,7.537,7.037
1788213897.343997,1788213897.345913,1.916,1.394
1788213897.346963,1788213897.353039,6.076,6.270
1788213897.360350,1788213897.361444,1.094,0.916
1788213897.360350,1788213897.369164,8.814,8.936
1788213897.374140,1788213897.377713,3.573,2.183
1788213897.374140,1788213897.385791,11.652,10.188
1788213897.389791,1788213897.393374,3.583,3.718
1788213897.389791,1788213897.401482,11.691,11.721
1788213897.403497,1788213897.409474,5.977,5.859
1788213897.411495,1788213897.417140,5.645,6.037
1788213897.420140,1788213897.425709,5.569,5.324
1788213897.426825,1788213897.433968,7.142,5.592
1788213897.436708,1788213897.441696,4.988,4.683
1788213897.444623,1788213897.449294,4.671,4.685
1788213897.452949,1788213897.457226,4.277,4.462
1788213897.462224,1788213897.465238,3.014,3.009
1788213897.470226,1788213897.473468,3.241,3.616
1788213897.477163,1788213897.481896,4.734,3.536
1788213897.486894,1788213897.489908,3.014,2.682
1788213897.494893,1788213897.497590,2.697,3.053
1788213897.502549,1788213897.505615,3.066,2.895
1788213897.513173,1788213897.513173,0.000,0.253
1788213897.519519,1788213897.521520,2.002,1.655
1788213897.529238,1788213897.529238,0.000,0.151
1788213897.536623,1788213897.537260,0.637,0.707
1788213897.545300,1788213897.545300,0.000,0.137
1788213897.553254,1788213897.553254,0.000,0.242
1788213897.561087,1788213897.562052,0.965,0.304
1788213897.561087,1788213897.569824,8.738,8.310
1788213897.576285,1788213897.577205,0.921,1.196
1788213897.577205,1788213897.585387,8.181,7.712
1788213897.592402,1788213897.593401,0.999,1.446
1788213897.594312,1788213897.602084,7.771,6.870
1788213897.607686,1788213897.608835,1.149,1.735
1788213897.612516,1788213897.618206,5.690,4.934
1788213897.622891,1788213897.626422,3.531,2.800
1788213897.627615,1788213897.633716,6.100,5.656
1788213897.638920,1788213897.641902,2.981,2.785
1788213897.644902,1788213897.649898,4.996,4.790
1788213897.654431,1788213897.657636,3.205,3.171
1788213897.661690,1788213897.666297,4.608,4.504
1788213897.670375,1788213897.673495,3.119,3.429
1788213897.678225,1788213897.681630,3.405,3.547
1788213897.687551,1788213897.689767,2.216,2.638
1788213897.694752,1788213897.698463,3.711,2.869
1788213897.704364,1788213897.706456,2.092,1.901
1788213897.711407,1788213897.714452,3.045,2.026
1788213897.720381,1788213897.722378,1.997,1.587
1788213897.728484,1788213897.730537,2.053,1.360
1788213897.736583,1788213897.738578,1.995,0.918
1788213897.744537,1788213897.746582,2.045,1.212
1788213897.753876,1788213897.753876,0.000,0.451
1788213897.761652,1788213897.762651,0.999,0.752
1788213897.762651,1788213897.770660,8.009,7.266
1788213897.777576,1788213897.778575,0.999,0.042
1788213897.778575,1788213897.786637,8.062,7.713
1788213897.792671,1788213897.794679,2.008,1.406
1788213897.794679,1788213897.802817,8.138,6.941
1788213897.807821,1788213897.810013,2.193,2.217
1788213897.812011,1788213897.818548,6.537,6.488
1788213897.823547,1788213897.826061,2.514,2.081
1788213897.828122,1788213897.834131,6.009,5.854
1788213897.839215,1788213897.842865,3.651,2.934
1788213897.844866,1788213897.850866,6.000,5.240
1788213897.854865,1788213897.858384,3.518,3.390
1788213897.861382,1788213897.865885,4.503,4.452
1788213897.870892,1788213897.874047,3.155,3.385
1788213897.877559,1788213897.882712,5.153,3.988
1788213897.886714,1788213897.890721,4.008,3.701
1788213897.894748,1788213897.898233,3.484,2.482
1788213897.903798,1788213897.906808,3.010,2.536
1788213897.911807,1788213897.914807,3.000,2.573
1788213897.920018,1788213897.922016,1.998,2.226
1788213897.928536,1788213897.930588,2.052,1.605
1788213897.937254,1788213897.938253,0.999,1.174
1788213897.944726,1788213897.946735,2.008,1.214
1788213897.953738,1788213897.954737,0.999,0.936
1788213897.961734,1788213897.962734,1.000,0.308
1788213897.970248,1788213897.970248,0.000,0.061
1788213897.978309,1788213897.978309,0.000,0.142
1788213897.980311,1788213897.986382,6.071,6.048
1788213897.987384,1788213897.994581,7.198,7.290
1788213897.995584,1788213898.002993,7.409,6.545
1788213898.010440,1788213898.010440,0.000,0.235
1788213898.012443,1788213898.019011,6.568,6.368
1788213898.026009,1788213898.027011,1.002,0.560
1788213898.028009,1788213898.034624,6.614,6.169
1788213898.041623,1788213898.042868,1.245,0.357
1788213898.044876,1788213898.050394,5.519,5.515
1788213898.057664,1788213898.058790,1.126,0.727
1788213898.061798,1788213898.066307,4.509,4.686
1788213898.072809,1788213898.075170,2.361,0.996
1788213898.078684,1788213898.082582,3.899,3.818
1788213898.087580,1788213898.090584,3.004,3.080
1788213898.095148,1788213898.099148,3.999,3.859
1788213898.103662,1788213898.106806,3.144,2.547
1788213898.112325,1788213898.114323,1.998,2.473
1788213898.119372,1788213898.122899,3.526,3.022
1788213898.128408,1788213898.130416,2.008,2.030
1788213898.136929,1788213898.138930,2.000,1.485
1788213898.145007,1788213898.147007,2.000,1.660
1788213898.153180,1788213898.155180,2.000,1.034
1788213898.161176,1788213898.163180,2.003,1.008
1788213898.165231,1788213898.171229,5.998,5.122
1788213898.178273,1788213898.179279,1.005,0.317
1788213898.181274,1788213898.187363,6.089,5.307
1788213898.187363,1788213898.195365,8.002,7.708
1788213898.197371,1788213898.202903,5.533,5.495
1788213898.203900,1788213898.210905,7.005,6.885
1788213898.213355,1788213898.218636,5.281,5.467
1788213898.221140,1788213898.227156,6.016,6.005
1788213898.228670,1788213898.234759,6.089,5.837
1788213898.236756,1788213898.243293,6.537,5.636
1788213898.245296,1788213898.251325,6.030,5.530
1788213898.253886,1788213898.258882,4.995,4.486
1788213898.261886,1788213898.266886,5.000,4.907
1788213898.274605,1788213898.275614,1.009,0.103
1788213898.278609,1788213898.283141,4.532,4.128
1788213898.290671,1788213898.290671,0.000,0.207
1788213898.295666,1788213898.298663,2.997,3.111
1788213898.306659,1788213898.306659,0.000,0.726
1788213898.312193,1788213898.314192,1.999,3.184
1788213898.320715,1788213898.322724,2.009,2.186
1788213898.328253,1788213898.331321,3.069,2.209
1788213898.336844,1788213898.338840,1.997,1.785
1788213898.344842,1788213898.347365,2.523,1.880
1788213898.354356,1788213898.355366,1.010,1.097
1788213898.361892,1788213898.362893,1.001,1.356
1788213898.370241,1788213898.371242,1.001,0.467
1788213898.378306,1788213898.379309,1.003,0.527
1788213898.386308,1788213898.387306,0.998,0.343
1788213898.386308,1788213898.395646,9.338,8.355
1788213898.398251,1788213898.403811,5.559,5.093
1788213898.403811,1788213898.411498,7.687,7.555
1788213898.413506,1788213898.419039,5.533,5.324
1788213898.420033,1788213898.427040,7.008,6.888
1788213898.431235,1788213898.435309,4.075,3.949
1788213898.431235,1788213898.443439,12.204,11.964
1788213898.446149,1788213898.451202,5.054,5.331
1788213898.446149,1788213898.459723,13.575,13.344
1788213898.460737,1788213898.467494,6.757,5.805
1788213898.460737,1788213898.474496,13.760,13.818
1788213898.478043,1788213898.483029,4.986,4.879
1788213898.491064,1788213898.491064,0.000,0.364
1788213898.493065,1788213898.499070,6.005,6.234
1788213898.493065,1788213898.507098,14.033,14.255
1788213898.511109,1788213898.515115,4.006,4.217
1788213898.522639,1788213898.523640,1.001,0.424
1788213898.528169,1788213898.531705,3.536,3.487
1788213898.538229,1788213898.539219,0.990,1.074
1788213898.544225,1788213898.547748,3.523,2.312
1788213898.553742,1788213898.555746,2.004,1.478
1788213898.561810,1788213898.563809,1.999,1.951
1788213898.569316,1788213898.571846,2.530,1.315
1788213898.569316,1788213898.579380,10.064,9.324
1788213898.585893,1788213898.587893,2.000,1.303
1788213898.594903,1788213898.595902,0.998,0.663
1788213898.599902,1788213898.603975,4.073,3.161
1788213898.605965,1788213898.611967,6.002,5.734
1788213898.619882,1788213898.619882,0.000,0.073
1788213898.619882,1788213898.627667,7.786,8.101
1788213898.631926,1788213898.635679,3.753,3.543
1788213898.636677,1788213898.644194,7.517,6.279
1788213898.647192,1788213898.651680,4.488,3.374
1788213898.653676,1788213898.659736,6.060,6.301
1788213898.663920,1788213898.667435,3.516,3.939
1788213898.670443,1788213898.675445,5.003,5.511
1788213898.679053,1788213898.683890,4.837,4.016
1788213898.686404,1788213898.691402,4.998,5.026
1788213898.694403,1788213898.700038,5.635,4.393
1788213898.703374,1788213898.707449,4.075,4.439
1788213898.711708,1788213898.715867,4.159,3.957
1788213898.721515,1788213898.724188,2.672,2.528
1788213898.728463,1788213898.732221,3.757,3.336
1788213898.736613,1788213898.740438,3.825,3.284
1788213898.744785,1788213898.748005,3.221,3.072
1788213898.755070,1788213898.756550,1.480,0.738
1788213898.761630,1788213898.763632,2.002,2.043
1788213898.770949,1788213898.771956,1.007,1.007
1788213898.777659,1788213898.779664,2.005,1.998
1788213898.787070,1788213898.788393,1.324,0.750
1788213898.794050,1788213898.796046,1.996,1.509
1788213898.803616,1788213898.804624,1.008,0.585
1788213898.803616,1788213898.812629,9.013,8.599
1788213898.819692,1788213898.820701,1.009,0.305
1788213898.819692,1788213898.828214,8.522,8.313
1788213898.834251,1788213898.835756,1.505,1.610
1788213898.836767,1788213898.843827,7.060,7.328
1788213898.844841,1788213898.852362,7.521,6.341
1788213898.853363,1788213898.860460,7.097,7.089
1788213898.867431,1788213898.868435,1.004,0.846
1788213898.871428,1788213898.875955,4.527,4.410
1788213898.883476,1788213898.884485,1.009,1.015
1788213898.887011,1788213898.892012,5.001,4.611
1788213898.897012,1788213898.900011,2.999,3.021
1788213898.903534,1788213898.908522,4.988,4.886
1788213898.912530,1788213898.916524,3.994,3.205
1788213898.921122,1788213898.924650,3.529,2.869
1788213898.929159,1788213898.932686,3.527,3.323
1788213898.936843,1788213898.940842,3.999,3.623
1788213898.944366,1788213898.948325,3.959,3.320
1788213898.953324,1788213898.956327,3.003,2.725
1788213898.961317,1788213898.964852,3.535,2.464
1788213898.969923,1788213898.971931,2.008,1.983
1788213898.977525,1788213898.980621,3.097,2.198
1788213898.987228,1788213898.988314,1.086,0.108
1788213898.995273,1788213898.996217,0.944,0.619
1788213899.003304,1788213899.004833,1.529,0.544
1788213899.005927,1788213899.011937,6.011,6.189
1788213899.012935,1788213899.020643,7.708,7.053
1788213899.021623,1788213899.028121,6.498,6.592
1788213899.028121,1788213899.036977,8.856,7.900
1788213899.036977,1788213899.044974,7.998,7.042
1788213899.045494,1788213899.052496,7.002,6.855
1788213899.053490,1788213899.060491,7.001,7.343
1788213899.061496,1788213899.068992,7.496,6.661
1788213899.068992,1788213899.075991,6.999,6.889
1788213899.078521,1788213899.085044,6.523,5.641
1788213899.087044,1788213899.093046,6.002,5.728
1788213899.099037,1788213899.101047,2.011,1.273
1788213899.103046,1788213899.108379,5.333,4.922
1788213899.115387,1788213899.116386,0.999,0.772
1788213899.120920,1788213899.124431,3.511,3.506
1788213899.131961,1788213899.132978,1.017,0.402
1788213899.136029,1788213899.141032,5.003,3.919
1788213899.148053,1788213899.149061,1.008,0.776
1788213899.153061,1788213899.157054,3.994,3.264
1788213899.161585,1788213899.164584,2.999,2.466
1788213899.170940,1788213899.172943,2.003,1.810
1788213899.177936,1788213899.180467,2.531,2.119
1788213899.186997,1788213899.188995,1.998,1.566
1788213899.194986,1788213899.196993,2.007,1.461
1788213899.202525,1788213899.204525,2.000,1.586
1788213899.209946,1788213899.212939,2.992,2.900
1788213899.212939,1788213899.221039,8.101,7.773
1788213899.228564,1788213899.228564,0.000,0.268
1788213899.228564,1788213899.236595,8.032,8.282
1788213899.240596,1788213899.244601,4.006,4.197
1788213899.245601,1788213899.253124,7.524,7.478
1788213899.256651,1788213899.260650,3.999,4.065
1788213899.261652,1788213899.268703,7.051,6.578
1788213899.273705,1788213899.276704,3.000,3.425
1788213899.280003,1788213899.285010,5.008,5.025
1788213899.290822,1788213899.292823,2.001,1.516
1788213899.294340,1788213899.301344,7.004,5.965
1788213899.304337,1788213899.309345,5.008,4.393
1788213899.312345,1788213899.316350,4.005,3.860
1788213899.320878,1788213899.324878,4.000,4.038
1788213899.329403,1788213899.332401,2.997,2.936
1788213899.336059,1788213899.341073,5.014,4.257
1788213899.336059,1788213899.349114,13.055,12.277
1788213899.351120,1788213899.357113,5.992,5.021
1788213899.351120,1788213899.364644,13.523,13.027
1788213899.368169,1788213899.373169,5.000,4.888
1788213899.368169,1788213899.381197,13.027,12.901
1788213899.384206,1788213899.388731,4.526,4.652
1788213899.384206,1788213899.397260,13.054,12.774
1788213899.398259,1788213899.405263,7.004,6.356
1788213899.398259,1788213899.412795,14.535,14.368
1788213899.414786,1788213899.420828,6.042,6.254
1788213899.428892,1788213899.428892,0.000,0.183
1788213899.436750,1788213899.436750,0.000,0.093
1788213899.444299,1788213899.444299,0.000,0.095
1788213899.445808,1788213899.452821,7.013,6.735
1788213899.459352,1788213899.461348,1.996,1.692
1788213899.462352,1788213899.469352,7.000,6.683
1788213899.474876,1788213899.476880,2.004,1.732
1788213899.477880,1788213899.485200,7.320,6.898
1788213899.489948,1788213899.492952,3.004,2.671
1788213899.494953,1788213899.500951,5.998,6.272
1788213899.505953,1788213899.508555,2.602,2.979
1788213899.511231,1788213899.516230,4.999,5.589
1788213899.521545,1788213899.525537,3.992,3.445
1788213899.528207,1788213899.533475,5.269,4.568
1788213899.537992,1788213899.541549,3.557,3.378
1788213899.545506,1788213899.549561,4.055,3.904
1788213899.553557,1788213899.557063,3.506,4.033
1788213899.561596,1788213899.565600,4.004,3.613
1788213899.569730,1788213899.573738,4.008,2.991
1788213899.579738,1788213899.581744,2.006,0.945
1788213899.588189,1788213899.589189,1.000,1.138
1788213899.595188,1788213899.597189,2.001,2.164
1788213899.603704,1788213899.604701,0.998,1.736
1788213899.612739,1788213899.613753,1.014,0.564
1788213899.620262,1788213899.621267,1.004,1.094
1788213899.628320,1788213899.630053,1.732,0.844
1788213899.636579,1788213899.637578,0.998,0.603
1788213899.636579,1788213899.645419,8.840,8.620
1788213899.646569,1788213899.653578,7.009,6.501
1788213899.661096,1788213899.661798,0.702,0.166
1788213899.662808,1788213899.669329,6.521,6.397
1788213899.677324,1788213899.677324,0.000,0.075
1788213899.677324,1788213899.685594,8.269,8.093
1788213899.692946,1788213899.693956,1.010,0.186
1788213899.693956,1788213899.701953,7.997,7.461
1788213899.707788,1788213899.709270,1.482,1.787
1788213899.707788,1788213899.717291,9.504,9.803
1788213899.723812,1788213899.725329,1.517,1.297
1788213899.727843,1788213899.733652,5.809,5.454
1788213899.736662,1788213899.741793,5.131,4.411
1788213899.745289,1788213899.749300,4.012,4.108
1788213899.753829,1788213899.757346,3.518,3.699
1788213899.762347,1788213899.765851,3.504,3.435
1788213899.770459,1788213899.773458,2.999,3.166
1788213899.778459,1788213899.781972,3.514,3.109
1788213899.786971,1788213899.790185,3.214,2.660
1788213899.795183,1788213899.798185,3.002,2.307
1788213899.804109,1788213899.806177,2.069,1.846
1788213899.812176,1788213899.814180,2.004,1.605
1788213899.814180,1788213899.821708,7.528,7.358
1788213899.828205,1788213899.830213,2.008,1.361
1788213899.837742,1788213899.837742,0.000,0.210
1788213899.844975,1788213899.845972,0.997,0.583
1788213899.853501,1788213899.853501,0.000,0.049
1788213899.861021,1788213899.862017,0.997,0.848
1788213899.862017,1788213899.870031,8.013,7.841
1788213899.877031,1788213899.878022,0.992,0.767
1788213899.879032,1788213899.886095,7.063,7.074
1788213899.891280,1788213899.893810,2.530,2.167
1788213899.894810,1788213899.902329,7.519,6.837
1788213899.907694,1788213899.910222,2.528,2.499
1788213899.913223,1788213899.917223,4.000,4.295
1788213899.922261,1788213899.926265,4.004,3.422
1788213899.930267,1788213899.934296,4.029,3.661
1788213899.937841,1788213899.942358,4.517,3.020
1788213899.945356,1788213899.949882,4.526,4.399
1788213899.953877,1788213899.957877,4.000,4.010
1788213899.961970,1788213899.965975,4.005,4.224
1788213899.970975,1788213899.973975,3.000,2.921
1788213899.982015,1788213899.982015,0.000,0.114
1788213899.986056,1788213899.990060,4.004,3.451
1788213899.995060,1788213899.998061,3.001,3.135
1788213900.004583,1788213900.005584,1.001,1.518
1788213900.011579,1788213900.013583,2.004,2.159
1788213900.020613,1788213900.021621,1.008,0.936
1788213900.027623,1788213900.029623,1.999,1.911
1788213900.037705,1788213900.038313,0.608,0.540
1788213900.037705,1788213900.045691,7.987,8.549
1788213900.046785,1788213900.053729,6.943,7.028
1788213900.054779,1788213900.062382,7.603,7.478
1788213900.062382,1788213900.070329,7.948,7.374
1788213900.070329,1788213900.077841,7.512,7.732
1788213900.078854,1788213900.085917,7.062,6.799
1788213900.093442,1788213900.093442,0.000,0.618
1788213900.094834,1788213900.101850,7.016,7.139
1788213900.108853,1788213900.109854,1.000,1.076
1788213900.110844,1788213900.117850,7.006,6.990
1788213900.124906,1788213900.125898,0.992,0.999
1788213900.128906,1788213900.134429,5.523,5.150
1788213900.139947,1788213900.142553,2.606,1.976
1788213900.144551,1788213900.150560,6.009,5.260
1788213900.155086,1788213900.158088,3.003,2.862
1788213900.161617,1788213900.166608,4.991,4.558
1788213900.170615,1788213900.174617,4.002,3.513
1788213900.179615,1788213900.182129,2.515,2.675
1788213900.187263,1788213900.190270,3.007,2.405
1788213900.187263,1788213900.198798,11.535,10.419
1788213900.205841,1788213900.205841,0.000,0.334
1788213900.205841,1788213900.213841,8.000,8.342
1788213900.217362,1788213900.222459,5.096,4.314
1788213900.229457,1788213900.230461,1.004,0.411
1788213900.232461,1788213900.238448,5.987,5.997
1788213900.244485,1788213900.246485,2.000,1.317
1788213900.253485,1788213900.254486,1.001,0.595
1788213900.262006,1788213900.262006,0.000,0.095
1788213900.262006,1788213900.270078,8.073,8.114
1788213900.276781,1788213900.278781,2.000,1.552
1788213900.276781,1788213900.286162,9.382,9.573
1788213900.292845,1788213900.294788,1.943,1.400
1788213900.294788,1788213900.302861,8.074,6.976
1788213900.307558,1788213900.310565,3.007,2.246
1788213900.311483,1788213900.318570,7.087,6.345
1788213900.323296,1788213900.326213,2.917,2.839
1788213900.332740,1788213900.333742,1.002,1.135
1788213900.339269,1788213900.342789,3.521,3.130
1788213900.344784,1788213900.349787,5.003,5.305
1788213900.355316,1788213900.358315,2.999,3.007
1788213900.360828,1788213900.366917,6.090,4.976
1788213900.371495,1788213900.374599,3.104,2.861
1788213900.377509,1788213900.382780,5.271,4.303
1788213900.387780,1788213900.390777,2.996,2.410
1788213900.394775,1788213900.398079,3.303,3.894
1788213900.402723,1788213900.406417,3.694,2.757
1788213900.412429,1788213900.414408,1.979,2.262
1788213900.419412,1788213900.422814,3.402,2.722
1788213900.430866,1788213900.430866,0.000,0.030
1788213900.436048,1788213900.438146,2.098,1.944
1788213900.444464,1788213900.447148,2.684,1.106
1788213900.453176,1788213900.455255,2.079,1.771
1788213900.461840,1788213900.462933,1.093,0.968
1788213900.470930,1788213900.470930,0.000,0.154
1788213900.478472,1788213900.478472,0.000,0.398
1788213900.482876,1788213900.485974,3.098,3.199
1788213900.485974,1788213900.494954,8.980,7.664
1788213900.496971,1788213900.502866,5.895,5.274
1788213900.502866,1788213900.510870,8.005,7.483
1788213900.512863,1788213900.517872,5.009,5.802
1788213900.519376,1788213900.526901,7.525,6.766
1788213900.528901,1788213900.534984,6.083,5.858
1788213900.536580,1788213900.542817,6.237,5.920
1788213900.544863,1788213900.550608,5.745,5.680
1788213900.553600,1788213900.558609,5.008,5.135
1788213900.563298,1788213900.567219,3.920,3.743
1788213900.570342,1788213900.575297,4.955,4.788
1788213900.578276,1788213900.582971,4.695,4.184
1788213900.590657,1788213900.590657,0.000,0.045
1788213900.594732,1788213900.598745,4.013,4.082
1788213900.606439,1788213900.607359,0.921,0.021
1788213900.611361,1788213900.614443,3.083,3.085
1788213900.622747,1788213900.622747,0.000,0.420
1788213900.628132,1788213900.631133,3.000,2.113
1788213900.637134,1788213900.638752,1.618,1.425
1788213900.644360,1788213900.647361,3.001,2.034
1788213900.653361,1788213900.655360,2.000,1.640
1788213900.661382,1788213900.663396,2.014,1.461
1788213900.670196,1788213900.671197,1.001,0.813
1788213900.678374,1788213900.679365,0.991,0.038
1788213900.683990,1788213900.687519,3.529,2.753
1788213900.687519,1788213900.695496,7.977,7.650
1788213900.699492,1788213900.703006,3.514,3.327
1788213900.706010,1788213900.711005,4.995,5.168
1788213900.715515,1788213900.719520,4.005,3.359
1788213900.720023,1788213900.727544,7.521,6.819
1788213900.730545,1788213900.735540,4.995,4.302
1788213900.736539,1788213900.742653,6.114,6.373
1788213900.746530,1788213900.750523,3.994,4.259
1788213900.754593,1788213900.759600,5.007,4.511
1788213900.763601,1788213900.766815,3.215,3.439
1788213900.769322,1788213900.775286,5.964,4.916
1788213900.778281,1788213900.783465,5.184,4.559
1788213900.787970,1788213900.790970,3.000,3.229
1788213900.793973,1788213900.799479,5.506,4.189
1788213900.802995,1788213900.806995,4.000,4.066
1788213900.810996,1788213900.814999,4.003,3.566
1788213900.821526,1788213900.823644,2.119,1.757
1788213900.827641,1788213900.831639,3.998,2.979
1788213900.837641,1788213900.839703,2.062,1.893
1788213900.844805,1788213900.846801,1.997,2.508
1788213900.853797,1788213900.854797,1.000,1.018
1788213900.861317,1788213900.862317,1.000,1.524
1788213900.869841,1788213900.870837,0.996,1.024
1788213900.878836,1788213900.878836,0.000,0.744
1788213900.886892,1788213900.886892,0.000,0.031
1788213900.887892,1788213900.895319,7.427,7.639
1788213900.901889,1788213900.903469,1.580,1.591
1788213900.903469,1788213900.911306,7.837,7.647
1788213900.917692,1788213900.919815,2.122,1.773
1788213900.920853,1788213900.927166,6.313,6.498
1788213900.934168,1788213900.935164,0.996,1.506
1788213900.936226,1788213900.943787,7.561,6.878
1788213900.948312,1788213900.951313,3.001,2.728
1788213900.953312,1788213900.959313,6.001,5.930
1788213900.963827,1788213900.967818,3.992,3.432
1788213900.969828,1788213900.975356,5.527,5.067
1788213900.979966,1788213900.983048,3.082,3.523
1788213900.986054,1788213900.991061,5.007,4.810
1788213900.994586,1788213900.999588,5.002,4.573
1788213901.005669,1788213901.007663,1.994,1.601
1788213901.011668,1788213901.015280,3.613,3.678
1788213901.020309,1788213901.023948,3.639,3.226
1788213901.028051,1788213901.031047,2.996,3.345
1788213901.036057,1788213901.039739,3.681,2.992
1788213901.045418,1788213901.047431,2.012,2.063
1788213901.053955,1788213901.055955,2.000,1.698
1788213901.061476,1788213901.063477,2.001,1.608
1788213901.061476,1788213901.071989,10.513,9.622
1788213901.077990,1788213901.079990,2.000,1.085
1788213901.086025,1788213901.088025,2.001,1.370
1788213901.095063,1788213901.096065,1.003,0.734
1788213901.103579,1788213901.103579,0.000,0.041
1788213901.103579,1788213901.111586,8.008,7.785
1788213901.118586,1788213901.120090,1.504,0.814
1788213901.120090,1788213901.127614,7.524,7.780
1788213901.133637,1788213901.135614,1.976,1.468
1788213901.135614,1788213901.143713,8.099,7.503
1788213901.149711,1788213901.151703,1.992,1.327
1788213901.149711,1788213901.160223,10.513,9.348
1788213901.167227,1788213901.168225,0.998,0.564
1788213901.168225,1788213901.175743,7.518,7.232
1788213901.182273,1788213901.183267,0.993,1.329
1788213901.182273,1788213901.191787,9.514,9.342
1788213901.197789,1788213901.199787,1.998,1.432
1788213901.197789,1788213901.207309,9.520,9.443
1788213901.213309,1788213901.215312,2.002,2.517
1788213901.213309,1788213901.223835,10.526,10.527
1788213901.227359,1788213901.231363,4.004,3.858
1788213901.236885,1788213901.239415,2.530,2.882
1788213901.245454,1788213901.247454,2.000,2.162
1788213901.253452,1788213901.255454,2.002,1.995
1788213901.258446,1788213901.264453,6.008,5.805
1788213901.258446,1788213901.271969,13.524,13.811
1788213901.275971,1788213901.279486,3.515,4.025
1788213901.287498,1788213901.287498,0.000,0.674
1788213901.295024,1788213901.296031,1.007,0.508
1788213901.295024,1788213901.303554,8.529,8.524
1788213901.311067,1788213901.312063,0.996,0.231
1788213901.311067,1788213901.319070,8.003,8.245
1788213901.320582,1788213901.327598,7.015,7.187
1788213901.335597,1788213901.335597,0.000,0.260
1788213901.336591,1788213901.343661,7.070,7.049
1788213901.344661,1788213901.351662,7.002,6.746
1788213901.353661,1788213901.359653,5.993,6.161
1788213901.367670,1788213901.367670,0.000,0.128
1788213901.369679,1788213901.375683,6.004,5.640
1788213901.383203,1788213901.384208,1.006,0.564
1788213901.386203,1788213901.391710,5.507,4.640
1788213901.399241,1788213901.400243,1.002,0.462
1788213901.405242,1788213901.408244,3.001,2.350
1788213901.414242,1788213901.416320,2.078,1.121
1788213901.420887,1788213901.423594,2.707,3.428
1788213901.429601,1788213901.432116,2.515,2.062
1788213901.437311,1788213901.439862,2.551,2.084
1788213901.445700,1788213901.448607,2.907,2.696
1788213901.455049,1788213901.456557,1.508,0.679
1788213901.461977,1788213901.464233,2.256,2.232
1788213901.471318,1788213901.472315,0.998,0.626
1788213901.478842,1788213901.479842,1.000,1.634
1788213901.487384,1788213901.488388,1.004,1.016
1788213901.491232,1788213901.496230,4.998,5.193
1788213901.496864,1788213901.503989,7.125,7.605
1788213901.511725,1788213901.511725,0.000,0.140
1788213901.511725,1788213901.520250,8.524,8.147
1788213901.527767,1788213901.527767,0.000,0.081
1788213901.527767,1788213901.535770,8.003,8.090
1788213901.538292,1788213901.544321,6.028,5.668
1788213901.545328,1788213901.552330,7.002,6.620
1788213901.555418,1788213901.559737,4.319,5.028
1788213901.561855,1788213901.567841,5.986,6.285
1788213901.570761,1788213901.575832,5.071,5.455
1788213901.578540,1788213901.584609,6.068,5.372
1788213901.587120,1788213901.592205,5.085,4.912
1788213901.599588,1788213901.600602,1.014,0.117
1788213901.604508,1788213901.608577,4.069,4.123
1788213901.615586,1788213901.615586,0.000,0.031
1788213901.617106,1788213901.623890,6.784,7.333
1788213901.631406,1788213901.632433,1.027,0.357
1788213901.634430,1788213901.639927,5.497,6.250
1788213901.648459,1788213901.648459,0.000,0.055
1788213901.648459,1788213901.655968,7.509,8.074
1788213901.662189,1788213901.664667,2.478,2.160
1788213901.670758,1788213901.672756,1.998,1.683
1788213901.677267,1788213901.680788,3.521,2.228
1788213901.686297,1788213901.688305,2.008,1.899
1788213901.695324,1788213901.696843,1.519,1.519
1788213901.703847,1788213901.704847,1.000,0.693
1788213901.711847,1788213901.712847,0.999,0.642
1788213901.711847,1788213901.720364,8.517,8.661
1788213901.727885,1788213901.728895,1.010,0.060
1788213901.735888,1788213901.735888,0.000,0.057
1788213901.741059,1788213901.744766,3.706,3.794
1788213901.744766,1788213901.752768,8.002,7.447
1788213901.756297,1788213901.760308,4.011,3.899
1788213901.763312,1788213901.768828,5.517,5.519
1788213901.771332,1788213901.776335,5.003,5.062
1788213901.778835,1788213901.784838,6.004,5.505
1788213901.786838,1788213901.792351,5.513,6.041
1788213901.794860,1788213901.800869,6.009,5.602
1788213901.803874,1788213901.808392,4.519,4.998
1788213901.812391,1788213901.816903,4.512,4.412
1788213901.819906,1788213901.824427,4.521,4.884
1788213901.827430,1788213901.832942,5.513,4.730
1788213901.836942,1788213901.840467,3.525,3.111
1788213901.845017,1788213901.849033,4.015,3.886
1788213901.853031,1788213901.856550,3.519,3.839
1788213901.864555,1788213901.864555,0.000,0.046
1788213901.864555,1788213901.872554,7.999,7.690
1788213901.880588,1788213901.880588,0.000,0.024
1788213901.882601,1788213901.889140,6.539,6.571
1788213901.897243,1788213901.897243,0.000,0.063
1788213901.897243,1788213901.905255,8.013,7.394
1788213901.910335,1788213901.913260,2.924,2.526
1788213901.913260,1788213901.921286,8.026,7.723
1788213901.926821,1788213901.928822,2.002,2.158
1788213901.926821,1788213901.936521,9.701,10.171
1788213901.943888,1788213901.944839,0.951,1.454
1788213901.943888,1788213901.952841,8.953,9.468
1788213901.957755,1788213901.961282,3.526,3.113
1788213901.957755,1788213901.968822,11.067,11.121
1788213901.973562,1788213901.977563,4.001,3.398
1788213901.973562,1788213901.985245,11.683,11.406
1788213901.989958,1788213901.992985,3.028,3.375
1788213901.989958,1788213902.001335,11.377,11.387
1788213902.006911,1788213902.008833,1.922,1.751
1788213902.011825,1788213902.017526,5.701,5.416
1788213902.020150,1788213902.025443,5.292,5.056
1788213902.028499,1788213902.033519,5.020,4.398
1788213902.037415,1788213902.041445,4.029,4.056
1788213902.044454,1788213902.049491,5.037,3.955
1788213902.054492,1788213902.057491,2.999,3.003
1788213902.063029,1788213902.065028,1.999,1.674
1788213902.069526,1788213902.073535,4.009,3.014
1788213902.080543,1788213902.081542,0.999,0.411
1788213902.086534,1788213902.089051,2.517,2.140
1788213902.097076,1788213902.097076,0.000,0.041
1788213902.097076,1788213902.105605,8.528,7.903
1788213902.112627,1788213902.113631,1.004,0.067
1788213902.115614,1788213902.120602,4.988,5.882
1788213902.128131,1788213902.129122,0.991,1.039
1788213902.128131,1788213902.137656,9.525,9.054
1788213902.144182,1788213902.145173,0.991,0.855
1788213902.145173,1788213902.153703,8.530,7.865
1788213902.160213,1788213902.161203,0.991,1.260
1788213902.162210,1788213902.169205,6.994,6.844
1788213902.175206,1788213902.177728,2.522,1.849
1788213902.178728,1788213902.185253,6.525,6.572
1788213902.191252,1788213902.193768,2.515,2.082
1788213902.196776,1788213902.201925,5.149,4.614
1788213902.206935,1788213902.209924,2.990,2.277
1788213902.212928,1788213902.217438,4.510,4.753
1788213902.221448,1788213902.225963,4.515,3.770
1788213902.227962,1788213902.233966,6.004,5.006
1788213902.237966,1788213902.242048,4.082,3.375
1788213902.244747,1788213902.249506,4.759,4.141
1788213902.253383,1788213902.258070,4.687,3.822
1788213902.262100,1788213902.266086,3.986,3.165
1788213902.270065,1788213902.274086,4.021,3.379
1788213902.278693,1788213902.281767,3.074,2.337
1788213902.287939,1788213902.289618,1.679,1.018
1788213902.294695,1788213902.297931,3.236,2.359
1788213902.304034,1788213902.306011,1.978,1.502
1788213902.311018,1788213902.314036,3.019,2.010
1788213902.320594,1788213902.321648,1.054,1.276
1788213902.328327,1788213902.329916,1.589,1.182
1788213902.337016,1788213902.337584,0.568,0.479
1788213902.345344,1788213902.345344,0.000,0.099
1788213902.346338,1788213902.353809,7.471,7.393
1788213902.360334,1788213902.362336,2.002,1.279
1788213902.361336,1788213902.369334,7.998,7.841
1788213902.375864,1788213902.377863,1.999,1.275
1788213902.377863,1788213902.384901,7.038,7.216
1788213902.391932,1788213902.393942,2.010,1.461
1788213902.393942,1788213902.401975,8.033,6.796
1788213902.407982,1788213902.409981,2.000,1.336
1788213902.411495,1788213902.418297,6.802,6.172
1788213902.423973,1788213902.425570,1.597,1.642
1788213902.427614,1788213902.434122,6.508,5.461
1788213902.439531,1788213902.441567,2.036,1.791
1788213902.445072,1788213902.450065,4.993,5.006
1788213902.456228,1788213902.458247,2.019,1.378
1788213902.462240,1788213902.466243,4.004,3.904
1788213902.471763,1788213902.473763,2.000,1.529
1788213902.480436,1788213902.481451,1.015,1.458
1788213902.487451,1788213902.489882,2.431,2.045
1788213902.494386,1788213902.497901,3.515,3.145
1788213902.504921,1788213902.505917,0.995,0.978
1788213902.511917,1788213902.514427,2.511,2.156
1788213902.519438,1788213902.521473,2.035,2.135
1788213902.527998,1788213902.530002,2.004,1.323
1788213902.536849,1788213902.537858,1.008,1.117
1788213902.544364,1788213902.545876,1.512,0.790
1788213902.552411,1788213902.553417,1.006,0.965
1788213902.561463,1788213902.562463,0.999,0.450
1788213902.566506,1788213902.570512,4.006,3.748
1788213902.569510,1788213902.578038,8.528,7.871
1788213902.583558,1788213902.586554,2.995,2.617
1788213902.583558,1788213902.593622,10.063,10.631
1788213902.600146,1788213902.602151,2.005,1.479
1788213902.600146,1788213902.610455,10.309,9.483
1788213902.614368,1788213902.618461,4.093,4.049
1788213902.614368,1788213902.626283,11.914,12.054
1788213902.630054,1788213902.633651,3.597,4.291
1788213902.630054,1788213902.641675,11.621,12.303
1788213902.644294,1788213902.649287,4.993,5.525
1788213902.652340,1788213902.658370,6.029,4.930
1788213902.661547,1788213902.666558,5.011,4.812
1788213902.669558,1788213902.674609,5.052,4.680
1788213902.674609,1788213902.682128,7.518,7.764
1788213902.689128,1788213902.690135,1.007,0.440
1788213902.692184,1788213902.698709,6.525,5.709
1788213902.706280,1788213902.706280,0.000,0.058
1788213902.706280,1788213902.713796,7.516,8.073
1788213902.720315,1788213902.722319,2.004,2.019
1788213902.727835,1788213902.730834,2.999,2.524
1788213902.736347,1788213902.738353,2.006,1.779
1788213902.743869,1788213902.746147,2.278,1.767
1788213902.749147,1788213902.754773,5.625,4.735
1788213902.761309,1788213902.762310,1.001,1.069
1788213902.770292,1788213902.770292,0.000,0.177
1788213902.777821,1788213902.778835,1.014,0.428
1788213902.779835,1788213902.786870,7.035,6.349
1788213902.785901,1788213902.794805,8.904,7.837
1788213902.798814,1788213902.802856,4.041,3.883
1788213902.808853,1788213902.809791,0.939,0.924
1788213902.812351,1788213902.818037,5.686,5.695
1788213902.821125,1788213902.826371,5.245,5.667
1788213902.828367,1788213902.834823,6.457,5.744
1788213902.836825,1788213902.842826,6.001,5.885
1788213902.842826,1788213902.850552,7.726,6.965
1788213902.858113,1788213902.859104,0.991,0.058
1788213902.858113,1788213902.867104,8.991,8.069
1788213902.873735,1788213902.874681,0.946,0.441
1788213902.873735,1788213902.882661,8.926,8.448
1788213902.889187,1788213902.890185,0.998,0.968
1788213902.889187,1788213902.899068,9.881,8.979
1788213902.905279,1788213902.906386,1.107,1.631
1788213902.905279,1788213902.914375,9.096,9.642
1788213902.920384,1788213902.923015,2.630,1.418
1788213902.920384,1788213902.930727,10.343,9.425
1788213902.936239,1788213902.938362,2.123,2.714
1788213902.936239,1788213902.947014,10.775,10.718
1788213902.951807,1788213902.954552,2.745,2.579
1788213902.951807,1788213902.962580,10.773,10.587
1788213902.966495,1788213902.970557,4.062,3.661
1788213902.966495,1788213902.978952,12.458,11.667
1788213902.982247,1788213902.986306,4.059,4.849
1788213902.982247,1788213902.995017,12.770,12.860
1788213902.997010,1788213903.002626,5.615,5.296
1788213902.997010,1788213903.010624,13.613,13.303
1788213903.013233,1788213903.018230,4.997,5.957
1788213903.013233,1788213903.027295,14.062,13.967
1788213903.028292,1788213903.034810,6.518,6.737
1788213903.028292,1788213903.043294,15.001,14.747
1788213903.044289,1788213903.050922,6.634,6.743
1788213903.044289,1788213903.058579,14.290,14.757
1788213903.060585,1788213903.066583,5.998,5.833
1788213903.060585,1788213903.074627,14.042,13.845
1788213903.075630,1788213903.083143,7.512,6.735
1788213903.091017,1788213903.091017,0.000,0.027
1788213903.091017,1788213903.099098,8.082,7.810
1788213903.107001,1788213903.107001,0.000,0.024
1788213903.107001,1788213903.115308,8.307,8.035
1788213903.107001,1788213903.123436,16.436,16.055
1788213903.123436,1788213903.131556,8.119,7.697
1788213903.123436,1788213903.139081,15.645,15.704
1788213903.139081,1788213903.146605,7.524,7.222
1788213903.154381,1788213903.154381,0.000,0.495
1788213903.154381,1788213903.162908,8.527,8.516
1788213903.169532,1788213903.171543,2.011,1.517
1788213903.169532,1788213903.179073,9.541,9.528
1788213903.185074,1788213903.187067,1.993,1.602
1788213903.185074,1788213903.195596,10.522,9.615
1788213903.201118,1788213903.203118,2.001,2.261
1788213903.201118,1788213903.211645,10.527,10.284
1788213903.216157,1788213903.219166,3.009,2.377
1788213903.216157,1788213903.226766,10.609,10.389
1788213903.231179,1788213903.235186,4.008,3.983
1788213903.231179,1788213903.243702,12.523,11.991
1788213903.250232,1788213903.251233,1.002,0.743
1788213903.250232,1788213903.258792,8.560,8.762
1788213903.262828,1788213903.266783,3.955,4.461
1788213903.262828,1788213903.275823,12.995,12.492
1788213903.276824,1788213903.282852,6.028,6.203
1788213903.276824,1788213903.290388,13.564,14.224
1788213903.292908,1788213903.298416,5.507,6.575
1788213903.292908,1788213903.307460,14.551,14.583
1788213903.308974,1788213903.315495,6.521,6.462
1788213903.308974,1788213903.323495,14.521,14.467
1788213903.323495,1788213903.331089,7.594,7.184
1788213903.323495,1788213903.339602,16.108,15.207
1788213903.339602,1788213903.347132,7.529,7.218
1788213903.355138,1788213903.355138,0.000,0.051
1788213903.355138,1788213903.363176,8.038,7.498
1788213903.355138,1788213903.371890,16.752,15.507
1788213903.371890,1788213903.379868,7.978,7.588
1788213903.385847,1788213903.387840,1.993,1.290
1788213903.385847,1788213903.395016,9.169,9.298
1788213903.401637,1788213903.403718,2.081,1.309
1788213903.401637,1788213903.411345,9.708,9.328
1788213903.418385,1788213903.418991,0.606,1.210
1788213903.418385,1788213903.427764,9.380,9.219
1788213903.432454,1788213903.435283,2.829,2.556
1788213903.432454,1788213903.443601,11.148,10.569
1788213903.447110,1788213903.452109,4.999,3.765
1788213903.447110,1788213903.459147,12.037,11.776
1788213903.464149,1788213903.467632,3.483,3.519
1788213903.464149,1788213903.475168,11.018,11.535
1788213903.479164,1788213903.483694,4.530,4.024
1788213903.479164,1788213903.491689,12.526,12.037
1788213903.494215,1788213903.499769,5.554,5.182
1788213903.494215,1788213903.507825,13.610,13.201
1788213903.509826,1788213903.515347,5.521,5.479
1788213903.509826,1788213903.523340,13.514,13.485
1788213903.526871,1788213903.531865,4.994,4.828
1788213903.526871,1788213903.539392,12.521,12.837
1788213903.542922,1788213903.547442,4.520,4.595
1788213903.542922,1788213903.554709,11.788,12.601
1788213903.557264,1788213903.563765,6.500,6.168
1788213903.557264,1788213903.571801,14.537,14.176
1788213903.572797,1788213903.579323,6.526,6.607
1788213903.572797,1788213903.587351,14.553,14.609
1788213903.588365,1788213903.594904,6.539,6.940
1788213903.588365,1788213903.603939,15.574,14.946
1788213903.603939,1788213903.611976,8.038,7.664
1788213903.603939,1788213903.619939,16.000,15.668
1788213903.619939,1788213903.627579,7.641,7.579
1788213903.635114,1788213903.635959,0.845,0.625
1788213903.635114,1788213903.643576,8.462,8.633
1788213903.650851,1788213903.651881,1.030,0.511
1788213903.650851,1788213903.660375,9.524,8.536
1788213903.666930,1788213903.667442,0.512,0.896
1788213903.666930,1788213903.675979,9.049,8.908
1788213903.682495,1788213903.683498,1.003,0.959
1788213903.682495,1788213903.691499,9.004,8.980
1788213903.698499,1788213903.699498,1.000,0.855
1788213903.698499,1788213903.707486,8.988,8.868
1788213903.714000,1788213903.716001,2.001,1.651
1788213903.714000,1788213903.724000,10.000,9.661
1788213903.729516,1788213903.732030,2.514,1.962
1788213903.729516,1788213903.740031,10.515,9.973
1788213903.745030,1788213903.747543,2.513,2.496
1788213903.745030,1788213903.755544,10.514,10.513
1788213903.761590,1788213903.763589,1.999,2.539
1788213903.761590,1788213903.772102,10.512,10.550
1788213903.777619,1788213903.779619,2.000,2.438
1788213903.777619,1788213903.788130,10.511,10.456
1788213903.792636,1788213903.796644,4.008,3.189
1788213903.792636,1788213903.804154,11.517,11.212
1788213903.808688,1788213903.812703,4.015,2.995
1788213903.808688,1788213903.819703,11.015,11.002
1788213903.825210,1788213903.828228,3.018,2.681
1788213903.825210,1788213903.835743,10.533,10.696
1788213903.840744,1788213903.843736,2.991,2.711
1788213903.840744,1788213903.851774,11.030,10.730
1788213903.855772,1788213903.860291,4.519,3.923
1788213903.855772,1788213903.868297,12.526,11.932
1788213903.871821,1788213903.876332,4.510,4.217
1788213903.871821,1788213903.883843,12.021,12.231
1788213903.886847,1788213903.892377,5.529,5.549
1788213903.886847,1788213903.900377,13.530,13.564
1788213903.903906,1788213903.908451,4.545,4.526
1788213903.903906,1788213903.915997,12.091,12.532
1788213903.917977,1788213903.923981,6.003,6.142
1788213903.917977,1788213903.932026,14.048,14.150
1788213903.934016,1788213903.940549,6.533,5.833
1788213903.934016,1788213903.948075,14.059,13.838
1788213903.949583,1788213903.956102,6.519,7.060
1788213903.949583,1788213903.964632,15.049,15.068
1788213903.965625,1788213903.972629,7.004,6.937
1788213903.965625,1788213903.980141,14.515,14.940
1788213903.980141,1788213903.988688,8.548,7.727
1788213903.995208,1788213903.996209,1.001,1.158
1788213903.995208,1788213904.004264,9.056,9.169
1788213904.010353,1788213904.012360,2.006,1.817
1788213904.010353,1788213904.020357,10.003,9.824
1788213904.025909,1788213904.027929,2.020,1.979
1788213904.025909,1788213904.036001,10.092,9.991
1788213904.043603,1788213904.044602,0.999,0.897
1788213904.043603,1788213904.052800,9.197,8.914
1788213904.059250,1788213904.060241,0.991,1.316
1788213904.059250,1788213904.067768,8.518,9.329
1788213904.075815,1788213904.076818,1.003,0.637
1788213904.075815,1788213904.084202,8.388,8.646
1788213904.091728,1788213904.092721,0.993,0.867
1788213904.091728,1788213904.100243,8.515,8.883
1788213904.105757,1788213904.108788,3.031,2.245
1788213904.105757,1788213904.116185,10.429,10.255
1788213904.122185,1788213904.124185,2.000,2.519
1788213904.122185,1788213904.132240,10.055,10.524
1788213904.138276,1788213904.140277,2.001,2.055
1788213904.138276,1788213904.147778,9.502,10.060
1788213904.154839,1788213904.156846,2.007,1.811
1788213904.154839,1788213904.164845,10.006,9.817
1788213904.168368,1788213904.172367,4.000,4.010
1788213904.168368,1788213904.180893,12.525,12.019
1788213904.184899,1788213904.188409,3.510,3.843
1788213904.184899,1788213904.196943,12.043,11.851
1788213904.200453,1788213904.204457,4.004,3.771
1788213904.200453,1788213904.211973,11.520,11.785
1788213904.215491,1788213904.220493,5.002,4.554
1788213904.215491,1788213904.229069,13.578,12.566
1788213904.231063,1788213904.237068,6.005,5.254
1788213904.231063,1788213904.245068,14.005,13.260
1788213904.248095,1788213904.253106,5.011,4.380
1788213904.248095,1788213904.260616,12.521,12.402
1788213904.262613,1788213904.268355,5.742,5.676
1788213904.262613,1788213904.276365,13.752,13.688
1788213904.277364,1788213904.284927,7.563,6.999
1788213904.277364,1788213904.293131,15.767,15.011
1788213904.293131,1788213904.300149,7.018,7.064
1788213904.293131,1788213904.308789,15.657,15.075
1788213904.309802,1788213904.317329,7.527,7.213
1788213904.309802,1788213904.325329,15.527,15.227
1788213904.325329,1788213904.332921,7.592,7.707
1788213904.325329,1788213904.341432,16.103,15.718
1788213904.342437,1788213904.348965,6.529,6.452
1788213904.356967,1788213904.356967,0.000,0.125
1788213904.356967,1788213904.365054,8.087,8.143
1788213904.372027,1788213904.373028,1.001,0.910
1788213904.372027,1788213904.380674,8.648,8.929
1788213904.386671,1788213904.388675,2.004,1.949
1788213904.386671,1788213904.397200,10.530,9.954
1788213904.402715,1788213904.404711,1.996,2.112
1788213904.402715,1788213904.413236,10.520,10.120
1788213904.418241,1788213904.420793,2.551,1.995
1788213904.418241,1788213904.429315,11.073,10.002
1788213904.434882,1788213904.436894,2.013,1.949
1788213904.434882,1788213904.445152,10.270,9.953
1788213904.449669,1788213904.452668,2.999,2.927
1788213904.449669,1788213904.461365,11.696,10.936
1788213904.466048,1788213904.468735,2.686,3.297
1788213904.466048,1788213904.477290,11.242,11.307
1788213904.481021,1788213904.485087,4.066,4.052
1788213904.481021,1788213904.493061,12.040,12.066
1788213904.496135,1788213904.501380,5.244,4.745
1788213904.496135,1788213904.509622,13.487,12.762
1788213904.511330,1788213904.516852,5.522,5.570
1788213904.511330,1788213904.525404,14.074,13.584
1788213904.527318,1788213904.533575,6.257,6.054
1788213904.527318,1788213904.541075,13.757,14.047
1788213904.542577,1788213904.549094,6.517,6.552
1788213904.542577,1788213904.556791,14.214,14.574
1788213904.559328,1788213904.565056,5.728,6.054
1788213904.559328,1788213904.573093,13.765,14.064
1788213904.575085,1788213904.581650,6.565,5.500
1788213904.588804,1788213904.589819,1.015,0.039
1788213904.588804,1788213904.596869,8.065,7.871
1788213904.604862,1788213904.605618,0.756,0.026
1788213904.604862,1788213904.613196,8.334,8.039
1788213904.620726,1788213904.621727,1.002,0.179
1788213904.620726,1788213904.628808,8.083,8.187
1788213904.636682,1788213904.637185,0.503,0.807
1788213904.636682,1788213904.645194,8.512,8.839
1788213904.651722,1788213904.653713,1.991,0.854
1788213904.651722,1788213904.661203,9.480,8.869
1788213904.667733,1788213904.669737,2.004,1.178
1788213904.667733,1788213904.677291,9.557,9.191
1788213904.683439,1788213904.685439,2.000,1.451
1788213904.683439,1788213904.692961,9.522,9.467
1788213904.700495,1788213904.701467,0.972,0.681
1788213904.700495,1788213904.709475,8.980,8.700
1788213904.715535,1788213904.717542,2.007,2.017
1788213904.715535,1788213904.725062,9.527,10.035
1788213904.730585,1788213904.733099,2.515,2.553
1788213904.730585,1788213904.741647,11.062,10.565
1788213904.746624,1788213904.749128,2.504,2.969
1788213904.746624,1788213904.757657,11.033,10.976
1788213904.761714,1788213904.765728,4.014,3.205
1788213904.761714,1788213904.773789,12.075,11.217
1788213904.777318,1788213904.781322,4.004,4.114
1788213904.777318,1788213904.789321,12.003,12.121
1788213904.792843,1788213904.797360,4.517,4.370
1788213904.792843,1788213904.805878,13.035,12.397
1788213904.808877,1788213904.813878,5.001,4.378
1788213904.808877,1788213904.821915,13.038,12.392
1788213904.824982,1788213904.829513,4.531,4.384
1788213904.824982,1788213904.838023,13.041,12.394
1788213904.841029,1788213904.845452,4.422,4.414
1788213904.841029,1788213904.853999,12.969,12.432
1788213904.858521,1788213904.862033,3.512,2.811
1788213904.858521,1788213904.870038,11.516,10.820
1788213904.874032,1788213904.877546,3.514,3.714
1788213904.874032,1788213904.886075,12.042,11.727
1788213904.888601,1788213904.893598,4.997,4.831
1788213904.888601,1788213904.901629,13.028,12.848
1788213904.903632,1788213904.910141,6.509,5.694
1788213904.903632,1788213904.918192,14.560,13.699
1788213904.919191,1788213904.925710,6.519,6.499
1788213904.919191,1788213904.934230,15.039,14.505
1788213904.934230,1788213904.941599,7.369,7.227
1788213904.949640,1788213904.949640,0.000,0.044
1788213904.949640,1788213904.958271,8.631,8.059
1788213904.964300,1788213904.965811,1.511,0.955
1788213904.964300,1788213904.973846,9.546,8.974
1788213904.980898,1788213904.981889,0.991,1.078
1788213904.980898,1788213904.989900,9.001,9.086
1788213904.995420,1788213904.997947,2.527,1.509
1788213904.995420,1788213905.005946,10.527,9.519
1788213905.010477,1788213905.013903,3.427,3.167
1788213905.010477,1788213905.022421,11.944,11.176
1788213905.027452,1788213905.030459,3.007,1.853
1788213905.027452,1788213905.038226,10.774,9.859
1788213905.043178,1788213905.046475,3.297,2.747
1788213905.043178,1788213905.053784,10.606,10.766
1788213905.058313,1788213905.061821,3.508,3.996
1788213905.058313,1788213905.069828,11.515,12.014
1788213905.072836,1788213905.077836,5.000,4.792
1788213905.072836,1788213905.085910,13.074,12.805
1788213905.089368,1788213905.094057,4.688,4.542
1788213905.089368,1788213905.102442,13.074,12.552
1788213905.105459,1788213905.109442,3.983,4.553
1788213905.105459,1788213905.117953,12.494,12.559
1788213905.119758,1788213905.125852,6.094,5.952
1788213905.119758,1788213905.134533,14.775,13.972
1788213905.135487,1788213905.142056,6.569,6.348
1788213905.135487,1788213905.150352,14.866,14.352
1788213905.151448,1788213905.157883,6.435,6.903
1788213905.151448,1788213905.166392,14.944,14.910
1788213905.167396,1788213905.173815,6.419,6.546
1788213905.167396,1788213905.182363,14.967,14.562
1788213905.182363,1788213905.189877,7.514,6.907
1788213905.197911,1788213905.197911,0.000,0.091
1788213905.197911,1788213905.205911,8.000,7.613
1788213905.213431,1788213905.214437,1.006,0.485
1788213905.213431,1788213905.222440,9.009,8.497
1788213905.229491,1788213905.230492,1.001,0.304
1788213905.229491,1788213905.238033,8.543,8.320
1788213905.246034,1788213905.246034,0.000,0.318
1788213905.246034,1788213905.253548,7.514,8.332
1788213905.260095,1788213905.262082,1.987,1.742
1788213905.260095,1788213905.269812,9.717,9.763
1788213905.276191,1788213905.278860,2.668,2.020
1788213905.276191,1788213905.286465,10.273,10.051
1788213905.291963,1788213905.294717,2.754,2.486
1788213905.291963,1788213905.302161,10.197,10.501
1788213905.307680,1788213905.310220,2.540,2.861
1788213905.307680,1788213905.318275,10.595,10.876
1788213905.323801,1788213905.326808,3.007,2.684
1788213905.323801,1788213905.334850,11.049,10.699
1788213905.337859,1788213905.342855,4.997,4.304
1788213905.337859,1788213905.350486,12.627,12.319
1788213905.351492,1788213905.358545,7.052,6.872
1788213905.351492,1788213905.366636,15.143,14.901
1788213905.367633,1788213905.374144,6.510,6.655
1788213905.367633,1788213905.382138,14.504,14.674
1788213905.383641,1788213905.390153,6.512,7.238
1788213905.397792,1788213905.398826,1.034,0.932
1788213905.397792,1788213905.407081,9.289,8.958
1788213905.413612,1788213905.414611,0.999,1.323
1788213905.413612,1788213905.422270,8.658,9.335
1788213905.427832,1788213905.430068,2.236,2.260
1788213905.427832,1788213905.438718,10.885,10.274
1788213905.443665,1788213905.446747,3.082,3.222
1788213905.443665,1788213905.454810,11.146,11.230
1788213905.459344,1788213905.462856,3.512,3.242
1788213905.459344,1788213905.470744,11.400,11.253
1788213905.474952,1788213905.478946,3.994,3.847
1788213905.474952,1788213905.486475,11.524,11.863
1788213905.489478,1788213905.495004,5.527,4.938
1788213905.489478,1788213905.502540,13.062,12.949
1788213905.504622,1788213905.510542,5.920,5.507
1788213905.504622,1788213905.518471,13.849,13.520
1788213905.520592,1788213905.527225,6.633,5.842
1788213905.520592,1788213905.534563,13.971,13.854
1788213905.536585,1788213905.542565,5.980,5.955
1788213905.536585,1788213905.551089,14.504,13.962
1788213905.553155,1788213905.558789,5.634,5.413
1788213905.553155,1788213905.567079,13.925,13.424
1788213905.568179,1788213905.574812,6.633,6.362
1788213905.568179,1788213905.583183,15.004,14.368
1788213905.585097,1788213905.591130,6.033,5.704
1788213905.585097,1788213905.598637,13.540,13.717
1788213905.603170,1788213905.607174,4.004,3.208
1788213905.603170,1788213905.614482,11.312,11.216
1788213905.615496,1788213905.622495,6.999,6.975
1788213905.615496,1788213905.631093,15.597,14.981
1788213905.631562,1788213905.638581,7.019,6.791
1788213905.646581,1788213905.646581,0.000,0.057
1788213905.646581,1788213905.654635,8.054,7.938
1788213905.663026,1788213905.663026,0.000,0.079
1788213905.663026,1788213905.671601,8.575,7.790
1788213905.678119,1788213905.679132,1.012,0.417
1788213905.678119,1788213905.687131,9.012,8.436
1788213905.693650,1788213905.694646,0.995,1.159
1788213905.693650,1788213905.702626,8.976,9.179
1788213905.710147,1788213905.711657,1.510,1.077
1788213905.710147,1788213905.718745,8.598,9.090
1788213905.725739,1788213905.726739,1.000,1.597
1788213905.725739,1788213905.734766,9.027,9.611
1788213905.739765,1788213905.742766,3.000,2.796
1788213905.739765,1788213905.750296,10.530,10.815
1788213905.756337,1788213905.759341,3.005,2.870
1788213905.756337,1788213905.766937,10.600,10.887
1788213905.771935,1788213905.775435,3.500,3.318
1788213905.771935,1788213905.783465,11.530,11.325
1788213905.785971,1788213905.790981,5.010,4.966
1788213905.785971,1788213905.799017,13.046,12.975
1788213905.801039,1788213905.807572,6.533,5.958
1788213905.801039,1788213905.815570,14.531,13.962
1788213905.816571,1788213905.823571,6.999,6.189
1788213905.816571,1788213905.831605,15.034,14.193
1788213905.832605,1788213905.839129,6.525,6.702
1788213905.832605,1788213905.847664,15.059,14.713
1788213905.847664,1788213905.855711,8.046,7.146
1788213905.847664,1788213905.863716,16.052,15.159
1788213905.864709,1788213905.871747,7.038,6.699
1788213905.864709,1788213905.879249,14.539,14.789
1788213905.879249,1788213905.887258,8.009,7.726
1788213905.895260,1788213905.895260,0.000,0.092
1788213905.895260,1788213905.903778,8.518,7.692
1788213905.895260,1788213905.911288,16.028,15.700
1788213905.912325,1788213905.919545,7.220,7.352
1788213905.926141,1788213905.927235,1.094,1.075
1788213905.926141,1788213905.935854,9.713,9.085
1788213905.941771,1788213905.943759,1.989,1.591
1788213905.941771,1788213905.951977,10.206,9.602
1788213905.957697,1788213905.959690,1.994,1.389
1788213905.957697,1788213905.967383,9.686,9.412
1788213905.974021,1788213905.975582,1.561,0.838
1788213905.974021,1788213905.983681,9.660,8.846
1788213905.988394,1788213905.991779,3.385,2.722
1788213905.988394,1788213905.999310,10.916,10.744
1788213906.004396,1788213906.007403,3.007,3.241
1788213906.004396,1788213906.015921,11.525,11.245
1788213906.019443,1788213906.023443,4.000,3.680
1788213906.019443,1788213906.031464,12.021,11.687
1788213906.035508,1788213906.039482,3.973,4.235
1788213906.035508,1788213906.048005,12.497,12.239
1788213906.051998,1788213906.055566,3.568,3.091
1788213906.051998,1788213906.063576,11.578,11.106
1788213906.065568,1788213906.071623,6.054,5.186
1788213906.065568,1788213906.079138,13.570,13.197
1788213906.080650,1788213906.087664,7.015,6.587
1788213906.080650,1788213906.096187,15.537,14.594
1788213906.096187,1788213906.104181,7.994,7.560
1788213906.096187,1788213906.111709,15.522,15.563
1788213906.111709,1788213906.119780,8.071,7.629
1788213906.126782,1788213906.127777,0.995,0.716
1788213906.126782,1788213906.135853,9.071,8.723
1788213906.126782,1788213906.143362,16.579,16.729
1788213906.144376,1788213906.151914,7.538,7.652
1788213906.158451,1788213906.159451,1.001,0.790
1788213906.158451,1788213906.167964,9.513,8.806
1788213906.174495,1788213906.175496,1.001,0.748
1788213906.174495,1788213906.184007,9.511,8.758
1788213906.190548,1788213906.191550,1.001,0.955
1788213906.190548,1788213906.200061,9.512,8.965
1788213906.206621,1788213906.207649,1.028,0.628
1788213906.206621,1788213906.216168,9.547,8.636
1788213906.222169,1788213906.224167,1.997,1.480
1788213906.222169,1788213906.232211,10.041,9.500
1788213906.238211,1788213906.240216,2.004,1.722
1788213906.238211,1788213906.248269,10.058,9.743
1788213906.252269,1788213906.255788,3.520,3.175
1788213906.252269,1788213906.263795,11.526,11.192
1788213906.268949,1788213906.271956,3.007,2.923
1788213906.268949,1788213906.280482,11.533,10.962
1788213906.283477,1788213906.288005,4.528,4.730
1788213906.283477,1788213906.296251,12.773,12.736
1788213906.297244,1788213906.304276,7.032,6.260
1788213906.297244,1788213906.311814,14.570,14.268
1788213906.312814,1788213906.319829,7.016,6.608
1788213906.312814,1788213906.328351,15.537,14.611
1788213906.328351,1788213906.336412,8.061,7.652
1788213906.328351,1788213906.344411,16.060,15.661
1788213906.344411,1788213906.352409,7.998,7.612
1788213906.359933,1788213906.359933,0.000,0.023
1788213906.359933,1788213906.367953,8.019,7.763
1788213906.359933,1788213906.375978,16.045,15.782
1788213906.375978,1788213906.384485,8.507,7.586
1788213906.375978,1788213906.392751,16.773,15.617
1788213906.392751,1788213906.400279,7.529,7.132
1788213906.407803,1788213906.407803,0.000,0.750
1788213906.407803,1788213906.415803,8.000,8.762
1788213906.422519,1788213906.424513,1.993,2.005
1788213906.422519,1788213906.432211,9.692,10.011
1788213906.437253,1788213906.440253,3.001,2.755
1788213906.437253,1788213906.448783,11.531,10.761
1788213906.454304,1788213906.456701,2.397,1.227
1788213906.454304,1788213906.464225,9.920,9.236
1788213906.469224,1788213906.472499,3.275,2.613
1788213906.469224,1788213906.480528,11.304,10.617
1788213906.486020,1788213906.488027,2.007,2.525
1788213906.486020,1788213906.496549,10.530,10.533
1788213906.501093,1788213906.504586,3.493,3.327
1788213906.501093,1788213906.512105,11.012,11.342
1788213906.518614,1788213906.520615,2.001,1.621
1788213906.518614,1788213906.528709,10.095,9.637
1788213906.532232,1788213906.536368,4.136,3.859
1788213906.532232,1788213906.544375,12.142,11.875
1788213906.547894,1788213906.552893,5.000,4.602
1788213906.547894,1788213906.560933,13.040,12.610
1788213906.563457,1788213906.567985,4.528,4.735
1788213906.563457,1788213906.576930,13.472,12.749
1788213906.578972,1788213906.584048,5.076,4.454
1788213906.578972,1788213906.592573,13.601,12.458
1788213906.595086,1788213906.600083,4.997,4.764
1788213906.595086,1788213906.608609,13.523,12.781
1788213906.610621,1788213906.616132,5.511,6.148
1788213906.610621,1788213906.624216,13.595,14.154
1788213906.625194,1788213906.632730,7.536,6.742
1788213906.625194,1788213906.641168,15.974,14.749
1788213906.641168,1788213906.648690,7.522,7.633
1788213906.656210,1788213906.656210,0.000,0.136
1788213906.656210,1788213906.664758,8.548,8.144
1788213906.672369,1788213906.672877,0.508,0.531
1788213906.672369,1788213906.680941,8.572,8.553
1788213906.686948,1788213906.688946,1.998,1.107
1788213906.686948,1788213906.696945,9.997,9.118
1788213906.702459,1788213906.704974,2.516,1.914
1788213906.702459,1788213906.712977,10.519,9.921
1788213906.718483,1788213906.721101,2.618,2.301
1788213906.718483,1788213906.728617,10.134,10.317
1788213906.734129,1788213906.737134,3.004,2.701
1788213906.734129,1788213906.745134,11.005,10.737
1788213906.750135,1788213906.753133,2.998,2.516
1788213906.750135,1788213906.760676,10.542,10.522
1788213906.765197,1788213906.769193,3.995,3.423
1788213906.765197,1788213906.776917,11.719,11.440
1788213906.781450,1788213906.784460,3.010,3.439
1788213906.781450,1788213906.792995,11.545,11.452
1788213906.796001,1788213906.800517,4.517,4.561
1788213906.796001,1788213906.809072,13.071,12.574
1788213906.812082,1788213906.817082,5.000,4.532
1788213906.812082,1788213906.825121,13.039,12.550
1788213906.828116,1788213906.832638,4.522,4.347
1788213906.828116,1788213906.841160,13.043,12.363
1788213906.844668,1788213906.848658,3.990,4.064
1788213906.844668,1788213906.857203,12.535,12.073
1788213906.860211,1788213906.865207,4.996,4.826
1788213906.860211,1788213906.872721,12.510,12.831
1788213906.874720,1788213906.881253,6.533,5.673
1788213906.874720,1788213906.888774,14.054,13.689
1788213906.891777,1788213906.897277,5.500,5.400
1788213906.891777,1788213906.905284,13.508,13.407
1788213906.906806,1788213906.912804,5.998,5.693
1788213906.906806,1788213906.920508,13.702,13.703
1788213906.922686,1788213906.928686,6.000,6.042
1788213906.922686,1788213906.936349,13.663,14.048
1788213906.937959,1788213906.945067,7.108,6.692
1788213906.937959,1788213906.953068,15.109,14.700
1788213906.954762,1788213906.961460,6.698,6.508
1788213906.968477,1788213906.969470,0.993,0.227
1788213906.968477,1788213906.977004,8.527,8.252
1788213906.968477,1788213906.985004,16.527,16.263
1788213906.986002,1788213906.993001,6.999,6.969
1788213907.001326,1788213907.001326,0.000,0.080
1788213907.001326,1788213907.008963,7.638,7.808
1788213907.016535,1788213907.017507,0.972,0.191
1788213907.016535,1788213907.025111,8.576,8.199
1788213907.030722,1788213907.032813,2.091,2.723
1788213907.030722,1788213907.041517,10.795,10.723
1788213907.046436,1788213907.049515,3.079,2.944
1788213907.046436,1788213907.057219,10.783,10.958
1788213907.061139,1788213907.065669,4.530,3.649
1788213907.061139,1788213907.073672,12.533,11.651
1788213907.077197,1788213907.081202,4.005,3.615
1788213907.077197,1788213907.089199,12.002,11.620
1788213907.093727,1788213907.097249,3.523,3.221
1788213907.093727,1788213907.104765,11.039,11.226
1788213907.109505,1788213907.113508,4.004,3.802
1788213907.109505,1788213907.121701,12.197,11.811
1788213907.125355,1788213907.129657,4.302,3.627
1788213907.125355,1788213907.136902,11.547,11.631
1788213907.140025,1788213907.145000,4.975,4.784
1788213907.140025,1788213907.153704,13.680,12.789
1788213907.156295,1788213907.161313,5.018,4.614
1788213907.156295,1788213907.169007,12.712,12.619
1788213907.171018,1788213907.177353,6.335,6.145
1788213907.171018,1788213907.185352,14.334,14.149
1788213907.187313,1788213907.193273,5.960,6.176
1788213907.187313,1788213907.201285,13.972,14.183
1788213907.203299,1788213907.209278,5.979,6.206
1788213907.203299,1788213907.217334,14.035,14.215
1788213907.218334,1788213907.225336,7.002,7.036
1788213907.218334,1788213907.233470,15.136,15.067
1788213907.233470,1788213907.241468,7.998,7.231
1788213907.233470,1788213907.249383,15.913,15.242
1788213907.250377,1788213907.257720,7.343,6.904
1788213907.264719,1788213907.265723,1.003,0.075
1788213907.264719,1788213907.273361,8.642,8.081
1788213907.264719,1788213907.281349,16.630,16.091
1788213907.282448,1788213907.289052,6.604,7.054
1788213907.296722,1788213907.297720,0.998,0.131
1788213907.297720,1788213907.305681,7.961,7.867
1788213907.313405,1788213907.313405,0.000,0.340
1788213907.313405,1788213907.322012,8.607,8.350
1788213907.328679,1788213907.329764,1.085,0.887
1788213907.328679,1788213907.337416,8.736,8.893
1788213907.342451,1788213907.345434,2.983,2.911
1788213907.342451,1788213907.353091,10.639,10.919
1788213907.358814,1788213907.361835,3.021,2.713
1788213907.358814,1788213907.369532,10.717,10.724
1788213907.373528,1788213907.377163,3.635,2.821
1788213907.373528,1788213907.385146,11.619,10.829
1788213907.388657,1788213907.393661,5.005,4.317
1788213907.388657,1788213907.401207,12.551,12.324
1788213907.404736,1788213907.409418,4.682,4.394
1788213907.404736,1788213907.418072,13.336,12.412
1788213907.421090,1788213907.426044,4.954,4.449
1788213907.421090,1788213907.433953,12.862,12.455
1788213907.436970,1788213907.442050,5.080,4.797
1788213907.436970,1788213907.449699,12.729,12.804
1788213907.450788,1788213907.457372,6.584,6.697
1788213907.450788,1788213907.465804,15.016,14.709
1788213907.466997,1788213907.473657,6.660,6.898
1788213907.466997,1788213907.481972,14.975,14.909
1788213907.482573,1788213907.489872,7.299,7.456
1788213907.482573,1788213907.497597,15.024,15.472
1788213907.497597,1788213907.505596,8.000,7.838
1788213907.513125,1788213907.514198,1.073,0.137
1788213907.513125,1788213907.522123,8.998,8.155
1788213907.529518,1788213907.529518,0.000,0.052
1788213907.529518,1788213907.537566,8.049,8.063
1788213907.545617,1788213907.546384,0.767,0.037
1788213907.545617,1788213907.554160,8.543,7.794
1788213907.560857,1788213907.561876,1.019,0.109
1788213907.561876,1788213907.570235,8.359,7.836
1788213907.576166,1788213907.577960,1.794,1.449
1788213907.576166,1788213907.586420,10.254,9.472
1788213907.592141,1788213907.594138,1.996,1.829
1788213907.592141,1788213907.601650,9.509,9.850
1788213907.607158,1788213907.609683,2.525,2.513
1788213907.607158,1788213907.617834,10.676,10.522
1788213907.623343,1788213907.626369,3.026,2.837
1788213907.623343,1788213907.634375,11.032,10.845
1788213907.637374,1788213907.642374,5.000,4.224
1788213907.637374,1788213907.650486,13.112,12.235
1788213907.653476,1788213907.658051,4.575,4.795
1788213907.653476,1788213907.665190,11.714,12.806
1788213907.668797,1788213907.674402,5.605,5.401
1788213907.668797,1788213907.681171,12.374,13.414
1788213907.684318,1788213907.689763,5.445,5.179
1788213907.684318,1788213907.698232,13.914,13.186
1788213907.699230,1788213907.706754,7.524,6.360
1788213907.699230,1788213907.714275,15.045,14.363
1788213907.715272,1788213907.721276,6.004,6.760
1788213907.715272,1788213907.730355,15.083,14.767
1788213907.731357,1788213907.737861,6.504,6.515
1788213907.731357,1788213907.746370,15.013,14.523
1788213907.747385,1788213907.754383,6.998,6.776
1788213907.747385,1788213907.761895,14.510,14.782
1788213907.763405,1788213907.769449,6.044,6.675
1788213907.763405,1788213907.777749,14.344,14.690
1788213907.778996,1788213907.785988,6.992,6.688
1788213907.778996,1788213907.794011,15.014,14.692
1788213907.795009,1788213907.802555,7.546,7.192
1788213907.795009,1788213907.810556,15.547,15.196
1788213907.811555,1788213907.818558,7.003,6.627
1788213907.825691,1788213907.826723,1.032,0.310
1788213907.825691,1788213907.834009,8.318,8.322
1788213907.842027,1788213907.842027,0.000,0.310
1788213907.842027,1788213907.850584,8.557,8.319
1788213907.857200,1788213907.858283,1.082,1.450
1788213907.857200,1788213907.866651,9.450,9.456
1788213907.871634,1788213907.874645,3.011,2.433
1788213907.871634,1788213907.882336,10.702,10.439
1788213907.887022,1788213907.890014,2.991,2.741
1788213907.887022,1788213907.898706,11.683,10.744
1788213907.902936,1788213907.906021,3.085,3.643
1788213907.902936,1788213907.914647,11.711,11.648
1788213907.919649,1788213907.922636,2.986,2.448
1788213907.919649,1788213907.930468,10.818,10.456
1788213907.932996,1788213907.938503,5.507,4.933
1788213907.932996,1788213907.946575,13.579,12.944
1788213907.948575,1788213907.954572,5.997,5.532
1788213907.948575,1788213907.962622,14.047,13.545
1788213907.963621,1788213907.970312,6.691,6.193
1788213907.963621,1788213907.978308,14.687,14.218
1788213907.979311,1788213907.986044,6.733,6.439
1788213907.979311,1788213907.994616,15.305,14.449
1788213907.994616,1788213908.002722,8.106,7.610
1788213908.009543,1788213908.010466,0.922,0.899
1788213908.009543,1788213908.018463,8.919,8.916
1788213908.024992,1788213908.026992,2.000,1.186
1788213908.024992,1788213908.035040,10.048,9.201
1788213908.040557,1788213908.042575,2.018,1.465
1788213908.040557,1788213908.050787,10.230,9.470
1788213908.056705,1788213908.058794,2.089,2.189
1788213908.056705,1788213908.067034,10.329,10.212
1788213908.071038,1788213908.075037,4.000,3.031
1788213908.071038,1788213908.082541,11.503,11.034
1788213908.088077,1788213908.091076,2.999,2.408
1788213908.088077,1788213908.099170,11.094,10.417
1788213908.102248,1788213908.107266,5.018,4.607
1788213908.102248,1788213908.115240,12.992,12.610
1788213908.117222,1788213908.122241,5.019,4.879
1788213908.117222,1788213908.129921,12.700,12.884
1788213908.133232,1788213908.138301,5.069,5.504
1788213908.133232,1788213908.146574,13.342,13.511
1788213908.148567,1788213908.155163,6.596,5.990
1788213908.148567,1788213908.162939,14.371,13.998
1788213908.164529,1788213908.170550,6.021,6.002
1788213908.164529,1788213908.179067,14.538,14.014
1788213908.180067,1788213908.187103,7.036,6.530
1788213908.180067,1788213908.194111,14.044,14.543
1788213908.196625,1788213908.202618,5.992,6.056
1788213908.196625,1788213908.211148,14.523,14.062
1788213908.213236,1788213908.219230,5.994,4.856
1788213908.227142,1788213908.227142,0.000,0.026
1788213908.227142,1788213908.234840,7.698,8.037
1788213908.241848,1788213908.242841,0.993,0.409
1788213908.241848,1788213908.250445,8.597,8.428
1788213908.258433,1788213908.259434,1.002,0.047
1788213908.258433,1788213908.266662,8.229,7.857
1788213908.273562,1788213908.274666,1.104,1.540
1788213908.273562,1788213908.281994,8.432,9.549
1788213908.287779,1788213908.290883,3.104,2.641
1788213908.287779,1788213908.299497,11.718,10.649
1788213908.303412,1788213908.307507,4.095,3.017
1788213908.303412,1788213908.314489,11.077,11.021
1788213908.319496,1788213908.323110,3.614,3.702
1788213908.319496,1788213908.331206,11.710,11.707
1788213908.334827,1788213908.338815,3.988,4.415
1788213908.334827,1788213908.346893,12.066,12.421
1788213908.350895,1788213908.354894,3.999,4.304
1788213908.350895,1788213908.363409,12.514,12.312
1788213908.365426,1788213908.371503,6.077,5.234
1788213908.365426,1788213908.379220,13.794,13.237
1788213908.380192,1788213908.386586,6.394,6.442
1788213908.380192,1788213908.395260,15.069,14.448
1788213908.396223,1788213908.402931,6.708,6.460
1788213908.396223,1788213908.411551,15.328,14.470
1788213908.411551,1788213908.419553,8.001,7.006
1788213908.411551,1788213908.427557,16.005,15.016
1788213908.427557,1788213908.435397,7.841,7.307
1788213908.427557,1788213908.442994,15.438,15.312
1788213908.443995,1788213908.451069,7.074,7.382
1788213908.443995,1788213908.459082,15.087,15.402
1788213908.460071,1788213908.466719,6.648,6.836
1788213908.475331,1788213908.475331,0.000,0.026
1788213908.475331,1788213908.483126,7.795,7.643
1788213908.490044,1788213908.491051,1.007,1.155
1788213908.490044,1788213908.498573,8.529,9.183
1788213908.506099,1788213908.507610,1.511,1.525
1788213908.506099,1788213908.515149,9.050,9.527
1788213908.521670,1788213908.523670,2.000,1.862
1788213908.521670,1788213908.531290,9.620,9.870
1788213908.536969,1788213908.538972,2.003,2.548
1788213908.536969,1788213908.546954,9.985,10.551
1788213908.550961,1788213908.554911,3.950,3.711
1788213908.550961,1788213908.563151,12.190,11.721
1788213908.566161,1788213908.571831,5.670,4.758
1788213908.566161,1788213908.579881,13.719,12.783
1788213908.582432,1788213908.587587,5.155,4.303
1788213908.582432,1788213908.594938,12.506,12.308
1788213908.597942,1788213908.603615,5.673,5.027
1788213908.597942,1788213908.611306,13.365,13.034
1788213908.614310,1788213908.619544,5.234,5.458
1788213908.614310,1788213908.626926,12.616,13.462
1788213908.629360,1788213908.635126,5.766,6.116
1788213908.629360,1788213908.643215,13.855,14.125
1788213908.645260,1788213908.651142,5.882,6.281
1788213908.659205,1788213908.659205,0.000,0.064
1788213908.659205,1788213908.667513,8.307,8.070
1788213908.659205,1788213908.675504,16.298,16.074
1788213908.675504,1788213908.683544,8.040,7.532
1788213908.691079,1788213908.692077,0.998,0.043
1788213908.691079,1788213908.699286,8.207,8.060
1788213908.707285,1788213908.707285,0.000,0.105
1788213908.707285,1788213908.715290,8.005,7.787
1788213908.722810,1788213908.723809,1.000,1.188
1788213908.722810,1788213908.731319,8.509,9.218
1788213908.736847,1788213908.738847,2.000,2.657
1788213908.736847,1788213908.747658,10.811,10.675
1788213908.750668,1788213908.755668,5.000,4.854
1788213908.750668,1788213908.764184,13.516,12.867
1788213908.768243,1788213908.772243,4.000,3.503
1788213908.768243,1788213908.780295,12.052,11.507
1788213908.781803,1788213908.787822,6.019,5.428
1788213908.781803,1788213908.795352,13.549,13.442
1788213908.798878,1788213908.803878,5.000,5.135
1788213908.798878,1788213908.811882,13.004,13.149
1788213908.813870,1788213908.819399,5.529,6.230
1788213908.813870,1788213908.827400,13.531,14.235
1788213908.828406,1788213908.835470,7.064,7.214
1788213908.828406,1788213908.843480,15.074,15.222
1788213908.844479,1788213908.852021,7.542,6.839
1788213908.844479,1788213908.859790,15.311,14.880
1788213908.859790,1788213908.868355,8.565,7.842
1788213908.875415,1788213908.876327,0.912,0.284
1788213908.876327,1788213908.883381,7.054,7.662
1788213908.891981,1788213908.891981,0.000,0.019
1788213908.891981,1788213908.900203,8.223,8.033
1788213908.906759,1788213908.907800,1.042,1.579
1788213908.906759,1788213908.916461,9.702,9.585
1788213908.921538,1788213908.924464,2.926,2.088
1788213908.921538,1788213908.932496,10.959,10.097
1788213908.937054,1788213908.940581,3.527,2.841
1788213908.937054,1788213908.948581,11.527,10.845
1788213908.952183,1788213908.956174,3.991,3.771
1788213908.952183,1788213908.964144,11.961,11.779
1788213908.967835,1788213908.971834,3.999,3.839
1788213908.967835,1788213908.979854,12.019,11.841
1788213908.983442,1788213908.987854,4.412,4.289
1788213908.983442,1788213908.995727,12.285,12.302
1788213908.998832,1788213909.004414,5.581,5.140
1788213908.998832,1788213909.012496,13.664,13.159
1788213909.015215,1788213909.020205,4.990,5.022
1788213909.015215,1788213909.028226,13.011,13.024
1788213909.030195,1788213909.036304,6.110,5.492
1788213909.030195,1788213909.044306,14.111,13.501
1788213909.045309,1788213909.052345,7.036,6.532
1788213909.045309,1788213909.060867,15.558,14.550
1788213909.060867,1788213909.068394,7.527,6.585
1788213909.060867,1788213909.076422,15.556,14.589
1788213909.076422,1788213909.083937,7.514,7.162
1788213909.076422,1788213909.092530,16.108,15.166
1788213909.093606,1788213909.100250,6.643,6.837
1788213909.107839,1788213909.108923,1.084,0.108
1788213909.107839,1788213909.116614,8.775,8.115
1788213909.123606,1788213909.124608,1.002,0.528
1788213909.123606,1788213909.131337,7.731,8.533
1788213909.139714,1788213909.140704,0.989,0.201
1788213909.140704,1788213909.148709,8.005,7.909
1788213909.155116,1788213909.156101,0.986,0.801
1788213909.155116,1788213909.164728,9.613,8.808
1788213909.171197,1788213909.172290,1.093,0.976
1788213909.171197,1788213909.180295,9.097,8.983
1788213909.186121,1788213909.189102,2.980,1.797
1788213909.186121,1788213909.196393,10.271,9.801
1788213909.201385,1788213909.204401,3.016,2.957
1788213909.201385,1788213909.212377,10.992,10.969
1788213909.218340,1788213909.220315,1.975,2.053
1788213909.218340,1788213909.228824,10.484,10.056
1788213909.232848,1788213909.236375,3.526,3.302
1788213909.232848,1788213909.244898,12.050,11.307
1788213909.249413,1788213909.252421,3.008,2.994
1788213909.249413,1788213909.260499,11.087,11.011
1788213909.265015,1788213909.268664,3.649,3.771
1788213909.265015,1788213909.276737,11.722,11.783
1788213909.279727,1788213909.284751,5.024,4.737
1788213909.279727,1788213909.292795,13.068,12.754
1788213909.296412,1788213909.300508,4.095,4.015
1788213909.296412,1788213909.308509,12.097,12.024
1788213909.312556,1788213909.316506,3.951,3.770
1788213909.312556,1788213909.324516,11.960,11.777
1788213909.330224,1788213909.333230,3.006,2.356
1788213909.330224,1788213909.340916,10.693,10.373
1788213909.344956,1788213909.349215,4.259,3.929
1788213909.344956,1788213909.356972,12.016,11.935
1788213909.360062,1788213909.364494,4.431,4.618
1788213909.360062,1788213909.372492,12.430,12.625
1788213909.374496,1788213909.380495,6.000,5.911
1788213909.374496,1788213909.389202,14.707,13.924
1788213909.391200,1788213909.396380,5.181,5.899
1788213909.391200,1788213909.405092,13.892,13.907
1788213909.407104,1788213909.412828,5.724,5.410
1788213909.407104,1788213909.420855,13.751,13.419
1788213909.420855,1788213909.428534,7.679,7.698
1788213909.420855,1788213909.436895,16.040,15.708
1788213909.436895,1788213909.444549,7.654,7.521
1788213909.451626,1788213909.452630,1.004,1.041
1788213909.451626,1788213909.460636,9.010,9.055
1788213909.468228,1788213909.469228,1.000,0.928
1788213909.468228,1788213909.477237,9.010,8.937
1788213909.483239,1788213909.485237,1.998,1.206
1788213909.483239,1788213909.493073,9.835,9.222
1788213909.483239,1788213909.501115,17.877,17.234
1788213909.502625,1788213909.508638,6.013,6.399
1788213909.514638,1788213909.516717,2.079,2.024
1788213909.514638,1788213909.525437,10.799,10.034
1788213909.530435,1788213909.533357,2.922,2.236
1788213909.530435,1788213909.541047,10.612,10.255
1788213909.545669,1788213909.548752,3.083,2.878
1788213909.545669,1788213909.556537,10.868,10.884
1788213909.561179,1788213909.564790,3.611,3.333
1788213909.561179,1788213909.572550,11.371,11.336
1788213909.577474,1788213909.580474,3.000,3.721
1788213909.577474,1788213909.589509,12.034,11.737
1788213909.593517,1788213909.597022,3.505,3.098
1788213909.593517,1788213909.605566,12.049,11.108
1788213909.609577,1788213909.613566,3.989,2.961
1788213909.609577,1788213909.621568,11.992,10.967
1788213909.624100,1788213909.629504,5.404,4.346
1788213909.624100,1788213909.637046,12.946,12.362
1788213909.640637,1788213909.645506,4.869,4.755
1788213909.640637,1788213909.653426,12.789,12.766
1788213909.655301,1788213909.661082,5.780,5.736
1788213909.655301,1788213909.669454,14.153,13.745
1788213909.670069,1788213909.677665,7.596,7.444
1788213909.670069,1788213909.685528,15.459,15.455
1788213909.685528,1788213909.693047,7.519,7.163
1788213909.685528,1788213909.701047,15.519,15.171
1788213909.701047,1788213909.709084,8.037,7.549
1788213909.716084,1788213909.717599,1.515,0.898
1788213909.716084,1788213909.725605,9.521,8.913
1788213909.732129,1788213909.733213,1.084,0.970
1788213909.732129,1788213909.741262,9.133,8.988
1788213909.747311,1788213909.749311,2.001,1.645
1788213909.747311,1788213909.757833,10.522,9.661
1788213909.763344,1788213909.764904,1.560,1.947
1788213909.763344,1788213909.773435,10.091,9.966
1788213909.780209,1788213909.781224,1.016,1.365
1788213909.780209,1788213909.789250,9.042,9.388
1788213909.797306,1788213909.797306,0.000,0.219
1788213909.797306,1788213909.805356,8.050,8.229
1788213909.811355,1788213909.813355,2.001,2.266
1788213909.811355,1788213909.821356,10.002,10.269
1788213909.827348,1788213909.829356,2.007,2.103
1788213909.827348,1788213909.837404,10.056,10.108
1788213909.844395,1788213909.845396,1.001,0.674
1788213909.844395,1788213909.853476,9.081,8.683
1788213909.857568,1788213909.860584,3.017,3.511
1788213909.857568,1788213909.869539,11.972,11.517
1788213909.873641,1788213909.877145,3.504,3.233
1788213909.873641,1788213909.885656,12.015,11.245
1788213909.888173,1788213909.893227,5.054,4.420
1788213909.888173,1788213909.901755,13.582,12.443
1788213909.903267,1788213909.909271,6.004,5.660
1788213909.903267,1788213909.917275,14.009,13.667
1788213909.918273,1788213909.925058,6.785,6.525
1788213909.918273,1788213909.934043,15.770,14.533
1788213909.934043,1788213909.942049,8.006,6.893
1788213909.934043,1788213909.949759,15.716,14.944
1788213909.949759,1788213909.958115,8.356,7.722
1788213909.964139,1788213909.965740,1.601,1.187
1788213909.964139,1788213909.973833,9.694,9.194
1788213909.980832,1788213909.981844,1.012,1.027
1788213909.980832,1788213909.989210,8.378,9.038
1788213909.995217,1788213909.997822,2.605,2.016
1788213909.995217,1788213910.005692,10.475,10.028
1788213910.011646,1788213910.013605,1.960,2.328
1788213910.011646,1788213910.021595,9.949,10.339
1788213910.027122,1788213910.030121,2.999,2.619
1788213910.027122,1788213910.038246,11.124,10.626
1788213910.042245,1788213910.045930,3.685,3.573
1788213910.042245,1788213910.053604,11.359,11.581
1788213910.057547,1788213910.061607,4.060,4.081
1788213910.057547,1788213910.069918,12.371,12.108
1788213910.073548,1788213910.078280,4.732,4.503
1788213910.073548,1788213910.085953,12.404,12.516
1788213910.088403,1788213910.093542,5.139,4.941
1788213910.088403,1788213910.101677,13.274,12.957
1788213910.105408,1788213910.109403,3.995,4.201
1788213910.105408,1788213910.117411,12.003,12.207
1788213910.120366,1788213910.125937,5.570,5.077
1788213910.120366,1788213910.133941,13.574,13.085
1788213910.135455,1788213910.141067,5.613,6.150
1788213910.135455,1788213910.149595,14.141,14.161
1788213910.151697,1788213910.157492,5.794,6.038
1788213910.151697,1788213910.166204,14.507,14.045
1788213910.166204,1788213910.173751,7.547,6.740
1788213910.166204,1788213910.182293,16.089,14.744
1788213910.182293,1788213910.190004,7.710,6.968
1788213910.182293,1788213910.197672,15.379,14.974
1788213910.197672,1788213910.206333,8.661,7.825
1788213910.213336,1788213910.214334,0.998,0.065
1788213910.213336,1788213910.221941,8.604,8.074
1788213910.229017,1788213910.230022,1.005,0.621
1788213910.229017,1788213910.238474,9.456,8.630
1788213910.245999,1788213910.245999,0.000,0.050
1788213910.245999,1788213910.253517,7.518,7.867
1788213910.260602,1788213910.261612,1.011,1.002
1788213910.260602,1788213910.270281,9.680,9.006
1788213910.276987,1788213910.277926,0.939,1.126
1788213910.276987,1788213910.286228,9.241,9.132
1788213910.293353,1788213910.294283,0.930,0.503
1788213910.293353,1788213910.302026,8.672,8.511
1788213910.307941,1788213910.310037,2.096,2.069
1788213910.307941,1788213910.318024,10.083,10.072
1788213910.322679,1788213910.325699,3.020,3.037
1788213910.322679,1788213910.333698,11.019,11.046
1788213910.339033,1788213910.342040,3.007,2.632
1788213910.339033,1788213910.350058,11.025,10.636
1788213910.355358,1788213910.357568,2.210,2.849
1788213910.355358,1788213910.366676,11.319,10.876
1788213910.371346,1788213910.374352,3.007,3.016
1788213910.371346,1788213910.382672,11.326,11.022
1788213910.385669,1788213910.390309,4.640,4.504
1788213910.385669,1788213910.397845,12.176,12.508
1788213910.402554,1788213910.406545,3.991,3.136
1788213910.402554,1788213910.414547,11.993,11.140
1788213910.416551,1788213910.422070,5.519,5.171
1788213910.416551,1788213910.430596,14.045,13.180
1788213910.433836,1788213910.438209,4.373,4.654
1788213910.433836,1788213910.446205,12.368,12.662
1788213910.449201,1788213910.454181,4.980,4.451
1788213910.449201,1788213910.461915,12.714,12.454
1788213910.465916,1788213910.470561,4.645,4.648
1788213910.465916,1788213910.478655,12.738,12.654
1788213910.481638,1788213910.486636,4.998,4.879
1788213910.481638,1788213910.494118,12.480,12.894
1788213910.497640,1788213910.502719,5.079,4.586
1788213910.497640,1788213910.510720,13.080,12.587
1788213910.512721,1788213910.518420,5.699,5.058
1788213910.512721,1788213910.526515,13.794,13.062
1788213910.528099,1788213910.534789,6.690,6.162
1788213910.528099,1788213910.542496,14.398,14.171
1788213910.543501,1788213910.550413,6.912,6.582
1788213910.543501,1788213910.558642,15.142,14.593
1788213910.558642,1788213910.566635,7.993,7.533
1788213910.558642,1788213910.574158,15.516,15.534
1788213910.575160,1788213910.582158,6.998,7.520
1788213910.590276,1788213910.590276,0.000,0.397
1788213910.590276,1788213910.598595,8.319,8.405
1788213910.605568,1788213910.606595,1.027,0.791
1788213910.605568,1788213910.614621,9.053,8.810
1788213910.620267,1788213910.622300,2.033,1.745
1788213910.620267,1788213910.629549,9.282,9.749
1788213910.635919,1788213910.638318,2.399,2.286
1788213910.635919,1788213910.646836,10.916,10.300
1788213910.652353,1788213910.654365,2.013,2.253
1788213910.652353,1788213910.662797,10.445,10.268
1788213910.668532,1788213910.670544,2.012,2.097
1788213910.668532,1788213910.678062,9.531,10.106
1788213910.683711,1788213910.686709,2.998,2.811
1788213910.683711,1788213910.694765,11.054,10.827
1788213910.698015,1788213910.702764,4.749,4.036
1788213910.698015,1788213910.710764,12.749,12.060
1788213910.713764,1788213910.718304,4.539,3.622
1788213910.713764,1788213910.726304,12.540,11.633
1788213910.729307,1788213910.734304,4.998,4.740
1788213910.729307,1788213910.742416,13.110,12.748
1788213910.745418,1788213910.750418,4.999,5.065
1788213910.745418,1788213910.758993,13.575,13.078
1788213910.761005,1788213910.766512,5.507,5.289
1788213910.761005,1788213910.775044,14.039,13.304
1788213910.778562,1788213910.782560,3.997,4.258
1788213910.778562,1788213910.791077,12.515,12.272
1788213910.792586,1788213910.799114,6.529,6.085
1788213910.792586,1788213910.807114,14.528,14.103
1788213910.808116,1788213910.814632,6.516,6.284
1788213910.808116,1788213910.823154,15.038,14.288
1788213910.824154,1788213910.831156,7.002,6.470
1788213910.824154,1788213910.839194,15.040,14.489
1788213910.839194,1788213910.847194,8.000,7.400
1788213910.839194,1788213910.854752,15.558,15.400
1788213910.854752,1788213910.863275,8.523,7.510
1788213910.870809,1788213910.870809,0.000,0.027
1788213910.870809,1788213910.879197,8.388,7.846
1788213910.886281,1788213910.887197,0.916,0.585
1788213910.887732,1788213910.895401,7.668,7.207
1788213910.901848,1788213910.902849,1.001,0.599
1788213910.901848,1788213910.910847,8.999,8.613
1788213910.917851,1788213910.918950,1.099,0.561
1788213910.917851,1788213910.926929,9.078,8.570
1788213910.933927,1788213910.934922,0.995,0.486
1788213910.933927,1788213910.943579,9.652,8.502
1788213910.951170,1788213910.951170,0.000,0.166
1788213910.951170,1788213910.959523,8.352,8.186
1788213910.965633,1788213910.966641,1.008,1.072
1788213910.965633,1788213910.974543,8.909,9.077
1788213910.981628,1788213910.982617,0.989,0.966
1788213910.981628,1788213910.991141,9.513,8.977
1788213910.997918,1788213910.998938,1.019,1.484
1788213910.997918,1788213911.006823,8.905,9.504
1788213911.012458,1788213911.015157,2.698,2.418
1788213911.012458,1788213911.022964,10.505,10.425
1788213911.027918,1788213911.031564,3.646,2.948
1788213911.027918,1788213911.039350,11.432,10.951
1788213911.043341,1788213911.047036,3.695,3.575
1788213911.043341,1788213911.055621,12.280,11.581
1788213911.059721,1788213911.063637,3.916,3.414
1788213911.059721,1788213911.071153,11.432,11.435
1788213911.074678,1788213911.079679,5.000,4.166
1788213911.074678,1788213911.087737,13.059,12.172
1788213911.089788,1788213911.095226,5.437,5.223
1788213911.089788,1788213911.103794,14.005,13.230
1788213911.105891,1788213911.111588,5.696,5.160
1788213911.105891,1788213911.119350,13.459,13.171
1788213911.121351,1788213911.127322,5.971,5.588
1788213911.121351,1788213911.135353,14.002,13.595
1788213911.136318,1788213911.143638,7.320,6.791
1788213911.136318,1788213911.151334,15.016,14.794
1788213911.152335,1788213911.159369,7.033,6.872
1788213911.152335,1788213911.167362,15.027,14.876
1788213911.170008,1788213911.175966,5.957,5.263
1788213911.170008,1788213911.183483,13.474,13.266
1788213911.185994,1788213911.191019,5.025,4.874
1788213911.185994,1788213911.199538,13.544,12.879
1788213911.201545,1788213911.207551,6.007,6.137
1788213911.201545,1788213911.215551,14.006,14.138
1788213911.215551,1788213911.223562,8.011,7.380
1788213911.231090,1788213911.232091,1.002,0.256
1788213911.231090,1788213911.239877,8.788,7.800
1788213911.231090,1788213911.247177,16.088,15.819
1788213911.248185,1788213911.255921,7.736,7.212
1788213911.262895,1788213911.263856,0.961,0.182
1788213911.263856,1788213911.271835,7.979,7.769
1788213911.279597,1788213911.279597,0.000,0.070
1788213911.279597,1788213911.287201,7.603,8.082
1788213911.294855,1788213911.295884,1.029,0.737
1788213911.294855,1788213911.303608,8.753,8.762
1788213911.310951,1788213911.311930,0.979,0.952
1788213911.310951,1788213911.318992,8.041,8.957
1788213911.327182,1788213911.327182,0.000,0.194
1788213911.327182,1788213911.335207,8.024,8.198
1788213911.340791,1788213911.343791,3.000,2.280
1788213911.340791,1788213911.351830,11.039,10.283
1788213911.357834,1788213911.359460,1.627,1.684
1788213911.357834,1788213911.368102,10.268,9.687
1788213911.372809,1788213911.375807,2.998,2.512
1788213911.372809,1788213911.383397,10.588,10.516
1788213911.388701,1788213911.391327,2.627,2.692
1788213911.388701,1788213911.399616,10.915,10.708
1788213911.404056,1788213911.408143,4.087,3.563
1788213911.404056,1788213911.415835,11.779,11.567
1788213911.419823,1788213911.423860,4.036,4.001
1788213911.419823,1788213911.431522,11.698,12.006
1788213911.435663,1788213911.440195,4.532,4.299
1788213911.435663,1788213911.447905,12.242,12.310
1788213911.450478,1788213911.455581,5.103,4.784
1788213911.450478,1788213911.463578,13.100,12.787
1788213911.466946,1788213911.471548,4.602,5.005
1788213911.466946,1788213911.479507,12.561,13.016
1788213911.481520,1788213911.487519,5.999,5.933
1788213911.481520,1788213911.496032,14.513,13.946
1788213911.498036,1788213911.503550,5.514,5.190
1788213911.498036,1788213911.511590,13.553,13.189
1788213911.512598,1788213911.519590,6.992,6.648
1788213911.512598,1788213911.528120,15.523,14.663
1788213911.528120,1788213911.535651,7.531,7.047
1788213911.543477,1788213911.544417,0.941,0.100
1788213911.543477,1788213911.552153,8.677,8.116
1788213911.560071,1788213911.560071,0.000,0.140
1788213911.560071,1788213911.568214,8.143,8.156
1788213911.575407,1788213911.576383,0.976,0.691
1788213911.575407,1788213911.583988,8.581,8.706
1788213911.591536,1788213911.591536,0.000,0.138
1788213911.591536,1788213911.599892,8.356,8.147
1788213911.605898,1788213911.607822,1.925,1.618
1788213911.605898,1788213911.616333,10.435,9.628
1788213911.622333,1788213911.624332,2.000,1.689
1788213911.622333,1788213911.631891,9.559,9.704
1788213911.636892,1788213911.640100,3.208,2.890
1788213911.636892,1788213911.647628,10.736,10.910
1788213911.652155,1788213911.656223,4.068,3.567
1788213911.652155,1788213911.664244,12.089,11.571
1788213911.667942,1788213911.672542,4.600,3.656
1788213911.667942,1788213911.680551,12.609,11.667
1788213911.683564,1788213911.687554,3.990,4.089
1788213911.683564,1788213911.696219,12.655,12.098
1788213911.699214,1788213911.703874,4.660,4.718
1788213911.699214,1788213911.711834,12.620,12.725
1788213911.714753,1788213911.719750,4.997,5.003
1788213911.714753,1788213911.728262,13.509,13.010
1788213911.730273,1788213911.736303,6.031,5.398
1788213911.730273,1788213911.743371,13.098,13.412
1788213911.745896,1788213911.752414,6.518,5.830
1788213911.745896,1788213911.760413,14.518,13.844
1788213911.761414,1788213911.768601,7.187,6.263
1788213911.761414,1788213911.776663,15.249,14.267
1788213911.776663,1788213911.783795,7.132,7.469
1788213911.791821,1788213911.792835,1.013,0.021
1788213911.791821,1788213911.799833,8.011,7.865
1788213911.807356,1788213911.807356,0.000,0.136
1788213911.807356,1788213911.815882,8.526,8.146
1788213911.822888,1788213911.823876,0.988,0.854
1788213911.822888,1788213911.832391,9.503,8.883
1788213911.839264,1788213911.840308,1.044,1.147
1788213911.839264,1788213911.848333,9.069,9.170
1788213911.853793,1788213911.856671,2.878,2.391
1788213911.853793,1788213911.864027,10.233,10.402
1788213911.869025,1788213911.872547,3.523,3.165
1788213911.869025,1788213911.880547,11.522,11.174
1788213911.884545,1788213911.888546,4.000,3.448
1788213911.884545,1788213911.896589,12.044,11.453
1788213911.899595,1788213911.904675,5.080,4.192
1788213911.899595,1788213911.912837,13.242,12.196
1788213911.914918,1788213911.920709,5.792,5.335
1788213911.914918,1788213911.928051,13.134,13.350
1788213911.930050,1788213911.936113,6.063,6.123
1788213911.930050,1788213911.944436,14.386,14.134
1788213911.945392,1788213911.952117,6.726,6.620
1788213911.945392,1788213911.960443,15.052,14.629
1788213911.961375,1788213911.968866,7.491,6.792
1788213911.976212,1788213911.976212,0.000,0.142
1788213911.976212,1788213911.984934,8.722,7.817
1788213911.991670,1788213911.991670,0.000,0.212
1788213911.991670,1788213912.000650,8.980,8.227
1788213912.008115,1788213912.008714,0.599,0.459
1788213912.008115,1788213912.016791,8.676,8.464
1788213912.022789,1788213912.024796,2.007,1.408
1788213912.022789,1788213912.032415,9.625,9.433
1788213912.038407,1788213912.040938,2.532,1.531
1788213912.038407,1788213912.048256,9.849,9.539
1788213912.054352,1788213912.056282,1.930,1.719
1788213912.054352,1788213912.064274,9.922,9.744
1788213912.070271,1788213912.072792,2.521,2.360
1788213912.070271,1788213912.080791,10.519,10.365
1788213912.085310,1788213912.088310,3.000,2.805
1788213912.085310,1788213912.096828,11.519,10.812
1788213912.100828,1788213912.104888,4.060,3.521
1788213912.100828,1788213912.112890,12.062,11.533
1788213912.115889,1788213912.120889,5.000,4.233
1788213912.115889,1788213912.128414,12.525,12.244
1788213912.131413,1788213912.136408,4.996,4.867
1788213912.131413,1788213912.145201,13.788,12.873
1788213912.148278,1788213912.153246,4.968,4.544
1788213912.148278,1788213912.161249,12.971,12.547
1788213912.162246,1788213912.169194,6.948,6.209
1788213912.162246,1788213912.176819,14.573,14.233
1788213912.178419,1788213912.185074,6.655,6.066
1788213912.178419,1788213912.192753,14.333,14.072
1788213912.193862,1788213912.200453,6.591,6.674
1788213912.193862,1788213912.209083,15.221,14.687
1788213912.210003,1788213912.217081,7.078,6.822
1788213912.210003,1788213912.224094,14.091,14.825
1788213912.225689,1788213912.232479,6.789,6.587
1788213912.225689,1788213912.241076,15.387,14.593
1788213912.241076,1788213912.249260,8.183,7.162
1788213912.241076,1788213912.257348,16.271,15.174
1788213912.257348,1788213912.264791,7.443,7.012
1788213912.272310,1788213912.273330,1.020,0.065
1788213912.272310,1788213912.280840,8.529,8.073
1788213912.288361,1788213912.288361,0.000,0.391
1788213912.288361,1788213912.296577,8.216,8.400
1788213912.303392,1788213912.305372,1.980,1.200
1788213912.303392,1788213912.312757,9.365,9.206
1788213912.318785,1788213912.320741,1.956,2.106
1788213912.318785,1788213912.329444,10.659,10.113
1788213912.334423,1788213912.337413,2.990,2.072
1788213912.334423,1788213912.344815,10.392,10.081
1788213912.349802,1788213912.352823,3.021,2.745
1788213912.349802,1788213912.360807,11.005,10.769
1788213912.367049,1788213912.369126,2.076,1.637
1788213912.367049,1788213912.377367,10.317,9.643
1788213912.381365,1788213912.384968,3.603,3.006
1788213912.381365,1788213912.392658,11.293,11.012
1788213912.396710,1788213912.401421,4.711,4.181
1788213912.396710,1788213912.408797,12.087,12.192
1788213912.414367,1788213912.416881,2.515,2.955
1788213912.414367,1788213912.425424,11.057,10.960
1788213912.428944,1788213912.433460,4.517,4.013
1788213912.428944,1788213912.441344,12.400,12.018
1788213912.444764,1788213912.448776,4.012,4.370
1788213912.444764,1788213912.456779,12.015,12.377
1788213912.460861,1788213912.465529,4.668,4.383
1788213912.460861,1788213912.473135,12.274,12.387
1788213912.475225,1788213912.480840,5.615,4.674
1788213912.475225,1788213912.489369,14.144,12.676
1788213912.491370,1788213912.497392,6.022,6.025
1788213912.491370,1788213912.504911,13.541,14.032
1788213912.506929,1788213912.512928,5.999,6.276
1788213912.506929,1788213912.521535,14.606,14.285
1788213912.521535,1788213912.529247,7.712,7.424
1788213912.537153,1788213912.537153,0.000,0.367
1788213912.537153,1788213912.545494,8.341,8.371
1788213912.551600,1788213912.553590,1.991,1.364
1788213912.551600,1788213912.561297,9.698,9.374
1788213912.568696,1788213912.569596,0.900,0.777
1788213912.568696,1788213912.577349,8.652,8.785
1788213912.582958,1788213912.584949,1.990,1.757
1788213912.582958,1788213912.593477,10.519,9.765
1788213912.598993,1788213912.600995,2.002,2.074
1788213912.598993,1788213912.608988,9.995,10.088
1788213912.616075,1788213912.616996,0.921,1.431
1788213912.616075,1788213912.625347,9.272,9.439
1788213912.630164,1788213912.633045,2.882,2.708
1788213912.630164,1788213912.641329,11.165,10.718
1788213912.646046,1788213912.649132,3.087,3.086
1788213912.646046,1788213912.657727,11.681,11.108
1788213912.662325,1788213912.665418,3.093,3.126
1788213912.662325,1788213912.672418,10.093,11.133
1788213912.677729,1788213912.680625,2.897,3.436
1788213912.677729,1788213912.689315,11.587,11.456
1788213912.692840,1788213912.697858,5.018,4.205
1788213912.692840,1788213912.705375,12.535,12.202
1788213912.709377,1788213912.713376,3.999,4.387
1788213912.709377,1788213912.721905,12.528,12.395
1788213912.723920,1788213912.729920,6.000,5.057
1788213912.723920,1788213912.737438,13.518,13.067
1788213912.739437,1788213912.746005,6.568,5.603
1788213912.739437,1788213912.754007,14.569,13.607
1788213912.755005,1788213912.761528,6.523,6.120
1788213912.755005,1788213912.769042,14.038,14.127
1788213912.770589,1788213912.777924,7.336,6.476
1788213912.770589,1788213912.785986,15.397,14.483
1788213912.785986,1788213912.793985,7.999,7.509
1788213912.785986,1788213912.801467,15.481,15.515
1788213912.801467,1788213912.809983,8.517,7.719
1788213912.801467,1788213912.817498,16.031,15.728
1788213912.817498,1788213912.826023,8.525,7.699
1788213912.833023,1788213912.834023,1.000,0.013
1788213912.833023,1788213912.842061,9.038,7.792
1788213912.849587,1788213912.849587,0.000,0.096
1788213912.849587,1788213912.857881,8.294,8.105
1788213912.865527,1788213912.866488,0.961,0.028
1788213912.865527,1788213912.873576,8.048,8.041
1788213912.880281,1788213912.882276,1.995,1.142
1788213912.880281,1788213912.889949,9.668,9.153
1788213912.896311,1788213912.898024,1.713,1.590
1788213912.896311,1788213912.905415,9.104,9.600
1788213912.911432,1788213912.914444,3.012,2.593
1788213912.911432,1788213912.921952,10.520,10.598
1788213912.926946,1788213912.929951,3.005,2.931
1788213912.926946,1788213912.938463,11.517,10.935
1788213912.941537,1788213912.946263,4.726,4.236
1788213912.941537,1788213912.954178,12.640,12.242
1788213912.957251,1788213912.962532,5.281,4.664
1788213912.957251,1788213912.970093,12.841,12.667
1788213912.973191,1788213912.977907,4.716,4.301
1788213912.973191,1788213912.986236,13.045,12.305
1788213912.989258,1788213912.993846,4.588,4.371
1788213912.989258,1788213913.002178,12.920,12.386
1788213913.005200,1788213913.010179,4.979,4.765
1788213913.005200,1788213913.017192,11.992,12.785
1788213913.020814,1788213913.025736,4.922,5.250
1788213913.020814,1788213913.033737,12.923,13.259
1788213913.038739,1788213913.041778,3.039,3.374
1788213913.038739,1788213913.050108,11.369,11.385
1788213913.052111,1788213913.058124,6.013,5.579
1788213913.052111,1788213913.066053,13.942,13.591
1788213913.068046,1788213913.073763,5.717,6.274
1788213913.068046,1788213913.082458,14.412,14.286
1788213913.083432,1788213913.090050,6.618,6.835
1788213913.097495,1788213913.098411,0.916,0.350
1788213913.097495,1788213913.106515,9.020,8.364
1788213913.097495,1788213913.114111,16.616,16.370
1788213913.115342,1788213913.121916,6.574,7.046
1788213913.128904,1788213913.129834,0.930,0.840
1788213913.128904,1788213913.137925,9.021,8.859
1788213913.145451,1788213913.146446,0.995,0.583
1788213913.145451,1788213913.154451,9.000,8.592
1788213913.160075,1788213913.162063,1.987,1.933
1788213913.160075,1788213913.170516,10.440,9.944
1788213913.175867,1788213913.177890,2.022,2.006
1788213913.175867,1788213913.185988,10.121,10.007
1788213913.190969,1788213913.193970,3.002,2.983
1788213913.190969,1788213913.202617,11.649,10.995
1788213913.206309,1788213913.210016,3.707,3.503
1788213913.206309,1788213913.218691,12.382,11.511
1788213913.221725,1788213913.226274,4.549,4.511
1788213913.221725,1788213913.234366,12.641,12.525
1788213913.238522,1788213913.242051,3.529,4.190
1788213913.238522,1788213913.250606,12.084,12.207
1788213913.253119,1788213913.258134,5.015,4.628
1788213913.253119,1788213913.266659,13.540,12.646
1788213913.268659,1788213913.274753,6.094,5.551
1788213913.268659,1788213913.282457,13.798,13.558
1788213913.283453,1788213913.290460,7.007,6.600
1788213913.283453,1788213913.298836,15.383,14.610
1788213913.298836,1788213913.306536,7.700,7.350
1788213913.314235,1788213913.314235,0.000,0.058
1788213913.314235,1788213913.322257,8.021,8.065
1788213913.329201,1788213913.330156,0.955,1.090
1788213913.329201,1788213913.338959,9.758,9.094
1788213913.345695,1788213913.346758,1.063,1.175
1788213913.345695,1788213913.355040,9.345,9.181
1788213913.361002,1788213913.363051,2.049,1.595
1788213913.361002,1788213913.369664,8.662,9.601
1788213913.377661,1788213913.378663,1.002,1.020
1788213913.377661,1788213913.386745,9.084,9.027
1788213913.392849,1788213913.394902,2.053,0.634
1788213913.392849,1788213913.402438,9.589,8.660
1788213913.407478,1788213913.410477,2.998,2.929
1788213913.407478,1788213913.419004,11.526,10.930
1788213913.424009,1788213913.427005,2.995,2.531
1788213913.424009,1788213913.434751,10.741,10.546
1788213913.438766,1788213913.442446,3.680,3.095
1788213913.438766,1788213913.451226,12.460,11.111
1788213913.455231,1788213913.458901,3.670,3.854
1788213913.455231,1788213913.466928,11.697,11.856
1788213913.469897,1788213913.473914,4.016,4.500
1788213913.469897,1788213913.483104,13.207,12.509
1788213913.485104,1788213913.491105,6.001,5.500
1788213913.485104,1788213913.499143,14.039,13.520
1788213913.501143,1788213913.506670,5.526,4.551
1788213913.501143,1788213913.515191,14.048,12.555
1788213913.518191,1788213913.523273,5.081,4.166
1788213913.518191,1788213913.530879,12.688,12.172
1788213913.534471,1788213913.538558,4.088,4.235
1788213913.534471,1788213913.546827,12.356,12.241
1788213913.549862,1788213913.554517,4.654,4.685
1788213913.549862,1788213913.562615,12.753,12.693
1788213913.566127,1788213913.571138,5.011,4.898
1788213913.566127,1788213913.578822,12.694,12.905
1788213913.580839,1788213913.586836,5.996,6.155
1788213913.580839,1788213913.594348,13.509,14.159
1788213913.595859,1788213913.602937,7.077,6.975
1788213913.595859,1788213913.611345,15.485,14.987
1788213913.611345,1788213913.618968,7.624,7.297
1788213913.611345,1788213913.627337,15.993,15.306
1788213913.627641,1788213913.635414,7.772,7.111
1788213913.643006,1788213913.643006,0.000,0.127
1788213913.643006,1788213913.650800,7.793,8.148
1788213913.658415,1788213913.659502,1.087,0.106
1788213913.658415,1788213913.667514,9.099,8.120
1788213913.674091,1788213913.675218,1.127,0.633
1788213913.674091,1788213913.682752,8.662,8.665
1788213913.689741,1788213913.690906,1.165,0.893
1788213913.689741,1788213913.699381,9.640,8.901
1788213913.705413,1788213913.707408,1.994,1.930
1788213913.705413,1788213913.715565,10.152,9.958
1788213913.719184,1788213913.723236,4.052,3.391
1788213913.719184,1788213913.731228,12.044,11.396
1788213913.734753,1788213913.739750,4.997,3.827
1788213913.734753,1788213913.747043,12.290,11.834
1788213913.750115,1788213913.755628,5.513,4.513
1788213913.750115,1788213913.762843,12.728,12.525
1788213913.765840,1788213913.770849,5.009,5.107
1788213913.765840,1788213913.778391,12.551,13.120
1788213913.781904,1788213913.786902,4.998,4.884
1788213913.781904,1788213913.794906,13.002,12.889
1788213913.798413,1788213913.803422,5.009,5.094
1788213913.798413,1788213913.811446,13.033,13.115
1788213913.813457,1788213913.818971,5.514,5.526
1788213913.813457,1788213913.826986,13.529,13.546
1788213913.831499,1788213913.835616,4.117,3.814
1788213913.831499,1788213913.843135,11.635,11.831
1788213913.845136,1788213913.851655,6.519,5.579
1788213913.845136,1788213913.859690,14.554,13.594
1788213913.861696,1788213913.867692,5.996,5.800
1788213913.861696,1788213913.875715,14.019,13.816
1788213913.875715,1788213913.883753,8.038,7.010
1788213913.875715,1788213913.891749,16.034,15.017
1788213913.892350,1788213913.899874,7.524,6.464
1788213913.906875,1788213913.906875,0.000,0.021
1788213913.906875,1788213913.915918,9.042,8.034
1788213913.923435,1788213913.923435,0.000,0.294
1788213913.923435,1788213913.931950,8.514,8.308
1788213913.939000,1788213913.939000,0.000,0.399
1788213913.939000,1788213913.947691,8.691,8.409
1788213913.953699,1788213913.955701,2.001,1.633
1788213913.953699,1788213913.963732,10.033,9.643
1788213913.969252,1788213913.971250,1.998,2.175
1788213913.969252,1788213913.979315,10.063,10.183
1788213913.985316,1788213913.987833,2.517,2.202
1788213913.985316,1788213913.995847,10.531,10.209
1788213914.000923,1788213914.003976,3.054,2.849
1788213914.000923,1788213914.011785,10.862,10.866
1788213914.015786,1788213914.019802,4.016,4.092
1788213914.015786,1788213914.027314,11.528,12.117
1788213914.030401,1788213914.035398,4.996,4.648
1788213914.030401,1788213914.043705,13.304,12.660
1788213914.046182,1788213914.052095,5.913,5.380
1788213914.046182,1788213914.060157,13.975,13.383
1788213914.060729,1788213914.068048,7.319,6.641
1788213914.060729,1788213914.076051,15.323,14.643
1788213914.076051,1788213914.083565,7.514,7.121
1788213914.076051,1788213914.092166,16.115,15.125
1788213914.093183,1788213914.099784,6.601,6.764
1788213914.093183,1788213914.108069,14.886,14.774
1788213914.108826,1788213914.115824,6.999,6.932
1788213914.108826,1788213914.123848,15.023,14.937
1788213914.124717,1788213914.131495,6.778,6.312
1788213914.124717,1788213914.139514,14.797,14.340
1788213914.140507,1788213914.147187,6.679,7.021
1788213914.155522,1788213914.155522,0.000,0.060
1788213914.155522,1788213914.163980,8.458,8.066
1788213914.170483,1788213914.171485,1.002,1.154
1788213914.170483,1788213914.179527,9.044,9.164
1788213914.186537,1788213914.187538,1.001,1.385
1788213914.186537,1788213914.196054,9.517,9.442
1788213914.204091,1788213914.204091,0.000,0.041
1788213914.205090,1788213914.212619,7.529,6.437
1788213914.215618,1788213914.220618,5.000,4.088
1788213914.215618,1788213914.228619,13.001,12.097
1788213914.232143,1788213914.236145,4.001,4.187
1788213914.232143,1788213914.244661,12.518,12.189
1788213914.247169,1788213914.252701,5.532,5.312
1788213914.247169,1788213914.260700,13.532,13.318
1788213914.264697,1788213914.268700,4.003,3.598
1788213914.264697,1788213914.276235,11.538,11.631
1788213914.278239,1788213914.283933,5.694,5.469
1788213914.278239,1788213914.292624,14.385,13.480
1788213914.293626,1788213914.300345,6.719,6.278
1788213914.293626,1788213914.307310,13.685,14.289
1788213914.308904,1788213914.316684,7.781,6.776
1788213914.308904,1788213914.323338,14.434,14.779
1788213914.325248,1788213914.332769,7.521,6.521
1788213914.325248,1788213914.340772,15.524,14.525
1788213914.341782,1788213914.348822,7.040,6.815
1788213914.341782,1788213914.356380,14.598,14.846
1788213914.357378,1788213914.364379,7.001,7.200
1788213914.357378,1788213914.372037,14.659,15.212
1788213914.373032,1788213914.379974,6.942,6.924
1788213914.373032,1788213914.388047,15.015,14.925
1788213914.389073,1788213914.396755,7.681,7.460
1788213914.403608,1788213914.404679,1.071,0.172
1788213914.404679,1788213914.412380,7.702,7.876
1788213914.420032,1788213914.420032,0.000,0.018
1788213914.420032,1788213914.428054,8.022,8.026
1788213914.434258,1788213914.436344,2.086,1.619
1788213914.434258,1788213914.443962,9.705,9.627
1788213914.451316,1788213914.452388,1.072,0.727
1788213914.451316,1788213914.460406,9.090,8.736
1788213914.467394,1788213914.468388,0.995,0.966
1788213914.467394,1788213914.476995,9.602,8.970
1788213914.482647,1788213914.484620,1.973,2.112
1788213914.482647,1788213914.492138,9.490,10.117
1788213914.498137,1788213914.500697,2.561,1.779
1788213914.498137,1788213914.507711,9.574,9.787
1788213914.512773,1788213914.516854,4.081,3.526
1788213914.512773,1788213914.524769,11.996,11.530
1788213914.528854,1788213914.532441,3.586,3.554
1788213914.528854,1788213914.540188,11.334,11.558
1788213914.544781,1788213914.548391,3.610,3.642
1788213914.544781,1788213914.556509,11.728,11.658
1788213914.560981,1788213914.564263,3.282,3.753
1788213914.560981,1788213914.572257,11.276,11.783
1788213914.576938,1788213914.580616,3.677,3.674
1788213914.576938,1788213914.588754,11.815,11.684
1788213914.590767,1788213914.596628,5.860,5.212
1788213914.590767,1788213914.604922,14.155,13.213
1788213914.606920,1788213914.612133,5.213,5.720
1788213914.606920,1788213914.620227,13.307,13.725
1788213914.621241,1788213914.628523,7.282,7.079
1788213914.621241,1788213914.636194,14.953,15.087
1788213914.638044,1788213914.645028,6.984,6.681
1788213914.638044,1788213914.653106,15.062,14.714
1788213914.654104,1788213914.661404,7.300,6.703
1788213914.667419,1788213914.668414,0.995,1.194
1788213914.667419,1788213914.676947,9.528,9.202
1788213914.682483,1788213914.684568,2.085,1.848
1788213914.682483,1788213914.693256,10.773,9.862
1788213914.697245,1788213914.700918,3.673,3.300
1788213914.697245,1788213914.708995,11.750,11.314
1788213914.712707,1788213914.716805,4.098,3.688
1788213914.712707,1788213914.724801,12.094,11.694
1788213914.728806,1788213914.732864,4.057,3.546
1788213914.728806,1788213914.740623,11.817,11.555
1788213914.744223,1788213914.748927,4.704,4.540
1788213914.744223,1788213914.756543,12.320,12.554
1788213914.759053,1788213914.765050,5.998,5.482
1788213914.759053,1788213914.773077,14.024,13.490
1788213914.776080,1788213914.780603,4.523,5.043
1788213914.776080,1788213914.789141,13.061,13.056
1788213914.792680,1788213914.797202,4.522,4.383
1788213914.792680,1788213914.804713,12.033,12.394
1788213914.808707,1788213914.813302,4.595,4.504
1788213914.808707,1788213914.821301,12.594,12.517
1788213914.824294,1788213914.829301,5.007,5.102
1788213914.824294,1788213914.836824,12.530,13.112
1788213914.839824,1788213914.845340,5.516,5.289
1788213914.839824,1788213914.853407,13.582,13.302
1788213914.854415,1788213914.860707,6.291,6.253
1788213914.854415,1788213914.868709,14.294,14.259
1788213914.869709,1788213914.877425,7.716,6.805
1788213914.869709,1788213914.885096,15.387,14.813
1788213914.885096,1788213914.892712,7.616,7.749
1788213914.885096,1788213914.901075,15.979,15.763
1788213914.901841,1788213914.909136,7.295,7.283
1788213914.901841,1788213914.917156,15.315,15.286
1788213914.918106,1788213914.924699,6.593,7.235
1788213914.932793,1788213914.933808,1.015,0.104
1788213914.932793,1788213914.941175,8.382,7.767
1788213914.948871,1788213914.948871,0.000,0.273
1788213914.948871,1788213914.957589,8.718,8.287
1788213914.948871,1788213914.965507,16.636,16.292
1788213914.965507,1788213914.973124,7.617,7.393
1788213914.980325,1788213914.981342,1.017,0.724
1788213914.980325,1788213914.989040,8.715,8.731
1788213914.996295,1788213914.997373,1.078,1.167
1788213914.996295,1788213915.004926,8.631,9.180
1788213915.010931,1788213915.013341,2.410,1.568
1788213915.010931,1788213915.021481,10.550,9.578
1788213915.026152,1788213915.029133,2.981,3.156
1788213915.026152,1788213915.037844,11.692,11.159
1788213915.041839,1788213915.045125,3.287,3.073
1788213915.041839,1788213915.053330,11.491,11.084
1788213915.057406,1788213915.061335,3.929,3.804
1788213915.057406,1788213915.069355,11.948,11.819
1788213915.073104,1788213915.078010,4.906,3.798
1788213915.073104,1788213915.084772,11.668,11.805
1788213915.089024,1788213915.093811,4.787,4.686
1788213915.089024,1788213915.101753,12.729,12.693
1788213915.104344,1788213915.109123,4.779,5.121
1788213915.104344,1788213915.117474,13.130,13.137
1788213915.120385,1788213915.126069,5.684,4.749
1788213915.120385,1788213915.133857,13.472,12.756
1788213915.135852,1788213915.141772,5.919,5.079
1788213915.135852,1788213915.149288,13.436,13.084
1788213915.150799,1788213915.157331,6.532,6.549
1788213915.150799,1788213915.165331,14.532,14.555
1788213915.167324,1788213915.173842,6.518,6.501
1788213915.167324,1788213915.181376,14.053,14.510
1788213915.183477,1788213915.189578,6.101,6.355
1788213915.183477,1788213915.197414,13.937,14.358
1788213915.199980,1788213915.205734,5.755,5.612
1788213915.199980,1788213915.213653,13.673,13.618
1788213915.213653,1788213915.221338,7.684,7.698
1788213915.213653,1788213915.229319,15.666,15.703
1788213915.229319,1788213915.238037,8.718,7.804
1788213915.245564,1788213915.245564,0.000,0.008
1788213915.245564,1788213915.253342,7.779,8.029
1788213915.261011,1788213915.262004,0.993,0.858
1788213915.261011,1788213915.270046,9.035,8.880
1788213915.276462,1788213915.277460,0.998,1.422
1788213915.276462,1788213915.285989,9.527,9.428
1788213915.290990,1788213915.293989,3.000,2.170
1788213915.290990,1788213915.301622,10.633,10.190
1788213915.307810,1788213915.309885,2.075,1.354
1788213915.307810,1788213915.317573,9.763,9.363
1788213915.323586,1788213915.326174,2.589,2.542
1788213915.323586,1788213915.334251,10.666,10.550
1788213915.337709,1788213915.341736,4.026,3.856
1788213915.337709,1788213915.350338,12.629,11.870
1788213915.353862,1788213915.357870,4.008,4.096
1788213915.353862,1788213915.366378,12.516,12.115
1788213915.368378,1788213915.373898,5.520,5.142
1788213915.368378,1788213915.381900,13.522,13.147
1788213915.385108,1788213915.390210,5.102,4.602
1788213915.385108,1788213915.397888,12.780,12.607
1788213915.401578,1788213915.406183,4.606,4.002
1788213915.401578,1788213915.413461,11.883,12.019
1788213915.415610,1788213915.422141,6.531,5.813
1788213915.415610,1788213915.430234,14.624,13.823
1788213915.432240,1788213915.437665,5.426,5.062
1788213915.432240,1788213915.445959,13.720,13.085
1788213915.446937,1788213915.453484,6.546,6.407
1788213915.446937,1788213915.462575,15.638,14.417
1788213915.462575,1788213915.469563,6.988,7.010
1788213915.462575,1788213915.478177,15.602,15.019
1788213915.479222,1788213915.485954,6.732,6.560
1788213915.492874,1788213915.494395,1.521,1.079
1788213915.492874,1788213915.501385,8.512,9.089
1788213915.509908,1788213915.509908,0.000,0.431
1788213915.509908,1788213915.517907,7.999,8.441
1788213915.524912,1788213915.525908,0.996,0.744
1788213915.524912,1788213915.534425,9.514,8.753
1788213915.541498,1788213915.542503,1.005,0.359
1788213915.541498,1788213915.550199,8.701,8.373
1788213915.557537,1788213915.558522,0.985,0.844
1788213915.557537,1788213915.566043,8.506,8.861
1788213915.573040,1788213915.574083,1.044,0.653
1788213915.573040,1788213915.582778,9.739,8.670
1788213915.587480,1788213915.590393,2.913,2.495
1788213915.587480,1788213915.598435,10.956,10.511
1788213915.604442,1788213915.606480,2.038,1.555
1788213915.604442,1788213915.614014,9.572,9.575
1788213915.620015,1788213915.622015,2.000,2.633
1788213915.620015,1788213915.630056,10.041,10.651
1788213915.635884,1788213915.638895,3.011,2.683
1788213915.635884,1788213915.646418,10.534,10.697
1788213915.652556,1788213915.654570,2.014,1.735
1788213915.652556,1788213915.662088,9.533,9.752
1788213915.666752,1788213915.670280,3.528,3.512
1788213915.666752,1788213915.678346,11.594,11.518
1788213915.681446,1788213915.686038,4.593,4.466
1788213915.681446,1788213915.694744,13.298,12.473
1788213915.696805,1788213915.702388,5.583,5.344
1788213915.696805,1788213915.710880,14.075,13.359
1788213915.712793,1788213915.717870,5.076,5.291
1788213915.712793,1788213915.726491,13.698,13.299
1788213915.728551,1788213915.734230,5.679,5.529
1788213915.728551,1788213915.742431,13.880,13.537
1788213915.743407,1788213915.750901,7.495,6.639
1788213915.743407,1788213915.758562,15.156,14.652
1788213915.758562,1788213915.766478,7.915,7.646
1788213915.773994,1788213915.775004,1.010,0.082
1788213915.773994,1788213915.783082,9.088,8.104
1788213915.790824,1788213915.790824,0.000,0.100
1788213915.790824,1788213915.798342,7.518,8.112
1788213915.806365,1788213915.806365,0.000,0.287
1788213915.806365,1788213915.814899,8.534,7.692
1788213915.822901,1788213915.822901,0.000,0.039
1788213915.822901,1788213915.830413,7.513,8.068
1788213915.837457,1788213915.838412,0.955,0.626
1788213915.837457,1788213915.846802,9.344,8.640
1788213915.854482,1788213915.854482,0.000,0.137
1788213915.854482,1788213915.862234,7.752,8.155
1788213915.868953,1788213915.870849,1.897,1.259
1788213915.868953,1788213915.878912,9.959,9.287
1788213915.885662,1788213915.887074,1.412,1.428
1788213915.885662,1788213915.895182,9.520,9.443
1788213915.900396,1788213915.902397,2.001,2.212
1788213915.900396,1788213915.910918,10.522,10.224
1788213915.916429,1788213915.918440,2.011,1.788
1788213915.916429,1788213915.926956,10.527,9.793
1788213915.931960,1788213915.934957,2.998,2.606
1788213915.931960,1788213915.942982,11.023,10.615
1788213915.947046,1788213915.951057,4.011,3.702
1788213915.947046,1788213915.958652,11.606,11.730
1788213915.963649,1788213915.966665,3.015,2.940
1788213915.963649,1788213915.975185,11.536,10.950
1788213915.978180,1788213915.983184,5.004,4.258
1788213915.978180,1788213915.991246,13.066,12.264
1788213915.995248,1788213915.999246,3.998,4.044
1788213915.995248,1788213916.006631,11.383,12.060
1788213916.009641,1788213916.014641,5.000,4.750
1788213916.009641,1788213916.022853,13.211,12.755
1788213916.024852,1788213916.031370,6.518,5.685
1788213916.024852,1788213916.039370,14.518,13.689
1788213916.040371,1788213916.046887,6.516,6.491
1788213916.040371,1788213916.054944,14.573,14.501
1788213916.055944,1788213916.063022,7.078,6.925
1788213916.070713,1788213916.070713,0.000,0.020
1788213916.070713,1788213916.078708,7.995,8.038
1788213916.085719,1788213916.086697,0.978,0.800
1788213916.087636,1788213916.095346,7.710,7.485
1788213916.101340,1788213916.103337,1.997,1.150
1788213916.101340,1788213916.111015,9.676,9.169
1788213916.101340,1788213916.119600,18.260,17.178
1788213916.119600,1788213916.127122,7.522,7.216
1788213916.133119,1788213916.135127,2.008,2.009
1788213916.133119,1788213916.143124,10.005,10.014
1788213916.148647,1788213916.151651,3.004,2.565
1788213916.148647,1788213916.159260,10.613,10.588
1788213916.163192,1788213916.166956,3.764,3.389
1788213916.163192,1788213916.174950,11.759,11.400
1788213916.178526,1788213916.183572,5.045,4.130
1788213916.178526,1788213916.190912,12.386,12.132
1788213916.193912,1788213916.199523,5.611,5.041
1788213916.193912,1788213916.207033,13.122,13.055
1788213916.209081,1788213916.215698,6.617,5.906
1788213916.209081,1788213916.223768,14.687,13.918
1788213916.225356,1788213916.231031,5.675,5.671
1788213916.225356,1788213916.239301,13.945,13.682
1788213916.241736,1788213916.247461,5.725,5.747
1788213916.241736,1788213916.255141,13.405,13.764
1788213916.257145,1788213916.263149,6.004,6.299
1788213916.257145,1788213916.271677,14.532,14.315
1788213916.271677,1788213916.279760,8.083,7.400
1788213916.286342,1788213916.287360,1.017,0.100
1788213916.287360,1788213916.295125,7.765,7.621
1788213916.303338,1788213916.303338,0.000,0.227
1788213916.303338,1788213916.311909,8.571,8.240
1788213916.318436,1788213916.319432,0.996,0.690
1788213916.318436,1788213916.327433,8.997,8.696
1788213916.334505,1788213916.335469,0.965,1.276
1788213916.334505,1788213916.343518,9.014,9.291
1788213916.348427,1788213916.352011,3.583,2.533
1788213916.348427,1788213916.359635,11.208,10.548
1788213916.363705,1788213916.367203,3.498,3.315
1788213916.363705,1788213916.375287,11.582,11.319
1788213916.380263,1788213916.383302,3.040,3.607
1788213916.380263,1788213916.391215,10.952,11.613
1788213916.394228,1788213916.399675,5.448,5.134
1788213916.394228,1788213916.407705,13.477,13.157
1788213916.409707,1788213916.415706,6.000,5.226
1788213916.409707,1788213916.423242,13.536,13.233
1788213916.426772,1788213916.431771,4.999,4.608
1788213916.426772,1788213916.439964,13.192,12.615
1788213916.441475,1788213916.447538,6.063,5.543
1788213916.441475,1788213916.455240,13.765,13.546
1788213916.457355,1788213916.463343,5.988,5.998
1788213916.457355,1788213916.471356,14.001,14.010
1788213916.473347,1788213916.479322,5.975,6.008
1788213916.473347,1788213916.488019,14.672,14.013
1788213916.489017,1788213916.494648,5.630,6.438
1788213916.489017,1788213916.503402,14.385,14.442
1788213916.506005,1788213916.511378,5.373,4.715
1788213916.506005,1788213916.519381,13.376,12.735
1788213916.520379,1788213916.527904,7.525,6.939
1788213916.520379,1788213916.535907,15.527,14.955
1788213916.535907,1788213916.543996,8.090,7.302
1788213916.550665,1788213916.552256,1.591,0.516
1788213916.550665,1788213916.560005,9.341,8.532
1788213916.566683,1788213916.567700,1.017,0.671
1788213916.566683,1788213916.575379,8.696,8.674
1788213916.582381,1788213916.583379,0.998,0.859
1788213916.582381,1788213916.591482,9.101,8.867
1788213916.598487,1788213916.599477,0.990,1.047
1788213916.598487,1788213916.607844,9.357,9.055
1788213916.613833,1788213916.616356,2.522,0.867
1788213916.613833,1788213916.623982,10.149,8.882
1788213916.630203,1788213916.632296,2.094,1.495
1788213916.630203,1788213916.640234,10.031,9.500
1788213916.645288,1788213916.647763,2.476,2.405
1788213916.645288,1788213916.656287,11.000,10.412
1788213916.661635,1788213916.664156,2.521,2.278
1788213916.661635,1788213916.672169,10.534,10.282
1788213916.676169,1788213916.680170,4.001,3.650
1788213916.676169,1788213916.687705,11.536,11.658
1788213916.692228,1788213916.696304,4.076,2.980
1788213916.692228,1788213916.703303,11.075,10.986
1788213916.707577,1788213916.711658,4.081,3.714
1788213916.707577,1788213916.720357,12.780,11.721
1788213916.723948,1788213916.728079,4.131,3.177
1788213916.723948,1788213916.736074,12.126,11.181
1788213916.739455,1788213916.743983,4.528,4.292
1788213916.739455,1788213916.752018,12.563,12.311
1788213916.755014,1788213916.760541,5.527,4.783
1788213916.755014,1788213916.768307,13.292,12.791
1788213916.771184,1788213916.776514,5.330,5.131
1788213916.771184,1788213916.784086,12.902,13.148
1788213916.785233,1788213916.791967,6.734,6.485
1788213916.785233,1788213916.800479,15.245,14.492
1788213916.800479,1788213916.808516,8.037,6.979
1788213916.800479,1788213916.816241,15.762,14.990
1788213916.817241,1788213916.823754,6.513,6.547
1788213916.831445,1788213916.832451,1.006,0.311
1788213916.831445,1788213916.839960,8.514,8.331
1788213916.846971,1788213916.848486,1.515,1.000
1788213916.846971,1788213916.855490,8.519,9.018
1788213916.863053,1788213916.864055,1.002,0.808
1788213916.863053,1788213916.872056,9.003,8.820
1788213916.880050,1788213916.880050,0.000,0.487
1788213916.880050,1788213916.888566,8.517,8.498
1788213916.894085,1788213916.896086,2.001,2.013
1788213916.894085,1788213916.904606,10.521,10.026
1788213916.910125,1788213916.912125,2.000,1.590
1788213916.910125,1788213916.920126,10.001,9.602
1788213916.927645,1788213916.928645,1.000,0.076
1788213916.927645,1788213916.936644,8.999,8.101
1788213916.942166,1788213916.944164,1.998,1.627
1788213916.942166,1788213916.952682,10.516,9.640
1788213916.957191,1788213916.960196,3.006,2.944
1788213916.957191,1788213916.968760,11.569,10.951
1788213916.973769,1788213916.976775,3.006,2.823
1788213916.973769,1788213916.984160,10.391,10.829
1788213916.989161,1788213916.992752,3.590,3.521
1788213916.989161,1788213917.000123,10.962,11.528
1788213917.004838,1788213917.008784,3.946,3.390
1788213917.004838,1788213917.016448,11.611,11.405
1788213917.019444,1788213917.023985,4.542,4.622
1788213917.019444,1788213917.031904,12.461,12.626
1788213917.034984,1788213917.040121,5.137,5.218
1788213917.034984,1788213917.048827,13.843,13.219
1788213917.050935,1788213917.056471,5.536,5.681
1788213917.050935,1788213917.064474,13.539,13.695
1788213917.067474,1788213917.072472,4.998,5.294
1788213917.067474,1788213917.080007,12.533,13.304
1788213917.081006,1788213917.088108,7.102,6.954
1788213917.081006,1788213917.096767,15.761,14.960
1788213917.096767,1788213917.104158,7.391,7.558
1788213917.096767,1788213917.112537,15.770,15.571
1788213917.112537,1788213917.119579,7.043,7.785
1788213917.128167,1788213917.128167,0.000,0.086
1788213917.128167,1788213917.136875,8.708,8.092
1788213917.143539,1788213917.144540,1.001,0.928
1788213917.143539,1788213917.152265,8.726,8.933
1788213917.160588,1788213917.160588,0.000,0.055
1788213917.160588,1788213917.168605,8.017,8.075
1788213917.175128,1788213917.177129,2.000,1.831
1788213917.175128,1788213917.184650,9.522,9.856
1788213917.189650,1788213917.193218,3.569,2.739
1788213917.189650,1788213917.201233,11.583,10.747
1788213917.205233,1788213917.209233,4.000,3.240
1788213917.205233,1788213917.216758,11.525,11.247
1788213917.221289,1788213917.224356,3.067,3.249
1788213917.221289,1788213917.232343,11.055,11.256
1788213917.236332,1788213917.241061,4.730,4.087
1788213917.236332,1788213917.248657,12.325,12.093
1788213917.251764,1788213917.256761,4.997,4.742
1788213917.251764,1788213917.265212,13.448,12.753
1788213917.267948,1788213917.272922,4.973,4.760
1788213917.267948,1788213917.281258,13.309,12.773
1788213917.283229,1788213917.288944,5.715,5.603
1788213917.283229,1788213917.297216,13.987,13.603
1788213917.298312,1788213917.305006,6.694,6.244
1788213917.298312,1788213917.312706,14.394,14.254
1788213917.313710,1788213917.321132,7.422,6.725
1788213917.313710,1788213917.329133,15.422,14.731
1788213917.329133,1788213917.336661,7.528,7.414
1788213917.329133,1788213917.345188,16.055,15.418
1788213917.345188,1788213917.352626,7.438,7.416
1788213917.360341,1788213917.360912,0.572,0.218
1788213917.360341,1788213917.368993,8.652,8.228
1788213917.376970,1788213917.376970,0.000,0.028
1788213917.376970,1788213917.385427,8.457,7.711
1788213917.391431,1788213917.393024,1.593,0.537
1788213917.391431,1788213917.401418,9.987,8.551
1788213917.407365,1788213917.408395,1.030,1.777
1788213917.407365,1788213917.417103,9.738,9.786
1788213917.421792,1788213917.424769,2.977,2.831
1788213917.421792,1788213917.433387,11.596,10.836
1788213917.437565,1788213917.441237,3.673,3.186
1788213917.437565,1788213917.449239,11.675,11.201
1788213917.453857,1788213917.456923,3.067,3.385
1788213917.453857,1788213917.465242,11.386,11.397
1788213917.468242,1788213917.473238,4.996,4.449
1788213917.468242,1788213917.481292,13.050,12.458
1788213917.485240,1788213917.489248,4.007,3.381
1788213917.485240,1788213917.497207,11.967,11.388
1788213917.499727,1788213917.504726,4.998,5.103
1788213917.499727,1788213917.512769,13.041,13.117
1788213917.516769,1788213917.521290,4.521,4.002
1788213917.516769,1788213917.529291,12.522,12.006
1788213917.531284,1788213917.537291,6.007,5.759
1788213917.531284,1788213917.545100,13.816,13.762
1788213917.547093,1788213917.552787,5.694,5.794
1788213917.547093,1788213917.561558,14.466,13.812
1788213917.562565,1788213917.569629,7.064,6.359
1788213917.562565,1788213917.577632,15.066,14.367
1788213917.577632,1788213917.585630,7.999,6.934
1788213917.577632,1788213917.593628,15.996,14.939
1788213917.594146,1788213917.600914,6.768,7.100
1788213917.594146,1788213917.609195,15.049,15.122
1788213917.610288,1788213917.616960,6.672,6.586
1788213917.610288,1788213917.625325,15.037,14.593
1788213917.625325,1788213917.633205,7.880,6.976
1788213917.625325,1788213917.640908,15.582,14.982
1788213917.642461,1788213917.648617,6.156,6.139
1788213917.657139,1788213917.657139,0.000,0.075
1788213917.657139,1788213917.665147,8.008,8.089
1788213917.671147,1788213917.673681,2.535,1.934
1788213917.671147,1788213917.680737,9.591,9.937
1788213917.687795,1788213917.688908,1.112,1.669
1788213917.687795,1788213917.697603,9.808,9.672
1788213917.703301,1788213917.705293,1.991,1.979
1788213917.703301,1788213917.713664,10.363,9.996
1788213917.717664,1788213917.721183,3.519,3.273
1788213917.717664,1788213917.728831,11.167,11.278
1788213917.733913,1788213917.737844,3.931,3.167
1788213917.733913,1788213917.745347,11.434,11.178
1788213917.749349,1788213917.753871,4.522,3.748
1788213917.749349,1788213917.761924,12.575,11.762
1788213917.763923,1788213917.769918,5.994,5.016
1788213917.763923,1788213917.776445,12.522,13.020
1788213917.779966,1788213917.785482,5.516,5.077
1788213917.779966,1788213917.793000,13.035,13.084
1788213917.796539,1788213917.801570,5.032,4.941
1788213917.796539,1788213917.809089,12.551,12.953
1788213917.812104,1788213917.817101,4.998,4.934
1788213917.812104,1788213917.825103,12.999,12.938
1788213917.827101,1788213917.834100,7.000,6.199
1788213917.827101,1788213917.841620,14.519,14.205
1788213917.843125,1788213917.849131,6.006,6.159
1788213917.843125,1788213917.857175,14.050,14.175
1788213917.858684,1788213917.865920,7.236,6.299
1788213917.858684,1788213917.873922,15.238,14.303
1788213917.873922,1788213917.881441,7.519,7.237
1788213917.889445,1788213917.889445,0.000,0.184
1788213917.889445,1788213917.897961,8.516,8.195
1788213917.905351,1788213917.905351,0.000,0.045
1788213917.905351,1788213917.913451,8.101,8.063
1788213917.920457,1788213917.922042,1.585,1.002
1788213917.920457,1788213917.930141,9.684,9.008
1788213917.935730,1788213917.937837,2.106,1.865
1788213917.935730,1788213917.945804,10.074,9.869
1788213917.951329,1788213917.953410,2.081,2.496
1788213917.951329,1788213917.961452,10.123,10.524
1788213917.966492,1788213917.970011,3.519,2.879
1788213917.966492,1788213917.978011,11.519,10.888
1788213917.984519,1788213917.985519,1.000,1.572
1788213917.984519,1788213917.993571,9.052,9.579
1788213917.997368,1788213918.001452,4.085,4.434
1788213917.997368,1788213918.009738,12.370,12.443
1788213918.012827,1788213918.017850,5.023,4.687
1788213918.012827,1788213918.025553,12.726,12.693
1788213918.028557,1788213918.034466,5.909,5.560
1788213918.028557,1788213918.041467,12.911,13.564
1788213918.042979,1788213918.049515,6.536,6.419
1788213918.042979,1788213918.058041,15.062,14.425
1788213918.059043,1788213918.066087,7.044,6.465
1788213918.059043,1788213918.074086,15.043,14.470
1788213918.076078,1788213918.082235,6.157,5.918
1788213918.076078,1788213918.089942,13.864,13.936
1788213918.091908,1788213918.097522,5.615,6.350
1788213918.091908,1788213918.106507,14.599,14.354
1788213918.106507,1788213918.114199,7.692,6.896
1788213918.121908,1788213918.121908,0.000,0.068
1788213918.121908,1788213918.130598,8.690,8.078
1788213918.137593,1788213918.138617,1.024,0.363
1788213918.137593,1788213918.146050,8.457,8.374
1788213918.152577,1788213918.154084,1.507,1.508
1788213918.152577,1788213918.162616,10.040,9.522
1788213918.168139,1788213918.170138,1.999,1.592
1788213918.168139,1788213918.178139,10.000,9.598
1788213918.183146,1788213918.185799,2.652,2.502
1788213918.183146,1788213918.193531,10.385,10.510
1788213918.200894,1788213918.201826,0.932,1.202
1788213918.200894,1788213918.210298,9.404,9.232
1788213918.215276,1788213918.218857,3.581,3.429
1788213918.215276,1788213918.226568,11.292,11.446
1788213918.230571,1788213918.234571,4.000,4.152
1788213918.230571,1788213918.242543,11.972,12.160
1788213918.245108,1788213918.250187,5.080,4.977
1788213918.245108,1788213918.258898,13.791,12.990
1788213918.260817,1788213918.266427,5.610,5.642
1788213918.260817,1788213918.274111,13.294,13.653
1788213918.276212,1788213918.282222,6.010,5.920
1788213918.276212,1788213918.290894,14.682,13.950
1788213918.290894,1788213918.298364,7.471,7.389
1788213918.290894,1788213918.306885,15.991,15.393
1788213918.306885,1788213918.314409,7.524,7.102
1788213918.306885,1788213918.322412,15.527,15.104
1788213918.322412,1788213918.330112,7.700,7.736
1788213918.338125,1788213918.338125,0.000,0.050
1788213918.338125,1788213918.346789,8.664,8.053
1788213918.354398,1788213918.354398,0.000,0.324
1788213918.354398,1788213918.362014,7.615,8.335
1788213918.368851,1788213918.370849,1.998,1.319
1788213918.368851,1788213918.378524,9.673,9.323
1788213918.385202,1788213918.386124,0.922,1.224
1788213918.385202,1788213918.394900,9.697,9.231
1788213918.401830,1788213918.401830,0.000,0.102
1788213918.401830,1788213918.410128,8.298,7.903
1788213918.417439,1788213918.418911,1.472,1.113
1788213918.417439,1788213918.426963,9.525,9.129
1788213918.431470,1788213918.434884,3.413,2.952
1788213918.431470,1788213918.441873,10.403,10.964
1788213918.447398,1788213918.450915,3.518,2.872
1788213918.447398,1788213918.458443,11.045,10.886
1788213918.463067,1788213918.466967,3.901,3.220
1788213918.463067,1788213918.474949,11.882,11.224
1788213918.477944,1788213918.482475,4.530,4.616
1788213918.477944,1788213918.490530,12.585,12.626
1788213918.494228,1788213918.498608,4.380,4.247
1788213918.494228,1788213918.507283,13.055,12.265
1788213918.509289,1788213918.514651,5.361,5.704
1788213918.509289,1788213918.522629,13.340,13.712
1788213918.524668,1788213918.530639,5.971,6.474
1788213918.524668,1788213918.538791,14.123,14.484
1788213918.538791,1788213918.546392,7.601,7.876
1788213918.554202,1788213918.555208,1.006,0.317
1788213918.554202,1788213918.562499,8.297,8.322
1788213918.569423,1788213918.570503,1.080,0.813
1788213918.569423,1788213918.578422,8.998,8.825
1788213918.585939,1788213918.586939,1.000,0.954
1788213918.585939,1788213918.594939,9.001,8.946
1788213918.599980,1788213918.603394,3.414,2.570
1788213918.599980,1788213918.610908,10.928,10.576
1788213918.616429,1788213918.619437,3.007,2.313
1788213918.616429,1788213918.626491,10.062,10.320
1788213918.631506,1788213918.635224,3.718,3.163
1788213918.631506,1788213918.642766,11.261,11.174
1788213918.647802,1788213918.650929,3.127,2.692
1788213918.647802,1788213918.658992,11.190,10.702
1788213918.663874,1788213918.666962,3.088,3.105
1788213918.663874,1788213918.674957,11.083,11.111
1788213918.677968,1788213918.682487,4.519,4.443
1788213918.677968,1788213918.691027,13.059,12.452
1788213918.693027,1788213918.698552,5.525,5.429
1788213918.693027,1788213918.707078,14.050,13.453
1788213918.708604,1788213918.715366,6.762,5.846
1788213918.708604,1788213918.723366,14.762,13.855
1788213918.725387,1788213918.731368,5.981,5.652
1788213918.725387,1788213918.739372,13.984,13.659
1788213918.740367,1788213918.747185,6.818,6.357
1788213918.740367,1788213918.755450,15.083,14.366
1788213918.756546,1788213918.763247,6.701,5.939
1788213918.756546,1788213918.771352,14.807,13.959
1788213918.772366,1788213918.779334,6.968,6.477
1788213918.772366,1788213918.787623,15.257,14.485
1788213918.789223,1788213918.795143,5.920,5.326
1788213918.789223,1788213918.803649,14.427,13.343
1788213918.804650,1788213918.810650,6.000,6.557
1788213918.818691,1788213918.818691,0.000,0.230
1788213918.818691,1788213918.827565,8.875,8.246
1788213918.834566,1788213918.835568,1.002,0.096
1788213918.834566,1788213918.843083,8.517,8.114
1788213918.850084,1788213918.851079,0.995,0.799
1788213918.850084,1788213918.859542,9.459,8.816
1788213918.865574,1788213918.867566,1.992,1.159
1788213918.865574,1788213918.875567,9.993,9.168
1788213918.881594,1788213918.883601,2.007,1.688
1788213918.881594,1788213918.891607,10.012,9.699
1788213918.897602,1788213918.899760,2.159,1.842
1788213918.897602,1788213918.907759,10.158,9.852
1788213918.914790,1788213918.915791,1.000,0.863
1788213918.914790,1788213918.923791,9.001,8.875
1788213918.927790,1788213918.931789,3.999,3.381
1788213918.927790,1788213918.938790,11.000,11.383
1788213918.943855,1788213918.947856,4.001,3.464
1788213918.943855,1788213918.955373,11.518,11.468
1788213918.959373,1788213918.963291,3.918,3.957
1788213918.959373,1788213918.971340,11.967,11.969
1788213918.975341,1788213918.979343,4.002,3.699
1788213918.975341,1788213918.987861,12.520,11.704
1788213918.990860,1788213918.995861,5.001,4.542
1788213918.990860,1788213919.004002,13.143,12.548
1788213919.006513,1788213919.011527,5.014,4.686
1788213919.006513,1788213919.020051,13.538,12.721
1788213919.023052,1788213919.028051,4.999,3.992
1788213919.023052,1788213919.036044,12.992,11.996
1788213919.039125,1788213919.043823,4.697,4.034
1788213919.039125,1788213919.051444,12.318,12.043
1788213919.055571,1788213919.059564,3.994,3.423
1788213919.055571,1788213919.068087,12.517,11.451
1788213919.069087,1788213919.076093,7.007,6.418
1788213919.069087,1788213919.083360,14.274,14.423
1788213919.085439,1788213919.092069,6.630,6.468
1788213919.099731,1788213919.099731,0.000,0.026
1788213919.099731,1788213919.108324,8.593,7.597
1788213919.099731,1788213919.116121,16.390,15.610
1788213919.116121,1788213919.123840,7.720,6.594
1788213919.131433,1788213919.131433,0.000,0.094
1788213919.131433,1788213919.140080,8.647,8.100
1788213919.145998,1788213919.148111,2.112,1.734
1788213919.145998,1788213919.155799,9.801,9.738
1788213919.161401,1788213919.163985,2.584,1.874
1788213919.161401,1788213919.171998,10.597,9.885
1788213919.176998,1788213919.180000,3.002,2.595
1788213919.176998,1788213919.188001,11.003,10.598
1788213919.193001,1788213919.195529,2.528,2.038
1788213919.193001,1788213919.203568,10.567,10.050
1788213919.207163,1788213919.212172,5.009,4.215
1788213919.207163,1788213919.219794,12.631,12.223
1788213919.221791,1788213919.227819,6.028,5.696
1788213919.221791,1788213919.235402,13.611,13.702
1788213919.236535,1788213919.244509,7.974,7.180
1788213919.251501,1788213919.251501,0.000,0.496
1788213919.251501,1788213919.259884,8.384,8.508
1788213919.251501,1788213919.268497,16.997,16.526
1788213919.268497,1788213919.276242,7.745,6.997
1788213919.282917,1788213919.283941,1.024,0.783
1788213919.282917,1788213919.291919,9.003,8.792
1788213919.300221,1788213919.300221,0.000,0.132
1788213919.300221,1788213919.307790,7.568,7.716
1788213919.314493,1788213919.316612,2.119,1.021
1788213919.314493,1788213919.324301,9.809,9.030
1788213919.330909,1788213919.331909,1.000,1.351
1788213919.330909,1788213919.340712,9.803,9.361
1788213919.345717,1788213919.347790,2.074,2.338
1788213919.345717,1788213919.356028,10.311,10.346
1788213919.361805,1788213919.364772,2.967,2.133
1788213919.361805,1788213919.371852,10.048,10.136
1788213919.376838,1788213919.379897,3.058,3.174
1788213919.376838,1788213919.387758,10.920,11.179
1788213919.392847,1788213919.396430,3.584,2.895
1788213919.392847,1788213919.404250,11.403,10.901
1788213919.408344,1788213919.412333,3.989,3.455
1788213919.408344,1788213919.419940,11.596,11.466
1788213919.424022,1788213919.428646,4.624,3.903
1788213919.424022,1788213919.435437,11.415,11.910
1788213919.441133,1788213919.444136,3.003,3.325
1788213919.441133,1788213919.452150,11.017,11.332
1788213919.455827,1788213919.460511,4.684,4.137
1788213919.455827,1788213919.468215,12.388,12.157
1788213919.471201,1788213919.476219,5.018,4.746
1788213919.471201,1788213919.483896,12.695,12.750
1788213919.485906,1788213919.492913,7.006,6.440
1788213919.485906,1788213919.499973,14.067,14.466
1788213919.501988,1788213919.507987,5.999,6.071
1788213919.501988,1788213919.516014,14.026,14.081
1788213919.519551,1788213919.524547,4.997,5.095
1788213919.519551,1788213919.532062,12.511,13.103
1788213919.535062,1788213919.540583,5.522,5.474
1788213919.535062,1788213919.548586,13.524,13.480
1788213919.549585,1788213919.556934,7.350,6.319
1788213919.549585,1788213919.564831,15.247,14.322
1788213919.564831,1788213919.572608,7.777,7.205
1788213919.579887,1788213919.579887,0.000,0.222
1788213919.579887,1788213919.588027,8.140,8.237
1788213919.595986,1788213919.595986,0.000,0.142
1788213919.595986,1788213919.604655,8.669,8.149
1788213919.610656,1788213919.612657,2.000,1.528
1788213919.610656,1788213919.620178,9.521,9.538
1788213919.626209,1788213919.628216,2.007,1.917
1788213919.626209,1788213919.636226,10.017,9.925
1788213919.642903,1788213919.644393,1.490,1.684
1788213919.642903,1788213919.652403,9.500,9.706
1788213919.659830,1788213919.660818,0.988,1.014
1788213919.659830,1788213919.668322,8.492,9.020
1788213919.674849,1788213919.676850,2.000,1.580
1788213919.674849,1788213919.684369,9.520,9.587
1788213919.689369,1788213919.692375,3.006,2.913
1788213919.689369,1788213919.700960,11.590,10.918
1788213919.704744,1788213919.708749,4.005,3.684
1788213919.704744,1788213919.717083,12.339,11.689
1788213919.720619,1788213919.724710,4.091,4.273
1788213919.720619,1788213919.732392,11.772,12.277
1788213919.735391,1788213919.740989,5.598,4.885
1788213919.735391,1788213919.748658,13.267,12.892
1788213919.750760,1788213919.756469,5.709,5.600
1788213919.750760,1788213919.764760,14.000,13.604
1788213919.766429,1788213919.772499,6.070,5.620
1788213919.766429,1788213919.781010,14.581,13.627
1788213919.783656,1788213919.788348,4.693,5.353
1788213919.783656,1788213919.796765,13.109,13.366
1788213919.798752,1788213919.805289,6.536,5.685
1788213919.798752,1788213919.812807,14.055,13.693
1788213919.815818,1788213919.820828,5.010,5.107
1788213919.815818,1788213919.828827,13.008,13.122
1788213919.831054,1788213919.837144,6.089,5.524
1788213919.831054,1788213919.845310,14.256,13.549
1788213919.845310,1788213919.852447,7.136,7.090
1788213919.860527,1788213919.860527,0.000,0.038
1788213919.861531,1788213919.868562,7.031,6.750
1788213919.875926,1788213919.877231,1.305,1.040
1788213919.875926,1788213919.885181,9.254,9.052
1788213919.891380,1788213919.893379,1.999,1.276
1788213919.891380,1788213919.901502,10.122,9.291
1788213919.906515,1788213919.908515,1.999,1.857
1788213919.906515,1788213919.917022,10.506,9.871
1788213919.922096,1788213919.925096,3.000,2.332
1788213919.922096,1788213919.933096,11.000,10.338
1788213919.938096,1788213919.941358,3.262,2.560
1788213919.938096,1788213919.949463,11.367,10.570
1788213919.953449,1788213919.957134,3.685,3.054
1788213919.953449,1788213919.964824,11.375,11.055
1788213919.969067,1788213919.973161,4.093,3.669
1788213919.969067,1788213919.980771,11.703,11.693
1788213919.983847,1788213919.988850,5.003,4.561
1788213919.983847,1788213919.996850,13.003,12.585
1788213920.002083,1788213920.005097,3.014,2.853
1788213920.002083,1788213920.012616,10.533,10.858
1788213920.015618,1788213920.020691,5.073,5.079
1788213920.015618,1788213920.028697,13.080,13.104
1788213920.031222,1788213920.037223,6.001,5.505
1788213920.031222,1788213920.045320,14.098,13.515
1788213920.046311,1788213920.052907,6.595,6.298
1788213920.046311,1788213920.061260,14.949,14.304
1788213920.062246,1788213920.068719,6.473,6.366
1788213920.062246,1788213920.077244,14.997,14.372
1788213920.078248,1788213920.085769,7.521,6.643
1788213920.078248,1788213920.092764,14.517,14.652
1788213920.093766,1788213920.101290,7.524,7.333
1788213920.093766,1788213920.108799,15.033,15.351
1788213920.109799,1788213920.116799,7.000,7.220
1788213920.109799,1788213920.124869,15.070,15.231
1788213920.126873,1788213920.133388,6.515,6.043
1788213920.126873,1788213920.141490,14.617,14.050
1788213920.142066,1788213920.149787,7.722,6.719
1788213920.142066,1788213920.157442,15.376,14.727
1788213920.157442,1788213920.165524,8.082,7.398
1788213920.172649,1788213920.173642,0.993,0.401
1788213920.172649,1788213920.181362,8.713,8.405
1788213920.188362,1788213920.189360,0.998,0.661
1788213920.188362,1788213920.197363,9.001,8.668
1788213920.203792,1788213920.205780,1.988,1.318
1788213920.203792,1788213920.213311,9.519,9.325
1788213920.218832,1788213920.221352,2.520,2.343
1788213920.218832,1788213920.229884,11.052,10.352
1788213920.235478,1788213920.237409,1.931,2.013
1788213920.235478,1788213920.245217,9.739,10.021
1788213920.252219,1788213920.253313,1.094,1.529
1788213920.252219,1788213920.261677,9.458,9.545
1788213920.266639,1788213920.269382,2.743,2.621
1788213920.266639,1788213920.277334,10.695,10.640
1788213920.282016,1788213920.286026,4.009,3.756
1788213920.282016,1788213920.293019,11.003,11.761
1788213920.296965,1788213920.301671,4.706,4.261
1788213920.296965,1788213920.309343,12.377,12.282
1788213920.311276,1788213920.317963,6.686,6.018
1788213920.311276,1788213920.325284,14.007,14.048
1788213920.328238,1788213920.333321,5.083,5.417
1788213920.328238,1788213920.341993,13.755,13.421
1788213920.343009,1788213920.350006,6.997,6.366
1788213920.343009,1788213920.357525,14.516,14.370
1788213920.360049,1788213920.366049,6.000,5.609
1788213920.372267,1788213920.373266,0.999,0.876
1788213920.372267,1788213920.381790,9.523,8.878
1788213920.387793,1788213920.389785,1.993,1.352
1788213920.387793,1788213920.397863,10.070,9.358
1788213920.403679,1788213920.405768,2.089,1.649
1788213920.403679,1788213920.413467,9.788,9.650
1788213920.420486,1788213920.421535,1.050,0.884
1788213920.420486,1788213920.429885,9.399,8.892
1788213920.434303,1788213920.437408,3.106,3.223
1788213920.434303,1788213920.445324,11.021,11.235
1788213920.451340,1788213920.453399,2.059,2.305
1788213920.451340,1788213920.461773,10.433,10.331
1788213920.467366,1788213920.469472,2.106,1.810
1788213920.467366,1788213920.477467,10.101,9.827
1788213920.481152,1788213920.486118,4.966,4.265
1788213920.481152,1788213920.493466,12.314,12.272
1788213920.497554,1788213920.502247,4.693,4.537
1788213920.497554,1788213920.509527,11.973,12.543
1788213920.511540,1788213920.517525,5.985,5.532
1788213920.511540,1788213920.526256,14.716,13.544
1788213920.527255,1788213920.534245,6.989,6.244
1788213920.527255,1788213920.542257,15.002,14.255
1788213920.543244,1788213920.550170,6.927,5.886
1788213920.543244,1788213920.558303,15.059,13.892
1788213920.560302,1788213920.566303,6.002,5.732
1788213920.560302,1788213920.573831,13.529,13.737
1788213920.574831,1788213920.581613,6.782,6.333
1788213920.574831,1788213920.589615,14.784,14.342
1788213920.591636,1788213920.598205,6.568,6.316
1788213920.591636,1788213920.605922,14.286,14.339
1788213920.605922,1788213920.614213,8.290,7.627
1788213920.621633,1788213920.622255,0.622,0.254
1788213920.621633,1788213920.630031,8.398,8.269
1788213920.637413,1788213920.637924,0.511,0.579
1788213920.637413,1788213920.646461,9.048,8.594
1788213920.652464,1788213920.654460,1.996,1.070
1788213920.652464,1788213920.662184,9.721,9.076
1788213920.668189,1788213920.669696,1.508,1.167
1788213920.668189,1788213920.677712,9.523,9.176
1788213920.684084,1788213920.686185,2.101,1.992
1788213920.684084,1788213920.694179,10.095,10.001
1788213920.698874,1788213920.701876,3.003,2.552
1788213920.698874,1788213920.709504,10.631,10.558
1788213920.714770,1788213920.718471,3.700,2.898
1788213920.714770,1788213920.725852,11.081,10.907
1788213920.730855,1788213920.734377,3.523,2.967
1788213920.730855,1788213920.741891,11.037,10.990
1788213920.745891,1788213920.749891,4.000,4.037
1788213920.745891,1788213920.757419,11.528,12.046
1788213920.760945,1788213920.766029,5.084,4.637
1788213920.760945,1788213920.774432,13.487,12.649
1788213920.776432,1788213920.782120,5.688,5.326
1788213920.776432,1788213920.789393,12.961,13.332
1788213920.792306,1788213920.798328,6.022,5.201
1788213920.792306,1788213920.805853,13.547,13.211
1788213920.807853,1788213920.813851,5.998,5.831
1788213920.807853,1788213920.822374,14.522,13.840
1788213920.823373,1788213920.829890,6.517,6.403
1788213920.823373,1788213920.837889,14.516,14.413
1788213920.838890,1788213920.846407,7.517,7.191
1788213920.838890,1788213920.854410,15.521,15.208
1788213920.854410,1788213920.862463,8.053,7.449
1788213920.854410,1788213920.870514,16.104,15.457
1788213920.870514,1788213920.878510,7.996,7.561
1788213920.870514,1788213920.887032,16.518,15.626
1788213920.887032,1788213920.894031,6.999,7.388
1788213920.901029,1788213920.902033,1.004,0.835
1788213920.901029,1788213920.910086,9.057,8.847
1788213920.917086,1788213920.917728,0.642,1.554
1788213920.917086,1788213920.926423,9.337,9.574
1788213920.932416,1788213920.934421,2.004,2.332
1788213920.932416,1788213920.942115,9.699,10.338
1788213920.947104,1788213920.950113,3.008,2.957
1788213920.947104,1788213920.958138,11.034,10.963
1788213920.963136,1788213920.966738,3.603,3.033
1788213920.963136,1788213920.974613,11.477,11.060
1788213920.979228,1788213920.982306,3.078,3.612
1788213920.979228,1788213920.990338,11.109,11.621
1788213920.993331,1788213920.998990,5.659,4.856
1788213920.993331,1788213921.006265,12.934,12.860
1788213921.011286,1788213921.014277,2.991,3.334
1788213921.011286,1788213921.022799,11.513,11.357
1788213921.026324,1788213921.030847,4.523,4.204
1788213921.026324,1788213921.038371,12.047,12.212
1788213921.042410,1788213921.046445,4.035,4.333
1788213921.042410,1788213921.055081,12.671,12.337
1788213921.057727,1788213921.062779,5.053,5.013
1788213921.057727,1788213921.070445,12.718,13.020
1788213921.071958,1788213921.078654,6.696,6.031
1788213921.071958,1788213921.086655,14.697,14.038
1788213921.088651,1788213921.094661,6.011,6.343
1788213921.088651,1788213921.102644,13.993,14.352
1788213921.104669,1788213921.110361,5.692,6.220
1788213921.104669,1788213921.118035,13.366,14.226
1788213921.119632,1788213921.126647,7.015,6.516
1788213921.119632,1788213921.135170,15.538,14.519
1788213921.135170,1788213921.143174,8.004,6.784
1788213921.135170,1788213921.150688,15.517,14.788
1788213921.150688,1788213921.158490,7.802,7.367
1788213921.150688,1788213921.166181,15.493,15.370
1788213921.167774,1788213921.174639,6.865,6.153
1788213921.182143,1788213921.183233,1.090,0.781
1788213921.182143,1788213921.191239,9.095,8.786
1788213921.196652,1788213921.198642,1.990,1.508
1788213921.196652,1788213921.207242,10.590,9.514
1788213921.213267,1788213921.214324,1.057,1.760
1788213921.213267,1788213921.223045,9.778,9.769
1788213921.228696,1788213921.230707,2.011,2.034
1788213921.228696,1788213921.238392,9.696,10.040
1788213921.243326,1788213921.246389,3.064,3.375
1788213921.243326,1788213921.255070,11.744,11.390
1788213921.257802,1788213921.262842,5.040,4.385
1788213921.257802,1788213921.270839,13.037,12.391
1788213921.275171,1788213921.279139,3.968,3.666
1788213921.275171,1788213921.287131,11.961,11.685
1788213921.290138,1788213921.294579,4.441,4.944
1788213921.290138,1788213921.303112,12.974,12.950
1788213921.305111,1788213921.311144,6.034,5.360
1788213921.305111,1788213921.319146,14.036,13.366
1788213921.321147,1788213921.326760,5.613,5.297
1788213921.321147,1788213921.335169,14.022,13.303
1788213921.337225,1788213921.343165,5.940,5.418
1788213921.337225,1788213921.350788,13.563,13.428
1788213921.352885,1788213921.358572,5.687,5.768
1788213921.352885,1788213921.367286,14.401,13.794
1788213921.368285,1788213921.375026,6.742,6.535
1788213921.368285,1788213921.383028,14.743,14.538
1788213921.384029,1788213921.390722,6.693,6.560
1788213921.384029,1788213921.398719,14.690,14.565
1788213921.399718,1788213921.407547,7.829,6.430
1788213921.414375,1788213921.415357,0.983,0.545
1788213921.414375,1788213921.422947,8.572,8.548
1788213921.430202,1788213921.431232,1.031,0.436
1788213921.430202,1788213921.438685,8.483,8.439
1788213921.445687,1788213921.447288,1.601,1.126
1788213921.445687,1788213921.455403,9.715,9.131
1788213921.461105,1788213921.463128,2.023,1.725
1788213921.461105,1788213921.470806,9.701,9.764
1788213921.476498,1788213921.479470,2.972,2.299
1788213921.476498,1788213921.487477,10.978,10.308
1788213921.493049,1788213921.495038,1.989,1.829
1788213921.493049,1788213921.502973,9.924,9.836
1788213921.508470,1788213921.511476,3.006,2.594
1788213921.508470,1788213921.519005,10.535,10.600
1788213921.524514,1788213921.527539,3.026,2.915
1788213921.524514,1788213921.535119,10.605,10.925
1788213921.540134,1788213921.543130,2.996,3.278
1788213921.540134,1788213921.550822,10.687,11.284
1788213921.555547,1788213921.559141,3.594,3.999
1788213921.555547,1788213921.566925,11.378,12.013
1788213921.570861,1788213921.575547,4.686,3.548
1788213921.570861,1788213921.583541,12.680,11.551
1788213921.586539,1788213921.591196,4.657,4.324
1788213921.586539,1788213921.599203,12.664,12.343
1788213921.602215,1788213921.607807,5.592,5.253
1788213921.602215,1788213921.615711,13.496,13.260
1788213921.616708,1788213921.623742,7.035,6.063
1788213921.616708,1788213921.631818,15.110,14.071
1788213921.631818,1788213921.639341,7.523,7.602
1788213921.646887,1788213921.646887,0.000,0.216
1788213921.646887,1788213921.655602,8.716,8.227
1788213921.662748,1788213921.662748,0.000,0.295
1788213921.662748,1788213921.671872,9.124,8.305
1788213921.676574,1788213921.679677,3.104,2.777
1788213921.676574,1788213921.687272,10.698,10.786
1788213921.692047,1788213921.695062,3.015,2.985
1788213921.692047,1788213921.703046,10.999,10.987
1788213921.707080,1788213921.711688,4.608,3.953
1788213921.707080,1788213921.719680,12.600,11.959
1788213921.723331,1788213921.727289,3.958,3.923
1788213921.723331,1788213921.735817,12.486,11.942
1788213921.740334,1788213921.743338,3.004,3.278
1788213921.740334,1788213921.751868,11.534,11.286
1788213921.753868,1788213921.759553,5.685,5.046
1788213921.753868,1788213921.767161,13.292,13.055
1788213921.769244,1788213921.775920,6.676,5.752
1788213921.769244,1788213921.783920,14.676,13.758
1788213921.783920,1788213921.791789,7.869,7.130
1788213921.783920,1788213921.799348,15.428,15.135
1788213921.799348,1788213921.808016,8.668,7.663
1788213921.815710,1788213921.815710,0.000,0.072
1788213921.815710,1788213921.823689,7.978,8.092
1788213921.830319,1788213921.831326,1.007,0.938
1788213921.830319,1788213921.839344,9.025,8.953
1788213921.846500,1788213921.847502,1.002,0.964
1788213921.846500,1788213921.855494,8.994,8.977
1788213921.862014,1788213921.864016,2.002,1.580
1788213921.862014,1788213921.872075,10.061,9.591
1788213921.878090,1788213921.880095,2.005,1.202
1788213921.878090,1788213921.887616,9.526,9.214
1788213921.893616,1788213921.895610,1.993,1.795
1788213921.893616,1788213921.903618,10.002,9.812
1788213921.909650,1788213921.911666,2.016,2.002
1788213921.909650,1788213921.920180,10.530,10.003
1788213921.924895,1788213921.927402,2.507,2.533
1788213921.924895,1788213921.936170,11.275,10.549
1788213921.940883,1788213921.943475,2.592,2.915
1788213921.940883,1788213921.952187,11.304,10.932
1788213921.956192,1788213921.959886,3.694,2.511
1788213921.956192,1788213921.967481,11.289,10.540
1788213921.971282,1788213921.975879,4.597,4.058
1788213921.971282,1788213921.983981,12.699,12.070
1788213921.986977,1788213921.991898,4.920,4.464
1788213921.986977,1788213921.999924,12.947,12.472
1788213922.002353,1788213922.007890,5.538,5.651
1788213922.002353,1788213922.016419,14.067,13.654
1788213922.017420,1788213922.024172,6.752,6.025
1788213922.017420,1788213922.031847,14.428,14.037
1788213922.032838,1788213922.039843,7.005,6.524
1788213922.032838,1788213922.047443,14.605,14.529
1788213922.049441,1788213922.056096,6.655,6.278
1788213922.063727,1788213922.063727,0.000,0.020
1788213922.063727,1788213922.072232,8.505,7.813
1788213922.079270,1788213922.080263,0.993,0.449
1788213922.079270,1788213922.088271,9.002,8.462
1788213922.094265,1788213922.096346,2.082,1.177
1788213922.094265,1788213922.103633,9.368,9.180
1788213922.111301,1788213922.112299,0.998,0.968
1788213922.111301,1788213922.119326,8.025,8.974
1788213922.125726,1788213922.127640,1.915,1.851
1788213922.125726,1788213922.135733,10.008,9.859
1788213922.141737,1788213922.144640,2.904,1.892
1788213922.141737,1788213922.152290,10.554,9.898
1788213922.158008,1788213922.160032,2.024,1.915
1788213922.158008,1788213922.168536,10.529,9.919
1788213922.173049,1788213922.176064,3.015,2.817
1788213922.173049,1788213922.183587,10.538,10.826
1788213922.190111,1788213922.192111,2.000,2.372
1788213922.190111,1788213922.199715,9.604,10.382
1788213922.204407,1788213922.208068,3.661,2.901
1788213922.204407,1788213922.216420,12.012,10.910
1788213922.219516,1788213922.224193,4.677,4.113
1788213922.219516,1788213922.232161,12.646,12.125
1788213922.235200,1788213922.240243,5.043,4.978
1788213922.235200,1788213922.248322,13.122,12.987
1788213922.253247,1788213922.256328,3.081,2.671
1788213922.253247,1788213922.264638,11.391,10.689
1788213922.264638,1788213922.272631,7.992,7.518
1788213922.264638,1788213922.280349,15.710,15.534
1788213922.280349,1788213922.287959,7.610,7.057
1788213922.280349,1788213922.295955,15.606,15.068
1788213922.297955,1788213922.303955,6.000,6.514
1788213922.310986,1788213922.311995,1.009,1.164
1788213922.310986,1788213922.320684,9.698,9.172
1788213922.327459,1788213922.328357,0.898,0.603
1788213922.327459,1788213922.336858,9.399,8.613
1788213922.342557,1788213922.344509,1.952,1.259
1788213922.342557,1788213922.352562,10.005,9.272
1788213922.359083,1788213922.360161,1.078,0.966
1788213922.359083,1788213922.368169,9.086,8.973
1788213922.374815,1788213922.375900,1.085,1.565
1788213922.374815,1788213922.384018,9.203,9.677
1788213922.389549,1788213922.392564,3.015,2.909
1788213922.389549,1788213922.400076,10.528,10.916
1788213922.406119,1788213922.409122,3.003,1.936
1788213922.406119,1788213922.416154,10.035,9.943
1788213922.421161,1788213922.424247,3.086,3.234
1788213922.421161,1788213922.432611,11.451,11.245
1788213922.436393,1788213922.441085,4.691,3.832
1788213922.436393,1788213922.448004,11.611,11.837
1788213922.451087,1788213922.457084,5.998,5.338
1788213922.451087,1788213922.464889,13.802,13.343
1788213922.466903,1788213922.472892,5.989,5.344
1788213922.466903,1788213922.480732,13.829,13.359
1788213922.482722,1788213922.488710,5.989,5.446
1788213922.482722,1788213922.496712,13.991,13.469
1788213922.498336,1788213922.504367,6.032,5.852
1788213922.498336,1788213922.512383,14.048,13.854
1788213922.516384,1788213922.520908,4.524,4.125
1788213922.516384,1788213922.528431,12.047,12.163
1788213922.529431,1788213922.537017,7.585,7.345
1788213922.529431,1788213922.545032,15.601,15.353
1788213922.545032,1788213922.553110,8.077,7.271
1788213922.545032,1788213922.560544,15.512,15.274
1788213922.560544,1788213922.569216,8.673,7.755
1788213922.575822,1788213922.576923,1.101,0.478
1788213922.575822,1788213922.584926,9.104,8.500
1788213922.592929,1788213922.592929,0.000,0.021
1788213922.592929,1788213922.600629,7.700,8.028
1788213922.608631,1788213922.608631,0.000,0.542
1788213922.608631,1788213922.616453,7.822,8.556
1788213922.623556,1788213922.625329,1.773,0.701
1788213922.623556,1788213922.633134,9.578,8.720
1788213922.640333,1788213922.640838,0.505,0.932
1788213922.640333,1788213922.648849,8.517,8.945
1788213922.654850,1788213922.657361,2.511,1.883
1788213922.654850,1788213922.664466,9.615,9.892
1788213922.672463,1788213922.672837,0.373,0.684
1788213922.672463,1788213922.680624,8.160,8.709
1788213922.686650,1788213922.688745,2.095,2.305
1788213922.686650,1788213922.696748,10.098,10.307
1788213922.700368,1788213922.705342,4.974,4.019
1788213922.700368,1788213922.713275,12.907,12.029
1788213922.717286,1788213922.720963,3.677,3.729
1788213922.717286,1788213922.728592,11.306,11.741
1788213922.731684,1788213922.737207,5.522,4.921
1788213922.731684,1788213922.744927,13.242,12.935
1788213922.747893,1788213922.752817,4.924,5.477
1788213922.747893,1788213922.761333,13.440,13.494
1788213922.762333,1788213922.769334,7.001,6.638
1788213922.762333,1788213922.777393,15.060,14.656
1788213922.778652,1788213922.785170,6.517,6.344
1788213922.778652,1788213922.792706,14.054,14.354
1788213922.794230,1788213922.801404,7.175,6.871
1788213922.794230,1788213922.809390,15.161,14.884
1788213922.810051,1788213922.817726,7.674,7.476
1788213922.824651,1788213922.825668,1.017,0.043
1788213922.824651,1788213922.833187,8.537,8.082
1788213922.839724,1788213922.841723,1.999,1.304
1788213922.839724,1788213922.849723,9.999,9.323
1788213922.855230,1788213922.857241,2.011,1.722
1788213922.855230,1788213922.865281,10.051,9.740
1788213922.871282,1788213922.873803,2.522,1.758
1788213922.871282,1788213922.881324,10.042,9.774
1788213922.886918,1788213922.888933,2.015,2.610
1788213922.886918,1788213922.897407,10.488,10.617
1788213922.901860,1788213922.905518,3.658,3.370
1788213922.901860,1788213922.913740,11.880,11.387
1788213922.917334,1788213922.921333,3.999,3.513
1788213922.917334,1788213922.929356,12.022,11.537
1788213922.933440,1788213922.937431,3.991,3.983
1788213922.933440,1788213922.945962,12.522,12.003
1788213922.948964,1788213922.952709,3.746,4.258
1788213922.948964,1788213922.961277,12.314,12.262
1788213922.964815,1788213922.969866,5.051,4.382
1788213922.964815,1788213922.976904,12.089,12.394
1788213922.980433,1788213922.985433,5.000,4.916
1788213922.980433,1788213922.993433,13.000,12.920
1788213922.995963,1788213923.002035,6.072,5.446
1788213922.995963,1788213923.010071,14.107,13.464
1788213923.011045,1788213923.017712,6.667,6.324
1788213923.011045,1788213923.025016,13.972,14.331
1788213923.026627,1788213923.033318,6.691,7.016
1788213923.026627,1788213923.041961,15.334,15.019
1788213923.041961,1788213923.049958,7.998,7.015
1788213923.041961,1788213923.057482,15.521,15.030
1788213923.057482,1788213923.065524,8.042,7.487
1788213923.073561,1788213923.073561,0.000,0.282
1788213923.073561,1788213923.081713,8.152,8.308
1788213923.088238,1788213923.089239,1.001,1.280
1788213923.088238,1788213923.097903,9.665,9.284
1788213923.103816,1788213923.105912,2.095,1.779
1788213923.103816,1788213923.113508,9.692,9.786
1788213923.118595,1788213923.121596,3.001,3.033
1788213923.118595,1788213923.129894,11.299,11.057
1788213923.133675,1788213923.138220,4.545,3.769
1788213923.133675,1788213923.146209,12.534,11.773
1788213923.149213,1788213923.153735,4.522,4.362
1788213923.149213,1788213923.162256,13.044,12.388
1788213923.166258,1788213923.170258,4.000,3.614
1788213923.166258,1788213923.177512,11.254,11.621
1788213923.180533,1788213923.185615,5.082,4.786
1788213923.180533,1788213923.194283,13.750,12.793
1788213923.196214,1788213923.201918,5.704,5.461
1788213923.196214,1788213923.210017,13.803,13.470
1788213923.212009,1788213923.217608,5.600,5.600
1788213923.212009,1788213923.226287,14.278,13.604
1788213923.227284,1788213923.233624,6.340,6.590
1788213923.227284,1788213923.242038,14.754,14.597
1788213923.242979,1788213923.250404,7.425,6.257
1788213923.242979,1788213923.257799,14.820,14.278
1788213923.259800,1788213923.266324,6.524,6.024
1788213923.259800,1788213923.274397,14.597,14.050
1788213923.275398,1788213923.282074,6.677,6.763
1788213923.275398,1788213923.290149,14.752,14.782
1788213923.290149,1788213923.298502,8.353,7.532
1788213923.290149,1788213923.306497,16.347,15.537
1788213923.306497,1788213923.314166,7.669,7.596
1788213923.321853,1788213923.321853,0.000,0.186
1788213923.321853,1788213923.329490,7.637,8.198
1788213923.336500,1788213923.338527,2.027,0.821
1788213923.336500,1788213923.346540,10.040,8.824
1788213923.352285,1788213923.354325,2.039,1.562
1788213923.352285,1788213923.361989,9.704,9.568
1788213923.367979,1788213923.369568,1.589,2.188
1788213923.367979,1788213923.378261,10.282,10.194
1788213923.384356,1788213923.386371,2.015,1.825
1788213923.384356,1788213923.394056,9.700,9.829
1788213923.399040,1788213923.402501,3.461,3.032
1788213923.399040,1788213923.410503,11.463,11.039
1788213923.414542,1788213923.418062,3.520,3.427
1788213923.414542,1788213923.426062,11.520,11.436
1788213923.429587,1788213923.434261,4.674,4.079
1788213923.429587,1788213923.442321,12.734,12.086
1788213923.446392,1788213923.449380,2.987,3.342
1788213923.446392,1788213923.458083,11.691,11.351
1788213923.460630,1788213923.466405,5.775,5.124
1788213923.460630,1788213923.474081,13.450,13.129
1788213923.477078,1788213923.482645,5.567,4.797
1788213923.477078,1788213923.490329,13.251,12.805
1788213923.493016,1788213923.498008,4.991,5.026
1788213923.493016,1788213923.506009,12.993,13.038
1788213923.509002,1788213923.514580,5.579,5.212
1788213923.509002,1788213923.522211,13.210,13.227
1788213923.524195,1788213923.530714,6.519,5.798
1788213923.524195,1788213923.538231,14.036,13.800
1788213923.539231,1788213923.546232,7.001,6.686
1788213923.539231,1788213923.554756,15.525,14.692
1788213923.556754,1788213923.562273,5.519,5.478
1788213923.556754,1788213923.570282,13.528,13.489
1788213923.570282,1788213923.578286,8.004,7.507
1788213923.585788,1788213923.586788,1.000,0.208
1788213923.585788,1788213923.594478,8.689,8.230
1788213923.601505,1788213923.602479,0.975,0.919
1788213923.601505,1788213923.610490,8.985,8.931
1788213923.617485,1788213923.618484,0.999,0.762
1788213923.617485,1788213923.626203,8.718,8.780
1788213923.633604,1788213923.634698,1.094,0.191
1788213923.634698,1788213923.642717,8.019,7.599
1788213923.648829,1788213923.650799,1.971,1.258
1788213923.648829,1788213923.658939,10.111,9.278
1788213923.663056,1788213923.666056,3.000,3.179
1788213923.663056,1788213923.674055,10.999,11.186
1788213923.679055,1788213923.682551,3.496,2.841
1788213923.679055,1788213923.690558,11.503,10.838
1788213923.694083,1788213923.698171,4.087,3.850
1788213923.694083,1788213923.706167,12.084,11.856
1788213923.709162,1788213923.714903,5.740,4.846
1788213923.709162,1788213923.722586,13.424,12.851
1788213923.725276,1788213923.730856,5.580,4.845
1788213923.725276,1788213923.738635,13.358,12.854
1788213923.740632,1788213923.746325,5.692,5.288
1788213923.740632,1788213923.755035,14.403,13.293
1788213923.756052,1788213923.761759,5.707,6.279
1788213923.756052,1788213923.770373,14.321,14.287
1788213923.771885,1788213923.778896,7.010,6.266
1788213923.771885,1788213923.786970,15.085,14.278
1788213923.786970,1788213923.793584,6.614,7.201
1788213923.802733,1788213923.802733,0.000,0.038
1788213923.802733,1788213923.811180,8.446,8.058
1788213923.818110,1788213923.819108,0.998,0.914
1788213923.818110,1788213923.827224,9.113,8.920
1788213923.833565,1788213923.834567,1.002,1.115
1788213923.833565,1788213923.843268,9.703,9.126
1788213923.848279,1788213923.850789,2.510,2.044
1788213923.848279,1788213923.858801,10.523,10.065
1788213923.863793,1788213923.866805,3.012,2.420
1788213923.863793,1788213923.875320,11.528,10.437
1788213923.879320,1788213923.882846,3.526,3.248
1788213923.879320,1788213923.891357,12.037,11.261
1788213923.895371,1788213923.899372,4.000,3.373
1788213923.895371,1788213923.907447,12.076,11.386
1788213923.910455,1788213923.914461,4.006,4.162
1788213923.910455,1788213923.923159,12.705,12.168
1788213923.926127,1788213923.930827,4.700,4.241
1788213923.926127,1788213923.938828,12.701,12.248
1788213923.942332,1788213923.947012,4.680,4.867
1788213923.942332,1788213923.954787,12.455,12.875
1788213923.957793,1788213923.962389,4.597,5.051
1788213923.957793,1788213923.970696,12.903,13.069
1788213923.973797,1788213923.979476,5.679,4.598
1788213923.973797,1788213923.987149,13.352,12.631
1788213923.989147,1788213923.994823,5.676,5.264
1788213923.989147,1788213924.002826,13.679,13.272
1788213924.005780,1788213924.011370,5.590,5.231
1788213924.005780,1788213924.018936,13.155,13.240
1788213924.019969,1788213924.026517,6.549,6.731
1788213924.019969,1788213924.035248,15.280,14.750
1788213924.035248,1788213924.043288,8.040,7.571
1788213924.035248,1788213924.050988,15.740,15.580
1788213924.051889,1788213924.058488,6.600,7.350
1788213924.066332,1788213924.067329,0.997,0.467
1788213924.066332,1788213924.074845,8.513,8.475
1788213924.083375,1788213924.083375,0.000,0.034
1788213924.083375,1788213924.090887,7.513,7.854
1788213924.097904,1788213924.098984,1.080,0.644
1788213924.097904,1788213924.107658,9.754,8.650
1788213924.113318,1788213924.114305,0.987,1.248
1788213924.113318,1788213924.123702,10.384,9.254
1788213924.129028,1788213924.131623,2.595,2.001
1788213924.129028,1788213924.139747,10.719,10.011
1788213924.143717,1788213924.147375,3.658,3.303
1788213924.143717,1788213924.155078,11.362,11.307
1788213924.159375,1788213924.162915,3.540,3.142
1788213924.159375,1788213924.170902,11.527,11.153
1788213924.175942,1788213924.179465,3.524,3.219
1788213924.175942,1788213924.186989,11.047,11.235
1788213924.191983,1788213924.195498,3.514,3.469
1788213924.191983,1788213924.203553,11.569,11.479
1788213924.207502,1788213924.210580,3.078,3.728
1788213924.207502,1788213924.219629,12.127,11.745
1788213924.222631,1788213924.227230,4.598,4.376
1788213924.222631,1788213924.234890,12.259,12.388
1788213924.237924,1788213924.243580,5.657,5.157
1788213924.237924,1788213924.250432,12.508,13.171
1788213924.253033,1788213924.259117,6.083,5.703
1788213924.253033,1788213924.267815,14.782,13.718
1788213924.267815,1788213924.275500,7.685,7.160
1788213924.267815,1788213924.284140,16.325,15.344
1788213924.283097,1788213924.292097,9.000,7.755
1788213924.297774,1788213924.299773,1.999,1.686
1788213924.297774,1788213924.307773,9.999,9.697
1788213924.313457,1788213924.315439,1.982,1.837
1788213924.313457,1788213924.323128,9.670,9.840
1788213924.329084,1788213924.331041,1.957,2.217
1788213924.329084,1788213924.340081,10.997,10.225
1788213924.345084,1788213924.347611,2.527,1.508
1788213924.345084,1788213924.356130,11.046,9.524
1788213924.361649,1788213924.363663,2.015,1.762
1788213924.361649,1788213924.372193,10.545,9.771
1788213924.377194,1788213924.379189,1.995,2.122
1788213924.377194,1788213924.387955,10.761,10.129
1788213924.393597,1788213924.395521,1.924,2.481
1788213924.393597,1788213924.403285,9.688,10.485
1788213924.407878,1788213924.411646,3.768,3.325
1788213924.407878,1788213924.419273,11.395,11.329
1788213924.423369,1788213924.427948,4.579,3.930
1788213924.423369,1788213924.435724,12.355,11.937
1788213924.439899,1788213924.443928,4.030,3.341
1788213924.439899,1788213924.451924,12.026,11.350
1788213924.455927,1788213924.460000,4.073,3.447
1788213924.455927,1788213924.467714,11.787,11.469
1788213924.471416,1788213924.475412,3.996,3.895
1788213924.471416,1788213924.483982,12.566,11.916
1788213924.486981,1788213924.491762,4.781,4.897
1788213924.486981,1788213924.499757,12.776,12.918
1788213924.500749,1788213924.508355,7.606,7.228
1788213924.500749,1788213924.515446,14.697,15.233
1788213924.517416,1788213924.523961,6.544,6.619
1788213924.531655,1788213924.531655,0.000,0.277
1788213924.531655,1788213924.540217,8.562,7.610
1788213924.547209,1788213924.548129,0.920,0.232
1788213924.547209,1788213924.556401,9.192,8.248
1788213924.563272,1788213924.564266,0.994,0.216
1788213924.563272,1788213924.571965,8.693,8.218
1788213924.579610,1788213924.580250,0.640,0.598
1788213924.579610,1788213924.588139,8.529,8.615
1788213924.595100,1788213924.595596,0.495,1.206
1788213924.595100,1788213924.603610,8.510,9.209
1788213924.609137,1788213924.612129,2.993,2.716
1788213924.609137,1788213924.620137,11.000,10.720
1788213924.626312,1788213924.627989,1.677,1.999
1788213924.626312,1788213924.636290,9.978,10.007
1788213924.642457,1788213924.644550,2.093,1.859
1788213924.642457,1788213924.652251,9.794,9.873
1788213924.656247,1788213924.659931,3.684,3.579
1788213924.656247,1788213924.668308,12.061,11.589
1788213924.671277,1788213924.676310,5.033,4.174
1788213924.671277,1788213924.684070,12.794,12.179
1788213924.687738,1788213924.691740,4.001,4.553
1788213924.687738,1788213924.700432,12.693,12.560
1788213924.703378,1788213924.707962,4.584,4.164
1788213924.703378,1788213924.715963,12.585,12.171
1788213924.717963,1788213924.724496,6.533,6.105
1788213924.717963,1788213924.732048,14.085,14.109
1788213924.735066,1788213924.740595,5.529,4.658
1788213924.735066,1788213924.748668,13.603,12.664
1788213924.749666,1788213924.756672,7.006,6.095
1788213924.749666,1788213924.764390,14.724,14.100
1788213924.766364,1788213924.772359,5.995,5.980
1788213924.766364,1788213924.780059,13.695,13.984
1788213924.781648,1788213924.788517,6.868,5.989
1788213924.781648,1788213924.796446,14.797,13.992
1788213924.797521,1788213924.804450,6.929,6.476
1788213924.797521,1788213924.812529,15.007,14.479
1788213924.813527,1788213924.819460,5.933,6.281
1788213924.813527,1788213924.827979,14.452,14.295
1788213924.828982,1788213924.836033,7.051,6.879
1788213924.828982,1788213924.844034,15.051,14.881
1788213924.845033,1788213924.852760,7.727,6.768
1788213924.845033,1788213924.860285,15.253,14.788
1788213924.860285,1788213924.868637,8.352,7.546
1788213924.860285,1788213924.876638,16.353,15.565
1788213924.876638,1788213924.884174,7.536,7.634
1788213924.891177,1788213924.892178,1.001,0.708
1788213924.891177,1788213924.900213,9.036,8.725
1788213924.906738,1788213924.908738,2.000,1.029
1788213924.906738,1788213924.916737,10.000,9.044
1788213924.922256,1788213924.924256,2.001,1.749
1788213924.922256,1788213924.932785,10.529,9.754
1788213924.937830,1788213924.940861,3.031,2.526
1788213924.937830,1788213924.948622,10.792,10.530
1788213924.952588,1788213924.956603,4.015,3.805
1788213924.952588,1788213924.964922,12.334,11.813
1788213924.968946,1788213924.971531,2.585,3.668
1788213924.968946,1788213924.980300,11.354,11.677
1788213924.983446,1788213924.988765,5.318,4.828
1788213924.983446,1788213924.996930,13.484,12.860
1788213924.999291,1788213925.004753,5.462,5.306
1788213924.999291,1788213925.012775,13.484,13.307
1788213925.015777,1788213925.020775,4.998,4.573
1788213925.015777,1788213925.028297,12.521,12.581
1788213925.030808,1788213925.036329,5.521,5.188
1788213925.030808,1788213925.044856,14.048,13.194
1788213925.045866,1788213925.053018,7.153,6.646
1788213925.045866,1788213925.060687,14.822,14.651
1788213925.062267,1788213925.068915,6.648,6.601
1788213925.062267,1788213925.076914,14.647,14.605
1788213925.076914,1788213925.085133,8.219,7.600
1788213925.093053,1788213925.093053,0.000,0.044
1788213925.093053,1788213925.100820,7.767,8.050
1788213925.107512,1788213925.108507,0.996,1.093
1788213925.107512,1788213925.116958,9.447,9.103
1788213925.124655,1788213925.124655,0.000,0.071
1788213925.124655,1788213925.133351,8.696,8.081
1788213925.139682,1788213925.140662,0.981,0.782
1788213925.139682,1788213925.149098,9.417,8.791
1788213925.155616,1788213925.156623,1.007,1.312
1788213925.155616,1788213925.164662,9.046,9.316
1788213925.170657,1788213925.172659,2.002,1.845
1788213925.170657,1788213925.181182,10.525,9.848
1788213925.187173,1788213925.189180,2.007,1.985
1788213925.187173,1788213925.196702,9.528,9.995
1788213925.201378,1788213925.205393,4.016,3.193
1788213925.201378,1788213925.213326,11.948,11.196
1788213925.217049,1788213925.221069,4.019,3.428
1788213925.217049,1788213925.228491,11.442,11.435
1788213925.233479,1788213925.237145,3.666,3.771
1788213925.233479,1788213925.244741,11.262,11.777
1788213925.247819,1788213925.253170,5.351,4.541
1788213925.247819,1788213925.260933,13.114,12.547
1788213925.264627,1788213925.268646,4.019,4.541
1788213925.264627,1788213925.276632,12.005,12.556
1788213925.280187,1788213925.285274,5.086,4.712
1788213925.280187,1788213925.292986,12.798,12.738
1788213925.294925,1788213925.300959,6.034,5.586
1788213925.294925,1788213925.308966,14.041,13.590
1788213925.309965,1788213925.316883,6.918,6.493
1788213925.309965,1788213925.324933,14.968,14.497
1788213925.326934,1788213925.332450,5.517,6.108
1788213925.326934,1788213925.340760,13.827,14.118
1788213925.342678,1788213925.348763,6.085,6.710
1788213925.342678,1788213925.357560,14.882,14.716
1788213925.358430,1788213925.364935,6.505,6.944
1788213925.358430,1788213925.372958,14.528,14.947
1788213925.372958,1788213925.380668,7.710,7.793
1788213925.388682,1788213925.388682,0.000,0.221
1788213925.388682,1788213925.397359,8.677,8.229
1788213925.404073,1788213925.405069,0.997,0.983
1788213925.404073,1788213925.413075,9.002,8.989
1788213925.419763,1788213925.421349,1.585,0.533
1788213925.419763,1788213925.429144,9.381,8.538
1788213925.434427,1788213925.436976,2.550,2.115
1788213925.434427,1788213925.444713,10.287,10.120
1788213925.451059,1788213925.453165,2.105,2.071
1788213925.451059,1788213925.460747,9.688,10.067
1788213925.466542,1788213925.469463,2.921,2.520
1788213925.466542,1788213925.476979,10.437,10.524
1788213925.480984,1788213925.484982,3.999,3.553
1788213925.480984,1788213925.493510,12.526,11.561
1788213925.497097,1788213925.501191,4.094,3.614
1788213925.497097,1788213925.509728,12.631,11.622
1788213925.512807,1788213925.517499,4.692,3.881
1788213925.512807,1788213925.524837,12.030,11.884
1788213925.528850,1788213925.533479,4.630,4.238
1788213925.528850,1788213925.541075,12.225,12.264
1788213925.545595,1788213925.549103,3.508,2.917
1788213925.545595,1788213925.557116,11.520,10.922
1788213925.560642,1788213925.565178,4.535,4.132
1788213925.560642,1788213925.573166,12.524,12.140
1788213925.576165,1788213925.581689,5.523,4.665
1788213925.576165,1788213925.589691,13.525,12.675
1788213925.592305,1788213925.597295,4.989,4.324
1788213925.592305,1788213925.605291,12.985,12.328
1788213925.608289,1788213925.613294,5.004,4.565
1788213925.608289,1788213925.620999,12.709,12.572
1788213925.624553,1788213925.629583,5.029,4.860
1788213925.624553,1788213925.637331,12.778,12.870
1788213925.640010,1788213925.645172,5.161,5.003
1788213925.640010,1788213925.653520,13.510,13.037
1788213925.656520,1788213925.661051,4.532,4.905
1788213925.656520,1788213925.669580,13.061,12.913
1788213925.672581,1788213925.677486,4.905,5.000
1788213925.672581,1788213925.685019,12.438,13.003
1788213925.687025,1788213925.693616,6.592,6.233
1788213925.687025,1788213925.701279,14.254,14.238
1788213925.702274,1788213925.709275,7.000,6.840
1788213925.702274,1788213925.717999,15.725,14.848
1788213925.717999,1788213925.725692,7.692,6.960
1788213925.717999,1788213925.733681,15.681,14.964
1788213925.733681,1788213925.741360,7.680,7.538
1788213925.733681,1788213925.749443,15.763,15.559
1788213925.750451,1788213925.757825,7.374,7.299
1788213925.750451,1788213925.765512,15.061,15.309
1788213925.765512,1788213925.773422,7.911,7.761
1788213925.765512,1788213925.781943,16.431,15.769
1788213925.782947,1788213925.789981,7.035,6.598
1788213925.797581,1788213925.797581,0.000,0.042
1788213925.797581,1788213925.805707,8.126,8.059
1788213925.812706,1788213925.813707,1.001,1.240
1788213925.812706,1788213925.821723,9.017,9.260
1788213925.827778,1788213925.829781,2.002,1.386
1788213925.827778,1788213925.837650,9.872,9.421
1788213925.844358,1788213925.846363,2.006,1.510
1788213925.844358,1788213925.854138,9.780,9.525
1788213925.859756,1788213925.861762,2.006,2.357
1788213925.859756,1788213925.869815,10.059,10.381
1788213925.874819,1788213925.878322,3.503,2.368
1788213925.874819,1788213925.886333,11.514,10.386
1788213925.890334,1788213925.893855,3.521,2.638
1788213925.890334,1788213925.902372,12.038,10.661
1788213925.906371,1788213925.910373,4.003,3.488
1788213925.906371,1788213925.918375,12.005,11.510
1788213925.920557,1788213925.926071,5.514,5.122
1788213925.920557,1788213925.933074,12.516,13.132
1788213925.936121,1788213925.941169,5.048,5.913
1788213925.936121,1788213925.949688,13.567,13.918
1788213925.951687,1788213925.958090,6.403,5.789
1788213925.951687,1788213925.966370,14.683,13.800
1788213925.967880,1788213925.974341,6.462,6.190
1788213925.967880,1788213925.982029,14.149,14.201
1788213925.983038,1788213925.990036,6.998,7.302
1788213925.997067,1788213925.998072,1.005,0.798
1788213925.997067,1788213926.006608,9.540,8.819
1788213926.012606,1788213926.013686,1.080,1.163
1788213926.012606,1788213926.022298,9.691,9.176
1788213926.028338,1788213926.030338,2.000,1.601
1788213926.028338,1788213926.037381,9.043,9.622
1788213926.043906,1788213926.045898,1.992,2.109
1788213926.043906,1788213926.054002,10.095,10.112
1788213926.059614,1788213926.062698,3.083,2.365
1788213926.059614,1788213926.070652,11.038,10.379
1788213926.074667,1788213926.077662,2.995,3.025
1788213926.074667,1788213926.086179,11.513,11.039
1788213926.090718,1788213926.094390,3.673,2.957
1788213926.090718,1788213926.102365,11.647,10.977
1788213926.106450,1788213926.110463,4.012,3.312
1788213926.106450,1788213926.118140,11.690,11.320
1788213926.122061,1788213926.126065,4.004,3.643
1788213926.122061,1788213926.134066,12.005,11.645
1788213926.137592,1788213926.142594,5.002,4.525
1788213926.137592,1788213926.150607,13.015,12.530
1788213926.154609,1788213926.158074,3.465,3.816
1788213926.154609,1788213926.166788,12.179,11.825
1788213926.168796,1788213926.174793,5.996,5.191
1788213926.168796,1788213926.182466,13.669,13.195
1788213926.185483,1788213926.190066,4.583,4.536
1788213926.185483,1788213926.198371,12.888,12.543
1788213926.200383,1788213926.205995,5.612,5.788
1788213926.200383,1788213926.214624,14.241,13.794
1788213926.214624,1788213926.221383,6.759,7.373
1788213926.229783,1788213926.230751,0.968,0.089
1788213926.230751,1788213926.238727,7.976,7.526
1788213926.245670,1788213926.246724,1.054,0.078
1788213926.246724,1788213926.254099,7.375,7.497
1788213926.262097,1788213926.262097,0.000,0.344
1788213926.262097,1788213926.270752,8.655,8.366
1788213926.277451,1788213926.278450,0.999,1.231
1788213926.277451,1788213926.286364,8.913,9.250
1788213926.292965,1788213926.294579,1.614,1.181
1788213926.292965,1788213926.302594,9.629,9.200
1788213926.307593,1788213926.310593,3.000,2.591
1788213926.307593,1788213926.318264,10.670,10.597
1788213926.324201,1788213926.326800,2.599,2.639
1788213926.324201,1788213926.334482,10.281,10.644
1788213926.340286,1788213926.342293,2.007,2.501
1788213926.340286,1788213926.350296,10.010,10.510
1788213926.354897,1788213926.357995,3.098,3.457
1788213926.354897,1788213926.366313,11.416,11.467
1788213926.370323,1788213926.374945,4.622,3.792
1788213926.370323,1788213926.383035,12.711,11.801
1788213926.386032,1788213926.391045,5.013,4.282
1788213926.386032,1788213926.399103,13.071,12.305
1788213926.401028,1788213926.406631,5.603,4.482
1788213926.401028,1788213926.414629,13.601,12.489
1788213926.417221,1788213926.422299,5.078,5.611
1788213926.417221,1788213926.430997,13.776,13.616
1788213926.430997,1788213926.438229,7.232,7.196
1788213926.446229,1788213926.447238,1.008,0.114
1788213926.446229,1788213926.454942,8.712,8.118
1788213926.461632,1788213926.462617,0.986,0.788
1788213926.461632,1788213926.471347,9.716,8.794
1788213926.476914,1788213926.479000,2.085,1.757
1788213926.476914,1788213926.486660,9.746,9.775
1788213926.492267,1788213926.495352,3.085,2.093
1788213926.492267,1788213926.503355,11.088,10.105
1788213926.509337,1788213926.511288,1.951,1.726
1788213926.509337,1788213926.518722,9.385,9.731
1788213926.523680,1788213926.526721,3.041,2.780
1788213926.523680,1788213926.535033,11.353,10.784
1788213926.539199,1788213926.543293,4.094,3.416
1788213926.539199,1788213926.550978,11.780,11.419
1788213926.554996,1788213926.558534,3.539,3.951
1788213926.554996,1788213926.567058,12.062,11.955
1788213926.570059,1788213926.575058,4.999,5.071
1788213926.570059,1788213926.582586,12.527,13.074
1788213926.585585,1788213926.590689,5.104,5.174
1788213926.585585,1788213926.599380,13.795,13.188
1788213926.601371,1788213926.607382,6.011,5.603
1788213926.601371,1788213926.614955,13.584,13.627
1788213926.616972,1788213926.622972,6.000,6.220
1788213926.616972,1788213926.631013,14.041,14.226
1788213926.632941,1788213926.638923,5.982,5.566
1788213926.632941,1788213926.646993,14.052,13.568
1788213926.648609,1788213926.655528,6.919,6.717
1788213926.648609,1788213926.663123,14.515,14.723
1788213926.663123,1788213926.670817,7.694,7.182
1788213926.678493,1788213926.679515,1.022,0.309
1788213926.678493,1788213926.687201,8.708,8.318
1788213926.693902,1788213926.694910,1.009,0.988
1788213926.693902,1788213926.702579,8.678,8.988
1788213926.708577,1788213926.711571,2.994,2.051
1788213926.708577,1788213926.719235,10.658,10.058
1788213926.723285,1788213926.726796,3.511,3.467
1788213926.723285,1788213926.734487,11.202,11.473
1788213926.740166,1788213926.743164,2.998,3.312
1788213926.740166,1788213926.751183,11.017,11.320
1788213926.755805,1788213926.758839,3.035,3.092
1788213926.755805,1788213926.767543,11.738,11.098
1788213926.771556,1788213926.774997,3.441,3.436
1788213926.771556,1788213926.783526,11.970,11.443
1788213926.786520,1788213926.791048,4.528,4.361
1788213926.786520,1788213926.799397,12.878,12.372
1788213926.801922,1788213926.806936,5.013,4.858
1788213926.801922,1788213926.815601,13.679,12.865
1788213926.817699,1788213926.823247,5.548,5.088
1788213926.817699,1788213926.831552,13.853,13.105
1788213926.832659,1788213926.838919,6.260,6.035
1788213926.832659,1788213926.846915,14.255,14.041
1788213926.850833,1788213926.855444,4.611,4.490
1788213926.850833,1788213926.863043,12.209,12.498
1788213926.864024,1788213926.871220,7.196,7.427
1788213926.864024,1788213926.879735,15.711,15.439
1788213926.879735,1788213926.887736,8.000,7.081
1788213926.894739,1788213926.895737,0.998,0.040
1788213926.895737,1788213926.903250,7.513,7.596
1788213926.910250,1788213926.911252,1.003,0.776
1788213926.910250,1788213926.919770,9.520,8.800
1788213926.925769,1788213926.927772,2.002,1.135
1788213926.925769,1788213926.935799,10.030,9.151
1788213926.942356,1788213926.943877,1.521,1.061
1788213926.942356,1788213926.951875,9.519,9.068
1788213926.957391,1788213926.959390,1.999,1.827
1788213926.957391,1788213926.967914,10.523,9.829
1788213926.973457,1788213926.975974,2.517,1.697
1788213926.973457,1788213926.983989,10.531,9.705
1788213926.989996,1788213926.991989,1.992,1.764
1788213926.989996,1788213926.999897,9.901,9.779
1788213927.005218,1788213927.007309,2.091,2.499
1788213927.005218,1788213927.015305,10.087,10.509
1788213927.020951,1788213927.023580,2.629,2.416
1788213927.020951,1788213927.031288,10.337,10.422
1788213927.037616,1788213927.039580,1.964,2.237
1788213927.037616,1788213927.047640,10.025,10.252
1788213927.051654,1788213927.056081,4.427,3.829
1788213927.051654,1788213927.063604,11.950,11.839
1788213927.068119,1788213927.072119,3.999,3.470
1788213927.068119,1788213927.079651,11.531,11.474
1788213927.082651,1788213927.087651,5.000,4.631
1788213927.082651,1788213927.096157,13.506,12.643
1788213927.098708,1788213927.103701,4.992,4.869
1788213927.098708,1788213927.111708,13.000,12.875
1788213927.114707,1788213927.120237,5.530,4.603
1788213927.114707,1788213927.127321,12.614,12.606
1788213927.129956,1788213927.135725,5.769,5.672
1788213927.129956,1788213927.143915,13.959,13.684
1788213927.145916,1788213927.151931,6.015,5.723
1788213927.145916,1788213927.160048,14.132,13.733
1788213927.161176,1788213927.167717,6.541,6.284
1788213927.161176,1788213927.175948,14.772,14.295
1788213927.177061,1788213927.183412,6.351,6.624
1788213927.177061,1788213927.191954,14.893,14.629
1788213927.191954,1788213927.198953,6.999,7.316
1788213927.191954,1788213927.208507,16.553,15.329
1788213927.207553,1788213927.216002,8.449,7.711
1788213927.223009,1788213927.224084,1.075,0.718
1788213927.223009,1788213927.231918,8.908,8.729
1788213927.238736,1788213927.239445,0.709,0.950
1788213927.238736,1788213927.247935,9.199,8.961
1788213927.253927,1788213927.256198,2.271,1.801
1788213927.253927,1788213927.264223,10.296,9.811
1788213927.269003,1788213927.271940,2.936,2.306
1788213927.269003,1788213927.279477,10.473,10.313
1788213927.284991,1788213927.287992,3.001,2.354
1788213927.284991,1788213927.296015,11.024,10.360
1788213927.299015,1788213927.304014,5.000,4.547
1788213927.299015,1788213927.311540,12.525,12.554
1788213927.315053,1788213927.320162,5.109,4.128
1788213927.315053,1788213927.327797,12.744,12.137
1788213927.330860,1788213927.336052,5.192,4.885
1788213927.330860,1788213927.343124,12.264,12.890
1788213927.346333,1788213927.351509,5.176,5.243
1788213927.346333,1788213927.359542,13.208,13.248
1788213927.361478,1788213927.368212,6.734,5.964
1788213927.361478,1788213927.375894,14.416,13.974
1788213927.376888,1788213927.383804,6.916,6.656
1788213927.376888,1788213927.391804,14.917,14.657
1788213927.392802,1788213927.399843,7.041,6.860
1788213927.392802,1788213927.407877,15.075,14.871
1788213927.408891,1788213927.416421,7.530,6.690
1788213927.408891,1788213927.424421,15.530,14.682
1788213927.425420,1788213927.431924,6.504,6.072
1788213927.425420,1788213927.440429,15.009,14.075
1788213927.441427,1788213927.447345,5.919,6.671
1788213927.441427,1788213927.455677,14.251,14.691
1788213927.455677,1788213927.464061,8.384,7.320
1788213927.471772,1788213927.471772,0.000,0.205
1788213927.471772,1788213927.480416,8.644,8.211
1788213927.471772,1788213927.488422,16.650,16.218
1788213927.488422,1788213927.495160,6.738,7.763
1788213927.503853,1788213927.503853,0.000,0.435
1788213927.503853,1788213927.512457,8.604,8.450
1788213927.518143,1788213927.520139,1.996,1.780
1788213927.518143,1788213927.527875,9.732,9.790
1788213927.533521,1788213927.536145,2.624,2.584
1788213927.533521,1788213927.544170,10.649,10.599
1788213927.549685,1788213927.552204,2.519,2.527
1788213927.549685,1788213927.560207,10.522,10.550
1788213927.564207,1788213927.568733,4.527,3.527
1788213927.564207,1788213927.576261,12.054,11.543
1788213927.579273,1788213927.584337,5.064,4.710
1788213927.579273,1788213927.592341,13.067,12.724
1788213927.595020,1788213927.600023,5.004,4.849
1788213927.595020,1788213927.608017,12.997,12.855
1788213927.612024,1788213927.615930,3.906,4.065
1788213927.612024,1788213927.623941,11.917,12.120
1788213927.628308,1788213927.632082,3.774,4.114
1788213927.628308,1788213927.640844,12.536,12.148
1788213927.641855,1788213927.648848,6.993,6.271
1788213927.641855,1788213927.656472,14.617,14.301
1788213927.658681,1788213927.664860,6.179,6.003
1788213927.658681,1788213927.671931,13.250,14.011
1788213927.673445,1788213927.680217,6.773,6.555
1788213927.673445,1788213927.688829,15.384,14.560
1788213927.689827,1788213927.696260,6.433,6.806
1788213927.703957,1788213927.704946,0.989,0.325
1788213927.703957,1788213927.712939,8.981,8.333
1788213927.719173,1788213927.720259,1.087,1.012
1788213927.719173,1788213927.728939,9.766,9.021
1788213927.735141,1788213927.736239,1.099,1.396
1788213927.735141,1788213927.744747,9.607,9.422
1788213927.750793,1788213927.752878,2.085,1.710
1788213927.750793,1788213927.761168,10.375,9.733
1788213927.767337,1788213927.768358,1.022,1.330
1788213927.767337,1788213927.776742,9.405,9.349
1788213927.781736,1788213927.784737,3.001,2.911
1788213927.781736,1788213927.792736,11.000,10.917
1788213927.796431,1788213927.800155,3.724,3.741
1788213927.796431,1788213927.809056,12.625,11.751
1788213927.813038,1788213927.816736,3.698,3.634
1788213927.813038,1788213927.825103,12.065,11.656
1788213927.827110,1788213927.832536,5.426,5.222
1788213927.827110,1788213927.841068,13.958,13.221
1788213927.843071,1788213927.849071,6.000,5.184
1788213927.843071,1788213927.857121,14.050,13.187
1788213927.860112,1788213927.864674,4.563,4.298
1788213927.860112,1788213927.873204,13.093,12.306
1788213927.875211,1788213927.880737,5.526,5.239
1788213927.875211,1788213927.888737,13.526,13.250
1788213927.890736,1788213927.896989,6.252,5.642
1788213927.890736,1788213927.905065,14.329,13.645
1788213927.906702,1788213927.913350,6.649,6.182
1788213927.906702,1788213927.920785,14.084,14.190
1788213927.921787,1788213927.928809,7.022,6.731
1788213927.936842,1788213927.936842,0.000,0.041
1788213927.936842,1788213927.945368,8.525,7.893
1788213927.952371,1788213927.953371,0.999,0.021
1788213927.952371,1788213927.960889,8.518,7.825
1788213927.967913,1788213927.968924,1.011,0.508
1788213927.967913,1788213927.976962,9.049,8.527
1788213927.984963,1788213927.984963,0.000,0.031
1788213927.984963,1788213927.992964,8.001,7.821
1788213927.999476,1788213928.001477,2.000,0.997
1788213927.999476,1788213928.009482,10.005,9.009
1788213928.015992,1788213928.017001,1.009,0.463
1788213928.015992,1788213928.024646,8.654,8.482
1788213928.031651,1788213928.033165,1.514,0.617
1788213928.031651,1788213928.041228,9.577,8.624
1788213928.047229,1788213928.048231,1.002,1.527
1788213928.047229,1788213928.056788,9.560,9.536
1788213928.062624,1788213928.065265,2.641,2.053
1788213928.062624,1788213928.073517,10.893,10.058
1788213928.079043,1788213928.081043,2.000,1.958
1788213928.079043,1788213928.089043,10.000,9.975
1788213928.093605,1788213928.097533,3.927,3.360
1788213928.093605,1788213928.105326,11.721,11.366
1788213928.110335,1788213928.113340,3.005,2.770
1788213928.110335,1788213928.121387,11.053,10.773
1788213928.124897,1788213928.129540,4.643,4.131
1788213928.124897,1788213928.137324,12.427,12.154
1788213928.140328,1788213928.145346,5.018,4.737
1788213928.140328,1788213928.153592,13.264,12.745
1788213928.155198,1788213928.161736,6.537,5.524
1788213928.155198,1788213928.169775,14.576,13.543
1788213928.170767,1788213928.177294,6.528,6.306
1788213928.170767,1788213928.184815,14.048,14.313
1788213928.186818,1788213928.192895,6.078,6.084
1788213928.186818,1788213928.201502,14.685,14.095
1788213928.201502,1788213928.209584,8.081,7.396
1788213928.201502,1788213928.217268,15.766,15.467
1788213928.217268,1788213928.224972,7.704,7.747
1788213928.217268,1788213928.233582,16.314,15.755
1788213928.233582,1788213928.241454,7.872,7.626
1788213928.249005,1788213928.249005,0.000,0.209
1788213928.249005,1788213928.257627,8.621,8.259
1788213928.264830,1788213928.265940,1.110,0.309
1788213928.264830,1788213928.273221,8.391,8.318
1788213928.280232,1788213928.281319,1.086,0.717
1788213928.280232,1788213928.289331,9.099,8.725
1788213928.296739,1788213928.297668,0.928,0.941
1788213928.296739,1788213928.305652,8.913,8.950
1788213928.310652,1788213928.312645,1.993,2.411
1788213928.310652,1788213928.321696,11.044,10.420
1788213928.326766,1788213928.329489,2.724,2.564
1788213928.326766,1788213928.337753,10.987,10.571
1788213928.340852,1788213928.345839,4.987,4.570
1788213928.340852,1788213928.353491,12.639,12.577
1788213928.358146,1788213928.361167,3.021,3.714
1788213928.358146,1788213928.369855,11.709,11.723
1788213928.373351,1788213928.377444,4.093,4.511
1788213928.373351,1788213928.385441,12.090,12.515
1788213928.389433,1788213928.394069,4.637,4.514
1788213928.389433,1788213928.401143,11.710,12.521
1788213928.404389,1788213928.409395,5.005,5.428
1788213928.404389,1788213928.418045,13.656,13.433
1788213928.418045,1788213928.425313,7.268,7.477
1788213928.418045,1788213928.433920,15.874,15.482
1788213928.433920,1788213928.441753,7.833,7.565
1788213928.449744,1788213928.449744,0.000,0.028
1788213928.449744,1788213928.457698,7.954,7.761
1788213928.465288,1788213928.466380,1.091,0.030
1788213928.465288,1788213928.473102,7.813,7.825
1788213928.465288,1788213928.482143,16.854,15.832
1788213928.482143,1788213928.490152,8.009,6.816
1788213928.496661,1788213928.497760,1.099,0.950
1788213928.496661,1788213928.505739,9.078,8.955
1788213928.511747,1788213928.513741,1.994,1.676
1788213928.511747,1788213928.521431,9.684,9.687
1788213928.527130,1788213928.530118,2.988,2.500
1788213928.527130,1788213928.537771,10.641,10.516
1788213928.542529,1788213928.546450,3.921,2.752
1788213928.542529,1788213928.554360,11.831,10.761
1788213928.558055,1788213928.562055,3.999,3.535
1788213928.558055,1788213928.570382,12.326,11.540
1788213928.573065,1788213928.577596,4.531,4.682
1788213928.573065,1788213928.585589,12.524,12.688
1788213928.588591,1788213928.594122,5.531,5.179
1788213928.588591,1788213928.602121,13.530,13.186
1788213928.603627,1788213928.609638,6.011,6.124
1788213928.603627,1788213928.617641,14.014,14.132
1788213928.618641,1788213928.626314,7.674,7.331
1788213928.618641,1788213928.633631,14.990,15.344
1788213928.636013,1788213928.642450,6.437,6.210
1788213928.636013,1788213928.650454,14.441,14.220
1788213928.650454,1788213928.657756,7.302,6.976
1788213928.665789,1788213928.666499,0.710,0.239
1788213928.665789,1788213928.673887,8.098,8.245
1788213928.681504,1788213928.682581,1.077,0.628
1788213928.681504,1788213928.690498,8.994,8.645
1788213928.696027,1788213928.698022,1.995,1.712
1788213928.696027,1788213928.706028,10.001,9.738
1788213928.711557,1788213928.714296,2.739,2.450
1788213928.711557,1788213928.721953,10.396,10.456
1788213928.728609,1788213928.730646,2.036,1.644
1788213928.728609,1788213928.737987,9.378,9.647
1788213928.742993,1788213928.746519,3.526,3.052
1788213928.742993,1788213928.753603,10.610,11.055
1788213928.759887,1788213928.761856,1.970,2.617
1788213928.759887,1788213928.770483,10.596,10.622
1788213928.775337,1788213928.778341,3.005,2.691
1788213928.775337,1788213928.785971,10.634,10.694
1788213928.790042,1788213928.794636,4.594,3.580
1788213928.790042,1788213928.801415,11.373,11.611
1788213928.806252,1788213928.809966,3.714,4.208
1788213928.806252,1788213928.818601,12.349,12.215
1788213928.821607,1788213928.826288,4.681,4.528
1788213928.821607,1788213928.834382,12.775,12.540
1788213928.835371,1788213928.841869,6.497,6.323
1788213928.835371,1788213928.849870,14.499,14.327
1788213928.851870,1788213928.857910,6.040,6.499
1788213928.851870,1788213928.865905,14.035,14.512
1788213928.868424,1788213928.874641,6.217,6.099
1788213928.868424,1788213928.882639,14.215,14.101
1788213928.883643,1788213928.890637,6.993,6.610
1788213928.883643,1788213928.898153,14.510,14.619
1788213928.898153,1788213928.906153,8.000,7.701
1788213928.914154,1788213928.915156,1.002,0.034
1788213928.914154,1788213928.922675,8.521,7.893
1788213928.930195,1788213928.930195,0.000,0.196
1788213928.930195,1788213928.938227,8.032,8.209
1788213928.945747,1788213928.946749,1.002,0.111
1788213928.945747,1788213928.954261,8.514,8.128
1788213928.961294,1788213928.962299,1.004,0.811
1788213928.961294,1788213928.970328,9.034,8.825
1788213928.976834,1788213928.978831,1.997,1.648
1788213928.976834,1788213928.986830,9.996,9.653
1788213928.993825,1788213928.994824,0.999,0.929
1788213928.993825,1788213929.002826,9.001,8.945
1788213929.009832,1788213929.010835,1.003,0.534
1788213929.009832,1788213929.018381,8.549,8.539
1788213929.025525,1788213929.027097,1.571,1.252
1788213929.025525,1788213929.035132,9.607,9.270
1788213929.040675,1788213929.042239,1.564,2.231
1788213929.040675,1788213929.050238,9.563,10.239
1788213929.057755,1788213929.058751,0.996,0.849
1788213929.057755,1788213929.066952,9.198,8.864
1788213929.070990,1788213929.074997,4.007,3.359
1788213929.070990,1788213929.082779,11.789,11.372
1788213929.086779,1788213929.090779,4.000,3.623
1788213929.086779,1788213929.098314,11.535,11.640
1788213929.102380,1788213929.106386,4.006,4.231
1788213929.102380,1788213929.114381,12.001,12.237
1788213929.118097,1788213929.123099,5.002,4.966
1788213929.118097,1788213929.130837,12.740,12.973
1788213929.133824,1788213929.138774,4.950,5.172
1788213929.133824,1788213929.146501,12.677,13.182
1788213929.147497,1788213929.155267,7.770,6.887
1788213929.147497,1788213929.162914,15.417,14.892
1788213929.163936,1788213929.171345,7.410,6.550
1788213929.178862,1788213929.178862,0.000,0.021
1788213929.178862,1788213929.186901,8.039,7.732
1788213929.178862,1788213929.194897,16.036,15.749
1788213929.195897,1788213929.202904,7.007,7.211
1788213929.209904,1788213929.210905,1.000,0.878
1788213929.209904,1788213929.218577,8.672,8.883
1788213929.226660,1788213929.226660,0.000,0.392
1788213929.226660,1788213929.235313,8.653,8.403
1788213929.242115,1788213929.243109,0.993,1.138
1788213929.242115,1788213929.250756,8.641,9.145
1788213929.256386,1788213929.259367,2.981,2.055
1788213929.256386,1788213929.267054,10.668,10.059
1788213929.271726,1788213929.275312,3.586,2.465
1788213929.271726,1788213929.282827,11.101,10.489
1788213929.286823,1788213929.290823,4.001,3.929
1788213929.286823,1788213929.299442,12.619,11.943
1788213929.303360,1788213929.307429,4.069,3.848
1788213929.303360,1788213929.315112,11.752,11.854
1788213929.318119,1788213929.323119,5.001,4.477
1788213929.318119,1788213929.331088,12.969,12.481
1788213929.334577,1788213929.338655,4.077,4.230
1788213929.334577,1788213929.347454,12.877,12.243
1788213929.350170,1788213929.355017,4.848,5.232
1788213929.350170,1788213929.363417,13.248,13.248
1788213929.364622,1788213929.371566,6.944,6.276
1788213929.364622,1788213929.379107,14.485,14.278
1788213929.381104,1788213929.387614,6.510,6.048
1788213929.381104,1788213929.395645,14.540,14.048
1788213929.395645,1788213929.403682,8.037,7.218
1788213929.395645,1788213929.410693,15.048,15.223
1788213929.413204,1788213929.419221,6.017,6.303
1788213929.426747,1788213929.427496,0.749,0.435
1788213929.426747,1788213929.434946,8.198,8.450
1788213929.426747,1788213929.443264,16.516,16.461
1788213929.443264,1788213929.451311,8.048,7.582
1788213929.458737,1788213929.458737,0.000,0.318
1788213929.458737,1788213929.467479,8.742,8.333
1788213929.472731,1788213929.475410,2.679,2.114
1788213929.472731,1788213929.483804,11.073,10.121
1788213929.488715,1788213929.491706,2.991,1.960
1788213929.488715,1788213929.499225,10.510,9.984
1788213929.504226,1788213929.507226,2.999,3.019
1788213929.504226,1788213929.515227,11.001,11.021
1788213929.521220,1788213929.523227,2.007,2.322
1788213929.521220,1788213929.531749,10.530,10.338
1788213929.537270,1788213929.539794,2.524,1.981
1788213929.537270,1788213929.547464,10.194,9.993
1788213929.550544,1788213929.555067,4.523,4.671
1788213929.550544,1788213929.563065,12.522,12.671
1788213929.566584,1788213929.571092,4.508,4.276
1788213929.566584,1788213929.578622,12.038,12.287
1788213929.583147,1788213929.587147,4.000,4.180
1788213929.583147,1788213929.595673,12.526,12.185
1788213929.597672,1788213929.603668,5.996,5.224
1788213929.597672,1788213929.611279,13.607,13.243
1788213929.613295,1788213929.619274,5.979,5.660
1788213929.613295,1788213929.627608,14.313,13.667
1788213929.628682,1788213929.635139,6.457,6.286
1788213929.628682,1788213929.643292,14.610,14.300
1788213929.644211,1788213929.651270,7.059,7.021
1788213929.659469,1788213929.659469,0.000,0.071
1788213929.659469,1788213929.667748,8.279,8.080
1788213929.674888,1788213929.675889,1.001,0.081
1788213929.674888,1788213929.682888,8.000,8.086
1788213929.690417,1788213929.692024,1.608,0.917
1788213929.690417,1788213929.699118,8.701,8.933
1788213929.706720,1788213929.707828,1.108,0.310
1788213929.706720,1788213929.715498,8.778,8.320
1788213929.723122,1788213929.723122,0.000,0.665
1788213929.723122,1788213929.732013,8.891,8.677
1788213929.737710,1788213929.738662,0.953,1.664
1788213929.737710,1788213929.747184,9.475,9.674
1788213929.753755,1788213929.755760,2.006,1.728
1788213929.753755,1788213929.763844,10.090,9.744
1788213929.768847,1788213929.771363,2.516,2.404
1788213929.768847,1788213929.780132,11.284,10.409
1788213929.785436,1788213929.787490,2.054,1.911
1788213929.785436,1788213929.796113,10.677,9.928
1788213929.800104,1788213929.803621,3.517,3.910
1788213929.800104,1788213929.811748,11.644,11.914
1788213929.814747,1788213929.819743,4.996,4.461
1788213929.814747,1788213929.827744,12.997,12.466
1788213929.831823,1788213929.836141,4.318,4.191
1788213929.831823,1788213929.843896,12.073,12.194
1788213929.847902,1788213929.850900,2.998,3.701
1788213929.847902,1788213929.859592,11.690,11.724
1788213929.861595,1788213929.868247,6.652,5.792
1788213929.861595,1788213929.876258,14.663,13.807
1788213929.878167,1788213929.883392,5.225,5.299
1788213929.878167,1788213929.890947,12.779,13.305
1788213929.893115,1788213929.899735,6.620,6.514
1788213929.893115,1788213929.907732,14.616,14.528
1788213929.908739,1788213929.916254,7.515,7.447
1788213929.924254,1788213929.924254,0.000,0.070
1788213929.924254,1788213929.931253,6.999,7.805
1788213929.938839,1788213929.939852,1.012,0.879
1788213929.938839,1788213929.948432,9.593,8.887
1788213929.954949,1788213929.955945,0.996,1.190
1788213929.954949,1788213929.964471,9.521,9.197
1788213929.969470,1788213929.971984,2.515,2.418
1788213929.969470,1788213929.979942,10.472,10.422
1788213929.984460,1788213929.988460,3.999,3.194
1788213929.984460,1788213929.996459,11.999,11.380
1788213929.999461,1788213930.004459,4.998,4.301
1788213929.999461,1788213930.012460,12.999,12.306
1788213930.015460,1788213930.020458,4.999,4.724
1788213930.015460,1788213930.028454,12.995,12.737
1788213930.030461,1788213930.036500,6.038,5.274
1788213930.030461,1788213930.044093,13.632,13.285
1788213930.046086,1788213930.052120,6.034,5.503
1788213930.046086,1788213930.059949,13.863,13.511
1788213930.061957,1788213930.068385,6.428,6.171
1788213930.061957,1788213930.076938,14.982,14.177
1788213930.077952,1788213930.084470,6.518,6.110
1788213930.077952,1788213930.093005,15.053,14.137
1788213930.093005,1788213930.100085,7.080,7.009
1788213930.093005,1788213930.108083,15.078,15.017
1788213930.109079,1788213930.116774,7.695,6.693
1788213930.109079,1788213930.124457,15.378,14.703
1788213930.124457,1788213930.132456,7.998,7.448
1788213930.140165,1788213930.140165,0.000,0.220
1788213930.140165,1788213930.148156,7.992,8.230
1788213930.154676,1788213930.156680,2.004,1.219
1788213930.154676,1788213930.164678,10.002,9.224
1788213930.169724,1788213930.172769,3.045,2.083
1788213930.169724,1788213930.180772,11.048,10.090
1788213930.184432,1788213930.188421,3.988,3.828
1788213930.184432,1788213930.197028,12.596,11.830
1788213930.201107,1788213930.204024,2.917,3.444
1788213930.201107,1788213930.212794,11.686,11.461
1788213930.215443,1788213930.220453,5.010,4.476
1788213930.215443,1788213930.228362,12.919,12.480
1788213930.232045,1788213930.236445,4.399,3.851
1788213930.232045,1788213930.244148,12.103,11.861
1788213930.248662,1788213930.252346,3.684,4.243
1788213930.248662,1788213930.260459,11.797,12.251
1788213930.263438,1788213930.268434,4.996,4.766
1788213930.263438,1788213930.276851,13.413,12.782
1788213930.278846,1788213930.284542,5.697,5.180
1788213930.278846,1788213930.293209,14.363,13.204
1788213930.298233,1788213930.301208,2.975,2.008
1788213930.298233,1788213930.308916,10.683,10.024
1788213930.309945,1788213930.316473,6.528,6.590
1788213930.309945,1788213930.324473,14.528,14.607
1788213930.325986,1788213930.332518,6.532,6.390
1788213930.325986,1788213930.340577,14.591,14.403
1788213930.341576,1788213930.349151,7.576,6.685
1788213930.341576,1788213930.356494,14.919,14.702
1788213930.358510,1788213930.364594,6.085,6.017
1788213930.358510,1788213930.372906,14.396,14.026
1788213930.372906,1788213930.380699,7.793,7.610
1788213930.388131,1788213930.389243,1.112,0.234
1788213930.388131,1788213930.396913,8.782,8.241
1788213930.404118,1788213930.405218,1.100,0.676
1788213930.404118,1788213930.412916,8.799,8.676
1788213930.418926,1788213930.420818,1.892,1.531
1788213930.418926,1788213930.428990,10.064,9.539
1788213930.435679,1788213930.437002,1.324,0.899
1788213930.435679,1788213930.445059,9.380,8.917
1788213930.451096,1788213930.452609,1.513,1.609
1788213930.451096,1788213930.460612,9.516,9.620
1788213930.466611,1788213930.469130,2.519,1.903
1788213930.466611,1788213930.476629,10.018,9.913
1788213930.481641,1788213930.485149,3.508,2.939
1788213930.481641,1788213930.492676,11.036,10.949
1788213930.497678,1788213930.500677,2.999,2.888
1788213930.497678,1788213930.508680,11.002,10.896
1788213930.513200,1788213930.517201,4.001,3.578
1788213930.513200,1788213930.524724,11.524,11.582
1788213930.528718,1788213930.533245,4.527,3.910
1788213930.528718,1788213930.541277,12.559,11.920
1788213930.543950,1788213930.549356,5.405,4.770
1788213930.543950,1788213930.557068,13.118,12.777
1788213930.560036,1788213930.565042,5.006,4.628
1788213930.560036,1788213930.573407,13.371,12.633
1788213930.576075,1788213930.580771,4.697,3.999
1788213930.576075,1788213930.589289,13.215,12.012
1788213930.591803,1788213930.596817,5.014,4.799
1788213930.591803,1788213930.604818,13.016,12.809
1788213930.607821,1788213930.612810,4.990,5.331
1788213930.607821,1788213930.620845,13.025,13.339
1788213930.623893,1788213930.628837,4.944,5.546
1788213930.623893,1788213930.637508,13.615,13.553
1788213930.638429,1788213930.645208,6.780,6.354
1788213930.638429,1788213930.652760,14.332,14.367
1788213930.653762,1788213930.660959,7.197,6.969
1788213930.668808,1788213930.669409,0.601,0.112
1788213930.668808,1788213930.677459,8.652,8.120
1788213930.684517,1788213930.684517,0.000,0.821
1788213930.684517,1788213930.692750,8.233,8.834
1788213930.698750,1788213930.701692,2.943,2.341
1788213930.698750,1788213930.709452,10.703,10.348
1788213930.714449,1788213930.717454,3.006,2.380
1788213930.714449,1788213930.725471,11.022,10.387
1788213930.730022,1788213930.732712,2.690,2.241
1788213930.730022,1788213930.740343,10.321,10.251
1788213930.745797,1788213930.749428,3.631,2.997
1788213930.745797,1788213930.757424,11.627,11.004
1788213930.762514,1788213930.765508,2.994,2.960
1788213930.762514,1788213930.772195,9.681,10.970
1788213930.778883,1788213930.780887,2.005,2.354
1788213930.778883,1788213930.789561,10.678,10.363
1788213930.792243,1788213930.797158,4.915,4.862
1788213930.792243,1788213930.805683,13.440,12.869
1788213930.808677,1788213930.813198,4.521,4.780
1788213930.808677,1788213930.821725,13.048,12.785
1788213930.824810,1788213930.829496,4.687,4.308
1788213930.824810,1788213930.837038,12.228,12.319
1788213930.838970,1788213930.844556,5.586,5.894
1788213930.838970,1788213930.853001,14.031,13.898
1788213930.855996,1788213930.861085,5.089,5.243
1788213930.855996,1788213930.868886,12.889,13.249
1788213930.870710,1788213930.877653,6.943,6.337
1788213930.870710,1788213930.885747,15.037,14.346
1788213930.886748,1788213930.893770,7.022,6.313
1788213930.886748,1788213930.901750,15.002,14.319
1788213930.902769,1788213930.908963,6.194,5.755
1788213930.902769,1788213930.916951,14.182,13.758
1788213930.917952,1788213930.924956,7.004,7.285
1788213930.917952,1788213930.933471,15.519,15.303
1788213930.934472,1788213930.940994,6.522,7.248
1788213930.948538,1788213930.949534,0.995,0.472
1788213930.948538,1788213930.957537,8.999,8.494
1788213930.963538,1788213930.965538,2.000,1.587
1788213930.963538,1788213930.972540,9.002,9.597
1788213930.978578,1788213930.981579,3.001,2.479
1788213930.978578,1788213930.989608,11.030,10.497
1788213930.993612,1788213930.997611,3.999,3.605
1788213930.993612,1788213931.005648,12.037,11.614
1788213931.009152,1788213931.013176,4.024,3.835
1788213931.009152,1788213931.021167,12.014,11.845
1788213931.025254,1788213931.029246,3.991,4.020
1788213931.025254,1788213931.037382,12.128,12.030
1788213931.040895,1788213931.045653,4.758,4.328
1788213931.040895,1788213931.053977,13.082,12.336
1788213931.057583,1788213931.061682,4.099,4.306
1788213931.057583,1788213931.069302,11.719,12.316
1788213931.072289,1788213931.077579,5.290,4.804
1788213931.072289,1788213931.085400,13.110,12.809
1788213931.089459,1788213931.093556,4.096,4.510
1788213931.089459,1788213931.101555,12.096,12.630
1788213931.104571,1788213931.109525,4.954,5.078
1788213931.104571,1788213931.117552,12.981,13.095
1788213931.118550,1788213931.126001,7.451,7.126
1788213931.118550,1788213931.133523,14.973,15.132
1788213931.134523,1788213931.142420,7.897,6.733
1788213931.134523,1788213931.150077,15.554,14.745
1788213931.151086,1788213931.157612,6.525,7.092
1788213931.151086,1788213931.166135,15.049,15.096
1788213931.166135,1788213931.173133,6.998,7.258
1788213931.166135,1788213931.181663,15.528,15.263
1788213931.182661,1788213931.189997,7.336,7.459
1788213931.196964,1788213931.197969,1.004,0.273
1788213931.197969,1788213931.205528,7.559,7.921
1788213931.212313,1788213931.214355,2.042,1.448
1788213931.212313,1788213931.222341,10.028,9.453
1788213931.229004,1788213931.230034,1.030,0.836
1788213931.229004,1788213931.237712,8.709,8.860
1788213931.243218,1788213931.246258,3.041,2.377
1788213931.243218,1788213931.254272,11.054,10.383
1788213931.260268,1788213931.262271,2.003,2.020
1788213931.260268,1788213931.269775,9.507,10.030
1788213931.276032,1788213931.278066,2.034,1.718
1788213931.276032,1788213931.285743,9.711,9.724
1788213931.291363,1788213931.294361,2.998,2.776
1788213931.291363,1788213931.301358,9.995,10.787
1788213931.305971,1788213931.309708,3.737,3.731
1788213931.305971,1788213931.318344,12.373,11.739
1788213931.321803,1788213931.325809,4.007,3.908
1788213931.321803,1788213931.334087,12.284,11.914
1788213931.338789,1788213931.341767,2.978,3.321
1788213931.338789,1788213931.350157,11.369,11.332
1788213931.354409,1788213931.358388,3.979,3.689
1788213931.354409,1788213931.365423,11.014,11.694
1788213931.369114,1788213931.374116,5.002,4.974
1788213931.369114,1788213931.381776,12.662,12.986
1788213931.384779,1788213931.389776,4.997,5.425
1788213931.384779,1788213931.397732,12.953,13.431
1788213931.400421,1788213931.405471,5.049,5.848
1788213931.400421,1788213931.414488,14.067,13.852
1788213931.414488,1788213931.422487,7.999,7.483
1788213931.429920,1788213931.430921,1.002,0.042
1788213931.429920,1788213931.438657,8.737,8.051
1788213931.445646,1788213931.446648,1.002,0.360
1788213931.445646,1788213931.454888,9.242,8.367
1788213931.461889,1788213931.462888,0.999,0.729
1788213931.461889,1788213931.470881,8.992,8.735
1788213931.476415,1788213931.478417,2.002,1.612
1788213931.476415,1788213931.486964,10.549,9.621
1788213931.493167,1788213931.494174,1.008,0.828
1788213931.493167,1788213931.502173,9.007,8.847
1788213931.507696,1788213931.510699,3.003,2.309
1788213931.507696,1788213931.518699,11.003,10.315
1788213931.523777,1788213931.526469,2.692,2.441
1788213931.523777,1788213931.534463,10.686,10.468
1788213931.540110,1788213931.542191,2.081,2.718
1788213931.540110,1788213931.550958,10.848,10.733
1788213931.555310,1788213931.559117,3.807,3.518
1788213931.555310,1788213931.566951,11.641,11.523
1788213931.570592,1788213931.574592,4.000,3.757
1788213931.570592,1788213931.583115,12.523,11.765
1788213931.587650,1788213931.590649,2.999,3.258
1788213931.587650,1788213931.598653,11.003,11.271
1788213931.604234,1788213931.606331,2.097,2.238
1788213931.604234,1788213931.614325,10.091,10.248
1788213931.617616,1788213931.622894,5.279,4.716
1788213931.617616,1788213931.630695,13.080,12.721
1788213931.633143,1788213931.638827,5.684,5.126
1788213931.633143,1788213931.647154,14.010,13.138
1788213931.648882,1788213931.654566,5.684,5.527
1788213931.648882,1788213931.662882,14.000,13.537
1788213931.665717,1788213931.670065,4.349,5.260
1788213931.665717,1788213931.678485,12.768,13.270
1788213931.681081,1788213931.686898,5.817,5.186
1788213931.681081,1788213931.694422,13.340,13.197
1788213931.696432,1788213931.702104,5.673,6.048
1788213931.696432,1788213931.710794,14.362,14.056
1788213931.711794,1788213931.718796,7.002,6.295
1788213931.726494,1788213931.726494,0.000,0.152
1788213931.726494,1788213931.734925,8.432,8.163
1788213931.742367,1788213931.742367,0.000,0.063
1788213931.742367,1788213931.749876,7.509,8.070
1788213931.758394,1788213931.758394,0.000,0.211
1788213931.758394,1788213931.766914,8.520,8.219
1788213931.773915,1788213931.774916,1.002,0.652
1788213931.773915,1788213931.783128,9.213,8.658
1788213931.789143,1788213931.790358,1.215,1.298
1788213931.789143,1788213931.798363,9.220,9.308
1788213931.804426,1788213931.806427,2.001,2.230
1788213931.804426,1788213931.815110,10.684,10.238
1788213931.821104,1788213931.822111,1.007,1.999
1788213931.821104,1788213931.830637,9.533,10.004
1788213931.835149,1788213931.838681,3.532,3.183
1788213931.835149,1788213931.846680,11.532,11.187
1788213931.852278,1788213931.855201,2.924,2.420
1788213931.852278,1788213931.863287,11.009,10.429
1788213931.867292,1788213931.871315,4.023,3.401
1788213931.867292,1788213931.879202,11.910,11.415
1788213931.882794,1788213931.886911,4.117,3.397
1788213931.882794,1788213931.894961,12.167,11.401
1788213931.898965,1788213931.902477,3.512,4.009
1788213931.898965,1788213931.911493,12.527,12.017
1788213931.914493,1788213931.919487,4.993,4.620
1788213931.914493,1788213931.926992,12.499,12.634
1788213931.929986,1788213931.935498,5.512,4.832
1788213931.929986,1788213931.942381,12.395,12.847
1788213931.945549,1788213931.951135,5.586,5.322
1788213931.945549,1788213931.958848,13.299,13.338
1788213931.959847,1788213931.967430,7.584,6.960
1788213931.959847,1788213931.975482,15.635,14.980
1788213931.975482,1788213931.982619,7.138,7.135
1788213931.990985,1788213931.990985,0.000,0.284
1788213931.990985,1788213931.998589,7.604,8.290
1788213932.005494,1788213932.007010,1.516,1.365
1788213932.005494,1788213932.015571,10.077,9.375
1788213932.020569,1788213932.023073,2.504,2.058
1788213932.020569,1788213932.031074,10.505,10.070
1788213932.036075,1788213932.039640,3.565,2.260
1788213932.036075,1788213932.046643,10.567,10.266
1788213932.050712,1788213932.054716,4.004,4.017
1788213932.050712,1788213932.062710,11.997,12.033
1788213932.066747,1788213932.071744,4.997,4.015
1788213932.066747,1788213932.079603,12.856,12.023
1788213932.081433,1788213932.087226,5.794,5.510
1788213932.081433,1788213932.095318,13.885,13.542
1788213932.098031,1788213932.102823,4.792,5.466
1788213932.098031,1788213932.110830,12.799,13.479
1788213932.113350,1788213932.119369,6.019,5.373
1788213932.113350,1788213932.127757,14.407,13.378
1788213932.128764,1788213932.135293,6.529,6.091
1788213932.128764,1788213932.143589,14.825,14.106
1788213932.144582,1788213932.151128,6.546,6.486
1788213932.144582,1788213932.159626,15.044,14.501
1788213932.159626,1788213932.167658,8.032,7.522
1788213932.159626,1788213932.175672,16.045,15.533
1788213932.176670,1788213932.183726,7.056,6.608
1788213932.176670,1788213932.191503,14.832,14.618
1788213932.191503,1788213932.198503,7.000,7.211
1788213932.191503,1788213932.207030,15.527,15.222
1788213932.208031,1788213932.215029,6.999,7.478
1788213932.222554,1788213932.223562,1.007,0.301
1788213932.222554,1788213932.231562,9.008,8.311
1788213932.239071,1788213932.239071,0.000,0.374
1788213932.239071,1788213932.247110,8.039,8.391
1788213932.254634,1788213932.255645,1.011,0.472
1788213932.254634,1788213932.263187,8.553,8.480
1788213932.270181,1788213932.271181,1.000,1.084
1788213932.270181,1788213932.279951,9.770,9.099
1788213932.285461,1788213932.287988,2.527,1.867
1788213932.285461,1788213932.296003,10.542,9.885
1788213932.301517,1788213932.303510,1.993,1.360
1788213932.301517,1788213932.311511,9.994,9.398
1788213932.319043,1788213932.320035,0.991,0.488
1788213932.319043,1788213932.327563,8.520,8.504
1788213932.333573,1788213932.335571,1.998,1.424
1788213932.333573,1788213932.344110,10.538,9.434
1788213932.350213,1788213932.351228,1.015,1.261
1788213932.350213,1788213932.359761,9.548,9.287
1788213932.365757,1788213932.366756,0.999,1.861
1788213932.365757,1788213932.375804,10.046,9.863
1788213932.381335,1788213932.383335,1.999,2.522
1788213932.381335,1788213932.391843,10.507,10.532
1788213932.396356,1788213932.399373,3.017,3.050
1788213932.396356,1788213932.407966,11.611,11.058
1788213932.412980,1788213932.414972,1.992,2.499
1788213932.412980,1788213932.423577,10.597,10.504
1788213932.426659,1788213932.431574,4.915,4.539
1788213932.426659,1788213932.439683,13.024,12.545
1788213932.443691,1788213932.448212,4.521,4.282
1788213932.443691,1788213932.456259,12.568,12.293
1788213932.458786,1788213932.463787,5.001,4.379
1788213932.458786,1788213932.471786,13.000,12.390
1788213932.474846,1788213932.479919,5.073,4.725
1788213932.474846,1788213932.487069,12.223,12.744
1788213932.491780,1788213932.496341,4.561,3.871
1788213932.491780,1788213932.503576,11.795,11.889
1788213932.506438,1788213932.511527,5.090,4.766
1788213932.506438,1788213932.520238,13.801,12.774
1788213932.522224,1788213932.528176,5.952,5.134
1788213932.522224,1788213932.536213,13.989,13.142
1788213932.538228,1788213932.544366,6.138,5.535
1788213932.538228,1788213932.551956,13.728,13.550
1788213932.555072,1788213932.559729,4.657,4.999
1788213932.555072,1788213932.567719,12.648,13.007
1788213932.569720,1788213932.575729,6.009,5.657
1788213932.569720,1788213932.584286,14.566,13.666
1788213932.585272,1788213932.591974,6.702,6.507
1788213932.585272,1788213932.599982,14.710,14.514
1788213932.601954,1788213932.607949,5.995,6.198
1788213932.601954,1788213932.615955,14.001,14.201
1788213932.616603,1788213932.623678,7.076,6.772
1788213932.616603,1788213932.632400,15.797,14.777
1788213932.632400,1788213932.639756,7.357,7.288
1788213932.632400,1788213932.648047,15.648,15.300
1788213932.649023,1788213932.655907,6.883,7.031
1788213932.663232,1788213932.664086,0.854,0.620
1788213932.663232,1788213932.671689,8.457,8.643
1788213932.680139,1788213932.680139,0.000,0.175
1788213932.680139,1788213932.688152,8.013,8.182
1788213932.696205,1788213932.696205,0.000,0.031
1788213932.696205,1788213932.704737,8.532,8.037
1788213932.710788,1788213932.712789,2.001,0.970
1788213932.710788,1788213932.720613,9.825,8.977
1788213932.727265,1788213932.728198,0.933,0.540
1788213932.727265,1788213932.736568,9.303,8.542
1788213932.741377,1788213932.744053,2.676,2.392
1788213932.741377,1788213932.752422,11.044,10.407
1788213932.758213,1788213932.760216,2.003,2.450
1788213932.758213,1788213932.768204,9.991,10.456
1788213932.772197,1788213932.776603,4.406,3.738
1788213932.772197,1788213932.784210,12.013,11.740
1788213932.788230,1788213932.792804,4.573,4.264
1788213932.788230,1788213932.800477,12.247,12.270
1788213932.804069,1788213932.808891,4.822,4.410
1788213932.804069,1788213932.816429,12.360,12.414
1788213932.818538,1788213932.824521,5.984,5.399
1788213932.818538,1788213932.832899,14.361,13.421
1788213932.835897,1788213932.840184,4.287,4.719
1788213932.835897,1788213932.848261,12.364,12.739
1788213932.849848,1788213932.856166,6.318,6.079
1788213932.849848,1788213932.864869,15.022,14.096
1788213932.866867,1788213932.872872,6.005,5.669
1788213932.866867,1788213932.880169,13.302,13.678
1788213932.881167,1788213932.888171,7.004,6.967
1788213932.881167,1788213932.896126,14.960,14.973
1788213932.898049,1788213932.904815,6.766,6.479
1788213932.898049,1788213932.912749,14.700,14.490
1788213932.912749,1788213932.920444,7.694,7.259
1788213932.912749,1788213932.928463,15.714,15.338
1788213932.928463,1788213932.936368,7.905,7.781
1788213932.943392,1788213932.944904,1.511,1.078
1788213932.943392,1788213932.952475,9.083,9.096
1788213932.959014,1788213932.961007,1.992,1.240
1788213932.959014,1788213932.969009,9.995,9.256
1788213932.975096,1788213932.977169,2.073,0.875
1788213932.975096,1788213932.985172,10.076,8.887
1788213932.991235,1788213932.993242,2.007,1.488
1788213932.991235,1788213933.000766,9.531,9.507
1788213933.005759,1788213933.008760,3.000,2.347
1788213933.005759,1788213933.016758,10.999,10.354
1788213933.021443,1788213933.024364,2.921,2.913
1788213933.021443,1788213933.032367,10.924,10.939
1788213933.038096,1788213933.040744,2.648,2.391
1788213933.038096,1788213933.048411,10.315,10.457
1788213933.052989,1788213933.057222,4.233,3.439
1788213933.052989,1788213933.065275,12.285,11.454
1788213933.068275,1788213933.073318,5.043,4.485
1788213933.068275,1788213933.080415,12.140,12.487
1788213933.083930,1788213933.089126,5.196,4.055
1788213933.083930,1788213933.096622,12.692,12.069
1788213933.099685,1788213933.104684,4.998,4.965
1788213933.099685,1788213933.113208,13.522,12.990
1788213933.115208,1788213933.121207,5.999,5.302
1788213933.115208,1788213933.129207,13.999,13.311
1788213933.131207,1788213933.136729,5.522,5.473
1788213933.131207,1788213933.144775,13.568,13.481
1788213933.147283,1788213933.153369,6.087,5.562
1788213933.147283,1788213933.160893,13.610,13.585
1788213933.163416,1788213933.169414,5.998,5.605
1788213933.163416,1788213933.177211,13.795,13.614
1788213933.178722,1788213933.185532,6.810,5.146
1788213933.178722,1788213933.193123,14.400,13.149
1788213933.195136,1788213933.201459,6.324,5.871
1788213933.195136,1788213933.209455,14.319,13.875
1788213933.209455,1788213933.216977,7.522,7.310
1788213933.224694,1788213933.225684,0.990,0.371
1788213933.224694,1788213933.232408,7.714,8.381
1788213933.224694,1788213933.241775,17.081,16.397
1788213933.241775,1788213933.248772,6.997,7.674
1788213933.257089,1788213933.257089,0.000,0.330
1788213933.257089,1788213933.264981,7.892,8.337
1788213933.273075,1788213933.273075,0.000,0.264
1788213933.273075,1788213933.281401,8.326,8.282
1788213933.287066,1788213933.289099,2.033,1.801
1788213933.287066,1788213933.297807,10.742,9.840
1788213933.303717,1788213933.305836,2.119,1.471
1788213933.303717,1788213933.313431,9.713,9.486
1788213933.318173,1788213933.321124,2.951,2.617
1788213933.318173,1788213933.329044,10.871,10.621
1788213933.334045,1788213933.337296,3.250,2.462
1788213933.334045,1788213933.345031,10.986,10.479
1788213933.351576,1788213933.353571,1.994,1.884
1788213933.351576,1788213933.361077,9.500,9.892
1788213933.366084,1788213933.369085,3.000,2.741
1788213933.366084,1788213933.377694,11.610,10.776
1788213933.381465,1788213933.385153,3.688,3.324
1788213933.381465,1788213933.392956,11.491,11.341
1788213933.397766,1788213933.401764,3.998,3.502
1788213933.397766,1788213933.409437,11.670,11.510
1788213933.412408,1788213933.417155,4.747,4.643
1788213933.412408,1788213933.425151,12.743,12.664
1788213933.428824,1788213933.433422,4.597,4.213
1788213933.428824,1788213933.441873,13.049,12.215
1788213933.442939,1788213933.449471,6.533,6.300
1788213933.442939,1788213933.457869,14.930,14.305
1788213933.460872,1788213933.465498,4.627,4.727
1788213933.460872,1788213933.473566,12.694,12.736
1788213933.475164,1788213933.481976,6.812,5.778
1788213933.475164,1788213933.489678,14.514,13.781
1788213933.491303,1788213933.498061,6.758,5.826
1788213933.491303,1788213933.505749,14.446,13.834
1788213933.507753,1788213933.513372,5.620,5.899
1788213933.521376,1788213933.522403,1.026,0.061
1788213933.521376,1788213933.530378,9.001,8.072
1788213933.537083,1788213933.538085,1.002,0.599
1788213933.537083,1788213933.546377,9.293,8.614
1788213933.552233,1788213933.553496,1.263,1.578
1788213933.552233,1788213933.562105,9.872,9.585
1788213933.567635,1788213933.569639,2.004,1.884
1788213933.567635,1788213933.578235,10.600,9.892
1788213933.582893,1788213933.585920,3.027,2.569
1788213933.582893,1788213933.594361,11.467,10.582
1788213933.599228,1788213933.601986,2.758,2.571
1788213933.599228,1788213933.610576,11.348,10.597
1788213933.615397,1788213933.618389,2.991,2.470
1788213933.615397,1788213933.626257,10.860,10.476
1788213933.630368,1788213933.634047,3.679,3.085
1788213933.630368,1788213933.641840,11.472,11.100
1788213933.644425,1788213933.649440,5.015,5.211
1788213933.644425,1788213933.658056,13.632,13.224
1788213933.659761,1788213933.665773,6.012,6.354
1788213933.659761,1788213933.673296,13.535,14.357
1788213933.675823,1788213933.682348,6.525,6.150
1788213933.675823,1788213933.690431,14.608,14.155
1788213933.691050,1788213933.698516,7.465,6.973
1788213933.691050,1788213933.706480,15.429,14.980
1788213933.707484,1788213933.713645,6.160,6.822
1788213933.707484,1788213933.722746,15.262,14.846
1788213933.722746,1788213933.730769,8.023,7.530
1788213933.736953,1788213933.738048,1.095,1.048
1788213933.736953,1788213933.746796,9.843,9.064
1788213933.752493,1788213933.754706,2.213,1.791
1788213933.752493,1788213933.762459,9.965,9.803
1788213933.767608,1788213933.770629,3.021,2.376
1788213933.767608,1788213933.778650,11.042,10.379
1788213933.782700,1788213933.786702,4.002,3.262
1788213933.782700,1788213933.793761,11.060,11.269
1788213933.799349,1788213933.802366,3.016,3.114
1788213933.799349,1788213933.810021,10.672,11.122
1788213933.814398,1788213933.818195,3.797,3.344
1788213933.814398,1788213933.826196,11.798,11.348
1788213933.830868,1788213933.833968,3.100,3.689
1788213933.830868,1788213933.842495,11.627,11.692
1788213933.846596,1788213933.850611,4.015,3.795
1788213933.846596,1788213933.858619,12.023,11.801
1788213933.861581,1788213933.866859,5.279,4.481
1788213933.861581,1788213933.874669,13.088,12.488
1788213933.876288,1788213933.882094,5.806,6.030
1788213933.876288,1788213933.890690,14.403,14.033
1788213933.892781,1788213933.898458,5.677,5.265
1788213933.892781,1788213933.906540,13.759,13.267
1788213933.907545,1788213933.914191,6.645,6.363
1788213933.907545,1788213933.921965,14.420,14.370
1788213933.923883,1788213933.930669,6.786,6.545
1788213933.923883,1788213933.938661,14.777,14.553
1788213933.938661,1788213933.946844,8.184,7.433
1788213933.954032,1788213933.954032,0.000,0.127
1788213933.954032,1788213933.962134,8.102,7.885
1788213933.969617,1788213933.970617,1.000,0.307
1788213933.969617,1788213933.978147,8.530,8.319
1788213933.984764,1788213933.986935,2.172,1.400
1788213933.984764,1788213933.994702,9.938,9.420
1788213934.000701,1788213934.002999,2.298,2.131
1788213934.000701,1788213934.011010,10.309,10.144
1788213934.015363,1788213934.018658,3.296,2.725
1788213934.015363,1788213934.026512,11.150,10.737
1788213934.030520,1788213934.034854,4.333,3.808
1788213934.030520,1788213934.042904,12.383,11.818
1788213934.045909,1788213934.049909,4.000,4.288
1788213934.045909,1788213934.058490,12.581,12.319
1788213934.061489,1788213934.066529,5.040,4.632
1788213934.061489,1788213934.074536,13.047,12.640
1788213934.076534,1788213934.083071,6.537,5.477
1788213934.076534,1788213934.090599,14.065,13.487
1788213934.092112,1788213934.099126,7.015,6.031
1788213934.092112,1788213934.107127,15.015,14.051
1788213934.109119,1788213934.114648,5.529,5.896
1788213934.109119,1788213934.123194,14.075,13.907
1788213934.124194,1788213934.131194,7.000,6.221
1788213934.124194,1788213934.138722,14.528,14.228
1788213934.139721,1788213934.147248,7.527,6.405
1788213934.139721,1788213934.154977,15.256,14.428
1788213934.154977,1788213934.162501,7.524,7.434
1788213934.154977,1788213934.171005,16.028,15.442
1788213934.172019,1788213934.179011,6.991,6.744
1788213934.172019,1788213934.187069,15.050,14.749
1788213934.188063,1788213934.194621,6.558,6.874
1788213934.202632,1788213934.202632,0.000,0.142
1788213934.202632,1788213934.210634,8.002,8.145
1788213934.217922,1788213934.218914,0.992,0.417
1788213934.217922,1788213934.226920,8.998,8.425
1788213934.234947,1788213934.234947,0.000,0.058
1788213934.234947,1788213934.243163,8.217,8.068
1788213934.250167,1788213934.251175,1.007,0.344
1788213934.251175,1788213934.258880,7.705,7.844
1788213934.265882,1788213934.266872,0.990,1.433
1788213934.265882,1788213934.274872,8.991,9.440
1788213934.280384,1788213934.283400,3.017,2.126
1788213934.280384,1788213934.290906,10.522,10.132
1788213934.295910,1788213934.298917,3.007,2.532
1788213934.295910,1788213934.306917,11.007,10.543
1788213934.311424,1788213934.314992,3.568,3.230
1788213934.311424,1788213934.323319,11.896,11.236
1788213934.326320,1788213934.330320,3.999,4.584
1788213934.326320,1788213934.339385,13.064,12.594
1788213934.342389,1788213934.347390,5.001,4.035
1788213934.342389,1788213934.355575,13.186,12.050
1788213934.358182,1788213934.363408,5.226,4.613
1788213934.358182,1788213934.371511,13.329,12.623
1788213934.373111,1788213934.379207,6.096,5.376
1788213934.373111,1788213934.387497,14.387,13.381
1788213934.389596,1788213934.394815,5.220,5.760
1788213934.389596,1788213934.402831,13.235,13.766
1788213934.406523,1788213934.411617,5.094,4.943
1788213934.406523,1788213934.419078,12.554,12.958
1788213934.420071,1788213934.427083,7.013,6.878
1788213934.434329,1788213934.435423,1.094,0.643
1788213934.434329,1788213934.443109,8.780,8.657
1788213934.451101,1788213934.451101,0.000,0.040
1788213934.451101,1788213934.459140,8.038,8.056
1788213934.466143,1788213934.467142,0.999,0.625
1788213934.466143,1788213934.475193,9.050,8.629
1788213934.483246,1788213934.483246,0.000,0.282
1788213934.483246,1788213934.491325,8.079,8.288
1788213934.498568,1788213934.499527,0.960,0.871
1788213934.498568,1788213934.507575,9.007,8.878
1788213934.512566,1788213934.515089,2.523,2.284
1788213934.512566,1788213934.523446,10.881,10.291
1788213934.528450,1788213934.531134,2.683,2.820
1788213934.528450,1788213934.539129,10.679,10.827
1788213934.543627,1788213934.547140,3.513,3.547
1788213934.543627,1788213934.555866,12.239,11.560
1788213934.558379,1788213934.563025,4.646,4.464
1788213934.558379,1788213934.571115,12.736,12.470
1788213934.575853,1788213934.579381,3.528,3.608
1788213934.575853,1788213934.587734,11.881,11.616
1788213934.590650,1788213934.595485,4.835,4.995
1788213934.590650,1788213934.603516,12.866,13.005
1788213934.606445,1788213934.611336,4.891,5.347
1788213934.606445,1788213934.619696,13.252,13.357
1788213934.620748,1788213934.627025,6.278,6.240
1788213934.620748,1788213934.635795,15.048,14.242
1788213934.637689,1788213934.643736,6.047,6.156
1788213934.637689,1788213934.651454,13.766,14.284
1788213934.651454,1788213934.660268,8.814,7.920
1788213934.667771,1788213934.667771,0.000,0.036
1788213934.667771,1788213934.676160,8.389,8.054
1788213934.667771,1788213934.683823,16.052,16.060
1788213934.683823,1788213934.691427,7.604,6.769
1788213934.698307,1788213934.700309,2.002,1.237
1788213934.698307,1788213934.707826,9.519,9.241
1788213934.713485,1788213934.715494,2.008,1.998
1788213934.713485,1788213934.723550,10.064,10.008
1788213934.729151,1788213934.732241,3.090,2.603
1788213934.729151,1788213934.740243,11.092,10.609
1788213934.744700,1788213934.747714,3.014,2.710
1788213934.744700,1788213934.756317,11.617,10.723
1788213934.760075,1788213934.764092,4.017,3.636
1788213934.760075,1788213934.772073,11.998,11.646
1788213934.776705,1788213934.779617,2.913,3.533
1788213934.776705,1788213934.788172,11.467,11.539
1788213934.791171,1788213934.796213,5.042,4.346
1788213934.791171,1788213934.804213,13.041,12.357
1788213934.807751,1788213934.811776,4.025,3.806
1788213934.807751,1788213934.819540,11.789,11.818
1788213934.823540,1788213934.827639,4.099,4.652
1788213934.823540,1788213934.836540,13.000,12.665
1788213934.838635,1788213934.844236,5.601,5.112
1788213934.838635,1788213934.851837,13.202,13.128
1788213934.854352,1788213934.860116,5.764,5.611
1788213934.854352,1788213934.867720,13.367,13.621
1788213934.869687,1788213934.876386,6.699,6.127
1788213934.869687,1788213934.883090,13.403,14.137
1788213934.884673,1788213934.892407,7.734,6.974
1788213934.884673,1788213934.900115,15.442,14.981
1788213934.902102,1788213934.908110,6.007,6.260
1788213934.902102,1788213934.916157,14.055,14.269
1788213934.917094,1788213934.923810,6.716,7.235
1788213934.931516,1788213934.932468,0.952,0.216
1788213934.931516,1788213934.939983,8.467,8.230
1788213934.947028,1788213934.947895,0.867,0.704
1788213934.947028,1788213934.956522,9.494,8.738
1788213934.963037,1788213934.964172,1.135,0.525
1788213934.963037,1788213934.972709,9.671,8.545
1788213934.979219,1788213934.980219,1.000,0.784
1788213934.979219,1788213934.988306,9.088,8.798
1788213934.993812,1788213934.996308,2.495,1.394
1788213934.993812,1788213935.004809,10.997,9.412
1788213935.008854,1788213935.011858,3.004,3.009
1788213935.008854,1788213935.020367,11.513,11.020
1788213935.024367,1788213935.028378,4.011,3.742
1788213935.024367,1788213935.036378,12.012,11.747
1788213935.039378,1788213935.044465,5.086,4.619
1788213935.039378,1788213935.052480,13.102,12.628
1788213935.055995,1788213935.060774,4.779,4.626
1788213935.055995,1788213935.067974,11.979,12.641
1788213935.071971,1788213935.076010,4.040,4.723
1788213935.071971,1788213935.083542,11.571,12.729
1788213935.087067,1788213935.092067,5.000,5.216
1788213935.087067,1788213935.100271,13.204,13.247
1788213935.102270,1788213935.108793,6.523,5.840
1788213935.102270,1788213935.116795,14.524,13.854
1788213935.118903,1788213935.124590,5.687,5.549
1788213935.118903,1788213935.132910,14.007,13.556
1788213935.133940,1788213935.140636,6.697,6.347
1788213935.133940,1788213935.148511,14.571,14.364
1788213935.149679,1788213935.156976,7.297,6.948
1788213935.149679,1788213935.164642,14.963,14.951
1788213935.164642,1788213935.172662,8.019,7.580
1788213935.179657,1788213935.180649,0.993,0.591
1788213935.179657,1788213935.188814,9.157,8.599
1788213935.194821,1788213935.196974,2.153,1.506
1788213935.194821,1788213935.203754,8.934,9.515
1788213935.210289,1788213935.212288,1.999,2.172
1788213935.210289,1788213935.220288,9.999,10.179
1788213935.225814,1788213935.229043,3.229,2.312
1788213935.225814,1788213935.236569,10.755,10.318
1788213935.240951,1788213935.243939,2.988,3.432
1788213935.240951,1788213935.253126,12.174,11.472
1788213935.256361,1788213935.261110,4.750,3.970
1788213935.256361,1788213935.269128,12.767,11.978
1788213935.273127,1788213935.277144,4.017,3.784
1788213935.273127,1788213935.283726,10.599,11.794
1788213935.288412,1788213935.292421,4.009,4.592
1788213935.288412,1788213935.301109,12.697,12.608
1788213935.304111,1788213935.308805,4.694,3.798
1788213935.304111,1788213935.316804,12.693,11.805
1788213935.317801,1788213935.324975,7.173,6.816
1788213935.317801,1788213935.332635,14.834,14.830
1788213935.335623,1788213935.340631,5.007,5.085
1788213935.335623,1788213935.348935,13.312,13.106
1788213935.348935,1788213935.356748,7.813,7.358
1788213935.348935,1788213935.364998,16.062,15.363
1788213935.364998,1788213935.372985,7.987,7.524
1788213935.364998,1788213935.380688,15.691,15.533
1788213935.381720,1788213935.389050,7.330,7.116
1788213935.396023,1788213935.396023,0.000,0.695
1788213935.396023,1788213935.405390,9.367,8.710
1788213935.412128,1788213935.413065,0.937,0.575
1788213935.412128,1788213935.421097,8.969,8.587
1788213935.426810,1788213935.428799,1.989,1.891
1788213935.426810,1788213935.436182,9.373,9.900
1788213935.443259,1788213935.445217,1.959,1.944
1788213935.443259,1788213935.452526,9.268,9.957
1788213935.458631,1788213935.461244,2.614,2.517
1788213935.458631,1788213935.468663,10.033,10.525
1788213935.473261,1788213935.477269,4.008,3.141
1788213935.473261,1788213935.485143,11.882,11.148
1788213935.490249,1788213935.493242,2.994,2.785
1788213935.490249,1788213935.500444,10.195,10.793
1788213935.504517,1788213935.508563,4.046,3.818
1788213935.504517,1788213935.517540,13.023,11.836
1788213935.520574,1788213935.524920,4.346,4.008
1788213935.520574,1788213935.532896,12.322,12.018
1788213935.536591,1788213935.540583,3.992,4.178
1788213935.536591,1788213935.548990,12.399,12.188
1788213935.552011,1788213935.556680,4.669,4.680
1788213935.552011,1788213935.565357,13.346,12.686
1788213935.568460,1788213935.573203,4.742,4.716
1788213935.568460,1788213935.581118,12.658,12.725
1788213935.585328,1788213935.589344,4.016,3.809
1788213935.585328,1788213935.597342,12.015,11.816
1788213935.599342,1788213935.605637,6.295,5.109
1788213935.599342,1788213935.612806,13.464,13.115
1788213935.614806,1788213935.620846,6.040,5.706
1788213935.614806,1788213935.629257,14.451,13.712
1788213935.630508,1788213935.637524,7.016,6.378
1788213935.630508,1788213935.644307,13.799,14.398
1788213935.645826,1788213935.653667,7.841,6.723
1788213935.645826,1788213935.661000,15.174,14.730
1788213935.661801,1788213935.669456,7.656,7.633
1788213935.677075,1788213935.677075,0.000,0.030
1788213935.677075,1788213935.684943,7.868,8.036
1788213935.677075,1788213935.693039,15.964,16.062
1788213935.693966,1788213935.700861,6.895,7.201
1788213935.709554,1788213935.709554,0.000,0.095
1788213935.709554,1788213935.717550,7.996,7.842
1788213935.723727,1788213935.725924,2.196,0.947
1788213935.723727,1788213935.733219,9.492,8.955
1788213935.739002,1788213935.740993,1.992,2.015
1788213935.739002,1788213935.748973,9.972,10.018
1788213935.754666,1788213935.757675,3.009,2.420
1788213935.754666,1788213935.765317,10.651,10.427
1788213935.770602,1788213935.773737,3.135,2.254
1788213935.770602,1788213935.781326,10.723,10.262
1788213935.787037,1788213935.789309,2.271,2.058
1788213935.787037,1788213935.797304,10.267,10.064
1788213935.801754,1788213935.805672,3.918,3.114
1788213935.801754,1788213935.813506,11.752,11.121
1788213935.818030,1788213935.822033,4.004,3.141
1788213935.818030,1788213935.829557,11.528,11.149
1788213935.833559,1788213935.837563,4.004,3.601
1788213935.833559,1788213935.845333,11.774,11.605
1788213935.848052,1788213935.853755,5.704,5.064
1788213935.848052,1788213935.861748,13.697,13.068
1788213935.863985,1788213935.869692,5.707,5.354
1788213935.863985,1788213935.877971,13.986,13.367
1788213935.879640,1788213935.885469,5.829,5.760
1788213935.879640,1788213935.893153,13.513,13.768
1788213935.895157,1788213935.901835,6.678,5.797
1788213935.895157,1788213935.908549,13.392,13.806
1788213935.912206,1788213935.917262,5.056,5.178
1788213935.912206,1788213935.925816,13.610,13.188
1788213935.925816,1788213935.933102,7.286,7.515
1788213935.941630,1788213935.941630,0.000,0.110
1788213935.941630,1788213935.950064,8.434,8.125
1788213935.956702,1788213935.957764,1.062,1.095
1788213935.956702,1788213935.966014,9.311,9.105
1788213935.972530,1788213935.973873,1.343,0.370
1788213935.972530,1788213935.981900,9.370,8.386
1788213935.989728,1788213935.989728,0.000,0.221
1788213935.989728,1788213935.997928,8.200,7.921
1788213936.004491,1788213936.005999,1.508,1.528
1788213936.004491,1788213936.013520,9.029,9.546
1788213936.018520,1788213936.022179,3.659,3.027
1788213936.018520,1788213936.030279,11.759,11.039
1788213936.036853,1788213936.037854,1.001,1.168
1788213936.036853,1788213936.045363,8.510,9.179
1788213936.050426,1788213936.053729,3.303,2.707
1788213936.050426,1788213936.062364,11.938,10.717
1788213936.066853,1788213936.070377,3.524,3.140
1788213936.066853,1788213936.078375,11.522,11.155
1788213936.082392,1788213936.085521,3.130,3.786
1788213936.082392,1788213936.093572,11.180,11.800
1788213936.097563,1788213936.102006,4.443,4.010
1788213936.097563,1788213936.109998,12.435,12.029
1788213936.112004,1788213936.118339,6.335,5.664
1788213936.112004,1788213936.126413,14.409,13.682
1788213936.127429,1788213936.134427,6.998,6.109
1788213936.127429,1788213936.141944,14.515,14.120
1788213936.143945,1788213936.150467,6.523,6.266
1788213936.143945,1788213936.157996,14.051,14.281
1788213936.159607,1788213936.165880,6.273,6.622
1788213936.159607,1788213936.174585,14.978,14.640
1788213936.175492,1788213936.182565,7.074,6.574
1788213936.175492,1788213936.190406,14.914,14.616
1788213936.191420,1788213936.198420,7.000,6.619
1788213936.205467,1788213936.206465,0.999,0.288
1788213936.205467,1788213936.214126,8.659,8.296
1788213936.221126,1788213936.222125,0.999,0.767
1788213936.221126,1788213936.230639,9.513,8.775
1788213936.236640,1788213936.237632,0.992,1.216
1788213936.236640,1788213936.246160,9.520,9.227
1788213936.251681,1788213936.253788,2.107,2.275
1788213936.251681,1788213936.261795,10.113,10.284
1788213936.266831,1788213936.270359,3.529,2.920
1788213936.266831,1788213936.278365,11.534,10.927
1788213936.282362,1788213936.286427,4.065,3.458
1788213936.282362,1788213936.294425,12.062,11.466
1788213936.300942,1788213936.302463,1.521,1.102
1788213936.300942,1788213936.309998,9.056,9.135
1788213936.315528,1788213936.318609,3.080,2.947
1788213936.315528,1788213936.326296,10.767,10.971
1788213936.328303,1788213936.333982,5.679,5.773
1788213936.328303,1788213936.342717,14.414,13.778
1788213936.343696,1788213936.349690,5.994,6.148
1788213936.343696,1788213936.358392,14.696,14.165
1788213936.359407,1788213936.366056,6.648,6.532
1788213936.359407,1788213936.374055,14.647,14.536
1788213936.375027,1788213936.382057,7.030,6.902
1788213936.390052,1788213936.390052,0.000,0.141
1788213936.390052,1788213936.398770,8.718,7.719
1788213936.405501,1788213936.406520,1.019,0.344
1788213936.405501,1788213936.414213,8.712,8.354
1788213936.421116,1788213936.422716,1.601,0.932
1788213936.421116,1788213936.430503,9.387,8.953
1788213936.437294,1788213936.438168,0.874,0.688
1788213936.437294,1788213936.446970,9.676,8.706
1788213936.452869,1788213936.454115,1.246,1.405
1788213936.452869,1788213936.462633,9.764,9.419
1788213936.468255,1788213936.470258,2.003,1.658
1788213936.468255,1788213936.478622,10.368,9.670
1788213936.485132,1788213936.486149,1.017,1.596
1788213936.485132,1788213936.494148,9.017,9.605
1788213936.499146,1788213936.502232,3.085,2.570
1788213936.499146,1788213936.510243,11.096,10.580
1788213936.514286,1788213936.518285,3.999,3.914
1788213936.514286,1788213936.526582,12.295,11.918
1788213936.529775,1788213936.534377,4.602,4.522
1788213936.529775,1788213936.542460,12.685,12.528
1788213936.545138,1788213936.550162,5.024,5.082
1788213936.545138,1788213936.558848,13.710,13.092
1788213936.559853,1788213936.566738,6.885,6.219
1788213936.559853,1788213936.574735,14.883,14.225
1788213936.575739,1788213936.582267,6.528,6.251
1788213936.575739,1788213936.590544,14.805,14.255
1788213936.591541,1788213936.598237,6.697,6.174
1788213936.591541,1788213936.606495,14.955,14.197
1788213936.607549,1788213936.614539,6.990,6.575
1788213936.607549,1788213936.622823,15.274,14.581
1788213936.622823,1788213936.631040,8.218,7.680
1788213936.638021,1788213936.638868,0.846,0.522
1788213936.638021,1788213936.646705,8.684,8.541
1788213936.654315,1788213936.655315,1.000,0.223
1788213936.654315,1788213936.662852,8.537,7.828
1788213936.668898,1788213936.670474,1.576,1.611
1788213936.668898,1788213936.678481,9.583,9.621
1788213936.684482,1788213936.686995,2.513,1.748
1788213936.684482,1788213936.695060,10.578,9.756
1788213936.700076,1788213936.702687,2.611,1.834
1788213936.700076,1788213936.711007,10.931,9.851
1788213936.717059,1788213936.719077,2.018,2.093
1788213936.717059,1788213936.725771,8.711,10.100
1788213936.732799,1788213936.734892,2.093,2.173
1788213936.732799,1788213936.742483,9.684,10.187
1788213936.746578,1788213936.750341,3.763,3.899
1788213936.746578,1788213936.759021,12.443,11.916
1788213936.761632,1788213936.767023,5.391,4.690
1788213936.761632,1788213936.775017,13.385,12.698
1788213936.777107,1788213936.783072,5.965,5.296
1788213936.777107,1788213936.790603,13.497,13.306
1788213936.793595,1788213936.798603,5.008,4.872
1788213936.793595,1788213936.806659,13.064,12.897
1788213936.810198,1788213936.815195,4.997,4.891
1788213936.810198,1788213936.822640,12.442,12.899
1788213936.824634,1788213936.830636,6.002,5.801
1788213936.824634,1788213936.838634,14.000,13.807
1788213936.842269,1788213936.847321,5.052,4.546
1788213936.842269,1788213936.854667,12.398,12.562
1788213936.858673,1788213936.863358,4.685,4.596
1788213936.858673,1788213936.871068,12.395,12.620
1788213936.873024,1788213936.878661,5.637,6.065
1788213936.873024,1788213936.885953,12.929,14.072
1788213936.887570,1788213936.894585,7.015,7.279
1788213936.887570,1788213936.902637,15.066,15.285
1788213936.903636,1788213936.910771,7.134,7.192
1788213936.918772,1788213936.918772,0.000,0.030
1788213936.918772,1788213936.926916,8.144,8.053
1788213936.934706,1788213936.934706,0.000,0.456
1788213936.934706,1788213936.942415,7.708,8.463
1788213936.949682,1788213936.950749,1.067,1.081
1788213936.949682,1788213936.958240,8.557,9.117
1788213936.965527,1788213936.967553,2.027,0.967
1788213936.965527,1788213936.975544,10.017,8.985
1788213936.982038,1788213936.983095,1.056,1.108
1788213936.982038,1788213936.991164,9.126,9.117
1788213936.997821,1788213936.999343,1.522,1.139
1788213936.997821,1788213937.007683,9.862,9.156
1788213937.012685,1788213937.015707,3.022,2.537
1788213937.012685,1788213937.023753,11.068,10.555
1788213937.027889,1788213937.031900,4.011,3.584
1788213937.027889,1788213937.038395,10.506,11.593
1788213937.043048,1788213937.047055,4.007,4.414
1788213937.043048,1788213937.055124,12.076,12.420
1788213937.057631,1788213937.063001,5.370,4.950
1788213937.057631,1788213937.071019,13.387,12.957
1788213937.073016,1788213937.079530,6.514,5.754
1788213937.073016,1788213937.087067,14.051,13.758
1788213937.088579,1788213937.095589,7.010,6.281
1788213937.088579,1788213937.103626,15.047,14.289
1788213937.105623,1788213937.110626,5.004,6.118
1788213937.105623,1788213937.119848,14.225,14.128
1788213937.120765,1788213937.127795,7.030,6.604
1788213937.135235,1788213937.135235,0.000,0.071
1788213937.135235,1788213937.143876,8.641,8.079
1788213937.151568,1788213937.151568,0.000,0.144
1788213937.151568,1788213937.159762,8.194,7.711
1788213937.167561,1788213937.167561,0.000,0.356
1788213937.167561,1788213937.175165,7.603,8.371
1788213937.182277,1788213937.183269,0.992,0.680
1788213937.182277,1788213937.191552,9.275,8.692
1788213937.197546,1788213937.199554,2.008,1.572
1788213937.197546,1788213937.207896,10.351,9.586
1788213937.212904,1788213937.215917,3.013,2.501
1788213937.212904,1788213937.223604,10.700,10.505
1788213937.228597,1788213937.231601,3.004,2.637
1788213937.228597,1788213937.239230,10.633,10.640
1788213937.244314,1788213937.247324,3.011,3.301
1788213937.244314,1788213937.255958,11.644,11.315
1788213937.260581,1788213937.263588,3.008,3.348
1788213937.260581,1788213937.272269,11.688,11.356
1788213937.275270,1788213937.279833,4.563,4.211
1788213937.275270,1788213937.287452,12.182,12.223
1788213937.292479,1788213937.295485,3.006,3.001
1788213937.292479,1788213937.303748,11.269,11.014
1788213937.307055,1788213937.311766,4.711,4.970
1788213937.307055,1788213937.319474,12.419,12.996
1788213937.322471,1788213937.328388,5.917,5.265
1788213937.322471,1788213937.335917,13.445,13.275
1788213937.337913,1788213937.343433,5.520,6.127
1788213937.337913,1788213937.351436,13.523,14.142
1788213937.352433,1788213937.359940,7.507,6.858
1788213937.352433,1788213937.367658,15.225,14.863
1788213937.368690,1788213937.375733,7.042,7.003
1788213937.384070,1788213937.384070,0.000,0.202
1788213937.384070,1788213937.391710,7.640,8.204
1788213937.399392,1788213937.400393,1.000,0.035
1788213937.399392,1788213937.408371,8.978,7.789
1788213937.415353,1788213937.416356,1.003,0.202
1788213937.415353,1788213937.424059,8.705,8.212
1788213937.430050,1788213937.432040,1.990,1.581
1788213937.430050,1788213937.439825,9.775,9.587
1788213937.445754,1788213937.447820,2.066,1.838
1788213937.445754,1788213937.456506,10.752,9.863
1788213937.463107,1788213937.464105,0.998,0.899
1788213937.463107,1788213937.471803,8.696,8.906
1788213937.477820,1788213937.480503,2.683,1.837
1788213937.477820,1788213937.488162,10.342,9.850
1788213937.493226,1788213937.496234,3.008,2.598
1788213937.493226,1788213937.503755,10.529,10.603
1788213937.508280,1788213937.512281,4.001,3.300
1788213937.508280,1788213937.519931,11.652,11.306
1788213937.524961,1788213937.527878,2.917,3.244
1788213937.524961,1788213937.536216,11.256,11.251
1788213937.539263,1788213937.544270,5.007,4.658
1788213937.539263,1788213937.552371,13.108,12.662
1788213937.555369,1788213937.560224,4.855,4.750
1788213937.555369,1788213937.567911,12.542,12.756
1788213937.571019,1788213937.576004,4.985,4.941
1788213937.571019,1788213937.583925,12.906,12.952
1788213937.587441,1788213937.592454,5.013,4.528
1788213937.587441,1788213937.599976,12.535,12.534
1788213937.602976,1788213937.608495,5.519,5.004
1788213937.602976,1788213937.616495,13.519,13.007
1788213937.621280,1788213937.624280,3.000,2.903
1788213937.621280,1788213937.632477,11.197,10.925
1788213937.634587,1788213937.640337,5.750,5.166
1788213937.634587,1788213937.648319,13.733,13.178
1788213937.651263,1788213937.656312,5.050,4.640
1788213937.651263,1788213937.664834,13.571,12.647
1788213937.667112,1788213937.672650,5.538,5.284
1788213937.667112,1788213937.680685,13.573,13.290
1788213937.682379,1788213937.688447,6.068,6.164
1788213937.682379,1788213937.696454,14.075,14.171
1788213937.697455,1788213937.704458,7.002,6.743
1788213937.697455,1788213937.712633,15.178,14.764
1788213937.713635,1788213937.720163,6.528,6.507
1788213937.727788,1788213937.728776,0.988,0.095
1788213937.728776,1788213937.736111,7.335,7.862
1788213937.743228,1788213937.744196,0.967,0.999
1788213937.743228,1788213937.752214,8.986,9.007
1788213937.759903,1788213937.760818,0.915,0.208
1788213937.760818,1788213937.768306,7.488,7.800
1788213937.775361,1788213937.776882,1.521,1.311
1788213937.775361,1788213937.784883,9.522,9.317
1788213937.791484,1788213937.792475,0.991,1.191
1788213937.791484,1788213937.800036,8.552,9.201
1788213937.805860,1788213937.808976,3.116,2.460
1788213937.805860,1788213937.816670,10.810,10.469
1788213937.821336,1788213937.824329,2.993,2.885
1788213937.821336,1788213937.833019,11.683,10.894
1788213937.838702,1788213937.840729,2.027,1.310
1788213937.838702,1788213937.848411,9.710,9.318
1788213937.853111,1788213937.856842,3.730,3.484
1788213937.853111,1788213937.865044,11.932,11.500
1788213937.869711,1788213937.872702,2.991,2.692
1788213937.869711,1788213937.881106,11.395,10.728
1788213937.885198,1788213937.888797,3.599,3.646
1788213937.885198,1788213937.896762,11.564,11.650
1788213937.900329,1788213937.904343,4.015,4.610
1788213937.900329,1788213937.912863,12.535,12.625
1788213937.915367,1788213937.920379,5.011,4.758
1788213937.915367,1788213937.928370,13.003,12.765
1788213937.931898,1788213937.937244,5.347,4.296
1788213937.931898,1788213937.944576,12.678,12.318
1788213937.947956,1788213937.952923,4.968,4.289
1788213937.947956,1788213937.961190,13.234,12.302
1788213937.963092,1788213937.969096,6.005,5.796
1788213937.963092,1788213937.976623,13.531,13.803
1788213937.978648,1788213937.985227,6.579,5.784
1788213937.978648,1788213937.992979,14.330,13.809
1788213937.992979,1788213938.001168,8.189,7.338
1788213938.007854,1788213938.007854,0.000,0.182
1788213938.007854,1788213938.016623,8.769,8.216
1788213938.023623,1788213938.024969,1.346,0.551
1788213938.023623,1788213938.033069,9.446,8.570
1788213938.040151,1788213938.041250,1.099,0.070
1788213938.040151,1788213938.048764,8.614,8.079
1788213938.055872,1788213938.057130,1.257,0.858
1788213938.055872,1788213938.065152,9.280,8.873
1788213938.071664,1788213938.072663,1.000,1.010
1788213938.071664,1788213938.080731,9.067,9.019
1788213938.086222,1788213938.088748,2.526,1.926
1788213938.086222,1788213938.096749,10.527,9.933
1788213938.101747,1788213938.104740,2.993,2.944
1788213938.101747,1788213938.113150,11.402,10.961
1788213938.117673,1788213938.120668,2.995,2.715
1788213938.117673,1788213938.129007,11.334,10.724
1788213938.133852,1788213938.137020,3.167,3.373
1788213938.133852,1788213938.145130,11.277,11.387
1788213938.148676,1788213938.152678,4.001,3.708
1788213938.148676,1788213938.160728,12.051,11.725
1788213938.164727,1788213938.168725,3.999,3.941
1788213938.164727,1788213938.176766,12.039,11.945
1788213938.180767,1788213938.184765,3.998,4.528
1788213938.180767,1788213938.193355,12.588,12.535
1788213938.196294,1788213938.201306,5.012,4.792
1788213938.196294,1788213938.209246,12.952,12.813
1788213938.212105,1788213938.216851,4.746,5.251
1788213938.212105,1788213938.225554,13.449,13.264
1788213938.226675,1788213938.232746,6.071,6.647
1788213938.226675,1788213938.240746,14.071,14.655
1788213938.242747,1788213938.248822,6.075,6.556
1788213938.242747,1788213938.257327,14.580,14.591
1788213938.258328,1788213938.264326,5.998,7.125
1788213938.272671,1788213938.273674,1.003,0.040
1788213938.273674,1788213938.281672,7.998,7.810
1788213938.289194,1788213938.289194,0.000,0.030
1788213938.289194,1788213938.297720,8.525,8.044
1788213938.303720,1788213938.304720,1.000,1.076
1788213938.303720,1788213938.313034,9.314,9.085
1788213938.318554,1788213938.321558,3.003,2.501
1788213938.318554,1788213938.329097,10.543,10.509
1788213938.335620,1788213938.337138,1.518,1.900
1788213938.335620,1788213938.345452,9.832,9.907
1788213938.351678,1788213938.353675,1.997,1.875
1788213938.351678,1788213938.361722,10.044,9.891
1788213938.366253,1788213938.369253,3.000,3.216
1788213938.366253,1788213938.377783,11.530,11.236
1788213938.380863,1788213938.385869,5.006,3.991
1788213938.380863,1788213938.393160,12.297,11.996
1788213938.396263,1788213938.401255,4.992,4.648
1788213938.396263,1788213938.409888,13.624,12.658
1788213938.412781,1788213938.417463,4.681,4.314
1788213938.412781,1788213938.425577,12.795,12.317
1788213938.428900,1788213938.432978,4.078,4.809
1788213938.428900,1788213938.441187,12.287,12.814
1788213938.443150,1788213938.449861,6.711,6.073
1788213938.443150,1788213938.457470,14.321,14.080
1788213938.459512,1788213938.465272,5.760,5.871
1788213938.459512,1788213938.473039,13.527,13.873
1788213938.475052,1788213938.481747,6.695,6.689
1788213938.475052,1788213938.489793,14.741,14.692
1788213938.489793,1788213938.497795,8.002,7.135
1788213938.489793,1788213938.504507,14.714,15.142
1788213938.506098,1788213938.513225,7.127,6.677
1788213938.506098,1788213938.521912,15.814,14.680
1788213938.521912,1788213938.529546,7.634,7.350
1788213938.521912,1788213938.537632,15.720,15.358
1788213938.537632,1788213938.545734,8.103,7.589
1788213938.537632,1788213938.553764,16.132,15.601
1788213938.553764,1788213938.562045,8.281,7.482
1788213938.569048,1788213938.570049,1.001,0.405
1788213938.569048,1788213938.577749,8.701,8.414
1788213938.584760,1788213938.585370,0.609,0.819
1788213938.584760,1788213938.594140,9.379,8.831
1788213938.600134,1788213938.601822,1.687,1.738
1788213938.600134,1788213938.609143,9.008,9.756
1788213938.614868,1788213938.617892,3.024,2.374
1788213938.614868,1788213938.625451,10.583,10.386
1788213938.630506,1788213938.633594,3.088,2.877
1788213938.630506,1788213938.641585,11.079,10.891
1788213938.645773,1788213938.649822,4.049,3.432
1788213938.645773,1788213938.658036,12.263,11.452
1788213938.661899,1788213938.665899,4.000,3.573
1788213938.661899,1788213938.673598,11.699,11.579
1788213938.676609,1788213938.681601,4.992,5.067
1788213938.676609,1788213938.689589,12.980,13.079
1788213938.692204,1788213938.698225,6.021,5.903
1788213938.692204,1788213938.705746,13.542,13.910
1788213938.706745,1788213938.713954,7.209,6.961
1788213938.706745,1788213938.721579,14.833,14.967
1788213938.722610,1788213938.729475,6.864,6.996
1788213938.722610,1788213938.737520,14.910,15.007
1788213938.739084,1788213938.745695,6.611,6.333
1788213938.753747,1788213938.753747,0.000,0.083
1788213938.753747,1788213938.762370,8.623,7.765
1788213938.769036,1788213938.770033,0.997,0.664
1788213938.769036,1788213938.777716,8.680,8.671
1788213938.784331,1788213938.786406,2.075,1.157
1788213938.784331,1788213938.794105,9.774,9.163
1788213938.800087,1788213938.802123,2.035,1.375
1788213938.800087,1788213938.809056,8.968,9.382
1788213938.815581,1788213938.817575,1.994,2.021
1788213938.815581,1788213938.825633,10.052,10.029
1788213938.831634,1788213938.833633,1.999,1.998
1788213938.831634,1788213938.842161,10.528,10.006
1788213938.848486,1788213938.850489,2.002,1.585
1788213938.848486,1788213938.858000,9.514,9.591
1788213938.862542,1788213938.866064,3.522,2.848
1788213938.862542,1788213938.873770,11.228,10.852
1788213938.878759,1788213938.882003,3.244,3.361
1788213938.878759,1788213938.890487,11.728,11.370
1788213938.893513,1788213938.898517,5.004,4.055
1788213938.893513,1788213938.906522,13.010,12.061
1788213938.909254,1788213938.914236,4.982,4.336
1788213938.909254,1788213938.921141,11.888,12.365
1788213938.924845,1788213938.929805,4.961,4.598
1788213938.924845,1788213938.937836,12.992,12.608
1788213938.942430,1788213938.946641,4.212,3.960
1788213938.942430,1788213938.954369,11.939,11.956
1788213938.956972,1788213938.961991,5.018,4.800
1788213938.956972,1788213938.969992,13.020,12.827
1788213938.974753,1788213938.977751,2.998,3.268
1788213938.974753,1788213938.985787,11.034,11.272
1788213938.988133,1788213938.994211,6.078,5.192
1788213938.988133,1788213939.002213,14.080,13.202
1788213939.005279,1788213939.009869,4.590,4.792
1788213939.005279,1788213939.017870,12.591,12.807
1788213939.020869,1788213939.026386,5.517,5.554
1788213939.020869,1788213939.034392,13.523,13.565
1788213939.035393,1788213939.041393,6.000,6.345
1788213939.035393,1788213939.050435,15.042,14.352
1788213939.052427,1788213939.058695,6.268,6.169
1788213939.052427,1788213939.066763,14.336,14.179
1788213939.066763,1788213939.074278,7.515,6.950
1788213939.066763,1788213939.082407,15.644,14.957
1788213939.083407,1788213939.089919,6.512,7.127
1788213939.083407,1788213939.097934,14.527,15.137
1788213939.099934,1788213939.106241,6.307,6.527
1788213939.113432,1788213939.114424,0.992,0.544
1788213939.113432,1788213939.122429,8.997,8.569
1788213939.129431,1788213939.130432,1.000,0.678
1788213939.129431,1788213939.138432,9.001,8.687
1788213939.145652,1788213939.145652,0.000,0.710
1788213939.145652,1788213939.154293,8.641,8.719
1788213939.160903,1788213939.162918,2.016,1.282
1788213939.160903,1788213939.170439,9.536,9.287
1788213939.175654,1788213939.178661,3.007,2.356
1788213939.175654,1788213939.186178,10.524,10.360
1788213939.192221,1788213939.194240,2.019,1.984
1788213939.192221,1788213939.202765,10.544,9.992
1788213939.207760,1788213939.210445,2.685,1.964
1788213939.207760,1788213939.218444,10.684,9.969
1788213939.224089,1788213939.226093,2.003,2.530
1788213939.224089,1788213939.234823,10.734,10.534
1788213939.239830,1788213939.242827,2.997,2.627
1788213939.239830,1788213939.250517,10.687,10.635
1788213939.254532,1788213939.258121,3.589,3.555
1788213939.254532,1788213939.266909,12.377,11.596
1788213939.271588,1788213939.274594,3.006,2.948
1788213939.271588,1788213939.282947,11.359,10.959
1788213939.288578,1788213939.290561,1.983,1.706
1788213939.288578,1788213939.299129,10.551,9.716
1788213939.304651,1788213939.306652,2.000,2.280
1788213939.304651,1788213939.315176,10.524,10.299
1788213939.318257,1788213939.322244,3.987,4.526
1788213939.318257,1788213939.330973,12.716,12.532
1788213939.332968,1788213939.338968,6.000,5.214
1788213939.332968,1788213939.346584,13.616,13.216
1788213939.349580,1788213939.354313,4.733,5.315
1788213939.349580,1788213939.362993,13.413,13.328
1788213939.364579,1788213939.370677,6.098,5.455
1788213939.364579,1788213939.378412,13.833,13.462
1788213939.381426,1788213939.386699,5.273,5.587
1788213939.381426,1788213939.394367,12.941,13.590
1788213939.396374,1788213939.402078,5.704,5.815
1788213939.396374,1788213939.410758,14.385,13.822
1788213939.411786,1788213939.418453,6.666,6.701
1788213939.411786,1788213939.426445,14.659,14.730
1788213939.428454,1788213939.434767,6.313,5.909
1788213939.428454,1788213939.442866,14.412,13.919
1788213939.442866,1788213939.450545,7.679,7.800
1788213939.442866,1788213939.458969,16.104,15.808
1788213939.459976,1788213939.466971,6.995,6.838
1788213939.459976,1788213939.474683,14.707,14.855
1788213939.475682,1788213939.483413,7.731,7.174
1788213939.489386,1788213939.490979,1.593,1.164
1788213939.489386,1788213939.498754,9.368,9.172
1788213939.504672,1788213939.506768,2.096,1.974
1788213939.504672,1788213939.515178,10.507,9.984
1788213939.520125,1788213939.523166,3.042,2.255
1788213939.520125,1788213939.531188,11.064,10.260
1788213939.534972,1788213939.538973,4.001,3.936
1788213939.534972,1788213939.546647,11.675,11.959
1788213939.551661,1788213939.555358,3.697,3.120
1788213939.551661,1788213939.562653,10.992,11.128
1788213939.565659,1788213939.570654,4.995,4.801
1788213939.565659,1788213939.579001,13.342,12.802
1788213939.581057,1788213939.586960,5.903,5.632
1788213939.581057,1788213939.595363,14.306,13.648
1788213939.596353,1788213939.603349,6.996,6.476
1788213939.596353,1788213939.611412,15.059,14.486
1788213939.613411,1788213939.618926,5.515,5.919
1788213939.613411,1788213939.627541,14.130,13.926
1788213939.627541,1788213939.635475,7.934,7.042
1788213939.627541,1788213939.643007,15.465,15.046
1788213939.643007,1788213939.651008,8.001,7.480
1788213939.658791,1788213939.658791,0.000,0.467
1788213939.658791,1788213939.667340,8.549,8.478
1788213939.674416,1788213939.675020,0.604,0.697
1788213939.674416,1788213939.683043,8.627,8.704
1788213939.689042,1788213939.691561,2.519,1.639
1788213939.689042,1788213939.699249,10.206,9.647
1788213939.705947,1788213939.706943,0.996,1.500
1788213939.705947,1788213939.715619,9.672,9.516
1788213939.720548,1788213939.723622,3.074,2.375
1788213939.720548,1788213939.731218,10.670,10.388
1788213939.736837,1788213939.738890,2.053,2.398
1788213939.736837,1788213939.747452,10.616,10.419
1788213939.751488,1788213939.755128,3.639,3.626
1788213939.751488,1788213939.763783,12.295,11.633
1788213939.766790,1788213939.771790,4.999,4.740
1788213939.766790,1788213939.779176,12.386,12.764
1788213939.782782,1788213939.787865,5.083,4.289
1788213939.782782,1788213939.795248,12.466,12.300
1788213939.798667,1788213939.803677,5.010,4.977
1788213939.798667,1788213939.810201,11.534,12.994
1788213939.814328,1788213939.819328,5.000,5.091
1788213939.814328,1788213939.827854,13.526,13.107
1788213939.828861,1788213939.835384,6.523,6.232
1788213939.828861,1788213939.843384,14.523,14.237
1788213939.844458,1788213939.851809,7.351,6.302
1788213939.844458,1788213939.859430,14.972,14.316
1788213939.860406,1788213939.867952,7.546,6.982
1788213939.860406,1788213939.875473,15.067,14.991
1788213939.878287,1788213939.883948,5.661,5.065
1788213939.878287,1788213939.891536,13.248,13.075
1788213939.892658,1788213939.899630,6.972,6.659
1788213939.892658,1788213939.907631,14.973,14.666
1788213939.908624,1788213939.915886,7.262,6.419
1788213939.908624,1788213939.923919,15.296,14.424
1788213939.924920,1788213939.931917,6.997,6.804
1788213939.938881,1788213939.939920,1.040,0.728
1788213939.938881,1788213939.947348,8.467,8.739
1788213939.954395,1788213939.955397,1.002,0.632
1788213939.954395,1788213939.963448,9.053,8.656
1788213939.969968,1788213939.971481,1.512,0.964
1788213939.969968,1788213939.979764,9.795,8.990
1788213939.984860,1788213939.987936,3.076,2.353
1788213939.984860,1788213939.995449,10.589,10.361
1788213940.001542,1788213940.003541,1.999,1.967
1788213940.001542,1788213940.011531,9.990,9.991
1788213940.016224,1788213940.020147,3.922,2.904
1788213940.016224,1788213940.027662,11.438,10.923
1788213940.031663,1788213940.036263,4.600,3.561
1788213940.031663,1788213940.044270,12.607,11.572
1788213940.047269,1788213940.051789,4.521,3.714
1788213940.047269,1788213940.060304,13.035,11.732
1788213940.063907,1788213940.068025,4.118,3.836
1788213940.063907,1788213940.075591,11.684,11.846
1788213940.078651,1788213940.084311,5.660,4.714
1788213940.078651,1788213940.092329,13.678,12.718
1788213940.093851,1788213940.099845,5.995,5.551
1788213940.093851,1788213940.107847,13.996,13.565
1788213940.113893,1788213940.115891,1.999,2.277
1788213940.113893,1788213940.123891,9.998,10.282
1788213940.124891,1788213940.132418,7.528,6.906
1788213940.124891,1788213940.139922,15.031,14.917
1788213940.140918,1788213940.147923,7.006,6.396
1788213940.140918,1788213940.155636,14.719,14.400
1788213940.157638,1788213940.164162,6.524,6.579
1788213940.157638,1788213940.172263,14.626,14.590
1788213940.172263,1788213940.179793,7.530,7.157
1788213940.187794,1788213940.187794,0.000,0.059
1788213940.187794,1788213940.196318,8.524,8.065
1788213940.203320,1788213940.204322,1.002,0.554
1788213940.203320,1788213940.211850,8.530,8.561
1788213940.219380,1788213940.220387,1.006,0.016
1788213940.219380,1788213940.228380,9.000,8.022
1788213940.235969,1788213940.235969,0.000,0.054
1788213940.235969,1788213940.243978,8.009,8.059
1788213940.250601,1788213940.251694,1.094,0.787
1788213940.250601,1788213940.260324,9.723,8.796
1788213940.267653,1788213940.268576,0.923,0.184
1788213940.267653,1788213940.276563,8.909,8.198
1788213940.282083,1788213940.284076,1.993,1.629
1788213940.282083,1788213940.292604,10.522,9.643
1788213940.300127,1788213940.300127,0.000,0.028
1788213940.300127,1788213940.307643,7.516,8.046
1788213940.314933,1788213940.317101,2.168,1.616
1788213940.314933,1788213940.324876,9.943,9.634
1788213940.330273,1788213940.332633,2.361,2.175
1788213940.330273,1788213940.340769,10.496,10.184
1788213940.344775,1788213940.348782,4.007,3.109
1788213940.344775,1788213940.356868,12.093,11.113
1788213940.359876,1788213940.364392,4.516,4.535
1788213940.359876,1788213940.372921,13.045,12.543
1788213940.375921,1788213940.380445,4.525,4.013
1788213940.375921,1788213940.388968,13.047,12.017
1788213940.392672,1788213940.396686,4.013,3.561
1788213940.392672,1788213940.404686,12.013,11.564
1788213940.407689,1788213940.412998,5.309,4.144
1788213940.407689,1788213940.420528,12.840,12.158
1788213940.423520,1788213940.429038,5.518,4.633
1788213940.423520,1788213940.436085,12.565,12.637
1788213940.439172,1788213940.444178,5.006,5.134
1788213940.439172,1788213940.452847,13.675,13.141
1788213940.455892,1788213940.460803,4.910,4.935
1788213940.455892,1788213940.468848,12.955,12.943
1788213940.470915,1788213940.476935,6.020,5.527
1788213940.470915,1788213940.484556,13.641,13.535
1788213940.486577,1788213940.492869,6.293,5.588
1788213940.486577,1788213940.500972,14.395,13.592
1788213940.501961,1788213940.508972,7.012,6.473
1788213940.501961,1788213940.516355,14.394,14.485
1788213940.517344,1788213940.524329,6.984,7.151
1788213940.517344,1788213940.533046,15.702,15.158
1788213940.533046,1788213940.540734,7.688,7.258
1788213940.533046,1788213940.549054,16.008,15.266
1788213940.549054,1788213940.557010,7.957,7.514
1788213940.549054,1788213940.565015,15.962,15.518
1788213940.565015,1788213940.572760,7.745,7.378
1788213940.580286,1788213940.581285,0.999,0.300
1788213940.580286,1788213940.588881,8.595,8.324
1788213940.595566,1788213940.596569,1.003,0.996
1788213940.595566,1788213940.604571,9.005,9.001
1788213940.611229,1788213940.613251,2.022,0.998
1788213940.611229,1788213940.620945,9.717,9.017
1788213940.628244,1788213940.629261,1.016,0.041
1788213940.628244,1788213940.637263,9.018,8.049
1788213940.643259,1788213940.645262,2.003,1.649
1788213940.643259,1788213940.652949,9.690,9.667
1788213940.658669,1788213940.660755,2.087,2.338
1788213940.658669,1788213940.668871,10.202,10.348
1788213940.673872,1788213940.676574,2.701,3.142
1788213940.673872,1788213940.685204,11.332,11.147
1788213940.688804,1788213940.693405,4.601,3.912
1788213940.688804,1788213940.700515,11.711,11.921
1788213940.704626,1788213940.709417,4.791,4.014
1788213940.704626,1788213940.717069,12.443,12.024
1788213940.720005,1788213940.725044,5.040,4.403
1788213940.720005,1788213940.732773,12.769,12.411
1788213940.735743,1788213940.740761,5.018,5.241
1788213940.735743,1788213940.749293,13.550,13.248
1788213940.752306,1788213940.756666,4.360,4.930
1788213940.752306,1788213940.764457,12.151,12.937
1788213940.768161,1788213940.772865,4.704,4.950
1788213940.768161,1788213940.781541,13.380,12.952
1788213940.782538,1788213940.788532,5.993,6.173
1788213940.782538,1788213940.797424,14.886,14.195
1788213940.799437,1788213940.805439,6.002,5.761
1788213940.799437,1788213940.812028,12.591,13.769
1788213940.814733,1788213940.821254,6.521,6.236
1788213940.828884,1788213940.828884,0.000,0.031
1788213940.828884,1788213940.837204,8.321,7.749
1788213940.828884,1788213940.845285,16.401,15.775
1788213940.845285,1788213940.852979,7.694,7.693
1788213940.859577,1788213940.861677,2.100,1.240
1788213940.859577,1788213940.869402,9.825,9.253
1788213940.874771,1788213940.877676,2.905,2.103
1788213940.874771,1788213940.885481,10.710,10.115
1788213940.889992,1788213940.893006,3.015,2.695
1788213940.889992,1788213940.901603,11.611,10.700
1788213940.905220,1788213940.909219,3.999,3.551
1788213940.905220,1788213940.917575,12.356,11.564
1788213940.920569,1788213940.925595,5.025,4.258
1788213940.920569,1788213940.933599,13.030,12.267
1788213940.935591,1788213940.941591,5.999,5.769
1788213940.935591,1788213940.949287,13.695,13.777
1788213940.951289,1788213940.957519,6.230,5.991
1788213940.951289,1788213940.965634,14.345,13.995
1788213940.967230,1788213940.973327,6.098,5.687
1788213940.967230,1788213940.980947,13.718,13.706
1788213940.983038,1788213940.989175,6.137,5.886
1788213940.983038,1788213940.997891,14.854,13.904
1788213940.999812,1788213941.006135,6.323,5.393
1788213940.999812,1788213941.013556,13.744,13.399
1788213941.015656,1788213941.021785,6.129,6.144
1788213941.015656,1788213941.029832,14.177,14.156
1788213941.029832,1788213941.037829,7.997,7.177
1788213941.029832,1788213941.045512,15.679,15.192
1788213941.045512,1788213941.053955,8.443,7.325
1788213941.059792,1788213941.061857,2.065,1.369
1788213941.059792,1788213941.069421,9.630,9.388
1788213941.075426,1788213941.077923,2.496,1.097
1788213941.075426,1788213941.086051,10.625,9.114
1788213941.091312,1788213941.093310,1.998,1.635
1788213941.091312,1788213941.101509,10.197,9.660
1788213941.108553,1788213941.109553,1.000,1.285
1788213941.108553,1788213941.117612,9.059,9.308
1788213941.123616,1788213941.126142,2.526,1.738
1788213941.123616,1788213941.134139,10.523,9.746
1788213941.138139,1788213941.142139,4.001,3.193
1788213941.138139,1788213941.149669,11.531,11.197
1788213941.153670,1788213941.157669,3.999,3.804
1788213941.153670,1788213941.165773,12.104,11.809
1788213941.169193,1788213941.174181,4.989,4.331
1788213941.169193,1788213941.181452,12.259,12.338
1788213941.184541,1788213941.189894,5.353,4.641
1788213941.184541,1788213941.197595,13.053,12.648
1788213941.200591,1788213941.206129,5.538,4.744
1788213941.200591,1788213941.214134,13.543,12.753
1788213941.217126,1788213941.221408,4.282,4.639
1788213941.217126,1788213941.229955,12.829,12.644
1788213941.232955,1788213941.237954,4.999,4.998
1788213941.232955,1788213941.245468,12.513,13.005
1788213941.247482,1788213941.253590,6.108,5.732
1788213941.247482,1788213941.261583,14.101,13.740
1788213941.266145,1788213941.270234,4.089,3.789
1788213941.266145,1788213941.278156,12.011,11.807
1788213941.278891,1788213941.286090,7.199,6.318
1788213941.278891,1788213941.293157,14.266,14.331
1788213941.295846,1788213941.302448,6.602,5.788
1788213941.295846,1788213941.310047,14.200,13.799
1788213941.310047,1788213941.318359,8.312,7.664
1788213941.310047,1788213941.325458,15.411,15.675
1788213941.326848,1788213941.334206,7.358,7.249
1788213941.326848,1788213941.342456,15.608,15.307
1788213941.342456,1788213941.350506,8.050,7.710
1788213941.357587,1788213941.358089,0.503,0.484
1788213941.357587,1788213941.365619,8.032,8.497
1788213941.374140,1788213941.374140,0.000,0.041
1788213941.374140,1788213941.382709,8.569,8.056
1788213941.388804,1788213941.389807,1.002,0.928
1788213941.388804,1788213941.398482,9.677,8.936
1788213941.405197,1788213941.406140,0.942,0.722
1788213941.405197,1788213941.413805,8.607,8.729
1788213941.420411,1788213941.422549,2.138,2.092
1788213941.420411,1788213941.430231,9.820,10.101
1788213941.436251,1788213941.438258,2.007,1.657
1788213941.436251,1788213941.446028,9.777,9.662
1788213941.451750,1788213941.454748,2.999,1.961
1788213941.451750,1788213941.462171,10.421,9.967
1788213941.465887,1788213941.469995,4.108,4.321
1788213941.465887,1788213941.478067,12.181,12.326
1788213941.482090,1788213941.485832,3.742,4.194
1788213941.482090,1788213941.493833,11.742,12.203
1788213941.497129,1788213941.502146,5.017,4.442
1788213941.497129,1788213941.510144,13.015,12.453
1788213941.514719,1788213941.518402,3.683,3.744
1788213941.514719,1788213941.526174,11.456,11.754
1788213941.530202,1788213941.534190,3.989,4.035
1788213941.530202,1788213941.542755,12.553,12.039
1788213941.544832,1788213941.550849,6.017,5.153
1788213941.544832,1788213941.558072,13.240,13.166
1788213941.560180,1788213941.566855,6.675,5.894
1788213941.560180,1788213941.574464,14.284,13.927
1788213941.578450,1788213941.582366,3.916,4.296
1788213941.578450,1788213941.590413,11.963,12.298
1788213941.592417,1788213941.598943,6.526,5.590
1788213941.606560,1788213941.606560,0.000,0.041
1788213941.606560,1788213941.614568,8.008,8.052
1788213941.622094,1788213941.622094,0.000,0.069
1788213941.622094,1788213941.630701,8.607,7.819
1788213941.637205,1788213941.638724,1.519,1.367
1788213941.637205,1788213941.646732,9.527,9.395
1788213941.651437,1788213941.654428,2.991,2.517
1788213941.651437,1788213941.662568,11.130,10.523
1788213941.666663,1788213941.669629,2.966,3.333
1788213941.666663,1788213941.679164,12.501,11.349
1788213941.683856,1788213941.686457,2.602,2.730
1788213941.683856,1788213941.695018,11.163,10.753
1788213941.698032,1788213941.703110,5.078,4.336
1788213941.698032,1788213941.710354,12.321,12.344
1788213941.713345,1788213941.719001,5.656,4.819
1788213941.713345,1788213941.727077,13.732,12.829
1788213941.730068,1788213941.735074,5.006,4.335
1788213941.730068,1788213941.742710,12.642,12.340
1788213941.743813,1788213941.750416,6.603,6.785
1788213941.743813,1788213941.759116,15.303,14.791
1788213941.759116,1788213941.767040,7.924,6.848
1788213941.759116,1788213941.774690,15.574,14.864
1788213941.775688,1788213941.783304,7.616,6.664
1788213941.775688,1788213941.790477,14.788,14.671
1788213941.791431,1788213941.798464,7.033,7.363
1788213941.805981,1788213941.806980,0.999,0.206
1788213941.806980,1788213941.813980,7.000,7.843
1788213941.822555,1788213941.822555,0.000,0.103
1788213941.822555,1788213941.830594,8.039,8.120
1788213941.836683,1788213941.838672,1.990,1.888
1788213941.836683,1788213941.847354,10.672,9.895
1788213941.852028,1788213941.855079,3.051,2.639
1788213941.852028,1788213941.862684,10.655,10.646
1788213941.868295,1788213941.871390,3.095,1.951
1788213941.868295,1788213941.879067,10.772,9.966
1788213941.883440,1788213941.887105,3.664,2.937
1788213941.883440,1788213941.894135,10.695,10.941
1788213941.899857,1788213941.903140,3.283,3.108
1788213941.899857,1788213941.911135,11.278,11.121
1788213941.915136,1788213941.919136,3.999,3.486
1788213941.915136,1788213941.927176,12.040,11.497
1788213941.931275,1788213941.935276,4.001,4.072
1788213941.931275,1788213941.942532,11.257,12.074
1788213941.946138,1788213941.951239,5.100,4.334
1788213941.946138,1788213941.959230,13.092,12.351
1788213941.960828,1788213941.967388,6.560,6.037
1788213941.960828,1788213941.975075,14.247,14.058
1788213941.978069,1788213941.982754,4.685,5.219
1788213941.978069,1788213941.991139,13.070,13.240
1788213941.992616,1788213941.998879,6.263,6.727
1788213941.992616,1788213942.007528,14.911,14.745
1788213942.007528,1788213942.015288,7.761,7.467
1788213942.022997,1788213942.022997,0.000,0.425
1788213942.022997,1788213942.030988,7.991,8.435
1788213942.036978,1788213942.039616,2.637,1.624
1788213942.036978,1788213942.047628,10.649,9.638
1788213942.053622,1788213942.055657,2.035,1.016
1788213942.053622,1788213942.063585,9.963,9.043
1788213942.068567,1788213942.071317,2.750,2.904
1788213942.068567,1788213942.079488,10.921,10.924
1788213942.083490,1788213942.087012,3.522,3.143
1788213942.083490,1788213942.095323,11.833,11.161
1788213942.098890,1788213942.102897,4.007,4.206
1788213942.098890,1788213942.111407,12.517,12.218
1788213942.114408,1788213942.119687,5.279,4.807
1788213942.114408,1788213942.127335,12.928,12.814
1788213942.130335,1788213942.135334,4.999,4.812
1788213942.130335,1788213942.143384,13.050,12.819
1788213942.147385,1788213942.151893,4.508,4.239
1788213942.147385,1788213942.159397,12.013,12.246
1788213942.161407,1788213942.167219,5.812,5.563
1788213942.161407,1788213942.175732,14.325,13.568
1788213942.176732,1788213942.183242,6.510,6.084
1788213942.176732,1788213942.191736,15.004,14.085
1788213942.192738,1788213942.199347,6.609,5.701
1788213942.192738,1788213942.207351,14.613,13.711
1788213942.208349,1788213942.215342,6.992,6.734
1788213942.208349,1788213942.223403,15.054,14.761
1788213942.223403,1788213942.231792,8.389,7.495
1788213942.239303,1788213942.239303,0.000,0.027
1788213942.239303,1788213942.247310,8.007,7.765
1788213942.254836,1788213942.255845,1.008,0.474
1788213942.254836,1788213942.263882,9.046,8.482
1788213942.270925,1788213942.271942,1.017,0.062
1788213942.270925,1788213942.279456,8.531,8.073
1788213942.286471,1788213942.287654,1.183,0.536
1788213942.286471,1788213942.295691,9.221,8.551
1788213942.301720,1788213942.303718,1.998,1.608
1788213942.301720,1788213942.311942,10.222,9.625
1788213942.317469,1788213942.319469,2.000,1.906
1788213942.317469,1788213942.327994,10.525,9.914
1788213942.333983,1788213942.335990,2.007,1.991
1788213942.333983,1788213942.344041,10.057,10.003
1788213942.348568,1788213942.351570,3.002,2.891
1788213942.348568,1788213942.360095,11.527,10.897
1788213942.363859,1788213942.367875,4.016,3.530
1788213942.363859,1788213942.375432,11.573,11.551
1788213942.378948,1788213942.383965,5.016,4.251
1788213942.378948,1788213942.392006,13.058,12.263
1788213942.394005,1788213942.400047,6.041,5.492
1788213942.394005,1788213942.407571,13.565,13.500
1788213942.411085,1788213942.415608,4.523,4.153
1788213942.411085,1788213942.423765,12.680,12.162
1788213942.424774,1788213942.432292,7.518,6.910
1788213942.424774,1788213942.439815,15.041,14.916
1788213942.439815,1788213942.447613,7.798,7.220
1788213942.455605,1788213942.455605,0.000,0.039
1788213942.455605,1788213942.464159,8.554,8.040
1788213942.471676,1788213942.471676,0.000,0.395
1788213942.471676,1788213942.480200,8.524,8.409
1788213942.487209,1788213942.488244,1.035,0.996
1788213942.487209,1788213942.495250,8.041,9.017
1788213942.503305,1788213942.503305,0.000,0.900
1788213942.503305,1788213942.512493,9.187,8.907
1788213942.517508,1788213942.520241,2.733,2.586
1788213942.517508,1788213942.528456,10.948,10.594
1788213942.532814,1788213942.535813,2.999,3.304
1788213942.532814,1788213942.544311,11.497,11.313
1788213942.547318,1788213942.551831,4.513,3.899
1788213942.547318,1788213942.560361,13.042,11.914
1788213942.563360,1788213942.568430,5.070,4.796
1788213942.563360,1788213942.576434,13.073,12.802
1788213942.577434,1788213942.584471,7.037,6.506
1788213942.577434,1788213942.592511,15.077,14.509
1788213942.593102,1788213942.600461,7.359,7.169
1788213942.593102,1788213942.608109,15.007,15.175
1788213942.609077,1788213942.616268,7.191,6.806
1788213942.609077,1788213942.623955,14.878,14.817
1788213942.625533,1788213942.632425,6.892,6.455
1788213942.625533,1788213942.639677,14.144,14.459
1788213942.639677,1788213942.648407,8.729,7.748
1788213942.656142,1788213942.656142,0.000,0.033
1788213942.656142,1788213942.664207,8.064,8.041
1788213942.671206,1788213942.672209,1.002,0.531
1788213942.671206,1788213942.680303,9.096,8.546
1788213942.671206,1788213942.688896,17.690,16.643
1788213942.688385,1788213942.695429,7.044,7.778
1788213942.702944,1788213942.703947,1.003,1.183
1788213942.702944,1788213942.711937,8.993,9.184
1788213942.718545,1788213942.719525,0.980,1.580
1788213942.718545,1788213942.728051,9.506,9.595
1788213942.733747,1788213942.736337,2.590,2.025
1788213942.733747,1788213942.744385,10.638,10.031
1788213942.749413,1788213942.752410,2.997,2.529
1788213942.749413,1788213942.760346,10.933,10.535
1788213942.764951,1788213942.767883,2.932,2.820
1788213942.764951,1788213942.776586,11.635,10.842
1788213942.780602,1788213942.784690,4.088,3.137
1788213942.780602,1788213942.792226,11.624,11.153
1788213942.797252,1788213942.800265,3.013,3.052
1788213942.797252,1788213942.808234,10.982,11.078
1788213942.813759,1788213942.816819,3.059,3.056
1788213942.813759,1788213942.824362,10.603,11.071
1788213942.828475,1788213942.832589,4.115,3.290
1788213942.828475,1788213942.840106,11.631,11.317
1788213942.844101,1788213942.848622,4.521,4.578
1788213942.844101,1788213942.856163,12.063,12.585
1788213942.860156,1788213942.864161,4.006,4.510
1788213942.860156,1788213942.872211,12.056,12.517
1788213942.875709,1788213942.880716,5.007,4.623
1788213942.875709,1788213942.888758,13.049,12.628
1788213942.890282,1788213942.897105,6.823,5.833
1788213942.890282,1788213942.904648,14.366,13.841
1788213942.906709,1788213942.912814,6.106,6.142
1788213942.906709,1788213942.920863,14.154,14.152
1788213942.921879,1788213942.928842,6.963,6.615
1788213942.921879,1788213942.936351,14.472,14.622
1788213942.938364,1788213942.944364,6.000,6.206
1788213942.951487,1788213942.952494,1.007,1.133
1788213942.951487,1788213942.960978,9.491,9.143
1788213942.968321,1788213942.968321,0.000,0.088
1788213942.968321,1788213942.977125,8.804,8.099
1788213942.984807,1788213942.984807,0.000,0.020
1788213942.984807,1788213942.993132,8.324,8.005
1788213942.999201,1788213943.001228,2.027,1.037
1788213942.999201,1788213943.009195,9.995,9.049
1788213943.014787,1788213943.016903,2.115,1.666
1788213943.014787,1788213943.025261,10.474,9.680
1788213943.031249,1788213943.033177,1.928,1.434
1788213943.031249,1788213943.041224,9.975,9.443
1788213943.046508,1788213943.048522,2.014,2.632
1788213943.046508,1788213943.056576,10.068,10.645
1788213943.060599,1788213943.064617,4.017,3.866
1788213943.060599,1788213943.072666,12.067,11.885
1788213943.076283,1788213943.081276,4.993,3.882
1788213943.076283,1788213943.089274,12.990,11.905
1788213943.091732,1788213943.096140,4.408,4.727
1788213943.091732,1788213943.104726,12.994,12.732
1788213943.107722,1788213943.112724,5.002,4.898
1788213943.107722,1788213943.120527,12.804,12.905
1788213943.123574,1788213943.128557,4.983,4.796
1788213943.123574,1788213943.137391,13.816,12.804
1788213943.139393,1788213943.144396,5.003,5.285
1788213943.139393,1788213943.152680,13.287,13.288
1788213943.155247,1788213943.161259,6.012,5.707
1788213943.155247,1788213943.168776,13.530,13.716
1788213943.170776,1788213943.177604,6.828,5.835
1788213943.170776,1788213943.185217,14.441,13.840
1788213943.186289,1788213943.192860,6.571,6.173
1788213943.186289,1788213943.201349,15.060,14.178
1788213943.202348,1788213943.209274,6.926,6.540
1788213943.202348,1788213943.216800,14.452,14.544
1788213943.217804,1788213943.225323,7.519,6.683
1788213943.217804,1788213943.233322,15.517,14.687
1788213943.234322,1788213943.240941,6.619,6.943
1788213943.248853,1788213943.248853,0.000,0.019
1788213943.248853,1788213943.257098,8.246,8.042
1788213943.264849,1788213943.264849,0.000,0.240
1788213943.264849,1788213943.273063,8.214,8.241
1788213943.280283,1788213943.281279,0.995,0.884
1788213943.280283,1788213943.289295,9.012,8.902
1788213943.295729,1788213943.297729,1.999,1.278
1788213943.295729,1788213943.305332,9.603,9.283
1788213943.312345,1788213943.313352,1.007,0.628
1788213943.312345,1788213943.321390,9.045,8.643
1788213943.325390,1788213943.329390,4.000,3.461
1788213943.325390,1788213943.336920,11.529,11.467
1788213943.340919,1788213943.345713,4.794,3.924
1788213943.340919,1788213943.353714,12.795,11.931
1788213943.357742,1788213943.361718,3.976,3.045
1788213943.357742,1788213943.368989,11.248,11.056
1788213943.371948,1788213943.377873,5.926,5.154
1788213943.371948,1788213943.385766,13.818,13.164
1788213943.388474,1788213943.393896,5.423,5.129
1788213943.388474,1788213943.401278,12.804,13.136
1788213943.402276,1788213943.409055,6.779,6.802
1788213943.402276,1788213943.417746,15.469,14.809
1788213943.418805,1788213943.425366,6.561,6.715
1788213943.418805,1788213943.433216,14.411,14.722
1788213943.434053,1788213943.441663,7.609,7.550
1788213943.448669,1788213943.449666,0.997,0.200
1788213943.448669,1788213943.457371,8.703,8.211
1788213943.464362,1788213943.465375,1.013,0.720
1788213943.464362,1788213943.473580,9.218,8.733
1788213943.479546,1788213943.481506,1.961,1.594
1788213943.479546,1788213943.489955,10.409,9.607
1788213943.495494,1788213943.497493,1.999,2.287
1788213943.495494,1788213943.505015,9.521,10.294
1788213943.510529,1788213943.513619,3.090,2.829
1788213943.510529,1788213943.520626,10.097,10.836
1788213943.525317,1788213943.529229,3.912,3.856
1788213943.525317,1788213943.537909,12.592,11.870
1788213943.540920,1788213943.545146,4.226,4.251
1788213943.540920,1788213943.553808,12.888,12.256
1788213943.556859,1788213943.561383,4.524,4.469
1788213943.556859,1788213943.569172,12.313,12.474
1788213943.572711,1788213943.577418,4.706,4.393
1788213943.572711,1788213943.586112,13.401,12.397
1788213943.588759,1788213943.593576,4.817,3.815
1788213943.588759,1788213943.601957,13.199,11.818
1788213943.604946,1788213943.608653,3.707,5.050
1788213943.604946,1788213943.617983,13.037,13.057
1788213943.618980,1788213943.625026,6.046,6.420
1788213943.618980,1788213943.633349,14.370,14.429
1788213943.635137,1788213943.641680,6.544,6.689
1788213943.635137,1788213943.649193,14.056,14.701
1788213943.650704,1788213943.658241,7.536,6.465
1788213943.650704,1788213943.665782,15.078,14.469
1788213943.666783,1788213943.673765,6.983,6.835
1788213943.666783,1788213943.681769,14.987,14.842
1788213943.682757,1788213943.689752,6.995,6.561
1788213943.682757,1788213943.698197,15.440,14.566
1788213943.698197,1788213943.706194,7.997,7.489
1788213943.698197,1788213943.713723,15.526,15.495
1788213943.713723,1788213943.721720,7.997,7.754
1788213943.729317,1788213943.730328,1.011,0.113
1788213943.729317,1788213943.737717,8.400,7.883
1788213943.744645,1788213943.746213,1.568,0.354
1788213943.744645,1788213943.753639,8.993,8.364
1788213943.759718,1788213943.762229,2.512,2.023
1788213943.759718,1788213943.770332,10.614,10.028
1788213943.775025,1788213943.778026,3.001,2.384
1788213943.775025,1788213943.785702,10.677,10.399
1788213943.790987,1788213943.793629,2.642,2.236
1788213943.790987,1788213943.802316,11.330,10.245
1788213943.806317,1788213943.809319,3.002,3.212
1788213943.806317,1788213943.817619,11.302,11.225
1788213943.821718,1788213943.826460,4.742,3.659
1788213943.821718,1788213943.833819,12.101,11.684
1788213943.837816,1788213943.841818,4.003,3.902
1788213943.837816,1788213943.849815,12.000,11.919
1788213943.854419,1788213943.858570,4.151,3.744
1788213943.854419,1788213943.866576,12.156,11.756
1788213943.868094,1788213943.873625,5.531,5.853
1788213943.868094,1788213943.881891,13.798,13.867
1788213943.885419,1788213943.890492,5.073,4.924
1788213943.885419,1788213943.897861,12.442,12.932
1788213943.900535,1788213943.906541,6.006,5.102
1788213943.900535,1788213943.914201,13.666,13.112
1788213943.917207,1788213943.921733,4.527,5.024
1788213943.917207,1788213943.930419,13.213,13.051
1788213943.933014,1788213943.938112,5.098,5.101
1788213943.933014,1788213943.946666,13.652,13.106
1788213943.946666,1788213943.954354,7.688,7.083
1788213943.946666,1788213943.962366,15.700,15.090
1788213943.963330,1788213943.970360,7.030,6.909
1788213943.977970,1788213943.977970,0.000,0.485
1788213943.978961,1788213943.986717,7.755,6.669
1788213943.993497,1788213943.994596,1.099,0.561
1788213943.993497,1788213944.002286,8.789,8.569
1788213944.010291,1788213944.010291,0.000,0.189
1788213944.010291,1788213944.017998,7.707,8.197
1788213944.024626,1788213944.026741,2.114,1.012
1788213944.024626,1788213944.034430,9.804,9.020
1788213944.041429,1788213944.042426,0.997,0.940
1788213944.041429,1788213944.050350,8.922,8.950
1788213944.056862,1788213944.058857,1.996,1.715
1788213944.056862,1788213944.066007,9.145,9.734
1788213944.071006,1788213944.074051,3.046,2.761
1788213944.071006,1788213944.082768,11.763,10.776
1788213944.088766,1788213944.090768,2.002,1.915
1788213944.088766,1788213944.098659,9.893,9.930
1788213944.101746,1788213944.106952,5.206,4.141
1788213944.101746,1788213944.114547,12.800,12.158
1788213944.118550,1788213944.122546,3.996,4.032
1788213944.118550,1788213944.130769,12.219,12.051
1788213944.132770,1788213944.138163,5.393,5.435
1788213944.132770,1788213944.146163,13.393,13.445
1788213944.148164,1788213944.154191,6.027,5.494
1788213944.148164,1788213944.162722,14.558,13.494
1788213944.163719,1788213944.170129,6.410,6.412
1788213944.163719,1788213944.178964,15.245,14.429
1788213944.178964,1788213944.186527,7.563,7.022
1788213944.194134,1788213944.194134,0.000,0.431
1788213944.194134,1788213944.202630,8.495,8.435
1788213944.209633,1788213944.210626,0.993,0.413
1788213944.209633,1788213944.218172,8.539,8.418
1788213944.225192,1788213944.226186,0.993,0.768
1788213944.225192,1788213944.234713,9.521,8.777
1788213944.240717,1788213944.242717,2.000,1.378
1788213944.240717,1788213944.250242,9.525,9.388
1788213944.257263,1788213944.258274,1.011,0.974
1788213944.257263,1788213944.266289,9.026,8.977
1788213944.272816,1788213944.275087,2.271,1.442
1788213944.272816,1788213944.282614,9.798,9.455
1788213944.289608,1788213944.290623,1.015,1.094
1788213944.289608,1788213944.298139,8.531,9.104
1788213944.305671,1788213944.306672,1.001,1.077
1788213944.305671,1788213944.315175,9.504,9.089
1788213944.320192,1788213944.322191,1.999,2.054
1788213944.320192,1788213944.330730,10.538,10.065
1788213944.335423,1788213944.339027,3.603,3.067
1788213944.335423,1788213944.346944,11.521,11.074
1788213944.351005,1788213944.355451,4.446,3.988
1788213944.351005,1788213944.363264,12.259,11.990
1788213944.368279,1788213944.371267,2.988,2.418
1788213944.368279,1788213944.379034,10.755,10.433
1788213944.382032,1788213944.387024,4.991,4.952
1788213944.382032,1788213944.394913,12.881,12.964
1788213944.398015,1788213944.403018,5.003,5.141
1788213944.398015,1788213944.410802,12.787,13.151
1788213944.412800,1788213944.418801,6.001,5.736
1788213944.412800,1788213944.427327,14.527,13.754
1788213944.429428,1788213944.435333,5.906,5.551
1788213944.429428,1788213944.443317,13.889,13.554
1788213944.445302,1788213944.451304,6.002,5.598
1788213944.445302,1788213944.459238,13.936,13.610
1788213944.461352,1788213944.467326,5.974,5.315
1788213944.461352,1788213944.475029,13.677,13.324
1788213944.476036,1788213944.482743,6.706,6.368
1788213944.476036,1788213944.490743,14.707,14.373
1788213944.490743,1788213944.498962,8.218,7.631
1788213944.490743,1788213944.507241,16.498,15.637
1788213944.508253,1788213944.514974,6.721,6.918
1788213944.508253,1788213944.522675,14.422,14.926
1788213944.522675,1788213944.531361,8.686,7.319
1788213944.538110,1788213944.539019,0.909,0.429
1788213944.538110,1788213944.547087,8.976,8.434
1788213944.554760,1788213944.554760,0.000,0.187
1788213944.554760,1788213944.563465,8.705,8.192
1788213944.570367,1788213944.570912,0.545,1.012
1788213944.570367,1788213944.579388,9.021,9.031
1788213944.585480,1788213944.587108,1.628,1.965
1788213944.585480,1788213944.594333,8.852,9.971
1788213944.600023,1788213944.602766,2.743,2.790
1788213944.600023,1788213944.611277,11.254,10.797
1788213944.614795,1788213944.618818,4.022,3.912
1788213944.614795,1788213944.626862,12.067,11.928
1788213944.631576,1788213944.635093,3.517,3.382
1788213944.631576,1788213944.643104,11.528,11.399
1788213944.646621,1788213944.651621,5.001,4.143
1788213944.646621,1788213944.659190,12.569,12.150
1788213944.662196,1788213944.666986,4.790,4.671
1788213944.662196,1788213944.674987,12.790,12.677
1788213944.677520,1788213944.683217,5.697,5.592
1788213944.677520,1788213944.691300,13.781,13.598
1788213944.694000,1788213944.699374,5.374,5.462
1788213944.694000,1788213944.707664,13.664,13.478
1788213944.708799,1788213944.715566,6.767,6.515
1788213944.708799,1788213944.723109,14.310,14.525
1788213944.724621,1788213944.731635,7.014,6.445
1788213944.724621,1788213944.739159,14.539,14.450
1788213944.740159,1788213944.747161,7.002,6.743
1788213944.740159,1788213944.755678,15.520,14.752
1788213944.755678,1788213944.763757,8.079,7.317
1788213944.755678,1788213944.771450,15.771,15.330
1788213944.772166,1788213944.778999,6.832,7.444
1788213944.787003,1788213944.787003,0.000,0.047
1788213944.787994,1788213944.795304,7.309,7.749
1788213944.787994,1788213944.803318,15.324,15.768
1788213944.804419,1788213944.811332,6.913,6.674
1788213944.804419,1788213944.819713,15.294,14.681
1788213944.819713,1788213944.827480,7.766,7.437
1788213944.834895,1788213944.835778,0.883,0.321
1788213944.834895,1788213944.843863,8.968,8.333
1788213944.850870,1788213944.851867,0.997,0.086
1788213944.850870,1788213944.859083,8.213,8.106
1788213944.866102,1788213944.867083,0.981,0.931
1788213944.866102,1788213944.875284,9.182,8.939
1788213944.881379,1788213944.884070,2.691,1.548
1788213944.881379,1788213944.890675,9.295,9.570
1788213944.896971,1788213944.899079,2.108,2.523
1788213944.896971,1788213944.907603,10.632,10.536
1788213944.912619,1788213944.916142,3.523,2.625
1788213944.912619,1788213944.923667,11.048,10.646
1788213944.928186,1788213944.931191,3.005,3.028
1788213944.928186,1788213944.939712,11.526,11.021
1788213944.943793,1788213944.947488,3.694,3.357
1788213944.943793,1788213944.954778,10.985,11.369
1788213944.958469,1788213944.963460,4.991,5.205
1788213944.958469,1788213944.971395,12.926,13.214
1788213944.974429,1788213944.979791,5.362,4.988
1788213944.974429,1788213944.987796,13.367,13.000
1788213944.990399,1788213944.994640,4.241,5.327
1788213944.990399,1788213945.003901,13.502,13.351
1788213945.005890,1788213945.011807,5.917,5.323
1788213945.005890,1788213945.019897,14.007,13.333
1788213945.021890,1788213945.027402,5.512,5.661
1788213945.021890,1788213945.036090,14.200,13.678
1788213945.037682,1788213945.043780,6.099,5.898
1788213945.037682,1788213945.051783,14.102,13.909
1788213945.055069,1788213945.059072,4.003,5.050
1788213945.055069,1788213945.068432,13.363,13.074
1788213945.069432,1788213945.076125,6.694,5.959
1788213945.069432,1788213945.083760,14.328,13.972
1788213945.084765,1788213945.091764,6.999,6.886
1788213945.099948,1788213945.099948,0.000,0.074
1788213945.099948,1788213945.107967,8.019,7.790
1788213945.099948,1788213945.116473,16.526,15.889
1788213945.116473,1788213945.124009,7.535,7.772
1788213945.132558,1788213945.132558,0.000,0.057
1788213945.132558,1788213945.140558,8.000,8.061
1788213945.147593,1788213945.147593,0.000,0.487
1788213945.147593,1788213945.156103,8.510,8.503
1788213945.162352,1788213945.164354,2.002,1.631
1788213945.162352,1788213945.172868,10.517,9.638
1788213945.177292,1788213945.180291,2.999,3.017
1788213945.177292,1788213945.188346,11.054,11.024
1788213945.192404,1788213945.196406,4.002,3.750
1788213945.192404,1788213945.204470,12.066,11.762
1788213945.207474,1788213945.212990,5.516,4.459
1788213945.207474,1788213945.220989,13.515,12.466
1788213945.222989,1788213945.229006,6.017,5.260
1788213945.222989,1788213945.237075,14.085,13.267
1788213945.239076,1788213945.244594,5.518,5.071
1788213945.239076,1788213945.253118,14.042,13.088
1788213945.255123,1788213945.260648,5.526,5.143
1788213945.255123,1788213945.267659,12.537,13.161
1788213945.271191,1788213945.276779,5.589,5.246
1788213945.271191,1788213945.284873,13.682,13.255
1788213945.287561,1788213945.292255,4.694,5.041
1788213945.287561,1788213945.300963,13.402,13.058
1788213945.307061,1788213945.309068,2.007,1.013
1788213945.307061,1788213945.317061,10.000,9.032
1788213945.317061,1788213945.325061,8.001,7.303
1788213945.317061,1788213945.332408,15.348,15.304
1788213945.333408,1788213945.340422,7.014,7.662
1788213945.348012,1788213945.349091,1.079,0.289
1788213945.348012,1788213945.356104,8.092,8.297
1788213945.363790,1788213945.364802,1.013,0.284
1788213945.363790,1788213945.372796,9.007,8.305
1788213945.378980,1788213945.380988,2.008,1.523
1788213945.378980,1788213945.389093,10.113,9.535
1788213945.396094,1788213945.397094,1.001,0.967
1788213945.396094,1788213945.405161,9.068,8.989
1788213945.411207,1788213945.413214,2.007,1.189
1788213945.411207,1788213945.421287,10.080,9.195
1788213945.427899,1788213945.428945,1.047,0.372
1788213945.427899,1788213945.436999,9.100,8.385
1788213945.443029,1788213945.444953,1.924,1.979
1788213945.443029,1788213945.453361,10.332,9.987
1788213945.459048,1788213945.461052,2.004,1.555
1788213945.459048,1788213945.468643,9.595,9.557
1788213945.474729,1788213945.476726,1.997,1.733
1788213945.474729,1788213945.484537,9.808,9.744
1788213945.489151,1788213945.493219,4.067,3.234
1788213945.489151,1788213945.501334,12.182,11.241
1788213945.505397,1788213945.509001,3.603,3.731
1788213945.505397,1788213945.517097,11.700,11.760
1788213945.520102,1788213945.525099,4.997,4.867
1788213945.520102,1788213945.532705,12.603,12.876
1788213945.535783,1788213945.540785,5.002,4.435
1788213945.535783,1788213945.549473,13.690,12.439
1788213945.552471,1788213945.557483,5.013,4.751
1788213945.552471,1788213945.565433,12.962,12.753
1788213945.566473,1788213945.572855,6.381,6.208
1788213945.566473,1788213945.580553,14.080,14.220
1788213945.582148,1788213945.588861,6.714,6.607
1788213945.582148,1788213945.596929,14.781,14.613
1788213945.597937,1788213945.604993,7.056,6.523
1788213945.612734,1788213945.612734,0.000,0.034
1788213945.612734,1788213945.620726,7.992,8.041
1788213945.628968,1788213945.629473,0.505,0.085
1788213945.628968,1788213945.637527,8.559,8.093
1788213945.643532,1788213945.645045,1.513,1.231
1788213945.643532,1788213945.653053,9.521,9.239
1788213945.659067,1788213945.660901,1.833,1.832
1788213945.659067,1788213945.669438,10.371,9.850
1788213945.674438,1788213945.677439,3.001,2.076
1788213945.674438,1788213945.685656,11.218,10.082
1788213945.690639,1788213945.692642,2.004,2.716
1788213945.690639,1788213945.701190,10.552,10.720
1788213945.704894,1788213945.708807,3.914,3.841
1788213945.704894,1788213945.717323,12.430,11.850
1788213945.721326,1788213945.725323,3.997,4.079
1788213945.721326,1788213945.733653,12.327,12.096
1788213945.735750,1788213945.741735,5.984,5.121
1788213945.735750,1788213945.749370,13.620,13.124
1788213945.752290,1788213945.757386,5.096,5.238
1788213945.752290,1788213945.765630,13.340,13.242
1788213945.766740,1788213945.773723,6.982,6.053
1788213945.766740,1788213945.781409,14.668,14.057
1788213945.782419,1788213945.789757,7.338,5.994
1788213945.782419,1788213945.796753,14.333,14.001
1788213945.798356,1788213945.805300,6.944,6.443
1788213945.798356,1788213945.813005,14.649,14.445
1788213945.815991,1788213945.821610,5.619,4.903
1788213945.815991,1788213945.829591,13.600,12.908
1788213945.830675,1788213945.837577,6.902,6.699
1788213945.845177,1788213945.845177,0.000,0.037
1788213945.845177,1788213945.853229,8.051,7.784
1788213945.861270,1788213945.861270,0.000,0.345
1788213945.862283,1788213945.869954,7.670,7.322
1788213945.876981,1788213945.876981,0.000,0.325
1788213945.876981,1788213945.886057,9.076,8.403
1788213945.892657,1788213945.893729,1.072,0.869
1788213945.892657,1788213945.901979,9.322,8.876
1788213945.908072,1788213945.910076,2.005,0.950
1788213945.908072,1788213945.918091,10.020,8.957
1788213945.923689,1788213945.925795,2.106,1.664
1788213945.923689,1788213945.933451,9.762,9.679
1788213945.939439,1788213945.941866,2.427,2.018
1788213945.939439,1788213945.949983,10.544,10.036
1788213945.954989,1788213945.958019,3.029,2.334
1788213945.954989,1788213945.965675,10.686,10.342
1788213945.970600,1788213945.973683,3.083,3.036
1788213945.970600,1788213945.981407,10.808,11.046
1788213945.987443,1788213945.989826,2.383,2.324
1788213945.987443,1788213945.997268,9.825,10.330
1788213946.001364,1788213946.005078,3.713,3.871
1788213946.001364,1788213946.013765,12.401,11.871
1788213946.016787,1788213946.021766,4.979,4.520
1788213946.016787,1788213946.029207,12.420,12.528
1788213946.031914,1788213946.037902,5.987,5.458
1788213946.031914,1788213946.046268,14.354,13.460
1788213946.047401,1788213946.053856,6.454,6.128
1788213946.047401,1788213946.061662,14.260,14.135
1788213946.063684,1788213946.069559,5.876,6.413
1788213946.063684,1788213946.077561,13.878,14.420
1788213946.078565,1788213946.086027,7.462,6.888
1788213946.078565,1788213946.094029,15.464,14.891
1788213946.094029,1788213946.101975,7.947,7.709
1788213946.109508,1788213946.109508,0.000,0.182
1788213946.109508,1788213946.117832,8.324,7.708
1788213946.124827,1788213946.125830,1.003,0.594
1788213946.124827,1788213946.134559,9.732,8.632
1788213946.141577,1788213946.141577,0.000,0.080
1788213946.141577,1788213946.149740,8.162,8.096
1788213946.156843,1788213946.158301,1.457,0.079
1788213946.156843,1788213946.165626,8.782,8.105
1788213946.171623,1788213946.173622,1.999,1.794
1788213946.171623,1788213946.181690,10.067,9.809
1788213946.187081,1788213946.190081,3.000,2.366
1788213946.187081,1788213946.198082,11.001,10.371
1788213946.202117,1788213946.205761,3.644,3.678
1788213946.202117,1788213946.213767,11.650,11.684
1788213946.218771,1788213946.222293,3.522,3.261
1788213946.218771,1788213946.229810,11.039,11.264
1788213946.233824,1788213946.237823,3.999,3.693
1788213946.233824,1788213946.245823,11.999,11.702
1788213946.249824,1788213946.253824,4.000,3.701
1788213946.249824,1788213946.262330,12.506,11.710
1788213946.265338,1788213946.270338,5.000,4.383
1788213946.265338,1788213946.278340,13.002,12.397
1788213946.282862,1788213946.285854,2.992,2.727
1788213946.282862,1788213946.293862,11.000,10.745
1788213946.296888,1788213946.302407,5.519,4.668
1788213946.296888,1788213946.309927,13.040,12.677
1788213946.311921,1788213946.318436,6.515,5.656
1788213946.311921,1788213946.326659,14.737,13.675
1788213946.327650,1788213946.334164,6.514,6.721
1788213946.327650,1788213946.342697,15.047,14.745
1788213946.343688,1788213946.350697,7.008,6.213
1788213946.343688,1788213946.358222,14.534,14.225
1788213946.359224,1788213946.366522,7.298,6.942
1788213946.373529,1788213946.374530,1.001,0.470
1788213946.373529,1788213946.382559,9.030,8.494
1788213946.390574,1788213946.390574,0.000,0.136
1788213946.390574,1788213946.398566,7.992,8.150
1788213946.405692,1788213946.406694,1.001,0.080
1788213946.405692,1788213946.414213,8.521,8.090
1788213946.421737,1788213946.422729,0.992,0.584
1788213946.421737,1788213946.430251,8.514,8.596
1788213946.436803,1788213946.438059,1.256,1.912
1788213946.436803,1788213946.446582,9.779,9.917
1788213946.452428,1788213946.454433,2.005,1.955
1788213946.452428,1788213946.462390,9.962,9.962
1788213946.466903,1788213946.470896,3.993,2.940
1788213946.466903,1788213946.478436,11.533,10.944
1788213946.483953,1788213946.486480,2.527,2.744
1788213946.483953,1788213946.494486,10.533,10.750
1788213946.498488,1788213946.502006,3.517,3.858
1788213946.498488,1788213946.510141,11.652,11.871
1788213946.514143,1788213946.518141,3.998,4.078
1788213946.514143,1788213946.526184,12.041,12.083
1788213946.530201,1788213946.534640,4.439,4.097
1788213946.530201,1788213946.542673,12.471,12.101
1788213946.545223,1788213946.550230,5.007,5.324
1788213946.545223,1788213946.558232,13.009,13.333
1788213946.560233,1788213946.566754,6.521,5.852
1788213946.560233,1788213946.574290,14.057,13.859
1788213946.576289,1788213946.582800,6.511,6.256
1788213946.576289,1788213946.590814,14.525,14.262
1788213946.590814,1788213946.598819,8.005,7.185
1788213946.606358,1788213946.606358,0.000,0.060
1788213946.606358,1788213946.614371,8.013,8.066
1788213946.621763,1788213946.622761,0.999,0.703
1788213946.621763,1788213946.629818,8.056,8.724
1788213946.637510,1788213946.638169,0.659,0.967
1788213946.637510,1788213946.646950,9.440,8.980
1788213946.653477,1788213946.654477,1.000,0.845
1788213946.653477,1788213946.662531,9.054,8.858
1788213946.670030,1788213946.670541,0.512,0.557
1788213946.670030,1788213946.679074,9.044,8.565
1788213946.685611,1788213946.686605,0.994,1.229
1788213946.685611,1788213946.695131,9.520,9.234
1788213946.700657,1788213946.702663,2.006,2.062
1788213946.700657,1788213946.711163,10.506,10.066
1788213946.718256,1788213946.718256,0.000,0.665
1788213946.718256,1788213946.726247,7.991,8.671
1788213946.733441,1788213946.734497,1.056,1.380
1788213946.733441,1788213946.743220,9.779,9.406
1788213946.748221,1788213946.751242,3.021,2.033
1788213946.748221,1788213946.757963,9.742,10.042
1788213946.763667,1788213946.766662,2.995,2.964
1788213946.763667,1788213946.774661,10.994,10.971
1788213946.779657,1788213946.782670,3.014,2.952
1788213946.779657,1788213946.791065,11.408,10.964
1788213946.796021,1788213946.798972,2.951,2.949
1788213946.796021,1788213946.806600,10.579,10.955
1788213946.811601,1788213946.814601,3.000,3.320
1788213946.811601,1788213946.822642,11.042,11.327
1788213946.826642,1788213946.830719,4.077,4.063
1788213946.826642,1788213946.838461,11.819,12.069
1788213946.843149,1788213946.847142,3.994,3.337
1788213946.843149,1788213946.855164,12.015,11.344
1788213946.859128,1788213946.862839,3.711,3.617
1788213946.859128,1788213946.870747,11.620,11.633
1788213946.874849,1788213946.878753,3.904,3.591
1788213946.874849,1788213946.887472,12.623,11.603
1788213946.889539,1788213946.894906,5.367,4.863
1788213946.889539,1788213946.902852,13.313,12.868
1788213946.905888,1788213946.911332,5.444,4.856
1788213946.905888,1788213946.919304,13.416,12.864
1788213946.922310,1788213946.926845,4.535,4.804
1788213946.922310,1788213946.935370,13.060,12.813
1788213946.937363,1788213946.942896,5.533,5.281
1788213946.937363,1788213946.951417,14.055,13.286
1788213946.953419,1788213946.959418,5.999,5.282
1788213946.953419,1788213946.967097,13.678,13.287
1788213946.967097,1788213946.974949,7.853,7.689
1788213946.967097,1788213946.983348,16.252,15.717
1788213946.984346,1788213946.991220,6.874,6.253
1788213946.997399,1788213946.999403,2.004,1.043
1788213946.997399,1788213947.007559,10.160,9.071
1788213947.013544,1788213947.015260,1.716,1.751
1788213947.013544,1788213947.023325,9.781,9.756
1788213947.028325,1788213947.031393,3.068,2.496
1788213947.028325,1788213947.038920,10.595,10.515
1788213947.043935,1788213947.046937,3.002,2.919
1788213947.043935,1788213947.055468,11.533,10.937
1788213947.059468,1788213947.062995,3.526,3.301
1788213947.059468,1788213947.071018,11.549,11.319
1788213947.076066,1788213947.079079,3.013,2.603
1788213947.076066,1788213947.087118,11.052,10.633
1788213947.090115,1788213947.094632,4.517,4.122
1788213947.090115,1788213947.103649,13.534,12.144
1788213947.106183,1788213947.111604,5.421,4.219
1788213947.106183,1788213947.119114,12.931,12.233
1788213947.122111,1788213947.127117,5.006,4.743
1788213947.122111,1788213947.134962,12.852,12.757
1788213947.138050,1788213947.143052,5.002,5.195
1788213947.138050,1788213947.151049,13.000,13.202
1788213947.154339,1788213947.159362,5.023,4.855
1788213947.154339,1788213947.167362,13.022,12.863
1788213947.170361,1788213947.175874,5.513,4.509
1788213947.170361,1788213947.183413,13.052,12.521
1788213947.185490,1788213947.191491,6.001,5.416
1788213947.185490,1788213947.200014,14.524,13.437
1788213947.202014,1788213947.207481,5.467,4.724
1788213947.202014,1788213947.215591,13.577,12.731
1788213947.217099,1788213947.223192,6.093,6.552
1788213947.217099,1788213947.231874,14.774,14.561
1788213947.232885,1788213947.240037,7.152,6.664
1788213947.247008,1788213947.247008,0.000,0.247
1788213947.247008,1788213947.256017,9.009,8.254
1788213947.262684,1788213947.263705,1.021,0.514
1788213947.262684,1788213947.271702,9.018,8.520
1788213947.278396,1788213947.279382,0.985,0.438
1788213947.278396,1788213947.288065,9.669,8.451
1788213947.294042,1788213947.295004,0.962,1.396
1788213947.294042,1788213947.303562,9.520,9.411
1788213947.310381,1788213947.311349,0.969,1.193
1788213947.310381,1788213947.319073,8.693,9.204
1788213947.325750,1788213947.327690,1.940,1.735
1788213947.325750,1788213947.336111,10.360,9.759
1788213947.341470,1788213947.343459,1.989,2.340
1788213947.341470,1788213947.351535,10.065,10.343
1788213947.356477,1788213947.360152,3.675,2.881
1788213947.356477,1788213947.368165,11.689,10.888
1788213947.372149,1788213947.375743,3.594,3.288
1788213947.372149,1788213947.383257,11.108,11.300
1788213947.387796,1788213947.391895,4.099,3.663
1788213947.387796,1788213947.399508,11.712,11.667
1788213947.404007,1788213947.407767,3.760,4.035
1788213947.404007,1788213947.415957,11.950,12.046
1788213947.418980,1788213947.423636,4.657,4.704
1788213947.418980,1788213947.430843,11.863,12.716
1788213947.434928,1788213947.439454,4.526,4.265
1788213947.434928,1788213947.448136,13.208,12.274
1788213947.451802,1788213947.456157,4.355,4.151
1788213947.451802,1788213947.463918,12.115,12.164
1788213947.466985,1788213947.471987,5.002,4.926
1788213947.466985,1788213947.479511,12.526,12.931
1788213947.482037,1788213947.488038,6.001,5.153
1788213947.482037,1788213947.496036,13.999,13.157
1788213947.499037,1788213947.504030,4.993,4.955
1788213947.499037,1788213947.512031,12.994,12.961
1788213947.515022,1788213947.519553,4.531,4.775
1788213947.515022,1788213947.527551,12.529,12.780
1788213947.529551,1788213947.536160,6.609,5.377
1788213947.529551,1788213947.543983,14.433,13.400
1788213947.545898,1788213947.551996,6.099,6.123
1788213947.545898,1788213947.559709,13.811,14.151
1788213947.562598,1788213947.568101,5.502,5.174
1788213947.575612,1788213947.575612,0.000,0.057
1788213947.575612,1788213947.583898,8.287,7.698
1788213947.575612,1788213947.591911,16.299,15.704
1788213947.591911,1788213947.600429,8.518,7.623
1788213947.591911,1788213947.608069,16.158,15.629
1788213947.608069,1788213947.616402,8.333,7.478
1788213947.622649,1788213947.623639,0.991,1.590
1788213947.622649,1788213947.631935,9.286,9.602
1788213947.638090,1788213947.640657,2.568,1.719
1788213947.638090,1788213947.647657,9.567,9.731
1788213947.653663,1788213947.656186,2.523,2.611
1788213947.653663,1788213947.663715,10.052,10.620
1788213947.668238,1788213947.672194,3.956,3.638
1788213947.668238,1788213947.680394,12.156,11.641
1788213947.683400,1788213947.688148,4.748,4.325
1788213947.683400,1788213947.696656,13.255,12.332
1788213947.698662,1788213947.704261,5.600,5.003
1788213947.698662,1788213947.712018,13.356,13.007
1788213947.714610,1788213947.720409,5.799,5.170
1788213947.714610,1788213947.728127,13.517,13.176
1788213947.730110,1788213947.735960,5.850,5.874
1788213947.730110,1788213947.744440,14.330,13.882
1788213947.745440,1788213947.752440,7.000,6.572
1788213947.745440,1788213947.760535,15.095,14.593
1788213947.760535,1788213947.768534,7.999,7.513
1788213947.760535,1788213947.776147,15.612,15.519
1788213947.776147,1788213947.783850,7.703,7.685
1788213947.791370,1788213947.792370,1.000,0.320
1788213947.791370,1788213947.800372,9.002,8.323
1788213947.808321,1788213947.808321,0.000,0.110
1788213947.808321,1788213947.816006,7.684,8.124
1788213947.823623,1788213947.824638,1.015,0.434
1788213947.823623,1788213947.831640,8.017,8.446
1788213947.838773,1788213947.840779,2.005,1.303
1788213947.838773,1788213947.848777,10.004,9.315
1788213947.854865,1788213947.856770,1.905,1.250
1788213947.854865,1788213947.864823,9.958,9.259
1788213947.870770,1788213947.872854,2.084,1.199
1788213947.870770,1788213947.880156,9.386,9.208
1788213947.885784,1788213947.888091,2.307,2.152
1788213947.885784,1788213947.896151,10.367,10.163
1788213947.902191,1788213947.904697,2.506,2.004
1788213947.902191,1788213947.912234,10.042,10.021
1788213947.917759,1788213947.920748,2.990,2.151
1788213947.917759,1788213947.928266,10.507,10.164
1788213947.932274,1788213947.936274,4.000,3.591
1788213947.932274,1788213947.944273,12.000,11.601
1788213947.947797,1788213947.952314,4.518,4.373
1788213947.947797,1788213947.960400,12.604,12.380
1788213947.963389,1788213947.968395,5.006,4.569
1788213947.963389,1788213947.976092,12.702,12.579
1788213947.978678,1788213947.984473,5.795,5.075
1788213947.978678,1788213947.992337,13.660,13.084
1788213947.995450,1788213948.000432,4.983,5.090
1788213947.995450,1788213948.008729,13.279,13.098
1788213948.009825,1788213948.016547,6.722,6.240
1788213948.009825,1788213948.024250,14.425,14.246
1788213948.027238,1788213948.032245,5.007,5.436
1788213948.027238,1788213948.040543,13.305,13.444
1788213948.040543,1788213948.048557,8.014,7.817
1788213948.056191,1788213948.057108,0.916,0.066
1788213948.056191,1788213948.065019,8.828,8.109
1788213948.072654,1788213948.072654,0.000,0.205
1788213948.072654,1788213948.080995,8.341,8.207
1788213948.087631,1788213948.088608,0.977,0.491
1788213948.087631,1788213948.096650,9.019,8.507
1788213948.103172,1788213948.105164,1.992,1.423
1788213948.103172,1788213948.113209,10.037,9.436
1788213948.118209,1788213948.121202,2.992,2.311
1788213948.118209,1788213948.129211,11.002,10.330
1788213948.133728,1788213948.137252,3.524,2.820
1788213948.133728,1788213948.144793,11.065,10.836
1788213948.149802,1788213948.152803,3.001,2.489
1788213948.149802,1788213948.160967,11.164,10.506
1788213948.164968,1788213948.169111,4.143,3.477
1788213948.164968,1788213948.176641,11.673,11.502
1788213948.181157,1788213948.185149,3.992,3.309
1788213948.181157,1788213948.193416,12.259,11.334
1788213948.196466,1788213948.200465,3.999,3.988
1788213948.196466,1788213948.207989,11.523,11.996
1788213948.211508,1788213948.216643,5.135,5.174
1788213948.211508,1788213948.225167,13.659,13.177
1788213948.227167,1788213948.233167,6.000,6.006
1788213948.227167,1788213948.241219,14.052,14.015
1788213948.244247,1788213948.249219,4.972,4.648
1788213948.244247,1788213948.256743,12.495,12.654
1788213948.258744,1788213948.264742,5.998,6.397
1788213948.258744,1788213948.273283,14.539,14.400
1788213948.274282,1788213948.281374,7.092,6.879
1788213948.274282,1788213948.289068,14.786,14.884
1788213948.290056,1788213948.296741,6.684,6.991
1788213948.304741,1788213948.304741,0.000,0.052
1788213948.305748,1788213948.313136,7.388,7.404
1788213948.320836,1788213948.321746,0.910,0.038
1788213948.320836,1788213948.328832,7.995,8.043
1788213948.336104,1788213948.337118,1.014,1.082
1788213948.336104,1788213948.345166,9.062,9.089
1788213948.350891,1788213948.353576,2.685,1.902
1788213948.350891,1788213948.361291,10.400,9.912
1788213948.366373,1788213948.369287,2.914,2.413
1788213948.366373,1788213948.377082,10.709,10.421
1788213948.381802,1788213948.385289,3.487,2.940
1788213948.381802,1788213948.393304,11.502,10.951
1788213948.398352,1788213948.401351,2.999,2.971
1788213948.398352,1788213948.408870,10.518,10.975
1788213948.413263,1788213948.417015,3.752,4.067
1788213948.413263,1788213948.425005,11.742,12.075
1788213948.428931,1788213948.433607,4.676,4.387
1788213948.428931,1788213948.441538,12.608,12.402
1788213948.445623,1788213948.449622,3.999,3.874
1788213948.445623,1788213948.457228,11.605,11.881
1788213948.459148,1788213948.465223,6.075,5.545
1788213948.459148,1788213948.473830,14.682,13.554
1788213948.474931,1788213948.481935,7.004,6.088
1788213948.474931,1788213948.489305,14.375,14.102
1788213948.490311,1788213948.497015,6.704,6.915
1788213948.490311,1788213948.504615,14.304,14.923
1788213948.507295,1788213948.513742,6.447,5.958
1788213948.507295,1788213948.521266,13.971,13.958
1788213948.523266,1788213948.529266,6.000,6.367
1788213948.523266,1788213948.537741,14.475,14.371
1788213948.537741,1788213948.545481,7.740,7.129
1788213948.553035,1788213948.554078,1.043,0.032
1788213948.553035,1788213948.561095,8.060,7.821
1788213948.568513,1788213948.569513,1.000,0.865
1788213948.568513,1788213948.577220,8.707,8.872
1788213948.583803,1788213948.585799,1.996,1.272
1788213948.583803,1788213948.593719,9.917,9.284
1788213948.600514,1788213948.601540,1.026,1.063
1788213948.600514,1788213948.609911,9.398,9.075
1788213948.614474,1788213948.617182,2.708,2.430
1788213948.614474,1788213948.625888,11.414,10.443
1788213948.630049,1788213948.633723,3.674,3.553
1788213948.630049,1788213948.641249,11.200,11.572
1788213948.646259,1788213948.649249,2.990,3.217
1788213948.646259,1788213948.657871,11.611,11.222
1788213948.660148,1788213948.665784,5.637,5.279
1788213948.660148,1788213948.673492,13.345,13.283
1788213948.676487,1788213948.681476,4.989,5.167
1788213948.676487,1788213948.689685,13.198,13.175
1788213948.690783,1788213948.697780,6.998,6.360
1788213948.690783,1788213948.704796,14.013,14.364
1788213948.706395,1788213948.713934,7.540,7.092
1788213948.706395,1788213948.721936,15.541,15.099
1788213948.721936,1788213948.729985,8.049,7.560
1788213948.721936,1788213948.738065,16.129,15.568
1788213948.738065,1788213948.745325,7.259,7.449
1788213948.753698,1788213948.753698,0.000,0.021
1788213948.753698,1788213948.762368,8.670,8.033
1788213948.769041,1788213948.770144,1.103,0.778
1788213948.769041,1788213948.777745,8.704,8.793
1788213948.785529,1788213948.786548,1.019,0.662
1788213948.785529,1788213948.794232,8.703,8.672
1788213948.799215,1788213948.802225,3.009,2.396
1788213948.799215,1788213948.809911,10.696,10.409
1788213948.816634,1788213948.817610,0.976,1.015
1788213948.816634,1788213948.825808,9.174,9.023
1788213948.830589,1788213948.834364,3.775,3.233
1788213948.830589,1788213948.841692,11.104,11.256
1788213948.845694,1788213948.850372,4.678,3.983
1788213948.845694,1788213948.858358,12.664,11.986
1788213948.862282,1788213948.866282,4.000,3.835
1788213948.862282,1788213948.873825,11.543,11.841
1788213948.876824,1788213948.882235,5.410,5.323
1788213948.876824,1788213948.889830,13.005,13.335
1788213948.894904,1788213948.897911,3.007,2.942
1788213948.894904,1788213948.905599,10.695,10.965
1788213948.909917,1788213948.914272,4.355,4.539
1788213948.909917,1788213948.922255,12.337,12.551
1788213948.925284,1788213948.929867,4.583,4.875
1788213948.925284,1788213948.938580,13.296,12.885
1788213948.940524,1788213948.946858,6.334,5.782
1788213948.940524,1788213948.954636,14.111,13.814
1788213948.955651,1788213948.962643,6.992,6.212
1788213948.955651,1788213948.970636,14.986,14.218
1788213948.972647,1788213948.978647,6.000,5.888
1788213948.972647,1788213948.985962,13.315,13.901
1788213948.987057,1788213948.994852,7.795,6.575
1788213949.001866,1788213949.002774,0.908,0.593
1788213949.002774,1788213949.010235,7.461,7.771
1788213949.017947,1788213949.018938,0.990,0.649
1788213949.017947,1788213949.025998,8.050,8.655
1788213949.033040,1788213949.033995,0.955,0.898
1788213949.033040,1788213949.042513,9.473,8.910
1788213949.048514,1788213949.050515,2.001,1.929
1788213949.048514,1788213949.058592,10.078,9.945
1788213949.062803,1788213949.066904,4.101,3.257
1788213949.062803,1788213949.074918,12.115,11.257
1788213949.078870,1788213949.082354,3.484,3.276
1788213949.078870,1788213949.090476,11.606,11.284
1788213949.094059,1788213949.099074,5.015,4.300
1788213949.094059,1788213949.106652,12.594,12.315
1788213949.109965,1788213949.114744,4.779,4.846
1788213949.109965,1788213949.122261,12.295,12.865
1788213949.125270,1788213949.130267,4.997,4.781
1788213949.125270,1788213949.138267,12.997,12.790
1788213949.140498,1788213949.146951,6.454,5.467
1788213949.140498,1788213949.154954,14.457,13.484
1788213949.155951,1788213949.162911,6.960,6.263
1788213949.155951,1788213949.170892,14.941,14.275
1788213949.171895,1788213949.178628,6.734,6.682
1788213949.171895,1788213949.187143,15.248,14.691
1788213949.187143,1788213949.194669,7.527,6.984
1788213949.202677,1788213949.202677,0.000,0.100
1788213949.202677,1788213949.211248,8.571,8.111
1788213949.218302,1788213949.219302,1.000,0.067
1788213949.218302,1788213949.226811,8.509,7.666
1788213949.234823,1788213949.234823,0.000,0.199
1788213949.234823,1788213949.243382,8.559,7.918
1788213949.250389,1788213949.251402,1.013,0.213
1788213949.250389,1788213949.259397,9.008,8.220
1788213949.264924,1788213949.266917,1.992,1.401
1788213949.264924,1788213949.274925,10.000,9.408
1788213949.281923,1788213949.281923,0.000,0.960
1788213949.281923,1788213949.290963,9.040,8.970
1788213949.297974,1788213949.298973,0.998,0.944
1788213949.297974,1788213949.307027,9.053,8.955
1788213949.312076,1788213949.314569,2.494,2.585
1788213949.312076,1788213949.322576,10.500,10.592
1788213949.326577,1788213949.330650,4.073,4.138
1788213949.326577,1788213949.338654,12.077,12.142
1788213949.343191,1788213949.347200,4.009,3.194
1788213949.343191,1788213949.355200,12.009,11.199
1788213949.359199,1788213949.362710,3.511,3.390
1788213949.359199,1788213949.371243,12.043,11.416
1788213949.374756,1788213949.378774,4.018,3.855
1788213949.374756,1788213949.386848,12.092,11.861
1788213949.389855,1788213949.394857,5.002,5.443
1788213949.389855,1788213949.402857,13.002,13.450
1788213949.405376,1788213949.411405,6.029,5.738
1788213949.405376,1788213949.419593,14.217,13.743
1788213949.419593,1788213949.427430,7.837,6.814
1788213949.419593,1788213949.435465,15.872,14.833
1788213949.435465,1788213949.443555,8.090,7.412
1788213949.435465,1788213949.451558,16.093,15.418
1788213949.451558,1788213949.459373,7.815,7.374
1788213949.465899,1788213949.466899,1.000,0.627
1788213949.465899,1788213949.474980,9.080,8.636
1788213949.481680,1788213949.483266,1.586,1.067
1788213949.481680,1788213949.490968,9.288,9.083
1788213949.497972,1788213949.498935,0.963,1.134
1788213949.497972,1788213949.506887,8.916,9.149
1788213949.512505,1788213949.515190,2.685,2.029
1788213949.512505,1788213949.522936,10.431,10.034
1788213949.529619,1788213949.531627,2.008,1.365
1788213949.529619,1788213949.538860,9.241,9.369
1788213949.544953,1788213949.546955,2.002,2.023
1788213949.544953,1788213949.554963,10.010,10.028
1788213949.559559,1788213949.563652,4.093,3.076
1788213949.559559,1788213949.571112,11.554,11.085
1788213949.576219,1788213949.579742,3.523,3.381
1788213949.576219,1788213949.587452,11.233,11.385
1788213949.591536,1788213949.595439,3.904,3.740
1788213949.591536,1788213949.603034,11.498,11.747
1788213949.607554,1788213949.611076,3.522,3.227
1788213949.607554,1788213949.619126,11.573,11.243
1788213949.622209,1788213949.627252,5.043,5.030
1788213949.622209,1788213949.635266,13.057,13.036
1788213949.638779,1788213949.643087,4.308,4.768
1788213949.638779,1788213949.651628,12.849,12.788
1788213949.653626,1788213949.658972,5.346,5.205
1788213949.653626,1788213949.667035,13.409,13.211
1788213949.669038,1788213949.675716,6.678,5.903
1788213949.669038,1788213949.683247,14.210,13.915
1788213949.684245,1788213949.691510,7.265,6.609
1788213949.684245,1788213949.699509,15.264,14.612
1788213949.699509,1788213949.707038,7.529,7.628
1788213949.699509,1788213949.715092,15.584,15.630
1788213949.716101,1788213949.723621,7.520,6.839
1788213949.730614,1788213949.731759,1.145,0.071
1788213949.730614,1788213949.738773,8.159,8.084
1788213949.746833,1788213949.747831,0.998,0.357
1788213949.746833,1788213949.755354,8.521,8.363
1788213949.762351,1788213949.763360,1.009,1.480
1788213949.762351,1788213949.771398,9.047,9.485
1788213949.776933,1788213949.779473,2.540,2.173
1788213949.776933,1788213949.787168,10.235,10.186
1788213949.793164,1788213949.795163,1.999,2.373
1788213949.793164,1788213949.803689,10.525,10.378
1788213949.807688,1788213949.811220,3.532,3.288
1788213949.807688,1788213949.819747,12.059,11.293
1788213949.824271,1788213949.827786,3.515,3.220
1788213949.824271,1788213949.835308,11.036,11.224
1788213949.838999,1788213949.843251,4.253,4.627
1788213949.838999,1788213949.851324,12.325,12.633
1788213949.854331,1788213949.859318,4.987,4.835
1788213949.854331,1788213949.867006,12.676,12.843
1788213949.870705,1788213949.875711,5.006,4.709
1788213949.870705,1788213949.883444,12.739,12.712
1788213949.885417,1788213949.891764,6.347,5.626
1788213949.885417,1788213949.899750,14.333,13.629
1788213949.901737,1788213949.907737,5.999,6.146
1788213949.901737,1788213949.916016,14.278,14.149
1788213949.916016,1788213949.923731,7.715,6.894
1788213949.916016,1788213949.931727,15.711,14.902
1788213949.932732,1788213949.939726,6.994,7.182
1788213949.932732,1788213949.947222,14.491,15.194
1788213949.947222,1788213949.955733,8.510,7.610
1788213949.963091,1788213949.964093,1.002,0.245
1788213949.964093,1788213949.972074,7.981,7.654
1788213949.979062,1788213949.980065,1.002,0.190
1788213949.979062,1788213949.987112,8.050,8.197
1788213949.994240,1788213949.996337,2.097,1.360
1788213949.994240,1788213950.004024,9.784,9.367
1788213950.009636,1788213950.011681,2.045,2.125
1788213950.009636,1788213950.019417,9.781,10.132
1788213950.025019,1788213950.028099,3.080,2.418
1788213950.025019,1788213950.036439,11.420,10.437
1788213950.041089,1788213950.044111,3.022,2.224
1788213950.041089,1788213950.051707,10.618,10.238
1788213950.057687,1788213950.060380,2.694,2.159
1788213950.057687,1788213950.067584,9.897,10.168
1788213950.072904,1788213950.075896,2.992,3.021
1788213950.072904,1788213950.083591,10.687,11.027
1788213950.087504,1788213950.091961,4.457,3.889
1788213950.087504,1788213950.098968,11.464,11.894
1788213950.104619,1788213950.107579,2.960,3.455
1788213950.104619,1788213950.115095,10.477,11.464
1788213950.118614,1788213950.123849,5.235,5.025
1788213950.118614,1788213950.131845,13.232,13.045
1788213950.135041,1788213950.140050,5.009,5.224
1788213950.135041,1788213950.147673,12.632,13.235
1788213950.149675,1788213950.155983,6.309,6.051
1788213950.149675,1788213950.164497,14.823,14.065
1788213950.165501,1788213950.172267,6.766,6.007
1788213950.165501,1788213950.180266,14.766,14.021
1788213950.181265,1788213950.188020,6.755,6.209
1788213950.181265,1788213950.196535,15.270,14.216
1788213950.196535,1788213950.204097,7.562,6.997
1788213950.196535,1788213950.212136,15.601,15.002
1788213950.212136,1788213950.220671,8.535,7.683
1788213950.227190,1788213950.228198,1.008,0.901
1788213950.227190,1788213950.235746,8.556,8.914
1788213950.243542,1788213950.243542,0.000,0.348
1788213950.243542,1788213950.252132,8.590,8.378
1788213950.259230,1788213950.260198,0.968,1.241
1788213950.259230,1788213950.267878,8.648,9.245
1788213950.274899,1788213950.275802,0.903,1.129
1788213950.274899,1788213950.283855,8.956,9.141
1788213950.290908,1788213950.291911,1.003,1.544
1788213950.290908,1788213950.299908,9.000,9.548
1788213950.304909,1788213950.308165,3.256,2.939
1788213950.304909,1788213950.315717,10.809,10.940
1788213950.320985,1788213950.323996,3.011,2.770
1788213950.320985,1788213950.332154,11.168,10.782
1788213950.337517,1788213950.340530,3.013,2.466
1788213950.337517,1788213950.348057,10.540,10.470
1788213950.351050,1788213950.356058,5.008,5.118
1788213950.351050,1788213950.364581,13.531,13.125
1788213950.367587,1788213950.372586,4.999,5.051
1788213950.367587,1788213950.380586,12.999,13.067
1788213950.383103,1788213950.388113,5.011,5.369
1788213950.383103,1788213950.396907,13.804,13.377
1788213950.397907,1788213950.404908,7.000,6.150
1788213950.397907,1788213950.412657,14.750,14.156
1788213950.413677,1788213950.420501,6.825,6.486
1788213950.413677,1788213950.428521,14.845,14.492
1788213950.430110,1788213950.436964,6.854,5.800
1788213950.430110,1788213950.444671,14.561,13.805
1788213950.446670,1788213950.452220,5.551,6.043
1788213950.446670,1788213950.460009,13.339,14.051
1788213950.461019,1788213950.468899,7.880,7.084
1788213950.461019,1788213950.476872,15.853,15.092
1788213950.478464,1788213950.484890,6.427,6.063
1788213950.478464,1788213950.492247,13.783,14.080
1788213950.493229,1788213950.500752,7.523,7.283
1788213950.507759,1788213950.508761,1.001,0.051
1788213950.508761,1788213950.515990,7.229,7.842
1788213950.523040,1788213950.525034,1.994,1.131
1788213950.523040,1788213950.532847,9.807,9.138
1788213950.538460,1788213950.540461,2.000,2.138
1788213950.538460,1788213950.548523,10.062,10.146
1788213950.554688,1788213950.556690,2.002,1.610
1788213950.554688,1788213950.564914,10.226,9.615
1788213950.568914,1788213950.572434,3.520,3.420
1788213950.568914,1788213950.580956,12.042,11.426
1788213950.584488,1788213950.589015,4.527,3.215
1788213950.584488,1788213950.596517,12.029,11.220
1788213950.599953,1788213950.604962,5.008,4.559
1788213950.599953,1788213950.612488,12.535,12.573
1788213950.616507,1788213950.621018,4.511,4.147
1788213950.616507,1788213950.628644,12.137,12.160
1788213950.631169,1788213950.636949,5.780,5.802
1788213950.631169,1788213950.645481,14.312,13.939
1788213950.646574,1788213950.652569,5.995,6.234
1788213950.646574,1788213950.660887,14.313,14.248
1788213950.661898,1788213950.668772,6.874,6.807
1788213950.661898,1788213950.677323,15.425,14.824
1788213950.677323,1788213950.685404,8.081,7.546
1788213950.677323,1788213950.692816,15.493,15.559
1788213950.692816,1788213950.700819,8.003,7.500
1788213950.692816,1788213950.708752,15.936,15.506
1788213950.708752,1788213950.717102,8.350,7.653
1788213950.723803,1788213950.724722,0.919,1.252
1788213950.723803,1788213950.733085,9.282,9.259
1788213950.739774,1788213950.740813,1.040,1.077
1788213950.739774,1788213950.749489,9.716,9.083
1788213950.755799,1788213950.756702,0.904,0.539
1788213950.755799,1788213950.764782,8.983,8.548
1788213950.770725,1788213950.772794,2.069,2.130
1788213950.770725,1788213950.780779,10.054,10.142
1788213950.787699,1788213950.789101,1.401,1.440
1788213950.787699,1788213950.797316,9.617,9.453
1788213950.802319,1788213950.805313,2.994,2.507
1788213950.802319,1788213950.813019,10.700,10.512
1788213950.817939,1788213950.821511,3.572,3.336
1788213950.817939,1788213950.829022,11.083,11.341
1788213950.834089,1788213950.837097,3.009,2.903
1788213950.834089,1788213950.845162,11.074,10.906
1788213950.849163,1788213950.853483,4.321,4.363
1788213950.849163,1788213950.861484,12.322,12.380
1788213950.863482,1788213950.869482,6.000,5.332
1788213950.863482,1788213950.877247,13.766,13.341
1788213950.879247,1788213950.885315,6.068,5.632
1788213950.879247,1788213950.893805,14.558,13.646
1788213950.894434,1788213950.901512,7.078,6.144
1788213950.894434,1788213950.909207,14.774,14.152
1788213950.910752,1788213950.917440,6.688,6.754
1788213950.910752,1788213950.925037,14.285,14.758
1788213950.925986,1788213950.933532,7.546,6.718
1788213950.925986,1788213950.941535,15.549,14.722
1788213950.941535,1788213950.949059,7.525,7.599
1788213950.941535,1788213950.957587,16.052,15.604
1788213950.957587,1788213950.965670,8.083,7.574
1788213950.957587,1788213950.973370,15.783,15.625
1788213950.973370,1788213950.981371,8.001,7.796
1788213950.973370,1788213950.989366,15.996,15.973
1788213950.989366,1788213950.997927,8.560,7.946
1788213950.989366,1788213951.005628,16.261,15.948
1788213951.005628,1788213951.014095,8.468,7.276
1788213951.020685,1788213951.021738,1.054,0.783
1788213951.020685,1788213951.029108,8.423,8.790
1788213951.036841,1788213951.037857,1.016,0.834
1788213951.036841,1788213951.045541,8.700,8.843
1788213951.052243,1788213951.053757,1.515,1.643
1788213951.052243,1788213951.061852,9.610,9.656
1788213951.068241,1788213951.069237,0.996,1.070
1788213951.068241,1788213951.077971,9.730,9.078
1788213951.082971,1788213951.085990,3.019,2.201
1788213951.082971,1788213951.093417,10.446,10.218
1788213951.099410,1788213951.101341,1.931,2.350
1788213951.099410,1788213951.109416,10.005,10.359
1788213951.114667,1788213951.117581,2.914,2.691
1788213951.114667,1788213951.126247,11.580,10.711
1788213951.129258,1788213951.133746,4.487,4.150
1788213951.129258,1788213951.141772,12.514,12.152
1788213951.144772,1788213951.149795,5.023,4.410
1788213951.144772,1788213951.157925,13.153,12.430
1788213951.159932,1788213951.164938,5.006,5.593
1788213951.159932,1788213951.173467,13.535,13.606
1788213951.176459,1788213951.181985,5.526,5.317
1788213951.176459,1788213951.189509,13.050,13.330
1788213951.191501,1788213951.198033,6.532,6.007
1788213951.191501,1788213951.206040,14.539,14.013
1788213951.208140,1788213951.213659,5.519,5.708
1788213951.208140,1788213951.221730,13.590,13.718
1788213951.223243,1788213951.229780,6.537,6.204
1788213951.223243,1788213951.237823,14.580,14.217
1788213951.238827,1788213951.245461,6.634,6.749
1788213951.238827,1788213951.253787,14.960,14.759
1788213951.255060,1788213951.262559,7.499,6.664
1788213951.255060,1788213951.270080,15.020,14.675
1788213951.271080,1788213951.278092,7.012,6.401
1788213951.271080,1788213951.286386,15.306,14.410
1788213951.286386,1788213951.294535,8.149,7.489
1788213951.301726,1788213951.302425,0.699,0.162
1788213951.301726,1788213951.309631,7.905,8.172
1788213951.317144,1788213951.318147,1.003,0.296
1788213951.317144,1788213951.325466,8.322,8.306
1788213951.333482,1788213951.333482,0.000,0.550
1788213951.333482,1788213951.342489,9.007,8.551
1788213951.349531,1788213951.350530,0.999,0.769
1788213951.349531,1788213951.358559,9.028,8.777
1788213951.364596,1788213951.366608,2.011,1.302
1788213951.364596,1788213951.374653,10.056,9.306
1788213951.379645,1788213951.381654,2.009,2.219
1788213951.379645,1788213951.390169,10.524,10.237
1788213951.395691,1788213951.397683,1.993,2.108
1788213951.395691,1788213951.405723,10.032,10.118
1788213951.411766,1788213951.413783,2.017,2.019
1788213951.411766,1788213951.422309,10.543,10.026
1788213951.427823,1788213951.429824,2.002,2.384
1788213951.427823,1788213951.438026,10.203,10.396
1788213951.443034,1788213951.445490,2.456,2.380
1788213951.443034,1788213951.453911,10.877,10.389
1788213951.458910,1788213951.461792,2.882,2.693
1788213951.458910,1788213951.470317,11.406,10.699
1788213951.474324,1788213951.478317,3.992,3.605
1788213951.474324,1788213951.486330,12.005,11.616
1788213951.489863,1788213951.493858,3.995,3.927
1788213951.489863,1788213951.501910,12.048,11.937
1788213951.505909,1788213951.510436,4.527,3.994
1788213951.505909,1788213951.517966,12.058,11.999
1788213951.521463,1788213951.526477,5.014,4.352
1788213951.521463,1788213951.534010,12.547,12.358
1788213951.539095,1788213951.542180,3.085,3.162
1788213951.539095,1788213951.549876,10.781,11.173
1788213951.553869,1788213951.558886,5.017,4.146
1788213951.553869,1788213951.566580,12.711,12.162
1788213951.568579,1788213951.574579,6.000,5.453
1788213951.568579,1788213951.582576,13.997,13.459
1788213951.584578,1788213951.590658,6.080,5.004
1788213951.584578,1788213951.598752,14.175,13.012
1788213951.599752,1788213951.606171,6.418,6.299
1788213951.599752,1788213951.614388,14.635,14.313
1788213951.615368,1788213951.621978,6.610,6.441
1788213951.615368,1788213951.630894,15.526,14.458
1788213951.631582,1788213951.637925,6.343,7.132
1788213951.631582,1788213951.646004,14.422,15.136
1788213951.647020,1788213951.654644,7.624,6.878
1788213951.647020,1788213951.661934,14.915,14.886
1788213951.664224,1788213951.670745,6.521,6.215
1788213951.664224,1788213951.678433,14.209,14.219
1788213951.679421,1788213951.686014,6.593,7.245
1788213951.693135,1788213951.694117,0.983,1.222
1788213951.693135,1788213951.701823,8.688,9.230
1788213951.709179,1788213951.710195,1.016,0.943
1788213951.709179,1788213951.718879,9.699,8.953
1788213951.724554,1788213951.726215,1.661,1.608
1788213951.724554,1788213951.734298,9.744,9.617
1788213951.739295,1788213951.742284,2.989,3.076
1788213951.739295,1788213951.750997,11.701,11.083
1788213951.755002,1788213951.758978,3.976,3.430
1788213951.755002,1788213951.766107,11.105,11.442
1788213951.770197,1788213951.774199,4.002,4.049
1788213951.770197,1788213951.782204,12.007,12.056
1788213951.785202,1788213951.790206,5.003,4.934
1788213951.785202,1788213951.798121,12.919,12.939
1788213951.802163,1788213951.806305,4.142,4.407
1788213951.802163,1788213951.814837,12.674,12.410
1788213951.817839,1788213951.822350,4.511,4.216
1788213951.817839,1788213951.830414,12.575,12.222
1788213951.832414,1788213951.838933,6.520,5.998
1788213951.832414,1788213951.846462,14.048,14.007
1788213951.848462,1788213951.854987,6.525,5.653
1788213951.848462,1788213951.862504,14.042,13.667
1788213951.865715,1788213951.870817,5.102,5.096
1788213951.865715,1788213951.878808,13.093,13.098
1788213951.881822,1788213951.886508,4.687,4.605
1788213951.881822,1788213951.894537,12.715,12.617
1788213951.896532,1788213951.902858,6.327,5.752
1788213951.896532,1788213951.910563,14.031,13.762
1788213951.912179,1788213951.919272,7.093,5.872
1788213951.912179,1788213951.926901,14.723,13.882
1788213951.927898,1788213951.934990,7.092,6.794
1788213951.927898,1788213951.942674,14.776,14.809
1788213951.943671,1788213951.951351,7.680,6.689
1788213951.943671,1788213951.959346,15.675,14.698
1788213951.959346,1788213951.966641,7.296,7.385
1788213951.959346,1788213951.974739,15.393,15.391
1788213951.975704,1788213951.982874,7.170,7.433
1788213951.989879,1788213951.990882,1.003,0.826
1788213951.989879,1788213951.999394,9.516,8.832
1788213952.006438,1788213952.007459,1.020,0.591
1788213952.006438,1788213952.014969,8.531,8.598
1788213952.020969,1788213952.023482,2.513,1.641
1788213952.020969,1788213952.030598,9.629,9.650
1788213952.036539,1788213952.039445,2.907,2.041
1788213952.036539,1788213952.047244,10.705,10.055
1788213952.051833,1788213952.054757,2.924,2.682
1788213952.051833,1788213952.062233,10.400,10.693
1788213952.067500,1788213952.070579,3.079,3.048
1788213952.067500,1788213952.078505,11.005,11.070
1788213952.084184,1788213952.087292,3.108,2.180
1788213952.084184,1788213952.095299,11.115,10.197
1788213952.101285,1788213952.102293,1.008,2.044
1788213952.101285,1788213952.110982,9.697,10.056
1788213952.116727,1788213952.118819,2.092,2.513
1788213952.116727,1788213952.127428,10.700,10.548
1788213952.132638,1788213952.134648,2.011,2.279
1788213952.132638,1788213952.142484,9.847,10.298
1788213952.146997,1788213952.151160,4.163,3.397
1788213952.146997,1788213952.159716,12.719,11.409
1788213952.162684,1788213952.167698,5.013,3.953
1788213952.162684,1788213952.175145,12.461,11.964
1788213952.178145,1788213952.183144,4.999,4.617
1788213952.178145,1788213952.191690,13.545,12.635
1788213952.194971,1788213952.199483,4.513,4.341
1788213952.194971,1788213952.207070,12.099,12.359
1788213952.209588,1788213952.215101,5.513,5.136
1788213952.209588,1788213952.223622,14.034,13.152
1788213952.226638,1788213952.231637,4.999,4.254
1788213952.226638,1788213952.239626,12.989,12.260
1788213952.241646,1788213952.247162,5.516,5.087
1788213952.241646,1788213952.255173,13.527,13.081
1788213952.257177,1788213952.263177,6.000,5.921
1788213952.257177,1788213952.271236,14.059,13.936
1788213952.273236,1788213952.279236,6.000,5.520
1788213952.273236,1788213952.287133,13.897,13.532
1788213952.289133,1788213952.295133,6.000,6.082
1788213952.289133,1788213952.303659,14.526,14.093
1788213952.305169,1788213952.311710,6.541,5.932
1788213952.305169,1788213952.319234,14.065,13.944
1788213952.321746,1788213952.327287,5.541,5.301
1788213952.321746,1788213952.335285,13.540,13.381
1788213952.337286,1788213952.343286,6.000,5.819
1788213952.337286,1788213952.351810,14.524,13.825
1788213952.352810,1788213952.359804,6.995,6.059
1788213952.352810,1788213952.367408,14.598,14.072
1788213952.368505,1788213952.375106,6.602,6.528
1788213952.368505,1788213952.383916,15.411,14.538
1788213952.385132,1788213952.391300,6.169,6.584
1788213952.385132,1788213952.399332,14.200,14.588
1788213952.400341,1788213952.407855,7.514,7.417
1788213952.400341,1788213952.415423,15.082,15.449
1788213952.416423,1788213952.423940,7.517,7.421
1788213952.416423,1788213952.432013,15.590,15.423
1788213952.432013,1788213952.439851,7.838,7.406
1788213952.446887,1788213952.447988,1.101,0.232
1788213952.447988,1788213952.455999,8.011,7.699
1788213952.461976,1788213952.463517,1.541,0.886
1788213952.461976,1788213952.471434,9.458,8.897
1788213952.478435,1788213952.479434,0.999,0.789
1788213952.478435,1788213952.487463,9.028,8.795
1788213952.493479,1788213952.495641,2.162,2.235
1788213952.493479,1788213952.504160,10.681,10.247
1788213952.508709,1788213952.511701,2.991,3.247
1788213952.508709,1788213952.519619,10.910,11.257
1788213952.525155,1788213952.528154,2.999,2.719
1788213952.525155,1788213952.535757,10.601,10.729
1788213952.541351,1788213952.543347,1.996,2.759
1788213952.541351,1788213952.551790,10.439,10.773
1788213952.554681,1788213952.559774,5.093,4.373
1788213952.554681,1788213952.567379,12.698,12.381
1788213952.570987,1788213952.575987,5.000,4.546
1788213952.570987,1788213952.584047,13.060,12.563
1788213952.586053,1788213952.591580,5.527,5.216
1788213952.586053,1788213952.599579,13.526,13.217
1788213952.601581,1788213952.608115,6.535,5.890
1788213952.601581,1788213952.615868,14.288,13.897
1788213952.616871,1788213952.623559,6.689,6.441
1788213952.616871,1788213952.631951,15.080,14.445
1788213952.634021,1788213952.639115,5.094,5.981
1788213952.634021,1788213952.647932,13.911,13.985
1788213952.649521,1788213952.655622,6.101,5.819
1788213952.649521,1788213952.663529,14.008,13.825
1788213952.665904,1788213952.671686,5.782,5.901
1788213952.665904,1788213952.680292,14.388,13.911
1788213952.681669,1788213952.688261,6.592,5.962
1788213952.681669,1788213952.696314,14.645,13.976
1788213952.696314,1788213952.704073,7.759,7.101
1788213952.696314,1788213952.712148,15.835,15.118
1788213952.712148,1788213952.719895,7.747,7.242
1788213952.712148,1788213952.727764,15.616,15.260
1788213952.727764,1788213952.736267,8.503,7.682
1788213952.742976,1788213952.744072,1.096,0.866
1788213952.742976,1788213952.751680,8.703,8.880
1788213952.742976,1788213952.759677,16.701,16.935
1788213952.760670,1788213952.767965,7.294,7.712
1788213952.775195,1788213952.776298,1.103,0.381
1788213952.775195,1788213952.783986,8.791,8.390
1788213952.791604,1788213952.792610,1.006,0.581
1788213952.791604,1788213952.800295,8.691,8.587
1788213952.806608,1788213952.808266,1.658,1.404
1788213952.806608,1788213952.816051,9.443,9.413
1788213952.822068,1788213952.823666,1.597,1.484
1788213952.822068,1788213952.832060,9.992,9.494
1788213952.838075,1788213952.840064,1.989,1.688
1788213952.838075,1788213952.848235,10.160,9.694
1788213952.853803,1788213952.855901,2.099,1.639
1788213952.853803,1788213952.863834,10.031,9.660
1788213952.869857,1788213952.872564,2.707,2.131
1788213952.869857,1788213952.880633,10.776,10.143
1788213952.885365,1788213952.888365,3.000,2.406
1788213952.885365,1788213952.895969,10.604,10.415
1788213952.901062,1788213952.904186,3.124,2.924
1788213952.901062,1788213952.912184,11.121,10.927
1788213952.916718,1788213952.920226,3.508,3.567
1788213952.916718,1788213952.928761,12.043,11.590
1788213952.931760,1788213952.936844,5.084,3.901
1788213952.931760,1788213952.944534,12.774,11.907
1788213952.948545,1788213952.952234,3.689,3.848
1788213952.948545,1788213952.960671,12.126,11.868
1788213952.963677,1788213952.968682,5.005,4.895
1788213952.963677,1788213952.975712,12.035,12.906
1788213952.978229,1788213952.983808,5.580,5.852
1788213952.978229,1788213952.992327,14.099,13.860
1788213952.993335,1788213952.999681,6.346,7.048
1788213952.993335,1788213953.008203,14.868,15.055
1788213953.010202,1788213953.016715,6.512,6.587
1788213953.010202,1788213953.024234,14.031,14.601
1788213953.024234,1788213953.032760,8.526,7.671
1788213953.039756,1788213953.040760,1.004,0.380
1788213953.039756,1788213953.048630,8.874,8.392
1788213953.055627,1788213953.056629,1.002,0.345
1788213953.055627,1788213953.064661,9.034,8.366
1788213953.072183,1788213953.073183,1.000,0.035
1788213953.073183,1788213953.081189,8.006,7.866
1788213953.088224,1788213953.089314,1.091,0.026
1788213953.088224,1788213953.096311,8.087,8.031
1788213953.104002,1788213953.104995,0.993,0.645
1788213953.104002,1788213953.112987,8.985,8.652
1788213953.119369,1788213953.120877,1.508,1.508
1788213953.119369,1788213953.129334,9.965,9.520
1788213953.135859,1788213953.136859,1.000,1.334
1788213953.135859,1788213953.144824,8.965,9.349
1788213953.149818,1788213953.152820,3.002,2.940
1788213953.149818,1788213953.161430,11.611,10.957
1788213953.165432,1788213953.168774,3.342,3.011
1788213953.165432,1788213953.177102,11.670,11.028
1788213953.181068,1788213953.185210,4.143,3.649
1788213953.181068,1788213953.192215,11.147,11.657
1788213953.195722,1788213953.201235,5.513,5.190
1788213953.195722,1788213953.209518,13.796,13.208
1788213953.211511,1788213953.217658,6.147,5.262
1788213953.211511,1788213953.225178,13.667,13.271
1788213953.226691,1788213953.233703,7.012,6.296
1788213953.226691,1788213953.241224,14.533,14.318
1788213953.242222,1788213953.249628,7.406,6.406
1788213953.242222,1788213953.257627,15.405,14.424
1788213953.257627,1788213953.265141,7.513,7.467
1788213953.272673,1788213953.273675,1.002,0.410
1788213953.272673,1788213953.281707,9.035,8.416
1788213953.272673,1788213953.289238,16.566,16.457
1788213953.290237,1788213953.297311,7.074,7.083
1788213953.304333,1788213953.305342,1.009,0.562
1788213953.304333,1788213953.313230,8.897,8.571
1788213953.320836,1788213953.320836,0.000,0.217
1788213953.320836,1788213953.329218,8.383,8.235
1788213953.335218,1788213953.337853,2.635,1.714
1788213953.335218,1788213953.345867,10.649,9.850
1788213953.351866,1788213953.353867,2.001,1.804
1788213953.351866,1788213953.361392,9.526,9.813
1788213953.367393,1788213953.369395,2.002,2.297
1788213953.367393,1788213953.377457,10.064,10.309
1788213953.382831,1788213953.384839,2.007,2.302
1788213953.382831,1788213953.393453,10.622,10.311
1788213953.398531,1788213953.401578,3.047,2.597
1788213953.398531,1788213953.409540,11.008,10.607
1788213953.415932,1788213953.417925,1.993,1.801
1788213953.415932,1788213953.425615,9.683,9.825
1788213953.431219,1788213953.433811,2.593,1.768
1788213953.431219,1788213953.441644,10.425,9.774
1788213953.445662,1788213953.449183,3.521,3.709
1788213953.445662,1788213953.457748,12.086,11.724
1788213953.460752,1788213953.465245,4.493,4.696
1788213953.460752,1788213953.474010,13.259,12.706
1788213953.476316,1788213953.482070,5.754,5.571
1788213953.476316,1788213953.490155,13.840,13.578
1788213953.491834,1788213953.497897,6.063,6.011
1788213953.491834,1788213953.505896,14.062,14.017
1788213953.507896,1788213953.513417,5.520,6.046
1788213953.507896,1788213953.521978,14.082,14.056
1788213953.522977,1788213953.530169,7.192,6.131
1788213953.522977,1788213953.537333,14.356,14.139
1788213953.538620,1788213953.545707,7.087,6.864
1788213953.538620,1788213953.553454,14.834,14.876
1788213953.555074,1788213953.561396,6.322,7.020
1788213953.555074,1788213953.569913,14.840,15.031
1788213953.569913,1788213953.578281,8.368,7.570
1788213953.569913,1788213953.586282,16.368,15.581
1788213953.587284,1788213953.593739,6.454,6.271
1788213953.600826,1788213953.601823,0.997,0.763
1788213953.600826,1788213953.609829,9.003,8.784
1788213953.616132,1788213953.618140,2.008,1.471
1788213953.616132,1788213953.625731,9.599,9.481
1788213953.632105,1788213953.634201,2.096,1.627
1788213953.632105,1788213953.642219,10.114,9.638
1788213953.647115,1788213953.649611,2.496,2.575
1788213953.647115,1788213953.658136,11.021,10.591
1788213953.663915,1788213953.665927,2.012,2.199
1788213953.663915,1788213953.674439,10.524,10.209
1788213953.678496,1788213953.682497,4.001,3.082
1788213953.678496,1788213953.690022,11.527,11.084
1788213953.695027,1788213953.698026,3.000,2.557
1788213953.695027,1788213953.706027,11.000,10.568
1788213953.710068,1788213953.714308,4.239,3.345
1788213953.710068,1788213953.722233,12.165,11.354
1788213953.726239,1788213953.729753,3.513,3.473
1788213953.726239,1788213953.737767,11.528,11.480
1788213953.740768,1788213953.746286,5.517,4.872
1788213953.740768,1788213953.754287,13.519,12.876
1788213953.757279,1788213953.761806,4.527,4.979
1788213953.757279,1788213953.769847,12.569,12.983
1788213953.771852,1788213953.777852,6.000,5.647
1788213953.771852,1788213953.785860,14.007,13.660
1788213953.787863,1788213953.793863,6.000,5.950
1788213953.787863,1788213953.801854,13.991,13.958
1788213953.804430,1788213953.810194,5.764,5.898
1788213953.804430,1788213953.818572,14.142,13.906
1788213953.819170,1788213953.825928,6.757,6.822
1788213953.819170,1788213953.833925,14.755,14.919
1788213953.834897,1788213953.842517,7.620,7.164
1788213953.849154,1788213953.850313,1.159,0.489
1788213953.849154,1788213953.857849,8.695,8.505
1788213953.865372,1788213953.866371,0.999,1.240
1788213953.865372,1788213953.874371,8.999,9.243
1788213953.881830,1788213953.881830,0.000,0.140
1788213953.881830,1788213953.890206,8.376,8.148
1788213953.896318,1788213953.897317,0.999,1.355
1788213953.896318,1788213953.906727,10.409,9.368
1788213953.912703,1788213953.914724,2.021,1.670
1788213953.912703,1788213953.922410,9.708,9.676
1788213953.927007,1788213953.930701,3.694,3.256
1788213953.927007,1788213953.938799,11.792,11.272
1788213953.942397,1788213953.946113,3.716,3.684
1788213953.942397,1788213953.954842,12.445,11.692
1788213953.957829,1788213953.962437,4.608,3.993
1788213953.957829,1788213953.970527,12.699,12.000
1788213953.974556,1788213953.978534,3.978,4.171
1788213953.974556,1788213953.986599,12.044,12.183
1788213953.991518,1788213953.994834,3.316,3.074
1788213953.991518,1788213954.002489,10.971,11.086
1788213954.005489,1788213954.010489,5.000,5.053
1788213954.005489,1788213954.018014,12.525,13.056
1788213954.020090,1788213954.026585,6.495,6.137
1788213954.020090,1788213954.035005,14.915,14.158
1788213954.035005,1788213954.042741,7.735,7.152
1788213954.035005,1788213954.049943,14.938,15.155
1788213954.052065,1788213954.058066,6.001,6.460
1788213954.066289,1788213954.066289,0.000,0.199
1788213954.066289,1788213954.074800,8.510,8.210
1788213954.082046,1788213954.082046,0.000,0.299
1788213954.082046,1788213954.091054,9.008,8.322
1788213954.098068,1788213954.098068,0.000,0.412
1788213954.098068,1788213954.106071,8.002,8.419
1788213954.114127,1788213954.114127,0.000,0.222
1788213954.114127,1788213954.122183,8.055,8.232
1788213954.129693,1788213954.130692,0.999,0.379
1788213954.129693,1788213954.138203,8.510,8.387
1788213954.145476,1788213954.146973,1.497,0.732
1788213954.145476,1788213954.154949,9.473,8.741
1788213954.160445,1788213954.162439,1.994,1.804
1788213954.160445,1788213954.170297,9.852,9.815
1788213954.176293,1788213954.178294,2.001,1.944
1788213954.176293,1788213954.186913,10.620,9.951
1788213954.191524,1788213954.194735,3.212,2.758
1788213954.191524,1788213954.202248,10.725,10.768
1788213954.207194,1788213954.210490,3.296,3.383
1788213954.207194,1788213954.218686,11.492,11.388
1788213954.222770,1788213954.225771,3.002,3.275
1788213954.222770,1788213954.234266,11.496,11.281
1788213954.238725,1788213954.242227,3.503,3.709
1788213954.238725,1788213954.250336,11.611,11.713
1788213954.254319,1788213954.258316,3.996,3.936
1788213954.254319,1788213954.266847,12.527,11.941
1788213954.269846,1788213954.274851,5.004,4.394
1788213954.269846,1788213954.282571,12.724,12.403
1788213954.285574,1788213954.290961,5.386,4.695
1788213954.285574,1788213954.298488,12.914,12.696
1788213954.300521,1788213954.306522,6.001,6.086
1788213954.300521,1788213954.314532,14.011,14.102
1788213954.316531,1788213954.322832,6.301,5.865
1788213954.316531,1788213954.330336,13.805,13.869
1788213954.332340,1788213954.338347,6.007,6.040
1788213954.332340,1788213954.346868,14.528,14.042
1788213954.347876,1788213954.354874,6.998,6.655
1788213954.347876,1788213954.362414,14.538,14.658
1788213954.363414,1788213954.370417,7.004,7.259
1788213954.363414,1788213954.378469,15.056,15.263
1788213954.379462,1788213954.386997,7.536,6.665
1788213954.379462,1788213954.395006,15.544,14.668
1788213954.395006,1788213954.402533,7.527,7.389
1788213954.410540,1788213954.410540,0.000,0.085
1788213954.410540,1788213954.419116,8.576,8.088
1788213954.426115,1788213954.427109,0.994,0.164
1788213954.426115,1788213954.434596,8.482,8.174
1788213954.441619,1788213954.442623,1.004,0.774
1788213954.441619,1788213954.450615,8.996,8.777
1788213954.457599,1788213954.459128,1.529,1.034
1788213954.457599,1788213954.467132,9.533,9.035
1788213954.474132,1788213954.475132,0.999,0.939
1788213954.474132,1788213954.483191,9.059,8.945
1788213954.488702,1788213954.490716,2.014,1.529
1788213954.488702,1788213954.499232,10.530,9.532
1788213954.505249,1788213954.507329,2.079,1.919
1788213954.505249,1788213954.515328,10.079,9.920
1788213954.519453,1788213954.522464,3.011,3.188
1788213954.519453,1788213954.530980,11.528,11.194
1788213954.534986,1788213954.538489,3.504,3.470
1788213954.534986,1788213954.547075,12.089,11.471
1788213954.552068,1788213954.555067,2.999,3.084
1788213954.552068,1788213954.562593,10.525,11.088
1788213954.566594,1788213954.570593,3.999,3.895
1788213954.566594,1788213954.579163,12.569,11.898
1788213954.581987,1788213954.587131,5.143,4.790
1788213954.581987,1788213954.594573,12.586,12.794
1788213954.597583,1788213954.602224,4.641,4.869
1788213954.597583,1788213954.610463,12.880,12.873
1788213954.614455,1788213954.618636,4.181,4.395
1788213954.614455,1788213954.627224,12.769,12.398
1788213954.628743,1788213954.634871,6.128,6.190
1788213954.628743,1788213954.643395,14.652,14.196
1788213954.643395,1788213954.651394,7.999,7.486
1788213954.643395,1788213954.659043,15.649,15.487
1788213954.659781,1788213954.667075,7.294,7.437
1788213954.674605,1788213954.675586,0.981,0.069
1788213954.674605,1788213954.683114,8.509,7.947
1788213954.690120,1788213954.691123,1.002,0.628
1788213954.690120,1788213954.699121,9.001,8.629
1788213954.705179,1788213954.707175,1.997,1.584
1788213954.705179,1788213954.714812,9.633,9.585
1788213954.720570,1788213954.723571,3.000,2.281
1788213954.720570,1788213954.730571,10.001,10.282
1788213954.736090,1788213954.738599,2.509,2.811
1788213954.736090,1788213954.746608,10.518,10.816
1788213954.751598,1788213954.754597,2.999,2.719
1788213954.751598,1788213954.763114,11.516,10.721
1788213954.767123,1788213954.771115,3.991,3.415
1788213954.767123,1788213954.779195,12.071,11.417
1788213954.783210,1788213954.787209,3.999,3.504
1788213954.783210,1788213954.795209,11.999,11.504
1788213954.799211,1788213954.803201,3.990,3.644
1788213954.799211,1788213954.811337,12.126,11.646
1788213954.814337,1788213954.818904,4.567,4.575
1788213954.814337,1788213954.827434,13.097,12.575
1788213954.829953,1788213954.834656,4.703,5.159
1788213954.829953,1788213954.842645,12.692,13.160
1788213954.845660,1788213954.851337,5.677,4.789
1788213954.845660,1788213954.859125,13.465,12.794
1788213954.862123,1788213954.867528,5.405,5.000
1788213954.862123,1788213954.875533,13.410,13.002
1788213954.877535,1788213954.883440,5.905,5.846
1788213954.877535,1788213954.890781,13.247,13.847
1788213954.891797,1788213954.898852,7.056,6.526
1788213954.891797,1788213954.906940,15.144,14.529
1788213954.907926,1788213954.914966,7.040,6.893
1788213954.923155,1788213954.923155,0.000,0.172
1788213954.923155,1788213954.930665,7.509,8.173
1788213954.937433,1788213954.939065,1.632,1.171
1788213954.937433,1788213954.947143,9.710,9.172
1788213954.952834,1788213954.954835,2.000,1.694
1788213954.952834,1788213954.963603,10.769,9.697
1788213954.969875,1788213954.970888,1.013,1.212
1788213954.969875,1788213954.979367,9.492,9.213
1788213954.984146,1788213954.987150,3.004,2.896
